Date,Symbol,Series,Mkt Cap (₹ Crores),AVOL(50),ADR(20),ATR(20),RPS,CMP,Change_1D,Change_1W,Change_10D,Change_15D,Change_1M,Change_3M,Change_6M,Change_9M,Change_12M,Change_20M,Momo_10D,Momo_1M,Momo_3M,Momo_6M,Momo_9M,Momo_12M,Gap_10D,6EMA_10D,10EMA_20D,21EMA_40D,50SMA_100D,Below_1M,Below_3M,Below_6M,Below_12M,Below_20M,NB_1M,NB_3M,NB_6M,NB_9M,NB_12M,NB_20M,Above_3M,Above_6M,Above_12M,Above_20M,NA_1M,NA_3M,NA_6M,NA_9M,NA_12M,NA_20M,RS_1M,RS_3M,RS_6M,RS_9M,RS_12M,Total_RS (CNX500),RS_score,NC_1M,NC_3M,NC_6M,NC_9M,NC_12M,NC_20M,NRS_1M,NRS_3M,NRS_6M,NRS_9M,NRS_12M,Total_NRS (CNX500),NRS_score
21-10-2025,NSE:MVKAGRO,ST,683.42,102048,1.11,2.08,1,580,0.00,5.56,7.67,14.35,23.93,64.26,90.41,93.49,91.65,NA,-1,-1,-1,HV2Q,HVQ,HVQ,-1,-1,1,-1,-1,0,0,0,0,NA,0,0,0,-12.71,-54.49,NA,174.36,948.82,1692.89,NA,28.89,215.37,540.8,72.02,1.89,NA,22.78,62.66,83.36,84.88,91.29,4.091977,99,,,,,,,22.78,52.55,67.62,30.49,-19.32,1.440218,99
21-10-2025,NSE:POLYSIL,ST,500.96,134080,1.36,2.35,1,278.05,-1.99,2.01,3.97,11.65,21.51,65.53,89.68,90.04,88.47,NA,-1,-1,-1,HV2Y,HV2Y,-1,-1,-1,1,-1,-1,-3.62,-3.62,-3.62,-3.62,NA,-3.62,0,0,-21.15,-48.94,NA,184.45,850.6,1791.5,NA,24.91,234.48,552.04,95.24,3.36,NA,20.36,63.93,82.63,81.43,88.11,3.336395,99,,,,,,,20.36,55.62,64.53,1.8,-6.68,1.38819,99
21-10-2025,NSE:BGRENERGY,BE,1908.53,500407,3.65,5.55,0,445.18,5.00,16.9,34.88,46.98,40.59,77.28,80.92,71.07,89.9,78.41,-1,-1,HV2Q,-1,HVQ,HV2Y,-1,0,9,-1,-1,0,0,0,0,0,0,-0.25,-30.24,-41.41,0,-60.57,359.85,399.08,1178.15,1179.25,97.84,173.19,41.67,143.93,270.09,29.17,39.44,75.68,73.87,62.46,89.54,2.71373,99,,,,,,,39.44,61.3,10.48,-53.27,74.12,1.410586,99
21-10-2025,NSE:AKIKO,ST,284.32,35648,4.07,5.03,5,252,5.00,-2.38,-0.02,-4.17,-3.69,70.62,65.46,68.47,68.27,NA,-1,-1,HVQ,-1,-1,-1,-1,-1,-1,8,-1,-3.52,-3.52,-3.52,-3.52,NA,-8.11,0,-19.86,-6.75,-14.89,NA,288.83,288.83,289.12,NA,5,283.98,8.9,37.3,25.32,NA,-4.84,69.02,58.41,59.86,67.91,1.78001,99,,,,,,,-4.84,71.2,-23.09,7.05,8.39,1.30329,99
21-10-2025,NSE:INDOTHAI,EQ,2502.25,882131,5.43,5.82,1,427.55,-3.53,4,23.69,37.04,50.71,51.21,53.55,50.91,78.27,91.99,-1,2,HVQ,-1,HV2Y,HV2Y,-1,1,0,-1,-1,-5.5,-5.5,-5.5,-5.5,-5.5,-5.5,-0.6,-1.61,-5.41,0,0,189,189,351.22,1613.97,93.81,42.46,26.38,696.07,741.33,272.42,49.56,49.61,46.5,42.3,77.91,1.690119,99,,,,,,,49.56,0.56,-0.73,-7.37,64.75,1.221036,99
21-10-2025,NSE:STALLION,EQ,1550.81,3649524,10.08,10.19,1,355.3,-5.00,-1.04,16.1,35.39,44.66,67.57,79.63,NA,NA,NA,HV2Y,HV2Y,HVQ,HVQ,-1,-1,-1,-1,5,-1,-1,-14.25,-14.25,-14.25,NA,NA,-14.25,-5.27,-8.55,NA,NA,NA,212.57,455.07,NA,NA,75.85,161.77,86.55,NA,NA,NA,43.51,65.97,72.58,0,0,1.672267,99,,,,,,,43.51,40.94,31.67,98.32,9.02,1.237987,99
21-10-2025,NSE:CUPID,EQ,5758.62,3740617,4.02,3.96,1,250.69,-0.52,0.49,14.24,12.29,14.4,41.64,70.47,71.11,68.5,61.59,-1,-1,HV2Y,HV2Q,HV2Q,-1,-1,-1,-1,2,-1,-1.24,-1.24,-1.24,-1.24,-1.24,-1.24,0,-0.31,-29.93,-47,-42.21,70.33,242.61,335.98,335.98,16.75,131.81,154.45,28.75,4.17,0,13.25,40.04,63.42,62.5,68.14,1.6664,99,,,,,,,13.25,31.36,43.87,0.48,-0.01,1.157691,99
21-10-2025,NSE:UNITEDPOLY,BE,920.36,182482,5.25,6.24,6,44.19,-1.10,2.33,5.14,-6.68,9.26,53.07,63.92,64.45,73.75,77.48,-1,-1,HV2Q,HV2Q,HV2Y,HV2Y,-1,-1,-1,-1,-1,-10.96,-10.96,-10.96,-10.96,-10.96,-10.96,-4.64,-5.81,-10.85,-4.22,-16.27,103.08,187.88,319.5,447.24,5.42,114.32,71.83,91.4,94.53,43.65,8.11,51.47,56.87,55.84,73.39,1.647794,99,,,,,,,8.11,47.82,17.6,-0.21,35.17,1.180748,99
21-10-2025,NSE:SUMEETINDS,BE,1462.66,361579,8.23,8.18,0,38.99,2.63,13.11,3.51,15.26,28.75,34.82,60.3,73.33,64.09,44.6,-1,-1,-1,-1,-1,HV2Y,-1,-1,-1,-1,-1,0,0,0,0,0,0,-1.21,-9.63,-25.43,-64.38,-52.05,86.48,248.37,399.87,399.87,34.78,125.19,225.79,98.46,23.81,66.67,27.6,33.22,53.25,64.72,63.73,1.594823,99,,,,,,,27.6,8.06,33.55,31.14,-25.6,1.138903,99
21-10-2025,NSE:TERASOFT,BE,560.03,18970,1,2.33,2,474.35,2.00,9.4,-0.2,2.99,5.64,30.52,52.5,54.82,81.48,86.75,-1,-1,HVQ,-1,HVQ,HV2Y,-1,-1,-1,6,-1,-2.85,-2.85,-2.85,-2.85,-2.85,-2.85,0,0,-15.07,-1.81,-7.02,67.73,128.49,554.37,942.53,10.38,72.12,97.07,232.99,371.03,93.12,4.49,28.92,45.45,46.21,81.12,1.565951,99,,,,,,,4.49,25.9,26.11,3.19,68.02,1.202206,99
21-10-2025,NSE:APRAMEYA,SM,538.17,24660,5.22,5.38,3,259,0.97,-1.1,-10.15,-9.73,-9.13,39.38,61.99,55.77,75.48,NA,-1,-1,HVQ,HVQ,-1,-1,-1,-1,-1,-1,15,-10.69,-10.69,-10.69,-10.69,NA,-10.69,-0.3,-12.97,-18.67,-3.62,NA,70.39,172.63,362.5,NA,5.52,85.95,73.96,75.8,104.55,NA,-10.28,37.78,54.94,47.16,75.12,1.526254,99,,,,,,,-10.28,43.99,31.76,-18.03,53.59,1.186719,99
21-10-2025,NSE:MAHASTEEL,EQ,637.82,53404,4.93,5.14,0,567.05,0.12,4.13,17.15,27.22,31.36,35.12,56.17,65.73,61.56,77.69,-1,HVY,HVY,HVQ,HV2Q,HV2Y,-1,4,1,-1,-1,-0.91,-0.91,-0.91,-0.91,-0.91,-0.91,-3.14,0,-7.45,-13.47,-0.68,72.57,131.73,206.46,490.06,45.73,18.46,98.83,149.62,102.23,126.85,30.21,33.52,49.12,57.12,61.2,1.496895,99,,,,,,,30.21,5.02,26.91,20.13,-3.15,1.119901,99
21-10-2025,NSE:ARIHANTACA,SM,239.18,6240,4.1,4.71,3,512,0.00,3.32,16.79,21.88,22.87,46.29,51.17,58.01,68.25,78.13,-1,-1,HV2Q,-1,-1,HV2Y,-1,-1,10,-1,-1,0,0,0,0,0,0,-1.26,-14.66,-0.95,-6.32,-15.12,86.18,113.33,220,378.5,29.88,44.47,37.5,109.29,100.93,51.92,21.72,44.69,44.12,49.4,67.89,1.490826,99,,,,,,,21.72,29.9,3.56,12.32,33.42,1.135988,99
21-10-2025,NSE:KAVDEFENCE,BE,219.35,249522,3.58,6.16,0,118.01,-0.65,-11.83,-7.06,-25.19,6.56,52.93,62.35,55.3,54.48,86.27,-1,-1,HVY,HV2Q,-1,HV2Y,-1,-1,-1,9,-1,-23.92,-23.92,-23.92,-23.92,-23.92,-23.92,0,-16.69,-32.62,-20,0,121.41,180.91,238.72,1056.96,3.51,146.8,32.23,59.76,417.16,426.67,5.41,51.33,55.3,46.69,54.12,1.464946,99,,,,,,,5.41,49.16,14.49,-20.41,7.18,1.135878,99
21-10-2025,NSE:DPEL,ST,598.16,76380,2.25,2.69,3,267,0.00,0.28,7.87,11.22,10.21,45.71,49.31,46.84,73.09,NA,-1,-1,HVQ,HVQ,HVQ,-1,-1,-1,6,-1,-1,-4.37,-4.37,-4.37,-4.37,NA,-4.37,-3.89,-10.14,-16.09,-7.7,NA,115.93,115.93,293.23,NA,16.95,93.89,55.11,99.34,109.06,NA,9.06,44.11,42.26,38.23,72.73,1.458189,99,,,,,,,9.06,39.08,1.09,-6.56,58.4,1.168418,99
21-10-2025,NSE:OSELDEVICE,ST,1026.54,22800,3.14,3.9,3,605,1.17,0.54,11.49,-0.17,-5.2,45.44,63.98,49.35,63.58,NA,-1,-1,HV2Q,HV2Q,2,2,-1,-1,-1,-1,3,-4.48,-6.84,-6.84,-6.84,NA,-4.48,-1.99,-7.08,-35.3,-9.01,NA,107.3,195.19,241.33,NA,12.98,132.45,68.55,23.42,73.58,NA,-6.35,43.84,56.93,40.74,63.22,1.442654,99,,,,,,,-6.35,47.67,28.46,-42.32,37.12,1.156085,99
21-10-2025,NSE:APOLLO,EQ,11453.5,16236871,4.61,4.52,3,298.3,3.27,-0.92,-10.83,-10.59,-15.29,39.47,60.27,57.12,66.47,61.45,-1,-1,HV2Y,EEP,EEP,EEP,-1,-1,-1,-1,-1,-12.97,-13.26,-13.26,-13.26,-13.26,-12.97,0,-15.63,-21.66,-9.32,-29.1,75.53,166.96,227.01,227.01,3.27,102.37,70.25,29.92,40.22,4.94,-16.44,37.87,53.22,48.51,66.11,1.436197,99,,,,,,,-16.44,47.04,28.83,-9.61,30.83,1.153999,99
21-10-2025,NSE:GABRIEL,EQ,18961,513174,4.63,4.6,3,1281.6,-1.00,4.92,-2.39,4.87,-0.09,23.54,55.14,65.22,65.02,72.54,-1,-1,-1,EEP,EEP,EEP,-1,-1,-1,-1,7,-2.64,-2.7,-2.7,-2.7,-2.7,-2.64,-2.62,-11.72,-3.75,-18.71,-18.25,30.2,138.88,222.62,361.42,8.48,116.6,146.67,44.73,60.49,61.39,-1.24,21.94,48.09,56.61,64.66,1.422922,99,,,,,,,-1.24,23.15,35.8,20.79,8.46,1.122351,99
21-10-2025,NSE:IZMO,BE,1573.96,332911,5.37,6.57,4,889.3,1.58,-11.67,-23.24,-44.08,-18.84,53.17,64.91,45.11,53.82,65.82,-1,-1,HV2Y,-1,HVQ,HV2Y,-1,-1,-1,-1,-1,-34.06,-34.06,-34.06,-34.06,-34.06,-34.06,0,-12.72,-50.77,-22.99,-23,147.44,224.5,267.86,267.86,1.58,195.29,72.26,29.08,96.3,65.17,-19.99,51.57,57.86,36.5,53.46,1.416899,99,,,,,,,-19.99,60.14,19.54,-58.1,24.88,1.181367,99
21-10-2025,NSE:KCK,SM,238.19,326350,8.19,8.41,5,36.45,1.53,-3.43,-7,-1.65,2.61,-15.5,78.88,61.29,-30.7,86.42,-1,HVY,-1,HVQ,HV2Q,HV2Y,-1,-1,-1,-1,-1,-16.97,-26.06,-26.06,-43.05,-43.05,-16.97,-27.99,-12.2,-87.97,-77.95,-6.39,17.96,425.97,425.97,683.87,17.96,0,507.5,2.53,203.44,924.52,1.46,-17.1,71.83,52.68,-31.06,1.407963,99,,,,,,,1.46,-19.05,76.18,-84.93,-228.61,1.278999,99
21-10-2025,NSE:KRISHANA,EQ,3386.3,208634,4.99,4.88,3,587.7,0.58,5.44,15.1,21.28,6.94,14.65,53.94,64.76,61.58,62.37,-1,-1,-1,HV2Y,HV2Q,HV2Y,-1,-1,-1,-1,-1,0,-2.37,-2.37,-2.37,-2.37,0,-9.15,-4.95,-6.21,-32.39,-26.29,32.71,116.48,224.93,224.93,32.71,31.09,177.33,49.68,13.8,8.64,5.79,13.05,46.89,56.15,61.22,1.388365,99,,,,,,,5.79,7.82,40.5,21.82,0,1.113186,98
21-10-2025,NSE:PRAMARA,ST,301.71,56540,3.5,3.55,0,312.2,0.77,3.59,8.79,11.37,11.39,35.22,52.45,57.72,54.2,54.02,-1,-1,-1,HVQ,HVQ,HV2Y,-1,-1,10,-1,-1,-0.19,-0.19,-0.19,-0.19,-0.19,-0.19,0,-1.1,-19.76,-28.65,-22.7,53.68,111.3,200.77,265.15,13.12,56.12,94.85,43.02,54.39,67.25,10.24,33.62,45.4,49.11,53.84,1.363328,99,,,,,,,10.24,26.43,21.07,9.4,0.69,1.096215,97
21-10-2025,NSE:PURPLEUTED,ST,409.91,14900,4.37,5.13,1,510.65,-0.26,0.07,13.82,14.49,16.47,23.63,61.09,67.88,NA,NA,-1,-1,-1,HVQ,-1,-1,-1,-1,-1,-1,11,-0.26,-0.26,-0.26,NA,NA,-0.26,-12.95,0,-13.57,NA,NA,53.33,153.74,NA,NA,28.92,30.84,216.69,61.35,NA,NA,15.32,22.03,54.04,59.27,0,1.360294,99,,,,,,,15.32,8.11,43.52,15.78,109.02,1.136341,99
21-10-2025,NSE:NETWEB,EQ,18537.15,2962008,6.85,6.62,3,3895,-0.07,0.48,-11.64,7.96,15.8,51.32,61.48,37,33.41,65.65,-1,HV2Y,EEP,EEP,HVQ,HVQ,-1,-1,-1,4,-1,-10.67,-10.67,-10.67,-10.67,-10.67,-10.67,0,-18.91,-49.34,-17.13,-6.91,113.13,175.97,190.54,193.56,14.01,86.18,41.44,11.91,84.96,95.49,14.65,49.72,54.43,28.39,33.05,1.358617,99,,,,,,,14.65,41.72,15.35,-65.26,3.33,1.097023,97
21-10-2025,NSE:IFBAGRO,EQ,737.19,15668,6.1,6.27,0,1122.35,7.90,17.58,19.22,25.95,29.7,32.2,56.47,47.25,48.03,58.28,HVQ,HVQ,-1,HVQ,-1,HVQ,-1,-1,-1,-1,22,0,0,0,0,0,0,-14.17,-7.58,-19.99,-3.04,-4.47,49.65,138.85,150.47,185.44,44.79,13.15,69.81,9.03,50.57,48.35,28.55,30.6,49.42,38.64,47.67,1.34826,99,,,,,,,28.55,3.11,30.26,-22.87,10.5,1.089373,97
21-10-2025,NSE:MEGASOFT,EQ,1156.64,253630,5.23,5.41,5,160.45,4.97,8.88,3.22,5.14,2.44,31.61,58.12,45.75,60.75,58.93,-1,-1,-1,HVQ,HV2Q,HV2Y,-1,-1,-1,-1,0,-5.6,-5.6,-5.6,-5.6,-5.6,-5.6,-3.47,0,-37.1,-18.52,-37.31,52.81,157.42,227.05,227.05,10.21,74.52,123.66,36.98,72.02,24.45,1.29,30.01,51.07,37.14,60.39,1.347123,99,,,,,,,1.29,29.44,33.23,-31.2,36.67,1.117819,98
21-10-2025,NSE:SOMATEX,BE,215.38,33210,5.11,5.88,0,99.04,4.99,15.48,28,29.92,34.3,4.02,51.88,57.4,53.98,76.47,-1,-1,HV2Q,HVQ,HV2Y,HV2Y,-1,-1,-1,-1,-1,0,-5.5,-5.5,-5.5,-5.5,0,-37.91,0,-27.57,-35.88,-11.65,52.21,134.8,170.75,347.13,49.81,51.57,159.87,43.55,110.42,127.33,33.15,2.42,44.83,48.79,53.62,1.345621,99,,,,,,,33.15,-46.55,44.33,9.8,0.98,1.115886,98
21-10-2025,NSE:MCLEODRUSS,EQ,392.54,1147582,5.2,6.54,0,63.94,4.99,21.63,18.8,42.32,41.34,39.87,41.02,39.1,52.27,55.35,-1,2,HV2Q,HV2Q,HV2Y,HV2Y,-1,3,-1,-1,-1,0,0,0,0,0,0,-14.3,-9.23,-27.24,-24.87,-17.62,80.16,109.98,143.12,196.71,74.18,16.02,36.88,52.92,80.7,41.62,40.19,38.27,33.97,30.49,51.91,1.34505,99,,,,,,,40.19,-2.97,-3.61,-4.94,30.64,1.101975,98
21-10-2025,NSE:IXIGO,EQ,11155.78,4707167,5.22,5.14,1,327.8,-0.20,5.34,5.22,15.99,13.16,32.64,54.14,56.17,50.04,NA,-1,-1,EEP,EEP,HVQ,HVQ,-1,-1,-1,-1,7,-2.31,-2.31,-2.31,-2.31,NA,-2.31,-11.54,0,-16.96,-22.27,NA,53.26,127.56,161.95,NA,23.6,72.12,76.46,20.14,5.97,NA,12.01,31.04,47.09,47.56,49.68,1.344976,99,,,,,,,12.01,21.96,26.39,2.74,-4.95,1.088302,97
21-10-2025,NSE:KARNIKA,SM,1153.15,65660,3.41,3.71,6,180.7,0.00,1.63,6.89,1.49,-4.59,21.15,30.83,58.78,69.45,84.5,-1,-1,-1,HV2Q,HV2Q,HV2Y,-1,-1,-1,-1,27,-2.85,-19.31,-19.31,-19.31,-19.31,-2.85,-15.61,0,-7.69,-2.87,-16.36,36.07,52.09,259.82,610.58,7.4,49.76,111.52,156.71,192.88,117.07,-5.74,19.55,23.78,50.17,69.09,1.33743,98,,,,,,,-5.74,24.15,6.75,38.73,34.91,1.130343,99
21-10-2025,NSE:VOLERCAR,ST,252.9,42400,1.36,2.45,0,227.7,4.93,-1.01,-4.04,0.31,7.03,61.97,62.71,NA,NA,NA,-1,-1,HVQ,-1,-1,-1,-1,-1,-1,6,-1,-1.51,-1.51,-1.51,NA,NA,-4.73,0,-22.47,NA,NA,NA,150.43,186.03,NA,NA,5.47,157.23,7.98,NA,NA,NA,5.88,60.37,55.66,0,0,1.335407,98,,,,,,,5.88,58.63,-3.57,98.32,9.02,1.188869,99
21-10-2025,NSE:TFCILTD,EQ,3342.7,6996201,1.93,1.92,2,73.42,1.42,0.05,-2.51,1.8,1.39,23.29,48.32,58.44,59.37,49.4,-1,-1,HVQ,HVY,HVQ,HV2Y,-1,-1,-1,6,-1,-3.05,-3.05,-3.05,-3.05,-3.05,-3.05,-0.63,-3.39,-0.86,-41,-42.32,33.56,95.84,186.51,186.51,1.83,57.62,119.78,48.05,11.8,0.87,0.24,21.69,41.27,49.83,59.01,1.329366,98,,,,,,,0.24,21.75,27.1,17.89,11.25,1.100155,98
21-10-2025,NSE:BHARATSE,EQ,969.32,314574,7.13,7.35,1,228.31,2.06,15.01,5.55,21.68,32.56,52.18,63.76,NA,NA,NA,-1,-1,HVQ,HV2Y,-1,-1,-1,-1,5,-1,-1,-2.75,-2.75,-2.75,NA,NA,-2.75,-10.51,-3.76,NA,NA,NA,118.44,205.88,NA,NA,41.97,53.01,50.04,NA,NA,NA,31.41,50.58,56.71,0,0,1.32598,98,,,,,,,31.41,28.64,18.67,98.32,9.02,1.13681,99
21-10-2025,NSE:LUMAXIND,EQ,4075.61,35840,4.69,4.63,2,5264.5,2.52,8.76,2.79,5.88,16.99,26.69,50.61,54.75,50.68,57.07,-1,-1,HV2Y,-1,-1,-1,-1,-1,-1,2,-1,-0.78,-0.78,-0.78,-0.78,-0.78,-0.78,-0.52,-1.39,-12.31,-19.73,-12.51,59.76,126.63,153.25,153.25,23.15,35.65,85.65,25.08,10,19.89,15.84,25.09,43.56,46.14,50.32,1.319153,98,,,,,,,15.84,11.23,27.1,6.71,0.03,1.083678,96
21-10-2025,NSE:JAYNECOIND,EQ,6758.15,25235167,4.42,4.46,6,74.15,1.12,3.24,-0.12,7.66,6.16,49.27,50.06,48.39,37.15,19.96,-1,-1,HV2Y,HVQ,HV2Y,HVQ,-1,-1,-1,11,-1,-0.12,-0.12,-0.12,-0.12,-0.12,-0.12,-5.74,-26.48,-31.36,-38.72,-25.38,107.01,110.12,155.25,155.25,10.18,97.17,29.5,27.47,0.53,7.37,5.01,47.67,43.01,39.78,36.79,1.319101,98,,,,,,,5.01,45.47,-3.96,-5.03,-12.75,1.096878,97
21-10-2025,NSE:NACLIND,BE,4769.74,234530,4.95,5.18,5,206.85,5.00,1.29,0.26,-1.38,-14.36,-52.43,-1.14,67.85,74.25,66.23,-1,-1,-1,HV2Y,HV2Y,HV2Y,-1,-1,-1,-1,-1,-10.24,-36.02,-36.02,-36.02,-36.02,-10.24,-26.83,0,0,-14.97,-31.91,5.14,25.78,314.94,314.94,5.14,32.74,456.59,319.66,33.42,1.6,-15.51,-54.03,-8.19,59.24,73.89,1.316708,98,,,,,,,-15.51,-33.76,28.12,66.53,28.94,1.200912,99
21-10-2025,NSE:FORCEMOT,EQ,24501.88,107867,3.86,3.79,4,17568,0.20,5.42,9.42,3.49,-5.81,2.05,48.17,62.44,60.27,79.91,-1,-1,HV2Y,HV2Y,HV2Y,HV2Y,-1,-1,-1,-1,-1,-3.45,-19.77,-19.77,-19.77,-19.77,-3.45,-15.11,0,-4.02,-33.69,-29.84,14.8,97.08,182.92,424.05,14.8,35.51,173.36,46.64,96.81,108.22,-6.96,0.45,41.12,53.83,59.91,1.311885,98,,,,,,,-6.96,6.97,41.56,25.86,3.22,1.107474,98
21-10-2025,NSE:VIVIANA,ST,915.65,14135,6.38,6.5,0,1742.25,2.70,5.48,-1.02,5.55,16.27,30.15,50.54,44.9,55.23,91.38,-1,HVQ,-1,HVQ,-1,HV2Y,-1,-1,-1,2,-1,-1.01,-1.01,-1.01,-1.01,-1.01,-1.01,0,-11.48,-25.43,-16.93,-28.9,53.98,110.12,176.79,1053.81,11.57,28.94,93.34,36.91,566.67,441.67,15.12,28.55,43.49,36.29,54.87,1.307107,98,,,,,,,15.12,16.12,23.66,-13.08,27.77,1.090884,97
21-10-2025,NSE:ABINFRA,EQ,1224.88,983506,4.5,4.5,5,18.12,-2.89,-6.32,-8.83,-2.62,-5.81,5.5,55.99,55.49,59.58,76.35,-1,-1,-1,HV2Y,-1,-1,-1,-1,-1,-1,-1,-10.58,-17.52,-17.52,-17.52,-17.52,-10.58,-12.74,-1.55,-22.58,-12.16,-8.46,3.16,131.21,151.99,340.54,0,25.14,138.14,69.52,96.53,78.46,-6.96,3.9,48.94,46.88,59.22,1.307017,98,,,,,,,-6.96,10.22,47.9,-2.83,18.21,1.112377,98
21-10-2025,NSE:ATALREAL,BE,217.59,2119711,4.53,4.48,0,24.77,2.95,7.79,9.53,14.98,20.67,23.66,35.73,46.31,63.95,41.55,-1,-1,-1,HV2Q,HV2Y,HV2Y,-1,-1,9,-1,-1,0,0,0,0,0,0,-5.8,-9.35,-0.06,-19.15,-45.72,34.62,80.54,174.92,275.88,20.24,6.79,66.46,141.58,101.82,35.51,19.52,22.06,28.68,37.7,63.59,1.304146,98,,,,,,,19.52,3.31,10.28,14.78,41.88,1.105136,98
21-10-2025,NSE:SEJALLTD,EQ,803.96,10978,4.88,5.45,2,853.2,5.00,7.62,9.39,12.76,5.8,45.02,53.09,35.15,47.44,70.94,-1,-1,HVY,HVQ,HVQ,HV2Y,-1,-1,-1,6,-1,0,0,0,0,0,0,0,-19.13,-41,-18.43,-4.62,82.8,133.75,166.79,241.28,20.36,72.69,46.67,26.49,123.78,81.35,4.65,43.42,46.04,26.54,47.08,1.300031,98,,,,,,,4.65,41.18,9.15,-39.94,27.98,1.102578,98
21-10-2025,NSE:PRIZOR,ST,328.22,22800,3.87,4.77,1,344.4,0.29,5.1,-0.33,13.24,10.87,31.74,54.89,41.09,50.51,NA,-1,-1,-1,-1,-1,-1,-1,-1,-1,8,-1,-3.39,-3.39,-3.39,-3.39,NA,-3.39,-6.1,-5.88,-30.77,-9.58,NA,45.01,162.4,227.22,NA,27.06,61.34,123.37,47.6,61.67,NA,9.72,30.14,47.84,32.48,50.15,1.293312,98,,,,,,,9.72,22.95,28.39,-32.29,25.01,1.089484,97
21-10-2025,NSE:PROZONER,EQ,740.12,2888096,6.35,6.61,2,59.48,0.42,0.74,2.45,16.02,18.85,35.1,44.18,37.91,56.42,37.63,-1,HV2Y,HV2Q,HV2Q,HVQ,HV2Y,-1,-1,7,-1,-1,-9.93,-9.93,-9.93,-9.93,-9.93,-9.93,-2.09,-7.59,-18.43,-14.41,-39.93,54.77,83.07,172.47,172.47,22.72,37.99,36.93,52.08,69.17,8.41,17.7,33.5,37.13,29.3,56.06,1.292366,98,,,,,,,17.7,19.57,8.46,-12.91,38.83,1.094923,97
21-10-2025,NSE:JINDALPHOT,EQ,1169.45,24360,5.67,6.09,3,1449.7,0.91,-2.99,20.95,23.99,21.55,36.83,42.68,47.19,45.7,59.58,HVY,HVY,HVQ,HVQ,HVQ,HV2Y,4.56,4,-1,-1,-1,-6.8,-6.8,-6.8,-6.8,-6.8,-6.8,-7.93,-11.35,-15.76,-22.38,-15.2,76.78,76.78,168.26,168.26,31.73,38.69,69.47,53.76,40.49,44.45,20.4,35.23,35.63,38.58,45.34,1.289651,98,,,,,,,20.4,19.02,3.74,6.18,6.2,1.076287,96
21-10-2025,NSE:GMBREW,EQ,1640.41,970836,7.47,7.29,0,1189.5,2.21,15.52,37.94,40.69,39.87,38.85,41.16,38.62,28.98,57.46,HV2Y,HV2Y,-1,HV2Q,-1,HV2Y,-1,-1,-1,-1,-1,0,0,0,0,0,0,-5.98,-8.42,-29.4,-26.34,-14.78,76.79,83.04,97.46,154.51,69.35,6.3,20.75,16.18,56.23,80.75,38.72,37.25,34.11,30.01,28.62,1.285222,98,,,,,,,38.72,-2.16,-1.74,-6.01,-6.68,1.067826,95
21-10-2025,NSE:INM,SM,434.41,14586,2.93,3.41,0,665,-0.30,9.62,2.56,10.53,6.8,24.81,31.88,53.38,60.74,NA,-1,-1,-1,HV2Q,HVQ,HVQ,-1,-1,-1,-1,16,-0.3,-0.3,-0.3,-0.3,NA,-0.3,0,-5.66,0,-11.73,NA,35.71,59.15,155.77,NA,11.76,26.49,73.61,81.49,36.17,NA,5.65,23.21,24.83,44.77,60.38,1.283621,98,,,,,,,5.65,18.87,3.87,29.89,24.79,1.099868,97
21-10-2025,NSE:ACUTAAS,EQ,12075.67,346795,4.29,4.25,1,1788.6,1.42,16.31,21.64,24.62,18.48,33.38,38.74,42.63,54.18,70.69,-1,-1,EEP,EEP,EEP,HV2Y,-1,-1,-1,-1,-1,0,0,0,0,0,0,-3.05,-9.27,-16.57,-12.31,-6.05,55.79,67.19,142.34,250.72,35.73,34.21,26.64,79.58,101.2,60.69,17.33,31.78,31.69,34.02,53.82,1.276231,98,,,,,,,17.33,17.82,2.51,4.68,29.15,1.086142,97
21-10-2025,NSE:ZOTA,EQ,4395.49,96169,4.34,4.27,0,1605.1,2.64,7.21,6.29,12.75,9.96,25.36,45.23,36.44,61.46,69.99,-1,-1,HV2Y,HV2Y,HV2Y,HV2Y,-1,-1,-1,-1,5,0,0,0,0,0,0,-5.06,-7.26,-13.82,0,-10.58,35.78,95.09,193.01,256.57,14.61,55.12,56.96,60.49,126.62,37.41,8.81,23.76,38.18,27.83,61.1,1.274589,98,,,,,,,8.81,16.65,21.09,-17.72,48.39,1.10526,98
21-10-2025,NSE:AGIIL,EQ,2890.48,1158793,7.49,7.3,0,268.9,-0.22,12.61,1.36,6.02,12.5,22.82,39.64,38.45,63.48,NA,-1,-1,HV2Y,HVQ,HV2Y,HV2Y,4.51,-1,-1,12,-1,-6.6,-6.6,-6.6,-6.6,NA,-6.6,-0.96,-2.74,-13.19,-11.47,NA,28.29,81.03,184.58,NA,14.43,24.76,47.63,105.29,109.36,NA,11.35,21.22,32.59,29.84,63.12,1.273553,98,,,,,,,11.35,11.33,16.27,-3.66,49.68,1.105953,98
21-10-2025,NSE:PARIN,SM,561.24,13860,4.49,4.58,2,559.65,3.72,5.32,4.35,5.6,9.8,37.48,32.99,37.64,59.68,84.1,-1,-1,-1,-1,-1,-1,-1,-1,-1,5,-1,0,0,0,0,0,0,-0.78,-12.96,-6.24,-1.69,-4.99,54.26,72.78,166.56,766.33,13.31,55.85,8.03,183.88,440.25,249.3,8.65,35.88,25.94,29.03,59.32,1.271732,97,,,,,,,8.65,30.23,-12.7,5.25,44.36,1.107875,98
21-10-2025,NSE:AXISCADES,EQ,7194,115479,5.32,5.16,4,1507.5,0.18,-2.52,-11.63,-9.67,-11.69,9.59,43.3,50.64,64.86,49.84,-1,-1,-1,HVQ,HVQ,EEP,-1,-1,-1,-1,26,-14.56,-14.56,-14.56,-14.56,-14.56,-14.56,-0.23,-7.96,-11.28,-8.03,-33.81,27.95,96.24,250.42,250.42,0.18,42.91,109.92,98.68,72.98,17.71,-12.84,7.99,36.25,42.03,64.5,1.27149,97,,,,,,,-12.84,18.59,31.76,11.25,37.83,1.109015,98
21-10-2025,NSE:LUMAXTECH,EQ,7584.59,233355,5.6,5.49,6,1188.1,1.11,4.08,-5.93,-11.33,5.93,3.71,53.4,52.44,51.8,67.27,-1,HVQ,-1,HVY,HV2Q,EEP,-1,-1,-1,-1,-1,-10.18,-10.18,-10.18,-10.18,-10.18,-10.18,-9.94,-2.77,-17.73,-16.03,-3.45,19.77,133.3,150.13,185.81,7.74,12.66,140.84,16.55,48.17,50.16,4.78,2.11,46.35,43.83,51.44,1.266482,97,,,,,,,4.78,-2.82,46.08,-3.75,7.67,1.092881,97
21-10-2025,NSE:LEMERITE,SM,961.01,52816,3.95,4.01,0,472.75,-0.18,2.02,6.24,8.86,16.49,29.35,39.61,38.39,57.46,88.07,-1,-1,-1,-1,-1,HV2Y,-1,7,1,-1,-1,-3.81,-3.81,-3.81,-3.81,-3.81,-3.81,0,-1.45,-9.94,-0.78,-4.22,47.85,64.66,133.23,749.51,19.7,36.73,16.99,89.51,471.64,294.7,15.34,27.75,32.56,29.78,57.1,1.266245,97,,,,,,,15.34,14.94,8.99,-3.69,39.97,1.091528,97
21-10-2025,NSE:VMARCIND,SM,1073.41,27165,5.89,5.9,1,609.7,0.42,8.92,28.92,26.85,27.42,28.62,55.73,34.39,31.48,71.51,HVQ,HVQ,HV2Q,HVQ,HVQ,HV2Y,-1,-1,-1,-1,-1,-0.44,-0.44,-0.44,-0.44,-0.44,-0.44,-12.95,-4.81,-45.38,-19.05,-14.73,44.21,121.51,204.39,731.79,44.21,47.92,117.27,56.83,445.7,469.92,26.27,27.02,48.68,25.78,31.12,1.264292,97,,,,,,,26.27,1.19,32.45,-49.88,4.58,1.068663,95
21-10-2025,NSE:COMSYN,EQ,621.26,287300,2.81,2.77,5,155.2,1.23,-1.97,2.15,0.94,-0.09,15.84,46.15,48.67,58.25,42.82,-1,-1,HV2Y,HVQ,HV2Y,HV2Y,-1,-1,-1,-1,3,-2.08,-2.08,-2.08,-2.08,-2.08,-2.08,-0.07,-4.55,-5.97,-19.66,-34.64,20.7,85,159.88,181.77,2.19,23.88,97.91,51.72,44.63,17.65,-1.24,14.24,39.1,40.06,57.89,1.262492,97,,,,,,,-1.24,15.45,30.49,3,27.67,1.091635,97
21-10-2025,NSE:KRISHIVAL,BE,1049.21,17374,2.46,2.52,2,502.8,2.90,6.27,3.67,7.12,6.4,20.68,55.45,40.33,49.98,39.04,-1,-1,-1,HV2Q,-1,-1,-1,-1,-1,5,-1,0,0,0,0,0,0,0,-3.86,-31.08,-7.69,-18.6,39.67,126.38,133.86,133.86,9.54,30.72,79.56,4.19,39.53,9.35,5.25,19.08,48.4,31.72,49.62,1.260661,97,,,,,,,5.25,14.8,38.3,-35.61,25.19,1.088977,97
21-10-2025,NSE:PANACHE,EQ,452.64,56907,3.9,4.97,3,403,-1.99,-6.29,-11.59,2.43,26.24,37.73,39.44,23.82,51.39,82.78,-1,-1,-1,-1,-1,HV2Y,-1,-1,-1,5,-1,-13.65,-13.65,-13.65,-13.65,-13.65,-13.65,0,-26.19,-28.22,-0.31,0,67.95,129.22,147.88,526.26,26.98,51.89,42.75,93.69,377.08,204.41,25.09,36.13,32.39,15.21,51.03,1.26037,97,,,,,,,25.09,15.11,-2.78,-27.47,45.21,1.091938,97
21-10-2025,NSE:SHAILY,EQ,10868.38,279703,4.18,4.32,5,2476,2.76,5.56,2.76,9.44,5.09,32.55,33.47,38.74,60.62,84.06,-1,HV2Y,EEP,-1,EEP,EEP,-1,-1,-1,13,-1,0,-0.06,-0.06,-0.06,-0.06,0,-5.15,-17.19,-14.36,-6.98,-8.86,60.34,61.83,174.44,497.78,14.59,52.18,25.71,100.46,285.83,148.04,3.94,30.95,26.42,30.13,60.26,1.258365,97,,,,,,,3.94,28.47,-4.16,6.23,44.73,1.105289,98
21-10-2025,NSE:SALSTEEL,BE,279.03,298203,4.66,5.29,3,33.95,4.98,21.5,18.94,17.14,4.33,51.25,44.09,35.76,23.62,13.84,-1,-1,HVQ,HV2Y,HV2Y,HV2Y,-1,-1,-1,-1,-1,0,-2.61,-2.61,-2.61,-2.61,0,-6.83,-28.82,-35.81,-28.37,-14.84,124.24,124.24,124.24,124.24,27.39,114.53,0,12.77,21.5,44.46,3.18,49.65,37.04,27.15,23.26,1.254618,97,,,,,,,3.18,48.59,-20.21,-16.59,-9.87,1.088843,97
21-10-2025,NSE:YATRA,EQ,2373.36,5388218,5.14,5.06,2,168.22,1.08,5.93,4.69,16.05,9.39,45.99,47.03,36.86,26.25,-0.82,-1,-1,EEP,EEP,-1,-1,-1,-1,-1,-1,-1,-0.15,-0.15,-0.15,-0.15,-3.04,-0.15,-7.48,-14.58,-40.52,-40.6,-30.61,88.61,114.57,154.96,154.96,20.5,84.05,37.71,35.06,3.38,2.62,8.24,44.39,39.98,28.25,25.89,1.251515,97,,,,,,,8.24,39.93,-3.6,-20.87,-7.8,1.071871,96
21-10-2025,NSE:HBLENGINE,EQ,23256.66,3472786,3.78,3.77,1,954.15,1.07,3.82,8.7,15.03,12.14,37.49,44.32,42.39,36.79,43.87,-1,-1,EEP,HVQ,EEP,EEP,-1,-1,-1,-1,13,0,0,0,0,0,0,-7.82,-6.34,-24.63,-22.02,-10.85,70.69,103.7,134.78,137.71,17.69,49.97,46.76,30.72,36.95,50.25,10.99,35.89,37.27,33.78,36.43,1.246693,97,,,,,,,10.99,28.39,5.4,-5.15,-0.69,1.066519,95
21-10-2025,NSE:BAFNAPH,BE,326.91,24477,1.44,2.95,6,141,-0.01,-8.44,-19.99,-22.55,1.99,36.7,46.17,42.5,42.2,33.9,-1,-1,HV2Y,-1,-1,-1,-1,-1,-1,-1,-1,-20.04,-20.04,-20.04,-20.04,-20.04,-20.04,0,-2.13,-13.23,-26.06,-25.67,73.26,95.83,98.68,98.68,0,85.49,25.77,6.95,7.43,7.99,0.84,35.1,39.12,33.89,41.84,1.246249,97,,,,,,,0.84,34.95,9.44,-8.5,8.5,1.077857,96
21-10-2025,NSE:INOXGREEN,EQ,7128.2,1829621,4.94,4.96,0,263.4,1.06,4.45,14.51,21.07,26.26,36.24,45.21,36.91,28.43,54.38,-1,-1,-1,HVQ,HV2Y,HV2Y,-1,2,2,-1,-1,0,0,0,0,0,0,0,-8.48,-34.64,-24.73,-14.62,81.13,99.09,151.46,151.46,34.2,33.56,60.33,37.77,45.59,65.14,25.11,34.64,38.16,28.3,28.07,1.245545,97,,,,,,,25.11,13.07,8.55,-16.84,-4.41,1.055433,93
21-10-2025,NSE:RMDRIP,EQ,1943.44,566233,4.53,4.47,5,71.37,2.35,3.15,-1.44,-1.93,-9.56,16,33.94,42.81,65.78,86.42,-1,-1,HVQ,-1,-1,-1,-1,-1,-1,-1,-1,-9.44,-9.44,-9.44,-9.44,-9.44,-9.44,-0.33,0,0,-3.95,0,17.58,51.9,197.38,628.27,3.26,42.91,65.68,214.3,437.11,221.38,-10.71,14.4,26.89,34.2,65.42,1.244316,97,,,,,,,-10.71,22.87,15.83,11.74,49.18,1.112084,98
21-10-2025,NSE:TAC,ST,1138.08,52616,4.62,5.01,1,776.65,0.93,12.27,26.67,33.98,30.33,43.17,21.01,2.53,54.65,NA,-1,2,-1,-1,HVQ,HVQ,-1,0,-1,-1,-1,-1.53,-1.53,-1.53,-7.07,NA,-1.53,-7.61,-47.19,-26.6,0,NA,83.88,83.88,130.68,NA,53.53,28.11,2.26,145.01,450.86,NA,29.18,41.57,13.96,-6.08,54.29,1.242136,97,,,,,,,29.18,17.97,-44.51,-25.08,62.5,1.124972,99
21-10-2025,NSE:JSLL,EQ,10165.31,291443,3.92,3.89,4,754.65,-0.62,2.44,0.25,-6.51,-8.16,26.93,39.68,42.15,58.75,76.33,-1,-1,EEP,-1,EEP,EEP,-1,-1,-1,-1,-1,-8.98,-9.94,-9.94,-9.94,-9.94,-8.98,-2.6,-2.22,-3.59,-7.53,-2.88,42.45,88.42,146.48,432.83,2.72,93.05,80.1,116.76,241.39,143.4,-9.31,25.33,32.63,33.54,58.39,1.24167,97,,,,,,,-9.31,31.98,11.92,2.41,37.72,1.100337,98
21-10-2025,NSE:RNFI,SM,838.66,52428,5.54,5.54,6,369.75,-1.03,6.59,7.17,2.58,7.94,27.15,31.24,26.34,64.44,NA,-1,-1,HV2Q,-1,HV2Y,HV2Y,-1,-1,-1,-1,-1,-2.01,-2.01,-2.01,-2.01,NA,-2.01,0,-15.33,-20.07,0,NA,47.31,69.53,234.31,NA,13.26,37.87,28.29,129.88,146.25,NA,6.79,25.55,24.19,17.73,64.08,1.241173,97,,,,,,,6.79,20.41,0.08,-8.8,60.74,1.120729,99
21-10-2025,NSE:EXCEL,BE,224.3,3450410,2.23,3.77,3,1.55,4.03,3.87,-5.81,-5.16,-2.58,26.45,50.97,39.35,49.68,64.52,-1,-1,-1,HVQ,-1,HV2Y,-1,-1,-1,-1,-1,-9.88,-9.88,-9.88,-16.22,-16.22,-9.88,-7.02,-5,-58.92,-49.19,-13.33,51.96,134.85,134.85,244.44,9.93,98.75,72.73,10.14,108.89,73.33,-3.73,24.85,43.92,30.74,49.32,1.240475,97,,,,,,,-3.73,27.84,27.8,-25.36,26.04,1.085926,97
21-10-2025,NSE:CARTRADE,EQ,12068.11,433354,3.69,3.67,4,2514.1,2.47,1.88,2.04,0.54,-1.05,23.56,33.97,41.7,60.74,72.54,-1,-1,EEP,EEP,EEP,EEP,-1,-1,-1,-1,-1,0,-8.16,-8.16,-8.16,-8.16,0,-7.19,-3.3,-8.14,-12.04,-2.5,32.69,66.34,156.2,297.2,5.23,60.81,43.94,100.6,131.57,55.95,-2.2,21.96,26.92,33.09,60.38,1.23779,96,,,,,,,-2.2,23.9,8.09,10.02,41.67,1.098028,97
21-10-2025,NSE:GSMFOILS,ST,303.64,38835,4.32,4.59,3,212.3,2.17,-1.95,-10.2,-2.07,-9.54,10.39,37.67,45.3,63.7,NA,-1,-1,-1,-1,-1,-1,-1,-1,-1,-1,18,-9.25,-16.79,-16.79,-16.79,NA,-9.25,-8.86,-0.03,-5.5,-3.86,NA,9.42,67.07,175.5,NA,2.17,56.01,70.52,215.69,252.08,NA,-10.69,8.79,30.62,36.69,63.34,1.237528,96,,,,,,,-10.69,17.73,24.91,10.56,42.66,1.102749,98
21-10-2025,NSE:BLACKBUCK,EQ,10749.23,1878774,4.96,4.94,0,733.5,6.10,4.87,15.26,13.66,18.45,41.07,45.66,44.83,NA,NA,-1,-1,-1,EEP,-1,-1,-1,-1,-1,-1,-1,0,0,0,NA,NA,0,-8.01,-15.9,-25.36,NA,NA,69.87,81.56,NA,NA,24.67,39.07,29.98,57.44,NA,NA,17.3,39.47,38.61,36.22,0,1.23699,96,,,,,,,17.3,27.28,2.27,-3.21,109.02,1.079706,96
21-10-2025,NSE:RBLBANK,EQ,16612.86,15166404,3.62,3.66,1,324.65,-0.61,10.21,15.74,14.43,16.53,19.57,41.62,51.18,35.1,24.92,EEP,EEP,-1,-1,-1,-1,-1,-1,-1,-1,5,-0.61,-0.61,-0.61,-0.61,-0.61,-0.61,-1.81,-2.98,-21.88,-42.05,-22.96,29.42,72.6,117.22,117.22,20.71,15.82,74.16,26.8,6.04,10.62,15.38,17.97,34.57,42.57,34.74,1.226984,96,,,,,,,15.38,3.19,21.89,14.69,-23.92,1.058496,94
21-10-2025,NSE:TATVA,EQ,2584.82,159963,4.62,4.62,0,1407.1,2.00,21.8,26.3,29.54,21.45,26.73,47.23,40.03,29.7,11.58,-1,-1,EEP,EEP,-1,-1,-1,-1,-1,-1,-1,0,0,0,0,0,0,-5.29,0,-33.68,-37.1,-26.26,43.27,99.99,120.89,120.89,41.92,21.77,61.85,16.56,4.99,3.9,20.3,25.13,40.18,31.42,29.34,1.225297,96,,,,,,,20.3,6.26,22.45,-15.34,-8.2,1.053033,91
21-10-2025,NSE:POCL,EQ,3965.47,586804,5.58,5.54,1,1450,0.39,10.14,14.12,19.98,8.59,34.58,44.47,45.37,26.65,75.41,-1,-1,HV2Q,HV2Q,HV2Y,HV2Y,-1,-1,-1,-1,-1,0,0,0,0,0,0,0,-4.74,-30.13,-31.27,-7.71,52.87,106.63,192.75,383.74,26.73,88.87,91.51,75.61,164.25,254.83,7.44,32.98,37.42,36.76,26.29,1.225012,96,,,,,,,7.44,27.97,9.59,-0.06,-25.26,1.056714,94
21-10-2025,NSE:MANGCHEFER,EQ,3650.27,467037,3.94,3.85,5,322.45,0.30,2.81,-1.98,0.5,4.85,6.11,39.02,46.55,57.37,62.01,-1,-1,EEP,-1,HVQ,EEP,-1,-1,-1,-1,-1,-3.43,-11.46,-11.46,-11.46,-11.46,-3.43,-15.76,0,-1.51,-0.39,-5.4,5.69,61.02,155.24,232.42,2.89,16.08,131.25,62.36,77.67,41.7,3.7,4.51,31.97,37.94,57.01,1.22484,96,,,,,,,3.7,0.86,29.52,10.67,29.26,1.083996,96
21-10-2025,NSE:KHAICHEM,EQ,1240.49,334442,4.5,4.44,6,127.06,0.42,7.04,3,2.79,-1.36,16.36,56.25,41.26,38.56,40.7,-1,-1,HV2Q,HVQ,HV2Y,HV2Y,-1,-1,-1,-1,4,-2.7,-3.94,-3.94,-3.94,-3.94,-2.7,-2.63,0,-42.64,-23,-19.46,22.5,147.73,175.2,175.2,7.58,54.65,130.17,20.4,22.65,28.28,-2.51,14.76,49.2,32.65,38.2,1.221072,96,,,,,,,-2.51,17.03,42.16,-35.93,4.42,1.076335,96
21-10-2025,NSE:LOTUSEYE,BE,250.06,143367,4.75,4.63,4,117.61,0.48,-5.56,-3.96,0.25,-2.7,37.92,43.15,39.49,37.86,40.31,-1,-1,HVQ,HVQ,HVQ,HV2Y,-1,-1,-1,-1,-1,-5.27,-12.54,-12.54,-12.54,-12.54,-5.27,-10.19,-10.41,-22.51,-17.52,-15.3,63.12,76.06,106.7,126.83,0.48,72.1,28.31,17.5,37.24,40.95,-3.85,36.32,36.1,30.88,37.5,1.21959,96,,,,,,,-3.85,39.09,2.89,-8.11,6.32,1.076668,96
21-10-2025,NSE:FORTIS,EQ,71989.03,2056194,2.48,2.52,1,1097.9,0.45,1.5,5.11,11.58,13.11,26.93,39.47,39.58,44.54,60.7,-1,HVQ,-1,HV2Y,-1,-1,-1,1,-1,4,-1,0,0,0,0,0,0,-2.42,-0.99,-9.6,-9.76,-1.75,35.69,67.71,88.9,188.31,17.71,26.41,38.03,38.06,74.21,59.89,11.96,25.33,32.42,30.97,44.18,1.216857,96,,,,,,,11.96,15.44,11.63,-1.5,17.24,1.0649,94
21-10-2025,NSE:TECHERA,SM,333.72,215968,5.45,6.35,0,288.1,2.89,4.22,16.87,11.14,29.69,26.76,53.77,30.35,NA,NA,-1,HV2Q,-1,HVQ,-1,-1,-1,-1,3,-1,-1,-0.55,-0.55,-0.55,NA,NA,-0.55,-8.7,-11.68,-43.58,NA,NA,71.79,149.22,NA,NA,36.86,20.78,82.53,12.69,NA,NA,28.54,25.16,46.72,21.74,0,1.215712,96,,,,,,,28.54,-4.63,31.34,-52.32,109.02,1.066879,95
21-10-2025,NSE:MANAKCOAT,EQ,1395.51,1030131,6.63,6.46,1,155.21,1.11,-1.44,5.09,15.63,10.32,7.62,40.97,28.55,60.41,77.19,HV2Y,HV2Y,HV2Q,-1,HVQ,HV2Y,-1,-1,-1,-1,-1,-3.99,-6.99,-6.99,-6.99,-6.99,-3.99,-16.59,-1.13,-22.34,-5.99,-15.67,19.59,83.31,167.65,434.29,19.59,7.61,94.47,57.99,281.76,111.5,9.17,6.02,33.92,19.94,60.05,1.212262,96,,,,,,,9.17,-3.46,30.57,-22.72,53.62,1.102637,98
21-10-2025,NSE:SANDUMA,EQ,7738.79,4547305,7.49,7.43,0,225.63,2.28,8.91,16.72,25.56,29.38,29.79,28.74,41.78,29.53,28.29,HV2Y,HVQ,-1,HV2Y,HV2Y,HV2Y,-1,4,-1,-1,-1,-2.29,-2.29,-2.29,-2.29,-2.29,-2.29,-3.67,-13.84,-18.82,-34.96,-21.27,57.49,57.49,95.92,95.92,42.13,11.21,37.55,39.61,13.92,37.88,28.23,28.19,21.69,33.17,29.17,1.211973,96,,,,,,,28.23,0.12,-7.02,16.62,-12.02,1.055429,93
21-10-2025,NSE:GMDCLTD,EQ,18189.6,8534730,5.52,5.43,2,584.65,1.12,-0.72,0.12,-3.12,2.16,25.45,43.41,44.09,39.71,35.95,-1,HV2Y,EEP,EEP,EEP,EEP,-1,-1,-1,6,-1,-7.24,-7.24,-7.24,-7.24,-7.24,-7.24,0,0,-19.52,-34.04,-28.87,53.09,98.42,145.26,145.26,3.45,51.94,82.84,38.79,15.86,13.45,1.01,23.85,36.36,35.48,39.35,1.208422,96,,,,,,,1.01,23.35,18.56,-0.49,1.19,1.062601,94
21-10-2025,NSE:SIGMA,EQ,478.42,807942,6.43,6.59,2,53.15,1.05,1.98,-3.76,6.35,12.87,27.68,48.04,38.02,27.88,17.02,-1,HV2Y,-1,HV2Y,HV2Q,HV2Q,-1,-1,-1,1,-1,-14.55,-14.55,-14.55,-14.55,-14.55,-14.55,-3.28,-1.73,-34.45,-29.75,-18.27,42.97,86.98,126.81,126.81,13.69,25.71,64.04,17.86,5.73,7.71,11.72,26.08,40.99,29.41,27.52,1.20735,96,,,,,,,11.72,16.53,22.62,-20.96,-7.33,1.051088,91
21-10-2025,NSE:AVALON,EQ,6536.63,414288,5.05,4.97,1,1214.9,0.45,5.42,-3.12,16.82,19.82,28.35,25.11,33.67,49.9,60.09,-1,HV2Q,-1,-1,EEP,EEP,-1,-1,-1,0,-1,-3.03,-3.03,-3.03,-3.03,-3.03,-3.03,-1.49,-4.32,-10.13,-20.4,-3.34,52.03,53.2,123.16,164.25,24.19,21.9,42.7,97.89,75.28,32.39,18.67,26.75,18.06,25.06,49.54,1.206342,96,,,,,,,18.67,10.18,-10.04,9.75,33.49,1.07496,96
21-10-2025,NSE:INDORAMA,EQ,1409.75,331847,5.71,5.85,2,68.89,0.01,17.13,13.66,16.43,22.85,24.26,45.96,33.47,30.29,22.85,HVQ,HVQ,-1,HV2Q,HVQ,HVQ,-1,-1,-1,-1,-1,0,0,0,0,0,0,-6.28,-2.1,-36.48,-29.11,-25.72,38.61,100.61,109.14,109.14,28.05,15.54,58.41,13.02,20.92,26.7,21.7,22.66,38.91,24.86,29.93,1.205618,96,,,,,,,21.7,1.37,23.12,-24.78,4.24,1.05207,91
21-10-2025,NSE:TATSILV,EQ,512.32,31693978,6.65,6.51,0,14.89,-2.04,-16.05,2.01,4.5,15.78,25.59,37.14,39.56,39.42,52.52,HV2Y,HV2Y,-1,-1,-1,-1,-1,-1,-1,-1,-1,-14.77,-14.77,-14.77,-14.77,-14.77,-14.77,-0.56,-0.89,-5.36,-7.31,-3.53,39.03,60.8,76.84,116.42,14.54,21.51,25.48,19.24,30.81,31.1,14.63,23.99,30.09,30.95,39.06,1.201786,96,,,,,,,14.63,11.18,9.99,2.17,8.8,1.056729,94
21-10-2025,NSE:VIMTALABS,EQ,3674.62,2055029,4.13,4.08,6,686.6,0.05,0.04,-8.97,-1.2,-20.16,23.53,28.55,39.9,59.7,63.45,-1,-1,EEP,EEP,EEP,EEP,-1,-1,-1,-1,-1,-10.15,-21.73,-21.73,-21.73,-21.73,-10.15,-5.95,-9.08,-15.05,-19.18,-18.04,35.71,56.69,152.43,216.7,0.05,88.28,31.42,98.58,95.39,31.02,-21.31,21.93,21.5,31.29,59.34,1.199317,96,,,,,,,-21.31,35.9,1.03,14.21,41.97,1.107275,98
21-10-2025,NSE:SHREERAMA,BE,807.48,590099,5.21,5.12,6,59.84,2.50,7.57,0.45,-1.49,-1.32,28.94,36.05,28.73,53.78,51.45,-1,-1,HV2Q,-1,HV2Y,HV2Y,-1,-1,-1,-1,-1,-1.95,-7.61,-7.61,-7.61,-7.61,-1.95,-6.39,-9.42,-28.25,-20.04,-15.67,48.63,84.81,130.95,165.37,8.19,52.18,34.34,50.79,89.14,22.66,-2.47,27.34,29,20.12,53.42,1.198794,95,,,,,,,-2.47,29.41,4.47,-13.12,44.17,1.090326,97
21-10-2025,NSE:ABDL,EQ,15431.61,384384,3.47,3.49,2,603.65,3.92,12.45,9.44,15.38,8.95,21.89,45.32,32.21,43.97,NA,-1,-1,-1,-1,-1,-1,-1,-1,-1,-1,3,0,0,0,0,NA,0,-2.6,-5.12,-24.54,-6.46,NA,31.3,97.59,101.38,NA,18.9,29.62,54.34,15.48,43.15,NA,7.8,20.29,38.27,23.6,43.61,1.197953,95,,,,,,,7.8,13.76,24.46,-25.64,26.37,1.066707,95
21-10-2025,NSE:ASHAPURMIN,EQ,5922.62,807300,4.99,4.87,3,665.7,0.50,0.18,5.54,-0.59,6.86,15.75,42.15,29.04,54,43.42,-1,-1,HV2Q,HV2Q,HV2Y,HVQ,-1,-1,-1,-1,-1,-3.88,-3.88,-3.88,-3.88,-3.88,-3.88,-2.31,-0.57,-29.18,-2.53,-29.56,38.31,101.27,206.99,206.99,5.86,50.6,81.56,77.59,117.85,8.83,5.71,14.15,35.1,20.43,53.64,1.19788,95,,,,,,,5.71,9.08,25.81,-24.35,44.2,1.084221,96
21-10-2025,NSE:SILVERETF,EQ,476.72,1859372,6.31,6.48,0,147.5,-1.63,-20.31,1.62,4.53,15.06,24.96,36.54,38.94,38.83,52,-1,HVY,-1,-1,-1,-1,-1,-1,4,-1,-1,-16.88,-16.88,-16.88,-16.88,-16.88,-16.88,-1.08,-0.53,-5.12,-7.34,-5.29,37.84,59.77,75.16,113.43,13.55,21.64,25.66,17.15,30.33,30.56,13.91,23.36,29.49,30.33,38.47,1.195253,95,,,,,,,13.91,11.19,9.91,2.09,8.84,1.055343,93
21-10-2025,NSE:SILVERBEES,EQ,12719.26,38297545,4.56,5.16,0,145.3,-2.37,-19.97,1.02,4.29,14.9,24.73,36.44,38.78,38.57,51.91,HV2Y,HV2Y,-1,-1,-1,-1,-1,-1,3,-1,-1,-16.64,-16.64,-16.64,-16.64,-16.64,-16.64,-0.78,-0.59,-5.38,-7.45,-3.46,37.45,58.95,75.17,113.93,13.32,21.63,25.67,19.49,30.96,31.42,13.75,23.13,29.39,30.17,38.21,1.193405,95,,,,,,,13.75,11.09,10.03,2,8.67,1.054842,93
21-10-2025,NSE:YASHOPTICS,ST,373.96,56512,3.34,3.46,5,134.7,2.12,3.64,3.12,-1.19,-12.1,36.9,42.24,37.38,34.67,NA,-1,-1,HVQ,-1,-1,-1,-1,-1,-1,-1,-1,-8.4,-10.79,-10.79,-10.79,NA,-8.4,0,-4.39,-31.36,-27.53,NA,61.03,76.54,84.9,NA,7.2,87,16.68,6.79,4.59,NA,-13.25,35.3,35.19,28.77,34.31,1.193387,95,,,,,,,-13.25,43.25,2.94,-10.1,4.69,1.079123,96
21-10-2025,NSE:AXISILVER,EQ,505.74,1069180,5.88,6.06,1,150.63,-2.14,-23.34,1.28,4.28,14.75,24.62,36.36,38.83,38.6,52.04,HV2Y,HV2Y,-1,-1,-1,-1,4.5,-1,-1,2,-1,-18.92,-18.92,-18.92,-18.92,-18.92,-18.92,-0.73,-0.68,-5.53,-7.51,-3.32,37.16,58.54,74.62,113.54,13.3,21.4,25.86,19.66,30.62,31.12,13.6,23.02,29.31,30.22,38.24,1.192908,95,,,,,,,13.6,11.11,10.05,2.2,8.64,1.054809,93
21-10-2025,NSE:LTF,EQ,61821.78,6264502,2.94,2.9,1,267.85,0.12,1.84,3.2,8.59,7.9,21.38,35.29,46.86,37.72,37.75,-1,-1,-1,-1,-1,-1,-1,-1,8,-1,-1,-1.36,-1.36,-1.36,-1.36,-1.36,-1.36,-0.27,0,-7.86,-25.13,-12.24,36.83,65.82,104.64,104.64,13.36,27.63,59.19,32.42,8.74,13.41,6.75,19.78,28.24,38.25,37.36,1.192785,95,,,,,,,6.75,14.18,12.16,16.2,-8.19,1.056426,94
21-10-2025,NSE:SILVER,EQ,1309.78,2236235,6.11,6.22,0,151.07,-1.67,-21.14,0.89,3.13,14.58,24.6,36.36,38.8,38.66,52.14,HV2Y,HV2Y,-1,-1,-1,-1,-1,-1,6,-1,-1,-17.45,-17.45,-17.45,-17.45,-17.45,-17.45,-0.64,-0.71,-5.3,-7.33,-3.15,37.16,58.59,74.85,113.92,13.16,21.79,25.58,19.06,30.93,31.21,13.43,23,29.31,30.19,38.3,1.192639,95,,,,,,,13.43,11.28,10.06,2.15,8.8,1.054865,93
21-10-2025,NSE:SILVERIETF,EQ,8641.75,9449696,5.81,5.96,0,150.95,-2.01,-15.28,0.21,4.47,14.75,24.62,36.23,38.58,38.52,52.1,-1,-1,-1,-1,-1,-1,-1,-1,6,-1,-1,-13.26,-13.26,-13.26,-13.26,-13.26,-13.26,-1.61,-0.67,-4.95,-7.04,-3.34,37.14,58.89,75.36,114.05,13.23,21.6,25.63,19.94,31.47,31.59,13.6,23.02,29.18,29.97,38.16,1.191927,95,,,,,,,13.6,11.13,9.87,2.01,8.92,1.054631,93
21-10-2025,NSE:TVSELECT,EQ,900.81,259109,7.72,7.68,3,582.15,0.34,0.19,-15.21,-9.14,15.91,29.22,40.01,36.43,28.6,44.68,-1,HVQ,HVQ,HV2Q,HVQ,HV2Y,-1,-1,-1,-1,-1,-13.2,-13.2,-13.2,-13.2,-13.2,-13.2,-3.69,-21.81,-27.16,-22.81,-13.31,46.88,49.86,112.19,132.53,23.18,23.51,50.19,27.3,47.83,66.03,14.76,27.62,32.96,27.82,28.24,1.191573,95,,,,,,,14.76,15.37,9.71,-7.65,-3.29,1.047183,90
21-10-2025,NSE:SILVER1,EQ,1778.18,1149395,5.89,5.87,0,146.83,-1.50,-14.85,0.93,4.11,14.78,24.62,36.13,38.6,38.38,NA,-1,-1,-1,-1,-1,-1,-1,-1,4,-1,-1,-12.93,-12.93,-12.93,-12.93,NA,-12.93,-0.48,-0.78,-5.09,-7.16,NA,37.19,58.84,74.76,NA,13.21,21.8,25.66,19.8,15.18,NA,13.63,23.02,29.08,29.99,38.02,1.191511,95,,,,,,,13.63,11.09,9.74,2.18,8.67,1.054439,92
21-10-2025,NSE:ESILVER,EQ,363.64,304164,6.39,6.67,0,151.72,-3.22,-22.5,1.34,4.2,14.78,24.7,36.2,38.45,38.37,51.77,-1,-1,-1,-1,-1,-1,-1,-1,6,-1,-1,-18.36,-18.36,-18.36,-18.36,-18.36,-18.36,-0.55,-0.63,-5.47,-6.93,-2.84,37.29,58.65,74.41,114.2,13.44,21.41,25.07,19.27,31.85,32.01,13.63,23.1,29.15,29.84,38.01,1.191507,95,,,,,,,13.63,11.18,9.74,1.83,8.9,1.054452,92
21-10-2025,NSE:HDFCSILVER,EQ,1975.83,5635309,5.56,5.99,0,145.04,-1.93,-22.67,0.8,3.47,14.38,24.35,36.11,38.58,38.45,51.9,HV2Y,HV2Y,-1,-1,-1,-1,-1,-1,6,-1,-1,-18.48,-18.48,-18.48,-18.48,-18.48,-18.48,-0.65,-0.73,-5.27,-7.4,-3.44,36.87,58.06,74.33,113.11,12.71,21.83,25.97,19.01,30.9,31.16,13.23,22.75,29.06,29.97,38.09,1.190303,95,,,,,,,13.23,11.18,10.03,2.17,8.82,1.054359,92
21-10-2025,NSE:SILVERADD,EQ,1193.04,1033373,4.93,5.32,0,145.42,-1.75,-16.55,0.5,3.95,14.38,24.3,36.04,38.55,38.47,NA,-1,-1,-1,-1,-1,-1,-1,-1,7,-1,-1,-14.2,-14.2,-14.2,-14.2,NA,-14.2,-0.56,-0.6,-5.23,-7.3,NA,36.81,58.41,74.43,NA,12.87,21.81,26.47,19.78,30.95,NA,13.23,22.7,28.99,29.94,38.11,1.190022,95,,,,,,,13.23,11.12,9.98,2.24,8.89,1.054333,92
21-10-2025,NSE:RAMCOSYS,EQ,1948.28,85163,6.08,6.05,0,598.35,3.18,9.69,15.71,18.1,12.85,35.19,32.08,37.08,30.22,51.83,HVQ,HVQ,HVQ,EEP,EEP,EEP,-1,-1,9,-1,-1,0,0,0,0,0,0,-5,-17.15,-21.06,-26.86,-6.7,57.56,68.83,117.9,126.01,24.24,37.31,41.22,48,42.21,57.71,11.7,33.59,25.03,28.47,29.86,1.189502,95,,,,,,,11.7,25.17,-10.33,5.68,-1.88,1.05451,92
21-10-2025,NSE:SBISILVER,EQ,1469.3,2203657,5.94,6.05,0,147.64,-2.74,-16.78,0.49,3.57,14.17,24.11,35.77,38.39,38.15,NA,-1,-1,-1,-1,-1,-1,-1,-1,6,-1,-1,-14.99,-14.99,-14.99,-14.99,NA,-14.99,-0.56,-0.65,-5.19,-7.04,NA,36.2,57.62,73.84,NA,12.27,21.12,25.63,18.98,14.13,NA,13.02,22.51,28.72,29.78,37.79,1.187731,95,,,,,,,13.02,11.12,9.84,2.4,8.64,1.053753,92
21-10-2025,NSE:HINDWAREAP,EQ,2750.71,277547,4.47,4.45,1,380.85,1.61,9.16,12.92,12.59,13.22,29.92,46.72,33.67,17.63,-14.26,-1,-1,EEP,EEP,EEP,EEP,-1,-1,-1,12,-1,0,0,0,0,-15.13,0,-3.18,-8.85,-53.7,-45.19,-31.93,51.52,105.9,107.69,107.69,22.78,31.49,45.55,10.66,3.1,14.6,12.07,28.32,39.67,25.06,17.27,1.187494,95,,,,,,,12.07,18.78,18.45,-26.17,-15.18,1.042056,89
21-10-2025,NSE:JEYYAM,SM,270.49,145720,4.32,4.5,2,69.35,4.68,10.17,9.88,17.45,17.88,39.51,42.47,21.99,13.05,NA,-1,2,HVQ,-1,HVQ,HVQ,-1,-1,-1,6,-1,0,0,0,0,NA,0,-3.23,-23.17,-39.13,-17.47,NA,89.48,111.43,111.43,NA,28.66,55.6,27.9,14.16,20.22,NA,16.73,37.91,35.42,13.38,12.69,1.187247,95,,,,,,,16.73,25.88,-0.64,-37.27,-2.44,1.043184,89
21-10-2025,NSE:GRMOVER,EQ,2171.55,790008,3.38,3.39,0,416.1,0.64,4.33,6.33,14.04,14.98,8.58,21.99,51.62,42.8,56.77,-1,-1,-1,EEP,EEP,EEP,-1,-1,-1,-1,-1,0,0,0,0,0,0,-9.31,-2.47,-0.32,-28.14,-15.05,20.36,48.69,125.76,257.94,17.39,2.33,87.43,76.12,73.18,104.73,13.83,6.98,14.94,43.01,42.44,1.18581,95,,,,,,,13.83,-7.99,9.14,36.3,-9.2,1.067732,95
21-10-2025,NSE:BANCOINDIA,EQ,11867.8,1304497,4.76,4.64,3,741.75,2.23,0.01,-7.27,-16.02,-12.65,11.55,45.35,37.65,50.92,54.07,-1,-1,HV2Y,EEP,EEP,EEP,-1,-1,-1,-1,-1,-15.23,-15.23,-15.23,-15.23,-15.23,-15.23,0,-2.65,-29.93,-20.05,-5.45,38.15,102.86,140.63,184.33,2.23,55.63,112.85,31.5,77.29,39.55,-13.8,9.95,38.3,29.04,50.56,1.183489,94,,,,,,,-13.8,21.02,32.69,-15.78,30.31,1.081117,96
21-10-2025,NSE:GARUDA,EQ,1898.98,1784713,4.53,4.64,5,200.97,2.26,5.8,5.82,10.21,-1.68,13.16,44.55,34.95,48.56,NA,-1,-1,HV2Q,HVQ,-1,-1,-1,-1,-1,-1,-1,0,-8.46,-8.46,-8.46,NA,0,-6.92,0,-24.15,-11.01,NA,18.73,125.2,158.78,NA,11.37,70.79,95.57,43.48,68.34,NA,-2.83,11.56,37.5,26.34,48.2,1.182967,94,,,,,,,-2.83,14.13,30.62,-19,29.95,1.073152,96
21-10-2025,NSE:MIRCELECTR,BE,797.86,1981479,3.92,4.37,4,28.5,1.79,8.28,12.67,13.16,0.07,34.95,47.52,28.18,24.21,14.05,-1,-1,HV2Q,HV2Q,HVQ,HV2Y,-1,-1,-1,-1,-1,-1.69,-3.32,-3.32,-3.32,-4.11,-1.69,-3.39,-14.5,-49.67,-31.13,-27.32,87.25,134.11,175.22,175.22,19.95,105.63,79.04,44.44,18.6,25.16,-1.08,33.35,40.47,19.57,23.85,1.182709,94,,,,,,,-1.08,34.44,13.79,-38.53,3.49,1.057988,94
21-10-2025,NSE:IMFA,EQ,5762.3,159280,4.85,4.74,0,1135.6,4.44,-4.57,0.68,1.47,5.69,32.9,43.68,21.1,36.79,47.47,HVQ,HVQ,HV2Q,HVQ,EEP,EEP,-1,-1,-1,4,-1,-8.62,-8.62,-8.62,-8.62,-8.62,-8.62,-1.54,-15.05,-35.09,-9.07,-16.78,59.79,98.57,98.57,112.94,4.44,50.69,33.23,8.93,68,34.61,4.54,31.3,36.63,12.49,36.43,1.181733,94,,,,,,,4.54,28.39,10.53,-41.76,28.9,1.065946,95
21-10-2025,NSE:HLEGLAS,EQ,3445.39,624807,5.12,5.11,3,538.5,2.38,5.43,9.33,14.1,2.88,24.26,47.38,36.67,28.59,5.14,-1,-1,EEP,EEP,EEP,EEP,-1,-1,-1,-1,-1,0,-6.16,-6.16,-6.16,-6.16,0,-8.86,-13.75,-37.19,-36.76,-28.69,30.39,105.5,140.43,140.43,19.92,28.34,82.1,26.51,3.82,0.72,1.73,22.66,40.33,28.06,28.23,1.181215,94,,,,,,,1.73,21.56,25,-22.04,-3.73,1.051588,91
21-10-2025,NSE:SUBROS,EQ,6569.24,313170,6.16,6.1,3,1075.5,4.78,3.6,-4.83,-11.04,6.58,17.82,41.91,41.48,35.5,45.67,-1,HVQ,-1,EEP,EEP,EEP,-1,-1,-1,-1,-1,-9.94,-9.94,-9.94,-9.94,-9.94,-9.94,-2.56,-14.29,-22.98,-22.42,-14.49,36.55,86.64,98.34,117.14,6.84,27.56,62.99,15.22,27.06,40.06,5.43,16.22,34.86,32.87,35.14,1.180357,94,,,,,,,5.43,11.57,23.78,-2.41,-1.2,1.052022,91
21-10-2025,NSE:TDPOWERSYS,EQ,8712.41,901708,3.81,3.84,1,652,0.94,7.86,2.98,11.59,15.12,24.13,34.07,37.71,35.52,58.89,-1,-1,HVQ,EEP,EEP,EEP,-1,-1,-1,-1,-1,-0.85,-0.85,-0.85,-0.85,-0.85,-0.85,-1.95,-8.41,-9.09,-14.11,-5.17,39.6,63.68,114.19,146.27,20.31,18.5,62.52,41.21,53.41,58.79,13.97,22.53,27.02,29.1,35.16,1.179533,94,,,,,,,13.97,10.16,7.58,3.83,5.51,1.050303,91
21-10-2025,NSE:SOUTHBANK,EQ,7784.73,17644174,3.99,4.1,0,38.84,2.94,17.17,19.82,26.26,23.15,25.13,32,31.31,34.29,22.18,EEP,EEP,-1,-1,-1,HV2Y,-1,-1,-1,-1,-1,0,0,0,0,0,0,-5.54,-7.97,-2.94,-24.96,-28.22,35.85,60.5,73.16,73.16,35.61,4.41,26.99,17.74,18.95,9.95,22,23.53,24.95,22.7,33.93,1.177864,94,,,,,,,22,2.12,3.65,-2.7,13.37,1.049763,91
21-10-2025,NSE:ANANDRATHI,EQ,25154.42,295193,3.76,3.89,0,3191.1,-0.35,0.87,8.68,11.89,4.67,17.77,44.71,37.84,35.27,48.79,EEP,EEP,EEP,EEP,-1,-1,-1,-1,-1,17,-1,-0.35,-0.35,-0.35,-0.35,-0.35,-0.35,-0.77,0,-21.97,-12.27,-1.54,23.31,89.66,93.07,93.07,13.49,46.98,58.76,6.74,31.34,36.75,3.52,16.17,37.66,29.23,34.91,1.176121,94,,,,,,,3.52,13.28,27.23,-14.12,4.9,1.053457,92
21-10-2025,NSE:ATHERENERG,EQ,21984.21,3973459,6.07,6.04,0,765.85,6.04,19.7,17.73,24.2,23.68,56.01,NA,NA,NA,NA,-1,-1,-1,-1,-1,-1,-1,-1,-1,3,-1,0,0,NA,NA,NA,0,0,NA,NA,NA,NA,131.65,NA,NA,NA,41.85,83.95,NA,NA,NA,NA,22.53,54.41,0,0,0,1.176027,94,,,,,,,22.53,41.9,94.47,-1.68,9.02,1.127897,99
21-10-2025,NSE:DUCOL,SM,265.76,26848,4.21,4.47,0,187.5,2.49,4.08,12.77,12.35,12.67,33.07,37.95,26.59,29.97,40.13,-1,-1,HVQ,HVQ,HVQ,HV2Y,-1,-1,-1,8,-1,0,0,0,0,0,0,-1.65,-6.17,-26.48,-13.02,-17.03,51.76,70.45,87.41,108.1,20.08,47.59,25.44,16.29,52.77,45.73,11.52,31.47,30.9,17.98,29.61,1.175285,94,,,,,,,11.52,22.9,1.76,-19.99,13.63,1.050631,91
21-10-2025,NSE:AIIL,EQ,53161.52,201526,2.87,2.9,4,3190.9,0.93,1.77,-1.86,5.75,0.96,9.59,41.71,42.58,42.24,NA,-1,-1,-1,HV2Q,HV2Y,HV2Y,-1,-1,-1,-1,4,-3.29,-3.29,-3.29,-3.29,NA,-3.29,-3.78,0,-4.53,-5.95,NA,18.88,85.29,126.37,NA,7.6,26.8,104.67,87.24,140.32,NA,-0.19,7.99,34.66,33.97,41.88,1.174916,94,,,,,,,-0.19,8.25,30,-0.2,8.43,1.059659,94
21-10-2025,NSE:AAREYDRUGS,BE,218.33,48327,3.22,3.4,1,89,-0.73,4.33,5.62,9.22,12.81,26.08,34.93,41.8,24.37,46.57,-1,-1,-1,HV2Q,HV2Y,HV2Y,-1,-1,-1,2,-1,-0.73,-0.73,-0.73,-0.73,-0.73,-0.73,0,-9.15,-21.33,-29.63,-8.56,51.44,77.43,165.59,165.59,17.58,32.04,96.33,72.81,37.22,78.3,11.66,24.48,27.88,33.19,24.01,1.174561,94,,,,,,,11.66,14.76,6.45,8.87,-20.92,1.043201,89
21-10-2025,NSE:MBAPL,EQ,3773.22,200041,4.23,4.21,2,452.6,-1.56,5.58,5.77,14.66,4.95,3.47,39.05,39.49,48.95,44.14,-1,-1,HV2Y,HV2Y,HV2Y,HV2Y,-1,-1,-1,-1,-1,-1.56,-1.56,-1.56,-1.56,-1.56,-1.56,-5.91,-1.11,-12.73,-5.55,-20.31,19.51,77.8,119.64,124.04,19.51,6.74,71.64,36.55,35.56,14.37,3.8,1.87,32,30.88,48.59,1.174214,94,,,,,,,3.8,-2.02,31.33,-0.96,24.65,1.067603,95
21-10-2025,NSE:ORIANA,SM,5486.17,50379,5.02,5.51,2,2940.4,1.12,7.57,1.23,14.34,8.39,19.9,48.84,29.57,30.74,74.53,-1,-1,-1,-1,HVQ,HV2Y,-1,-1,-1,-1,14,0,0,0,0,0,0,-1.29,-4.62,-44.9,-28.53,-29.71,40.48,125.07,185.84,364.04,22.58,28.76,128.96,46.23,226.81,221.41,7.24,18.3,41.79,20.96,30.38,1.17419,94,,,,,,,7.24,12.1,30.6,-39.35,10.67,1.05366,92
21-10-2025,NSE:PRIVISCL,EQ,9597.71,75255,3.71,3.68,1,2879,-0.16,12.43,12.95,14.14,14.98,14.87,34.62,37.55,41.45,57.02,-1,-1,-1,EEP,HV2Y,-1,-1,-1,-1,-1,-1,-0.16,-0.16,-0.16,-0.16,-0.16,-0.16,-4.7,-4.41,-4.54,-8.83,0,30.12,53.19,103.59,191.28,22.03,10.63,73.32,33.68,81.89,70.55,13.83,13.27,27.57,28.94,41.09,1.174013,94,,,,,,,13.83,-0.59,17.67,2.81,15.26,1.054815,93
21-10-2025,NSE:ADANIPOWER,EQ,276195.4,60008874,5.19,5.06,3,170.78,0.28,9.3,11.3,14.13,16.92,30.13,32.86,34.07,26.71,34.2,-1,-1,HV2Y,-1,EEP,EEP,-1,-1,-1,1,-1,0,0,0,0,-2.36,0,0,-2.12,-22.31,-35.62,-28.44,50.6,66.78,95.11,95.11,18.19,31.86,26.91,31.01,28.64,21.55,15.77,28.53,25.81,25.46,26.35,1.172883,94,,,,,,,15.77,15.44,-1.63,0.13,-2.13,1.044177,89
21-10-2025,NSE:PAYTM,EQ,74915.22,4172789,2.75,2.73,0,1308.2,0.21,4.85,5.4,14.46,10.01,22.21,32.59,31.59,44.81,67.73,-1,-1,-1,HVQ,EEP,EEP,-1,2,-1,-1,-1,0,0,0,0,0,0,-8.62,0,-13.62,-12.33,-5.16,24.47,60.54,96.65,312.49,16.91,33.25,52.98,98.05,182.2,127.64,8.86,20.61,25.54,22.98,44.45,1.171364,94,,,,,,,8.86,13.09,7.81,-3.17,28.36,1.061081,94
21-10-2025,NSE:UNIPARTS,EQ,1850.48,379872,4.43,4.55,0,539.6,1.72,8.22,15.23,24.94,24.01,28.9,38.18,28.61,14.96,2,-1,HV2Y,EEP,-1,-1,HV2Y,-1,1,-1,-1,-1,0,0,0,0,-10.83,0,-3.11,-7.73,-34.91,-36.35,-24.18,59.08,71.41,78.29,78.29,33.23,20.89,26.76,10.23,0.51,2.44,22.86,27.3,31.13,20,14.6,1.170794,94,,,,,,,22.86,5.98,7.52,-17.15,-10.1,1.034935,86
21-10-2025,NSE:GVT&D,EQ,77991.77,427888,3.02,3.02,3,2959.6,0.01,-0.7,-4.67,-0.99,-3.69,17.64,49.24,33.14,34.45,72.88,-1,-1,-1,HVQ,-1,-1,-1,-1,-1,-1,0,-6.64,-6.64,-6.64,-6.64,-6.64,-6.64,0,-0.09,-30.32,-8.21,0,23.39,100.05,128.44,283.94,1.82,34.23,88.14,15.95,204.67,198.74,-4.84,16.04,42.19,24.53,34.09,1.168247,93,,,,,,,-4.84,20.11,32.84,-33.4,10.97,1.060236,94
21-10-2025,NSE:TATAGOLD,EQ,1268.15,42573362,3.93,4.04,0,12.57,1.62,2.39,7.16,10.66,14.8,23.23,22.91,38.03,39.94,50.6,-1,-1,-1,-1,-1,-1,-1,-1,-1,-1,-1,-0.79,-0.79,-0.79,-0.79,-0.79,-0.79,-1.11,-1.03,0,-4.88,0,30.94,38.44,72.66,105.06,15.22,14.18,23.4,41.87,27.08,23.16,13.65,21.63,15.86,29.42,39.58,1.167349,93,,,,,,,13.65,9.44,-5.94,17.93,12.1,1.056225,94
21-10-2025,NSE:GODFRYPHLP,EQ,54546.82,1300972,3.51,3.52,6,3399.2,-0.14,4,-0.79,-3.32,-3.7,9.88,26.02,57.03,30.36,74.68,-1,-1,EEP,EEP,EEP,EEP,-1,-1,-1,-1,-1,-3.21,-8.45,-8.45,-8.45,-8.45,-3.21,-5.06,-1.82,-8.39,-46.79,-13.77,17.33,28.73,140.83,309.38,4.16,32.5,117.03,89.11,94.56,215.28,-4.85,8.28,18.97,48.42,30,1.167088,93,,,,,,,-4.85,12.64,12.38,40.23,-53.03,1.065284,95
21-10-2025,NSE:YATHARTH,EQ,7481.43,657135,3.38,3.43,2,827.8,0.58,1.69,8.14,9.4,6.2,22.3,37.9,44.78,20.95,48.7,HV2Q,HV2Q,-1,-1,HV2Q,EEP,-1,-1,-1,13,-1,-0.49,-0.49,-0.49,-0.49,-0.49,-0.49,-3.16,0,-25.05,-33.36,0,33.24,80.37,130.68,130.68,11.68,55.18,79.24,43.26,22.15,74.88,5.05,20.7,30.85,36.17,20.59,1.166633,93,,,,,,,5.05,16.7,14.54,9.41,-34.14,1.041891,88
21-10-2025,NSE:EMKAY,EQ,671.48,169396,7.47,7.56,4,349.85,1.80,11.93,12.33,5.81,24.83,24.02,40.26,20.99,25.13,58.58,-1,HVY,HV2Q,-1,HVQ,HV2Y,-1,-1,-1,-1,-1,-7.83,-7.83,-7.83,-7.83,-7.83,-7.83,-1.07,-8.79,-43.48,-25.25,0,69.81,99.23,106.19,257.72,15.31,27.64,56.67,26.87,182.62,167.82,23.68,22.42,33.21,12.38,24.77,1.166463,93,,,,,,,23.68,-1.54,15.85,-33.93,14.26,1.044001,89
21-10-2025,NSE:BBNPPGOLD,EQ,200.84,108248,3.28,3.43,0,124.55,0.89,1.36,6.26,9.92,14.09,22.68,22.28,37.49,39.38,49.94,-1,-1,-1,-1,-1,-1,-1,-1,3,-1,-1,-1.5,-1.5,-1.5,-1.5,-1.5,-1.5,-5.64,-1.38,0,-0.83,0,30.76,37.25,71.56,104.35,14,14.32,23.3,42.67,27.73,23.87,12.94,21.08,15.23,28.88,39.02,1.161824,93,,,,,,,12.94,9.54,-6.05,17.9,12.04,1.054997,93
21-10-2025,NSE:TVSHLTD,EQ,27173.74,11195,3.28,3.28,0,15549,4.15,13.53,16.07,17.3,13.69,22.37,41.32,38.23,13.58,44.03,-1,-1,-1,HVQ,HVQ,-1,-1,-1,-1,-1,10,0,0,0,0,0,0,0,-1.68,-38.14,-34.89,-8.89,39.73,74.03,94.18,95.69,22.29,25.02,50.75,13.94,22.36,71.22,12.54,20.77,34.27,29.62,13.22,1.161754,93,,,,,,,12.54,9.6,18.88,-6.94,-30.9,1.033766,86
21-10-2025,NSE:QGOLDHALF,EQ,418.79,249783,3.12,3.33,0,106.07,0.54,1.01,5.98,9.12,13.96,22.59,22.21,37.46,39.45,50.45,-1,-1,-1,-1,-1,-1,-1,2,2,-1,-1,-2,-2,-2,-2,-2,-2,-0.96,-1.1,0,-0.63,0,29.86,37.84,72.28,104.57,13.96,14.5,23.4,42.5,27.95,23.88,12.81,20.99,15.16,28.85,39.09,1.161367,93,,,,,,,12.81,9.57,-6.02,17.92,12.2,1.055007,93
21-10-2025,NSE:IVZINGOLD,EQ,359.59,1938,4.25,4.34,3,11106.65,0.51,0.52,5.85,8.98,13.75,22.42,21.84,37.87,39.49,49.99,-1,-1,-1,-1,-1,-1,-1,-1,2,-1,-1,-6.3,-6.3,-6.3,-6.3,-6.3,-6.3,-1.07,-1.22,0,-1.96,-0.22,29.63,37.49,71.48,104.35,13.36,14.3,23.97,42.9,26.97,23.64,12.6,20.82,14.79,29.26,39.13,1.161145,93,,,,,,,12.6,9.6,-6.28,18.83,11.64,1.05526,93
21-10-2025,NSE:GOLDSHARE,EQ,2407.13,939805,2.38,2.66,0,107.35,0.14,0.19,5.64,9.13,13.74,22.54,22.4,37.26,39.54,50.58,-1,-1,-1,-1,-1,-1,-1,2,0,-1,-1,-2.1,-2.1,-2.1,-2.1,-2.1,-2.1,-1.17,-1.25,0,-0.07,0,29.73,37.19,71.76,105.26,13.6,14.46,23.46,42.03,28.78,24.09,12.59,20.94,15.35,28.65,39.18,1.160948,93,,,,,,,12.59,9.75,-5.71,17.47,12.66,1.054937,93
21-10-2025,NSE:GOLDETF,EQ,1125.21,1585549,1.63,2.01,0,124.42,0.57,0.96,6.02,9.39,13.85,22.54,22.3,37.24,39.47,49.75,-1,-1,-1,-1,-1,-1,-1,2,0,-1,-1,-1.64,-1.64,-1.64,-1.64,-1.64,-1.64,-0.91,-1.03,0,-0.4,0,29.5,37.01,70.72,102.14,13.95,14.36,23.11,42.2,26.87,22.36,12.7,20.94,15.25,28.63,39.11,1.16076,93,,,,,,,12.7,9.62,-5.84,17.55,12.58,1.054865,93
21-10-2025,NSE:LGHL,EQ,1895.48,129179,5.27,5.36,1,320.9,4.63,-4.52,-17.51,-16.95,-21.62,-10.16,34.71,32.26,62.99,76.5,-1,-1,-1,HVQ,HV2Y,HV2Y,-1,-1,-1,-1,-1,-18.54,-18.54,-18.54,-18.54,-18.54,-18.54,0,0,-20.8,-11.46,-24.56,14.08,53.6,177.04,349.2,5.7,38.75,79.33,100.62,204.29,66.23,-22.77,-11.76,27.66,23.65,62.63,1.160487,93,,,,,,,-22.77,8.97,35.2,-5.43,54.39,1.107339,98
21-10-2025,NSE:GOLDCASE,EQ,555.41,6888709,4.11,4.25,0,20.08,0.40,-0.15,5.88,9.31,13.7,22.26,22.01,37.5,39.19,NA,-1,-1,-1,-1,-1,-1,-1,-1,-1,-1,-1,-1.95,-1.95,-1.95,-1.95,NA,-1.95,-1.03,-1.08,0,-1.88,NA,29.3,36.97,70.46,NA,13.57,14.31,23.3,41.72,24.26,NA,12.55,20.66,14.96,28.89,38.83,1.159565,93,,,,,,,12.55,9.46,-5.85,18.18,11.73,1.054527,92
21-10-2025,NSE:GOLD1,EQ,7931.21,2779301,2.53,2.77,0,106.68,0.49,1.4,6.08,9.58,13.85,22.51,21.86,37.12,39.25,NA,-1,-1,-1,-1,-1,-1,-1,2,1,-1,-1,-1.96,-1.96,-1.96,-1.96,NA,-1.96,-0.99,-1.32,0,-0.37,NA,29.5,37.17,71.15,NA,13.72,14.36,22.95,42.54,14.71,NA,12.7,20.91,14.81,28.51,38.89,1.159393,93,,,,,,,12.7,9.58,-6.36,17.85,12.4,1.054623,92
21-10-2025,NSE:HDFCGOLD,EQ,12055.7,7359646,2.46,2.77,0,109.14,0.19,0.6,5.71,9.15,13.7,22.38,22.03,37.04,39.19,50.28,-1,-1,-1,-1,-1,-1,-1,3,0,-1,-1,-2.17,-2.17,-2.17,-2.17,-2.17,-2.17,-1.06,-1.24,0,-0.38,0,29.18,37.25,71.25,103.32,13.6,14.35,23.02,42.52,28,23.64,12.55,20.78,14.98,28.43,38.83,1.158836,93,,,,,,,12.55,9.6,-5.99,17.58,12.43,1.054371,92
21-10-2025,NSE:AXISGOLD,EQ,2401.81,1837800,2.78,3.19,0,106.54,0.50,0.05,5.58,9.17,13.77,22.25,21.66,37.19,39.22,50.22,-1,-1,-1,-1,-1,-1,-1,-1,3,-1,-1,-2.74,-2.74,-2.74,-2.74,-2.74,-2.74,-1.43,-1.17,0,-0.68,0,29.2,37.58,71.56,103.71,13.58,14.52,23.48,42.91,27.95,23.8,12.62,20.65,14.61,28.58,38.86,1.158545,93,,,,,,,12.62,9.37,-6.28,18.14,12.26,1.054502,92
21-10-2025,NSE:BSLGOLDETF,EQ,1415.55,743809,3.53,3.79,3,112.05,0.24,0.04,5.36,8.52,13.52,22.32,21.61,37.26,39.21,50.23,-1,-1,-1,-1,-1,-1,-1,3,1,-1,-1,-2.76,-2.76,-2.76,-2.76,-2.76,-2.76,-1.26,-1.64,0,-0.97,0,29.03,36.75,71.7,103.43,13.04,14.57,23.55,43.6,27.63,23.67,12.37,20.72,14.56,28.65,38.85,1.158328,93,,,,,,,12.37,9.72,-6.45,18.29,12.12,1.054564,92
21-10-2025,NSE:GOLDIETF,EQ,9877.45,7275490,2.59,2.87,0,109.17,0.87,0.51,5.55,8.71,13.63,22.3,21.82,37.05,39.18,50.09,-1,-1,-1,-1,-1,-1,-1,3,1,-1,-1,-2.38,-2.38,-2.38,-2.38,-2.38,-2.38,-1.39,-1.43,0,-0.48,0,29.1,36.92,71.49,103.18,13.31,14.53,23.12,43.01,27.9,23.58,12.48,20.7,14.77,28.44,38.82,1.158266,93,,,,,,,12.48,9.58,-6.15,17.8,12.4,1.05436,92
21-10-2025,NSE:INDIANB,EQ,94610.75,1576009,2.71,2.76,0,813.3,-0.06,5.55,6.84,10.91,13.75,21.95,28.34,35.16,36.25,38.58,-1,-1,-1,-1,HVQ,EEP,-1,-1,5,-1,-1,-0.06,-0.06,-0.06,-0.06,-0.06,-0.06,-0.32,-2.62,-4.27,-13.38,-14.84,32.33,47.32,70.93,73.15,17,14.14,29.44,22.49,12.27,10.38,12.6,20.35,21.29,26.55,35.89,1.158211,93,,,,,,,12.6,9.06,2.65,7.83,10.71,1.048794,90
21-10-2025,NSE:LICMFGOLD,EQ,639.66,7355,2.66,2.94,1,11483.3,0.18,0.13,5.46,8.84,13.43,22.22,20.65,37.48,39.47,50.44,-1,-1,HVQ,-1,-1,-1,-1,-1,1,-1,-1,-3.75,-3.75,-3.75,-3.75,-3.75,-3.75,-8.76,-1.97,0,-1.96,-0.07,28.94,37.09,71.32,104.89,13.45,14.41,23.53,44.67,28.11,24.02,12.28,20.62,13.6,28.87,39.11,1.157648,93,,,,,,,12.28,9.69,-7.54,19.52,12.21,1.055229,93
21-10-2025,NSE:SETFGOLD,EQ,11354.74,8727524,2.58,2.83,0,108.89,0.17,0.44,5.75,9.1,13.6,22.19,21.74,37,39.04,50.17,-1,-1,-1,-1,-1,-1,-1,-1,3,-1,-1,-2.35,-2.35,-2.35,-2.35,-2.35,-2.35,-1.07,-1.06,0,-0.54,0,29.05,37.12,70.81,102.96,13.37,14.37,22.85,42.72,27.87,23.73,12.45,20.59,14.69,28.39,38.68,1.157479,92,,,,,,,12.45,9.48,-6.11,17.82,12.26,1.054102,92
21-10-2025,NSE:GOLDBEES,EQ,26756.7,32099084,2.28,2.47,0,105.69,0.52,0.57,5.71,9.26,13.62,22.29,21.56,36.99,39.03,50.05,-1,-1,-1,-1,-1,-1,-1,-1,1,-1,-1,-2.24,-2.24,-2.24,-2.24,-2.24,-2.24,-1.06,-1.2,0,-0.64,0,29.03,37.19,71.05,102.86,13.47,14.38,23.34,42.71,27.81,23.69,12.47,20.69,14.51,28.38,38.67,1.157453,92,,,,,,,12.47,9.57,-6.47,17.99,12.25,1.054206,92
21-10-2025,NSE:NILASPACES,EQ,637.71,1271554,7.1,6.91,4,19.23,1.05,2.7,6.66,6.08,16.64,20.44,42.43,15.7,35.15,72.44,-1,HV2Y,HVY,HV2Q,-1,HV2Y,-1,-1,-1,-1,-1,0,0,0,0,0,0,-4.92,-12.62,-41.8,-14.77,0,46.68,78.72,79.72,300.63,20.19,37.95,42.99,39.95,248.6,168.17,15.49,18.84,35.38,7.09,34.79,1.156964,92,,,,,,,15.49,4.09,22.12,-48.11,32.09,1.056522,94
21-10-2025,NSE:GPECO,ST,666.78,30636,4.67,5.03,4,491.25,1.38,-5.8,-7.52,-14.4,-14.91,-4.3,34.99,50.13,46.28,NA,-1,-1,HV2Q,HV2Q,HVQ,HVQ,-1,-1,-1,-1,-1,-16.2,-20.32,-20.32,-20.32,NA,-16.2,-8.43,-5.44,-23.6,-44.37,NA,1.38,59.37,120.49,NA,1.38,49.7,120.37,43.33,9.96,NA,-16.06,-5.9,27.94,41.52,45.92,1.15674,92,,,,,,,-16.06,8.78,32.14,21.6,1.31,1.067959,95
21-10-2025,NSE:NRAIL,BE,667.15,40082,8.84,8.78,1,471.5,1.59,7.71,14.62,10.38,16.86,24.96,40.57,24.07,23.98,2.76,HVQ,HVQ,-1,HV2Q,HV2Q,HV2Y,-1,-1,-1,-1,-1,-1.9,-1.9,-1.9,-1.9,-10.59,-1.9,-8.6,-8.23,-43.51,-32.11,-32.03,38.01,106.81,117.08,117.08,27.83,19.37,62.89,29.01,9.08,1.7,15.71,23.36,33.52,15.46,23.62,1.156522,92,,,,,,,15.71,9.28,15.27,-29.45,8.89,1.040182,88
21-10-2025,NSE:ROSSTECH,EQ,2860.03,224518,4.57,4.48,5,679.05,1.97,2.16,-2.08,-4.65,-10.51,27.88,53.6,31.42,NA,NA,-1,-1,HV2Y,-1,-1,-1,-1,-1,-1,-1,9,-14.48,-14.48,-14.48,NA,NA,-14.48,0,-1.23,-42.04,NA,NA,31.09,125.22,NA,NA,3.21,88.32,103.58,30.97,NA,NA,-11.66,26.28,46.55,22.81,0,1.156083,92,,,,,,,-11.66,34.29,30.13,-49.5,109.02,1.072249,96
21-10-2025,NSE:MASON,ST,360.24,22300,3.4,3.57,3,205.55,0.17,4.65,0.54,5.13,0.27,6.96,51.64,35.42,25.83,NA,-1,-1,-1,HV2Q,-1,-1,-1,-1,-1,-1,-1,0,-3.95,-3.95,-3.95,NA,0,-4.21,0,-53.05,-37.29,NA,7.39,111.15,161.35,NA,7.39,28.13,143.17,26.38,43.67,NA,-0.88,5.36,44.59,26.81,25.47,1.155701,92,,,,,,,-0.88,6.25,42.5,-35.23,-5.82,1.055925,93
21-10-2025,NSE:INDNIPPON,EQ,2248.57,81619,5.26,5.19,2,1019.65,-1.39,4.84,-5.91,11,2.93,23.56,38.92,36.19,28.02,35.02,-1,HV2Y,-1,HV2Q,HV2Q,HV2Y,-1,-1,-1,-1,2,-5.58,-5.58,-5.58,-5.58,-5.58,-5.58,-1.19,-1.14,-25.1,-21.76,-11.75,34.22,73.93,84.7,84.7,12.99,37.77,41.18,12.82,6.25,19.84,1.78,21.96,31.87,27.58,27.66,1.155352,92,,,,,,,1.78,20.79,14.56,-6.14,-3.77,1.044708,89
21-10-2025,NSE:LAURUSLABS,EQ,50203.72,1756741,2.73,2.75,3,923.9,0.35,4.97,6.55,8.98,-0.89,10.22,29.46,39.63,48.01,57.69,-1,-1,EEP,-1,-1,-1,-1,-1,-1,-1,17,0,-0.88,-0.88,-0.88,-0.88,0,0,0,0,-9.4,-5.31,12.42,57.46,106.55,143.74,11.01,39.89,62.4,55.22,50.63,29.71,-2.04,8.62,22.41,31.02,47.65,1.154863,92,,,,,,,-2.04,10.55,15.9,12.73,22.91,1.062473,94
21-10-2025,NSE:EGOLD,EQ,372.41,563722,2.24,2.45,0,127.25,-0.16,0.24,5.46,9,13.32,21.85,21.85,36.5,38.7,49.63,-1,-1,-1,-1,-1,-1,-1,-1,2,-1,-1,-2.42,-2.42,-2.42,-2.42,-2.42,-2.42,-0.99,-1.39,0,-0.92,0,28.86,35.88,68.99,102.31,13.06,14.12,22.93,41.06,43.77,38.79,12.17,20.25,14.8,27.89,38.34,1.154754,92,,,,,,,12.17,9.38,-5.53,17.07,12.49,1.053164,92
21-10-2025,NSE:MUTHOOTFIN,EQ,118268.6,650458,1.98,2.03,1,3274.7,-1.43,1.72,0.98,6.41,10.38,18.06,30.6,33.43,40.24,58.74,-1,-1,EEP,EEP,EEP,EEP,-1,-1,4,-1,-1,-1.79,-1.79,-1.79,-1.79,-1.79,-1.79,-1.79,0,-5.95,-3.41,-4.91,30.47,61.26,84.98,156.9,8.42,16.93,33.03,31.07,71.02,53.51,9.23,16.46,23.55,24.82,39.88,1.153565,92,,,,,,,9.23,8.12,9.77,2.4,19.26,1.051711,91
21-10-2025,NSE:QPOWER,EQ,7767.64,789113,5.11,5.07,2,998.8,-0.16,2.78,-3.62,-5.86,-0.24,17.22,62.8,NA,NA,NA,-1,-1,HVQ,HVQ,-1,-1,-1,-1,-1,-1,0,-6.59,-6.59,-6.59,NA,NA,-6.59,0,-6.44,NA,NA,NA,37.43,195.42,NA,NA,4.47,63.94,202.3,NA,NA,NA,-1.39,15.62,55.75,0,0,1.151929,92,,,,,,,-1.39,16.96,49.53,98.32,9.02,1.130492,99
21-10-2025,NSE:GOLDETFADD,EQ,1020.99,626470,3.03,3.17,0,122.54,-0.84,0.06,4.46,8.1,12.64,21.35,21.14,36.32,38.49,NA,-1,-1,-1,-1,-1,-1,-1,-1,1,-1,-1,-3.43,-3.43,-3.43,-3.43,NA,-3.43,-1.27,-1.05,0,-0.51,NA,27.9,35.15,68.81,NA,12.15,14.31,23.33,41.99,27.31,NA,11.49,19.75,14.09,27.71,38.13,1.150875,92,,,,,,,11.49,9.51,-5.8,17.58,12.43,1.052636,91
21-10-2025,NSE:SKMEGGPROD,BE,913.39,52050,4.87,4.86,5,352.55,0.40,5.87,10.74,14.22,1.8,18.28,43.35,35.29,26.32,15.81,-1,-1,-1,HVQ,HVQ,HV2Y,-1,-1,-1,-1,-1,0,-5.13,-5.13,-5.13,-5.13,0,-6.84,-7.65,-30.18,-40.44,-32.19,23.7,93.63,118.96,118.96,16.58,42.7,78.93,24.04,6.86,20.34,0.65,16.68,36.3,26.68,25.96,1.150287,92,,,,,,,0.65,16.32,25.15,-15.91,-4.83,1.043646,89
21-10-2025,NSE:CHANDAN,ST,544.06,69696,3.55,4.65,0,323,4.99,3.68,22.96,28.07,30.37,32.91,38.85,NA,NA,NA,-1,-1,HVQ,-1,-1,-1,-1,1,-1,-1,-1,0,0,0,NA,NA,0,-13.45,0,NA,NA,NA,47.79,87.46,NA,NA,40.43,20.75,44.76,NA,NA,NA,29.22,31.31,31.8,0,0,1.150018,92,,,,,,,29.22,3.19,3.33,98.32,9.02,1.06516,95
21-10-2025,NSE:KINGFA,BE,5356.46,10501,4.7,4.6,3,4723.5,1.90,-0.34,6.95,5.39,6.76,26.01,33.5,31.96,30.6,59.74,-1,-1,HVQ,HVQ,HVQ,HV2Y,-1,-1,-1,-1,-1,-1.87,-1.87,-1.87,-1.87,-1.87,-1.87,-6.94,-3.91,-18.38,-16.48,-8.24,47.26,60,74.78,208.92,10.81,43.54,29.32,26.33,110.19,114.4,5.61,24.41,26.45,23.35,30.24,1.149825,92,,,,,,,5.61,20.18,4.6,-4,7.02,1.04543,90
21-10-2025,NSE:ASTERDM,EQ,33444.71,969169,3.03,3.05,2,722.95,0.66,4.98,8.49,13.78,10.01,18.58,29.12,31.44,40.81,38.8,-1,-1,HVQ,HV2Y,EEP,EEP,-1,4,-1,-1,14,0,0,0,0,0,0,0,-9.45,-2.25,-5.45,-18.13,25.44,43.17,83.49,124.69,15.98,13.47,49.4,59.25,54.05,33.01,8.86,16.98,22.07,22.83,40.45,1.148808,92,,,,,,,8.86,9.06,7.42,1.59,22.68,1.052329,91
21-10-2025,NSE:SYRMA,EQ,16032.26,1387718,4.04,4.04,3,795.65,2.02,-0.79,-7.08,0.09,-4.01,10.95,35.02,32.12,48.57,37.12,-1,-1,-1,EEP,EEP,EEP,-1,-1,-1,-1,11,-7.31,-7.51,-7.51,-7.51,-7.51,-7.31,-3.81,-0.8,-17.61,-13.94,-31.65,18.17,74.03,109.63,109.63,3.68,64.42,71.25,36.23,42.3,4.27,-5.16,9.35,27.97,23.51,48.21,1.148528,92,,,,,,,-5.16,13.92,21.5,-6.14,33.26,1.066237,95
21-10-2025,NSE:PARAGMILK,EQ,3521.59,1388086,4.41,4.36,3,302.8,0.36,12.47,6.49,12.98,2.86,16.23,36.42,43.41,24.59,7.35,-1,-1,HV2Y,EEP,EEP,EEP,-1,-1,-1,-1,-1,0,0,0,0,0,0,-1.41,-0.59,-17.86,-38.92,-18.61,42.55,68.33,114.27,114.27,16.61,39.33,79.49,36.24,8.73,44.89,1.71,14.63,29.37,34.8,24.23,1.148188,92,,,,,,,1.71,13.3,18.57,9.32,-24.24,1.040961,88
21-10-2025,NSE:KANPRPLA,EQ,513.31,17684,4.33,4.32,3,207.15,-1.16,-1.92,2.06,2.47,-7.02,-4.39,43.88,39.58,42.92,47.98,-1,-1,-1,HV2Y,HV2Q,HV2Y,-1,-1,-1,-1,-1,-6.03,-14.8,-14.8,-14.8,-14.8,-6.03,-8.82,-10.92,-22.08,-13.77,-18.53,5.06,81.61,94.87,130.17,3.53,12.44,103.43,9.37,39.07,31.39,-8.17,-5.99,36.83,30.97,42.56,1.147272,91,,,,,,,-8.17,2,40.71,-9.34,14.54,1.06576,95
21-10-2025,NSE:BALAJITELE,EQ,1491.27,191569,6.5,6.33,3,118.57,1.52,0.79,-2.75,-8.7,-3.92,15.5,25.74,36.7,47.81,-4.33,-1,HVQ,-1,HVQ,HVQ,HV2Y,-1,-1,-1,-1,-1,-13.41,-13.41,-13.41,-13.41,-14.51,-13.41,0,0,-6.51,-45.88,-55.39,36.52,78.22,132.04,132.04,6.21,41.88,96.07,72.31,31.5,4.18,-5.07,13.9,18.69,28.09,47.45,1.146612,91,,,,,,,-5.07,18.23,6.59,13.07,26.58,1.064598,94
21-10-2025,NSE:MAHSCOOTER,EQ,21028.57,12618,2.95,2.89,6,17204,-0.01,1.3,2.33,-2.16,-3.35,13.69,33.53,45.04,32.36,55.79,-1,-1,-1,HVQ,HV2Y,HV2Y,-1,-1,-1,-1,0,-3.74,-4.52,-4.52,-4.52,-4.52,-3.74,-1.32,-3.04,-8.76,-24.55,-7.15,17.81,59.31,89.95,152.84,2.74,30.35,63.94,31.32,38.97,71.01,-4.5,12.09,26.48,36.43,32,1.146154,91,,,,,,,-4.5,16.03,17.46,15.63,-14.04,1.048449,90
21-10-2025,NSE:SIRCA,EQ,2680.15,511986,2.98,2.93,4,496.05,0.59,-1.42,2.94,3.24,1.28,15.77,39.28,35.07,33.68,27.96,-1,-1,HV2Y,HV2Q,HV2Q,-1,-1,-1,-1,17,-1,-2.27,-2.27,-2.27,-2.27,-2.27,-2.27,0,-1.6,-20.42,-16.31,-14.51,19.88,90.57,106.9,106.9,4.15,32.28,74.26,25.63,13.16,15.58,0.13,14.17,32.23,26.46,33.32,1.145629,91,,,,,,,0.13,14.22,22.38,-8.62,6.88,1.047198,90
21-10-2025,NSE:TARACHAND,EQ,559.66,401004,8.9,9,0,90.73,4.00,1.17,2.61,24.21,21.12,16.06,29.77,39.48,16.46,64.25,-1,HV2Y,HV2Q,HV2Q,HV2Y,HV2Y,-1,-1,-1,-1,-1,-4.27,-4.27,-4.27,-4.82,-8.14,-4.27,-8.91,-3.07,-35.09,-44.41,-23.26,33.47,60.84,88.78,217.79,32.84,16.45,58.47,32.58,92.33,165.5,19.97,14.46,22.72,30.87,16.1,1.144988,91,,,,,,,19.97,-6.87,10.8,12.15,-29.02,1.033858,86
21-10-2025,NSE:CEATLTD,EQ,13712.58,220838,3.48,3.46,0,4289.7,2.04,19.04,19.09,21.81,20.83,16.06,30.1,29.04,31.35,37.13,EEP,EEP,-1,EEP,HV2Y,HV2Y,-1,-1,-1,-1,-1,0,0,0,0,0,0,-13.11,-8.07,-12.21,-10.88,-9.4,41.14,42.05,80.09,91.86,27.9,11.74,51.17,25.89,36.14,31.7,19.68,14.46,23.05,20.43,30.99,1.143235,91,,,,,,,19.68,-6.49,11.2,-3.19,12.28,1.042034,88
21-10-2025,NSE:LORDSCHLO,BE,447.86,24453,4.67,4.65,0,225.41,1.56,12.25,16.43,25.03,20.64,15.5,31.68,19.99,38.1,42.35,-1,-1,HVY,HVQ,HV2Q,HV2Y,-1,1,-1,-1,-1,0,-1.38,-1.38,-1.38,-1.38,0,-21.74,-1.39,-26.98,-14.48,-7.88,36.41,63.95,78.34,105.38,36.41,16.91,50.71,27.91,64.34,27.13,19.49,13.9,24.63,11.38,37.74,1.142739,91,,,,,,,19.49,-6.94,13.62,-18.8,31.66,1.05222,91
21-10-2025,NSE:SMLISUZU,EQ,5400.82,86362,4.9,4.77,3,2921.1,4.08,-6.64,-5.59,-8.48,-28.13,-14.69,39.03,54.76,37.7,49.66,-1,-1,EEP,EEP,EEP,HV2Y,-1,-1,-1,-1,-1,-17.85,-37.81,-37.81,-37.81,-37.81,-17.85,-20.31,0,-20.2,-45.14,-24.46,4.08,91.74,176.67,176.67,4.08,112.99,217.3,68.69,4.1,38.9,-29.28,-16.29,31.98,46.15,37.34,1.142582,91,,,,,,,-29.28,10.03,41.31,24.12,-28.68,1.071573,96
21-10-2025,NSE:FEDFINA,EQ,5555.45,1329855,4.13,4.14,1,151.85,3.71,-2.75,-6.4,-0.55,2.54,17.33,38.74,37.12,25.89,17.75,-1,-1,EEP,HV2Q,HV2Y,HV2Y,-1,-1,-1,10,-1,-6.58,-6.58,-6.58,-6.58,-6.58,-6.58,-2.47,-0.43,-26.75,-27.74,-14.84,23.1,80.77,84.04,84.04,3.71,30.26,52.15,12.74,1.63,1.28,1.39,15.73,31.69,28.51,25.53,1.141365,91,,,,,,,1.39,14.72,20.37,-4.34,-8.84,1.04004,88
21-10-2025,NSE:SJS,EQ,4662.6,172977,3.57,3.56,2,1547.9,1.17,1.16,1.87,5.67,4.35,20.68,37.46,32.07,28.76,60.14,-1,-1,HVQ,EEP,EEP,EEP,-1,-1,-1,-1,-1,0,0,0,0,0,0,0,-5.26,-25.7,-19.29,0,34.38,70.45,89.3,157.49,6.63,28.53,50.15,26.09,83.23,92.14,3.2,19.08,30.41,23.46,28.4,1.141022,91,,,,,,,3.2,16.61,15.63,-10.31,4.16,1.041927,88
21-10-2025,NSE:CCCL,EQ,1174.98,2563390,6.13,5.98,5,24.93,0.36,7.18,0.08,-1.97,-4.45,30.65,40.95,32.21,11.67,92.58,-1,-1,HV2Q,-1,HV2Y,HV2Y,-1,-1,-1,-1,-1,-4,-8.81,-8.81,-8.81,-13.08,-4,-4.75,-17.82,-48.68,-41.07,-23.22,67.32,84.67,118.3,1977.5,7.83,74.77,51.4,1077.6,1308.33,1735,-5.6,29.05,33.9,23.6,11.31,1.14083,91,,,,,,,-5.6,33.14,9.33,-16.49,-21.28,1.041938,88
21-10-2025,NSE:ECLERX,EQ,20480.12,127810,3.69,3.81,3,4439.8,2.91,9.21,9.68,8.8,3.82,16.39,42.26,26.42,32.55,45.95,-1,-1,HVQ,HV2Q,EEP,EEP,-1,-1,-1,-1,-1,0,-2.09,-2.09,-2.09,-2.09,0,-5.83,-0.09,-33.16,-14.81,-4.67,21.75,84.45,84.82,108.52,13.03,26.76,54.53,8.36,53.44,40.65,2.67,14.79,35.21,17.81,32.19,1.139881,91,,,,,,,2.67,12.61,25.42,-29.13,17.36,1.048386,90
21-10-2025,NSE:GRSE,EQ,29823.61,1421917,3.57,3.52,6,2642.3,0.20,3.02,-2.58,5.63,1.4,2.12,34.37,45.21,32.68,70.72,-1,-1,HVQ,EEP,EEP,EEP,-1,-1,-1,-1,-1,-3.72,-3.72,-24.35,-24.35,-24.35,-3.72,-25.41,-25.95,-32.48,-46.59,-34.38,13.03,63.43,117.59,285.29,5.96,11.45,112.97,42.8,111.11,159.37,0.25,0.52,27.32,36.6,32.32,1.137719,91,,,,,,,0.25,0.27,27.42,14.83,-13.84,1.046488,90
21-10-2025,NSE:MTARTECH,EQ,5507.5,439004,4.23,4.31,1,2139.6,-1.98,0.56,8.1,10.83,15.95,28.51,33.24,22.97,16.85,9.8,HV2Y,HV2Y,EEP,-1,EEP,EEP,-1,-1,-1,-1,-1,-6.52,-6.52,-6.52,-6.52,-6.52,-6.52,0,-13.61,-26.64,-23.29,-17.19,53.27,54.81,74.16,74.16,18.37,28.82,24.51,16.28,9.32,8.12,14.8,26.91,26.19,14.36,16.49,1.137227,91,,,,,,,14.8,14.48,1.09,-17.05,1.07,1.03217,85
21-10-2025,NSE:VIESL,SM,606.08,66720,5.18,5.43,6,235.55,0.51,7.28,4.59,7.88,-3.82,31.5,36.87,23.22,27.06,NA,-1,-1,-1,HVQ,HVQ,HVQ,-1,-1,-1,-1,-1,0,-3.68,-3.68,-3.68,NA,0,0,-18.47,-31.91,-17.19,NA,57.24,79.81,105.45,NA,10.72,63.25,40.73,29.7,12.09,NA,-4.97,29.9,29.82,14.61,26.7,1.1371,91,,,,,,,-4.97,33.56,2.31,-23.3,14.02,1.053124,91
21-10-2025,NSE:HINDCOPPER,EQ,27462.52,11047349,4.45,4.53,3,346.3,0.28,4.66,3.94,7.75,18.32,20.94,35.17,33.21,7.05,30.42,-1,HV2Y,HVY,-1,-1,HV2Y,-1,-1,6,-1,-1,-4.9,-4.9,-4.9,-4.9,-13.24,-4.9,-2.28,-3.51,-35.69,-42.05,-19.35,50.63,69.27,84.2,84.2,16.77,23.04,45.64,19.41,5.45,36.95,17.17,19.34,28.12,24.6,6.69,1.136625,91,,,,,,,17.17,2.74,12.48,-4.71,-30.15,1.025203,82
21-10-2025,NSE:RAMAPHO,BE,518.38,260130,7.68,7.93,1,168.59,3.96,6.63,5.99,12.39,13.3,4.03,29.69,38.96,35.04,40.18,HV2Y,HV2Y,-1,HVQ,HV2Q,HV2Y,11.23,-1,-1,-1,-1,-3.69,-3.69,-3.69,-3.69,-3.69,-3.69,-11.43,0,-1.64,-14.61,-3.83,25.7,71.05,107.39,124.41,15.48,25.01,99.03,45.82,36.98,45.78,12.15,2.43,22.64,30.35,34.68,1.136516,91,,,,,,,12.15,-11.15,21.2,11.51,2.6,1.045248,90
21-10-2025,NSE:SRM,EQ,1280.29,287192,4.46,4.42,2,543.7,1.14,-0.64,1.1,0,-2.9,6.68,32.34,27.88,50.41,NA,-1,-1,HV2Y,HVQ,HVQ,HVQ,-1,-1,-1,-1,-1,-4.69,-4.69,-4.69,-4.69,NA,-4.69,0,-0.54,-12.03,-6.23,NA,23.22,79.23,108.99,NA,1.88,26.79,73.17,76.26,152.4,NA,-4.05,5.08,25.29,19.27,50.05,1.136168,91,,,,,,,-4.05,8.84,21.97,-8.27,40.26,1.068556,95
21-10-2025,NSE:HCG,EQ,9034.12,347514,3.6,3.7,1,721.1,-1.73,3.92,9.66,12.71,10.21,21.27,20.19,30.68,39.16,50.03,-1,-1,-1,-1,-1,-1,-1,-1,-1,-1,-1,-1.73,-1.73,-1.73,-1.73,-1.73,-1.73,-6.9,-9.33,-3.38,-7.84,-2.39,28.45,36.39,74.69,128.78,14.56,22.46,17.84,65.18,58.6,39.2,9.06,19.67,13.14,22.07,38.8,1.135939,91,,,,,,,9.06,11.85,-6.9,11.46,21.25,1.051706,91
21-10-2025,NSE:KIOCL,EQ,26005.67,3050176,7.25,7.27,3,442.05,1.26,-3.72,-27.94,2.02,2.6,30.66,43.02,16.55,16.45,15.79,-1,HV2Y,HV2Y,HVQ,HVQ,HV2Y,-1,-1,-1,-1,11,-29.57,-29.57,-29.57,-29.57,-29.57,-29.57,-9.11,-17.23,-45.43,-33.32,-33.23,42.28,87.67,100.55,100.55,4.61,51.84,39.05,14.26,16.13,6.39,1.45,29.06,35.97,7.94,16.09,1.13565,91,,,,,,,1.45,28.35,12.3,-48.15,8.9,1.042516,89
21-10-2025,NSE:SBC,EQ,1015.71,9282841,2.94,2.91,1,23.22,0.56,3.06,3.45,7.84,7.88,27.13,40.09,24.17,13.78,36.26,-1,-1,-1,HV2Q,HV2Y,HV2Y,-1,-1,-1,-1,-1,-0.21,-0.21,-0.21,-0.21,-5.46,-0.21,-3.61,-2.61,-43.36,-28.31,-18.49,38.21,76.04,101.68,101.68,8.5,46.41,46.96,20.82,36.49,55.19,6.73,25.53,33.04,15.56,13.42,1.134548,90,,,,,,,6.73,20.44,12.26,-28.26,-4.69,1.032718,85
21-10-2025,NSE:MINDTECK,BE,723.38,154158,7.5,7.57,1,296.22,1.22,14.34,0.98,20.26,23.58,27.47,38.93,10.12,5.15,42.83,HVQ,HVQ,-1,HV2Q,HVQ,HV2Y,-1,-1,-1,-1,-1,0,0,0,-8.38,-17.06,0,-6.86,-19.08,-49.35,-25.45,-21.34,65.62,65.62,86.44,115.21,30.07,26.58,35.22,13.86,93.44,104.12,22.43,25.87,31.88,1.51,4.79,1.134482,90,,,,,,,22.43,4.64,10.27,-48.86,3.5,1.027213,84
21-10-2025,NSE:MCX,EQ,40933.84,536746,2.87,2.92,1,9187,-0.09,-2.29,10.65,13.57,12.36,10.21,34.94,33.57,30.03,62.02,-1,-1,-1,HV2Q,-1,EEP,-1,-1,-1,-1,-1,-3.71,-3.71,-3.71,-3.71,-3.71,-3.71,-11.14,-8.96,-13.62,-11.81,-1.27,24.32,62.01,103.23,189.03,17.84,8.95,82.48,57.06,92,102.24,11.21,8.61,27.89,24.96,29.67,1.134098,90,,,,,,,11.21,-2.91,22.01,-3.78,3.69,1.039754,88
21-10-2025,NSE:EFACTOR,SM,359.6,11712,4.4,5.19,0,298.6,4.77,15.57,2.88,11.25,10.58,17.62,48.59,9.24,22.22,45.01,-1,-1,HV2Q,HVQ,HV2Y,HV2Y,-1,-1,-1,-1,-1,-1.29,-1.29,-1.29,-6.48,-6.48,-1.29,-4.86,-12.14,-51.93,-15.13,-11.81,44.95,108.16,117.96,160.22,18.45,29.61,79.56,12.04,136.17,102.4,9.43,16.02,41.54,0.63,21.86,1.133454,90,,,,,,,9.43,7.41,32.07,-78.23,23.32,1.050204,91
21-10-2025,NSE:ABCAPITAL,EQ,75643.09,4363702,2.65,2.65,3,304.85,-0.16,2.25,0.44,4.92,5.15,11.09,33.14,41.68,25.85,40.82,-1,-1,EEP,EEP,-1,EEP,-1,-1,-1,-1,7,-0.16,-0.16,-0.16,-0.16,-0.16,-0.16,-0.81,-3.47,-15.79,-26.84,-6.98,22.53,58.83,100.14,100.14,9.3,16.22,77.95,33.81,6.56,35.48,4,9.49,26.09,33.07,25.49,1.13331,90,,,,,,,4,5.8,19.27,11.09,-18.12,1.03826,87
21-10-2025,NSE:GINNIFILA,BE,373.86,103676,4.94,4.82,4,45.27,-1.61,4.17,3.69,-2.74,2.25,-1.59,45.39,32.27,33.16,12.52,-1,-1,-1,HVQ,HV2Y,HV2Y,-1,-1,-1,-1,-1,-2.67,-17.87,-17.87,-17.87,-17.87,-2.67,-19.72,-7.41,-28.43,-29.76,-30.68,8.35,91.9,136.52,136.52,4.36,5.91,140.28,29.15,13.47,11.66,1.1,-3.19,38.34,23.66,32.8,1.131482,90,,,,,,,1.1,-4.39,40.72,-25.71,10.32,1.054904,93
21-10-2025,NSE:TI,EQ,8915.43,1276357,3.17,3.16,0,493.8,1.19,7.69,5.43,9.48,6.99,15.19,39.78,17.08,37.12,50.86,-1,-1,HV2Q,EEP,EEP,EEP,-1,-1,-1,-1,-1,0,-6.36,-6.36,-6.36,-6.36,0,-12.9,0,-34.49,-9.8,-3.94,11.59,78.98,125.57,168.08,11.59,35.77,91.31,35.84,122.29,68.57,5.84,13.59,32.73,8.47,36.76,1.130812,90,,,,,,,5.84,8.36,23.47,-39.38,33.19,1.054585,92
21-10-2025,NSE:KERNEX,EQ,1873.7,122818,5.37,5.36,1,1331.8,0.59,-1.28,15.66,21.54,16.53,16.69,34.83,3.5,40.51,52.4,HVQ,HVQ,-1,-1,-1,HV2Y,-1,-1,-1,-1,-1,-1.26,-1.26,-1.26,-12.65,-12.65,-1.26,-10.76,-21.7,-43.08,-15.71,-21.3,33.92,87.3,103.84,291.88,30.42,11.78,69.82,71.62,278.17,133.13,15.38,15.09,27.78,-5.11,40.15,1.129757,90,,,,,,,15.38,-0.26,16.25,-49.76,47.37,1.065001,95
21-10-2025,NSE:TATAINVEST,EQ,37243.04,7984868,9.46,9.53,1,875,8.70,-18.29,-5.2,-1.06,16.19,22.75,28.21,28.54,20.15,40.25,-1,HV2Q,-1,HVQ,HV2Q,HV2Q,-1,-1,-1,-1,-1,-17.3,-17.3,-17.3,-17.3,-17.3,-17.3,-2.25,-7.86,-14.95,-35.91,-28.39,32.11,50.71,67.61,67.61,20.18,12.12,29.48,20.33,19.61,33.64,15.04,21.15,21.16,19.93,19.79,1.128183,90,,,,,,,15.04,7.37,1.54,-1.23,-2.72,1.031419,85
21-10-2025,NSE:CHOICEIN,EQ,16658.1,496998,2.37,2.34,4,820.3,0.28,0.66,1.49,3.86,1.3,7.2,31.4,34.25,40.39,66.02,-1,-1,-1,EEP,-1,-1,-1,-1,-1,-1,6,-0.73,-0.73,-0.73,-0.73,-0.73,-0.73,-1.86,0,-0.19,-4.34,0,11.33,35.26,80.01,233.39,7.06,17.21,63.48,51.36,119.2,98.72,0.15,5.6,24.35,25.64,40.03,1.126798,90,,,,,,,0.15,5.52,20.55,2.48,18.36,1.049421,90
21-10-2025,NSE:TVSMOTOR,EQ,167981.3,793031,1.94,1.92,1,3658.3,0.17,4.19,3.96,5.98,3.52,22.49,25.14,37.73,24.17,44.35,-1,-1,HVY,-1,-1,-1,-1,-1,-1,13,-1,0,0,0,0,0,0,-1.72,-3.53,-7.16,-22.77,-5.95,31.86,37.34,68.07,92.64,7.33,28.13,27.41,25.82,19.96,46.08,2.37,20.89,18.09,29.12,23.81,1.126164,90,,,,,,,2.37,19.2,-2.11,15.13,-12.76,1.039989,88
21-10-2025,NSE:CENTEXT,EQ,203.6,592318,8.11,7.97,1,30.15,2.52,-10.38,-0.76,20,15.95,17.08,37.35,23.02,20.03,24.21,-1,2,HV2Q,HV2Q,HV2Y,HVQ,-1,-1,-1,-1,-1,-11.19,-11.19,-11.19,-11.19,-11.19,-11.19,-7.65,0,-36.93,-24.64,-21.72,44.47,77.14,82.84,82.84,25.57,28.43,51.61,14.55,34.94,40.17,14.8,15.48,30.3,14.41,19.67,1.125616,90,,,,,,,14.8,0.88,18.91,-24.55,5.14,1.032124,85
21-10-2025,NSE:HIRECT,EQ,2965.24,54397,3.19,3.15,5,1603.6,0.56,-0.1,-4.93,-3.31,-7.61,16.83,38.54,22.32,39.46,65,-1,-1,HV2Y,HVQ,HV2Q,HV2Y,-1,-1,-1,-1,-1,-6.13,-21.21,-21.21,-21.21,-21.21,-6.13,-15.22,-4.04,-36.53,-19.78,-0.75,22.43,83.49,92.67,190.9,0.56,38.94,60.24,42.49,125.99,76.12,-8.76,15.23,31.49,13.71,39.1,1.124392,90,,,,,,,-8.76,22.25,20.57,-28.08,31.09,1.059175,94
21-10-2025,NSE:RADICO,EQ,40963.46,240441,2.44,2.48,0,3302.1,1.46,11.83,9.23,12.58,7.56,17.39,23.93,33.42,32.77,47.63,-1,-1,-1,-1,EEP,EEP,-1,-1,-1,-1,9,0,0,0,0,0,0,0,-0.74,-3.6,-15.63,-1.57,23.24,35.37,74.64,118.56,14.54,21.18,44.28,52.39,45.53,46.93,6.41,15.79,16.88,24.81,32.41,1.123597,90,,,,,,,6.41,10.17,2.38,10.79,8.06,1.041826,88
21-10-2025,NSE:PARADEEP,EQ,14759.53,9917310,4.73,4.64,6,178.67,0.33,3.65,-5.97,-8.83,-0.56,-3.18,22.96,36.36,48.68,56.09,-1,-1,EEP,EEP,EEP,EEP,-1,-1,-1,-1,-1,-8.96,-22.84,-22.84,-22.84,-22.84,-8.96,-22.41,0,-0.04,-7.68,-2.95,6.83,29.41,107.85,176.15,3.79,13.8,112.18,68.28,75.73,41.73,-1.71,-4.78,15.91,27.75,48.32,1.121761,90,,,,,,,-1.71,-3.07,19.81,15.71,28.37,1.059655,94
21-10-2025,NSE:SHREEPUSHK,EQ,1251.47,606101,5.2,5.08,6,409.5,1.63,2.83,-2.67,-7.58,6.18,8.18,38.32,24.31,34.63,54.24,-1,-1,HV2Y,HVQ,HV2Y,HV2Y,-1,-1,-1,-1,-1,-9.95,-9.95,-9.95,-9.95,-9.95,-9.95,-5.01,0,-32.25,-16.87,-2.64,30.68,76.3,80.71,157.95,2.92,29.51,65.93,15.01,95.24,68.64,5.03,6.58,31.27,15.7,34.27,1.120666,90,,,,,,,5.03,1.67,27.29,-24.38,22.65,1.046791,90
21-10-2025,NSE:THYROCARE,EQ,6401.73,280171,5.32,5.28,1,1257.3,1.21,-0.58,3.05,6.47,4.09,5.11,36.76,35.23,29.25,53.96,-1,-1,EEP,EEP,EEP,EEP,-1,-1,-1,-1,-1,-1.44,-10.19,-10.19,-10.19,-10.19,-1.44,-13.86,-0.45,-23.37,-21.51,-1.67,11.84,63.46,89.61,123.08,11.84,26.06,79.91,24.95,44.5,57.82,2.94,3.51,29.71,26.62,28.89,1.120649,90,,,,,,,2.94,0.61,27.82,-4.11,-0.2,1.039525,88
21-10-2025,NSE:PPAP,BE,325.03,19997,5.7,5.83,1,272.07,3.50,16.58,17.69,20.27,15.36,15.43,34.56,22.11,24.91,20.24,HVQ,HVQ,-1,HVQ,HV2Y,HV2Y,-1,-1,-1,-1,-1,0,0,0,0,0,0,-11.71,-10.57,-24.24,-12.9,-16.03,31.24,66.31,68.9,68.9,31.24,10.89,42.84,10.54,21.58,17.21,14.21,13.83,27.51,13.5,24.55,1.120556,90,,,,,,,14.21,-0.38,17.08,-20.7,12.62,1.034654,86
21-10-2025,NSE:TVSSRICHAK,EQ,2451.79,12996,4.37,4.47,1,4183.9,1.56,9.12,8.56,23.3,23.24,24.12,27.69,24.29,2.16,1.79,-1,HVQ,HV2Y,HV2Y,-1,EEP,-1,-1,-1,-1,-1,0,0,0,0,-13.09,0,-3.18,-4.28,-37.16,-34.2,-14.97,48.93,49.35,70.85,70.85,31.72,14.31,29.64,23.55,1.89,8.66,22.09,22.52,20.64,15.68,1.8,1.119947,90,,,,,,,22.09,0.68,-0.83,-6.38,-20.22,1.020229,79
21-10-2025,NSE:HNGSNGBEES,EQ,1246.56,232471,1.42,2.33,1,500.98,-2.28,-4.64,-8.22,-5.58,-5.01,17.66,24.71,33.92,36.19,51.69,-1,-1,-1,-1,HV2Y,HV2Y,-1,-1,-1,7,-1,-11.1,-11.1,-11.1,-11.1,-11.1,-11.1,0,-7.47,-15.4,-19.17,-21.95,21.05,36.21,60.7,111.43,0,38.92,24.97,39.64,43.77,38.82,-6.16,16.06,17.66,25.31,35.83,1.116215,89,,,,,,,-6.16,21.12,3.04,10.55,12.46,1.048944,90
21-10-2025,NSE:MON100,EQ,10789.39,1003332,3.95,3.94,0,241.54,1.00,3.44,-3.61,8.99,11.43,18.56,31.24,17,31.63,40.1,-1,-1,-1,-1,-1,-1,-1,-1,-1,0,-1,-3.48,-3.48,-3.48,-3.48,-3.48,-3.48,0,-10.91,-24.78,-7.82,-2.79,21.74,42.86,47.88,71,12.97,17.31,20.43,14.51,43.59,18.28,10.28,16.96,24.19,8.39,31.27,1.116202,89,,,,,,,10.28,7.59,10.04,-22.4,26.65,1.041703,88
21-10-2025,NSE:ORIENTTECH,EQ,1500.98,1086855,7.46,7.4,0,472.05,1.29,0.95,-0.08,25.59,23.38,29.27,20.51,-32.14,37.49,NA,-1,HV2Y,HV2Q,-1,HV2Y,HV2Y,-1,-1,-1,-1,-1,-6.6,-6.6,-6.6,-28.7,NA,-6.6,0,-49.57,-43.32,-1.82,NA,56.26,56.26,67.48,NA,36.31,19.73,11.08,48.56,146.93,NA,22.23,27.67,13.46,-40.75,37.13,1.115338,89,,,,,,,22.23,7.23,-17.91,-67.9,61.71,1.08492,96
21-10-2025,NSE:DELPHIFX,BE,266.85,16399,5.67,5.51,0,248.62,0.61,8.26,10.07,12.07,10.32,10.19,47.07,27.65,-5.51,0.4,HVQ,HVQ,HV2Y,HV2Q,HV2Y,HV2Y,-1,-1,-1,-1,-1,0,0,0,-21.71,-21.71,0,-1.12,-0.97,-58.56,-43.36,-1.39,39.51,124.06,144.38,144.38,13.72,66.43,119.48,29.35,9.94,58.75,9.17,8.59,40.02,19.04,-5.87,1.115141,89,,,,,,,9.17,-0.61,35.53,-38.37,-36.82,1.02561,83
21-10-2025,NSE:TIRUPATI,SM,587.54,4030,4.4,5.45,0,760.1,-2.92,6.6,19,24.35,24.75,36.72,-25.25,2.89,33.21,84.61,-1,-1,-1,-1,-1,-1,-1,1,-1,-1,-1,-2.92,-2.92,-23.43,-23.91,-23.91,-2.92,-21.1,-51.85,-4.7,-9.32,-3.3,61.72,61.72,61.72,648.87,37.91,21.7,0.89,138,672.93,431.57,23.6,35.12,-32.3,-5.72,32.85,1.115123,89,,,,,,,23.6,15.45,-103.45,20.78,40.25,1.078235,96
21-10-2025,NSE:INDIAGLYCO,EQ,5390.71,282885,3.95,3.97,0,986.85,-0.86,3.22,8.67,15.74,11.54,7.31,27.42,35.34,27.54,57.27,-1,-1,-1,EEP,EEP,EEP,-1,2,-1,-1,-1,-0.99,-0.99,-6.54,-6.54,-6.54,-0.99,-17.32,-13.37,-3.79,-14.3,-3.96,22.32,44.38,88.12,178.04,18.68,8.21,74.38,42.1,79.77,101.46,10.39,5.71,20.37,26.73,27.18,1.114788,89,,,,,,,10.39,-5.24,16.17,9.24,-3.04,1.034969,86
21-10-2025,NSE:MARUTI,EQ,499271.29,500110,1.54,1.59,4,16396,-0.17,0.82,1.76,2.51,3.24,24.34,28.43,26.25,24.47,34.68,-1,-1,HV2Q,-1,-1,EEP,-1,-1,11,-1,-1,-0.17,-0.17,-0.17,-0.17,-0.17,-0.17,0,-5.59,-13.05,-10.4,-8.24,33.28,40.16,52.71,52.71,3.73,28.95,9.49,9.29,21.51,24.44,2.09,22.74,21.38,17.64,24.11,1.11386,89,,,,,,,2.09,21.34,-0.12,-4.73,6.61,1.03716,87
21-10-2025,NSE:MAFANG,EQ,4131.45,279854,0.34,0.99,3,167.34,0.55,0.63,-0.98,-0.56,0.17,8.98,32.77,21.26,42.33,51.42,-1,-1,-1,-1,HVQ,HVQ,-1,-1,-1,14,-1,-2.94,-2.94,-2.94,-2.94,-2.94,-2.94,-1.39,-2.81,-25.03,-6.84,-5.08,10.08,53.12,75.7,109.57,0.64,24.17,45.56,23.41,76.48,29.25,-0.98,7.38,25.72,12.65,41.97,1.113145,89,,,,,,,-0.98,8.37,20.61,-18.8,35.78,1.055316,93
21-10-2025,NSE:AUBANK,EQ,53454.8,2947643,2.63,2.85,1,861.35,-0.44,10.3,11.3,14.27,16.56,12.59,28.74,29.95,19.14,30.96,EEP,EEP,-1,EEP,-1,-1,-1,3,-1,-1,-1,-0.44,-0.44,-0.44,-0.44,-0.44,-0.44,-14.27,-10.19,-18.43,-19.81,-7.45,24.06,29.44,75.14,75.14,22,3.51,53.09,24.81,12.24,24.39,15.41,10.99,21.69,21.34,18.78,1.112542,89,,,,,,,15.41,-5.22,12.95,0.01,-6.4,1.02794,84
21-10-2025,NSE:GOODLUCK,EQ,3656.24,342100,4.61,4.64,2,1266.8,3.34,0.32,1.06,0.7,14.08,7.74,37.85,30.27,12.76,20.28,-1,HV2Y,HVQ,HVQ,EEP,EEP,-1,-1,-1,-1,-1,-3.05,-3.05,-3.05,-3.05,-3.05,-3.05,-13.97,-0.65,-39.5,-32.12,-15.09,30.5,83.66,105.32,105.32,14.97,12.13,89.42,27.61,11.98,40.08,12.93,6.14,30.8,21.66,12.4,1.112487,89,,,,,,,12.93,-7.84,27.1,-13.88,-16.08,1.027213,84
21-10-2025,NSE:NYKAA,EQ,69858.13,7073799,3.01,3.04,3,256.86,-0.24,0.42,-2.16,9.93,5.15,16.29,26.83,31.88,27.67,43.3,-1,-1,-1,-1,HV2Y,HV2Y,-1,-1,-1,9,-1,-3.14,-3.14,-3.14,-3.14,-3.14,-3.14,-1.48,-2.27,-17.12,-22.84,-18.08,27.08,34.08,61.75,73.61,11.38,22.9,35.41,18.35,20.14,27.55,4,14.69,19.78,23.27,27.31,1.112118,89,,,,,,,4,11.28,7.07,5.22,2.85,1.035618,86
21-10-2025,NSE:PREMEXPLN,EQ,3331.04,1386638,5.28,5.24,0,632.55,3.06,1.16,-3.07,10.37,1.6,18.82,37.29,26.51,18.41,55.5,-1,-1,HV2Y,EEP,HVQ,EEP,-1,-1,-1,-1,-1,-5.25,-5.25,-5.25,-5.25,-29.03,-5.25,0,-17.93,-44.64,-47.85,-42.1,48.38,63.43,102.9,136.2,12.03,46,64.72,27.23,73.58,92.72,0.45,17.22,30.24,17.9,18.05,1.110851,89,,,,,,,0.45,17.04,17.23,-18.87,-2.01,1.031521,85
21-10-2025,NSE:TRANSTEEL,SM,276.33,51520,3.7,3.71,5,133.55,2.42,4.08,-0.11,6.66,3.74,-8.46,26.66,20.78,52,32.98,-1,-1,-1,-1,HV2Y,HV2Y,-1,-1,-1,-1,-1,-0.11,-8.15,-8.15,-8.15,-8.15,-0.11,-11.59,0,-9.18,-0.89,-39.95,9.47,49.47,205.26,205.26,7.53,5.37,62.12,123.89,141.83,6.74,2.59,-10.06,19.61,12.17,51.64,1.110434,89,,,,,,,2.59,-13.14,26.85,-9.69,48.43,1.072373,96
21-10-2025,NSE:BAJFINANCE,EQ,618480.9,7430574,2.08,2.1,0,1086.5,0.51,6.2,6.44,8.79,8.66,12.71,14.77,33.18,35.97,39.54,-1,-1,-1,-1,EEP,EEP,-1,-1,-1,3,-1,0,0,0,0,0,0,-1.72,-1.28,-0.14,-6.55,-10.45,27.37,27.37,68.04,72.15,10.29,16.35,32.06,43.38,15.03,10.22,7.51,11.11,7.72,24.57,35.61,1.110113,89,,,,,,,7.51,3.97,-3.17,19.93,13.2,1.044597,89
21-10-2025,NSE:GANESHIN,SM,969.78,192704,4.87,4.86,5,239.8,0.67,4.23,-0.79,4.46,5.71,17.95,34.4,35.93,NA,NA,-1,-1,HVQ,HVQ,-1,-1,-1,-1,-1,-1,-1,-0.79,-11.66,-11.66,NA,NA,-0.79,-16.71,-5.23,-6.37,NA,NA,22.04,50.06,NA,NA,9.15,39.44,79.6,43.59,NA,NA,4.56,16.35,27.35,27.32,0,1.109212,89,,,,,,,4.56,12.52,14.52,0.64,109.02,1.047686,90
21-10-2025,NSE:RACLGEAR,EQ,1074.96,127836,9.73,9.57,2,1136.9,1.19,3.86,-11,0.01,20.13,19.87,26.41,28.44,NA,NA,-1,HV2Y,HVQ,HV2Y,HV2Y,HV2Y,-1,-1,-1,-1,-1,-9.91,-9.91,-9.91,NA,NA,-9.91,-10.25,-17.35,-9.27,NA,NA,36.2,47.69,NA,NA,24.34,8.78,36.5,25.36,NA,NA,18.98,18.27,19.36,19.83,0,1.108043,89,,,,,,,18.98,-0.78,2.63,1.07,109.02,1.038819,87
21-10-2025,NSE:WHEELS,EQ,1991.05,104009,4.04,4.33,2,960.2,3.50,3.68,8.32,6.27,15.93,13.96,26.48,28.62,18.57,37.5,-1,HVY,-1,-1,-1,HV2Y,-1,-1,7,-1,-1,0,0,0,0,0,0,-2.61,0,-20.78,-23.97,-13.27,33.72,48.41,71.37,72.88,20.37,12.42,47.46,26,23.41,40.77,14.78,12.36,19.43,20.01,18.21,1.107036,89,,,,,,,14.78,-2.81,9.02,1.23,-5.05,1.026587,83
21-10-2025,NSE:GALLANTT,EQ,15972.8,309828,3.76,3.69,6,595.6,-1.10,-8.58,-9.77,-11.9,-11.06,-6.26,20.97,45.95,39.77,66.81,-1,-1,HV2Q,HV2Q,HV2Q,HV2Y,-1,-1,-1,-1,-1,-11.26,-24.11,-24.11,-24.11,-24.11,-11.26,-15.72,0,-0.45,-17.94,-8.56,3.59,43.29,97.81,218.25,0,26.25,110.2,60.81,72.03,91.69,-12.21,-7.86,13.92,37.34,39.41,1.106669,89,,,,,,,-12.21,3.86,20.1,29.92,-2.41,1.05351,92
21-10-2025,NSE:ATLANTAA,EQ,338.88,689722,6.22,8.55,3,50.15,-0.14,-5.2,-35.71,24.15,17.63,31.92,30.47,11.55,-12.78,54.84,-1,HV2Y,HVY,-1,-1,HV2Y,-1,-1,-1,-1,-1,-26.32,-26.32,-26.32,-26.32,-26.32,-26.32,-6.03,-27.68,-45.88,-31.15,-12.21,67.67,67.67,80.46,159.17,31.83,38.11,22.85,25.48,129.25,192.3,16.48,30.32,23.42,2.94,-13.14,1.106025,89,,,,,,,16.48,16.9,-7.67,-28.9,-18.48,1.013798,75
21-10-2025,NSE:MOSCHIP,EQ,5160.43,8049819,5.15,5.2,2,273.02,0.69,7.34,-2.86,9.45,1.19,38.02,35.34,NA,NA,NA,-1,-1,HV2Y,HV2Y,HV2Y,-1,-1,-1,-1,8,-1,-3.79,-3.79,-3.79,NA,NA,-3.79,-0.21,-16.4,NA,NA,NA,74.64,82.92,NA,NA,13.88,72.56,21.64,NA,NA,NA,0.04,36.42,28.29,0,0,1.10543,88,,,,,,,0.04,36.81,-9.86,98.32,9.02,1.06955,95
21-10-2025,NSE:POONAWALLA,EQ,39038.35,3388899,3.68,3.65,3,514.9,0.59,-0.45,-4.29,2.6,2.85,10.89,20.83,39.55,26.01,8.61,-1,-1,HV2Y,-1,HV2Y,HV2Y,-1,-1,-1,-1,-1,-5.09,-5.09,-5.09,-5.09,-5.09,-5.09,-0.37,-2.9,-1.36,-37.81,-23.88,24.58,39.33,88.06,88.06,6.62,21.04,67.59,48.89,4.78,11.24,1.7,9.29,13.78,30.94,25.65,1.104974,88,,,,,,,1.7,7.82,5.63,21.97,-13.39,1.036768,87
21-10-2025,NSE:KAMATHOTEL,EQ,918.16,185827,4.29,4.2,5,305.05,1.87,4.34,-6.82,2.36,-2.03,22.53,9.42,31.39,35.69,3.64,-1,-1,HVQ,HV2Y,HV2Q,HV2Q,-1,-1,-1,-1,-1,-6.38,-6.38,-6.38,-11.19,-11.19,-6.38,-1.92,-31.21,-19.56,-37.21,-41.15,28.58,36.76,63.92,63.92,4.54,34.96,15.62,48.47,12.47,4.05,-3.18,20.93,2.37,22.78,35.33,1.104051,88,,,,,,,-3.18,23.62,-22.45,22.57,15.29,1.054935,93
21-10-2025,NSE:SAMMAANCAP,EQ,11869.54,24971286,4.23,4.26,2,175.12,1.82,5.91,6.87,11.91,18.22,21.78,29.1,11.48,16.21,1.18,-1,HV2Y,HV2Y,HV2Y,HVQ,HVQ,-1,-1,-1,3,-1,0,0,0,0,-15.4,0,-0.2,-15.29,-29.71,-25.12,-29.11,52.32,54.71,70.57,70.57,29.7,24.56,33.42,20.93,16.42,0.92,17.07,20.18,22.05,2.87,15.85,1.103862,88,,,,,,,17.07,3.89,3.83,-26.53,14.36,1.026878,84
21-10-2025,NSE:STLTECH,EQ,6062.83,1902870,4.19,4.11,5,116.75,-0.67,3.53,-2.31,0.16,-6.12,-0.06,45.21,30.58,21.63,17.64,-1,-1,-1,HVY,-1,HV2Y,-1,-1,-1,-1,-1,-5.55,-15.14,-15.14,-15.14,-15.14,-5.55,-9.94,-1.2,-41.58,-26.73,-17.28,9.47,96.28,110.51,110.51,3.66,24.05,110.63,15.34,5.83,11.43,-7.27,-1.66,38.16,21.97,21.27,1.103608,88,,,,,,,-7.27,5.25,39.71,-28.37,-3.87,1.04311,89
21-10-2025,NSE:GPIL,EQ,17483.69,4609575,3.33,3.32,6,255.99,1.45,4.56,4.97,2.6,-2.23,24.69,22.47,27.33,26.83,40.4,-1,-1,HV2Q,-1,-1,HV2Y,-1,-1,-1,-1,-1,-4.6,-5.23,-5.23,-5.23,-5.23,-4.6,-3.12,-6.51,-15.75,-21.04,-18.96,36.25,44.95,68.94,92.43,6.24,48.19,27.22,30.98,39.83,40.8,-3.38,23.09,15.42,18.72,26.47,1.103467,88,,,,,,,-3.38,25.88,-8.49,4.6,8.33,1.042254,89
21-10-2025,NSE:EICHERMOT,EQ,191459.75,538772,1.65,1.67,6,7018.5,0.07,1.87,0.88,0.48,0.64,20.81,17.59,28.08,33.34,44.83,-1,-1,-1,-1,EEP,EEP,-1,-1,-1,10,-1,-0.4,-0.4,-0.4,-0.4,-0.4,-0.4,0,-4.35,-0.46,-4.95,-7.59,30.31,32.21,52.95,89.7,2.01,29.47,18.17,26.37,36.44,26.45,-0.51,19.21,10.54,19.47,32.98,1.10345,88,,,,,,,-0.51,19.84,-9.6,11.05,16.34,1.045356,90
21-10-2025,NSE:MACOBSTECH,SM,205.7,24912,2.39,2.53,3,212.4,2.16,4.45,5.37,3.01,1.13,18.67,22.29,18.67,38.32,NA,-1,-1,HV2Q,-1,HVQ,HVQ,-1,-1,-1,11,-1,0,0,0,0,NA,0,0,-4.03,-7.54,-3.22,NA,30.03,31.11,72.4,NA,5.67,29.63,13.28,68.68,76.55,NA,-0.02,17.07,15.24,10.06,37.96,1.101388,88,,,,,,,-0.02,17.28,-1.07,-6.35,33.19,1.049904,91
21-10-2025,NSE:BAJAJCON,EQ,3501.43,1037246,3.93,3.9,1,272.84,1.54,4.98,11.34,13.72,6.36,10.09,35.53,30.62,13.61,24.35,-1,-1,HV2Y,HV2Y,EEP,EEP,-1,-1,-1,-1,-1,0,0,0,0,-2.96,0,-0.91,0,-37.44,-32.67,-16.17,22.92,68.42,75.41,75.41,17.15,51.1,57.72,13.08,2.8,14.86,5.21,8.49,28.48,22.01,13.25,1.10068,88,,,,,,,5.21,3.52,22.77,-9.3,-15.5,1.024747,82
21-10-2025,NSE:MANAPPURAM,EQ,24309.61,3622983,2.61,2.58,6,286.1,-0.63,0.82,-1.7,1.17,-0.14,5.52,18.84,35.97,37.05,38.87,-1,-1,-1,EEP,EEP,HV2Y,-1,-1,-1,-1,25,-2.77,-3.38,-3.38,-3.38,-3.38,-2.77,-3.24,-3.31,-3.4,-19.77,-21.12,15.41,26.07,105.09,105.09,3.32,15.57,51.73,66.45,31.32,12.64,-1.29,3.92,11.79,27.36,36.69,1.100236,88,,,,,,,-1.29,5.19,8.57,19.43,10.7,1.043818,89
21-10-2025,NSE:BEL,EQ,299298.89,13146991,1.96,2.04,4,417.7,0.29,3.66,1.77,4.25,2.11,4.25,27.38,33.89,31.6,58.19,-1,-1,-1,-1,-1,-1,-1,-1,-1,-1,-1,0,0,-3.37,-3.37,-3.37,0,-5.4,-7.47,-5.6,-17.69,-14.84,14.8,40.36,70.77,136.52,5.63,12.38,63.51,24.02,58.12,63.58,0.96,2.65,20.33,25.28,31.24,1.100227,88,,,,,,,0.96,1.73,18.62,7.29,5.56,1.036931,87
21-10-2025,NSE:ETERNAL,EQ,325844.09,37777807,2.61,2.64,1,338.1,-0.01,-2.85,0.07,3.92,0.46,19.64,29.76,28.45,18.88,54.51,-1,-1,-1,-1,HV2Y,HV2Y,-1,-1,-1,17,-1,-4.59,-4.59,-4.59,-4.59,-4.59,-4.59,-0.38,0,-21.61,-20.15,-7.66,13.13,50.82,67.85,127.45,5.33,32.17,34.89,17.89,76.31,99.89,-0.69,18.04,22.71,19.84,18.52,1.099969,88,,,,,,,-0.69,18.81,7.07,-3.55,-4.35,1.03006,84
21-10-2025,NSE:HEROMOTOCO,EQ,108336.75,970386,2.08,2.11,3,5646.5,0.10,1.33,0.56,6.13,4.22,21.93,32.11,27.85,4.4,16.98,-1,-1,-1,EEP,-1,-1,-1,-1,-1,7,-1,0,0,0,0,-8.79,0,-0.64,-1.03,-38.07,-34.19,-12.8,33.46,50.96,61.65,61.65,7,28.19,26.2,9.75,0.75,28.11,3.07,20.33,25.06,19.24,4.04,1.098755,88,,,,,,,3.07,18.03,7.5,-7.95,-23.48,1.020924,80
21-10-2025,NSE:ROHLTD,EQ,1387.72,479582,4.06,3.99,5,510.8,1.82,3.43,-2.91,-2.11,1.29,14.29,22.92,28.87,31.48,26.07,-1,-1,HV2Y,-1,-1,EEP,-1,-1,-1,-1,-1,-6.41,-8.94,-8.94,-8.94,-8.94,-6.41,-10.12,0,-6.28,-14.14,-17.3,30.77,48.79,66.66,66.66,3.55,31.83,35.48,28.45,18.55,10.31,0.14,12.69,15.87,20.26,31.12,1.098013,88,,,,,,,0.14,12.71,4.54,6.03,12.69,1.038031,87
21-10-2025,NSE:ANURAS,EQ,12307,357846,3.57,3.5,1,1098,0.46,0.39,0.85,2.09,1.82,-5.6,26.91,37.35,33.56,24.37,-1,-1,-1,-1,-1,-1,-1,-1,-1,-1,-1,-2.99,-5.21,-5.69,-5.69,-5.69,-2.99,-7.4,-0.4,-0.61,-28.22,-23.87,3.13,34.74,74.77,74.77,3.13,0,84.56,27.74,1.98,0.17,0.67,-7.2,19.86,28.74,33.2,1.097521,88,,,,,,,0.67,-8.02,25.26,12.61,2.96,1.040221,88
21-10-2025,NSE:PASHUPATI,EQ,1134.95,14285,2.79,2.82,1,765,0.45,5.87,7.78,8.74,6.75,8.8,13.99,33.5,33.84,83.27,-1,-1,-1,-1,-1,HV2Y,-1,-1,-1,-1,22,0,0,0,0,0,0,-0.14,0,0,-12.89,-2.49,13.81,18.6,62.71,794.74,9.58,8.75,37.07,514.38,494.97,491.93,5.6,7.2,6.94,24.89,33.48,1.097336,88,,,,,,,5.6,1.74,0.16,21.01,9.53,1.040659,88
21-10-2025,NSE:NIKITA,SM,283.68,213264,7.71,7.53,2,149.15,0.88,7.95,22.49,25.65,22.9,39.12,NA,NA,NA,NA,-1,-1,-1,-1,-1,-1,4.86,-1,-1,-1,6,-0.2,-0.2,NA,NA,NA,-0.2,-10.3,NA,NA,NA,NA,86.67,NA,NA,NA,35.47,43.93,NA,NA,NA,NA,21.75,37.52,0,0,0,1.097009,88,,,,,,,21.75,20.58,94.47,-1.68,9.02,1.067828,95
21-10-2025,NSE:DCBBANK,EQ,4087.57,2369707,3.03,3.58,2,158.06,9.17,18.33,16.44,22.09,17.62,7.5,18.24,27.05,27.57,20.69,EEP,EEP,-1,EEP,-1,EEP,8.5,-1,-1,-1,-1,0,0,0,0,0,0,-12.72,-2.18,-4.6,-19.61,-20.18,31.49,31.49,55.08,55.08,28.35,8.32,43.46,26.8,5.54,0.16,16.47,5.9,11.19,18.44,27.21,1.096941,88,,,,,,,16.47,-12.75,6.08,9.09,9.74,1.033138,85
21-10-2025,NSE:MASPTOP50,EQ,1133.15,233716,0.81,1.18,1,68.06,0.56,0.97,-1.13,0.16,1.26,13.65,30.49,17.47,34.25,44.53,-1,-1,-1,-1,HV2Q,HV2Q,-1,-1,-1,16,-1,-2.09,-2.09,-2.09,-2.09,-2.09,-2.09,-0.84,-8,-25.94,-5.01,-3.97,17.71,41.09,52.94,83.35,0.98,24.65,31.15,12.14,55.81,24.13,0.11,12.05,23.44,8.86,33.89,1.096889,88,,,,,,,0.11,12.08,13.97,-20.41,29.35,1.043515,89
21-10-2025,NSE:V2RETAIL,EQ,6482.04,132239,5.6,5.65,0,2213.5,-1.98,-5.41,-5.15,6.3,16.06,15.04,13.66,15.44,35.37,83.26,-1,-1,-1,-1,-1,-1,-1,-1,-1,-1,-1,-9.49,-9.49,-9.49,-9.49,-9.49,-9.49,-6.75,-7.44,-5.93,0,-2.56,38.62,38.62,101.69,529.37,17.37,16.36,29.34,153.53,446.82,317.91,14.91,13.44,6.61,6.83,35.01,1.096489,88,,,,,,,14.91,-1.67,-7.16,0.38,32.59,1.043445,89
21-10-2025,NSE:MANORAMA,EQ,8478.61,122382,4.06,4.05,1,1497.1,1.91,1.84,3.36,5.04,4.5,-4.17,28.05,28.68,38.38,75.67,-1,-1,EEP,EEP,-1,EEP,-1,-1,-1,-1,-1,-2.87,-11.26,-11.26,-11.26,-11.26,-2.87,-15.25,-2.97,-12.45,-13.22,-2.09,13.63,27.1,93.52,384.58,7.39,8.52,101.59,72.7,245.61,198.59,3.35,-5.77,21,20.07,38.02,1.096471,87,,,,,,,3.35,-9.54,25.4,-0.8,22.62,1.044699,89
21-10-2025,NSE:DELHIVERY,EQ,35838.56,2754442,2.89,2.89,3,476.55,0.35,1.51,1.59,7.69,-0.47,9.12,38.31,30.28,14.27,11.99,-1,-1,-1,HV2Y,-1,-1,-1,-1,-1,-1,16,0,-1.64,-1.64,-1.64,-1.64,0,-1.18,0,-32.91,-29.78,-13.65,16.47,58.74,98.32,98.32,9.69,32.8,80.24,22.35,3.46,13.34,-1.62,7.52,31.26,21.67,13.91,1.096343,87,,,,,,,-1.62,9.08,26.59,-14.69,-13.94,1.027413,84
21-10-2025,NSE:AIMTRON,SM,1477.96,50320,3.58,3.56,4,753.6,1.63,5.07,8.22,6.03,3.14,-2.67,23.9,25.19,43.74,NA,-1,-1,-1,-1,-1,-1,-1,-1,-1,-1,-1,0,-3.75,-6.95,-6.95,NA,0,-9.87,-4.46,-11.9,-19.05,NA,15.97,54.3,97.43,NA,10.81,18.71,102.71,50.25,122.78,NA,1.99,-4.27,16.85,16.58,43.38,1.095629,87,,,,,,,1.99,-6.46,20.35,0.02,33.81,1.051194,91
21-10-2025,NSE:CEMPRO,EQ,13227.64,482721,3.75,3.75,3,797.85,-0.06,4.02,-3.64,2.17,3.2,-2.54,32.8,35.13,24.57,59.05,-1,-1,-1,EEP,HV2Y,HV2Y,-1,-1,-1,-1,-1,-5.66,-5.66,-14.62,-14.62,-14.62,-5.66,-17.36,-12.45,-16.88,-19.77,-6.7,15.88,65.82,65.82,196.43,4.19,12.17,70.04,13.7,92.29,123.59,2.05,-4.14,25.75,26.52,24.21,1.095162,87,,,,,,,2.05,-6.4,28.94,1.79,-7.26,1.033275,86
21-10-2025,NSE:KARURVYSYA,EQ,20957.15,2292480,3.09,3.09,0,244.84,1.46,9.66,10.73,12.64,11.3,8.19,23.02,24.87,30.47,39.81,EEP,EEP,-1,HV2Q,EEP,EEP,-1,-1,-1,-1,-1,0,0,0,0,0,0,-4.88,-1.55,-6.83,-9.07,-11.88,20.63,40.78,57.36,72.63,19.06,7.01,44.48,21.13,29.69,20.02,10.15,6.59,15.97,16.26,30.11,1.094675,87,,,,,,,10.15,-3.96,10.63,0.72,16.48,1.034218,86
21-10-2025,NSE:GCHOTELS,ST,481.44,36480,3.22,4.46,0,210,3.50,-0.55,9,4.81,9.52,18.62,45.12,NA,NA,NA,-1,-1,HVQ,-1,-1,-1,-1,-1,-1,-1,7,-5.49,-12.32,-12.32,NA,NA,-5.49,-20.67,-0.61,NA,NA,NA,28.83,96.35,NA,NA,14.13,28.34,59.79,NA,NA,NA,8.37,17.02,38.07,0,0,1.093323,87,,,,,,,8.37,9.59,27.03,98.32,9.02,1.066774,95
21-10-2025,NSE:ENDURANCE,EQ,40678.29,186920,3.39,3.35,4,2948.7,-0.57,5.84,-0.08,7.23,2.35,10.85,32.84,29.7,17.25,39.78,-1,-1,-1,EEP,-1,EEP,-1,-1,-1,-1,-1,-0.57,-3.04,-3.04,-3.04,-3.04,-0.57,-5.32,-8.86,-25.78,-24.64,-11.29,19.06,58.73,72.38,72.38,8.61,16.27,53.68,15.77,20.07,41.34,1.2,9.25,25.79,21.09,16.89,1.093233,87,,,,,,,1.2,8.24,19.14,-6.35,-8.69,1.02588,83
21-10-2025,NSE:SENORES,EQ,3281.55,261242,3.69,3.72,3,750.2,2.81,4.74,5.49,7.63,5.05,18.72,29.21,31.91,NA,NA,-1,-1,EEP,-1,-1,-1,-1,-1,-1,-1,-1,0,0,0,NA,NA,0,-4.43,-2.92,-15.45,NA,NA,23.2,55.08,NA,NA,11.37,35.97,26.06,19.54,NA,NA,3.9,17.12,22.16,23.3,0,1.092189,87,,,,,,,3.9,13.93,7.38,2.14,109.02,1.041563,88
21-10-2025,NSE:DECCANCE,EQ,1575.84,87399,4.25,4.17,3,1046.2,1.40,5.15,0.4,-3.72,-7.15,-1.52,25.26,32.16,40.8,41.36,-1,-1,HVQ,EEP,EEP,HV2Y,-1,-1,-1,-1,-1,-8.21,-8.21,-8.21,-8.21,-8.21,-8.21,0,-2.83,-12.98,-4.59,-13.95,5.43,46.56,85.96,95.88,5.43,40.41,78.05,38.99,32.89,15.97,-8.3,-3.12,18.21,23.55,40.44,1.092173,87,,,,,,,-8.3,4.8,20.84,7.55,21.75,1.047225,90
21-10-2025,NSE:DATAMATICS,EQ,5360.95,293453,3.59,3.56,6,864.4,1.06,0.1,-0.69,0.95,-4.66,10.47,29.74,27.54,29.86,28.47,-1,-1,EEP,HV2Q,EEP,EEP,-1,-1,-1,-1,-1,-4,-20.24,-20.24,-20.24,-20.24,-4,-16.53,0,-14.11,-12.38,-15.19,11.63,55.04,67.13,78.84,3.16,50.2,44.88,17.43,29.59,25.43,-5.81,8.87,22.69,18.93,29.5,1.090949,87,,,,,,,-5.81,14,15.99,-4.81,12.23,1.036854,87
21-10-2025,NSE:CENTUM,EQ,4133,41175,4.72,4.61,5,2556.1,1.18,1.48,-2.64,-4.15,-10.79,10.37,33.95,27.88,28.19,41.87,-1,-1,-1,HV2Y,EEP,EEP,-1,-1,-1,-1,-1,-11.2,-13.81,-13.81,-13.81,-13.81,-11.2,-4.51,-13.52,-26.9,-20.19,-11.31,21.54,57.67,119.95,119.95,3.94,34.66,97.13,45.28,28.6,28.04,-11.94,8.77,26.9,19.27,27.83,1.090214,87,,,,,,,-11.94,18.64,20.77,-10.86,9.45,1.038998,87
21-10-2025,NSE:ORICONENT,EQ,849.79,453085,3.75,3.64,3,53.28,0.15,-2.59,-5.09,0.36,-2.27,15.56,25,26.05,28.34,25.68,-1,-1,-1,HV2Q,HV2Y,HV2Y,-1,-1,-1,-1,-1,-4.84,-6.48,-6.48,-6.48,-6.48,-4.84,-4.35,-7.88,-9.1,-16.26,-18.85,18.56,33.23,92.49,92.49,0.64,21.85,18.08,44.36,42.34,23.56,-3.42,13.96,17.95,17.44,27.98,1.089611,87,,,,,,,-3.42,16.97,5.65,-0.28,12.12,1.035745,86
21-10-2025,NSE:ASAHIINDIA,EQ,21416.22,258966,3.38,3.38,1,938.9,1.33,4.16,7.09,6.78,6.42,11.22,23.82,29.68,21.28,44.58,-1,-1,HV2Y,EEP,EEP,HV2Y,-1,-1,-1,-1,12,-0.25,-0.25,-0.25,-0.25,-0.25,-0.25,-4.16,-4.52,-12.84,-19.55,-9.94,15.88,35.76,62.06,85.37,9.72,27.04,43.88,23.47,30.35,45.92,5.27,9.62,16.77,21.07,20.92,1.08866,87,,,,,,,5.27,4.67,8.66,6.02,-2.93,1.02659,84
21-10-2025,NSE:VASCONEQ,EQ,1450.5,6181750,6.22,6.49,2,66.86,1.98,5.82,-6.61,-3.77,4.02,14.4,37.29,20.69,9.14,-12.03,-1,HV2Y,HVQ,HV2Q,HVQ,HV2Y,-1,-1,-1,-1,-1,-6.2,-6.2,-6.2,-6.2,-18.55,-6.2,0,-3.16,-47.86,-41.37,-32.84,38.92,78.2,99.46,99.46,15.51,33.38,70.73,25.09,10.2,7.9,2.87,12.8,30.24,12.08,8.78,1.088383,87,,,,,,,2.87,10.36,21.2,-28.15,-5.54,1.021985,80
21-10-2025,NSE:INDRAMEDCO,EQ,4336.13,581517,5.13,5.02,2,563.25,-0.74,-1.69,-1.86,21.52,15.79,15.38,23.27,15.67,19.94,66.56,-1,HVY,HV2Q,HV2Q,EEP,EEP,-1,-1,-1,-1,-1,-1.82,-1.82,-1.82,-1.82,-1.82,-1.82,-6.73,-6.27,-23.61,-16.05,-5.86,28.3,48.58,80.27,249.19,27.42,20.38,52.54,82.98,194.48,179.57,14.64,13.78,16.22,7.06,19.58,1.087375,87,,,,,,,14.64,-0.94,3.79,-11.58,14.08,1.02544,83
21-10-2025,NSE:AVANTEL,EQ,4875.44,4973770,6.2,6.32,2,181.82,4.15,-0.49,-14.04,1.86,-1.07,20.34,30.04,27.2,8.09,NA,-1,HV2Y,HVQ,HVQ,HV2Y,HV2Y,-1,-1,-1,-1,-1,-14.1,-14.1,-14.1,-14.1,NA,-14.1,0,-20.17,-34.5,-31.84,NA,45.07,72.23,88.61,NA,4.28,46.63,50.24,31.95,5.32,NA,-2.22,18.74,22.99,18.59,7.73,1.087208,87,,,,,,,-2.22,20.73,6.64,-5.74,-17.23,1.022901,81
21-10-2025,NSE:BORORENEW,EQ,7583.22,801676,4.47,4.46,0,676.75,1.71,8.44,10.76,16.45,15.77,6.8,22.11,12.63,32.93,27.52,-1,HV2Q,EEP,EEP,EEP,EEP,-1,-1,-1,-1,-1,0,0,0,0,0,0,-12.22,0,-15.95,-6.23,-28.02,23.7,41.86,64.44,64.44,19.68,15.28,36.53,28.08,43.68,2.24,14.62,5.2,15.06,4.02,32.57,1.086579,87,,,,,,,14.62,-11.11,10.9,-13.86,32.26,1.03924,87
21-10-2025,NSE:NESCO,EQ,10746.55,109293,3.42,3.42,5,1398,3.27,4.76,0.85,5.68,-9.67,8.96,31.43,28.58,28.67,40.45,-1,-1,HVY,HV2Q,-1,-1,-1,-1,-1,-1,-1,-6.81,-11.41,-11.41,-11.41,-11.41,-6.81,-2.85,-1.51,-10,-6.26,-1.11,13.2,54.02,60.69,82.66,7.08,50.56,46.29,14.6,30.46,30.29,-10.82,7.36,24.38,19.97,28.31,1.086313,87,,,,,,,-10.82,16.53,19.15,-5.84,9.15,1.037303,87
21-10-2025,NSE:USHAMART,EQ,12899.72,1065899,4.11,4.09,2,460.05,1.35,-4.42,2,-3.56,7.28,16.68,32.26,22.19,5.04,29.94,HVQ,HVQ,HV2Q,EEP,EEP,EEP,-1,-1,-1,4,-1,-4.47,-4.47,-4.47,-4.47,-4.47,-4.47,0,-1.81,-29.31,-18.8,-0.91,35.51,59.05,59.05,65.81,6.53,37.53,32.52,7.35,29.01,57.45,6.13,15.08,25.21,13.58,4.68,1.085235,87,,,,,,,6.13,9.68,13.16,-16.54,-13.02,1.016693,77
21-10-2025,NSE:SETCO,EQ,235.3,139694,4.93,5.11,3,19.8,0.20,5.81,15.86,11.11,11.26,15.86,8.18,2.53,42.47,55.56,-1,-1,-1,-1,HVQ,HVQ,-1,-1,-1,-1,-1,0,0,-2.41,-6.87,-6.87,0,-10.22,-21.64,-14.49,-8.49,-27.96,41.94,41.94,104.76,221.95,19.42,25.95,2.46,88,213.82,85.2,10.11,14.26,1.13,-6.08,42.11,1.084658,86,,,,,,,10.11,4.72,-14.65,-7.84,50,1.059797,94
21-10-2025,NSE:NAVINFLUOR,EQ,24685.28,82899,2.81,2.8,0,5186.5,0.63,5.6,11.85,12.23,7.57,4.18,17.57,27.36,33.26,40.73,-1,-1,-1,-1,HV2Y,HV2Y,-1,-1,-1,-1,-1,0,-0.06,-0.06,-0.06,-0.06,0,-7.63,-2.75,0,-1.49,-8.94,13.93,22.26,61.2,77.36,13.93,3.92,39.5,33.04,28.84,18.36,6.42,2.58,10.52,18.75,32.9,1.084487,86,,,,,,,6.42,-4.13,8.45,10.19,17.15,1.035928,87
21-10-2025,NSE:VINYAS,SM,1617.77,7076,2.92,3.02,4,1221,0.00,7.32,2.74,-1.54,-5.13,-14.11,35.83,30.3,33.99,49.98,-1,-1,-1,-1,-1,HV2Y,-1,-1,-1,-1,-1,-5.92,-12.97,-12.97,-12.97,-12.97,-5.92,-8.5,0,-33.69,-38.21,-41.48,11.07,58.48,101.45,125.38,11.07,12.69,129.87,29.27,57.08,48.77,-6.28,-15.71,28.78,21.69,33.63,1.083785,86,,,,,,,-6.28,-9,38.23,-10.3,14.31,1.046858,90
21-10-2025,NSE:ASTRAMICRO,EQ,10793.35,606496,4.87,4.77,3,1104.85,0.00,1.36,-0.97,9.78,-3.25,11.44,24.75,30.49,24.65,44.3,-1,HVY,HVQ,EEP,-1,EEP,-1,-1,-1,-1,-1,-4.95,-4.95,-6.26,-6.26,-6.26,-4.95,0,-16.98,-11.04,-24.83,-18.53,16.93,40.53,82.57,111.8,12.29,20.73,61.7,37.38,47.23,59.58,-4.4,9.84,17.7,21.88,24.29,1.083718,86,,,,,,,-4.4,13.77,9.51,5.94,0.63,1.031175,85
21-10-2025,NSE:NSIL,EQ,3656.95,20147,4.14,4.36,1,8373,1.36,9.68,7.58,12.05,14.95,14.04,9.36,17.95,30.39,59.59,-1,HV2Q,-1,HVQ,HVQ,HV2Y,-1,-1,-1,3,-1,0,0,0,-11.14,-11.14,0,-2.32,-5.17,-19.45,-27.09,0,27.95,34.31,76.64,170.64,18.46,8.82,51.84,82.49,122.06,88.39,13.8,12.44,2.31,9.34,30.03,1.083131,86,,,,,,,13.8,-1.53,-10.98,7.8,24.18,1.036166,87
21-10-2025,NSE:JPOLYINVST,EQ,979.71,33118,5.73,5.7,3,1017.05,0.52,1.37,11.78,7.54,8.07,17.26,17.6,23.06,22.11,35.99,HV2Q,HV2Q,HV2Q,HV2Q,HVQ,HV2Y,-1,-1,-1,-1,-1,-3.88,-3.88,-3.88,-3.88,-3.88,-3.88,-9.98,-15.23,-18.38,-23.79,-14.66,40.99,40.99,76.85,76.85,13.35,29.62,46.32,45.72,27.87,29.45,6.92,15.66,10.55,14.45,21.75,1.083078,86,,,,,,,6.92,9.54,-5.12,4.95,7.79,1.028007,84
21-10-2025,NSE:BSE,EQ,88948.37,4871684,3.46,3.48,1,2487.8,-0.25,1.59,10.31,15.69,12.27,-1.35,16.37,19.68,39.41,68.35,-1,-1,-1,HV2Y,EEP,EEP,-1,0,-1,-1,-1,-0.85,-2.71,-17.22,-17.22,-17.22,-0.85,-22.61,-16.11,-0.69,0,-5.98,21.94,21.94,95.9,281.44,21.94,4.12,98.54,182.63,206.37,131.1,11.12,-2.95,9.32,11.07,39.05,1.082999,86,,,,,,,11.12,-15.98,11.95,2.27,33.59,1.044707,89
21-10-2025,NSE:JUBLCPL,BE,3857.18,20619,4.23,4.19,0,2486.7,0.35,11.23,5.81,6.34,-2.99,19.31,46.2,NA,NA,NA,-1,-1,HVQ,-1,-1,-1,-1,-1,-1,-1,-1,0,-15.85,-15.85,NA,NA,0,-13.33,0,NA,NA,NA,21.94,86.58,NA,NA,12.65,56.61,84.69,NA,NA,NA,-4.14,17.71,39.15,0,0,1.081296,86,,,,,,,-4.14,21.2,27.79,98.32,9.02,1.072039,96
21-10-2025,NSE:SHRIPISTON,EQ,11483.79,71846,2.78,2.75,3,2694.3,0.13,1.29,-0.75,-0.26,3.75,9.46,29.02,27.23,15.95,35.52,-1,-1,-1,EEP,-1,EEP,-1,-1,-1,-1,-1,-1.71,-1.71,-1.71,-1.71,-1.71,-1.71,-3.85,-5.52,-18.55,-16.49,-3.54,13.77,52.07,60.38,86.57,3.61,11.21,45.2,13.83,35.77,56.82,2.6,7.86,21.97,18.62,15.59,1.080558,86,,,,,,,2.6,5.47,16.07,-4.21,-6.48,1.022152,80
21-10-2025,NSE:GUJTHEM,EQ,4204.97,220348,4.37,4.37,0,458.25,1.25,10.13,9.51,11.59,15.7,20.95,33.54,NA,NA,NA,-1,-1,-1,HV2Y,HV2Y,-1,-1,-1,-1,-1,6,0,0,0,NA,NA,0,-3.57,-2.49,NA,NA,NA,34.7,73.65,NA,NA,16.09,18.93,65.48,NA,NA,NA,14.55,19.35,26.49,0,0,1.080438,86,,,,,,,14.55,5.77,10.4,98.32,9.02,1.045606,90
21-10-2025,NSE:FOSECOIND,EQ,3855.82,22230,3.66,3.69,4,5660.5,-0.28,-2.28,1.32,2.4,-6.61,12.2,30.44,30.5,15.89,36.17,-1,-1,HV2Y,HV2Q,HVQ,HVQ,-1,-1,-1,-1,-1,-3.71,-12.91,-12.91,-12.91,-12.91,-3.71,-7.15,-4.38,-22.87,-22.94,-6.73,19.7,54.46,70.48,94.38,5.65,31.62,49.69,18.59,35.09,63.5,-7.76,10.6,23.39,21.89,15.53,1.080343,86,,,,,,,-7.76,17.18,15.24,-1.59,-12.01,1.02651,83
21-10-2025,NSE:AGARWALTUF,SM,256.19,116616,5.27,5.41,4,152.3,-0.72,0.72,-5.06,0.03,4.73,16.12,33.45,22.88,NA,NA,-1,-1,HVQ,HVQ,HVQ,-1,-1,-1,-1,-1,-1,-8.94,-8.94,-8.94,NA,NA,-8.94,-8.6,-9.37,-28.65,NA,NA,25.87,41.15,NA,NA,0.73,26.56,49.77,18.82,NA,NA,3.58,14.52,26.4,14.27,0,1.080053,86,,,,,,,3.58,11.5,15.14,-17.57,109.02,1.031459,85
21-10-2025,NSE:VSTTILLERS,EQ,4515.29,30454,2.81,2.8,3,5463.5,0.74,-1.07,-2.21,6.99,4.26,18.72,29.36,14.01,16.02,42.01,-1,-1,EEP,-1,-1,EEP,-1,-1,-1,-1,-1,-2.28,-2.28,-2.28,-2.28,-2.28,-2.28,-3.89,-6.83,-26.8,-10.9,-1.92,22.67,59.36,72.35,80.58,8.19,42.76,40.09,21.74,55.28,51.65,3.11,17.12,22.31,5.4,15.66,1.079176,86,,,,,,,3.11,14.64,7.57,-23.41,11.36,1.024656,82
21-10-2025,NSE:RAMCOIND,EQ,3389.03,341999,3.75,3.67,5,343.45,1.21,3.23,-2.93,-1.11,-13.93,14.44,29.42,23.85,28.04,33.56,-1,-1,HV2Q,-1,HV2Y,HV2Y,-1,-1,-1,-1,8,-11.89,-12.23,-12.23,-12.23,-12.23,-11.89,0,0,-23.91,-17.89,-7.14,21.49,51.67,53.59,73.81,4.08,54.42,31.41,9.21,32.36,25.08,-15.08,12.84,22.37,15.24,27.68,1.078809,86,,,,,,,-15.08,24.44,11.98,-9.58,14.52,1.040161,88
21-10-2025,NSE:CSBBANK,EQ,6069.4,634192,3.56,3.52,3,422.55,-0.28,8.82,8.74,13.25,17.03,0.04,15.96,24.72,26.97,11.09,-1,-1,-1,HVQ,EEP,EEP,-1,-1,-1,-1,-1,-0.28,-2.91,-2.91,-2.91,-2.91,-0.28,-19.44,-1.95,-1.85,-22.82,-25.12,21.49,22.76,53.85,53.85,21.49,0,53.8,29.29,7.85,1.11,15.88,-1.56,8.91,16.11,26.61,1.078646,86,,,,,,,15.88,-20.94,10.4,8.74,12.01,1.030958,85
21-10-2025,NSE:MRF,EQ,63761.34,8106,2.39,2.4,3,161680,-0.01,2.46,4.92,9.77,7.41,8.21,21.04,29.2,19.29,11.06,-1,-1,HVY,-1,-1,-1,-1,-1,-1,-1,-1,-0.01,-0.01,-0.01,-0.01,-0.01,-0.01,-2.72,-2.67,-10.26,-24.06,-13.42,16.76,26.33,57.49,57.49,10.88,10.44,44.56,24.35,1.29,7.05,6.26,6.61,13.99,20.59,18.93,1.078429,86,,,,,,,6.26,0.41,8.45,8.65,-4.98,1.023688,81
21-10-2025,NSE:CUB,EQ,15706.53,1779255,2.9,2.91,2,226.14,-0.10,5.77,2.85,7.07,6.29,6.14,18.84,23.91,31.28,42.16,-1,-1,HVQ,HVQ,EEP,EEP,-1,-1,-1,-1,-1,-0.1,-0.1,-1.9,-1.9,-1.9,-0.1,-8.07,-7.92,-1.82,-7.96,-10.11,16.54,30.36,54.47,78.34,10.31,10.58,44.99,25.37,35.7,22.56,5.14,4.54,11.79,15.3,30.92,1.078415,86,,,,,,,5.14,-0.63,8,4.57,18.7,1.03323,85
21-10-2025,NSE:GANDHITUBE,EQ,1111.91,50346,4.78,4.73,5,917.95,2.68,0.97,-3.25,-3.65,0.08,20.27,25.53,20.5,15.78,10.03,-1,-1,HV2Q,HVQ,HVQ,HVQ,-1,-1,-1,-1,-1,-5.33,-8.55,-8.55,-8.55,-8.55,-5.33,-8.62,-6.22,-24.17,-19.05,-10.28,32.58,46.3,54.86,54.86,5.38,32.48,23.47,15.33,6.7,13.04,-1.07,18.67,18.48,11.89,15.42,1.078405,86,,,,,,,-1.07,19.75,1.06,-8.43,3.08,1.025695,83
21-10-2025,NSE:TNPETRO,BE,944.7,173154,4.19,4.1,2,108.51,1.06,1.62,-6.03,4.04,3.19,-1.46,31.94,29.25,19.67,14.39,-1,-1,HV2Q,HV2Q,-1,HV2Y,-1,-1,-1,-1,-1,-5.68,-5.68,-5.68,-5.68,-5.68,-5.68,-7.18,-0.14,-30.11,-30.81,-21.43,14.57,47.63,68.89,68.89,5.32,13.53,71.35,14.94,3.06,11.76,2.04,-3.06,24.89,20.64,19.31,1.077846,86,,,,,,,2.04,-5.26,27.39,-5.63,-4.53,1.026551,83
21-10-2025,NSE:JMFINANCIL,EQ,16446.95,8247734,3.79,3.72,4,170.9,-1.52,-1.26,-2.12,5.34,-0.41,0.83,38.15,30.16,5.23,42.74,-1,-1,EEP,HV2Q,EEP,EEP,-1,-1,-1,-1,-1,-3.96,-11.46,-11.46,-11.46,-11.46,-3.96,-11.1,-1.57,-34.73,-26.3,0,12.49,71.19,103.31,137.53,7.01,23.06,101.62,25.76,65.89,125.1,-1.56,-0.77,31.1,21.55,4.87,1.076367,86,,,,,,,-1.56,0.78,32.1,-14.59,-26.67,1.021611,80
21-10-2025,NSE:DCAL,EQ,4715.25,319392,4.95,4.86,3,289.35,2.57,3.56,-2.14,6.6,-3.84,11.21,26.52,12.67,35.09,34.13,-1,-1,-1,EEP,EEP,EEP,-1,-1,-1,-1,-1,-7.97,-7.97,-7.97,-7.97,-7.97,-7.97,0,-10.98,-29.49,-16.19,-31.32,22.53,57.75,66.51,111.98,7.07,27.23,40.06,33.64,85.13,37.6,-4.99,9.61,19.47,4.06,34.73,1.075941,85,,,,,,,-4.99,14.03,11.71,-20.54,34.69,1.044273,89
21-10-2025,NSE:INFOBEAN,EQ,1392.24,76328,4.57,4.71,6,499.65,0.14,3.08,-5.26,2.73,-13.62,12.29,39.26,18.08,18.88,15.82,-1,-1,HV2Y,HV2Q,-1,HV2Y,-1,-1,-1,-1,-1,-6.4,-27.22,-27.22,-27.22,-27.22,-6.4,-17.31,0,-35.49,-17.98,-18.79,11.39,70.3,78.54,78.54,5.58,54.5,56.6,8.45,11.82,10.72,-14.77,10.69,32.21,9.47,18.52,1.075811,85,,,,,,,-14.77,22.34,25.22,-36.54,10,1.03638,87
21-10-2025,NSE:PFOCUS,EQ,5687.96,2958537,5.1,4.96,6,170.88,1.59,-0.41,-7.73,-8.38,-7.69,0.56,42.97,26.76,7.38,33.58,-1,-1,HV2Y,HVQ,-1,HVQ,-1,-1,-1,-1,-1,-12.64,-12.64,-12.64,-12.64,-12.64,-12.64,-3.81,-2.66,-39.61,-22.44,-1.91,22.49,79.12,90.27,90.27,2.77,62.75,89.21,8.51,36.85,73.07,-8.84,-1.04,35.92,18.15,7.02,1.075615,85,,,,,,,-8.84,7.2,37.12,-30.1,-17.44,1.028945,84
21-10-2025,NSE:IRISDOREME,BE,605.25,144648,5.69,5.58,0,32.57,-0.55,3.25,-5,3.9,2.36,2.58,26.28,30.64,20.59,11.31,-1,-1,-1,EEP,HV2Q,HV2Y,-1,-1,-1,-1,-1,-7.89,-7.89,-7.89,-7.89,-7.89,-7.89,-9.35,-9.55,-15.55,-29.67,-19.49,6.86,42.91,96.72,96.72,4.06,4.33,91.64,45.02,4.52,12.86,1.21,0.98,19.23,22.03,20.23,1.075593,85,,,,,,,1.21,-0.24,18.8,4.23,-5.46,1.024943,82
21-10-2025,NSE:INDOFARM,EQ,1244.3,945423,5.6,5.7,6,260.99,4.56,9.41,6.48,13.61,1.21,18.09,38.56,10.51,NA,NA,-1,-1,HVQ,HVQ,-1,-1,-1,-1,-1,-1,-1,-1.67,-1.67,-1.67,NA,NA,-1.67,-0.46,-5.15,-42.28,NA,NA,40,85.61,NA,NA,18.12,53.61,53.1,14.83,NA,NA,0.06,16.49,31.51,1.9,0,1.074315,85,,,,,,,0.06,16.63,19.47,-47.35,109.02,1.026513,83
21-10-2025,NSE:CANBK,EQ,106843.2,21417299,2.41,2.47,1,127.12,-0.37,1.49,-0.74,5.22,7.36,11.87,20.81,23.43,17.9,14.14,-1,-1,-1,-1,-1,-1,-1,-1,7,-1,-1,-1,-1,-1,-1,-1,-1,0,-4.87,-13.16,-24.11,-18.62,22.43,37.61,57.13,57.13,7.66,13.42,38.48,24.43,9.95,9.32,6.21,10.27,13.76,14.82,17.54,1.072914,85,,,,,,,6.21,4.41,4.62,1.63,1.79,1.021653,80
21-10-2025,NSE:INTENTECH,EQ,298.42,266809,6.61,6.69,5,130.52,1.36,-1.64,1.94,-1.34,3.15,30.29,27.38,13.03,-20.29,-1.94,-1,-1,HVY,HVY,-1,HVQ,-1,-1,-1,-1,-1,-7.49,-7.49,-7.49,-15.19,-25.58,-7.49,0,-23.69,-42.24,-35.28,-10.48,63.29,63.29,63.29,63.29,6.36,58.15,7.45,6.41,17.75,62.86,2,28.69,20.33,4.42,-20.65,1.071877,85,,,,,,,2,27.57,-9.71,-21.44,-29.29,1.011551,73
21-10-2025,NSE:ENVIRO,SM,289.37,29700,4.64,4.91,6,151.55,-3.47,-4.26,-2.74,0.43,-1.48,9.27,28.08,20.13,24.68,NA,-1,-1,HVQ,HVQ,-1,-1,-1,-1,-1,-1,-1,-4.6,-8.15,-8.15,-8.15,NA,-4.6,-6.79,-5.34,-24.59,-16.26,NA,25.3,51.32,68.02,NA,5.35,39.82,52.44,20.84,32.73,NA,-2.63,7.67,21.03,11.52,24.32,1.071753,85,,,,,,,-2.63,10.14,15.2,-12.74,14.72,1.029179,84
21-10-2025,NSE:ONMOBILE,EQ,665.36,1241521,5.08,4.97,1,71.78,0.96,3.57,2.97,5.53,13.44,23.86,31.19,6.42,-20.28,-22.04,-1,-1,HVY,HV2Q,HV2Y,HV2Y,-1,-1,-1,-1,-1,-0.26,-0.26,-0.26,-17.75,-21.72,-0.26,-1.4,-26.7,-46.08,-40.43,-23.42,43.5,59.02,70.14,70.14,10.21,24.21,29.53,17.07,11.86,43.78,12.29,22.26,24.14,-2.19,-20.64,1.071655,85,,,,,,,12.29,11.58,4.09,-37.68,-19.52,1.003579,65
21-10-2025,NSE:DIFFNKG,EQ,1492.93,343907,3.95,3.95,5,381.65,3.34,-0.3,-1.68,5.73,-3.83,10.51,29.83,17.56,25.38,NA,-1,-1,HV2Q,HVQ,HV2Y,HV2Y,-1,-1,-1,-1,-1,-3.38,-4.5,-4.5,-22.06,NA,-3.38,-0.85,-4.7,-45.31,-35.75,NA,21.68,60.72,60.72,NA,8.9,32.93,43.83,31.81,54.87,NA,-4.98,8.91,22.78,8.95,25.02,1.071451,85,,,,,,,-4.98,13.34,16.06,-19.17,18.51,1.031829,85
21-10-2025,NSE:VSSL,EQ,2651.91,128484,4.12,4.19,0,296.45,6.31,6.51,1.35,4.42,8.05,12.65,30.02,20.66,2.56,28.99,EEP,EEP,-1,EEP,-1,EEP,6.15,-1,-1,-1,-1,0,0,0,0,-11.38,0,-1.82,-9.95,-33.99,-29.69,-13.65,19.46,27.57,60.18,60.18,10.45,11.77,39.92,12.09,23.53,51.71,6.9,11.05,22.97,12.05,2.2,1.071377,85,,,,,,,6.9,4.55,14.36,-15.06,-13.79,1.012522,74
21-10-2025,NSE:NAMOEWASTE,SM,383.95,56048,5.97,6.07,5,210.55,0.26,6.96,9.21,5.89,20.26,10.16,22.35,3.82,18.19,NA,-1,-1,HV2Q,HVQ,HVQ,-1,-1,-1,-1,-1,-1,0,0,0,-18.61,NA,0,-16.74,-6.36,-36.8,-21.72,NA,29.61,62.71,62.71,NA,27.49,29.75,46.17,17.5,42.51,NA,19.11,8.56,15.3,-4.79,17.83,1.071271,85,,,,,,,19.11,-13.12,8.03,-25.53,23.96,1.025253,83
21-10-2025,NSE:KAYA,BE,672.2,11040,1.91,2.28,4,445.05,0.00,-4.91,1.81,-3.13,0.55,-2.89,37.71,31.24,1.51,23.46,-1,-1,-1,HV2Q,-1,HV2Y,-1,-1,-1,-1,-1,-7.75,-7.75,-7.75,-7.75,-36.3,-7.75,-3.34,0,-53.91,-56.2,-37.26,10.89,84.86,106.52,106.52,3.02,21.21,112.48,28.64,12.79,61.57,-0.6,-4.49,30.66,22.63,1.15,1.071109,85,,,,,,,-0.6,-3.92,33.93,-12.06,-34.23,1.020179,79
21-10-2025,NSE:MOLDTECH,EQ,468.92,148111,5.24,5.21,1,201.52,1.72,0.56,4.15,10.4,19.62,21.11,23.86,7.15,-10.79,-11.2,-1,-1,-1,HV2Q,HVQ,EEP,-1,-1,-1,-1,-1,-4.56,-4.56,-4.56,-10.01,-28.58,-4.56,-5.27,-17.09,-42.31,-33.68,-20.87,50.6,55.85,82.09,82.09,20.56,21.05,43.65,38.64,3.16,22.84,18.47,19.51,16.81,-1.46,-11.15,1.070863,85,,,,,,,18.47,1.39,-2.04,-23.64,-10.3,1.005684,68
21-10-2025,NSE:UJJIVANSFB,EQ,8872.16,9466784,3.02,2.99,2,50.24,-1.99,5.29,3.62,8.28,8.86,4.74,11.88,31.47,21.14,-9.38,-1,-1,HVQ,EEP,EEP,HV2Y,-1,-1,-1,-1,-1,-1.99,-1.99,-2.16,-2.16,-11.16,-1.99,-8.24,-6.8,-1.97,-41.3,-32.45,20.57,23.35,60.1,60.1,13.72,9.89,52.52,41.08,6.79,0.15,7.71,3.14,4.83,22.86,20.78,1.070502,85,,,,,,,7.71,-4.98,1.97,20.55,-6.05,1.026514,83
21-10-2025,NSE:MAHKTECH,EQ,556.92,1602038,1.62,4.04,1,26.22,-3.82,-9.38,-15.83,-11.48,-9.61,9.34,18.84,30.47,28.22,52.17,-1,HV2Q,-1,HVQ,HV2Y,HV2Y,-1,-1,-1,-1,-1,-23.18,-23.18,-23.18,-23.18,-23.18,-23.18,0,-9.86,-19.3,-15.91,-13.19,14.7,23.1,52.98,117.23,0,34.93,28.49,63.07,51.04,55.92,-10.76,7.74,11.79,21.86,27.86,1.070139,85,,,,,,,-10.76,16.83,4.95,12.65,5.78,1.035175,86
21-10-2025,NSE:JKCEMENT,EQ,53315.09,107926,2.38,2.35,4,6466,0.58,-4.01,-0.06,2.34,-6.12,0.77,20.32,29.71,32.76,34.51,-1,-1,-1,-1,-1,-1,-1,-1,-1,-1,-1,-5.74,-14.23,-14.23,-14.23,-14.23,-5.74,-8.98,-1.45,0,-5.78,-9.66,2.63,28.08,64.77,68.35,2.63,21.05,50.21,31.28,18.33,13.2,-7.27,-0.83,13.27,21.1,32.4,1.069673,85,,,,,,,-7.27,6.04,14.17,10.1,13.35,1.035501,86
21-10-2025,NSE:AMBER,EQ,28073.68,325478,2.66,2.65,5,8245.5,0.01,0.5,-2.09,0.16,-0.5,9.41,19.53,17.34,33.4,55.17,-1,-1,-1,-1,EEP,EEP,-1,-1,-1,-1,-1,-2.29,-2.29,-2.29,-2.29,-2.29,-2.29,-0.14,-4.73,-17.68,-15.44,0,20.5,42.29,52.59,161.36,1.93,24.02,35.46,62.86,116.04,74.07,-1.65,7.81,12.48,8.73,33.04,1.069641,85,,,,,,,-1.65,9.4,5.64,-4.41,28.45,1.03729,87
21-10-2025,NSE:MOTILALOFS,EQ,57026.93,908365,2.92,2.89,0,1026.25,0.58,2.66,8.66,10.72,7.95,9.04,29.41,22.11,6.26,55.77,-1,-1,HVQ,EEP,EEP,EEP,-1,-1,-1,-1,-1,0,0,0,-0.34,-0.34,0,-1.62,-1.18,-29.65,-22.37,0,19.71,61.27,81.43,193.03,14.84,13.23,65.03,36.11,128.24,174.69,6.8,7.44,22.36,13.5,5.9,1.069586,85,,,,,,,6.8,0.73,16.87,-12.03,-11.33,1.014183,75
21-10-2025,NSE:ZUARIIND,EQ,868.27,822339,6.72,6.97,5,350.95,1.89,5.91,1.03,-3.6,17.4,21.24,13.91,14.82,-0.21,25.49,-1,HV2Y,HVQ,HVQ,HVQ,HV2Y,-1,-1,-1,-1,-1,-13.11,-13.11,-13.11,-13.11,-15.5,-13.11,-16.91,-10.68,-23.27,-28.02,-15.32,32.38,33.62,49.86,49.86,22.47,10.38,18.03,29.01,19.84,40.99,16.25,19.64,6.86,6.21,-0.57,1.069319,84,,,,,,,16.25,4.2,-14.84,-0.63,-8.63,1.012188,74
21-10-2025,NSE:SPCENET,EQ,403.63,1554004,5.72,6.16,0,10.01,3.41,8.79,20.58,31.07,28.37,28.17,9.59,22.98,-162.84,-249.65,-1,-1,HVQ,-1,HV2Y,HV2Y,-1,-1,-1,-1,-1,0,0,0,-62.1,-74.03,0,-15.35,-20.55,-70.9,-80,-31.75,106.39,106.39,106.39,106.39,52.13,47.84,17.48,47.88,0,16.83,27.22,26.57,2.54,14.37,-163.2,1.067568,84,,,,,,,27.22,-0.74,-31.4,13.13,-232.23,0.990947,49
21-10-2025,NSE:ZYDUSWELL,EQ,16636.62,561077,4.18,4.18,3,488.7,4.13,8.34,7.86,0.45,-5.57,14.33,27.35,21.34,18,35.26,-1,-1,-1,-1,-1,EEP,-1,-1,-1,-1,-1,-1.79,-6.78,-6.78,-6.78,-6.78,-1.79,-1.59,-0.41,-25.97,-19.84,-16.43,26.62,44.46,59.14,65.79,9.1,33.67,36.34,15.61,30.42,35.95,-6.72,12.73,20.3,12.73,17.64,1.067565,84,,,,,,,-6.72,18.38,9.67,-9.96,4.77,1.025873,83
21-10-2025,NSE:PRECWIRE,EQ,3274.95,363449,4.71,4.79,2,207.07,-0.07,0.85,-0.94,11.17,11.93,8.72,30.14,21.22,-4.48,37.27,-1,HVQ,-1,HV2Q,HV2Y,HV2Y,-1,-1,-1,-1,-1,-4.37,-4.37,-4.37,-4.37,-4.37,-4.37,-7.09,-3.7,-33.14,-24.59,0,21.37,56.99,62.98,81.24,14.97,6.89,48.77,13.85,42.79,89.37,10.78,7.12,23.09,12.61,-4.84,1.067104,84,,,,,,,10.78,-4.11,17.94,-14.46,-23.6,1.008548,70
21-10-2025,NSE:BAHETI,SM,573.48,25943,3.24,3.28,5,573.9,1.64,4.03,-1.31,5.66,2.91,0.53,-1.09,35.41,31.7,65.93,-1,-1,-1,HVQ,HVQ,HV2Y,-1,-1,-1,-1,-1,-1.29,-3.38,-9.8,-9.8,-9.8,-1.29,-9.41,-10.28,-2.43,-20.96,-4.91,6,14.67,74.89,260.6,6,11.33,73.96,118.06,132.92,146.31,1.76,-1.07,-8.14,26.8,31.34,1.06637,84,,,,,,,1.76,-2.91,-7.16,34.42,3.27,1.042174,89
21-10-2025,NSE:JKTYRE,EQ,10248.35,868476,2.62,2.64,2,421.2,0.66,11.02,10.67,15.68,10.99,14.84,25.94,14.19,3.67,-15.02,HVQ,HVQ,HVQ,EEP,HVQ,EEP,-1,-1,-1,-1,-1,0,0,0,0,-19.46,0,-0.57,-8.84,-32.3,-32.54,-24.27,35.02,37.06,66.22,66.22,18.6,20.18,41.55,23.11,2.06,8.39,9.84,13.24,18.89,5.58,3.31,1.065334,84,,,,,,,9.84,3.86,7.5,-17.55,-3.24,1.011555,73
21-10-2025,NSE:IIFLCAPS,EQ,8888.96,439856,4.07,4.05,0,350.45,1.40,6.62,12.54,21,18.05,8.46,30.67,19.47,-23.06,60.24,-1,-1,-1,HVQ,HVQ,EEP,-1,3,-1,-1,-1,0,0,-2.23,-21.17,-21.17,0,-19.88,-10.5,-45.35,-36.52,0,27.99,63.24,80.2,221.07,27.99,0,64.95,31.45,158.54,295.1,16.9,6.86,23.62,10.86,-23.42,1.065061,84,,,,,,,16.9,-12.16,18.73,-17.83,-43.8,1.001935,63
21-10-2025,NSE:VENUSREM,EQ,572.31,24468,3.97,3.97,3,455.4,0.29,0.72,-1.64,5.07,5.29,-18.92,25.93,34.26,22.12,14.66,-1,-1,-1,HVQ,HVQ,HV2Y,-1,-1,-1,-1,-1,-3.18,-14.41,-17.62,-17.62,-17.62,-3.18,-21.98,-2.04,-19.87,-28.88,-15.75,5.59,52.21,65.06,65.06,5.34,0.63,96.28,22.25,4.12,23.34,4.14,-20.52,18.88,25.65,21.76,1.064796,84,,,,,,,4.14,-26.02,32.19,9.56,-9.43,1.031396,85
21-10-2025,NSE:AGARWALEYE,EQ,14347.27,332027,4.37,4.33,1,542.55,0.39,4.12,6.74,8.07,16.13,18.15,27.09,NA,NA,NA,-1,-1,-1,-1,-1,-1,-1,-1,3,-1,-1,-0.58,-0.58,-0.58,NA,NA,-0.58,-2.95,-2.03,NA,NA,NA,30.61,62.42,NA,NA,19.14,15.92,32.94,NA,NA,NA,14.98,16.55,20.04,0,0,1.064433,84,,,,,,,14.98,1.95,5.4,98.32,9.02,1.03533,86
21-10-2025,NSE:IFBIND,EQ,6543.38,98039,4.59,4.53,3,1848,1.81,6.44,6.65,7.33,13.07,25.12,25.01,5.39,-16.83,29.41,-1,-1,HV2Y,HV2Q,EEP,EEP,-1,-1,-1,4,-1,0,0,0,-20.68,-20.68,0,0,-22.85,-40.52,-24.95,0,44.3,48.3,72.62,73.44,10.59,25.43,29.26,29.45,64.1,102.64,11.92,23.52,17.96,-3.22,-17.19,1.064263,84,,,,,,,11.92,13.4,-5.67,-27.85,-14.47,1.003917,66
21-10-2025,NSE:FIEMIND,EQ,5361.31,131302,3.06,3.07,5,2026.7,2.03,3.21,5.4,4.3,-0.75,0.24,27.38,29.84,16.09,43.42,-1,-1,-1,EEP,-1,-1,-1,-1,-1,-1,-1,-1.42,-7.56,-7.56,-7.56,-7.56,-1.42,-6.86,0,-15.88,-18.72,-2.8,12.15,41.21,56.2,102.14,6.28,12.99,55.83,15.29,41.83,69.61,-1.9,-1.36,20.33,21.23,15.73,1.064122,84,,,,,,,-1.9,0.52,21.68,1.71,-10.57,1.021297,80
21-10-2025,NSE:NATIONALUM,EQ,38914.55,8731973,2.81,2.85,2,227.35,0.58,1.51,4.52,10.31,6.93,14.23,30.16,12.63,4.42,37.01,-1,-1,-1,-1,EEP,EEP,-1,-1,-1,-1,-1,-0.96,-0.96,-0.96,-11.49,-11.49,-0.96,-3.07,-7.39,-38.18,-22.67,-4.08,25.82,47.51,58.74,66.98,13.35,17.1,36.15,10.87,45.89,59.61,5.78,12.63,23.11,4.02,4.06,1.06412,84,,,,,,,5.78,7.39,13.04,-26.77,-0.38,1.013429,75
21-10-2025,NSE:AVL,EQ,7377.54,1025145,3.77,3.73,5,558.65,0.13,2.89,-0.63,1.44,-2.62,31.08,18.71,10.44,NA,NA,-1,-1,EEP,HV2Y,EEP,EEP,-1,-1,-1,13,-1,-3.51,-3.51,-3.51,NA,NA,-3.51,0,-24.09,-14.02,NA,NA,46.82,65.28,NA,NA,5.29,60.95,13.91,18.07,NA,NA,-3.77,29.48,11.66,1.83,0,1.063709,84,,,,,,,-3.77,32.38,-23.48,-11.86,109.02,1.034015,86
21-10-2025,NSE:TEMBO,EQ,915.29,68112,4.78,4.77,5,633.7,3.03,10.85,11.39,9.06,3.49,21.13,31.85,-26.11,22.71,54.18,-1,-1,HV2Q,-1,HV2Y,HV2Y,-1,-1,-1,-1,-1,0,-3.19,-3.19,-28.19,-28.19,0,-6.57,-35.28,-51.06,-9.44,-7.9,32.85,57.93,57.93,212.01,16.07,29.22,24.56,102.32,293.48,141.16,2.34,19.53,24.8,-34.72,22.35,1.063018,84,,,,,,,2.34,17.82,8.07,-86.73,47.73,1.050833,91
21-10-2025,NSE:LANDMARK,EQ,2578.7,234125,3.84,4.08,3,646.15,3.14,0.43,8.36,6.31,2.96,18.51,34.45,6.36,-1.83,-15.5,HV2Y,HV2Y,-1,HV2Q,-1,-1,6.59,-1,-1,-1,-1,-1.86,-1.86,-1.86,-6.42,-20.68,-1.86,-4.16,-13.32,-38.66,-29.35,-23.17,35.45,61.09,71.87,71.87,11.67,31.44,40.06,12.66,10.3,19.94,1.81,16.91,27.4,-2.25,-2.19,1.062981,84,,,,,,,1.81,15.57,14.03,-44.53,0.28,1.01419,75
21-10-2025,NSE:JAICORPLTD,EQ,2767.71,5015407,4.88,5.02,6,161.02,-0.37,2.5,10.62,12.73,1.46,32.83,40.29,3.12,-129.13,-103.98,-1,-1,HV2Q,-1,HVQ,HV2Y,-1,-1,-1,-1,-1,-1.41,-6.85,-6.85,-58.58,-60.9,-1.41,-8.21,-29.15,-76.02,-62.12,-10.42,55.47,93.98,93.98,93.98,15.44,53.2,30.29,15.45,0,44.8,0.31,31.23,33.24,-5.49,-129.49,1.062741,84,,,,,,,0.31,31.38,5.57,-63.93,-127.49,0.991883,50
21-10-2025,NSE:E2E,EQ,6130.77,122644,5.49,5.6,3,3198.7,0.56,0.05,-17.03,-3.34,4.96,24.68,40.65,-21.07,-15.27,75.36,-1,-1,HVQ,-1,-1,HV2Y,-1,-1,-1,-1,-1,-14.55,-14.55,-14.55,-40.66,-40.66,-14.55,-6.89,-38.37,-64.79,-28.17,0,57.8,60.47,83.7,308,0.56,49.97,38.36,20.58,393.95,370.31,3.81,23.08,33.6,-29.68,-15.63,1.062469,84,,,,,,,3.81,20.29,15.67,-105.67,13.81,1.019472,79
21-10-2025,NSE:MAXVOLT,SM,244.25,64288,7.39,7.54,0,277.1,-3.60,-4.53,-4.42,1.79,19.29,8.21,31.87,NA,NA,NA,-1,HVQ,-1,2,-1,-1,-1,-1,-1,-1,-1,-9.99,-9.99,-9.99,NA,NA,-9.99,-13.82,-1.98,NA,NA,NA,27.67,50.27,NA,NA,22.34,10.91,54.15,NA,NA,NA,18.14,6.61,24.82,0,0,1.062188,84,,,,,,,18.14,-14.19,20.24,98.32,9.02,1.04262,89
21-10-2025,NSE:JSL,EQ,64702.98,879326,2.9,2.91,4,797.5,1.61,2.75,4.95,7.5,2.33,12.5,27.13,21.58,4.23,25.99,-1,-1,-1,-1,-1,EEP,-1,-1,-1,-1,-1,-1.41,-1.41,-1.41,-1.41,-4.34,-1.41,-3.41,-3.89,-26.91,-24.98,-8.38,21.56,42.56,55.58,55.58,8.11,18.73,36.14,13.36,10.77,35.27,1.18,10.9,20.08,12.97,3.87,1.061036,84,,,,,,,1.18,9.95,11.2,-9.3,-13.1,1.012827,74
21-10-2025,NSE:HINDALCO,EQ,167306.01,4668913,2.01,2.03,2,784.95,-0.18,3.17,2.18,3.97,5.31,13.03,21,23.23,6.61,25.8,-1,-1,-1,-1,-1,-1,-1,-1,-1,5,-1,-0.18,-0.18,-0.18,-0.18,-0.18,-0.18,-1.95,-3.29,-18.57,-20.87,-3.74,17.67,26.56,39.72,55.79,5.92,12.38,21.52,10.38,19.6,45.5,4.16,11.43,13.95,14.62,6.25,1.061003,84,,,,,,,4.16,7.69,3.64,1.14,-12.64,1.013649,75
21-10-2025,NSE:MFSL,EQ,53872.42,539602,2.24,2.24,4,1540.8,0.49,-4.56,-3,-1.23,-1.36,-0.06,19.78,31,22.36,37.56,-1,-1,-1,-1,-1,-1,-1,-1,-1,-1,-1,-5,-7.14,-7.14,-7.14,-7.14,-5,-5.88,-6.78,-4.02,-17.44,-0.24,4.64,24.16,56.19,70.71,0.49,6.06,56.28,25.29,22.03,37.31,-2.51,-1.66,12.73,22.39,22,1.060979,83,,,,,,,-2.51,0.82,14.3,12.3,-3.5,1.024969,82
21-10-2025,NSE:CHEMCON,EQ,851.66,722541,5.92,5.82,5,262.6,1.21,-1.16,-4.93,1.52,12.28,13.21,23.39,15.43,1.79,2.59,-1,HV2Y,HV2Y,EEP,EEP,EEP,-1,-1,-1,-1,-1,-7.3,-7.3,-7.3,-7.3,-9.4,-7.3,-7.71,-1.79,-30.59,-23.38,-11.02,26.86,41.85,58.53,58.53,6.73,20.98,37.59,21.45,4.97,11.65,11.13,11.61,16.34,6.82,1.43,1.060804,83,,,,,,,11.13,0.59,6.2,-12.07,-7.1,1.009348,71
21-10-2025,NSE:BANKINDIA,EQ,54768.59,6842639,2.56,2.58,2,130.26,0.38,4.58,3.09,8.82,7.52,11.97,8.77,23.43,19.52,1.35,-1,-1,-1,HV2Q,HV2Q,-1,-1,-1,-1,-1,-1,0,0,0,0,-16.31,0,-0.51,-11.32,-5.87,-35.92,-32.65,19.19,20.77,44.17,44.17,11.97,10.23,22.04,31.52,10.39,0.14,6.37,10.37,1.72,14.82,19.16,1.060775,83,,,,,,,6.37,4.35,-9.16,14.38,3.92,1.024023,82
21-10-2025,NSE:KMEW,EQ,2705.65,87069,5.51,5.35,5,2272,1.41,-0.25,2.38,-3.84,-10.44,21.5,34.15,12.64,NA,NA,-1,-1,HV2Y,-1,-1,-1,-1,-1,-1,-1,-1,-11.31,-11.31,-11.31,NA,NA,-11.31,0,-15.52,-37.12,NA,NA,39.45,68.4,NA,NA,3.33,61.19,35.6,13.75,NA,NA,-11.59,19.9,27.1,4.03,0,1.060678,83,,,,,,,-11.59,28.46,10.58,-34.34,109.02,1.031787,85
21-10-2025,NSE:CUMMINSIND,EQ,113347.08,451428,1.9,1.89,6,4000.9,-0.14,1.39,0.84,0.17,-1.99,9.57,27.6,26.89,5.06,35.83,-1,-1,-1,HV2Q,-1,EEP,-1,-1,-1,-1,1,-0.14,-3.02,-3.02,-3.02,-3.22,-0.14,-1.09,0,-25.27,-29.25,-8.12,13.36,46.22,48.72,57.32,3.95,25.13,34.48,7.66,30.84,69.91,-3.14,7.97,20.55,18.28,4.7,1.060586,83,,,,,,,-3.14,10.87,14.41,-2.66,-20.84,1.014762,76
21-10-2025,NSE:KRN,EQ,5507.07,444456,2.69,2.7,5,856.9,0.88,3,1.46,1.34,-3.13,3.08,4.3,14.55,44.95,NA,-1,-1,HV2Q,HV2Q,-1,-1,-1,-1,-1,-1,-1,-2.14,-10.3,-10.3,-11.68,NA,-2.14,-7.49,-14.4,-15.48,-13.61,NA,5.43,21.9,101.45,NA,3.58,9.29,18.15,94.13,73.34,NA,-4.28,1.48,-2.75,5.94,44.59,1.06047,83,,,,,,,-4.28,5.56,-4.27,9.03,44.6,1.054661,93
21-10-2025,NSE:OBSCP,SM,816.83,47112,3.8,3.89,3,307.55,1.32,2.1,6.16,7.28,-9.95,3.76,41.36,22.13,NA,NA,-1,-1,-1,EEP,-1,-1,-1,-1,-1,-1,-1,-7.11,-12.13,-12.13,NA,NA,-7.11,-3.39,-3.9,-31.89,NA,NA,10.08,104.9,NA,NA,7.87,23.8,102.25,48.74,NA,NA,-11.1,2.16,34.31,13.52,0,1.060386,83,,,,,,,-11.1,12,33.54,-34.48,109.02,1.038453,87
21-10-2025,NSE:ALPEXSOLAR,SM,3122.81,80760,4.08,4.06,6,1139.55,1.92,-2.31,-3.05,-1.86,-12.39,0.61,33.12,31.19,11.53,NA,-1,-1,-1,-1,-1,-1,-1,-1,-1,-1,-1,-9.16,-15.99,-15.99,-15.99,NA,-9.16,-5.58,-4.85,-24.4,-27.72,NA,3.58,52.19,121.38,NA,3.58,30.25,120.04,48.06,203.97,NA,-13.54,-0.99,26.07,22.58,11.17,1.060001,83,,,,,,,-13.54,11.1,27.18,-4.56,-19.55,1.023483,81
21-10-2025,NSE:ARIES,EQ,538.77,214976,4,4,3,371.8,3.13,-1.6,-4.71,-3.25,-10.49,0.9,26.83,25.3,27.68,32.64,-1,-1,HVY,-1,HVQ,HV2Y,-1,-1,-1,-1,-1,-9.41,-14.9,-14.9,-14.9,-14.9,-9.41,-5.97,-1.46,-29.49,-28.02,-14.91,4.75,37.09,63.82,83.92,3.13,32.75,61.94,19.87,37.4,33.02,-11.64,-0.7,19.78,16.69,27.32,1.059934,83,,,,,,,-11.64,9.85,20.63,-3.78,12.21,1.03166,85
21-10-2025,NSE:CRAFTSMAN,EQ,16219.41,34138,2.46,2.45,3,6726,0.49,3.72,0.59,0.1,-0.76,2.88,28.97,27.88,8.81,38.73,-1,-1,EEP,-1,-1,EEP,-1,-1,-1,-1,-1,-1.46,-6.05,-6.05,-6.05,-6.05,-1.46,-5.34,0,-27.66,-26.55,-7.14,7.86,46.95,71.01,75.29,4.7,29.16,66.08,21.47,26.42,59.84,-1.91,1.28,21.92,19.27,8.45,1.059782,83,,,,,,,-1.91,3.16,21.33,-3.22,-17.41,1.016395,77
21-10-2025,NSE:KALAMANDIR,EQ,2481.46,1691663,4.71,4.97,3,183.08,0.93,1.35,3.05,16.01,11.67,7.16,29.08,12.32,6.14,-29.18,-1,HV2Y,HV2Y,EEP,EEP,EEP,-1,-1,-1,-1,-1,-2.26,-2.87,-2.87,-5.11,-24.35,-2.26,-14.2,-5.78,-32.7,-35.46,-30.91,21,61.29,61.29,61.29,21,20.2,49.74,8.26,5.67,13.12,10.52,5.56,22.03,3.71,5.78,1.059508,83,,,,,,,10.52,-5.57,18.08,-25.31,1.97,1.013354,75
21-10-2025,NSE:MOLDTKPAC,EQ,2758,60501,3.07,3.05,3,768.65,1.67,5.49,1.02,3.62,-7.55,6.38,33.08,26.42,4.9,-13.48,-1,-1,-1,-1,HV2Y,HV2Y,-1,-1,-1,-1,-1,-5.43,-9.16,-9.16,-9.16,-14.46,-5.43,-2.3,0,-38.43,-37.06,-18.66,5.81,52.83,82.47,82.47,5.81,21.49,70.82,22.1,0,0.27,-8.7,4.78,26.03,17.81,4.54,1.058563,83,,,,,,,-8.7,12.5,22.99,-11.64,-20.21,1.017365,78
21-10-2025,NSE:SANGHVIMOV,EQ,3272.57,884716,4.22,4.15,0,370.8,2.18,-0.3,-8.97,0.74,-1.5,28.1,19.22,22.32,-25.97,-35.92,-1,-1,EEP,EEP,EEP,EEP,-1,-1,-1,-1,-1,-8.91,-8.91,-8.91,-18.84,-48.55,-8.91,-3.99,-23.84,-49.01,-60.03,-35.19,44.96,44.96,76.32,76.32,3.69,47.13,26.77,42.43,3.32,29.05,-2.65,26.5,12.17,13.71,-26.33,1.057803,83,,,,,,,-2.65,28.7,-17.88,2.15,-53.14,1.012262,74
21-10-2025,NSE:GFLLIMITED,EQ,665.69,144345,5.53,5.9,0,77.13,9.23,23.45,21.33,21.3,21.7,16.28,27.42,-2.72,-20.28,-10.2,-1,-1,-1,HV2Q,HVQ,HV2Y,-1,-1,-1,-1,-1,0,0,0,-35.37,-35.37,0,-9.02,-17.73,-53.09,-33.61,-1.62,30.64,46.36,50.94,50.94,30.64,1.94,26.36,9.55,18.87,39.19,20.55,14.68,20.37,-11.33,-20.64,1.057361,83,,,,,,,20.55,-7.38,7.77,-43.21,-8.07,1.000918,61
21-10-2025,NSE:PUNJABCHEM,EQ,1605.73,47669,4,3.95,1,1349.6,-0.63,-0.01,2.54,2.28,3.76,1.41,21.74,26.99,15.39,28.8,-1,-1,HV2Y,HV2Q,HVQ,HV2Y,-1,-1,-1,-1,-1,-3.92,-12.76,-12.76,-12.76,-12.76,-3.92,-16.04,-0.95,-24.23,-31.95,-21.14,24.67,34.7,96.78,96.78,8.74,19.98,94.01,53.99,4.84,21.49,2.61,-0.19,14.69,18.38,15.03,1.05728,83,,,,,,,2.61,-2.91,15.1,5.02,-6.86,1.018162,78
21-10-2025,NSE:PSUBNKBEES,EQ,3131.08,2385352,2.22,2.22,0,88.38,1.02,4.21,4.34,6.62,6.79,10,15.54,20.39,16.66,16.79,-1,-1,-1,-1,-1,HV2Y,-1,-1,-1,-1,-1,0,0,0,0,-1.48,0,0,-1.96,-9.96,-21.57,-17.89,17.51,29.15,40.93,40.93,9.12,9.53,26.84,19.04,7.27,8.2,5.64,8.4,8.49,11.78,16.3,1.056799,83,,,,,,,5.64,2.99,0.62,4.07,4.33,1.018787,79
21-10-2025,NSE:WAAREEENER,EQ,101755.71,2696852,3.23,3.42,4,3514.3,0.22,0.85,3.17,6.64,-0.34,12.18,25.56,24.64,NA,NA,-1,-1,-1,EEP,-1,-1,-1,-1,-1,-1,-1,-3.12,-6.03,-6.03,NA,NA,-3.12,-5.71,-6.21,-28.07,NA,NA,21.91,36.98,NA,NA,9.56,22.32,47.52,25.05,NA,NA,-1.49,10.58,18.51,16.03,0,1.055901,83,,,,,,,-1.49,12.02,9.71,-2.93,109.02,1.029542,84
21-10-2025,NSE:PARAS,EQ,6005.77,540601,3.19,3.19,6,715.15,0.51,2.14,0.61,6.2,-4.6,-8.35,25.8,29.12,24.46,50.36,-1,-1,-1,EEP,EEP,EEP,-1,-1,-1,-1,-1,-2.6,-11.87,-23.4,-23.4,-23.4,-2.6,-19.87,-17,-23.04,-35.03,-30.76,14.52,36.86,71.3,133.79,6.61,19.78,85.62,27.1,65.7,76.6,-5.75,-9.95,18.75,20.51,24.1,1.05586,83,,,,,,,-5.75,-4.05,25.99,2.8,2.44,1.027414,84
21-10-2025,NSE:STEELCAS,EQ,2315.96,143158,4.13,4.13,5,226.36,3.91,4.17,2.31,4.87,-1.31,-4.58,19.61,23.75,31.03,43.82,-1,-1,HV2Y,HV2Q,HV2Y,HV2Y,-1,-1,-1,-1,-1,-1.11,-9.29,-9.29,-9.29,-9.29,-1.11,-8.1,-2.3,-13.12,-5.81,-4.43,10.54,32.63,53.49,88.82,7.6,11.99,54.4,43.34,43.99,30.23,-2.46,-6.18,12.56,15.14,30.67,1.055586,83,,,,,,,-2.46,-3.68,17.6,3.46,18.57,1.030956,85
21-10-2025,NSE:PTCIL,EQ,22176.51,22766,3.59,3.6,3,17017,1.11,2.7,6.12,10.75,12.19,14.42,15.98,-1.16,21.26,50.47,-1,-1,-1,EEP,HVQ,EEP,-1,-1,9,-1,-1,0,0,0,-2.16,-2.16,0,-4.03,-12.14,-17.79,-1.02,-10.66,27.31,39.01,67.78,137.59,12.04,11.78,43.58,40.97,140.34,87.07,11.04,12.82,8.93,-9.77,20.9,1.054665,82,,,,,,,11.04,2.08,-3.71,-22.08,31.19,1.026263,83
21-10-2025,NSE:SHRIAHIMSA,SM,559.92,55248,3.43,3.95,2,227.25,2.02,3.19,4.73,-0.33,-5.61,24.22,31.75,NA,NA,NA,-1,-1,HVQ,-1,-1,-1,-1,-1,-1,-1,-1,-6.54,-7.13,-7.13,NA,NA,-6.54,-1.92,0,NA,NA,NA,29.89,53.91,NA,NA,4.97,62.16,29.33,NA,NA,NA,-6.76,22.62,24.7,0,0,1.05438,82,,,,,,,-6.76,27.79,4.4,98.32,9.02,1.04966,91
21-10-2025,NSE:NURECA,EQ,251.5,54103,4.94,5.53,0,319.24,-4.02,26.64,26.36,28.61,20.93,19.32,20.11,-21.96,5.9,-7.16,HV2Q,HV2Q,-1,-1,HV2Y,HV2Y,11.37,-1,-1,-1,-1,-4.02,-4.02,-4.02,-22.9,-22.9,-4.02,-15.76,-37.8,-38.4,-4.41,-21.99,40.08,42.52,53.49,53.49,40.08,8.69,23.83,22.62,53.5,18.43,19.78,17.72,13.06,-30.57,5.54,1.054355,82,,,,,,,19.78,-2.49,-4.56,-54.34,31.87,1.020991,80
21-10-2025,NSE:SBFC,EQ,11712.19,1899459,2.98,3.12,0,115.8,4.18,7.62,4.42,7.23,7.22,1.04,9.95,26.47,22.11,25.78,-1,-1,-1,-1,HV2Y,HV2Y,-1,-1,-1,-1,-1,0,-2.34,-2.71,-2.71,-2.71,0,-9.73,-3.72,-1.27,-19.38,-14.6,14.28,20.57,46.9,57.87,9.26,6.03,41.8,32.28,16.09,22.97,6.07,-0.56,2.9,17.86,21.75,1.053861,82,,,,,,,6.07,-7.11,3.47,16.66,3.09,1.023538,81
21-10-2025,NSE:AESTHETIK,SM,225.15,31720,3.82,4.25,0,113,2.82,-6.73,-16.02,-19.38,-10.22,-15.22,15.49,40,26.59,NA,-1,-1,-1,HVQ,HVQ,-1,-1,-1,-1,-1,-1,-23.8,-23.8,-23.8,-23.8,NA,-23.8,-11.67,-8.73,-25.1,-46.82,NA,8.71,60.85,86.16,NA,2.82,19.82,114.5,57.33,0.82,NA,-11.37,-16.82,8.44,31.39,26.23,1.0538,82,,,,,,,-11.37,-5,21.12,27.33,-13.33,1.034303,86
21-10-2025,NSE:ZUARI,EQ,1159.75,615411,3.94,4,5,258.95,1.37,4.83,-5.02,-5.35,-5.85,17.46,8.94,23.26,19.92,16.55,-1,-1,HV2Y,HV2Q,HVQ,HVQ,-1,-1,-1,-1,-1,-14.33,-32.49,-32.49,-32.49,-32.49,-14.33,-28.55,-9.36,-8.55,-22.93,-15.29,21.25,28.42,49.84,60.69,5.07,35.93,23.67,36.44,23.31,28.69,-7,15.86,1.89,14.65,19.56,1.053679,82,,,,,,,-7,21.56,-15.85,14.05,4.66,1.030888,85
21-10-2025,NSE:COFFEEDAY,BE,934.79,2708886,5.05,4.94,5,43.05,1.06,1.86,3.88,4.92,-2.95,11.01,33.84,23.02,-15.17,-8.25,-1,-1,HVQ,HVQ,HVQ,HV2Y,-1,-1,-1,-1,-1,-3.5,-13.95,-13.95,-18.77,-38.59,-3.5,-11.41,-4.37,-56.29,-52.72,-29.27,24.35,48.24,102.3,102.3,6.48,32.1,80.03,33.83,0,11.42,-4.1,9.41,26.79,14.41,-15.53,1.053312,82,,,,,,,-4.1,13.1,20.13,-18.04,-40.59,1.006599,69
21-10-2025,NSE:M&M,EQ,447782.3,2557967,1.99,2.02,4,3621.2,0.61,4.46,3.55,5.61,0.8,10.34,22.21,17.69,15.28,54.15,-1,-1,-1,-1,-1,HV2Y,-1,-1,-1,-1,15,-0.71,-2.17,-2.17,-2.17,-2.17,-0.71,-2.95,0,-12.27,-7.18,-3.95,15.17,26.43,45.36,119.9,6.62,16.88,30.32,13.08,83.95,89.34,-0.35,8.74,15.16,9.08,14.92,1.053116,82,,,,,,,-0.35,9.16,7.7,-7.48,6.09,1.018232,78
21-10-2025,NSE:HTMEDIA,BE,488.6,113156,3.83,3.75,0,26.43,-0.49,-2.8,-4.09,-2.23,-1.25,8.32,34.7,17.93,-4.05,-13.32,-1,-1,-1,HV2Q,HV2Q,HV2Y,-1,-1,-1,-1,-1,-5.1,-5.1,-5.1,-5.1,-22.72,-5.1,0,0,-40.46,-37.67,-20.98,14.07,71.51,71.51,71.51,0.04,36.25,57.24,8.76,9.43,18.03,-2.4,6.72,27.65,9.32,-4.41,1.052883,82,,,,,,,-2.4,8.99,23.24,-27.35,-17.77,1.010661,73
21-10-2025,NSE:PSUBANK,EQ,1779.32,50515,2.16,2.2,1,786.78,0.36,3.39,3.78,6.19,5.88,9.54,14.72,19.9,16.04,NA,-1,-1,-1,-1,-1,HV2Y,-1,-1,7,-1,-1,0,0,0,0,NA,0,0,-2.03,-9.62,-21.13,NA,16.18,28.39,39.92,NA,8.15,9.34,26.57,19.32,6.72,NA,4.73,7.94,7.67,11.29,15.68,1.052571,82,,,,,,,4.73,3.43,0.2,4.39,4.2,1.017911,78
21-10-2025,NSE:CARYSIL,EQ,2611.46,176573,3.56,3.59,4,916.85,0.39,2.67,4.19,9.38,-0.08,4,25.82,21.92,13.81,-13.4,-1,-1,HVQ,EEP,HV2Y,EEP,-1,-1,-1,-1,-1,-1.46,-4.44,-4.44,-4.44,-16.99,-1.46,-4.36,-5.27,-26.16,-35.18,-28.45,16.96,53.04,85.79,85.79,13.35,17.05,78.35,37.81,7.41,5.93,-1.23,2.4,18.77,13.31,13.45,1.052549,82,,,,,,,-1.23,3.62,17.2,-6.94,-1.36,1.017044,78
21-10-2025,NSE:YESBANK,EQ,66537.6,106314874,2.53,2.53,1,22.75,0.49,-2.51,2.33,7.52,6.95,11.38,17.85,19.6,7.03,-24.4,EEP,EEP,-1,EEP,-1,HV2Y,-1,-1,-1,-1,-1,-5.33,-5.33,-5.33,-5.33,-21.55,-5.33,0,-13.4,-29.5,-41.75,-32.64,22.71,28.53,41.22,41.22,8.49,14.19,25.14,16.01,6.83,0.95,5.8,9.78,10.8,10.99,6.67,1.051811,82,,,,,,,5.8,4.31,1.76,0.46,-6.62,1.011775,74
21-10-2025,NSE:MEDANTA,EQ,36466.79,380702,2.49,2.49,4,1392.5,0.59,2.94,2.92,5.6,2.75,6.61,8.6,26.24,20.65,3.3,-1,-1,-1,-1,-1,EEP,-1,-1,-1,-1,-1,-0.25,-2.43,-2.43,-2.43,-6.36,-0.25,-5.11,-3.32,-1.74,-30.93,-25.69,7.91,23.53,39.03,44.02,7.14,20.13,29.83,31.64,6.22,14.28,1.6,5.01,1.55,17.63,20.29,1.051672,82,,,,,,,1.6,3.51,-3.41,17.63,1.43,1.023751,81
21-10-2025,NSE:FINOPB,EQ,2296.83,376514,4.28,4.26,0,334.45,1.16,6.26,6.16,19.66,17.84,17.52,18.4,12.66,-24.79,13.47,-1,-1,HV2Y,EEP,EEP,EEP,-1,3,-1,-1,-1,-0.46,-0.46,-0.46,-23.16,-26.75,-0.46,-10.09,-9.75,-40.23,-36.03,-8.6,37.04,45.32,66.45,66.45,27.92,12.6,37.29,35.83,14.48,63.57,16.69,15.92,11.35,4.05,-25.15,1.051611,82,,,,,,,16.69,-0.84,-4.47,-8.71,-33.86,0.99691,56
21-10-2025,NSE:SHARDACROP,EQ,8100,175533,3.14,3.1,5,839.25,2.77,2.66,1.2,1.76,-6.99,-3.5,32.13,13.38,27.51,56.19,-1,-1,EEP,EEP,EEP,EEP,-1,-1,-1,-1,-1,-4.23,-27.36,-27.36,-27.36,-27.36,-4.23,-22.28,-5.42,-33.31,-14.89,-0.06,4.37,60.79,84.03,161.33,4.37,16.21,90.46,24.9,126.36,89.44,-8.14,-5.1,25.08,4.77,27.15,1.051421,82,,,,,,,-8.14,2.8,28.89,-29.3,25.33,1.035131,86
21-10-2025,NSE:SEQUENT,EQ,5038.09,924919,4.27,4.18,0,205.68,3.53,-1.6,1.5,10.45,2.45,8.74,28.9,14.2,6.37,38.28,HVY,HVY,-1,HV2Q,EEP,EEP,-1,-1,-1,-1,-1,-4.97,-4.97,-4.97,-7.5,-11.43,-4.97,0,-6.08,-37.03,-24.01,-17.07,22.4,43.62,62.36,107.97,11.67,19.4,48.17,15.43,78.43,94.71,1.3,7.14,21.85,5.59,6.01,1.050701,82,,,,,,,1.3,5.99,16.56,-22.36,-0.1,1.012835,74
21-10-2025,NSE:HDFCAMC,EQ,125727.2,401011,2.45,2.45,4,5707.5,-0.15,1.99,2.65,1.48,-2.61,1.5,20.99,28.33,15.41,36.29,-1,-1,-1,-1,-1,-1,-1,-1,-1,-1,-1,-2.99,-3.13,-3.13,-3.13,-3.13,-2.99,-0.6,0,-6.59,-15.27,0,4.48,33.62,57.31,65.08,4.24,18.59,54.95,24.29,18.32,39.64,-3.76,-0.1,13.94,19.72,15.05,1.050637,82,,,,,,,-3.76,3.54,14.26,7.61,-9,1.018639,78
21-10-2025,NSE:ASHOKLEY,EQ,82845.08,16240794,2.06,2.1,6,136.24,0.29,0.61,-2.64,-4.54,-3.41,8.4,18.28,23.7,17.66,37.11,-1,-1,EEP,EEP,EEP,HV2Y,-1,-1,-1,-1,-1,-5.42,-5.42,-5.42,-5.42,-5.42,-5.42,0,-1.32,-15.06,-20.69,-14.42,18.04,23.69,38.94,70.51,1.29,22.07,27.28,13.54,30.11,40.4,-4.56,6.8,11.23,15.09,17.3,1.050593,82,,,,,,,-4.56,10.96,5.26,4.95,1.11,1.020793,80
21-10-2025,NSE:RATEGAIN,EQ,7557.1,998469,4.22,4.29,3,654.25,1.75,-0.74,-9.72,4.1,2.3,29.58,27.2,-10.49,-15.7,-18.22,-1,-1,EEP,-1,-1,EEP,-1,-1,-1,10,-1,-8.86,-8.86,-8.86,-21.62,-27.8,-8.86,-0.57,-37.94,-42.94,-20.23,-16.47,53.13,53.36,54.58,54.58,4.28,49.61,8.85,12.53,10.41,15.61,1.15,27.98,20.15,-19.1,-16.06,1.0501,82,,,,,,,1.15,27.47,-8.92,-53.45,4.31,1.012814,74
21-10-2025,NSE:TATASTEEL,EQ,214691.7,23124057,2.02,2.07,3,172.78,0.48,1.31,0.78,2.2,0.75,5.65,20.04,26.03,10.15,20.48,-1,-1,-1,-1,-1,EEP,-1,-1,-1,-1,-1,-2.06,-2.06,-2.06,-2.06,-5.66,-2.06,-0.32,-1.74,-18.03,-30.22,-15.24,12.92,24.44,40.55,40.55,3.21,12.5,29,12.39,3.97,15.25,-0.4,4.05,12.99,17.42,9.79,1.050055,81,,,,,,,-0.4,4.47,9.72,5.81,-12.44,1.014536,76
21-10-2025,NSE:INDIGO,EQ,219626.24,1306295,1.77,1.84,4,5913,-0.35,2.6,4.21,3.48,3.96,0.59,6.41,30.46,20.52,48.2,-1,-1,-1,EEP,-1,-1,-1,-1,-1,-1,-1,-0.35,-3.94,-3.94,-3.94,-3.94,-0.35,-7.74,-1.65,0,-17.68,-5.9,6.33,15.92,53.63,95.22,6.33,3.88,46.59,43.79,40.38,60.46,2.81,-1.01,-0.64,21.85,20.16,1.050016,81,,,,,,,2.81,-3.96,0.32,24.02,-5.28,1.024737,82
21-10-2025,NSE:CCL,EQ,11851.27,150132,2.66,2.63,5,848.65,0.57,1.85,-0.42,-0.99,-4.41,-2.26,24.71,24.65,20.75,24.25,-1,-1,-1,EEP,EEP,EEP,-1,-1,-1,-1,-1,-7.69,-9.06,-9.06,-9.06,-9.06,-7.69,-5.05,-3.31,-23.2,-23.14,-19.16,2.34,43.47,54.08,54.08,2.34,8.03,57.56,16,15.46,21.43,-5.56,-3.86,17.66,16.04,20.39,1.04938,81,,,,,,,-5.56,1.59,20.85,-1.77,3.85,1.022435,81
21-10-2025,NSE:DYNAMATECH,EQ,4916.33,21852,3.94,3.95,0,8180,1.32,5.02,15.68,17.4,11.95,11.79,20.84,9.66,3.59,19.99,HV2Y,HV2Y,-1,-1,HV2Y,HV2Y,-1,-1,-1,-1,-1,0,0,0,-6.37,-8.48,0,-1.32,-5.5,-25.88,-17.32,-11.77,27.49,29.77,42.54,42.54,21.07,12.26,25.73,12.84,17.82,25.74,10.8,10.19,13.79,1.05,3.23,1.049307,81,,,,,,,10.8,-0.64,4.73,-15.8,2.3,1.00873,70
21-10-2025,NSE:DATAPATTNS,EQ,15947.03,333174,3.8,3.77,6,2842,2.16,2.92,0.7,10.58,-0.64,4,25.05,22.82,10.94,34.86,-1,HVQ,-1,EEP,EEP,EEP,-1,-1,-1,-1,-1,0,-0.98,-10.38,-10.38,-16.29,0,-5.46,-13.97,-37.24,-35.4,-25.45,18.28,36.2,101.33,101.33,11.83,19.04,93.27,50.9,22.42,41.27,-1.79,2.4,18,14.21,10.58,1.049203,81,,,,,,,-1.79,4.16,16.39,-4.65,-6.37,1.014813,76
21-10-2025,NSE:LLOYDSENT,EQ,8547.42,4061158,4.37,4.33,5,70.33,2.12,5.57,1.83,11.84,4.89,-6.95,28.61,28.53,NA,NA,-1,-1,HV2Y,HV2Y,HV2Y,HV2Y,-1,-1,-1,-1,-1,-0.3,-11.22,-17.16,NA,NA,-0.3,-21.21,-11.4,-11.55,NA,NA,13.44,62.19,NA,NA,13.44,1.15,118.57,45.91,NA,NA,3.74,-8.55,21.56,19.92,0,1.048756,81,,,,,,,3.74,-12.91,27.71,-1.79,109.02,1.033548,86
21-10-2025,NSE:SHALBY,EQ,2630.04,905083,3.62,3.63,5,251.1,1.58,1.53,-3.94,0.7,4.19,21.81,20.02,7.98,-2.59,-15.79,-1,-1,HV2Y,-1,-1,EEP,-1,-1,-1,-1,-1,-5.9,-5.9,-5.9,-5.9,-19.13,-5.9,0,-14.72,-31.1,-27.95,-19.68,32.18,39.45,39.45,39.45,2.55,33.22,9.04,8.38,9.72,19.34,3.04,20.21,12.97,-0.63,-2.95,1.048414,81,,,,,,,3.04,17.93,-7.82,-16.74,-2.47,1.010037,72
21-10-2025,NSE:AMCL,SM,235.57,94564,5.77,6.12,1,309,-0.05,7.91,9.39,20.16,35.18,NA,NA,NA,NA,NA,-1,-1,-1,-1,-1,-1,NA,-1,-1,-1,-1,-0.05,NA,NA,NA,NA,-0.05,NA,NA,NA,NA,NA,NA,NA,NA,NA,54.5,NA,NA,NA,NA,NA,34.03,0,0,0,0,1.048305,81,,,,,,,34.03,99.54,-5.53,-1.68,9.02,1.065235,95
21-10-2025,NSE:UNOMINDA,EQ,76411.03,958215,3.11,3.06,1,1226,-0.29,3.31,-11.44,-4.84,-7.64,12.07,26.83,10.52,18.36,48.62,-1,-1,-1,-1,EEP,EEP,-1,-1,-1,-1,-1,-10.27,-10.27,-10.27,-10.27,-10.27,-10.27,-0.11,-3.71,-23.63,-6.6,-14.79,17.73,39.77,52.71,101.66,3.43,26.72,34.27,11.74,80.45,64.63,-8.79,10.47,19.78,1.91,18,1.047998,81,,,,,,,-8.79,17.85,11.25,-23.97,17.79,1.025553,83
21-10-2025,NSE:SUPREMEPWR,SM,564.8,63440,4.82,4.91,5,218.6,0.78,3.41,7.91,6.72,-2.56,-2.2,47.71,1.19,-11.96,30.44,-1,-1,-1,HVQ,HVQ,HV2Y,-1,-1,-1,-1,-1,-4.44,-4.44,-5.8,-15.35,-44.44,-4.44,-3.38,-3.73,-65.14,-45.1,-37.79,16.31,91,115.05,115.05,9.08,19.29,119.77,12.44,102.91,129.92,-3.71,-3.8,40.66,-7.42,-12.32,1.04756,81,,,,,,,-3.71,-0.1,43.31,-90.66,-4.29,1.028326,84
21-10-2025,NSE:MUFIN,EQ,1503.05,447079,3.76,3.75,0,100.35,-0.19,8.38,12.7,14.57,10.73,9.54,33.05,0.18,-7.18,-138.66,-1,-1,HVQ,HVQ,-1,-1,-1,-1,-1,-1,-1,-0.19,-0.19,-0.19,-20.95,-58.7,-0.19,-4.37,-11.89,-50.45,-62.8,-60.06,19.85,49.87,55.29,55.29,17.05,25.8,40.48,3.96,7.08,4.02,9.58,7.94,26,-8.43,-7.54,1.047032,81,,,,,,,9.58,-1.8,20.47,-50.79,1.64,1.007684,70
21-10-2025,NSE:PENIND,EQ,3385.8,905799,3.15,3.11,5,240.72,3.55,1.98,3.94,2,-3.98,-0.56,18.12,25.09,23.2,40.95,-1,-1,EEP,EEP,EEP,EEP,-1,-1,-1,-1,-1,-2.05,-8.48,-8.48,-8.48,-8.48,-2.05,-4.83,-2.25,-11.48,-19.02,-6.63,13.15,39.53,67.1,119.23,4.1,17.65,68.03,36.82,64.23,68.37,-5.13,-2.16,11.07,16.48,22.84,1.046351,81,,,,,,,-5.13,2.83,13.05,6.83,6.5,1.023228,81
21-10-2025,NSE:CARRARO,EQ,2598.12,171873,3.82,3.87,0,514.6,1.81,1.58,10.37,9.37,11.6,5.42,37.22,-12.39,NA,NA,-1,-1,-1,-1,-1,-1,-1,-1,-1,-1,-1,0,0,0,NA,NA,0,-9.09,-15.44,-51.21,NA,NA,26.76,59.32,NA,NA,13.27,12.06,91.46,27.08,NA,NA,10.45,3.82,30.17,-21,0,1.046315,81,,,,,,,10.45,-7.45,28.09,-80.71,109.02,1.011469,73
21-10-2025,NSE:STARCEMENT,EQ,11341.8,707695,3.02,2.97,4,261.85,-0.30,-1.68,0.32,2.33,-4.43,12.26,12.15,20.06,20.68,20.43,-1,-1,EEP,-1,EEP,EEP,-1,-1,-1,-1,-1,-3.16,-12.35,-12.35,-12.35,-12.35,-3.16,-8.47,-0.78,-3.06,-14.47,-15.14,15.31,25.28,51.7,51.7,3.58,30.38,13.77,33.27,21.27,12.84,-5.58,10.66,5.1,11.45,20.32,1.046274,81,,,,,,,-5.58,15.52,-5.65,7.32,9.8,1.025107,82
21-10-2025,NSE:SUVEN,EQ,5136.37,156171,4.32,4.32,3,197.49,3.04,0.71,-3.72,-2.16,-13.65,-45.02,34.47,31.46,30.75,46.71,-1,-1,-1,HV2Y,HV2Q,HVQ,-1,-1,-1,-1,-1,-14.98,-31.87,-33.42,-33.42,-33.42,-14.98,-24.33,-3.44,-21.4,-17.8,-16.94,3.12,60.97,89.6,126.22,3.12,7.79,174.96,24.25,55.04,56.67,-14.8,-46.62,27.42,22.85,30.39,1.04618,81,,,,,,,-14.8,-28.06,49.28,-6.26,7.97,1.056888,94
21-10-2025,NSE:HUBTOWN,EQ,4420.58,892483,4.71,4.58,5,311.6,1.33,0.08,-1.3,9.76,-4.41,6.27,32.42,11.68,10.73,52.98,-1,-1,HV2Y,HV2Q,HVQ,HV2Y,-1,-1,-1,-1,-1,-3.83,-14.31,-14.31,-14.31,-14.31,-3.83,-10.53,-5.41,-35.79,-16.08,-15.19,12.53,87.28,87.28,168.27,12.53,56.64,75.53,20.08,136.93,139.47,-5.56,4.67,25.37,3.07,10.37,1.046169,81,,,,,,,-5.56,9.78,22.37,-32.37,7.95,1.018996,79
21-10-2025,NSE:FEDERALBNK,EQ,48669.54,7182787,2.07,2.18,1,227.44,0.16,5.28,12.43,16.43,12.98,6.45,11.34,14.08,14.53,35.52,EEP,EEP,-1,-1,HVQ,HVQ,-1,2,-1,-1,-1,0,0,0,0,0,0,-9.51,-2.72,-6.41,-9.29,-5.02,19.77,21.8,28.85,55.73,19.65,4.22,20.55,14.24,34.68,33.98,11.83,4.85,4.29,5.47,14.17,1.046047,81,,,,,,,11.83,-7.97,-0.29,1.4,9.54,1.015448,76
21-10-2025,NSE:BEML,EQ,18082.04,351429,3.17,3.15,4,4395.9,1.22,0.84,1.37,7.78,0.9,0.52,27.85,18.28,11.92,34.47,-1,-1,-1,EEP,HVQ,EEP,-1,-1,-1,-1,-1,-1.68,-1.68,-8.2,-8.2,-15.5,-1.68,-9.03,-8.68,-34.24,-30.95,-25.57,14.51,45.85,82.07,82.07,8.44,13.48,81.13,31.37,31.32,41.54,-0.25,-1.08,20.8,9.67,11.56,1.045796,81,,,,,,,-0.25,-0.85,21.94,-14.94,1.24,1.015658,77
21-10-2025,NSE:RISHABH,BE,1582.47,356161,5.35,5.21,4,370.95,-0.54,1.64,-11.15,-3.63,-11.61,21.39,22.76,16.96,0.47,-60.87,-1,-1,HV2Y,HVY,HV2Q,-1,-1,-1,-1,-1,-1,-13.17,-22.09,-22.09,-22.09,-30.55,-13.17,-13.05,-5.37,-35.49,-49.76,-39.79,33.6,54.21,82.55,82.55,1.67,49.11,43.5,41.01,0.54,4.16,-12.76,19.79,15.71,8.35,0.11,1.045536,81,,,,,,,-12.76,29.11,-3.79,-9.19,-10.83,1.019994,79
21-10-2025,NSE:NEULANDLAB,EQ,19758.03,51637,3.58,3.58,1,16267,-1.07,-0.54,2.68,11.27,4.92,13.06,19.64,16.03,0.1,60.33,-1,-1,HV2Y,HVQ,EEP,EEP,-1,6,-1,-1,-1,-1.07,-1.07,-1.07,-8.85,-8.85,-1.07,-4.65,-7.4,-26.75,-23.46,0,27.03,47.13,55.11,188.26,16.48,32.56,34.86,63.18,142.05,187.97,3.77,11.46,12.59,7.42,-0.26,1.043956,81,,,,,,,3.77,8.1,2.04,-6.17,-9.95,1.007156,69
21-10-2025,NSE:LEMONTREE,EQ,13667.84,4693474,2.43,2.51,5,168.47,1.34,4.06,0.74,3.03,-2.63,7.26,12.58,16.72,26.08,21.65,-1,-1,HVQ,HVQ,-1,-1,-1,-1,-1,-1,-1,-2.75,-5.32,-5.32,-5.32,-5.32,-2.75,-2.83,-1.18,-7.39,-11.77,-20.81,18.55,29.84,47.02,47.74,4.23,28.26,28.37,29.15,23.05,9.21,-3.78,5.66,5.53,8.11,25.72,1.043757,80,,,,,,,-3.78,9.18,0.21,3.05,20.27,1.026793,84
21-10-2025,NSE:CREDITACC,EQ,21803.4,258610,3.13,3.13,4,1295.7,0.69,-5.79,-7.43,-3.09,-5.22,0.15,11.61,30.07,20.96,-25.4,-1,-1,-1,HV2Y,EEP,EEP,-1,-1,-1,-1,-1,-8.53,-8.53,-8.53,-8.53,-20.58,-8.53,-2.84,-2.27,-13.74,-44.46,-37.23,7.1,19.03,59.2,59.2,0.69,21.02,51.59,40.71,11.32,0,-6.37,-1.45,4.56,21.46,20.6,1.04355,80,,,,,,,-6.37,4.64,5.95,19.21,-4.01,1.023823,81
21-10-2025,NSE:VMM,EQ,70786.65,21324496,2.24,2.24,5,148.08,0.02,1.6,-1.05,0.79,-2.88,5.69,23.91,26.28,NA,NA,-1,-1,-1,EEP,-1,-1,-1,-1,-1,-1,15,-1.69,-3.33,-3.33,NA,NA,-1.69,-0.54,0,-10.15,NA,NA,11.55,37.98,NA,NA,2.87,19.45,40.45,13.3,NA,NA,-4.03,4.09,16.86,17.67,0,1.043282,80,,,,,,,-4.03,7.87,13.8,1.43,109.02,1.029108,84
21-10-2025,NSE:JSWSTEEL,EQ,275235.84,1501161,2.02,2.06,6,1152.5,0.64,0.41,-0.37,2.63,2.58,10.21,9.4,21.32,14.16,29.59,-1,-1,-1,-1,-1,-1,-1,-1,-1,3,-1,-1.93,-1.93,-1.93,-1.93,-1.93,-1.93,0,-2.67,-1.79,-12.73,-4.79,12.26,20.91,30.41,47.63,3.18,12.62,13.89,20.88,16.16,26.73,1.43,8.61,2.35,12.71,13.8,1.04324,80,,,,,,,1.43,7.38,-6.44,11.48,-0.08,1.017665,78
21-10-2025,NSE:SANDHAR,EQ,2779.61,174442,4.64,4.61,0,529.1,2.28,3.32,10.55,15,12.65,6.87,22.99,13.97,-7.22,11.57,-1,-1,-1,HV2Y,EEP,EEP,-1,5,-1,-1,-1,-0.37,-0.37,-4.43,-10.99,-22.32,-0.37,-16.28,-11,-40.18,-33.17,-16.71,29.52,45.5,54.84,54.84,18.94,13.13,44.21,19.24,3.14,28.54,11.5,5.27,15.94,5.36,-7.58,1.043174,80,,,,,,,11.5,-7.08,11.78,-13.4,-15.61,1.002218,63
21-10-2025,NSE:PILANIINVS,EQ,6089.74,6606,3.04,3.28,1,5809.5,0.37,9.54,7.17,8.68,5.41,8.91,21.48,16.28,2.85,45.31,-1,-1,HV2Q,HVQ,HVQ,HV2Y,-1,-1,-1,-1,-1,0,0,0,-22.91,-22.91,0,-1.66,-5.3,-39.47,-35.46,0,19.39,40.68,74.76,95.94,10.54,12.93,59.19,37.21,64.05,90.35,4.26,7.31,14.43,7.67,2.49,1.043099,80,,,,,,,4.26,3.24,8.28,-8.31,-7.01,1.007699,70
21-10-2025,NSE:IIFL,EQ,19266.95,1132878,3.21,3.22,1,499.65,-0.01,2.88,4.83,12.18,9.13,-7.37,26.51,20.13,6.14,-11.3,-1,-1,-1,HVQ,HVQ,EEP,-1,-1,-1,-1,-1,-1.3,-6.41,-6.86,-6.86,-17.37,-1.3,-15.36,0,-30.76,-34.1,-22.56,19.15,45.1,76.18,76.18,19.15,6.29,89.16,29.48,27.83,50.22,7.98,-8.97,19.46,11.52,5.78,1.043076,80,,,,,,,7.98,-18.61,26.02,-10.35,-8.5,1.013048,75
21-10-2025,NSE:SMSPHARMA,EQ,2597.5,676581,3.95,4.02,4,289.1,-0.58,5.22,7.97,15.5,-1.05,14.08,25.6,22.64,-19.96,49.34,-1,-1,HV2Y,HV2Q,HVQ,HV2Y,-1,-1,-1,-1,-1,-1.34,-3.82,-3.82,-13.2,-23.27,-1.34,-2.8,-8.13,-42.91,-40.64,-7.96,34.65,34.65,57.76,103.59,18.34,36.06,35.55,17.38,81.61,181.61,-2.2,12.48,18.55,14.03,-20.32,1.042979,80,,,,,,,-2.2,14.51,7.88,-5.65,-46.04,1.001833,63
21-10-2025,NSE:NORTHARC,EQ,4464.95,971855,3.64,3.61,2,277.75,1.04,5.17,-0.47,3.42,0.23,2.87,24.06,24.09,3.4,NA,-1,-1,-1,EEP,EEP,-1,-1,-1,-1,-1,-1,-3.78,-3.78,-3.78,-3.78,NA,-3.78,-0.27,0,-34.78,-34.8,NA,25.12,36.84,67.09,NA,5.89,24.83,62.3,26.88,3.27,NA,-0.92,1.27,17.01,15.48,3.04,1.042684,80,,,,,,,-0.92,2.18,16.29,-1.65,-18.23,1.009607,71
21-10-2025,NSE:SAKAR,BE,765.4,16241,4.22,4.21,1,364.85,-0.03,0.79,0.45,3.47,5.8,4.07,15.25,19.95,12.95,-4.76,-1,-1,-1,HV2Y,-1,HVQ,-1,-1,-1,-1,-1,-0.8,-1.12,-1.12,-1.12,-10.85,-0.8,-6.86,-4.37,-13.16,-32.07,-26.12,15.06,35.61,72.33,72.33,5.31,8.39,65.31,46.05,2.53,4.71,4.65,2.47,8.2,11.34,12.59,1.042288,80,,,,,,,4.65,-2.29,6.12,3.87,0.27,1.013618,75
21-10-2025,NSE:WCIL,EQ,1468.16,703599,4.59,4.55,5,128.93,3.05,6.83,-5.67,-2.58,-11.95,11.53,37.66,15.25,-15.43,NA,-1,-1,-1,HV2Q,HVQ,HVQ,-1,-1,-1,-1,-1,-11,-11,-11,-13.29,NA,-11,0,-6.55,-51.7,-34.34,NA,23.11,72.62,81.36,NA,7.33,37.82,60.44,13.07,3.6,NA,-13.1,9.93,30.61,6.64,-15.79,1.042102,80,,,,,,,-13.1,20.52,24,-37.62,-27.18,1.010965,73
21-10-2025,NSE:JAYBARMARU,BE,1077.85,144396,4.66,4.72,6,92.69,1.88,-2.34,-9.5,-11.09,-7.42,18.38,28.72,10.28,-5.07,-33.73,-1,-1,HV2Q,HVQ,HV2Y,HV2Y,-1,-1,-1,-1,-1,-15.12,-15.12,-15.12,-15.12,-32.52,-15.12,-2.36,-10.13,-45.71,-40.09,-29.83,29.18,55.31,63.73,63.73,1.88,38.77,33.63,16.71,5.43,3.55,-8.57,16.78,21.67,1.67,-5.43,1.041772,80,,,,,,,-8.57,23.56,7.13,-27.55,-8.09,1.012163,74
21-10-2025,NSE:POLYCAB,EQ,113710.32,236427,2.16,2.19,1,7605,-0.89,-0.04,0.12,4.3,0.74,7.4,27.6,12.36,5.57,42.86,-1,-1,-1,-1,-1,HV2Y,-1,-1,-1,9,-1,-1.62,-1.62,-1.62,-1.62,-1.62,-1.62,0,0,-26.99,-11.62,-4.11,13.54,39.16,62.52,75.63,4.49,20.03,50.48,17.66,56.32,68.42,-0.41,5.8,20.55,3.75,5.21,1.04163,80,,,,,,,-0.41,6.26,16.28,-22.74,1.28,1.011258,73
21-10-2025,NSE:MANINDS,EQ,3319.17,761291,4.86,5.01,3,407.45,0.68,10.57,7.18,0.18,-8.75,-6.8,29.24,22.41,18.95,0.36,-1,-1,HVQ,EEP,EEP,EEP,-1,-1,-1,-1,-1,-10,-11.28,-11.28,-11.28,-17.48,-10,-3.52,-0.99,-40.25,-35.97,-33.11,11.94,55.57,94.01,94.01,11.94,15.92,107.19,37.27,9.22,2.2,-9.9,-8.4,22.19,13.8,18.59,1.041545,80,,,,,,,-9.9,1.33,28.22,-11.34,4.56,1.023388,81
21-10-2025,NSE:MANOMAY,EQ,310.35,19841,4.58,4.61,1,206.17,0.26,-1.65,8.97,18.38,16.6,19.38,12.57,-3.45,-5.45,8.57,HV2Q,HV2Q,-1,-1,HV2Y,HV2Y,-1,-1,-1,-1,-1,-1.63,-1.63,-1.63,-13.31,-32.14,-1.63,-1.92,-21.68,-40.67,-29.79,-28.44,31.52,31.52,31.52,31.52,22.52,9.69,5.26,14.15,28.84,31.32,15.45,17.78,5.52,-12.06,-5.81,1.041316,80,,,,,,,15.45,2.88,-13.98,-20.01,7.09,1.004952,67
21-10-2025,NSE:NAHARPOLY,EQ,717.97,14108,5.53,5.5,3,302.15,1.14,-0.74,-0.83,2.86,3.92,-15.84,28.13,19.94,17.91,37.55,-1,-1,-1,HVQ,HVQ,HVQ,-1,-1,-1,-1,-1,-3.99,-12.8,-19.35,-19.35,-19.35,-3.99,-20.74,-6.58,-38.14,-31.09,-29.35,8.08,54.06,67.14,74.15,5.94,3.85,93.61,20.12,39.42,42.95,2.77,-17.44,21.08,11.33,17.55,1.041031,80,,,,,,,2.77,-21.02,32.43,-13.08,6.49,1.024009,82
21-10-2025,NSE:MODEFENCE,EQ,827.08,2389809,2.61,2.6,5,90.16,0.91,2.98,1.48,3.97,-1.4,-0.27,17.15,24.3,17.7,NA,-1,-1,-1,-1,-1,-1,-1,-1,-1,-1,-1,-0.32,-1.56,-9.67,-9.67,NA,-0.32,-8.41,-9.43,-3.95,-12.24,NA,10.86,23.39,60.51,NA,4.56,12.41,60.94,32.99,5.49,NA,-2.55,-1.87,10.1,15.69,17.34,1.040884,80,,,,,,,-2.55,0.66,11.84,6.95,0.3,1.017848,78
21-10-2025,NSE:AUTOBEES,EQ,354.65,379246,2.01,2.02,6,279.75,0.32,2.29,1.11,3.04,-0.21,11.85,20.19,16.47,5.29,29.36,-1,-1,-1,-1,-1,-1,-1,-1,-1,-1,12,-0.41,-0.51,-0.51,-0.51,-0.77,-0.41,-0.3,0,-20.81,-17.11,-6.02,16.14,24.81,38.04,41.72,3.14,17.15,21.68,10.16,21.86,38.17,-1.36,10.25,13.14,7.86,4.93,1.040731,80,,,,,,,-1.36,11.58,3.93,-6.34,-4.37,1.010767,73
21-10-2025,NSE:SRF,EQ,87383.07,337191,2.05,2.04,0,3148,-1.00,3.3,5.82,11.12,6.7,0.56,4.22,17.92,26.74,27.37,-1,-1,-1,-1,EEP,EEP,-1,2,-1,-1,-1,-1.32,-1.41,-4.21,-4.21,-4.21,-1.32,-10.63,-4.75,-0.47,-3.37,-13.6,12.51,12.51,46.85,46.85,12.51,3.55,24.07,40.65,20.53,5.13,5.55,-1.04,-2.83,9.31,26.38,1.040633,80,,,,,,,5.55,-7.04,-1.84,12.62,19.77,1.025735,83
21-10-2025,NSE:BHARTIHEXA,EQ,85650,231373,3.1,3.12,1,1812.7,0.54,3.13,2.56,10.05,5.41,-0.55,9.44,25.27,16.3,NA,-1,-1,HVQ,HVQ,HV2Q,HV2Q,-1,-1,-1,-1,-1,-0.19,-2.52,-8.66,-8.66,NA,-0.19,-13.6,-8.16,-0.15,-12.37,NA,11.17,14.37,45.41,NA,11.17,1.01,46.21,50.29,68.05,NA,4.26,-2.15,2.39,16.66,15.94,1.040396,79,,,,,,,4.26,-6.75,4.41,15.79,-2.99,1.017402,78
21-10-2025,NSE:ARMANFIN,EQ,1525.39,28324,3.97,4,0,1690.1,1.79,2.76,7.79,13.69,14.43,1.91,3,22.74,9.39,-30.41,-1,-1,-1,HV2Y,HVQ,HV2Y,-1,-1,-1,-1,-1,0,-1.44,-6.46,-6.46,-31.87,0,-19.95,-8.24,-18.16,-47.36,-38.26,25.11,25.11,50.79,50.79,17.03,7.06,47.92,46.27,10.42,0.44,13.28,0.31,-4.05,14.13,9.03,1.040351,79,,,,,,,13.28,-15.09,-4.41,18.67,-8.26,1.014934,76
21-10-2025,NSE:BOSCHLTD,EQ,117384.69,25536,1.72,1.7,4,39200,-0.04,3.04,1.1,2.18,-1.51,2.24,28.52,20.01,2.39,35.62,-1,-1,HVQ,HVQ,-1,-1,-1,-1,-1,-1,-1,-0.94,-5.53,-5.53,-5.53,-5.53,-0.94,-4.11,-0.84,-27.78,-19.18,-1.38,3.83,40.03,49.72,49.72,3.13,26.32,46.36,7.02,33.04,62.34,-2.66,0.64,21.47,11.4,2.03,1.040283,79,,,,,,,-2.66,3.23,21.35,-13.58,-13.01,1.009796,72
21-10-2025,NSE:PVP,BE,768.19,744691,5.58,5.51,5,29.43,2.01,1.6,0.85,-3.5,-0.44,30.48,7,0.61,-2.34,30.17,-1,-1,HVY,HVQ,HVQ,HVQ,-1,-1,-1,-1,-1,-4.23,-11.3,-11.3,-15.82,-29.68,-4.23,-10.91,-32.63,-28.41,-30.11,-28.03,56.71,56.71,56.71,56.71,5.26,57.4,2.2,27.3,49.62,54.07,-1.59,28.88,-0.05,-8,-2.7,1.040277,79,,,,,,,-1.59,30.32,-39.3,-8.55,6.05,1.022669,81
21-10-2025,NSE:HINDPETRO,EQ,87964.18,4063482,2.67,2.66,3,455.4,0.54,2.8,0.25,3,9.3,5.2,12.51,21.34,4.56,26.53,-1,-1,-1,EEP,-1,-1,-1,-1,7,-1,-1,-0.57,-0.57,-0.57,-0.57,-0.57,-0.57,-8.76,-4.64,-11.16,-20.13,-3.09,21.15,21.15,55.03,55.03,10.33,9.88,46.96,35.64,20.61,46.35,8.15,3.6,5.46,12.73,4.2,1.040131,79,,,,,,,8.15,-4.98,2.17,8.42,-12.32,1.008895,70
21-10-2025,NSE:ASTRAZEN,EQ,22400,21788,2.26,2.25,3,9306.5,-0.40,1.99,-0.8,4.46,4,1.77,3.6,27.09,17.8,41.51,-1,-1,-1,HV2Q,HV2Y,HVQ,-1,-1,-1,-1,-1,-1.15,-1.15,-11.45,-11.45,-11.45,-1.15,-4.89,-13.02,0,-14.86,-4.02,16.09,18.74,47.59,88.85,6.23,11.45,36.47,43.61,37.69,55.23,2.85,0.17,-3.45,18.48,17.44,1.040102,79,,,,,,,2.85,-2.78,-3.67,22.69,-3.72,1.021254,80
21-10-2025,NSE:SGIL,EQ,879.66,30533,3.64,3.58,6,539.05,0.26,1.56,-0.83,1.65,-2.92,1.67,13.38,19.87,25.22,34.68,-1,-1,-1,HVQ,HV2Y,HV2Y,-1,-1,-1,-1,-1,-4.35,-9.61,-9.61,-9.61,-9.61,-4.35,-6.97,-4.39,-4.79,-11.93,-8.61,4.31,18.67,57.09,84,3.2,7.76,50.84,44.02,47.45,37.6,-4.07,0.07,6.33,11.26,24.86,1.039704,79,,,,,,,-4.07,4,6.37,5.82,15.7,1.02407,82
21-10-2025,NSE:KRBL,EQ,9028.56,1987672,3.43,3.38,3,383.6,0.35,4.03,9.35,9.52,-3.09,-7.92,18.61,24.99,23.28,7.64,-1,-1,EEP,EEP,-1,EEP,-1,-1,-1,-1,-1,-1.58,-21.26,-21.26,-21.26,-21.26,-1.58,-18.82,0,-3.09,-20.55,-18.75,11.61,29.9,54.52,54.52,11.61,18.79,66.77,25.76,10,12.5,-4.24,-9.52,11.56,16.38,22.92,1.039622,79,,,,,,,-4.24,-5.15,19.06,6.15,6.74,1.022454,81
21-10-2025,NSE:VARROC,EQ,9671.38,232658,3.42,3.36,5,624.75,0.36,5.12,0.7,3.63,-1.32,11.28,27.71,5.17,7.56,18.66,-1,-1,-1,-1,HV2Y,EEP,-1,-1,-1,-1,-1,-3.3,-3.3,-3.3,-3.3,-10.09,-3.3,-1.47,-5.73,-30.27,-14.74,-16.89,22.38,45.43,55.84,55.84,5.82,24,38.26,12.66,32.55,29.21,-2.47,9.68,20.66,-3.44,7.2,1.039337,79,,,,,,,-2.47,11.97,12.99,-32.85,11.54,1.014675,76
21-10-2025,NSE:BHARTIARTL,EQ,1117555.62,6464724,1.53,1.57,1,2043.5,-0.39,4.74,5.6,6.91,3.97,6.57,9.36,20.23,15.15,45.26,-1,-1,-1,-1,-1,-1,-1,2,-1,-1,-1,-0.39,-0.39,-0.39,-0.39,-0.39,-0.39,-3.52,-6.13,-1.95,-7.96,-2.1,10.44,12.97,33.99,84.09,9.42,6.06,21.59,28.47,46.86,56.2,2.82,4.97,2.31,11.62,14.79,1.039208,79,,,,,,,2.82,2.25,-2.54,10.31,2.66,1.016289,77
21-10-2025,NSE:SARDAEN,EQ,20261.92,1154491,3.16,3.17,5,545.45,3.65,0.71,-5.06,-1.49,-5.17,17.97,7.23,21.72,7,60.34,-1,-1,HVQ,HV2Q,HVQ,HV2Y,-1,-1,-1,-1,-1,-6.78,-12.89,-12.89,-12.89,-12.89,-6.78,-8.38,-19.58,-9.06,-16.63,-0.97,26.54,30.47,32.94,197.65,3.65,35.33,7.03,104.53,133.02,176.81,-6.32,16.37,0.18,13.11,6.64,1.038625,79,,,,,,,-6.32,21.54,-18.62,13.93,-9.77,1.020817,80
21-10-2025,NSE:TRANSRAILL,EQ,10724.37,1631260,2.54,2.55,5,749.7,1.90,2.3,-1.07,1.42,-6.62,2.93,31.63,19.67,NA,NA,-1,-1,EEP,HVQ,HV2Y,HV2Y,-1,-1,-1,-1,-1,-4.07,-6.89,-6.89,NA,NA,-4.07,-0.73,-6.7,-24.3,NA,NA,11.45,63.48,NA,NA,3.71,28.3,64.77,16.06,NA,NA,-7.77,1.33,24.58,11.06,0,1.038569,79,,,,,,,-7.77,8.5,24.03,-19.17,109.02,1.02573,83
21-10-2025,NSE:IEL,BE,393.3,106779,2.88,3.29,3,19.9,2.05,10.1,3.57,3.02,0.35,9.85,10.2,3.77,28.84,31.91,-1,-1,-1,-1,HV2Y,HV2Y,-1,-1,-1,-1,-1,-3.49,-8.84,-21.59,-21.59,-21.59,-3.49,-20.49,-29.31,-27.09,-21.87,-2.41,22.31,39.55,62.18,102.44,11.24,21.88,25.81,81.79,94.81,44.05,-0.8,8.25,3.15,-4.84,28.48,1.038519,79,,,,,,,-0.8,9.07,-5.14,-8.84,35.08,1.032015,85
21-10-2025,NSE:SBICARD,EQ,83212.56,891220,2.15,2.18,1,936.7,-0.13,2.21,3.37,7.84,6.94,4.06,2.23,19.64,20.91,23.9,-1,-1,-1,-1,-1,-1,-1,6,-1,-1,-1,-0.13,-0.13,-7.9,-7.9,-7.9,-0.13,-12.07,-11.64,0,-6.51,-8,19.04,19.04,41.1,41.1,8.5,10.77,21.3,37.95,13.39,9.36,5.79,2.46,-4.82,11.03,20.55,1.038486,79,,,,,,,5.79,-3.56,-7.44,16.12,10.61,1.021603,80
21-10-2025,NSE:KOLTEPATIL,EQ,4127.17,121090,3.27,3.2,4,435.5,-0.10,4.35,0.84,-0.36,-7.13,-3.03,21.73,29.27,9.92,-10.54,-1,-1,HVQ,HVQ,EEP,EEP,-1,-1,-1,-1,-1,-7,-7.85,-11.56,-11.56,-22.05,-7,-5.25,-8.87,-26.12,-44.86,-29.78,8.24,31.23,74.27,74.27,4.55,15.96,79.55,36.39,4.69,11.53,-8.28,-4.63,14.68,20.66,9.56,1.037434,79,,,,,,,-8.28,3.37,18.51,7.94,-18.33,1.015072,76
21-10-2025,NSE:FINIETF,EQ,210.01,340288,1.91,1.89,0,32.05,0.63,3.06,3.96,6.52,4.34,4.15,11.48,19.75,14.45,30.64,-1,-1,-1,-1,-1,-1,-1,-1,-1,-1,-1,0,0,0,0,0,0,-2.42,-2.26,-0.94,-10.2,-4.26,11.17,18.31,31.62,46.68,7.8,6.35,26.16,16.51,17.71,25.49,3.19,2.55,4.43,11.14,14.09,1.037302,79,,,,,,,3.19,-0.66,2.12,7.66,2.41,1.014559,76
21-10-2025,NSE:INDOBORAX,BE,784.7,28000,3.89,4.33,2,235.69,0.38,-0.47,-1.83,3.31,-3.04,-1.34,17.65,29.15,8.69,22.97,-1,-1,HV2Y,HVQ,HV2Y,HV2Y,-1,-1,-1,-1,-1,-7.33,-19.6,-19.6,-19.6,-19.6,-7.33,-17.16,-3.13,-21.71,-32.65,-13.2,3.42,31.28,59.45,59.45,3.42,21.43,61.6,31.32,12.07,44.43,-4.19,-2.94,10.6,20.54,8.33,1.037226,79,,,,,,,-4.19,1.18,13.21,12.29,-19.86,1.013512,75
21-10-2025,NSE:OCCLLTD,BE,695.81,40371,4.22,4.23,6,126.13,0.56,1,-0.45,-1.66,-11,-13.45,35.3,28.97,NA,NA,-1,-1,-1,HVQ,HV2Y,HV2Y,-1,-1,-1,-1,-1,-8.36,-17.31,-17.31,NA,NA,-8.36,-8.21,-0.2,-28.85,NA,NA,2.59,65.22,NA,NA,2.59,17.83,119.51,25.17,NA,NA,-12.15,-15.05,28.25,20.36,0,1.036912,79,,,,,,,-12.15,-2.67,37.45,-11.47,109.02,1.040511,88
21-10-2025,NSE:BBOX,EQ,8306.57,308204,4.65,4.8,0,541.9,1.25,-4.41,-9.34,3.94,9.78,3.62,30,-15.73,13.88,50.19,-1,HVQ,-1,-1,-1,EEP,-1,-1,-1,-1,-1,-8.54,-8.54,-8.54,-23.05,-23.05,-8.54,-11.01,-19.31,-46.13,-10.94,-17.43,21.91,45.57,65.87,154.29,13.36,9.99,59.87,16.12,194.3,119.01,8.63,2.02,22.95,-24.34,13.52,1.036613,79,,,,,,,8.63,-7.29,21.84,-67,34.6,1.027234,84
21-10-2025,NSE:PSPPROJECT,EQ,3119.81,126147,3.44,3.45,3,792.25,0.05,2.73,1.04,4.18,1.07,-1.99,19.65,17.03,19.05,11.98,-1,-1,-1,-1,-1,-1,-1,-1,-1,-1,-1,0,-4.2,-5.03,-5.03,-5.03,0,-6.05,-3.14,-12.4,-16.4,-18.43,22.22,24.61,34.15,34.15,5.56,20.91,31.11,7.8,11.3,5.97,-0.08,-3.59,12.6,8.42,18.69,1.036604,79,,,,,,,-0.08,-3.56,15.69,-4.93,11.45,1.017787,78
21-10-2025,NSE:CHOLAFIN,EQ,134220.89,1335646,2.4,2.39,0,1670.3,-0.18,1.47,2.32,4.71,4.75,5.78,6.22,23.24,11.08,34.05,-1,-1,-1,-1,-1,EEP,-1,-1,-1,-1,-1,-1.65,-1.65,-1.65,-1.65,-1.65,-1.65,-3.82,-5.49,-5.63,-21.91,-9.54,17.57,17.57,42.63,63.82,6.4,11.98,33.9,33.75,25.75,45.66,3.6,4.18,-0.83,14.63,10.72,1.036242,78,,,,,,,3.6,0.61,-5.06,16.47,-6.82,1.01468,76
21-10-2025,NSE:GROWWDEFNC,EQ,241.83,309218,2.34,2.32,6,81.37,-0.26,2.41,0.86,3.48,-2.31,-0.61,16.54,23.29,16.86,NA,-1,-1,-1,HV2Q,-1,-1,-1,-1,-1,-1,-1,-1.45,-2.26,-10.57,-10.57,NA,-1.45,-8.51,-10.02,-3.44,-11.25,NA,9.83,22.31,58.37,NA,3.67,12.36,59.34,32.17,5.24,NA,-3.46,-2.21,9.49,14.68,16.5,1.036226,78,,,,,,,-3.46,1.2,11.52,6.4,0.64,1.016687,77
21-10-2025,NSE:KICL,EQ,2204.92,4034,4.2,4.44,0,5820.4,3.04,15.33,11.97,15.32,13.19,12.98,17.94,9.69,-16.63,36.4,HV2Q,HV2Q,-1,HVQ,HVQ,HV2Y,-1,-1,-1,-1,-1,0,0,0,-29.05,-29.05,0,-2.53,-6.81,-41.78,-35.93,0,24.59,39.43,64.58,65.46,19.52,8.16,43.22,35.05,49.42,92.98,12.04,11.38,10.89,1.08,-16.99,1.036157,78,,,,,,,12.04,-0.7,0.17,-11.73,-20.13,0.996629,56
21-10-2025,NSE:PRICOLLTD,EQ,6557.22,369685,2.8,2.77,5,539.05,0.32,4.32,2.3,0.21,-0.15,18.12,16.2,0.59,11.91,21.45,-1,-1,-1,HV2Q,HVQ,HVQ,-1,-1,-1,-1,-1,-2.33,-2.33,-2.33,-6.42,-6.42,-2.33,-1.06,-18.05,-21.59,-6.98,-10.27,29.53,29.53,35.49,59.06,6.31,29.72,10.93,13.54,58.11,40.12,-1.3,16.52,9.15,-8.02,11.55,1.035772,78,,,,,,,-1.3,17.79,-7.88,-20.31,20.4,1.019113,79
21-10-2025,NSE:TATACOMM,EQ,48165,955623,3.69,3.73,1,1915.3,0.54,2.23,13.2,15.78,12.06,7.52,16.53,10.87,-0.37,9.94,EEP,EEP,-1,HV2Y,HV2Y,-1,-1,2,-1,-1,-1,-2.84,-2.84,-2.84,-2.84,-11.28,-2.84,-6.81,-2.01,-25.94,-20.92,-10.95,23.81,27.05,45.51,45.51,18.74,8.88,34.56,21.46,4.59,15.24,10.91,5.92,9.48,2.26,-0.73,1.035724,78,,,,,,,10.91,-5.61,4.21,-8.47,-3.59,1.004041,66
21-10-2025,NSE:LT,EQ,506738.55,1618176,1.62,1.65,1,3888.2,0.40,3.7,4.08,5.14,5.47,9.91,16.21,9.78,9.15,15.14,-1,-1,-1,-1,EEP,EEP,-1,-1,-1,-1,-1,0,0,0,-1.5,-1.5,0,-0.5,-4.94,-17.47,-11.13,-9.35,13.62,18.83,27.31,27.31,6.69,7.4,14.69,6.67,7.23,7.98,4.32,8.31,9.16,1.17,8.79,1.035663,78,,,,,,,4.32,4.24,1.46,-9.36,8.32,1.010747,73
21-10-2025,NSE:UNIONBANK,EQ,107137.65,8695197,2.48,2.51,6,141.66,0.23,3.29,2.2,4.42,0.96,-0.69,9.69,22.4,20.97,1.35,-1,-1,-1,HV2Q,-1,-1,-1,-1,-1,-1,-1,0,-2.28,-8.84,-8.84,-16.67,0,-9.27,-8.21,-8.49,-35.34,-34.14,13.49,22.56,39.91,39.91,5.65,12.4,35.09,26.35,8.57,0,-0.19,-2.29,2.64,13.79,20.61,1.035601,78,,,,,,,-0.19,-2.13,4.78,12.39,7.17,1.0197,79
21-10-2025,NSE:AJMERA,EQ,4097.29,86300,3.52,3.51,5,1040.4,1.64,1.37,4.78,4.79,-1.2,10.64,16.64,5.17,20.16,34.63,-1,-1,-1,HV2Q,HV2Q,HV2Y,-1,-1,-1,-1,-1,-3.1,-3.1,-3.1,-11.14,-11.14,-3.1,0,-7.02,-25.93,-15.73,-0.98,25.64,37.75,42.11,75.08,5.03,27.15,26.99,40.85,72.93,45.6,-2.35,9.04,9.59,-3.44,19.8,1.035275,78,,,,,,,-2.35,11.24,1.18,-15.44,24.83,1.022376,81
21-10-2025,NSE:KOTHARIPRO,EQ,541.37,222454,6.81,6.83,4,93,2.01,-4.03,3.54,-2.4,2.62,8.29,18.37,8.12,14.21,19.57,HV2Y,HV2Y,HV2Q,HVQ,HV2Y,HV2Y,-1,-1,-1,-1,-1,-3.88,-4.18,-4.18,-9.29,-13.8,-3.88,-6.7,-5.93,-29.63,-20.8,-26.05,25.22,36.74,47.78,62.09,12.25,21.93,35.53,20.64,48.92,39.06,1.47,6.69,11.32,-0.49,13.85,1.035225,78,,,,,,,1.47,5.36,5.46,-14.23,15.64,1.014979,76
21-10-2025,NSE:SILINV,EQ,627.17,12693,4.61,4.85,1,689.8,2.70,11.34,9.31,12.31,14.37,11.56,3.87,8.88,6.36,34.89,-1,-1,-1,-1,HV2Q,HV2Y,-1,-1,-1,-1,-1,0,0,0,-21.35,-21.35,0,-3.54,-10.97,-24.4,-28.34,-1.65,27.13,27.13,58.63,60.38,16.22,8.86,40.29,52.49,46.14,50.17,13.22,9.96,-3.18,0.27,6,1.035173,78,,,,,,,13.22,-3.74,-14.23,3.53,6.26,1.010334,72
21-10-2025,NSE:SOLARINDS,EQ,133020.38,112337,2.11,2.18,6,14107,0.16,0.93,-0.26,3.98,-4.01,-5.81,9.02,31.7,18.32,51.81,-1,-1,-1,-1,-1,EEP,-1,-1,-1,-1,-1,-2.47,-6.58,-19.84,-19.84,-19.84,-2.47,-16.63,-15.18,0,-22.06,-6.79,5.86,10.58,63.86,113.95,5.86,6.36,73.37,49.07,51.93,81.69,-5.16,-7.41,1.97,23.09,17.96,1.035155,78,,,,,,,-5.16,-2.19,8.49,23.24,-10.57,1.021594,80
21-10-2025,NSE:INDIACEM,EQ,12380.39,935624,2.41,2.4,6,390.75,-0.36,1.48,-0.59,2.02,-2.03,12.1,26.01,3.22,7.06,39.82,-1,-1,-1,-1,EEP,EEP,-1,-1,-1,-1,7,-0.82,-3.84,-3.84,-3.84,-3.84,-0.82,-1.88,-9.44,-24.01,-0.6,-2.91,10.07,35.77,58.42,111.56,2.37,27.99,39.25,17.21,104.74,96.62,-3.18,10.5,18.96,-5.39,6.7,1.034825,78,,,,,,,-3.18,13.4,10.29,-32.48,12.99,1.014083,75
21-10-2025,NSE:SBIN,EQ,796186.92,8435781,1.5,1.5,1,907.85,0.04,3.4,4.75,4.09,5.01,9.21,9.41,15.59,11.28,22.02,-1,-1,-1,-1,-1,EEP,-1,-1,9,-1,-1,0,0,0,0,0,0,0,-0.9,-7.96,-15.39,-11.06,14.34,18.06,31.8,31.8,6.15,9.13,19.66,19.4,22.27,28.51,3.86,7.61,2.36,6.98,10.92,1.034793,78,,,,,,,3.86,3.96,-5.31,5.14,3.91,1.01286,74
21-10-2025,NSE:NUVOCO,EQ,15989.88,323171,3.22,3.19,3,422.25,1.14,-1.08,-1.59,-0.12,-5.97,5.35,20.99,17.28,14.14,19.11,-1,-1,-1,EEP,EEP,-1,-1,-1,-1,-1,-1,-6.29,-10.27,-10.27,-10.27,-10.27,-6.29,-4.92,0,-9.9,-6.34,-2.79,4.34,32.26,46.23,46.23,4.34,31.76,38.41,15.53,18.67,23.17,-7.12,3.75,13.94,8.67,13.78,1.034629,78,,,,,,,-7.12,10.22,11,-6.39,5.23,1.016081,77
21-10-2025,NSE:SHAREINDIA,EQ,3115.57,1557746,5.65,5.86,1,205.76,-0.06,33.44,33.76,37.29,30.86,14.87,22,-32.02,-57.37,-86.78,HVQ,HVQ,-1,HVQ,-1,-1,-1,-1,-1,-1,-1,-0.06,-0.06,-0.06,-35.62,-48.49,-0.06,-22.78,-36.16,-52.74,-32,-18.95,60.85,60.85,60.85,60.85,60.85,0,20.75,9.2,3.41,15.61,29.71,13.27,14.95,-40.63,-57.73,1.034469,78,,,,,,,29.71,-23.59,2.85,-70.94,-10.18,0.990014,48
21-10-2025,NSE:BAJAJFINSV,EQ,330827.23,1025561,1.82,1.82,0,2169.1,1.37,6.9,6.29,6.66,4.69,5.31,4.25,21.75,14.16,28.21,-1,-1,-1,-1,HV2Y,HV2Y,-1,-1,-1,-1,-1,0,0,0,0,0,0,-0.68,-2.43,-1.26,-15.58,-7.39,13.68,13.68,39.11,46.83,8.41,8.35,22.21,35.83,14.9,26.04,3.54,3.71,-2.8,13.14,13.8,1.03446,78,,,,,,,3.54,0.19,-6.65,16.6,-0.68,1.016454,77
21-10-2025,NSE:ACMESOLAR,EQ,17907.57,1417239,3.63,3.62,5,290.35,5.68,2.77,0.07,4.37,-1.6,1.41,25.46,21.38,NA,NA,-1,-1,HV2Q,HV2Q,-1,-1,-1,-1,-1,-1,-1,-2.57,-8.92,-8.92,NA,NA,-2.57,-7.47,-3.09,-22.95,NA,NA,8.99,38.78,NA,NA,8.77,20.11,64.66,24.5,NA,NA,-2.75,-0.19,18.41,12.77,0,1.034214,78,,,,,,,-2.75,2.5,18.86,-7.15,109.02,1.023036,81
21-10-2025,NSE:APOLLOHOSP,EQ,112223.92,383435,1.5,1.58,1,8012,0.02,3.16,3.89,7.09,2.56,9.45,11.53,15.26,11.74,17.44,-1,-1,EEP,-1,EEP,EEP,-1,-1,-1,-1,-1,0,0,0,0,0,0,-1.54,-4.75,-4.68,-8.7,-2.25,13.09,19.19,32.37,38.94,8.14,11.43,19.86,17.11,17.74,22.63,1.41,7.85,4.48,6.65,11.38,1.034205,78,,,,,,,1.41,6.61,-3.24,2.54,4.87,1.013241,75
21-10-2025,NSE:SHAH,BE,222.11,1196067,6.54,6.65,0,4.26,0.24,1.41,13.85,13.38,12.91,9.15,23.94,6.1,-17.37,11.97,-1,-1,-1,HV2Q,HV2Y,HV2Y,-1,-1,-1,-1,-1,0,0,-13.94,-21.69,-39.32,0,-10.6,-21.82,-53.85,-43.02,-28.77,33.54,40.13,48.95,48.95,20.68,16.3,35.31,13.29,35.59,69.49,11.76,7.55,16.89,-2.51,-17.73,1.033998,78,,,,,,,11.76,-4.77,10.75,-25.14,-15.98,0.99632,55
21-10-2025,NSE:SUPRIYA,EQ,5875.24,214292,3.12,3.14,3,754.15,0.58,5.77,4.86,3.99,3.71,7.43,3.52,11.54,24.07,56.16,-1,-1,-1,HVQ,EEP,EEP,-1,-1,-1,-1,-1,0,0,0,-6.53,-6.53,0,-1.24,-12.2,-9.82,-17.31,-11.49,17.04,20.99,45.91,143.47,7.43,12.7,18.37,91.45,125.58,93.61,2.56,5.83,-3.53,2.93,23.71,1.033967,77,,,,,,,2.56,3.41,-9.76,6.63,23.19,1.024107,82
21-10-2025,NSE:BANKBARODA,EQ,130323.5,8304603,2.15,2.18,3,270.2,-0.46,2.31,3.09,6,6.71,9.92,6.57,15.3,9.64,5.74,-1,-1,-1,-1,-1,EEP,-1,-1,7,-1,-1,-0.46,-0.46,-0.46,-0.46,-9.01,-0.46,0,-4.47,-4.59,-22.93,-17.78,16.05,24.36,37.92,37.92,8.75,8.27,24.24,28.86,5.13,4.88,5.56,8.32,-0.48,6.69,9.28,1.033465,77,,,,,,,5.56,2.99,-9.25,7.67,2.33,1.01216,74
21-10-2025,NSE:CARERATING,EQ,4777.2,48691,2.9,2.9,3,1589.2,0.96,4.42,4.12,2.43,-0.6,-12.81,23.45,17.55,22.77,31.7,-1,-1,-1,EEP,EEP,EEP,-1,-1,-1,-1,-1,0,-14.12,-18.05,-18.05,-18.05,0,-16.66,-7.55,-20.14,-13.99,-1.44,7.93,32.46,47.81,69.39,7.93,4.81,66.74,29.67,39.66,30.82,-1.75,-14.41,16.4,8.94,22.41,1.033354,77,,,,,,,-1.75,-12.59,26.61,-9.38,15.35,1.023477,81
21-10-2025,NSE:NAVA,EQ,20333.64,1011132,2.8,2.77,6,610.65,0.39,0.33,-4.36,-9.14,-17.46,0.66,20.39,27.76,16.01,61.22,-1,-1,HV2Y,HV2Y,HV2Y,HV2Y,-1,-1,-1,-1,-1,-14.04,-14.87,-14.87,-14.87,-14.87,-14.04,0,-1.51,-26.13,-32.97,-22.06,5.44,41.86,67.71,174.54,0.39,25.57,66.62,33.52,98.34,130.59,-18.61,-0.94,13.34,19.15,15.65,1.033309,77,,,,,,,-18.61,14.97,14.33,7.58,-7.24,1.021841,80
21-10-2025,NSE:MSUMI,EQ,32150.3,8771422,2.92,2.88,3,46.56,0.24,5.39,0.39,0.26,-4.08,5.91,20.49,18.73,7.66,4.71,-1,-1,HV2Q,-1,-1,EEP,-1,-1,-1,-1,-1,-3.02,-7.05,-7.05,-7.05,-11.31,-3.02,-3.25,0,-26.34,-27.92,-18.11,25.5,25.93,48.6,48.6,5.7,30.62,39.82,18.15,2.83,4.86,-5.23,4.31,13.44,10.12,7.3,1.032641,77,,,,,,,-5.23,9.14,9.97,-3.9,-4.6,1.011061,73
21-10-2025,NSE:ABSLAMC,EQ,23843.22,306315,2.45,2.45,4,870.05,0.93,2.45,5.67,10.68,5.19,-1.81,23.46,11.56,10.46,46.01,-1,-1,-1,-1,EEP,EEP,-1,-1,-1,-1,-1,0,-3.05,-3.05,-3.05,-3.05,0,-8.08,0,-24.62,-12.9,0,11.95,37.54,47.17,92.7,11.95,9.03,49.83,12.64,70.43,72.55,4.04,-3.41,16.41,2.95,10.1,1.032396,77,,,,,,,4.04,-7.84,19.29,-17.23,7.78,1.01197,74
21-10-2025,NSE:INTLCONV,EQ,607.17,385771,5.16,5.1,1,98.6,0.80,1.64,-9.98,-0.79,3.27,2.29,21.82,17.67,1.39,4.67,-1,HV2Q,HV2Q,HVQ,HVQ,HV2Y,-1,-1,-1,-1,-1,-10.95,-10.95,-10.95,-10.95,-10.95,-10.95,-4.57,-3.61,-27.14,-32.29,-18.91,16.76,44.53,56.01,56.01,1.67,12.94,52.44,21.98,12.75,35.04,2.12,0.69,14.77,9.06,1.03,1.03217,77,,,,,,,2.12,-1.47,14.45,-6.99,-10.75,1.00558,68
21-10-2025,NSE:ADANIPORTS,EQ,308683.86,2291670,1.82,1.84,1,1473.5,0.44,3.02,5.02,6.13,3.1,1.56,16.31,21.9,4.73,15.21,-1,-1,-1,EEP,-1,EEP,-1,-1,-1,-1,-1,-0.41,-0.41,-0.41,-0.41,-7.34,-0.41,-1.98,-1.58,-22.45,-27.63,-11.72,13.32,23.51,39.93,39.93,6.53,9.81,37.74,17.11,7.88,18.23,1.95,-0.04,9.26,13.29,4.37,1.03207,77,,,,,,,1.95,-2.05,9.45,5.01,-12.97,1.007752,70
21-10-2025,NSE:MAHABANK,EQ,44134.04,11639946,3.22,3.26,0,60.03,0.70,8.2,4.7,8.56,4.51,5.68,15.88,13.41,9.11,7.88,EEP,EEP,-1,HV2Q,EEP,EEP,-1,-1,-1,-1,-1,0,0,0,0,-17.2,0,-1.73,-2.93,-25.83,-28.3,-24.74,15.55,24.18,37.62,37.62,11.19,10.34,29.8,15.77,11.57,1.51,3.36,4.08,8.83,4.8,8.75,1.031798,77,,,,,,,3.36,0.76,5.28,-4.61,4.06,1.009557,71
21-10-2025,NSE:ASIANHOTNR,EQ,630.38,23636,5.07,5,3,334.65,-1.20,0.75,-0.46,2.33,2.9,-6.19,-10.34,10.92,40.94,54.67,-1,-1,-1,-1,HVQ,HV2Y,-1,-1,-1,-1,-1,-1.53,-7.84,-12.85,-16.24,-16.24,-1.53,-12.64,-11.06,-7.58,-11.41,-13.28,21.71,21.71,90.46,202.3,5.17,18.19,18.77,118.26,169.29,78.53,1.75,-7.79,-17.39,2.31,40.58,1.031756,77,,,,,,,1.75,-9.82,-9.44,17.59,42.72,1.046202,90
21-10-2025,NSE:AARTIDRUGS,EQ,4791.68,165909,2.98,3,4,515.9,0.17,2.77,1.84,6.53,-1.83,-5.65,30.34,18.45,2.24,-1.78,-1,-1,EEP,EEP,HV2Y,HV2Y,-1,-1,-1,-1,-1,-1.66,-4.29,-5.35,-5.35,-14.69,-1.66,-3.61,0,-40.57,-30.43,-16.6,9.87,47.82,60.34,60.34,9.78,21.36,69.4,11.7,1.29,16.13,-2.98,-7.25,23.29,9.84,1.88,1.031469,77,,,,,,,-2.98,-4.21,28.53,-18.74,-10.86,1.010776,73
21-10-2025,NSE:AXISBANK,EQ,353705.49,6984795,2.07,2.2,0,1237.3,0.92,4.89,4.08,8.49,8.2,11.13,1.66,16.11,6.8,15.4,-1,-1,-1,-1,-1,-1,-1,-1,-1,-1,-1,0,0,0,0,-6.07,0,-7.91,-10.86,-7.07,-21.2,-12.46,18.38,18.38,30.5,30.5,9.34,8.68,15.98,28.34,1.37,12.62,7.05,9.53,-5.39,7.5,6.44,1.031342,77,,,,,,,7.05,2.74,-16.19,13.01,-2.08,1.011967,74
21-10-2025,NSE:RAMKY,EQ,4155.33,333102,3.8,3.81,3,647.85,0.12,3.7,1.56,12.5,7.29,5.83,22.25,10.42,-3.3,10.08,-1,HV2Y,-1,HVQ,HVQ,HV2Y,-1,-1,-1,-1,-1,0,0,0,-5.24,-15.32,0,-3.76,-2.24,-34.16,-41.5,-32.54,20.49,49.52,58.11,58.11,15.71,17.14,48.9,22.93,31.39,51.52,6.14,4.23,15.2,1.81,-3.66,1.031166,77,,,,,,,6.14,-2.03,11.91,-16.9,-6.3,1.002403,63
21-10-2025,NSE:IDFCFIRSTB,EQ,52644.56,19598318,2.15,2.2,2,76.77,-0.21,5.17,6.23,9.47,6.54,3.62,12.47,18.35,5.93,-3.17,EEP,EEP,-1,-1,-1,-1,-1,-1,-1,-1,-1,-0.21,-0.21,-1.43,-1.43,-9.47,-0.21,-7.87,-4.99,-13.56,-26.08,-14.83,13.6,18.31,45.15,45.15,11.93,6.17,39.89,27.06,5.65,2.29,5.39,2.02,5.42,9.74,5.57,1.031088,77,,,,,,,5.39,-3.58,3.65,5.05,-6.2,1.007745,70
21-10-2025,NSE:SCI,EQ,10228.01,3199846,3.07,3.19,3,231.64,2.41,0.05,4.09,4.84,5.2,5.71,23.82,13.17,-7.11,8.33,-1,-1,-1,HV2Q,HVQ,HV2Y,-1,-1,-1,-1,-1,-0.73,-0.73,-1.56,-3.32,-32.98,-0.73,-3.84,-7.18,-44.63,-41.81,-28.22,14.9,43.07,61.24,61.24,6.46,8.92,52.03,22.83,8.81,28.98,4.05,4.11,16.77,4.56,-7.47,1.030884,77,,,,,,,4.05,0.08,13.68,-15.66,-14.33,1.000961,61
21-10-2025,NSE:HUHTAMAKI,EQ,1812.6,630231,3.49,3.82,0,268.22,1.33,13.94,12.5,13.57,10.52,16.2,25.77,4.82,-46.24,-23.11,EEP,EEP,-1,-1,HV2Y,HV2Y,8.79,-1,-1,-1,-1,0,0,0,-32.17,-39.08,0,0,-10.04,-54.77,-42.01,-10.9,29.28,44,52.35,52.35,17.66,15.68,27.67,13.09,3.72,36.84,9.37,14.6,18.72,-3.79,-46.6,1.030736,77,,,,,,,9.37,5.89,5.89,-29.9,-44.62,0.986592,44
21-10-2025,NSE:M&MFIN,EQ,40135.42,1906468,2.75,2.72,0,300.25,1.15,4.26,5.91,9.09,3.56,12.46,10.19,12.56,6.03,9.09,-1,-1,-1,-1,-1,-1,-1,-1,-1,-1,-1,0,0,0,0,-9.37,0,0,-9.48,-18.6,-20.75,-14.83,20.56,26.34,26.34,26.34,10,16.26,10.61,9.68,7.7,15.75,2.41,10.86,3.14,3.95,5.67,1.030506,77,,,,,,,2.41,8.76,-8.12,0.95,1.55,1.009799,72
21-10-2025,NSE:HYUNDAI,EQ,226292.7,1003658,3.1,3.08,6,2343,0.85,-2.94,-4.75,-12.76,-19.9,8.95,27.29,22.45,NA,NA,-1,-1,-1,-1,-1,-1,-1,-1,-1,-1,10,-14.98,-16.6,-16.6,NA,NA,-14.98,0,-4.79,-11.11,NA,NA,14.29,41.03,NA,NA,0.85,40.49,35.01,7.82,NA,NA,-21.05,7.35,20.24,13.84,0,1.030498,77,,,,,,,-21.05,23.6,14.61,-8.34,109.02,1.032943,85
21-10-2025,NSE:IFGLEXPOR,EQ,1758.72,444807,7.03,6.9,2,262.9,1.45,3.52,-10.57,5.35,6.96,-3.61,29.12,19.68,-20.76,-8.55,-1,HV2Y,HV2Y,EEP,-1,EEP,-1,-1,-1,-1,-1,-13.23,-13.23,-13.23,-14.32,-29,-13.23,-14,-4.22,-42.23,-49.02,-23.35,19.27,51.22,57.47,57.47,8.53,10.96,63.16,11.62,2.66,31.71,5.81,-5.21,22.07,11.07,-21.12,1.030299,77,,,,,,,5.81,-11.83,26.06,-14.99,-41.34,0.999166,59
21-10-2025,NSE:WAAREERTL,EQ,11310.75,1313126,4.86,5.14,1,1263.9,2.41,0.44,17.3,15.97,13.63,12.07,12.44,NA,NA,NA,EEP,EEP,EEP,EEP,EEP,-1,4.56,-1,-1,-1,-1,-3.49,-3.49,-3.49,NA,NA,-3.49,-9.22,-7.58,NA,NA,NA,26.76,40.11,NA,NA,24.94,11.84,29.8,NA,NA,NA,12.48,10.47,5.39,0,0,1.030119,77,,,,,,,12.48,-2.27,-5.11,98.32,9.02,1.015396,76
21-10-2025,NSE:VINCOFE,EQ,1950.08,1565222,3.2,3.18,4,144.09,1.03,2.42,-1.01,-0.66,-3.94,-1.71,30.3,17.1,NA,NA,-1,-1,HV2Y,HVQ,-1,-1,-1,-1,-1,-1,-1,-5.45,-8.17,-8.17,NA,NA,-5.45,-4.55,0,-28.39,NA,NA,4.72,53.79,NA,NA,4.72,24.9,88.83,29.4,NA,NA,-5.09,-3.31,23.25,8.49,0,1.030059,76,,,,,,,-5.09,1.69,25.94,-20.62,109.02,1.021761,80
21-10-2025,NSE:NH,EQ,36153.47,303220,2.35,2.39,6,1780.2,1.04,2.04,-0.07,0.42,0.42,-7.62,-3.1,26.4,27.63,22.65,-1,-1,-1,HV2Y,HV2Y,EEP,-1,-1,-1,-1,-1,-0.51,-10.72,-21.34,-21.34,-21.34,-0.51,-21.67,-15.35,-1.02,-7.54,-9.08,3.48,3.48,48.91,55.06,3.48,2.05,50.96,55.79,14.11,12.22,-0.73,-9.22,-10.15,17.79,27.27,1.029881,76,,,,,,,-0.73,-8.53,-1.33,26.94,10.68,1.028861,84
21-10-2025,NSE:CIPLA,EQ,127229.34,1234538,1.9,1.93,0,1663.6,1.49,6.69,9.03,10.56,5.28,11.4,8.14,13.23,6.1,13.76,-1,-1,-1,-1,EEP,EEP,-1,-1,-1,-1,-1,0,0,0,0,-1.01,0,-1.59,-5.22,-9.06,-14.1,-7.04,13.6,14.38,20.14,24.19,11.8,7.61,6.44,10.36,9.6,18.61,4.13,9.8,1.09,4.62,5.74,1.029829,76,,,,,,,4.13,6.01,-9.21,3.86,0.8,1.009469,71
21-10-2025,NSE:SAILIFE,EQ,18832.44,1714632,2.56,2.62,4,881.05,0.47,2.78,2.13,-0.47,-3.7,8.47,19.75,18.64,NA,NA,-1,-1,-1,HVQ,HVQ,-1,-1,-1,-1,-1,-1,-1.26,-4.84,-4.84,NA,NA,-1.26,-1.32,-2.05,-9.35,NA,NA,11.81,29.56,NA,NA,3.46,22.33,25.95,10.43,NA,NA,-4.85,6.87,12.7,10.03,0,1.029514,76,,,,,,,-4.85,11.28,6.8,-3.07,109.02,1.020772,79
21-10-2025,NSE:REDINGTON,EQ,23163.98,8431430,3.95,3.93,5,268.5,0.49,-1.68,-2.33,-8.47,-11.63,-13.13,16.65,19.41,33.33,31.97,-1,-1,HV2Y,HV2Y,EEP,EEP,-1,-1,-1,-1,-1,-7.81,-13.91,-18.56,-18.56,-18.56,-7.81,-9.09,-7.87,-11.02,-3.23,-19.94,14.99,14.99,67.31,67.31,1.39,28.36,50.94,39.46,34.83,0.88,-12.78,-14.73,9.6,10.8,32.97,1.029333,76,,,,,,,-12.78,-1.8,20.79,1.64,26.29,1.032711,85
21-10-2025,NSE:PNGJL,EQ,8660.23,312915,3.05,3.11,2,686.75,0.81,7.28,4.62,11.93,7.22,12.06,20.33,7.98,-12.62,NA,-1,-1,-1,-1,-1,-1,-1,-1,-1,-1,-1,0,0,0,-10.72,NA,0,0,-5.1,-32.32,-21.82,NA,25.17,37.14,38.93,NA,15.43,16.13,22.18,10.68,5.3,NA,6.07,10.46,13.28,-0.63,-12.98,1.029209,76,,,,,,,6.07,4.75,3.88,-17.19,-13.37,0.997789,57
21-10-2025,NSE:SKYGOLD,EQ,4537.51,969373,5.18,5.18,2,362.45,2.60,10.46,17.96,26.46,19.16,6.72,3.61,-4.76,12,69.89,-1,EEP,-1,HVQ,-1,EEP,-1,5,-1,-1,-1,0,0,-7.91,-25.81,-25.81,0,-14.1,-14.1,-28.49,-22.28,0,40.05,40.05,40.05,285.61,37.68,13.21,16.79,83.98,303.96,239.32,18.01,5.12,-3.44,-13.37,11.64,1.028998,76,,,,,,,18.01,-15.85,-8.86,-10.37,25.02,1.014953,76
21-10-2025,NSE:CGRAPHICS,SM,578.01,49728,3.74,3.76,5,213.5,-0.02,-2.27,-3.04,-0.37,-11.57,-3.37,28.81,10.94,19.95,NA,-1,-1,-1,-1,HVQ,HVQ,-1,-1,-1,-1,-1,-9.92,-15.28,-15.28,-15.28,NA,-9.92,-5.48,0,-32.61,-41.22,NA,3.14,57.74,57.74,NA,1.47,22.78,63.06,12.18,26.89,NA,-12.72,-4.97,21.76,2.33,19.59,1.028639,76,,,,,,,-12.72,6.89,25.6,-26.78,19.14,1.024888,82
21-10-2025,NSE:APOLLOTYRE,EQ,30611.87,1118373,2.47,2.46,0,515.15,1.61,6.69,7.11,9.63,6.7,12.54,10.24,11.56,-0.71,0.49,-1,-1,-1,-1,-1,-1,-1,-1,-1,-1,-1,0,0,0,-6.18,-8.7,0,-1.47,-9.01,-18.05,-19.26,-8.05,19.16,19.16,37.63,37.63,10.65,11.18,20.37,23.54,2.81,14.93,5.55,10.94,3.19,2.95,-1.07,1.028622,76,,,,,,,5.55,5.8,-8.16,-0.21,-4.85,1.004797,67
21-10-2025,NSE:MALLCOM,EQ,836.16,7795,5.07,5.14,2,1487.6,2.86,5.76,6.61,14.49,9.54,14.39,11.8,1.86,0.16,29.78,-1,-1,-1,HV2Q,HV2Y,HV2Y,-1,-1,-1,-1,-1,0,0,0,-12.68,-12.68,0,-0.44,-13.37,-22.98,-14.3,-9.51,24.57,37.23,37.23,78.45,18.69,12.69,17.49,17.86,75.14,78.16,8.39,12.79,4.75,-6.75,-0.2,1.028512,76,,,,,,,8.39,4.9,-8.55,-12.96,7.3,1.005103,67
21-10-2025,NSE:NAVNETEDUL,EQ,3679.36,542546,2.94,2.92,5,161.27,1.71,4.63,2.61,4.79,-1.13,9,12.78,12.81,12.81,6.12,-1,-1,HVY,EEP,EEP,EEP,-1,-1,-1,-1,-1,-1.59,-1.59,-1.59,-1.59,-6.8,-1.59,0,-3.54,-18.71,-18.74,-18.74,18.26,18.68,24.99,24.99,6.13,19.59,13.74,9.01,7.25,7.25,-2.28,7.4,5.73,4.2,12.45,1.028499,76,,,,,,,-2.28,9.55,-1.37,-1.64,9.02,1.013864,75
21-10-2025,NSE:KAYNES,EQ,47996.81,505081,3.31,3.3,3,6867,0.07,-0.64,-10.57,-2.67,-4.14,14.13,12.93,4.23,16.54,58.27,-1,-1,EEP,-1,EEP,EEP,-1,-1,-1,-1,-1,-9.56,-9.56,-9.56,-9.62,-9.62,-9.56,-1.46,-10.83,-21.3,-13.44,0,24.47,25.41,73.77,180.31,0.42,29.63,49.23,53.24,168.45,133.95,-5.29,12.53,5.88,-4.38,16.18,1.028154,76,,,,,,,-5.29,17.08,-6.93,-11.67,21.87,1.021037,80
21-10-2025,NSE:TITAN,EQ,308061.8,1051036,1.9,1.96,4,3729,-0.22,5.14,8.33,8.79,7.02,7.94,10.5,11.05,6.92,3.85,-1,-1,-1,-1,HV2Y,HV2Y,-1,4,-1,-1,-1,-0.22,-0.22,-0.22,-0.22,-2.48,-0.22,-6.49,-7.42,-12.72,-13.26,-9.23,12.45,13.02,24.84,24.84,12.07,4.56,14.93,11.73,6.28,9.97,5.87,6.34,3.45,2.44,6.56,1.027781,76,,,,,,,5.87,0.53,-2.75,-1.07,4.37,1.007941,70
21-10-2025,NSE:NLCINDIA,EQ,36121.88,2575487,3.36,3.31,5,267.5,0.13,0.37,-5.94,-6.43,2.7,13.98,8.05,14.96,0.09,20.09,-1,-1,-1,EEP,EEP,EEP,-1,-1,-1,-1,-1,-6.25,-6.25,-6.25,-6.25,-9.17,-6.25,-0.94,-10.64,-16.26,-22.76,-9.25,18.81,22.86,37.69,37.69,1.4,16.12,18.44,26.61,12.53,32.2,1.55,12.38,1,6.35,-0.27,1.027769,76,,,,,,,1.55,11.13,-12.43,5.84,-8.47,1.007709,70
21-10-2025,NSE:PNB,EQ,130272.51,14210440,2.3,2.33,3,117.67,-0.36,2.04,2.97,6.93,3.71,4.31,12.14,14.83,10.72,-0.49,-1,-1,-1,-1,-1,-1,-1,-1,-1,-1,-1,-0.36,-0.36,-0.36,-0.36,-16.58,-0.36,-1.45,-2.06,-18.6,-28.95,-25.52,16.64,28.8,35.41,35.41,9.17,12.31,29.57,18.96,5.55,2.92,2.56,2.71,5.09,6.22,10.36,1.027644,76,,,,,,,2.56,0.16,2.66,1.38,4.2,1.010246,72
21-10-2025,NSE:MAANALU,BE,605.75,58410,5.96,6.1,1,130.62,0.04,-0.04,15.66,17.49,14.44,6.66,33.02,8.52,-85.8,-17.98,HVQ,HVQ,-1,-1,HVQ,HV2Y,4.44,-1,-1,-1,-1,-2.11,-2.11,-2.11,-47.89,-47.89,-2.11,-11.96,-7.27,-65.1,-52.33,0,28.47,55.37,71.3,71.3,25.1,9.92,59.9,14.74,6.03,112.46,13.29,5.06,25.97,-0.09,-86.16,1.027522,76,,,,,,,13.29,-9.55,22.71,-38.26,-94.08,0.98121,36
21-10-2025,NSE:STARHEALTH,EQ,26281.36,1041241,2.93,2.91,0,495.6,0.10,5.68,3.87,11.5,9.3,10.73,19.13,5.97,-11.44,-11.58,-1,-1,-1,EEP,-1,-1,-1,-1,-1,-1,-1,-1.66,-1.66,-1.66,-9.96,-22.29,-1.66,-0.56,-7.59,-37.15,-26.93,-13.4,17,39.63,44.45,44.45,13,7.36,28.94,16.82,2.05,10.63,8.15,9.13,12.08,-2.64,-11.8,1.027267,76,,,,,,,8.15,1.12,3.87,-17.95,-9.5,0.997511,56
21-10-2025,NSE:EUROBOND,EQ,545.13,19519,4.56,4.65,3,213.76,4.27,5.8,3.62,3.85,-4.36,4.8,24.21,11.12,7.84,10.41,-1,-1,HV2Y,HVQ,HV2Y,HV2Y,-1,-1,-1,-1,-1,-1.17,-12.22,-12.22,-12.22,-12.22,-1.17,-8.4,-1.21,-22.78,-9.44,-6.1,9.62,38.81,47.57,47.57,8.39,28.46,40.49,11.84,31.08,35.91,-5.51,3.2,17.16,2.51,7.48,1.027227,76,,,,,,,-5.51,8.31,14.86,-18.96,5.34,1.011191,73
21-10-2025,NSE:ITI,EQ,30791.62,3024752,4.4,4.51,0,335.35,0.42,2.31,3.34,10.2,4.47,6.19,15.52,-15.85,26.88,16.13,HV2Q,HV2Q,HV2Q,HVQ,HVQ,HV2Y,4.89,-1,-1,-1,-1,-5.97,-5.97,-8.09,-38.39,-38.39,-5.97,-4.84,-17.92,-47.95,-28.63,-30.67,18.48,39.01,58.52,58.52,11.36,13.18,34.42,33.93,83.64,4.9,3.32,4.59,8.47,-24.46,26.52,1.026643,76,,,,,,,3.32,1.33,4.41,-38.8,45.91,1.035413,86
21-10-2025,NSE:CANFINHOME,EQ,10306.13,231217,2.69,2.74,2,844.4,0.72,7.03,4.74,11.08,8.36,3.72,12.39,18.57,-4.49,7.14,-1,-1,-1,-1,-1,EEP,-1,-1,-1,-1,-1,0,0,0,-4.57,-9.32,0,-5.98,-1.22,-20.55,-26.16,-5.25,17.66,20.05,46.9,46.9,13.56,7.82,41.44,28.71,5.5,26.24,7.21,2.12,5.34,9.96,-4.85,1.026213,75,,,,,,,7.21,-5.53,3.47,5.38,-19.3,1.001679,62
21-10-2025,NSE:PGHL,EQ,10591.24,11654,2.36,2.33,4,6172,0.44,0.66,-1.01,-2.1,-3.15,4.81,16.26,12.79,14.73,9.91,-1,-1,-1,-1,-1,-1,-1,-1,-1,-1,-1,-3.08,-6.22,-6.22,-6.22,-6.22,-3.08,-3.27,-1.28,-10.43,-6.72,-5.35,6.22,22.95,23.76,32.38,1.64,12.14,17.44,3.63,15.45,12.88,-4.3,3.21,9.21,4.18,14.37,1.026155,75,,,,,,,-4.3,7.26,6.5,-5.83,11.25,1.014348,76
21-10-2025,NSE:GUJAPOLLO,BE,564.34,79605,4.65,4.54,5,449.1,3.81,2.26,-4.01,-6.2,-6,-3.11,16.49,11.59,26.54,37.46,-1,-1,HVQ,HVQ,HV2Y,HV2Y,-1,-1,-1,-1,-1,-11.15,-14.55,-14.55,-14.55,-14.55,-11.15,-9.42,0,-11.84,-0.8,-17.58,5.83,37.87,78.04,108.06,5.52,32.03,83.57,48.68,83.95,52.84,-7.15,-4.71,9.44,2.98,26.18,1.025891,75,,,,,,,-7.15,2.27,13.47,-7.55,25.93,1.024879,82
21-10-2025,NSE:KAJARIACER,EQ,19176.38,240999,2.96,2.92,4,1217.4,-0.31,-1.4,1.21,4.47,1.02,-2.93,33.13,12.71,-14.1,1.82,-1,-1,-1,-1,-1,-1,-1,-1,-1,-1,-1,-3.5,-7,-7,-12.81,-21.36,-3.5,-7.95,0,-47.41,-31.36,-10.27,4.7,52.24,56.19,56.19,4.68,14.32,60.77,4.45,4.15,21.25,-0.13,-4.53,26.08,4.1,-14.46,1.025442,75,,,,,,,-0.13,-4.45,29.5,-32.21,-21.7,1.003134,65
21-10-2025,NSE:CHENNPETRO,EQ,11071.56,1133553,3.72,3.7,0,779.3,0.44,1.39,-3.34,2.05,4.74,-0.05,18.67,25.78,-19.2,-5.79,-1,-1,HVQ,HV2Q,HV2Q,EEP,-1,-1,-1,-1,-1,-3.52,-3.52,-3.52,-17.39,-36.12,-3.52,-5.69,0,-48.05,-52.59,-23.86,24.28,31.66,72.56,72.56,7.7,18.4,72.65,40.35,1.63,19.5,3.59,-1.65,11.62,17.17,-19.56,1.025441,75,,,,,,,3.59,-5.48,13.18,7.06,-51.59,0.998018,58
21-10-2025,NSE:MEDICO,EQ,322.64,390416,5.2,5.22,2,50.11,4.59,2.81,-1.36,4.25,22.77,21.97,-18,-25.64,4.57,-63.54,-1,-1,-1,HV2Q,HV2Q,HV2Y,-1,-1,-1,-1,-1,-3.15,-3.15,-15.71,-35.82,-43.76,-3.15,-22.58,-49.92,-24.27,-29.34,-46.33,31.21,31.21,31.21,40.56,15.91,1.34,0,61.21,76.61,34.14,21.62,20.37,-25.05,-34.25,4.21,1.025335,75,,,,,,,21.62,-1.49,-56.76,-8.16,33.07,1.021863,80
21-10-2025,NSE:SHRIRAMFIN,EQ,118967.97,5573531,2.23,2.24,1,695.25,0.19,2.99,4.09,12,8.92,5.7,-1.19,21.35,2.47,34.92,-1,-1,-1,-1,EEP,EEP,-1,-1,-1,-1,-1,0,0,-1.64,-1.64,-4.19,0,-10.42,-7.24,-3.06,-24.65,-6.56,21.62,21.62,35.88,53.77,14.72,10.77,28.14,37.5,20.94,49.97,7.77,4.1,-8.24,12.74,2.11,1.025325,75,,,,,,,7.77,-4.01,-12.83,20.59,-14.99,1.010107,72
21-10-2025,NSE:TATACONSUM,EQ,111644.18,1099522,1.93,1.91,1,1174.6,-0.15,4.74,4.65,4.38,4.07,7.18,3.23,20.17,5.16,5.61,-1,-1,-1,HVQ,HVQ,-1,-1,-1,-1,-1,-1,-0.15,-0.15,-0.15,-0.15,-5.76,-0.15,-1.62,-6.72,-8.46,-24.76,-10.62,12.21,12.21,32.06,32.06,5.42,7.64,15.93,27.8,5.42,6.35,2.92,5.58,-3.82,11.56,4.8,1.024978,75,,,,,,,2.92,2.78,-9.79,15.83,-9.78,1.010152,72
21-10-2025,NSE:ETHOSLTD,EQ,6622.53,45001,3.28,3.24,0,2920.3,-0.29,2.4,9.36,11.38,15.33,1.49,8.95,13.55,-4.19,19.48,-1,-1,-1,EEP,EEP,EEP,-1,-1,-1,-1,-1,-0.29,-0.58,-1.74,-7.85,-12.18,-0.29,-15.82,-3.2,-20.04,-24.08,-8.5,29.11,29.11,33.86,39.22,19.2,9.31,31.86,21.88,20.35,45.05,14.18,-0.11,1.9,4.94,-4.55,1.024745,75,,,,,,,14.18,-16.81,2.04,3.38,-11.5,1.001684,63
21-10-2025,NSE:NUVAMA,EQ,23115.3,138908,2.71,2.72,2,7260,3.43,1.58,4.14,13.4,11.76,-5.08,16.18,16.33,-1.06,53.29,-1,-1,-1,-1,EEP,EEP,-1,-1,-1,-1,-1,0,-6.68,-12.4,-12.4,-12.4,0,-22.7,-7.95,-17.7,-17.85,0,20.35,26.73,43.64,112.87,20.35,3.83,50.93,28.28,88.37,127.52,10.61,-6.68,9.13,7.72,-1.42,1.024725,75,,,,,,,10.61,-19.54,14.7,-1.51,-11.76,1.003626,65
21-10-2025,NSE:BAJAJINDEF,EQ,1308.8,38091,6.16,6.14,0,404.8,-0.99,1.48,0.59,10.55,-0.41,-13.28,40.21,NA,NA,NA,-1,-1,-1,HV2Y,-1,-1,-1,-1,-1,-1,-1,-4.81,-8.01,-26.75,NA,NA,-4.81,-26.45,-17.03,NA,NA,NA,18.71,94.08,NA,NA,13.69,19.19,119.85,NA,NA,NA,-1.56,-14.88,33.16,0,0,1.024585,75,,,,,,,-1.56,-13.28,41.68,98.32,9.02,1.060964,94
21-10-2025,NSE:SPLPETRO,EQ,15814.28,338111,4.27,4.19,5,802.95,4.19,4.73,-0.58,-5.02,-4.77,-0.54,24.46,19.18,0.69,25.21,-1,-1,HVY,-1,-1,HV2Y,-1,-1,-1,-1,-1,-7.72,-7.72,-9.52,-9.52,-11.47,-7.72,-5.21,-9.03,-32.74,-28.45,-12.08,10.18,26.76,49.65,49.65,4.97,15.44,50.46,13.05,9.2,34.19,-5.92,-2.14,17.41,10.57,0.33,1.024173,75,,,,,,,-5.92,3.58,19.34,-8.67,-13.86,1.006389,68
21-10-2025,NSE:EIDPARRY,EQ,19108.97,174303,2.08,2.06,5,1039.2,1.03,0.03,-0.56,2.54,-2.61,-11.83,18.09,17.76,21.97,43.84,-1,-1,HV2Q,HV2Q,-1,EEP,-1,-1,-1,-1,-1,-3.29,-15.94,-15.94,-15.94,-15.94,-3.29,-13.74,0,-13.29,-12.95,-6.71,2.61,27.14,57.47,91.68,2.61,9.83,76.09,28.99,57.64,49.56,-3.76,-13.43,11.04,9.15,21.61,1.023864,75,,,,,,,-3.76,-9.44,21.22,-2.08,14.14,1.019685,79
21-10-2025,NSE:BFSI,EQ,428.66,244639,2.45,2.4,0,28.47,0.18,2.56,2.74,5.55,3.65,2.35,4.18,17.49,14.09,28.84,-1,-1,-1,-1,-1,-1,-1,-1,-1,-1,-1,0,0,0,0,0,0,-2.18,-0.86,0,-8.71,-4.94,7.64,8.79,24.16,38.81,5.95,3.71,21.24,18.97,15.94,20.73,2.5,0.75,-2.87,8.88,13.73,1.023349,75,,,,,,,2.5,-1.81,-3.66,12.21,4.89,1.013413,75
21-10-2025,NSE:CAMLINFINE,EQ,4280.65,464041,4.8,4.8,5,189.78,3.55,0,-3.68,-5.43,-21.06,-52.49,10.18,29.1,44.82,38.64,-1,-1,-1,HV2Q,EEP,EEP,-1,-1,-1,-1,-1,-16.38,-34.9,-42.06,-42.06,-42.06,-16.38,-29.85,-11.64,-4.39,-3.37,-18.2,3.87,25.72,101.18,123.42,3.87,14.17,145.11,80.7,58.4,23.29,-22.21,-54.09,3.13,20.49,44.46,1.022913,75,,,,,,,-22.21,-26.42,35.57,19.39,31.19,1.055677,93
21-10-2025,NSE:HDFCBANK,EQ,1484739.49,18037584,1.45,1.47,4,1007.7,0.47,3.03,2.5,5.7,4.05,0.74,2.66,18.03,15.66,31.03,-1,-1,-1,-1,-1,-1,-1,-1,-1,-1,-1,0,-0.51,-0.51,-0.51,-0.51,0,-4.54,-1.05,0,-11.74,-4.69,6.69,6.69,23.66,45.62,6.63,2.37,22.75,22.51,19.36,22.81,2.9,-0.86,-4.39,9.42,15.3,1.022717,75,,,,,,,2.9,-3.91,-3.59,14.1,6.13,1.014654,76
21-10-2025,NSE:AARTIPHARM,EQ,8343.52,339143,2.58,2.58,5,846.9,0.96,2.51,2.03,4.46,-9.84,-12.26,15.93,22.09,25.05,41.5,-1,-1,HVQ,HV2Y,HVQ,HV2Y,-1,-1,-1,-1,-1,-5.9,-10.56,-12.23,-12.23,-12.23,-5.9,-3.6,-1.47,-11.99,-5.67,-9.26,11.79,21.23,50.01,103.22,4.67,22.79,62.64,26.47,58.33,52.31,-10.99,-13.86,8.88,13.48,24.69,1.022564,75,,,,,,,-10.99,-2.66,19.58,5.64,12.82,1.022831,81
21-10-2025,NSE:ELIN,EQ,1114.35,153558,4.49,4.4,5,204.71,3.94,4.83,-1.1,2.61,-9.79,8.46,28.26,14.71,-12.55,24.92,-1,-1,-1,-1,-1,HV2Y,-1,-1,-1,-1,-1,-8.95,-10.58,-10.58,-13.24,-22.89,-8.95,-1.82,-1.37,-44.68,-34.23,-13.22,22.08,55.14,86.15,86.15,5.21,34.03,70.41,33.55,32.27,74.55,-10.94,6.86,21.21,6.1,-12.91,1.022544,75,,,,,,,-10.94,16.16,16.1,-20.57,-22.94,1.003406,65
21-10-2025,NSE:BRITANNIA,EQ,146532.23,356355,1.87,1.85,4,6075,0.08,4.52,3.09,2.4,0.09,6.48,10.53,20.25,-0.25,18.19,-1,-1,-1,-1,-1,EEP,-1,-1,-1,-1,-1,-0.13,-3.58,-3.58,-3.58,-5.76,-0.13,-3.67,-3.44,-15.68,-24.84,-5.52,14.57,14.57,32.78,32.78,4.73,14.46,24.18,18.8,3.78,30.46,-1.06,4.88,3.48,11.64,-0.61,1.022062,75,,,,,,,-1.06,5.93,-1.2,9.19,-16.69,1.00549,67
21-10-2025,NSE:TAURIAN,ST,226.7,135680,5.56,6.98,1,339.1,2.76,-0.01,-15.17,6.59,24.74,NA,NA,NA,NA,NA,-1,-1,-1,-1,-1,-1,NA,-1,-1,-1,-1,-17.04,NA,NA,NA,NA,-17.04,NA,NA,NA,NA,NA,NA,NA,NA,NA,26.55,NA,NA,NA,NA,NA,23.59,0,0,0,0,1.022054,74,,,,,,,23.59,99.54,-5.53,-1.68,9.02,1.03856,87
21-10-2025,NSE:KOTAKBANK,EQ,405434.24,3242820,1.81,1.8,1,2197,-0.76,2.06,3.19,9.35,7.56,1.45,-3.27,17.82,14.59,22.19,-1,-1,-1,-1,-1,-1,-1,3,-1,-1,-1,-0.76,-0.76,-1.45,-3.16,-3.16,-0.76,-8.9,-4.57,0,-6.68,-3.02,13.1,13.1,30.17,42.04,10.31,4.56,23.12,34.42,16.74,21.31,6.41,-0.15,-10.32,9.21,14.23,1.02203,74,,,,,,,6.41,-7.07,-10.31,18.74,5.1,1.015614,77
21-10-2025,NSE:ATL,EQ,774.83,620977,6.9,6.84,4,35.08,2.48,3.85,-4.56,-3.28,13,2.65,24.23,2.37,-17.42,-80.44,-1,HVY,HVQ,-1,-1,-1,-1,-1,-1,-1,-1,-8.62,-8.62,-8.62,-17.32,-49.96,-8.62,-10.63,-1.84,-50.08,-52.95,-43.42,30.12,50.88,56.89,56.89,8.78,13.2,52.73,18.87,3.76,3.16,11.85,1.05,17.18,-6.24,-17.78,1.022016,74,,,,,,,11.85,-12.35,16.64,-30.54,-11.24,0.995647,54
21-10-2025,NSE:IDEA,EQ,91658.21,831079400,4.88,4.82,2,9,0.67,7.11,-2,8.44,6.67,15.22,11.44,0.78,-3.22,-60.56,-1,-1,HVQ,EEP,EEP,EEP,-1,-1,-1,-1,-1,-1.96,-1.96,-1.96,-9.46,-51.4,-1.96,0,-23.24,-51.1,-51.78,-49.84,46.34,46.34,46.34,46.34,12.22,36.59,20.54,19.49,33.88,2.2,5.52,13.62,4.39,-7.83,-3.58,1.021985,74,,,,,,,5.52,8.71,-9.99,-13.73,4.99,1.003049,64
21-10-2025,NSE:DEEPAKFERT,EQ,18430.72,244006,3.14,3.1,6,1439.8,1.13,1.65,-7.22,-4.24,-1.22,-12.91,11.4,17.67,26.3,65.27,-1,-1,-1,EEP,EEP,HV2Y,-1,-1,-1,-1,-1,-8.89,-10.43,-17.42,-17.42,-17.42,-8.89,-16.42,-6.76,-10.41,-16.75,-5.74,3.75,15.47,55.21,213.03,1.68,5.01,75.25,69.46,157.71,130.71,-2.37,-14.51,4.35,9.06,25.94,1.021974,74,,,,,,,-2.37,-12.02,16.01,5.4,19.5,1.02251,81
21-10-2025,NSE:GLAND,EQ,33181.94,178837,2.58,2.54,6,1922.5,-0.12,0.09,-0.93,-3.93,-5.22,-4.74,24.53,12.83,13.32,-3.83,-1,-1,-1,-1,EEP,EEP,-1,-1,-1,-1,-1,-4.69,-8.54,-8.54,-8.54,-10.23,-4.69,-3.77,0,-32.25,-21.75,-22.19,2.97,37.32,38.03,38.03,0.26,15.96,44.58,4.17,4.36,1,-6.37,-6.34,17.48,4.22,12.96,1.021949,74,,,,,,,-6.37,-0.01,22.42,-17.18,9.59,1.014514,76
21-10-2025,NSE:NESTLEIND,EQ,230915.64,1464451,2.13,2.11,1,1287.3,0.15,8.68,8.58,10.47,7.21,3.96,6.5,15.74,4.36,4.49,-1,-1,-1,-1,-1,-1,-1,-1,-1,-1,-1,-0.17,-0.17,-0.17,-0.17,-6.57,-0.17,-3.38,0,-12.64,-21.27,-10.64,18.17,18.17,19.94,19.94,11.7,9.65,15.19,12.15,0.9,4.56,6.06,2.36,-0.55,7.13,4,1.021684,74,,,,,,,6.06,-3.96,-2.89,8.21,-4.48,1.006079,68
21-10-2025,NSE:POSITRON,SM,279.77,18774,4.62,4.7,3,365.4,0.19,9.24,9.44,10.08,-0.75,15.24,4.78,13.03,2.16,NA,-1,-1,HVQ,HVQ,HVQ,-1,-1,-1,-1,-1,-1,0,-1.52,-10.13,-10.13,NA,0,-0.78,-23.83,-45.33,-50.06,NA,25.07,25.07,42.18,NA,13.87,26.01,20.51,35.39,2.88,NA,-1.9,13.64,-2.27,4.42,1.8,1.021665,74,,,,,,,-1.9,15.42,-17.88,6.99,-3.47,1.010544,72
21-10-2025,NSE:DIVGIITTS,EQ,2027.65,16332,3.55,3.52,5,645.35,2.22,1.5,-1.32,-4.23,-2.78,2.88,26.92,8.07,0.57,-30.15,-1,-1,-1,-1,-1,-1,-1,-1,-1,-1,-1,-5.11,-5.12,-5.12,-8.12,-25.05,-5.11,-2.48,-1.51,-32.86,-37.43,-32.33,6.31,44.88,52.71,52.71,2.3,14.19,48.31,11.59,2.1,10.43,-3.93,1.28,19.87,-0.54,0.21,1.021647,74,,,,,,,-3.93,5.05,19.22,-27.48,0.86,1.006636,69
21-10-2025,NSE:SURYODAY,EQ,1422.05,619598,4.24,4.43,2,151.06,1.46,5.63,3.84,11.55,11.88,8.4,9.27,12.61,-14.03,-11.25,-1,HV2Y,-1,-1,-1,HV2Y,-1,-1,-1,-1,-1,-2.91,-2.91,-2.91,-11.31,-30.23,-2.91,-6.38,-8.02,-32.08,-39.03,-20.43,24.12,31.4,52.88,52.88,14.3,9.38,40.04,38.7,5.15,17.06,10.73,6.8,2.22,4,-14.39,1.021628,74,,,,,,,10.73,-4.41,-4.58,2,-21.47,0.996331,55
21-10-2025,NSE:MAXHEALTH,EQ,112925.26,3845154,2.33,2.47,1,1204,-0.46,3.53,6.09,7.64,3.68,-1.18,6.25,12.79,19.92,27.25,-1,-1,-1,-1,HV2Q,EEP,-1,-1,-1,-1,-1,-0.46,-5.97,-7.48,-7.48,-7.48,-0.46,-10.89,-6.39,-6.62,-13.14,-9.71,12.61,12.8,32.87,65.62,12.61,0.88,26.33,32.33,44.43,32.64,2.53,-2.78,-0.8,4.18,19.56,1.021613,74,,,,,,,2.53,-5.5,1.82,5.3,17.19,1.016462,77
21-10-2025,NSE:AADHARHFC,EQ,23384.27,496667,2.61,2.58,6,515.65,0.37,-0.12,0.53,0.8,-4.56,-0.14,8.46,23.3,13.36,NA,-1,-1,-1,-1,HVQ,HVQ,-1,-1,-1,-1,-1,-4.48,-4.48,-4.48,-4.48,NA,-4.48,0,0,-7.52,-22.52,NA,4.06,19.89,41.6,NA,2.37,24.16,41.8,29.63,20.05,NA,-5.71,-1.74,1.41,14.69,13,1.02158,74,,,,,,,-5.71,3.77,3.05,14.54,-3.94,1.014139,75
21-10-2025,NSE:COCHINSHIP,EQ,49932.73,1433392,2.99,2.96,6,1808.8,0.66,1.34,-1.71,2.03,-5.09,-3.73,17.69,20.05,12.17,55.47,-1,-1,-1,EEP,HVQ,EEP,-1,-1,-1,-1,-1,-6.13,-6.13,-24.4,-24.4,-36.83,-6.13,-14.8,-21.58,-44.41,-49.5,-44.52,12.74,27.79,48.71,147.51,2.77,18.47,54.26,22.41,97.88,117.38,-6.24,-5.33,10.64,11.44,11.81,1.021563,74,,,,,,,-6.24,0.83,15.12,1.19,-0.83,1.011741,74
21-10-2025,NSE:SHARDAMOTR,EQ,6159.85,54542,3.72,3.71,3,1075.7,1.39,5.6,-0.02,0.74,0.46,-1.12,24.71,13.98,-2.12,37.1,-1,-1,HVQ,HV2Q,HV2Q,HV2Y,-1,-1,-1,-1,-1,-5.12,-9.65,-11.59,-11.59,-26.46,-5.12,-11.99,-10.59,-41.7,-36.74,-24.9,5.93,37.72,51.3,79.58,5.93,15.98,53,13.91,54.47,83.38,-0.69,-2.72,17.66,5.37,-2.48,1.021541,74,,,,,,,-0.69,-2.05,20.02,-15.94,-9.7,1.003459,65
21-10-2025,NSE:SANSERA,EQ,9313.74,99893,2.91,2.88,5,1489,2.72,6.06,2.39,6.14,-0.4,9.13,23.42,7.67,-7.94,32.95,-1,-1,-1,-1,-1,EEP,-1,-1,-1,-1,-1,-0.73,-1.19,-1.19,-8.39,-13.67,-0.73,-0.8,-4.06,-33.89,-20.29,-6.81,20.37,38.09,44.49,60.16,8.51,20.86,31.3,10.65,47.87,72.88,-1.55,7.53,16.37,-0.94,-8.3,1.02153,74,,,,,,,-1.55,9.03,10.2,-22.24,-7.9,1.00072,61
21-10-2025,NSE:TBOTEK,EQ,18134.16,318893,3.31,3.3,6,1574.2,-0.81,4.86,2.65,6.2,-3.62,11.89,31.89,-7.86,-9.65,NA,-1,-1,HVY,EEP,-1,-1,-1,-1,-1,-1,-1,-3.91,-4.16,-4.16,-12.15,NA,-3.91,-0.69,-16.86,-44.41,-11.96,NA,20.42,55.32,55.32,NA,6.61,30,36.86,3.19,23.38,NA,-4.77,10.29,24.84,-16.47,-10.01,1.021457,74,,,,,,,-4.77,14.5,17.17,-60.04,7.36,1.0074,69
21-10-2025,NSE:GENCON,EQ,251.31,123230,7.48,7.38,0,43.91,8.50,-1.8,-19.56,4.42,-2.89,8.34,20.15,10.38,0.48,-25.26,-1,HVQ,-1,HVQ,HVQ,HV2Y,-1,-1,-1,-1,-1,-16.36,-16.36,-16.36,-16.36,-35.71,-16.36,-0.62,-14.54,-38.19,-42.39,-36.02,15.04,42.66,83.42,83.42,8.5,18.37,68.13,46.45,11.95,24.32,-4.04,6.74,13.1,1.77,0.12,1.021411,74,,,,,,,-4.04,10.45,7.36,-13.92,-2.03,1.00529,67
21-10-2025,NSE:INDIASHLTR,EQ,9707.88,218516,2.48,2.45,5,896.3,1.47,1.14,0.77,3.44,0.6,-11.8,2.14,26.96,19.59,30.35,-1,-1,-1,-1,-1,-1,-1,-1,-1,-1,-1,0,-8.3,-10.56,-10.56,-10.56,0,-11.09,0,-0.66,-17.31,-8.96,3.67,5.55,45.56,69.5,3.67,2.58,62.74,42.45,23.8,36.3,-0.55,-13.4,-4.91,18.35,19.23,1.021008,74,,,,,,,-0.55,-12.94,6.94,23.69,-1.08,1.019722,79
21-10-2025,NSE:RELIANCE,EQ,1904830.85,10397265,1.31,1.39,1,1465.2,-0.11,6.09,5.49,6.31,3.94,2.5,11.88,13.56,7.58,0.88,-1,-1,-1,-1,-1,-1,-1,-1,-1,-1,-1,-0.11,-0.11,-4.95,-4.95,-8.48,-0.11,-8.7,-7.32,-18.62,-20.89,-15.42,8.22,12.71,26.1,26.1,7.47,3.95,22.95,11.13,5.07,0.75,2.79,0.9,4.83,4.95,7.22,1.020993,74,,,,,,,2.79,-1.97,4.09,0.24,2.1,1.006988,69
21-10-2025,NSE:PVSL,EQ,984.53,145685,4.75,4.77,0,146.36,0.49,0.11,-2.2,-1.36,6.05,9.91,31.61,-3.04,-37.56,NA,-1,HVQ,-1,-1,-1,-1,-1,-1,-1,6,-1,-4.87,-4.87,-4.87,-25.28,NA,-4.87,-2.06,-13.27,-59.77,-47.86,NA,33.19,50.84,55.78,NA,6.23,25.13,40.34,6.55,3.35,NA,4.9,8.31,24.56,-11.65,-37.92,1.020172,74,,,,,,,4.9,3.66,18.55,-52.34,-24.48,0.990504,48
21-10-2025,NSE:THOMASCOTT,EQ,467.26,33188,5.64,5.67,3,359.7,6.58,8.27,5.64,7.48,-2.72,3.07,12.76,-16.76,33.76,15.21,-1,-1,HV2Q,HV2Q,-1,HV2Y,-1,-1,-1,-1,-1,-6.28,-7.6,-10.81,-28.08,-28.08,-6.28,-8.38,-29.42,-37.26,-16.03,-33.38,23.67,23.67,89.84,89.84,17.92,27.04,20.56,65.61,121.66,10.41,-3.87,1.47,5.71,-25.37,33.4,1.0201,73,,,,,,,-3.87,5.18,4.47,-35.52,52.29,1.046401,90
21-10-2025,NSE:NDRAUTO,EQ,2604.73,46418,3.58,3.52,5,982.2,-0.64,2.2,-5.52,-4.85,-10.67,-18.81,30.07,16.19,17.93,61.99,-1,-1,-1,HVQ,HVQ,HV2Y,-1,-1,-1,-1,-1,-9.28,-15.68,-16.17,-16.17,-16.17,-9.28,-7.22,-0.39,-30.54,-16.75,-18.48,2.89,50.86,75.6,176.79,2.42,13.87,108.64,41.2,131.99,127.17,-11.82,-20.41,23.02,7.58,17.57,1.02006,73,,,,,,,-11.82,-7.82,35.61,-21.53,11.1,1.025143,82
21-10-2025,NSE:ADOR,EQ,1808.15,37490,4.31,4.31,1,1168.35,2.04,9.22,13.5,16.17,11.71,5.47,21.16,3.82,-18.59,-24.4,EEP,EEP,-1,-1,-1,EEP,-1,-1,-1,-1,-1,-2.07,-2.07,-2.07,-13.66,-23.95,-2.07,-7.56,-1.59,-36.52,-31.98,-16.13,28.85,38.37,39.65,39.65,21.14,13.76,32,10.1,6.75,17.44,10.56,3.87,14.11,-4.79,-18.95,1.020013,73,,,,,,,10.56,-7.52,11.06,-23.67,-14.28,0.993367,52
21-10-2025,NSE:AXISBNKETF,EQ,363.96,6069,0.99,1.1,1,597.08,0.16,2.74,3.15,6.05,4.28,2.3,4.96,15.51,11.59,23.6,-1,-1,-1,-1,-1,-1,-1,-1,-1,-1,-1,0,0,0,0,0,0,-2.94,-0.94,0,-8.98,-4.76,7.97,8.91,22.01,29.32,6.62,3.35,19,15.96,10.58,15.72,3.13,0.7,-2.09,6.9,11.23,1.020004,73,,,,,,,3.13,-2.52,-2.81,9.42,4.38,1.01064,72
21-10-2025,NSE:SMARTWORKS,EQ,6220.16,266376,4.08,4.1,0,556.3,3.03,2.8,-5.49,-1.55,1.91,22.62,NA,NA,NA,NA,-1,-1,-1,-1,-1,-1,-1,-1,-1,7,-1,-8.07,-8.07,NA,NA,NA,-8.07,0,NA,NA,NA,NA,35.48,NA,NA,NA,3.03,32.9,NA,NA,NA,NA,0.76,21.02,0,0,0,1.019972,73,,,,,,,0.76,20.66,94.47,-1.68,9.02,1.033373,86
21-10-2025,NSE:KIMS,EQ,29826.36,351241,2.46,2.49,4,727.2,1.01,1.58,2.85,3.6,-2.39,-2.74,6,15.74,23.62,41.47,-1,-1,-1,-1,-1,-1,-1,-1,-1,-1,-1,-1.62,-7.87,-7.87,-7.87,-7.87,-1.62,-5.67,-1.86,0,-7.29,-3.29,5.71,16.58,43.02,99.74,5.71,19.37,46.94,64.03,68.3,52.55,-3.54,-4.34,-1.05,7.13,23.26,1.019872,73,,,,,,,-3.54,-0.8,2.97,8.68,18.38,1.02016,79
21-10-2025,NSE:ARIHANTCAP,EQ,1124.42,571127,4.61,4.61,4,100.38,-0.30,-6.85,-14.83,-9.56,-7.33,12.84,26.72,9.37,-19.01,29.02,-1,-1,HV2Q,HV2Q,HV2Y,HV2Y,-1,-1,-1,-1,-1,-14.3,-14.3,-14.3,-15.4,-15.97,-14.3,-6.85,-7.22,-38.42,-23.85,0,4.25,59.03,68.71,96.05,0.65,44.79,47.04,23.63,77.68,133.32,-8.48,11.24,19.67,0.76,-19.37,1.019852,73,,,,,,,-8.48,18.34,10.39,-25.35,-22.3,0.999889,60
21-10-2025,NSE:ANONDITA,SM,634.84,235676,6.14,6.27,0,460,1.75,3.04,1.23,19.53,23.65,NA,NA,NA,NA,NA,-1,-1,-1,-1,-1,-1,NA,3,-1,4,-1,0,NA,NA,NA,NA,0,NA,NA,NA,NA,NA,NA,NA,NA,NA,34.48,NA,NA,NA,NA,NA,22.5,0,0,0,0,1.019726,73,,,,,,,22.5,99.54,-5.53,-1.68,9.02,1.036195,87
21-10-2025,NSE:UTIBANKETF,EQ,3653.19,394948,1.38,1.37,0,59.8,0.03,2.64,3.11,6.07,4.53,1.92,5.02,15.52,11.37,23.61,-1,-1,-1,-1,-1,-1,-1,-1,-1,-1,-1,0,0,0,0,0,0,-3.55,-0.91,0,-9.14,-4.68,8.12,9.22,22.04,29.3,6.46,3.22,19.69,15.92,10.6,16.02,3.38,0.32,-2.03,6.91,11.01,1.019704,73,,,,,,,3.38,-3.19,-2.38,9.38,4.11,1.01036,72
21-10-2025,NSE:TEGA,EQ,13472.77,413263,2.53,2.51,5,1927.7,0.63,-0.37,-0.76,2.18,-4.53,-3.68,26.82,14.57,1.87,37.69,-1,-1,-1,EEP,EEP,EEP,-1,-1,-1,-1,25,-2.35,-8.59,-8.59,-12.29,-12.29,-2.35,-4.45,0,-35.82,-25.07,-4.2,7.51,51.62,51.75,70.68,2.23,36.66,57.34,11.04,49.9,72.18,-5.68,-5.28,19.77,5.96,1.51,1.019578,73,,,,,,,-5.68,0.35,23.89,-18.42,-5.85,1.007369,69
21-10-2025,NSE:C2C,ST,1286.36,42864,4.9,5.31,4,631.35,-0.19,1.97,6.99,-13.06,-22.44,-3.69,49.09,-26.84,NA,NA,-1,-1,HVQ,-1,-1,-1,-1,-1,-1,-1,-1,-21.08,-27.54,-27.54,NA,NA,-21.08,-11.28,-19,-65.72,NA,NA,7.52,92.57,NA,NA,7.52,31.55,148.63,22.09,NA,NA,-23.59,-5.29,42.04,-35.45,0,1.019492,73,,,,,,,-23.59,14.85,45.37,-150.8,109.02,1.035486,86
21-10-2025,NSE:BANKIETF,EQ,3026.42,460824,1.5,1.5,0,59.34,0.03,2.44,3.15,6.12,4.13,2.12,4.89,15.71,11.32,23.49,-1,-1,-1,-1,-1,-1,-1,-1,-1,-1,-1,0,0,0,0,0,0,-3.28,-1.26,0,-9.32,-4.6,7.83,9.16,21.9,29.37,6.52,3.38,19.31,15.94,10.18,15.9,2.98,0.52,-2.16,7.1,10.96,1.019479,73,,,,,,,2.98,-2.55,-2.71,9.69,3.82,1.010423,72
21-10-2025,NSE:BANKETF,EQ,256.45,7947,0.8,0.89,1,588.62,-0.07,2.48,3.16,6.16,4.44,2.16,4.64,15.61,11.15,23.62,-1,-1,-1,-1,-1,-1,-1,1,-1,-1,-1,-0.07,-0.07,-0.07,-0.07,-0.07,-0.07,-3.38,-1.08,0,-9.48,-4.7,7.91,8.89,21.85,29.13,6.59,3.12,19.22,16.21,10.49,16.33,3.29,0.56,-2.41,7,10.79,1.019424,73,,,,,,,3.29,-2.84,-3,9.83,3.74,1.010316,72
21-10-2025,NSE:BANKNIFTY1,EQ,5135.14,80491,1.08,1.12,1,601.51,-0.17,2.84,3.31,6.54,4.81,0.68,5.14,16.02,11.54,NA,-1,-1,-1,-1,-1,-1,-1,2,-1,-1,-1,-0.17,-0.17,-0.17,-0.17,NA,-0.17,-4.15,0,0,-9.66,NA,8.46,9.44,22.19,NA,7.04,3.25,21.35,15.91,7,NA,3.66,-0.92,-1.91,7.41,11.18,1.019397,73,,,,,,,3.66,-4.79,-1.05,9.8,3.67,1.010303,72
21-10-2025,NSE:HDFCNIFBAN,EQ,5464.29,113182,1.04,1.07,1,59.52,-0.05,2.64,3.01,6.23,4.18,2.1,4.84,15.74,11.16,23.62,-1,-1,-1,-1,-1,-1,-1,3,-1,-1,-1,-0.05,-0.05,-0.05,-0.05,-0.05,-0.05,-3.09,-0.99,0,-9.35,-4.41,8.04,9.21,21.82,29.36,6.65,3.52,19.26,15.92,10.32,16.32,3.03,0.5,-2.21,7.13,10.8,1.019363,73,,,,,,,3.03,-2.63,-2.73,9.78,3.58,1.010301,72
21-10-2025,NSE:GLOBUSSPR,EQ,3118.45,107117,3.69,3.65,6,1106.5,-0.74,2.28,-1.66,5.92,2.85,-0.24,2.12,27.79,-0.84,27.06,-1,-1,-1,EEP,EEP,EEP,-1,-1,-1,-1,-1,-1.64,-13.63,-13.63,-13.63,-16.9,-1.64,-16.09,0,-18.66,-39.99,-16.2,7.13,18.08,45.11,66.27,6.29,14.72,40.09,42.02,20.07,67.66,1.7,-1.84,-4.93,19.18,-1.2,1.019309,73,,,,,,,1.7,-3.64,-3.17,24.54,-30.62,1.009265,71
21-10-2025,NSE:PRESTIGE,EQ,69860.14,717090,2.93,3.03,1,1713.4,-0.24,6.41,10.67,11.24,5.53,-5.41,23.9,15.38,-8.82,31.42,-1,-1,-1,-1,-1,-1,-1,-1,-1,-1,-1,-0.24,-4.44,-5.13,-9.25,-16.7,-0.24,-10.38,0,-32,-29.51,-9.34,13.67,35.79,61.6,72.62,13.67,7.16,70.34,22.97,46.07,87.85,4.38,-7.01,16.85,6.77,-9.18,1.019213,73,,,,,,,4.38,-12.04,22.28,-12.87,-19.59,1.000112,60
21-10-2025,NSE:ABSLBANETF,EQ,2689.43,226999,2.02,2.01,2,59.21,-0.05,2.55,3.04,6.15,4.09,2.03,4.85,15.71,11.15,23.49,-1,-1,-1,-1,-1,-1,-1,3,-1,-1,-1,-0.05,-0.05,-0.05,-0.05,-0.05,-0.05,-2.84,-0.75,0,-9.48,-4.59,8.09,9.16,22.16,29.31,6.55,3.67,19.68,16.24,10.18,16.14,2.94,0.43,-2.2,7.1,10.79,1.019097,73,,,,,,,2.94,-2.61,-2.65,9.73,3.61,1.010249,72
21-10-2025,NSE:SBILIFE,EQ,185056.93,878162,1.72,1.71,4,1841,0.07,1.35,3.09,2.84,-0.04,1.97,12.06,17.78,5.83,22,-1,-1,-1,-1,-1,-1,-1,-1,-1,-1,-1,-0.9,-1.93,-1.93,-1.93,-4.54,-0.9,-1.9,-3.1,-16.06,-21.52,-10.11,3.96,14.48,32.87,37.51,3.96,3.41,30.25,16.85,13.05,29.5,-1.19,0.37,5.01,9.17,5.47,1.019046,73,,,,,,,-1.19,1.55,4.76,4.83,-5.52,1.006664,69
21-10-2025,NSE:SETFNIFBK,EQ,3949.6,116561,2.27,2.15,0,593.44,-0.11,2.49,3.02,6.14,4.11,1.97,4.76,15.68,11.16,23.46,-1,-1,-1,-1,-1,-1,-1,-1,-1,-1,-1,-0.11,-0.11,-0.11,-0.11,-0.11,-0.11,-3.15,-0.99,0,-9.36,-4.5,7.81,8.93,21.81,29.16,6.55,3.38,19.41,16.01,10.17,16.07,2.96,0.37,-2.29,7.07,10.8,1.018946,72,,,,,,,2.96,-2.69,-2.68,9.78,3.66,1.010241,72
21-10-2025,NSE:BANKBEES,EQ,7610.88,559186,1.1,1.1,1,598.33,-0.04,2.51,3.04,6.13,4.15,2.05,4.65,15.6,11.14,23.44,-1,-1,-1,-1,-1,-1,-1,3,-1,-1,-1,-0.04,-0.04,-0.04,-0.04,-0.04,-0.04,-2.99,-0.86,0,-9.41,-4.63,7.86,8.96,21.73,28.93,6.53,3.38,19.24,16.06,10.24,16.06,3,0.45,-2.4,6.99,10.78,1.018894,72,,,,,,,3,-2.66,-2.87,9.8,3.74,1.010241,72
21-10-2025,NSE:POWERINDIA,EQ,85489.79,126814,3.22,3.15,6,17467,0.09,0.09,-0.46,-10.19,-8.92,-10.27,20.98,25.25,7.98,65.6,-1,-1,-1,EEP,EEP,EEP,-1,-1,-1,-1,-1,-9.25,-18.17,-18.17,-18.17,-18.17,-9.25,-10.87,-3.73,-14.37,-19,-0.29,0.16,29.39,81.54,200.15,0.16,3.2,100.17,43.45,132.54,186.27,-10.07,-11.87,13.93,16.64,7.62,1.018459,72,,,,,,,-10.07,-1.7,22.81,3.73,-14.09,1.011296,73
21-10-2025,NSE:SSEGL,SM,1221.26,88856,3.27,3.51,5,504.9,1.98,8.06,4.94,7.13,0.18,16.36,-5.73,1.99,17.2,NA,-1,-1,HVQ,HVQ,HV2Y,-1,-1,-1,-1,-1,-1,-1.46,-2.04,-9.52,-9.52,NA,-1.46,-2.21,-24.32,-19.4,-25.29,NA,27.6,35.58,55.95,NA,10.85,35.34,13.4,127.51,110.89,NA,-0.97,14.76,-12.78,-6.62,16.84,1.018314,72,,,,,,,-0.97,15.75,-31.94,5.63,24.54,1.024296,82
21-10-2025,NSE:HAL,EQ,328702.91,1201686,1.86,1.86,4,4858.2,-0.04,2.29,0.42,2.43,-1.19,2.21,11.78,19.34,4.16,41.42,-1,-1,-1,-1,-1,EEP,-1,-1,-1,-1,-1,-0.42,-1.18,-5.26,-5.26,-13.59,-0.42,-2.23,-7.35,-14.79,-30.3,-17.18,12.13,15.77,57.31,66.23,2.84,13.47,53.84,38.79,37.69,63.6,-2.34,0.61,4.73,10.73,3.8,1.018286,72,,,,,,,-2.34,2.9,4.26,6.89,-9.8,1.006229,68
21-10-2025,NSE:MAZDOCK,EQ,120368.59,1267039,2.58,2.57,6,2831.7,-0.21,1.12,-1.62,2.85,-5.41,-4.24,2.69,20.61,23.62,61.47,-1,-1,-1,HV2Q,-1,EEP,-1,-1,-1,-1,-1,-4.86,-5.52,-24.51,-24.51,-24.51,-4.86,-10.7,-21.31,-0.33,-21.73,-24.7,8.78,8.78,45.56,207.84,2.93,14.67,50.46,41.64,144.4,135.12,-6.56,-5.84,-4.36,12,23.26,1.017869,72,,,,,,,-6.56,0.66,1.12,16.73,12.82,1.021436,80
21-10-2025,NSE:PVTBANIETF,EQ,3279.39,917668,1.79,1.79,0,28.69,0.24,2.61,3.52,7.39,5.4,2.51,3,15.16,9.69,21.52,-1,-1,-1,-1,-1,-1,-1,-1,-1,-1,-1,0,0,0,0,0,0,-5.01,-2.1,0,-10.91,-5.16,9.09,9.09,20.8,25.6,7.98,3.19,17.77,17.18,8.1,15.07,4.25,0.91,-4.05,6.55,9.33,1.017784,72,,,,,,,4.25,-3.52,-5.03,10.86,2.57,1.009407,71
21-10-2025,NSE:BANKNIFTY,IN,,,,,,58007.2,-0.04,2.6,3.05,6.11,4.39,1.82,4.07,15.05,10.7,22.63,0,0,0,0,0,0,0,-1,-1,-1,-1,-0.04,-0.04,-0.04,-0.04,-0.04,,,,,,,,,,,,,,,,,3.24,0.22,-2.98,6.44,10.34,1.0173,,,,,,,,3.24,-3.15,-3.24,9.76,3.9,1.009709,
21-10-2025,NSE:KPIL,EQ,21517.34,321639,2.35,2.33,4,1268.6,0.48,-0.3,-0.33,3.29,-0.03,6.57,21.48,5.14,-1.6,31.72,-1,-1,EEP,-1,HVQ,EEP,-1,-1,-1,-1,-1,-0.81,-2.51,-2.51,-5.29,-9.87,-0.81,-2.47,-3.64,-29.23,-14.5,-8.43,13.99,37.95,50.92,50.92,3.41,14.03,41,18.51,57.15,68.31,-1.18,4.97,14.43,-3.47,-1.96,1.017291,72,,,,,,,-1.18,6.14,10.42,-22.49,1.92,1.002912,64
21-10-2025,NSE:DYCL,EQ,2078.63,284612,3.56,3.57,6,403.35,1.23,1.08,0.88,2.42,-6.02,-12.35,27.65,-12.73,30.82,47.77,-1,-1,HVQ,HVQ,HVQ,HV2Y,-1,-1,-1,-1,-1,-3.49,-15.97,-19.66,-23.91,-23.91,-3.49,-14.81,-9.74,-44.95,-14.23,-13.35,4.21,51.85,58.1,130.72,4.21,9.65,77.62,14.39,160.09,59.6,-7.17,-13.95,20.6,-21.34,30.46,1.017185,72,,,,,,,-7.17,-6.42,30.07,-57.49,47.66,1.047554,90
21-10-2025,NSE:ACCENTMIC,ST,646.5,19400,4.27,4.42,4,275.4,0.31,6.72,9.06,11.58,2.61,-0.6,23.61,8.57,-2.82,8.5,-1,-1,HV2Q,HVQ,HV2Q,HV2Q,-1,-1,-1,-1,-1,-2.87,-12.83,-12.83,-12.83,-12.83,-2.87,-15.11,-1.67,-25.71,-18.84,-8.73,13.1,44.89,60.32,60.32,13.1,20.27,61.28,22.47,14.82,29.11,1.46,-2.2,16.56,-0.04,-3.18,1.016859,72,,,,,,,1.46,-3.76,18.54,-21.37,-3.43,1.001948,63
21-10-2025,NSE:SWARAJENG,EQ,5380.11,23392,3.33,3.25,4,4063.3,0.11,-7.28,-1.46,0.31,-8.97,-5.89,-1.36,25.09,24.88,42.45,-1,-1,EEP,EEP,EEP,EEP,-1,-1,-1,-1,-1,-9.65,-9.65,-11.82,-11.82,-11.82,-9.65,-3.91,-6.63,-1.59,-10.71,-10.46,4.51,5.15,56.34,87.55,2.68,13.89,65.55,58.46,40.49,40.89,-10.12,-7.49,-8.41,16.48,24.52,1.016795,72,,,,,,,-10.12,2.37,-1.25,24.41,8.74,1.025439,83
21-10-2025,NSE:APLAPOLLO,EQ,47031.54,439304,1.98,1.99,3,1752.1,0.17,1.55,0.9,3.2,3.48,3.4,7.45,11.6,9.82,22.89,-1,-1,-1,-1,-1,-1,-1,-1,-1,-1,-1,-0.11,-0.11,-8.79,-8.79,-8.79,-0.11,-5.84,-11.89,-0.11,-9.85,-8.03,16.43,16.43,34.46,34.46,5.54,12.38,29.89,24.45,16.14,18.48,2.33,1.8,0.4,2.99,9.46,1.016666,72,,,,,,,2.33,-0.54,-1.34,2.81,7.01,1.008401,70
21-10-2025,NSE:KEI,EQ,40087.18,287392,2.99,2.97,1,4143.8,-0.04,-5.26,-1.39,2.16,-1.36,4.14,28.67,0.83,-5.82,22.28,-1,-1,-1,HVQ,EEP,EEP,-1,-1,-1,-1,13,-6.26,-6.26,-6.26,-10.52,-14.13,-6.26,0,-11.34,-37.24,-14.85,-9.14,10.07,39.66,65.11,65.11,2.72,16.27,58.28,17.76,36.73,45.89,-2.51,2.54,21.62,-7.78,-6.18,1.016569,72,,,,,,,-2.51,4.96,20.07,-40.72,2.32,1.003863,65
21-10-2025,NSE:GRANULES,EQ,13225.45,1757850,2.65,2.77,1,570.05,0.75,0.01,2.48,9.73,4.68,13.25,15.79,-1.65,-6.84,25.95,-1,-1,-1,-1,HV2Y,HVQ,-1,-1,-1,6,-1,-0.01,-0.01,-0.01,-7.47,-20.62,-0.01,-0.49,-17.53,-33.15,-19.31,-15.19,29.75,29.75,32.23,45.38,10.78,23.68,14.71,11.35,47.78,55.33,3.53,11.65,8.74,-10.26,-7.2,1.016473,72,,,,,,,3.53,8.54,-2.61,-22.39,3.91,1.000029,60
21-10-2025,NSE:RPEL,EQ,3108.24,30332,3.68,3.64,3,701.45,1.29,-1,-2.25,7.1,3.48,5.03,6.77,6.89,12.98,NA,-1,-1,-1,-1,HV2Y,HV2Y,-1,-1,-1,-1,-1,-2.47,-2.47,-5.09,-16.83,NA,-2.47,-4.96,-9.87,-22.46,-22.56,NA,23.18,23.18,52.21,NA,9.12,18.9,44.55,41.9,33.01,NA,2.33,3.43,-0.28,-1.72,12.62,1.01622,72,,,,,,,2.33,1.15,-3.7,-1.55,15.56,1.011078,73
21-10-2025,NSE:BLISSGVS,EQ,1599.41,612952,3.57,3.62,5,156.03,0.39,1.91,2.34,5.54,3.52,-3.84,19.75,-3.31,18.01,27.19,-1,-1,HV2Y,HVQ,HVQ,HV2Y,-1,-1,-1,-1,-1,-1.99,-14.82,-14.82,-14.82,-14.82,-1.99,-17.82,-6.61,-29.83,-9.67,-6.7,7.76,39.51,43.24,59.78,7.76,1.34,44.87,15.54,65.07,31.01,2.37,-5.44,12.7,-11.92,17.65,1.016215,72,,,,,,,2.37,-8.09,17.18,-30.41,29.65,1.018903,79
21-10-2025,NSE:PVTBANKADD,EQ,415.64,154379,1.15,1.23,1,28.76,0.10,2.29,3.44,6.78,4.94,2.29,2.75,15.02,9.35,NA,-1,-1,-1,-1,-1,-1,-1,1,-1,-1,-1,0,0,0,0,NA,0,-4.74,-2.09,0,-11.26,NA,8.82,8.82,20.59,NA,7.27,3.44,17.82,17.27,5.89,NA,3.79,0.69,-4.3,6.41,8.99,1.016173,72,,,,,,,3.79,-3.24,-5.07,10.94,2.35,1.009004,71
21-10-2025,NSE:AFIL,EQ,332.86,3162384,7.04,7.05,0,8.53,5.44,2.7,-4.1,1.76,8.91,11.02,6.8,12.33,-17.81,NA,-1,HV2Q,-1,HVQ,HVQ,HVQ,-1,-1,-1,-1,-1,-8.48,-8.48,-8.48,-19.92,NA,-8.48,-1.4,-21.99,-34.93,-43.92,NA,24.34,26.37,30.85,NA,7.7,13.27,16.43,21.95,3.32,NA,7.76,9.42,-0.25,3.72,-18.17,1.016133,72,,,,,,,7.76,1.86,-10.27,4.26,-25.36,0.995134,54
21-10-2025,NSE:NBCC,EQ,29948.4,8181385,2.93,2.89,6,112.72,-0.67,2.56,0.09,4.78,1.69,-2.3,11.11,22.08,-0.04,21.25,-1,-1,-1,EEP,EEP,EEP,-1,-1,-1,-1,-1,-1.94,-1.94,-12.42,-12.42,-13.61,-1.94,-11.28,-10.4,-23.2,-32.68,-13.58,14.72,22.23,54.71,54.71,7.17,12.77,58.26,37.52,20.48,54.68,0.54,-3.9,4.06,13.47,-0.4,1.016119,72,,,,,,,0.54,-4.52,7.57,10.67,-19.36,1.003763,65
21-10-2025,NSE:BDL,EQ,59749.69,1571009,2.88,2.87,6,1541.7,0.46,3.43,0.78,2.78,-5.83,-11.46,8.55,22.07,22.42,47.59,-1,-1,-1,EEP,EEP,EEP,-1,-1,-1,-1,-1,-5.28,-10.23,-23.51,-23.51,-23.51,-5.28,-17.81,-14.74,-8.83,-30.63,-30.94,8.27,9.06,66.33,94.53,3.55,14.59,76.17,52.11,51.6,50.92,-6.98,-13.06,1.5,13.46,22.06,1.015961,72,,,,,,,-6.98,-5.78,12.42,13.1,9.47,1.018973,79
21-10-2025,NSE:JUBLPHARMA,EQ,17505,163339,3.2,3.24,3,1143.7,4.32,5.72,3.98,7.2,3.8,-6.88,19.8,19.34,-7.39,48.74,-1,-1,-1,EEP,EEP,EEP,-1,-1,-1,-1,-1,0,-7.49,-7.49,-9.42,-9.42,0,-11.01,-0.78,-27.35,-26.93,0,11.79,31.79,38.11,108.34,9.67,7.54,47.62,26.88,68.06,123.75,2.65,-8.48,12.75,10.73,-7.75,1.015392,71,,,,,,,2.65,-11.57,19.43,-2.26,-24.12,0.999945,60
21-10-2025,NSE:TICL,EQ,344.88,559217,9.15,8.81,1,31.42,1.39,3.06,11.71,24.79,27.63,-0.29,-17.54,NA,NA,NA,HV2Y,HV2Y,-1,-1,-1,-1,-1,4,-1,-1,-1,-4.24,-6.88,-20.17,NA,NA,-4.24,-32.6,-43.4,NA,NA,NA,48.42,48.42,NA,NA,48.42,0,25.14,NA,NA,NA,26.48,-1.89,-24.59,0,0,1.015384,71,,,,,,,26.48,-39.03,-22.73,98.32,9.02,0.997645,57
21-10-2025,NSE:VADILALIND,EQ,4040.28,11945,2.97,2.92,5,5353,0.37,1.89,-0.29,0.24,-4.87,-2.68,-33.82,32.09,24.33,35.85,-1,-1,-1,HV2Q,HV2Q,HV2Y,-1,-1,-1,-1,-1,-9.62,-9.62,-27.14,-27.14,-27.14,-9.62,-2.96,-25.18,0,-26.75,-18.37,11.21,11.21,54.9,67.01,2.02,16.62,58.58,107.29,18.96,32.56,-6.02,-4.28,-40.87,23.48,23.97,1.015366,71,,,,,,,-6.02,1.62,-35.85,47.57,-2.41,1.051163,91
21-10-2025,NSE:RELTD,EQ,3285.4,191098,5.21,5.1,6,148.46,3.15,4.39,-7.56,-7.54,-23.02,5.85,16.77,16.27,16.71,NA,-1,-1,-1,HV2Q,-1,-1,-1,-1,-1,-1,-1,-18.3,-18.71,-18.71,-18.71,NA,-18.3,0,-13.89,-23.37,-22.91,NA,12.91,52.72,52.72,NA,4.59,43.34,43.79,78.67,79.73,NA,-24.17,4.25,9.72,7.66,16.35,1.015137,71,,,,,,,-24.17,23.01,6.07,-2.27,9.54,1.023794,81
21-10-2025,NSE:UPL,EQ,58357.27,2023493,1.83,1.86,6,680.95,0.02,1.62,0.16,3.93,-1.49,-4.82,1.21,19.77,19.87,35.43,-1,-1,EEP,-1,-1,-1,-1,-1,-1,-1,-1,-0.27,-6.7,-6.7,-6.7,-6.7,-0.27,-5.31,0,0,-8.31,-8.43,5.08,8.45,37.81,57.1,5.08,8.58,32.51,36.14,26.03,25.88,-2.64,-6.42,-5.84,11.16,19.51,1.014755,71,,,,,,,-2.64,-3.74,0.22,17.11,9.14,1.017391,78
21-10-2025,NSE:ASKAUTOLTD,EQ,10192.27,297739,3.74,3.75,5,510.15,3.58,7.88,-0.74,-6.06,-1.28,-2.22,13.58,9.79,16.34,41.24,-1,-1,-1,-1,-1,EEP,-1,-1,-1,-1,-1,-10.89,-10.89,-10.89,-10.89,-10.89,-10.89,-6,-5.14,-12.34,-8.49,-9.05,9.97,30.54,49.89,109.46,8.55,11.38,53.21,29.53,88.96,75.24,-2.43,-3.82,6.53,1.18,15.98,1.014701,71,,,,,,,-2.43,-1.38,9.93,-6.07,16.28,1.012991,75
21-10-2025,NSE:EQUAL50ADD,EQ,621.75,152235,1.31,1.34,0,343.05,0.13,2.6,2.88,4.52,1.97,4.82,9.4,12.87,3.47,NA,-1,-1,-1,-1,-1,-1,-1,-1,-1,-1,-1,0,0,0,0,NA,0,-0.26,-1.47,-10.02,-13.46,NA,7.96,11.73,20.64,NA,4.73,5.83,14.83,9.29,6.75,NA,0.82,3.22,2.35,4.26,3.11,1.014639,71,,,,,,,0.82,2.44,-0.71,2.15,-1.77,1.004405,66
21-10-2025,NSE:MRPL,EQ,22739.97,4221921,4.16,4.16,1,150.46,-0.71,6.28,0.78,10.87,13.72,7.52,4.91,7.9,-12.96,-22.92,-1,-1,EEP,HV2Q,EEP,EEP,-1,-1,-1,-1,-1,-0.71,-3.48,-3.48,-10.85,-47.41,-0.71,-16.73,-7.77,-37.56,-51.57,-40.59,23.68,23.68,48.38,48.38,18.11,6.71,37.23,41.09,3.32,0.05,12.57,5.92,-2.14,-0.71,-13.32,1.014565,71,,,,,,,12.57,-7.66,-8.35,1.47,-13.63,0.995656,55
21-10-2025,NSE:MONTECARLO,EQ,1392.16,55327,4.02,3.97,1,702.4,0.33,6.76,6.11,4.49,4.51,13.94,16.7,3.91,-22.58,5.91,-1,HV2Y,-1,-1,-1,HV2Y,-1,-1,-1,-1,-1,0,0,0,-26.23,-26.23,0,0,-15.14,-38.55,-29.12,-1.1,28.74,29.45,33.85,33.85,8.92,22.94,15.2,11.5,15.33,47.12,3.36,12.34,9.65,-4.7,-22.94,1.014526,71,,,,,,,3.36,9.42,-2.32,-17.04,-18.55,0.992222,51
21-10-2025,NSE:MANCREDIT,EQ,367.8,47129,2.93,2.92,3,180.87,-0.23,2.62,0.29,-1.02,-3.89,-6.93,8.56,13.68,24.34,NA,-1,-1,-1,HVQ,HVQ,HVQ,-1,-1,-1,-1,-1,-5.48,-6.73,-14.24,-14.24,NA,-5.48,-6.59,-8.29,-5.5,-8.02,NA,3.1,15.32,35.01,NA,2.69,7.11,24.21,23.45,16.53,NA,-5.04,-8.53,1.51,5.07,23.98,1.014498,71,,,,,,,-5.04,-3.39,8.96,3.92,21.36,1.019853,79
21-10-2025,NSE:CESC,EQ,22700.39,2738348,2.92,2.98,0,180.52,0.78,7.25,9.88,10.43,6.13,0.94,11.73,16.47,-7.09,32.28,-1,-1,-1,-1,EEP,EEP,-1,-1,-1,-1,-1,0,0,-0.73,-9.59,-13.38,0,-6.81,-1.67,-23.54,-27.65,-7.24,18.61,18.61,47.75,60.53,11.65,11.35,46.36,30.42,34.09,71.92,4.98,-0.66,4.68,7.86,-7.45,1.014366,71,,,,,,,4.98,-5.98,5.36,3.7,-19.19,0.998339,58
21-10-2025,NSE:GODIGIT,EQ,32223.55,643343,3.26,3.26,6,353.9,0.01,-1.62,1.67,3.49,1.3,-0.1,15.36,17.52,-4.04,NA,-1,-1,-1,EEP,EEP,-1,-1,-1,-1,-1,-1,-2.48,-4.96,-4.96,-4.96,NA,-2.48,-6.19,-2.09,-24.81,-26.73,NA,4.52,24.13,27.07,NA,4.52,5.53,27.09,7.56,4.81,NA,0.15,-1.7,8.31,8.91,-4.4,1.014176,71,,,,,,,0.15,-1.88,9.91,0.87,-17.12,1.000187,61
21-10-2025,NSE:DENTA,EQ,1222.86,1321254,5.19,5.09,6,422.6,0.49,-1.42,-9.88,-5.68,-10.36,12.75,23.26,NA,NA,NA,-1,-1,HV2Y,EEP,EEP,-1,-1,-1,-1,-1,-1,-9.63,-9.63,-9.63,NA,NA,-9.63,0,0,NA,NA,NA,38.01,53.92,NA,NA,2.68,63.62,36.58,NA,NA,NA,-11.51,11.15,16.21,0,0,1.014163,71,,,,,,,-11.51,20.49,6.51,98.32,9.02,1.030847,84
21-10-2025,NSE:JLHL,EQ,9510.35,31277,3.34,3.28,0,1560.3,-0.61,2.06,2.53,4.29,6.59,5.62,3.76,0.57,14.63,22.97,-1,-1,-1,-1,-1,-1,-1,-1,-1,-1,-1,-0.61,-0.61,-0.61,-8.14,-8.14,-0.61,-4.78,-13.3,-11.59,-2.99,-12.68,12.56,12.56,18.33,39.96,5.57,5.14,5.93,17.61,45.82,25.2,5.44,4.02,-3.29,-8.04,14.27,1.014141,71,,,,,,,5.44,-1.5,-7.51,-4.99,23.16,1.012917,74
21-10-2025,NSE:IOLCP,EQ,3501.78,5079321,3.62,3.59,6,95.15,0.38,-1.01,-6.62,-6.43,-26.04,-2.92,29.2,17.73,9.01,14.89,-1,-1,EEP,EEP,HVQ,EEP,-1,-1,-1,-1,-1,-18.49,-20.66,-20.66,-20.66,-20.66,-18.49,0,0,-34.75,-24.18,-16.15,5.52,52.97,60.32,60.32,0.38,35.44,65,13.51,15.53,27.77,-27.19,-4.52,22.15,9.12,8.65,1.014092,71,,,,,,,-27.19,17.88,25.68,-17.87,-1.58,1.02007,79
21-10-2025,NSE:BPCL,EQ,143233.36,6290500,2.18,2.2,3,339.05,0.40,1.95,-0.84,0.28,2.8,-1.05,9.72,21.28,-3.45,12.93,-1,-1,-1,-1,-1,EEP,-1,-1,-1,-1,-1,-1.75,-1.75,-4.65,-4.65,-8.35,-1.75,-7.33,-3.66,-17.26,-27.86,-5.19,10.01,14.66,42.88,42.88,4.53,6.93,44.37,28.99,6.26,39.64,1.65,-2.65,2.67,12.67,-3.81,1.013988,71,,,,,,,1.65,-4.42,5.12,11.13,-22.4,1.001752,63
21-10-2025,NSE:IDBI,EQ,100922.05,7506308,2.28,2.3,6,94.3,0.21,2.71,2.13,5.25,0.57,-3.06,9.45,15.56,12.22,13.2,-1,-1,HVQ,HVQ,EEP,EEP,-1,-1,-1,-1,-1,0,-3.36,-10.06,-10.06,-10.06,0,-10.58,-7.31,-18.07,-23.59,-20.57,10.07,23.59,42.36,42.36,5.54,9.44,44.01,28.91,20.21,7.93,-0.58,-4.66,2.4,6.95,11.86,1.013803,71,,,,,,,-0.58,-4.12,6.61,5.07,5.06,1.009411,71
21-10-2025,NSE:CIGNITITEC,EQ,4659.45,59156,2.95,2.94,4,1655.6,-0.17,2.34,3.47,11.23,-2.49,-6.57,22.43,4.08,15.99,37.67,-1,-1,-1,EEP,EEP,EEP,-1,-1,-1,-1,-1,-1.37,-5,-9.41,-14.79,-14.79,-1.37,-7.16,-3.46,-33.9,-18.27,-0.24,13.26,24.56,42.78,67.1,13.26,12.79,52.16,10.76,60.28,40.39,-3.64,-8.17,15.38,-4.53,15.63,1.013661,71,,,,,,,-3.64,-4.44,21.68,-25.33,21.43,1.016295,77
21-10-2025,NSE:FLAIR,EQ,3388.46,108846,3.04,3.01,6,312.05,1.78,0.61,0.05,3.33,-2.77,-4.9,17.88,16.73,6.31,5.93,-1,-1,EEP,HV2Y,-1,-1,-1,-1,-1,-1,-1,-1.96,-11.56,-11.56,-11.56,-11.56,-1.96,-9.11,0,-23.67,-22.59,-12.5,5.33,26.18,58.13,58.13,5.33,29.68,65.88,29.85,3.59,16.54,-3.92,-6.5,10.83,8.12,5.95,1.013592,71,,,,,,,-3.92,-2.53,16.19,-3.09,-3.49,1.006362,68
21-10-2025,NSE:RVHL,EQ,367.65,58781,5.66,5.67,3,57.99,2.97,-2.14,0.38,7.12,-3.14,23.56,14.52,-23.62,-0.55,14.9,-1,-1,HV2Q,-1,HVQ,HVQ,-1,-1,-1,-1,-1,-4.1,-8.56,-8.56,-27.77,-27.77,-4.1,-5.69,-37.98,-38.25,-10.7,-13.27,48.92,48.92,48.92,48.92,7.67,53.6,8.04,17.94,84.06,49.7,-4.29,21.96,7.47,-32.23,-0.91,1.013561,70,,,,,,,-4.29,25.42,-17.35,-46.3,27.68,1.018322,78
21-10-2025,NSE:SWELECTES,EQ,1385.51,135173,4.57,4.5,1,826.65,-1.70,-7.48,-9.31,-8.37,-10,21.8,31.89,-14.55,-38.7,-11.2,-1,-1,HVQ,HVQ,HV2Q,HV2Y,-1,-1,-1,11,-1,-11.52,-11.52,-11.52,-32.23,-43.45,-11.52,0,-31.98,-57.01,-35.22,-21.56,32.97,55.17,75.55,75.55,0,60.59,37.27,19.57,33.28,61.39,-11.15,20.2,24.84,-23.16,-39.06,1.01353,70,,,,,,,-11.15,28.46,7.36,-69.85,-12.07,1.001456,62
21-10-2025,NSE:ASIANTILES,BE,1469.16,296285,3.42,3.42,3,64.47,1.93,11.43,10.33,10.47,2.36,5.65,27.86,0.98,-20.6,0.34,-1,-1,-1,HV2Q,HVQ,HV2Y,-1,-1,-1,-1,-1,0,0,-6.06,-17.25,-31.63,0,-4.19,-11.37,-50.68,-32.3,-17.55,14.25,53.46,55.31,55.31,12.91,11.55,46.54,12.05,23.72,50.68,1.21,4.05,20.81,-7.63,-20.96,1.013459,70,,,,,,,1.21,2.91,18.01,-38.94,-12.77,0.994716,53
21-10-2025,NSE:DALBHARAT,EQ,45383.27,420367,2.09,2.06,4,2185.4,-0.48,-1.26,-2.65,-2.01,-10.27,-3.51,12.9,20.35,14.56,6.1,-1,-1,-1,-1,-1,-1,-1,-1,-1,-1,-1,-8.12,-11.74,-11.74,-11.74,-11.74,-8.12,-2.68,0,-3.21,-23.67,-18.12,0,15.67,35.98,35.98,0,16.32,40.76,18.44,3.22,10.15,-11.42,-5.11,5.85,11.74,14.2,1.013327,70,,,,,,,-11.42,5.67,10.33,6.88,1.75,1.013632,75
21-10-2025,NSE:KIRIINDUS,EQ,3673.38,266457,3.03,3.03,6,584.15,0.95,4.28,-0.66,5.02,-4.18,0.48,-4.46,1.76,34,35.18,-1,-1,-1,-1,HV2Y,HV2Y,-1,-1,-1,-1,-1,-2.77,-6.25,-19.6,-19.6,-19.6,-2.77,-2.34,-19.98,-9.83,-15.21,-9.6,12.67,12.67,61.97,99.33,5.33,17.38,12.96,92.37,95.82,31.56,-5.33,-1.12,-11.51,-6.85,33.64,1.013182,70,,,,,,,-5.33,4.01,-10.49,4.28,41.83,1.036342,87
21-10-2025,NSE:REPRO,EQ,649.28,30048,5.25,5.32,0,548.35,6.04,1.22,6.48,22.17,16.58,-2.88,14.03,1.55,-7.08,-41.54,HVQ,HVQ,-1,HV2Y,HVQ,HV2Y,-1,-1,-1,-1,-1,0,-0.25,-5.8,-12.98,-38.71,0,-20.82,-3.08,-32.42,-39.66,-34.37,28.51,28.51,37.71,37.71,28.51,4.35,41.68,18.38,9.12,4.55,15.43,-4.48,6.98,-7.06,-7.44,1.013167,70,,,,,,,15.43,-23.78,10.91,-16.2,0.26,0.998838,59
21-10-2025,NSE:HAPPYFORGE,EQ,9113.09,34375,2.82,2.82,0,1014.2,4.10,11.1,6.29,5.57,4.88,6.35,20.19,2.16,-10.22,2.04,-1,-1,-1,-1,-1,-1,-1,-1,-1,-1,-1,0,0,0,-11.8,-20.63,0,-1.73,-10.47,-36.23,-22.35,-12.52,15.51,31.73,34.13,34.13,12.49,9.88,25.61,7.05,21.72,37.12,3.73,4.75,13.14,-6.45,-10.58,1.013118,70,,,,,,,3.73,1.09,9.25,-24.27,-3.63,0.996566,56
21-10-2025,NSE:MINDACORP,EQ,13125.46,1016555,3.68,3.82,5,576.95,-0.08,2.21,-3.02,1.4,4.8,10.02,10.39,-2.4,4.5,30.82,-1,HV2Y,-1,-1,HV2Y,HV2Y,-1,-1,-1,-1,-1,-2.93,-2.93,-2.93,-2.93,-8.75,-2.93,0,-12.24,-18.24,-6.56,-12.86,25.75,25.75,25.75,52.57,8.29,19.71,10.88,10.92,56.23,45.71,3.65,8.42,3.34,-11.01,4.14,1.012976,70,,,,,,,3.65,5.02,-5.12,-15.95,15.76,1.005947,68
21-10-2025,NSE:GRASIM,EQ,196288.33,545793,1.74,1.74,4,2870.7,0.59,3.31,2.18,4.31,-0.25,4.49,4.23,18.11,3.71,25.2,-1,-1,-1,-1,-1,-1,-1,-1,-1,-1,-1,0,-0.36,-0.44,-0.44,-0.44,0,-0.19,-4.9,-3.3,-17.34,-2.8,6.65,13.73,25.46,39.07,4.51,6.92,18.87,20.16,14.26,34.36,-1.4,2.89,-2.82,9.5,3.35,1.012799,70,,,,,,,-1.4,4.27,-5.8,12.82,-8.57,1.006815,69
21-10-2025,NSE:VMART,EQ,5844.88,359096,3.54,3.75,1,871.45,0.83,-0.23,5.9,18.87,15.3,10.95,4.72,5.43,-26.55,40.45,-1,HV2Y,-1,HVQ,EEP,EEP,-1,-1,-1,-1,-1,-1.12,-1.12,-5.76,-22.22,-22.22,-1.12,-20.07,-16.08,-25.89,-26.45,-1.3,23.25,23.25,25.39,85.22,23.25,1.22,11.65,19.47,75.15,134.39,14.15,9.35,-2.33,-3.18,-26.91,1.012719,70,,,,,,,14.15,-5.59,-12.53,-0.93,-24.8,0.990043,48
21-10-2025,NSE:DIVISLAB,EQ,164590.52,451085,2.26,2.35,1,6587,-0.26,0.39,7.33,13.5,5.88,-1.53,10.26,10.19,7.03,43.22,-1,-1,-1,-1,-1,-1,-1,1,-1,-1,-1,-0.52,-1.34,-5.68,-5.68,-5.68,-0.52,-11.22,-4.23,-5.51,-5.44,-1.47,15.77,15.77,25.25,95.58,15.77,4.83,27.17,30.79,75.66,81.83,4.73,-3.13,3.21,1.58,6.67,1.012646,70,,,,,,,4.73,-8.33,6.08,-1.76,5.51,1.005111,67
21-10-2025,NSE:ARISINFRA,EQ,1293.45,841668,4.41,4.38,0,175.58,1.83,7.16,10.58,12.61,9.15,13.09,NA,NA,NA,NA,-1,-1,-1,-1,-1,-1,-1,-1,-1,-1,-1,0,0,NA,NA,NA,0,-9.95,NA,NA,NA,NA,28.1,NA,NA,NA,17.6,16.38,NA,NA,NA,NA,8,11.49,0,0,0,1.012553,70,,,,,,,8,3.88,94.47,-1.68,9.02,1.015782,77
21-10-2025,NSE:PFIZER,EQ,23418.26,43373,2.54,2.6,1,5351.5,0.51,-0.72,2.4,8.33,4.56,0.32,20.5,7.32,-6.31,18.51,-1,-1,-1,EEP,-1,-1,-1,-1,-1,-1,-1,-3.22,-7.2,-9.13,-9.13,-15.3,-3.22,-12.71,-9.42,-32.66,-21.5,-9.96,9.09,26.11,36.74,36.74,9.09,2.29,36.3,8.71,20.74,38.49,3.41,-1.28,13.45,-1.29,-6.67,1.01253,70,,,,,,,3.41,-4.9,14.72,-18.26,-5.68,0.998372,58
21-10-2025,NSE:VIPIND,EQ,6393.44,349900,2.89,2.88,3,439.35,1.50,4.04,2.17,4.84,-2.41,-4.7,33.86,7.4,-19.27,-20.46,-1,-1,-1,HVY,EEP,EEP,-1,-1,-1,-1,-1,-1.94,-5.31,-9.03,-15.54,-24.22,-1.94,-6.83,-4.75,-49.87,-29.82,-9.62,8.24,49.13,68.98,68.98,7.3,10.85,76.92,11.77,1.06,21.27,-3.56,-6.3,26.81,-1.21,-19.63,1.012248,70,,,,,,,-3.56,-2.69,31.3,-41.68,-19.77,1.001118,62
21-10-2025,NSE:MAKEINDIA,EQ,217.56,31820,1.23,1.25,5,154.32,0.27,2.04,1.15,2.91,-0.34,5.03,12.52,12.28,-0.03,25.41,-1,-1,-1,-1,-1,-1,-1,-1,-1,-1,-1,0,-0.34,-0.34,-0.34,-3.16,0,0,-0.95,-15.28,-15.05,-3.13,8.77,15.3,25.72,33.98,3.22,9.14,19.39,9.98,20.48,37.39,-1.49,3.43,5.47,3.67,-0.39,1.012091,70,,,,,,,-1.49,4.9,2.35,-1.95,-5.02,1.002221,63
21-10-2025,NSE:GHCL,EQ,5658.65,122487,2.95,2.95,2,656.55,1.16,4.56,6.98,11.22,10.78,7.95,4.6,-3.5,4.46,23.24,-1,-1,-1,-1,EEP,EEP,-1,-1,-1,-1,-1,0,0,0,-13.44,-13.44,0,-7.37,-17.33,-17.42,-10.41,-11.9,20.82,20.82,20.84,49.76,12.75,7.8,6.25,19.1,55.01,43.08,9.63,6.35,-2.45,-12.11,4.1,1.011804,70,,,,,,,9.63,-3.63,-9.17,-10.17,16.72,1.005136,67
21-10-2025,NSE:BASILIC,SM,1024.5,57192,3.75,3.84,5,383.1,3.03,3.35,3.37,1.96,-6.08,-14.08,31.02,18.59,-9.01,-13.26,-1,-1,-1,HVQ,HV2Q,HV2Y,-1,-1,-1,-1,-1,-6.6,-22.35,-22.35,-22.35,-40.07,-6.6,-17.62,-8.08,-58.66,-51.21,-34.67,7.18,38.08,63.26,63.26,7.18,1.57,86.26,12.61,9.17,37.01,-7.23,-15.68,23.97,9.98,-9.37,1.011688,70,,,,,,,-7.23,-8,34.01,-19.71,-24.87,1.006478,68
21-10-2025,NSE:PRIMESECU,EQ,881.51,61325,4.81,4.68,0,287.95,4.94,0.73,-0.45,7.36,9.46,-0.12,11.97,12.73,-10.54,40.18,-1,-1,-1,-1,HV2Y,HV2Y,-1,-1,-1,-1,-1,-6.93,-6.93,-7.9,-16.48,-16.48,-6.93,-16.62,-7.79,-26.48,-27.11,0,16.77,26.88,43.15,74.25,12.94,5.72,43.33,26.01,52.07,92.62,8.31,-1.72,4.92,4.12,-10.9,1.01158,70,,,,,,,8.31,-11.05,6.55,-0.82,-17.64,0.995661,55
21-10-2025,NSE:MIRZAINT,EQ,589.85,462751,4.84,4.82,6,38.87,-0.79,1.36,1.18,-3.68,-9.44,16.13,17.16,7.05,-11.55,-29.28,-1,-1,HVQ,HVY,HVY,HVQ,-1,-1,-1,-1,-1,-5.75,-8.63,-8.63,-9.69,-25.61,-5.75,0,-22.84,-32.02,-39.28,-27.13,21.62,37.59,44.71,44.71,5.83,38.16,21.37,19.88,4.3,6.01,-10.59,14.53,10.11,-1.56,-11.91,1.011409,70,,,,,,,-10.59,22.91,-4.3,-13.88,-10.99,1.003942,66
21-10-2025,NSE:STAR,EQ,8065.11,261971,3.24,3.23,4,810.5,-0.46,1.84,-2.63,-0.6,-7.46,-9.69,19.62,22.84,3.41,55.28,-1,-1,-1,EEP,EEP,HV2Y,-1,-1,-1,-1,-1,-5.34,-15.09,-15.09,-15.09,-15.09,-5.34,-8.75,-3.14,-17.4,-20.71,0,1.88,27.69,42.04,124.27,1.88,9.18,55.8,45.16,88.04,135.38,-8.61,-11.29,12.57,14.23,3.05,1.011338,70,,,,,,,-8.61,-2.53,21.19,2.33,-16.16,1.006793,69
21-10-2025,NSE:OMAXAUTO,BE,316.32,33648,4.68,4.56,5,123.39,-1.38,0.37,-4.82,-13.46,-20.93,11.01,26.34,8.61,-4.55,8.87,-1,-1,HV2Y,HV2Y,HV2Q,HV2Q,-1,-1,-1,-1,-1,-18.54,-23.76,-23.76,-23.76,-23.76,-18.54,-7.81,-4.37,-43.4,-30.03,-19.96,14.9,50.6,54.76,54.76,0.37,74.99,37.73,14,27.63,46.01,-22.08,9.41,19.29,0,-4.91,1.011263,69,,,,,,,-22.08,25.95,11.7,-25.74,-5.38,1.012549,74
21-10-2025,NSE:SHREDIGCEM,EQ,1328.61,959210,1.82,1.81,4,90.15,0.08,0.97,0.7,0.85,0.32,4.69,13.46,12.69,-3.89,-22.57,-1,-1,HV2Q,HV2Q,-1,HV2Y,-1,-1,-1,-1,-1,-1.63,-13.38,-13.38,-13.38,-23.24,-1.63,-13.66,-0.69,-31.65,-32.98,-20.26,11.31,20.41,40.49,40.49,1.04,19.99,33.89,21.58,2.37,3.77,-0.83,3.09,6.41,4.08,-4.25,1.011228,69,,,,,,,-0.83,3.92,3.66,-2.56,-9.97,0.999816,60
21-10-2025,NSE:EMCURE,EQ,25507.82,100050,3.29,3.31,0,1393,1.23,3.88,-1.46,8.7,3.63,2.52,23.17,0.42,-6.68,NA,-1,HVQ,-1,HVQ,HVQ,-1,-1,-1,-1,-1,-1,-2.95,-7.41,-7.41,-7.41,NA,-2.95,-10.77,-3.24,-29.9,-9.14,NA,9.53,38.25,53.82,NA,9.53,8,49.94,18.18,12.16,NA,2.48,0.92,16.12,-8.19,-7.04,1.011161,69,,,,,,,2.48,-1.61,15.66,-31.29,1.88,0.99938,60
21-10-2025,NSE:IOC,EQ,209968.69,8885509,1.85,1.85,2,154.13,0.18,0.86,-0.16,3.13,3.65,1.99,10.26,17.54,-9.25,-13.8,-1,-1,-1,-1,-1,EEP,-1,-1,-1,-1,-1,-0.73,-0.73,-0.73,-6.79,-18.81,-0.73,-3.46,-1.79,-24.4,-33.94,-12.48,12.82,14.47,35.81,35.81,6.27,8.7,33.11,21.87,4.19,14.59,2.5,0.39,3.21,8.93,-9.61,1.010706,69,,,,,,,2.5,-2.19,2.92,6.42,-23.47,0.997577,57
21-10-2025,NSE:MARINE,EQ,3048.57,385652,4.74,4.81,1,229.76,2.13,11.17,6.22,6.65,3.91,14.71,8.74,-6.26,-0.47,53.47,-1,-1,-1,HVQ,HV2Y,HV2Y,-1,-1,-1,-1,-1,0,0,-4.68,-29.87,-29.87,0,0,-18.7,-35.99,-25.47,-23.52,38.57,38.57,58.65,167.32,12.82,33.15,35.31,44.79,184.06,168.57,2.76,13.11,1.69,-14.87,-0.83,1.010688,69,,,,,,,2.76,10.78,-12.54,-18.11,14.47,1.004708,67
21-10-2025,NSE:VISHNU,EQ,3363.74,106433,3.33,3.31,5,484.9,2.55,2.97,1.59,6.16,-2.65,-4,12.02,18.54,6.98,35.52,-1,-1,EEP,HVQ,-1,EEP,-1,-1,-1,-1,-1,-3.52,-14.85,-14.89,-14.89,-14.89,-3.52,-12.59,-11.48,-22.83,-28.55,-4.9,7.11,14.15,33.14,93.3,7.11,4.61,34.23,17.13,57.46,79.81,-3.8,-5.6,4.97,9.93,6.62,1.010637,69,,,,,,,-3.8,-1.78,9.88,5.73,-5.17,1.00631,68
21-10-2025,NSE:INTERARCH,EQ,3538.86,37963,3.4,3.57,3,2022.2,1.26,8.03,1.74,5.4,-3.91,-14.34,12.91,15.93,20.94,NA,-1,-1,-1,HV2Q,HVQ,HVQ,-1,-1,-1,-1,-1,-3,-15.11,-15.11,-15.11,NA,-3,-11.79,-0.58,-5.57,-8.85,NA,8.73,27.09,46.72,NA,8.73,3.08,67.76,55.34,49.94,NA,-5.06,-15.94,5.86,7.32,20.58,1.010216,69,,,,,,,-5.06,-10.49,18.3,1.79,14.98,1.016688,77
21-10-2025,NSE:AFFLE,EQ,30139.2,275229,2.82,2.8,6,1880.9,-0.29,-2.01,-0.32,-4.01,-14.05,-1.21,15.82,14.81,15.88,40.67,-1,-1,HV2Q,-1,HV2Y,EEP,-1,-1,-1,-1,-1,-12.38,-12.38,-12.38,-12.38,-12.38,-12.38,-0.02,-6.9,-14.53,-13.5,-6.98,4.4,24.36,34.33,85.57,0,19.07,35.95,15.4,58.09,56.1,-15.2,-2.81,8.77,6.2,15.52,1.010094,69,,,,,,,-15.2,10.8,11.3,-2.89,10.28,1.015596,77
21-10-2025,NSE:SIYSIL,EQ,3107.85,67277,3.24,3.3,3,750.7,0.50,4.88,0.29,13.99,9.2,3.62,2.4,-30.01,28.16,32.8,-1,-1,-1,EEP,EEP,EEP,-1,-1,-1,-1,-1,0,0,-4.14,-33.83,-33.83,0,-8.21,-27,-35.42,-13.97,-1.5,31.77,31.77,49.53,78.27,16.27,19.65,20.71,55.95,131.77,28.07,8.05,2.02,-4.65,-38.62,27.8,1.009894,69,,,,,,,8.05,-6.61,-6.79,-34.9,53.76,1.040711,88
21-10-2025,NSE:HINDZINC,EQ,191575.96,4904302,3.16,3.2,1,483.85,-0.52,-4.51,-1.25,3.66,6.37,8.1,7.87,5.88,-5.49,36.28,-1,-1,-1,-1,-1,EEP,-1,-1,-1,-1,-1,-5.72,-5.72,-9.4,-13.66,-37.35,-5.72,-2.14,-16.74,-31.61,-41.03,-33.91,16.48,18.49,24.88,67.19,7.74,9.06,14.76,15.05,57.36,76.36,5.22,6.5,0.82,-2.73,-5.85,1.00975,69,,,,,,,5.22,1.39,-5.78,-3.84,-3.06,0.99827,58
21-10-2025,NSE:SANATHAN,EQ,4380.15,67222,2.51,2.46,5,492.55,-0.69,-1.52,-1.36,-0.66,-4.05,-11.03,13.48,26.88,NA,NA,-1,-1,-1,HVQ,HVQ,-1,-1,-1,-1,-1,44,-4.62,-9.3,-11.1,NA,NA,-4.62,-7.5,-1.29,-3.38,NA,NA,7.46,20.58,NA,NA,0,18.9,81.88,41.72,NA,NA,-5.2,-12.63,6.43,18.27,0,1.009701,69,,,,,,,-5.2,-7.17,16.55,13.81,109.02,1.025596,83
21-10-2025,NSE:GREENLAM,EQ,6608.33,191790,3.9,3.83,3,266.76,1.78,2.86,7.01,12.2,1.51,8.06,16.67,-2.11,-0.27,2.01,-1,-1,-1,EEP,HV2Q,EEP,-1,-1,-1,-1,-1,0,0,-3.42,-11.54,-14.86,0,-0.37,-17.14,-26.29,-13.06,-14.63,22.95,30.1,30.1,30.1,13.9,21.09,19.61,3.97,20.48,18.3,0.36,6.46,9.62,-10.72,-0.63,1.009574,69,,,,,,,0.36,6.19,3.84,-24.23,10.83,1.002702,64
21-10-2025,NSE:XTGLOBAL,EQ,560.96,158388,6.17,6.04,5,40.64,1.37,7.43,1.45,1.92,-1.62,19.49,11.64,-5.04,-10.78,NA,-1,-1,HV2Q,-1,HV2Y,HV2Y,-1,-1,-1,-1,-1,-8.9,-8.9,-8.9,-17.95,NA,-8.9,-3.82,-23.85,-29.23,-15.87,NA,30.3,30.3,33.29,NA,8.55,32.41,7.31,17.78,9.83,NA,-2.77,17.89,4.59,-13.65,-11.14,1.009479,69,,,,,,,-2.77,20.31,-15.28,-20.56,3.56,1.002781,64
21-10-2025,NSE:INFRAIETF,EQ,355.95,121549,1.26,1.34,0,97.02,0.02,3.49,3.15,4.15,2.2,2.63,8.21,12.34,2.55,17.03,-1,-1,-1,-1,-1,-1,-1,-1,-1,-1,-1,0,0,0,0,-1.89,0,-2.11,-2.55,-9.95,-14,-4.39,6.64,10.56,23.14,23.14,5.64,4.3,19.9,13.02,6.19,18.05,1.05,1.03,1.16,3.73,2.19,1.009478,69,,,,,,,1.05,-0.02,0.21,2.81,-2.15,1.002819,64
21-10-2025,NSE:NIFTYETF,EQ,4614.91,203888,1.18,1.21,3,278.92,0.31,2.85,2.92,4.82,2.23,3.24,7.48,10.75,4.54,18.06,-1,-1,-1,-1,-1,-1,-1,-1,-1,-1,-1,0,0,0,0,-0.14,0,-0.87,-1.9,-7.6,-10.87,-4.67,6.31,8.76,18.11,21.48,5.06,3.94,14.27,9.27,9.42,17.03,1.08,1.64,0.43,2.14,4.18,1.009408,69,,,,,,,1.08,0.58,-1.15,1.85,2.07,1.004044,66
21-10-2025,NSE:NIFTYIETF,EQ,32986.23,532657,1.74,1.74,3,290.53,0.11,2.72,2.93,4.58,2.05,3.29,7.51,10.7,4.65,18.11,-1,-1,-1,-1,-1,-1,-1,-1,-1,-1,-1,0,0,0,0,-0.18,0,-0.67,-1.94,-7.68,-10.87,-4.82,6.08,8.7,17.94,21.41,5.13,3.91,14.06,9.08,9.55,16.98,0.9,1.69,0.46,2.09,4.29,1.00932,69,,,,,,,0.9,0.81,-1.17,1.77,2.24,1.004127,66
21-10-2025,NSE:CGCL,EQ,18559.56,2018133,2.53,2.52,4,193.49,0.17,3.98,2.63,3.24,1.46,5.97,13,6.89,-1.68,-16.27,-1,-1,-1,EEP,EEP,EEP,-1,-1,-1,-1,-1,-0.19,-0.19,-0.19,-9.25,-33.11,-0.19,-0.14,-9.31,-25.37,-37.71,-31.98,10.34,28.09,28.09,28.09,4.49,15.36,20.44,10.8,3.17,0.75,0.31,4.37,5.95,-1.72,-2.04,1.009308,69,,,,,,,0.31,4.12,1.95,-8.71,-0.18,1.000415,61
21-10-2025,NSE:SETFNIF50,EQ,72908.52,517333,1.69,1.67,6,276,0.13,2.68,2.9,4.57,2.02,3.35,7.45,10.69,4.68,17.97,-1,-1,-1,-1,-1,-1,-1,-1,-1,-1,-1,0,0,0,0,-0.04,0,-0.72,-2.06,-7.49,-10.73,-4.72,6.16,8.88,17.92,21.3,5.08,4.02,13.97,9.13,9.53,16.9,0.87,1.75,0.4,2.08,4.32,1.009304,69,,,,,,,0.87,0.89,-1.29,1.82,2.29,1.004165,66
21-10-2025,NSE:VEDL,EQ,178215.94,9653894,2.43,2.45,1,475.65,0.37,-0.93,0.8,4.92,4.22,4.58,13.16,5.42,-2.32,43.62,-1,-1,-1,-1,-1,-1,-1,-1,-1,-1,-1,-1.77,-1.77,-1.77,-8.88,-8.88,-1.77,-2.95,-3.92,-20.87,-13.82,-5.71,13.08,16.84,28.36,88.82,6.18,8.31,22.48,11.47,78.58,93.21,3.07,2.98,6.11,-3.19,-2.68,1.009278,69,,,,,,,3.07,-0.08,3.46,-10.59,0.83,0.99935,59
21-10-2025,NSE:NIFTY1,EQ,3233.68,138745,1.09,1.09,3,284.25,0.26,2.9,2.88,4.6,2.14,3.29,7.55,10.62,4.49,NA,-1,-1,-1,-1,-1,-1,-1,-1,-1,-1,-1,0,0,0,0,NA,0,-0.74,-1.91,-7.62,-10.69,NA,6.24,8.6,17.87,NA,4.92,3.97,13.99,8.97,8.08,NA,0.99,1.69,0.5,2.01,4.13,1.00924,68,,,,,,,0.99,0.72,-1.12,1.65,2.16,1.003991,66
21-10-2025,NSE:NIFTYBEES,EQ,51825.1,4531211,1.21,1.2,4,291.87,0.00,2.8,2.9,4.57,2.05,3.29,7.48,10.67,4.58,18,-1,-1,-1,-1,-1,-1,-1,-1,-1,-1,-1,0,0,0,0,-0.03,0,-0.72,-1.98,-7.51,-10.7,-4.61,6.08,8.71,17.93,21.31,5.17,3.91,14.05,9.12,9.49,16.95,0.9,1.69,0.43,2.06,4.22,1.009189,68,,,,,,,0.9,0.81,-1.2,1.77,2.2,1.00407,66
21-10-2025,NSE:TINNARUBR,EQ,1509.72,47653,4.19,4.3,2,1001.3,1.78,2.32,-5.06,4.03,17.05,5.51,-6.05,NA,NA,NA,-1,HV2Y,HV2Y,HV2Y,-1,-1,-1,-1,-1,-1,-1,-4.81,-4.81,-4.95,NA,NA,-4.81,-18.38,-10.9,NA,NA,NA,24.9,24.9,NA,NA,8.96,3.61,3.95,NA,NA,NA,15.9,3.91,-13.1,0,0,1.009184,68,,,,,,,15.9,-14.37,-17.76,98.32,9.02,0.998452,58
21-10-2025,NSE:HDFCNIFTY,EQ,4476.34,90130,1.11,1.11,0,288.82,0.03,2.7,2.83,4.59,2,3.24,7.42,10.77,4.46,18.01,-1,-1,-1,-1,-1,-1,-1,-1,-1,-1,-1,0,0,0,0,-0.15,0,-0.62,-1.87,-7.56,-10.9,-4.6,6.17,8.76,17.93,21.27,5.13,4.04,14.11,9.17,9.27,17,0.85,1.64,0.37,2.16,4.1,1.009021,68,,,,,,,0.85,0.8,-1.21,1.93,1.95,1.003984,66
21-10-2025,NSE:FMGOETZE,EQ,3068.11,59102,3.65,3.59,3,482.85,0.01,0.68,-3.71,-4.9,-14.26,-19.86,27.14,19.46,12.03,24.86,-1,-1,-1,HV2Y,-1,-1,-1,-1,-1,-1,-1,-12.72,-18.98,-18.98,-18.98,-18.98,-12.72,-7.43,-1.01,-25.96,-18.15,-10.61,2.78,46.7,52.51,53.16,2.78,10.27,82.8,11.12,23.36,34.73,-15.41,-21.46,20.09,10.85,11.67,1.008884,68,,,,,,,-15.41,-5.36,33.68,-12.23,-0.2,1.017843,78
21-10-2025,NSE:BSLNIFTY,EQ,3101.6,360168,2.18,2.15,0,30.01,0.07,2.7,2.9,4.57,1.93,3.23,7.43,10.66,4.43,18.03,-1,-1,-1,-1,-1,-1,-1,-1,-1,-1,-1,0,0,0,0,-0.17,0,-0.44,-1.76,-7.58,-10.81,-4.59,6.23,8.65,18.01,21.3,5.04,4.18,14.2,9.24,9.47,17.11,0.78,1.63,0.38,2.05,4.07,1.00879,68,,,,,,,0.78,0.87,-1.19,1.81,2.04,1.003936,66
21-10-2025,NSE:MANALIPETC,EQ,1176.47,715681,4.22,4.18,1,71.26,0.64,-3.16,10.41,9.92,4.15,-9.21,18.58,16.53,-6.6,-3.28,-1,-1,HV2Y,HV2Q,-1,HV2Y,-1,-1,-1,-1,-1,-4.5,-6.72,-10.08,-10.08,-30.01,-4.5,-13.82,-1.8,-43.02,-41.58,-25.4,12.08,37.38,38.1,38.1,11.62,7.42,50.81,12.44,6.35,35.16,3,-10.81,11.53,7.92,-6.96,1.008743,68,,,,,,,3,-14.4,19.91,-4.2,-18.69,0.999127,59
21-10-2025,NSE:INFIBEAM,EQ,4572.17,11780016,3.94,3.94,3,19.04,0.63,2.1,4.73,16.65,14.39,16.28,14.06,-14.39,-39.47,-44.51,-1,-1,-1,HV2Q,HVQ,HVQ,-1,-1,-1,-1,-1,-2.66,-2.66,-8.49,-27.15,-43.9,-2.66,-14.01,-26.97,-42.14,-35.82,-21.76,28.82,29.29,35.46,35.46,20.74,10.28,13.41,16.41,10.23,14.03,13.24,14.68,7.01,-23,-39.83,1.008616,68,,,,,,,13.24,1.75,-8.18,-34.79,-12.9,0.983923,40
21-10-2025,NSE:ADANIENSOL,EQ,105586.74,1930654,2.54,2.51,4,936.45,-0.06,0.29,1.86,6.91,6.33,6.92,0.73,15.37,-10.27,-14.2,-1,HV2Q,-1,-1,HV2Y,EEP,-1,-1,-1,-1,-1,-1.21,-1.21,-2.63,-12.99,-26.56,-1.21,-1.56,-9.36,-27.1,-37.85,-19.02,23.88,23.88,55.88,55.88,7.42,16.03,34.79,54.74,31.92,10.54,5.18,5.32,-6.32,6.76,-10.63,1.008506,68,,,,,,,5.18,0.17,-12.18,13.07,-21.28,0.999041,59
21-10-2025,NSE:EDELWEISS,EQ,11234.34,8860265,3.44,3.45,5,116.91,1.19,7.92,5.13,5.56,-1.81,1.42,25.48,2.31,-6.08,41.54,-1,-1,HVY,HV2Q,HV2Y,HV2Y,-1,-1,-1,-1,-1,-3.17,-3.17,-3.71,-15.67,-17.7,-3.17,-1.97,-5.08,-38.67,-19.6,-12.69,24.94,53.73,55.94,93.18,8.88,27.21,53.73,43.95,88.71,104.92,-2.96,-0.18,18.43,-6.3,-6.44,1.008475,68,,,,,,,-2.96,2.72,18.88,-32.78,0.43,1.000995,62
21-10-2025,NSE:GOKULAGRO,EQ,5974.03,928038,4.18,4.04,4,168.9,1.14,-3.85,-15.6,-16.1,-19.78,3.63,24.11,-3.69,19.67,67.26,-1,-1,-1,HVQ,HV2Y,HV2Y,-1,-1,-1,-1,-1,-18.53,-18.53,-18.53,-18.53,-18.53,-18.53,0,-4.38,-31.51,-6.43,-11.68,15.09,53.59,66.81,242.42,1.14,39.52,60.77,54.45,255.04,175.06,-20.93,2.03,17.06,-12.3,19.31,1.008338,68,,,,,,,-20.93,19.08,15.73,-38.31,31.55,1.029172,84
21-10-2025,NSE:UTISENSETF,EQ,51142.6,5062,1.19,1.23,0,930.51,0.51,3.29,3.12,5.09,2.57,3.28,6.7,9.89,4.68,17.96,-1,-1,-1,-1,-1,-1,-1,-1,-1,-1,-1,0,0,0,0,-0.17,0,-1.71,-2.42,-6.86,-10.05,-4.84,6,7.99,16.93,22.33,5.36,3.28,13.1,9.1,10.23,16.61,1.42,1.68,-0.35,1.28,4.32,1.008316,68,,,,,,,1.42,0.26,-1.99,1.74,3.23,1.003965,66
21-10-2025,NSE:UTINIFTETF,EQ,65332.2,93503,1.33,1.36,0,283.69,-0.13,2.35,2.69,4.47,1.96,3,7.32,10.5,4.43,17.88,-1,-1,-1,-1,-1,-1,-1,-1,-1,-1,-1,-0.13,-0.13,-0.13,-0.13,-0.19,-0.13,-0.69,-1.75,-7.5,-10.67,-4.62,6.04,8.45,17.8,21.12,4.99,3.96,14.27,9.17,9.52,16.94,0.81,1.4,0.27,1.89,4.07,1.00823,68,,,,,,,0.81,0.6,-1.07,1.74,2.25,1.003814,65
21-10-2025,NSE:AXISNIFTY,EQ,1027.65,10839,1.67,1.66,0,283.51,0.01,2.85,2.89,4.52,1.84,3.14,7.12,10.57,4.41,17.9,-1,-1,-1,-1,-1,-1,-1,-1,-1,-1,-1,0,0,0,0,-0.38,0,-0.44,-1.76,-7.47,-10.92,-4.78,6,8.41,17.88,21.58,4.93,4.05,14.18,9.49,9.61,17.16,0.69,1.54,0.07,1.96,4.05,1.008126,68,,,,,,,0.69,0.87,-1.43,2.04,2.13,1.003863,65
21-10-2025,NSE:COROMANDEL,EQ,67298.05,334308,2.68,2.65,6,2179,0.18,0.09,-5.02,-2.73,-3.79,-7.36,0.31,13.93,25.28,50.44,-1,-1,-1,-1,-1,EEP,-1,-1,-1,-1,-1,-7.3,-19.04,-19.04,-19.04,-19.04,-7.3,-15.97,-6.62,-1.17,-4.23,-8.61,1.51,1.51,39.1,109.62,1.51,3.49,45.14,38.69,80.41,56.62,-4.94,-8.96,-6.74,5.32,24.92,1.007913,68,,,,,,,-4.94,-3.9,1.61,11.98,22.21,1.020762,79
21-10-2025,NSE:INNOVANA,BE,1117.25,7116,4.61,4.56,3,506.7,1.34,4.26,1.19,3.87,-7.92,-16.98,32.84,11.37,NA,NA,-1,-1,HV2Y,HV2Y,HV2Y,HV2Y,-1,-1,-1,-1,-1,-3.31,-13.61,-17.07,NA,NA,-3.31,-10.5,-2.99,-31.23,NA,NA,9.06,59.21,NA,NA,9.06,12.96,115.66,23.81,NA,NA,-9.07,-18.58,25.79,2.76,0,1.007907,68,,,,,,,-9.07,-8.85,37.06,-33.65,109.02,1.022361,81
21-10-2025,NSE:TCI,EQ,8935.24,20303,2.79,2.75,2,1203.2,0.28,0.27,-1.71,0.54,2.94,-2.72,8.59,9.65,10.22,27.38,-1,-1,HV2Q,HV2Q,EEP,EEP,-1,-1,-1,-1,-1,-1.68,-2.64,-4.3,-5.05,-5.05,-1.68,-7.11,-1.69,-13.21,-14.22,-7.06,7.25,17.35,33.41,55.8,3.3,4.38,37.03,21.94,40.76,39.88,1.79,-4.32,1.54,1.04,9.86,1.007818,68,,,,,,,1.79,-6.29,5.48,-0.52,9.65,1.00677,69
21-10-2025,NSE:NMDC,EQ,67345.32,19615913,2.18,2.2,3,75.61,0.49,-0.69,-0.63,0.77,-1.22,4.89,10.12,13.13,-2.01,-1.42,-1,-1,-1,-1,-1,-1,-1,-1,-1,-1,-1,-4.05,-4.05,-4.05,-7.03,-19.62,-4.05,-0.26,-3.26,-16.75,-30.18,-18,10.01,18.53,26.02,26.02,0.93,12.71,17.31,13.27,9.47,16.66,-2.37,3.29,3.07,4.52,-2.37,1.007751,68,,,,,,,-2.37,5.58,-0.04,1.67,-8.42,1.001071,62
21-10-2025,NSE:HDFCSENSEX,EQ,976.6,38444,1.48,1.48,0,95.04,0.35,3.04,2.83,4.66,2.25,3.02,6.81,9.9,4.41,17.56,-1,-1,-1,-1,-1,-1,-1,-1,-1,-1,-1,0,0,0,0,-0.31,0,-1.3,-2.07,-7.1,-10.18,-4.71,5.76,7.46,16.58,20.59,5.09,3.38,13.06,8.65,9.29,15.95,1.1,1.42,-0.24,1.29,4.05,1.007468,68,,,,,,,1.1,0.33,-1.62,1.64,2.92,1.003671,65
21-10-2025,NSE:ERIS,EQ,22488.86,120045,2.38,2.35,6,1585.5,-1.07,-0.88,-0.8,0.47,-3.41,-11.55,11.74,17.99,13.59,42.39,-1,-1,-1,EEP,EEP,EEP,-1,-1,-1,-1,-1,-3.34,-12.72,-14.19,-14.19,-14.19,-3.34,-9.74,-4.28,-8.1,-14.61,-6.72,0.47,12.86,37.5,90.73,0.47,2.21,53.38,39.06,56.41,64.8,-4.56,-13.15,4.69,9.38,13.23,1.006807,67,,,,,,,-4.56,-8.33,15.35,5.41,3.66,1.010231,72
21-10-2025,NSE:RICOAUTO,EQ,1416.3,5033088,3.56,3.51,5,89.42,3.28,3.59,-0.02,-5.08,-16.8,16.39,24.31,2.52,-18.05,2.37,-1,-1,HV2Y,HVQ,HV2Q,HV2Y,-1,-1,-1,-1,-1,-14.37,-16.69,-16.69,-16.69,-41.4,-14.37,-2.69,-18.07,-50.13,-42.88,-30.83,32.57,47.41,56.16,56.16,4.79,54.84,30.56,18.2,5.85,20.92,-17.95,14.79,17.26,-6.09,-18.41,1.006678,67,,,,,,,-17.95,27.96,3.94,-30.48,-12.08,1.005717,68
21-10-2025,NSE:NIF100BEES,EQ,316.41,42507,1.2,1.19,3,280.19,0.33,2.86,3.02,4.38,2.04,3.28,7.27,10.18,2.31,17.7,-1,-1,-1,-1,-1,-1,-1,-1,-1,-1,-1,0,0,0,0,-2.18,0,-0.73,-1.98,-9.29,-12.13,-4.43,6.26,9.27,18.27,20.83,4.93,4.09,14.39,9.67,10.03,19.67,0.89,1.68,0.22,1.57,1.95,1.006642,67,,,,,,,0.89,0.8,-1.4,1.45,0.26,1.002316,63
21-10-2025,NSE:GMRAIRPORT,EQ,97934.5,11037166,2.07,2.05,5,92.01,0.05,3.45,3.93,5.55,-0.57,-1.55,5.83,18.83,2.88,6.97,-1,-1,-1,-1,-1,EEP,-1,-1,-1,-1,-1,0,-0.89,-2.82,-2.82,-9.55,0,-2.27,-1.31,-14.82,-26.59,-12.16,7.05,14.23,32.79,32.79,5.88,13.69,34.85,25.05,7.14,19.71,-1.72,-3.15,-1.22,10.22,2.52,1.006573,67,,,,,,,-1.72,-1.44,1.74,12.13,-10.64,1.004189,66
21-10-2025,NSE:SENSEXIETF,EQ,23460.25,10366,1.1,1.1,4,961.76,0.13,2.64,2.87,4.57,2,2.64,6.68,9.72,4.45,17.46,-1,-1,-1,-1,-1,-1,-1,-1,-1,-1,-1,0,0,0,0,-0.4,0,-1.48,-2.12,-7.05,-10.08,-4.82,5.58,7.53,16.56,20.65,4.99,3.46,13.48,8.77,9.37,15.76,0.85,1.04,-0.37,1.11,4.09,1.006369,67,,,,,,,0.85,0.19,-1.38,1.58,3.18,1.003518,65
21-10-2025,NSE:LOWVOLIETF,EQ,3845.61,1291750,1.89,1.88,3,22.93,0.09,2.75,3.4,4.19,0.87,3.84,8.63,9.77,1.66,16.58,-1,-1,-1,-1,-1,-1,-1,-1,-1,-1,-1,0,0,0,0,-3.17,0,-0.31,-0.94,-11.53,-12.63,-4.77,6.01,9.66,18.5,20.37,4.75,5.23,13.95,8.27,10.67,20.61,-0.28,2.24,1.58,1.16,1.3,1.006347,67,,,,,,,-0.28,2.53,-0.54,-0.44,0.03,1.002016,63
21-10-2025,NSE:NIFTY,IN,,,,,,25868.6,0.10,2.8,2.94,4.77,2.09,3.01,6.58,9.88,3.47,16.44,0,0,0,0,0,0,0,-1,-1,-1,-1,0,0,0,0,-1.33,,,,,,,,,,,,,,,,,0.94,1.41,-0.47,1.27,3.11,1.006253,,,,,,,,0.94,0.47,-1.85,1.86,1.9,1.002972,
21-10-2025,NSE:TRAVELFOOD,EQ,16947.15,239460,3.66,3.59,3,1335.5,0.50,-1.42,-3.05,0.64,3.34,14.13,NA,NA,NA,NA,-1,-1,-1,-1,-1,-1,-1,-1,-1,11,-1,-3.84,-3.84,NA,NA,NA,-3.84,-1.86,NA,NA,NA,NA,31.28,NA,NA,NA,0.9,26.89,NA,NA,NA,NA,2.19,12.53,0,0,0,1.006142,67,,,,,,,2.19,10.7,94.47,-1.68,9.02,1.017541,78
21-10-2025,NSE:COFORGE,EQ,60175.57,1624878,2.86,2.88,3,1741.5,-0.34,2.35,3.16,10.87,-3.09,-7.63,20.11,-0.27,17.26,23.44,-1,-1,-1,EEP,EEP,EEP,-1,-1,-1,-1,-1,-1.35,-6.29,-10.72,-11.31,-11.31,-1.35,-7.96,-3.91,-29.15,-11.07,-3.56,13.19,20.09,37.85,102.42,13.19,11.73,48.36,19.01,102.97,67.47,-4.24,-9.23,13.06,-8.88,16.9,1.006096,67,,,,,,,-4.24,-4.86,20.24,-27.2,26.51,1.016994,77
21-10-2025,NSE:ETML,SM,244.43,33576,3.29,4.09,5,131,4.38,-0.15,5.34,1.53,3.59,10.69,16.6,-16.22,NA,NA,-1,-1,HVQ,-1,-1,-1,-1,-1,-1,-1,-1,-2.42,-10.49,-10.49,NA,NA,-2.42,-13.7,-23.5,-45.09,NA,NA,13.91,29.06,NA,NA,8.44,12.67,20.81,12.8,NA,NA,2.44,9.09,9.55,-24.83,0,1.006073,67,,,,,,,2.44,6.9,1.09,-41.04,109.02,0.993656,52
21-10-2025,NSE:NGLFINE,EQ,865.54,2958,4.42,4.37,5,1490.8,-2.99,-2.48,0.83,5.06,5.23,12.29,26.72,-12.79,-40.88,-23.74,-1,-1,-1,HV2Q,HV2Q,HV2Y,-1,-1,-1,-1,-1,-3.36,-3.36,-3.36,-29.21,-45.29,-3.36,-6.02,-34.99,-59.54,-38.3,-22.92,23.76,49.83,51.64,51.64,7.37,42,33,11.11,2.34,16.54,4.08,10.69,19.67,-21.4,-41.24,1.00589,67,,,,,,,4.08,6.99,10.93,-55.6,-15.89,0.986178,43
21-10-2025,NSE:MIDHANI,EQ,7638.79,416120,2.93,2.96,5,382.15,1.20,1.1,-1.78,2.81,-6.49,-10.26,23,15.53,2.03,-5.22,-1,-1,HV2Y,EEP,HVQ,EEP,-1,-1,-1,-1,-1,-5.48,-8.61,-17.57,-17.57,-28.05,-5.48,-12.22,-9.11,-41.17,-39.23,-29.51,5.79,31.21,63.5,63.5,2.89,12.65,80.27,25.89,7.01,5.76,-7.64,-11.86,15.95,6.92,1.67,1.005793,67,,,,,,,-7.64,-4,24.63,-11.38,-6.97,1.005376,67
21-10-2025,NSE:AARON,EQ,421.02,46180,3.62,3.67,5,187.11,3.57,4.74,3.02,0.26,-7.2,-5.91,6.55,5.84,27.36,30.92,-1,-1,-1,HV2Q,HV2Y,HV2Y,-1,-1,-1,-1,-1,-3.88,-21.66,-21.66,-21.66,-21.66,-3.88,-16.02,-6.43,-11.22,-10.55,-7.71,5.07,11.26,46.41,53.02,5.07,14.82,26.61,38.36,44.08,11.16,-8.35,-7.51,-0.5,-2.77,27,1.005693,67,,,,,,,-8.35,0.74,6.24,-2.44,31.87,1.023847,82
21-10-2025,NSE:BELLACASA,EQ,548.95,13490,6.25,6.1,1,462.2,0.90,3.82,10.29,12.13,11.21,6.39,NA,NA,NA,NA,-1,-1,-1,-1,-1,-1,-1,-1,-1,-1,-1,0,0,NA,NA,NA,0,-5.55,NA,NA,NA,NA,25.92,NA,NA,NA,21.9,11.81,NA,NA,NA,NA,10.06,4.79,0,0,0,1.00558,67,,,,,,,10.06,-5.88,94.47,-1.68,9.02,1.006891,69
21-10-2025,NSE:TALBROAUTO,EQ,1814.81,225678,4,4.05,4,302.55,-0.74,6.87,4.38,0.03,3.27,4.69,12.9,4.64,-4.71,8.84,-1,-1,-1,HVQ,EEP,EEP,-1,-1,-1,-1,-1,-3.14,-3.14,-3.14,-11.95,-22.37,-3.14,-4.97,-5.77,-32.38,-25.98,-18.72,22.07,22.07,44.39,44.39,7.38,18.08,37.62,25.77,25.65,37.98,2.12,3.09,5.85,-3.97,-5.07,1.005495,67,,,,,,,2.12,1.01,3.08,-11.16,-0.79,0.997625,57
21-10-2025,NSE:SPIC,EQ,2054.53,2653893,3.16,3.12,5,89.57,0.43,1.44,-5.58,-2.45,-12.09,5.31,6.07,17.96,7.08,3.2,-1,-1,HVY,HV2Q,-1,HVQ,-1,-1,-1,-1,-1,-8.72,-27.04,-27.04,-27.04,-27.04,-8.72,-18.21,-8.56,-10.27,-28.76,-19.31,5.95,21.73,33.97,33.97,1.46,19.55,15.26,25.83,9.9,23.03,-13.24,3.71,-0.98,9.35,6.72,1.005333,67,,,,,,,-13.24,15.07,-4.73,10.98,-4.25,1.011628,74
21-10-2025,NSE:CGPOWER,EQ,123037.7,3201716,2.1,2.1,4,739,-0.16,-0.94,-1.22,-1.12,-5.47,7.9,12.68,15.16,-12.95,40.53,-1,-1,-1,-1,-1,HV2Y,-1,-1,-1,-1,-1,-4.45,-6.72,-6.72,-11.73,-13.88,-4.45,-1.62,-2.45,-24.8,-26.94,-2.73,13.47,23.49,36.73,74.05,0,19.67,25.93,19.39,47.67,96.59,-6.62,6.3,5.63,6.55,-13.31,1.005245,67,,,,,,,-6.62,12.21,-0.34,1.16,-24.11,0.997904,57
21-10-2025,NSE:ZEELEARN,EQ,310.38,481257,5.39,5.27,5,9.1,4.00,8.02,-0.11,-0.99,-4.29,0.11,26.37,8.35,-16.15,19.23,-1,-1,-1,HVQ,HV2Y,HV2Y,-1,-1,-1,-1,-1,-8.63,-14.87,-14.87,-14.87,-18.89,-8.63,-11.23,-14.25,-40.29,-25.67,-5.79,9.11,55.56,66.36,66.36,9.11,7.23,66.18,22.49,42.56,80.68,-5.44,-1.49,19.32,-0.26,-16.51,1.00516,67,,,,,,,-5.44,3.75,20.76,-26.16,-17.72,0.996115,55
21-10-2025,NSE:JINDALSTEL,EQ,106884.83,1544924,2.37,2.37,3,1009.8,0.42,1.37,-2.37,-3.32,-3.58,4.93,9.41,9.11,4.91,26.37,-1,-1,-1,-1,-1,-1,-1,-1,-1,-1,-1,-6.2,-6.2,-6.2,-6.2,-6.3,-6.2,-0.7,-2.2,-13.11,-14.83,-10.9,6.8,18.64,30.07,37.1,1.39,14.86,23.66,17.83,24.61,30.37,-4.73,3.33,2.36,0.5,4.55,1.005153,67,,,,,,,-4.73,7.76,-0.81,-2.02,4.4,1.005137,67
21-10-2025,NSE:SHYAMMETL,EQ,25456.82,195718,2.83,2.8,3,927.1,0.25,-0.14,-0.03,1.96,2.04,0.77,1.83,17.41,0.17,29.06,-1,-1,-1,-1,EEP,EEP,-1,-1,-1,-1,-1,-4.5,-6.56,-6.56,-6.56,-6.56,-4.5,-8.46,-1.9,-3.43,-18.75,-1.79,2.75,13.26,33.82,70.33,2.69,8.97,32.79,36.25,40.68,70.04,0.89,-0.83,-5.22,8.8,-0.19,1.005052,67,,,,,,,0.89,-1.75,-4.46,14.19,-11.86,1.003051,65
21-10-2025,NSE:ICICIB22,EQ,15967.96,320640,1.43,1.42,1,114.56,0.21,2.72,2.31,3.53,3.18,4.54,6.32,8.99,-1.21,16.31,-1,-1,-1,-1,-1,-1,-1,-1,-1,-1,-1,0,0,0,-1.73,-5.41,0,-0.07,-2.18,-11.39,-13.91,-4.26,9.14,10,21.02,21.02,4.31,5.67,15.53,13.37,9.22,21.46,2.03,2.94,-0.73,0.38,-1.57,1.004971,67,,,,,,,2.03,0.95,-3.66,1.17,-2.19,1.000114,60
21-10-2025,NSE:EBBETF0431,EQ,13109.02,10417,0.44,0.45,2,1399.68,0.43,1.13,1.34,1.7,1.62,2.09,4.31,7.97,8.84,14.56,-1,-1,-1,-1,-1,-1,-1,-1,-1,-1,19,0,0,0,0,0,0,0,-0.1,0,-0.39,-0.02,2.61,4.35,9.73,17.16,2.08,1.26,6.36,8.45,8.62,7.59,0.47,0.49,-2.74,-0.64,8.48,1.004799,66,,,,,,,0.47,0.02,-3.26,2.14,9.97,1.006431,68
21-10-2025,NSE:CHALET,EQ,22588.02,258822,3.25,3.24,4,948.35,-0.46,4,-2.37,-0.86,-8.6,1.7,12.58,13.42,6.28,13.81,-1,-1,-1,-1,HV2Y,HV2Y,-1,-1,-1,-1,-1,-7.49,-10.92,-10.92,-10.92,-10.92,-7.49,-3.26,-0.7,-18.48,-19.27,-2.85,9.23,19.81,41.96,41.96,4.17,20.02,39.54,24.1,14.62,24.07,-9.75,0.1,5.53,4.81,5.92,1.004732,66,,,,,,,-9.75,9.03,5.54,-0.72,0.77,1.006767,69
21-10-2025,NSE:JIOFIN,EQ,201775.78,10396168,1.89,1.89,6,311.8,0.35,1.99,0.61,5.64,-1.67,-1.75,19.64,11.23,-7.01,12.94,-1,-1,-1,-1,HVQ,HV2Y,-1,-1,-1,-1,-1,-0.65,-6.62,-6.62,-9.68,-19.63,-0.65,-5.06,-4.34,-30.24,-28.65,-14,6.34,25.55,55.19,55.19,6.34,8.14,57.9,24.71,11.75,34.7,-2.82,-3.35,12.59,2.62,-7.37,1.004624,66,,,,,,,-2.82,-0.54,15.49,-12.15,-11.52,0.997631,57
21-10-2025,NSE:TORNTPHARM,EQ,123044.54,241809,2.09,2.07,5,3590.9,0.57,1.92,1.5,0.12,-1.07,1.86,9.59,11.48,2.1,27.05,-1,-1,-1,-1,-1,-1,-1,-1,-1,-1,-1,-1.78,-4.7,-4.7,-4.7,-4.7,-1.78,-3.69,0,-8.74,-10.64,-1.18,2.49,14.81,22.54,43.55,2.17,14.65,20.26,10.79,28.52,42.14,-2.22,0.26,2.54,2.87,1.74,1.004585,66,,,,,,,-2.22,2.44,2.35,0.41,-1.57,1.00213,63
21-10-2025,NSE:GLENMARK,EQ,59056.16,664700,2.02,2.06,6,1855.4,0.14,-2.02,-5.78,-5.54,-12.39,-17.75,25.04,21.23,3.99,55.19,-1,-1,HV2Y,HV2Y,-1,EEP,-1,-1,-1,-1,-1,-8.63,-14.02,-16.67,-16.67,-16.67,-8.63,-6.35,-1.88,-23.5,-19.61,-2.02,0.14,36.36,45.07,132.74,0.14,23.89,70.83,8.75,83.34,123.46,-13.54,-19.35,17.99,12.62,3.63,1.004584,66,,,,,,,-13.54,-5.24,30.81,-6.77,-12.87,1.010309,72
21-10-2025,NSE:GODAVARIB,EQ,1437.94,74124,4.68,4.75,3,270.35,3.84,14.09,7.18,4.94,-3.25,-15.35,35.89,-6.55,NA,NA,-1,-1,-1,HVQ,-1,-1,-1,-1,-1,-1,-1,-3.07,-21.36,-21.36,NA,NA,-3.07,-18.81,-1.95,-55.93,NA,NA,16.4,65.17,NA,NA,16.4,14.15,111.62,17.62,NA,NA,-4.4,-16.95,28.84,-15.16,0,1.00433,66,,,,,,,-4.4,-12.17,38.89,-67.88,109.02,1.015557,76
21-10-2025,NSE:PANACEABIO,EQ,2621.53,216376,3.99,3.97,4,443.6,2.13,-0.25,2.67,8.46,3.64,3.53,-18.19,5.14,22.97,65.95,-1,-1,HVQ,-1,HV2Y,HV2Y,-1,-1,-1,-1,-1,-1.86,-3.44,-21.65,-21.65,-21.65,-1.86,-6.95,-24.42,0,-13.22,-2.31,14.07,14.07,56.83,272.62,10.62,9.91,43.97,298.5,253.46,187.02,2.49,1.93,-25.24,-3.47,22.61,1.004224,66,,,,,,,2.49,-0.58,-28.04,18.06,27.82,1.024878,82
21-10-2025,NSE:ORBTEXP,BE,506.36,38621,6.8,7.26,0,207.57,-0.16,0.78,-9.75,14.4,8.33,-4.46,12.51,-2.87,8.3,4.83,-1,HVQ,HV2Q,HVQ,HV2Y,HV2Y,-1,-1,-1,-1,-1,-9.23,-16.16,-16.16,-25.46,-25.46,-9.23,-23.14,-5.75,-34.78,-23.31,-6.84,17.95,31.53,46.87,49.6,17.95,10.36,53.41,28.49,53.9,37.18,7.18,-6.06,5.46,-11.48,7.94,1.004177,66,,,,,,,7.18,-14.41,10.71,-19.26,19.88,1.006623,69
21-10-2025,NSE:ICICIGI,EQ,93021.38,683438,2.07,2.18,1,2007,-0.20,7.58,5.03,5.16,7.03,2.73,8.06,4.94,-3.42,19.52,EEP,EEP,-1,HV2Q,-1,-1,-1,-1,-1,-1,-1,-0.66,-0.66,-2.74,-2.74,-11.79,-0.66,-9.58,-5.4,-18.9,-16.14,-8.77,10.15,12.61,22.4,30.64,9.47,2.41,19.06,12.53,27.44,38.64,5.88,1.13,1.01,-3.67,-3.78,1.003988,66,,,,,,,5.88,-5.08,-0.05,-5.08,0.23,0.997629,57
21-10-2025,NSE:ALKEM,EQ,66406.4,178112,1.67,1.68,1,5547.5,-0.17,0.98,1,2.5,0.11,9.87,9.62,6.59,-9.86,7.18,-1,-1,EEP,-1,-1,-1,-1,-1,-1,-1,-1,-0.61,-0.61,-0.61,-9.92,-12.86,-0.61,0,-6.97,-21.25,-18.61,-4.27,16.45,17.21,21.56,21.56,2.56,17.09,9.55,9.86,12.25,32.02,-1.04,8.27,2.57,-2.02,-10.22,1.003892,66,,,,,,,-1.04,9.32,-5.81,-5.03,-8.59,0.996935,56
21-10-2025,NSE:MUNJALAU,EQ,907.5,1120824,5.71,5.65,5,93.14,0.69,1.13,-6.55,-17.11,3.08,16.31,17.54,1.56,-52.72,-1.35,-1,HV2Y,-1,-1,HV2Y,HV2Y,-1,-1,-1,-1,-1,-14.61,-14.61,-14.61,-35.07,-35.07,-14.61,-5.73,-18.27,-46.46,-36.08,0,29.07,34.93,46.77,46.77,3.05,25.1,22.83,21.02,22.42,89.91,1.93,14.71,10.49,-7.05,-53.08,1.003743,66,,,,,,,1.93,13.19,-4.05,-21.07,-46.11,0.98178,37
21-10-2025,NSE:DODLA,EQ,8657.04,41622,2.74,2.74,5,1330.7,1.31,2.71,-1.46,0.42,-8.57,-0.05,14.13,16.17,1.13,27.32,-1,-1,-1,-1,EEP,EEP,-1,-1,-1,-1,-1,-4.53,-9,-9.02,-9.02,-9.02,-4.53,-1.22,-8.98,-13.34,-15.4,-0.23,4.62,30.26,35.4,65.84,3.43,13.59,35.46,16.27,39.02,63.96,-9.72,-1.65,7.08,7.56,0.77,1.003521,66,,,,,,,-9.72,7.39,8.64,0.7,-8.92,1.003502,65
21-10-2025,NSE:RNBDENIMS,EQ,1016.79,72490,7.62,7.52,0,133.47,6.90,12.24,5.48,10.84,15.03,NA,NA,NA,NA,NA,-1,-1,-1,-1,-1,-1,NA,-1,-1,-1,-1,0,NA,NA,NA,NA,0,NA,NA,NA,NA,NA,NA,NA,NA,NA,16.02,NA,NA,NA,NA,NA,13.88,0,0,0,0,1.003416,66,,,,,,,13.88,99.54,-5.53,-1.68,9.02,1.019621,79
21-10-2025,NSE:360ONE,EQ,43787.29,791156,2.76,2.73,0,1175.4,-0.67,4.14,9.02,12.48,8.05,-3.9,13.74,-2,4.53,44.85,-1,-1,-1,-1,-1,EEP,-1,1,-1,-1,-1,-0.67,-0.67,-6.19,-9.39,-9.39,-0.67,-13.74,-2.54,-21.84,-7.57,-0.89,17.33,29.69,45.37,80.75,17.33,6.16,51.04,25.4,98.19,85.5,6.9,-5.5,6.69,-10.61,4.17,1.003335,66,,,,,,,6.9,-13.45,11.45,-19.93,15.42,1.003634,65
21-10-2025,NSE:BELRISE,EQ,13978.22,10624670,2.95,2.97,2,151.08,0.63,1.65,-6.78,-5.36,-3.92,17.57,NA,NA,NA,NA,-1,-1,-1,-1,-1,-1,-1,-1,-1,-1,0,-7.32,-7.32,NA,NA,NA,-7.32,0,NA,NA,NA,NA,19.87,NA,NA,NA,1.68,60.02,NA,NA,NA,NA,-5.07,15.97,0,0,0,1.003234,66,,,,,,,-5.07,20.22,94.47,-1.68,9.02,1.025363,83
21-10-2025,NSE:BBETF0432,EQ,10548.38,2630,0.34,0.36,6,1310.57,0.16,0.53,1.04,1.41,1.76,1.82,3.69,7.45,8.25,14.31,-1,-1,-1,-1,-1,-1,-1,3,-1,-1,27,0,0,0,0,0,0,-0.31,-0.16,0,-1.55,0,2.33,3.77,9.21,16.73,1.82,0.8,5.93,8.98,9.26,8.32,0.61,0.22,-3.36,-1.16,7.89,1.003002,66,,,,,,,0.61,-0.4,-3.62,2.23,9.88,1.005766,68
21-10-2025,NSE:DCMSHRIRAM,EQ,19511.5,161702,2.5,2.51,3,1242.6,-0.22,6.12,4.23,6.78,-1.02,-11.75,13.06,14.48,9.73,21.18,-1,-1,HV2Y,HVQ,EEP,EEP,-1,-1,-1,-1,-1,-0.22,-13.83,-13.83,-13.83,-13.83,-0.22,-12.95,-2.59,-18.26,-19.6,-4.69,8.25,26.73,34.54,45.46,8.25,6.32,50.35,16.97,24.4,31.31,-2.17,-13.35,6.01,5.87,9.37,1.002945,66,,,,,,,-2.17,-11.08,16.67,-0.05,3.46,1.00675,69
21-10-2025,NSE:PERSISTENT,EQ,86207.68,519325,2.55,2.73,1,5800.1,-0.76,7.97,9.12,16.03,5.07,0.36,14.47,-4.68,4.42,24.96,-1,-1,-1,HV2Q,HV2Q,HV2Q,-1,-1,-1,-1,-1,-0.76,-0.76,-5.05,-13.1,-13.1,-0.76,-9.86,-9.14,-25.67,-9.03,-1.55,20.27,20.27,31.74,73.04,20.27,9.88,31.26,12.68,81.14,65.4,3.92,-1.24,7.42,-13.29,4.06,1.002804,66,,,,,,,3.92,-5.42,8.62,-24.07,17.71,1.003883,66
21-10-2025,NSE:BLUESTONE,EQ,9218.44,2278420,6,5.91,3,713.7,0.02,-2.91,13.01,19.78,14.66,NA,NA,NA,NA,NA,-1,-1,-1,-1,-1,-1,NA,-1,-1,-1,-1,-6.25,NA,NA,NA,NA,-6.25,NA,NA,NA,NA,NA,NA,NA,NA,NA,25.77,NA,NA,NA,NA,NA,13.51,0,0,0,0,1.002784,66,,,,,,,13.51,99.54,-5.53,-1.68,9.02,1.018978,79
21-10-2025,NSE:MAHLIFE,EQ,8104.57,207575,2.99,2.98,0,392.1,1.74,6.11,7.84,8.89,3.25,2,23.08,3.37,-24.39,-37.73,-1,-1,-1,-1,-1,HV2Y,-1,-1,-1,-1,-1,0,0,0,-17.18,-36.31,0,-1.71,0,-47.52,-38.46,-20.78,15.02,39.73,49.85,49.85,10.97,11.28,46.85,15.26,3.68,8.64,2.1,0.4,16.03,-5.24,-24.75,1.002674,65,,,,,,,2.1,-1.75,15.98,-27.31,-19.71,0.989583,47
21-10-2025,NSE:SUMMITSEC,EQ,2387.49,26500,4.59,4.71,3,2366.8,2.02,13.12,7.16,9.89,7.61,13.18,8.56,-5.58,-18.16,47.05,-1,-1,HV2Y,HVQ,HV2Y,HV2Y,-1,-1,-1,-1,-1,0,0,0,-33.62,-33.62,0,-6.58,-19.02,-39.31,-29.92,-0.85,24.16,30.67,67.45,105.92,15.1,14.72,45.38,53.11,117.4,143.31,6.46,11.58,1.51,-14.19,-18.52,1.002634,65,,,,,,,6.46,5.57,-10.85,-17.14,-2.9,0.991771,50
21-10-2025,NSE:BSE500IETF,EQ,321.36,253852,1.49,1.49,5,40.23,0.68,2.88,2.21,4.4,1.07,2.19,7.61,9.37,1.04,17.82,-1,-1,-1,-1,-1,-1,-1,-1,-1,-1,-1,0,0,0,0,-2.59,0,0,-1.11,-10,-11.72,-3.61,6.15,10.19,20.85,22.28,4.71,5.01,18.2,11.66,10.82,21,-0.08,0.59,0.56,0.76,0.68,1.002511,65,,,,,,,-0.08,0.67,0.01,0.23,-0.17,1.000861,61
21-10-2025,NSE:SILVERAG,EQ,296.04,788096,5.56,5.83,0,147.23,-1.51,-19.84,0.6,3.69,14.43,NA,NA,NA,NA,NA,-1,-1,-1,-1,-1,-1,NA,-1,-1,2,-1,-16.56,NA,NA,NA,NA,-16.56,NA,NA,NA,NA,NA,NA,NA,NA,NA,12.98,NA,NA,NA,NA,NA,13.28,0,0,0,0,1.002398,65,,,,,,,13.28,99.54,-5.53,-1.68,9.02,1.018586,78
21-10-2025,NSE:RAMCOCEM,EQ,25129.69,292672,2.44,2.49,3,1038.9,1.00,3.52,3.2,4.04,-1.47,-10.66,5.81,14.53,16.19,15.1,-1,-1,-1,-1,-1,-1,-1,-1,-1,-1,-1,-0.58,-13.53,-13.53,-13.53,-13.53,-0.58,-12.25,-2.34,-6.6,-15.25,-14.48,6.06,10.59,29.61,42.14,6.06,3.78,43.42,25.81,21.48,19.13,-2.62,-12.26,-1.24,5.92,15.83,1.002237,65,,,,,,,-2.62,-9.51,9.35,7.58,10.95,1.01105,73
21-10-2025,NSE:EBBETF0430,EQ,25272.54,19158,0.95,0.96,5,1555.36,0.09,0.3,0.59,1.04,1.35,1.7,3.62,7.33,8.24,13.98,-1,-1,-1,-1,-1,-1,-1,-1,-1,-1,-1,0,0,0,0,0,0,-0.11,-0.01,0,-0.17,-0.02,2.21,3.71,9.23,16.4,1.44,1.14,5.92,8.6,8.49,7.43,0.2,0.1,-3.43,-1.28,7.88,1.002139,65,,,,,,,0.2,-0.11,-3.58,2.17,10,1.005689,68
21-10-2025,NSE:LGBBROSLTD,EQ,4404.34,47155,3.74,3.67,0,1350.9,0.38,-1.24,-3.92,-1.7,-2.06,4.26,9.25,9.53,-0.67,9.93,-1,-1,-1,-1,EEP,EEP,-1,-1,-1,-1,-1,-6.31,-6.31,-6.31,-6.31,-9.98,-6.31,0,-5.19,-18.31,-18.56,-9.38,9.8,13.19,22.29,22.29,0.38,12.11,17.08,10.97,9.05,21.34,-3.21,2.66,2.2,0.92,-1.03,1.002006,65,,,,,,,-3.21,5.73,-0.31,-1.38,-2.25,1.000766,61
21-10-2025,NSE:LTIM,EQ,163651.7,259389,2.37,2.4,0,5561,-0.63,1.65,5.25,7.25,0.93,7.32,22.31,-7.51,-14.36,0.8,-1,-1,-1,-1,EEP,EEP,-1,1,-1,-1,-1,-1.09,-1.09,-1.09,-17.47,-17.47,-1.09,-0.27,-14.45,-35.88,-11.27,-1.57,10.95,23.94,37.07,37.07,9.58,9.93,27.03,6.49,30.16,38.44,-0.22,5.72,15.26,-16.12,-14.72,1.001968,65,,,,,,,-0.22,5.99,10.64,-40.07,2.66,0.995484,54
21-10-2025,NSE:PAISALO,EQ,3527.28,13484180,3.99,4.04,3,39.8,2.13,4.55,4.27,7.51,1.88,22.26,12.09,-15.95,-30.58,-63.44,-1,-1,-1,-1,-1,HV2Y,-1,-1,-1,-1,-1,-0.8,-3.33,-3.33,-35.69,-58.3,-0.8,-5.15,-33.16,-53.44,-51.65,-45.55,32.27,34.92,34.92,34.92,8.12,32.37,4.88,14.72,10.88,0.31,0.73,20.66,5.04,-24.56,-30.94,1.001955,65,,,,,,,0.73,20.31,-18.62,-33.57,-3.59,0.993055,52
21-10-2025,NSE:INOXINDIA,EQ,11208.38,66780,2.73,2.72,5,1195.5,-0.13,1.96,0.46,2.92,-3.15,-2.42,13.06,12.7,1.99,19.46,-1,-1,-1,-1,-1,EEP,-1,-1,-1,-1,-1,-1.65,-4.86,-5.64,-5.64,-18.07,-1.65,-2.66,-3.35,-21.24,-28.47,-19.7,11.54,22.06,34.39,34.39,3.04,15.06,37.63,16.84,16.65,30.95,-4.3,-4.02,6.01,4.09,1.63,1.001952,65,,,,,,,-4.3,0.25,9.58,-2.09,-3.24,1.001652,62
21-10-2025,NSE:COSMOFIRST,EQ,2406.05,64912,3.43,3.4,6,876.55,0.93,-2.72,-3.05,5.01,-4.39,-27.89,31.38,2.62,12.25,34.84,-1,-1,-1,HVQ,HVQ,HV2Y,-1,-1,-1,-1,-1,-6.73,-21.75,-30.77,-30.77,-30.77,-6.73,-27.73,-11.47,-40.36,-15.37,-20.64,5.27,54.04,62.97,89.5,5.27,0,108.42,11.83,84.53,66.28,-5.54,-29.49,24.33,-5.99,11.89,1.001663,65,,,,,,,-5.54,-22.97,40.81,-43.58,18.91,1.027231,84
21-10-2025,NSE:ABSMARINE,SM,457.12,44490,4.71,4.69,3,179.65,1.38,3.84,2,-1.92,-3.95,-14.03,39.63,5.51,-41.94,NA,-1,-1,-1,-1,-1,-1,-1,-1,-1,-1,-1,-6.8,-18.6,-19.08,-32.59,NA,-6.8,-15.88,-7.73,-69.05,-58.01,NA,4.91,62.43,94.95,NA,4.91,3.06,122.3,17.69,4.62,NA,-5.1,-15.63,32.58,-3.1,-42.3,1.001597,65,,,,,,,-5.1,-10.15,41.53,-58.2,-41.2,1.002861,64
21-10-2025,NSE:PVRINOX,EQ,10968.94,391534,2.72,2.77,5,1154.9,-0.26,4.29,5.34,4.68,3.38,10.6,16.14,6.21,-40.87,-18.51,-1,-1,-1,-1,-1,-1,-1,-1,-1,-1,-1,-0.26,-0.26,-0.26,-28.27,-33.63,-0.26,-2.65,-8.83,-44.34,-37.75,-6.5,18,25.34,36.08,36.08,7.43,17.23,21.65,14.11,0.49,28.05,2.23,9,9.09,-2.4,-41.23,1.001417,65,,,,,,,2.23,7.02,0.67,-13.53,-41.17,0.983521,39
21-10-2025,NSE:ESCORTS,EQ,41376.87,208047,2.88,2.89,4,3703.7,0.25,2.43,4.82,6.47,0.42,7.47,9.34,4.04,-4.72,23.97,-1,-1,HV2Q,-1,HV2Q,HV2Q,-1,-1,-1,-1,-1,-2.08,-2.4,-2.4,-2.93,-15.34,-2.08,-2.81,-5.42,-23.25,-18.75,-11.34,12.59,18.32,29.1,37.1,7.46,12.98,19.45,17.04,31.57,43.58,-0.73,5.87,2.29,-4.57,-5.08,1.00128,65,,,,,,,-0.73,6.62,-3.51,-7.53,-0.11,0.99831,58
21-10-2025,NSE:MIDCAPIETF,EQ,525.51,927806,1.6,1.61,3,22.75,0.93,2.15,2.2,3.56,0.7,0.57,9.63,8.97,0.48,20.85,-1,-1,-1,-1,-1,-1,-1,-1,-1,-1,-1,0,0,0,0,-1.56,0,-0.35,-0.22,-11.03,-10.39,-2.03,6.26,13.24,24.59,31.33,5.13,5.51,23.88,12.6,19.55,30.69,-0.45,-1.03,2.58,0.36,0.12,1.001254,65,,,,,,,-0.45,-0.59,3.58,-2.41,-0.3,1.000018,60
21-10-2025,NSE:SASTASUNDR,EQ,992.49,43498,4.39,4.3,5,306.6,-0.82,-1.3,-1.63,-2.58,-1.88,2.87,16.63,1.48,-0.62,-24.66,-1,-1,HV2Y,HVQ,HVQ,EEP,-1,-1,-1,-1,-1,-6.6,-6.6,-6.6,-18.73,-21.33,-6.6,-2.01,-4.2,-32.24,-30.52,-29.04,13.68,24.89,47.24,47.24,0.51,16.59,43.01,22.76,7.13,9.42,-3.03,1.27,9.58,-7.13,-0.98,1.001049,65,,,,,,,-3.03,4.2,8.63,-19.84,6.88,1.000783,61
21-10-2025,NSE:ULTRACEMCO,EQ,368643.64,231839,1.63,1.64,4,12342,-0.03,2.2,1.28,2.44,-1.35,-1.9,3.1,13.82,8.26,19.27,-1,-1,-1,HV2Q,HV2Q,-1,-1,-1,-1,-1,-1,-2.43,-4.13,-4.13,-4.13,-4.13,-2.43,-2.84,0,-1.03,-11.98,-6.16,2.93,11.86,21.85,31.8,2.93,9.25,24.17,18.07,13.59,20.91,-2.5,-3.5,-3.95,5.21,7.9,1.000947,65,,,,,,,-2.5,-1.01,-0.62,9.38,2.57,1.006058,68
21-10-2025,NSE:EBBETF0433,EQ,6318.06,4025,0.4,0.41,5,1269.76,-0.03,0.54,1.03,1.3,1.45,1.51,3.15,6.75,8.1,13.61,-1,-1,-1,-1,-1,-1,-1,-1,-1,-1,44,-0.03,-0.03,-0.03,-0.03,-0.03,-0.03,-0.29,-0.48,0,0,-0.36,2.02,3.24,8.85,16.31,1.49,0.55,5.63,8.9,9.22,7.65,0.3,-0.09,-3.9,-1.86,7.74,1.000889,65,,,,,,,0.3,-0.4,-3.86,2.04,10.46,1.005418,67
21-10-2025,NSE:MASFIN,EQ,5729.39,90413,2.9,2.88,5,308.1,1.52,2.76,-0.37,2.56,-2.35,-9.87,9.32,19.69,3.93,-7.34,-1,-1,EEP,EEP,-1,-1,-1,-1,-1,-1,-1,-2.55,-7.75,-11.01,-11.01,-11.01,-2.55,-8.91,-2.22,-7.1,-27.28,-13.01,3.6,18.71,34.06,34.06,3.6,8.59,47.28,21.56,1.14,7.7,-3.5,-11.47,2.27,11.08,3.57,1.000759,65,,,,,,,-3.5,-7.8,11.93,9.75,-10.6,1.003632,65
21-10-2025,NSE:RGL,EQ,1284.88,571597,4.8,4.72,0,140.11,0.80,5.47,12.55,19.86,14.18,15.69,11.49,-35.09,-21.39,21.28,-1,-1,HV2Q,-1,HVQ,HV2Y,-1,-1,-1,-1,-1,0,0,0,-30.43,-30.43,0,-3.46,-41.35,-38.43,-2.05,0,32.86,32.86,33.44,56.9,24.78,14.01,12.5,38.87,111.96,90.46,13.03,14.09,4.44,-43.7,-21.75,1.000686,65,,,,,,,13.03,1.29,-10.51,-54.31,19.16,0.994606,53
21-10-2025,NSE:KPIGREEN,EQ,9531.57,617376,3.41,3.45,3,505.1,1.71,10.73,14.47,12.51,4.71,-8.24,13.63,15.53,-10.71,11.45,-1,-1,-1,EEP,-1,EEP,-1,-1,-1,-1,-1,0,-6.88,-9.23,-11.67,-31.05,0,-13.51,-1.75,-40.45,-41.76,-23.66,19.75,45,59.16,59.16,19.75,0.98,72.27,37.47,15.97,52,3.56,-9.84,6.58,6.92,-11.07,1.000669,64,,,,,,,3.56,-14.05,14.67,0.52,-22.05,0.995143,54
21-10-2025,NSE:UTINEXT50,EQ,2057.73,113296,2.29,2.26,0,75.88,1.74,3.41,3.19,4.3,1.67,3.61,7.78,9.42,-5.72,21.45,-1,-1,-1,-1,-1,-1,-1,-1,-1,-1,-1,0,0,0,-4.06,-8.01,0,0,-0.62,-15.17,-16.68,-2.75,7.98,13.66,24.48,26.17,5.17,6.18,19.98,14.8,18.28,38.05,0.52,2.01,0.73,0.81,-6.08,1.000591,64,,,,,,,0.52,1.51,-1.21,0.11,-7.7,0.997006,56
21-10-2025,NSE:HINDUNILVR,EQ,602435.2,1476024,1.71,1.69,4,2591.7,-0.10,3.45,2.87,3.62,1.24,4.89,7.45,9.52,-7.31,7.95,-1,-1,-1,-1,-1,-1,-1,-1,-1,-1,-1,-0.46,-3.75,-3.75,-5.37,-14.42,-0.46,-4.94,-2.45,-20.8,-22.57,-8.17,7.3,14.52,20.13,20.13,3.97,13.1,14.26,11.19,6.88,26.76,0.09,3.29,0.4,0.91,-7.67,1.000492,64,,,,,,,0.09,3.24,-2.84,0.56,-9.58,0.996592,56
21-10-2025,NSE:STYLEBAAZA,EQ,2745.92,448467,5.05,4.89,0,334.05,3.26,7.05,-2.05,-10.85,-9.92,15.58,-0.66,13.07,-7.83,NA,-1,-1,-1,EEP,EEP,-1,-1,-1,-1,-1,-1,-11.42,-11.42,-11.42,-11.42,NA,-11.42,-1.66,-16.45,-18.19,-29.35,NA,25.11,31.39,82.44,NA,7.58,40.88,54.01,83.65,1.22,NA,-11.07,13.98,-7.71,4.46,-8.19,1.000283,64,,,,,,,-11.07,22.74,-24.77,11.96,-15.02,1.009183,71
21-10-2025,NSE:ASIANENE,EQ,1555.91,289498,3.64,3.57,6,346.5,2.09,1.3,5.95,3.56,-0.4,13,9.41,-4.17,-7.11,13.69,-1,-1,HV2Y,HVQ,HV2Y,HV2Y,-1,-1,-1,-1,-1,-2.15,-10.23,-10.23,-15.94,-20.06,-2.15,-9.87,-17.76,-27.58,-16.73,-14.37,21.51,26.6,59.72,59.72,6.32,22.24,38.96,44.69,54.15,58.51,-1.55,11.4,2.36,-12.78,-7.47,1.000148,64,,,,,,,-1.55,12.89,-9.66,-16.67,6.19,0.999381,60
21-10-2025,NSE:VEEDOL,EQ,3481.32,33950,3.11,3.13,5,1824,2.16,0.2,-5.76,3.5,-8.7,7.18,16.07,12.48,-15.63,12.65,-1,-1,HVY,-1,-1,HVQ,-1,-1,-1,-1,-1,-7.73,-8,-8,-12.83,-33.09,-7.73,0,-2.63,-43.84,-41.44,-22.63,12.92,27.38,34.45,34.45,3.62,22.74,24.79,12.84,14.7,51.53,-9.85,5.58,9.02,3.87,-15.99,1.000134,64,,,,,,,-9.85,14.15,4.04,-5.96,-23.1,0.996396,55
21-10-2025,NSE:MOIL,EQ,7250.18,929960,3.63,3.65,2,374.75,0.98,-0.35,-0.6,3.9,5.11,-1.88,11.03,4.3,-0.75,22.92,-1,-1,-1,EEP,-1,EEP,-1,-1,-1,-1,-1,-4.86,-4.86,-4.86,-4.86,-32.68,-4.86,-9.64,-2.69,-34.48,-35.57,-32.17,16.71,18.67,30.42,41.52,5.77,10.74,32.87,16.03,35.44,42.58,3.96,-3.48,3.98,-4.31,-1.11,1.000017,64,,,,,,,3.96,-7.83,7.15,-9.25,3.75,0.998504,58
21-10-2025,NSE:CNX500,IN,,,,,,23759.2,0.18,2.42,2.31,4.29,1.15,1.6,7.05,8.61,0.36,17.19,0,0,0,0,0,0,0,-1,-1,-1,-1,0,0,0,0,-3.01,,,,,,,,,,,,,,,,,0,0,0,0,0,1,,,,,,,,0,0,0,0,0,1,
21-10-2025,NSE:GILT5YBEES,EQ,265.4,318047,1,0.99,5,63.42,0.24,0.41,0.22,0.88,1.04,1.06,2.87,6.81,8.23,13.7,-1,-1,-1,-1,-1,-1,-1,-1,-1,-1,28,0,0,0,0,0,0,-0.11,-0.1,0,-0.1,-0.6,1.81,3.27,9.34,16.01,0.89,0.79,6.19,8.7,8.16,6.52,-0.11,-0.54,-4.18,-1.8,7.87,0.999732,64,,,,,,,-0.11,-0.44,-3.7,2.38,10.54,1.005375,67
21-10-2025,NSE:MPSLTD,EQ,3899.78,16721,3.38,3.33,3,2320.6,0.64,4.96,5.96,7.4,1.91,-4.27,-3.84,15.36,10.05,36.84,-1,-1,-1,EEP,EEP,EEP,-1,-1,-1,-1,-1,0,-5.12,-20.4,-20.4,-20.4,0,-21.92,-17,-17.07,-19.33,-14.26,9.61,9.61,25.86,59.2,9.04,7.51,23.29,30.69,34.75,43.2,0.76,-5.87,-10.89,6.75,9.69,0.999716,64,,,,,,,0.76,-6.76,-5.12,16.81,2.75,1.008347,70
21-10-2025,NSE:AEGISVOPAK,EQ,26895.39,723506,4.39,4.39,1,284.15,0.21,2.53,3.91,11.58,14.67,-2.8,NA,NA,NA,NA,-1,-1,-1,-1,-1,-1,-1,-1,-1,-1,-1,-1.7,-1.7,NA,NA,NA,-1.7,-17.35,NA,NA,NA,NA,24.13,NA,NA,NA,18.89,5.92,NA,NA,NA,NA,13.52,-4.4,0,0,0,0.999465,64,,,,,,,13.52,-20.93,94.47,-1.68,9.02,0.997813,57
21-10-2025,NSE:SWIGGY,EQ,117326.09,15294743,2.91,2.9,4,432.1,2.42,-1.86,2.63,3.61,-6.1,8.64,20.54,-11.78,NA,NA,-1,-1,-1,EEP,-1,-1,-1,-1,-1,-1,-1,-3.88,-5.75,-5.75,NA,NA,-3.88,0,-17.62,-42.53,NA,NA,12.29,41.53,NA,NA,4.41,21.72,29.3,6.73,NA,NA,-7.25,7.04,13.49,-20.39,0,0.999419,64,,,,,,,-7.25,13.43,7.49,-42.35,109.02,0.998349,58
21-10-2025,NSE:MOM100,EQ,702.72,357015,2.07,2.04,4,63.94,0.35,2.03,2,4.68,0.58,0,8.87,8.71,0.36,20.33,-1,-1,-1,-1,-1,-1,-1,-1,-1,-1,-1,0,0,-0.31,-0.31,-1.84,0,-0.89,-0.31,-10.55,-10.39,-2.2,6.55,12.43,24.16,30.46,5.16,5.93,24.16,13.15,19.1,29.99,-0.57,-1.6,1.82,0.1,0,0.999246,64,,,,,,,-0.57,-1.04,3.34,-1.85,-0.13,0.999642,60
21-10-2025,NSE:NIFTY_TOTAL_MKT,IN,,,,,,13361,0.21,2.44,2.3,4.27,1.04,1.43,7.08,8.32,0.04,17.19,0,0,0,0,0,0,0,-1,-1,-1,-1,0,0,0,0,-3.16,,,,,,,,,,,,,,,,,-0.11,-0.17,0.03,-0.29,-0.32,0.999149,,,,,,,,-0.11,-0.07,0.2,-0.35,-0.02,0.999657,
21-10-2025,NSE:MAPMYINDIA,EQ,9015.94,194655,3.37,3.37,0,1849.3,0.46,-5.4,8.23,11.4,10.98,1.08,1.4,10.74,-17.28,0.61,-1,-1,-1,EEP,EEP,EEP,-1,-1,-1,-1,-1,-5.13,-5.13,-11.95,-14.21,-26.95,-5.13,-11.01,-12.89,-25.78,-34.8,-14.33,13.97,13.97,20.23,20.23,13.97,0.7,15.36,18.55,7.31,33.64,9.83,-0.52,-5.65,2.13,-17.64,0.998898,64,,,,,,,9.83,-11.59,-5.2,7.8,-22.38,0.992009,50
21-10-2025,NSE:HEG,EQ,10073.43,776870,3.09,3.15,6,513.15,1.25,-1.06,0.47,1.07,-1.6,-4.97,6.58,15.92,3.37,31.32,-1,-1,EEP,HVQ,HV2Y,EEP,-1,-1,-1,-1,-1,-4.15,-10.46,-10.46,-14.11,-14.11,-4.15,-9.03,-2.14,-19.76,-27.78,-7.73,11.07,20.77,50.97,58.5,1.63,12.85,58.47,41.04,33.27,53.16,-2.75,-6.57,-0.47,7.31,3.01,0.998852,64,,,,,,,-2.75,-3.78,5.47,8.32,-5.91,1.002369,63
21-10-2025,NSE:KILITCH,EQ,624.06,11030,4.94,4.86,3,375.3,1.67,5.06,1.83,9.94,4.1,-19.64,8.25,13.05,13.26,-8.47,-1,-1,-1,HV2Y,HV2Y,HV2Y,-1,-1,-1,-1,-1,0,-16.38,-22.37,-22.37,-22.37,0,-25.56,-7.13,-11.15,-27.66,-27.83,11.05,11.05,27.49,27.49,11.05,6.07,49.94,16.97,10.85,3.97,2.95,-21.24,1.2,4.44,12.9,0.998697,64,,,,,,,2.95,-25.22,17.78,3.55,9.26,1.009688,71
21-10-2025,NSE:GLAXO,EQ,46451.13,91799,1.77,1.83,5,2758.8,0.48,-0.17,0.67,3.48,0.64,-13.06,-1.83,25.58,3.13,15.18,-1,-1,-1,EEP,EEP,HV2Y,-1,-1,-1,-1,-1,-0.31,-13.71,-20.41,-20.41,-20.41,-0.31,-20.31,-10.01,-8.24,-32.94,-12.71,6.57,6.57,41.03,47.43,3.73,5.89,59.45,43.61,9.72,42.81,-0.51,-14.66,-8.88,16.97,2.77,0.998694,64,,,,,,,-0.51,-14.25,4.4,25.24,-21.14,1.007698,70
21-10-2025,NSE:AXISBPSETF,EQ,1104.06,382086,2.42,2.4,0,13.01,0.39,0.46,0.15,0.23,0.54,1.61,3.69,5.76,6.99,11.61,-1,-1,-1,-1,-1,-1,-1,-1,-1,-1,-1,0,0,0,0,0,0,-0.15,0,-0.16,-0.73,-0.17,1.8,3.91,7.61,13.33,0.77,1.89,4.75,5.65,6.98,5.58,-0.61,0.01,-3.36,-2.85,6.63,0.99847,64,,,,,,,-0.61,0.62,-3.42,0.47,10.33,1.004396,66
21-10-2025,NSE:BAJAJHLDNG,EQ,147797.78,54840,2.66,2.62,5,12732,1.01,4.09,5.05,2.12,-3.72,-10.23,3.2,14.1,17.49,32.3,-1,-1,-1,HVQ,HV2Y,HV2Y,-1,-1,-1,-1,-1,-4.12,-12.33,-12.33,-12.33,-12.33,-4.12,-9.07,-2.65,-2.43,-13.41,-5.9,7.88,13.29,25.84,63.36,7.88,5.28,30.2,35.11,40.33,34.79,-4.87,-11.83,-3.85,5.49,17.13,0.998459,64,,,,,,,-4.87,-6.74,6.66,9.57,12.97,1.011987,74
21-10-2025,NSE:GROWWEV,EQ,288.76,291602,1.87,1.86,5,31.19,0.00,1.73,0.1,1.44,-2.31,5.19,13.34,6.48,-9.59,NA,-1,-1,-1,-1,-1,-1,-1,-1,-1,-1,-1,-1.67,-2.38,-2.38,-6.34,NA,-1.67,-0.13,-0.94,-24.01,-17.99,NA,8.79,15.52,27.62,NA,1.76,11.3,20.99,10.6,3.33,NA,-3.46,3.59,6.29,-2.13,-9.95,0.998392,64,,,,,,,-3.46,6.87,3.06,-9.6,-8.16,0.995451,54
21-10-2025,NSE:PARTH,ST,321.2,99872,4.51,4.72,1,267,0.77,0.79,12.1,11.87,11.91,NA,NA,NA,NA,NA,-1,-1,-1,-1,-1,-1,NA,-1,-1,-1,-1,0,NA,NA,NA,NA,0,NA,NA,NA,NA,NA,NA,NA,NA,NA,18.88,NA,NA,NA,NA,NA,10.76,0,0,0,0,0.998302,63,,,,,,,10.76,99.54,-5.53,-1.68,9.02,1.014424,76
21-10-2025,NSE:UNIVCABLES,EQ,2792.98,56215,3.55,3.48,5,709.3,0.61,3.12,-0.01,0.17,-12.98,-6.75,32.07,-8,5.43,32.18,-1,-1,-1,HVQ,HVQ,HV2Y,-1,-1,-1,-1,-1,-8.38,-11.49,-11.96,-15.73,-20.25,-8.38,-0.53,-6.02,-45.62,-13.86,-24.58,4.51,64.8,72.52,80.94,4.51,15.24,84.15,17.18,95.42,71.11,-14.13,-8.35,25.02,-16.61,5.07,0.998288,63,,,,,,,-14.13,5.06,30.84,-60.68,21.46,1.018646,78
21-10-2025,NSE:MIDCAPETF,EQ,1266.82,2176233,2.8,2.77,3,22.36,0.40,1.7,1.7,4.29,0.27,-0.04,9.03,8.32,-0.13,20.8,-1,-1,-1,-1,-1,-1,-1,-1,-1,-1,-1,0,0,-0.04,-0.04,-1.84,0,-0.31,0,-10.71,-10.01,-1.71,5.77,12.7,23.95,30.68,4.73,5.49,24,12.75,19.81,30.86,-0.88,-1.64,1.98,-0.29,-0.49,0.998212,63,,,,,,,-0.88,-0.77,3.54,-2.47,-0.2,0.999225,59
21-10-2025,NSE:MAHLOG,EQ,3577.45,133585,2.94,2.92,6,364.7,0.25,4.15,1.51,5.32,0.51,-0.5,20.88,8.87,-24.76,5.82,-1,-1,-1,-1,-1,EEP,-1,-1,-1,-1,-1,0,-1.99,-3.41,-19.71,-26.72,0,-3.9,-2.93,-40.93,-33.22,-8.57,16.57,38.9,64.79,64.79,5.96,23.39,65.61,30.37,2.91,32.83,-0.64,-2.1,13.83,0.26,-25.12,0.998149,63,,,,,,,-0.64,-1.48,15.75,-16.87,-27.88,0.98887,47
21-10-2025,NSE:BHAGERIA,EQ,794.32,282753,4.33,4.6,6,194.66,3.22,10.75,8.8,9.63,6.36,-2.45,12.78,7.1,-12.44,13.26,EEP,EEP,HVQ,EEP,EEP,EEP,4.76,-1,-1,-1,-1,0,-5.89,-7.92,-13.12,-27.71,0,-13.78,-5.67,-36.94,-32.84,-18.71,14.1,32.96,34.28,35.79,12.66,6.84,37.56,17.12,26.15,52.69,5.21,-4.05,5.73,-1.51,-12.8,0.998122,63,,,,,,,5.21,-9.87,9.33,-8.19,-12.02,0.992213,51
21-10-2025,NSE:TCL,SM,293.75,46464,4.52,5.18,4,127.65,2.86,5.99,3.33,7.95,-2.19,14.73,19.55,-5.76,-33.18,NA,-1,-1,HVQ,HV2Q,HVQ,HVQ,-1,-1,-1,-1,-1,-2.56,-2.71,-2.71,-27.1,NA,-2.56,-0.57,-22.8,-49.2,-45.05,NA,23.21,43.91,63.34,NA,8.64,44.46,39.28,31.41,2.23,NA,-3.34,13.13,12.5,-14.37,-33.54,0.99812,63,,,,,,,-3.34,16.1,0.12,-33.13,-16.91,0.988572,46
21-10-2025,NSE:SAIL,EQ,56034.71,11715692,2.88,2.85,6,129.95,0.08,0.91,-2.25,-1.35,-4.81,-5.38,10.75,17.26,0.02,5.54,-1,-1,-1,-1,-1,EEP,-1,-1,-1,-1,-1,-5.35,-5.35,-5.48,-5.48,-25.47,-5.35,-0.93,-0.39,-24.22,-38.33,-25.48,9.51,19.21,29.92,29.92,0.99,14.78,36.91,15.96,7.42,10.24,-5.96,-6.98,3.7,8.65,-0.34,0.998099,63,,,,,,,-5.96,-1,9.78,5.61,-11.81,1.000912,61
21-10-2025,NSE:MARICO,EQ,93710.83,1858083,1.67,1.67,4,722.05,-0.73,1.92,0.98,3.23,0.26,0.6,1.79,9.62,5.89,27.26,-1,-1,-1,-1,-1,EEP,-1,-1,-1,-1,-1,-1.78,-3.96,-3.96,-3.96,-3.96,-1.78,-4.22,-3.04,-1.57,-7.95,-4.15,4.05,5.12,22.85,47.34,3.53,3.78,22.11,20.66,33.17,38.67,-0.89,-1,-5.26,1.01,5.53,0.998087,63,,,,,,,-0.89,-0.12,-4.34,6.29,4.89,1.003968,66
21-10-2025,NSE:NSLNISP,EQ,13770.92,10006121,3.1,3.06,2,44,1.48,1,-2.98,-1.2,-6.64,9.48,15.11,5.48,-14.16,-31.93,-1,-1,HV2Y,-1,-1,HV2Y,-1,-1,-1,-1,-1,-7.02,-7.02,-7.02,-12.14,-35.29,-7.02,0,-5.5,-35.87,-41.34,-29.15,23.39,29.6,33.17,33.17,2.37,31.58,20.55,13.04,8.11,0,-7.79,7.88,8.06,-3.13,-14.52,0.99806,63,,,,,,,-7.79,14.65,0.7,-13.03,-11.75,0.996029,55
21-10-2025,NSE:MID150BEES,EQ,2777.97,641460,1.94,1.92,4,226.28,0.20,2.21,1.63,4.19,0.14,0.12,8.93,8.26,-0.28,20.35,-1,-1,-1,-1,-1,-1,-1,-1,-1,-1,-1,0,0,-0.12,-0.12,-1.99,0,-0.26,-0.25,-10.74,-10.09,-1.72,5.99,12.58,23.65,29.99,4.55,5.84,23.5,12.61,19.24,30.35,-1.01,-1.48,1.88,-0.35,-0.64,0.997984,63,,,,,,,-1.01,-0.47,3.28,-2.41,-0.29,0.999152,59
21-10-2025,NSE:CNXMIDCAP,IN,,,,,,59409.55,0.11,1.83,1.89,4.84,0.53,-0.1,8.44,8.29,-0.07,19.75,0,0,0,0,0,0,0,-1,-1,-1,-1,0,0,-0.57,-0.57,-2.37,,,,,,,,,,,,,,,,,-0.62,-1.7,1.39,-0.32,-0.43,0.997872,,,,,,,,-0.62,-1.09,3,-1.84,-0.1,0.999192,
21-10-2025,NSE:BIL,EQ,1125.75,4785,5.84,5.66,4,778.15,4.81,3.76,-2.54,-9.56,-12.21,-14.79,33.82,-1.89,3.33,54.98,-1,-1,-1,-1,-1,-1,-1,-1,-1,-1,-1,-12.57,-17.81,-17.81,-17.81,-17.81,-12.57,-7.77,0,-38.44,-5.22,0,4.81,43.9,72.92,206.42,4.81,28.19,98.5,21.65,212.21,196.22,-13.36,-16.39,26.77,-10.5,2.97,0.997375,63,,,,,,,-13.36,-2.76,36.82,-55.63,14.14,1.01875,78
21-10-2025,NSE:SDL26BEES,EQ,5064.69,55923,0.83,0.84,5,134.03,0.38,0.11,0.57,0.78,0.48,1.72,3.27,5.29,6.6,11.59,-1,-1,-1,-1,-1,-1,-1,-1,-1,-1,21,-0.3,-0.3,-0.3,-0.3,-0.3,-0.3,0,-0.75,-0.29,-0.02,-0.31,1.72,3.76,7.46,13.11,0.79,2,4.04,5.66,7.58,6.09,-0.67,0.12,-3.78,-3.32,6.24,0.99735,63,,,,,,,-0.67,0.79,-3.96,0.41,10.4,1.004047,66
21-10-2025,NSE:TOP10ADD,EQ,733.14,257641,1.02,1.05,1,98.8,0.04,2.66,2.8,5.02,2.36,1.3,3.31,6.12,3.28,NA,-1,-1,-1,-1,-1,-1,-1,-1,-1,-1,-1,0,0,-2.12,-2.12,NA,0,-4.43,-3.39,-12.74,-15.28,NA,5.67,5.67,12.7,NA,5.66,3.18,11.24,8.97,1.03,NA,1.21,-0.3,-3.74,-2.49,2.92,0.997325,63,,,,,,,1.21,-1.55,-3.49,1.23,5.99,1.001468,62
21-10-2025,NSE:AEGISLOG,EQ,27909.76,953128,4.3,4.3,3,802.65,0.07,-0.71,-2.21,7.95,1.38,5.69,1.05,-3.55,10.03,54.46,-1,HV2Q,HVQ,-1,HV2Q,EEP,-1,-1,-1,-1,-1,-8.91,-8.91,-13.75,-16.73,-16.73,-8.91,-4.1,-18.66,-17.6,-13.78,-22.94,19.42,19.42,26.23,121.3,8.64,17.76,19.05,24.91,129.16,99.1,0.23,4.09,-6,-12.16,9.67,0.997002,63,,,,,,,0.23,3.9,-10.45,-6.33,22.13,1.008328,70
21-10-2025,NSE:SETF10GILT,EQ,3262.52,22273,0.73,0.73,5,260.12,0.53,0.6,0.65,1.23,0.82,0.48,1.72,6.49,7.7,13.41,-1,-1,-1,-1,-1,-1,-1,-1,-1,-1,-1,0,0,0,0,0,0,-0.41,-0.37,0,-0.22,-0.3,2.24,2.24,8.8,15.42,1.25,1.4,6.42,9.54,8.54,7.13,-0.33,-1.12,-5.33,-2.12,7.34,0.996923,63,,,,,,,-0.33,-0.8,-4.28,3.17,10.31,1.004701,67
21-10-2025,NSE:AZAD,EQ,10655.99,222425,3.23,3.32,2,1668.1,1.92,1.09,1.23,4.38,0.14,3.12,6.44,-0.68,7.21,42.52,-1,HVQ,-1,-1,EEP,EEP,-1,-1,-1,-1,-1,-3.49,-3.49,-9.74,-11.53,-15.83,-3.49,0,-12.56,-17.23,-15.26,-21.89,14.98,14.98,39.43,70.28,7.15,14.81,35.08,30.45,96.58,81.19,-1.01,1.52,-0.61,-9.29,6.85,0.9969,63,,,,,,,-1.01,2.52,-2.1,-9.29,16.85,1.004859,67
21-10-2025,NSE:OILIETF,EQ,206.35,1753380,1.42,1.44,2,11.8,0.08,2.46,1.19,2.97,2.88,0.42,6.61,8.64,-4.66,NA,-1,-1,-1,-1,-1,-1,-1,-1,-1,-1,-1,0,0,-2.88,-3.36,NA,0,-5.68,-3.29,-18.85,-20.62,NA,7.76,8.56,22.66,NA,4.61,4.66,22.14,14.55,2.47,NA,1.73,-1.18,-0.44,0.03,-5.02,0.996802,63,,,,,,,1.73,-2.99,0.68,0.5,-5.54,0.996401,55
21-10-2025,NSE:APARINDS,EQ,35669.46,62791,2.79,2.78,4,8584,0.21,0.92,0.62,2.64,-3.06,-7.85,38.56,-16.99,-23.09,30.6,-1,-1,EEP,-1,-1,EEP,-1,-1,-1,-1,-1,-2.28,-11.34,-11.34,-26.42,-26.42,-2.28,-8.62,-8.97,-54.79,-13.92,-3.56,11.04,60.69,78.19,78.19,4.86,14.44,92.18,9.48,75.35,84.5,-4.21,-9.45,31.51,-25.6,-23.45,0.996752,63,,,,,,,-4.21,-5.11,37.5,-92.1,3.81,1.009104,71
21-10-2025,NSE:SACHEEROME,SM,510.55,67848,4.2,4.31,2,219.55,0.32,6.92,4.53,4.55,-4.01,13.8,NA,NA,NA,NA,-1,-1,-1,-1,-1,-1,-1,-1,-1,-1,-1,-5.91,-8.21,NA,NA,NA,-5.91,-4.54,NA,NA,NA,NA,29.95,NA,NA,NA,8.15,55.02,NA,NA,NA,NA,-5.16,12.2,0,0,0,0.996628,63,,,,,,,-5.16,16.66,94.47,-1.68,9.02,1.018522,78
21-10-2025,NSE:CPSEETF,EQ,33405.22,1028398,2.08,2.04,2,94.09,0.10,1.81,0.37,2.05,1.14,1.06,4.57,10.14,-2.95,20.3,-1,-1,-1,-1,-1,HV2Y,-1,-1,-1,-1,-1,0,0,-0.35,-2.69,-11.38,0,-1.48,-1.41,-15.43,-20.36,-8.76,7.13,9.04,22.9,24.51,2.54,5.91,21.59,17.28,14.71,31.42,-0.01,-0.54,-2.48,1.53,-3.31,0.996133,63,,,,,,,-0.01,-0.54,-1.99,4.16,-5.55,0.998008,58
21-10-2025,NSE:LTGILTBEES,EQ,2757.86,4153709,0.75,0.74,0,29.04,0.03,0.24,0.31,0.83,0.69,0.28,1.62,6.03,7.47,13.29,-1,-1,-1,-1,-1,-1,-1,-1,-1,-1,-1,-0.07,-0.07,-0.07,-0.07,-0.07,-0.07,-0.48,-0.07,-0.03,-0.04,-0.22,1.93,1.93,8.44,15.47,0.83,1.23,6.08,9.46,9.07,7.39,-0.46,-1.32,-5.43,-2.58,7.11,0.995768,62,,,,,,,-0.46,-0.88,-4.18,2.8,10.56,1.004368,66
21-10-2025,NSE:NDLVENTURE,BE,289.58,80796,4.38,4.3,6,83.78,2.08,0.57,-0.54,2.6,-2.47,13.95,26.99,-22.3,-35.07,-34.46,-1,-1,HVQ,HVQ,HV2Y,HV2Y,-1,-1,-1,-1,-1,-1.79,-17.92,-17.92,-30.97,-32.97,-1.79,-15.89,-31.13,-51.06,-18.02,-9.46,32.06,47.97,60.5,60.5,2.67,35.32,38.1,17.18,19.84,32.35,-3.62,12.35,19.94,-30.91,-35.43,0.995624,62,,,,,,,-3.62,15.57,9.62,-69.18,-1.42,0.991691,50
21-10-2025,NSE:SCHAEFFLER,EQ,65022.33,50552,3,3.02,1,3927.9,1.76,-0.88,-9.08,-5.43,-5.41,-9.02,15.06,16.44,-2.72,23.48,-1,-1,-1,-1,-1,EEP,-1,-1,-1,-1,-1,-8.36,-8.36,-8.99,-8.99,-18.6,-8.36,-3.31,-0.78,-21.82,-31.99,-16.39,3.86,22.97,33.97,41.83,1.76,9.48,46.06,13.79,18.51,45.68,-6.56,-10.62,8.01,7.83,-3.08,0.995456,62,,,,,,,-6.56,-3.89,16.56,-0.06,-13.91,0.999272,59
21-10-2025,NSE:TAJGVK,EQ,2708.7,471239,2.53,2.51,5,411.25,0.48,-1.11,-5.43,-0.35,-4.57,-2.54,-12.21,5.23,26.52,25.36,-1,-1,-1,-1,HV2Q,HV2Y,-1,-1,-1,-1,-1,-5.15,-15.21,-15.21,-20.09,-20.09,-5.15,-11.34,-18.06,-10.34,-12.53,-25.67,2.25,13.59,43.34,43.34,0.61,9.37,22.8,60.84,52.51,18.25,-5.72,-4.14,-19.26,-3.38,26.16,0.995268,62,,,,,,,-5.72,1.48,-14.96,13.86,31.48,1.024796,82
21-10-2025,NSE:ZYDUSLIFE,EQ,104447.09,987411,1.98,2.03,6,999.5,-0.28,2.03,1.16,0.74,-3.78,2.95,14.69,1.14,-2.06,14.29,-1,-1,-1,-1,-1,EEP,-1,-1,-1,-1,-1,-4.34,-4.61,-4.61,-4.61,-23.17,-4.34,-1.01,-3.79,-34.45,-24.04,-21.59,7.16,16.27,21.58,21.58,2.51,11.21,17.99,3.72,30.72,34.95,-4.93,1.35,7.64,-7.47,-2.42,0.995259,62,,,,,,,-4.93,6.03,6.56,-17.56,5.79,0.999372,60
21-10-2025,NSE:CDSL,EQ,33105.6,1890799,2.37,2.36,1,1604,0.26,-0.16,2.57,8.04,1.37,-7.95,18.17,0.05,2.14,42.34,-1,-1,-1,HV2Q,HVQ,HVQ,-1,4,-1,-1,-1,-1.11,-6.46,-11.13,-18.33,-18.33,-1.11,-12.35,-4.07,-33.17,-18.37,-1.06,12.61,31.63,51.58,93.53,9.97,11.06,63.63,24.04,93.44,89.39,0.22,-9.55,11.12,-8.56,1.78,0.9951,62,,,,,,,0.22,-9.91,18.66,-23.82,11.11,1.002164,63
21-10-2025,NSE:ARFIN,BE,782.87,480896,4.02,3.93,2,51.95,1.39,2.69,5.79,7.95,9.78,NA,NA,NA,NA,NA,-1,-1,-1,-1,-1,-1,-1,-1,8,-1,-1,0,NA,NA,NA,NA,0,NA,NA,NA,NA,NA,NA,NA,NA,NA,11.74,NA,NA,NA,NA,NA,8.63,0,0,0,0,0.995011,62,,,,,,,8.63,99.54,-5.53,-1.68,9.02,1.01108,73
21-10-2025,NSE:UTIAMC,EQ,17459.76,150514,2.94,3.01,4,1340.7,0.05,-2.01,0.99,2.43,-1.45,-9.73,17.37,7.31,0.87,33.03,-1,-1,-1,-1,EEP,EEP,-1,-1,-1,-1,-1,-4.36,-9.13,-9.13,-9.13,-9.13,-4.36,-7.81,0,-20.59,-10.92,0,4.62,36.53,45.93,65.72,4.62,9.23,60.13,20.58,53.61,64.28,-2.6,-11.33,10.32,-1.3,0.51,0.994555,62,,,,,,,-2.6,-8.61,19.17,-13.86,2.08,1.000669,61
21-10-2025,NSE:DHARMAJ,EQ,1122.07,46876,4.69,4.57,5,298.6,-1.06,0.37,-2.6,-0.72,-9.29,-10.97,26.02,15.17,-16.51,25.12,-1,-1,-1,HV2Q,-1,HV2Y,-1,-1,-1,-1,-1,-10.07,-19.82,-19.82,-19.82,-20.36,-10.07,-12.37,-5.64,-41.09,-32.44,-7.21,1.36,47.17,71.1,71.1,1.36,14.4,89.86,26.58,25.64,72.57,-10.44,-12.57,18.97,6.56,-16.87,0.99429,62,,,,,,,-10.44,-1.99,27.8,-16.35,-28.33,0.997214,56
21-10-2025,NSE:LIQUID1,EQ,1232.51,353070,0.17,0.18,4,1074.26,0.00,0.11,0.21,0.32,0.44,1.31,2.59,4.12,5.64,NA,-1,-1,-1,-1,-1,-1,-1,-1,-1,8,-1,0,0,0,0,NA,0,0,0,0,0,NA,1.31,2.65,5.96,NA,0.43,1.28,2.88,4.64,3,NA,-0.71,-0.29,-4.46,-4.49,5.28,0.994269,62,,,,,,,-0.71,0.41,-4.23,-0.11,10.6,1.002963,64
21-10-2025,NSE:WELCORP,EQ,23777.34,358835,2.4,2.41,5,850.2,2.08,2.96,-2.53,0.48,-6.3,-9.59,8.54,9.82,15.12,36.24,-1,-1,-1,EEP,EEP,HV2Y,-1,-1,-1,-1,-1,-4.72,-9.71,-12.01,-12.01,-12.01,-4.72,-4.01,-3.58,-11.58,-6.56,-5.83,3.14,16.95,25.79,80.41,3.05,9.64,33.5,23.43,62.69,53.14,-7.45,-11.19,1.49,1.21,14.76,0.994183,62,,,,,,,-7.45,-3.55,11.01,-0.28,14.9,1.009644,71
21-10-2025,NSE:LIQUIDCASE,EQ,5500.14,9505698,0.57,0.57,4,111.01,0.00,0.11,0.21,0.33,0.43,1.29,2.55,4.05,5.54,9.42,-1,-1,-1,-1,-1,-1,-1,-1,-1,-1,24,0,0,0,0,0,0,0,0,0,0,0,1.3,2.6,5.85,10.39,0.43,1.26,2.83,4.73,6.16,4.52,-0.72,-0.31,-4.5,-4.56,5.18,0.994039,62,,,,,,,-0.72,0.4,-4.25,-0.14,10.57,1.002863,64
21-10-2025,NSE:LIQUIDADD,EQ,2374.21,631884,0.07,0.08,5,1096.44,-0.00,0.11,0.21,0.32,0.43,1.28,2.54,4.04,5.52,NA,-1,-1,-1,-1,-1,-1,-1,-1,4,-1,-1,0,0,0,0,NA,0,0,0,0,0,NA,1.29,2.59,5.83,NA,0.42,1.25,2.82,4.71,4.95,NA,-0.72,-0.32,-4.51,-4.57,5.16,0.993993,62,,,,,,,-0.72,0.4,-4.26,-0.14,10.57,1.002845,64
21-10-2025,NSE:NEXT50IETF,EQ,1752.06,549323,1.74,1.73,3,73.33,0.58,2.32,1.62,2.92,0.37,2.24,6.86,8.15,-7.43,20.5,-1,-1,-1,-1,-1,-1,-1,-1,-1,-1,-1,0,0,0,-5.25,-9.27,0,0,-0.51,-15.49,-16.67,-2.52,6.58,12.13,22.07,24.52,3.91,6.19,19.34,13.7,18.57,38.7,-0.78,0.64,-0.19,-0.46,-7.79,0.993831,62,,,,,,,-0.78,1.42,-0.8,-0.29,-7.95,0.995117,54
21-10-2025,NSE:HERCULES,EQ,604.8,58831,5.71,5.77,2,198.24,0.68,0.93,12.29,13.69,4.85,1.68,15.74,-2.3,-16.45,37.73,HVQ,HVQ,-1,HV2Q,HV2Q,HV2Y,-1,-1,-1,-1,-1,-6.49,-6.49,-8.67,-30.9,-30.9,-6.49,-8.3,-10.21,-41.78,-29.31,0,26.2,34.39,52.06,58.94,17.21,20.07,49.5,28.13,64.29,87.01,3.7,0.08,8.69,-10.91,-16.81,0.993784,62,,,,,,,3.7,-3.79,8.76,-23.09,-4.81,0.989982,48
21-10-2025,NSE:LALPATHLAB,EQ,28667.98,126726,2.76,2.75,4,3136.3,-0.35,-1.27,-0.33,0.11,-10.75,5.19,11.93,10.29,-6.17,21.6,-1,-1,-1,-1,-1,EEP,-1,-1,-1,-1,-1,-7.44,-9.71,-9.71,-9.71,-13.01,-7.44,0,-1,-23.39,-21.97,-7.65,4.4,14.58,35.74,55.95,1.84,26.9,28.7,19.55,39.9,65.58,-11.9,3.59,4.88,1.68,-6.53,0.993727,62,,,,,,,-11.9,13.93,1.58,-3.54,-9.33,0.99991,60
21-10-2025,NSE:MEDIASSIST,EQ,3815.09,272042,3.08,3.16,3,560.3,2.72,2.3,5.84,5.31,4.12,2.78,18.87,-7.75,-16.86,11.15,-1,-1,-1,-1,EEP,EEP,-1,-1,-1,-1,-1,0,-0.4,-4.15,-13.13,-19.14,0,-8.1,-9.68,-34.4,-12.87,-5.51,10.78,32.05,33.15,33.15,7.62,13.78,29.44,8.02,34.33,45.68,2.97,1.18,11.82,-16.36,-17.22,0.993683,62,,,,,,,2.97,-1.86,11.02,-34.5,0.57,0.991123,49
21-10-2025,NSE:STYLAMIND,EQ,2932.01,65190,3.83,3.78,2,1944.8,2.93,-3.02,6.22,16.2,11.92,10.01,6.73,-6.77,-35.04,18.29,-1,2,HVY,-1,-1,EEP,-1,-1,-1,-1,-1,-4.43,-4.43,-4.43,-26.97,-26.97,-4.43,-8.93,-17.74,-31.88,-22.02,0,21.63,25.53,29.24,33.42,19.33,7.13,16.31,20.54,42.46,80.18,10.77,8.41,-0.32,-15.38,-35.4,0.993607,62,,,,,,,10.77,-2.63,-9.17,-16.15,-17.46,0.982022,37
21-10-2025,NSE:LIQUIDBETF,EQ,781.85,381672,0.02,0.04,6,1053.27,0.00,0.11,0.21,0.31,0.42,1.27,2.51,4.02,5.06,NA,-1,-1,-1,-1,-1,-1,-1,-1,2,-1,-1,0,0,0,0,NA,0,0,0,-0.31,-1.85,NA,1.27,2.56,5.38,NA,0.41,1.24,2.81,2.73,1.15,NA,-0.73,-0.33,-4.54,-4.59,4.7,0.993541,62,,,,,,,-0.73,0.4,-4.28,-0.14,10.11,1.002466,64
21-10-2025,NSE:HDFCLIFE,EQ,169202.64,2833243,1.91,1.9,4,743.7,0.20,0.02,-1.6,-1.73,-5.18,-1.16,4.19,13.76,2.27,22.39,-1,-1,-1,-1,EEP,EEP,-1,-1,-1,-1,-1,-5.6,-6.63,-8.67,-8.67,-8.67,-5.6,-3.94,-7.61,-6.1,-15.47,-4.22,0.7,5.56,25.16,39.15,0.2,5.92,23.63,19.92,20.01,35.99,-6.33,-2.76,-2.86,5.15,1.91,0.993435,61,,,,,,,-6.33,3.36,-0.25,8.31,-4.29,1.002144,63
21-10-2025,NSE:PIDILITIND,EQ,155710.25,588586,1.82,1.8,4,1532,0.37,2.66,3.99,4.26,0.51,3.23,1.15,9.11,-3.79,12.85,-1,-1,-1,-1,-1,-1,-1,-1,-1,-1,-1,-0.69,-2.01,-2.01,-4.64,-8.9,-0.69,-2.52,-4.8,-9.95,-17.2,-5.45,7.17,7.17,15.28,15.47,4.45,6.62,11.56,13.95,10.94,26.67,-0.64,1.63,-5.9,0.5,-4.15,0.993351,61,,,,,,,-0.64,2.27,-7.68,6.37,-5.17,0.998216,58
21-10-2025,NSE:BHARATRAS,EQ,4153.61,5321,2.75,3,0,10716,5.84,12.22,7.28,7.52,7.24,-3.73,6.49,6.97,-8.8,17.58,-1,-1,-1,HV2Y,HVQ,HV2Y,-1,-1,-1,-1,-1,0,-6.81,-7.16,-11.05,-22.03,0,-13.88,-3.69,-27.09,-27.46,-15.16,13.92,20.57,20.57,26.96,13.92,0,25.07,7.9,18.11,38.13,6.09,-5.33,-0.56,-1.64,-9.16,0.993321,61,,,,,,,6.09,-12.29,4.33,-1.17,-7.93,0.993256,52
21-10-2025,NSE:PHOENIXLTD,EQ,58220.84,660268,2.47,2.47,1,1651.8,-0.27,1.57,2.42,6.24,1.33,9.57,-1.85,-0.39,-1.58,19.64,-1,-1,-1,-1,EEP,EEP,-1,-1,-1,-1,-1,-2.54,-2.54,-2.54,-11.58,-19.33,-2.54,0,-18.02,-17.84,-19.01,-18.05,16.55,16.55,18.16,29.66,7.23,14.99,2.46,20.34,41.1,42.77,0.18,7.97,-8.9,-9,-1.94,0.993314,61,,,,,,,0.18,7.89,-18.16,-0.25,7.84,1.001211,62
21-10-2025,NSE:MGEL,EQ,516.74,1835285,6.6,6.43,4,15.5,-0.13,-8.97,-10.13,-4.84,-0.26,-10.32,3.61,8.97,13.71,33.45,-1,-1,-1,HVQ,HVQ,HV2Y,-1,-1,-1,-1,-1,-13.84,-13.84,-13.84,-13.84,-13.84,-13.84,-11.8,-0.75,-6.8,-7.9,-12.7,3.26,28.95,43.39,74.96,2.65,7.47,42.74,38.21,59.27,50.97,-1.41,-11.92,-3.44,0.36,13.35,0.993292,61,,,,,,,-1.41,-10.5,7.1,3.88,14.23,1.007734,70
21-10-2025,NSE:PEL,EQ,25614.58,849367,3.53,3.49,5,1124.2,0.18,-1.49,4.21,3.35,-3.56,0.26,14.4,-2.09,2.97,17.02,-1,-1,HV2Q,EEP,EEP,EEP,-1,-1,-1,-1,-1,-5.57,-16.06,-16.06,-16.06,-16.06,-5.57,-13.07,-5.63,-24.21,-9.62,-2.83,5.94,18.61,28.86,49.06,5.94,7.51,28.53,10.69,52.17,44.64,-4.71,-1.34,7.35,-10.7,2.61,0.992754,61,,,,,,,-4.71,3.22,8.65,-20.93,13.97,1.00227,63
21-10-2025,NSE:FILATEX,EQ,2531.31,1045487,3.93,3.87,4,56.16,-0.53,4.43,11.43,8.24,-1.39,-3.97,15.54,3.49,-2.1,-9.6,-1,-1,HV2Q,HVQ,EEP,EEP,-1,-1,-1,-1,-1,-1.68,-5.44,-9.97,-21.29,-23.28,-1.68,-8.72,-6.4,-33.52,-25.96,-21.67,12.91,34.87,58.02,58.02,12.91,9.88,64.29,33.46,6.69,12.87,-2.54,-5.57,8.49,-5.12,-2.46,0.992745,61,,,,,,,-2.54,-3.01,13.24,-15.95,3.23,0.99793,57
21-10-2025,NSE:SCHNEIDER,EQ,21280.26,90530,3.18,3.2,6,820.4,0.74,0.48,-2.71,-3.03,-8.65,-11.81,24.22,10.01,-4.7,31.45,-1,-1,-1,HV2Y,HV2Y,EEP,-1,-1,-1,-1,-1,-7.12,-20.53,-20.53,-20.53,-20.53,-7.12,-13.66,0,-28.54,-21.38,-8.53,0.74,48.91,48.91,49.59,0.74,17.51,66.49,10.28,59.5,85.58,-9.8,-13.41,17.17,1.4,-5.06,0.992694,61,,,,,,,-9.8,-3.37,26.69,-20.43,-7.33,1.00132,62
21-10-2025,NSE:SETFNN50,EQ,2254.01,32124,1.65,1.63,3,741.28,0.19,1.89,1.33,2.67,0.04,1.91,6.4,8.02,-7.73,19.66,-1,-1,-1,-1,-1,-1,-1,-1,-1,-1,-1,-0.31,-0.31,-0.31,-5.67,-9.55,-0.31,0,-0.48,-15.33,-16.8,-2.55,6.24,11.82,22.01,23.74,3.51,6.2,19.67,14.2,18.11,38.34,-1.11,0.31,-0.65,-0.59,-8.09,0.992226,61,,,,,,,-1.11,1.42,-0.96,0.05,-8.1,0.994778,54
21-10-2025,NSE:GRAPHITE,EQ,11195.02,761866,3.18,3.18,3,556.5,1.50,0.95,-3.19,1.93,-2.41,-3.64,13.32,9.07,-5.96,1.82,-1,-1,-1,HVQ,HV2Y,EEP,-1,-1,-1,-1,-1,-5.73,-5.73,-5.73,-8.52,-19.2,-5.73,-2.94,-1.77,-20.71,-26.52,-14.38,8.95,27.39,48.62,48.62,1.97,11.57,54.03,28.82,9.42,21.17,-3.56,-5.24,6.27,0.46,-6.32,0.992146,61,,,,,,,-3.56,-1.66,10.84,-6.59,-7.5,0.995539,54
21-10-2025,NSE:J&KBANK,EQ,11628.49,2003790,2.78,2.79,3,107.3,0.57,3.48,2.98,6.37,1.58,-4.44,-6.37,11.43,9.49,-25.16,-1,-1,-1,-1,HV2Y,HV2Y,-1,-1,-1,-1,-1,-0.2,-4.11,-8.07,-8.07,-26.98,-0.2,-9.52,-3.99,-2.41,-35.63,-34.22,8.47,19.04,21.28,21.28,7.79,6.76,25.94,29.02,7.43,0.32,0.43,-6.04,-13.42,2.82,9.13,0.992112,61,,,,,,,0.43,-6.57,-7.39,15.05,6.83,1.006732,69
21-10-2025,NSE:INDSWFTLAB,BE,630.44,51284,4.35,4.33,4,104.88,0.06,1.87,3.59,8.39,0.74,-1.08,18.98,0.31,-15.22,1.94,-1,-1,-1,HVQ,HV2Y,HV2Y,-1,-1,-1,-1,-1,-2.61,-4.8,-12.71,-20.39,-40.65,-2.61,-13.36,-11.77,-51.92,-40.83,-31.62,12.2,49.55,49.55,49.55,10.13,11.36,51.16,2.73,16.27,27.07,-0.41,-2.68,11.93,-8.3,-15.58,0.991988,61,,,,,,,-0.41,-2.29,14.32,-24.74,-6.55,0.991433,50
21-10-2025,NSE:NIFTYMIDSML400,IN,,,,,,20285.5,0.38,1.87,1.48,4.07,-0.24,-1.3,8.59,6.5,-2.8,18.48,0,0,0,0,0,0,0,-1,-1,-1,-1,0,-1.07,-1.59,-2.14,-4,,,,,,,,,,,,,,,,,-1.39,-2.9,1.54,-2.11,-3.16,0.991879,,,,,,,,-1.39,-1.52,4.23,-3.97,-0.92,0.996683,
21-10-2025,NSE:LLOYDSME,EQ,69919.32,304488,3.03,3,5,1350.6,2.26,2.01,2.9,7,1.64,-13.24,2.29,-6.21,25.51,59.5,-1,-1,-1,HVQ,EEP,EEP,-1,-1,-1,-1,-1,0,-11.92,-15,-15,-15,0,-16.39,-3.74,-8.96,-1.05,0,10.25,14.9,47.9,153.9,10.25,3.08,57.57,89.75,169.67,89.12,0.49,-14.84,-4.76,-14.82,25.15,0.991609,61,,,,,,,0.49,-15.58,8.18,-10.38,38.89,1.022006,80
21-10-2025,NSE:NEXT50,EQ,839.87,15163,1.16,1.18,5,713.58,0.43,1.97,1.52,2.57,-0.1,1.93,6.18,7.83,-7.95,20.18,-1,-1,-1,-1,-1,-1,-1,-1,-1,-1,-1,-0.59,-0.59,-0.59,-5.54,-9.85,-0.59,0,-0.79,-15.42,-16.9,-2.68,6.27,11.53,22.6,23.7,3.56,6.38,20.24,15.02,18.43,38.7,-1.25,0.33,-0.87,-0.78,-8.31,0.991533,61,,,,,,,-1.25,1.56,-1.19,0.07,-8.09,0.9946,53
21-10-2025,NSE:JUNIORBEES,EQ,6808.52,246253,2.23,2.21,6,747.74,0.13,2.07,1.55,2.51,-0.14,1.77,6.48,7.81,-8.03,19.81,-1,-1,-1,-1,-1,-1,-1,-1,-1,-1,-1,-0.29,-0.29,-0.29,-5.71,-9.46,-0.29,0,-0.39,-15.32,-16.53,-2.19,6.19,11.58,22.16,23.91,3.48,6.34,20,14.25,18.22,38.54,-1.29,0.17,-0.57,-0.8,-8.39,0.991508,61,,,,,,,-1.29,1.44,-0.74,-0.25,-8.17,0.994498,53
21-10-2025,NSE:SHRINGARMS,EQ,1824.49,3905161,3.98,4.03,0,204.69,1.88,3.51,-0.65,10.68,7.36,NA,NA,NA,NA,NA,-1,-1,-1,-1,-1,-1,NA,-1,-1,-1,-1,-3.28,NA,NA,NA,NA,-3.28,NA,NA,NA,NA,NA,NA,NA,NA,NA,14.24,NA,NA,NA,NA,NA,6.21,0,0,0,0,0.991463,61,,,,,,,6.21,99.54,-5.53,-1.68,9.02,1.007475,69
21-10-2025,NSE:TMB,EQ,6885.91,61362,1.7,1.7,0,455.5,1.90,6.07,4.58,7.14,4.36,-0.14,1.57,0.6,3.01,-6.94,-1,-1,-1,-1,-1,-1,-1,-1,-1,-1,-1,0,-1.05,-1.05,-9.41,-9.41,0,-5.37,-0.51,-10.83,-10.33,-12.5,7.95,7.95,11.94,11.94,7.95,3.15,12.1,10.19,6.64,0,3.21,-1.74,-5.48,-8.01,2.65,0.991302,61,,,,,,,3.21,-5.17,-3.82,-2.66,11.44,1.000167,61
21-10-2025,NSE:JAINIK,ST,206.61,54552,4.26,4.38,1,123.05,-1.28,-9.59,-11.34,-13.73,-19.63,19.46,NA,NA,NA,NA,-1,-1,-1,-1,-1,-1,-1,-1,-1,-1,-1,-14.55,-17.97,NA,NA,NA,-14.55,-1.87,NA,NA,NA,NA,25.43,NA,NA,NA,0,140.52,NA,NA,NA,NA,-20.78,17.86,0,0,0,0.991234,61,,,,,,,-20.78,32.22,94.47,-1.68,9.02,1.03763,87
21-10-2025,NSE:DMART,EQ,311245.63,509705,1.98,2.02,6,4274.5,-0.02,1.62,-0.67,-5.97,-11.72,5.87,-3.77,15.76,2.36,14.01,-1,-1,-1,-1,EEP,EEP,-1,-1,-1,-1,-1,-8.49,-11.49,-11.49,-11.49,-20.72,-8.49,-1.12,-10.75,-17.73,-33.21,-22.58,8.22,8.22,25.57,25.57,1.71,20.9,18.21,30.31,5.65,13.55,-12.87,4.27,-10.82,7.15,2,0.991214,61,,,,,,,-12.87,15.28,-15.77,17.14,-6.89,1.009637,71
21-10-2025,NSE:DAMCAPITAL,EQ,1738.8,575753,4.19,4.15,5,259.1,1.63,5.81,5.01,7.87,5.26,7.95,12.98,-31.94,NA,NA,-1,-1,-1,-1,-1,-1,-1,-1,-1,-1,-1,0,0,-13.23,NA,NA,0,-6.19,-29.53,-45.68,NA,NA,24.16,27.96,NA,NA,10.99,17.62,18.66,12.18,NA,NA,4.11,6.35,5.93,-40.55,0,0.991143,60,,,,,,,4.11,2.38,-0.07,-53.29,109.02,0.98346,39
21-10-2025,NSE:ONESOURCE,EQ,20975.29,140705,3.35,3.32,5,1848,-0.52,0.48,-0.82,2.68,0.38,-8.24,17.49,NA,NA,NA,-1,-1,-1,HVQ,-1,-1,-1,-1,-1,-1,-1,-2.21,-7.61,-15.92,NA,NA,-2.21,-16.24,-8.99,NA,NA,NA,5.91,18.62,NA,NA,5.91,1.49,61.54,NA,NA,NA,-0.77,-9.84,10.44,0,0,0.991053,60,,,,,,,-0.77,-9.11,18.24,98.32,9.02,1.015329,76
21-10-2025,NSE:SOBHA,EQ,17170.97,184989,3.36,3.31,4,1544.2,-0.51,6.8,4.81,1.61,-3.3,-9.93,17.78,16.42,-17.8,14.98,-1,-1,EEP,EEP,EEP,EEP,-1,-1,-1,-1,-1,-3.23,-7.69,-9.04,-12.13,-27.28,-3.23,-6.03,0,-37.91,-39.22,-14.33,9.7,26.13,41.07,41.07,7.3,13.33,55.09,16,6.62,50.27,-4.45,-11.53,10.73,7.81,-18.16,0.991022,60,,,,,,,-4.45,-6.88,19.68,-3.33,-31.93,0.992323,51
21-10-2025,NSE:RELIGARE,EQ,8298.82,1622961,2.86,2.89,5,262.9,2.28,2.13,4.93,3.92,4.85,-3.64,14.85,-5.1,-5.08,11.72,-1,-1,HVQ,HVY,HVY,HVQ,-1,-1,-1,-1,-1,-0.68,-9.29,-9.29,-15.04,-15.04,-0.68,-13.68,-0.63,-27.66,-10.71,-5.85,10.93,27.67,27.67,28.21,5.7,14.16,32.32,4.11,34.75,34.72,3.7,-5.24,7.8,-13.71,-5.44,0.990906,60,,,,,,,3.7,-9.38,12.32,-25.11,9.04,0.996107,55
21-10-2025,NSE:VHL,EQ,1239.91,828,2.93,2.97,3,4059.2,-0.54,6.21,2.98,6.13,4.48,-0.76,4.68,1.51,-1.73,20.55,-1,-1,-1,-1,HVQ,HV2Y,-1,-1,-1,-1,-1,-0.54,-1.03,-5.64,-26.55,-26.55,-0.54,-6.17,-4.91,-29.99,-27.66,-10.7,9.95,21.7,38.84,46.81,7.78,5.03,39.9,32.34,44.59,49.35,3.33,-2.36,-2.37,-7.1,-2.09,0.990812,60,,,,,,,3.33,-5.95,-0.13,-5,5.73,0.996717,56
21-10-2025,NSE:SKIPPER,EQ,6092.39,479187,2.73,2.71,4,510.1,-0.11,0.9,-0.97,-0.41,-4.94,5.69,10.13,6.92,-13.47,44.7,-1,-1,EEP,-1,EEP,EEP,-1,-1,-1,-1,-1,-6.94,-10.25,-10.25,-20.03,-20.03,-6.94,-5.82,-8.65,-28.13,-25.56,-0.56,12.83,15.8,36.1,112.85,0.92,18.4,28.35,34.36,100.89,144.89,-6.09,4.09,3.08,-1.69,-13.83,0.990669,60,,,,,,,-6.09,9.67,-0.83,-5.25,-12.88,0.993611,52
21-10-2025,NSE:MOM30IETF,EQ,598.77,950927,1.54,1.54,4,32.46,-0.06,2.62,3.11,6.32,2.77,2.68,9.95,3.85,-17.31,9.18,-1,-1,-1,-1,-1,-1,-1,1,-1,-1,-1,-0.06,-0.06,-0.12,-13.19,-16.17,-0.06,-2.89,-2.8,-24.51,-19.4,-1.65,7.34,10.97,23,23,6.74,4.37,19.7,10.76,7.29,30.9,1.62,1.08,2.9,-4.76,-17.67,0.990655,60,,,,,,,1.62,-0.56,1.94,-8.45,-12.99,0.989014,47
21-10-2025,NSE:KIRLOSBROS,EQ,16342.36,76473,2.68,2.65,6,1970.5,-0.21,0.02,-0.02,2.04,-4.27,-6.14,11.23,-1.11,13.1,52.79,-1,-1,HV2Y,HV2Y,EEP,EEP,-1,-1,-1,-1,-1,-2.35,-5.46,-16.41,-16.41,-24.3,-2.35,-12.84,-11.28,-28.22,-23.46,-34.22,6.07,15.1,33.08,118.65,2.11,10.62,41.25,18.14,121.3,90.19,-5.42,-7.74,4.18,-9.72,12.74,0.99061,60,,,,,,,-5.42,-2.26,10.83,-15.57,23.08,1.008924,70
21-10-2025,NSE:HOMEFIRST,EQ,13147.44,252240,3.1,3.06,3,1253,2.26,2.58,3.44,5.27,-1.27,-9.69,1.81,16.32,3.45,23.93,-1,-1,-1,HV2Y,HV2Y,HV2Y,-1,-1,-1,-1,-1,-2.02,-15.28,-15.28,-15.28,-15.28,-2.02,-14.21,-6.75,-8.24,-21.8,-9.77,6.3,9.2,41.58,58.39,6.3,5.98,55.3,39.02,32.53,52.92,-2.42,-11.29,-5.24,7.71,3.09,0.990309,60,,,,,,,-2.42,-8.77,4.95,13.1,-6.36,1.001818,63
21-10-2025,NSE:KRISHNADEF,SM,1176.03,24930,3.08,3.05,6,792.7,0.44,-2.48,-5.1,-2.14,-2.13,-7.08,-3.58,12.53,11.73,53.75,-1,-1,-1,-1,-1,HV2Y,-1,-1,-1,-1,-1,-5.6,-7.19,-17.81,-17.81,-27.65,-5.6,-15.44,-11.99,-0.19,-36.71,-36.13,8.24,8.24,48.95,155.13,1.51,10.54,59.5,54.27,123.17,125.22,-3.28,-8.68,-10.63,3.92,11.37,0.990154,60,,,,,,,-3.28,-5.31,-2.25,13.87,8.1,1.007542,69
21-10-2025,NSE:ACL,BE,885.68,68349,2.25,3.23,5,78.13,4.56,1.18,-7.44,-9.73,-22.99,8.83,24.73,-0.6,-12.82,-55.32,-1,-1,HVY,-1,-1,HVQ,-1,-1,-1,-1,-1,-17.02,-25.42,-25.42,-25.42,-35.93,-17.02,-8.28,-8.34,-40.91,-36.69,-29,26.46,47.11,58.99,58.99,4.68,55.54,44.95,19.68,7.27,13.38,-24.14,7.23,17.68,-9.21,-13.18,0.989998,60,,,,,,,-24.14,25.41,11.91,-35.33,-3.13,1.006129,68
21-10-2025,NSE:LIQUIDPLUS,EQ,310.7,106650,0,0.02,5,1055.99,0.00,0.11,0.21,0.33,0.44,1.31,2.6,4.11,NA,NA,-1,-1,-1,-1,-1,-1,-1,0,0,-1,-1,0,0,0,NA,NA,0,0,0,0,NA,NA,1.32,2.65,NA,NA,0.43,1.28,2.87,2.72,NA,NA,-0.71,-0.29,-4.45,-4.5,0,0.98986,60,,,,,,,-0.71,0.42,-4.23,-0.12,109.02,1.001748,63
21-10-2025,NSE:BORANA,EQ,583.51,86762,3.12,3.11,0,230.24,4.04,3.97,-0.03,6.12,5.13,1.05,NA,NA,NA,NA,-1,-1,-1,-1,-1,-1,-1,-1,-1,-1,-1,-0.03,-0.03,NA,NA,NA,-0.03,-8.19,NA,NA,NA,NA,8.28,NA,NA,NA,6.52,2.72,NA,NA,NA,NA,3.98,-0.55,0,0,0,0.989655,60,,,,,,,3.98,-4.76,94.47,-1.68,9.02,0.999168,59
21-10-2025,NSE:ASIANPAINT,EQ,239396.58,1041701,1.88,1.91,4,2504.6,-0.45,7.45,6.06,6.47,0.91,5.16,2.9,11.54,-23.06,-17.93,-1,-1,-1,-1,-1,-1,-1,-1,-1,-1,-1,-0.45,-3.2,-3.2,-18.04,-25.97,-0.45,-4.09,-4.94,-28.12,-34.51,-8.9,8.05,13.39,17.47,17.47,8.05,9.61,11.41,14.07,0,13.73,-0.24,3.56,-4.15,2.93,-23.42,0.98949,60,,,,,,,-0.24,3.82,-7.91,7.22,-30.09,0.989755,48
21-10-2025,NSE:ACCELYA,EQ,2224.01,20081,1.38,1.41,5,1499.8,-0.01,0.07,0.01,2.75,0.62,5.84,10.24,-0.05,-16.56,-23.37,-1,-1,-1,-1,-1,HV2Y,-1,-1,-1,-1,-1,-0.11,-0.11,-0.11,-12.18,-27.09,-0.11,0,-6.93,-29.5,-27.05,-15.01,9.83,15.2,21.26,21.26,3.26,9.15,14.18,8.84,4.17,12.17,-0.53,4.24,3.19,-8.66,-16.92,0.989387,60,,,,,,,-0.53,4.79,-0.86,-13.14,-7.49,0.989959,48
21-10-2025,NSE:DIACABS,EQ,8552.74,2418620,3.44,3.41,5,144.55,0.73,2.58,0.77,-5.95,-12.05,-16.8,25.74,19.8,-20.7,80.4,-1,-1,2,HVQ,HVQ,HV2Y,-1,-1,-1,-1,-1,-11.05,-15.11,-18.83,-21.64,-21.64,-11.05,-9.05,-5.2,-41.81,-37.15,0,4.87,63.26,73.4,400.17,3.06,51.44,102.53,28.77,388.33,634.94,-13.2,-18.4,18.69,11.19,-21.06,0.98922,60,,,,,,,-13.2,-4.7,30.89,-9.68,-41.48,0.997517,56
21-10-2025,NSE:DBEIL,EQ,782.56,273312,5.16,5.14,4,157.17,3.22,-6.58,-9.67,-8.22,-6.24,12.09,5.59,-9.39,NA,NA,-1,-1,HV2Q,-1,-1,-1,-1,-1,-1,-1,-1,-12.31,-12.31,-12.31,NA,NA,-12.31,0,-22.74,-27.37,NA,NA,20.52,20.69,NA,NA,4.61,28.04,6.1,11.94,NA,NA,-7.39,10.49,-1.46,-18,0,0.98909,60,,,,,,,-7.39,16.79,-12.92,-17.55,109.02,0.998277,58
21-10-2025,NSE:NIFTYJR,IN,,,,,,69519.65,0.10,1.89,1.22,2.42,-0.31,1.46,5.71,7.13,-8.89,18.98,0,0,0,0,0,0,0,-1,-1,-1,-1,-0.63,-0.63,-0.63,-6.42,-10.66,,,,,,,,,,,,,,,,,-1.46,-0.14,-1.34,-1.48,-9.25,0.988937,,,,,,,,-1.46,1.31,-1.22,-0.18,-8.22,0.993683,
21-10-2025,NSE:BALAJIPHOS,ST,394.7,34560,2.27,3.26,3,145.75,0.00,3.53,-9.02,-13.89,-16.3,3.26,18.97,NA,NA,NA,-1,-1,-1,-1,-1,-1,-1,-1,-1,-1,-1,-14.26,-20.7,-20.7,NA,NA,-14.26,-7.78,-3.95,NA,NA,NA,5.62,26.74,NA,NA,4.11,23.27,89.64,NA,NA,NA,-17.45,1.66,11.92,0,0,0.988761,60,,,,,,,-17.45,16.35,10.71,98.32,9.02,1.022222,81
21-10-2025,NSE:VINSYS,SM,640.03,61120,4.42,4.5,4,400,0.09,-1.17,6.9,-8.95,-11.28,10.5,1.25,-4.71,9.63,31.97,-1,-1,HV2Y,-1,HVQ,HV2Y,-1,-1,-1,-1,-1,-11.96,-11.96,-11.96,-11.96,-11.96,-11.96,0,-16.74,-9.35,-3.88,-13.93,18.87,18.87,25.81,61.49,10.79,32.27,12.6,24.23,69.1,45.94,-12.43,8.9,-5.8,-13.32,9.27,0.988736,60,,,,,,,-12.43,19.11,-15.87,-7.72,22.71,1.013991,75
21-10-2025,NSE:WELENT,EQ,7733.18,266863,3.91,3.85,1,552.95,0.30,4.58,3.07,9.5,-1.06,6.75,7.75,-9.86,-0.29,36.55,HV2Q,HV2Q,HV2Q,-1,-1,HV2Y,-1,-1,-1,-1,-1,-1.76,-1.76,-1.76,-15.09,-15.09,-1.76,-0.22,-17.16,-21.67,-6.72,-8.92,26,26,32.47,92.43,10.71,27.33,23.54,22.21,111.4,92.99,-2.21,5.15,0.7,-18.47,-0.65,0.988599,60,,,,,,,-2.21,7.26,-4.45,-20.76,17.73,1.000792,61
21-10-2025,NSE:MONOLITH,ST,1040.61,37380,4.65,4.64,1,460.05,-1.36,-4.11,-0.8,2.18,-3.67,8.37,NA,NA,NA,NA,-1,-1,-1,-1,-1,-1,-1,-1,-1,-1,-1,-4.98,-4.98,NA,NA,NA,-4.98,-1.23,NA,NA,NA,NA,17.51,NA,NA,NA,7.61,96.64,NA,NA,NA,NA,-4.82,6.77,0,0,0,0.988569,59,,,,,,,-4.82,11.16,94.47,-1.68,9.02,1.009534,71
21-10-2025,NSE:RUBFILA,EQ,455.85,81561,3.07,3.02,5,82.06,2.19,3.18,-0.33,0.21,-2.28,-5.5,12.3,3.67,0.76,NA,-1,-1,HV2Q,HV2Q,HV2Y,HV2Y,-1,-1,-1,-1,-1,-2.48,-4.96,-9.51,-9.51,NA,-2.48,-7.44,-4.53,-25.23,-17.88,NA,15.37,30.67,30.67,NA,3.29,18,37.85,13.09,8.93,NA,-3.43,-7.1,5.25,-4.94,0.4,0.988457,59,,,,,,,-3.43,-3.61,11.33,-11.52,6,0.998678,59
21-10-2025,NSE:ALPHAETF,EQ,443.09,604824,1.86,1.87,3,25.69,-0.04,2.02,2.8,6.07,0.82,1.28,8.29,4.67,-12.18,13.35,-1,-1,-1,-1,-1,-1,-1,-1,-1,-1,-1,-0.04,-0.04,-1.15,-9.35,-13.21,-0.04,-1.96,-2.42,-20.41,-17.26,-2.64,6.69,11.31,24.11,24.11,6.69,4.77,22.51,13.82,11.83,31.6,-0.33,-0.32,1.24,-3.94,-12.54,0.988297,59,,,,,,,-0.33,0.01,1.57,-5.63,-8.66,0.991296,49
21-10-2025,NSE:ICICIBANK,EQ,1001683.8,10190510,1.37,1.4,4,1382,-0.60,-0.15,0.44,2.45,-1.46,-6.06,-2.5,9.62,10.05,27.92,-1,-1,-1,-1,-1,-1,-1,-1,-1,-1,-1,-3.8,-7.16,-7.16,-7.16,-7.16,-3.8,-5.8,0,0,-7.21,-7.12,2.52,2.52,15.54,35.94,2.52,0.57,22.54,21.94,26.26,25.66,-2.61,-7.66,-9.55,1.01,9.69,0.988198,59,,,,,,,-2.61,-5,-2.17,10.14,9.5,1.005452,67
21-10-2025,NSE:MUKANDLTD,EQ,1984.65,180606,3.52,3.48,6,129.39,1.37,1.48,-5,-0.39,-6.21,-6.59,21.9,9.63,-19.6,-23.89,-1,-1,HV2Y,HV2Y,HV2Y,HV2Y,-1,-1,-1,-1,-1,-9.21,-12.35,-16.01,-16.01,-31.74,-9.21,-10.79,-10.48,-45.38,-41.48,-22.55,4.33,33.57,48.3,48.3,1.51,20.03,58.07,15.83,3.51,9.13,-7.36,-8.19,14.85,1.02,-19.96,0.988109,59,,,,,,,-7.36,-0.82,21.2,-17.38,-23.32,0.991531,50
21-10-2025,NSE:SHREECEM,EQ,108188.12,28915,1.84,1.84,4,28950,0.24,-2.3,-2,-2.71,-3.21,-8.93,-6.77,12.2,15.58,5.82,-1,-1,-1,-1,-1,-1,-1,-1,-1,-1,-1,-3.53,-10.5,-10.5,-10.5,-10.5,-3.53,-7.62,-0.33,-0.79,-14.17,-17.47,0.24,1.56,20.95,20.95,0.24,4.82,25.7,29.14,6.19,1.95,-4.36,-10.53,-13.82,3.59,15.22,0.987912,59,,,,,,,-4.36,-6,-3.55,16.09,12.87,1.01076,73
21-10-2025,NSE:CPEDU,EQ,531.6,57972,5.43,5.75,1,309.65,5.22,13.11,8.61,14.91,4.72,NA,NA,NA,NA,NA,-1,-1,-1,-1,-1,-1,NA,-1,-1,4,-1,0,NA,NA,NA,NA,0,NA,NA,NA,NA,NA,NA,NA,NA,NA,17.56,NA,NA,NA,NA,NA,3.57,0,0,0,0,0.987787,59,,,,,,,3.57,99.54,-5.53,-1.68,9.02,1.003739,65
21-10-2025,NSE:OLECTRA,EQ,13494.07,813053,2.79,2.76,5,1439.5,-0.16,-0.68,-6.81,-9.11,-13.94,12.03,13.47,2.78,-18.77,-35.21,-1,-1,HV2Y,EEP,EEP,EEP,-1,-1,-1,-1,-1,-13.85,-13.85,-13.85,-16.64,-32.58,-13.85,-1.47,-13.63,-29.38,-34.46,-19.93,13.21,31.44,41.64,41.64,0.88,42.31,24.6,22.56,11.36,11.69,-15.09,10.43,6.42,-5.83,-19.13,0.987681,59,,,,,,,-15.09,22.33,-3.9,-14.03,-13.15,0.997402,56
21-10-2025,NSE:FLYSBS,ST,967.37,231576,4.28,4.35,1,584.75,0.55,3.33,8.94,8.82,4.55,NA,NA,NA,NA,NA,-1,-1,-1,-1,-1,-1,NA,-1,-1,-1,-1,-0.94,NA,NA,NA,NA,-0.94,NA,NA,NA,NA,NA,NA,NA,NA,NA,12.79,NA,NA,NA,NA,NA,3.4,0,0,0,0,0.987558,59,,,,,,,3.4,99.54,-5.53,-1.68,9.02,1.003507,65
21-10-2025,NSE:BOMDYEING,EQ,3813.05,1339917,2.87,2.89,6,174.71,-0.03,2.84,0.66,5.32,-5.79,5.42,19.81,4.25,-36.11,10.11,-1,-1,HV2Y,-1,-1,HV2Y,-1,-1,-1,-1,-1,-3.99,-7.49,-7.49,-30.01,-30.01,-3.99,-2.14,-5.4,-43.88,-32.98,-0.07,9.49,39.89,41.55,41.55,5.71,25.4,33.87,13.51,18.81,68.89,-6.94,3.82,12.76,-4.36,-36.47,0.987527,59,,,,,,,-6.94,10.13,9.68,-21.09,-33.13,0.984811,41
21-10-2025,NSE:BLUESTARCO,EQ,40364.24,437748,2.59,2.61,4,1963,-0.42,4.2,2.59,3.43,-0.04,7.31,-4.04,1.46,-2.51,41.34,-1,-1,-1,-1,-1,EEP,-1,-1,-1,-1,-1,-1.69,-1.69,-1.69,-16.02,-16.02,-1.69,0,-17.7,-12.63,-17.25,-6.29,15.67,28.11,28.11,64.67,4.54,21.85,18.75,28.5,75.82,82.89,-1.19,5.71,-11.09,-7.15,-2.87,0.987468,59,,,,,,,-1.19,6.88,-17.77,3.61,5,0.999854,60
21-10-2025,NSE:MAHEPC,EQ,438.14,260997,3.84,3.8,6,142.28,2.19,-1.51,-3.39,-3.96,-10.64,-4.85,0.6,14.04,10.44,7.37,-1,-1,HV2Y,HV2Y,HV2Y,HV2Y,-1,-1,-1,-1,-1,-8.08,-21.7,-21.7,-21.7,-21.7,-8.08,-13.36,-4.16,-7.47,-30.03,-27.11,5.35,7.85,39.6,39.6,2.19,16.56,37.05,38.77,20,10.94,-11.79,-6.45,-6.45,5.43,10.08,0.987369,59,,,,,,,-11.79,4.77,-0.33,11.85,4.83,1.00789,70
21-10-2025,NSE:RPTECH,EQ,2105.49,235763,3.76,3.7,0,336.75,0.19,3.13,6.41,4.31,5.54,7.77,8.23,-15.16,-12.87,NA,-1,-1,-1,-1,HVQ,HVQ,-1,-1,-1,-1,-1,-3.52,-3.52,-3.52,-24.5,NA,-3.52,0,-18.56,-30.71,-14.27,NA,20.89,26.65,31.03,NA,6.85,14.2,20.86,20.25,31.41,NA,4.39,6.17,1.18,-23.77,-13.23,0.98723,59,,,,,,,4.39,1.9,-5.03,-27.16,11.01,0.992115,51
21-10-2025,NSE:SUDARSCHEM,EQ,11592.19,122830,3.47,3.44,5,1231.6,-0.11,-2.06,-6.49,-10.02,-19.71,-2.35,12.32,8.46,10.37,58.11,-1,-1,HV2Y,EEP,EEP,EEP,-1,-1,-1,-1,-1,-19.18,-19.18,-19.18,-19.18,-19.18,-19.18,-1.73,-1.91,-10.09,-6.14,-8.1,0,20.62,48.21,136.8,0,23.12,51.68,29.95,119.65,115.07,-20.86,-3.95,5.27,-0.15,10.01,0.987225,59,,,,,,,-20.86,14.05,8.8,-6.08,11.1,1.010708,73
21-10-2025,NSE:APS,SM,944.23,33885,3.73,3.76,3,496.4,2.70,3.17,0.86,7.34,4.49,-7.99,16.87,1.03,-15.13,52.31,-1,-1,-1,HV2Q,HV2Q,-1,-1,-1,-1,-1,-1,0,-14.94,-21.53,-21.53,-23.31,0,-18.76,-15.26,-27.8,-24.09,-11.7,10.12,33.96,38.14,147.46,10.12,0,49.17,14.83,144.92,184.9,3.34,-9.59,9.82,-7.58,-15.49,0.987056,59,,,,,,,3.34,-13.53,17.49,-20.74,-7.3,0.990649,49
21-10-2025,NSE:MOTHERSON,EQ,115249.83,19473156,2.5,2.47,4,105.37,-0.38,0.3,1.19,-1.43,-3.52,4.33,15.66,5.73,-30.73,27.62,-1,-1,-1,HV2Q,HV2Q,-1,-1,-1,-1,-1,-1,-5.99,-5.99,-5.99,-22.95,-26.52,-5.99,-0.74,-6.08,-38.03,-30.73,-3.94,16.73,19.24,39.86,43.43,3.67,20.84,33.81,17.95,35.21,87.5,-4.67,2.73,8.61,-2.88,-31.09,0.986952,59,,,,,,,-4.67,7.12,6.32,-13.46,-29.66,0.98522,42
21-10-2025,NSE:MBEL,EQ,2463.09,1402936,4.16,4.23,0,449.25,1.73,9.46,15.21,13.17,4.02,NA,NA,NA,NA,NA,-1,-1,-1,-1,-1,-1,-1,-1,-1,-1,-1,0,NA,NA,NA,NA,0,NA,NA,NA,NA,NA,NA,NA,NA,NA,22.8,NA,NA,NA,NA,NA,2.87,0,0,0,0,0.986847,59,,,,,,,2.87,99.54,-5.53,-1.68,9.02,1.002784,64
21-10-2025,NSE:VENTIVE,EQ,17889.29,125743,3.52,3.47,4,765.95,0.13,9.2,7.62,7.29,-0.43,-6.31,2.25,11.28,NA,NA,-1,-1,HVQ,HVQ,-1,-1,-1,-1,-1,-1,-1,-1.71,-6.67,-7.23,NA,NA,-1.71,-6.83,-1.37,-5.6,NA,NA,10.14,13.36,NA,NA,10.14,13.85,46.09,34.32,NA,NA,-1.58,-7.91,-4.8,2.67,0,0.986798,59,,,,,,,-1.58,-6.32,2.53,7.56,109.02,1.006661,69
21-10-2025,NSE:PICCADIL,EQ,6877.33,212950,3.79,3.76,2,663.45,1.33,3.38,-0.15,-2.24,-9,11.03,NA,NA,NA,NA,-1,-1,-1,-1,-1,-1,-1,-1,-1,-1,-1,-12.63,-12.63,NA,NA,NA,-12.63,-0.09,NA,NA,NA,NA,13.84,NA,NA,NA,3.5,25.24,NA,NA,NA,NA,-10.15,9.43,0,0,0,0.986786,59,,,,,,,-10.15,17.91,94.47,-1.68,9.02,1.015334,76
21-10-2025,NSE:SGFIN,EQ,2151.68,232136,4.62,4.71,0,398.4,3.90,1.37,9.71,11.14,3.95,NA,NA,NA,NA,NA,-1,-1,-1,-1,-1,-1,-1,-1,-1,-1,-1,0,NA,NA,NA,NA,0,NA,NA,NA,NA,NA,NA,NA,NA,NA,13.98,NA,NA,NA,NA,NA,2.8,0,0,0,0,0.986761,58,,,,,,,2.8,99.54,-5.53,-1.68,9.02,1.002697,64
21-10-2025,NSE:SAURASHCEM,EQ,1237.14,151339,3.8,3.77,3,103.83,1.45,1.48,-3.35,-1.41,-6.01,0.04,16.57,-0.65,-6.67,NA,-1,-1,HV2Q,HVQ,HV2Y,HV2Y,-1,-1,-1,-1,-1,-6.57,-18.44,-18.44,-18.44,NA,-6.57,-13.53,-2.16,-39.12,-27.75,NA,4.52,23.33,38.27,NA,4.52,26.5,38.22,15.37,6.48,NA,-7.16,-1.56,9.52,-9.26,-7.03,0.98669,58,,,,,,,-7.16,5.25,11,-22.32,3.04,0.996175,55
21-10-2025,NSE:MOMENTUM50,EQ,242.6,410723,1.76,1.74,0,54.02,0.46,2.57,3.83,6.81,3.35,1.98,8.27,2.33,-18.7,NA,-1,-1,-1,-1,-1,-1,-1,-1,-1,-1,-1,0,0,-2.56,-13.88,NA,0,-5.83,-4.49,-23.14,-18.16,NA,8.06,10.54,22.61,NA,7.33,4.44,20.18,12.46,2.79,NA,2.2,0.38,1.22,-6.28,-19.06,0.986647,58,,,,,,,2.2,-1.88,0.89,-8.16,-12.51,0.987568,45
21-10-2025,NSE:BETA,SM,1855.38,4013,2.49,2.49,5,1820.35,0.57,5.78,4.46,0.9,-0.97,7.84,-0.72,-0.8,-4.5,30.31,-1,-1,-1,HVQ,EEP,EEP,-1,-1,-1,-1,-1,-0.78,-7.06,-7.06,-15.12,-15.12,-0.78,-6.16,-15.5,-14.51,-14.44,0,9,9,19.84,76.49,6.37,10.06,10.44,55.41,77.9,84.44,-2.12,6.24,-7.77,-9.41,-4.86,0.986502,58,,,,,,,-2.12,8.26,-14.82,-1.76,5.35,0.998147,58
21-10-2025,NSE:INTELLECT,EQ,14715.92,392614,3.6,3.62,3,970.1,1.95,1.3,-1.24,1.31,-9.39,-20.84,21.03,6.93,8.89,2.59,-1,-1,HVQ,EEP,EEP,EEP,-1,-1,-1,-1,-1,-9.52,-18.62,-21,-21,-21,-9.52,-11.4,-4.53,-28.68,-23.03,-24.66,7.5,27.23,58.42,58.42,1.95,17.59,91.44,25.11,27.9,1.83,-10.54,-22.44,13.98,-1.68,8.53,0.986467,58,,,,,,,-10.54,-10.93,29.12,-19.54,11.13,1.009711,72
21-10-2025,NSE:MARATHON,EQ,4457.17,132142,4.47,4.45,3,655.55,-1.12,15.18,10.18,8.86,-0.79,-14.89,14.83,4.23,3.71,44.15,HVQ,HVQ,HVY,HVY,-1,HV2Y,-1,-1,-1,-1,-1,-2.62,-10.44,-13.88,-13.88,-13.88,-2.62,-13.2,-1.06,-21.03,-11.21,-10.72,17.89,37.55,81.84,81.84,17.89,10.01,108.92,54.88,74.03,74.98,-1.94,-16.49,7.78,-4.38,3.35,0.986427,58,,,,,,,-1.94,-14.44,20.33,-14.12,8.47,1.001673,62
21-10-2025,NSE:CASHIETF,EQ,808,348978,0.06,0.07,3,1033.43,0.00,0.12,0.21,0.32,0.44,1.3,2.57,NA,NA,NA,-1,-1,-1,-1,-1,-1,-1,-1,1,-1,-1,0,0,0,NA,NA,0,0,0,NA,NA,NA,1.3,2.62,NA,NA,0.43,1.26,1.85,NA,NA,NA,-0.71,-0.3,-4.48,0,0,0.986135,58,,,,,,,-0.71,0.41,-4.24,98.32,9.02,1.000341,61
21-10-2025,NSE:AONELIQUID,EQ,228.07,28159,0.31,0.32,3,1030.87,0.00,0.11,0.21,0.32,0.44,1.3,2.55,NA,NA,NA,-1,-1,-1,-1,-1,-1,-1,0,3,-1,-1,0,0,0,NA,NA,0,0,0,NA,NA,NA,1.3,2.6,NA,NA,0.43,1.26,1.6,NA,NA,NA,-0.71,-0.3,-4.5,0,0,0.986105,58,,,,,,,-0.71,0.4,-4.26,98.32,9.02,1.000317,61
21-10-2025,NSE:DIGISPICE,BE,695.56,301325,5.87,5.69,6,25.94,1.65,0.69,-6.71,-2.04,-15.3,14.65,22.09,-11.49,-27.56,-36.66,-1,-1,HVY,HV2Q,HV2Q,HV2Y,-1,-1,-1,-1,-1,-10.67,-20.36,-20.36,-22.61,-43.8,-10.67,-8.17,-22.72,-53.49,-37.35,-28.31,22.82,42.45,48.31,48.31,1.65,41.62,26.59,15.55,23.59,41.41,-16.45,13.05,15.04,-20.1,-27.92,0.986078,58,,,,,,,-16.45,25.52,3.19,-44.78,-5.4,0.997394,56
21-10-2025,NSE:ALPL30IETF,EQ,1814.74,1001325,1.41,1.4,3,28.03,-0.07,2.71,2.82,4.25,0.75,1.64,4.89,4.46,-10.67,9.36,-1,-1,-1,-1,-1,-1,-1,-1,-1,-1,-1,-0.07,-0.07,-0.07,-8.34,-13.67,-0.07,-0.64,-1.54,-17.89,-17.52,-4.47,4.98,5.89,15.3,924.86,4.43,4.19,13.41,9.67,879.16,1034.19,-0.4,0.04,-2.16,-4.15,-11.03,0.986011,58,,,,,,,-0.4,0.44,-2.23,-2.13,-6.81,0.991998,50
21-10-2025,NSE:DRREDDY,EQ,110332.3,1577298,1.78,1.82,5,1288.7,0.52,3.99,3.12,4.2,-2.56,2.28,8.82,-1.09,-4.15,1.71,-1,-1,-1,-1,-1,-1,-1,-1,-1,-1,-1,-1.51,-2.57,-5.43,-7.25,-8.76,-1.51,-1.48,-7.59,-16.81,-7.77,-4.98,7.69,12.26,18.46,18.46,5.31,10.45,15.76,8.01,13.66,17.1,-3.71,0.68,1.77,-9.7,-4.51,0.985963,58,,,,,,,-3.71,4.26,1.16,-12.55,5.99,0.996135,55
21-10-2025,NSE:SAGILITY,EQ,21768.18,26261563,2.88,2.9,6,45.94,0.90,3.53,2.57,6.44,-1.07,4.55,5.66,-6.84,NA,NA,-1,-1,EEP,HV2Q,-1,-1,-1,-1,-1,-1,-1,-0.93,-1.46,-2.36,NA,NA,-0.93,-0.41,-16.84,-19.55,NA,NA,9.33,19.48,NA,NA,7.69,15.24,15.43,54.68,NA,NA,-2.22,2.95,-1.39,-15.45,0,0.985922,58,,,,,,,-2.22,5.1,-4.37,-14.92,109.02,0.994404,53
21-10-2025,NSE:GODREJIND,EQ,39608.05,189408,3.05,3.01,5,1106.5,0.54,3.94,0.05,-8,-6.24,-2.69,-5.77,15.71,4.32,27.93,-1,-1,-1,HV2Y,HVQ,HVQ,-1,-1,-1,-1,-1,-8.74,-14.1,-18.61,-18.61,-18.61,-8.74,-8.74,-16.42,-5.46,-24.66,-14.48,5.53,5.53,38.19,49.78,5.53,7.5,41.91,46.17,26.25,43.32,-7.39,-4.29,-12.82,7.1,3.96,0.985917,58,,,,,,,-7.39,2.88,-8.53,18.63,-4.49,1.005343,67
21-10-2025,NSE:CONTROLPR,EQ,1222.92,42682,3.23,3.23,3,752.35,0.59,-0.72,-4.87,-5.95,-1.47,-5.38,14.7,2.51,-7.13,-17.33,-1,-1,-1,HVQ,-1,-1,-1,-1,-1,-1,-1,-9.2,-9.2,-16.41,-16.41,-24.72,-9.2,-15.18,-11.92,-26.43,-27.13,-19.92,5.35,25.96,27.67,27.67,2.74,6.9,34.53,8.9,7.63,4.36,-2.62,-6.98,7.65,-6.1,-7.49,0.98579,58,,,,,,,-2.62,-4.31,13.52,-15.97,-0.87,0.994033,53
21-10-2025,NSE:VERANDA,EQ,2079.84,479848,4.08,4.05,2,238.71,3.44,6.11,5.84,9.78,7.81,-2.6,6.04,-3.54,-8.63,0.19,-1,-1,HV2Q,HV2Q,HVQ,HV2Y,-1,-1,-1,-1,-1,-1.11,-2.62,-10.23,-16.45,-31.62,-1.11,-17.24,-7.89,-35.75,-29.2,-25.72,12.24,24.45,24.85,62,11.78,13.04,28.1,17.31,67.74,75.98,6.66,-4.2,-1.01,-12.15,-8.99,0.985736,58,,,,,,,6.66,-11.75,2.9,-11.88,4.11,0.991924,50
21-10-2025,NSE:SHANTIGEAR,EQ,4288.42,44902,3.05,3.1,5,540.5,2.64,5.89,0.43,2.88,-2.75,1.39,2.9,12.41,-14.48,7.28,-1,-1,-1,EEP,EEP,EEP,-1,-1,-1,-1,-1,-2.76,-10.36,-10.36,-11.38,-21.1,-2.76,-7.89,-0.78,-20.84,-30.9,-9.68,6.26,13.91,32.17,32.17,6.26,12.97,30.33,28.33,0.76,27.22,-3.9,-0.21,-4.15,3.8,-14.84,0.98559,58,,,,,,,-3.9,3.56,-3.99,8.11,-21.68,0.992725,51
21-10-2025,NSE:PHARMABEES,EQ,1039.04,3801468,2.53,2.49,5,23.05,0.30,2.17,2.91,4.47,-0.69,0.13,5.21,2.95,-3.9,17.61,-1,-1,-1,-1,-1,-1,-1,-1,-1,-1,-1,0,-2.33,-2.33,-3.76,-5.14,0,-1.65,-0.65,-10.08,-7.94,-1.44,4.82,7.26,14.11,23.53,4.73,5.55,13.96,8.17,25.96,34.85,-1.84,-1.47,-1.84,-5.66,-4.26,0.985586,58,,,,,,,-1.84,0.36,-0.45,-4.06,1.96,0.995443,54
21-10-2025,NSE:SABTNL,BE,2534.77,3603,4.19,4.09,6,850.55,1.67,-1.28,-4.87,-8.24,-17.45,-16.9,31.53,15.05,-25.51,NA,-1,-1,-1,HV2Y,-1,-1,-1,-1,-1,-1,-1,-13.04,-32.29,-40.25,-61.69,NA,-13.04,-29.82,-30.15,-73.77,-67.45,NA,5.01,57.63,129.17,NA,1.67,32.28,167.9,85.75,1568.71,NA,-18.6,-18.5,24.48,6.44,-25.87,0.985546,58,,,,,,,-18.6,0.01,35.9,-25.75,-38.73,1.000255,61
21-10-2025,NSE:DDEVPLSTIK,EQ,3621.68,241524,3.31,3.3,5,314.7,2.18,3.21,-9.55,-10.68,-10.58,-0.35,6.42,10.36,NA,NA,-1,-1,HV2Y,EEP,EEP,EEP,-1,-1,-1,-1,-1,-9.65,-10.27,-10.27,NA,NA,-9.65,-0.77,-2.17,-1.77,NA,NA,11.95,27.41,NA,NA,3.57,34.78,45.1,35.31,NA,NA,-11.73,-1.95,-0.63,1.75,0,0.985359,58,,,,,,,-11.73,8.79,1.21,2.53,109.02,1.008497,70
21-10-2025,NSE:NAZARA,EQ,10002.56,5790642,3.49,3.49,5,273.4,1.07,4.02,-0.18,2.71,0.92,-29.45,8.15,8.78,16.43,20.75,-1,-1,-1,HV2Q,EEP,EEP,-1,-1,-1,-1,-1,-2.55,-23.02,-23.55,-23.55,-23.55,-2.55,-24.25,-1.03,-7.62,-8.25,-15.95,7.38,10.02,27.54,80.14,7.38,0.5,55.43,17.15,64.32,50.54,-0.23,-31.05,1.1,0.17,16.07,0.985297,58,,,,,,,-0.23,-31.12,23.52,-0.99,17.41,1.012654,74
21-10-2025,NSE:SGLTL,EQ,3899.26,284953,3.34,3.35,5,181.73,2.97,2.88,2.22,2.97,-6.87,-0.6,18.71,-9.75,NA,NA,-1,-1,-1,HVQ,-1,-1,-1,-1,-1,-1,-1,-5.53,-7.82,-7.82,NA,NA,-5.53,-1.48,-6.34,-25.94,NA,NA,12.41,38.46,NA,NA,5.12,20.13,45.06,17.21,NA,NA,-8.02,-2.2,11.66,-18.36,0,0.985232,57,,,,,,,-8.02,5.41,13.67,-36.7,109.02,0.995423,54
21-10-2025,NSE:SINDHUTRAD,EQ,4601.12,3378849,4.63,4.5,6,25.15,-1.22,-1.03,-6.96,-7.59,-18.57,-24.49,25.92,16.22,0.12,-60.04,-1,-1,HVY,HVQ,HVQ,HV2Y,-1,-1,-1,-1,-1,-14.86,-23.6,-29.63,-29.63,-39.98,-14.86,-16.56,-12.4,-33.25,-49.71,-40.05,7.2,32.23,88.67,88.67,0,27.11,134.88,39.76,21.58,44.95,-19.72,-26.09,18.87,7.61,-0.24,0.985134,57,,,,,,,-19.72,-5.46,34.97,-14.78,-10.2,1.009341,71
21-10-2025,NSE:LICI,EQ,565644.54,1070545,1.5,1.5,6,892.1,0.03,-1.11,-2.27,-0.33,-0.16,-4.04,7.93,5.35,-5.7,-14.61,-1,-1,-1,HV2Y,-1,EEP,-1,-1,-1,-1,-1,-2.22,-3.24,-8.3,-9.56,-24.91,-2.22,-8.15,-4.59,-30.86,-28.93,-20.63,4.69,14.1,22.34,22.34,2.25,4.86,27.28,12.64,4.38,8.77,-1.31,-5.64,0.88,-3.26,-6.06,0.985026,57,,,,,,,-1.31,-4.33,5.97,-4.47,-2.66,0.993862,53
21-10-2025,NSE:MAITHANALL,EQ,3403.14,35223,3.27,3.28,5,1094.9,2.13,-0.79,-4.09,-0.54,-6.88,-3.46,9.36,6.46,0.68,5.64,-1,-1,-1,HV2Q,HVQ,HV2Y,-1,-1,-1,-1,-1,-6.71,-7.76,-11.28,-11.28,-17.02,-6.71,-5.18,-8.21,-18.07,-22.38,-17.58,5.14,18.77,28.8,28.8,2.13,12.37,33.25,16.75,6.68,13.28,-8.03,-5.06,2.31,-2.15,0.32,0.985011,57,,,,,,,-8.03,2.74,6.86,-4.87,2.83,0.998941,59
21-10-2025,NSE:SPECIALITY,EQ,634.06,56676,5.75,5.72,0,141.11,2.63,4.37,1.35,1.59,7.42,2.64,-1.43,2.08,-17.21,-68.77,-1,HVY,-1,HVQ,HV2Y,HV2Y,-1,-1,-1,-1,-1,-4.8,-4.8,-4.8,-17.41,-43.51,-4.8,-7.5,-11.56,-25.66,-47.33,-36.95,14.73,14.73,19.29,19.29,11.25,6.22,16.15,21,0,3.76,6.27,1.04,-8.48,-6.53,-17.57,0.984664,57,,,,,,,6.27,-5.63,-9.71,1.78,-10.68,0.988746,47
21-10-2025,NSE:DBL,EQ,9210.62,437975,4.05,3.97,5,492.15,0.82,-1.88,-4.86,0.21,-14.96,0.67,6.47,14.34,-3.19,21.14,-1,-1,HV2Q,HVQ,-1,HV2Y,-1,-1,-1,-1,-1,-12.03,-14.48,-14.48,-14.48,-14.67,-12.03,-1.68,-9.56,-20.19,-26.9,-11.95,7.28,17.25,30.35,30.35,4.11,23.34,29.48,21.92,11.21,33.96,-16.11,-0.93,-0.58,5.73,-3.55,0.984607,57,,,,,,,-16.11,13.14,0.31,6.73,-11.44,1.001681,62
21-10-2025,NSE:BBTC,EQ,13549.7,129466,3.41,3.39,1,2056.7,0.41,7.07,8.6,14.33,5.85,4.84,4.2,2.71,-30.35,19.46,-1,-1,-1,HVQ,HVQ,HV2Y,-1,-1,-1,-1,-1,0,0,0,-26.71,-28.71,0,-4.76,-12.32,-31.7,-30.64,-7.07,17.28,19.55,25.37,49.69,16.73,10.42,19.3,20.1,45.63,95.11,4.7,3.24,-2.85,-5.9,-30.71,0.984599,57,,,,,,,4.7,-1.53,-6.2,-3.23,-24.96,0.983097,39
21-10-2025,NSE:GESHIP,EQ,15061.94,369044,2.65,2.67,6,1036,0.25,0.66,-1.18,5.79,-1.78,4.4,11.99,4.6,-29.41,10.33,-1,-1,HVQ,EEP,-1,HV2Y,-1,-1,-1,-1,-1,-2.41,-2.41,-2.41,-21.34,-28.75,-2.41,-0.5,-4.12,-34.31,-32.03,-7.8,12.06,19.93,27.79,27.79,6.15,14.05,22.17,12.46,10.22,47.38,-2.93,2.8,4.94,-4.01,-29.77,0.984337,57,,,,,,,-2.93,5.61,2.41,-10.08,-26.64,0.98455,41
21-10-2025,NSE:FUSION,EQ,3087.67,408793,2.83,2.77,4,183.23,1.36,-4.75,-5.41,-4.19,-3.59,-2.38,13.13,7.82,-16.7,-193.32,-1,-1,-1,HVQ,HVQ,-1,-1,-1,-1,-1,-1,-5.55,-5.55,-12.58,-17.31,-66.21,-5.55,-9.44,-10.5,-62.69,-73.13,-65.98,24.24,24.24,38.84,38.84,1.36,28.7,42.15,20.61,3.29,0,-4.74,-3.98,6.08,-0.79,-17.06,0.984335,57,,,,,,,-4.74,0.7,9.62,-7.79,-17.58,0.989554,47
21-10-2025,NSE:CPPLUS,EQ,16409.89,487550,3.99,3.93,2,1433.2,0.97,5.41,0.71,10.96,2.09,NA,NA,NA,NA,NA,-1,-1,-1,-1,-1,-1,-1,-1,-1,-1,-1,0,NA,NA,NA,NA,0,NA,NA,NA,NA,NA,NA,NA,NA,NA,14.23,NA,NA,NA,NA,NA,0.94,0,0,0,0,0.984325,57,,,,,,,0.94,99.54,-5.53,-1.68,9.02,1.000222,61
21-10-2025,NSE:ZENSARTECH,EQ,19520.18,404206,2.91,2.91,4,779.9,-0.23,3.09,2.44,3.89,-9.98,-8.4,12.96,2.58,10.01,30.82,-1,-1,-1,EEP,EEP,EEP,-1,-1,-1,-1,-1,-3.75,-9.08,-11.32,-19.41,-19.41,-3.75,0,-12.64,-29.85,-6.51,-13.65,4.05,12.82,24.28,49.98,4.05,11.67,34.72,8.17,46.12,34.96,-11.13,-10,5.91,-6.03,9.65,0.984311,57,,,,,,,-11.13,0.97,14.18,-13.6,16.65,1.006366,68
21-10-2025,NSE:SDBL,EQ,2615.98,820925,3.39,3.35,4,132.1,0.62,6.71,5.86,2.63,-2.26,-23.35,-7.76,18.35,17.23,25.44,-1,-1,-1,HVQ,HVQ,HV2Y,-1,-1,-1,-1,-1,-6.24,-19.52,-22.36,-22.36,-22.36,-6.24,-20.61,-4.23,0,-23.67,-22.62,7.2,9.2,36.26,50.25,7.2,2.85,59.32,46.83,22.68,24.36,-3.41,-24.95,-14.81,9.74,16.87,0.984208,57,,,,,,,-3.41,-21.08,7.11,22.55,7.65,1.013016,75
21-10-2025,NSE:JKPAPER,EQ,6659.21,984780,3.48,3.48,3,396.75,-1.70,-1.31,-4.35,5.97,0.84,3.28,13.28,0.78,-29.15,4.06,-1,-1,HV2Q,HV2Q,-1,EEP,-1,-1,-1,-1,-1,-6.92,-6.92,-6.92,-20.47,-37.4,-6.92,-3.88,-7.85,-41.43,-37.89,-19.15,14.35,32.23,39.19,39.19,7.11,13.39,34.63,20.7,22.88,59.95,-0.31,1.68,6.23,-7.83,-29.51,0.984128,57,,,,,,,-0.31,1.99,4.82,-16.1,-21.15,0.983497,39
21-10-2025,NSE:RAMRAT,EQ,3123.98,38037,3.37,3.32,5,638,1.54,3.28,-0.07,1.97,-5.3,-10.28,14.52,13.58,-12.4,55.63,-1,-1,-1,HV2Q,-1,HV2Y,-1,-1,-1,-1,-1,-2.57,-17.93,-17.93,-17.93,-17.93,-2.57,-13.58,0,-26.55,-25.74,-3.42,3.79,24.2,36.34,156.9,3.79,3.27,50.36,33.32,122.01,188.75,-6.45,-11.88,7.47,4.97,-12.76,0.984067,57,,,,,,,-6.45,-5.19,16.96,-2.78,-21.04,0.992741,51
21-10-2025,NSE:PGIL,EQ,6353.17,84591,3.78,3.73,3,1315,-1.79,0.29,5.8,5.45,-5.17,-18.43,19.45,-28.62,25.58,57.76,-1,-1,HVQ,EEP,EEP,EEP,-1,-1,-1,-1,-1,-4.5,-19.76,-19.76,-22.25,-22.25,-4.5,-15.61,-7.19,-37.38,0,-10.09,9.23,39.4,47.4,145.08,7.88,14.88,69.47,29.5,215.23,82.39,-6.32,-20.03,12.4,-37.23,25.22,0.983525,57,,,,,,,-6.32,-13.06,26.45,-61.36,51.16,1.040393,88
21-10-2025,NSE:PRSMJOHNSN,EQ,8456.39,726487,3.38,3.35,5,159.31,2.99,7.53,2.62,-0.73,-5.29,-0.36,13.73,6.75,-18.64,-6.8,-1,-1,HV2Q,HV2Q,EEP,EEP,-1,-1,-1,-1,-1,-5.62,-5.62,-5.62,-18.98,-31.51,-5.62,0,-2.14,-40.92,-36.13,-18.74,13.07,31.49,43.66,43.66,10.67,19.05,44.19,23.93,3.85,32.13,-6.44,-1.96,6.68,-1.86,-19,0.98342,57,,,,,,,-6.44,4.22,8.52,-9.78,-18.21,0.989134,47
21-10-2025,NSE:BERGEPAINT,EQ,61909.01,470529,2.12,2.15,6,541.4,0.31,1.38,0.98,4.56,1.81,-4.66,-6.98,14.15,-5.23,-1.77,-1,-1,-1,-1,-1,HV2Y,-1,-1,-1,-1,-1,-0.64,-6.18,-9.79,-9.79,-13.4,-0.64,-11.42,-5.58,-7.35,-25.65,-8.87,5.09,5.09,22.77,22.77,5.09,1.24,23.51,31.34,5.4,25.02,0.66,-6.26,-14.03,5.54,-5.59,0.983397,57,,,,,,,0.66,-7.05,-7.74,18.07,-13.55,0.997967,57
21-10-2025,NSE:ARIHANTSUP,EQ,1655.04,74285,3.86,3.84,2,422.85,0.46,1.21,-1.29,6.92,4.08,-4.1,7.85,-20.52,10.31,18.23,-1,HV2Y,-1,-1,HV2Y,HV2Y,-1,-1,-1,-1,-1,-2.14,-4.49,-5.57,-22.11,-22.11,-2.14,-9.42,-15.98,-28.23,-6.13,-10.3,7.8,22.12,29.19,54.98,7.43,10.16,27.13,38.64,86.77,39,2.93,-5.7,0.8,-29.13,9.95,0.983253,57,,,,,,,2.93,-8.99,5.95,-32.46,34.6,1.00956,71
21-10-2025,NSE:BHARATFORG,EQ,60880.46,1078099,2.45,2.42,4,1243.4,-0.34,1.65,2.14,2.36,-2.36,1.82,11.24,3.07,-18.63,9.04,-1,-1,-1,-1,-1,EEP,-1,-1,-1,-1,-1,-1.72,-2.3,-7.53,-15.69,-30.59,-1.72,-3.18,-9.21,-36.71,-32.72,-17.66,12.35,14.36,30.66,30.66,5.27,15,28.29,15.97,10.33,35.02,-3.51,0.22,4.19,-5.54,-18.99,0.983196,57,,,,,,,-3.51,3.62,4.07,-10.89,-13.36,0.98822,45
21-10-2025,NSE:LATENTVIEW,EQ,8759.89,264961,2.73,2.71,6,432.4,0.57,0.62,2.37,7.03,1.8,-0.01,9.29,-4.53,-8.8,-18.59,-1,-1,-1,EEP,EEP,EEP,-1,-1,-1,-1,-1,-1.67,-3.6,-3.6,-16.24,-22.65,-1.67,-5.34,-6.2,-27.74,-19.14,-15.84,11.26,11.26,24.4,24.4,7.56,9.25,24.41,12.85,3.75,6.98,0.65,-1.61,2.24,-13.14,-9.16,0.983063,56,,,,,,,0.65,-2.31,3.77,-16.91,4.94,0.992065,51
21-10-2025,NSE:OSWALPUMPS,EQ,9049.24,447759,3.34,3.41,2,769.75,1.66,3.45,2.47,5.11,-2.87,3.64,NA,NA,NA,NA,-1,-1,-1,-1,-1,-1,-1,-1,-1,-1,-1,-1.87,-11.91,NA,NA,NA,-1.87,-9.38,NA,NA,NA,NA,7.63,NA,NA,NA,6.61,27.71,NA,NA,NA,NA,-4.02,2.04,0,0,0,0.982918,56,,,,,,,-4.02,5.87,94.47,-1.68,9.02,1.002507,64
21-10-2025,NSE:SUPREME,EQ,333.14,207289,5.78,5.69,0,86.48,1.29,-3.3,-6.57,-1.26,0.24,13.88,-28.21,NA,NA,NA,-1,-1,HV2Y,HV2Y,HV2Y,-1,-1,-1,-1,-1,-1,-10.55,-10.55,-22.07,NA,NA,-10.55,-5.89,-32.88,NA,NA,NA,22.34,22.34,NA,NA,3.72,22.04,0.8,NA,NA,NA,-0.91,12.28,-35.26,0,0,0.982877,56,,,,,,,-0.91,13.21,-54.4,98.32,9.02,0.988952,47
21-10-2025,NSE:63MOONS,EQ,4264.34,118953,3.06,3.01,6,803.8,0.34,-0.37,-8.11,-7.56,-15.55,-33.03,9.07,-2.06,35.94,46.11,-1,-1,HV2Q,HV2Q,HV2Y,HV2Y,-1,-1,-1,-1,-1,-13.18,-25.78,-26.96,-26.96,-26.96,-13.18,-15.6,-2.84,-29.15,-20.48,-4.64,1.44,26.13,81.28,147.4,1.44,6.1,74.17,124.96,152.49,58.48,-16.7,-34.63,2.02,-10.67,35.58,0.982872,56,,,,,,,-16.7,-15.59,26.12,-13.92,46.25,1.039677,88
21-10-2025,NSE:SAVY,SM,285.08,37224,3.03,3.15,0,138.15,0.47,0.47,1.92,1.95,0.83,NA,NA,NA,NA,NA,-1,-1,-1,-1,-1,-1,-1,-1,-1,-1,-1,-1.99,NA,NA,NA,NA,-1.99,NA,NA,NA,NA,NA,NA,NA,NA,NA,4.82,NA,NA,NA,NA,NA,-0.32,0,0,0,0,0.98274,56,,,,,,,-0.32,99.54,-5.53,-1.68,9.02,0.998611,59
21-10-2025,NSE:CENTRUM,EQ,1550.14,280219,4.06,4.01,3,34.12,2.93,4.84,0.38,0.09,-8.18,-17.64,23.27,4.4,-1.79,2.7,-1,-1,-1,HV2Q,HVQ,HV2Y,-1,-1,-1,-1,-1,-7.31,-16.43,-16.43,-16.43,-22.1,-7.31,-9.6,-1.06,-39.06,-25.53,-20.71,6.79,44.7,48.15,48.15,6.79,18.76,74.29,13.68,24.27,32.3,-9.33,-19.24,16.22,-4.21,-2.15,0.982739,56,,,,,,,-9.33,-9.21,29.25,-26.28,2.55,1.002871,64
21-10-2025,NSE:THELEELA,EQ,14064.64,550021,3.93,3.84,1,440.3,0.55,0.31,4.63,5.77,4.67,-4.24,NA,NA,NA,NA,-1,-1,-1,-1,-1,-1,-1,-1,-1,-1,-1,-5.39,-5.39,NA,NA,NA,-5.39,-9.81,NA,NA,NA,NA,11,NA,NA,NA,6.61,7.81,NA,NA,NA,NA,3.52,-5.84,0,0,0,0.982731,56,,,,,,,3.52,-9.8,94.47,-1.68,9.02,0.993019,52
21-10-2025,NSE:ALLTIME,EQ,1860.42,1225240,3.47,3.45,0,286.75,0.40,6.85,5.2,8.84,0.78,NA,NA,NA,NA,NA,-1,-1,-1,-1,-1,-1,NA,-1,-1,-1,-1,0,NA,NA,NA,NA,0,NA,NA,NA,NA,NA,NA,NA,NA,NA,9.7,NA,NA,NA,NA,NA,-0.37,0,0,0,0,0.982681,56,,,,,,,-0.37,99.54,-5.53,-1.68,9.02,0.998551,58
21-10-2025,NSE:IGCL,EQ,682.38,511658,3.38,3.51,2,110.25,1.57,4.63,8.63,7.27,2.56,-1.92,NA,NA,NA,NA,-1,-1,-1,-1,-1,-1,-1,-1,-1,-1,-1,0,-6.26,NA,NA,NA,0,-8.66,NA,NA,NA,NA,11.49,NA,NA,NA,10.14,8.64,NA,NA,NA,NA,1.41,-3.52,0,0,0,0.982616,56,,,,,,,1.41,-5.06,94.47,-1.68,9.02,0.995356,54
21-10-2025,NSE:CNXSMALLCAP,IN,,,,,,18300.65,0.52,1.97,1.73,4.11,-1.11,-3.59,7.68,3.59,-5.49,14.66,0,0,0,0,0,0,0,-1,-1,-1,-1,0,-3.14,-4.39,-6.9,-6.9,,,,,,,,,,,,,,,,,-2.26,-5.19,0.63,-5.02,-5.85,0.982613,,,,,,,,-2.26,-2.91,5.35,-6.1,-0.4,0.993724,
21-10-2025,NSE:SSWL,EQ,3880.78,216618,2.81,2.77,5,225.16,2.71,5.08,0.71,-0.7,-8.37,-12.1,11.73,9.1,4.62,-11.03,-1,-1,-1,HV2Q,HVQ,HVQ,-1,-1,-1,-1,-1,-6.66,-9.61,-17.89,-17.89,-17.89,-6.66,-11.02,-7.96,-16.76,-26.85,-23.25,7.91,10.29,31.01,31.01,5.88,16.94,46.86,15.64,7.32,5.79,-9.52,-13.7,4.68,0.49,4.26,0.982575,56,,,,,,,-9.52,-3.9,15.73,-4.66,4.09,1.001314,62
21-10-2025,NSE:HUDCO,EQ,45843.51,3489760,2.6,2.63,6,228.2,-0.27,1.43,-1.42,3.43,-0.37,0.26,-2.15,1.41,2.03,21.06,-1,-1,-1,-1,-1,EEP,-1,-1,-1,-1,-1,-4.9,-4.9,-7.86,-11.68,-33.31,-4.9,-4.74,-8.1,-27.96,-34.25,-34.67,11.59,11.59,38.19,39.02,3.7,12.01,37.83,41.16,37.06,36.19,-1.52,-1.34,-9.2,-7.2,1.67,0.982527,56,,,,,,,-1.52,0.16,-7.95,1.81,9.65,0.999461,60
21-10-2025,NSE:ANANTRAJ,EQ,21934.35,5595056,4.04,4.15,0,644.05,1.27,-2.07,-14.21,-8.56,0.57,9.49,21.48,-37.75,-20.99,46.79,-1,-1,EEP,EEP,EEP,EEP,-1,-1,-1,-1,-1,-12.45,-12.45,-12.45,-31.16,-31.16,-12.45,0,-36.61,-45.95,-5.17,0,24.73,50.22,55.04,124.76,3.71,24.02,40.33,21.74,209.61,171.94,-0.58,7.89,14.43,-46.36,-21.35,0.982455,56,,,,,,,-0.58,8.51,7.72,-77.12,21.19,0.996729,56
21-10-2025,NSE:EVERESTIND,EQ,1089.99,25045,3.97,3.9,6,654.3,0.13,-1.64,-2.88,-6.59,-5.33,12.52,19.69,-4.94,-60.41,-82.04,-1,-1,HV2Y,-1,-1,HV2Y,-1,-1,-1,-1,-1,-9.14,-9.14,-9.14,-42.75,-48.89,-9.14,0,-18.89,-56.56,-46.72,-18.56,28.61,47.25,53.02,53.02,0.13,35.46,33.85,22.9,3.66,5.92,-6.48,10.92,12.64,-13.55,-60.77,0.982354,56,,,,,,,-6.48,16.49,2.66,-32.35,-43.83,0.978133,32
21-10-2025,NSE:MMTC,EQ,10077,2353768,3.78,3.79,5,68.3,0.98,1.01,-0.1,5.33,1.33,-3.48,18.39,-2.61,-23.65,-19.25,-1,-1,-1,HVQ,HV2Y,HV2Y,-1,-1,-1,-1,-1,-4.77,-4.77,-20.37,-20.37,-43.51,-4.77,-7.39,-17.59,-53.9,-42.04,-30.15,12.35,30.64,41.09,41.09,5.63,10.86,46,15.14,11.33,34.15,0.18,-5.08,11.34,-11.22,-24.01,0.982329,56,,,,,,,0.18,-5.34,15.61,-27.41,-11.49,0.986248,43
21-10-2025,NSE:CAMPUS,EQ,8656.62,511175,2.66,2.67,3,282.1,-0.76,-0.73,1.45,6.68,-0.44,-4.43,11.95,0.35,-8.58,11.11,-1,-1,HV2Q,EEP,EEP,HV2Y,-1,-1,-1,-1,-1,-1.16,-2.29,-5.94,-12.59,-23.16,-1.16,-5.17,-1.77,-32.34,-23.44,-16.57,11.33,17.33,24.27,31.52,7.16,11.82,29.78,9.43,31.05,42.8,-1.59,-6.03,4.9,-8.26,-8.94,0.982104,56,,,,,,,-1.59,-4.43,10.15,-14.84,0.06,0.992178,51
21-10-2025,NSE:ZFCVINDIA,EQ,25132.05,10746,2.49,2.46,6,13084,0.37,0.11,-3.62,4.65,-1.19,-1.09,0.81,11.97,-14.39,-14.93,-1,-1,-1,-1,-1,EEP,-1,-1,-1,-1,-1,-3.65,-11.42,-11.42,-12.59,-26.1,-3.65,-10.36,-4.86,-24.57,-34.94,-15.46,4.87,8.45,32.65,32.65,4.87,2.33,34.1,31.57,3.48,15.1,-2.34,-2.69,-6.24,3.36,-14.75,0.982064,56,,,,,,,-2.34,-0.36,-3.65,9.57,-20.93,0.991721,50
21-10-2025,NSE:LIQUIDBEES,EQ,10840.42,3182981,0.03,0.03,3,1000,0.00,0,0,0,0,0,0,0,0,0,-1,-1,-1,-1,-1,-1,-1,-1,-1,-1,-1,0,0,0,0,0,0,0,0,0,0,0,0,0,0,0,0,0,0,0,0,0,-1.15,-1.6,-7.05,-8.61,-0.36,0.981713,56,,,,,,,-1.15,-0.46,-5.53,-1.68,9.02,0.997566,57
21-10-2025,NSE:LIQUIDIETF,EQ,1681.22,498251,0,0,5,999.99,0.00,0,0,0,0,0,0,0,0,0,-1,-1,-1,-1,-1,-1,-1,-1,-1,-1,-1,0,0,0,0,-0.01,0,0,0,0,-0.01,-0.01,0,0,0,0.01,0,0,0,0.01,0.34,0.34,-1.15,-1.6,-7.05,-8.61,-0.36,0.98171,56,,,,,,,-1.15,-0.46,-5.53,-1.68,9.02,0.997565,57
21-10-2025,NSE:LIQUID,EQ,481.96,156520,0.01,0.01,6,999.99,0.00,0,0,0,0,0,0,0,0,0,-1,-1,-1,-1,-1,-1,-1,-1,-1,-1,-1,0,0,0,0,0,0,0,0,0,0,0,0,0,0,0,0,0,0,0,0,0,-1.15,-1.6,-7.05,-8.61,-0.36,0.98171,56,,,,,,,-1.15,-0.46,-5.53,-1.68,9.02,0.997565,57
21-10-2025,NSE:SOLEX,SM,1623.13,52149,4.98,,0,1417.7,1.71,-1.31,NA,NA,NA,NA,NA,NA,NA,NA,-1,-1,-1,-1,-1,-1,NA,-1,-1,-1,-1,NA,NA,NA,NA,NA,NA,NA,NA,NA,NA,NA,NA,NA,NA,NA,NA,NA,NA,NA,NA,NA,0,0,0,0,0,0.98171,56,,,,,,,98.85,-0.46,-5.53,-1.68,9.02,0.997565,57
21-10-2025,NSE:ABCOTS,SM,955.97,38998,8.32,,0,410.05,1.43,4.45,-7,-8.32,NA,NA,NA,NA,NA,NA,-1,-1,-1,-1,-1,-1,NA,-1,-1,-1,-1,NA,NA,NA,NA,NA,NA,NA,NA,NA,NA,NA,NA,NA,NA,NA,NA,NA,NA,NA,NA,NA,0,0,0,0,0,0.98171,55,,,,,,,98.85,-0.46,-5.53,-1.68,9.02,0.997565,57
21-10-2025,NSE:LIQUIDETF,EQ,434.88,137765,0,0,3,999.99,0.00,0,0,0,0,0,0,0,0,0,-1,-1,-1,-1,-1,-1,-1,-1,-1,-1,-1,0,0,0,0,0,0,0,0,0,0,0,0,0,0,0,0,0,0,0,0,0,-1.15,-1.6,-7.05,-8.61,-0.36,0.981708,55,,,,,,,-1.15,-0.46,-5.53,-1.68,9.02,0.997564,57
21-10-2025,NSE:IFCI,EQ,16085.06,6637964,3.2,3.23,5,56.18,0.20,2.17,-0.78,5.43,-6.34,-8.37,18.96,3.77,-10,-4.84,-1,-1,-1,HVQ,-1,HVQ,-1,-1,-1,-1,-1,-4.67,-9.11,-21.71,-21.71,-35.67,-4.67,-8.33,-15.16,-47.86,-38.1,-29.23,9.98,43.17,43.17,49.41,5.74,16.95,55.15,14.25,43.78,64.36,-7.49,-9.97,11.91,-4.84,-10.36,0.98169,55,,,,,,,-7.49,-2.37,19.68,-20.41,-5.3,0.994084,53
21-10-2025,NSE:MENONBE,EQ,723.2,55209,3.16,3.13,5,121.08,0.70,2,-3.45,-6.76,-6.98,-5.76,16.07,0.05,-2.65,-9.89,-1,-1,HV2Q,HV2Q,HV2Y,HV2Y,-1,-1,-1,-1,-1,-10.46,-13.3,-13.3,-13.3,-19.55,-10.46,-7.25,-0.47,-26.13,-19.59,-17.42,2.04,21.93,35.56,35.56,2.04,6.44,43.37,13.77,10.47,13.46,-8.13,-7.36,9.02,-8.56,-3.01,0.981607,55,,,,,,,-8.13,0.67,15.12,-20.77,6.32,0.997611,57
21-10-2025,NSE:NHPC,EQ,88396.31,12438664,2.05,2.03,6,86.35,-0.24,1.15,-0.13,0.56,-1.7,-1.37,-4.09,8.71,-1.9,6.2,-1,-1,-1,-1,-1,EEP,-1,-1,-1,-1,-1,-1.57,-2.55,-5.04,-5.04,-25.52,-1.57,-1.08,-3.74,-17.01,-32.01,-24.11,11.81,11.81,18.99,18.99,3.24,13.71,20.07,23.85,8.63,12.59,-2.85,-2.97,-11.14,0.1,-2.26,0.98145,55,,,,,,,-2.85,-0.13,-8.21,10.61,-2.6,0.998055,58
21-10-2025,NSE:HDFCSML250,EQ,1502.25,1099192,1.67,1.68,5,173.67,0.63,2.3,1.28,3.16,-1.36,-3.69,8.34,3.09,-7.01,15.42,-1,-1,-1,-1,-1,-1,-1,-1,-1,-1,-1,-0.2,-3.3,-4.25,-6.63,-7.04,-0.2,-2.95,-0.72,-14.79,-9.91,-0.52,4.39,14.54,25.45,25.92,3.5,5.81,30.07,14.99,22.03,34.75,-2.51,-5.29,1.29,-5.52,-7.37,0.981427,55,,,,,,,-2.51,-2.76,6.07,-7.41,-1.4,0.992753,52
21-10-2025,NSE:EVEREADY,EQ,3088.85,365736,3.91,3.89,3,382.4,1.85,7.11,3.52,-3.29,-10.45,-3.69,18.87,3.15,-10.79,9.41,HVY,HVY,HVY,HVQ,-1,EEP,-1,-1,-1,-1,-1,-8.6,-18.3,-18.3,-18.3,-20.61,-8.6,-9.76,0,-35.59,-23.12,-12.05,7.66,27.17,38.75,38.75,7.66,34.64,43.87,12.57,22.23,39.82,-11.6,-5.29,11.82,-5.46,-11.15,0.981341,55,,,,,,,-11.6,5.66,16.22,-21.05,-5.37,0.994588,53
21-10-2025,NSE:INFLUX,ST,444.49,63720,4.43,4.6,3,174.35,0.63,-3.1,-1.46,-2.67,-10.12,8.12,NA,NA,NA,NA,-1,-1,-1,-1,-1,-1,-1,-1,-1,-1,-1,-5.81,-12.78,NA,NA,NA,-5.81,-3.95,NA,NA,NA,NA,21.03,NA,NA,NA,3.17,54.65,NA,NA,NA,NA,-11.27,6.52,0,0,0,0.981268,55,,,,,,,-11.27,16.1,94.47,-1.68,9.02,1.010854,73
21-10-2025,NSE:GOPAL,EQ,4695.15,169472,2.79,2.78,6,357.25,1.49,6.13,1.81,2,-5,0.35,16.26,7.08,-33.18,NA,-1,-1,-1,EEP,EEP,EEP,-1,-1,-1,-1,-1,-3.03,-7.6,-7.6,-30.35,NA,-3.03,-2.99,-6.98,-41.67,-35.28,NA,6.53,32.41,38.55,NA,6.53,11.21,38.06,16.02,7.92,NA,-6.15,-1.25,9.21,-1.53,-33.54,0.981186,55,,,,,,,-6.15,4.63,10.44,-12.64,-34.31,0.983664,39
21-10-2025,NSE:VIKRAMSOLR,EQ,12226.04,8028009,3.27,3.33,1,335.9,1.62,-2.37,3.75,4.26,-0.54,NA,NA,NA,NA,NA,-1,-1,-1,-1,-1,-1,NA,-1,-1,-1,-1,-3.57,NA,NA,NA,NA,-3.57,NA,NA,NA,NA,NA,NA,NA,NA,NA,6.35,NA,NA,NA,NA,NA,-1.69,0,0,0,0,0.981056,55,,,,,,,-1.69,99.54,-5.53,-1.68,9.02,0.9969,56
21-10-2025,NSE:RPGLIFE,EQ,4052.06,13592,2.87,2.82,5,2411.6,0.48,4.46,5.15,6.94,-1.21,-7.68,6.39,14.29,-16.89,36.2,-1,-1,-1,HV2Q,HV2Q,HVQ,-1,-1,-1,-1,-1,0,-6.57,-9.26,-13.8,-14.74,0,-8.16,-2.3,-20.19,-26.92,-0.34,7.94,20.35,22.45,73.37,7.94,8.73,31.85,25.81,48.61,102.65,-2.36,-9.28,-0.66,5.68,-17.25,0.981025,55,,,,,,,-2.36,-6.85,7.53,6.76,-27.34,0.989789,48
21-10-2025,NSE:TATAPOWER,EQ,126695.21,3992465,1.57,1.57,4,398.8,-0.25,1.82,1.58,2.7,0.63,-0.76,2.56,7.5,-15.46,9.3,-1,-1,-1,-1,HVQ,EEP,-1,-1,-1,-1,-1,-0.25,-0.92,-3.83,-12.12,-17.86,-0.25,-4.44,-3.1,-19.96,-24.02,-5.16,7.46,7.74,18.29,18.29,3.91,6.79,19.19,15.26,8.52,27.3,-0.52,-2.36,-4.49,-1.11,-15.82,0.980912,55,,,,,,,-0.52,-1.86,-2.23,3.39,-15.8,0.989391,47
21-10-2025,NSE:IPL,EQ,2671.33,698581,2.65,2.6,5,195.08,1.22,-0.22,-6.28,-7.14,-18.89,-15.55,19.61,15.86,-3.02,-94.36,-1,-1,-1,EEP,HV2Q,HV2Y,-1,-1,-1,-1,-1,-14.58,-17.28,-17.28,-17.28,-51.71,-14.58,-1.66,0,-31.3,-59.71,-50.67,1.59,40.23,56.8,56.8,1.59,13.35,81.19,26.06,3.16,2.08,-20.04,-17.15,12.56,7.25,-3.38,0.980675,55,,,,,,,-20.04,2.35,24.9,-6.35,-13.41,1.001929,63
21-10-2025,NSE:LOTUSDEV,EQ,9381.05,3591548,2.99,3.17,2,190.59,3.00,5.19,2.15,-0.65,-0.86,NA,NA,NA,NA,NA,-1,-1,-1,-1,-1,-1,-1,-1,-1,-1,-1,-3.66,NA,NA,NA,NA,-3.66,NA,NA,NA,NA,NA,NA,NA,NA,NA,6.14,NA,NA,NA,NA,NA,-2.01,0,0,0,0,0.980663,55,,,,,,,-2.01,99.54,-5.53,-1.68,9.02,0.996501,55
21-10-2025,NSE:AIAENG,EQ,28742.67,90749,2.28,2.28,0,3356.1,1.38,3.8,5.45,8.74,8.38,0.31,6.21,-4.18,-25.66,-17.18,-1,-1,-1,-1,-1,HV2Y,-1,-1,-1,-1,-1,0,0,-5.03,-21.05,-30.28,0,-11.11,-10.76,-34.61,-27.36,-12.38,11.22,11.22,11.22,11.22,10.04,1.91,8.23,1.82,6.04,16.63,7.23,-1.29,-0.84,-12.79,-26.02,0.980522,55,,,,,,,7.23,-9.27,0.39,-12.76,-11.6,0.982873,38
21-10-2025,NSE:MEIL,EQ,1353.88,406041,3.67,3.66,0,485.05,0.88,5.74,6.36,1.85,-0.99,NA,NA,NA,NA,NA,-1,-1,-1,-1,-1,-1,NA,-1,-1,-1,-1,-0.21,NA,NA,NA,NA,-0.21,NA,NA,NA,NA,NA,NA,NA,NA,NA,9.6,NA,NA,NA,NA,NA,-2.14,0,0,0,0,0.980508,55,,,,,,,-2.14,99.54,-5.53,-1.68,9.02,0.996343,55
21-10-2025,NSE:TOLINS,EQ,734.47,688000,4.15,4.06,5,166.71,1.42,2.74,-2.14,-2.29,-11.73,3.02,22.18,-10.91,-12.58,NA,-1,-1,HV2Y,HV2Q,HV2Y,HV2Y,-1,-1,-1,-1,-1,-14.79,-15,-15,-32.5,NA,-14.79,-5.03,-13.94,-47.47,-25.13,NA,16.41,34.61,51.16,NA,4.1,30.06,46.6,17.64,15.39,NA,-12.88,1.42,15.13,-19.52,-12.94,0.980445,55,,,,,,,-12.88,12.74,14.23,-44.2,7.51,0.997771,57
21-10-2025,NSE:FMCGIETF,EQ,663.13,1162287,1.2,1.2,3,60.33,0.05,3.98,2.97,2.65,0.35,0.56,0.03,3.65,-8.45,8.11,-1,-1,-1,-1,-1,-1,-1,-1,-1,-1,-1,0,-1.1,-1.1,-6.98,-13.34,0,-1.44,-2.14,-13.37,-16.5,-6.02,4.14,4.34,12.85,968.83,4.14,3.71,12.21,12.81,929.85,1059.18,-0.8,-1.04,-7.02,-4.96,-8.81,0.980375,55,,,,,,,-0.8,-0.24,-6.06,1.93,-3.54,0.992733,51
21-10-2025,NSE:PIGL,BE,286.51,77128,5.78,5.78,4,170.49,2.04,1.53,2.73,-0.77,5.88,27.83,13.09,-112.01,-47.99,63.49,-1,-1,HVQ,HVQ,-1,HV2Y,-1,-1,-1,-1,-1,-5.73,-5.73,-8.41,-59.11,-59.11,-5.73,-4.84,-66.62,-64.46,-13.31,-2,40.3,51.74,51.74,200.42,9.12,42.81,9.51,92.48,536.92,344.58,4.73,26.23,6.04,-120.62,-48.35,0.980374,55,,,,,,,4.73,22.85,-25.94,-145.62,39.22,1.009334,71
21-10-2025,NSE:GULFOILLUB,EQ,6296.64,64457,2.32,2.29,5,1213.7,0.65,-0.07,-1.3,-0.96,-5.06,-0.86,0.27,12.75,-10.9,29.55,-1,-1,-1,EEP,EEP,EEP,-1,-1,-1,-1,-1,-3.24,-7.57,-7.57,-7.57,-17.9,-3.24,-2.89,-5.06,-18.12,-28.36,-8.95,4.67,5.75,25.08,44.75,0.98,9.96,26.15,24.74,32.97,69,-6.21,-2.46,-6.78,4.14,-11.26,0.980311,54,,,,,,,-6.21,3.54,-4.41,10.83,-18.08,0.994274,53
21-10-2025,NSE:ITDC,EQ,5403.47,294972,3.8,3.88,6,619.9,0.35,1.63,-3.84,6.98,-1.63,2.23,3.69,-0.09,-8.06,-12.69,-1,HV2Y,HVY,HV2Q,HV2Q,HV2Y,-1,-1,-1,-1,-1,-7.87,-7.87,-7.87,-13.39,-31.13,-7.87,-5.82,-9.81,-30.38,-31.07,-25.58,18.2,18.2,30.52,30.52,7.94,20.13,27.61,25.7,10.76,14.77,-2.78,0.63,-3.36,-8.7,-8.42,0.980265,54,,,,,,,-2.78,3.33,-4.03,-5.61,1.06,0.992996,52
21-10-2025,NSE:SUPRAJIT,EQ,6542.58,133865,3.59,3.51,6,447.3,0.00,0.89,-0.54,-3.15,-6.29,-2.25,10.6,9.52,-17.64,12.81,-1,HVQ,-1,HV2Q,EEP,EEP,-1,-1,-1,-1,-1,-9.46,-9.46,-9.46,-15.43,-27.91,-9.46,-1.42,-5.17,-35.55,-34.78,-15.2,4.61,16.35,22.83,22.83,0.94,11.19,25.59,9.82,5.42,37.07,-7.44,-3.85,3.55,0.91,-18,0.979932,54,,,,,,,-7.44,3.35,7.03,-2.88,-21,0.989346,47
21-10-2025,NSE:DCMSRIND,EQ,1451.46,148004,3.48,3.52,0,176.4,0.44,4.57,1.8,8.4,5.4,0.52,-4.37,1.3,-10.78,-7.91,-1,-1,-1,HVQ,HV2Y,HV2Y,-1,-1,-1,-1,-1,0,0,-5.06,-16.11,-25.46,0,-4.91,-5.55,-17.1,-26.43,-17.42,12.68,12.68,23.09,23.09,9.17,6.6,22.45,28.47,5.01,17.86,4.25,-1.08,-11.42,-7.31,-11.14,0.979718,54,,,,,,,4.25,-5.62,-10.44,3.76,-3.23,0.99133,50
21-10-2025,NSE:KANSAINER,EQ,20293.41,591303,2.19,2.2,3,256.85,1.31,4.44,4.04,4.57,1.95,3.58,-5.1,5.29,-15.05,-18.55,-1,-1,-1,-1,EEP,EEP,-1,-1,-1,-1,-1,0,0,-4.14,-10.52,-18.77,0,-0.55,-8.26,-14.63,-29.33,-14.15,10.42,10.42,15.7,15.7,5.01,8.27,11.56,21.6,0.1,14.25,0.8,1.98,-12.15,-3.32,-15.41,0.979709,54,,,,,,,0.8,1.21,-14.53,8.21,-12.46,0.991296,49
21-10-2025,NSE:OPTIEMUS,EQ,5750.86,337348,4.53,4.52,4,617.9,1.65,-6.57,-4.84,-3.16,-5.36,3.11,19.53,-11.45,-18.98,53.43,-1,-1,-1,HV2Q,HV2Y,HVQ,-1,-1,-1,-1,-1,-9.35,-9.35,-9.74,-22.92,-27.41,-9.35,-1.9,-14.81,-41.59,-19.1,-13.63,11.11,26.5,59.62,171.01,1.65,17.07,54.66,29.99,202.04,222.46,-6.51,1.51,12.48,-20.06,-19.34,0.979678,54,,,,,,,-6.51,7.58,11.42,-40.19,2.26,0.990934,49
21-10-2025,NSE:STARTECK,EQ,313.17,11889,4.4,4.31,3,300.05,0.07,-3.52,-5.62,-5.03,-5.92,-2.63,-1.07,1.3,9.05,-0.48,-1,-1,-1,HVQ,HVQ,HV2Y,-1,-1,-1,-1,-1,-7.62,-10.41,-10.41,-10.41,-14.46,-7.62,-5.11,-5.22,-8.49,-15.57,-22.2,0.07,6.86,12.86,42.75,0.07,10.42,15.73,21.64,40.89,29.83,-7.07,-4.23,-8.12,-7.31,8.69,0.979258,54,,,,,,,-7.07,2.64,-4,0.66,16.87,1.004408,67
21-10-2025,NSE:TIMETECHNO,EQ,10846.07,1923072,4.07,4,4,222.74,0.38,3.27,0.7,3.79,-7.67,-5.86,15.28,0.05,-3.6,61.02,-1,-1,-1,-1,-1,EEP,-1,-1,-1,-1,-1,-6.76,-8.32,-8.32,-11.13,-11.13,-6.76,-1.29,-0.15,-24.71,-11.17,0,6.17,44.47,44.47,130.28,6.17,10.33,52.94,23.68,171.83,181.75,-8.82,-7.46,8.23,-8.56,-3.96,0.979156,54,,,,,,,-8.82,1.22,14.44,-19.66,5.37,0.996661,56
21-10-2025,NSE:SAGCEM,EQ,3596.42,203057,3.46,3.39,6,242.84,1.26,0.5,-3.5,-2.95,-12.89,-11.11,10.21,9.63,6.08,-1.69,-1,-1,-1,-1,-1,HV2Y,-1,-1,-1,-1,-1,-11.65,-17.49,-17.49,-17.49,-17.49,-11.65,-6.85,0,-12.29,-18.6,-15.4,8.02,16.82,42.25,42.25,1.52,21.94,58.06,27.73,10.69,15.05,-14.04,-12.71,3.16,1.02,5.72,0.979116,54,,,,,,,-14.04,1.12,13.66,-2.33,5.09,1.002662,64
21-10-2025,NSE:ENGINERSIN,EQ,11634.28,2317927,2.51,2.5,6,199.28,0.57,1.58,-1.17,3.35,-3.67,-17.94,7.6,11.49,2.73,-1.09,-1,-1,-1,HV2Q,HV2Q,EEP,-1,-1,-1,-1,-1,-4.06,-17.73,-20.45,-20.45,-31.34,-4.06,-17.53,-6.18,-31.47,-39.23,-33.22,4.71,15.81,35.7,35.7,3.46,8.56,60.05,25.39,8.76,11.11,-4.82,-19.54,0.55,2.88,2.37,0.978979,54,,,,,,,-4.82,-14.23,16.13,2.53,-0.88,0.999288,59
21-10-2025,NSE:MAXIND,EQ,1072.87,154091,4.72,4.72,6,218.82,1.51,4.23,3.04,1.76,5.77,0.64,7.84,-10.62,-15.99,17.57,-1,HV2Y,HVQ,HV2Y,HVQ,HVQ,-1,-1,-1,-1,-1,-2.36,-2.36,-2.36,-25.57,-29.72,-2.36,-7.58,-13.8,-33.75,-22.25,-18.48,8.7,25.59,35.47,35.47,8.7,12.8,34.61,24.85,39.19,45.95,4.62,-0.96,0.79,-19.23,-16.35,0.978924,54,,,,,,,4.62,-5.91,1.72,-21.7,4.16,0.987551,45
21-10-2025,NSE:TIL,EQ,2237.83,20533,3.93,3.91,6,314.2,-0.63,0.75,-2.48,-0.97,-7.7,-20.69,26.63,7.7,-18.17,57.71,-1,-1,HVQ,-1,-1,-1,-1,-1,-1,-1,-1,-6.67,-15.53,-21.18,-21.18,-26.36,-6.67,-15.11,-4.88,-45.97,-32.03,-12.97,15.3,52.77,89.96,146.18,3.03,24.18,129.26,39.38,127.22,190.92,-8.85,-22.29,19.58,-0.91,-18.53,0.978917,54,,,,,,,-8.85,-12.52,33.67,-27.47,-19.01,0.997237,56
21-10-2025,NSE:CURRENT,SM,280.81,206303,3.07,3.32,0,153.5,1.09,6.74,8.79,2.64,-2.48,NA,NA,NA,NA,NA,-1,-1,-1,-1,-1,-1,NA,-1,-1,-1,-1,0,NA,NA,NA,NA,0,NA,NA,NA,NA,NA,NA,NA,NA,NA,11.23,NA,NA,NA,NA,NA,-3.63,0,0,0,0,0.978746,54,,,,,,,-3.63,99.54,-5.53,-1.68,9.02,0.994552,53
21-10-2025,NSE:PUSHPA,SM,329.43,54320,4.33,4.33,0,136.9,0.96,5.59,0.69,2.26,0.66,-3.18,NA,NA,NA,NA,-1,-1,-1,-1,-1,-1,-1,-1,-1,-1,-1,-3.01,-5.88,NA,NA,NA,-3.01,-6.5,NA,NA,NA,NA,15.04,NA,NA,NA,6.33,15.65,NA,NA,NA,NA,-0.49,-4.78,0,0,0,0.978743,54,,,,,,,-0.49,-4.32,94.47,-1.68,9.02,0.993755,53
21-10-2025,NSE:SOUTHWEST,BE,423.59,31257,4.33,4.28,3,135.09,0.92,6.14,5.23,2.69,-4.85,-9.96,8.16,-1.24,8.65,-21.29,-1,-1,-1,HVQ,HV2Y,HVQ,-1,-1,-1,-1,-1,-2.21,-10.3,-14.65,-17.47,-17.58,-2.21,-8.36,-6.15,-24.21,-22.56,-30.12,10.47,17.34,35.39,36.18,10.47,10.02,48.87,24.33,37.86,24.41,-6,-11.56,1.11,-9.85,8.29,0.978481,54,,,,,,,-6,-5.33,10.95,-11.92,18.78,1.003217,65
21-10-2025,NSE:GREENPANEL,EQ,3722.35,925688,4.56,4.53,6,304.05,-0.94,6.46,-0.64,11.77,-0.51,4.08,19.11,-10.38,-37.54,-25.34,-1,-1,EEP,-1,EEP,EEP,-1,-1,-1,-1,-1,-1.98,-7.1,-7.1,-26.31,-27.3,-1.98,-6.63,-22.54,-41.19,-19.75,0,15,38.22,39.57,39.57,13.35,16.91,33.88,12.9,17.24,46.1,-1.66,2.48,12.06,-18.99,-37.9,0.978424,54,,,,,,,-1.66,4.1,10.14,-38.13,-15.59,0.981021,36
21-10-2025,NSE:BIOCON,EQ,49307.22,2640471,2.06,2.15,3,366.1,0.49,3.89,5,7.09,-0.85,-7.8,8.82,-7.39,5.31,27.15,-1,-1,-1,-1,EEP,EEP,-1,-1,-1,-1,-1,0,-8.05,-8.19,-8.83,-8.83,0,-7.41,-1.72,-16.87,0,-11.39,8.03,17.4,21.04,48.97,8.03,7.92,30.48,10.37,59.98,41.06,-2,-9.4,1.77,-16,4.95,0.978335,54,,,,,,,-2,-7.35,9.89,-19.46,20.85,1.001248,62
21-10-2025,NSE:JTEKTINDIA,EQ,4772.51,1412392,3.61,3.53,5,153.94,1.65,4.4,-4.16,-6.92,-13.2,9.6,9.09,-3.43,-12.09,6.13,-1,-1,-1,-1,HVQ,EEP,-1,-1,-1,-1,-1,-16.73,-16.73,-16.73,-16.73,-29.04,-16.73,-4.22,-13.65,-33.27,-26.61,-20.46,29.59,29.59,40.4,40.4,4.61,46.7,26.92,27.63,16.29,26.02,-14.35,8,2.04,-12.04,-12.45,0.978233,54,,,,,,,-14.35,19.68,-6.09,-15.46,0.65,0.997639,57
21-10-2025,NSE:AMRUTANJAN,EQ,2219.32,21138,2.33,2.31,6,716.3,0.08,1.25,0.94,-0.9,-6.8,3.11,4.56,3.16,-9.75,11.77,-1,-1,-1,-1,-1,HV2Y,-1,-1,-1,-1,-1,-5.68,-6.77,-6.77,-6.98,-13.93,-5.68,-0.44,-5.73,-17.86,-16.65,-5.54,9.15,9.44,23.98,23.98,2.45,16.57,20.13,18.33,21.1,37.23,-7.95,1.51,-2.49,-5.45,-10.11,0.978191,54,,,,,,,-7.95,8.81,-4.03,-3.15,-4.31,0.993639,52
21-10-2025,NSE:LTFOODS,EQ,16421.59,763775,3.35,3.31,3,430.9,1.96,5.45,7.83,6.17,-9.71,-16.6,16.18,6.95,2.34,57.9,-1,-1,HVY,HVY,-1,EEP,-1,-1,-1,-1,-1,-5.64,-14,-15.35,-15.35,-15.35,-5.64,-7.13,-1.3,-18.21,-9.21,-4.35,11.39,28.68,34.87,165.01,11.39,16.56,57.26,26.67,146.59,158.79,-10.86,-18.2,9.13,-1.66,1.98,0.978132,53,,,,,,,-10.86,-6.74,22.58,-12.68,4.07,1.001107,62
21-10-2025,NSE:JSWHL,EQ,20600.9,2347,3.83,4.04,6,17204,0.83,2.98,7.36,0.22,-7.57,-29.07,-52.61,-4.12,47.14,61.71,-1,-1,-1,-1,HVQ,HV2Y,-1,-1,-1,-1,-1,-8.21,-21.92,-33.79,-34.88,-34.88,-8.21,-18.09,-15.95,-0.62,-7.76,-3.53,11.04,11.04,83.48,184.89,11.04,6.36,51.82,304.46,205.29,54.99,-8.72,-30.67,-59.66,-12.73,46.78,0.978083,53,,,,,,,-8.72,-20.44,-23.77,30.1,58.25,1.067756,95
21-10-2025,NSE:ABBOTINDIA,EQ,64385.39,7986,1.78,1.78,5,30255,1.09,0.53,1.42,1.95,-0.36,-12.66,-2.51,9.77,4.32,5.87,-1,-1,-1,EEP,EEP,EEP,-1,-1,-1,-1,-1,0,-14.04,-15.18,-15.18,-15.18,0,-14.87,-4.44,-1.66,-9.6,-4.14,3.29,3.29,18.64,18.87,3.29,0,33.66,21.62,7.25,13.73,-1.51,-14.26,-9.56,1.16,3.96,0.978005,53,,,,,,,-1.51,-12.71,3.48,10.3,2.98,0.999768,60
21-10-2025,NSE:CONNPLEX,SM,412.56,211670,4.58,4.66,2,209.5,1.85,3.22,3.22,2.34,-3.22,NA,NA,NA,NA,NA,-1,-1,-1,-1,-1,-1,NA,-1,-1,-1,-1,-4.21,NA,NA,NA,NA,-4.21,NA,NA,NA,NA,NA,NA,NA,NA,NA,7.11,NA,NA,NA,NA,NA,-4.37,0,0,0,0,0.97788,53,,,,,,,-4.37,99.54,-5.53,-1.68,9.02,0.993672,52
21-10-2025,NSE:NIFTY_MICROCAP250,IN,,,,,,23848.9,1.03,2.99,1.95,3.66,-1.72,-3.01,8.01,0.42,-8.98,17.6,0,0,0,0,0,0,0,-1,-1,-1,-1,-0.96,-2.91,-3.65,-9.7,-9.7,,,,,,,,,,,,,,,,,-2.87,-4.61,0.96,-8.19,-9.34,0.977817,,,,,,,,-2.87,-1.73,5.17,-9.93,-0.41,0.991246,
21-10-2025,NSE:EIHOTEL,EQ,24470.5,795988,3.02,3.02,5,389.8,1.30,3.07,-0.08,6.23,-0.33,1.92,1.92,-2.03,-8.72,-0.33,-1,-1,HVY,-1,-1,EEP,-1,-1,-1,-1,-1,-1.3,-6.85,-6.85,-9.32,-20.79,-1.3,-6.54,-5.59,-13.25,-19.18,-13.88,9.59,13.13,23.92,23.92,8.31,13.02,21.54,21.54,24.53,32.71,-1.48,0.32,-5.13,-10.64,-9.08,0.977782,53,,,,,,,-1.48,1.79,-5.53,-5.71,2.46,0.992033,50
21-10-2025,NSE:DMCC,EQ,783.11,99549,3.55,3.51,4,303.6,1.57,-2.5,-0.87,0.56,-3.77,-3.34,2.01,-10.89,13.13,3.26,-1,-1,HV2Y,HV2Y,HVQ,HVQ,-1,-1,-1,-1,-1,-3.92,-11.67,-11.67,-28.62,-28.62,-3.92,-8.34,-16.92,-30.06,-20.85,-29.09,3.6,21.9,21.9,21.9,3.6,23.89,25.98,17.59,32.83,2.67,-4.92,-4.94,-5.04,-19.5,12.77,0.977733,53,,,,,,,-4.92,-0.05,-0.35,-14.84,30.67,1.008846,70
21-10-2025,NSE:BRIGHOTEL,EQ,3205.87,900087,1.9,1.9,3,81.55,0.07,2.45,-1.32,-1.55,-3.4,NA,NA,NA,NA,NA,-1,-1,-1,-1,-1,-1,-1,-1,-1,-1,-1,-2.58,NA,NA,NA,NA,-2.58,NA,NA,NA,NA,NA,NA,NA,NA,NA,2.51,NA,NA,NA,NA,NA,-4.55,0,0,0,0,0.977679,53,,,,,,,-4.55,99.54,-5.53,-1.68,9.02,0.993468,52
21-10-2025,NSE:SILVERTUC,EQ,913.03,19187,3.45,3.46,4,710.25,1.75,-2.68,-3.12,-0.79,-2.08,-1.01,-4.52,4.81,-1.58,-0.71,-1,-1,-1,-1,-1,HV2Y,-1,-1,-1,-1,-1,-4.34,-9.55,-12.87,-12.87,-12.87,-4.34,-7.88,-11.99,-6.03,-16.45,-10.84,4.33,4.33,12.85,12.85,2.14,6.5,14,17.96,6.45,13.59,-3.23,-2.61,-11.57,-3.8,-1.94,0.977455,53,,,,,,,-3.23,0.59,-9,7.24,2.31,0.997263,56
21-10-2025,NSE:VESUVIUS,EQ,10655.44,118052,2.57,2.53,3,492.85,2.12,1.51,-4.21,-3.18,-7.64,-7.6,6.04,16.66,-15.29,27.22,-1,-1,-1,-1,-1,HV2Y,-1,-1,-1,-1,-1,-4.67,-10.36,-20.38,-20.38,-20.38,-4.67,-7.34,-14.33,-21.37,-30.26,-3.52,2.92,7.18,37.03,57.71,2.92,6.99,47.44,28.75,31.43,81.82,-8.79,-9.2,-1.01,8.05,-15.65,0.97727,53,,,,,,,-8.79,-0.42,7.15,9.62,-29.33,0.991822,50
21-10-2025,NSE:KSB,EQ,14967.37,253511,2.63,2.61,6,809.45,0.00,1.06,1.21,0.02,-6.79,-7.26,7.08,12.06,-9.93,11.42,-1,-1,-1,-1,-1,EEP,-1,-1,-1,-1,-1,-5.52,-8.44,-8.44,-9.08,-19.64,-5.52,-2.22,-1.4,-24.87,-29.33,-11.66,2.39,12.55,35.11,35.11,1.56,9.35,44.93,25.55,2.24,27.8,-7.94,-8.86,0.03,3.45,-10.29,0.977261,53,,,,,,,-7.94,-0.9,7.84,3.68,-15.99,0.992534,51
21-10-2025,NSE:COOLCAPS,SM,1191.26,233098,4.69,5.58,6,83.5,1.71,1.32,-2.75,-12.69,-23.59,3.05,8.2,1.09,7.47,42.51,-1,HV2Q,-1,HVQ,HVQ,HV2Y,-1,-1,-1,-1,-1,-30.6,-30.6,-30.6,-30.6,-30.6,-30.6,0,-17.9,-16.07,-3.21,-7.87,9.15,9.15,15.97,156.92,1.95,34.9,12.43,130.89,154.12,137.74,-24.74,1.45,1.15,-7.52,7.11,0.976709,53,,,,,,,-24.74,21.1,-0.22,-9.42,15.47,1.01181,74
21-10-2025,NSE:VRLLOG,EQ,5035.56,176665,2.22,2.22,3,272.75,1.38,3.52,1.92,-0.26,-5.33,-16.04,10.28,13.36,-7.36,-16.35,-1,-1,-1,EEP,EEP,EEP,-1,-1,-1,-1,-1,-5.06,-14.05,-15.37,-15.37,-15.37,-5.06,-10.85,-1.79,-20.31,-36.53,-21.35,3.83,19.4,23.47,23.47,3.65,9.36,43.28,10.77,0.06,12.74,-6.48,-17.64,3.23,4.75,-7.72,0.976582,53,,,,,,,-6.48,-10.62,17.16,1.75,-14.9,0.994018,53
21-10-2025,NSE:PATELRMART,EQ,788.25,421748,3.71,3.65,0,224.91,-1.81,-0.89,0.73,-4.04,-4.53,NA,NA,NA,NA,NA,-1,-1,-1,-1,-1,-1,NA,-1,-1,-1,-1,-7.82,NA,NA,NA,NA,-7.82,NA,NA,NA,NA,NA,NA,NA,NA,NA,1.07,NA,NA,NA,NA,NA,-5.68,0,0,0,0,0.976391,53,,,,,,,-5.68,99.54,-5.53,-1.68,9.02,0.99216,51
21-10-2025,NSE:BUTTERFLY,EQ,1247.99,10012,2.02,2,6,711.55,0.44,1.57,1.58,3.79,1.96,-4.36,13.95,-1.37,-26.55,-25.12,-1,-1,-1,EEP,-1,HV2Y,-1,-1,-1,-1,-1,-1.4,-7.49,-11.17,-22.61,-39.49,-1.4,-9.3,-7.3,-47.93,-38.66,-23.43,4.33,18.54,28.21,28.21,4.33,0,33.79,10.32,1.25,26.4,0.81,-5.96,6.9,-9.98,-26.91,0.976358,53,,,,,,,0.81,-6.9,12.01,-19.48,-15.82,0.983002,38
21-10-2025,NSE:ONWARDTEC,BE,727.42,37565,5.22,5.3,4,315.5,2.19,2.25,-1.52,7.92,-0.05,-13.34,19.98,4.72,-29.19,-72.88,-1,EEP,HV2Y,HVQ,-1,EEP,-1,-1,-1,-1,-1,-1.5,-9.97,-16.96,-24.58,-45.14,-1.5,-16.92,-5.88,-46.83,-47.96,-29.44,9.53,36.49,51.5,51.5,9.53,3.32,71.72,21.22,1.33,13.65,-1.2,-14.94,12.93,-3.89,-29.55,0.97628,53,,,,,,,-1.2,-13.75,23.87,-20.75,-26.58,0.985612,42
21-10-2025,NSE:HONASA,EQ,9813.15,807381,3.07,3.02,5,279.4,0.70,-2.04,-5.58,0.84,-7.87,-0.82,16.08,11.72,-46.81,-56.89,-1,-1,-1,EEP,EEP,HV2Y,-1,-1,-1,-1,-1,-7.21,-8.71,-15.14,-34.14,-48.43,-7.21,-3.57,-14.44,-56.72,-54.47,-24.28,8,20.51,39.08,39.08,0.85,16.51,40.23,16.72,9.74,11.48,-9.02,-2.42,9.03,3.11,-47.17,0.976139,53,,,,,,,-9.02,6.08,11.24,-6.87,-57.29,0.980625,36
21-10-2025,NSE:KALPATARU,EQ,8081.09,123775,2.8,2.86,1,392.5,0.50,7.08,5.11,3.92,0.33,-5.15,NA,NA,NA,NA,-1,-1,-1,-1,-1,-1,-1,-1,-1,-1,-1,-1.15,-5.97,NA,NA,NA,-1.15,-9.64,NA,NA,NA,NA,8.62,NA,NA,NA,7.62,8.26,NA,NA,NA,NA,-0.82,-6.75,0,0,0,0.976112,53,,,,,,,-0.82,-5.96,94.47,-1.68,9.02,0.991483,50
21-10-2025,NSE:ELGNZ,SM,359.33,87540,5.17,5.21,2,138.45,3.82,11.81,4.26,-1.12,-13.69,2.13,6.97,NA,NA,NA,-1,-1,HV2Q,-1,-1,-1,-1,-1,-1,-1,-1,-7.45,-12.43,-12.43,NA,NA,-7.45,-0.44,-8.75,NA,NA,NA,15.62,15.62,NA,NA,15.62,30.08,40.12,NA,NA,NA,-14.84,0.53,-0.08,0,0,0.976044,53,,,,,,,-14.84,13.45,-0.59,98.32,9.02,1.007246,69
21-10-2025,NSE:EIHAHOTELS,EQ,2417.95,68864,2.55,2.52,3,388.25,1.68,2.58,1.3,3.9,-2.36,-1.37,0.79,-1.88,-0.57,11.82,-1,-1,-1,-1,HVQ,HV2Y,-1,-1,-1,-1,-1,-1.28,-8.3,-8.3,-13.13,-21.46,-1.28,-6.14,-3.13,-22.08,-19.99,-21.02,4.76,13.62,24.96,24.96,4.17,8.67,26.67,23.98,25.04,23.42,-3.51,-2.97,-6.26,-10.49,-0.93,0.975912,53,,,,,,,-3.51,0.51,-3.41,-4.37,10.31,0.996499,55
21-10-2025,NSE:INDIQUBE,EQ,4987.77,432394,3.52,3.45,3,226.16,0.76,1.35,-2.68,-1.7,-5.2,NA,NA,NA,NA,NA,-1,-1,-1,-1,-1,-1,-1,-1,-1,-1,-1,-4.73,NA,NA,NA,NA,-4.73,NA,NA,NA,NA,NA,NA,NA,NA,NA,1.37,NA,NA,NA,NA,NA,-6.35,0,0,0,0,0.975645,53,,,,,,,-6.35,99.54,-5.53,-1.68,9.02,0.991401,50
21-10-2025,NSE:SMCGLOBAL,EQ,1485.69,88918,2.54,2.52,6,136.11,0.61,1.09,-4.79,-2.26,-3.8,-11.51,15.8,5.86,-16.57,7.83,-1,-1,-1,HV2Q,HVQ,HV2Y,-1,-1,-1,-1,-1,-4.96,-10.11,-13.58,-17.23,-22.93,-4.96,-10.3,-3.63,-30.41,-27.45,-10.15,4.88,29.23,30.57,30.57,1.11,8.86,45.61,9.95,18.58,46.85,-4.95,-13.11,8.75,-2.75,-16.93,0.975546,52,,,,,,,-4.95,-7.89,18.96,-13.48,-14.82,0.989073,47
21-10-2025,NSE:IRMENERGY,EQ,1463.78,867291,5.02,4.92,5,332.4,1.99,2.08,-5.88,-5.54,-8.33,8.97,9.73,-2.72,-27.33,-57.51,-1,-1,HVY,HVQ,HVQ,EEP,-1,-1,-1,-1,-1,-9.81,-11.77,-11.77,-20.71,-45.01,-9.81,-4.42,-15.56,-35.59,-43.51,-29.98,25.69,26.94,38.96,38.96,2.23,36.17,26.51,25.44,4.68,3.61,-9.48,7.37,2.68,-11.33,-27.69,0.975536,52,,,,,,,-9.48,15.51,-4.69,-15.48,-14.94,0.987366,44
21-10-2025,NSE:MWL,EQ,757.66,27982,7.37,7.04,0,240.74,1.13,6.75,4.35,1.64,-5.38,NA,NA,NA,NA,NA,-1,-1,-1,-1,-1,-1,NA,-1,-1,-1,-1,-0.77,NA,NA,NA,NA,-0.77,NA,NA,NA,NA,NA,NA,NA,NA,NA,7.66,NA,NA,NA,NA,NA,-6.53,0,0,0,0,0.975442,52,,,,,,,-6.53,99.54,-5.53,-1.68,9.02,0.991195,49
21-10-2025,NSE:STLNETWORK,EQ,1400.33,6137903,4.95,4.9,0,27.81,3.00,-0.61,-3.99,-7.55,-5.47,NA,NA,NA,NA,NA,-1,-1,-1,-1,-1,-1,NA,-1,-1,-1,-1,-15.83,NA,NA,NA,NA,-15.83,NA,NA,NA,NA,NA,NA,NA,NA,NA,3.38,NA,NA,NA,NA,NA,-6.62,0,0,0,0,0.975351,52,,,,,,,-6.62,99.54,-5.53,-1.68,9.02,0.991102,49
21-10-2025,NSE:FISCHER,EQ,7295.8,518381,5.54,5.41,2,99.85,1.24,5.76,-1.38,-10.37,-13.77,6.47,NA,NA,NA,NA,-1,-1,-1,-1,-1,-1,-1,-1,-1,-1,-1,-14.66,-14.66,NA,NA,NA,-14.66,-2.14,NA,NA,NA,NA,7.56,NA,NA,NA,7.56,46.42,NA,NA,NA,NA,-14.92,4.87,0,0,0,0.975346,52,,,,,,,-14.92,17.33,94.47,-1.68,9.02,1.009456,71
21-10-2025,NSE:SHREEJISPG,EQ,4126.72,1080594,3.73,3.69,0,241.68,3.64,0.63,6.19,0.57,-5.64,NA,NA,NA,NA,NA,-1,-1,-1,-1,-1,-1,NA,-1,-1,-1,-1,-4.68,NA,NA,NA,NA,-4.68,NA,NA,NA,NA,NA,NA,NA,NA,NA,8.16,NA,NA,NA,NA,NA,-6.79,0,0,0,0,0.975164,52,,,,,,,-6.79,99.54,-5.53,-1.68,9.02,0.990912,49
21-10-2025,NSE:AHCL,EQ,701.6,850252,5.31,5.25,1,127.12,1.19,0.58,3.23,-3.85,-5.81,NA,NA,NA,NA,NA,-1,-1,-1,-1,-1,-1,NA,-1,-1,12,-1,-9.56,NA,NA,NA,NA,-9.56,NA,NA,NA,NA,NA,NA,NA,NA,NA,3.34,NA,NA,NA,NA,NA,-6.96,0,0,0,0,0.974968,52,,,,,,,-6.96,99.54,-5.53,-1.68,9.02,0.990714,49
21-10-2025,NSE:AFCONS,EQ,17221.52,916612,2.5,2.49,6,447.55,0.15,-1.45,-1.07,-0.12,-3.15,6.42,1.25,-17.13,NA,NA,-1,-1,-1,-1,-1,-1,-1,-1,-1,-1,-1,-3.9,-3.9,-3.99,NA,NA,-3.9,0,-20.03,-18.99,NA,NA,12.75,12.75,NA,NA,2.11,16.3,3.03,8.72,NA,NA,-4.3,4.82,-5.8,-25.74,0,0.974914,52,,,,,,,-4.3,8.82,-11.06,-20.29,109.02,0.988246,45
21-10-2025,NSE:ADANIENT,EQ,291776.89,1225908,2.17,2.2,6,2549.9,0.07,1.29,0.3,1.58,1.02,-2.73,4.09,4.79,-21.02,-24.31,-1,-1,-1,-1,-1,EEP,-1,-1,-1,-1,-1,-4.73,-4.73,-4.73,-16.29,-30.05,-4.73,-4.62,-1.01,-23.99,-33.4,-15.34,17.07,17.07,21.66,21.66,1.76,15.88,24.98,16.67,12.9,11.54,-0.13,-4.33,-2.96,-3.82,-21.38,0.974906,52,,,,,,,-0.13,-4.24,1.11,-0.96,-18.08,0.985189,42
21-10-2025,NSE:ENRIN,EQ,122754.74,512863,2.74,2.71,2,3144.7,1.42,-1.67,-4.38,-11.64,-9.25,2.76,NA,NA,NA,NA,-1,-1,-1,-1,-1,-1,-1,-1,-1,-1,-1,-12.8,-12.8,NA,NA,NA,-12.8,-2.55,NA,NA,NA,NA,5.62,NA,NA,NA,1.42,31.34,NA,NA,NA,NA,-10.4,1.16,0,0,0,0.974803,52,,,,,,,-10.4,10.53,94.47,-1.68,9.02,1.002408,64
21-10-2025,NSE:ONGC,EQ,298341.32,8632819,1.65,1.65,1,248.12,-0.25,1.38,1.13,3.28,4.61,1.24,0.14,-6.07,-15.02,-3.94,-1,-1,-1,-1,-1,-1,-1,-1,-1,-1,-1,-0.25,-0.25,-3.38,-12.42,-27.4,-0.25,-5.84,-9.03,-27.5,-22.99,-16.49,7.26,7.26,12.86,12.86,4.84,2.32,11.46,12.71,13.12,20.78,3.46,-0.36,-6.91,-14.68,-15.38,0.974763,52,,,,,,,3.46,-3.99,-6.65,-7.9,0.58,0.987439,44
21-10-2025,NSE:SGMART,EQ,4813.2,123617,3.92,3.88,1,362,1.10,6.31,-1.1,-0.75,-6.1,NA,NA,NA,NA,NA,-1,-1,-1,-1,-1,-1,NA,-1,-1,-1,-1,-4.62,NA,NA,NA,NA,-4.62,NA,NA,NA,NA,NA,NA,NA,NA,NA,6.74,NA,NA,NA,NA,NA,-7.25,0,0,0,0,0.97465,52,,,,,,,-7.25,99.54,-5.53,-1.68,9.02,0.99039,48
21-10-2025,NSE:MSPL,EQ,2156.66,1105602,3.89,3.85,5,35.58,1.74,-0.25,-3.96,-1.91,-7.17,7,19.25,-8.77,-42.02,18.63,-1,-1,HV2Q,HV2Q,-1,-1,-1,-1,-1,-1,-1,-8.7,-12.49,-12.49,-29.29,-43.69,-8.7,-6.22,-13.08,-54.53,-38.76,-20.03,16.62,46.18,58.27,58.27,3.37,42.12,47.2,27.8,66.09,116.87,-8.32,5.4,12.2,-17.38,-42.38,0.974509,52,,,,,,,-8.32,12.76,7.65,-36.38,-21.55,0.981461,37
21-10-2025,NSE:TIRUPATIFL,EQ,465.19,237059,6.2,6.21,2,39.26,2.77,0,-5.68,6.78,1.68,-8.43,11.36,-36.73,14.19,53.52,HV2Q,HV2Q,HVQ,-1,HVQ,HV2Y,-1,-1,-1,-1,-1,-13.18,-13.18,-17.8,-46.13,-46.13,-13.18,-19.18,-22.2,-52.25,-26.34,-10.09,10.5,32.41,34.45,171.7,10.5,7.04,45.79,46.84,271.49,133.15,0.53,-10.03,4.31,-45.34,13.83,0.974374,52,,,,,,,0.53,-10.74,12.72,-55.93,46.26,1.02125,80
21-10-2025,NSE:SUPREMEIND,EQ,56214.47,143369,2.07,2.06,6,4190.4,-0.06,0.54,-0.87,-0.67,-5.27,-0.23,15.95,-3.06,-24.85,6.08,-1,-1,-1,-1,EEP,EEP,-1,-1,-1,-1,-1,-4.15,-9.65,-9.78,-20.09,-32.26,-4.15,-4.88,-9.56,-39.1,-30.19,-15.43,2.5,21.54,34.64,34.64,0.87,7.91,34.95,13.17,16.11,40.67,-6.42,-1.83,8.9,-11.67,-25.21,0.974368,52,,,,,,,-6.42,4.33,10.61,-24.29,-12.13,0.985234,42
21-10-2025,NSE:VOLTAS,EQ,46988.94,1217464,2.39,2.41,5,1455.8,0.76,4.4,5.74,5.58,2.47,4.82,7.64,-9.05,-29.23,26.13,-1,-1,-1,-1,EEP,EEP,-1,-1,-1,-1,-1,0,0,0,-21.95,-24.54,0,-1.44,-13.23,-30.3,-17.71,-2.48,16.93,20.53,20.53,39.65,8.63,14.05,14.73,10.77,56.12,85,1.32,3.22,0.59,-17.66,-29.59,0.974341,52,,,,,,,1.32,1.95,-2.56,-19.75,-9.48,0.981423,37
21-10-2025,NSE:JGCHEM,EQ,1817.84,160061,3.11,3.05,5,414.4,0.95,0.43,-4.22,2.8,-12.05,-22.97,14.78,11.16,3.98,NA,-1,-1,HVY,HVY,HVQ,HVQ,-1,-1,-1,-1,-1,-9.38,-20.86,-20.86,-20.86,NA,-9.38,-11.32,-2.28,-23,-19.73,NA,2.88,33.61,38.04,NA,2.88,19.48,69.75,47.71,113.73,NA,-13.2,-24.57,7.73,2.55,3.62,0.974328,52,,,,,,,-13.2,-10.2,25.17,-5.93,0.94,1.002598,64
21-10-2025,NSE:ARVINDFASN,EQ,7528.57,249130,3.14,3.08,5,509.9,1.09,-1.14,-3.34,-1.63,-10.74,3.15,13.62,0.31,-22.09,8.97,-1,-1,EEP,EEP,-1,-1,-1,-1,-1,-1,-1,-7.97,-10.02,-10.02,-15.28,-19.57,-7.97,-0.35,-2.93,-30.53,-19.83,-1.81,2.3,29.7,40.24,40.24,2.3,25.19,35.82,21.14,23.39,51.12,-11.89,1.55,6.57,-8.3,-22.45,0.974292,52,,,,,,,-11.89,12.08,5.28,-17.08,-13.46,0.988551,46
21-10-2025,NSE:SAMHI,EQ,4631.17,945324,2.44,2.43,3,201.97,0.93,4.55,2.55,2.53,-3.52,-23.27,12.76,7.15,0.92,3.25,-1,-1,-1,EEP,HVY,HV2Y,-1,-1,-1,-1,-1,-2.05,-18.54,-18.88,-18.88,-18.88,-2.05,-16.03,0,-19.08,-17.95,-12.44,4.76,18.19,46.92,46.92,4.76,4.64,81.11,28.17,11.12,18.58,-4.67,-24.87,5.71,-1.46,0.56,0.974244,52,,,,,,,-4.67,-19.54,23.7,-8.1,2.31,0.999419,60
21-10-2025,NSE:DLF,EQ,192728.03,2270365,1.92,1.92,3,771.75,-0.28,4,4.48,6.43,-0.77,-10.48,11.24,4,-14.64,-4.65,-1,-1,-1,-1,-1,-1,-1,-1,-1,-1,-1,-0.28,-8.72,-12.34,-13.61,-18.61,-0.28,-8.97,-3.15,-25.87,-21.87,-6.7,8.24,22.17,26.92,26.92,8.24,5.23,40.22,12.66,4.23,15.96,-1.92,-12.08,4.19,-4.61,-15,0.974192,51,,,,,,,-1.92,-10.09,14.13,-9.83,-10.4,0.988264,46
21-10-2025,NSE:MPHASIS,EQ,56945.33,416768,2.35,2.4,6,2740.7,-0.25,-0.17,-2.81,2.28,-9.23,-2.27,12.37,-2.94,-6.23,5.1,-1,-1,-1,-1,-1,-1,-1,-1,-1,-1,-1,-3.92,-8.66,-8.66,-14.28,-14.28,-3.92,-0.23,-6.86,-24.88,-11.76,-8.38,4.41,16.24,30.37,30.37,3.72,14.05,33.33,14.25,26.56,30.59,-10.38,-3.87,5.32,-11.55,-6.59,0.973961,51,,,,,,,-10.38,5.92,8.78,-19.15,5.83,0.994799,54
21-10-2025,NSE:SHIVASHRIT,SM,241.15,117676,4.37,4.57,0,128.3,2.64,2.57,-1.25,-1.13,-6.78,NA,NA,NA,NA,NA,-1,-1,-1,-1,-1,-1,NA,-1,-1,-1,-1,-5.94,NA,NA,NA,NA,-5.94,NA,NA,NA,NA,NA,NA,NA,NA,NA,4.31,NA,NA,NA,NA,NA,-7.93,0,0,0,0,0.973917,51,,,,,,,-7.93,99.54,-5.53,-1.68,9.02,0.989646,47
21-10-2025,NSE:GVPIL,EQ,2384.56,504208,3.27,3.24,5,314.1,-0.27,0.49,-3.8,-2.67,-12.72,5.33,17.21,-2.99,-28.49,18.58,-1,-1,-1,HVQ,HVQ,HV2Y,-1,-1,-1,-1,-1,-9.53,-19.21,-19.21,-29.89,-50.53,-9.53,-8.94,-10.8,-49.92,-49.05,-36.43,10.93,44,44,44,0.5,25.04,36.32,16.25,34.85,68.24,-13.87,3.73,10.16,-11.6,-28.85,0.973815,51,,,,,,,-13.87,15.55,7.02,-26.09,-15.74,0.987825,45
21-10-2025,NSE:STCINDIA,BE,749.64,118280,5.6,5.58,6,133.56,-0.65,-0.52,-1.77,3.2,7.49,-2.16,7.55,-10.82,-23.57,-21.56,-1,HVQ,-1,HVQ,HV2Y,HVQ,-1,-1,-1,-1,-1,-7.19,-7.19,-16.61,-23.35,-43.77,-7.19,-17.93,-14.81,-48.01,-37.68,-30.51,15.57,15.57,26.74,26.74,3.44,6.9,29.47,17.17,23.96,38.22,6.34,-3.76,0.5,-19.43,-23.93,0.973652,51,,,,,,,6.34,-10.89,3.98,-21.56,-2.49,0.982864,38
21-10-2025,NSE:NIACL,EQ,33149.52,1211415,2.42,2.4,6,187.66,0.72,-0.54,-2.83,-0.22,-7.26,2.04,8.31,-2.18,-12.89,-31.49,-1,-1,EEP,HVQ,EEP,EEP,-1,-1,-1,-1,-1,-5.65,-8.17,-8.17,-12.35,-36.7,-5.65,-1.5,-7.58,-41.25,-37,-30.4,8.15,17.02,32.05,32.05,0.72,16,29.36,21.08,12.43,5.93,-8.41,0.44,1.26,-10.79,-13.25,0.97349,51,,,,,,,-8.41,8.21,0.87,-13.12,-1.46,0.99087,49
21-10-2025,NSE:THOMASCOOK,EQ,8114.06,1131656,3.23,3.18,3,167.36,0.17,1.71,6.15,6.06,-2.88,-5.82,11.99,0.82,-16.74,6.67,-1,-1,HVY,HV2Q,HV2Q,EEP,-1,-1,-1,-1,-1,-0.72,-10.13,-10.13,-23.77,-36.1,-0.72,-7.54,-0.81,-43.76,-36.62,-25.4,11.28,31.59,40.2,40.2,10.62,14.49,48.36,23.4,16.28,36.87,-4.03,-7.42,4.94,-7.79,-17.1,0.973374,51,,,,,,,-4.03,-3.32,11.3,-14.37,-8.69,0.987186,44
21-10-2025,NSE:RAJRATAN,EQ,1746.52,219005,4.8,4.83,0,413.7,8.37,24.44,24.04,23.65,16.3,-5.35,5.69,-16.98,-34.12,-48.09,EEP,EEP,-1,EEP,EEP,-1,-1,-1,-1,-1,-1,0,-1.87,-7.72,-27.4,-38.77,0,-20.56,-11.49,-36.87,-28.93,-18.52,33.88,33.88,46.57,46.57,33.88,12.02,54.42,38.23,4.88,9.37,15.15,-6.95,-1.36,-25.59,-34.48,0.973364,51,,,,,,,15.15,-26.34,4.96,-25.72,-5.63,0.979967,35
21-10-2025,NSE:BHEL,EQ,83012.39,6266760,1.96,1.97,6,234.6,0.36,0.92,-4.37,0.27,-1.1,-8.55,2.68,10.23,-14.92,7.63,-1,-1,-1,EEP,EEP,HV2Y,-1,-1,-1,-1,-1,-4.37,-6.61,-12.01,-12.01,-29.49,-4.37,-10.94,-4.49,-29.32,-36.7,-18.97,12.78,12.78,30.94,30.94,1.55,14.02,42.13,27.43,9.35,26.37,-2.25,-10.15,-4.37,1.62,-15.28,0.973316,51,,,,,,,-2.25,-7.83,4.81,6.09,-19,0.988693,46
21-10-2025,NSE:WINDMACHIN,EQ,2601.93,65212,3.61,3.51,3,295.9,-0.67,-0.57,-0.12,3.23,-3.67,-20.43,-6.73,-17.35,32.14,74.45,-1,-1,-1,-1,HVQ,HV2Y,-1,-1,-1,-1,-1,-4.19,-16.21,-25.43,-30.7,-30.7,-4.19,-22.69,-10.19,-26.04,-18.68,-4.79,4.21,4.21,63.49,358.05,4.21,3.28,46.83,105.92,437.54,210.85,-4.82,-22.03,-13.78,-25.96,31.78,0.973303,51,,,,,,,-4.82,-16.63,5.85,-11.64,51.19,1.033661,86
21-10-2025,NSE:ACI,EQ,8593.65,224857,3.07,3.02,4,652.85,-0.38,3.24,-0.6,-4.17,-6.49,-7.51,2.64,7.08,-1.76,1.04,-1,-1,HVQ,EEP,EEP,EEP,-1,-1,-1,-1,-1,-7.78,-8.77,-8.77,-8.95,-20.65,-7.78,-2.85,0,-22.58,-26.27,-19.25,5.21,17.85,56.48,56.48,3.35,12.91,68.23,52.35,3.1,12.91,-7.64,-9.11,-4.41,-1.53,-2.12,0.973266,51,,,,,,,-7.64,-1.42,3.91,2.87,-0.49,0.995553,54
21-10-2025,NSE:AVPINFRA,SM,454.62,73744,4.77,4.75,4,175,0.92,8.14,1.11,3.17,-3.2,-10.97,13.11,-31.23,16.86,NA,-1,-1,-1,HV2Q,HV2Q,-1,-1,-1,-1,-1,-1,-4.89,-16.23,-17,-33.79,NA,-4.89,-14.35,-18.4,-42.47,-13.11,NA,9.2,19.37,46.57,NA,9.2,5,55.86,27.35,241.23,NA,-4.35,-12.57,6.06,-39.84,16.5,0.973225,51,,,,,,,-4.35,-7.99,16.17,-52.72,45.66,1.022938,81
21-10-2025,NSE:PREMIERENE,EQ,47103.67,883919,2.59,2.62,4,1059.5,0.71,0.24,3.8,3.71,0.77,0.59,3.08,-10.47,-7.16,NA,-1,-1,-1,-1,-1,-1,-1,-1,-1,-1,-1,-0.77,-3.82,-5.9,-22.86,NA,-0.77,-5.78,-11.79,-25.23,-14.78,NA,7.57,12.15,25.66,NA,4.66,6.74,24.91,22.26,39.36,NA,-0.38,-1.01,-3.97,-19.08,-7.52,0.973067,51,,,,,,,-0.38,-0.64,-3.03,-15.66,12.02,0.992156,51
21-10-2025,NSE:ESSARSHPNG,EQ,542.69,328686,6.61,6.81,3,30.05,-0.56,0.03,6.99,10.95,12.71,6.99,-16.97,-9.12,-28.22,6.16,HVY,HVY,-1,HV2Q,HV2Q,HV2Y,5.55,-1,-1,-1,-1,-10.41,-10.41,-14.92,-28.37,-58,-10.41,-13.75,-20.87,-48.28,-54.17,-46.14,28.69,28.69,38.8,51.39,17.06,12.33,29.1,62.36,65.19,94.11,11.56,5.39,-24.02,-17.73,-28.58,0.972956,51,,,,,,,11.56,-7.02,-31.29,5.03,-8.49,0.985308,42
21-10-2025,NSE:MIDSMALL,EQ,384.29,319607,1.25,1.25,3,48.95,0.25,1.8,1.21,3.66,-1.63,-3.47,5.54,0.51,-12.44,NA,-1,-1,-1,-1,-1,-1,-1,-1,-1,-1,-1,-0.81,-3.01,-5.03,-10.28,NA,-0.81,-3.32,-1.73,-16,-11.93,NA,4.35,8.03,19.48,NA,4.35,6.05,23.63,12.86,3.93,NA,-2.78,-5.07,-1.51,-8.1,-12.8,0.972947,51,,,,,,,-2.78,-2.27,3.18,-7,-4,0.988641,46
21-10-2025,NSE:SHANTIGOLD,EQ,1614.23,1425125,4.68,4.55,1,206.7,0.68,-3.08,-0.08,-1.01,-7.69,NA,NA,NA,NA,NA,-1,-1,-1,-1,-1,-1,-1,-1,-1,-1,-1,-7.81,NA,NA,NA,NA,-7.81,NA,NA,NA,NA,NA,NA,NA,NA,NA,0.83,NA,NA,NA,NA,NA,-8.84,0,0,0,0,0.972945,51,,,,,,,-8.84,99.54,-5.53,-1.68,9.02,0.988658,46
21-10-2025,NSE:ZTECH,SM,879.16,44976,3.32,3.28,3,578.05,0.78,1.54,-1.35,-3.46,-5.46,-1.23,-7.99,-24.01,22.97,NA,-1,-1,-1,HVQ,-1,HV2Y,-1,-1,-1,-1,-1,-4.38,-6.8,-13.57,-20.8,NA,-4.38,-1.71,-19.83,-14.47,0,NA,12.69,12.69,68.26,NA,1.85,18.84,16.99,162.29,582.71,NA,-6.61,-2.83,-15.04,-32.62,22.61,0.972841,51,,,,,,,-6.61,3.55,-12.21,-16.51,46.91,1.025217,83
21-10-2025,NSE:EFCIL,EQ,3118.01,650633,3.94,3.98,2,294.7,0.02,-2.27,-0.58,-0.49,-7.82,NA,NA,NA,NA,NA,-1,-1,-1,-1,-1,-1,NA,-1,-1,-1,-1,-10.66,NA,NA,NA,NA,-10.66,NA,NA,NA,NA,NA,NA,NA,NA,NA,1.39,NA,NA,NA,NA,NA,-8.97,0,0,0,0,0.972808,51,,,,,,,-8.97,99.54,-5.53,-1.68,9.02,0.988519,46
21-10-2025,NSE:JSWCEMENT,EQ,20374.13,8332617,2.19,2.21,2,138.29,0.93,2.23,-1.05,-1.43,-7.94,NA,NA,NA,NA,NA,-1,-1,-1,-1,-1,-1,NA,-1,-1,-1,-1,-7.46,NA,NA,NA,NA,-7.46,NA,NA,NA,NA,NA,NA,NA,NA,NA,2.28,NA,NA,NA,NA,NA,-9.09,0,0,0,0,0.972684,51,,,,,,,-9.09,99.54,-5.53,-1.68,9.02,0.988392,46
21-10-2025,NSE:ICRA,EQ,6376.57,4227,2.14,2.13,5,6348,1.07,1.27,1.06,-0.95,-4.44,-6.67,9.22,1.57,-9.46,10.35,-1,-1,-1,-1,-1,-1,-1,-1,-1,-1,-1,-4.96,-6.54,-9.37,-12.48,-12.67,-4.96,-5.35,-3.33,-20.72,-14.04,-4.41,3.97,14.19,22.5,26.79,1.55,8.59,30.67,11.21,24.8,38.78,-5.59,-8.27,2.17,-7.04,-9.82,0.972543,51,,,,,,,-5.59,-2.59,9.36,-10.1,-2.18,0.990612,49
21-10-2025,NSE:EUREKAFORB,EQ,11333.46,156083,2.33,2.35,5,556.3,2.09,2.94,1.16,-1.64,-5.81,-0.72,7.95,-1.99,-11.03,NA,-1,-1,-1,-1,EEP,EEP,-1,-1,-1,-1,-1,-3.93,-8.1,-13.65,-13.65,NA,-3.93,-3.63,-13.03,-19.21,-10.5,NA,3.88,13.2,18.17,NA,3.88,8.78,19.02,8.78,12.11,NA,-6.96,-2.32,0.9,-10.6,-11.39,0.972528,50,,,,,,,-6.96,4.35,3.07,-12.47,0.15,0.990643,49
21-10-2025,NSE:GICRE,EQ,63947.88,916395,2.35,2.34,3,386.5,-0.41,2.47,0.97,5.91,5.81,1.44,-10.56,-11.36,-2.2,10.32,-1,-1,-1,-1,HV2Y,EEP,-1,-1,-1,-1,-1,-0.41,-3.25,-11.44,-22.85,-22.85,-0.41,-8.87,-15.64,-14.71,-14.09,-10.45,7.45,7.45,10.84,21.77,7.45,0.11,5.38,22.54,35.6,24.45,4.66,-0.16,-17.61,-19.97,-2.56,0.972518,50,,,,,,,4.66,-5.1,-17.7,-2.41,17.24,0.996331,55
21-10-2025,NSE:ALPHA,EQ,739.92,1170855,2.19,2.17,5,49.55,0.41,1.98,2.7,4.52,-0.38,-2.34,5.61,-0.65,-16.93,NA,-1,-1,-1,-1,-1,-1,-1,-1,-1,-1,-1,0,-2.33,-4.01,-13.1,NA,0,-3.64,-1.76,-21.5,-16.3,NA,5.52,10.85,21.74,NA,5.52,5.43,24.59,14.91,17.98,NA,-1.53,-3.94,-1.44,-9.26,-17.29,0.972327,50,,,,,,,-1.53,-2.41,2.24,-8.31,-7.16,0.98621,43
21-10-2025,NSE:JAGSNPHARM,EQ,1631.13,118562,3.72,3.74,5,221.53,1.97,4.33,2.73,1.14,-9.73,-12.42,-2.04,-0.64,18.86,44.96,-1,-1,HV2Y,HV2Y,HVQ,HVQ,-1,-1,-1,-1,-1,-8.42,-24.33,-24.33,-27.24,-27.24,-8.42,-16.97,-8.94,-25.76,-26.78,-4.26,4.53,8.4,22.77,100.92,4.53,12.21,24.14,64.74,102.2,63.03,-10.88,-14.02,-9.09,-9.25,18.5,0.972116,50,,,,,,,-10.88,-2.91,3.7,-0.3,28.39,1.011592,74
21-10-2025,NSE:KKCL,EQ,3512.64,51785,3.56,3.59,4,537.75,1.41,-1.34,-1.34,0.75,-6.07,-2.25,13.71,-0.75,-21.35,-39.9,-1,-1,-1,-1,-1,-1,-1,-1,-1,-1,-1,-9.16,-9.16,-9.16,-17.24,-29.27,-9.16,-1.43,-4.98,-32.06,-29.36,-14.92,8.98,24.84,24.84,24.84,2.05,15.59,27.65,5.98,4.98,6.43,-7.22,-3.85,6.66,-9.36,-21.71,0.972033,50,,,,,,,-7.22,3.14,10.07,-18.43,-11.42,0.986002,43
21-10-2025,NSE:INGERRAND,EQ,12526.18,10846,3.38,3.33,1,3926.2,0.69,2.01,-4.48,-0.13,-1.01,-4.37,5.9,2.3,-17.15,15.94,-1,-1,-1,-1,-1,HV2Y,-1,-1,-1,-1,-1,-5.43,-5.43,-7.45,-15.67,-20.26,-5.43,-6.52,-3.41,-20.64,-22.1,-6.59,11.13,11.13,24.82,24.82,5.36,12.25,30.28,17.45,21.68,45.91,-2.16,-5.97,-1.15,-6.31,-17.51,0.971974,50,,,,,,,-2.16,-3.79,4.32,-5.51,-10.89,0.986194,43
21-10-2025,NSE:IGL,EQ,30224.63,2352205,2.44,2.42,4,207.42,0.11,-2.06,-6.12,0.33,-3.72,-2.72,9.29,4.18,-25,-2.96,-1,-1,-1,HVQ,-1,-1,-1,-1,-1,-1,-1,-5.77,-5.77,-9.02,-17.78,-25.73,-5.77,-5.64,-6.54,-32.63,-28.83,-7.16,3.18,16.4,33.22,33.22,2.55,7.02,21.92,20.84,27.65,28.59,-4.87,-4.32,2.24,-4.43,-25.36,0.971883,50,,,,,,,-4.87,0.5,6.16,-7.31,-21.43,0.983743,39
21-10-2025,NSE:TCPLPACK,EQ,3151.24,3106,2.59,2.56,1,3529.7,0.30,4.02,3.84,7.3,2.12,-5.46,-11.06,-0.05,3,37.62,-1,-1,-1,EEP,EEP,EEP,-1,-1,-1,-1,-1,-0.44,-6.37,-19.39,-24.39,-24.39,-0.44,-10.77,-20.27,-16.03,-1.52,-4.52,7.87,7.87,16.37,71.18,7.87,3.81,20.79,60.26,71.27,66.05,0.97,-7.06,-18.11,-8.66,2.64,0.971707,50,,,,,,,0.97,-8.21,-10.84,8.23,12.07,0.998861,59
21-10-2025,NSE:DHARAN,BE,292.81,12690652,2.43,3.86,0,0.46,-2.13,-23.91,-13.04,-28.26,-21.74,8.7,NA,NA,NA,NA,-1,-1,-1,-1,-1,-1,-1,-1,-1,-1,-1,-24.59,-24.59,NA,NA,NA,-24.59,0,NA,NA,NA,NA,17.95,NA,NA,NA,0,43.59,NA,NA,NA,NA,-22.89,7.1,0,0,0,0.971484,50,,,,,,,-22.89,24.54,94.47,-1.68,9.02,1.016863,77
21-10-2025,NSE:CHOLAHLDNG,EQ,37491.65,211651,3.52,3.44,6,1856.8,0.29,1.32,-1.66,-4.34,-8.76,-13.95,-5.97,22.13,-7.13,38.92,-1,-1,-1,HV2Q,HV2Q,EEP,-1,-1,-1,-1,-1,-6.64,-11.45,-14.28,-14.28,-14.28,-6.64,-6.76,-2.32,-6.31,-31.15,-5.28,7.6,8.08,32.74,85.6,1.34,17.02,49.2,40.67,44.52,98.83,-9.91,-15.55,-13.02,13.52,-7.49,0.971475,50,,,,,,,-9.91,-5.23,1.47,24.84,-28.56,0.999481,60
21-10-2025,NSE:STEELXIND,EQ,1262.31,2683755,3.99,3.98,5,10.13,1.40,0.99,-2.57,4.24,-3.95,-7.4,13.62,1.28,-19.35,-46.59,-1,-1,HV2Q,HV2Q,-1,HVQ,-1,-1,-1,-1,-1,-5.86,-8.16,-8.16,-19.28,-38.04,-5.86,-4.53,-0.46,-40.27,-43.02,-31.11,16.04,28.55,33.99,33.99,5.96,31.62,43.92,15.74,9.29,3.69,-5.1,-9,6.57,-7.33,-19.71,0.971318,50,,,,,,,-5.1,-3.78,14.05,-15.97,-11.88,0.98622,43
21-10-2025,NSE:IKS,EQ,26422.27,247103,2.6,2.58,5,1549.2,0.27,2.86,0.74,2.94,-0.43,-2.7,8.35,-20.25,NA,NA,-1,-1,-1,HVQ,-1,-1,-1,-1,-1,-1,-1,0,-4.56,-16.52,NA,NA,0,-5.12,-17.38,-33.83,NA,NA,6.58,6.58,NA,NA,6.58,3.95,19.35,6.52,NA,NA,-1.58,-4.3,1.3,-28.86,0,0.971317,50,,,,,,,-1.58,-2.72,5.22,-32.88,109.02,0.98404,40
21-10-2025,NSE:FACT,EQ,64513.08,366354,2.5,2.48,5,893.5,0.63,2.42,-0.2,-1.98,-11.94,-7.45,14.71,-1.59,-3.28,13.39,-1,-1,-1,HV2Y,HVQ,HV2Y,-1,-1,-1,-1,-1,-9.79,-12.05,-15.95,-15.95,-21.24,-9.79,-3.64,-9.68,-29.61,-19.99,-18.65,2.48,20.9,52.72,52.72,2.48,10.61,64.11,30.25,52.97,55.52,-13.09,-9.05,7.66,-10.2,-3.64,0.971244,50,,,,,,,-13.09,3.54,15.1,-20.79,7.35,0.99692,56
21-10-2025,NSE:HERITGFOOD,EQ,4881.07,535879,2.9,2.87,6,479.7,-0.08,-0.98,-1.23,-0.07,-9.35,-1.13,11.56,8.93,-33.01,32.95,-1,-1,EEP,EEP,-1,EEP,-1,-1,-1,-1,-1,-10.08,-10.08,-10.08,-25.18,-30.98,-10.08,-0.57,-2.75,-34.04,-37.15,-8.2,4.31,26.49,32.7,60.27,0,18.61,34.19,17.36,45.96,113.18,-10.5,-2.73,4.51,0.32,-33.37,0.971232,50,,,,,,,-10.5,7.06,7.01,-4.65,-37.04,0.983453,39
21-10-2025,NSE:SYSTANGO,SM,341.78,13416,2.84,2.87,5,232.15,1.18,0.13,0.93,4.16,-0.37,-2.3,4.67,-12.28,-3.02,-35.13,-1,-1,-1,HVQ,HV2Y,HV2Y,-1,-1,-1,-1,-1,-1.59,-6.56,-13.83,-19.39,-39.35,-1.59,-7,-11.84,-23.16,-31.9,-37.52,5.57,10.71,18.53,18.53,4.34,5.96,21.27,12.99,29.23,7.19,-1.52,-3.9,-2.38,-20.89,-3.38,0.971162,50,,,,,,,-1.52,-2.39,1.29,-19.46,17.27,0.994685,53
21-10-2025,NSE:SANGAMIND,EQ,2130.45,65904,3.81,3.75,2,430.4,2.50,0.84,6.26,-1.67,0.63,-8.69,0.24,-2.58,0.52,-13.16,HV2Y,HV2Y,HV2Q,HVQ,HVQ,HV2Y,-1,-1,-1,-1,-1,-1.65,-5.88,-12.5,-12.5,-16.26,-1.65,-13.05,-4.9,-10.74,-25.76,-28.01,24.65,24.65,44.94,44.94,8.65,23.86,57.53,44.59,25.64,19.16,-0.52,-10.29,-6.81,-11.19,0.16,0.971111,50,,,,,,,-0.52,-9.84,2.69,-4.51,12.04,0.995411,54
21-10-2025,NSE:EXIDEIND,EQ,35287.75,2606737,1.94,1.93,6,399.35,0.13,1.55,-0.88,2.7,-3.79,2.57,4.61,2.85,-28.28,17.82,-1,-1,-1,-1,-1,EEP,-1,-1,-1,-1,-1,-1.11,-6.55,-6.55,-19.57,-31.1,-1.11,-3.01,-4.06,-31.45,-33.07,-11.62,6.65,13.53,19.92,34.71,2.78,10.7,16.85,14.4,30.87,72.81,-4.94,0.97,-2.44,-5.76,-28.64,0.970898,50,,,,,,,-4.94,5.67,-3.44,-3.52,-23.03,0.983279,39
21-10-2025,NSE:STEL,EQ,863.71,14457,5.28,5.32,5,430.25,3.48,9.29,2.41,-1.12,-10.06,4.59,2.7,9.02,-28.76,34.68,-1,-1,HV2Q,-1,-1,HV2Y,-1,-1,-1,-1,-1,-10.46,-18.17,-18.17,-25.36,-26.64,-10.46,-9.94,-8.05,-28.62,-33.26,-5.54,10.24,12.97,33.25,53.06,10.24,18.54,27.13,29.65,39.28,97.12,-11.21,2.99,-4.35,0.41,-29.12,0.970841,50,,,,,,,-11.21,12.85,-7.52,4.82,-32.51,0.987729,45
21-10-2025,NSE:PGHH,EQ,44510.16,14113,2.31,2.29,4,13869,0.46,-2.72,-2.96,-2.49,0.66,5.22,-2.39,-6.07,-19.41,-18.16,-1,-1,-1,-1,-1,-1,-1,-1,-1,-1,-1,-3.55,-3.55,-3.67,-16.39,-20.23,-3.55,-0.2,-11.42,-18.32,-15.39,-4.75,6.91,6.91,8.44,8.44,3.44,6.21,2.78,11.02,1.5,6.77,-0.49,3.62,-9.44,-14.68,-19.77,0.970399,50,,,,,,,-0.49,4.13,-13.56,-5.27,-3.56,0.986522,43
21-10-2025,NSE:CUDML,SM,273.6,122360,4.95,4.86,3,141,-0.11,0.04,0.43,-7.06,-10.18,NA,NA,NA,NA,NA,-1,-1,-1,-1,-1,-1,NA,-1,-1,-1,-1,-13.23,NA,NA,NA,NA,-13.23,NA,NA,NA,NA,NA,NA,NA,NA,NA,0.89,NA,NA,NA,NA,NA,-11.33,0,0,0,0,0.970375,49,,,,,,,-11.33,99.54,-5.53,-1.68,9.02,0.986046,43
21-10-2025,NSE:JAMNAAUTO,EQ,4307.39,4268065,2.5,2.51,5,96.12,1.22,2.21,-2.04,-5.99,-12.21,0.17,13.13,5.2,-27.54,-20.42,-1,-1,EEP,-1,-1,EEP,-1,-1,-1,-1,-1,-10.43,-12.54,-12.54,-19.27,-34.2,-10.43,-1.86,-0.85,-42.84,-37.63,-16.09,8.05,20,35.67,35.67,2.79,21.25,35.44,17.85,3.01,12.01,-13.36,-1.43,6.08,-3.41,-27.9,0.970356,49,,,,,,,-13.36,10.57,7.45,-10.81,-25.52,0.985975,43
21-10-2025,NSE:GILLETTE,EQ,33530.19,21896,2.16,2.16,6,9410.5,0.79,-0.16,-0.61,-0.73,-10,-16.37,14.25,0.32,3.16,29.22,-1,-1,-1,EEP,EEP,EEP,-1,-1,-1,-1,-1,-7.27,-16.06,-16.41,-16.41,-16.41,-7.27,-8.05,-2.73,-22.9,-10.38,-0.01,1.72,20.53,26.29,51.61,1.72,4.47,46.96,8.29,51.12,46.82,-11.15,-17.97,7.2,-8.29,2.8,0.970238,49,,,,,,,-11.15,-6.25,20.78,-17.93,11.87,1.000567,61
21-10-2025,NSE:TIINDIA,EQ,64725.04,304980,2.33,2.32,6,3129.9,0.12,0.97,-2.83,1,-6.38,6.09,15.2,-6.14,-44.12,-11.73,-1,-1,-1,HVQ,HVQ,-1,-1,-1,-1,-1,-1,-6.57,-8.06,-8.06,-33.64,-33.64,-6.57,-2.19,-14.51,-43.73,-29.57,-0.39,11.45,21.6,27.12,27.12,1.49,18.56,19.38,7.8,2.82,30.55,-7.53,4.49,8.15,-14.75,-44.48,0.97019,49,,,,,,,-7.53,11.26,4.18,-26.85,-26.76,0.978755,33
21-10-2025,NSE:METROPOLIS,EQ,11060.89,74937,2.97,3.02,6,1930,-0.01,-1.4,-9.19,-4.74,-10.55,-0.46,9.19,2.13,-15.48,13.61,-1,-1,HVY,HVY,-1,-1,-1,-1,-1,-1,-1,-8.42,-13.71,-13.71,-13.71,-15.67,-8.42,-4.61,-5.79,-23.41,-17.47,-2.62,0,19.54,29.65,29.65,0,26.25,30.24,17.74,19.37,40.85,-11.7,-2.06,2.14,-6.48,-15.84,0.970136,49,,,,,,,-11.7,8.67,4.07,-9.45,-8.97,0.989762,48
21-10-2025,NSE:ITCHOTELS,EQ,49356.53,2730732,2.65,2.64,5,224.26,2.21,6.26,2.39,-2.87,-5.56,-12.09,8.57,NA,NA,NA,-1,-1,-1,HV2Y,HV2Y,-1,-1,-1,-1,-1,-1,-6.25,-10.53,-11.97,NA,NA,-6.25,-7.07,-1.33,NA,NA,NA,6.68,22.58,NA,NA,6.68,11.65,56.68,NA,NA,NA,-6.71,-13.69,1.52,0,0,0.970059,49,,,,,,,-6.71,-6.64,12.9,98.32,9.02,1.003457,65
21-10-2025,NSE:RML,EQ,2339.9,13846,2.4,2.37,6,822.9,0.37,-0.48,-2.22,0.93,-2.62,-6.78,13.05,5.68,-34.73,-1.87,-1,-1,-1,HV2Q,HVQ,HV2Y,-1,-1,-1,-1,-1,-4.53,-7.55,-17.98,-24.52,-41.78,-4.53,-9.99,-12.41,-49.38,-45.08,-21.56,3.37,18.3,41.28,41.28,1.12,6.09,50.86,22.85,20.3,71.84,-3.77,-8.38,6,-2.93,-35.09,0.969854,49,,,,,,,-3.77,-4.51,13.04,-10.16,-33.82,0.980166,35
21-10-2025,NSE:SUNPHARMA,EQ,397800.03,2427974,1.63,1.76,4,1690.5,0.11,2.14,2.21,5.99,2.04,-0.11,-3.37,-4.31,-12.3,9.23,-1,-1,-1,-1,-1,-1,-1,-1,-1,-1,-1,0,-2.5,-8.2,-11.51,-13.25,0,-4.49,-8.11,-10.33,-9.51,-2.58,8.14,8.14,8.14,18.23,6.54,5.93,8.03,11.55,28.54,38.4,0.89,-1.71,-10.42,-12.92,-12.66,0.969726,49,,,,,,,0.89,-2.65,-8.79,-2.59,1.35,0.98862,46
21-10-2025,NSE:HILINFRA,EQ,627.13,965844,3.6,3.65,0,78.96,1.37,0.44,-3.86,-2.43,-10.84,NA,NA,NA,NA,NA,-1,-1,-1,-1,-1,-1,NA,-1,-1,-1,-1,-8.74,NA,NA,NA,NA,-8.74,NA,NA,NA,NA,NA,NA,NA,NA,NA,2.47,NA,NA,NA,NA,NA,-11.99,0,0,0,0,0.969708,49,,,,,,,-11.99,99.54,-5.53,-1.68,9.02,0.985369,42
21-10-2025,NSE:AMBUJACEM,EQ,144057.87,2589804,1.71,1.71,6,567.5,0.35,0.69,-0.43,0.94,-2.63,-8.06,-1.83,4.82,-3.8,0.7,-1,-1,-1,-1,-1,-1,-1,-1,-1,-1,-1,-4.07,-8.55,-8.55,-8.55,-18.35,-4.07,-6.14,0,-16.41,-22.28,-15.24,1.27,8.22,22.06,22.06,0.95,8.76,31.9,24.29,11.57,6.14,-3.78,-9.66,-8.88,-3.79,-4.16,0.969516,49,,,,,,,-3.78,-5.75,0.23,4.85,-0.03,0.99333,52
21-10-2025,NSE:VISAKAIND,BE,725.8,97381,4,3.97,5,81.99,1.99,2.96,-1.5,6.22,-2.59,-5.85,21.23,-11.34,-29.39,-91.49,-1,-1,-1,EEP,EEP,EEP,-1,-1,-1,-1,-1,-5.21,-9.54,-13,-24.29,-43.86,-5.21,-10.75,-7.91,-46.13,-47.28,-38.73,8.6,40.88,43.62,43.62,8.6,3.99,52.02,13.12,5.05,11.09,-3.74,-7.45,14.18,-19.95,-29.75,0.969511,49,,,,,,,-3.74,-3.65,20.06,-43.04,-7.19,0.984614,41
21-10-2025,NSE:HITECH,EQ,2456.99,2566281,3.52,3.6,5,115.97,1.39,-0.6,-2.08,0.9,-4.67,18.07,13,-23.07,-71.06,-22.06,-1,-1,HVQ,HV2Y,-1,EEP,-1,-1,-1,-1,-1,-5.4,-5.4,-5.4,-39.1,-43.6,-5.4,0,-32.2,-50.93,-30.58,-3.52,34.74,34.74,34.74,34.74,1.73,41.04,9.47,6.92,29.58,80.1,-5.82,16.47,5.95,-31.68,-71.42,0.969451,49,,,,,,,-5.82,21.27,-11.72,-43.15,-29.97,0.974957,28
21-10-2025,NSE:JBCHEPHARM,EQ,26903.23,138952,1.87,1.86,4,1690.8,-0.02,1.87,2.02,-0.85,-1.38,0.35,2.06,-5.57,-12.7,0.6,-1,-1,-1,-1,-1,-1,-1,-1,-1,-1,-1,-1.89,-6.2,-6.2,-13.78,-14.2,-1.89,-4.9,-6.69,-15.96,-9.42,-3.3,2.06,12.39,12.39,12.39,2.06,6.56,11.99,10.08,16.56,24.44,-2.53,-1.25,-4.99,-14.18,-13.06,0.969445,49,,,,,,,-2.53,1.26,-3.82,-9.47,2.26,0.988513,46
21-10-2025,NSE:AMANTA,BE,547.49,464501,4.22,4.21,0,127.02,0.81,0.13,-8.31,-10.25,-11.12,NA,NA,NA,NA,NA,-1,-1,-1,-1,-1,-1,NA,-1,-1,-1,-1,-13.49,NA,NA,NA,NA,-13.49,NA,NA,NA,NA,NA,NA,NA,NA,NA,4,NA,NA,NA,NA,NA,-12.27,0,0,0,0,0.969426,49,,,,,,,-12.27,99.54,-5.53,-1.68,9.02,0.985082,41
21-10-2025,NSE:SUNFLAG,EQ,4746.98,244684,2.84,2.82,5,260.4,1.44,0.23,-2.28,-0.79,-1,-14.5,0.19,-10.52,14.49,22.95,-1,-1,-1,HVQ,HVQ,HV2Y,-1,-1,-1,-1,-1,-4.91,-15.77,-17.69,-17.69,-17.69,-4.91,-16.86,-5.75,-13.78,-4.53,-16.24,1.44,16.4,33.82,43.19,1.44,0,43.71,33.57,58.26,22.44,-2.15,-16.1,-6.86,-19.13,14.13,0.969423,49,,,,,,,-2.15,-13.83,7.3,-12.41,31.65,1.007903,70
21-10-2025,NSE:RUCHIRA,EQ,507.07,207008,4.06,3.97,5,135.46,-1.95,2.37,-3.64,-3.84,-25.52,-3.41,6.11,8.84,3.61,1.48,-1,-1,HVY,HVQ,HVQ,HVQ,-1,-1,-1,-1,-1,-17.69,-20.33,-20.33,-20.33,-20.33,-17.69,0,-4.3,-15.52,-22.92,-18.5,2.43,19.44,20.78,21,2.43,27.49,24.9,13.41,10.31,16.63,-26.67,-5.01,-0.94,0.23,3.25,0.969382,49,,,,,,,-26.67,17.15,3.67,1.23,3.29,1.006277,68
21-10-2025,NSE:RRKABEL,EQ,14226.25,100777,2.74,2.77,6,1263.7,0.85,0.54,-0.36,2.47,0.65,-13.46,23.42,-4.12,-41.32,-13.77,-1,-1,-1,EEP,HV2Y,HVQ,-1,-1,-1,-1,-1,-2.26,-13.83,-14.12,-27.15,-30.95,-2.26,-14.68,-2.56,-46.25,-28.11,-2.42,8.24,30.59,47.12,47.12,3.73,7.54,66.92,12.67,0.54,31.55,-0.5,-15.06,16.37,-12.73,-41.68,0.969292,49,,,,,,,-0.5,-14.66,26.97,-37.64,-26.71,0.982125,38
21-10-2025,NSE:TIGERLOGS,EQ,530.74,460770,6.37,6.51,1,45.37,0.51,6.74,-1.15,-5.51,-11.26,NA,NA,NA,NA,NA,-1,-1,-1,-1,-1,-1,NA,-1,-1,-1,-1,-12.82,NA,NA,NA,NA,-12.82,NA,NA,NA,NA,NA,NA,NA,NA,NA,7.23,NA,NA,NA,NA,NA,-12.41,0,0,0,0,0.969288,49,,,,,,,-12.41,99.54,-5.53,-1.68,9.02,0.984942,41
21-10-2025,NSE:NATCAPSUQ,EQ,256.15,44579,6.28,6.56,2,222.25,0.32,-3.98,-6.59,-24.6,-11.45,0.31,-0.26,NA,NA,NA,-1,HV2Y,HVQ,HV2Y,HV2Y,-1,-1,-1,-1,-1,-1,-19.75,-19.75,-19.75,NA,NA,-19.75,0,-12.85,NA,NA,NA,18.44,18.44,NA,NA,2.62,32.01,32.98,NA,NA,NA,-12.6,-1.29,-7.31,0,0,0.96927,49,,,,,,,-12.6,10.1,-6.1,98.32,9.02,0.998973,59
21-10-2025,NSE:SAWALIYA,SM,238.04,106226,3.45,3.8,2,214.9,-1.87,-3.77,-2.42,-5.33,-11.68,NA,NA,NA,NA,NA,-1,-1,-1,-1,-1,-1,NA,-1,-1,-1,-1,-12.03,NA,NA,NA,NA,-12.03,NA,NA,NA,NA,NA,NA,NA,NA,NA,0,NA,NA,NA,NA,NA,-12.83,0,0,0,0,0.968876,49,,,,,,,-12.83,99.54,-5.53,-1.68,9.02,0.984524,40
21-10-2025,NSE:GODREJPROP,EQ,64669,656723,2.81,2.86,0,2293.5,0.07,10.29,9.6,12.93,6.47,-4.81,8.65,-3.06,-40.74,1.5,-1,-1,-1,HVY,-1,EEP,-1,-1,-1,-1,-1,0,-2.96,-7.04,-26.81,-32.17,0,-10.76,-2.57,-37.7,-30.1,-4.54,18.43,18.43,19.01,19.01,17.16,10.77,24.74,8.71,10.68,51.15,5.32,-6.41,1.6,-11.67,-41.1,0.968835,48,,,,,,,5.32,-12.52,7.32,-14.5,-27.54,0.975684,29
21-10-2025,NSE:NTPC,EQ,328910.92,8762122,1.63,1.63,4,342,0.01,1.56,1.17,0.31,0.98,0.13,-5.34,4.82,-24.05,7.56,-1,-1,-1,-1,-1,-1,-1,-1,-1,-1,-1,-1.61,-1.61,-5.99,-19.53,-22.83,-1.61,-1.56,-6.92,-18.72,-26.56,-4.28,5.52,5.52,14.69,14.69,2.46,4.49,13.72,20.81,9.15,35.35,-0.17,-1.47,-12.39,-3.79,-24.41,0.968814,48,,,,,,,-0.17,-1.32,-11.01,7.97,-21.32,0.985112,42
21-10-2025,NSE:ANTHEM,EQ,47540.29,826163,2.93,2.97,3,742.15,2.07,-4.25,-4.73,-3.19,-14.01,1.59,NA,NA,NA,NA,-1,-1,-1,-1,-1,-1,-1,-1,-1,-1,-1,-10.72,-14.15,NA,NA,NA,-10.72,-2.13,NA,NA,NA,NA,2.44,NA,NA,NA,2.07,16.78,NA,NA,NA,NA,-15.16,-0.01,0,0,0,0.968617,48,,,,,,,-15.16,13.22,94.47,-1.68,9.02,1.002007,63
21-10-2025,NSE:LAXMIINDIA,EQ,881.24,2743351,4.3,4.26,3,150.86,0.85,6.46,6.55,0.64,-11.96,NA,NA,NA,NA,NA,-1,-1,-1,-1,-1,-1,-1,-1,-1,-1,-1,-6.95,NA,NA,NA,NA,-6.95,NA,NA,NA,NA,NA,NA,NA,NA,NA,7.01,NA,NA,NA,NA,NA,-13.11,0,0,0,0,0.968603,48,,,,,,,-13.11,99.54,-5.53,-1.68,9.02,0.984246,40
21-10-2025,NSE:GPPL,EQ,7585.17,1504771,2.45,2.47,5,161.24,0.83,1.89,-1.04,2.49,2.6,-1.95,6.94,-3.21,-32.01,-5.9,-1,-1,HVQ,-1,-1,EEP,-1,-1,-1,-1,-1,-1.25,-2.77,-2.77,-23.16,-32.23,-1.25,-5.29,-2.28,-36.94,-30.06,-10.54,8.13,23.23,29.04,29.04,5.24,5.32,31.56,20.09,1.38,25.29,1.45,-3.55,-0.11,-11.82,-32.37,0.968517,48,,,,,,,1.45,-5.13,3.19,-12.59,-18.89,0.978758,33
21-10-2025,NSE:WEALTH,EQ,1329.74,3482,2.72,2.73,5,1208.7,0.92,1.27,0.6,3.48,-2.79,-4.02,19.82,-9.26,-35.15,62.17,-1,-1,-1,HV2Q,2,HV2Y,-1,-1,-1,-1,-1,-0.93,-5.3,-11.92,-29.23,-29.23,-0.93,-5.45,-8.38,-43.25,-22.67,0,4.55,43.32,43.32,173.25,3.84,11.15,49.08,15.32,198.54,269.29,-3.94,-5.62,12.77,-17.87,-35.51,0.968443,48,,,,,,,-3.94,-1.66,17.39,-37.94,-14.68,0.981094,36
21-10-2025,NSE:RSYSTEMS,EQ,5256.43,644416,2.78,2.76,6,419.2,-0.19,2.37,0.16,2.95,-5.8,-6,20.16,-5.01,-30.64,-14.54,-1,-1,-1,HV2Q,HV2Y,EEP,-1,-1,-1,-1,-1,-2.5,-11.66,-11.66,-19.66,-23.45,-2.5,-6.54,-4.35,-38.88,-19.62,0,4.59,34.57,42.78,42.78,4.59,6.74,51.35,14,7.48,33.72,-6.95,-7.6,13.11,-13.62,-31,0.96836,48,,,,,,,-6.95,-0.65,19.15,-33.2,-15.39,0.983491,39
21-10-2025,NSE:ABLBL,EQ,17328.19,1673398,2.89,3.16,2,139.2,1.01,1.05,-6.25,2.78,-1.61,-10.29,NA,NA,NA,NA,-1,-1,-1,-1,-1,-1,-1,-1,-1,-1,-1,-5.88,-9.2,NA,NA,NA,-5.88,-14.37,NA,NA,NA,NA,5.51,NA,NA,NA,5.33,7.21,NA,NA,NA,NA,-2.76,-11.89,0,0,0,0.968313,48,,,,,,,-2.76,-9.01,94.47,-1.68,9.02,0.98577,42
21-10-2025,NSE:LMW,EQ,16280.89,3843,2.53,2.54,3,15488,0.59,4.58,5.9,8.49,1.85,-1.46,-4.35,-5.65,-8.88,12.08,-1,-1,-1,-1,EEP,EEP,-1,-1,-1,-1,-1,-0.86,-2.85,-13.95,-13.95,-15.92,-0.86,-9.79,-12.69,-12.26,-11.17,-8.45,10.11,10.11,13.37,13.37,9.28,8.07,15.03,18.31,25.56,29.4,0.7,-3.06,-11.4,-14.26,-9.24,0.968081,48,,,,,,,0.7,-3.83,-8.38,-2.92,5.96,0.990134,48
21-10-2025,NSE:WINDLAS,EQ,2042.07,62737,2.24,2.25,5,951.35,1.13,3.69,4.12,4.59,-1.29,3.38,-9.18,-5.55,-6.88,49.12,-1,-1,HVY,HV2Q,HVQ,HV2Y,-1,-1,-1,-1,-1,0,-11.16,-11.16,-16.86,-16.86,0,-10.01,-15.22,-9.22,-12.24,0,5.02,8.24,40.87,94.93,5.02,9.63,36.1,53.8,115.95,118.68,-2.44,1.78,-16.23,-14.16,-7.24,0.96796,48,,,,,,,-2.44,4.16,-18.54,1.65,7.76,0.994033,53
21-10-2025,NSE:STOVEKRAFT,EQ,2351.37,127430,3.06,3.03,4,705.85,0.62,4.81,4.6,3.28,-0.86,13.93,5.46,-33.57,-27.73,38.62,-1,-1,-1,HVQ,EEP,EEP,-1,-1,-1,-1,-1,-1.09,-1.09,-1.09,-25.13,-25.13,-1.09,0,-35.18,-29.22,0,-4,23.38,33.58,33.58,71.68,6.8,27.85,14.98,17.8,129.31,119.29,-2.01,12.33,-1.59,-42.18,-28.09,0.967902,48,,,,,,,-2.01,14.2,-15.36,-42.97,13.39,0.98802,45
21-10-2025,NSE:COALINDIA,EQ,243427.77,4874268,1.19,1.22,5,391.1,0.13,2.6,1.64,0.72,-0.87,1.1,-1.92,3.13,-26.76,-10.66,-1,-1,-1,-1,-1,-1,-1,-1,-1,-1,-1,-0.91,-2.16,-4.17,-20.54,-27.63,-0.91,-1.31,-5.22,-26.24,-29.89,-8.26,5.01,5.01,10.42,10.42,2.66,5.92,9.2,12.54,4.4,23.15,-2.02,-0.5,-8.97,-5.48,-27.12,0.967636,48,,,,,,,-2.02,1.49,-8.58,3.27,-21.84,0.983296,39
21-10-2025,NSE:ANGELONE,EQ,20525.55,998499,3.05,3.03,1,2497.8,-0.07,3.73,9.9,14.93,9.26,-8.35,-0.92,0.49,-29.55,-28.28,-1,-1,-1,-1,EEP,EEP,-1,-1,-1,-1,-1,-0.07,-11.61,-23.65,-27.24,-27.24,-0.07,-23.54,-17.28,-26.57,-27.6,-4.78,17.55,17.55,27.86,27.86,17.55,2.57,38.54,29.04,21.16,57.75,8.11,-9.95,-7.97,-8.12,-29.91,0.967622,48,,,,,,,8.11,-19.86,1.33,-0.28,-21.18,0.980336,35
21-10-2025,NSE:RANEHOLDIN,EQ,2139.1,18131,4.14,4.08,2,1544.6,1.38,1.11,-5.93,-2.01,3.13,-3.7,9.33,-6.04,-31.58,26.51,-1,-1,-1,-1,-1,HV2Y,-1,-1,-1,-1,-1,-8.68,-8.68,-8.68,-22.45,-36.85,-8.68,-7.55,-1.03,-42.74,-33.04,-16.91,6.91,22.19,32.48,46.36,2.7,3.56,37.39,20.12,55.2,92.58,1.98,-5.3,2.28,-14.65,-31.94,0.967571,48,,,,,,,1.98,-7.52,7.04,-18.63,-15.07,0.97875,33
21-10-2025,NSE:3MINDIA,EQ,33851.54,4403,1.64,1.66,6,29790,0.39,2.32,2.28,3.21,-0.42,-1.41,-0.55,-2.31,-14.87,-6.72,-1,-1,-1,-1,-1,HV2Y,-1,-1,-1,-1,-1,-0.62,-6.91,-6.91,-17.63,-25.56,-0.62,-6.52,-1.64,-24.36,-23.84,-14.5,3.31,4.93,14.65,14.65,3.31,5.37,16.27,15.29,6.5,19.57,-1.57,-3.01,-7.6,-10.92,-15.23,0.967549,48,,,,,,,-1.57,-1.45,-4.69,-3.43,-3.25,0.986891,44
21-10-2025,NSE:CRIZAC,EQ,5987.9,1466623,3.53,3.79,1,319.9,0.31,13.96,9.44,5.63,-7.5,-4.81,NA,NA,NA,NA,-1,-1,-1,-1,-1,-1,-1,-1,-1,-1,-1,0,-14.52,NA,NA,NA,0,-8.11,NA,NA,NA,NA,16.22,NA,NA,NA,16.22,14.35,NA,NA,NA,NA,-8.65,-6.41,0,0,0,0.967514,48,,,,,,,-8.65,2.04,94.47,-1.68,9.02,0.992065,51
21-10-2025,NSE:VIRINCHI,EQ,328.47,191387,4.99,4.94,4,28.42,1.50,1.55,5.14,2.96,-12.24,-6.76,19.67,-8.69,-11.29,-33.53,-1,-1,HV2Q,HV2Q,HVQ,HV2Y,-1,-1,-1,-1,-1,-7.91,-10.91,-10.91,-10.94,-34.67,-7.91,0,-4.92,-37.35,-28.99,-27.29,10.58,41.25,41.25,41.25,6.68,51.11,50.8,11.86,15.91,5.79,-13.39,-8.36,12.62,-17.3,-11.65,0.96725,48,,,,,,,-13.39,4.43,19.22,-36.98,6.62,0.994561,53
21-10-2025,NSE:RBS,SM,288.05,26144,2.97,3.19,3,119.35,2.01,2.6,-4.32,-3.48,-5.57,-15.67,0.71,-15.21,20.78,NA,-1,-1,-1,-1,HVQ,HVQ,-1,-1,-1,-1,-1,-6.06,-13.48,-14.38,-20.43,NA,-6.06,-9.61,-4.17,-21,-8.33,NA,6.61,17.82,23.68,NA,6.61,13.67,36.28,39.17,61.48,NA,-6.72,-17.27,-6.34,-23.82,20.42,0.967201,48,,,,,,,-6.72,-10.02,8.63,-17.71,40.26,1.016425,77
21-10-2025,NSE:EKC,EQ,1575.28,1279608,2.95,2.92,5,143.26,1.05,1.34,1.26,0.22,2.3,4.06,10.29,-14.37,-41.71,-9.77,-1,-1,EEP,-1,EEP,EEP,-1,-1,-1,-1,-1,-4.21,-6.35,-6.35,-36.85,-36.85,-4.21,-8.5,-18.52,-43.34,-27.77,-2.69,13.24,26.77,26.77,26.77,2.81,10.63,21.63,12.89,40.64,74.26,1.15,2.46,3.24,-22.98,-42.07,0.967178,48,,,,,,,1.15,1.33,0.97,-29.17,-14.88,0.975594,29
21-10-2025,NSE:EBGNG,EQ,4312.49,828167,3.84,3.82,0,333.1,2.49,5.36,-1.41,-1.73,-13.45,NA,NA,NA,NA,NA,-1,-1,-1,-1,-1,-1,-1,-1,-1,-1,-1,-11.49,NA,NA,NA,NA,-11.49,NA,NA,NA,NA,NA,NA,NA,NA,NA,5.66,NA,NA,NA,NA,NA,-14.6,0,0,0,0,0.967163,47,,,,,,,-14.6,99.54,-5.53,-1.68,9.02,0.982782,38
21-10-2025,NSE:REPCOHOME,EQ,2367.95,197275,3.09,3.08,4,407.4,0.17,4.26,5.66,12.92,7.58,-8.76,0.71,-1.51,-23.65,-4.2,-1,-1,-1,-1,-1,EEP,-1,-1,-1,-1,-1,0,-6.84,-10.33,-19.4,-28.34,0,-17.13,-2.48,-27.53,-27.26,-11.4,17.51,17.51,30.89,30.89,15.31,8.6,42.36,29.96,10.16,34.19,6.43,-10.36,-6.34,-10.12,-24.01,0.967151,47,,,,,,,6.43,-18.15,3.18,-3.92,-12.79,0.982079,38
21-10-2025,NSE:BANDHANBNK,EQ,26943.5,5447353,2.63,2.66,4,165.99,-0.60,2.05,0.92,2.3,-0.66,-9.8,-1.54,8.93,-16.12,-20.91,-1,-1,-1,HVQ,HV2Y,HV2Y,-1,-1,-1,-1,-1,-1.97,-9.86,-12.47,-13.53,-24.47,-1.97,-11.9,-3.9,-23.31,-33.99,-15.83,7.08,7.08,27.38,27.38,7.08,3.56,39.86,29.34,9.81,11.22,-1.81,-11.4,-8.59,0.32,-16.48,0.966864,47,,,,,,,-1.81,-9.54,1.99,8.63,-18.48,0.987365,44
21-10-2025,NSE:THANGAMAYL,EQ,6747.29,34478,2.84,2.8,6,1973.8,0.44,-0.41,-2.15,-1.16,-9.15,3.72,-9.67,13.01,-25.04,32.1,-1,-1,-1,EEP,EEP,EEP,-1,-1,-1,-1,-1,-6.28,-12.61,-12.61,-17.27,-21.52,-6.28,-4.6,-14.76,-13.93,-31.73,-1.86,9.62,9.62,27.13,77.23,0.56,19.65,22.41,39.42,54.16,121.6,-10.3,2.12,-16.72,4.4,-25.4,0.966694,47,,,,,,,-10.3,11.33,-19.43,19,-34.72,0.993116,52
21-10-2025,NSE:KRSNAA,EQ,2731.34,67631,4.48,4.37,4,808.4,2.28,-2.61,-0.59,4.77,-3.83,-4.14,2.72,-8.57,-1.69,14.37,-1,-1,-1,-1,HVQ,EEP,-1,-1,-1,-1,-1,-6.67,-6.76,-6.76,-20.76,-20.76,-6.67,-3.19,-5.45,-22.91,-13.96,-5.63,6.82,27.49,27.49,50.16,6.82,20.28,32.77,23.72,63.04,52.7,-4.98,-5.74,-4.33,-17.18,-2.05,0.966688,47,,,,,,,-4.98,-0.76,1.06,-13.28,15.36,0.994734,54
21-10-2025,NSE:GREAVESCOT,EQ,5163.1,2140726,2.75,2.74,5,207.1,0.58,2.75,-1.86,-2.44,-6.69,0.55,2.34,-21.85,6.7,26.8,-1,-1,EEP,-1,HV2Y,EEP,-1,-1,-1,-1,-1,-8.12,-8.53,-8.53,-30.15,-30.15,-8.12,-2.41,-28.67,-31.79,-14.89,0,5.29,12.13,30.06,79,2.83,13.7,18.31,31.72,118.11,67,-7.84,-1.05,-4.71,-30.46,6.34,0.966638,47,,,,,,,-7.84,6.33,-3.73,-26.45,32.45,1.005992,68
21-10-2025,NSE:KEC,EQ,23052.92,1019366,2.44,2.59,4,854.25,0.21,-0.34,-0.93,2.56,-1.39,-2.56,13.23,-15.89,-19.08,23.32,-1,-1,-1,HV2Q,HV2Q,EEP,-1,-1,-1,-1,-1,-3.35,-3.35,-8.54,-31.13,-31.13,-3.35,-7.27,-9.68,-40.25,-20.19,-3.19,9.72,23.73,29.97,30.54,2.63,11.25,33.3,12.77,57.45,61.78,-2.54,-4.16,6.18,-24.5,-19.44,0.966503,47,,,,,,,-2.54,-1.61,9.87,-35.24,6.27,0.986384,43
21-10-2025,NSE:PRUDENT,EQ,12350.37,28356,3.5,3.42,4,2684.5,1.08,2.92,2.47,5.15,-10.39,-11.97,11.13,-4.27,2.86,51.83,-1,-1,-1,-1,-1,-1,-1,-1,-1,-1,-1,-6.94,-12.36,-12.36,-23.75,-23.75,-6.94,-3.26,0,-32.24,-20.49,-3.43,6.19,21.65,65.83,133.15,5.43,17.22,85.68,47.37,143.12,126.48,-11.54,-13.57,4.08,-12.88,2.5,0.966459,47,,,,,,,-11.54,-1.89,15.1,-19.02,15.86,0.999361,59
21-10-2025,NSE:MAZDA,EQ,552.69,30232,4.07,4.13,5,282.3,2.36,-0.41,-0.76,6.46,2.52,-5.44,8.49,-45.23,8.3,-7.77,-1,-1,HVQ,HVQ,HVQ,HV2Y,-1,-1,-1,-1,-1,-3.36,-8.24,-11.02,-31.14,-31.14,-3.36,-13.26,-24.18,-36.99,0,-19.67,7.85,33.51,33.51,33.51,7.85,15.85,40.77,20.3,79.39,13.26,1.37,-7.04,1.44,-53.84,7.94,0.966428,47,,,,,,,1.37,-8.62,7.68,-60.39,45.88,1.016054,77
21-10-2025,NSE:CASTROLIND,EQ,20048.35,1269386,1.68,1.7,3,200.46,0.20,0.96,-0.91,2.44,-1.07,-9.66,-3.9,8.22,-11.6,3.37,-1,-1,-1,EEP,EEP,EEP,-1,-1,-1,-1,-1,-1.69,-12.33,-12.33,-18.47,-27.07,-1.69,-11.39,-10.59,-24.22,-33.06,-18.61,2.5,2.5,18.4,18.4,2.5,2.73,29.84,23.01,2.39,23.84,-2.22,-11.26,-10.95,-0.39,-11.96,0.966411,47,,,,,,,-2.22,-8.96,-0.27,9.98,-12.57,0.989553,47
21-10-2025,NSE:MSTCLTD,EQ,3667.84,342001,3.71,3.72,3,549.5,0.47,6.99,2.25,13.89,5.16,3.69,1.63,-13.43,-32.27,-60.87,-1,-1,HV2Q,HV2Q,-1,-1,-1,-1,-1,-1,-1,0,0,-4.14,-30.29,-45.33,0,-5.58,-16.75,-43.36,-43.72,-34.37,25.34,25.34,28.01,28.01,16.12,18.88,23.28,25.93,6.97,20.23,4.01,2.09,-5.42,-22.04,-32.63,0.966379,47,,,,,,,4.01,-2,-7.67,-16.99,-7.59,0.978371,32
21-10-2025,NSE:HDBFS,EQ,65162.47,1193322,1.69,1.7,2,740.35,0.05,0.03,-0.14,-1.05,-5.94,-7.58,NA,NA,NA,NA,-1,-1,-1,-1,-1,-1,-1,-1,-1,-1,-1,-5.11,-7.49,NA,NA,NA,-5.11,-9.22,NA,NA,NA,NA,1.4,NA,NA,NA,1.4,6.28,NA,NA,NA,NA,-7.09,-9.18,0,0,0,0.96619,47,,,,,,,-7.09,-2.01,94.47,-1.68,9.02,0.988675,46
21-10-2025,NSE:RAYMOND,EQ,4145.55,283912,2.49,2.5,5,581.85,1.51,2.01,-0.23,1.13,-6.65,-26.92,9.66,9.03,0.55,40,-1,-1,HV2Q,HVQ,HV2Y,EEP,-1,-1,-1,-1,-1,-6.86,-19.42,-23.24,-23.24,-24.65,-6.86,-18.13,-2.57,-28.35,-31.45,-25.07,2.05,19.87,42.6,73.35,2.05,3.61,80.99,28.82,57.7,72.4,-7.8,-28.52,2.61,0.42,0.19,0.966149,47,,,,,,,-7.8,-19.47,23.29,-2.38,-0.3,0.998237,58
21-10-2025,NSE:NRBBEARING,EQ,2752.6,155052,3.44,3.44,5,268.7,1.55,3.11,-4.34,-3.37,-6.16,-12.47,8.99,-0.69,-4.13,-27.87,-1,-1,-1,-1,-1,EEP,-1,-1,-1,-1,-1,-9.45,-12.49,-12.49,-12.49,-26.09,-9.45,-7.1,-0.31,-26.01,-27.91,-25.45,3.21,26.1,37.32,37.32,3.21,3.33,54.44,24.97,9,8.2,-7.31,-14.07,1.94,-9.3,-4.49,0.965966,47,,,,,,,-7.31,-6.4,13.55,-12.32,5.6,0.993052,52
21-10-2025,NSE:AVTNPL,EQ,1136.8,139388,2.63,2.59,5,69.09,1.07,1.46,-2.82,-3.37,-8.31,0.09,9.7,-2.4,-23,-30.19,-1,-1,HV2Q,-1,-1,HV2Y,-1,-1,-1,-1,-1,-6.74,-10.97,-10.97,-18.82,-37.53,-6.74,-3.57,-10.72,-34.42,-36.03,-23.16,1.48,13.8,31.08,31.08,1.48,16.59,30.96,18.36,4.34,10.65,-9.46,-1.51,2.65,-11.01,-23.36,0.965846,47,,,,,,,-9.46,7.29,4.09,-15.08,-11.09,0.984924,41
21-10-2025,NSE:KSL,EQ,3609.67,38220,2.57,2.54,5,835.1,1.06,1.59,5.71,8.9,1.01,-12.01,8.89,-18.29,1.19,13,-1,-1,-1,HVQ,HVQ,HV2Y,-1,-1,-1,-1,-1,0,-9.4,-13.02,-33.14,-33.14,0,-13.9,-6.39,-39.09,-20.92,-20.68,9.77,19.74,21.17,21.17,9.77,2.54,35.72,10.4,66.27,38.9,-0.14,-13.61,1.84,-26.9,0.83,0.965786,47,,,,,,,-0.14,-13.61,13.13,-31.51,25.48,0.999054,59
21-10-2025,NSE:UFLEX,EQ,4004.13,40526,2.1,2.15,6,553.05,0.43,1.66,-2.32,2.31,-0.09,-9.41,-0.6,11.07,-26.58,22.66,-1,-1,-1,-1,HV2Y,HV2Y,-1,-1,-1,-1,-1,-2.27,-7.76,-12.64,-14.63,-34.53,-2.27,-9.52,-4.42,-34.14,-41.79,-17.13,7.49,7.49,23.75,37.13,2.36,7.59,35.4,24.49,21.94,73.58,-1.24,-11.01,-7.65,2.46,-26.94,0.965772,47,,,,,,,-1.24,-9.77,2.53,9.92,-33.32,0.983677,39
21-10-2025,NSE:ATULAUTO,EQ,1423.64,757480,3.51,3.57,6,496.6,-0.16,-0.76,3,3.99,-3.52,8.04,-2.01,-4.95,-29.51,-10.26,-1,-1,HV2Y,HV2Q,HV2Q,EEP,-1,-1,-1,-1,-1,-4.61,-7.82,-7.82,-24.44,-37.9,-4.61,-4.58,-15.55,-30.28,-34.83,-19.58,16.87,16.87,19.71,19.71,4.59,20.99,10.08,22.12,9.56,35.2,-4.67,6.44,-9.06,-13.56,-29.87,0.965742,47,,,,,,,-4.67,10.71,-16.47,-4.56,-14.38,0.98377,40
21-10-2025,NSE:TECHNOE,EQ,16456.39,241159,3.37,3.36,5,1357.2,1.96,0.22,1.55,1.83,-4.39,-13.81,17.48,3.01,-29.57,41.59,-1,-1,-1,EEP,EEP,EEP,-1,-1,-1,-1,-1,-4.99,-12.97,-17.05,-23.15,-23.78,-4.99,-13.4,-5.59,-37.11,-26.07,-1.24,6.18,29.94,50.7,116.96,6.18,3.66,71.51,24.35,110.43,181.11,-5.54,-15.41,10.43,-5.6,-29.93,0.965725,47,,,,,,,-5.54,-9.48,21.97,-19.22,-24.57,0.983265,39
21-10-2025,NSE:FLUOROCHEM,EQ,41743,191593,2.53,2.5,6,3755.1,0.36,3.11,1.58,2.11,-1.23,4.84,-5.6,-2.06,-24.5,8.79,-1,-1,HV2Q,-1,EEP,EEP,-1,-1,-1,-1,-1,-3.44,-3.44,-6.89,-21.97,-21.97,-3.44,0,-11.4,-17.6,-20.37,-0.4,11.97,11.97,12.09,34.96,3.85,13.35,6.66,25.57,37.74,68.03,-2.38,3.24,-12.65,-10.67,-24.86,0.965687,47,,,,,,,-2.38,5.54,-16.51,1.67,-12.97,0.984918,41
21-10-2025,NSE:GOCLCORP,EQ,1819.56,122035,2.7,2.67,6,354.55,1.65,0.94,1.48,-0.23,-3.03,-12.59,16.91,-5.11,-20.22,-32.2,-1,-1,-1,HV2Y,HVQ,HV2Y,-1,-1,-1,-1,-1,-3.96,-10.75,-11.18,-19.04,-31.26,-3.96,-8.49,0,-40.59,-30.47,-20.47,5.52,32.86,40.69,40.69,1.82,8.72,58.41,16.9,8.93,24.6,-4.18,-14.19,9.86,-13.72,-20.58,0.965297,46,,,,,,,-4.18,-9.74,20.67,-28.17,-5.36,0.986608,44
21-10-2025,NSE:DABUR,EQ,95016.58,2935714,1.93,1.92,4,506.4,0.37,3.76,2.79,2.68,-5.74,-1.61,4.34,-3.16,-14.2,-5.95,-1,-1,-1,-1,-1,EEP,-1,-1,-1,-1,-1,-3,-8.38,-8.38,-11.55,-24.14,-3,-3.12,-4.9,-27.44,-21.74,-13.37,5.47,9.43,12.18,12.18,5.47,14.53,13.99,7.31,5.49,16.78,-6.89,-3.21,-2.71,-11.77,-14.56,0.965225,46,,,,,,,-6.89,3.44,0.33,-9.52,-1.68,0.987716,45
21-10-2025,NSE:CHEMBONDCH,EQ,501.76,42704,5.18,5.05,2,161.64,3.36,6.12,-0.05,-1.81,-15.56,NA,NA,NA,NA,NA,-1,-1,-1,-1,-1,-1,-1,-1,-1,-1,-1,-11.98,NA,NA,NA,NA,-11.98,NA,NA,NA,NA,NA,NA,NA,NA,NA,6.79,NA,NA,NA,NA,NA,-16.71,0,0,0,0,0.965188,46,,,,,,,-16.71,99.54,-5.53,-1.68,9.02,0.980775,36
21-10-2025,NSE:AUTOAXLES,EQ,2656.69,8390,2.18,2.16,5,1710.3,-0.02,1.01,-2.09,-1.57,-2.88,-3.98,0.53,-3.75,-8.52,-11.25,-1,-1,-1,HVQ,HVQ,-1,-1,-1,-1,-1,-1,-5.69,-11.35,-11.35,-11.35,-19.99,-5.69,-8.79,-3.42,-18.51,-16.99,-13.18,4.64,4.64,10.41,10.41,1.02,7.65,14.81,9.82,2.36,5.6,-4.03,-5.58,-6.52,-12.36,-8.88,0.965149,46,,,,,,,-4.03,-1.53,-1.19,-5.99,4.43,0.989825,48
21-10-2025,NSE:SURAKSHA,EQ,1640.54,45285,2.74,2.77,5,310.3,2.97,6.14,4.72,3.82,-1.53,-1.76,-0.68,-16.31,NA,NA,-1,-1,-1,-1,-1,-1,-1,-1,-1,-1,-1,-3.12,-5.37,-11.33,NA,NA,-3.12,-9.97,-11.6,-25.38,NA,NA,8.65,9.57,NA,NA,8.65,8.54,21.82,20.52,NA,NA,-2.68,-3.36,-7.73,-24.92,0,0.965121,46,,,,,,,-2.68,-0.68,-4.47,-17.2,109.02,0.984614,41
21-10-2025,NSE:JPPOWER,EQ,12850.24,28368679,2.68,2.7,5,18.01,0.73,0.33,0.61,2.67,-3.72,-19.49,11.83,7.66,-17.43,-22.71,-1,-1,HV2Y,HV2Q,HV2Q,HV2Q,-1,-1,-1,-1,-1,-2.91,-16.27,-33.86,-33.86,-33.86,-2.91,-31.4,-20.97,-30.59,-28.47,-9.03,3.33,36.03,38.22,38.22,3.33,10.47,65.16,21.87,11.24,41.47,-4.87,-21.09,4.78,-0.95,-17.79,0.965013,46,,,,,,,-4.87,-15.66,20.68,-6.4,-18.16,0.987711,45
21-10-2025,NSE:DEEDEV,EQ,2002.3,432874,3.33,3.32,5,268.4,0.68,-0.99,-3.28,0.54,-6.99,-11.96,11.44,-10.86,2.24,NA,-1,-1,EEP,EEP,EEP,EEP,-1,-1,-1,-1,-1,-5.01,-11.59,-16.79,-24.17,NA,-5.01,-10.98,-6.84,-37.78,-22.11,NA,2.05,24.79,50.49,NA,0.68,9.18,68.49,33.27,26.29,NA,-8.14,-13.56,4.39,-19.47,1.88,0.964956,46,,,,,,,-8.14,-5.11,15.37,-26.86,20.83,0.999411,60
21-10-2025,NSE:KSCL,EQ,6100.16,112606,2.39,2.36,5,1063.2,0.30,0.59,0.3,0.27,-11.47,-5.77,-39.18,15.25,13.28,37.5,-1,-1,HVQ,EEP,EEP,HV2Y,-1,-1,-1,-1,-1,-7.84,-11.55,-28.98,-32.23,-32.23,-7.84,-4.82,-28.32,-5.67,-23.35,-21.57,2,2,29.69,70.88,2,10.81,25.62,80.51,44.82,48.18,-12.62,-7.37,-46.23,6.64,12.92,0.96494,46,,,,,,,-12.62,4.66,-37.13,37.43,6.69,1.024867,82
21-10-2025,NSE:ESCONET,SM,276.99,38936,5.44,6.37,1,229.35,4.99,-1.11,-8.33,-15.5,9.03,7.24,21.95,-57.4,-74.34,NA,-1,HVY,-1,-1,-1,-1,-1,-1,-1,-1,-1,-15.01,-15.01,-15.01,-54.4,NA,-15.01,-7.78,-39.87,-65.19,-29.8,NA,29.65,40.84,46.27,NA,10.26,17.95,35.68,14.16,152.62,NA,7.88,5.64,14.9,-66.01,-74.7,0.9649,46,,,,,,,7.88,-2.43,10.33,-103.36,-1.74,0.972715,25
21-10-2025,NSE:VIKRAN,EQ,2953.08,12904407,4.42,4.36,1,99.08,0.25,1.88,4.38,-0.5,-15.95,NA,NA,NA,NA,NA,-1,-1,-1,-1,-1,-1,NA,-1,-1,-1,-1,-9.75,NA,NA,NA,NA,-9.75,NA,NA,NA,NA,NA,NA,NA,NA,NA,4.58,NA,NA,NA,NA,NA,-17.1,0,0,0,0,0.964833,46,,,,,,,-17.1,99.54,-5.53,-1.68,9.02,0.980415,35
21-10-2025,NSE:SMALLCAP,EQ,717.12,1425274,1.56,1.56,5,45.8,0.57,1.64,0.79,2.73,-2.51,-5.31,5.28,-2.16,-16.99,NA,-1,-1,-1,-1,-1,-1,-1,-1,-1,-1,-1,-1.78,-4.9,-5.7,-14.81,NA,-1.78,-3.34,-0.7,-19.79,-13.48,NA,3.9,11.14,19.49,NA,2.81,6.51,25.83,13.18,16.28,NA,-3.66,-6.91,-1.77,-10.77,-17.35,0.964805,46,,,,,,,-3.66,-3.19,4.53,-9.54,-5.49,0.985117,42
21-10-2025,NSE:MHRIL,EQ,7252.41,64275,2.31,2.33,5,338.7,1.07,1.17,-1.59,-2.95,-5.77,-5.46,6.27,-0.61,-14.3,-16,-1,-1,-1,-1,-1,EEP,-1,-1,-1,-1,-1,-6.05,-8.12,-9.26,-12.85,-30.08,-6.05,-2.82,-4.3,-33.47,-29.66,-20.08,2.17,12.77,18.86,18.86,2.17,9.14,25.36,11.41,1.69,3.56,-6.92,-7.06,-0.78,-9.22,-14.66,0.964677,46,,,,,,,-6.92,-0.17,5.6,-9.02,-4.6,0.987121,44
21-10-2025,NSE:SIS,EQ,4861.83,76774,2.7,2.67,5,344.55,0.31,3.8,4.99,-0.15,0.28,-9.74,1.8,2.7,-16.79,-31.45,-1,-1,-1,EEP,EEP,-1,-1,-1,-1,-1,-1,-1.36,-11.73,-11.73,-15.17,-27.66,-1.36,-11.98,-1.27,-24.97,-35.75,-22.88,6.23,7.24,18.71,18.71,6.23,0,30.27,16.57,1.3,1,-0.87,-11.34,-5.25,-5.91,-17.15,0.964533,46,,,,,,,-0.87,-10.5,4.98,-0.76,-11.01,0.985108,41
21-10-2025,NSE:GMRP&UI,EQ,8899.71,1971236,2.81,2.9,5,119.83,1.95,8.17,6.53,5.07,-3.73,3.45,-13.7,2.68,-14.37,58.77,-1,-1,HVQ,HVQ,-1,-1,-1,-1,-1,-1,-1,-2.89,-8.99,-9.86,-12.05,-26.28,-2.89,-5.59,-15.08,-16.18,-28.26,-15.69,14.05,15.83,27.59,199.2,8.94,18.98,23.19,50.32,191.19,242.2,-4.88,1.85,-20.75,-5.93,-14.73,0.964439,46,,,,,,,-4.88,6.46,-23.29,12.73,-8.5,0.992723,51
21-10-2025,NSE:DHANBANK,EQ,1036.08,571093,2.77,2.95,2,27,3.73,6.3,3.74,7.78,2.89,-7.89,-10.37,1.74,-8.07,-30.66,-1,-1,-1,HVQ,HV2Q,HV2Q,-1,-1,-1,-1,-1,0,-7.28,-16.67,-24.69,-36.76,0,-15.85,-10.09,-19.79,-42,-36.21,8.43,8.43,19.84,19.84,8.43,5.13,29.29,32.27,9.04,4.35,1.74,-9.49,-17.42,-6.87,-8.43,0.964342,46,,,,,,,1.74,-11.56,-7.83,9.29,-0.96,0.990823,49
21-10-2025,NSE:LINC,BE,773.06,31104,4.11,4.09,6,130.6,2.88,5.6,3.93,5.99,0.87,-9.56,15.08,-13.67,-21,-1.84,-1,-1,-1,EEP,HV2Y,EEP,-1,-1,-1,-1,-1,0,-8.14,-16.69,-32.55,-32.55,0,-16.53,-8.73,-42.72,-23.34,-15.93,10.69,24.4,32.58,32.58,9.32,9.72,45.25,12.59,27.38,35.6,-0.28,-11.16,8.03,-22.28,-21.36,0.964222,46,,,,,,,-0.28,-10.99,16.96,-35.53,2.57,0.985504,42
21-10-2025,NSE:CAPLIPOINT,EQ,17619.51,95708,3.25,3.25,5,2029.9,0.96,2.98,1.62,0.97,-15.42,-3.45,6.95,-10.54,5.92,27.02,-1,-1,EEP,-1,HV2Y,EEP,-1,-1,-1,-1,-1,-12.5,-13.36,-13.36,-21.93,-21.93,-12.5,0,-8.24,-27.35,-13.7,-9.9,5.2,12.35,18.44,63.65,3.25,21.42,22.53,27.85,80.91,53.96,-16.57,-5.05,-0.1,-19.15,5.56,0.964068,46,,,,,,,-16.57,9.91,4.52,-20.48,23.92,1.00437,66
21-10-2025,NSE:GCSL,EQ,597,97299,8.34,8.05,1,223.1,-1.76,0.29,-4.84,-11.77,-16.83,NA,NA,NA,NA,NA,-1,-1,-1,-1,-1,-1,NA,-1,-1,-1,-1,-16.54,NA,NA,NA,NA,-16.54,NA,NA,NA,NA,NA,NA,NA,NA,NA,1.18,NA,NA,NA,NA,NA,-17.98,0,0,0,0,0.964032,46,,,,,,,-17.98,99.54,-5.53,-1.68,9.02,0.979601,34
21-10-2025,NSE:JKLAKSHMI,EQ,10588.54,109221,2.34,2.32,3,842.3,1.65,2.03,-1.19,0.12,-6.29,-18.12,2.52,5.24,1.69,-7.67,-1,-1,-1,-1,-1,-1,-1,-1,-1,-1,-1,-5.19,-16.47,-16.47,-16.47,-16.47,-5.19,-11.22,-0.61,-8.81,-17.18,-14.08,2.07,9.98,25.42,25.42,2.07,9.79,48.14,22.25,14.47,9,-7.44,-19.72,-4.53,-3.37,1.33,0.963866,46,,,,,,,-7.44,-11.59,11.94,1.1,5.28,0.995984,55
21-10-2025,NSE:ITC,EQ,513696.81,13946651,1.13,1.16,4,412.85,-0.05,3.89,3.16,1.36,0.53,-1.76,-5.03,-4.84,-12.76,6.98,-1,-1,-1,-1,-1,-1,-1,-1,-1,-1,-1,-0.05,-0.96,-6.78,-11.02,-16.33,-0.05,-3.29,-9.18,-12.13,-12.28,-5.65,4.04,4.04,4.56,8.43,4.04,3.1,6.39,9.81,13.69,22.28,-0.62,-3.36,-12.08,-13.45,-13.12,0.963836,45,,,,,,,-0.62,-2.76,-8.74,-1.51,1.47,0.987606,45
21-10-2025,NSE:URBANCO,EQ,26686.24,32592622,4.61,4.56,0,157.83,2.34,4.55,-7.36,-7.65,-17.09,NA,NA,NA,NA,NA,-1,-1,-1,-1,-1,-1,NA,-1,-1,-1,-1,-15.48,NA,NA,NA,NA,-15.48,NA,NA,NA,NA,NA,NA,NA,NA,NA,4.77,NA,NA,NA,NA,NA,-18.24,0,0,0,0,0.963796,45,,,,,,,-18.24,99.54,-5.53,-1.68,9.02,0.979361,34
21-10-2025,NSE:DIXON,EQ,110425.33,235546,2.88,2.81,4,16122,0.29,-3.18,-6.89,-3.45,-12.75,-0.99,-3.43,-5.07,4.99,61.11,-1,-1,-1,-1,-1,HV2Y,-1,-1,-1,-1,-1,-11.43,-12.05,-12.05,-14.88,-14.88,-11.43,-0.84,-7.28,-11.96,-10.57,-0.56,1.86,15.12,28.4,156.08,0.29,28.32,29.67,52.84,188.91,161.27,-13.9,-2.59,-10.48,-13.68,4.63,0.963511,45,,,,,,,-13.9,9.97,-7.95,-3.26,18.59,1.002483,64
21-10-2025,NSE:SUNTECK,EQ,6562.71,448993,3.94,3.99,4,437.05,1.22,2.81,-1.17,3.45,-2.97,1.4,7.84,-4.97,-36.38,-4.94,-1,-1,HV2Q,-1,-1,EEP,-1,-1,-1,-1,-1,-1.97,-4.17,-5.73,-26.24,-30.63,-1.97,-1.32,-13.75,-35.83,-27.19,-5.4,16.22,16.22,23.3,23.3,6.7,19.68,21.58,13.64,19.16,54.82,-4.12,-0.2,0.79,-13.58,-36.74,0.963503,45,,,,,,,-4.12,3.78,1,-15.57,-20.91,0.97771,31
21-10-2025,NSE:DIAMONDYD,EQ,2492.87,108525,2.86,2.87,3,1055.5,0.93,3.91,4.16,4.95,1.86,0.96,-17.29,-2.18,-10.89,-12.48,-1,-1,-1,-1,EEP,EEP,-1,-1,-1,-1,-1,-0.27,-0.72,-14.82,-16.8,-16.8,-0.27,-5.43,-17.59,-2.41,-18.33,-11.38,18.11,18.11,18.11,33.85,6.56,15.91,8.37,57,36.78,48.43,0.71,-0.64,-24.34,-10.79,-11.25,0.963494,45,,,,,,,0.71,-1.38,-23.95,11.2,0.5,0.992241,51
21-10-2025,NSE:KNAGRI,SM,526.23,25456,5.73,5.69,0,234.45,1.17,-1.28,11.64,13.86,10.22,-10.98,8.74,-20.88,-23.01,39.16,-1,-1,-1,-1,-1,HV2Y,-1,-1,-1,-1,-1,-1.26,-11.36,-11.36,-23.17,-23.17,-1.26,-20.42,-10.74,-29.89,-7.13,0,17.96,17.96,19.53,99.87,17.96,0.91,32.65,9.07,141.6,145.87,9.07,-12.58,1.69,-29.49,-23.37,0.963148,45,,,,,,,9.07,-24.07,12.24,-34.14,7.26,0.984116,40
21-10-2025,NSE:DOMS,EQ,15976.61,217973,2.35,2.36,5,2524.2,1.52,0.9,-3.4,0.44,-3.89,5.92,-18.87,-0.82,-11.33,40.13,-1,-1,EEP,HVQ,HVQ,-1,-1,-1,-1,-1,-1,-3.75,-6.24,-13.9,-17.75,-17.75,-3.75,-2.6,-20.86,-2.23,-17.08,-1.11,10.34,10.34,14.03,80.29,1.86,14.63,7.28,35.55,81.77,100.72,-5.04,4.32,-25.92,-9.43,-11.69,0.963008,45,,,,,,,-5.04,8.98,-31.88,13.51,-1.41,0.996257,55
21-10-2025,NSE:GEMAROMA,EQ,1420.85,832148,4.5,4.41,0,229.51,-0.43,-1.46,-5.56,-1.48,-18.49,NA,NA,NA,NA,NA,-1,-1,-1,-1,-1,-1,NA,-1,-1,-1,-1,-13.77,NA,NA,NA,NA,-13.77,NA,NA,NA,NA,NA,NA,NA,NA,NA,0.57,NA,NA,NA,NA,NA,-19.64,0,0,0,0,0.96256,45,,,,,,,-19.64,99.54,-5.53,-1.68,9.02,0.978105,32
21-10-2025,NSE:ANDHRSUGAR,EQ,1043.76,213753,2.76,2.73,4,80.39,-0.32,2.13,1.47,8.06,4.15,-2.61,8.77,-13.2,-36.55,-33.1,-1,-1,HV2Q,HV2Q,-1,HV2Y,-1,-1,-1,-1,-1,-1.7,-4.16,-4.16,-24.55,-35.83,-1.7,-8.14,-10.12,-39.28,-27.36,-12.37,8.77,16.68,22.56,22.56,8.77,4.09,25.77,11.82,5.52,18.35,3,-4.21,1.72,-21.81,-36.91,0.962441,45,,,,,,,3,-7.52,5.56,-25.76,-11.61,0.975904,29
21-10-2025,NSE:OPTIVALUE,ST,243.01,212193,4.52,4.67,0,87.4,2.22,3.6,-12.13,-11.73,-18.65,NA,NA,NA,NA,NA,-1,-1,-1,-1,-1,-1,NA,-1,-1,-1,-1,-16.12,NA,NA,NA,NA,-16.12,NA,NA,NA,NA,NA,NA,NA,NA,NA,5.17,NA,NA,NA,NA,NA,-19.8,0,0,0,0,0.962422,45,,,,,,,-19.8,99.54,-5.53,-1.68,9.02,0.977964,32
21-10-2025,NSE:APEX,EQ,766.25,333776,2.55,2.53,3,231.27,0.54,3.15,2.72,3.26,-6.62,-4.12,5.52,-4.66,-12.55,5.28,-1,-1,EEP,-1,HV2Y,EEP,-1,-1,-1,-1,-1,-3.82,-10.03,-10.22,-15.72,-25.66,-3.82,-4.27,-7.81,-29.76,-22.2,-16.33,9.37,14.21,17.55,20.64,4.67,16.61,22.38,11.06,26.26,35.79,-7.77,-5.72,-1.53,-13.27,-12.91,0.962214,45,,,,,,,-7.77,1.89,3.72,-12.45,1.48,0.987987,45
21-10-2025,NSE:GLOBALVECT,EQ,305.2,37456,5.33,5.34,1,233.27,0.45,15.87,12.33,11.74,5.93,-1.1,-1.02,-15.96,-21.98,46.54,HV2Y,HV2Y,HVY,HV2Q,-1,-1,-1,-1,-1,-1,-1,-4.06,-4.06,-13.6,-29.46,-32.48,-4.06,-18.73,-21.57,-31.8,-21.71,-17.64,27.72,27.72,27.72,115,27.72,5.42,17.43,8.97,149.31,162.26,4.78,-2.7,-8.07,-24.57,-22.34,0.962162,45,,,,,,,4.78,-7.93,-5.45,-16.47,3.83,0.981885,37
21-10-2025,NSE:KIRLOSENG,EQ,14058.45,321642,2.5,2.46,6,894.95,1.39,2.84,1.55,-2.83,-7.79,-2.76,15.7,-5.61,-34.56,6.44,-1,-1,-1,EEP,HV2Y,HV2Y,-1,-1,-1,-1,-1,-8.02,-8.37,-8.37,-25.73,-36.93,-8.02,-1.23,-2.71,-44.92,-33.39,-15.13,3.7,33.6,55.35,55.35,2.92,15.96,59.63,30.96,36.17,73.48,-8.94,-4.36,8.65,-14.22,-34.92,0.96207,45,,,,,,,-8.94,4.2,12.43,-26.96,-18.38,0.980062,35
21-10-2025,NSE:LXCHEM,EQ,6113.88,1747655,2.86,2.86,6,205.52,1.03,1.82,-1.55,-0.07,-7.13,4.6,12.12,-10.9,-39.6,-24.22,-1,-1,HVY,EEP,-1,EEP,-1,-1,-1,-1,-1,-6.41,-11.23,-11.23,-27.2,-35.54,-6.41,-4.9,-15.02,-43.36,-28.51,-10.02,12.71,20.6,23.87,23.87,1.91,20.74,18.17,8.85,7,28.86,-8.28,3,5.07,-19.51,-39.96,0.961983,45,,,,,,,-8.28,10.49,2.35,-27.88,-16.85,0.978569,33
21-10-2025,NSE:SURANAT&P,EQ,325.01,379105,5.29,5.2,5,20.82,0.43,-1.83,-3.84,-9.08,-14.84,6.92,9.08,-14.41,-17.2,10.42,-1,-1,HVY,-1,-1,HV2Y,-1,-1,-1,-1,-1,-10.72,-26.74,-26.74,-26.74,-29.54,-10.72,-15.87,-18.84,-30.86,-19.39,-17.43,15.73,19.18,19.24,44.58,0.82,32.91,11,8.42,65.42,69.44,-15.99,5.32,2.03,-23.02,-17.56,0.961924,45,,,,,,,-15.99,18.49,-3.21,-27.51,6.59,0.992974,52
21-10-2025,NSE:SANGHIIND,EQ,1701.59,146367,2.03,2.04,6,64.68,0.14,0.93,0.23,1.27,-1.5,-6.42,-0.09,5.15,-26.1,-69.37,-1,-1,-1,-1,-1,EEP,-1,-1,-1,-1,-1,-3.84,-6.69,-6.69,-27.86,-44.27,-3.84,-5.29,0,-34.76,-51.79,-35.91,2.93,11.29,24.65,24.65,1.28,10.26,32.65,24.76,9.75,0.55,-2.65,-8.02,-7.14,-3.46,-26.46,0.961843,45,,,,,,,-2.65,-5.3,0.41,3.56,-23.92,0.98176,37
21-10-2025,NSE:ASALCBR,EQ,1828.71,35670,3.5,3.58,1,1060.95,3.16,6.18,7.69,11.31,4.68,-9.23,-22.47,-8.84,8.89,56.36,-1,-1,-1,EEP,EEP,EEP,-1,-1,-1,-1,-1,0,-6.89,-17.81,-27.14,-27.14,0,-15.65,-20.42,-10.77,-2.05,-3.53,14.57,14.57,27.83,130.42,14.57,1.39,12.71,99.26,150.79,109.94,3.53,-10.83,-29.52,-17.45,8.53,0.96181,45,,,,,,,3.53,-15.06,-17.64,9.45,25.31,1.003858,65
21-10-2025,NSE:AHLUCONT,EQ,6638.47,41904,2.71,2.7,4,942.65,0.58,-0.46,-3.76,-3.38,-4.85,-14.6,4.3,9.83,-19.19,5.9,-1,-1,HV2Q,HV2Q,-1,EEP,-1,-1,-1,-1,-1,-7.16,-14.2,-15.6,-19.72,-36.98,-7.16,-11.51,-3.28,-36.88,-43.17,-24.88,2.42,11.52,48.64,48.64,0.58,7.38,70.34,42.25,1.52,30.71,-6,-16.2,-2.75,1.22,-19.55,0.96177,45,,,,,,,-6,-9.76,10.96,4.11,-23.17,0.985564,42
21-10-2025,NSE:WOCKPHARMA,EQ,24397.21,615309,3.98,4.17,6,1372.7,2.52,0.31,-3.78,-13.97,-9.69,-26.25,-2.8,0.32,20,68.36,-1,HV2Y,-1,HVQ,HVQ,HV2Y,-1,-1,-1,-1,-1,-12.25,-19.9,-25.03,-25.03,-25.03,-12.25,-17.63,-5.36,-14.61,-10.64,0,2.71,12.12,34.62,215.35,2.71,6.4,49.98,81.69,215.05,152.86,-10.84,-27.85,-9.85,-8.29,19.64,0.961708,45,,,,,,,-10.84,-15.56,13.04,1.36,28.76,1.011243,73
21-10-2025,NSE:CIEINDIA,EQ,16654.01,253468,3.43,3.43,1,433.25,-0.61,4.89,5.18,6.43,-0.54,1.03,2.17,-9.83,-25.39,-11.82,-1,-1,-1,-1,-1,EEP,-1,-1,-1,-1,-1,-2.28,-2.28,-9.41,-18.74,-30.01,-2.28,-3.8,-10.34,-30.13,-23.13,-12.24,12.63,12.63,15.21,15.21,7.55,13.25,14.03,12.71,13.51,29.59,-1.69,-0.57,-4.88,-18.44,-25.75,0.961628,44,,,,,,,-1.69,1.1,-4.38,-13.95,-5.14,0.981068,36
21-10-2025,NSE:SINCLAIR,EQ,558.73,94180,3.24,3.19,5,97.29,0.83,2.44,-1.83,0.49,-10.72,-1.06,2.27,-10.31,-1.34,NA,-1,-1,HVQ,HVQ,HVQ,HVQ,-1,-1,-1,-1,-1,-8.08,-12.9,-12.9,-27.09,NA,-8.08,-3.56,-9.91,-28.75,-20.12,NA,3.3,16.53,24.46,NA,3.3,23.45,25.78,21.63,22.85,NA,-11.87,-2.66,-4.78,-18.92,-1.7,0.961541,44,,,,,,,-11.87,8.27,-2.23,-14.55,17.15,0.997057,56
21-10-2025,NSE:BLAL,EQ,923.05,58987,1.98,1.96,6,210.41,-0.01,1.88,-0.21,-1.64,-5.05,0.01,0.55,-6.44,-14.97,-26.63,-1,-1,-1,HV2Q,HV2Q,HV2Y,-1,-1,-1,-1,-1,-5.68,-8.28,-8.94,-16.83,-37.96,-5.68,-3.65,-9.21,-38,-34.81,-29.59,5.16,8.75,14.68,14.68,1.92,10.48,14.67,14.05,4.7,13.09,-6.2,-1.59,-6.5,-15.05,-15.33,0.961512,44,,,,,,,-6.2,4.36,-4.99,-8.71,1.01,0.987071,44
21-10-2025,NSE:POWERGRID,EQ,266694.81,11050071,1.79,1.83,6,288.6,0.14,0.38,-0.14,2.77,0.83,-2.91,-8.3,-3.14,-13.37,6.34,-1,-1,-1,-1,-1,EEP,-1,-1,-1,-1,-1,-1.6,-3.59,-8.37,-15.8,-21.03,-1.6,-4.57,-7.19,-14.48,-18.55,-10.47,5.16,5.16,15.05,15.05,2.98,4.28,18.4,24.6,17.14,28.77,-0.32,-4.51,-15.35,-11.75,-13.73,0.961389,44,,,,,,,-0.32,-4.23,-10.77,3.09,-0.91,0.987346,44
21-10-2025,NSE:WHIRLPOOL,EQ,17064.26,499974,3.93,4.02,0,1397.5,2.92,17.42,14.6,14.07,4.27,-2.5,20.64,-20.14,-72.28,3.38,EEP,EEP,-1,EEP,-1,EEP,-1,-1,-1,-1,-1,0,-3.31,-3.31,-40.67,-41.96,0,-7.44,-14.92,-53.93,-30.27,0,22.15,28.36,51.62,51.62,22.15,7.83,55.42,20.33,37.46,97.11,3.12,-4.1,13.59,-28.75,-72.64,0.961234,44,,,,,,,3.12,-7.54,17.05,-53.06,-34.38,0.968068,20
21-10-2025,NSE:GMMPFAUDLR,EQ,5048.7,120767,3.34,3.39,5,1167.8,1.03,10.97,9.62,10.24,3.61,-12.54,6.36,-3.66,-24.03,-16.84,-1,-1,-1,EEP,-1,-1,-1,-1,-1,-1,-1,0,-16.76,-16.76,-20.45,-20.45,0,-19.76,-1.6,-25.51,-22.18,-6.89,14.42,15.28,16.37,16.37,14.42,0,30.96,8.96,2.72,21.27,2.46,-14.14,-0.69,-12.27,-24.39,0.961169,44,,,,,,,2.46,-17.21,11.26,-12.38,-10.63,0.981234,36
21-10-2025,NSE:ASTRAL,EQ,39067.55,869835,1.97,2.02,3,1446.7,-0.10,1.94,1.89,5.53,-0.39,-3.75,5.4,-3.85,-30.96,-33.99,-1,-1,-1,-1,-1,-1,-1,-1,-1,-1,-1,-0.1,-2.45,-7.96,-22.71,-40.16,-0.1,-4.59,-4.5,-39.76,-37.86,-21.64,13.98,13.98,16.85,16.85,5.88,14.43,21.24,10.54,2.1,3.51,-1.54,-5.35,-1.65,-12.46,-31.32,0.961103,44,,,,,,,-1.54,-3.81,3.29,-11.45,-17.09,0.978221,32
21-10-2025,NSE:RATNAVEER,EQ,772.82,429358,4.06,4.12,6,151.3,0.25,1.63,-1.2,-6.11,3.88,-3.45,6.25,-12.97,-30.87,13.02,-1,HVY,-1,HVQ,EEP,EEP,-1,-1,-1,-1,-1,-7.45,-7.45,-11.93,-42.39,-42.39,-7.45,-10.9,-16.82,-45.99,-34.92,-9.95,13.87,21.4,22.5,36.31,5.96,9.45,26.73,14.85,53.98,78.38,2.73,-5.05,-0.8,-21.58,-31.23,0.961067,44,,,,,,,2.73,-8.09,3.84,-22.17,-6.82,0.977711,31
21-10-2025,NSE:MAMATA,EQ,1217.35,925598,3.57,3.52,6,452.85,0.34,4.6,0.62,0.65,-10.28,-11.15,14.64,-15.81,NA,NA,-1,-1,HV2Y,HVQ,HV2Y,HV2Y,-1,-1,-1,-1,-1,-8.26,-13.87,-13.87,NA,NA,-8.26,-5.01,-3.24,-38.64,NA,NA,14.76,33.64,NA,NA,4.83,26.62,51.07,16.01,NA,NA,-11.43,-12.75,7.59,-24.42,0,0.960966,44,,,,,,,-11.43,-1.25,17.67,-37.35,109.02,0.988386,46
21-10-2025,NSE:DEEPINDS,EQ,3456,197849,3.76,3.68,5,483.3,0.81,2.05,-2.11,0.1,-11,3.73,0.5,-16.11,-2.92,51.51,-1,-1,EEP,HVQ,EEP,EEP,-1,-1,-1,-1,-1,-10.43,-15.2,-15.2,-21.22,-21.22,-10.43,-5.87,-20.55,-21.61,-8.53,-0.18,12.12,22.91,22.91,105.7,2.09,24.45,18.32,62.33,139.45,112.25,-12.15,2.13,-6.55,-24.72,-3.28,0.960737,44,,,,,,,-12.15,12.81,-8.89,-18.37,20.38,0.998559,59
21-10-2025,NSE:PTC,EQ,5150.84,977103,1.75,1.73,5,165.65,1.50,0.77,-0.92,0.5,-5.48,-15.24,-8.52,16.61,-13.49,-16.03,-1,-1,-1,-1,HVQ,HVQ,-1,-1,-1,-1,-1,-4.65,-16.37,-16.37,-16.37,-31.59,-4.65,-11.79,-1.21,-25.76,-43.39,-22.95,1.5,1.5,28.72,28.72,1.5,1.58,43.99,39.69,7.34,12.44,-6.63,-16.84,-15.57,8,-13.85,0.960728,44,,,,,,,-6.63,-9.71,0.3,21.48,-27.08,0.992395,51
21-10-2025,NSE:AGI,EQ,5450.75,112794,3.54,3.58,5,848.85,3.37,-1.54,-1.83,-0.29,1.08,0.25,3.56,-18.68,-20.02,8.28,-1,-1,EEP,-1,EEP,EEP,-1,-1,-1,-1,-1,-6.52,-12.7,-12.7,-33.91,-33.91,-6.52,-13.64,-16.8,-36.26,-21.57,-1.47,3.37,9.37,34.68,34.68,3.37,8.19,34.35,29.89,56.51,58.27,-0.07,-1.35,-3.49,-27.29,-20.38,0.960715,44,,,,,,,-0.07,-1.3,-2.21,-24.74,7.89,0.98369,39
21-10-2025,NSE:ALICON,EQ,1396.8,8591,3.25,3.24,3,866.45,1.37,2.06,2.09,2.83,2.01,-9.31,19.71,-11.98,-51.33,-3.99,-1,-1,-1,HV2Y,HVQ,HV2Y,-1,-1,-1,-1,-1,-5.71,-10.59,-11.96,-35.57,-42.75,-5.71,-13.73,-3.76,-54.03,-35.89,-13.36,7.99,31.51,40.32,40.32,4.08,5.81,53.38,12.66,21.23,63.83,0.86,-10.91,12.66,-20.59,-51.69,0.960696,44,,,,,,,0.86,-12.02,21.02,-41.14,-26.12,0.9746,27
21-10-2025,NSE:UNITDSPR,EQ,96868.59,954663,1.91,1.94,4,1359.7,-0.43,4.21,0.58,3.77,2.32,-0.49,-14.55,-4,-14.24,19.43,-1,-1,-1,-1,-1,EEP,-1,-1,-1,-1,-1,-0.43,-0.43,-15.55,-19.48,-19.48,-0.43,-8.71,-15.13,-7.76,-16.25,-5.55,6.1,6.1,6.1,25.04,4.8,3.64,6.38,21.27,33.05,46.14,1.17,-2.09,-21.6,-12.61,-14.6,0.960621,44,,,,,,,1.17,-3.34,-19.52,7.53,-0.82,0.988473,46
21-10-2025,NSE:FELIX,SM,286.55,35710,4.88,4.99,5,185.2,2.58,-1.75,-5.53,-4.94,-12.26,-1.94,2.59,9.02,-28.56,-84.67,-1,-1,-1,-1,HV2Y,HV2Y,-1,-1,-1,-1,-1,-7.72,-12.08,-12.08,-20.33,-57.87,-7.72,-1.31,-4.26,-43.94,-61.67,-45.83,8.21,17.48,62.96,62.96,2.58,22.76,66.12,58.73,14.55,0,-13.41,-3.54,-4.46,0.41,-28.92,0.960412,44,,,,,,,-13.41,8.73,-1.08,4.92,-32.29,0.984923,41
21-10-2025,NSE:AVANTIFEED,EQ,9984.08,814994,2.89,2.91,3,691.15,-0.32,4.35,6.71,8.33,-6.08,-7.66,-24.14,6.01,7.1,27.03,-1,-1,HVY,-1,EEP,EEP,-1,-1,-1,-1,-1,-2.87,-8.62,-23.38,-25.99,-25.99,-2.87,-3.07,-20.32,-8.13,-15.78,-16.75,9.31,9.31,25.55,45.25,9.09,15.95,15.19,55.86,36.51,34.94,-7.23,-9.26,-31.19,-2.6,6.74,0.960362,44,,,,,,,-7.23,-1.95,-20.84,22.61,10.17,1.005876,68
21-10-2025,NSE:INDHOTEL,EQ,110330.23,2476843,1.77,1.77,5,744.25,0.17,3.1,1.48,2.68,-4.21,-3.69,-12.05,-9.03,5.33,28.73,-1,-1,-1,-1,EEP,EEP,-1,-1,-1,-1,-1,-3.27,-7.75,-9.56,-16.34,-16.34,-3.27,-3.87,-8.36,-6.27,-8.79,-1.43,4.85,4.85,13.44,42.14,4.85,6.36,8.66,44.3,64.71,43.01,-5.36,-5.29,-19.1,-17.64,4.97,0.960193,44,,,,,,,-5.36,0.04,-13.59,1.01,22.19,1.00041,61
21-10-2025,NSE:NATHBIOGEN,BE,313.57,19513,3.57,3.53,1,172.11,1.02,-0.81,1.84,3.45,4.32,-13.93,2.73,-2.46,-20.28,-19.17,-1,-1,-1,-1,-1,HV2Y,-1,-1,-1,-1,-1,-2.97,-10.03,-26.71,-26.71,-33.24,-2.97,-29.88,-16.5,-31.22,-31.59,-19.69,4.66,9.41,20.39,20.39,4.46,0.13,37.16,17.11,3.22,21.17,3.17,-15.53,-4.32,-11.07,-20.64,0.960173,44,,,,,,,3.17,-19.54,9.09,-7.01,-8.37,0.982662,38
21-10-2025,NSE:BHADORA,SM,208.32,149927,5.99,6.07,1,92.5,-0.70,2.16,0.05,-8.05,-21.41,NA,NA,NA,NA,NA,-1,-1,-1,-1,-1,-1,NA,-1,-1,-1,-1,-17.37,NA,NA,NA,NA,-17.37,NA,NA,NA,NA,NA,NA,NA,NA,NA,2.21,NA,NA,NA,NA,NA,-22.56,0,0,0,0,0.960074,44,,,,,,,-22.56,99.54,-5.53,-1.68,9.02,0.975579,29
21-10-2025,NSE:MANGLMCEM,EQ,2078.25,76930,2.32,2.36,5,764.1,1.59,4.12,2.79,2.17,1.46,5.06,-9.31,-23.33,-9.95,15.55,-1,-1,-1,-1,HVQ,HV2Y,-1,-1,-1,-1,-1,0,-2.52,-8.12,-24.18,-26.31,0,-3.94,-23.08,-19.46,-9.12,-18.98,10.88,10.88,11.92,22.92,4.29,9.26,6.25,22.34,51.61,35.16,0.31,3.46,-16.36,-31.94,-10.31,0.959845,44,,,,,,,0.31,3.2,-20.67,-14.52,19.87,0.991848,50
21-10-2025,NSE:SIEMENS,EQ,118232.01,370758,1.97,1.95,6,3102.9,0.20,-0.14,-4.77,-0.07,-7.19,-1.67,7.94,-0.59,-33.67,29.4,-1,-1,-1,-1,EEP,EEP,-1,-1,-1,-1,-1,-4.58,-6.7,-8.29,-25.02,-25.19,-4.58,0,-6.75,-31.13,-24.75,0,3.65,9.51,29.23,38.52,0.83,11.1,31.39,18.96,46.42,94.57,-8.34,-3.27,0.89,-9.2,-34.03,0.959824,43,,,,,,,-8.34,4.68,3.93,-10.95,-23.86,0.979165,34
21-10-2025,NSE:PDMJEPAPER,EQ,1215.36,214046,3.42,3.37,6,122.19,0.41,0.67,0.29,2.79,-4.2,-0.46,-1.11,-24.7,1.97,43.04,-1,-1,HV2Q,-1,HVQ,HV2Y,-1,-1,-1,-1,-1,-4.91,-14.82,-14.82,-46.39,-46.39,-4.91,-11.24,-21.33,-45.79,-33.15,-9.5,5.26,24.68,28.34,120.36,3.87,17.15,28.93,29.77,174.79,116.01,-5.35,-2.06,-8.16,-33.31,1.61,0.959728,43,,,,,,,-5.35,3.13,-6.18,-25.01,30.41,1.000464,61
21-10-2025,NSE:ADANIGREEN,EQ,164485.85,3101698,2.79,2.8,6,1040,0.57,0.37,-1.99,0.45,0.89,0.33,9.3,-2.91,-68.37,-77.17,-1,HV2Q,-1,-1,HV2Y,HV2Y,-1,-1,-1,-1,-1,-9.73,-9.73,-9.73,-40.09,-49.77,-9.73,-1.85,-3.86,-54.44,-48.31,-15.43,13.85,18.26,35.32,35.32,1.28,12.83,34.88,22.74,20.29,6.38,-0.26,-1.27,2.25,-11.52,-68.73,0.9597,43,,,,,,,-0.26,-1.03,3.47,-15.14,-54.59,0.967171,19
21-10-2025,NSE:KPRMILL,EQ,39100.1,316005,3.07,3.05,4,1023.4,-0.30,1.25,-1.43,-7.82,-10.75,-16.22,-3.64,5.02,6.73,27.09,-1,-1,-1,EEP,EEP,EEP,-1,-1,-1,-1,-1,-10.1,-17.67,-21.65,-21.65,-21.65,-10.1,-8.81,-8.95,-7.79,-15.5,-5.42,7.77,7.77,30.1,42.83,3.24,19.36,51.2,34.83,35.67,33.22,-11.9,-17.82,-10.69,-3.59,6.37,0.959505,43,,,,,,,-11.9,-5.4,5.29,6.67,10.83,0.999519,60
21-10-2025,NSE:NAVKARCORP,EQ,1934.47,510371,3.88,3.84,3,122.36,1.28,-4.91,2.64,2.54,-4.73,-6.65,17.72,-29.25,-12.5,10.26,-1,-1,EEP,EEP,EEP,EEP,-1,-1,-1,-1,-1,-4.68,-10.84,-10.84,-26.04,-26.04,-4.68,-6.62,-18.27,-39.15,-4.41,-14.53,5.81,26.44,45.2,55.18,3.15,22.94,54.86,19.47,100.57,74.57,-5.88,-8.25,10.67,-37.86,-12.86,0.959391,43,,,,,,,-5.88,-2.29,17.32,-58.76,21.98,0.994962,54
21-10-2025,NSE:EMAMIPAP,EQ,628.16,104857,3.59,3.56,5,98.8,1.22,-2.29,-3.89,0.53,-4.49,-2.07,1.48,-9.15,-13.33,-31.63,-1,-1,HV2Q,HV2Q,HVQ,HV2Y,-1,-1,-1,-1,-1,-4.2,-15.21,-15.21,-20.95,-32.91,-4.2,-11.4,-8.45,-31.01,-26.77,-23.96,9.97,12.15,17.87,17.87,4.23,14.92,20.32,16.13,9.5,8.29,-5.64,-3.67,-5.57,-17.76,-13.69,0.959366,43,,,,,,,-5.64,1.85,-2.05,-12.47,5.19,0.987046,44
21-10-2025,NSE:INFOLLION,SM,446.06,9184,3.71,3.9,4,405.6,0.32,-13.21,-7.91,-12.17,-13.42,-11.65,-16.16,-4.24,21.68,45.03,-1,-1,-1,-1,-1,HV2Y,-1,-1,-1,-1,-1,-13.4,-16.71,-29.12,-29.12,-29.12,-13.4,-8.17,-20.86,-9.37,-18.67,-1.58,0.32,0.32,21.98,147.92,0.32,5.61,32.22,84.04,158.44,94.16,-14.57,-13.25,-23.21,-12.85,21.32,0.959323,43,,,,,,,-14.57,1.11,-9.57,8.58,33.89,1.016147,77
21-10-2025,NSE:INDIAMART,EQ,14851.95,88256,2.65,2.61,5,2376.7,1.80,1.76,1.27,1.95,-3.91,-9.4,4.03,5.79,-28.13,-15.4,-1,-1,HVQ,HVQ,-1,HV2Y,-1,-1,-1,-1,-1,-2.96,-11,-13.31,-21.77,-24.61,-2.96,-9.92,-5.16,-27.64,-28.97,-3.4,2.02,7.58,23.42,23.42,2.02,0,35.03,18.45,2.88,28.45,-5.06,-11,-3.02,-2.82,-28.49,0.959269,43,,,,,,,-5.06,-5.75,6.75,0.16,-26.98,0.980656,36
21-10-2025,NSE:GLOBECIVIL,EQ,458.7,304814,4.16,4.12,1,74.19,-0.07,5.62,2.68,3.79,-3.18,-18.01,NA,NA,NA,NA,-1,-1,-1,-1,-1,-1,-1,-1,-1,-1,-1,-1.75,-19.17,NA,NA,NA,-1.75,-18.96,NA,NA,NA,NA,8.4,NA,NA,NA,8.4,0,NA,NA,NA,NA,-4.33,-19.61,0,0,0,0.959201,43,,,,,,,-4.33,-14.83,94.47,-1.68,9.02,0.978053,32
21-10-2025,NSE:CENTURYPLY,EQ,18062.66,108254,2.87,2.84,1,747.25,-1.07,2.69,-9.35,-5.29,-9.08,2.34,0.9,-4.2,-20.58,1.93,-1,-1,-1,-1,HV2Y,EEP,-1,-1,-1,-1,-1,-8.88,-8.88,-8.88,-16.12,-18.47,-8.88,-0.03,-15.95,-19.2,-15.04,-1.69,3.26,10.65,11.95,19.35,2.76,13.15,9.33,10.94,24.37,43.91,-10.23,0.74,-6.15,-12.81,-20.94,0.959187,43,,,,,,,-10.23,10.01,-7.01,-6.82,-6.69,0.986065,43
21-10-2025,NSE:BLUSPRING,EQ,1280.82,479823,3.83,3.75,3,80.55,0.55,3.13,2.3,1.68,-6.68,-13.94,NA,NA,NA,NA,-1,-1,-1,-1,-1,-1,-1,-1,-1,-1,-1,-4.57,-14.04,NA,NA,NA,-4.57,-9.5,NA,NA,NA,NA,5.97,NA,NA,NA,5.97,26.2,NA,NA,NA,NA,-7.83,-15.54,0,0,0,0.959012,43,,,,,,,-7.83,-7.27,94.47,-1.68,9.02,0.98181,37
21-10-2025,NSE:HEXT,EQ,48280.44,972216,3.26,3.24,1,718,-0.42,-0.4,3.46,5.84,-8.88,-19.27,7.44,NA,NA,NA,-1,-1,-1,-1,-1,-1,-1,-1,-1,-1,-1,-3.2,-16.61,-19.41,NA,NA,-3.2,-12.26,-3.88,NA,NA,NA,8.12,8.12,NA,NA,8.12,12.57,35.86,NA,NA,NA,-10.03,-20.87,0.39,0,0,0.958787,43,,,,,,,-10.03,-10,16.87,98.32,9.02,1.001726,63
21-10-2025,NSE:REGAAL,EQ,1072.43,2840326,3.82,3.77,3,84.77,0.41,-2.97,-3.42,-4.88,-23.04,NA,NA,NA,NA,NA,-1,-1,-1,-1,-1,-1,NA,-1,-1,-1,-1,-17.46,NA,NA,NA,NA,-17.46,NA,NA,NA,NA,NA,NA,NA,NA,NA,0.41,NA,NA,NA,NA,NA,-24.19,0,0,0,0,0.958732,43,,,,,,,-24.19,99.54,-5.53,-1.68,9.02,0.974216,27
21-10-2025,NSE:ELECTHERM,EQ,1363.48,28257,5.95,5.79,1,1040.4,2.62,-10.84,-5.62,2.3,-4.02,-8.72,-3.59,-11.98,4.84,61.5,-1,-1,-1,-1,HV2Y,HV2Y,-1,-1,-1,-1,-1,-10.41,-10.41,-17.31,-27.48,-27.48,-10.41,-13.98,-10.1,-24.87,-18.79,-8.03,39.55,39.55,50.04,154.66,5.19,45.16,63.12,57.73,221.87,173.52,-5.17,-10.32,-10.64,-20.59,4.48,0.958709,43,,,,,,,-5.17,-4.97,-0.81,-9.78,24.04,0.998366,58
21-10-2025,NSE:BIKAJI,EQ,19744.2,289936,2.38,2.35,4,733.6,0.03,-2.6,0.41,1.06,-7.45,-2.28,-0.2,2.85,-23.99,25.4,-1,-1,-1,-1,-1,EEP,-1,-1,-1,-1,-1,-5.18,-8.45,-8.45,-19.44,-25.04,-5.18,-1.63,-2.39,-24.9,-27.18,-7.06,2.33,8.79,29.01,51.93,1.11,11.69,31.94,29.26,47.6,88.38,-8.6,-3.88,-7.25,-5.76,-24.35,0.958574,43,,,,,,,-8.6,4.35,-3.5,1.36,-18.61,0.983579,39
21-10-2025,NSE:BOROLTD,EQ,4079.75,149367,3.39,3.35,6,345.05,0.23,2.59,0.33,1.3,0.96,3.32,1,-16.37,-31.08,0.09,-1,HV2Q,-1,-1,EEP,EEP,-1,-1,-1,-1,-1,-7.64,-7.64,-7.64,-31.06,-31.06,-7.64,-2.93,-16.93,-31.75,-19.77,0,7.27,10.15,11.76,14.9,2.66,6.25,8.05,10.64,33.72,50.62,-0.19,1.72,-6.05,-24.98,-31.44,0.958429,43,,,,,,,-0.19,1.92,-7.93,-19.23,-3.62,0.978344,32
21-10-2025,NSE:MUTHOOTMF,EQ,2898.37,194939,3.86,3.8,0,164.77,0.83,-1.12,-3.42,0.42,-3.32,-1,3.41,-3.66,-33.04,-41.59,-1,-1,-1,HV2Q,HV2Q,-1,-1,-1,-1,-1,-1,-4.11,-6,-6,-24.19,-34.23,-4.11,-2.88,-3.55,-35.09,-32.84,-13.8,11.59,30.85,36.09,36.09,2.35,35.2,37.45,31.45,4.18,10.74,-4.47,-2.6,-3.64,-12.27,-33.4,0.958273,43,,,,,,,-4.47,1.79,-1.17,-9,-19.32,0.977934,32
21-10-2025,NSE:GREENPLY,EQ,4055.5,106608,2.98,2.96,3,307.25,0.24,4.51,3.92,3.68,-5.42,-6.3,2.02,3.94,-25.99,29.06,-1,-1,HV2Q,-1,EEP,EEP,-1,-1,-1,-1,-1,-3.18,-10.12,-10.12,-21.68,-24.04,-3.18,-5.25,-2.04,-25.57,-27.03,-4.3,7.15,16.56,19.74,37.5,5.13,12.96,27.28,17.32,35.42,77.61,-6.57,-7.9,-5.03,-4.67,-26.35,0.958235,43,,,,,,,-6.57,-1.29,2.29,0.28,-22.13,0.981505,37
21-10-2025,NSE:RAILTEL,EQ,12644.97,2019533,2.69,2.7,6,370.55,0.30,1.35,-7.31,-0.77,-6.27,-9.27,14.33,-11.39,-18.38,1.96,-1,-1,HVQ,EEP,HVQ,EEP,-1,-1,-1,-1,-1,-6.82,-8,-19.65,-19.65,-37.92,-6.82,-8.08,-12.2,-39.73,-30.85,-26.51,12.9,25.16,34.45,34.45,1.37,19.99,46.92,15.19,33.9,42.3,-7.42,-10.87,7.28,-20,-18.74,0.95821,43,,,,,,,-7.42,-3.28,16.07,-31.7,2.75,0.986258,43
21-10-2025,NSE:GLOBAL,BE,347.15,50381,5.01,5.03,0,62.94,1.14,7.34,-0.27,-2.69,-9.25,-1.03,13.08,-8.25,-33.07,-66.32,-1,-1,-1,-1,HVQ,HVQ,-1,-1,-1,-1,-1,-9.57,-9.57,-9.85,-26.85,-42.28,-9.57,-1.52,-9.18,-36.41,-45.07,-32.48,11.93,17.93,50.72,50.72,11.93,11.79,52.27,31.01,2.44,25.67,-10.4,-2.63,6.03,-16.86,-33.43,0.958151,42,,,,,,,-10.4,7.06,8.43,-26.21,-13.91,0.980167,35
21-10-2025,NSE:CRISIL,EQ,36528.44,38487,3.15,3.11,3,4955.9,0.88,7.38,4.85,7.56,-0.6,-17.49,4.46,-14.98,3.37,8.57,-1,-1,-1,-1,-1,HV2Y,-1,-1,-1,-1,-1,0,-15.44,-18.06,-25.51,-25.51,0,-17.56,-3.73,-28.83,-14.35,-8.32,11.7,12.73,19.87,22.55,11.7,1.64,40.83,14.53,41.9,19.25,-1.75,-19.09,-2.59,-23.59,3.01,0.958097,42,,,,,,,-1.75,-17.24,13.15,-22.02,24.98,0.9984,58
21-10-2025,NSE:VILAS,SM,1326.82,27265,3.98,3.9,3,458.1,1.83,1.29,-12.02,-11.45,-17.76,-27.07,10.74,3.36,9.42,NA,-1,-1,-1,HV2Q,-1,-1,-1,-1,-1,-1,-1,-13.63,-23.43,-27.24,-27.24,NA,-13.63,-12.01,-7.54,-26.3,-20.21,NA,5.17,38.07,49,NA,5.17,5.44,89.33,33,106.39,NA,-18.91,-28.67,3.69,-5.25,9.06,0.958044,42,,,,,,,-18.91,-8.37,24.22,-9.95,15.29,1.004936,67
21-10-2025,NSE:TANLA,EQ,9946.3,751482,4.21,4.08,6,637.5,0.15,-10.99,-10.04,-4.27,-18.23,-5.85,23.09,-4.19,-38.08,-49.52,-1,-1,-1,-1,EEP,EEP,-1,-1,-1,-1,-1,-14.88,-15.42,-15.42,-25.61,-36.7,-14.88,0,-0.65,-50.63,-35.53,-14.56,5.87,35.87,50.73,50.73,0.15,25.17,59.55,15.92,4.03,9.42,-19.38,-7.45,16.04,-12.8,-38.44,0.958039,42,,,,,,,-19.38,10.01,21.81,-37.15,-23.51,0.984549,40
21-10-2025,NSE:LICHSGFIN,EQ,32591.23,1287068,1.69,1.69,6,573.65,0.10,1.37,1.22,1.12,-3.34,-8.72,-6.14,1.43,-9.14,-8.16,-1,-1,-1,-1,-1,-1,-1,-1,-1,-1,-1,-2.32,-7.51,-10.12,-10.54,-29.73,-2.32,-7.12,-2.29,-23.48,-30.73,-23.3,4.8,4.8,15.45,15.45,2.35,8.3,25.51,22.54,5.97,9.83,-4.49,-10.32,-13.19,-7.18,-9.5,0.958013,42,,,,,,,-4.49,-5.66,-3.16,5.46,-1.71,0.988942,47
21-10-2025,NSE:VETO,EQ,232.82,43284,3.31,3.32,3,117.03,0.11,1.64,1.25,0.77,-3.98,-5.85,6.6,-5.97,-22.43,-8.73,-1,-1,HVQ,HVQ,HVQ,HV2Y,-1,-1,-1,-1,-1,-3.44,-13.25,-13.25,-19.26,-39.35,-3.44,-9.8,-10.32,-43.35,-35.72,-25.74,6.02,17.99,24.35,24.35,3.23,10.25,31.63,16.15,12.34,29.78,-5.13,-7.45,-0.45,-14.58,-22.79,0.957961,42,,,,,,,-5.13,-2.26,6.23,-15.14,-6.51,0.981809,37
21-10-2025,NSE:RCF,EQ,8507.03,1779455,2.03,2.05,3,149.09,0.74,3.39,0.52,2.78,-3.31,-4.38,4.29,-10.64,-17.59,0.3,-1,-1,-1,HV2Q,-1,HV2Y,-1,-1,-1,-1,-1,-1.95,-7.63,-9.15,-20.19,-36.57,-1.95,-4.57,-8.69,-39.28,-29.82,-25.41,3.71,11.62,29.93,29.93,3.71,6.3,35.62,24.36,37.06,45.68,-4.46,-5.98,-2.76,-19.25,-17.95,0.957197,42,,,,,,,-4.46,-1.49,2.77,-17.27,2.73,0.983995,40
21-10-2025,NSE:CIFL,EQ,1469.2,268167,5.16,5.01,3,34.94,1.22,-0.97,0.11,-1.14,-9.02,-6.1,-9.36,NA,NA,NA,-1,-1,HVQ,HV2Y,-1,-1,-1,-1,-1,-1,-1,-7.81,-8.27,-19.21,NA,NA,-7.81,-10.14,-14.29,NA,NA,NA,6.72,6.72,NA,NA,1.22,16.34,5.97,NA,NA,NA,-10.17,-7.7,-16.41,0,0,0.95716,42,,,,,,,-10.17,2.22,-8.61,98.32,9.02,0.988079,45
21-10-2025,NSE:LUPIN,EQ,93954.4,785730,2.08,2.17,6,1942.3,-0.08,0.26,0.9,0.47,-5.83,1.1,-5.38,-8.06,-13.03,17.91,-1,-1,-1,-1,-1,EEP,-1,-1,-1,-1,-1,-3.22,-5.51,-7.75,-18.94,-18.94,-3.22,0,-12.73,-14.58,-12.4,-4.14,4.89,4.89,4.89,25.51,1.93,11.01,1.58,14.56,42.96,49.53,-6.98,-0.5,-12.43,-16.67,-13.39,0.957031,42,,,,,,,-6.98,6.09,-12.07,-4.23,4.43,0.988612,46
21-10-2025,NSE:INDUSTOWER,EQ,94129.65,7952177,2.23,2.23,5,360.3,1.66,6.04,0.67,3.64,0.96,-12.17,-11.25,1.6,-7.76,40.73,-1,-1,-1,-1,-1,-1,-1,-1,-1,-1,-1,0,-11.09,-15.37,-15.37,-21.42,0,-16.18,-5.07,-12.57,-22.67,-15.32,11.19,11.19,13.39,72.06,6.42,10.12,24.99,26.15,69.32,85.41,-0.19,-13.77,-18.3,-7.01,-8.12,0.956985,42,,,,,,,-0.19,-13.71,-4.71,9.87,-0.49,0.989799,48
21-10-2025,NSE:SWARAJ,SM,382.57,17960,4.22,4.61,1,192.05,-0.31,11.33,14.08,14.61,9.53,-2.47,-6.77,-9.19,-42.67,35.41,HVQ,HVQ,-1,HV2Q,HV2Q,HV2Y,-1,-1,-1,-1,-1,-1.51,-4.93,-25.27,-32.35,-45.2,-1.51,-16.87,-23.42,-41.49,-40.16,-21.81,18.4,18.4,33.51,63.24,18.4,4.73,36.81,42.54,84.03,140.46,8.38,-4.07,-13.82,-17.8,-43.03,0.956976,42,,,,,,,8.38,-13.73,-9.72,-3.95,-21.64,0.973088,26
21-10-2025,NSE:METROBRAND,EQ,35529.02,82949,3.47,3.42,4,1159.9,0.42,-2.4,-9.23,-6.64,-13.04,-4.21,5,-5.31,-8.69,5.15,-1,-1,-1,-1,-1,HV2Y,-1,-1,-1,-1,-1,-10.11,-12.21,-12.21,-12.21,-16.16,-10.11,-0.76,-8.2,-20.35,-11.71,-8.87,5.4,9.57,14.71,14.71,0.42,19.14,19.53,8.97,18.73,22.55,-14.19,-5.81,-2.05,-13.92,-9.05,0.956907,42,,,,,,,-14.19,7.35,3.31,-12.53,5.8,0.991333,50
21-10-2025,NSE:CELLO,EQ,13518.16,211863,2.83,2.79,3,614.85,0.58,1.81,3.51,7.61,0.51,0.32,4.88,-9.87,-44.21,-34.21,-1,-1,HVQ,HV2Q,HV2Q,-1,-1,-1,-1,-1,-1,-0.52,-3.1,-5.11,-29.81,-37.89,-0.52,-5.59,-9.68,-39.78,-31.76,-10.43,16.06,16.06,18.81,18.81,8.53,15.47,18.43,13.01,0.54,22.57,-0.64,-1.28,-2.17,-18.48,-44.57,0.956847,42,,,,,,,-0.64,-0.66,-0.95,-17.19,-22.24,0.972614,25
21-10-2025,NSE:BLUEJET,EQ,11795.65,607976,3.18,3.22,6,662.8,0.25,0.86,-1.68,3.43,-2.51,-51.9,-13.23,10.75,21.05,48.09,-1,-1,-1,EEP,EEP,EEP,-1,-1,-1,-1,-1,-2.87,-26.86,-34.39,-34.39,-34.39,-2.87,-32.74,-0.34,-19.22,-2.57,-2.7,5.18,5.18,40.3,97.5,5.18,4.25,80.19,84.65,79.07,58.41,-3.66,-53.5,-20.28,2.14,20.69,0.956711,42,,,,,,,-3.66,-48.64,19.93,19.5,20.56,1.016986,77
21-10-2025,NSE:SRD,BE,479.75,171911,5.36,5.24,5,72.92,1.28,3.18,-0.95,10.75,-2.36,-9.72,0.27,11.12,-43.55,NA,-1,-1,HV2Q,HV2Q,-1,-1,-1,-1,-1,-1,-1,-0.94,-16.64,-16.64,-28.84,NA,-0.94,-14.68,-2.14,-35.05,-42.11,NA,16,27.28,35.24,NA,16,4.09,48.39,34.87,10.69,NA,-3.51,-11.32,-6.78,2.51,-43.91,0.956655,42,,,,,,,-3.51,-7.65,3.58,9.2,-52.5,0.97723,31
21-10-2025,NSE:KROSS,EQ,1403.08,2856567,3.91,3.88,5,184.1,1.54,1.85,-6.01,-7.71,-17.98,-3.18,5.48,-4.51,-5.54,NA,-1,-1,HV2Q,HVQ,-1,-1,-1,-1,-1,-1,-1,-16.3,-19.87,-19.87,-23.92,NA,-16.3,-5.46,-7.53,-33.02,-25.95,NA,15.4,19.04,19.04,NA,2.26,36.16,22.83,11.43,19.25,NA,-19.13,-4.78,-1.57,-13.12,-5.9,0.956624,42,,,,,,,-19.13,12.09,2.86,-12.24,8.03,0.99537,54
21-10-2025,NSE:JSWENERGY,EQ,95428.16,2126723,2.29,2.27,6,528.1,0.55,-2.45,-3.78,-0.09,-3.29,-0.68,3.58,-8.02,-30.52,5.85,-1,-1,-1,-1,-1,HV2Y,-1,-1,-1,-1,-1,-3.74,-3.74,-3.74,-29.59,-33.32,-3.74,0,-8.21,-35.71,-27.98,-12.97,8.12,14.84,22.39,22.39,1.54,11.68,23.22,18.01,23.73,49.51,-4.44,-2.28,-3.47,-16.63,-30.88,0.956558,42,,,,,,,-4.44,2.07,-1.3,-13.71,-11.81,0.978408,33
21-10-2025,NSE:OLAELEC,BE,25362.27,201640708,4.39,4.47,4,53.33,-2.93,5.79,1.35,-1.71,-8.14,23.61,0.47,-40.28,-67.2,NA,-1,-1,EEP,EEP,HVQ,HVQ,-1,-1,-1,-1,-1,-8.43,-22.7,-22.7,-45.88,NA,-8.43,-16.41,-46.63,-63.74,-48.89,NA,33.93,33.99,33.99,NA,7.3,44.9,2.36,13.1,11.31,NA,-9.29,22.01,-6.58,-48.89,-67.56,0.956545,42,,,,,,,-9.29,28.9,-35.82,-42.62,-10.18,0.982304,38
21-10-2025,NSE:TATACHEM,EQ,25293.48,559420,2.18,2.23,4,912.9,1.08,-0.09,-1,-1.37,-8.84,-3.01,6.69,-6.52,-20.53,-3.63,-1,-1,EEP,-1,EEP,EEP,-1,-1,-1,-1,-1,-6.27,-9.18,-9.18,-23.22,-30.59,-6.27,-1.15,-4.63,-28.36,-26.06,-16.34,1.13,12.88,17.44,17.44,1.13,9.73,20.98,9.58,3.54,17.16,-9.99,-4.61,-0.36,-15.13,-20.89,0.956508,42,,,,,,,-9.99,4.89,3.89,-15.84,-4.13,0.984043,40
21-10-2025,NSE:SPUNWEB,SM,400.84,87672,3.85,4.24,2,146,3.44,4.25,-1.85,-3.42,-14.45,-8.6,NA,NA,NA,NA,-1,-1,-1,-1,-1,-1,-1,-1,-1,-1,-1,-9.85,-13.94,NA,NA,NA,-9.85,-1.5,NA,NA,NA,NA,9.16,NA,NA,NA,5.42,24.93,NA,NA,NA,NA,-15.6,-10.2,0,0,0,0.956502,42,,,,,,,-15.6,4.66,94.47,-1.68,9.02,0.988544,46
21-10-2025,NSE:MANBA,EQ,693.81,60422,2.51,2.48,5,135.76,1.61,1.88,0.68,2.14,-2.81,-2.59,-2.15,-14.33,-9.17,NA,-1,-1,HV2Q,HV2Q,HV2Y,HV2Y,-1,-1,-1,-1,-1,-2.27,-7.41,-10.88,-28.54,NA,-2.27,-8.37,-14.42,-27,-18.3,NA,2.18,8.43,8.43,NA,2.18,4.42,11.25,6.84,17.88,NA,-3.96,-4.19,-9.2,-22.94,-9.53,0.956488,41,,,,,,,-3.96,-0.25,-5.1,-13.61,13.54,0.989036,47
21-10-2025,NSE:NUCLEUS,EQ,2777.32,13196,1.94,1.94,5,1008.9,0.68,-0.65,-0.23,0.86,-4.43,-7.34,6.53,-3.24,-25.59,-53.66,-1,-1,-1,EEP,EEP,EEP,-1,-1,-1,-1,-1,-2.04,-8.25,-24.29,-24.29,-34.61,-2.04,-12.14,-18.73,-38.89,-38.73,-25.47,1.55,15.66,30.67,30.67,1.33,6.05,40.27,22.13,2.77,11.46,-5.58,-8.94,-0.52,-11.85,-25.95,0.956415,41,,,,,,,-5.58,-3.25,7.4,-12.13,-12.64,0.980271,35
21-10-2025,NSE:NELCAST,EQ,1287.62,144318,5.56,5.5,4,118.91,-0.49,7.67,-5.75,-7.82,-22.59,-28.42,20.33,6.51,-4.89,-31.74,-1,-1,HV2Y,HVQ,HVQ,-1,-1,-1,-1,-1,-1,-18.27,-31.68,-31.68,-31.68,-31.68,-18.27,-16.25,0,-37.58,-32.69,-24.47,10.73,43.59,49.82,49.82,10.73,6.94,92.39,19.35,3.87,0.64,-23.74,-30.02,13.28,-2.1,-5.25,0.956415,41,,,,,,,-23.74,-5.21,32.43,-19.03,-3.18,1.001302,62
21-10-2025,NSE:FAZE3Q,EQ,1280.4,142122,5.05,5.08,6,483.6,0.10,1.79,2.14,-1.73,-8.94,-40.75,1.42,11.58,9.47,16.64,-1,-1,HV2Q,HVQ,HVQ,HV2Y,-1,-1,-1,-1,-1,-7.26,-34.19,-34.19,-34.19,-34.19,-7.26,-28.3,-4.22,-15.24,-23.98,-22.17,17.62,17.62,46.83,46.83,5.77,28.14,106.66,44.75,20.01,22.87,-10.09,-42.35,-5.63,2.97,9.11,0.956297,41,,,,,,,-10.09,-29.65,24.43,8.63,6.63,1.004773,67
21-10-2025,NSE:BIRLACORPN,EQ,9956.79,87366,2.68,2.64,5,1188.5,0.75,1.56,-1.08,-2.58,-9.29,-16.92,6.37,0.51,-5.11,-42.31,-1,-1,-1,-1,-1,HV2Y,-1,-1,-1,-1,-1,-8.71,-21.44,-21.44,-21.44,-32.74,-8.71,-14.15,-2.09,-28.52,-33.09,-29.31,1.59,13.18,27.21,27.21,1.59,3.98,48.74,19.11,9.49,4.37,-10.44,-18.52,-0.68,-8.1,-5.47,0.956224,41,,,,,,,-10.44,-7.44,14.39,-7.94,3.37,0.991397,50
21-10-2025,NSE:PROTEAN,EQ,3677.73,896337,2.65,2.64,2,868.65,0.06,3.25,-0.2,-1.34,-4.28,10.08,-66.52,NA,NA,NA,-1,-1,HVQ,EEP,EEP,-1,-1,-1,-1,-1,-1,-4.18,-4.95,-39.6,NA,NA,-4.18,-0.88,-46.89,NA,NA,NA,20.69,20.69,NA,NA,4.68,25.86,0,NA,NA,NA,-5.43,8.48,-73.57,0,0,0.956119,41,,,,,,,-5.43,13.32,-90.73,98.32,9.02,0.972213,25
21-10-2025,NSE:INDOCO,EQ,2781.27,186184,3.36,3.35,4,287.8,0.35,-2.45,-1.11,-0.75,-4.92,-10.32,13.86,-13.2,-19.98,-17.29,-1,-1,HV2Y,-1,HVQ,HVQ,-1,-1,-1,-1,-1,-4.84,-11.31,-15.13,-16.43,-24.18,-4.84,-10.96,-6.89,-34.69,-14.17,-9.04,7.95,26.96,46.49,46.49,1.34,13.26,61.6,26.18,9.22,15.76,-6.07,-11.92,6.81,-21.81,-20.34,0.956023,41,,,,,,,-6.07,-5.61,16.39,-33.1,3.03,0.985023,41
21-10-2025,NSE:TIMKEN,EQ,22979.32,74014,2.1,2.11,6,2961.9,1.17,1.77,-2.45,-1.09,-2.71,-17.92,10.42,1.91,-27.26,4.79,-1,-1,-1,EEP,-1,HV2Y,-1,-1,-1,-1,-1,-3.71,-16.18,-16.18,-22.29,-37.15,-3.71,-13.91,-0.16,-38.66,-38.35,-20.02,4.45,20.77,30.45,30.45,1.8,7.29,53.84,16.86,14.28,48.28,-3.86,-19.52,3.37,-6.7,-27.62,0.955714,41,,,,,,,-3.86,-15.27,18.51,-11.18,-20.72,0.981085,36
21-10-2025,NSE:EIEL,EQ,4655.41,1682294,2.55,2.6,5,245.41,1.18,1.69,-0.87,0.71,-7.73,-15.43,9.82,-13.89,NA,NA,-1,-1,HV2Q,HVQ,HV2Y,HV2Y,-1,-1,-1,-1,-1,-9.62,-12.09,-14,NA,NA,-9.62,-7.35,-0.73,-41.85,NA,NA,2.73,27.35,NA,NA,1.72,25.05,47.72,15.4,NA,NA,-8.88,-17.03,2.77,-22.5,0,0.955373,41,,,,,,,-8.88,-7.6,16.35,-27.97,109.02,0.986567,44
21-10-2025,NSE:SAFARI,EQ,11187.3,41825,2.52,2.5,6,2117.6,0.72,-3.12,-3.55,-3.29,-7.34,-1.7,2.17,-8.83,-17.53,2.47,-1,-1,-1,-1,-1,HV2Y,-1,-1,-1,-1,-1,-6.65,-7.23,-8.24,-22.25,-22.25,-6.65,-0.42,-13.38,-23.94,-15.39,-6.52,5.15,7.93,12.62,27.5,0.72,12.87,14.53,10.17,38.76,49.86,-8.49,-3.3,-4.88,-17.44,-17.89,0.955224,41,,,,,,,-8.49,4.79,-1.72,-12.93,1.03,0.985044,41
21-10-2025,NSE:RBZJEWEL,EQ,588,134838,4.56,4.47,1,147.08,1.01,1.96,10.06,8.82,1.48,3.69,0.76,-28.79,-24.54,-13,-1,-1,HVQ,-1,HV2Q,HV2Y,-1,-1,-1,-1,-1,-1.06,-1.06,-5.25,-38.64,-38.64,-1.06,-2.06,-31.54,-39.11,-20.97,-6.23,14.3,14.3,16.32,19.48,11.19,12.6,12.03,15.92,53.88,48.81,0.33,2.09,-6.29,-37.4,-24.9,0.955205,41,,,,,,,0.33,1.78,-8.57,-31.46,12.32,0.982247,38
21-10-2025,NSE:DEVX,BE,521.19,857120,5.83,5.74,0,45.24,6.57,-6.19,-14.66,-18.15,-27.74,NA,NA,NA,NA,NA,-1,-1,-1,-1,-1,-1,NA,-1,-1,-1,-1,-24.45,NA,NA,NA,NA,-24.45,NA,NA,NA,NA,NA,NA,NA,NA,NA,6.57,NA,NA,NA,NA,NA,-28.89,0,0,0,0,0.955061,41,,,,,,,-28.89,99.54,-5.53,-1.68,9.02,0.970485,23
21-10-2025,NSE:SANSTAR,EQ,1746.81,601067,3.46,3.41,0,96.96,0.96,5.5,1.85,1.8,1.82,2.99,-1.06,-20.25,-31.84,NA,-1,-1,HV2Q,HV2Q,-1,-1,-1,-1,-1,-1,-1,-2.6,-2.6,-7.56,-27.56,NA,-2.6,-9.24,-18.92,-35.48,-23.23,NA,19.72,19.72,19.72,NA,5.89,17.55,11.91,15.09,7.85,NA,0.67,1.39,-8.11,-28.86,-32.2,0.954616,41,,,,,,,0.67,0.74,-9.71,-20.66,-0.62,0.977377,31
21-10-2025,NSE:SUMICHEM,EQ,30407.96,289310,2.6,2.57,5,529.8,1.16,1.77,-0.86,-0.3,-13.59,-10.35,-4.65,8.75,-7.84,28.42,-1,-1,EEP,-1,EEP,EEP,-1,-1,-1,-1,-1,-9,-18.77,-18.77,-18.77,-18.77,-9,-7.73,-3.55,-9.63,-21.2,-6.87,2.34,7.69,15.02,56.12,2.34,17.64,26.93,20.38,42.46,68.37,-14.74,-11.95,-11.7,0.14,-8.2,0.954578,41,,,,,,,-14.74,2.39,-0.36,11.13,-9.16,0.992367,51
21-10-2025,NSE:SANOFICONR,EQ,11929.86,5700,3.01,2.95,5,4711.9,0.28,0.29,-0.38,-1.88,-9.31,-7.43,-4.97,-2.86,-2.62,NA,-1,-1,EEP,HVQ,-1,-1,-1,-1,-1,-1,-1,-7.67,-12.2,-17.28,-17.28,NA,-7.67,-9.58,-11.13,-7.55,-9.41,NA,1.95,1.95,3.5,NA,1.95,7.44,11.19,8.65,2.87,NA,-10.46,-9.03,-12.02,-11.47,-2.98,0.954438,41,,,,,,,-10.46,1.26,-3.24,0.33,9.26,0.99314,52
21-10-2025,NSE:HEMIPROP,EQ,4863.52,1920329,4.23,4.68,2,144.75,0.98,0.58,0.82,-16.99,-17.78,6.22,7.55,-8.15,-31.06,-39.21,-1,-1,HV2Y,-1,HVQ,HVQ,-1,-1,-1,-1,-1,-21.33,-21.33,-21.33,-26.26,-39.01,-21.33,-4.35,-16.03,-40.12,-37.79,-24.61,16,16,26.35,26.35,2.14,36.62,18.49,16.81,5.23,11.63,-18.93,4.62,0.5,-16.76,-31.42,0.954432,41,,,,,,,-18.93,19.92,-4.12,-18.66,-12.17,0.98616,43
21-10-2025,NSE:SAMBHV,EQ,3624.46,1437002,3.5,3.46,2,112.08,1.95,2.45,-3.47,3.56,-10.22,-15.06,NA,NA,NA,NA,-1,-1,-1,-1,-1,-1,-1,-1,-1,-1,-1,-7.86,-19.77,NA,NA,NA,-7.86,-11.57,NA,NA,NA,NA,3.69,NA,NA,NA,3.69,26.58,NA,NA,NA,NA,-11.37,-16.66,0,0,0,0.954274,41,,,,,,,-11.37,-4.86,94.47,-1.68,9.02,0.980756,36
21-10-2025,NSE:MOS,SM,642.09,754960,9.78,9.94,0,25.55,4.50,-9.98,-1.86,9.2,-1.57,-4.95,-1.66,-7.83,-19.75,40.68,-1,HVQ,-1,-1,HV2Y,HV2Y,10.66,-1,-1,-1,-1,-9.07,-9.07,-13.68,-18.73,-30.82,-9.07,-5.64,-14.71,-29.67,-25.41,-17.17,22.25,22.25,22.25,113.9,22.25,16.5,9.9,39.88,130.64,156.13,-2.72,-6.55,-8.71,-16.44,-20.11,0.954247,41,,,,,,,-2.72,-3.79,-2.4,-7.74,-2.03,0.982007,37
21-10-2025,NSE:OSIAHYPER,BE,488.78,946510,6.61,6.9,5,23.2,0.91,10.95,0.69,-3.92,-28.02,33.19,-10.86,-34.18,-73.88,-235.34,-1,-1,HVY,HVQ,HVQ,HVQ,-1,-1,-1,-1,-1,-21.67,-29.53,-29.53,-41.31,-68.63,-21.67,-9.78,-49.2,-48.01,-59.99,-48.15,105.13,105.13,105.13,105.13,12.29,162.6,17.6,11.01,40.61,82.2,-29.17,31.59,-17.91,-42.79,-74.24,0.954233,41,,,,,,,-29.17,47.35,-71.47,-22.71,-20.57,1.017577,78
21-10-2025,NSE:ASHIANA,EQ,3103.7,37988,2.96,2.91,4,293.2,0.77,1.09,-1.86,0.22,-5.83,-11.02,9.67,-16.66,-8.07,0.56,-1,-1,-1,-1,HV2Q,HV2Y,-1,-1,-1,-1,-1,-5.04,-10.68,-19.26,-25.08,-35.14,-5.04,-11.3,-10.37,-36.11,-24.33,-29.91,1.28,16.44,16.44,16.44,1.28,2.54,29.27,0.86,26.54,17.22,-6.98,-12.62,2.62,-25.27,-8.43,0.954202,40,,,,,,,-6.98,-5.36,13.1,-30.83,16.39,0.991108,49
21-10-2025,NSE:GSFC,EQ,8399.51,1455655,1.73,1.73,6,192.17,0.48,1.75,-2,-2.07,-9.82,-4.61,-2.02,-1.24,-12.93,-20.1,-1,-1,EEP,EEP,EEP,EEP,-1,-1,-1,-1,-1,-6.53,-11.73,-11.73,-14.26,-26.84,-6.53,-3.06,-5.26,-20.98,-35.45,-28,1.78,4.39,14.92,14.92,1.78,7.81,20.21,17.25,4.3,14.61,-10.97,-6.21,-9.07,-9.85,-13.29,0.954149,40,,,,,,,-10.97,4.29,-3.06,-0.91,-2.53,0.98777,45
21-10-2025,NSE:TREJHARA,EQ,291.49,26035,7.29,7.22,1,217.33,1.02,19.52,15.14,16.91,8.23,-7.12,-12.64,-9.18,-22.95,23.14,HVQ,HVQ,-1,HVQ,HVQ,HV2Y,-1,-1,-1,-1,-1,0,-7.11,-19.66,-24.08,-26.09,0,-17.6,-13.94,-16.75,-19.31,-9.13,24.26,24.26,25.2,55.24,24.26,6.22,34.12,46.09,69.49,90.86,7.08,-8.72,-19.69,-17.79,-23.31,0.953945,40,,,,,,,7.08,-17.19,-10.68,1.4,-3.59,0.980989,36
21-10-2025,NSE:PATANJALI,EQ,66216.11,1046289,2.06,2.04,6,588.7,-0.26,0.87,-1.45,-1.43,-3.43,-9.96,-11.32,-5.16,0.08,11.45,-1,-1,HV2Q,HV2Q,-1,HV2Y,-1,-1,-1,-1,-1,-2.01,-9.06,-10.29,-11.73,-11.73,-2.01,-5.94,-2.94,-1.74,-5.7,-10.4,2.24,9.49,9.49,41.95,2.24,13.25,20.4,23.31,49.27,41.83,-4.58,-11.56,-18.37,-13.77,-0.28,0.953637,40,,,,,,,-4.58,-6.77,-6.77,3.85,14,0.993997,53
21-10-2025,NSE:KTKBANK,EQ,6653.78,989154,1.62,1.62,5,181.69,1.37,5.84,4.07,5.98,3.19,-5.24,-8.47,-4.67,-26.84,-31.02,-1,-1,-1,-1,HV2Y,HV2Y,-1,-1,-1,-1,-1,0,-4.63,-13.45,-20.43,-28.11,0,-15.4,-8.91,-18.97,-26.83,-11.33,6.95,6.95,10.62,10.62,6.36,3.53,16.42,20,1.4,14.34,2.04,-6.84,-15.52,-13.28,-27.2,0.95353,40,,,,,,,2.04,-9.17,-8.6,1.83,-12.16,0.97918,34
21-10-2025,NSE:ASAL,EQ,793.85,236253,6.63,6.47,6,541.1,1.77,0.85,-9.94,-11.2,7.8,-10.29,5.77,-20.2,-32.38,-8.59,-1,HV2Y,-1,HVY,HVQ,HV2Y,-1,-1,-1,-1,-1,-10.07,-10.07,-13.82,-30.29,-48.16,-10.07,-20.54,-6.38,-49.59,-37.69,-31.38,18.35,18.35,25.49,25.49,9.91,9.12,38.4,18.25,46.21,61.02,6.65,-11.89,-1.28,-28.81,-32.74,0.953449,40,,,,,,,6.65,-20.08,9.03,-29.23,-1.11,0.976794,30
21-10-2025,NSE:AERONEU,EQ,256.28,43560,8.79,8.19,0,76.21,0.53,0.17,-18.24,-6.06,-30.35,NA,NA,NA,NA,NA,-1,-1,-1,-1,-1,-1,NA,-1,-1,-1,-1,-24.83,NA,NA,NA,NA,-24.83,NA,NA,NA,NA,NA,NA,NA,NA,NA,0.69,NA,NA,NA,NA,NA,-31.5,0,0,0,0,0.953138,40,,,,,,,-31.5,99.54,-5.53,-1.68,9.02,0.968531,21
21-10-2025,NSE:APLLTD,EQ,18870.06,89676,2.36,2.36,6,932.8,0.09,1.81,1.73,4.2,-2.81,-10.11,8.25,-7.22,-27.62,-4.13,-1,-1,HV2Y,HV2Q,HV2Q,EEP,-1,-1,-1,-1,-1,-1.81,-8.51,-10.23,-21.31,-25.24,-1.81,-7.71,-2.97,-31.41,-19.84,-4.59,4.38,7.13,25.44,25.44,4.38,2.52,38.12,15.08,18.32,40.83,-3.96,-11.71,1.2,-15.83,-27.98,0.9531,40,,,,,,,-3.96,-7.56,11.15,-18.55,-10.01,0.978804,33
21-10-2025,NSE:MODISONLTD,EQ,522.45,96838,3.45,3.46,5,156.73,1.45,-2.27,-1.63,-3.59,-2.81,-21.51,10.83,-7.63,-12.03,15.4,-1,-1,-1,HVQ,HV2Y,HV2Y,-1,-1,-1,-1,-1,-6.62,-16.78,-17.71,-21.02,-28.83,-6.62,-15.39,0,-36.54,-23.4,-20.27,1.45,31.25,31.25,57.52,1.45,3.47,59.49,15.49,69.54,76.47,-3.96,-23.11,3.78,-16.24,-12.39,0.953056,40,,,,,,,-3.96,-18.65,21.09,-22.38,4.93,0.98871,47
21-10-2025,NSE:JSWINFRA,EQ,70980.05,1523487,2.06,2.17,3,298.05,1.36,-3.62,-3.19,-8.29,-12.67,-6.27,-1.91,-0.25,-8.64,29.19,-1,-1,-1,HVQ,HVQ,HV2Y,-1,-1,-1,-1,-1,-13.04,-13.04,-13.04,-13.04,-16.43,-13.04,0,-1.9,-13.88,-16.22,-9.21,1.36,4.98,32.47,38.31,1.36,13.45,40.78,35,42.12,54.01,-13.82,-7.87,-8.96,-8.86,-9,0.952988,40,,,,,,,-13.82,5.21,-1.43,-0.05,0.65,0.990451,48
21-10-2025,NSE:BAJAJHCARE,EQ,1339.13,262219,5.09,5.03,6,456.75,-0.65,-1.29,-5.18,-7.33,7.25,-13.73,-34.32,-22.94,16.43,31.67,-1,HV2Q,-1,-1,HVQ,HV2Y,-1,-1,-1,-1,-1,-9.96,-13.76,-26.88,-35.87,-35.87,-9.96,-20.75,-27.06,-13.86,-11.23,-8.78,8.65,8.65,34.18,63.53,8.65,0.45,11.33,80.23,101.06,36.66,6.1,-15.33,-41.37,-31.55,16.07,0.952984,40,,,,,,,6.1,-23.07,-23.64,6.79,41.05,1.014257,75
21-10-2025,NSE:ITBEES,EQ,2770.57,8817288,2.31,2.28,5,38.7,0.31,0.85,2.27,4.91,-3.13,-4.37,5.12,-19.56,-16.87,-3.85,-1,-1,-1,-1,-1,-1,-1,-1,-1,-1,-1,-0.28,-4.02,-9.52,-21.8,-21.8,-0.28,-6.16,-13.94,-25.8,-6.51,-2.42,5.31,5.31,9.94,11.53,5.31,6.46,14.74,4.32,33.34,30.35,-4.28,-5.97,-1.93,-28.17,-17.23,0.952803,40,,,,,,,-4.28,-1.66,3.56,-27.69,11.27,0.984731,41
21-10-2025,NSE:SALASAR,EQ,1716.41,14062683,4,3.94,3,9.64,2.77,7.57,8.61,8.61,-3.22,20.75,2.39,-36.62,-97.2,-202.39,-1,-1,HV2Y,HV2Q,HV2Q,HV2Q,-1,-1,-1,-1,-1,-0.62,-7.4,-7.4,-49.29,-65.2,-0.62,-4.42,-42.47,-58.67,-61.21,-44.01,38.11,38.11,38.11,38.11,11.45,42.55,6.7,20.33,12.47,15.07,-4.37,19.15,-4.66,-45.23,-97.56,0.952795,40,,,,,,,-4.37,22.76,-28.7,-41.64,-35.32,0.967059,19
21-10-2025,NSE:HNDFDS,EQ,6639.6,47914,2.46,2.49,5,527.35,1.29,-1.1,-1.47,-1.3,-4.3,-8.52,-9.19,7.1,-22.74,-3.48,-1,-1,HVY,HVY,-1,-1,-1,-1,-1,-1,-1,-4.31,-8,-9.21,-16.6,-21.92,-4.31,-5.31,-4.38,-14.75,-27.47,-4.17,2.45,3.43,10.97,12.57,1.31,6.85,20.43,21.17,4.58,38.17,-5.45,-10.12,-16.24,-1.51,-23.1,0.952718,40,,,,,,,-5.45,-4.51,-6.14,13.24,-23.1,0.984157,40
21-10-2025,NSE:ARKADE,EQ,3360.51,752075,2.99,2.96,4,167.31,0.85,-1.46,-0.16,-0.79,-8.13,-23.58,-3.07,2.99,4.49,NA,-1,-1,-1,HVQ,-1,-1,-1,-1,-1,-1,-1,-6.87,-19.89,-19.89,-19.89,NA,-6.87,-13.37,-0.23,-6.72,-12.21,NA,0.85,9.78,29.67,NA,0.85,4.45,53.7,33.65,25.78,NA,-9.28,-25.18,-10.12,-5.62,4.13,0.952621,40,,,,,,,-9.28,-14.74,11.06,4.21,10.57,0.996601,56
21-10-2025,NSE:TECH,EQ,210.83,103539,2.34,2.34,5,37.76,0.35,0.48,2.01,4.85,-3.12,-4.53,5.4,-20.23,-16.92,-3.42,-1,-1,-1,-1,-1,-1,-1,-1,-1,-1,-1,-0.4,-4.09,-9.38,-21.61,-21.61,-0.4,-6.12,-13.76,-25.85,-5.75,-2.58,5.15,5.15,9.96,11.12,5.15,6.34,14.94,4.02,33.61,29.93,-4.27,-6.13,-1.65,-28.84,-17.28,0.952469,40,,,,,,,-4.27,-1.82,3.97,-28.78,11.77,0.984783,41
21-10-2025,NSE:TARIL,EQ,16057.37,684375,2.38,2.35,6,482.5,0.09,0.2,-2.39,-1.37,-10.63,-6.16,-19.01,-6.16,9.94,68.75,-1,-1,EEP,EEP,EEP,-1,-1,-1,-1,-1,-1,-10.02,-13.67,-13.86,-22.13,-22.13,-10.02,-4.49,-10.8,-7.33,-17.33,0,0.2,2.81,33.07,234.43,0.2,13.74,41.26,89.43,255.03,201.18,-11.78,-7.76,-26.06,-14.77,9.58,0.952228,40,,,,,,,-11.78,3.59,-17.63,9.11,24.19,1.005354,67
21-10-2025,NSE:TNPL,EQ,1090.41,511991,3.51,3.49,5,155.42,1.59,1.67,-1.04,4.74,-1.08,-11.29,12.67,-14.28,-31.15,-70.38,-1,HV2Y,HV2Q,HV2Q,HVQ,HV2Y,-1,-1,-1,-1,-1,-3.93,-8.45,-16.35,-25.02,-46.64,-3.93,-15.44,-6.91,-48.85,-45.31,-37.24,4.97,22.63,28.78,28.78,4.97,3.27,43.31,12.46,9.46,1.43,-2.23,-12.89,5.62,-22.89,-31.51,0.952192,40,,,,,,,-2.23,-10.56,16,-32.54,-5.74,0.978533,33
21-10-2025,NSE:ITIETF,EQ,497.79,1033864,1.81,1.82,5,38.6,0.31,0.47,2.15,4.51,-3.32,-4.4,5.03,-20.18,-16.87,-3.96,-1,-1,-1,-1,-1,-1,-1,-1,-1,-1,-1,-0.34,-4.08,-9.54,-21.83,-21.83,-0.34,-6.19,-14.6,-25.76,-6.06,-2.68,5.09,5.09,10,11.92,5.09,6.4,14.85,4.47,34.5,30.79,-4.47,-6,-2.02,-28.79,-17.23,0.952091,40,,,,,,,-4.47,-1.51,3.5,-28.22,11.78,0.984745,41
21-10-2025,NSE:MAXESTATES,EQ,7553.08,122394,3.94,3.87,1,478.25,0.72,3.02,0.18,2.94,1.93,-13.69,12.67,-18.79,-28.29,42.23,-1,-1,-1,HV2Q,HV2Q,EEP,-1,-1,-1,-1,-1,-3.93,-13.39,-13.39,-23.33,-30.12,-3.93,-15.07,-7.64,-38.97,-16.99,-10.35,10.74,24.84,38.74,91.41,4.86,8.6,57.73,21.16,127.38,145.57,0.78,-15.29,5.62,-27.4,-28.65,0.952,40,,,,,,,0.78,-16.39,17.65,-37.7,1.02,0.980577,35
21-10-2025,NSE:IOB,EQ,78759.45,9362649,3.01,2.98,4,40.67,1.27,5.09,2.63,5.31,-0.52,2.02,4.03,-23.85,-34.28,-57.49,-1,-1,-1,-1,HVQ,HV2Y,-1,-1,-1,-1,-1,0,-0.51,-3.3,-31.03,-45.41,0,0,-24.12,-42.86,-36.76,-31.44,13.57,16.8,16.8,16.8,6.47,14.16,14.45,12.06,10.83,13.18,-1.67,0.42,-3.02,-32.46,-34.64,0.951878,39,,,,,,,-1.67,2.06,-3.47,-30.73,0.6,0.976521,30
21-10-2025,NSE:ATGL,EQ,71795.6,2424948,3.45,3.35,6,623.3,0.42,1.05,-2.05,-1.03,-4.52,-5.53,0.39,-8.03,-19.81,-64.49,-1,HV2Y,HVQ,EEP,HVQ,EEP,-1,-1,-1,-1,-1,-20.17,-20.17,-20.17,-23.27,-44.32,-20.17,-4.54,-7.76,-32.19,-39.85,-33.29,6.62,6.62,13.92,13.92,1.06,11.44,20.21,13.47,16.21,0.72,-5.67,-7.13,-6.66,-16.64,-20.17,0.951758,39,,,,,,,-5.67,-1.43,0.08,-10.14,-1.89,0.982006,37
21-10-2025,NSE:ORISSAMINE,EQ,2940,30537,5.02,5,2,5385.2,0.92,1.51,-4.96,13.44,9.53,4.18,-4.43,-20.98,-67.63,-20.45,-1,HV2Y,HV2Q,HVQ,HV2Y,HV2Y,-1,-1,-1,-1,-1,-7.15,-7.15,-7.15,-39.23,-42.48,-7.15,-7.06,-21.98,-39.93,-30.41,-3.58,15.53,16.03,20.12,20.12,15.53,4.97,15.11,25.44,24.22,72.11,8.38,2.58,-11.48,-29.59,-67.99,0.951745,39,,,,,,,8.38,-6.38,-14.51,-17.54,-29.53,0.963779,16
21-10-2025,NSE:MASTERTR,EQ,1594.18,1035343,7.66,7.16,0,132.25,0.88,-4.84,-7.3,-4.11,-7.67,-4.47,-7.17,-13.51,NA,NA,-1,-1,-1,HVQ,HVQ,-1,-1,-1,-1,-1,-1,-18.32,-21.18,-21.18,NA,NA,-18.32,-15.13,-17.09,-24.26,NA,NA,5.51,5.51,NA,NA,5.51,10.46,28.84,32.17,NA,NA,-8.82,-6.07,-14.22,-22.12,0,0.951743,39,,,,,,,-8.82,2.52,-8.11,-7.6,109.02,0.985426,42
21-10-2025,NSE:VINATIORGA,EQ,17946.59,47553,2.31,2.28,6,1693.5,0.06,0.86,-1.45,-5.53,-2.56,-15.01,1.34,-0.89,-18.39,4.73,-1,-1,-1,-1,-1,-1,-1,-1,-1,-1,-1,-5.24,-13.03,-16.25,-16.25,-26.7,-5.24,-14.11,-3.68,-27.68,-26.04,-13.22,3.81,5.27,16.93,16.93,0.87,6.46,34.49,15.37,16.28,36.45,-3.71,-16.61,-5.71,-9.5,-18.75,0.951602,39,,,,,,,-3.71,-12.6,8.69,-3.95,-8.32,0.982428,38
21-10-2025,NSE:ESABINDIA,EQ,7773.48,2895,1.56,1.56,3,4994.7,0.07,2.11,1.93,1.01,-1.21,-14.29,6.5,-3.03,-29.45,-11.98,-1,-1,-1,HVQ,HVQ,HV2Y,-1,-1,-1,-1,-1,-1.27,-13.59,-13.59,-22.18,-24.72,-1.27,-12.55,0,-29.61,-22.43,-2.55,2.56,9.24,15.33,15.33,2.56,1.05,31.82,7.84,7.55,35.12,-2.36,-15.89,-0.55,-11.64,-29.81,0.951596,39,,,,,,,-2.36,-13.39,12.66,-11.87,-16.62,0.97787,31
21-10-2025,NSE:AETHER,EQ,9811.01,114905,1.85,1.84,6,758,1.12,1.71,1.06,0.95,2.89,-8.02,-2.45,-12.7,-21.48,-13.21,-1,-1,-1,HVQ,HV2Y,HV2Y,-1,-1,-1,-1,-1,0,-6.7,-9.12,-18.75,-28.45,0,-10.69,-12.24,-26.7,-19.36,-13.07,3.72,3.72,3.72,3.72,3.17,0.73,11.77,4,9.51,18.04,1.74,-9.62,-9.5,-21.31,-21.84,0.951498,39,,,,,,,1.74,-11.69,-0.37,-11.69,1.22,0.980079,35
21-10-2025,NSE:HARIOMPIPE,EQ,1718.68,426288,3.52,3.53,5,477.1,0.76,4.95,0.84,-3.18,-15.31,-5.07,16.28,-6.65,-35.75,-10.68,-1,-1,HV2Y,HV2Q,HV2Q,EEP,-1,-1,-1,-1,-1,-12.15,-13.28,-13.28,-25.51,-45.08,-12.15,0,-1.89,-54.02,-41.42,-25.45,12.21,29.56,47.23,47.23,5.2,45.16,54.7,23.27,12.45,43.13,-16.46,-6.67,9.23,-15.26,-36.11,0.951442,39,,,,,,,-16.46,8.42,14.79,-29.07,-18.26,0.980614,36
21-10-2025,NSE:BLSE,EQ,1798.96,149303,4.88,4.96,4,175.6,-0.56,2.03,-4.08,-4.81,-12.45,-4.12,10.49,-10.61,-22.92,-91.34,HVQ,HVQ,-1,HV2Q,HVQ,HVQ,-1,-1,-1,-1,-1,-12.38,-12.38,-22,-22.83,-56.04,-12.38,-2.89,-18.78,-40.15,-51.38,-45.97,7.74,27.38,27.38,27.38,7.74,12.07,32.64,13.09,2.09,4.4,-13.6,-5.72,3.44,-19.22,-23.28,0.951366,39,,,,,,,-13.6,6.94,8.5,-25.25,-2.11,0.98384,40
21-10-2025,NSE:PATILAUTOM,SM,423.87,63744,4.93,5,0,182.9,2.12,9.76,5.39,0.36,-6.67,-22.74,NA,NA,NA,NA,-1,-1,-1,-1,-1,-1,-1,-1,-1,-1,-1,-12,-23.25,NA,NA,NA,-12,-19.78,NA,NA,NA,NA,12.07,NA,NA,NA,12.07,19.88,NA,NA,NA,NA,-7.82,-24.34,0,0,0,0.951298,39,,,,,,,-7.82,-15.53,94.47,-1.68,9.02,0.973437,26
21-10-2025,NSE:FINEORG,EQ,15088.69,12829,2.48,2.47,6,4498.4,0.79,-1.56,-2.65,-0.26,-9.05,-16.38,5.3,2.5,-15.88,4.28,-1,-1,-1,HV2Q,EEP,EEP,-1,-1,-1,-1,-1,-6.03,-16.48,-17.56,-17.56,-23.4,-6.03,-10.1,-4.06,-27.46,-25.32,-11.24,0.79,11.27,28.41,28.41,0.79,5.26,49.44,21.6,8.7,29.19,-10.2,-17.98,-1.75,-6.11,-16.24,0.951178,39,,,,,,,-10.2,-7.18,13.1,-4.64,-9.83,0.984974,41
21-10-2025,NSE:REMSONSIND,EQ,441.53,212366,4.16,4.26,5,128.29,2.62,3.21,-3.23,7.22,1.94,-2.24,6.16,-10.93,-59.52,-29.11,-1,-1,-1,HV2Y,-1,-1,-1,-1,-1,-1,-1,-4,-4.84,-14.3,-36.81,-43.1,-4,-14.54,-12.37,-46.6,-36.88,-9.23,10.75,16.49,17.98,17.98,7.78,8.6,20.63,10.71,9.68,28.42,0.79,-3.84,-0.89,-19.54,-59.88,0.951146,39,,,,,,,0.79,-4.73,2.69,-19.89,-34.79,0.966508,18
21-10-2025,NSE:AWL,EQ,33050.83,2179311,2.26,2.25,6,261.4,1.10,-2.77,-1.42,0.1,1.7,-6.66,-8.49,-3.23,-26.97,-29.46,-1,-1,EEP,EEP,EEP,EEP,-1,-1,-1,-1,-1,-3.58,-6.81,-7.93,-24.47,-34.44,-3.58,-8.4,-2.3,-27.94,-32.32,-16.75,4.73,4.73,10.88,10.88,3.4,2.94,18.26,20.3,3,3.73,0.55,-8.26,-15.54,-11.84,-27.33,0.951123,39,,,,,,,0.55,-8.96,-7.25,3.17,-13.97,0.978935,33
21-10-2025,NSE:GAIL,EQ,119535.31,8360242,1.96,1.96,4,178.39,-0.02,1.69,-0.85,1.07,-1.83,-3.21,-8.32,-1.19,-29.97,5.38,-1,-1,-1,-1,HVQ,EEP,-1,-1,-1,-1,-1,-1.41,-5.1,-10.85,-19.65,-25.97,-1.41,-6.08,-7.98,-19.81,-25.09,-3.78,5.25,5.25,16.47,16.47,3.7,7.17,20.21,26.16,7.01,37.44,-2.98,-4.81,-15.37,-9.8,-30.33,0.951095,39,,,,,,,-2.98,-1.82,-10.48,4.9,-19.42,0.979118,34
21-10-2025,NSE:OBEROIRLTY,EQ,60794.29,502098,2.29,2.43,1,1699,-0.01,7.53,3.67,5.78,1.7,-7.98,-0.04,-15.65,-19.52,21.64,-1,-1,-1,-1,-1,HV2Y,-1,-1,-1,-1,-1,-0.09,-6.97,-14.58,-26.85,-26.85,-0.09,-16.03,-8.4,-26.82,-15.4,0,8.15,10.74,14.55,30.74,8.15,6.29,23.69,14.59,52.89,58,0.55,-9.58,-7.09,-24.26,-19.88,0.951073,39,,,,,,,0.55,-10.3,1.82,-17.28,5.68,0.981267,37
21-10-2025,NSE:IT,EQ,404.03,583695,2.54,2.51,6,38.39,0.05,0.16,1.8,4.35,-3.75,-4.58,4.71,-19.85,-17.32,NA,-1,-1,-1,-1,-1,-1,-1,-1,-1,-1,-1,-0.78,-4.14,-9.9,-21.75,NA,-0.78,-6.17,-13.95,-25.44,-6.22,NA,4.8,4.8,9.65,NA,4.8,6.67,14.68,4.48,33.94,NA,-4.9,-6.18,-2.34,-28.46,-17.68,0.951048,39,,,,,,,-4.9,-1.26,3.36,-27.46,11.13,0.984303,40
21-10-2025,NSE:MMP,EQ,703.65,23688,4.55,4.48,3,270.5,2.89,2.9,-0.63,-1.79,-1.94,-6.03,9.41,-16.88,-32.07,2.14,-1,-1,HV2Q,HV2Q,HV2Y,HV2Y,-1,-1,-1,-1,-1,-5.57,-6.16,-10.16,-29.57,-34.4,-5.57,-8.42,-8.76,-40.57,-23.33,-13.36,12.61,16.85,21.95,21.95,3.82,14.8,29.29,10.47,35.16,52.74,-3.09,-7.63,2.36,-25.49,-32.43,0.951039,39,,,,,,,-3.09,-4.47,9.03,-30.69,-3.98,0.97702,30
21-10-2025,NSE:EEPL,SM,277.2,72560,3.89,3.83,1,179.5,0.56,-4.85,-10.42,-12.09,-16.85,-11.87,NA,NA,NA,NA,-1,-1,-1,-1,-1,-1,-1,-1,-1,-1,-1,-12.14,-15.19,NA,NA,NA,-12.14,-17.86,NA,NA,NA,NA,3.58,NA,NA,NA,3.58,10.54,NA,NA,NA,NA,-18,-13.47,0,0,0,0.950996,39,,,,,,,-18,3.81,94.47,-1.68,9.02,0.985139,42
21-10-2025,NSE:KRYSTAL,EQ,917.96,23684,3.32,3.33,5,603.85,1.08,1.16,-3.17,-2.65,-8.22,-10.85,12.49,-11.43,-21.11,NA,-1,-1,-1,EEP,EEP,EEP,-1,-1,-1,-1,-1,-7.95,-13.38,-13.38,-24.22,NA,-7.95,-6.26,-4.06,-36.35,-33.79,NA,1.17,14.4,42.3,NA,1.17,10.72,57.74,24.53,5.74,NA,-9.37,-12.45,5.44,-20.04,-21.47,0.950989,39,,,,,,,-9.37,-2.89,15.52,-29.01,0.34,0.983699,39
21-10-2025,NSE:APTUS,EQ,16518.56,2254373,2.77,2.79,5,315.15,0.06,0.86,0.21,-1.09,-5.57,-11.8,-6.96,7.31,-20.59,-11.19,-1,-1,-1,-1,EEP,EEP,-1,-1,-1,-1,-1,-3.37,-12.31,-12.31,-18.6,-19.12,-3.37,-7.43,0,-13.49,-25.04,-2.46,3.28,3.28,16.31,16.31,3.28,5.87,29.54,24.41,7.81,27.68,-6.72,-13.4,-14.01,-1.3,-20.95,0.950893,38,,,,,,,-6.72,-6.37,-1.2,11.67,-21.09,0.984115,40
21-10-2025,NSE:UNIECOM,EQ,1467.37,523847,3.34,3.32,5,136.06,3.64,4.09,-2.34,-4,-4.18,6.36,5.06,-14.82,-60.62,NA,-1,-1,-1,-1,-1,-1,-1,-1,-1,-1,-1,-9.15,-10.33,-10.33,-36.02,NA,-9.15,-6.58,-20.84,-46.73,-35.57,NA,17.54,17.54,32.1,NA,4.26,22.45,23.69,25.41,4.36,NA,-5.33,4.76,-1.99,-23.43,-60.98,0.950834,38,,,,,,,-5.33,9.66,-6.92,-22.62,-30.87,0.968959,21
21-10-2025,NSE:RIIL,EQ,1388.9,130979,2.41,2.52,6,911.65,0.73,1.1,0.77,4.67,-0.88,-4.41,3.94,-12.41,-34.07,-45.13,-1,-1,-1,-1,HV2Y,HV2Y,-1,-1,-1,-1,-1,-2.36,-3.26,-9.26,-25.09,-39.91,-2.36,-5.92,-8.22,-36.76,-32.46,-19.44,9.38,12.39,22.04,22.04,5.98,10.35,27.42,17.24,5.3,14.04,-2.03,-6.01,-3.11,-21.02,-34.43,0.95078,38,,,,,,,-2.03,-3.96,2.46,-18.7,-10.25,0.975065,28
21-10-2025,NSE:RUBYMILLS,EQ,795.54,18580,2.71,2.78,5,220.24,0.94,-1.43,-0.36,-0.72,-6.9,-11.02,6.32,-4.18,-21.84,-4.23,-1,-1,HVQ,HVQ,HV2Y,HV2Y,-1,-1,-1,-1,-1,-5.83,-13.07,-13.07,-28.16,-28.74,-5.83,-7.07,-3.42,-33.24,-25.76,-13.17,0.94,17.49,21.68,21.68,0.94,6.9,35.09,13.99,24.9,46.08,-8.05,-12.62,-0.73,-12.79,-22.2,0.95075,38,,,,,,,-8.05,-4.32,10.09,-12.89,-7.93,0.9814,37
21-10-2025,NSE:NFL,EQ,4836.61,1279954,2.21,2.22,3,94.53,1.06,2.07,0.78,2.19,-4.08,-3.94,6,-15.47,-26.69,-3.62,-1,-1,-1,HV2Q,-1,HV2Y,-1,-1,-1,-1,-1,-2.52,-6.34,-12.68,-24.69,-40.89,-2.52,-2.62,-11.03,-44.44,-31.75,-25.12,4.51,16.22,26.87,26.87,2.72,8.78,31.86,19.26,29.02,41.56,-5.23,-5.54,-1.05,-24.08,-27.05,0.950714,38,,,,,,,-5.23,-0.32,4.03,-24.51,-0.7,0.97922,34
21-10-2025,NSE:MEDPLUS,EQ,10068.09,125802,3.26,3.2,4,761.8,-0.69,-1.08,1.58,-0.33,-10.34,-19,-6.16,-4.77,10.72,18.21,-1,-1,-1,EEP,-1,-1,-1,-1,-1,-1,-1,-7.1,-18.48,-22.04,-22.04,-22.04,-7.1,-10.05,-7.23,-6.54,-7.77,-6.99,2.7,2.7,19.26,26.35,2.7,4.54,30.53,27.45,32.37,12.8,-11.49,-20.6,-13.21,-13.38,10.36,0.950565,38,,,,,,,-11.49,-8.31,5.26,-0.36,23.8,1.001499,62
21-10-2025,NSE:SURYAROSNI,EQ,6359.32,396264,2.72,2.69,6,278.3,0.60,-0.79,-4.42,-2.37,-4.92,-17.12,3.37,5.14,-26.1,-10.05,-1,-1,-1,-1,-1,HV2Y,-1,-1,-1,-1,-1,-5.34,-19.89,-19.89,-20.14,-24.01,-5.34,-15.95,-6.12,-26.57,-32.66,-10.48,3.32,10.81,30.17,30.17,0.6,8.41,52.46,25.78,13.11,46.93,-6.07,-18.72,-3.68,-3.47,-26.46,0.950424,38,,,,,,,-6.07,-12.09,11.97,0.15,-23.92,0.980328,35
21-10-2025,NSE:HCLTECH,EQ,398908.77,2825234,1.8,1.85,1,1486,-0.63,-0.63,3.54,6.64,1.25,-2.99,0.41,-20.61,-25.52,-12.18,-1,-1,-1,EEP,-1,-1,-1,-1,-1,-1,-1,-1.91,-2.86,-14.59,-25.52,-25.52,-1.91,-15.11,-16.27,-25.82,-10.17,-0.26,7.28,7.28,8.14,14,7.28,4.59,11.37,7.7,37.49,43.09,0.1,-4.59,-6.64,-29.22,-25.88,0.950411,38,,,,,,,0.1,-4.75,-2.23,-22.79,4.95,0.97885,33
21-10-2025,NSE:ALKYLAMINE,EQ,10688.35,29901,2.43,2.42,4,1909.3,0.49,3.58,1.64,-1.35,-8.84,-17.16,2.01,8.44,-21.99,-13.51,-1,-1,HVQ,HVQ,EEP,EEP,-1,-1,-1,-1,-1,-5.85,-18.69,-20.38,-20.38,-20.77,-5.85,-13.34,-6.72,-22.36,-27.45,-3.34,3.88,17.01,21.72,21.72,3.88,3.62,42.6,19.28,1.6,28.4,-9.99,-18.76,-5.04,-0.17,-22.35,0.950179,38,,,,,,,-9.99,-8.11,10.83,4.88,-24.21,0.983125,39
21-10-2025,NSE:JUBLINGREA,EQ,10813.6,404151,3.59,3.56,4,686.2,1.30,-3.88,3.31,6.78,1.8,-20.32,-1.49,-3.51,-13.86,29.58,EEP,EEP,-1,HV2Y,EEP,EEP,-1,-1,-1,-1,-1,-3.73,-16.24,-17.78,-20.14,-20.14,-3.73,-19.26,-1.07,-18.94,-17.33,-4.52,7.33,7.33,18.2,60.16,7.33,0,42.22,25.27,66.44,83.08,0.65,-21.92,-8.54,-12.12,-14.22,0.950092,38,,,,,,,0.65,-22.99,10.12,-3.67,-0.98,0.984616,41
21-10-2025,NSE:HONDAPOWER,EQ,2924.04,11145,2.18,2.15,3,2639.8,-0.94,-1.11,-3.16,-2.95,-9.63,-13.38,18.89,-1.5,-52.05,11.88,-1,-1,-1,HV2Q,HV2Y,HV2Y,-1,-1,-1,-1,-1,-7.93,-17.16,-17.16,-35.23,-39.27,-7.93,-9.19,-4.02,-50.74,-38.36,-7.66,0.16,30.68,40.56,40.56,0.16,6.69,59.37,14.01,23.32,84.74,-10.78,-14.98,11.84,-10.11,-52.41,0.949986,38,,,,,,,-10.78,-3.88,22.93,-26.82,-40.79,0.974807,28
21-10-2025,NSE:KPEL,EQ,2843.55,207778,3.57,3.59,6,422.3,1.16,4.3,5.66,5.53,-0.3,-27.43,3.69,-10.62,NA,NA,-1,-1,-1,-1,HV2Y,HV2Y,-1,-1,-1,-1,-1,-2.04,-22.56,-25.43,NA,NA,-2.04,-22.33,-4.97,-38.5,NA,NA,9.43,23.28,NA,NA,9.43,2.72,57.7,19.18,NA,NA,-1.45,-29.03,-3.36,-19.23,0,0.949979,38,,,,,,,-1.45,-27.52,18.9,-16.54,109.02,0.98756,45
21-10-2025,NSE:XPROINDIA,EQ,2622.71,33039,3.05,3,5,1105,1.67,1.43,-1.55,-2.09,-2.12,-9.04,-3.56,-18.33,-3.95,-0.25,-1,HV2Q,-1,-1,HVQ,HVQ,-1,-1,-1,-1,-1,-9.12,-12.83,-15.66,-32.39,-32.39,-9.12,-10.98,-10.68,-29.99,-20,-9.23,2.43,13.85,13.85,21.99,2.43,2.57,24.14,16.06,44.35,26.82,-3.27,-10.64,-10.61,-26.94,-4.31,0.949936,38,,,,,,,-3.27,-7.24,-0.5,-15.94,21.17,0.991132,49
21-10-2025,NSE:DEVYANI,EQ,22064,3108638,2.81,2.77,4,167.41,1.11,4.34,1.11,-1.51,-6.71,-5.38,-4.93,-10.11,-8.72,9.29,-1,-1,EEP,-1,HV2Y,HV2Y,-1,-1,-1,-1,-1,-5.42,-11.38,-11.38,-15.34,-24.45,-5.42,-5.43,-5.6,-20.72,-16.81,-17.86,9.11,9.11,19.15,19.15,4.53,16.43,25.57,25.03,24.68,23.1,-7.86,-6.98,-11.98,-18.72,-9.08,0.949895,38,,,,,,,-7.86,0.78,-5.1,-6.62,10.28,0.98852,46
21-10-2025,NSE:FRESHARA,SM,469.98,25824,3.43,3.57,5,169.9,2.23,2.94,-1.77,-6.03,-17.42,-6.15,0.53,-8.92,NA,NA,-1,-1,-1,HVQ,HVQ,-1,-1,-1,-1,-1,-1,-13.76,-18.51,-18.51,NA,NA,-13.76,-4.32,-10.14,-17.8,NA,NA,3.16,19.02,NA,NA,3.16,15.75,46.86,48.31,NA,NA,-18.57,-7.75,-6.52,-17.53,0,0.949818,38,,,,,,,-18.57,9.14,0.76,-11.18,109.02,0.990595,48
21-10-2025,NSE:LODHA,EQ,121531.76,1194004,2.53,2.52,4,1184.8,-0.07,3.61,3.36,2.49,-2.64,-22.27,-10.85,4.76,-3.23,12.85,-1,-1,-1,-1,-1,-1,-1,-1,-1,-1,-1,-2.27,-17.85,-21.85,-21.85,-25.71,-2.27,-17.46,-4.44,-11.9,-29.24,-23.31,6.45,6.45,12.28,18.01,6.45,4.09,37.29,24.46,12.4,21.83,-3.79,-23.87,-17.9,-3.85,-3.59,0.949771,38,,,,,,,-3.79,-19.59,3.81,12.4,0.63,0.991843,50
21-10-2025,NSE:UGROCAP,EQ,1973.17,390368,3.48,3.47,3,179.69,1.46,0.01,-4.61,7.99,6.16,1.6,-5.25,-21.19,-44.79,-44.49,-1,HVQ,-1,-1,-1,EEP,-1,-1,-1,-1,-1,-5.4,-5.4,-5.52,-28.1,-37.96,-5.4,-10.11,-19.1,-27.88,-24.81,-10.17,11.05,11.05,20.32,20.32,11.05,2.22,18.4,26.64,3.36,23.49,5.01,0,-12.3,-29.8,-45.15,0.949681,38,,,,,,,5.01,-5.32,-12.49,-16.82,-10.46,0.970616,23
21-10-2025,NSE:ABFRL,EQ,11244.76,11053305,2.79,2.74,5,83.65,0.75,4.2,-2.45,-1.63,-10.11,10.22,-8.58,-10.38,-37.13,3.87,-1,-1,-1,-1,-1,EEP,-1,-1,-1,-1,-1,-10.52,-10.52,-12.45,-25.03,-28.92,-10.52,0,-21.39,-22.82,-21.54,-2.53,14.79,15.43,15.43,25.01,4.38,26.4,3.63,14.59,37.98,71.42,-11.26,8.62,-15.63,-18.99,-37.49,0.949602,38,,,,,,,-11.26,18.01,-26.48,-3.33,-15.22,0.983221,39
21-10-2025,NSE:VGINFOTECH,SM,465.04,105200,3.79,3.69,3,159.2,0.38,-0.69,-7.51,-11.43,-19.54,-10.9,NA,NA,NA,NA,-1,-1,-1,-1,-1,-1,-1,-1,-1,-1,-1,-15.09,-20.89,NA,NA,NA,-15.09,-5.44,NA,NA,NA,NA,1.02,NA,NA,NA,1.02,18.31,NA,NA,NA,NA,-20.69,-12.5,0,0,0,0.949596,38,,,,,,,-20.69,6.77,94.47,-1.68,9.02,0.986898,44
21-10-2025,NSE:ICICIPRULI,EQ,87469.46,1282112,1.86,1.87,4,595.3,-0.24,-0.46,-1.38,1.03,-1.22,-6.65,-0.95,-9.42,-25.21,15.26,-1,-1,-1,-1,HV2Y,HV2Y,-1,-1,-1,-1,-1,-2.33,-6.46,-12.5,-22.53,-24.75,-2.33,-11.44,-6.68,-24.03,-17.65,-5.77,1.67,2.43,10.94,17.86,1.67,1.58,18.32,11.99,31.44,50.4,-2.37,-8.25,-8,-18.03,-25.57,0.949548,37,,,,,,,-2.37,-5.83,-0.18,-10.08,-5.41,0.978447,33
21-10-2025,NSE:ARE&M,EQ,18631.98,496983,1.7,1.74,6,996.9,0.98,-0.34,-0.98,0.47,-2.27,-0.61,-1.91,-7.49,-40.29,15.19,-1,-1,-1,EEP,EEP,EEP,-1,-1,-1,-1,-1,-1.16,-5.21,-8.49,-29.06,-41.87,-1.16,-3.06,-9.63,-39.55,-37.52,-18.45,7.15,7.15,7.15,33.21,1.96,9.58,6.42,7.18,43.19,86.89,-3.42,-2.21,-8.96,-16.1,-40.65,0.9495,37,,,,,,,-3.42,1.16,-6.82,-7.16,-21.5,0.973715,27
21-10-2025,NSE:RUSHIL,EQ,933.36,1956090,5.13,4.99,6,27.18,1.76,3.35,-1.55,-4.27,-17.03,0.29,9.9,-12.69,-24.54,-23.49,-1,-1,-1,HVQ,EEP,EEP,-1,-1,-1,-1,-1,-15.54,-18.06,-18.06,-26.82,-38.02,-15.54,-4.1,-13.11,-44.15,-30.15,-22.81,26.18,26.36,30.48,30.48,3.86,47.68,30.1,17.57,5.53,16.62,-18.18,-1.31,2.85,-21.3,-24.9,0.949463,37,,,,,,,-18.18,14.35,4.1,-26.75,-1.49,0.985775,43
21-10-2025,NSE:APCOTEXIND,EQ,2202.89,31058,3.08,3.03,6,359.55,0.59,1.11,-3.2,-7.19,-16.37,-9.57,8.04,-1.36,-16.91,-27.42,-1,-1,-1,-1,HV2Y,HV2Y,-1,-1,-1,-1,-1,-12.64,-15.92,-15.92,-15.92,-25.34,-12.64,-2.16,-2.98,-29.23,-24.74,-13.2,2.25,17.75,24.45,24.45,2.25,9.49,36.36,14.45,0.73,6.61,-17.52,-11.17,0.99,-9.97,-17.27,0.949438,37,,,,,,,-17.52,5.38,10.54,-11.9,-6.32,0.98643,43
21-10-2025,NSE:VIJAYA,EQ,10816.94,128968,2.72,2.7,6,999.65,-0.38,2.86,-0.07,-1.89,-5.83,-1.4,-14.46,-13.14,-4.52,35.54,-1,-1,EEP,HV2Q,EEP,EEP,-1,-1,-1,-1,-1,-4.99,-12.42,-12.42,-19.5,-19.5,-4.99,-7.31,-12.62,-7.86,-8.92,-2.82,2.94,12.17,12.17,65.41,2.94,13.39,13.74,50.47,87.14,72.88,-6.98,-3,-21.51,-21.75,-4.88,0.949249,37,,,,,,,-6.98,3.72,-18.41,-0.53,16.64,0.993374,52
21-10-2025,NSE:SHRIRAMPPS,EQ,1667.75,741259,3.12,3.09,5,90.06,0.92,1.41,-3.78,1.99,-8.41,-6.3,10.79,-9.66,-34.57,-39.74,-1,-1,-1,HV2Y,HV2Y,HV2Y,-1,-1,-1,-1,-1,-6.94,-10.34,-13.07,-23.87,-37.81,-6.94,-5.76,-7.6,-44.52,-31.81,-16.32,5.56,22.86,36.04,36.04,2.9,14.43,44.61,21.36,3.42,26.11,-9.56,-7.9,3.74,-18.27,-34.93,0.94884,37,,,,,,,-9.56,1.49,10.55,-24.61,-13.69,0.976964,30
21-10-2025,NSE:RAINBOW,EQ,14390.93,175099,2.36,2.4,6,1360,1.44,2.22,2.21,1.43,-4.33,-10.71,-6.15,-7.91,-6.72,7.79,-1,-1,-1,-1,HV2Q,EEP,-1,-1,-1,-1,-1,-3.81,-16.25,-16.25,-18.91,-18.91,-3.81,-12.62,-5.86,-13.92,-12.5,-7.63,3.47,3.47,9.71,23.63,3.47,0,21.47,30.64,33.4,31.93,-5.48,-12.31,-13.2,-16.52,-7.08,0.948832,37,,,,,,,-5.48,-6.58,-1.41,-3.33,10.12,0.988365,46
21-10-2025,NSE:TECHM,EQ,152517.85,1690261,2.01,2.03,6,1448.7,0.30,-1.33,0.68,2.62,-7.25,-6.56,4.98,-16.49,-14.61,8.97,-1,-1,-1,-1,-1,HV2Y,-1,-1,-1,-1,-1,-3.77,-6.76,-15.7,-19.36,-19.36,-3.77,-8.87,-10.4,-23.37,-6.05,-1.9,3.46,3.46,13.82,22.81,3.46,7.99,21.3,8.15,43.06,40.75,-8.4,-8.16,-2.07,-25.1,-14.97,0.94881,37,,,,,,,-8.4,0.18,5.31,-24.28,10.64,0.985686,42
21-10-2025,NSE:BALUFORGE,EQ,7407.03,298408,3.06,3.1,4,626.4,0.88,-1.16,-1.74,-0.61,-5.54,-4.7,4.89,-12.4,-27.66,NA,-1,-1,-1,HV2Y,EEP,EEP,-1,-1,-1,-1,-1,-7.17,-8.49,-17.89,-25.83,NA,-7.17,-7.06,-14.03,-30.26,-17.59,NA,9.22,22.37,43.8,NA,0.88,15.27,50.56,52.63,169.82,NA,-6.69,-6.3,-2.16,-21.01,-28.02,0.948739,37,,,,,,,-6.69,0.33,3.63,-19.86,-4.55,0.97845,33
21-10-2025,NSE:BFUTILITIE,EQ,2941.84,278777,3.75,3.72,6,780.55,0.30,-0.49,-2.83,-3.5,0.26,-3.72,-0.55,-10.85,-37.47,14.96,-1,HV2Y,HV2Q,HVQ,HVQ,HV2Y,-1,-1,-1,-1,-1,-8.99,-8.99,-8.99,-26.18,-29.82,-8.99,-8.62,-8.93,-29.43,-22.2,-3.52,10.16,13.83,33.15,33.15,0.32,9.87,38.11,33.89,44.73,79.48,-0.89,-5.32,-7.6,-19.46,-37.83,0.948681,37,,,,,,,-0.89,-4.45,-2.47,-11.92,-15,0.973256,26
21-10-2025,NSE:JCHAC,EQ,4791.03,17191,1.04,1.04,6,1726,0.41,0.14,-0.37,-0.21,-2.11,-1.4,-4.26,-0.81,-50.51,37.07,-1,-1,-1,-1,-1,EEP,-1,-1,-1,-1,-1,-1.62,-2.29,-4.89,-32.07,-33.56,-1.62,-2.89,-5.07,-30.73,-33.02,0,0.41,2.98,6.34,80.9,0.41,2.53,7.83,10.88,82.38,172.28,-3.26,-3,-11.31,-9.42,-50.87,0.948569,37,,,,,,,-3.26,0.24,-8.36,1.63,-40.28,0.971748,24
21-10-2025,NSE:EMIL,EQ,6035.94,3023802,3.53,3.49,6,147.28,-0.37,2.9,4.46,3.13,-7.21,6.4,-4.13,-7.29,-48.71,-46.22,-1,-1,HV2Y,EEP,EEP,EEP,-1,-1,-1,-1,-1,-9.86,-9.86,-9.86,-30.07,-39.33,-9.86,0,-13.83,-35.22,-34.9,-9.78,25.75,25.75,30.03,30.03,6.09,34.82,21.71,35.39,5.73,21.78,-8.36,4.8,-11.18,-15.9,-49.07,0.948481,37,,,,,,,-8.36,12.23,-16.77,-4.72,-29.58,0.975071,28
21-10-2025,NSE:KIRLOSIND,EQ,4405.52,6447,3.18,3.16,6,3916.9,0.80,-0.03,-2.09,0.44,-7.9,-16.75,17.7,-7.53,-35.17,-2.95,-1,-1,-1,HV2Y,-1,HV2Y,-1,-1,-1,-1,-1,-6.79,-13.25,-14.34,-24.67,-39.48,-6.79,-7.58,0,-46.9,-34.92,-18.19,6.23,36.76,36.76,36.76,1.4,20.87,59.66,3.29,9.82,38.05,-9.05,-18.35,10.65,-16.14,-35.53,0.948428,37,,,,,,,-9.05,-8.66,23.97,-32.33,-16.69,0.979739,34
21-10-2025,NSE:UCOBANK,EQ,38947.87,9102147,2.95,2.98,3,32.3,1.13,4.61,3.59,7.55,3.87,1.73,2.51,-32.94,-41.05,-70.59,-1,-1,-1,-1,HV2Q,HV2Y,-1,-1,-1,-1,-1,0,0,-5.75,-35.9,-47.73,0,-5.71,-28.77,-45.08,-37.22,-33.39,15.36,15.36,15.36,15.36,9.71,10.89,13.11,12.22,11.36,4.14,2.72,0.13,-4.54,-41.55,-41.41,0.948311,37,,,,,,,2.72,-2.68,-4.74,-38.04,2.92,0.972989,26
21-10-2025,NSE:SIGNPOST,EQ,1549.52,146284,4.06,3.97,5,248.3,4.61,3.12,-4.33,-8.14,-14.78,2.68,6.86,-55.74,4.41,NA,-1,-1,HVQ,HVQ,HV2Y,HV2Y,-1,-1,-1,-1,-1,-14.78,-16.57,-16.57,-36.35,NA,-14.78,-4.23,-37.18,-40.72,-13.88,NA,16.54,35.59,35.59,NA,4.61,52.68,31.96,7.51,79.08,NA,-15.93,1.08,-0.19,-64.35,4.05,0.948268,37,,,,,,,-15.93,14.75,-1.23,-68.89,47.64,1.01979,79
21-10-2025,NSE:VGUARD,EQ,16319.43,391373,2.71,2.67,4,364.15,-0.22,3.54,0.08,-0.78,-2.8,-11.19,1.14,-7.68,-20.75,15.69,-1,-1,-1,-1,-1,-1,-1,-1,-1,-1,-1,-3.02,-10.21,-10.21,-19.17,-30.53,-3.02,-7.69,-0.04,-31.32,-25.19,-16.11,4.54,4.54,17.68,18.96,4.54,6.23,30.85,16.34,35.39,51.83,-3.95,-12.79,-5.91,-16.29,-21.11,0.948233,37,,,,,,,-3.95,-8.62,5.56,-10.6,-3.12,0.9804,35
21-10-2025,NSE:KDDL,EQ,3237.17,14355,2.66,2.63,3,2580.7,2.44,-0.77,-2.85,-3.26,-1.67,-7.84,-13.65,-3.72,-14.21,2.05,-1,-1,-1,EEP,EEP,EEP,-1,-1,-1,-1,-1,-5.18,-10.75,-15.25,-21.41,-28.04,-5.18,-9.26,-15.25,-18.21,-25.36,-17.81,10.95,10.95,21.23,21.23,2.74,12.8,30.73,37.78,20.27,32.43,-2.82,-9.44,-20.7,-12.33,-14.57,0.948217,37,,,,,,,-2.82,-6.52,-10.92,7.06,-1.09,0.985406,42
21-10-2025,NSE:RAYMONDREL,EQ,4400.86,236980,3.78,3.93,0,622.65,1.54,6.71,1.41,5.37,-6.75,-26.72,NA,NA,NA,NA,-1,-1,-1,-1,-1,-1,-1,-1,-1,-1,-1,-7.39,-19.01,NA,NA,NA,-7.39,-31.42,NA,NA,NA,NA,8.57,NA,NA,NA,8.57,9.57,NA,NA,NA,NA,-7.9,-28.32,0,0,0,0.948083,37,,,,,,,-7.9,-19.17,94.47,-1.68,9.02,0.970032,22
21-10-2025,NSE:NIBE,EQ,1940.27,77450,4.08,4.12,3,1332.6,0.35,4.74,-4.84,-8,0.61,-22.79,-15.65,NA,NA,NA,-1,-1,-1,HV2Y,-1,-1,-1,-1,-1,-1,-1,-9.61,-24.03,-30.31,NA,NA,-9.61,-24.49,-14.42,NA,NA,NA,13.05,13.05,NA,NA,4.98,12.36,113.02,NA,NA,NA,-0.54,-24.39,-22.7,0,0,0.948058,37,,,,,,,-0.54,-24,0.28,98.32,9.02,0.979952,35
21-10-2025,NSE:RUSTOMJEE,EQ,7840.92,81913,3.4,3.51,4,574.25,-1.01,-6.65,-7.58,-2.67,-6.35,-9.64,7.27,-9.99,-25.08,-13.23,-1,-1,-1,-1,-1,-1,-1,-1,-1,-1,-1,-8.09,-12.69,-14.27,-22.17,-25.45,-8.09,-8.82,-6,-30.87,-18,-6.74,1.73,15.92,15.92,15.92,1.73,8.97,27.09,6.6,6.94,21.62,-7.5,-11.24,0.22,-18.6,-25.44,0.947767,37,,,,,,,-7.5,-3.55,9.89,-20.29,-4.71,0.979569,34
21-10-2025,NSE:WIPRO,EQ,268683.34,9103729,1.79,1.89,4,241.36,0.05,-2.93,-0.9,0.71,-6.02,-7.87,2.99,-19.34,-10.24,-3.88,-1,-1,-1,EEP,EEP,-1,-1,-1,-1,-1,-1,-4.91,-7.83,-10.62,-24.6,-24.6,-4.91,-5.25,-18.67,-26.85,-7.9,-7.16,2.38,2.38,3.08,10.47,2.38,7.04,11.19,0,31.85,21.79,-7.17,-9.47,-4.06,-27.95,-10.6,0.947678,36,,,,,,,-7.17,-2.21,4.53,-24.7,16.65,0.987961,45
21-10-2025,NSE:ORIENTELEC,EQ,4338.37,174940,1.93,1.91,3,206.19,0.55,1.99,3.58,5.28,1.23,-8,-9.16,-13.36,-14.19,1.84,-1,-1,-1,-1,HVQ,HV2Y,-1,-1,-1,-1,-1,-0.23,-7.32,-16.07,-19.99,-29.12,-0.23,-10.16,-9.35,-22.63,-19.65,-19.06,5.58,5.58,5.58,8.38,5.58,0.91,12.94,14.16,22.85,23.75,0.08,-9.6,-16.21,-21.97,-14.55,0.94767,36,,,,,,,0.08,-9.8,-6.61,-5.52,8.29,0.983758,40
21-10-2025,NSE:PRABHA,EQ,2979.06,37668,4.96,4.98,1,212.45,2.35,3.54,-3.06,-4.36,-3.33,-34.46,1.48,NA,NA,NA,-1,-1,-1,-1,-1,-1,-1,-1,-1,-1,-1,-6.69,-25.52,-30.94,NA,NA,-6.69,-28.64,-7.15,NA,NA,NA,3.67,26.35,NA,NA,3.67,0,75.02,NA,NA,NA,-4.48,-36.06,-5.57,0,0,0.947595,36,,,,,,,-4.48,-30.58,21.2,98.32,9.02,0.996515,55
21-10-2025,NSE:JAGRAN,EQ,1571.46,89479,1.23,1.27,3,71.84,1.04,0.75,-0.56,1.36,-0.17,-3.84,-6.65,-10.65,-27.26,-37.53,-1,-1,-1,EEP,EEP,HV2Y,-1,-1,-1,-1,-1,-0.55,-3.47,-13.55,-20.79,-43.68,-0.55,-3.76,-10.23,-28.89,-37.68,-28.33,1.5,4.88,8.54,8.54,1.5,1.74,12.71,15.76,1.48,6.86,-1.32,-5.44,-13.7,-19.26,-27.62,0.94757,36,,,,,,,-1.32,-4.13,-8.24,-5.43,-5.99,0.977728,31
21-10-2025,NSE:MANKIND,EQ,109868.05,399889,1.95,1.95,6,2445.6,-0.39,0.31,-1.44,-0.67,-8.79,-8.19,-5.48,-4.07,-10.87,9.59,-1,-1,-1,-1,-1,-1,-1,-1,-1,-1,-1,-5.75,-8.42,-9.3,-18.44,-18.44,-5.75,-1.33,-2.17,-13.97,-15.11,-2.91,0.61,6.93,13.97,22.87,0.41,16.34,23.31,29.6,27.88,36.22,-9.94,-9.79,-12.53,-12.68,-11.23,0.94746,36,,,,,,,-9.94,0.09,-3.02,-0.35,2.49,0.987016,44
21-10-2025,NSE:SUNDARMFIN,EQ,50774.46,86173,2.85,2.8,3,4546.7,0.56,2.66,2.64,6.18,-0.66,-14.96,-17.46,1.33,-8.8,18.79,-1,-1,-1,-1,HV2Q,HV2Q,-1,-1,-1,-1,-1,-2.53,-13.7,-15.03,-15.03,-15.32,-2.53,-13.13,-2.32,-0.54,-16.44,-7.87,6.59,6.59,14.57,22.89,6.59,6.31,21.23,41.66,27.33,40.39,-1.81,-16.56,-24.51,-7.28,-9.16,0.947364,36,,,,,,,-1.81,-14.66,-7.7,14.31,-1.24,0.989034,47
21-10-2025,NSE:KFINTECH,EQ,19810.22,969957,2.94,2.96,4,1127.3,0.60,1.43,6.87,5.76,-2,-13.03,-13.94,-11.05,1.58,41.44,EEP,EEP,-1,-1,HVQ,EEP,-1,-1,-1,-1,-1,-1.44,-12.09,-16.35,-29.2,-29.2,-1.44,-14.68,-5.45,-19.33,-21.38,-3.36,10.39,10.39,40.6,100.62,9.08,12.6,58.92,76.34,122.79,97.45,-3.15,-14.63,-20.99,-19.66,1.22,0.947283,36,,,,,,,-3.15,-11.27,-6.33,0.85,20.4,0.994129,53
21-10-2025,NSE:PRINCEPIPE,EQ,3703.8,270163,2.66,2.63,5,326.55,1.01,-0.2,-3.4,1.04,-2.05,-6.09,18.84,-22.39,-65.75,-89.76,-1,-1,-1,HV2Q,-1,-1,-1,-1,-1,-1,-1,-5.33,-7.73,-14.83,-39.5,-53.34,-5.33,-10.24,-13.04,-61.56,-44.79,-25.23,12.16,32.58,36.16,36.16,2.14,14.46,44.46,10.51,1.33,3.18,-3.2,-7.69,11.79,-31,-66.11,0.947216,36,,,,,,,-3.2,-4.42,17.97,-52.47,-26.41,0.968147,20
21-10-2025,NSE:SCODATUBES,EQ,1054.4,267918,3.96,3.94,0,161.29,2.50,0.2,-4.24,-3.42,-9.26,-24.44,NA,NA,NA,NA,-1,-1,-1,-1,-1,-1,-1,-1,-1,-1,-1,-10.5,-20.28,NA,NA,NA,-10.5,-17.08,NA,NA,NA,NA,3.26,NA,NA,NA,3.26,5.34,NA,NA,NA,NA,-10.41,-26.04,0,0,0,0.947206,36,,,,,,,-10.41,-14.35,94.47,-1.68,9.02,0.971785,24
21-10-2025,NSE:ANDHRAPAP,EQ,1564.35,310411,3.37,3.32,3,78.12,0.44,-0.1,-5.04,2.02,-0.84,-3.96,0.69,-15.14,-33.06,-33,-1,-1,HVY,-1,-1,-1,-1,-1,-1,-1,-1,-8.43,-8.43,-11.41,-26.09,-37.04,-8.43,-10.66,-9.62,-33.86,-28.27,-17.11,5.6,8.62,14.92,14.92,3.03,6.49,19.46,14.12,0.84,8.77,-1.99,-5.56,-6.36,-23.75,-33.42,0.947018,36,,,,,,,-1.99,-3.54,-1.06,-17.62,-6.54,0.974793,28
21-10-2025,NSE:NPST,EQ,4031.16,27635,3.65,3.6,5,1988.6,2.86,5.13,4.29,4.47,-3.7,5.83,-15.5,-13.97,-27.87,40.51,-1,-1,HV2Y,-1,-1,-1,-1,-1,-1,-1,-1,-1.08,-15.65,-15.65,-41.84,-43.39,-1.08,-12.53,-28.29,-34.61,-35.48,-27.61,8.92,8.92,30.64,87.03,5.41,12.95,23.02,50.89,162.01,193.97,-4.85,4.23,-22.55,-22.58,-28.23,0.946827,36,,,,,,,-4.85,8.73,-28.19,-0.35,-3.18,0.982657,38
21-10-2025,NSE:LINDEINDIA,EQ,54227.97,19049,1.7,1.69,6,6138,0.73,-0.7,-0.11,-1.03,-2.88,-8.98,-6.14,4.07,-37.7,9.28,-1,-1,-1,EEP,EEP,EEP,-1,-1,-1,-1,-1,-5.28,-7.25,-19.11,-26.91,-36.66,-5.28,-8.4,-11.85,-24.96,-39.24,-12.79,0.73,1.83,10.73,14.01,0.73,1.64,20.67,17.53,9.37,56.99,-4.03,-10.58,-13.19,-4.54,-38.06,0.94669,36,,,,,,,-4.03,-6.39,-2.93,7.94,-34.52,0.976028,30
21-10-2025,NSE:NCLIND,EQ,958.03,74510,2.8,2.78,3,199.87,1.61,-0.99,-3.51,1.36,-5.48,-17.18,-6.62,-0.98,-6.67,-19.1,-1,-1,EEP,-1,HVQ,HVQ,-1,-1,-1,-1,-1,-5.12,-14.59,-14.81,-14.81,-21.75,-5.12,-10.14,-0.17,-11.55,-20.99,-16.53,2.2,2.2,9.81,9.85,2.2,1.01,28.67,17.08,10.92,17.18,-6.63,-18.78,-13.67,-9.59,-7.03,0.946577,36,,,,,,,-6.63,-11.54,3.48,3.61,3.38,0.988167,45
21-10-2025,NSE:AJAXENGG,EQ,7733.9,105609,2.47,2.49,3,618.8,0.23,-2.25,-2.06,-10.29,-9.21,-12.21,-15.49,NA,NA,NA,-1,-1,-1,-1,-1,-1,-1,-1,-1,-1,-1,-9.33,-14.32,-16.64,NA,NA,-9.33,-6.42,-6.46,NA,NA,NA,0.23,5.1,NA,NA,0.23,13.38,19.4,NA,NA,NA,-10.36,-13.81,-22.54,0,0,0.946487,36,,,,,,,-10.36,-3.2,-8.45,98.32,9.02,0.981237,37
21-10-2025,NSE:BALMLAWRIE,EQ,3709.93,342688,1.99,2,6,200.71,0.65,-0.48,-3.27,-5.04,-7.75,-10.24,3.75,-2.57,-28.24,-18.28,-1,-1,-1,-1,-1,-1,-1,-1,-1,-1,-1,-6.54,-14.85,-14.85,-22.25,-36.02,-6.54,-8.25,-2.43,-34.31,-34.38,-17.95,0.9,5.41,34.62,34.62,0.9,5.22,48.41,29.58,4.31,24.74,-8.9,-11.84,-3.3,-11.18,-28.6,0.946463,36,,,,,,,-8.9,-2.78,7.16,-8.24,-16.02,0.978109,32
21-10-2025,NSE:AKZOINDIA,EQ,15425.87,36289,1.69,1.67,4,3370.7,0.60,0.51,1.09,2.36,-0.12,-9.5,-3.25,-11.08,-21.84,17.12,-1,-1,HV2Y,HVQ,EEP,EEP,-1,-1,-1,-1,-1,-0.79,-12.96,-12.96,-25.4,-25.4,-0.79,-12.85,-4.42,-22.98,-17.14,-5.35,2.42,8.75,8.75,47.43,2.42,5.82,19.08,24.21,63.77,79.63,-1.27,-11.1,-10.3,-19.69,-22.2,0.946443,36,,,,,,,-1.27,-9.83,0.18,-9.26,-0.67,0.979257,34
21-10-2025,NSE:SUNDRMFAST,EQ,21790.31,99919,2.56,2.52,5,981.45,0.67,-0.1,-2.43,0.19,-5.78,-3.09,6.73,-8.26,-50.74,-10.67,-1,-1,-1,-1,-1,-1,-1,-1,-1,-1,-1,-4.73,-6.99,-8.3,-30.79,-33.66,-4.73,-3,-6.35,-38.13,-28.18,0,5.9,7.02,15.66,15.66,1.64,12.02,19.23,7.87,6.39,45.64,-6.93,-4.69,-0.32,-16.87,-51.1,0.946188,36,,,,,,,-6.93,2.08,4,-17.76,-30.22,0.970025,22
21-10-2025,NSE:AUROPHARMA,EQ,65073.01,1353685,2.09,2.19,6,1100.5,0.10,-2.21,0.95,1,-1.7,-3.45,-7.92,-5.07,-34.67,7.44,-1,-1,-1,-1,-1,-1,-1,-1,-1,-1,-1,-3.19,-4.97,-12.51,-25.27,-29.88,-3.19,-6.05,-9.48,-24.32,-26.32,-5.57,7.66,7.66,7.66,11.12,2.77,9.49,8.25,12.93,16.75,49.64,-2.85,-5.05,-14.97,-13.68,-35.03,0.946157,36,,,,,,,-2.85,-2.18,-9.85,0.96,-19.15,0.975677,29
21-10-2025,NSE:OFSS,EQ,78502.84,179964,2.6,2.59,6,8620.5,0.41,-3.82,-8.26,1.94,-4.61,-2.33,5.08,-18.2,-34.24,16.49,-1,-1,HVY,-1,-1,EEP,-1,-1,-1,-1,-1,-7.63,-7.63,-11.43,-33.41,-33.41,-7.63,-2.66,-12.29,-36.79,-21.29,-5.77,4.11,7.84,18.18,20.68,2.59,8.91,20.93,12.19,58.19,79.65,-5.76,-3.93,-1.97,-26.81,-34.6,0.946096,36,,,,,,,-5.76,1.72,1.7,-26.2,-4.54,0.975532,29
21-10-2025,NSE:TTKPRESTIG,EQ,9072.94,37603,1.97,1.96,3,644.7,1.14,-0.11,1.29,1.44,-3.04,1.77,-0.89,-19.56,-35.76,-19.39,-1,-1,-1,-1,-1,-1,-1,-1,-1,-1,-1,-1.84,-5.46,-6.44,-29.83,-36.41,-1.84,-2.59,-20.9,-35.85,-23.98,-13.67,2.56,6.29,9.9,9.9,1.54,7.87,7.96,10.88,15.29,30.92,-4.19,0.17,-7.94,-28.17,-36.12,0.946092,35,,,,,,,-4.19,4.21,-8.24,-20.18,-4.53,0.975131,29
21-10-2025,NSE:WABAG,EQ,9718.19,206686,2.44,2.43,5,1435.2,1.83,2.49,1.96,1.18,-9.18,-5.76,0.6,-5.78,-24.41,53.65,-1,-1,-1,EEP,HVQ,EEP,-1,-1,-1,-1,-1,-8.02,-12.49,-12.95,-24.7,-24.7,-8.02,-4.45,-7.94,-25.15,-20.34,0,2.78,12.72,18.26,117.77,2.78,11.15,25.07,17.55,130.35,170.92,-10.33,-7.36,-6.45,-14.39,-24.77,0.94609,35,,,,,,,-10.33,2.68,0.48,-8.1,-8.59,0.980232,35
21-10-2025,NSE:NTPCGREEN,EQ,87667.53,5138955,1.61,1.64,5,100.55,0.57,1.79,2.01,3.41,-3.46,-8.93,-7.35,-22.25,NA,NA,-1,-1,-1,-1,-1,-1,-1,-1,-1,-1,-1,-3.16,-7.27,-13.8,NA,NA,-3.16,-7.27,-9.47,-27.37,NA,NA,3.53,3.53,NA,NA,3.53,3.37,25.78,23.95,NA,NA,-4.61,-10.53,-14.4,-30.86,0,0.946031,35,,,,,,,-4.61,-5.75,-4.08,-15.56,109.02,0.97778,31
21-10-2025,NSE:GSPL,EQ,17668.28,740077,2.78,2.8,6,311.85,0.22,-1.83,-3.75,2.73,-0.8,-5.71,-1.83,-12.54,-30.85,-12.87,-1,-1,-1,-1,EEP,EEP,-1,-1,-1,-1,-1,-4.15,-6.25,-11.24,-22.08,-32.27,-4.15,-7.27,-10.36,-31.03,-23.77,-11.37,7.57,7.57,16.43,16.43,2.8,8.43,23.07,18.56,26.45,47.02,-1.95,-7.31,-8.88,-21.15,-31.21,0.945638,35,,,,,,,-1.95,-5.33,-1.86,-12.2,-7.25,0.975335,29
21-10-2025,NSE:SATIN,EQ,1618.4,136872,2.38,2.36,3,146.92,0.91,0.88,-1.65,0.05,-0.05,-8.49,-11.08,-0.62,-30.98,-64.48,-1,-1,-1,-1,HVQ,HVQ,-1,-1,-1,-1,-1,-3.11,-7.42,-15.19,-23.78,-43.95,-3.11,-14.87,-7.98,-28.22,-43.99,-27.1,9.58,9.58,9.58,9.58,2.16,9.64,16.78,19.56,1.62,8.22,-1.2,-10.09,-18.13,-9.23,-31.34,0.945525,35,,,,,,,-1.2,-8.9,-7.91,7.74,-21.15,0.977499,31
21-10-2025,NSE:KMSUGAR,EQ,264.32,117734,2.99,2.98,4,27.86,0.83,-2.91,0.54,1.44,-2.76,-0.22,-5.49,-11.23,-36,-20.42,-1,-1,HVQ,-1,-1,HV2Y,-1,-1,-1,-1,-1,-4.36,-4.88,-9.28,-24.48,-42.27,-4.36,-2.25,-12.91,-30.65,-35.79,-21.49,6.58,8.87,8.87,8.87,2.84,9.53,9.11,12.26,11.88,36.79,-3.91,-1.82,-12.54,-19.84,-36.36,0.945508,35,,,,,,,-3.91,2.02,-10.8,-7.12,-13.25,0.974885,28
21-10-2025,NSE:JSFB,EQ,4850.43,184411,2.83,2.88,3,438.5,-1.70,-6.34,-9.62,-3.71,-5.18,-13.68,-15.48,11.13,-24.89,NA,-1,-1,-1,EEP,EEP,HV2Y,-1,-1,-1,-1,-1,-9.73,-11.65,-16.58,-18.44,NA,-9.73,-10.12,-5.17,-27.13,-47.07,NA,0,0,19.94,NA,0,2.16,36.35,38.51,5.85,NA,-6.33,-15.28,-22.53,2.52,-25.25,0.945465,35,,,,,,,-6.33,-8.55,-7.11,21.37,-31.51,0.985296,42
21-10-2025,NSE:AVONMORE,EQ,576.22,418618,3.55,3.52,5,18.16,1.85,1.43,-4.85,-2.48,-11.84,-1.87,-22.19,-28.08,15.29,45.83,-1,-1,-1,-1,HV2Q,HV2Y,-1,-1,-1,-1,-1,-8.42,-16.47,-22.29,-36.68,-36.68,-8.42,-6.58,-29.47,-22.63,-18.9,-6.59,4.91,4.91,40.62,124.24,1.85,17.33,13.29,85.24,187.22,89.95,-12.99,-3.47,-29.24,-36.69,14.93,0.945321,35,,,,,,,-12.99,8.45,-25.48,-6.5,42.88,1.016344,77
21-10-2025,NSE:PRAKASH,EQ,3024.69,741910,3.12,3.13,5,160.61,1.33,0.82,-1.81,-3.49,-4.42,-14.34,-12.51,-2.58,-6.21,-13.13,-1,-1,HV2Q,HVQ,HV2Y,HV2Y,-1,-1,-1,-1,-1,-7.19,-14.56,-14.56,-14.56,-30.59,-7.19,-10.78,-1.1,-21.91,-28.8,-26.28,2.62,2.75,15.91,22.32,2.47,7.16,32.53,30.41,25.48,29.92,-5.57,-15.94,-19.56,-11.19,-6.57,0.945104,35,,,,,,,-5.57,-9.96,-3.93,7.15,5.49,0.988781,47
21-10-2025,NSE:NIVABUPA,EQ,15204.97,2692672,2.29,2.3,6,75.71,1.68,-2.09,-5.31,-9.87,-8.82,-17.17,-2.52,-8.31,NA,NA,-1,-1,-1,EEP,HV2Y,HV2Y,-1,-1,-1,-1,-1,-8.98,-14.82,-18.02,NA,NA,-8.98,-9.46,-3.94,-22.38,NA,NA,1.68,1.68,NA,NA,1.68,3.44,25.23,9.57,NA,NA,-9.97,-18.77,-9.57,-16.92,0,0.945075,35,,,,,,,-9.97,-8.13,6.97,-7.32,109.02,0.98638,43
21-10-2025,NSE:IKIO,EQ,1773.59,332548,2.54,2.51,5,215.18,2.65,4.81,2.28,2.83,-6.01,2.85,-15.05,-4.59,-33.4,-34.35,-1,-1,HV2Y,EEP,EEP,-1,-1,-1,-1,-1,-1,-3.86,-8.09,-12.08,-26.54,-33.93,-3.86,-2.57,-28.63,-23.99,-33.01,-14.56,13.46,13.46,27.36,27.36,5.05,20.28,23.73,46.53,2.85,16.19,-7.16,1.25,-22.1,-13.2,-33.76,0.944904,35,,,,,,,-7.16,7.9,-23.96,7.41,-18.52,0.980858,36
21-10-2025,NSE:FDC,EQ,7904.43,193547,2.66,2.71,5,448.8,3.16,2.82,-1.5,0.1,-8.48,-8.51,4.13,-7.89,-25.74,3.77,-1,-1,-1,-1,-1,EEP,-1,-1,-1,-1,-1,-7.28,-8.5,-11.95,-18.62,-26.74,-7.28,-4.48,-4.45,-29.77,-20.97,-7.89,3.16,6.6,17.52,17.52,3.16,6.75,27.52,12.66,16.63,35.93,-9.63,-10.11,-2.92,-16.5,-26.1,0.944847,35,,,,,,,-9.63,-0.49,6.12,-14.22,-7.52,0.978948,34
21-10-2025,NSE:PFC,EQ,135221.67,4668676,1.94,1.95,6,398.45,0.13,0.11,-2.6,-2.01,-2.67,-5.36,-9.96,-9.27,-20.27,-6.45,-1,-1,-1,-1,EEP,EEP,-1,-1,-1,-1,-1,-3.5,-5.61,-8.23,-22.95,-30.17,-3.5,-5.07,-4.19,-21.6,-23.69,-16.02,4.94,4.94,9.37,10.22,0.5,7.74,15.23,20.27,20.44,32.56,-3.82,-6.96,-17.01,-17.88,-20.63,0.944795,35,,,,,,,-3.82,-3.08,-9.9,-1.05,-1.04,0.981197,36
21-10-2025,NSE:INDGN,EQ,14093.77,384600,2.57,2.52,6,554.7,-0.38,3.98,0.52,-3.3,-5.74,-1.22,-3.5,-15.4,-24.38,NA,-1,-1,-1,HVQ,HVQ,HVQ,-1,-1,-1,-1,-1,-4.32,-5.91,-10.49,-20.76,NA,-4.32,-0.51,-16.67,-21.65,-12.63,NA,4.14,4.31,10.07,NA,4.14,8.16,11.41,13.92,29.44,NA,-6.89,-2.82,-10.55,-24.01,-24.74,0.944769,35,,,,,,,-6.89,3.82,-7.78,-13.18,1.24,0.980038,35
21-10-2025,NSE:IRCTC,EQ,58952,691479,1.31,1.34,4,718,-0.42,1.93,0.15,2.54,-2.59,-7.31,-7.92,-6.3,-24.32,-25.36,-1,-1,-1,-1,-1,-1,-1,-1,-1,-1,-1,-1.25,-5.77,-11.25,-18.5,-36.23,-1.25,-6.29,-6.31,-23.3,-32.22,-20.73,3.76,3.76,7.01,7.01,2.61,6.45,14.83,15.49,2.19,4.07,-3.74,-8.91,-14.97,-14.91,-24.68,0.944466,35,,,,,,,-3.74,-5.06,-6.1,-0.18,-7.93,0.978928,33
21-10-2025,NSE:POLICYBZR,EQ,83088.83,1271025,3.1,3.03,4,1636.4,-0.41,-4.41,-7.86,-3.06,-10.58,-10.11,-3.52,-10.81,-4.16,42.56,-1,-1,-1,-1,-1,EEP,-1,-1,-1,-1,-1,-9.17,-14.85,-16.09,-26.15,-26.15,-9.17,-5.84,-7.6,-23.55,-18.17,-11.75,0,3.03,22.86,76.35,0,4.27,35.29,27.19,99.44,87.48,-11.73,-11.71,-10.57,-19.42,-4.52,0.94445,35,,,,,,,-11.73,-0.03,0.46,-8.72,15.02,0.990753,49
21-10-2025,NSE:PHANTOMFX,ST,402.45,20220,4.2,4.44,3,234.9,2.58,3.98,-1.11,-4.17,-7.43,-19.8,6.73,8.64,-44.93,-86.87,-1,-1,HVQ,HVQ,HVQ,HV2Y,-1,-1,-1,-1,-1,-6.49,-26.14,-26.14,-31.6,-58.18,-6.49,-20.66,-11.4,-49.5,-61.8,-39.39,6.77,7.68,41.76,41.76,6.77,1.9,69.82,32.23,4.56,3.5,-8.58,-21.4,-0.32,0.03,-45.29,0.94444,35,,,,,,,-8.58,-11.97,16.61,0.37,-49.62,0.975062,28
21-10-2025,NSE:AWFIS,EQ,4377.49,444898,3.31,3.31,3,618.25,0.92,6.86,4.93,7.8,-0.04,-4.34,-9.79,-14.96,-22.15,NA,-1,-1,-1,-1,HVQ,HVQ,-1,-1,-1,-1,-1,0,-2.7,-10.94,-22.02,NA,0,-6.91,-8.66,-24.57,-21.02,NA,10.69,10.69,10.69,NA,9.32,10.73,12.85,18.74,76.39,NA,-1.19,-5.94,-16.84,-23.57,-22.51,0.944365,35,,,,,,,-1.19,-4.76,-10.75,-6.39,2.77,0.979712,34
21-10-2025,NSE:RPOWER,EQ,19793.8,17556411,4.22,4.23,6,44.38,0.50,-1.62,-0.41,-1.15,-8.25,-43.13,1.83,7.17,0.99,41.08,HVQ,HVQ,-1,HVQ,HVQ,HV2Y,-1,-1,-1,-1,-1,-9.11,-29.47,-37.73,-37.73,-37.73,-9.11,-31.65,-10.87,-18.77,-23.19,-18.08,4.94,16.03,34.81,117.55,0.5,13.6,92.95,61.73,101.96,115.39,-9.4,-44.73,-5.22,-1.44,0.63,0.944349,35,,,,,,,-9.4,-32.68,25.88,3.76,2.37,0.997999,58
21-10-2025,NSE:SONACOMS,EQ,27107.03,4098135,2.93,2.92,1,461.95,0.16,1.98,10.37,12.25,5.57,-5.62,2.24,-26.14,-43.42,-28.57,-1,-1,HV2Y,EEP,EEP,EEP,-1,-1,-1,-1,-1,-1.41,-5.88,-15.24,-36.67,-38.42,-1.41,-11.12,-15.11,-39.8,-22.33,-11.68,13.99,13.99,13.99,13.99,13.99,1.84,20,11.07,3.7,16.1,4.42,-7.22,-4.81,-34.75,-43.78,0.944303,35,,,,,,,4.42,-12.31,1.91,-30.71,-4.68,0.970073,22
21-10-2025,NSE:BBL,EQ,3552.57,40639,3.7,3.67,1,3116.7,1.66,-1.17,-4.89,-2.11,-0.2,-4.76,1.14,-6.19,-60.2,7,-1,-1,-1,-1,-1,HV2Y,-1,-1,-1,-1,-1,-6.08,-6.08,-9.84,-36.09,-43.36,-6.08,-6.76,-5.55,-42.78,-39.85,-9.26,12.14,12.14,25.51,28.29,1.66,12.37,31.49,24.08,36.24,105.53,-1.35,-6.36,-5.91,-14.8,-60.56,0.944205,34,,,,,,,-1.35,-5.01,0.1,-9.1,-41.84,0.965848,18
21-10-2025,NSE:AFSL,EQ,1078.25,22734,1.83,1.81,3,206.28,2.61,2.53,2,0.62,-2.91,-5.55,12.66,-9.9,-78.42,-55.59,-1,-1,-1,HVQ,HV2Y,HV2Y,-1,-1,-1,-1,-1,-2.51,-8.62,-20.43,-49.88,-66.04,-2.51,-18.12,-16.02,-70.34,-62.67,-39.4,2.63,14.33,20.24,20.24,2.63,0.68,26.91,5.01,3.92,38.21,-4.06,-7.15,5.61,-18.51,-78.78,0.944143,34,,,,,,,-4.06,-3.03,11.73,-27.51,-53.33,0.962468,14
21-10-2025,NSE:NELCO,EQ,2066.21,124013,3.24,3.24,6,873.3,1.32,-0.3,-0.24,3.14,-4.27,0.22,-4.17,-31.16,-13.9,14.15,-1,-1,HV2Q,HVQ,HVQ,HV2Y,-1,-1,-1,-1,-1,-3.66,-4.17,-22.37,-40.34,-40.34,-3.66,-16.29,-26.56,-37.86,-21.75,-23,8.49,11.27,17.01,26.1,3.7,13.12,16.75,21.89,65.4,43.63,-5.42,-1.38,-11.22,-39.77,-14.26,0.944125,34,,,,,,,-5.42,3.84,-9.93,-27.6,22.18,0.987765,45
21-10-2025,NSE:CENTRALBK,EQ,34576.35,5956342,2.66,2.66,1,39.1,0.90,5.98,3.66,6.5,2.3,2.51,1.48,-33.61,-46.88,-53.32,-1,-1,-1,-1,HVQ,EEP,-1,-1,-1,-1,-1,0,0,-3.41,-35.91,-45.92,0,-5.63,-29.89,-40.17,-29.55,-22.55,13.33,14.49,15.48,15.48,7.98,10.72,12.58,13.76,11.46,6.16,1.15,0.91,-5.57,-42.22,-47.24,0.943943,34,,,,,,,1.15,-0.25,-6.58,-37.3,-0.91,0.970172,22
21-10-2025,NSE:WSI,EQ,478.48,116978,5.19,5.12,3,81.65,3.85,3.55,8.41,7.29,8.23,-10.84,14.42,-31.15,-72.12,-96.69,-1,-1,-1,-1,-1,HV2Y,-1,-1,-1,-1,-1,0,-9.83,-17.94,-41.85,-55.02,0,-24.69,-16.47,-59.94,-41.02,-22.58,13.58,26.04,26.04,26.04,13.43,4.23,39.7,5.5,2.38,13.2,7.08,-12.44,7.37,-39.76,-72.48,0.943932,34,,,,,,,7.08,-21.24,17.25,-54.91,-22.23,0.964915,17
21-10-2025,NSE:DHANUKA,EQ,7007.88,32650,2.93,2.89,3,1421.4,1.31,1.79,-6.28,-7.24,-9.51,-24,3.26,0.33,-9.8,27.41,-1,-1,-1,HV2Y,-1,EEP,-1,-1,-1,-1,-1,-8.15,-25.59,-25.59,-25.59,-25.59,-8.15,-18.51,-0.94,-25.54,-23.29,-15.49,1.98,13.46,27.57,50.14,1.98,0.71,58.19,23.4,49.65,64.85,-10.66,-25.6,-3.79,-8.28,-10.16,0.943911,34,,,,,,,-10.66,-13.69,16.46,-4.71,-1.14,0.987296,44
21-10-2025,NSE:STYRENIX,EQ,4445.65,33593,3.28,3.41,5,2569.3,6.07,9.77,5.57,8.19,1.71,-23.1,-12.11,-8.17,-1.74,41.65,-1,-1,-1,HVQ,EEP,EEP,-1,-1,-1,-1,-1,0,-18.69,-25.89,-25.89,-25.89,0,-23.07,-8.77,-5.85,-9.16,-7.3,10.82,10.82,10.82,96.98,10.82,0,36.33,24.16,113.07,100.4,0.56,-24.7,-19.16,-16.78,-2.1,0.943796,34,,,,,,,0.56,-25.7,3.4,1.84,14.97,0.99107,49
21-10-2025,NSE:TITAGARH,EQ,12864.71,1469616,2.51,2.48,5,881.35,-0.20,-0.2,-5.21,-0.37,-8.4,-6.35,9.76,-19.5,-28.55,-6.9,-1,-1,-1,EEP,HV2Y,EEP,-1,-1,-1,-1,-1,-5.63,-7.75,-8.55,-34.1,-52.61,-5.63,-0.87,-13.85,-52.96,-43.37,-39.08,13.55,28.24,30.54,30.54,1.67,23.09,38.84,17.8,27.84,37.53,-9.55,-7.95,2.71,-28.11,-28.91,0.943795,34,,,,,,,-9.55,1.42,9.62,-34.11,1.45,0.979247,34
21-10-2025,NSE:DANISH,SM,1732.86,34146,3.63,3.57,3,872.55,1.85,5.6,6.75,3.44,-1.11,-15.79,-12.15,-14.12,NA,NA,-1,-1,-1,-1,-1,-1,-1,-1,-1,-1,-1,-1.86,-13.15,-24.49,NA,NA,-1.86,-23.66,-12.57,-21.3,NA,NA,8.1,8.1,NA,NA,8.1,1.51,46.53,55.73,NA,NA,-2.26,-17.39,-19.2,-22.73,0,0.943694,34,,,,,,,-2.26,-14.99,-2.39,-3.43,109.02,0.981713,37
21-10-2025,NSE:HONAUT,EQ,32912.57,3544,1.79,1.78,6,36460,0.32,1.01,2.04,1.04,-2.07,-11.18,5.88,-11.68,-36.31,-3.74,-1,-1,HVQ,HVQ,-1,HV2Y,-1,-1,-1,-1,-1,-1.27,-10.32,-11.5,-29.45,-37.81,-1.27,-9.67,-2.62,-37.66,-30.55,-15.23,2.99,7.46,11.67,11.67,2.7,5.13,24.15,5.1,11.73,36.38,-3.22,-12.78,-1.17,-20.29,-36.67,0.94366,34,,,,,,,-3.22,-9.38,9.81,-20.34,-13.04,0.973398,26
21-10-2025,NSE:TATAMOTORS,EQ,260299.27,21094043,3.26,3.25,1,401.85,0.53,1.59,-4.87,-1.03,-6.28,-3.28,5.22,-16.34,-36.33,-36.95,-1,-1,-1,-1,-1,-1,-1,-1,-1,-1,-1,-7.34,-7.49,-9.61,-26.87,-42.71,-7.34,-1.67,-11.84,-45.7,-33.35,-21.9,5.04,5.04,14.81,14.81,2.81,11.64,18.58,8.81,7.22,5.66,-7.43,-4.88,-1.83,-24.95,-36.69,0.94361,34,,,,,,,-7.43,2.37,2.7,-24.43,-8.17,0.974501,27
21-10-2025,NSE:DVL,EQ,1254.06,87427,4.81,4.56,0,340.2,3.58,-5.29,-5.1,-6.14,-5.39,-2.59,-4.79,-5.7,-38.36,-29.41,HV2Y,HV2Y,HVQ,HVQ,HVQ,HVQ,-1,-1,-1,-1,-1,-7.93,-8.22,-9.8,-26.09,-34.66,-7.93,-3.26,-7.46,-31.53,-33.05,-12.36,14.89,14.89,14.89,14.89,14.89,7.43,17.41,19.93,16.96,53.1,-6.54,-4.19,-11.84,-14.31,-38.72,0.943361,34,,,,,,,-6.54,2.2,-7.68,-2.55,-21.88,0.974347,27
21-10-2025,NSE:HATSUN,EQ,20203.27,81081,2.23,2.27,3,905.9,2.33,4.04,0.01,-0.57,0.67,-7.43,-4.78,-14.78,-27.75,-24.65,-1,-1,-1,-1,-1,HV2Y,-1,-1,-1,-1,-1,-1.66,-5.9,-8.8,-22.96,-32.49,-1.66,-8.1,-4.87,-29.27,-22.52,-13.76,4.21,4.25,4.37,4.37,4.21,2.28,12.13,9.35,10.89,16.89,-0.48,-9.03,-11.83,-23.39,-28.11,0.943079,34,,,,,,,-0.48,-8.62,-3.06,-11.22,-2.29,0.97601,29
21-10-2025,NSE:BATAINDIA,EQ,15963.12,268717,2.36,2.34,6,1165.5,0.06,3.54,-4.51,0.78,-6.19,-3.79,-5.28,-12.22,-22.24,-21,-1,-1,HV2Y,-1,-1,-1,-1,-1,-1,-1,-1,-5.03,-8.52,-9.31,-20.44,-28.11,-5.03,-2.85,-14.53,-24.32,-19.32,-12.12,11.03,11.03,11.03,11.03,3.72,17.91,2.44,3.9,2.06,9.71,-7.34,-5.39,-12.33,-20.83,-22.6,0.943012,34,,,,,,,-7.34,1.8,-6.96,-8.28,0.09,0.980413,35
21-10-2025,NSE:SPMLINFRA,EQ,2032.75,438426,5.22,5.15,3,230.35,2.88,0.03,-2.98,-4.97,-22.57,-21.32,9.19,5.01,-11.89,52.03,-1,-1,HV2Y,HV2Q,EEP,EEP,-1,-1,-1,-1,-1,-15.48,-25.2,-25.2,-25.2,-25.2,-15.48,-8.32,-0.66,-29.58,-26.34,-13.23,5.83,42.84,60.77,136.38,5.83,20.32,95.04,45.99,124.53,164.49,-23.72,-22.92,2.14,-3.6,-12.25,0.942955,34,,,,,,,-23.72,0.57,19.62,-6.28,-8.78,0.990074,48
21-10-2025,NSE:MOL,EQ,2197.27,517962,2.44,2.42,5,81.76,1.82,2.62,-2.15,0.33,-5.17,-20.56,8.73,1.19,-40.03,3.13,-1,-1,-1,-1,EEP,EEP,-1,-1,-1,-1,-1,-5.48,-18.86,-19.84,-25.37,-28.59,-5.48,-15.69,-3.35,-34.82,-29.43,0,3.21,20.06,33.94,33.94,3.21,7.77,61.48,22.25,9.53,55.14,-6.32,-22.16,1.68,-7.42,-40.39,0.942948,34,,,,,,,-6.32,-15.09,18.77,-9.95,-32.69,0.974843,28
21-10-2025,NSE:GARFIBRES,EQ,8090.66,63783,3.01,2.96,3,783.5,2.38,4.28,4.3,1.68,-4.14,-17.47,-12.81,-1.93,-6.25,12.89,-1,-1,-1,-1,HV2Y,HV2Y,-1,-1,-1,-1,-1,-3.16,-18.5,-18.5,-19.62,-19.62,-3.16,-15.13,-2.67,-9.32,-18.07,-1.1,5.44,5.44,12.14,24.1,5.44,8.2,31.73,26.51,26.49,31.85,-5.29,-19.07,-19.86,-10.54,-6.61,0.942877,34,,,,,,,-5.29,-13.25,-1.56,7.97,4.78,0.988341,46
21-10-2025,NSE:HEIDELBERG,EQ,4846.8,167459,2.22,2.22,3,196.34,1.52,-0.11,-2.71,-1.78,-8.63,-9.08,-2.37,-7.74,-17.4,-9.91,-1,-1,-1,-1,-1,-1,-1,-1,-1,-1,-1,-8.81,-10.76,-10.77,-17.15,-17.45,-8.81,-3.07,-5.55,-15.5,-11.06,-3.09,1.52,4.63,5.65,5.65,1.52,9.28,15.24,8.15,10.01,19.86,-9.78,-10.68,-9.42,-16.35,-17.76,0.942671,34,,,,,,,-9.78,-0.87,0.62,-6.93,0.06,0.982359,38
21-10-2025,NSE:DENTALKART,SM,1054.48,20000,1.97,2.03,4,603,1.54,3.99,-1.06,-2.75,-4.88,-4.52,-10.8,-15.75,-12.35,11.91,-1,-1,-1,HVQ,HV2Y,HV2Y,-1,-1,-1,-1,-1,-4,-8.18,-8.61,-24.9,-24.9,-4,-3.69,-9.89,-16.78,-13.07,-2.64,4.15,4.15,6.81,40.02,4.15,6,11.64,24.02,62.08,57.31,-6.03,-6.12,-17.85,-24.36,-12.71,0.942532,34,,,,,,,-6.03,-0.11,-11.54,-6.15,11.96,0.985779,43
21-10-2025,NSE:IDEAFORGE,EQ,2312.06,492273,3.36,3.33,6,477.5,1.39,2.3,-3.13,-3.27,-12.12,-14.73,22.49,-19.86,-39.53,-48.68,-1,-1,HVQ,HV2Q,HV2Q,EEP,-1,-1,-1,-1,-1,-10.45,-12.38,-24.63,-28.01,-44.36,-10.45,-15.49,-13.52,-56.87,-33.3,-22.36,11.6,33.36,47.19,47.19,2.36,25.13,68.88,14.09,5.48,4.07,-13.27,-16.33,15.44,-28.47,-39.89,0.942525,33,,,,,,,-13.27,-2.79,26.92,-56.33,-7.39,0.981778,37
21-10-2025,NSE:EXPLEOSOL,EQ,1621.81,15221,2.48,2.45,5,1026.8,2.52,3.02,1.22,5.42,-1.19,-16.52,13.99,-29.86,-25.34,-31.94,-1,-1,HVQ,EEP,EEP,EEP,-1,-1,-1,-1,-1,-0.4,-16.91,-22.97,-33.02,-33.02,-0.4,-22.06,-10.25,-42.39,-13.01,-12.92,5.76,25.29,33.52,33.52,5.76,6.2,55.57,14.84,14.73,10.73,-2.34,-18.12,6.94,-38.47,-25.7,0.942208,33,,,,,,,-2.34,-15.61,20.65,-52.67,12.51,0.983883,40
21-10-2025,NSE:KCP,EQ,2617.23,179838,2.41,2.38,6,198.11,0.15,1.76,0.52,1.75,-2.56,-9.71,-7.66,-11.52,-16.98,-8.42,-1,-1,-1,-1,-1,HV2Y,-1,-1,-1,-1,-1,-2.51,-10.33,-12.74,-23.61,-26.98,-2.51,-8.03,-4.27,-21.39,-18.57,-14.58,2.81,3.92,15.35,26.43,2.81,3.49,26.56,24.19,41,47.89,-3.71,-11.31,-14.71,-20.13,-17.34,0.942108,33,,,,,,,-3.71,-7.43,-3.66,-5.27,4.13,0.981473,37
21-10-2025,NSE:PIXTRANS,EQ,1937.5,22016,1.93,1.91,5,1461.4,0.85,1.09,1.41,1.59,2.55,-6.58,-5.8,-40.39,-8.89,10.36,-1,-1,-1,-1,HV2Y,HV2Y,-1,-1,-1,-1,-1,-1.12,-7.3,-16.1,-46.15,-46.15,-1.12,-11.23,-27.51,-43.03,-24.4,-3.69,15.46,15.46,15.46,18.77,1.71,12.51,11.06,10.24,66.75,29.33,1.4,-8.18,-12.85,-49,-9.25,0.941915,33,,,,,,,1.4,-9.83,-4.79,-34.38,31.46,0.990929,49
21-10-2025,NSE:OIL,EQ,65812.55,2068273,2.08,2.14,4,406.6,-0.09,-1.84,-3.9,-2.62,0.63,-11.47,0.64,-15.79,-29.66,23.12,-1,-1,-1,HV2Q,-1,EEP,-1,-1,-1,-1,-1,-3.89,-10.32,-15.44,-23.77,-45.13,-3.89,-14.43,-6.31,-45.48,-36.46,-28.85,4.18,4.18,19.01,29.81,0.51,3.52,32.67,18.25,65.58,85.42,-0.52,-13.07,-6.41,-24.4,-30.02,0.941851,33,,,,,,,-0.52,-12.64,5.34,-18.21,-2.96,0.975068,28
21-10-2025,NSE:PRAXIS,BE,232.62,251681,2.65,4.26,2,12.68,4.36,2.76,1.5,8.6,0.79,0.47,22.32,-53.12,-97.65,-78.96,-1,-1,-1,-1,-1,-1,-1,-1,-1,-1,-1,-7.85,-10.07,-10.26,-52.3,-52.3,-7.85,-10.78,-33.66,-62.94,-29.69,-9.24,27.18,45.25,45.25,45.25,14.03,26.18,44.56,12.06,73.08,123.42,-0.36,-1.13,15.27,-61.73,-98.01,0.941774,33,,,,,,,-0.36,-0.78,16.42,-98.79,-20.06,0.962847,14
21-10-2025,NSE:ELECON,EQ,13957.68,519481,3.33,3.3,5,553.7,1.85,4.03,-11.91,-0.76,-12.24,-8.25,7.47,-8.03,-32.07,11.04,-1,-1,-1,-1,-1,EEP,-1,-1,-1,-1,-1,-10.64,-11.87,-21.51,-23.25,-24.28,-10.64,-5.88,-15.03,-29.94,-18.2,0,4.2,6.94,42.56,42.56,4.2,15.38,54.33,31.91,47.73,80.6,-13.39,-9.85,0.42,-16.64,-32.43,0.941639,33,,,,,,,-13.39,3.1,8.99,-18.43,-13.23,0.977251,31
21-10-2025,NSE:INSECTICID,EQ,2260.61,57360,2.65,2.62,4,724.95,0.21,0.89,-0.75,-3.75,-6.75,-38.95,-2.68,14.28,-15.85,22.24,-1,-1,-1,-1,EEP,EEP,-1,-1,-1,-1,-1,-7.23,-32.4,-32.4,-32.4,-32.4,-7.23,-27.83,0,-26.39,-38.55,-16.95,0.9,8.56,30,54.38,0.9,0.45,80.63,33.48,32.34,78.84,-7.9,-40.55,-9.73,5.67,-16.21,0.941546,33,,,,,,,-7.9,-30.62,20.57,14.83,-26.12,0.989426,47
21-10-2025,NSE:ACC,EQ,35135,195402,1.52,1.55,4,1848.9,0.98,-0.74,-0.47,2.23,-1.63,-7,-12.59,-7.52,-24.7,-42.59,-1,-1,-1,-1,-1,-1,-1,-1,-1,-1,-1,-1.95,-5.62,-10.52,-21.64,-33.31,-1.95,-6.12,-5.27,-22.51,-28.29,-16.84,3.71,3.71,3.71,3.71,2.28,5.41,9.36,14.47,6.91,1.03,-2.78,-8.6,-19.64,-16.13,-25.06,0.941511,33,,,,,,,-2.78,-5.74,-10.75,2.83,-6.96,0.978782,33
21-10-2025,NSE:IRFC,EQ,169655.34,8339883,1.92,1.95,3,125.2,0.10,0.54,-1.5,0.75,-3.59,-7.32,-5.68,-14.2,-20.42,-6.19,-1,-1,-1,HVQ,HVQ,EEP,-1,-1,-1,-1,-1,-2.6,-7.7,-14.81,-24.08,-42.44,-2.6,-8.49,-10.98,-35.72,-34.26,-30.69,6,7.54,12.66,12.66,2.7,9.8,20.91,19.06,15.07,21.34,-4.74,-8.92,-12.73,-22.81,-20.78,0.941306,33,,,,,,,-4.74,-4.07,-4,-9.74,3.58,0.979889,35
21-10-2025,NSE:ALLDIGI,EQ,1412.59,9658,3.61,3.56,6,896.65,2.30,0.47,0.71,-3.17,-3.04,-6.71,-7.42,-17.14,-16.78,20.88,-1,-1,-1,-1,-1,HV2Y,-1,-1,-1,-1,-1,-4.75,-16.25,-16.25,-18.84,-26.56,-4.75,-13.7,-10.53,-18.36,-13.97,-14.23,3.4,3.4,3.86,28.1,3.4,0.78,7.76,11.57,50.06,49.6,-4.19,-8.31,-14.47,-25.75,-17.14,0.941289,33,,,,,,,-4.19,-4.02,-6.2,-10.73,9.32,0.982005,37
21-10-2025,NSE:BFINVEST,EQ,1762.84,99814,3.13,3.18,4,484.5,0.58,2.24,0.89,5.77,3.54,-1.03,-8.79,-22.33,-40.08,-8.26,-1,-1,-1,-1,HVQ,HV2Y,-1,-1,-1,-1,-1,-0.1,-0.7,-12.16,-36.98,-36.98,-0.1,-6.4,-18.81,-31.44,-22.91,-2.98,7.93,7.93,17.58,17.58,7.19,4.11,18.8,27.92,18.85,36.09,2.39,-2.63,-15.84,-30.94,-40.44,0.941269,33,,,,,,,2.39,-5.2,-13.21,-14.13,-5.49,0.97113,23
21-10-2025,NSE:TRIVENI,EQ,7949.28,272605,2.53,2.51,5,355.85,-0.18,2.11,0.35,6.46,-1.19,-3.54,-14.39,-13.99,-22.96,6.25,-1,-1,-1,HVQ,EEP,EEP,-1,-1,-1,-1,-1,-0.18,-4.51,-21.17,-28.77,-29.88,-0.18,-8.34,-18.38,-19.79,-20.07,-13.78,8.64,8.64,8.64,16.54,6.91,9.94,5.62,16.68,32.85,43.29,-2.34,-5.14,-21.44,-22.6,-23.32,0.940967,33,,,,,,,-2.34,-2.78,-16.01,-1.34,1.16,0.979836,35
21-10-2025,NSE:EPIGRAL,EQ,7614.45,21325,2.31,2.31,5,1704.5,1.09,1.1,-1.13,0.17,-3.44,-4.96,-14.42,-2,-33.38,41.72,-1,-1,EEP,-1,EEP,EEP,-1,-1,-1,-1,-1,-2.81,-18.39,-18.39,-23.02,-27.29,-2.81,-15.58,-11.7,-16.81,-25.84,-3.03,2.73,2.73,9.6,75.84,2.73,1.55,15.04,37.85,79.35,134.53,-4.59,-6.56,-21.47,-10.61,-33.74,0.940889,33,,,,,,,-4.59,-1.93,-14.54,9.18,-21.74,0.977423,31
21-10-2025,NSE:PROSTARM,EQ,1230.48,1196053,4.17,4.18,2,181.29,3.26,-2.8,-9.14,-6.82,-14.4,-26.11,NA,NA,NA,NA,-1,-1,-1,-1,-1,-1,-1,-1,-1,-1,-1,-13.6,-24.34,NA,NA,NA,-13.6,-13.45,NA,NA,NA,NA,3.26,NA,NA,NA,3.26,58.17,NA,NA,NA,NA,-15.55,-27.71,0,0,0,0.940858,33,,,,,,,-15.55,-10.7,94.47,-1.68,9.02,0.970287,23
21-10-2025,NSE:RITES,EQ,13106.06,1379902,2.33,2.38,6,248.28,0.13,-0.52,-3.36,0.08,-9.74,-11.04,3.07,-8.89,-22.64,-40.5,-1,-1,-1,EEP,EEP,EEP,-1,-1,-1,-1,-1,-6.14,-9.76,-19.7,-19.7,-37.45,-6.14,-7.67,-10.83,-36.59,-32.6,-24.09,1.77,14.78,25.1,25.1,0.91,11.69,38.91,21.26,4.91,4,-10.89,-12.64,-3.98,-17.5,-23,0.940721,33,,,,,,,-10.89,-1.65,7.18,-14.01,-3.61,0.979765,34
21-10-2025,NSE:GODREJCP,EQ,126850.99,1416942,2.03,2.03,6,1133.8,-0.24,2.86,-1.68,-3.86,-9.27,-9.25,-8.61,-1.39,-20.04,-5.79,-1,-1,HV2Q,HV2Q,-1,EEP,-1,-1,-1,-1,-1,-7.99,-11.68,-12.75,-15.85,-25.25,-7.99,-4.24,-4.68,-18.81,-24.2,-10.27,2.94,2.94,14.5,14.5,2.94,6.02,25.09,24.35,8.4,17.05,-10.42,-10.85,-15.66,-10,-20.4,0.940628,33,,,,,,,-10.42,-0.44,-4.94,4.96,-9.37,0.982114,38
21-10-2025,NSE:NILKAMAL,EQ,2364.92,3644,1.63,1.67,3,1570.1,-0.27,-0.43,1.01,1.95,0.12,-10.27,-4.77,-16.72,-22.84,-27.61,-1,-1,-1,-1,-1,HV2Y,-1,-1,-1,-1,-1,-0.93,-13.16,-13.16,-20.71,-23.64,-0.93,-13.26,-6.29,-18.82,-15.39,-10.96,3.89,3.89,3.89,3.89,1.99,3.76,14.11,8.42,7.44,13.07,-1.03,-11.87,-11.82,-25.33,-23.2,0.940521,33,,,,,,,-1.03,-10.87,-0.54,-13.09,3.78,0.977885,32
21-10-2025,NSE:GNFC,EQ,7551.28,282094,1.82,1.81,6,499,0.27,1.7,0.44,0.9,-2.81,-9.53,-3.07,-10.45,-29.03,-29.15,-1,-1,-1,EEP,-1,HV2Y,-1,-1,-1,-1,-1,-1.52,-9.75,-12.29,-23.5,-34.82,-1.52,-9.83,-5.69,-27.88,-28.01,-15.9,1.73,7,7,7,1.73,2.96,17.2,9.69,5.74,7.66,-3.96,-11.13,-10.12,-19.06,-29.39,0.940437,33,,,,,,,-3.96,-7,0.37,-8.85,-7.8,0.975373,29
21-10-2025,NSE:SFL,EQ,7422.23,194644,2.65,2.64,5,678.85,1.68,1.33,1.61,1.36,-0.29,0.59,1.46,-40.3,-32.98,-58.51,-1,-1,-1,-1,-1,-1,-1,-1,-1,-1,-1,-1.53,-9.22,-10.55,-34.66,-37.78,-1.53,-10.29,-28.45,-35.62,-18.88,-23.11,3.12,8.89,8.89,8.89,3.12,3.24,8.25,2.91,22.09,3.5,-1.44,-1.01,-5.59,-48.91,-33.34,0.940415,33,,,,,,,-1.44,0.42,-4.66,-44.05,14.23,0.977214,31
21-10-2025,NSE:ELLEN,EQ,7465.36,269378,3.85,3.8,3,461.3,2.64,1.77,5.51,-3.89,-14.31,-26.83,NA,NA,NA,NA,-1,-1,-1,-1,-1,-1,-1,-1,-1,-1,-1,-11.07,-20.14,NA,NA,NA,-11.07,-14.02,NA,NA,NA,NA,6.25,NA,NA,NA,6.25,7.55,NA,NA,NA,NA,-15.46,-28.43,0,0,0,0.940394,32,,,,,,,-15.46,-11.41,94.47,-1.68,9.02,0.969648,22
21-10-2025,NSE:AURUM,EQ,1213.15,377276,4.9,4.87,4,180.54,-0.52,8.38,6.56,5.33,6.77,-19.59,-1.39,-29.74,-14.47,18.33,-1,HV2Y,EEP,EEP,EEP,EEP,-1,-1,-1,-1,-1,-0.52,-17.24,-17.24,-30.75,-30.75,-0.52,-22.85,-11.19,-29.79,-10.15,-14.59,12.51,12.51,18.71,38.82,12.51,1.85,41.96,21.9,80.11,58.91,5.62,-21.19,-8.44,-38.35,-14.83,0.940348,32,,,,,,,5.62,-28.73,9.69,-29.64,20.79,0.98571,42
21-10-2025,NSE:PNBHOUSING,EQ,22685.39,1877127,2.8,2.76,6,875.6,0.74,3.71,-1.64,0.63,0.7,-23.82,-13.63,-2.28,-9.58,10.08,-1,-1,-1,-1,-1,HV2Y,-1,-1,-1,-1,-1,-3.54,-19.42,-22.25,-22.25,-22.99,-3.54,-21.69,-3.73,-12.5,-21.23,-15.62,16.19,16.19,16.19,43.11,4.38,15.37,42.03,31.36,46.38,56.81,-0.45,-25.42,-20.68,-10.89,-9.94,0.940311,32,,,,,,,-0.45,-25.16,2.7,8.31,1.89,0.986282,43
21-10-2025,NSE:WANBURY,EQ,821.76,92044,4.22,4.12,3,235.15,2.75,-5.23,-7.57,-6.34,-6.42,-15.16,-13.04,-4.4,-6.34,32.06,-1,-1,-1,HVQ,HVQ,-1,-1,-1,-1,-1,-1,-8.27,-21.97,-24.79,-26.94,-26.94,-8.27,-16.96,-13.39,-17.41,-23.72,-11.13,2.75,2.75,46.7,85.38,2.75,4.16,68.94,65.83,93.54,97.12,-7.57,-16.76,-20.09,-13.01,-6.7,0.940234,32,,,,,,,-7.57,-8.67,-3.69,5.96,7.17,0.988076,45
21-10-2025,NSE:SOLARA,EQ,2461.74,120757,3.28,3.3,6,600.1,1.45,3.12,0.11,-2.92,-12.51,-12.42,13.05,-12.8,-31.06,42.53,-1,-1,HVY,HVY,-1,EEP,-1,-1,-1,-1,-1,-10.75,-13.9,-13.9,-29.6,-29.6,-10.75,-3.13,-2.66,-38.78,-20.59,-2.58,3.41,26.91,33.27,80.32,3.41,26.35,49.82,15.88,103.39,136.33,-13.66,-14.02,6,-21.41,-31.42,0.940203,32,,,,,,,-13.66,-0.39,17.13,-31.4,-7.17,0.978938,33
21-10-2025,NSE:BIRLAMONEY,EQ,1027.28,134460,3.06,2.99,3,163.54,1.79,0.51,-6.81,-4.36,-10.81,-8.11,2.82,-30.03,-4.29,32.4,-1,-1,HV2Q,HVQ,HV2Y,HV2Y,-1,-1,-1,-1,-1,-9.48,-14.96,-21.28,-44.52,-44.52,-9.48,-8.41,-17.22,-46.08,-27.86,-6.95,4.21,15.58,19.29,76.7,4.21,8.72,28.97,16.89,129.77,84.29,-11.96,-9.71,-4.23,-38.64,-4.65,0.940152,32,,,,,,,-11.96,1.97,4.58,-35.48,28.81,0.994742,54
21-10-2025,NSE:CAPITALSFB,EQ,1304.47,25306,2.14,2.12,5,277.2,0.40,1.41,-1.23,-0.32,-3.9,-17.19,-9.04,-9.04,-6.85,NA,-1,-1,EEP,EEP,-1,-1,-1,-1,-1,-1,-1,-3.75,-13.82,-14.67,-14.67,NA,-3.75,-11.34,0,-14.64,-33.64,NA,1.43,3.94,7.99,NA,1.43,2.91,26.55,17.74,11,NA,-5.05,-18.79,-16.09,-17.65,-7.21,0.940147,32,,,,,,,-5.05,-13.26,1.43,-1.68,11.02,0.986798,44
21-10-2025,NSE:DYNPRO,EQ,422.57,33995,4.23,4.14,5,318.75,2.59,1.58,-3.22,-7.44,-7.33,-11.69,8.97,-11.4,-37.79,18.93,-1,-1,HV2Y,HV2Y,-1,HV2Y,-1,-1,-1,-1,-1,-12.03,-20.93,-20.93,-33.37,-33.37,-12.03,-15.13,-3.21,-39.35,-25.77,0,3.46,20.1,24.54,25.1,3.46,20.73,39.09,13.36,39.36,72.37,-8.48,-13.29,1.92,-20.01,-38.15,0.939976,32,,,,,,,-8.48,-4.52,12.97,-24.06,-14.66,0.973703,26
21-10-2025,NSE:CANTABIL,EQ,2217.24,108608,2.93,2.89,5,247.1,1.71,2.49,-3.4,-2.1,-8.36,-12.16,-6.45,-15.92,-3.23,9.55,-1,-1,-1,HVQ,HV2Y,EEP,-1,-1,-1,-1,-1,-9.6,-10.03,-13.99,-25.09,-25.09,-9.6,-6.8,-15.98,-20.25,-6.92,-13.65,2.94,14.79,14.79,33.86,2.94,10.57,28.75,21.77,55.17,38.19,-9.51,-13.76,-13.5,-24.53,-3.59,0.939626,32,,,,,,,-9.51,-3.97,-0.44,-10.58,19.97,0.990464,48
21-10-2025,NSE:UTSSAV,SM,457.31,52164,5.76,6.13,0,200.35,0.98,2.57,19.37,9.83,5.79,-10.13,-19.64,-33.82,-3.79,NA,HVY,HVY,-1,-1,HV2Y,HV2Y,6.84,-1,-1,-1,-1,-2.65,-10.52,-25.55,-35.18,NA,-2.65,-21.83,-22.67,-22.45,-13.26,NA,24.02,24.02,32.24,NA,24.02,4.83,45.64,107.44,132.02,NA,4.64,-11.73,-26.69,-42.43,-4.15,0.939462,32,,,,,,,4.64,-17.36,-14.16,-13.53,31.46,0.992658,51
21-10-2025,NSE:DWARKESH,EQ,789.38,530551,3.25,3.21,3,44.25,1.05,1.15,2.58,8.02,4.2,-8.02,1.72,-15.64,-62.82,-83.28,-1,-1,HV2Q,EEP,-1,-1,-1,-1,-1,-1,-1,-1.75,-6.01,-14.06,-36.55,-45.97,-1.75,-14.85,-10.62,-44.63,-40.57,-16.32,13.9,17.09,23.02,23.02,8.72,9.11,32.89,20.91,8.27,10,3.05,-9.62,-5.33,-24.25,-63.18,0.939457,32,,,,,,,3.05,-13.22,3.49,-19.34,-31.79,0.962791,14
21-10-2025,NSE:PAGEIND,EQ,48731.28,22157,2.17,2.21,5,41585,-0.32,2.68,-0.26,1.2,-4.77,-12.37,-9.01,-10.48,-12.04,13.14,-1,-1,-1,-1,EEP,EEP,-1,-1,-1,-1,-1,-4.19,-14.79,-15.89,-15.89,-15.89,-4.19,-11.87,-5.48,-7.93,-6.69,0,2.76,2.76,4.59,25.13,2.76,0.13,17.53,14.01,38.24,40.2,-5.92,-13.97,-16.06,-19.09,-12.4,0.939452,32,,,,,,,-5.92,-7.71,-2.53,-3.03,7.6,0.983939,40
21-10-2025,NSE:ADVANIHOTR,EQ,557.4,56354,3.18,3.13,5,58.04,-0.10,-1.79,-1.14,-0.1,-3.81,-6.5,-8.01,-12.94,-23.64,-36.46,-1,-1,HV2Q,HVQ,HV2Y,HV2Y,-1,-1,-1,-1,-1,-4.37,-9.13,-9.13,-20.83,-33.67,-4.37,-5.67,-6.01,-22.34,-25.09,-17.99,3.55,3.55,7.52,7.52,0,7.49,14.51,16.14,8.33,9.81,-4.96,-8.1,-15.06,-21.55,-24,0.939434,32,,,,,,,-4.96,-3.05,-6.95,-6.24,-0.45,0.978335,32
21-10-2025,NSE:SOTL,EQ,2809.95,26911,2.14,2.14,4,400,1.41,1.47,0.16,1.03,-2.9,-0.51,1.71,-29.01,-38.43,-6.39,-1,-1,HV2Q,-1,HVQ,HV2Y,-1,-1,-1,-1,-1,-1.9,-6.51,-10.05,-33.28,-37.71,-1.9,-7.44,-23.26,-38.15,-19.64,-13.77,1.5,12.77,12.77,12.77,1.5,3.4,13.35,10.2,30.12,39.61,-4.05,-2.11,-5.34,-37.62,-38.79,0.939367,32,,,,,,,-4.05,1.86,-3.32,-32.94,1.72,0.973113,26
21-10-2025,NSE:CERA,EQ,8086.76,12559,2.22,2.19,4,6069,0.44,-0.36,-0.33,-1.47,-3.21,-13.81,4.38,-13.24,-31.33,-26.24,-1,-1,-1,EEP,EEP,EEP,-1,-1,-1,-1,-1,-3.7,-11.63,-13.96,-23.77,-41.76,-3.7,-11.18,-2.08,-44.31,-34.05,-23.51,1.71,14.26,19.41,19.41,1.71,0.94,35.9,14.18,3.65,20.21,-4.36,-15.41,-2.67,-21.85,-31.69,0.939336,32,,,,,,,-4.36,-10.73,10.45,-20.11,-6.96,0.974793,28
21-10-2025,NSE:SHK,EQ,3425.91,506284,3.41,3.34,5,225.85,1.07,3.61,-3.57,-2.18,-10.16,-13.05,6.27,-0.24,-44.7,7.22,-1,-1,HV2Q,HV2Q,EEP,EEP,-1,-1,-1,-1,-1,-8.99,-15.76,-15.76,-29.87,-31,-8.99,-7.2,0,-35.32,-30.83,-0.15,5.41,18.36,38.63,38.63,3.74,16.13,56.72,29.95,36.18,96.57,-11.31,-14.65,-0.78,-8.85,-45.06,0.939015,32,,,,,,,-11.31,-3.08,11.55,-8.62,-35.33,0.97221,25
21-10-2025,NSE:RALLIS,EQ,6511.79,628881,3.36,3.34,3,288.8,0.10,-0.31,-5.83,-7.77,-16.24,-25.5,15.1,-0.07,-27.44,14.49,-1,-1,-1,HV2Q,EEP,EEP,-1,-1,-1,-1,-1,-12.1,-24.21,-24.21,-24.21,-24.21,-12.1,-11.9,0,-33.38,-21.48,0,2.28,23.19,42.93,42.93,2.28,9.99,79.38,21.35,20.22,53.1,-17.39,-27.1,8.05,-8.68,-27.8,0.938996,32,,,,,,,-17.39,-8.43,26.82,-19.55,-18.33,0.983384,39
21-10-2025,NSE:HAVELLS,EQ,99876.35,841706,1.82,1.8,6,1484.1,-0.09,2.36,-1.23,-1.42,-7.19,-3.2,-12.17,-5,-30.67,10.17,-1,-1,-1,-1,-1,-1,-1,-1,-1,-1,-1,-6.15,-8.09,-8.55,-19.77,-28.73,-6.15,-1.49,-8,-20.06,-25.17,-6.87,2.42,2.42,5.47,8.91,2.42,8.6,8.85,18.31,20.38,49.82,-8.34,-4.8,-19.22,-13.61,-31.03,0.938985,32,,,,,,,-8.34,3.26,-14.22,4.71,-15.43,0.978304,32
21-10-2025,NSE:GIPCL,EQ,2918.84,312613,2.74,2.75,5,186,0.74,5.05,1.67,1.85,-0.97,-12.27,-5.49,-13.04,-23.05,-0.11,HVQ,HVQ,-1,-1,HVQ,EEP,-1,-1,-1,-1,-1,-2.27,-10.46,-15.75,-28.13,-29.5,-2.27,-14.93,-5.4,-24.18,-20.31,-13.25,7.3,7.3,19.68,19.69,7.3,5.6,34.37,26.26,35.3,47.28,-2.12,-13.87,-12.54,-21.65,-23.41,0.938933,32,,,,,,,-2.12,-11.65,0.51,-8.84,0.16,0.977506,31
21-10-2025,NSE:EPL,EQ,7035.6,508897,2.66,2.67,5,208.05,1.74,-0.1,-3.3,-0.81,-5.43,-11.94,4.55,-13.65,-30.4,8.27,-1,-1,-1,EEP,HV2Y,EEP,-1,-1,-1,-1,-1,-4.34,-12.58,-15.96,-27.12,-27.12,-4.34,-9.96,-9.36,-30.43,-17.17,0,1.74,9.94,14.74,19.29,1.74,0.62,28.43,9.52,35.58,55.56,-6.58,-13.54,-2.5,-22.26,-30.76,0.938914,31,,,,,,,-6.58,-6.64,9.2,-20.74,-5.72,0.97538,29
21-10-2025,NSE:GRINDWELL,EQ,17887.92,53560,2.46,2.49,5,1661.4,1.68,-0.71,-1.42,6.69,2.46,-7.99,-5,-10,-51.16,-34.93,-1,-1,-1,EEP,-1,EEP,-1,-1,-1,-1,-1,-2.1,-6.34,-9.9,-32.23,-43.7,-2.1,-10.41,-7.93,-36.25,-38.07,-14.9,13.18,13.18,18.16,18.16,7.17,10.4,27.61,24.07,1.36,32.52,1.31,-9.59,-12.05,-18.61,-51.52,0.938897,31,,,,,,,1.31,-11.17,-2.76,-6.44,-28.4,0.966788,18
21-10-2025,NSE:BRIGADE,EQ,22883.61,406923,2.73,2.72,4,980.85,0.18,6.72,5.55,9.49,4.43,-12.31,-5.4,-16,-34.86,0.72,-1,-1,-1,-1,-1,EEP,-1,-1,-1,-1,-1,0,-9.76,-23.25,-25.08,-31.46,0,-19.05,-13.8,-27.76,-20.5,-7.57,10.49,10.49,10.49,16.11,10.49,3.65,22.97,15.4,34.69,56.58,3.28,-13.91,-12.45,-24.61,-35.22,0.938674,31,,,,,,,3.28,-17.98,0.62,-11.74,-7.24,0.972044,24
21-10-2025,NSE:ACE,EQ,13674.32,619010,2.11,2.13,5,1117,0.40,3.06,3.33,3.65,-2.95,-1.84,-12.44,-16.58,-26.98,0.95,-1,-1,HV2Y,-1,-1,EEP,-1,-1,-1,-1,-1,-3.32,-3.32,-17.58,-28.39,-30.47,-3.32,-6.07,-16.06,-19.48,-18.93,-11.7,19.8,19.8,19.8,19.8,4.49,23.34,10.82,22.36,39.53,51.98,-4.1,-3.44,-19.49,-25.19,-27.34,0.938595,31,,,,,,,-4.1,0.62,-15.94,-5.36,0.1,0.977891,32
21-10-2025,NSE:NAUKRI,EQ,89335.29,1307436,2.36,2.35,6,1317,0.42,-0.4,-5.06,0.09,-4.49,-6.29,-5.6,-15.85,-24.26,18.19,-1,-1,-1,-1,EEP,EEP,-1,-1,-1,-1,-1,-7.1,-10.71,-14.2,-27.04,-27.04,-7.1,-9.25,-13.07,-22.96,-15.48,-2.5,0.59,0.59,3.3,31.11,0.59,4.2,9.79,9.08,55.92,67.24,-5.64,-7.89,-12.65,-24.46,-24.62,0.938505,31,,,,,,,-5.64,-2.18,-4.88,-11.39,1.76,0.977881,31
21-10-2025,NSE:SAFEENTP,SM,1070.74,106020,3.69,3.69,0,193.6,1.89,4.75,3.54,1.76,-18.8,-24.07,NA,NA,NA,NA,-1,-1,-1,-1,-1,-1,-1,-1,-1,-1,-1,-12.75,-17.14,NA,NA,NA,-12.75,-4.25,NA,NA,NA,NA,5.27,NA,NA,NA,5.27,45.06,NA,NA,NA,NA,-19.95,-25.67,0,0,0,0.938482,31,,,,,,,-19.95,-4.89,94.47,-1.68,9.02,0.972535,25
21-10-2025,NSE:POWERMECH,EQ,9301.51,95157,3.52,3.48,3,2690.9,1.50,-4.87,-0.52,0.29,-10.5,-19.41,-5.4,7.73,-24.7,3,-1,-1,-1,HV2Q,HV2Y,EEP,-1,-1,-1,-1,-1,-10.43,-16.42,-19.82,-19.82,-23.26,-10.43,-11.4,-4.26,-19.11,-29.19,-4.3,1.5,7.46,49.31,49.31,1.5,0.32,78.28,57.38,11.26,50.36,-11.65,-21.01,-12.45,-0.88,-25.06,0.938317,31,,,,,,,-11.65,-8.52,6.2,10.78,-26.12,0.980979,36
21-10-2025,NSE:PARKHOTELS,EQ,3371.31,542618,2.67,2.67,6,148.97,1.35,1.35,-1.95,2.02,-5.91,-7.48,-2.83,-31.04,-7.74,-36.64,-1,-1,-1,EEP,EEP,EEP,-1,-1,-1,-1,-1,-4.65,-7.41,-12.18,-27.2,-34.37,-4.65,-4.7,-19.36,-25.14,-14,-29.3,3.29,6.6,11.05,11.05,3.29,8.4,19.36,14.19,38.35,6.05,-7.06,-9.08,-9.88,-39.65,-8.1,0.938316,31,,,,,,,-7.06,-1.94,-1.2,-29.12,26.8,0.990121,48
21-10-2025,NSE:GAEL,EQ,5068.31,378078,2.69,2.67,3,107.34,3.57,5.22,1.69,2.06,-2.57,-2.5,-17.94,-7.86,-32.42,-67.64,-1,-1,-1,-1,EEP,EEP,-1,-1,-1,-1,-1,-2.4,-4.71,-16.41,-23.24,-47.87,-2.4,-3.92,-14.32,-13.97,-43.77,-30.97,5.5,5.5,6.09,6.09,5.5,7.67,8.74,25.12,5.52,17.19,-3.72,-4.1,-24.99,-16.47,-32.78,0.938289,31,,,,,,,-3.72,-0.39,-20.6,6.87,-13.75,0.97738,31
21-10-2025,NSE:WEL,EQ,2116.79,425470,5.92,5.78,4,147.92,-0.27,6.46,13.22,2.83,-6.92,-9.3,-17.3,-15.88,-0.86,76.29,-1,-1,HV2Q,HV2Q,HV2Y,HV2Y,-1,-1,-1,-1,-1,-7.43,-13.28,-19.53,-25.36,-25.36,-7.43,-12.98,-18.42,-12.45,-2.93,-6.23,18.07,18.07,19,348.11,18.07,22.89,7.03,45.26,455.98,383.91,-8.07,-10.9,-24.35,-24.49,-1.22,0.938268,31,,,,,,,-8.07,-2.69,-12.85,-0.47,21.98,0.99304,52
21-10-2025,NSE:HARSHA,EQ,3887.13,48562,2.22,2.21,5,389,0.71,1.54,-1.09,-3.19,-8.97,-5.21,-2.26,-10.6,-30.62,0.08,-1,-1,-1,HVY,EEP,EEP,-1,-1,-1,-1,-1,-7.78,-9.41,-11.08,-28.77,-35.11,-7.78,-1.28,-6.45,-30.35,-28.23,-15.24,1.57,9.06,9.06,9.06,1.57,9.7,14.73,10.24,17.39,38.64,-10.12,-6.81,-9.31,-19.21,-30.98,0.938141,31,,,,,,,-10.12,3,-2.73,-9.84,-9.07,0.976228,30
21-10-2025,NSE:GPTHEALTH,EQ,1230.82,189455,2.29,2.27,5,150.77,1.20,2.28,0.56,2.85,0.57,-11.01,-11.31,-17.32,-17.11,NA,-1,-1,HV2Q,HVQ,EEP,EEP,-1,-1,-1,-1,-1,-0.72,-17.68,-17.68,-19.83,NA,-0.72,-18.15,-7.1,-14.65,-11.86,NA,2.94,6.6,18.72,NA,2.94,5.99,31.79,32.14,33.65,NA,-0.58,-12.61,-18.36,-25.93,-17.47,0.938074,31,,,,,,,-0.58,-12.11,-5.8,-7.08,9.2,0.980698,36
21-10-2025,NSE:TASTYBITE,EQ,2399.21,1706,2.48,2.52,3,9158,1.27,3.79,1.47,3.34,-2.41,-19.13,6.05,-7.52,-39.96,-43.93,-1,-1,HV2Q,-1,HV2Y,HV2Y,-1,-1,-1,-1,-1,-1.62,-21.81,-21.81,-30.3,-37.76,-1.62,-19.92,-6.35,-41.52,-33.08,-12.89,3.94,3.94,17.63,17.63,3.94,1.92,40.13,10.51,5.69,37.14,-3.56,-20.73,-1,-16.13,-40.32,0.937614,31,,,,,,,-3.56,-16.78,15.61,-16.13,-21.14,0.972167,25
21-10-2025,NSE:COASTCORP,EQ,254.58,122697,4.56,4.52,3,37.34,0.24,2.89,4.85,8.11,-1.66,3.83,-6.24,-27.1,-47.36,-52.2,-1,-1,EEP,-1,HV2Y,HV2Y,-1,-1,-1,-1,-1,-1.32,-3.11,-12.35,-32.23,-39.39,-1.32,-1.58,-26.43,-35.61,-25.7,-13.86,22.15,22.15,22.15,22.15,13.32,24.17,5.49,16.54,9.56,27.02,-2.81,2.23,-13.29,-35.71,-47.72,0.937568,31,,,,,,,-2.81,4.94,-16,-21.32,-6.92,0.969761,22
21-10-2025,NSE:KCEIL,SM,290.93,122250,4.77,5.52,5,256.75,3.55,9.04,12.74,15.99,6.62,-31.86,11.08,-52.29,-6.41,-30.67,-1,-1,-1,-1,HVQ,HVQ,-1,-1,-1,-1,-1,-0.77,-31.31,-31.31,-35.63,-36.5,-0.77,-35.86,-14.24,-42.76,-3.29,-32.43,26.01,26.01,58.44,58.44,23.47,17.67,108.92,40.88,122.98,55.8,5.47,-33.46,4.03,-60.9,-6.77,0.937539,31,,,,,,,5.47,-41.67,27.04,-72.95,39.15,1.008108,70
21-10-2025,NSE:UBL,EQ,47545.33,167379,1.62,1.64,6,1797.9,0.38,2.1,0.44,0.17,0.11,-12.4,-24.08,-7.33,-12.83,3.95,-1,-1,-1,-1,-1,EEP,-1,-1,-1,-1,-1,-0.16,-11.69,-19.7,-19.7,-19.7,-0.16,-11.78,-9.74,-0.22,-11.52,-6.98,2.98,2.98,2.98,8.23,2.98,0.11,7.59,22.04,16.16,22.12,-1.04,-14,-31.13,-15.94,-13.19,0.937388,31,,,,,,,-1.04,-12.98,-15.92,11.82,3.89,0.985577,42
21-10-2025,NSE:SARLAPOLY,EQ,850.73,99776,3.57,3.63,3,92.8,1.74,2.11,-6.41,-3.74,-9.55,-32.33,-2.77,-6.06,4.6,28.39,-1,-1,-1,HVQ,HVQ,HV2Y,-1,-1,-1,-1,-1,-8.31,-23.95,-24.43,-27.4,-27.4,-8.31,-17.21,0,-25.39,-23.01,-22.03,3.78,3.78,32.1,83.4,3.78,3.88,74.8,35.76,94.51,74.96,-10.7,-33.93,-9.82,-14.67,4.24,0.937368,31,,,,,,,-10.7,-21.25,16.81,-4.88,19.07,0.995989,55
21-10-2025,NSE:SPECTRUM,EQ,2163.8,3457,5.05,4.98,1,1306,-1.28,-3.94,0.62,-3.12,-6.25,-15.54,-31.6,NA,NA,NA,-1,-1,-1,-1,-1,-1,-1,-1,-1,-1,-1,-8.67,-20.5,-26.34,NA,NA,-8.67,-16.18,-26.65,NA,NA,NA,0.62,0.62,NA,NA,0.62,1.71,5.45,NA,NA,NA,-7.4,-17.14,-38.65,0,0,0.937366,31,,,,,,,-7.4,-9.2,-19.43,98.32,9.02,0.969552,22
21-10-2025,NSE:ARTEMISMED,EQ,3323.87,165477,3.56,3.5,4,242.39,0.03,3.47,1.16,4.67,1.55,-0.83,-17.46,-31.5,-19.39,30.22,-1,-1,-1,-1,EEP,EEP,-1,-1,-1,-1,-1,-1.94,-2.81,-14.61,-28.81,-28.81,-1.94,-7.13,-23.46,-16.39,-6.39,-1.28,10.69,10.69,11.01,68.97,4.9,8.97,11.93,31.65,122.2,101.74,0.4,-2.43,-24.51,-40.11,-19.75,0.93733,31,,,,,,,0.4,-2.88,-22.02,-13.64,18.23,0.982493,38
21-10-2025,NSE:OMINFRAL,EQ,1067.05,309881,5.48,5.68,3,118.33,2.10,-1.87,-0.23,-11.35,6.79,-6.51,-7.56,-25.5,-44,-14.05,-1,HVY,-1,HVQ,HVQ,HV2Y,-1,-1,-1,-1,-1,-13.72,-13.72,-15.44,-33.72,-48.08,-13.72,-17.79,-19.26,-44.15,-34.84,-25.23,15.77,15.77,15.77,15.77,2.52,7.91,21.94,23.15,37,57.2,5.64,-8.11,-14.61,-34.11,-44.36,0.937163,30,,,,,,,5.64,-14.73,-6.52,-18.36,-5.72,0.968135,20
21-10-2025,NSE:NITCO,EQ,2610.17,264860,4.63,4.61,5,112.94,2.78,1.89,1.64,2.47,-1.1,-27.38,-9.87,-14.8,2.58,52.94,-1,-1,-1,-1,HV2Y,HV2Y,-1,-1,-1,-1,-1,-4.68,-20.3,-29.83,-29.83,-29.83,-4.68,-29.06,-10.62,-15.71,-11.92,0,5.37,5.37,16.79,111.89,5.37,0.57,48.77,76.21,190.07,146.15,-2.25,-28.98,-16.92,-23.41,2.22,0.937154,30,,,,,,,-2.25,-26.45,8.21,-6.17,24.16,0.993989,53
21-10-2025,NSE:GATEWAY,EQ,3257.18,901072,2.23,2.21,3,63.5,1.86,4.76,0.98,2.82,-2.55,-2.88,-2.27,-23.75,-36.82,-72.05,-1,-1,-1,-1,HV2Y,HV2Y,-1,-1,-1,-1,-1,-0.73,-10.93,-10.93,-29.71,-43.88,-0.73,-8.65,-19.32,-41.98,-31.07,-23.79,4.99,7.83,9.22,9.22,4.99,3.58,12.37,11.7,3.11,0,-3.7,-4.48,-9.32,-32.36,-37.18,0.937017,30,,,,,,,-3.7,-0.78,-4.93,-22.68,-1.54,0.972287,25
21-10-2025,NSE:TTKHLTCARE,EQ,1661.73,2977,2.77,2.76,5,1192.6,1.59,5.64,1.61,4.75,0.95,-10.41,-4.7,-11.81,-40.94,-24.13,-1,-1,-1,-1,-1,HV2Y,-1,-1,-1,-1,-1,0,-11.87,-12.75,-28.2,-35.29,0,-13.58,-3.67,-32.25,-27.65,-8.8,6.47,6.47,7.98,7.98,5.98,5.46,19.22,13.06,0.77,20.58,-0.2,-12.01,-11.75,-20.42,-41.3,0.936985,30,,,,,,,-0.2,-11.93,-0.36,-8.47,-17.03,0.969673,22
21-10-2025,NSE:BANARISUG,EQ,4576.99,1644,2.59,2.65,0,3384.6,-0.45,-0.7,2.4,-7.86,-7.85,-10.84,-12.36,-8.48,-11.9,28.43,-1,-1,-1,HV2Q,HV2Y,HVQ,-1,-1,-1,-1,-1,-7.98,-10.96,-21.68,-21.68,-21.68,-7.98,-7.11,-13.2,-2.4,-5.77,-2.81,3.51,3.51,4.13,50.6,3.51,0.39,15.42,23.99,63.37,68.51,-9,-12.44,-19.41,-17.09,-12.26,0.936791,30,,,,,,,-9,-3.23,-6.9,1.77,5.87,0.984783,41
21-10-2025,NSE:SCILAL,EQ,2406.32,487360,2.7,2.68,4,49.72,0.61,2.49,-0.88,1.87,-3.86,-6.52,-1.29,-15.95,-37.41,NA,-1,-1,-1,HV2Q,HVQ,HV2Y,-1,-1,-1,-1,-1,-3.96,-6.82,-11.55,-31.34,NA,-3.96,-4.65,-13.51,-51.23,-44.17,NA,2.56,10,13.28,NA,2.56,5.97,20.67,14.74,59.25,NA,-5.01,-8.12,-8.34,-24.56,-37.77,0.936688,30,,,,,,,-5.01,-3.02,-0.62,-16.16,-9.49,0.971605,24
21-10-2025,NSE:JBMA,EQ,17155.29,2278292,2.73,2.8,6,655.35,0.27,2.64,-2.08,-3.56,-10.72,1.79,-7.12,-15.13,-33.3,-57.68,-1,-1,HV2Y,EEP,EEP,EEP,-1,-1,-1,-1,-1,-11.64,-11.64,-11.64,-25.95,-44.97,-11.64,-1.51,-19.7,-33.28,-36.64,-26.64,10.49,10.49,32.89,32.89,2.71,22.33,30.52,42.35,7.94,2.23,-11.87,0.19,-14.17,-23.74,-33.66,0.936669,30,,,,,,,-11.87,10.83,-14.6,-9.16,-6.77,0.977839,31
21-10-2025,NSE:SUNTV,EQ,22049.03,587825,3.35,3.47,3,567.5,0.51,-0.61,-2.86,7.1,1.76,-4.26,-15.03,-15.05,-36.83,-6.89,-1,HV2Y,-1,-1,-1,-1,-1,-1,-1,-1,-1,-5.87,-5.87,-13.81,-26.73,-38.1,-5.87,-7.07,-13.74,-28.8,-28.79,-15.31,8.42,8.42,8.42,8.42,8.42,2.58,5.48,16.37,13.62,35.13,0.61,-5.86,-22.08,-23.66,-37.19,0.936615,30,,,,,,,0.61,-6.59,-15.86,-1.7,-9.91,0.972502,25
21-10-2025,NSE:LTTS,EQ,46206.81,57726,2.22,2.22,5,4204.9,0.12,1.24,-2.31,5.18,-3.34,-3.88,-4.67,-24.72,-27.4,-32.5,-1,-1,-1,-1,EEP,EEP,-1,-1,-1,-1,-1,-2.6,-4.27,-8.29,-25.12,-27.86,-2.6,-1.5,-22.21,-24.25,-10.03,-8.1,5.46,5.46,5.46,5.46,5.46,6.05,6.97,7.78,20.31,22.89,-4.49,-5.48,-11.72,-33.33,-27.76,0.936462,30,,,,,,,-4.49,-0.98,-6.29,-20.84,6.87,0.976622,30
21-10-2025,NSE:INNOVACAP,EQ,4915.62,35355,2.96,2.92,4,802.2,0.59,-4.87,-4.11,-3.27,-7.34,-12.75,-12.77,-29.85,8.1,32.03,-1,-1,-1,HVQ,EEP,EEP,-1,-1,-1,-1,-1,-8.04,-14.18,-15.15,-35.31,-35.31,-8.04,-7.88,-15.38,-27.04,-16,-8.5,0.59,0.59,16.77,78.45,0.59,1.99,31.65,62.28,131.71,64,-8.49,-14.35,-19.82,-38.46,7.74,0.936456,30,,,,,,,-8.49,-5.49,-5.55,-16.82,38.24,1.00245,64
21-10-2025,NSE:PIIND,EQ,56742.58,217769,2.26,2.24,6,3527.1,-0.20,-0.79,-1.58,0.99,-5.79,-18.32,-4.89,1.32,-30.08,3.51,-1,-1,-1,HVQ,HVQ,-1,-1,-1,-1,-1,-1,-3.86,-18.43,-18.43,-24.87,-25.45,-3.86,-13.71,-1.55,-21.81,-26.44,-3.03,1.13,1.13,18.08,18.08,1.13,1.83,39.7,23.85,6.57,40.49,-6.94,-19.92,-11.94,-7.29,-30.44,0.936124,30,,,,,,,-6.94,-12.3,5.82,4.24,-22.8,0.976146,30
21-10-2025,NSE:PYRAMID,EQ,613.64,31024,3.57,3.54,4,160.9,0.87,2.52,-2.47,2.82,-3.34,-7.84,-5.05,-16.92,-28.12,2.05,-1,-1,-1,HVQ,HV2Y,HV2Y,-1,-1,-1,-1,-1,-3.1,-8.6,-12.6,-33.61,-33.61,-3.1,-9.67,-8,-30.26,-22.38,0,4.91,4.91,18.22,18.22,2.9,8.42,27.49,24.19,36.62,49.7,-4.49,-9.44,-12.1,-25.53,-28.48,0.936103,30,,,,,,,-4.49,-4.81,-2.94,-12.99,-0.55,0.97525,29
21-10-2025,NSE:TIRUMALCHM,EQ,3297.92,290846,3.04,3.01,6,280.25,1.16,1.96,-0.82,-0.37,-15.88,-10.28,-1.09,-9.67,-13.68,22.98,-1,-1,-1,HVQ,HV2Q,HV2Y,-1,-1,-1,-1,-1,-12.91,-13.7,-13.7,-27.39,-27.39,-12.91,0,-0.9,-26.6,-20.37,-9.69,2,17.54,31.85,34.25,2,15.59,45.39,33.28,47.23,52.62,-17.03,-11.88,-8.14,-18.28,-14.04,0.936098,30,,,,,,,-17.03,4.37,2.8,-10.17,5.36,0.985274,42
21-10-2025,NSE:HSCL,EQ,23102.28,1621095,3.13,3.13,3,467.85,1.71,0.38,1.31,4.33,0.17,-9.05,-2.81,-16.13,-41.09,24.58,-1,-1,HV2Y,HV2Y,EEP,EEP,-1,-1,-1,-1,-1,-0.86,-9.13,-9.65,-24.94,-29.92,-0.86,-9.8,-5.54,-27.95,-18.62,-1.12,6.2,12.91,17.37,63.41,6.2,6.14,28,20.67,89.77,130.56,-0.98,-10.65,-9.86,-24.74,-41.45,0.936013,30,,,,,,,-0.98,-9.7,0.19,-14.63,-12.48,0.969284,21
21-10-2025,NSE:SIMPLEXINF,EQ,2431,89049,4.09,3.98,3,275.7,2.24,4.48,-0.15,-2.21,-10.99,-12.86,-15.25,-18.01,6.18,68.77,-1,-1,HV2Q,HVQ,HVQ,HV2Y,-1,-1,-1,-1,-1,-10.94,-13.65,-13.65,-19.21,-19.21,-10.94,-4.17,-5.15,-6.89,-4.66,0,5.15,8.46,22.01,229.78,5.15,20.38,36.86,143.51,291.75,211.45,-12.14,-14.46,-22.3,-26.62,5.82,0.935952,30,,,,,,,-12.14,-2.14,-7.65,-4.07,29.52,0.998592,59
21-10-2025,NSE:DBREALTY,EQ,9484.61,947393,3.36,3.32,6,152.34,0.11,-1.01,-4.72,-6.2,-15.12,-27.52,-5.97,6.3,-6.18,-46.17,-1,-1,-1,HV2Y,HVQ,HV2Y,-1,-1,-1,-1,-1,-15.24,-22.24,-29.26,-29.26,-37.85,-15.24,-18.56,-9.79,-13.34,-41.77,-34.01,0.3,5.79,49.6,49.6,0.3,4.73,90.78,58.53,9.21,13.54,-16.27,-29.12,-13.02,-2.31,-6.54,0.935756,30,,,,,,,-16.27,-11.24,11.37,9.89,-4.29,0.989447,47
21-10-2025,NSE:DHAMPURSUG,EQ,907.04,205738,2.69,2.66,2,138.69,1.12,0.89,-0.24,3.06,-1.76,-9.28,3.55,-15.23,-52.49,-78.64,-1,-1,HV2Q,-1,EEP,EEP,-1,-1,-1,-1,-1,-3.19,-6.5,-13.23,-33.33,-45.13,-3.19,-10.01,-7.88,-41.47,-39.51,-19.95,11.86,17.12,20.13,20.13,4.18,13.82,31.28,15.86,17.45,8,-2.91,-10.88,-3.5,-23.84,-52.85,0.935637,30,,,,,,,-2.91,-7.85,6.21,-21.16,-23.32,0.965932,18
21-10-2025,NSE:BAJAJHFL,EQ,95613.54,4386430,1.47,1.47,3,110.7,1.51,3.13,-0.36,-0.82,-3.5,-9.66,-18.48,-2.72,-26.96,NA,-1,-1,-1,-1,-1,-1,-1,-1,-1,-1,-1,-2.24,-9.46,-16.33,-24.53,NA,-2.24,-7.12,-8.25,-27.74,-37.35,NA,3.24,3.24,4.69,NA,3.24,5.55,14.8,24.04,1.42,NA,-4.65,-11.26,-25.53,-11.33,-27.32,0.935438,30,,,,,,,-4.65,-6.4,-13.58,11.62,-14.58,0.978952,34
21-10-2025,NSE:OSWALAGRO,EQ,1022.87,138608,3.74,3.74,6,71.37,-0.01,2.14,-4.99,2.23,-5.88,-16.13,-42.62,10.1,-9.51,37.44,-1,-1,-1,HVQ,HVQ,HVQ,-1,-1,-1,-1,-1,-5.83,-17.66,-31.3,-31.3,-31.3,-5.83,-19.06,-20.22,0,-30.26,-15.04,2.28,2.28,23.41,101.9,2.28,3.13,43.32,140.87,81.5,121.1,-7.03,-17.73,-49.67,1.49,-9.87,0.935434,30,,,,,,,-7.03,-10.13,-28.35,35.29,-12.8,1.001213,62
21-10-2025,NSE:MOBIKWIK,EQ,2300.02,8502356,4.8,4.8,5,270.6,1.98,2.11,-4.67,6.62,-8.57,2.07,-2.94,-74.74,NA,NA,-1,-1,HVQ,HVQ,HV2Y,HV2Y,-1,-1,-1,-1,-1,-8.08,-16.81,-16.81,NA,NA,-8.08,-9.68,-44.7,-56.38,NA,NA,23.06,23.06,NA,NA,8.21,33.61,14.72,12.18,NA,NA,-9.72,0.47,-9.99,-83.35,0,0.935415,30,,,,,,,-9.72,9.34,-10.64,-71.43,109.02,0.961154,13
21-10-2025,NSE:EQUITASBNK,EQ,6411.16,3111869,2.41,2.41,6,58.7,0.62,5.84,1.74,3.02,4.09,-7.31,-16.24,-25.89,-22.71,-73.25,-1,-1,-1,EEP,-1,-1,-1,-1,-1,-1,-1,0,-6.44,-17.67,-20.57,-45.29,0,-18.68,-13.81,-24.28,-31.12,-32.86,16.77,16.77,16.77,16.77,6.23,12,14.71,24.26,18.7,0,2.94,-8.91,-23.29,-34.5,-23.07,0.935292,29,,,,,,,2.94,-12.34,-13.85,-9.99,11.55,0.978178,32
21-10-2025,NSE:EFFWA,ST,534.7,22832,4.56,4.47,4,210.45,-0.64,-2.16,-5.01,-4.02,-9.69,-9.29,-16.42,-4.87,-14.04,NA,-1,-1,-1,HVQ,HV2Y,HV2Y,-1,-1,-1,-1,-1,-6.82,-12.33,-16.93,-20.04,NA,-6.82,-8.68,-9.22,-37.04,-43.29,NA,2.56,2.56,38.45,NA,2.56,6.9,51.32,61.18,4.6,NA,-10.84,-10.89,-23.47,-13.48,-14.4,0.935267,29,,,,,,,-10.84,-0.09,-12.05,8.24,0.28,0.985256,42
21-10-2025,NSE:MKPL,BE,280.78,212742,6.26,6.03,2,6.84,3.32,0.88,-4.53,0.58,-8.48,-5.26,-2.05,-14.18,-33.19,-109.31,-1,-1,-1,HVY,-1,-1,-1,-1,-1,-1,-1,-10.12,-10.12,-24.08,-27.31,-56.06,-10.12,-4.01,-20.09,-45.77,-56.57,-49.34,6.21,14.19,22.58,22.58,3.32,15.22,29.03,25.09,8.47,4,-9.63,-6.86,-9.1,-22.79,-33.55,0.935244,29,,,,,,,-9.63,2.5,-2.47,-13.57,-7.63,0.974426,27
21-10-2025,NSE:GICHSGFIN,EQ,949.07,64443,1.9,1.89,5,172.21,0.07,0.69,-0.75,-0.63,-2.16,-12.74,-6.21,-11.79,-27.79,-34.34,-1,-1,-1,-1,HV2Y,HV2Y,-1,-1,-1,-1,-1,-3.56,-10.81,-15.75,-23.79,-36.33,-3.56,-13.93,-5.02,-30.78,-31.77,-22.01,0.91,0.91,7.66,7.66,0.91,2.57,21.38,14.35,5.79,15.85,-3.31,-14.34,-13.26,-20.4,-28.15,0.935155,29,,,,,,,-3.31,-10.82,0.26,-6.93,-5.29,0.97487,28
21-10-2025,NSE:SYNCOMF,EQ,1686.36,909749,2.82,2.99,5,16.77,1.95,2.15,2.44,2.92,-6.8,-9.9,-6.5,-8.88,-26.65,8.17,-1,-1,-1,HV2Q,HV2Y,HV2Y,-1,-1,-1,-1,-1,-4.39,-8.66,-24.29,-29,-37.36,-4.39,-7.82,-16.79,-33.28,-31.79,-20.66,3.9,11.06,14.86,51.76,3.9,7.25,26.23,22.33,65.25,92.22,-7.95,-11.5,-13.55,-17.49,-27.01,0.935099,29,,,,,,,-7.95,-3.36,-2.44,-3.92,-7.3,0.976486,30
21-10-2025,NSE:RHFL,EQ,225.32,1775342,4.51,5.62,5,3.64,0.83,-1.1,-4.95,-2.2,-26.37,-38.19,1.65,10.16,2.2,-59.34,-1,-1,-1,HVQ,HVQ,-1,-1,-1,-1,-1,-1,-16.7,-33.46,-53.21,-53.21,-53.21,-16.7,-31.55,-35.35,-35.61,-43.62,-38.62,2.54,22.56,69.3,69.3,2.54,9.26,70.51,66.51,52.09,22.76,-27.52,-39.79,-5.4,1.55,1.84,0.935003,29,,,,,,,-27.52,-9.81,23.3,6.98,0.15,0.998415,58
21-10-2025,NSE:HCC,EQ,5260.11,6608296,3.72,3.77,5,28.01,1.05,1.79,2.28,2.07,-3.18,-0.68,-0.39,-21.21,-57.41,-40.51,-1,-1,-1,HV2Q,HV2Q,EEP,-1,-1,-1,-1,-1,-4.92,-4.92,-23.03,-40.42,-49.76,-4.92,-7.61,-22.51,-49.56,-39.1,-20.91,10.58,17.2,23.83,23.83,3.4,14.09,24.67,24.31,10.52,43.53,-4.33,-2.28,-7.44,-29.82,-57.77,0.934886,29,,,,,,,-4.33,1.96,-5.25,-22.41,-20.85,0.964872,17
21-10-2025,NSE:MAYURUNIQ,EQ,2296.47,37460,2.51,2.48,6,507,0.27,2.35,1.39,-0.44,-4.25,-19.78,1.24,-14.92,-18.71,-3.33,-1,-1,-1,EEP,-1,-1,-1,-1,-1,-1,-1,-3.44,-17.33,-17.97,-22.49,-24.46,-3.44,-14.49,-1.75,-25.4,-13.19,-10.33,3.21,12.55,13.86,13.86,3.21,2.83,36.38,12.44,27.86,32.07,-5.4,-21.38,-5.81,-23.53,-19.07,0.934764,29,,,,,,,-5.4,-15.36,12.02,-18.05,5.72,0.980231,35
21-10-2025,NSE:RHIM,EQ,10020.48,1074686,3.38,3.35,3,452.2,-0.12,-0.06,-7.87,2.19,-7,-6.7,-5.35,-8.12,-38.94,-54.7,-1,HV2Y,HVQ,HV2Q,EEP,EEP,-1,-1,-1,-1,-1,-7.3,-14.16,-14.16,-25.72,-38.59,-7.3,-8.15,-9.58,-25.29,-33.6,-14.67,2.76,3.34,18.19,18.19,2.76,4.38,26.11,24.52,1.42,22.52,-8.15,-8.3,-12.4,-16.73,-39.3,0.934529,29,,,,,,,-8.15,-0.18,-4.27,-4.3,-19.49,0.972043,24
21-10-2025,NSE:MGL,EQ,13301.42,288072,2.29,2.27,6,1290.1,0.58,-1.42,-1.82,2.36,-4.23,-17.22,-4.14,-0.34,-38.5,-12.53,-1,-1,-1,HV2Q,-1,HVQ,-1,-1,-1,-1,-1,-1.79,-13.2,-16.37,-26.79,-34.34,-1.79,-12.83,-1.97,-31.63,-34.12,-9.07,4.23,4.23,14.64,14.64,4.23,7.42,24.59,19.39,15.03,46.42,-5.38,-18.82,-11.19,-8.95,-38.86,0.934525,29,,,,,,,-5.38,-12.92,5.63,1.97,-29.01,0.972341,25
21-10-2025,NSE:ADVENZYMES,EQ,3803.96,602715,2.93,2.91,6,314.15,0.98,2.58,-0.29,-2.01,-8.09,-6.13,4.49,-9.49,-60.05,-22.44,-1,-1,HV2Y,-1,HV2Y,HV2Y,-1,-1,-1,-1,-1,-7.12,-12.82,-12.82,-37.09,-42.87,-7.12,-5.77,-3.1,-45.44,-37.45,-8.57,4.79,12.58,20.9,20.9,2.76,13.26,28.3,15.47,2.5,47.08,-9.24,-7.73,-2.56,-18.1,-60.41,0.934414,29,,,,,,,-9.24,1.35,4.47,-16.31,-37.16,0.965461,18
21-10-2025,NSE:PURVA,EQ,6489.6,238974,3.89,3.85,3,270.8,0.45,5.65,2.46,0.44,-1.03,-5.67,5.24,-28.42,-52.2,22.06,-1,-1,EEP,HVY,-1,EEP,-1,-1,-1,-1,-1,-0.81,-7.59,-17.12,-39.33,-50.74,-0.81,-8.1,-18.24,-48.25,-36.74,-25.02,9.44,24.36,24.36,52.56,9.44,5.7,31.41,17.63,95.92,132.2,-2.18,-7.27,-1.81,-37.03,-52.56,0.934363,29,,,,,,,-2.18,-5.05,4.79,-37.2,-9.5,0.966301,18
21-10-2025,NSE:TORNTPOWER,EQ,63894.97,580910,2.29,2.28,4,1319.2,1.15,1.85,6,7.2,4.15,-3.67,-20.49,-13.16,-47.69,14.3,-1,-1,-1,-1,-1,HV2Y,-1,-1,-1,-1,-1,-1.38,-3.15,-18.04,-33.16,-33.16,-1.38,-14.17,-15.77,-19.46,-24.37,-0.25,9.93,9.93,9.93,22.39,9.93,3.03,10.72,28.69,48.1,93.3,3,-5.27,-27.54,-21.77,-48.05,0.934306,29,,,,,,,3,-8.61,-21.76,4.41,-21.5,0.969535,22
21-10-2025,NSE:ALLCARGO,EQ,3241.22,3258454,3.91,3.97,4,33.99,1.25,6.88,7.38,6.35,3.38,-6.15,8.03,-30.1,-78.38,-122.57,-1,-1,-1,HV2Q,EEP,EEP,-1,-1,-1,-1,-1,-4.28,-5.48,-10.62,-43.88,-61.31,-4.28,-13.65,-20.16,-56.35,-49.66,-30.98,9.33,19.68,24.69,24.69,9.33,5.32,32.36,14.67,4.76,1.15,2.23,-7.75,0.98,-38.71,-78.74,0.934177,29,,,,,,,2.23,-10.33,7.83,-43.14,-28.09,0.95836,11
21-10-2025,NSE:STARPAPER,EQ,271.98,18798,2.34,2.33,6,167.35,0.46,2.84,-1.06,0.3,-4.52,-6.84,-2.68,-20.95,-30.73,-44.49,-1,-1,-1,-1,HVQ,HV2Y,-1,-1,-1,-1,-1,-4.26,-8.81,-9.81,-30.73,-38.71,-4.26,-5.23,-12.93,-32.97,-28.22,-22.42,2.93,4.31,8.92,8.92,2.93,4.07,16.36,11.84,4.57,4.18,-5.67,-8.44,-9.73,-29.56,-31.09,0.934123,29,,,,,,,-5.67,-2.68,-1.64,-19.47,0.93,0.974218,27
21-10-2025,NSE:SHILPAMED,EQ,8096.11,207062,4.25,4.18,5,369.15,2.17,4.37,0.35,-3.93,-11.74,-24.63,8.17,-7.5,-20.18,49.89,-1,-1,-1,EEP,HVQ,EEP,-1,-1,-1,-1,-1,-10.49,-19.68,-25.11,-25.11,-25.11,-10.49,-11.56,-6.66,-27.57,-15.2,-1.62,4.58,17.33,22.31,101.45,4.58,1.01,52.43,12.31,149.91,179.38,-12.89,-26.23,1.12,-16.11,-20.54,0.933849,29,,,,,,,-12.89,-11.99,20.79,-18.75,-2.77,0.982127,38
21-10-2025,NSE:MATRIMONY,EQ,1110.52,14757,2.95,2.96,5,509.25,-0.38,-0.15,-1.42,-8.05,-0.76,-2.47,1.23,-26.52,-59.7,-6.4,-1,-1,-1,HV2Q,EEP,EEP,-1,-1,-1,-1,-1,-7.76,-7.76,-8.4,-39.67,-39.67,-7.76,-6.12,-19.29,-40.41,-23.67,0,1.44,2.32,4.03,4.03,0.68,2.21,6.61,2.76,28.64,62.37,-1.91,-4.07,-5.82,-35.13,-60.06,0.933366,29,,,,,,,-1.91,-2.17,-1.92,-29.77,-17.2,0.963124,15
21-10-2025,NSE:RAJOOENG,EQ,1711.71,587270,4.86,5,0,90.84,2.54,4.6,1.46,7.27,-5.16,-52.96,NA,NA,NA,NA,-1,-1,-1,-1,-1,-1,-1,-1,-1,-1,-1,-2.76,-31.98,NA,NA,NA,-2.76,-33.35,NA,NA,NA,NA,10.94,NA,NA,NA,10.94,0.04,NA,NA,NA,NA,-6.31,-54.56,0,0,0,0.933197,29,,,,,,,-6.31,-45.91,94.47,-1.68,9.02,0.952477,6
21-10-2025,NSE:INFY,EQ,641396.61,7883452,1.64,1.79,3,1472.4,0.79,-1.19,0.94,2.08,-4.6,-7.6,3.37,-30.97,-30.41,-14.11,-1,-1,-1,-1,-1,-1,-1,-1,-1,-1,-1,-2.81,-6.48,-10.26,-26.37,-26.37,-2.81,-6.13,-17.3,-28.85,-3.56,-2.26,3.46,3.46,5.42,5.65,2.17,8.23,13.43,1.87,38.37,37.77,-5.75,-9.2,-3.68,-39.58,-30.77,0.933154,29,,,,,,,-5.75,-3.32,4.66,-37.22,9.45,0.975951,29
21-10-2025,NSE:DBCORP,EQ,4937.22,113482,3.79,3.64,3,250.9,1.25,-4.18,-6.84,-6.38,-10.5,-12.85,-0.35,-5.52,-32.86,-10.88,-1,-1,-1,-1,EEP,EEP,-1,-1,-1,-1,-1,-8.53,-11.84,-11.86,-26.49,-36.35,-8.53,-2.6,-0.53,-31.41,-32.84,-15.44,4.8,12.34,27.26,27.26,4.8,5.16,43.62,27.71,6.67,34.31,-11.65,-14.45,-7.4,-14.13,-33.22,0.933066,28,,,,,,,-11.65,-2.59,5.55,-6.83,-16.89,0.974318,27
21-10-2025,NSE:PETRONET,EQ,41850,2012342,1.96,1.98,5,278.6,-0.14,0.63,-3.21,0.02,0.07,-9.12,-12.54,-18.09,-27.42,7.75,-1,-1,-1,-1,-1,-1,-1,-1,-1,-1,-1,-3.11,-9.44,-13.41,-20.6,-26.92,-3.11,-10.88,-8.06,-17.75,-13.69,-6.87,4.38,4.38,4.38,7.71,4.38,3.57,10.2,13.67,28.02,38.13,-1.08,-10.72,-19.59,-26.7,-27.78,0.932966,28,,,,,,,-1.08,-9.66,-8.67,-6.61,1.12,0.974916,28
21-10-2025,NSE:KUANTUM,EQ,959.9,64975,3.01,2.99,6,108.72,0.79,1.76,0.76,-0.43,-1.44,-17.26,-3,-12.32,-30.1,-44.78,-1,-1,HVQ,HVQ,HV2Y,HV2Y,-1,-1,-1,-1,-1,-5.13,-18.1,-18.1,-23.13,-42.61,-5.13,-16.91,-2.49,-32.47,-35.54,-25.34,1.79,7.23,8.97,8.97,1.79,0.59,27.78,12.24,5.23,6.71,-2.59,-18.86,-10.05,-20.93,-30.46,0.93294,28,,,,,,,-2.59,-16.06,6.64,-10.73,-6.82,0.973586,26
21-10-2025,NSE:NAVKARURB,BE,316.43,1126630,1.58,2.55,5,2.2,1.85,0.45,-2.73,-11.36,-28.18,-4.09,-24.91,NA,NA,NA,-1,-1,-1,-1,-1,-1,-1,-1,-1,-1,-1,-20.29,-23.61,-37.32,NA,NA,-20.29,-2.08,-45.11,NA,NA,NA,1.85,41.94,NA,NA,1.85,81.94,47.74,NA,NA,NA,-29.33,-5.69,-31.96,0,0,0.932778,28,,,,,,,-29.33,18.33,-25.53,98.32,9.02,0.984461,40
21-10-2025,NSE:MAWANASUG,EQ,360.66,45918,2.76,2.74,4,87.64,1.53,2.97,-2.82,-0.98,-4.72,-11.43,-6.62,-10.71,-30.77,-18.32,-1,-1,-1,-1,-1,HV2Y,-1,-1,-1,-1,-1,-4.67,-9.97,-19.47,-22.43,-33.49,-4.67,-11.04,-10.26,-28.02,-26.36,-13.02,3.06,3.06,10.49,10.49,3.06,5.69,23.12,17.8,15.93,36.93,-5.87,-13.03,-13.67,-19.32,-31.13,0.932613,28,,,,,,,-5.87,-6.87,-1.21,-5.52,-9.1,0.973669,26
21-10-2025,NSE:ATUL,EQ,18616.02,33711,2.66,2.63,3,5997,1.27,3.03,-1.7,-0.53,-5.74,-13.93,-0.56,-12.6,-31.57,-6.02,-1,-1,-1,EEP,EEP,-1,-1,-1,-1,-1,-1,-4.26,-11.42,-22.08,-25.36,-25.38,-4.26,-17.61,-11.22,-24.96,-15.97,-1.82,4,4,16.07,16.07,4,1.28,32.24,16.72,23.32,44.1,-6.89,-15.53,-7.61,-21.21,-31.93,0.932291,28,,,,,,,-6.89,-8.21,6.21,-13.65,-7.83,0.973316,26
21-10-2025,NSE:GRINFRA,EQ,12820.77,27065,2.62,2.63,4,1174.7,0.13,-7.69,-5.24,-3.32,-12.67,-8.08,4.61,-12.96,-39.25,-4.59,-1,-1,-1,HV2Y,HV2Y,-1,-1,-1,-1,-1,-1,-10.35,-11.24,-16.46,-28.72,-36.15,-10.35,-0.99,-9.71,-37.03,-27.87,-11.08,0.13,13.16,29.34,29.34,0.13,8.93,39.79,23.37,12.2,38.32,-13.82,-9.68,-2.44,-21.57,-39.61,0.932289,28,,,,,,,-13.82,3.61,6.21,-20.1,-14.26,0.972748,26
21-10-2025,NSE:SHAKTIPUMP,EQ,10809.66,408560,1.84,1.82,5,822.65,0.59,2.09,1.42,-0.02,-6.43,-12.01,-17.12,-34.07,6.69,70.76,-1,-1,EEP,HVQ,-1,-1,-1,-1,-1,-1,-1,-6.16,-10.35,-18.44,-38.83,-38.83,-6.16,-8.7,-21.74,-28.36,-17.99,-7.26,4.51,4.51,16.43,325.24,2.39,11.23,17.37,48.18,470.13,296.79,-7.58,-13.61,-24.17,-42.68,6.33,0.932033,28,,,,,,,-7.58,-5.7,-10.09,-16.16,39.42,1.001657,62
21-10-2025,NSE:MADRASFERT,EQ,1469.24,190073,2.45,2.43,6,82.23,0.76,1.16,-2.54,-3.45,-10.29,-9.21,-5.59,-14.11,-20.88,-16.75,-1,-1,-1,HV2Q,-1,HV2Y,-1,-1,-1,-1,-1,-7.83,-12.95,-17.17,-20.99,-36.79,-7.83,-3.99,-9.55,-30.03,-27.87,-23.59,1.46,1.61,19.09,19.09,1.46,4.25,30.05,25.75,18.62,25.66,-11.44,-10.81,-12.64,-22.72,-21.24,0.93203,28,,,,,,,-11.44,0.52,-2.22,-9.74,3.08,0.97945,34
21-10-2025,NSE:PNCINFRA,EQ,7850.1,388439,2.15,2.13,6,287,0.28,1.46,-1.78,-2.07,-6.85,-9.81,2.75,-6.24,-62.37,-37.56,-1,-1,-1,-1,EEP,EEP,-1,-1,-1,-1,-1,-6.77,-10.12,-10.12,-37.5,-48.69,-6.77,-3.96,-1.24,-46.48,-45.49,-16.68,1.49,16.64,16.64,16.64,1.49,3.49,28.08,10.23,8.49,19.35,-8,-11.41,-4.3,-14.85,-62.73,0.931992,28,,,,,,,-8,-3.23,5.91,-10.92,-43.82,0.964234,16
21-10-2025,NSE:KRONOX,EQ,630.77,78472,3.16,3.12,5,155.06,0.77,5,-0.52,-4.02,-9.7,-20.87,3.03,-16.64,-12.68,NA,-1,-1,-1,HVQ,HV2Y,HV2Y,-1,-1,-1,-1,-1,-7.19,-16.67,-23.36,-29.95,NA,-7.19,-15.92,-7.36,-32.08,-18.3,NA,5.27,14.43,14.43,NA,5.27,9.71,38.31,9.82,30.27,NA,-10.85,-22.47,-4.02,-25.25,-13.04,0.931819,28,,,,,,,-10.85,-10.64,14.24,-21.96,12.41,0.984439,40
21-10-2025,NSE:PPLPHARMA,EQ,27666.97,3431113,2.76,2.76,5,197.28,0.88,2.54,0.87,2.86,-5.58,-7.31,-13.78,-18.82,-17.79,32.28,-1,-1,HVQ,HVQ,HV2Y,HV2Y,-1,-1,-1,-1,-1,-2.68,-5.28,-11.78,-32.8,-32.8,-2.68,-3.97,-12.63,-23.54,-20.15,-1.25,7.54,7.54,7.54,70.81,5.09,13.54,14.49,51.76,102.94,101.19,-6.73,-8.91,-20.83,-27.43,-18.15,0.931745,28,,,,,,,-6.73,-2.1,-11.56,-6.11,9.88,0.980951,36
21-10-2025,NSE:OAL,EQ,1171.14,10490,3.86,3.84,3,344.8,2.33,4.51,4.83,5.29,-1.71,-21.46,8.44,-13.81,-47.68,-12.08,-1,-1,-1,HVQ,HV2Y,HV2Y,-1,-1,-1,-1,-1,-2.09,-16.48,-19.33,-45.42,-45.42,-2.09,-16.26,-2.01,-50.02,-37.88,-8.05,6.21,9.56,28.27,28.27,6.21,7.73,55.8,17.45,31.66,70.84,-2.86,-23.06,1.39,-22.42,-48.04,0.931689,28,,,,,,,-2.86,-19.88,19.09,-25.98,-20.75,0.969473,21
21-10-2025,NSE:TRIDENT,EQ,15389.79,4897634,1.63,1.64,5,28.2,1.04,1.24,-0.46,0.21,-6.81,-11.84,-3.83,-13.26,-27.73,-51.24,-1,-1,-1,HVQ,EEP,EEP,-1,-1,-1,-1,-1,-7.08,-10.56,-15.77,-25.77,-37.54,-7.08,-6.75,-5.79,-28.2,-33.73,-25.27,3.03,6.42,17.4,17.4,1.33,10.05,31.31,21.9,7.4,5.51,-7.96,-13.44,-10.88,-21.87,-28.09,0.931681,28,,,,,,,-7.96,-5.17,1.64,-10.76,-3.75,0.974995,28
21-10-2025,NSE:CAMS,EQ,20328.17,297523,2.03,2.04,6,3838,0.26,1.51,0.97,1.37,-6.85,-10.67,-4.35,-15.79,-26.02,25.56,-1,-1,-1,-1,EEP,EEP,-1,-1,-1,-1,-1,-4.38,-9.64,-10.6,-27.26,-27.26,-4.38,-4.47,-4.14,-24.09,-15.77,0,5.31,10.3,22.46,39.82,2.11,12.53,35.54,27.8,61.91,76.2,-8,-12.27,-11.4,-24.4,-26.38,0.931506,28,,,,,,,-8,-4.04,0.18,-12.64,0.19,0.975855,29
21-10-2025,NSE:DLINKINDIA,EQ,1792.82,84971,2.74,2.72,6,459.45,1.06,-1.9,-4.21,-1.83,-9.5,-13.81,-0.97,-14.27,-22.07,36.71,-1,-1,-1,HV2Q,-1,HV2Y,-1,-1,-1,-1,-1,-7.45,-12.33,-21.25,-26.63,-34.48,-7.45,-13.76,-10.37,-33.85,-25.13,-20.02,1.06,5.77,25.4,78.25,1.06,8.18,42.71,26.61,103.69,117.59,-10.65,-15.41,-8.02,-22.88,-22.43,0.931312,28,,,,,,,-10.65,-4.4,5.75,-14.85,2.19,0.978185,32
21-10-2025,NSE:BHARATWIRE,EQ,1157.3,221400,4.24,4.28,3,177.74,2.21,4.2,8,12.54,5.07,-19.89,-8.15,-9.74,-44.37,-81.53,-1,-1,-1,HV2Q,EEP,EEP,-1,-1,-1,-1,-1,-1.16,-15.28,-21.12,-29.13,-47.79,-1.16,-24.82,-5.43,-35.35,-45.05,-27.71,14.34,14.34,38.48,38.48,14.34,0.87,66.02,49.77,4.66,13.62,3.92,-21.49,-15.2,-18.35,-44.73,0.931183,28,,,,,,,3.92,-26.76,4.26,-3.15,-22.53,0.968529,21
21-10-2025,NSE:JKIL,EQ,4927.34,107423,1.99,1.99,5,633.1,1.32,2.81,-1.84,-0.36,-3.03,-16.23,-9.54,-14.25,-18.72,3.39,-1,-1,-1,-1,EEP,EEP,-1,-1,-1,-1,-1,-2.01,-14.54,-15.7,-20.2,-29.91,-2.01,-12.23,-4.11,-20.31,-19.93,-16.79,3.19,3.19,3.19,15.81,2.89,6.32,16.81,9.32,32.32,37.49,-4.18,-17.83,-16.59,-22.86,-19.08,0.931161,28,,,,,,,-4.18,-13.27,0.23,-5.98,5.11,0.978653,33
21-10-2025,NSE:SJVN,EQ,37136.56,4719274,1.62,1.64,6,89.79,0.64,1.39,-0.8,-0.27,-5.19,-10.36,-10.37,-8.32,-33.39,-25.24,-1,-1,-1,-1,HVQ,EEP,-1,-1,-1,-1,-1,-4.3,-9.8,-14.6,-26.56,-41.61,-4.3,-6.29,-5.75,-34.31,-36.75,-22.12,1.41,1.41,9.5,9.5,1.41,2.71,20.84,20.85,7.35,18.35,-6.34,-11.96,-17.42,-16.93,-33.75,0.931041,28,,,,,,,-6.34,-5.37,-5.54,0.18,-14.12,0.973154,26
21-10-2025,NSE:THEJO,EQ,2045.41,4403,2.99,2.96,5,1837.1,1.27,2.79,0.71,1.77,-3.01,-22.92,-4.89,-3.32,-31.13,1.77,-1,-1,HV2Q,HVQ,-1,HV2Y,-1,-1,-1,-1,-1,-1.97,-24.56,-24.56,-24.56,-48.73,-1.97,-22.29,-4.13,-40.37,-47.03,-32.77,3.63,4.77,18.34,18.34,3.63,6.25,45.45,24.12,5.18,33.49,-4.16,-24.52,-11.94,-11.93,-31.49,0.931002,28,,,,,,,-4.16,-19.78,9.14,-0.19,-17.9,0.974187,27
21-10-2025,NSE:ENTERO,EQ,4916.51,110627,3.11,3.12,5,1123.3,1.61,1.17,1.29,4.46,-0.57,-6.93,-23.29,-16.39,-23,NA,-1,-1,-1,-1,-1,-1,-1,-1,-1,-1,-1,-0.96,-14,-24.65,-27.51,NA,-0.96,-13.51,-22.48,-10.63,-14.82,NA,5.1,5.1,5.1,NA,5.1,1.02,7.41,24.62,32.53,NA,-1.72,-8.53,-30.34,-25,-23.36,0.930965,27,,,,,,,-1.72,-6.79,-20.82,3.92,3.34,0.979009,34
21-10-2025,NSE:AMBIKCO,EQ,872.43,8873,2.31,2.29,5,1382.4,1.37,-0.48,-1.69,-1.35,-9.94,-16.34,-1.59,-13.39,-17.52,-17.29,-1,-1,HV2Q,-1,HV2Y,HV2Y,-1,-1,-1,-1,-1,-7.22,-14.7,-18.28,-21.78,-35.13,-7.22,-8.25,-4.93,-34.1,-26.44,-23.77,1.51,3.06,7.92,7.92,1.51,9.57,25.55,9.63,10.83,14.87,-11.09,-17.94,-8.64,-22,-17.88,0.930916,27,,,,,,,-11.09,-6.28,7.15,-13.29,5.38,0.980393,35
21-10-2025,NSE:UTTAMSUGAR,EQ,1029.54,99656,2.96,2.96,3,249.82,0.61,-2.73,-3.74,0.67,-7.22,-13.02,-21.43,7.67,-39.8,-40,-1,-1,-1,HVQ,HVQ,HV2Y,-1,-1,-1,-1,-1,-5.16,-11.27,-23.57,-25.72,-36.1,-5.16,-12.24,-13.61,-22.41,-41,-10.67,4.18,4.18,40.62,40.62,1.97,11.7,58.93,70.75,5.39,19.75,-8.37,-14.62,-28.48,-0.94,-40.16,0.930331,27,,,,,,,-8.37,-5.87,-12.97,22.29,-42.4,0.97883,33
21-10-2025,NSE:FSL,EQ,25997.76,933159,2.88,2.85,6,321.8,1.05,-0.95,-1.41,-1.41,-16.78,-9.48,-7.54,-19.2,-4.86,38.08,-1,-1,-1,-1,EEP,EEP,-1,-1,-1,-1,-1,-11.91,-14.37,-18.48,-20.89,-20.89,-11.91,-3.36,-10.75,-14.92,-5.69,-1.46,1.05,2.53,15.34,76.91,1.05,13.88,26.27,43.95,110.89,85.51,-17.93,-11.08,-14.59,-27.81,-5.22,0.93018,27,,,,,,,-17.93,5.79,-3.76,-12.53,21.05,0.991229,49
21-10-2025,NSE:TVSSCS,EQ,5792.69,773665,2.42,2.45,5,126.98,1.45,1.8,0.76,1.12,-3.42,-4.8,3.14,-30.89,-49.65,-44.27,-1,-1,EEP,-1,-1,HV2Y,-1,-1,-1,-1,-1,-2.44,-5.7,-11.41,-34.07,-41.11,-2.44,-3.98,-19.6,-42.97,-22.92,-11.88,3.6,12.82,15.78,15.78,2.57,7.14,21.34,12.15,12,28.05,-4.57,-6.4,-3.91,-39.5,-50.01,0.930122,27,,,,,,,-4.57,-1.79,2.04,-36.82,-5.31,0.966882,19
21-10-2025,NSE:SAPPHIRE,EQ,10194.27,404928,3.2,3.2,3,294.55,2.72,6.06,1.24,0.37,-8.06,-13.58,-9.35,-9.83,-21.02,6.55,-1,-1,-1,-1,-1,-1,-1,-1,-1,-1,-1,-5.8,-14.42,-14.42,-16.9,-22.81,-5.8,-7.52,-2.32,-15.59,-15.23,-6.59,6.45,6.45,6.45,9.91,6.45,4.31,16.59,12.25,20.71,33.01,-9.21,-15.18,-16.4,-18.44,-21.38,0.930061,27,,,,,,,-9.21,-5.57,-1.81,-2.11,-1.17,0.978284,32
21-10-2025,NSE:PARSVNATH,BE,668.87,700345,6.01,6.08,0,17.69,8.73,16,19.84,26,14.13,-25.33,-37.25,-15.43,-20.01,14.08,-1,-1,HV2Q,HVQ,HVQ,HV2Y,-1,-1,-1,-1,-1,0,-18.59,-33.5,-33.5,-33.5,0,-42.89,-16.65,-4.3,-16.89,-1.48,37.34,37.34,37.34,56.55,37.34,17.21,34.77,111.13,80.71,87.88,12.98,-26.93,-44.3,-24.04,-20.37,0.930033,27,,,,,,,12.98,-46.41,-15.05,14.22,5.05,0.984888,41
21-10-2025,NSE:GALAXYSURF,EQ,8402.78,14002,2.2,2.17,5,2235.6,0.96,1.86,-1.18,1.78,-7.6,-13.97,0.37,-11.32,-36.16,-18.93,-1,-1,-1,-1,EEP,EEP,-1,-1,-1,-1,-1,-4.97,-17.1,-17.1,-27.85,-33,-4.97,-10.79,-3.59,-33.25,-25.42,-8.77,2.36,8.45,9.14,9.14,2.36,10.09,24.39,8.74,10.1,34.67,-8.75,-15.57,-6.68,-19.93,-36.52,0.930023,27,,,,,,,-8.75,-6.38,7.06,-13.42,-13.29,0.971535,24
21-10-2025,NSE:HEUBACHIND,EQ,1378.44,28115,3.07,2.98,0,518.25,0.47,-0.52,-2.8,-7.91,-15.01,-15.18,-13.55,-6.18,-6.15,-2.15,-1,-1,-1,-1,HVQ,HV2Y,-1,-1,-1,-1,-1,-13.21,-13.21,-13.68,-13.68,-23.42,-13.21,-0.72,-0.58,-13.05,-18.68,-18.71,0.47,0.47,0.47,43.98,0.47,1.81,9.13,33,52.88,52.83,-16.16,-16.78,-20.6,-14.79,-6.51,0.93001,27,,,,,,,-16.16,-0.6,-4.11,4.8,9.06,0.988443,46
21-10-2025,NSE:ELGIEQUIP,EQ,15847.04,375096,2.6,2.67,5,475.5,1.91,2.65,-4.36,-0.23,-5.23,-16.28,3.35,-12.39,-43.01,-43.01,-1,-1,HVQ,HV2Y,EEP,EEP,-1,-1,-1,-1,-1,-5.49,-19.89,-19.89,-28.4,-38.18,-5.49,-15.7,-1.52,-37.7,-30.53,-11.6,3.27,7.96,18.22,18.22,3.27,7.68,37.47,14.26,1.83,20.44,-6.38,-17.88,-3.7,-21,-43.37,0.929808,27,,,,,,,-6.38,-10.96,11.35,-17.97,-18.23,0.969005,21
21-10-2025,NSE:BAYERCROP,EQ,26857.48,23526,2.4,2.37,4,5009.4,0.26,0.72,0.36,1.7,-6.74,-25.52,2.31,-2.56,-35.39,-18.94,-1,-1,-1,HV2Y,-1,-1,-1,-1,-1,-1,-1,-4.49,-21.29,-22.72,-25.95,-27.99,-4.49,-17.52,-3,-29.65,-26.14,-2.5,4.13,8.56,14.66,14.66,4.13,5.73,43.92,12.01,3.09,36.08,-7.89,-27.12,-4.74,-11.17,-35.75,0.929646,27,,,,,,,-7.89,-18.06,16.64,-6.67,-22.99,0.973612,26
21-10-2025,NSE:SESHAPAPER,EQ,1665,22090,2.92,2.87,5,256.05,0.20,0.61,-1.43,0.51,-2.44,-13.3,-8.34,-16.25,-28.22,-26.4,-1,-1,HVY,HVQ,-1,HV2Y,-1,-1,-1,-1,-1,-3.27,-10.19,-17.26,-22.41,-30.24,-3.27,-15.24,-6.56,-24.42,-18.91,-10.56,1.73,1.73,1.73,1.73,1.73,0.75,11.56,6.67,5.05,12.9,-3.59,-14.9,-15.39,-24.86,-28.58,0.929563,27,,,,,,,-3.59,-11.06,-1.15,-8.98,-1.28,0.973717,27
21-10-2025,NSE:SUPERHOUSE,EQ,200.66,23930,4.86,4.77,6,163.87,1.86,4.54,-2.06,-5.56,-10.64,-3.13,0.78,-22.57,-41.24,-40.17,-1,-1,HVQ,-1,HV2Y,HV2Y,-1,-1,-1,-1,-1,-7.7,-12.97,-12.97,-29.04,-31.98,-7.7,-3.71,-17.51,-32.5,-20.23,-8.08,13.81,13.81,22.94,22.94,4.76,25.92,26.79,21.99,5.13,21.15,-11.79,-4.73,-6.27,-31.18,-41.6,0.929535,27,,,,,,,-11.79,6.33,-1.74,-25.21,-6.21,0.971574,24
21-10-2025,NSE:PNBGILTS,EQ,1876.61,549310,2.59,2.85,3,93.1,1.05,-2.88,-5.05,-4.38,-11.69,-7.62,-7.6,-11.18,-27.95,-11.01,-1,-1,HVY,HVQ,HVQ,HV2Y,-1,-1,-1,-1,-1,-9.06,-19.34,-19.34,-24.07,-35.82,-9.06,-9.91,-4.24,-25.8,-28.65,-17.89,3.22,5.32,24.87,24.87,3.22,10.64,34.38,34.36,8.67,25.06,-12.84,-9.22,-14.65,-19.79,-28.31,0.929393,27,,,,,,,-12.84,3.18,-5.52,-5,-6.06,0.97663,30
21-10-2025,NSE:SIGNATURE,EQ,15596.69,308547,2.82,2.77,4,1072.6,-0.05,6.7,4.36,-1.11,-3.26,-15.4,-7.85,-5.74,-40.65,-22.3,-1,-1,-1,-1,-1,-1,-1,-1,-1,-1,-1,-3.6,-12.18,-17.58,-27.99,-33.5,-3.6,-12.57,-6.65,-28.28,-29.68,-6.46,7.18,7.18,7.18,7.18,7.18,3.26,21.94,13.96,2.04,35.73,-4.41,-17,-14.9,-14.35,-41.01,0.92926,27,,,,,,,-4.41,-12.22,1.01,0.28,-24,0.969791,22
21-10-2025,NSE:ZAGGLE,EQ,4766.02,882518,3.23,3.36,5,356.9,2.51,3.42,1.91,1.92,0.84,-13.46,2.07,-48.25,-21.18,31.1,-1,-1,EEP,EEP,HVQ,EEP,-1,-1,-1,-1,-1,-1.05,-13.5,-22.44,-38.65,-38.65,-1.05,-16.39,-24.48,-39.92,-9.04,-7.66,5.03,12.18,18.26,49.21,5.03,1.1,34.18,16.79,133.34,90.74,-0.31,-15.06,-4.98,-56.86,-21.54,0.929182,27,,,,,,,-0.31,-14.88,8.16,-53.07,27.28,0.983832,40
21-10-2025,NSE:INOXWIND,EQ,26269.21,6918080,2.95,2.93,5,149.15,1.61,1.31,6.55,7.01,-1.47,-10.28,-11.67,-9.52,-45.19,18.72,-1,-1,-1,EEP,EEP,EEP,-1,-1,-1,-1,-1,-2.15,-8.71,-22.41,-32.78,-40.51,-2.15,-14.7,-14.44,-33.57,-34.85,-13.63,8.88,8.88,12.13,35.6,8.5,10.48,23.66,25.21,48.51,96.89,-2.62,-11.88,-18.72,-18.13,-45.55,0.929141,27,,,,,,,-2.62,-9.14,-6.79,0.24,-23.56,0.968042,20
21-10-2025,NSE:DALMIASUG,EQ,3031.18,76504,2.9,2.88,4,358.95,0.77,0.36,-2.44,3.09,-4.28,-9.83,-14.99,-3.15,-44.83,-11.03,-1,-1,-1,EEP,-1,EEP,-1,-1,-1,-1,-1,-4.98,-8.08,-20.35,-29.69,-37.14,-4.98,-9.73,-12.52,-27.71,-35.16,-8.96,3.37,3.37,20.39,20.39,3.37,6.96,32.23,38.44,13.68,52.83,-5.43,-11.43,-22.04,-11.76,-45.19,0.929083,27,,,,,,,-5.43,-5.79,-10.22,8.62,-31.39,0.970718,23
21-10-2025,NSE:EMAMILTD,EQ,25447.95,694248,2.44,2.43,6,544,0.47,2.21,-1.44,-1.8,-6.54,-8.43,-17.93,-3.87,-35.64,11.24,-1,-1,EEP,HV2Q,-1,EEP,-1,-1,-1,-1,-1,-6.6,-13.18,-15.9,-24.07,-35.22,-6.6,-7.49,-8.81,-23.6,-32.71,-12.13,2.26,2.26,4.24,28.59,2.26,4.08,13.03,22.94,33.57,74.42,-7.69,-10.03,-24.98,-12.48,-36,0.929025,27,,,,,,,-7.69,-2.23,-14.29,10.24,-21.57,0.974996,28
21-10-2025,NSE:JUBLFOOD,EQ,41411.88,1586427,2.08,2.07,6,590.7,-0.01,1.19,-3.93,-2.77,-6.04,-15.01,-18.89,-16.74,-5.32,19.54,-1,-1,-1,-1,HV2Y,HV2Y,-1,-1,-1,-1,-1,-6.3,-11.01,-18.03,-22.95,-22.95,-6.3,-12.15,-8.17,-8.39,-10.04,-12.24,1.21,1.21,4.16,37.05,1.21,1.17,13.92,25.38,60,44.34,-7.19,-16.61,-25.94,-25.35,-5.68,0.929018,26,,,,,,,-7.19,-8.91,-8.91,0.13,18.81,0.987612,45
21-10-2025,NSE:AAVAS,EQ,13235.78,202156,2.32,2.36,6,1620.6,0.02,1.46,-3.26,0.76,-3.09,-18.98,-37.02,-1.14,-7.77,14.51,-1,-1,-1,-1,-1,-1,-1,-1,-1,-1,-1,-3.5,-14.83,-23.53,-27.02,-27.02,-3.5,-20.16,-13.16,0,-15.32,-9.77,6.6,6.6,6.6,23.18,2.91,9.89,17.7,36.29,24.59,32.76,-4.24,-20.58,-44.07,-9.75,-8.13,0.928971,26,,,,,,,-4.24,-15.88,-20.69,24.5,2.46,0.992039,51
21-10-2025,NSE:GEOJITFSL,EQ,2158.45,554778,3.9,3.83,3,77.36,-1.54,-3,-0.97,-0.74,0.01,2.73,-0.43,-33.73,-86.97,12.37,-1,HVQ,-1,HV2Q,HV2Y,HV2Y,-1,-1,-1,-1,-1,-6.23,-6.23,-15.04,-47.93,-49.63,-6.23,-10.33,-27.91,-49.41,-32.64,-5.81,8.51,8.51,26.28,38.37,1.35,8.5,22.84,26.82,85.04,158.71,-1.14,1.13,-7.48,-42.34,-87.33,0.92889,26,,,,,,,-1.14,2.25,-8.77,-34.84,-30.8,0.955278,8
21-10-2025,NSE:FINPIPE,EQ,13507.78,664970,2.34,2.33,6,191.72,0.40,0.69,-2,-4.73,-13.14,-7.5,7.44,-9.3,-68.29,-11.73,-1,-1,-1,-1,EEP,EEP,-1,-1,-1,-1,-1,-11.28,-13.15,-17.55,-41.2,-45.27,-11.28,-1.74,-11.37,-46.5,-40.18,-7.89,2.19,12.08,14.47,14.47,0.69,15.62,23.05,5.95,1.26,55.64,-14.29,-9.1,0.39,-17.91,-68.65,0.928619,26,,,,,,,-14.29,4.53,8.37,-19.77,-44.95,0.964122,16
21-10-2025,NSE:SAKSOFT,EQ,2926.73,341666,3.16,3.11,3,186.31,1.42,-0.25,-4.35,-6.29,-18.53,-23.36,12.98,-8.51,-29.62,-16.3,-1,-1,HV2Y,EEP,HVQ,EEP,-1,-1,-1,-1,-1,-13.51,-18.21,-24.87,-24.87,-37.51,-13.51,-10.94,-7.32,-45.62,-32.19,-18.99,1.73,24.65,34.35,34.35,1.73,16.78,65.73,16.91,15.74,38.25,-19.68,-24.96,5.93,-17.12,-29.98,0.928532,26,,,,,,,-19.68,-4.53,23.93,-26.38,-10.43,0.980166,35
21-10-2025,NSE:GUFICBIO,EQ,3730.32,67690,2.32,2.29,3,349.65,-0.27,-4.46,-1.92,-1.22,-5.81,-9.5,0.93,-32.63,-26.73,7.06,-1,-1,-1,HVQ,-1,HV2Y,-1,-1,-1,-1,-1,-5.91,-13.57,-13.57,-27.97,-27.97,-5.91,-8.55,-17.02,-28.64,-4.47,0,0,2.76,12.86,23.77,0,8.73,23.58,11.81,64.16,56.85,-6.96,-11.1,-6.12,-41.24,-27.09,0.928478,26,,,,,,,-6.96,-3.95,3.99,-35.56,13.47,0.977105,30
21-10-2025,NSE:SBCL,EQ,3173.7,118713,3.68,3.6,5,489.5,1.88,0.98,-3.82,-2.53,-11.95,-16.16,5.12,-8.02,-41.09,-9.85,-1,-1,-1,-1,-1,EEP,-1,-1,-1,-1,-1,-13.28,-14.18,-18.48,-29.94,-31.52,-13.28,-8.74,-5.3,-35.03,-26.03,-3.39,2.79,18.27,26.95,26.95,2.79,12.79,47.46,20.45,7.61,40.56,-13.1,-17.76,-1.93,-16.63,-41.45,0.928352,26,,,,,,,-13.1,-4.22,12.79,-15.52,-21.6,0.971156,24
21-10-2025,NSE:LOKESHMACH,EQ,358.92,70623,5.04,4.94,3,195.81,-1.42,5.19,2.74,1.97,8.79,-8.28,12.02,-55.1,-101.55,-92.41,-1,-1,HV2Q,HVQ,HVQ,HV2Y,-1,-1,-1,-1,-1,-4.03,-12.45,-17.42,-53.64,-58.46,-4.03,-24.68,-33.87,-59.89,-35.57,-16.28,11.14,32.72,49.93,49.93,11.14,4.52,62.34,31.91,8.02,40.37,7.64,-9.88,4.97,-63.71,-101.91,0.928272,26,,,,,,,7.64,-19.17,13.21,-77.96,-20.93,0.955046,8
21-10-2025,NSE:RTNINDIA,EQ,7851.29,7994279,2.63,2.63,6,50.97,-0.18,1.1,-2.55,-2.06,-11.44,-17.97,9.97,-13.77,-42.22,-53.72,-1,-1,-1,HV2Q,-1,HVQ,-1,-1,-1,-1,-1,-8.61,-17.75,-22.98,-32.53,-40.87,-8.61,-14.17,-9.14,-45.08,-35.82,-19.77,1.11,26.51,32.8,32.8,1.11,12.3,56.67,19.57,5.67,10.84,-12.59,-19.57,2.92,-22.38,-42.58,0.927674,26,,,,,,,-12.59,-6.32,18.15,-28.05,-15.98,0.971767,24
21-10-2025,NSE:GOLDIAM,EQ,4515.58,810856,3.2,3.17,5,359.2,0.48,0.11,-6.17,-2.92,-10.95,-1.68,-7.88,-45.31,-10.41,47.44,-1,-1,-1,HVQ,EEP,EEP,-1,-1,-1,-1,-1,-7.9,-13.77,-13.77,-33.79,-33.79,-7.9,-4.32,-32.68,-28.58,0,0,8.37,8.37,31.84,140.91,0.49,20.24,34.06,128.29,250.07,166,-12.1,-3.28,-14.93,-53.92,-10.77,0.927561,26,,,,,,,-12.1,7.9,-11.62,-36.38,33.04,0.992772,52
21-10-2025,NSE:NEPHROCARE,ST,247.3,25432,3.82,3.88,5,143,0.18,3.5,0.24,2.1,-2.83,0.42,-9.65,-19.2,-68.53,NA,-1,-1,HVY,-1,HV2Y,-1,-1,-1,-1,-1,-1,-1.35,-17.86,-17.86,-44.27,NA,-1.35,-15.54,-29.73,-56.54,-52.76,NA,5.11,35.29,35.29,NA,4.38,39.12,34.72,25.04,4.99,NA,-3.98,-1.18,-16.7,-27.81,-68.89,0.927514,26,,,,,,,-3.98,2.7,-15.64,-10.39,-32.37,0.961294,13
21-10-2025,NSE:YUKEN,EQ,1312.09,6007,3.02,2.98,6,916.9,-1.19,-0.02,-6.77,-6.64,-9.67,-23.84,5.28,-9.23,-30.7,28.59,-1,-1,-1,-1,HVQ,HV2Y,-1,-1,-1,-1,-1,-8.24,-20.5,-22.44,-24.97,-40.35,-8.24,-14.94,-3.95,-38.21,-34.84,-22.03,0.53,18.09,24.17,36.47,0.53,3.9,53.77,17.61,52.97,83.03,-10.82,-25.44,-1.77,-17.84,-31.06,0.927494,26,,,,,,,-10.82,-13.38,17.98,-17,-10.63,0.97525,29
21-10-2025,NSE:CHAMBLFERT,EQ,21795.39,967204,1.87,1.87,5,488.65,1.16,1.12,-4.5,-4.04,-11.16,-12.9,-40.12,-1.63,-2.65,27.36,-1,-1,-1,EEP,EEP,HV2Y,-1,-1,-1,-1,-1,-9.47,-14.23,-32.75,-32.75,-32.75,-9.47,-4.66,-24.08,-0.78,-10.98,-10.08,1.16,1.16,9.86,44.72,1.16,5.5,18.01,53.93,47.08,48.56,-12.31,-14.5,-47.17,-10.24,-3.01,0.927491,26,,,,,,,-12.31,-2.02,-29.64,25.79,8.01,0.998482,58
21-10-2025,NSE:CYIENTDLM,EQ,3794.41,266531,4.71,4.57,1,464.05,0.29,-0.88,3.44,10.34,-3.22,-2.25,-3.64,-29.56,-51.83,-64.17,-1,-1,-1,-1,-1,-1,-1,-1,-1,-1,-1,-4.95,-4.95,-6.08,-36.6,-46.65,-4.95,-2.88,-20.96,-41.63,-30.88,-19,11.54,11.54,19.75,19.75,11.54,14.44,22.45,24.12,2.59,17.65,-4.37,-3.85,-10.69,-38.17,-52.19,0.92743,26,,,,,,,-4.37,0.48,-6.89,-26.68,-8.17,0.965251,17
21-10-2025,NSE:TATATECH,EQ,29370.4,791428,1.99,1.99,6,685,0.61,-0.44,-4.08,1.28,-5.75,-4.58,-3.03,-17.74,-57.32,-62.1,-1,-1,-1,-1,-1,-1,-1,-1,-1,-1,-1,-4.54,-5.44,-13.03,-35.38,-40.97,-4.54,-1.39,-12.3,-37.04,-30.5,-7.14,4.22,5.86,12.59,12.59,2.65,10.22,17.74,16,1.46,10.38,-6.9,-6.18,-10.08,-26.35,-57.68,0.927372,26,,,,,,,-6.9,0.65,-4.05,-15.96,-24.6,0.963766,15
21-10-2025,NSE:JAYSREETEA,EQ,283.72,52929,2.68,2.73,5,97.59,0.71,4.66,-0.23,3.78,-0.72,-15.67,0.52,-15.18,-54.7,-15.43,-1,-1,-1,HVQ,HV2Y,HVQ,-1,-1,-1,-1,-1,-1.87,-14.72,-17.78,-33.98,-38.41,-1.87,-14.74,-4.9,-38.73,-29.06,-4.72,4.89,5.47,10.9,10.9,4.89,2.36,28.27,10.32,21.65,63.39,-1.87,-17.27,-6.53,-23.79,-55.06,0.927314,26,,,,,,,-1.87,-15.3,8.47,-17.46,-25.29,0.963754,15
21-10-2025,NSE:NCC,EQ,13624.27,2182627,2.07,2.07,4,209.37,0.32,2.53,-0.83,1.64,-3.64,-8.72,-3.98,-18.28,-47.82,-1.59,-1,-1,-1,-1,HV2Y,EEP,-1,-1,-1,-1,-1,-2.13,-7.94,-12.74,-33.8,-41.51,-2.13,-7.1,-10.05,-39.18,-30.81,-13.54,3.39,3.39,19.64,19.64,3.39,6.11,30.07,24.4,19.01,48.73,-4.79,-10.32,-11.03,-26.89,-48.18,0.927177,26,,,,,,,-4.79,-5.36,-1.17,-15.44,-15.95,0.965832,18
21-10-2025,NSE:EXXARO,EQ,408.93,761769,5.94,5.87,3,7.74,3.48,9.69,-5.3,-4.65,-17.31,-13.44,13.05,-29.07,-26.71,-43.54,-1,-1,HVQ,HVQ,HV2Y,HV2Y,-1,-1,-1,-1,-1,-11.95,-14.76,-25.36,-32.12,-32.9,-11.95,-6.39,-15.33,-40.98,-15.66,-17.21,10.73,30.74,37.72,37.72,10.73,23.37,56.23,19.75,29.77,27.4,-18.46,-15.04,6,-37.68,-27.07,0.927091,26,,,,,,,-18.46,2.84,17.82,-50.12,10.85,0.982923,38
21-10-2025,NSE:ADSL,EQ,1130.19,738767,3.96,3.95,5,185.19,1.08,1.35,-6.04,3.95,-7.39,3.53,-6.07,-25.58,-62.4,16.87,-1,-1,HVY,EEP,EEP,EEP,-1,-1,-1,-1,-1,-7.92,-8.86,-15.91,-38.27,-40.14,-7.92,-2.12,-35.12,-36.5,-24.82,-2.78,18.92,18.92,18.92,44.17,4.11,27.72,2.74,12.97,81.06,134.14,-8.54,1.93,-13.12,-34.19,-62.76,0.927045,26,,,,,,,-8.54,9.71,-15.49,-20.07,-20.3,0.964675,17
21-10-2025,NSE:GGBL,SM,1013.24,35058,3.87,3.81,0,380.45,0.78,-4.44,-13.29,-2.64,-7.66,-35.73,8.36,-32.32,-1.03,NA,-1,-1,-1,-1,HV2Y,HV2Y,-1,-1,-1,-1,-1,-12.54,-26.53,-30.64,-37.71,NA,-12.54,-25.32,-5.85,-42.91,-17.58,NA,3.28,4.42,28.08,NA,3.28,0.64,73.84,17.37,51.83,NA,-8.81,-37.33,1.31,-40.93,-1.39,0.926779,26,,,,,,,-8.81,-26.53,26.95,-46.07,32.67,1.00124,62
21-10-2025,NSE:VINYLINDIA,EQ,538.1,11850,3.5,3.53,5,280,0.34,1.14,-3.43,-2.86,-4.61,-10.39,-3.71,-21.84,-36.04,-39.89,-1,-1,-1,HV2Q,HV2Q,HV2Y,-1,-1,-1,-1,-1,-5.39,-9.52,-18.16,-28.04,-35,-5.39,-9.46,-9.66,-32.58,-21.44,-12.29,3.49,3.49,27.06,27.06,1.16,8.26,40.27,31.78,7.98,20.56,-5.76,-11.99,-10.76,-30.45,-36.4,0.926775,25,,,,,,,-5.76,-5.99,0.52,-19.16,-2.63,0.970365,23
21-10-2025,NSE:IRCON,EQ,17399.54,3125504,2.48,2.51,6,170.76,0.31,-0.66,-6.93,0.97,-8.45,-11.72,4.56,-29.08,-30.89,-13.76,-1,-1,HVQ,HV2Q,EEP,EEP,-1,-1,-1,-1,-1,-6.48,-9.23,-22.54,-27.69,-49.3,-6.48,-9.39,-13.84,-48.9,-34.56,-33.64,6.51,15.76,23.59,23.59,1.02,15.51,38.08,17.95,21.28,20.69,-9.6,-13.32,-2.49,-37.69,-31.25,0.92665,25,,,,,,,-9.6,-3.48,9.05,-36.93,7.61,0.975305,29
21-10-2025,NSE:SATIA,EQ,834.9,73869,2.57,2.55,6,78.24,1.78,-0.23,-3.66,-0.63,-6.52,-13.08,3.8,-20.4,-43.2,-53.69,-1,-1,HV2Q,HV2Q,-1,EEP,-1,-1,-1,-1,-1,-5.87,-11.43,-16.54,-31.4,-44.05,-5.87,-11.1,-5.63,-42.15,-33.38,-20.76,1.78,12.85,18.33,18.33,1.78,4.06,33.8,13.84,8.69,6.45,-7.67,-14.68,-3.25,-29.01,-43.56,0.926635,25,,,,,,,-7.67,-6.62,9.39,-26.83,-9.92,0.968557,21
21-10-2025,NSE:CEIGALL,EQ,4813.28,306338,3,3.07,6,260.3,-1.12,3.86,-1.38,-1.13,-6.03,-4.03,-2.59,-27.08,-45.26,NA,-1,-1,HV2Q,HV2Q,-1,-1,-1,-1,-1,-1,-1,-7.22,-7.22,-9.19,-31.39,NA,-7.22,-3.72,-17.64,-33.94,-18.17,NA,6.14,8.35,8.35,NA,4.98,13.01,12.72,10.72,11.17,NA,-7.18,-5.63,-9.64,-35.69,-45.62,0.926558,25,,,,,,,-7.18,1.42,-4.15,-25.55,-5.28,0.96791,20
21-10-2025,NSE:TCIEXP,EQ,2737.74,26479,3.09,3.04,4,680.1,0.38,4.02,-4.71,-7.07,-4.51,-6.93,-2.43,-21.53,-51.26,-87.73,-1,-1,-1,-1,-1,-1,-1,-1,-1,-1,-1,-10.64,-10.64,-17.42,-33.78,-45.98,-10.64,-8.27,-13.03,-42.63,-40.28,-25.68,4.19,4.19,10.99,10.99,4.19,6.91,18.69,13.68,7.33,2.84,-5.66,-8.53,-9.48,-30.14,-51.62,0.926257,25,,,,,,,-5.66,-2.78,-1.32,-20.33,-15.44,0.964773,17
21-10-2025,NSE:CONCOR,EQ,42231.71,1216336,1.65,1.67,6,534.1,0.06,1.28,0.31,2.02,-3.68,-14.86,-6.36,-16.24,-32.68,-36.85,-1,-1,-1,-1,-1,EEP,-1,-1,-1,-1,-1,-2.92,-12.35,-17.53,-23.49,-43.14,-2.92,-11.8,-5.27,-32.28,-33.91,-24.56,2.06,2.93,7.04,7.04,2.06,5.01,22.95,13.85,6.54,6.5,-4.83,-16.46,-13.41,-24.85,-33.04,0.926208,25,,,,,,,-4.83,-11.24,1.87,-10.97,-5.12,0.971288,24
21-10-2025,NSE:RANASUG,EQ,225.74,190513,2.93,2.92,6,14.28,0.21,-1.61,0.07,0.63,-2.66,-7.07,-2.59,-25.91,-49.79,-71.92,-1,-1,-1,-1,-1,HV2Y,-1,-1,-1,-1,-1,-5.24,-5.68,-17.98,-32.16,-46.34,-5.24,-10.66,-16.81,-43.52,-33.04,-20.34,1.93,11.04,17.24,17.24,0.85,4.64,25.53,20.28,9.43,10.26,-3.81,-8.67,-9.64,-34.52,-50.15,0.926103,25,,,,,,,-3.81,-4.76,-1.34,-24.41,-9.95,0.964914,17
21-10-2025,NSE:WSTCSTPAPR,EQ,3189.5,171200,3.17,3.16,5,462.9,2.71,-0.69,-3.19,-0.35,-4.39,-21.1,1.86,-17.3,-32.64,-40.26,-1,-1,HVQ,HVQ,EEP,EEP,-1,-1,-1,-1,-1,-7.77,-17.43,-17.8,-26.77,-37.34,-7.77,-14.2,-0.46,-32.56,-30.65,-21.58,2.71,9.3,18.33,18.33,2.71,0,43.29,16.13,1.51,7.07,-5.54,-22.7,-5.19,-25.91,-33,0.926013,25,,,,,,,-5.54,-16.47,13.42,-21.2,-4.06,0.972624,25
21-10-2025,NSE:JUNIPER,EQ,6819.7,95858,3.34,3.32,3,278.95,3.49,6.2,0.22,-0.3,-9.97,-14.77,-0.29,-10.13,-39.31,NA,-1,-1,-1,EEP,EEP,-1,-1,-1,-1,-1,-1,-7.28,-13.1,-14.82,-28.11,NA,-7.28,-6.02,-2.24,-35.51,-41.19,NA,7.23,7.23,20,NA,7.23,11.73,37.73,20.35,7.09,NA,-11.12,-16.37,-7.34,-18.74,-39.67,0.925877,25,,,,,,,-11.12,-4.83,7.09,-11.49,-17.48,0.970179,23
21-10-2025,NSE:ASHOKA,EQ,5496,733274,2.37,2.37,3,193.02,0.86,2.2,3.1,2.86,-0.92,-4.9,-2.59,-49.93,-32.87,16.93,-1,-1,-1,-1,-1,EEP,-1,-1,-1,-1,-1,-0.49,-5.49,-13.73,-38.37,-38.37,-0.49,-10.14,-30.26,-36.77,-7.6,-5.41,11.71,11.71,16.42,32.21,4.5,12.74,22.13,19.44,98.22,75.66,-2.07,-6.5,-9.64,-58.54,-33.23,0.925866,25,,,,,,,-2.07,-4.4,-3.33,-47.83,20.4,0.97571,29
21-10-2025,NSE:VAIBHAVGBL,EQ,4129,351424,2.74,2.69,3,224.96,0.51,2.99,2.23,-0.85,-9.95,-6.53,-1.61,-26.18,-32.82,-94.52,-1,-1,HV2Q,HVQ,HV2Y,EEP,-1,-1,-1,-1,-1,-10.27,-11.68,-13.56,-31.92,-53.46,-10.27,-2.89,-17.14,-33.04,-45.58,-42.71,10.13,10.13,12.14,12.14,3.08,21.09,19.47,13.95,5.76,7.52,-11.1,-8.13,-8.66,-34.79,-33.18,0.925703,25,,,,,,,-11.1,2.65,-0.91,-25.86,3.75,0.973769,27
21-10-2025,NSE:PLATIND,EQ,1768.58,385341,3.58,3.61,5,295.55,1.11,6.29,4.08,-1.57,-9.12,-7.29,7.17,-29.99,-49.94,NA,-1,-1,HV2Q,HVQ,2,HV2Y,-1,-1,-1,-1,-1,-9.09,-9.09,-9.09,-40.53,NA,-9.09,0,-17.83,-44.8,-22.7,NA,12.85,27.75,27.75,NA,6.72,23.14,37.07,15.93,124.15,NA,-10.27,-8.89,0.12,-38.6,-50.3,0.92541,25,,,,,,,-10.27,1.21,7.95,-41.72,-6.32,0.96796,20
21-10-2025,NSE:MTNL,EQ,1247.19,1736909,2.16,2.2,6,41.78,0.67,-1.12,-3.33,-3.69,-8.04,-20.34,-6.1,-9.55,-23.48,-3.52,-1,-1,HV2Q,HV2Q,HV2Y,HV2Y,-1,-1,-1,-1,-1,-6.55,-16.29,-23.21,-28.65,-56.96,-6.55,-15.15,-10.34,-54.34,-52.85,-46.86,0.67,7.07,7.07,29.95,0.67,6.56,28.86,11.19,42.36,60.47,-9.19,-21.94,-13.15,-18.16,-23.84,0.925401,25,,,,,,,-9.19,-11.85,6.3,-4.93,-3.7,0.976065,30
21-10-2025,NSE:SUNDROP,EQ,3113.76,19395,3.09,3.07,5,778.7,3.79,4.24,-1.26,-1.18,-5.92,-19.42,-3.93,-17.96,-21.93,-8.27,-1,-1,EEP,-1,HVQ,EEP,-1,-1,-1,-1,-1,-4.89,-15.94,-16.26,-28.17,-28.17,-4.89,-11.3,0,-25.34,-15.27,-7.42,5.19,5.19,5.19,18.16,5.19,4.23,24.35,8.22,39.39,44.08,-7.07,-21.02,-10.98,-26.57,-22.29,0.925328,25,,,,,,,-7.07,-13.2,7.44,-15.18,5.65,0.976689,30
21-10-2025,NSE:VENKEYS,EQ,2143.39,46114,1.78,1.79,6,1461.8,0.71,-0.42,-3.62,-1.74,-4.04,-6.99,-18.78,-18.73,-29.93,-19.41,-1,-1,-1,-1,EEP,EEP,-1,-1,-1,-1,-1,-3.74,-6.46,-16.2,-23.37,-41.92,-3.74,-5.87,-18.01,-31.02,-31.04,-24.54,4.51,4.51,4.51,4.51,0.93,8.73,1.25,12.4,12.76,23.39,-5.19,-8.59,-25.83,-27.34,-30.29,0.924836,25,,,,,,,-5.19,-3.3,-16.55,-1.64,-0.41,0.974205,27
21-10-2025,NSE:PENINLAND,EQ,1166.4,817005,5.25,5.17,6,33.53,0.12,-0.12,-3.64,5.43,-7.31,-23.38,17.95,-28.57,-51.77,-76.86,-1,-1,HV2Q,HV2Q,-1,HV2Y,-1,-1,-1,-1,-1,-6.84,-17.47,-23.83,-37.39,-55.78,-6.84,-18.26,-6.02,-60.55,-43.15,-32.89,5.74,31.08,52.62,52.62,5.74,31.03,88.3,25.22,14.17,10.75,-8.46,-24.98,10.9,-37.18,-52.13,0.924691,25,,,,,,,-8.46,-15.44,27.97,-58.39,-9.03,0.97378,27
21-10-2025,NSE:TRACXN,EQ,545.92,277054,3.23,3.18,4,53.97,1.28,2.11,6.93,7.71,5.32,-11.64,-1.57,-37.02,-56.53,-82.69,-1,-1,HV2Q,HV2Q,HVQ,HVQ,-1,-1,-1,-1,-1,-2.37,-9.02,-14.56,-37.18,-48.94,-2.37,-17.74,-18.4,-46.51,-35.75,-26.6,8.88,8.88,8.88,8.88,8.35,3.09,20.86,9.97,9.05,7.48,4.17,-13.24,-8.62,-45.63,-56.89,0.92468,25,,,,,,,4.17,-18.37,3.48,-36.58,-5.22,0.962371,14
21-10-2025,NSE:ROSSARI,EQ,3775.75,73585,3.84,3.78,4,647.4,-1.35,0.08,2.93,5.18,-4.27,-8.97,-6.56,-25.93,-34.98,-13.03,-1,-1,EEP,EEP,-1,HV2Y,-1,-1,-1,-1,-1,-3.74,-10.22,-12.9,-26.28,-31.3,-3.74,-9.18,-13.91,-26.79,-13.49,-7.27,5.47,5.47,8.81,8.81,5.47,9.55,18.56,15.95,21.57,30.3,-5.42,-10.57,-13.61,-34.54,-35.34,0.924524,25,,,,,,,-5.42,-4.96,-3.33,-19.86,1.84,0.970613,23
21-10-2025,NSE:MAHSEAMLES,EQ,8482.15,176891,2.37,2.4,5,583.95,2.34,1.2,-0.17,-1.37,-8.04,-20.53,-19.99,-11.91,-5.29,-59.54,-1,-1,-1,HVQ,HV2Y,HV2Y,-1,-1,-1,-1,-1,-4.89,-20.55,-23.46,-25.8,-40.68,-4.89,-17.3,-7.74,-10.96,-38.08,-41.75,2.77,2.77,2.77,2.77,2.77,0.65,16.82,22.96,14.68,6.67,-9.19,-22.13,-27.04,-20.52,-5.65,0.924519,25,,,,,,,-9.19,-12.02,-5.08,5.06,14.93,0.986761,44
21-10-2025,NSE:FCL,EQ,2703.4,1421680,3.43,3.62,6,245.9,0.87,3.65,0.68,-4.64,4.16,-11.92,-1.07,-28.63,-66.86,-59.13,-1,-1,-1,EEP,EEP,EEP,-1,-1,-1,-1,-1,-4.44,-12.02,-12.55,-38.93,-45.33,-4.44,-16.19,-19.49,-41.18,-29.68,-8.78,7.8,7.8,14.87,14.87,5.92,3.31,28.56,16.09,12.92,26.77,3.01,-13.52,-8.12,-37.24,-67.22,0.924451,24,,,,,,,3.01,-17.24,4.16,-28.95,-20.7,0.958592,11
21-10-2025,NSE:ARVSMART,EQ,2979.06,48576,2.64,2.74,3,627.45,0.52,3.44,3.57,-3.72,-3.47,-3.7,-13.3,-26.39,-39.22,7.86,-1,-1,-1,-1,HV2Y,EEP,-1,-1,-1,-1,-1,-5.37,-5.37,-13.02,-37.68,-37.68,-5.37,-4.69,-18.92,-29.4,-21.24,0,7.68,7.68,7.68,15.12,4.88,11.42,5.23,14.78,51.97,67.39,-4.62,-5.3,-20.35,-35,-39.58,0.924451,24,,,,,,,-4.62,-0.68,-14.79,-13.24,-1.13,0.969775,22
21-10-2025,NSE:IGARASHI,EQ,1712.24,73254,3.95,3.92,5,515.3,0.98,-0.26,0.47,4.03,-5.42,-14.86,6.4,-31.54,-38.87,6.51,-1,-1,-1,-1,HV2Y,HV2Y,-1,-1,-1,-1,-1,-4.65,-17.62,-17.62,-37.87,-37.87,-4.65,-13.16,-12.98,-41.85,-18.27,-6.82,9.04,16.91,22.49,25.59,4.2,17.21,40.68,14.64,65.2,74.41,-6.57,-16.46,-0.65,-40.15,-39.23,0.924199,24,,,,,,,-6.57,-9.41,12.98,-42.21,3.44,0.971608,24
21-10-2025,NSE:XCHANGING,EQ,998.62,79334,2.15,2.14,6,85.74,0.40,1.54,0.49,0.84,-4.21,-8.64,-8.5,-25.15,-35.08,-51.39,-1,-1,-1,-1,HVQ,HV2Y,-1,-1,-1,-1,-1,-1.65,-8.34,-15.56,-28.9,-50.35,-1.65,-10.49,-16.43,-32.33,-37.87,-32.94,1.95,2.58,3.04,3.04,1.56,6.24,11.95,11.8,2.78,8.96,-5.36,-10.24,-15.55,-33.76,-35.44,0.923877,24,,,,,,,-5.36,-4.71,-5.4,-17.02,1.08,0.97044,23
21-10-2025,NSE:SPORTKING,EQ,1397.16,126037,3.85,3.81,6,96.56,0.29,0.79,-5.58,-1.84,-13.54,-33.89,5.15,-7.73,-17.09,16,-1,-1,-1,HV2Q,HV2Y,HV2Y,-1,-1,-1,-1,-1,-12.3,-27.07,-27.97,-27.97,-38.6,-12.3,-18.22,-3.56,-41.76,-33.85,-28.1,1.23,7.05,34.71,34.71,1.23,3.27,80.36,27.78,40.67,52.9,-14.69,-35.49,-1.9,-16.34,-17.45,0.923778,24,,,,,,,-14.69,-18.38,23.62,-15.25,0.33,0.983252,39
21-10-2025,NSE:ALEMBICLTD,EQ,2734.73,264227,2.28,2.26,5,102.56,1.10,4.86,0.93,2.04,-3.87,-15.04,-3.69,-21.89,-34.44,4.4,-1,-1,-1,HVQ,HVQ,HV2Y,-1,-1,-1,-1,-1,-2.43,-13.6,-16.64,-31.61,-37.53,-2.43,-13.41,-7.57,-35.23,-23.85,-16.01,5.1,5.1,15.26,28.84,5.1,5.26,32.59,19.51,57.05,73.22,-5.02,-16.64,-10.74,-30.5,-34.8,0.923758,24,,,,,,,-5.02,-11.21,4.34,-19.24,-1.28,0.970351,23
21-10-2025,NSE:NILAINFRA,EQ,413.19,521141,4.59,4.68,5,10.15,0.79,-0.1,1.28,-1.38,-2.96,-16.85,-3.25,-27.19,-27.68,-38.42,-1,-1,-1,HVQ,HV2Q,HV2Q,-1,-1,-1,-1,-1,-6.8,-14.56,-22.46,-29.46,-36.64,-6.8,-19.55,-9.4,-34.58,-19.41,-19.1,2.01,10.45,17.61,17.61,2.01,0.97,37.43,21.44,35.18,35.71,-4.11,-18.45,-10.3,-35.8,-28.04,0.923461,24,,,,,,,-4.11,-13.95,6.11,-24.87,8.63,0.973936,27
21-10-2025,NSE:UNITECH,BZ,2002.81,3110697,4.4,4.75,1,7.12,-0.28,0,-3.79,-4.63,-7.44,-9.83,7.87,-31.32,-53.37,-120.51,-1,-1,-1,-1,-1,-1,-1,-1,-1,-1,-1,-5.82,-7.53,-28.94,-37.71,-57.74,-5.82,-15.56,-24.08,-49.85,-50.53,-42.22,4.55,24.26,26.02,26.02,1.86,12.33,38.41,16.11,10.65,29.23,-8.59,-11.43,0.82,-39.93,-53.73,0.923448,24,,,,,,,-8.59,-2.68,10.58,-44.21,-7.77,0.966178,18
21-10-2025,NSE:UNIMECH,EQ,5655.29,54459,3.2,3.53,5,982.2,4.42,5.78,1.63,-4.11,-12.28,-21.04,-5.2,-29.11,NA,NA,-1,-1,-1,HVQ,-1,-1,-1,-1,-1,-1,-1,-7.84,-19.76,-28.05,NA,NA,-7.84,-16.78,-12.91,-29.09,NA,NA,6.14,10.01,NA,NA,6.14,8.06,38.16,20.08,NA,NA,-13.43,-22.64,-12.25,-37.72,0,0.923341,24,,,,,,,-13.43,-8.27,7.56,-24.4,109.02,0.97188,24
21-10-2025,NSE:HMAAGRO,EQ,1627.5,270362,2.7,2.66,5,30.23,0.40,0.36,-2.22,-3.41,-7.08,0.03,-9.69,-27.09,-49.72,-147.93,-1,-1,-1,-1,HV2Q,HV2Y,-1,-1,-1,-1,-1,-8.48,-8.48,-18.78,-38.39,-59.8,-8.48,-3.08,-23.49,-39.19,-49.94,-41.03,0.7,1.82,7.54,7.54,0.7,9.03,7.51,17.97,4.37,0,-8.23,-1.57,-16.74,-35.7,-50.08,0.923286,24,,,,,,,-8.23,6.18,-15.26,-17.54,-8.78,0.967196,19
21-10-2025,NSE:TATAELXSI,EQ,35624.01,176418,2.36,2.35,5,5354.5,-0.80,0.36,-0.65,1,-6.87,-15.76,-2.34,-15.5,-38.21,-40.04,-1,-1,-1,EEP,EEP,HV2Y,-1,-1,-1,-1,-1,-4.5,-14.13,-20.14,-27.73,-40.32,-4.5,-10.31,-7.55,-38.92,-31.07,-17.51,2.46,2.46,12.68,12.68,2.46,9.33,30.44,15.32,4.08,10.52,-8.02,-17.36,-9.39,-24.11,-38.57,0.923262,24,,,,,,,-8.02,-8.78,6.06,-14.53,-10.65,0.969178,21
21-10-2025,NSE:ATMASTCO,SM,524,49192,4.31,4.28,5,198.5,-0.10,-1.91,-5.57,-4.06,-6.3,-22.47,0.81,-42.85,-5.47,NA,-1,-1,HVQ,HVQ,-1,-1,-1,-1,-1,-1,-1,-9.63,-23.31,-23.31,-34.01,NA,-9.63,-18.49,-19.18,-38.28,-25.73,NA,1.02,19.15,19.15,NA,1.02,13.44,45.92,12.29,196.76,NA,-7.45,-24.07,-6.24,-51.46,-5.83,0.923044,24,,,,,,,-7.45,-15.67,13.47,-45.69,35.19,0.994036,53
21-10-2025,NSE:GUJGASLTD,EQ,30013.81,277299,2.02,2.03,6,417.35,1.10,-2.16,-3.17,-1.9,-4.22,-11.9,-8.82,-17.22,-40.48,-34.29,-1,-1,-1,-1,EEP,EEP,-1,-1,-1,-1,-1,-4.42,-12.39,-16.43,-26.81,-38.63,-4.42,-12.91,-7.2,-33.21,-28.06,-13.78,1.1,1.1,12.74,12.74,1.1,3.78,26.15,22.68,8.41,13.49,-5.37,-13.5,-15.87,-25.83,-40.84,0.922904,24,,,,,,,-5.37,-7.83,-2.78,-9.4,-10.83,0.967786,20
21-10-2025,NSE:EXCELINDUS,EQ,1478.31,13213,2.65,2.61,6,1133.3,0.10,-0.87,0.12,-0.86,-3.5,-21.14,-0.86,-14.06,-42.52,25.82,-1,-1,-1,-1,-1,HV2Y,-1,-1,-1,-1,-1,-2.99,-19.51,-19.51,-31.61,-31.61,-2.99,-16.69,-1.17,-31.02,-22,-2.4,0.63,14.78,35.75,60.16,0.63,3.37,64.45,36.92,82.67,128.26,-4.65,-22.74,-7.91,-22.67,-42.88,0.922853,24,,,,,,,-4.65,-17.5,11.21,-14.76,-15.93,0.967699,20
21-10-2025,NSE:PCBL,EQ,15472.19,779241,2.42,2.43,3,368.3,1.94,-2.88,-2.8,-1.68,-12.29,-14.53,-14.5,0.52,-35.91,19.73,-1,-1,-1,-1,HV2Y,HV2Y,-1,-1,-1,-1,-1,-8.66,-11.35,-15.22,-24.75,-36.24,-8.66,-4.8,-3.12,-26.99,-36.57,-13.34,1.94,2.75,4.73,70.59,1.94,12.1,19.95,52.73,69.71,131.84,-13.44,-16.13,-21.55,-8.09,-36.27,0.922833,24,,,,,,,-13.44,-2.45,-5.51,11.43,-27.59,0.974625,27
21-10-2025,NSE:ENIL,EQ,787.04,23532,3.33,3.28,6,141.9,0.25,-1.59,-5.86,-11.04,-16.1,-3.61,-1.55,-17.16,-47.67,-83.69,-1,-1,-1,EEP,EEP,EEP,-1,-1,-1,-1,-1,-13.87,-17.01,-17.01,-30.74,-59.01,-13.87,-3.65,-13.68,-42.94,-51.98,-39.47,3.15,11.56,13.67,13.67,0.25,19.77,17.78,15.44,6.05,8.52,-17.25,-5.21,-8.6,-25.77,-48.03,0.922757,24,,,,,,,-17.25,10.3,-3.54,-17.05,-17.02,0.96999,22
21-10-2025,NSE:AJANTPHARM,EQ,31796.12,104327,2.46,2.47,4,2447.6,0.46,2.27,-0.48,0.94,-3.96,-13.46,-9.59,-17.17,-36.42,11.29,-1,-1,-1,-1,HVQ,EEP,-1,-1,-1,-1,-1,-3.82,-13.3,-13.3,-24.38,-28.57,-3.82,-9.87,-6.89,-21.72,-16.3,-2.55,2.32,2.32,3.08,18.53,2.32,3.78,16.96,17.38,38.89,61.7,-5.11,-15.06,-16.64,-25.78,-36.78,0.922709,24,,,,,,,-5.11,-9.6,-2.12,-8.6,-7.41,0.969251,21
21-10-2025,NSE:SHOPERSTOP,EQ,6100.21,63350,3.25,3.2,6,518.6,-0.95,0.57,-0.47,-0.23,-7.5,-6.1,-6.03,-21.73,-45.92,-41.55,-1,-1,-1,-1,EEP,EEP,-1,-1,-1,-1,-1,-7.03,-7.03,-10,-30.65,-43.26,-7.03,-3.25,-13.38,-39.84,-30.93,-17.21,1.44,6.91,7.86,7.86,1.09,14.3,14.44,14.36,8.86,8.36,-8.65,-7.7,-13.08,-30.34,-46.28,0.922702,24,,,,,,,-8.65,0.84,-5.46,-16.49,-10.85,0.966906,19
21-10-2025,NSE:GODREJAGRO,EQ,14114.99,194324,2.94,2.88,5,672.05,1.50,2.33,-0.3,-6.09,-8.82,-20.02,-14.46,-9.64,-16.23,22.72,-1,-1,-1,-1,-1,EEP,-1,-1,-1,-1,-1,-8.55,-21.28,-21.28,-21.28,-22.3,-8.55,-14.33,-1.51,-10.64,-14.81,-9.68,2.93,2.93,2.93,38.61,2.93,0.89,21.21,11.47,51.97,61.11,-9.97,-21.62,-21.51,-18.25,-16.59,0.922599,24,,,,,,,-9.97,-10.75,-0.9,2.53,3.01,0.979654,34
21-10-2025,NSE:GHCLTEXTIL,EQ,783.8,78049,2.42,2.43,6,78.25,1.87,2.42,1.56,0.29,-4.29,-18.63,-7.19,-23.69,-20.69,-3.13,-1,-1,-1,HVQ,HV2Y,HV2Y,-1,-1,-1,-1,-1,-2.04,-16.11,-18.83,-30.77,-33.36,-2.04,-15.34,-4.45,-28.56,-17.57,-19.57,2.48,2.48,8.21,8.21,2.48,6.6,28.38,16,33.04,29.81,-5.44,-20.23,-14.24,-32.3,-21.05,0.922543,23,,,,,,,-5.44,-14.21,4.11,-17.07,11.45,0.976892,30
21-10-2025,NSE:MAGADSUGAR,EQ,804.14,10984,3.25,3.21,0,564.85,3.24,-0.16,-0.92,2.63,-1.81,-10.15,-26.9,-4.58,-47.71,-12.19,-1,-1,-1,HVQ,HVQ,HV2Y,-1,-1,-1,-1,-1,-5.12,-7.72,-26.94,-31.63,-41,-5.12,-14.81,-19.52,-25.13,-38.3,-12.86,12.88,12.88,22.89,22.89,3.66,14.93,35.36,55.94,12.51,58.92,-2.96,-11.75,-33.95,-13.19,-48.07,0.922461,23,,,,,,,-2.96,-8.65,-20.73,15.91,-32.23,0.971168,24
21-10-2025,NSE:SYNGENE,EQ,26833.75,620249,2.18,2.18,6,641.85,-0.32,2.52,1.43,4.29,-3.68,-4.55,-14.62,-27.28,-38.06,-15.27,-1,-1,-1,-1,-1,-1,-1,-1,-1,-1,-1,-2.05,-11.11,-14.32,-32.28,-32.28,-2.05,-7.84,-20.77,-22.38,-13.81,-5.55,5.32,5.32,5.32,5.32,5.32,6.32,9.88,12.92,25.3,35.91,-4.83,-6.15,-21.67,-35.89,-38.42,0.922351,23,,,,,,,-4.83,-1.3,-15.16,-12.72,0.55,0.969908,22
21-10-2025,NSE:DIGITIDE,EQ,2725.77,282609,4.53,4.43,2,161.39,0.29,-1.69,-10.3,-0.55,-13.07,-58.6,NA,NA,NA,NA,-1,-1,-1,-1,-1,-1,-1,-1,-1,-1,-1,-10.16,-39.78,NA,NA,NA,-10.16,-31.9,NA,NA,NA,NA,1.63,NA,NA,NA,1.63,0,NA,NA,NA,NA,-14.22,-60.2,0,0,0,0.922179,23,,,,,,,-14.22,-40.73,94.47,-1.68,9.02,0.947351,5
21-10-2025,NSE:IRB,EQ,26269.65,8987493,1.98,2,5,43.23,0.37,2.45,4.02,5.53,-0.83,-12.24,-12.31,-21.54,-38.61,-42.49,-1,-1,-1,-1,-1,-1,-1,-1,-1,-1,-1,-0.53,-11.05,-18.68,-28.32,-43.75,-0.53,-13.24,-15.35,-29.69,-31.63,-22.03,5.85,5.85,5.85,5.85,5.85,3.17,13.98,14.05,14.72,17.61,-1.98,-13.84,-19.36,-30.15,-38.97,0.922175,23,,,,,,,-1.98,-11.77,-5.59,-9.9,-5.03,0.967967,20
21-10-2025,NSE:NEOGEN,EQ,4184.92,41921,2.46,2.45,5,1508.4,2.61,3.16,0.95,0.5,-5.02,-3.37,-9.08,-33.89,-39.42,14.37,-1,-1,HV2Q,-1,HVQ,EEP,-1,-1,-1,-1,-1,-3.3,-5.92,-13.6,-35.98,-35.98,-3.3,-5.16,-28.25,-30.17,-14.29,-10.03,7.87,7.87,7.87,26.31,3.33,13.28,8.9,14.92,69.12,76.1,-6.17,-4.97,-16.13,-42.5,-39.78,0.92214,23,,,,,,,-6.17,1.11,-11.05,-24.43,4.9,0.969887,22
21-10-2025,NSE:LLOYDSENGG,EQ,7422.35,2767463,3.22,3.25,3,60.48,1.49,1.62,-0.96,3.8,-5.31,-30.47,2.18,-21.36,-18.58,30.7,-1,-1,HVQ,EEP,EEP,EEP,-1,-1,-1,-1,-1,-3.74,-22.83,-26.05,-26.05,-26.05,-3.74,-22.12,-3.51,-27.15,-9.62,-11.68,4.24,25.32,28.87,56.87,4.24,10.63,68.15,26.06,90.37,86.01,-6.46,-32.07,-4.87,-29.97,-18.94,0.92213,23,,,,,,,-6.46,-24.36,19.5,-25.75,11.31,0.981192,36
21-10-2025,NSE:RUPA,EQ,1669.14,120107,2.34,2.32,6,195.84,0.29,-1.48,-2.32,-2.11,-6.99,-12,-1.15,-19.73,-46.29,-39.09,-1,-1,HV2Q,HV2Q,HV2Y,EEP,-1,-1,-1,-1,-1,-5.71,-10.86,-14.75,-30.84,-44.47,-5.71,-8.79,-7.9,-43.84,-33.52,-18.77,3.6,5.26,12.06,12.06,0.29,10.83,25.5,13.34,3.93,22.07,-8.14,-13.6,-8.2,-28.34,-46.65,0.92212,23,,,,,,,-8.14,-5.15,4.16,-20.05,-13.17,0.966073,18
21-10-2025,NSE:RAMASTEEL,EQ,1620.03,14334063,2.53,2.49,5,10,0.50,0.5,-1,2.2,-3.8,-17.2,-4.2,-17.8,-39.3,-35.67,-1,-1,-1,HVQ,HV2Y,HV2Y,-1,-1,-1,-1,-1,-2.53,-14.16,-27.48,-28.77,-39.47,-2.53,-14.71,-15.01,-36.92,-28.69,-15.68,2.25,8.46,8.7,8.7,2.25,4.85,27.39,13.26,16.87,38.19,-4.95,-18.8,-11.25,-26.41,-39.66,0.921994,23,,,,,,,-4.95,-13.37,5.56,-14.73,-9.23,0.968008,20
21-10-2025,NSE:IRIS,BE,668.52,24632,3.54,3.48,5,320.65,1.15,2.99,-1.37,1.4,-1.62,-16.44,3.7,-72.23,-11.74,51.24,-1,-1,-1,-1,HVQ,HV2Y,-1,-1,-1,-1,-1,-1.7,-18.44,-22.33,-44.23,-44.23,-1.7,-21.07,-31.01,-46.3,-3.96,-5.71,4.26,33.58,33.58,187.97,4.26,33.11,55.53,25.61,395.96,221.78,-2.77,-18.04,-3.35,-80.84,-12.1,0.921966,23,,,,,,,-2.77,-15.04,11.76,-80.52,44.14,0.999976,60
21-10-2025,NSE:BASF,EQ,20207.9,12835,2.24,2.25,5,4535.7,0.99,1.19,-2.87,2.52,-2.65,-10.74,-2.72,-11.74,-83.32,25.2,-1,-1,-1,HVQ,EEP,EEP,-1,-1,-1,-1,-1,-3.24,-11.96,-15,-45.6,-46.99,-3.24,-10.56,-5.87,-45.54,-40.76,-2.82,3.15,5.51,9.39,43.41,3.15,3.93,21.14,12.36,71.18,180.82,-3.8,-12.34,-9.77,-20.35,-83.68,0.921868,23,,,,,,,-3.8,-8.34,1.71,-10.46,-55.03,0.95579,9
21-10-2025,NSE:HPL,EQ,3105.71,195901,3.29,3.27,5,450.8,0.55,4.47,-1.84,-0.64,-7.38,-31.83,1.12,-14.37,-19.7,34.98,-1,-1,-1,EEP,EEP,EEP,-1,-1,-1,-1,-1,-5.84,-24.31,-28.39,-28.39,-32.97,-5.84,-23.11,-5.59,-33.72,-23.34,-19.77,4.68,15.26,26.06,55.99,4.68,4.89,66.19,24.65,80.41,88.8,-8.53,-33.43,-5.93,-22.98,-20.06,0.921711,23,,,,,,,-8.53,-23.24,19.47,-17.35,4.37,0.979803,34
21-10-2025,NSE:RPSGVENT,EQ,2904.82,38094,2.71,2.73,5,830.1,1.27,2.66,-0.21,1.16,-5.26,-13.09,-4.78,-22.16,-37.95,18.24,-1,-1,-1,EEP,EEP,EEP,-1,-1,-1,-1,-1,-6.73,-16.9,-16.9,-32.84,-33.11,-6.73,-12.53,-8.9,-29.91,-18.28,-7.72,2.74,10.78,11,38.91,2.74,1.48,25.53,24.78,69.69,91.62,-6.41,-14.69,-11.83,-30.77,-38.31,0.921617,23,,,,,,,-6.41,-7.9,1.83,-18.27,-3.91,0.968638,21
21-10-2025,NSE:ANUHPHR,EQ,894,46909,2.93,2.94,6,81.12,0.91,2.33,-0.31,-2.11,-8.64,-27.5,-7.25,-27.35,NA,NA,-1,-1,HV2Y,HVQ,HVQ,-1,-1,-1,-1,-1,-1,-6.25,-21.23,-26.53,NA,NA,-6.25,-20.18,-6.32,-24.68,NA,NA,2.96,2.96,NA,NA,2.96,4.44,38.66,16.64,NA,NA,-9.79,-29.1,-14.3,-35.96,0,0.921222,23,,,,,,,-9.79,-17.82,10.35,-20.41,109.02,0.971906,24
21-10-2025,NSE:BLKASHYAP,EQ,1501.66,416935,3.76,3.7,3,63.1,1.63,3.2,4.72,2.5,-5.88,-14.47,-4.44,-17.56,-42.03,-21.47,-1,-1,-1,HV2Q,HV2Q,HV2Y,-1,-1,-1,-1,-1,-3.12,-20.14,-20.14,-27.44,-46.02,-3.12,-15.44,-4.01,-43.62,-36.54,-23.33,8.31,8.31,36.14,36.14,8.31,3.95,55.84,42.18,21.41,46.68,-7.03,-16.07,-11.49,-26.17,-42.39,0.921117,23,,,,,,,-7.03,-8.57,3.23,-14.24,-11.79,0.967035,19
21-10-2025,NSE:GRWRHITECH,EQ,7872.53,67181,3.7,3.69,4,3162.5,0.87,5.03,5.52,7.65,-7.1,-15.78,2.25,-32.38,-29.55,41.44,-1,-1,HVQ,-1,EEP,EEP,-1,-1,-1,-1,-1,-4.29,-15.85,-33.14,-40.27,-40.27,-4.29,-19.31,-22.6,-41.61,-20.92,-1.17,17.25,17.25,31.28,101.4,8.29,25.57,51.99,36.69,166.62,160.92,-8.25,-17.38,-4.8,-40.99,-29.91,0.921032,23,,,,,,,-8.25,-8.56,10.04,-37.12,11.16,0.974851,28
21-10-2025,NSE:VBL,EQ,160440.24,5077176,1.96,1.95,4,459.45,0.68,3.89,4.23,1.69,-3.26,-6.5,-19.59,-25.08,-32.4,-20.96,-1,-1,-1,-1,-1,-1,-1,-1,-1,-1,-1,-0.97,-12.08,-16.33,-29.55,-31.84,-0.97,-9.21,-16.58,-18.49,-14.75,-9.76,5.66,5.66,5.66,5.66,5.66,5.27,12.21,26.01,14.83,21.54,-4.41,-8.1,-26.64,-33.69,-32.76,0.921031,23,,,,,,,-4.41,-3.59,-17.82,-6.28,3.17,0.972315,25
21-10-2025,NSE:MUNJALSHOW,EQ,561.33,75542,3.83,3.74,4,125.06,0.39,-0.32,-10.61,-12.36,-11.98,-22.14,4.01,-13.41,-34.38,-40.65,-1,-1,HV2Q,HVQ,HV2Y,HV2Y,-1,-1,-1,-1,-1,-14.38,-17.46,-19.08,-23.99,-36.1,-14.38,-9.39,-1.16,-35.63,-28.44,-15.21,0.88,14.5,17.08,17.08,0.88,13.36,43,12.39,6.86,18.9,-13.13,-23.74,-3.04,-22.02,-34.74,0.920928,23,,,,,,,-13.13,-9.54,15.88,-19.82,-9.47,0.972545,25
21-10-2025,NSE:20MICRONS,EQ,812.12,103955,3.16,3.21,6,212.28,1.64,-1.05,0.72,0.87,-8.59,-21.78,-7.91,-6.85,-30.96,29.5,-1,-1,HV2Q,HVQ,HV2Y,HV2Y,-1,-1,-1,-1,-1,-7.04,-23.65,-23.65,-32.12,-37.38,-7.04,-17.09,-2.44,-32.43,-33.09,-17.99,2.47,2.47,26.61,54.84,2.47,4.42,54.18,36.62,65.44,102.77,-9.74,-23.38,-14.96,-15.46,-31.32,0.920848,23,,,,,,,-9.74,-12.61,5.86,-0.7,-13.54,0.972506,25
21-10-2025,NSE:KPITTECH,EQ,35257.64,936583,2.99,2.92,6,1152.4,0.51,-0.36,-1.57,-4.98,-11.52,-9.74,-1.15,-14.53,-52.85,-48.21,-1,-1,-1,HVQ,HVQ,HV2Y,-1,-1,-1,-1,-1,-8.71,-11.45,-18.95,-35.7,-38.71,-8.71,-7.56,-12.65,-37.28,-29.8,-6.31,4.98,4.98,8.18,8.18,4.98,8.51,18.71,9.42,2.3,30.72,-12.67,-11.34,-8.2,-23.14,-53.21,0.920814,23,,,,,,,-12.67,1.14,2.3,-14.91,-24.44,0.965167,17
21-10-2025,NSE:TEXINFRA,EQ,1216.29,137207,2.58,2.57,6,92.3,1.31,0.89,-2.56,-3.15,-3.03,-10.61,-15.2,-27.04,-27.84,-13.87,-1,-1,-1,-1,HVQ,HV2Y,-1,-1,-1,-1,-1,-5.19,-9.6,-13.88,-40.49,-40.49,-5.19,-8.69,-23.34,-31.45,-24.4,-19.49,1.31,1.31,3.27,5.19,1.31,1.45,14.22,18.96,33.63,34.47,-4.18,-12.21,-22.25,-35.65,-28.2,0.920675,22,,,,,,,-4.18,-7.81,-9.68,-11.96,8.39,0.97327,26
21-10-2025,NSE:ICEMAKE,EQ,1203.99,14420,2.83,2.8,3,713.25,0.90,-1.64,-4.46,-4.98,-6.58,-12.65,-41.25,-1.7,-21.79,28.21,-1,-1,-1,HVQ,HVQ,HV2Y,-1,-1,-1,-1,-1,-7.53,-12.06,-31.81,-31.81,-31.81,-7.53,-7.07,-23.18,-1.83,-22.38,-4.84,2.37,2.37,19.19,61.72,2.37,5.28,34.27,68.36,64.47,96.95,-7.73,-14.25,-48.3,-10.31,-22.15,0.92066,22,,,,,,,-7.73,-6.16,-30.91,26.32,-10.73,0.987074,44
21-10-2025,NSE:GNA,EQ,1363.27,36133,2.18,2.18,5,310.1,1.01,2.53,0.16,0.47,-2.14,-7.77,-12.16,-28.99,-40.44,-29.04,-1,-1,-1,EEP,EEP,HVQ,-1,-1,-1,-1,-1,-5.54,-8.67,-10.76,-30.12,-33.99,-5.54,-6.71,-17.52,-25.96,-19.32,-12.16,4.03,4.03,9.29,9.29,2.6,6.26,17.78,22.57,7.98,17.56,-3.29,-9.37,-19.21,-37.6,-40.8,0.920467,22,,,,,,,-3.29,-5.97,-9.6,-16.69,0.14,0.967533,19
21-10-2025,NSE:INDIANHUME,EQ,2011.13,31200,2.84,2.8,6,354.95,1.21,2.49,-3.61,-0.03,-7.58,-25.1,-14.62,1.66,-33.57,30.5,-1,-1,-1,EEP,EEP,EEP,-1,-1,-1,-1,-1,-6.23,-18.31,-23.44,-24.29,-37.95,-6.23,-17.63,-4.22,-28.87,-38.98,-17.12,3.59,3.59,22.4,50.98,3.59,6.11,53.12,40.29,48.47,101.66,-8.73,-26.7,-21.67,-6.95,-33.93,0.920433,22,,,,,,,-8.73,-16.75,2.85,12.53,-26.81,0.974015,27
21-10-2025,NSE:WELSPUNLIV,EQ,11955.84,3909826,2.9,2.9,4,122.53,0.49,-0.33,5.69,6.41,-1.53,-16.22,-8.16,-23.9,-36.06,-24.91,-1,-1,HVQ,EEP,HV2Q,HV2Y,-1,-1,-1,-1,-1,-3.58,-13.1,-19.42,-31.33,-40.88,-3.58,-13.88,-7.39,-36.06,-26.75,-19.56,12.08,12.08,14.6,14.6,6.97,13.8,33.18,23.95,18.6,30.25,-2.68,-17.82,-15.21,-32.51,-36.42,0.920168,22,,,,,,,-2.68,-14.92,1.4,-16.23,-0.8,0.968651,21
21-10-2025,NSE:VENUSPIPES,EQ,2848.4,63265,3.31,3.26,5,1308,-0.02,0.7,1.35,1.57,-6.74,-22.85,-0.49,-7.83,-49.5,-12.64,-1,-1,HVY,EEP,HVQ,-1,-1,-1,-1,-1,-1,-9.89,-19.17,-20.04,-32.19,-46.17,-9.89,-14.65,-1.77,-45.91,-41.96,-19.52,9.51,12.38,14.26,14.26,1.6,16.9,40.37,14.82,0,36.23,-7.89,-24.45,-7.54,-16.44,-49.86,0.920098,22,,,,,,,-7.89,-15.55,12.67,-8.98,-29.63,0.965965,18
21-10-2025,NSE:RENUKA,EQ,6864.38,7504439,2.68,2.68,5,29.87,0.98,0.3,-2.91,-0.77,-8.17,-5.09,-1.14,-29.33,-54.5,-54.34,-1,-1,HV2Q,-1,HV2Y,HV2Y,-1,-1,-1,-1,-1,-5.98,-8.18,-13.82,-33.5,-45.16,-5.98,-2.97,-19.96,-44.54,-29.08,-15.27,6.37,8.78,14.36,14.36,2.26,15.06,20.18,15.66,12.07,19.56,-9.32,-6.69,-8.19,-37.94,-54.86,0.920082,22,,,,,,,-9.32,2.39,-1.77,-29.55,-10.45,0.963995,16
21-10-2025,NSE:CYBERTECH,EQ,527.51,642966,6.14,7.54,3,156.68,1.88,-3.06,-29.7,-24.53,-8.19,-12.59,4.42,-30.48,-44.1,-2.47,-1,HVY,HV2Q,HVQ,HV2Y,HV2Y,-1,-1,-1,-1,-1,-42.16,-42.16,-42.16,-42.16,-45.62,-42.16,-5.42,-25.96,-48.02,-29.04,-21.63,8.26,10.39,13.27,14.32,1.88,17.13,27.53,8.26,49.16,64.74,-9.34,-14.19,-2.63,-39.09,-44.46,0.920081,22,,,,,,,-9.34,-4.52,9.58,-38.19,-1.42,0.968368,20
21-10-2025,NSE:GOKEX,EQ,6119.7,513416,3.85,3.99,4,796.05,-0.55,6.56,8.2,9.07,-4.96,-17.96,-6.56,-36.39,-13.91,-10.04,-1,-1,-1,EEP,EEP,EEP,-1,-1,-1,-1,-1,-3.02,-13.95,-23.81,-36.31,-36.31,-3.02,-11.02,-14.75,-32.13,-13.13,-14.04,18.29,18.29,18.29,18.29,11.73,24.16,24.78,12.72,53.81,28.46,-6.11,-19.56,-13.61,-45,-14.27,0.920029,22,,,,,,,-6.11,-12.84,4.13,-29.68,25.5,0.982942,38
21-10-2025,NSE:DPABHUSHAN,EQ,3602.25,27746,2.67,2.67,3,1412.7,1.22,2.35,-0.71,-1.28,-11.5,-18.46,-5.21,-12.54,-28.06,50.36,-1,-1,-1,-1,HV2Y,HV2Y,-1,-1,-1,-1,-1,-8.41,-16.08,-16.08,-23.84,-23.84,-8.41,-6.42,-8.25,-19.87,-14.29,0,2.41,3.37,7.98,100.45,2.41,11.88,27.91,23.48,128.61,160.13,-12.65,-20.06,-12.26,-21.15,-28.42,0.919969,22,,,,,,,-12.65,-6.7,5.66,-8.65,-4.77,0.973618,26
21-10-2025,NSE:CREATIVE,EQ,957.76,11806,3.46,3.43,3,636.5,0.68,4.48,-1.03,-0.13,-0.51,-4.46,-17.76,-39.73,-33.61,-30.52,-1,-1,-1,HVQ,HVQ,HV2Y,-1,-1,-1,-1,-1,-7.89,-7.89,-17.93,-39.34,-39.34,-7.89,-8.69,-32.06,-28.56,-15.23,-9.24,4.76,4.76,4.76,4.76,4.76,3.92,5.81,15.05,40.18,34.05,-1.66,-6.06,-24.81,-48.34,-33.97,0.919941,22,,,,,,,-1.66,-4.39,-18.26,-20.34,13.4,0.972058,24
21-10-2025,NSE:SAREGAMA,EQ,9450.56,260709,2.29,2.28,4,455.85,0.26,-1.18,-3.42,-1.85,-7.62,-11.46,-23.33,-13.07,-24.43,23.54,-1,-1,-1,-1,EEP,EEP,-1,-1,-1,-1,-1,-5.9,-9.2,-21.39,-21.39,-32.42,-5.9,-3.71,-12.38,-16.66,-23.59,-15.91,1.08,1.08,2.73,31.92,1.08,4.13,14.5,26.69,49.67,64.69,-8.77,-13.06,-30.38,-21.68,-24.79,0.919763,22,,,,,,,-8.77,-4.03,-16.18,6.64,-1.02,0.977129,30
21-10-2025,NSE:COLPAL,EQ,63696.32,562280,1.7,1.7,4,2260.6,0.73,2.57,1.29,1.87,-3.42,-5.81,-17.61,-17.34,-54.66,-11.26,-1,-1,-1,-1,-1,-1,-1,-1,-1,-1,-1,-3.59,-8.28,-17.25,-33.43,-41.1,-3.59,-5.17,-17.48,-30.73,-30.89,-8.91,4.95,4.95,4.95,4.95,2.64,8.54,1.77,13.12,6.51,40.39,-4.57,-7.41,-24.66,-25.95,-55.02,0.919332,22,,,,,,,-4.57,-2.77,-16.68,-1.44,-22.79,0.964013,16
21-10-2025,NSE:BECTORFOOD,EQ,8473.55,131954,2.98,3.09,3,1347.9,2.80,6.1,8.84,5.63,-2.08,-13.94,-21.06,-11.26,-40.66,25.27,-1,-1,HVQ,-1,EEP,EEP,-1,-1,-1,-1,-1,-1.14,-13.14,-17.03,-29.61,-36.29,-1.14,-11.33,-5.88,-22.87,-29.12,-10.39,10.14,10.14,10.14,36.31,10.14,2.69,18.33,25.72,51.66,91.73,-3.23,-15.54,-28.11,-19.87,-41.02,0.919268,22,,,,,,,-3.23,-12.07,-11.78,6.42,-17.4,0.96896,21
21-10-2025,NSE:KIRLPNU,EQ,8179.1,41383,2.16,2.13,3,1181.1,2.05,0.31,-1.32,-1.21,-6.54,-25.6,-2.26,-15.64,-28.65,42.52,-1,-1,-1,EEP,EEP,EEP,-1,-1,-1,-1,-1,-5.09,-13.57,-21.84,-33.23,-33.23,-5.09,-16.73,-1.83,-31.72,-22.79,0,2.3,6.64,20.56,86.66,2.3,3.26,51.42,23.28,115.85,140.14,-7.69,-27.2,-9.31,-24.25,-29.01,0.919245,22,,,,,,,-7.69,-18.35,13.05,-14.76,-2.23,0.973243,26
21-10-2025,NSE:ESTER,EQ,1132.39,220092,3.83,3.81,3,113.3,1.02,-2.27,-5.94,4.79,-2.42,-8.39,-14.39,-31.39,-34.35,22.24,-1,HVY,-1,HV2Q,EEP,EEP,-1,-1,-1,-1,-1,-5.61,-8.43,-23.01,-33.49,-34.22,-5.61,-11.04,-26.7,-24.76,-13.57,-11.62,9.27,9.27,9.27,33.37,5.03,11.91,13.87,21.04,75.24,79.19,-3.57,-9.99,-21.44,-40,-34.71,0.919157,22,,,,,,,-3.57,-6.29,-11.06,-16.55,6.77,0.970228,23
21-10-2025,NSE:NOCIL,EQ,3035.68,363671,2.71,2.69,3,180.89,0.63,-1.37,-2.23,4.37,-0.17,-7.73,-5.61,-28.84,-67.92,-44.37,-1,-1,-1,-1,-1,EEP,-1,-1,-1,-1,-1,-2.18,-7.15,-12.51,-40.03,-45.28,-2.18,-9.59,-18.19,-42.21,-29.49,-8.11,4.74,4.74,9.19,9.19,4.57,4.92,17.63,15.31,3.86,35.36,-1.32,-9.33,-12.66,-37.45,-68.28,0.919122,22,,,,,,,-1.32,-8.01,-3.55,-23.68,-21.31,0.957204,10
21-10-2025,NSE:TBZ,EQ,1259.87,208432,2.54,2.54,3,184.13,-0.11,-0.24,-0.09,1.34,-2.11,-7.12,-18.3,-12.07,-66.62,33.47,-1,-1,HV2Q,HV2Q,HV2Y,HV2Y,-1,-1,-1,-1,-1,-3.22,-14.27,-16.69,-38.24,-43.79,-3.22,-12.46,-10.76,-33.51,-37.01,-6.35,1.77,1.77,16.46,88.46,1.77,2.77,24.76,60.62,111.22,214.02,-3.26,-8.72,-25.35,-20.68,-66.98,0.919039,22,,,,,,,-3.26,-5.37,-15.97,3.59,-39.65,0.961263,13
21-10-2025,NSE:WEBELSOLAR,EQ,5469.94,233443,3.99,4.03,4,1215.7,0.64,-4.89,2.94,-2.7,-6.27,-17.02,-19.98,-32.99,-2.85,62.55,HV2Q,HV2Q,-1,-1,-1,-1,-1,-1,-1,-1,-1,-4.82,-16.06,-22.4,-33.82,-33.82,-4.82,-10.8,-14.44,-20.6,-11.99,0,9.42,9.42,44.8,265.08,9.42,7.55,69.44,168.69,385.5,275.47,-7.42,-18.62,-27.03,-41.6,-3.21,0.918976,22,,,,,,,-7.42,-10.58,-8.06,-12.52,31.68,0.989988,48
21-10-2025,NSE:NIITMTS,EQ,4493.69,132497,2.33,2.31,6,328.9,0.69,-0.38,1.78,-0.73,0.68,-1.84,-15.03,-38.31,-55.78,-44.44,-1,-1,-1,-1,-1,EEP,-1,-1,-1,-1,-1,-1.66,-2.45,-17.81,-36.53,-42.11,-1.66,-5.59,-32.24,-29.56,-19.93,-9.81,4.5,4.5,4.5,4.5,2.48,3.78,1.76,5.35,9.79,23.65,-0.47,-3.44,-22.08,-46.92,-56.14,0.918956,21,,,,,,,-0.47,-3,-18.49,-21.91,-3.61,0.962243,14
21-10-2025,NSE:SAHAJSOLAR,SM,518.65,25144,3.03,3.06,6,221.35,-1.25,-0.5,-1.51,-6.6,-6.57,-13.37,-15.97,-15.03,-32.61,NA,-1,-1,-1,HV2Q,HV2Y,HV2Y,-1,-1,-1,-1,-1,-6.39,-16.38,-28.2,-28.2,NA,-6.39,-14.03,-18.6,-30.86,-31.42,NA,0.61,0.61,42.6,NA,0.61,1.2,61.67,65.37,41.81,NA,-7.72,-14.97,-23.02,-23.64,-32.97,0.918508,21,,,,,,,-7.72,-6.84,-7.82,-0.87,-6.26,0.971236,24
21-10-2025,NSE:CEWATER,EQ,1088.52,46185,2.36,2.36,5,495.9,1.39,2.64,-1.86,-0.56,-5.76,-24.85,-10.04,-39.57,NA,NA,-1,-1,-1,-1,-1,-1,-1,-1,-1,-1,-1,-6.23,-22.06,-23.22,NA,NA,-6.23,-17.57,-14.49,-34.02,NA,NA,2.92,2.92,NA,NA,2.92,2.94,42.69,25.77,NA,NA,-6.91,-26.45,-17.09,-48.18,0,0.918407,21,,,,,,,-6.91,-18.52,6.33,-28.52,109.02,0.964984,17
21-10-2025,NSE:TRF,EQ,399.3,44469,4.93,4.88,6,340.8,1.78,2.55,-7.38,-0.21,-6.57,-11.84,-13.13,-13.67,-43.96,-38.91,-1,HVQ,HVQ,HVY,HVQ,HV2Y,-1,-1,-1,-1,-1,-10.47,-13.23,-18.35,-33.35,-48.56,-10.47,-7.52,-9.06,-34.78,-41.53,-25.95,10.04,10.04,11.25,11.25,2.62,17.27,24.42,25.85,54.77,96,-7.72,-13.44,-20.18,-22.28,-44.32,0.918366,21,,,,,,,-7.72,-5.4,-6.68,-2.16,-17.62,0.966851,19
21-10-2025,NSE:KALYANKJIL,EQ,52933.81,5486994,3.3,3.27,4,492.1,-0.57,4.6,0.89,8.9,-3.92,-20.14,-6.69,-9.57,-52.69,26.05,-1,-1,-1,EEP,EEP,HV2Y,-1,-1,-1,-1,-1,-2.6,-19.72,-19.72,-37.54,-37.54,-2.6,-16.57,-1.55,-33.37,-31.56,-2.67,9.77,9.77,20.76,35.1,9.77,2.61,45.08,28.83,63.39,127.7,-5.07,-21.74,-13.74,-18.18,-53.05,0.918214,21,,,,,,,-5.07,-16.06,5.67,-4.38,-30.33,0.963606,15
21-10-2025,NSE:HINDOILEXP,EQ,2379.06,362913,2.26,2.3,6,161.41,0.97,0.91,-4.54,-6.31,-11.62,-4.23,-20.63,-15.75,-36.14,-7.74,-1,-1,-1,HVQ,HVQ,HV2Y,-1,-1,-1,-1,-1,-9.15,-10.71,-15.77,-25.55,-43.52,-9.15,-0.34,-21.6,-31.87,-34.63,-23.11,2.02,2.02,2.02,2.02,0.97,13.88,4.71,21.18,17.39,38.07,-12.77,-5.83,-27.68,-24.36,-36.5,0.918028,21,,,,,,,-12.77,6.16,-21.26,2.37,-8.59,0.974033,27
21-10-2025,NSE:JYOTICNC,EQ,21718.91,450641,3.76,3.71,0,933.9,0.57,3.38,-0.07,7.77,-2.14,-15.13,-16.79,-31.55,-19.64,41.54,-1,-1,-1,HV2Y,HVQ,EEP,-1,-1,-1,-1,-1,-3.16,-11.68,-28.87,-34.96,-34.96,-3.16,-16.11,-18.1,-24.04,-14.44,-17.78,9.88,9.88,21.17,60.89,9.88,7.9,39.5,41.51,166.21,142.11,-3.29,-16.73,-23.84,-40.16,-20,0.917971,21,,,,,,,-3.29,-13.18,-6.97,-14.32,18.07,0.977294,31
21-10-2025,NSE:RECLTD,EQ,101589.78,4175702,1.8,1.82,6,377.15,0.65,1.82,-0.16,1.37,-1.95,-5.7,-16.77,-28.64,-46.39,-20.26,-1,-1,-1,-1,-1,HV2Y,-1,-1,-1,-1,-1,-2.47,-6.85,-14.44,-33.85,-41.6,-2.47,-5.04,-18.77,-31.68,-24.88,-14.51,7.76,7.76,7.76,7.76,2.65,9.86,10.64,22.23,14.69,30.52,-3.1,-7.3,-23.82,-37.25,-46.75,0.917956,21,,,,,,,-3.1,-4.14,-16,-11.84,-4.78,0.965356,18
21-10-2025,NSE:HITECHCORP,EQ,350.56,18745,4.34,4.3,5,190.76,3.49,2.95,0.78,0.73,-7.63,-7.23,-4.66,-17.62,-69.9,-18.74,-1,-1,HVQ,HVQ,HV2Y,HV2Y,-1,-1,-1,-1,-1,-7.39,-8.92,-11.96,-39.33,-43.21,-7.39,-5.25,-10.61,-40.56,-33.2,-3.51,5.57,13.8,18.01,18.01,3.49,13.63,26.54,23.51,16.99,68.98,-8.78,-8.83,-11.71,-26.23,-70.26,0.917753,21,,,,,,,-8.78,-0.09,-3.13,-14.07,-35.42,0.958693,11
21-10-2025,NSE:RAYMONDLSL,EQ,7743.39,198477,3.23,3.19,6,1195.5,0.50,0.76,1.7,3.27,-6.3,-0.36,12.46,-58.09,-101.77,NA,-1,-1,HV2Y,HV2Q,HV2Q,-1,-1,-1,-1,-1,-1,-5.66,-10.1,-10.1,-50.67,NA,-5.66,-4.44,-39.14,-63.52,-34.12,NA,15.83,30.14,30.14,NA,3.38,23.13,30.6,8.13,4.79,NA,-7.45,-1.96,5.41,-66.7,-102.13,0.917528,21,,,,,,,-7.45,5.13,7.25,-82.28,-18.61,0.95519,8
21-10-2025,NSE:TCS,EQ,1147295.55,2972526,1.64,1.67,5,3006.7,-0.28,1.54,1.1,3.68,-5.4,-5.04,-10.23,-39.9,-36.19,-37.05,-1,-1,-1,-1,-1,EEP,-1,-1,-1,-1,-1,-2.18,-5.42,-16.95,-32.79,-33.97,-2.18,-8.46,-24.02,-27.22,-7.63,-10.08,4.1,4.1,4.1,4.1,4.1,5.53,0,2.57,14.58,11.55,-6.55,-6.64,-17.28,-48.51,-36.55,0.917492,21,,,,,,,-6.55,-0.11,-10.48,-28.59,11.67,0.971018,23
21-10-2025,NSE:LINCOLN,EQ,1115.66,46414,2.1,2.08,5,527.5,0.78,0.7,-0.39,-0.81,-5.21,-6.03,-9.46,-50,-26.23,-18.89,-1,-1,HV2Y,-1,HV2Y,HV2Y,-1,-1,-1,-1,-1,-4.17,-12.24,-13.38,-44.69,-44.69,-4.17,-7.67,-30.16,-39.46,-17.03,-16,0.93,0.93,1.38,1.38,0.93,4.49,7.5,10.97,47.29,23.95,-6.36,-7.63,-16.51,-58.61,-26.59,0.917297,21,,,,,,,-6.36,-1.23,-8.77,-38.72,24.87,0.978191,32
21-10-2025,NSE:INDOAMIN,EQ,1045.26,147680,2.69,2.69,5,135.35,2.20,0.78,-2.76,-0.29,-6.18,-19.65,-3.47,-13.56,-48.42,-15.7,-1,-1,HVQ,HVQ,HV2Y,HV2Y,-1,-1,-1,-1,-1,-6.01,-15.51,-20.66,-33.1,-44.24,-6.01,-15.76,-5.07,-42.31,-36.68,-17.24,2.2,9.08,26.85,26.85,2.2,5.36,51.77,31.25,39.73,82.63,-7.33,-21.25,-10.52,-22.17,-48.78,0.917269,21,,,,,,,-7.33,-13.15,7.99,-11.43,-21.68,0.964591,17
21-10-2025,NSE:ANNAPURNA,SM,589.14,54550,4.56,4.5,1,273.95,-1.51,8.74,10.57,6.37,0.86,-8.32,-7.7,-44.83,-46.85,-35.66,-1,-1,-1,HV2Q,HV2Q,HV2Y,-1,-1,-1,-1,-1,-1.51,-5.53,-16.8,-36.1,-43.46,-1.51,-9.36,-23.7,-39.1,-18.11,-16.97,14.48,14.48,14.48,14.48,14.48,11.43,14.05,13.39,39.36,41.31,-0.29,-9.92,-14.75,-53.44,-47.21,0.917123,21,,,,,,,-0.29,-9.72,-4.96,-36.15,7.62,0.965172,17
21-10-2025,NSE:PSB,EQ,21549.29,2040060,3.41,3.37,4,30.79,0.00,5.33,2.99,5.33,1.14,-3.83,1.69,-60.7,-70.8,-94.71,-1,-1,-1,-1,HVQ,HV2Y,-1,-1,-1,-1,-1,0,-2.07,-7.43,-43.89,-55.51,0,-8.29,-35.84,-56.19,-34.16,-30.02,11.32,12.5,20.51,20.51,7.06,10.05,25.13,18.47,17.47,6.24,-0.01,-5.43,-5.36,-69.31,-71.16,0.9171,21,,,,,,,-0.01,-5.49,-0.21,-65.14,2.73,0.95962,11
21-10-2025,NSE:DREDGECORP,EQ,1860.32,51619,3.89,3.75,3,629.8,-0.43,5.14,1.44,-0.79,-4.97,-12.04,2.48,-21.67,-79.49,-18.63,-1,-1,-1,HV2Q,HV2Q,HV2Y,-1,-1,-1,-1,-1,-9.36,-11.28,-22.55,-41.52,-56.22,-9.36,-8.49,-13.23,-55.05,-46.73,-21.41,7,12.28,23.54,23.54,5.41,12.32,38.41,20.48,21.75,79.6,-6.12,-13.64,-4.57,-30.28,-79.85,0.916992,21,,,,,,,-6.12,-7.19,7.42,-26.44,-38.49,0.955362,8
21-10-2025,NSE:HERANBA,EQ,1288.43,83626,3.36,3.41,3,311,2.25,-0.26,4.71,6.08,-3.42,-23.42,7.57,-24.95,-59.02,-14.66,-1,-1,HV2Q,HV2Q,EEP,EEP,-1,-1,-1,-1,-1,-2.11,-19.86,-21.42,-42.86,-42.86,-2.11,-18.72,-3.01,-47.19,-28.61,-2.96,6.47,26.42,47.88,47.88,6.47,12.05,82.52,36.69,37,74.35,-4.57,-25.02,0.52,-33.56,-59.38,0.916912,21,,,,,,,-4.57,-19.8,19.58,-36.86,-18.24,0.963752,15
21-10-2025,NSE:POLYMED,EQ,20153.68,194763,2.89,2.96,3,1934.7,2.94,4.01,4.15,0.04,-3.18,-7.92,-26.75,-28.17,-25.91,21.65,-1,-1,-1,EEP,EEP,EEP,-1,-1,-1,-1,-1,-4.78,-8.82,-31.76,-38.17,-38.17,-4.78,-12.06,-26.36,-21.63,-20.75,-5.23,5.24,5.24,5.24,38.58,5.24,8.12,4.67,35.17,78.33,75.18,-4.33,-9.52,-33.8,-36.78,-26.27,0.916765,21,,,,,,,-4.33,-5.05,-22.98,-2.81,10.79,0.975654,29
21-10-2025,NSE:BCONCEPTS,EQ,379.49,38645,7.67,7.68,6,324.5,-1.26,-1.48,-8.24,-11.22,5.98,-2.9,-10.74,-48.14,-81.85,-138.24,-1,HV2Y,HV2Q,HVQ,HV2Y,HV2Y,-1,-1,-1,-1,-1,-18.34,-18.34,-18.34,-45.74,-59.57,-18.34,-13.26,-31.92,-49.87,-47.01,-34.95,23.6,23.6,23.6,23.6,2.66,16.21,13.47,22.12,20,6.78,4.83,-4.5,-17.79,-56.75,-82.21,0.916676,21,,,,,,,4.83,-9.9,-13.15,-35.45,-13.74,0.952651,7
21-10-2025,NSE:CSLFINANCE,EQ,684.62,11114,3.68,3.65,3,279.25,1.82,-0.61,-2.42,0.97,-7.65,-16.1,-16.53,-6.09,-44.17,-63.47,-1,-1,-1,HV2Q,HV2Q,HV2Y,-1,-1,-1,-1,-1,-4.37,-14.67,-23.14,-30.22,-46.51,-4.37,-11.67,-10.76,-37.67,-43.25,-22.88,3.37,3.37,16.23,16.23,3.37,3.21,34.94,35.44,0.44,1.09,-8.8,-17.7,-23.58,-14.7,-44.53,0.91631,21,,,,,,,-8.8,-8.31,-5.9,7.28,-26.88,0.968134,20
21-10-2025,NSE:INDIGOPNTS,EQ,5344.44,44563,2.82,2.82,5,1039,1.85,-0.35,-1.8,-2.94,-8.08,-15.51,-0.29,-20.32,-51.41,-39.5,-1,-1,-1,-1,-1,EEP,-1,-1,-1,-1,-1,-5.58,-14.71,-14.71,-38.27,-38.27,-5.58,-7.81,-6.36,-38.09,-25.72,0,1.85,9.33,11.72,11.72,1.85,4.1,29.05,12.04,1.87,25.19,-9.23,-17.11,-7.34,-28.93,-51.77,0.916298,20,,,,,,,-9.23,-7.33,7.65,-21.65,-16.82,0.963577,15
21-10-2025,NSE:TTML,EQ,11332.72,1061282,2.7,2.71,6,56.01,1.69,0.27,-4.77,1.89,-3.02,-12.09,-9.44,-27.42,-44.56,-59.44,-1,-1,-1,HVQ,HV2Y,HV2Y,-1,-1,-1,-1,-1,-4.55,-11.92,-27.17,-34.41,-47.2,-4.55,-14.26,-24.11,-42.21,-32.71,-23.66,1.93,3.88,3.88,3.88,1.93,3.11,16.43,12.54,8.05,17.77,-4.17,-13.69,-16.49,-36.03,-44.92,0.916286,20,,,,,,,-4.17,-9.26,-3.17,-18.11,-4.43,0.964743,17
21-10-2025,NSE:BOROSCI,EQ,1226.14,132887,4.34,4.48,6,136.21,0.58,-2.35,-0.77,4.67,-0.41,-34.43,-0.79,-16.83,-38.57,NA,-1,HVY,HV2Q,HV2Q,-1,HV2Y,-1,-1,-1,-1,-1,-8.38,-24.07,-25.61,-29.29,NA,-8.38,-25.31,0,-34.66,-28.89,NA,6.92,10.84,16.43,NA,6.92,0.26,56.52,17.34,13.62,NA,-1.56,-36.03,-7.84,-25.44,-38.93,0.91624,20,,,,,,,-1.56,-34.34,19.5,-17.6,-9.59,0.970911,23
21-10-2025,NSE:IREDA,EQ,45116.25,7912162,2.71,2.75,4,153.14,-0.07,-0.9,0.46,2.85,-5.05,-2.72,-16.65,-33.34,-44.38,-11.43,-1,-1,-1,EEP,EEP,EEP,-1,-1,-1,-1,-1,-3.72,-4.81,-16.43,-33.58,-47.13,-3.72,-6.25,-24.33,-34.35,-29.5,-23.66,9,9,10.84,21.73,4.69,14.5,13.85,29.3,62.31,75.76,-6.2,-4.32,-23.7,-41.95,-44.74,0.916197,20,,,,,,,-6.2,1.76,-19.1,-15.98,0.73,0.967328,19
21-10-2025,NSE:BAJAJHIND,EQ,2799.97,8029772,3.37,3.37,5,22.1,3.56,4.34,2.81,11.99,0.41,-16.74,5.75,-35.52,-73.71,-64.48,-1,-1,-1,-1,-1,EEP,-1,-1,-1,-1,-1,-0.67,-14.93,-24.13,-41.1,-51.05,-0.67,-24.44,-14.31,-53.86,-33.67,-14.97,13.62,17.93,26.21,26.21,13.62,8.85,47.34,18.96,14.71,37.85,-0.74,-18.34,-1.3,-44.13,-74.07,0.916094,20,,,,,,,-0.74,-17.68,13.73,-45.46,-19.16,0.957555,10
21-10-2025,NSE:SEAMECLTD,EQ,2397.2,56449,2.97,2.93,5,861.85,1.96,0.01,-3.75,-4.84,-9.42,-1.22,-14.22,-21.4,-61.03,-38.63,-1,-1,HVQ,EEP,-1,EEP,-1,-1,-1,-1,-1,-10.16,-12.78,-12.78,-38.35,-46.39,-10.16,-4.56,-17.27,-38.76,-34.91,-13.67,10.32,10.32,10.32,10.32,2.49,20.71,5.75,15.87,5.25,39.6,-10.57,-2.82,-21.27,-30.01,-61.39,0.91592,20,,,,,,,-10.57,7.03,-18.37,-7.97,-23.62,0.963421,15
21-10-2025,NSE:ALIVUS,EQ,12623.91,151378,3.17,3.1,6,924.4,0.41,-0.09,-0.13,-3.02,-13.31,-14.37,-10.76,-16.64,-26.91,6.94,-1,-1,HV2Y,-1,-1,-1,-1,-1,-1,-1,-1,-7.83,-11.99,-23.35,-25.28,-29.48,-7.83,-2.37,-14.55,-21.89,-17.75,-10.5,0.5,0.5,4.46,34.3,0.5,13.79,19.47,20.84,56.65,70.45,-14.46,-15.97,-17.81,-25.25,-27.27,0.915665,20,,,,,,,-14.46,-1.39,-2.38,-6.98,0.21,0.97415,27
21-10-2025,NSE:BHAGCHEM,EQ,3344.81,56905,3.84,3.79,4,251.8,0.88,0.66,-1.99,2.86,-2.08,-18.53,-12.37,-15.53,-46.7,36.99,-1,-1,-1,HV2Q,HV2Y,HV2Y,-1,-1,-1,-1,-1,-4.49,-19.15,-23.18,-31.22,-41.1,-4.49,-17.47,-8.95,-33.81,-31.95,-13.59,4.16,4.16,4.16,63.94,4.16,0.63,9.89,7.19,102.97,157.74,-3.23,-20.13,-19.42,-24.14,-47.06,0.91558,20,,,,,,,-3.23,-16.57,-0.34,-4.49,-17.97,0.964217,16
21-10-2025,NSE:BIRLANU,EQ,1489.4,9074,1.91,1.9,6,1880.4,0.23,-0.9,-5.44,-2.44,-5.24,-23.81,-0.28,-17.05,-48.08,-46.72,-1,-1,-1,EEP,-1,EEP,-1,-1,-1,-1,-1,-5.58,-20.67,-21.12,-34.09,-39.33,-5.58,-16.98,-2.34,-39.16,-28.98,-10.16,0.63,1.31,8.46,8.46,0.63,5.67,34.29,8.77,0,13.3,-6.39,-25.41,-7.33,-25.66,-48.44,0.915337,20,,,,,,,-6.39,-18.1,13.47,-18.4,-17.49,0.96495,17
21-10-2025,NSE:GREENPOWER,EQ,1666.88,3043680,2.38,2.38,5,13.16,0.69,3.8,0.99,0.46,-8.13,-12.31,-1.44,-24.92,-52.66,-98.33,-1,-1,-1,HVQ,HVQ,HVQ,-1,-1,-1,-1,-1,-5.93,-10.05,-14.32,-33.33,-46.94,-5.93,-7.36,-11.44,-42.21,-45.93,-33.92,3.95,18.24,18.24,18.24,3.95,8.05,32.79,16.7,12.07,17.65,-9.28,-13.91,-8.49,-33.53,-53.02,0.915274,20,,,,,,,-9.28,-4.33,4.15,-24.83,-13.18,0.962899,15
21-10-2025,NSE:INDUSINDBK,EQ,57963.25,3795359,2.6,2.58,6,758.45,-0.17,1.06,1.25,4.62,1.85,-13.23,-3.83,-28.6,-77.51,-90.8,-1,-1,-1,-1,-1,EEP,-1,-1,-1,-1,-1,-0.64,-10.89,-13.91,-43.71,-51.64,-0.64,-15.51,-20.42,-46.96,-37.81,-14.16,6.41,6.41,19.06,19.06,6.41,1.22,34.81,23.62,4.94,0.61,0.7,-14.83,-10.88,-37.21,-77.87,0.915267,20,,,,,,,0.7,-15.83,2.77,-25.53,-29.01,0.953785,7
21-10-2025,NSE:KOPRAN,EQ,833.78,219144,3.11,3.09,5,169.44,1.32,1.73,-3.84,-0.71,-1.76,-5.33,-17.92,-18.12,-76.97,-49.99,-1,-1,HVQ,HVQ,HV2Y,HV2Y,-1,-1,-1,-1,-1,-7.29,-8.29,-15.89,-47.11,-51.59,-7.29,-8.55,-15.47,-42.91,-42.82,-14.33,9.44,9.44,9.44,9.44,2.02,11.37,12.73,26.21,4.48,43.37,-2.91,-6.93,-24.97,-26.73,-77.33,0.915126,20,,,,,,,-2.91,-3.97,-17.49,-1.85,-40.8,0.956837,9
21-10-2025,NSE:DRCSYSTEMS,EQ,294.04,138741,5.17,5.11,5,19.83,4.75,3.08,-3.28,-3.38,-11.09,4.69,-30.46,-37.82,-29.45,-15.57,-1,-1,HVQ,HV2Q,HVQ,HVQ,-1,-1,-1,-1,-1,-4.85,-13.67,-22.75,-42.52,-42.52,-4.85,-4.09,-37.52,-25.01,-20.78,-19.86,16.78,16.78,16.78,18.74,5.14,29.74,5.29,42.77,63.65,53.71,-12.24,3.09,-37.51,-46.43,-29.81,0.915115,20,,,,,,,-12.24,13.75,-42.41,-7.32,15.09,0.982421,38
21-10-2025,NSE:SUZLON,EQ,83073.61,60394417,2.29,2.29,5,54.18,2.05,0.42,0.31,-2.03,-11.48,-22.59,-9.39,-4.96,-38.52,16.94,-1,-1,-1,HVQ,HVQ,-1,-1,-1,-1,-1,-1,-9.59,-18.62,-24.2,-25.79,-36.03,-9.59,-10.81,-7.08,-30.02,-32.86,-11.39,2.67,2.87,8.99,49.26,2.67,7.24,33.61,19.23,56.67,106.75,-12.63,-24.19,-16.44,-13.57,-38.88,0.914545,20,,,,,,,-12.63,-10.43,5.23,2.37,-22.95,0.969511,21
21-10-2025,NSE:GEEKAYWIRE,EQ,383.59,77252,3.41,3.35,6,69.44,0.48,4.68,2.3,0.94,-5.14,-2.72,-13.87,-32.47,-56.09,-63.95,-1,-1,-1,-1,HV2Y,HV2Y,-1,-1,-1,-1,-1,-4.05,-10.34,-13.22,-36.47,-49.57,-4.05,-5.73,-21.8,-42.58,-33.2,-21.29,7.38,7.38,7.38,7.38,5.39,12.9,5.01,15.75,18.32,39.41,-6.29,-4.32,-20.92,-41.08,-56.45,0.914481,20,,,,,,,-6.29,1.84,-16.38,-18.02,-8.81,0.96228,14
21-10-2025,NSE:SRHHYPOLTD,EQ,1038.47,12531,2.56,2.55,3,563.15,2.13,-0.14,-2.81,-1.88,-7.33,-20.09,3.78,-24.65,-50.66,1.73,-1,-1,-1,HV2Q,HV2Y,HV2Y,-1,-1,-1,-1,-1,-8.21,-16.64,-19.29,-32.79,-37.32,-8.21,-13.37,-3.73,-39.69,-21.88,-5.57,3.36,15.39,19.17,23.7,3.36,4.84,43.12,14.67,54.19,86.37,-8.48,-21.69,-3.27,-33.26,-51.02,0.914428,20,,,,,,,-8.48,-12.35,14.35,-31.23,-11.85,0.964629,17
21-10-2025,NSE:VTL,EQ,12313.85,1084540,2.35,2.33,5,408.25,0.48,3.33,1.54,-0.36,-4.37,-22.63,-19.74,-19.15,-18.67,-3.64,-1,-1,HV2Y,HV2Y,HV2Y,EEP,-1,-1,-1,-1,-1,-3.16,-17.17,-20.81,-26.82,-28.18,-3.16,-16.14,-2.88,-14,-14.43,-14.78,4.61,4.61,12.02,12.02,3.45,9.19,37.37,34.13,23.25,22.74,-5.52,-24.23,-26.79,-27.76,-19.03,0.914369,20,,,,,,,-5.52,-17.96,-3.17,-1.19,9.43,0.976619,30
21-10-2025,NSE:JISLJALEQS,EQ,4066.13,5322673,2.95,2.93,6,50.79,0.89,4.21,-2.05,-1.85,-12.09,-4.96,-10.3,-45.99,-22.05,-16.26,-1,-1,HV2Q,HVQ,HV2Q,HV2Y,-1,-1,-1,-1,-1,-9.64,-11.35,-21.75,-37.65,-37.94,-9.64,-4.14,-34.56,-31.23,-9.4,-24.25,10.41,10.41,10.41,14.01,4.4,23.76,10.4,7.28,66.44,39.15,-13.24,-6.56,-17.35,-54.6,-22.41,0.914291,20,,,,,,,-13.24,5.9,-10.61,-34.04,25.42,0.981695,37
21-10-2025,NSE:HFCL,EQ,11022.02,14448057,3.38,3.41,4,77.21,1.05,2.94,3.56,4.07,1.02,-5.85,-10.92,-32.55,-78.54,-21.81,-1,-1,-1,EEP,EEP,EEP,-1,-1,-1,-1,-1,-0.14,-4.34,-16.07,-42.18,-52.28,-0.14,-12.68,-22.98,-47.07,-36.75,-14.81,10.76,10.76,10.76,10.76,7.09,9.63,10.24,15.2,22.64,65.19,-0.13,-7.45,-17.97,-41.16,-78.9,0.914255,20,,,,,,,-0.13,-7.41,-10.31,-21.18,-25.68,0.953251,7
21-10-2025,BSE:WORTH,EQ,255.17,319056,7.85,7.35,4,19.78,0.25,-4.55,-19.67,-15.77,-18.76,-47.42,-20.68,-15.67,19.27,61.19,-1,-1,-1,HVQ,HVQ,HV2Y,-1,-1,-1,-1,-1,-16.43,-34.52,-40.06,-40.06,-40.06,-16.43,-28.82,-11.64,-21.06,-24.34,-14.43,1.18,1.18,197.82,1088.99,1.18,9.1,85.14,259.4,1275.33,859.85,-19.91,-49.02,-27.73,-24.28,18.91,0.914075,19,,,,,,,-19.91,-24.6,12.61,2.47,39.23,1.009131,71
21-10-2025,NSE:MBLINFRA,EQ,713.84,152453,4.1,4.03,5,42.65,1.16,1.24,-1.74,4.15,-8.04,1.01,-14.75,-42.2,-46.07,-22.98,-1,-1,-1,HV2Q,HV2Q,HV2Y,-1,-1,-1,-1,-1,-5.07,-13.08,-13.08,-36.89,-46.61,-5.07,-6.09,-33.67,-34.52,-24.07,-22.01,7.76,8.63,26.97,26.97,4.33,16.42,25.69,45.7,54.92,59.13,-9.19,-0.59,-21.8,-50.81,-46.43,0.914069,19,,,,,,,-9.19,7.92,-21.45,-25.61,6.3,0.968863,21
21-10-2025,NSE:ABB,EQ,115320.54,254608,1.72,1.72,6,5240,0.16,2.3,0.39,0.61,-3.76,-11.37,-8.44,-20.39,-67.35,15.49,-1,-1,-1,-1,-1,HV2Y,-1,-1,-1,-1,-1,-2.29,-8.95,-15.69,-40.34,-41.91,-2.29,-10.58,-10.59,-35.3,-30.06,-2.78,4.82,4.82,6.17,17.36,2.35,8.76,18.25,15.14,44.41,100.75,-4.91,-12.97,-15.49,-29,-67.71,0.913866,19,,,,,,,-4.91,-7.8,-2.9,-12.69,-29.99,0.957223,10
21-10-2025,NSE:HATHWAY,EQ,2671.09,1805184,2.19,2.24,4,13.6,1.34,-1.47,-3.16,-0.74,-10.88,-16.69,-6.4,-10.88,-50.66,-72.43,-1,-1,HV2Y,HV2Y,-1,HV2Y,-1,-1,-1,-1,-1,-8.48,-13.1,-18.76,-32.07,-46.07,-8.48,-9.92,-5.2,-40.13,-44.56,-24.67,1.34,3.34,9.15,9.15,1.34,5.31,27.37,16.13,3.71,7.22,-12.03,-18.29,-13.45,-19.49,-51.02,0.913761,19,,,,,,,-12.03,-5.7,3.29,-5.9,-26.86,0.96428,16
21-10-2025,NSE:RADHIKAJWE,EQ,1115.1,475918,2.43,2.43,5,86.07,0.91,-0.16,-2.57,-3.78,-9.21,-9.57,-11.9,-15.66,-55.83,24.6,-1,-1,HV2Q,HV2Q,HVQ,HVQ,-1,-1,-1,-1,-1,-7.23,-18,-18,-36.6,-42.8,-7.23,-10.44,-18.15,-35.99,-33.84,-10.86,0.91,4,9.07,57.35,0.91,12.15,19.52,67.58,81.99,145.19,-10.36,-11.17,-18.95,-24.27,-56.19,0.913493,19,,,,,,,-10.36,-0.79,-7.65,-5.04,-25.71,0.962697,14
21-10-2025,NSE:SURAJLTD,EQ,578.56,25102,4.14,4.22,2,333.4,-3.39,9.81,1.54,4.27,5.43,-9.48,-23.11,-46.24,-40.97,NA,HV2Y,HV2Y,-1,-1,HV2Y,HV2Y,-1,-1,-1,-1,-1,-3.39,-9.57,-19.14,-37.14,NA,-3.39,-21.55,-24.74,-22.62,-8.08,NA,14.75,14.75,14.75,NA,14.75,6.68,10.52,32.21,57.05,NA,4.28,-11.08,-30.16,-54.85,-41.33,0.913447,19,,,,,,,4.28,-16.22,-17.98,-20.46,12.62,0.967069,19
21-10-2025,NSE:ARVIND,EQ,8424.36,333895,2.96,2.92,4,306.95,-0.15,6.74,3.21,1.73,-4.09,-11.11,-27.09,-31.03,-20.56,11.4,-1,-1,-1,-1,-1,-1,-1,-1,-1,-1,-1,-3.16,-9.85,-23.07,-31.57,-31.57,-3.16,-9.92,-14.98,-13.03,-10.33,-9.5,9.78,9.78,9.78,20.94,9.78,13.76,8.53,24.91,58.47,45.8,-5.24,-12.71,-34.14,-39.64,-20.92,0.913413,19,,,,,,,-5.24,-7.2,-19.91,-4.78,17.01,0.977686,31
21-10-2025,NSE:ORIENTPPR,EQ,604.94,571262,3.01,2.96,5,26.2,2.54,3.51,-2.6,-2.33,-8.7,-11.3,1.79,-24.05,-72.52,-90.27,-1,-1,HVY,EEP,EEP,EEP,-1,-1,-1,-1,-1,-7.32,-10.82,-15.81,-41.08,-56.84,-7.32,-5.91,-14.26,-54.53,-46.46,-25.54,3.64,14.11,21.46,21.46,3.64,4.55,35.19,19.29,8.05,10.38,-9.85,-12.9,-5.26,-32.66,-72.88,0.913398,19,,,,,,,-9.85,-2.85,6.23,-27.99,-30.06,0.957106,10
21-10-2025,NSE:HESTERBIO,EQ,1743.91,6149,2.53,2.5,5,1734,2.59,0.78,-2.4,-10.69,-16.56,-9.53,-3.9,-26.57,-34.81,18.87,-1,-1,EEP,HV2Y,HV2Y,HV2Y,-1,-1,-1,-1,-1,-13.1,-20.96,-20.96,-35.13,-46.03,-13.1,-7.87,-14.59,-43.92,-31.69,-27.24,2.59,5.37,38.22,38.22,2.59,14.89,51.4,43.61,68.13,79.08,-17.71,-11.13,-10.95,-35.18,-35.17,0.91333,19,,,,,,,-17.71,5.57,-0.39,-23.5,2.51,0.972377,25
21-10-2025,NSE:RELAXO,EQ,11575.64,520488,3.1,3.07,5,442.6,1.91,3.52,1.53,-1.33,-6.11,-12.46,4.72,-30.32,-77.32,-90.18,-1,-1,HV2Y,HV2Y,-1,EEP,-1,-1,-1,-1,-1,-4.88,-11.59,-14.7,-43.55,-50.15,-4.88,-9.48,-14.08,-51.57,-35.04,-11.61,3.65,10.14,10.68,10.68,3.65,14.34,24.47,5.45,0,1.12,-7.26,-14.06,-2.33,-38.93,-77.68,0.913213,19,,,,,,,-7.26,-6.44,9.75,-38.46,-27.04,0.955784,9
21-10-2025,NSE:BCG,EQ,3016.79,10029408,3.42,3.95,6,13.56,0.82,-1.62,3.76,-2.88,-9.88,-17.99,-2.14,-36.06,-23.89,-80.68,-1,-1,HVQ,HV2Y,HV2Q,HV2Y,-1,-1,-1,-1,-1,-9.18,-22.2,-34.52,-37.22,-60.98,-9.18,-28.05,-22.74,-47.64,-46.91,-51.65,14.62,97.67,97.67,97.67,3.91,93.01,133.24,4.92,97.33,79.68,-11.03,-19.59,-9.19,-44.67,-24.25,0.913195,19,,,,,,,-11.03,-7.84,7.91,-34.89,17.96,0.976913,30
21-10-2025,NSE:DEN,EQ,1737.09,400100,2.91,2.9,3,33.49,1.42,1.64,-2.9,1.52,-8.54,-17.65,-3.67,-17.44,-50.46,-64.68,-1,-1,HV2Q,HV2Q,HV2Y,HV2Y,-1,-1,-1,-1,-1,-6.89,-14.61,-18.75,-31.89,-44.14,-6.89,-11.81,-5.61,-39.71,-37.47,-19.89,1.67,5.98,13.8,13.8,1.67,4.1,33.88,17.97,2.72,9.42,-9.69,-19.25,-10.72,-26.05,-50.82,0.913156,19,,,,,,,-9.69,-8.85,6.35,-14.96,-19.1,0.963214,15
21-10-2025,NSE:JYOTHYLAB,EQ,11835.32,300578,2.01,2.02,5,320.65,1.14,3.18,3.04,4.27,-0.58,-7.38,-22.89,-22.45,-60.31,-39.01,-1,-1,-1,HV2Y,HV2Y,EEP,-1,-1,-1,-1,-1,-0.64,-7.73,-18.03,-39.25,-44.64,-0.64,-9.92,-17.62,-31.97,-32.21,-11.25,4.46,4.46,4.46,4.46,4.46,0.44,9.23,25.02,5.98,30.69,-1.73,-8.98,-29.94,-31.06,-60.67,0.913124,19,,,,,,,-1.73,-7.22,-19.98,-1.32,-21.9,0.960576,12
21-10-2025,NSE:BCLIND,EQ,1211.35,555532,2.55,2.52,5,39.3,0.77,0.48,-3.56,-3.72,-3.92,-20.48,-3.23,-25.27,-45.78,-78.5,-1,-1,HV2Q,HVQ,EEP,EEP,-1,-1,-1,-1,-1,-8.94,-16.47,-17,-32.26,-52.74,-8.94,-13.75,-8.11,-39,-40.79,-31.1,1.11,7.52,13.29,13.29,1.11,2.13,36.49,16.95,10.23,18.98,-5.07,-22.08,-10.28,-33.88,-46.14,0.913084,19,,,,,,,-5.07,-16.4,8.79,-23.03,-7.35,0.964425,16
21-10-2025,NSE:FIRSTCRY,EQ,20349.27,2632509,2.77,2.76,5,363.5,-0.27,0.89,-3.96,0.4,-7.33,-1.27,-0.85,-36.07,-91.84,NA,-1,-1,HV2Q,HVQ,HVQ,-1,-1,-1,-1,-1,-1,-6.37,-11.2,-12.39,-47.64,NA,-6.37,-4.69,-27.25,-49.28,-31.57,NA,5.87,13.54,14.67,NA,0.9,16.74,16.12,15.65,1.76,NA,-8.48,-2.87,-7.9,-44.68,-92.2,0.913051,19,,,,,,,-8.48,5.19,-5.12,-36.6,-31.97,0.952532,6
21-10-2025,NSE:BALKRISIND,EQ,48849.32,167778,2.3,2.3,6,2311.5,1.25,3.44,1.38,1.09,-9.14,-20.01,-9.68,-17.9,-30.97,-1.43,-1,-1,-1,-1,-1,EEP,-1,-1,-1,-1,-1,-8.85,-16.22,-16.67,-22.92,-30.91,-8.85,-9.06,-1.8,-24.23,-18.55,-9.52,4.5,4.5,4.5,4.5,4.5,10.19,22.03,11.53,22.27,35.82,-10.29,-21.61,-16.73,-26.51,-31.33,0.912944,19,,,,,,,-10.29,-10.42,3.08,-9.18,-2.07,0.970496,23
21-10-2025,NSE:AEROFLEX,EQ,2444.15,522009,2.51,2.53,5,170.99,2.13,0.99,-2.78,-2.64,-10.7,-20.42,-5.45,-30.62,-18.98,14.85,-1,-1,-1,EEP,EEP,EEP,-1,-1,-1,-1,-1,-11.28,-20.81,-21.09,-35.28,-35.28,-11.28,-12.65,-22.07,-31.76,-3.15,-2.45,2.13,8.61,8.61,46.71,2.13,11.07,30.78,21.16,91.63,74.55,-11.85,-22.02,-12.5,-39.23,-19.34,0.912725,19,,,,,,,-11.85,-9.24,6.9,-25.55,17.93,0.97834,32
21-10-2025,NSE:CYIENT,EQ,13785.91,425494,2.84,2.78,3,1190.7,-0.41,3.19,0.99,3.59,-4.33,-7.76,-1.23,-48.31,-54.96,-82,-1,-1,-1,-1,-1,HV2Y,-1,-1,-1,-1,-1,-0.58,-7,-12.22,-43.02,-44.98,-0.58,-5.12,-26.9,-43.96,-21.58,-18.07,5.84,5.84,6.2,6.2,5.84,6.83,14.44,7.5,6.06,10.81,-5.48,-9.36,-8.28,-56.92,-55.32,0.912653,19,,,,,,,-5.48,-3.75,0.53,-48.19,4.54,0.963135,15
21-10-2025,NSE:RAJESHEXPO,EQ,5928.23,431524,2.51,2.48,5,182.03,0.19,2.43,0.25,0.71,-11.26,-10.41,-9.32,-16.1,-54.23,-88.21,-1,-1,-1,-1,-1,HV2Y,-1,-1,-1,-1,-1,-6.34,-11.19,-12.07,-35.2,-47.35,-6.34,-2.17,-5.39,-37.45,-42.19,-23.21,4.55,4.55,19.97,19.97,2.49,16.33,32.46,31.15,3.38,6.53,-12.41,-12.01,-16.37,-24.71,-54.59,0.912595,19,,,,,,,-12.41,0.31,-4.54,-7.89,-23.82,0.96318,15
21-10-2025,NSE:PFS,EQ,2472.79,441320,2.4,2.39,5,33.67,1.72,-3.47,-4.1,-4.46,-14.49,-21.86,-1.72,-13.66,-37.24,-40.18,-1,-1,-1,HV2Q,-1,HV2Y,-1,-1,-1,-1,-1,-10.26,-19.33,-22.78,-26.5,-44.27,-10.26,-10.16,-5.89,-43.31,-38.47,-25.71,1.72,6.62,12.42,12.42,1.72,3.94,36.99,14.36,15.62,39.61,-15.64,-23.46,-8.77,-22.27,-37.6,0.912403,19,,,,,,,-15.64,-6.89,10.99,-13.42,-11.73,0.969497,21
21-10-2025,NSE:ICIL,EQ,5902.02,496231,3.68,3.81,5,269,3.10,1.78,1.91,1.66,-10.81,-10.61,-13.22,-21,-39.14,-0.2,-1,-1,HVQ,EEP,EEP,EEP,-1,-1,-1,-1,-1,-7.13,-12.41,-22.96,-34.57,-39.81,-7.13,-4.03,-14.78,-28.15,-27.16,-16.25,20.32,20.32,20.32,20.32,3.34,33.33,19.33,22.14,25.87,44.74,-11.96,-12.21,-20.27,-29.61,-39.5,0.912313,18,,,,,,,-11.96,-0.28,-7.88,-8.56,-5.97,0.968243,20
21-10-2025,NSE:SUBEXLTD,EQ,746.9,1129614,4.18,4.33,1,13.25,2.32,-6.42,9.21,11.02,0.38,-5.74,3.4,-53.58,-97.13,-181.51,HVQ,HVQ,-1,HVQ,HVQ,HV2Y,6.47,-1,-1,-1,-1,-6.49,-6.49,-20.71,-50.13,-67.04,-6.49,-10.14,-33.38,-64.28,-54.58,-41.7,12.38,15.52,19.91,19.91,12.38,8.37,26.79,15.84,6.04,3.04,-0.77,-7.34,-3.65,-62.19,-97.49,0.91229,18,,,,,,,-0.77,-6.6,3.11,-60.66,-19.33,0.950167,5
21-10-2025,NSE:IGIL,EQ,16050.41,632470,3.04,2.99,3,338.1,1.38,0.09,-4.08,-1.6,-9.83,-17.26,-9.91,-61.52,NA,NA,-1,-1,-1,-1,-1,-1,-1,-1,-1,-1,-1,-8.5,-18.94,-18.94,NA,NA,-8.5,-10.97,-27.7,-40.1,NA,NA,2.69,2.69,NA,NA,1.38,12.79,34.19,25.77,NA,NA,-10.98,-18.86,-16.96,-70.13,0,0.9122,18,,,,,,,-10.98,-7.22,0.74,-48.64,109.02,0.956451,9
21-10-2025,NSE:GSLSU,EQ,439.41,284907,7.28,7.37,0,112.19,3.00,21.35,15.33,19.58,7.94,-18.83,-11.97,-30.37,-75.38,-165.04,HV2Y,HV2Y,-1,HV2Q,HVQ,HV2Y,-1,-1,-1,-1,-1,0,-12.95,-19.15,-43.17,-63.85,0,-22.53,-17.89,-47.28,-53.84,-37.9,31.43,31.43,31.43,31.43,31.43,1.04,32.53,24.88,6.65,16.06,6.79,-20.43,-19.02,-38.98,-75.74,0.912016,18,,,,,,,6.79,-29.54,0.24,-18.11,-25.51,0.954056,8
21-10-2025,NSE:BALAMINES,EQ,4818.03,29918,2.49,2.46,3,1402.4,0.96,3.82,0.93,0.53,-5.73,-24.79,4.27,-21.8,-58.71,-55.65,-1,-1,HVQ,HVQ,EEP,EEP,-1,-1,-1,-1,-1,-5.48,-20.7,-26.79,-36.25,-43.9,-5.48,-22.6,-8.64,-46.29,-31.67,-10.96,3.97,13.55,22.95,22.95,3.97,3.09,53.43,17.7,0,9.28,-6.88,-26.39,-2.78,-30.41,-59.07,0.911904,18,,,,,,,-6.88,-18.49,17.76,-28.92,-21.28,0.962175,14
21-10-2025,NSE:SIGACHI,EQ,1688.96,17621710,3.67,3.58,6,38.58,0.97,1.61,-0.23,-0.1,-14.57,-4.38,-14.15,-29.34,-34.6,-83.77,-1,-1,HV2Y,EEP,EEP,EEP,-1,-1,-1,-1,-1,-9.9,-13.07,-34.49,-34.49,-57.84,-9.9,-21.27,-31.62,-34.85,-45.46,-43.25,25.79,25.79,25.79,25.79,1.63,44.11,15.95,26.81,14.21,0.52,-15.72,-5.98,-21.2,-37.95,-34.96,0.911893,18,,,,,,,-15.72,8.43,-14.89,-14.99,4.95,0.973232,26
21-10-2025,NSE:JUSTDIAL,EQ,7135.25,124705,2.41,2.56,1,794.35,1.15,-3.17,-3.59,-4.59,-5.46,-9.61,-23.91,-12.77,-56.23,-6.6,-1,-1,-1,EEP,EEP,EEP,-1,-1,-1,-1,-1,-7.74,-8.18,-19.39,-33.78,-41.37,-7.74,-11.26,-15.33,-27.35,-33.88,-8.39,1.15,1.15,1.92,1.92,1.15,3.56,11.71,26.29,14.85,59.12,-6.61,-11.21,-30.96,-21.38,-56.59,0.9118,18,,,,,,,-6.61,-4.39,-18.58,7.31,-29.53,0.964126,16
21-10-2025,NSE:PITTIENG,EQ,3787.95,49259,3.1,3.05,3,926.55,-0.55,-2.33,-5.57,-7.05,-8.63,-6.92,-9.23,-38.68,-40.48,29.55,-1,-1,-1,-1,-1,HV2Y,-1,-1,-1,-1,-1,-8.74,-10.46,-10.46,-36.52,-36.52,-8.74,-2.73,-21.4,-30.65,-11.96,-8.76,4.37,4.37,6.06,45.36,1.56,13.38,13.4,15.85,101.58,104.21,-9.78,-8.52,-16.28,-47.29,-40.84,0.911581,18,,,,,,,-9.78,1.11,-7.69,-28.63,7.72,0.968308,20
21-10-2025,NSE:TRITURBINE,EQ,17098.78,548504,2.01,2.01,5,528.2,1.95,0.77,0.83,1.73,-1.5,-26.02,3.5,-32.71,-51.27,18.9,-1,-1,-1,HVQ,EEP,EEP,-1,-1,-1,-1,-1,-2.15,-20.02,-20.9,-36.73,-36.73,-2.15,-19.72,-7.36,-38.95,-16.04,-1.89,3.97,4.69,10.65,20.8,2.46,5.52,39.45,6.78,98.01,125.71,-2.65,-27.62,-3.55,-41.32,-51.63,0.911556,18,,,,,,,-2.65,-24.63,17.9,-39.2,-4.97,0.965168,17
21-10-2025,NSE:GTLINFRA,EQ,1996.47,42675532,2.44,2.41,4,1.47,0.68,2.04,-0.68,-1.36,-6.8,-13.61,-3.4,-28.57,-53.74,-70.07,-1,-1,-1,HVQ,-1,HV2Y,-1,-1,-1,-1,-1,-4.55,-9.26,-28.29,-36.64,-64.41,-4.55,-16.04,-18.54,-51.28,-54.24,-45.28,2.08,8.89,8.89,8.89,2.08,8.28,23.7,8.57,26,50.67,-7.95,-15.21,-10.45,-37.18,-54.1,0.911546,18,,,,,,,-7.95,-6.83,3.45,-26.02,-10.56,0.961433,13
21-10-2025,NSE:AARTIIND,EQ,14282.57,564349,1.91,1.91,4,375.1,0.66,0.03,-0.6,0.6,-4.83,-17.81,-15.74,-16.97,-42.4,-79.71,-1,-1,-1,-1,-1,-1,-1,-1,-1,-1,-1,-3.72,-15.8,-22.94,-28.65,-50.34,-3.72,-18.84,-9.21,-42.43,-41.92,-29.29,0.89,0.89,5.63,5.63,0.89,5.68,24.44,22.26,10.28,1.37,-5.98,-19.41,-22.79,-25.58,-42.76,0.911443,18,,,,,,,-5.98,-12.85,-3.78,-2.74,-12.72,0.965363,18
21-10-2025,NSE:IPCALAB,EQ,35670.81,178672,2.61,2.63,6,1281.3,0.81,-1.94,-6.13,-2.79,-12.46,-14.47,-12.66,-20.99,-29.22,8.83,-1,-1,-1,-1,-1,-1,-1,-1,-1,-1,-1,-8.43,-16.84,-16.84,-26.53,-26.53,-8.43,-6.48,-7.38,-17.23,-11.11,-2.79,0.81,0.81,0.81,17.75,0.81,9.97,13.35,20.92,42.47,52.15,-13.61,-16.07,-19.71,-29.6,-29.58,0.911394,18,,,,,,,-13.61,-2.24,-3.95,-9.08,2.22,0.972189,25
21-10-2025,NSE:AGARIND,EQ,1479.33,35404,2.84,2.81,5,897.75,1.43,1.58,-1.36,-3.78,-10.18,-9.51,-16.76,-32.2,-25.83,-13.28,-1,-1,-1,-1,HVQ,HV2Y,-1,-1,-1,-1,-1,-9.39,-9.39,-16.38,-34.07,-34.07,-9.39,-0.76,-17.12,-23.02,-12.84,-13.71,15.36,15.36,15.36,15.36,1.61,27.11,12.26,19.7,50,42.77,-11.33,-11.11,-23.81,-40.81,-26.19,0.911355,18,,,,,,,-11.33,0.15,-12.15,-14.9,13.84,0.974984,28
21-10-2025,NSE:YASHO,EQ,2073.82,13037,2.6,2.57,4,1609.5,1.06,2.09,-2.34,-2.65,-6.84,-22.5,-10.34,-25.52,-24.5,-5.62,-1,-1,HVQ,HVQ,EEP,EEP,-1,-1,-1,-1,-1,-4.93,-18.39,-23.75,-29.21,-29.21,-4.93,-18.53,-13.28,-21.88,-8.27,-9.01,2.13,2.13,2.13,5.54,2.13,1.49,19.87,7.98,32.48,31.4,-7.99,-24.1,-17.39,-34.13,-24.86,0.911307,18,,,,,,,-7.99,-15.11,4.39,-15.44,9.83,0.973315,26
21-10-2025,NSE:FOCUS,EQ,633.66,38366,4.14,4.13,3,89.56,0.73,6.93,2.07,-0.63,-5.52,-15.88,-13.01,-24.73,-38.45,-121.69,-1,-1,-1,HV2Q,-1,HV2Y,-1,-1,-1,-1,-1,-5.12,-20.14,-28.95,-36.93,-54.1,-5.12,-18.69,-17.67,-28.73,-45.11,-39.07,7.76,7.76,39.74,39.74,7.76,1.82,61.93,57.92,36.17,51.15,-6.67,-17.48,-20.06,-33.34,-38.81,0.911111,18,,,,,,,-6.67,-10.28,-3.05,-12.05,-1.98,0.966493,18
21-10-2025,NSE:JINDRILL,EQ,1764.8,75029,2.46,2.44,4,554.15,1.28,-1.97,-5.51,-8.02,-9.72,-12.43,-32.91,-27.42,-9.81,-24.7,-1,-1,-1,HV2Y,HV2Y,HV2Y,-1,-1,-1,-1,-1,-8.56,-14.29,-23.23,-42.93,-42.93,-8.56,-6.17,-35.83,-24.15,-17.31,-25.22,1.28,1.28,1.28,2.51,1.28,2.25,4.18,25.73,30.61,12.56,-10.87,-14.03,-39.96,-36.03,-10.17,0.910942,18,,,,,,,-10.87,-2.94,-23.74,2.45,22.84,0.985821,43
21-10-2025,NSE:CENTENKA,EQ,1107.82,13758,2.45,2.47,4,467.2,-0.35,0.4,-3.33,-2.48,-8.73,-12.03,-16.32,-20.82,-39.82,9.42,-1,-1,-1,-1,HV2Y,HV2Y,-1,-1,-1,-1,-1,-7.61,-11.78,-14.78,-36.46,-43.12,-7.61,-4.08,-12.34,-33.84,-31.28,-20.47,0.56,10.88,10.88,22.71,0.56,3.48,24.22,19.69,48.25,71.57,-9.88,-13.63,-23.37,-29.43,-40.18,0.910856,18,,,,,,,-9.88,-3.49,-9.36,-5.54,-6.71,0.967243,19
21-10-2025,NSE:GENUSPOWER,EQ,10244,732110,2.89,2.86,5,303.05,0.97,1.67,-2.38,-3,-10.94,-19.86,-4.16,-22.34,-35.6,2,-1,-1,-1,EEP,-1,EEP,-1,-1,-1,-1,-1,-8.24,-21.57,-27.73,-34.54,-34.94,-8.24,-12.99,-13.38,-32.23,-20.41,-11.78,1.69,7.54,24.61,42.01,1.69,3.85,49.36,29.79,73.73,92.57,-12.09,-21.46,-11.21,-30.95,-35.96,0.910827,18,,,,,,,-12.09,-8.51,7.57,-19.14,-1.82,0.968855,21
21-10-2025,NSE:IGPL,EQ,1351.89,23240,2.05,2.03,6,416.6,0.49,0.96,-2.03,0.11,-5.27,-20.68,-10.2,-22.43,-37.37,-17.41,-1,-1,-1,EEP,EEP,EEP,-1,-1,-1,-1,-1,-3.12,-16.06,-18.44,-32.15,-41.07,-3.12,-14.14,-1.58,-35.06,-27.85,-19.05,0.97,2.02,2.38,2.38,0.97,3.69,23.56,12.83,23.66,38.76,-6.42,-22.28,-17.25,-31.04,-37.73,0.910819,18,,,,,,,-6.42,-15.1,3.15,-12.78,-3.18,0.966842,19
21-10-2025,NSE:VINDHYATEL,EQ,1807.26,7393,2.4,2.37,4,1421.9,0.28,3.96,3.39,1.34,-6.94,-19.57,2.52,-29.94,-52.71,-85.24,-1,-1,-1,HV2Q,HV2Y,HV2Y,-1,-1,-1,-1,-1,-4.49,-16.36,-19.76,-36.82,-54.76,-4.49,-12.92,-7.76,-55.9,-41.21,-30.91,4.12,10.06,21.38,21.38,4.12,3.13,45.13,18.31,5.02,7.88,-8.09,-21.17,-4.53,-38.55,-53.07,0.910682,17,,,,,,,-8.09,-12.26,12.95,-34.99,-8.5,0.963122,15
21-10-2025,NSE:REDTAPE,EQ,8927.84,764848,3.67,3.6,5,137.4,-1.00,4.82,-0.07,-4.45,-17.26,1.88,-4.72,-34.99,-65.71,-13.17,-1,-1,HVQ,HVQ,HVQ,HV2Y,-1,-1,-1,-1,-1,-12.93,-14.72,-14.72,-43.18,-43.18,-12.93,0,-30.46,-40.5,-23.31,-3.75,14.03,14.03,14.03,14.03,5.06,33.72,7.42,7.21,34.93,65.64,-18.41,0.28,-11.77,-43.6,-66.07,0.910657,17,,,,,,,-18.41,15.86,-12.26,-30.58,-13.74,0.964589,16
21-10-2025,NSE:ALOKINDS,EQ,9379.34,6425765,2.45,2.55,3,17.34,1.40,0.92,-0.81,-0.06,-8.82,-18.34,-12.4,-17.42,-37.31,-64.65,-1,-1,HV2Y,HV2Q,HV2Y,HV2Y,-1,-1,-1,-1,-1,-6.02,-15.17,-21.64,-27.6,-43.15,-6.02,-14.73,-7.28,-33.18,-37.35,-26.74,1.4,8.51,16.53,16.53,1.4,9.52,37.9,30.98,10.23,0,-9.97,-19.94,-19.45,-26.03,-37.67,0.910519,17,,,,,,,-9.97,-9.2,-0.51,-6.14,-7.92,0.96747,19
21-10-2025,NSE:SPAL,EQ,1932.13,38876,3.3,3.27,6,702.45,0.09,-1.84,1.12,-3.77,-10.3,-17.99,-6.09,-32.6,-25.67,19.9,-1,-1,EEP,EEP,EEP,EEP,-1,-1,-1,-1,-1,-6.35,-17.32,-21.77,-26.87,-34.55,-6.35,-9.9,-11,-30.56,-13.21,-17.75,1.47,1.47,10.95,32.18,1.47,8.77,30.92,17.71,75.27,66.1,-11.45,-19.59,-13.14,-41.21,-26.03,0.910453,17,,,,,,,-11.45,-7.44,4.56,-26.67,14.25,0.974261,27
21-10-2025,NSE:QUICKHEAL,EQ,1825.75,593342,4.04,4.18,1,330.4,0.67,6.7,5.98,9.1,-1.74,-5.92,13.29,-63.63,-133.52,-42.13,HV2Y,HV2Y,HV2Y,HVQ,HV2Y,HV2Y,-1,-1,-1,-1,-1,-4.93,-5.38,-18.18,-56.6,-59.3,-4.93,-16.75,-37.3,-64.7,-33.39,-4.95,17.5,29.24,29.24,29.24,10,19.54,36.89,10.04,31.48,87.63,-2.89,-7.52,6.24,-72.24,-133.88,0.910415,17,,,,,,,-2.89,-4.57,12.6,-90.39,-33.69,0.946423,4
21-10-2025,NSE:SASKEN,EQ,2269.75,16064,3.08,3.09,5,1395.2,1.42,2.44,1.75,2.02,-7.37,-7.57,-16.13,-49.11,-23.58,-7.68,-1,-1,-1,-1,EEP,EEP,-1,-1,-1,-1,-1,-7.05,-8.05,-14.67,-37.77,-37.77,-7.05,-1.28,-27.25,-27.73,-7.21,-7.49,2.51,2.51,7.62,7.62,2.51,7.31,15.76,24.98,57.13,30.23,-8.52,-9.17,-23.18,-57.72,-23.94,0.910378,17,,,,,,,-8.52,-0.65,-13.49,-30.08,26.14,0.978487,33
21-10-2025,NSE:UFO,EQ,296.93,103479,3.19,3.15,5,70.4,1.08,0.55,-3.58,-2.56,-8.05,-6.62,-0.37,-32.43,-82.57,-97.66,-1,-1,HVY,HVQ,HVQ,HVQ,-1,-1,-1,-1,-1,-7.01,-12.01,-12.01,-43.51,-55.99,-7.01,-4.92,-22.21,-52.43,-43.1,-21.56,1.43,10.88,15.22,15.22,1.08,10.12,22.85,15.65,4.88,11.33,-9.2,-8.22,-7.42,-41.04,-82.93,0.910294,17,,,,,,,-9.2,0.87,0.33,-33.62,-28.84,0.953704,7
21-10-2025,NSE:SERVOTECH,EQ,2969.87,635262,2.88,2.95,6,122.79,-0.21,-0.94,-8.08,-0.57,-6.83,-17.08,-6.12,-21.63,-53.22,20.96,-1,-1,-1,HV2Q,-1,HVQ,-1,-1,-1,-1,-1,-7.47,-14.15,-25.16,-36.99,-39.09,-7.47,-12.46,-12.38,-35.36,-25.91,-6.67,1.77,6.78,11.12,59.67,0,8.73,30.1,17.92,94.21,144.66,-7.98,-18.68,-13.17,-30.24,-53.58,0.91016,17,,,,,,,-7.98,-10.05,3.83,-16.3,-16.95,0.961135,13
21-10-2025,NSE:DOLLAR,EQ,2154.65,90418,2.2,2.2,6,355.5,-0.07,0.08,-3.16,-2.95,-6.69,-12.03,-10.82,-23.49,-54.59,-31.27,-1,-1,-1,-1,EEP,EEP,-1,-1,-1,-1,-1,-4.83,-9.92,-13.13,-34.97,-44.44,-4.83,-7.22,-10.81,-28.31,-31.39,-14.11,1.14,1.14,1.14,1.14,0.08,7.91,10.76,9.57,4.29,21.6,-7.84,-13.63,-17.87,-32.1,-54.95,0.910117,17,,,,,,,-7.84,-5.46,-4.45,-13.12,-16.16,0.960752,12
21-10-2025,NSE:CHEMPLASTS,EQ,6793.18,84803,3.22,3.15,3,392.8,1.80,6.76,5.44,1.78,-9.06,-18.99,-14.19,-23.27,-25.55,-16.47,-1,-1,-1,-1,-1,EEP,-1,-1,-1,-1,-1,-7.18,-16.23,-16.23,-23.73,-36.8,-7.18,-8.64,-3.79,-20.16,-22.09,-20.65,7.56,7.56,7.56,7.56,7.56,5.21,20.56,11.16,14.41,16.53,-10.21,-20.59,-21.24,-31.88,-25.91,0.910053,17,,,,,,,-10.21,-9.56,-1.5,-9.63,7.17,0.972682,25
21-10-2025,NSE:OMAXE,EQ,1576.79,360878,3.89,3.9,6,80.71,0.06,-1.25,-1.62,0.32,-6.69,-29.18,2.11,-14.17,-60.1,-20.25,-1,-1,-1,HVQ,HVQ,HV2Y,-1,-1,-1,-1,-1,-6.09,-21.31,-24.51,-35.52,-50.27,-6.09,-19.46,-2.48,-51.32,-43.23,-20.39,1.97,14.86,14.86,14.86,1.97,2.37,48.37,9.34,12.93,58.36,-7.84,-30.78,-4.94,-22.78,-60.46,0.90984,17,,,,,,,-7.84,-21.54,18.69,-18.31,-31.21,0.962023,14
21-10-2025,NSE:SALZERELEC,EQ,1442.91,287284,4.56,4.74,1,847.55,1.46,0.18,9.85,10.71,3.43,-0.44,-27.69,-74.72,-38.18,38.37,HV2Y,HV2Y,-1,HVQ,HVQ,HV2Y,4.55,-1,-1,-1,-1,-7.56,-7.56,-21.82,-46.9,-46.9,-7.56,-12.1,-44.61,-32.2,-7.22,0,12.52,12.52,12.52,66.61,12.52,3.71,1.13,28.95,261.4,185.82,2.28,-2.04,-34.74,-83.33,-38.54,0.909827,17,,,,,,,2.28,-4.46,-32.66,-38.52,29.93,0.974852,28
21-10-2025,NSE:ESAFSFB,EQ,1562.01,274093,2.26,2.3,5,29.17,1.28,2.88,-0.75,2.02,-3.7,-14.3,-5.49,-29.83,-61.43,-116.66,-1,-1,-1,-1,-1,HV2Y,-1,-1,-1,-1,-1,-2.51,-10.36,-17.81,-37.83,-55.4,-2.51,-14.76,-11.78,-41.55,-51.85,-40.13,3.73,3.73,18.63,18.63,3.73,6.48,35.58,25.13,1.94,5.75,-4.85,-15.9,-12.54,-38.44,-61.79,0.909761,17,,,,,,,-4.85,-10.67,2.18,-24.75,-15.33,0.957832,10
21-10-2025,NSE:RADIANTCMS,EQ,601.62,171219,3.16,3.14,5,55.19,0.31,-0.14,-2.95,3.82,-1.49,-7.25,-24.48,-33.39,-47.58,-61.53,-1,-1,-1,HV2Y,HV2Y,-1,-1,-1,-1,-1,-1,-2.87,-10.25,-24.58,-31.8,-38.61,-2.87,-12.09,-20.46,-21.76,-21.35,-12.98,7.46,7.46,8.05,8.05,4.19,9.05,15.88,34.49,1.35,8.46,-2.64,-8.85,-31.53,-42,-47.94,0.909486,17,,,,,,,-2.64,-6.14,-21.6,-8.84,-1.62,0.963931,16
21-10-2025,NSE:GANESHHOU,EQ,7202.98,47288,2.95,2.94,3,864.5,0.63,6.36,2.08,3.61,0.05,-9.01,-32.47,-51.88,-19.11,25.93,-1,-1,-1,-1,HVQ,HV2Y,-1,-1,-1,-1,-1,-0.51,-5.99,-24.54,-41.59,-41.59,-0.51,-16.24,-36.33,-22.62,-1.18,-4.94,6.79,6.79,6.79,25.44,6.79,3.54,0.55,46.29,105.06,60.82,-1.1,-10.61,-39.52,-60.49,-19.47,0.909427,17,,,,,,,-1.1,-9.52,-27.06,-16.33,30.6,0.981237,37
21-10-2025,NSE:ONEPOINT,EQ,1214.23,686914,5.59,5.46,1,46.8,1.54,2.67,-1.6,4.38,1.15,-6.73,-42.24,-28.23,-41.41,-33.65,-1,-1,-1,HV2Q,HVQ,HV2Y,-1,-1,-1,-1,-1,-5.85,-5.85,-32.5,-32.5,-38.26,-5.85,-11.43,-27.95,-10.31,-20.83,-12.69,8.96,8.96,11.72,11.72,7.76,7.71,19.24,58.92,30.46,43.87,0,-8.33,-49.29,-36.84,-41.77,0.909423,17,,,,,,,0,-8.44,-38.8,8.17,-1.26,0.970583,23
21-10-2025,NSE:SHIVAMAUTO,EQ,437.88,149450,4.27,4.18,6,29.32,0.41,-2.32,-5.9,-3.38,-12.69,-6.72,-2.11,-37.38,-53.55,-48.7,-1,-1,-1,HVQ,HV2Y,HV2Y,-1,-1,-1,-1,-1,-10.31,-15.8,-15.8,-45.18,-51.89,-10.31,-5.11,-26.91,-50.87,-33.9,-26.12,6.93,10.98,14.53,14.53,1.45,20.5,22.23,16.95,23.75,38.31,-13.84,-8.32,-9.16,-45.99,-53.91,0.909339,17,,,,,,,-13.84,4.84,-1.22,-36.22,-2.75,0.964151,16
21-10-2025,NSE:VIDHIING,EQ,1881.68,16446,3.49,3.43,5,358.05,-1.12,-0.45,1.48,0.89,-4.82,-11.66,-18.68,-36.18,-32.41,-18.71,-1,-1,-1,-1,HVQ,HV2Y,-1,-1,-1,-1,-1,-5.4,-16.23,-21.48,-36.95,-36.95,-5.4,-12.64,-25.8,-25.17,-14.14,-6.96,2.8,2.8,2.8,2.8,2.8,3.13,0.86,5.81,19.47,16.16,-5.97,-13.26,-25.73,-44.79,-32.77,0.908887,17,,,,,,,-5.97,-6.99,-11.82,-16.42,11.79,0.969941,22
21-10-2025,NSE:BODALCHEM,EQ,835.76,230673,2.57,2.56,5,60.88,2.61,1.69,-1.68,-1.99,-8.69,-26.31,-15.8,-5.81,-40,-25,-1,-1,-1,HV2Q,HVQ,HVQ,-1,-1,-1,-1,-1,-6.77,-21.14,-22.6,-26.09,-37.85,-6.77,-15.88,-2.24,-18.51,-34.23,-12.99,2.61,2.61,17.01,17.01,2.61,2.81,47.8,35.5,3.2,26.45,-9.84,-27.91,-22.85,-14.42,-40.36,0.908859,17,,,,,,,-9.84,-16.68,2.79,6.94,-23.28,0.968091,20
21-10-2025,NSE:VALIANTLAB,EQ,477.9,63773,4.53,4.48,5,82.91,-0.47,-0.39,1.62,1.25,-5.26,-17.78,-17.87,-26.47,-30.96,-98.37,-1,-1,-1,-1,-1,-1,-1,-1,-1,-1,-1,-6.76,-15.58,-25.82,-29.04,-50.55,-6.76,-21.92,-12.63,-23.82,-44.62,-42.66,1.76,1.76,16.65,16.65,1.76,4.32,37.38,37.49,11.67,8.17,-6.41,-19.38,-24.92,-35.08,-31.32,0.908653,16,,,,,,,-6.41,-12.35,-5.61,-8.97,5.47,0.969514,22
21-10-2025,NSE:SCHAND,EQ,676.79,53992,4.16,4.26,3,178.53,2.57,1.06,-3.62,-1.49,-7.08,-25.72,-20.02,-15.78,-23.18,-45.58,-1,-1,-1,HV2Q,HV2Y,EEP,-1,-1,-1,-1,-1,-6.98,-21.26,-28.54,-28.54,-37.07,-6.98,-19.98,-10.16,-13.4,-27.14,-22.49,2.57,2.57,12.48,12.48,2.57,1.64,41.41,35,5.3,6.14,-8.23,-27.32,-27.07,-24.39,-23.54,0.908598,16,,,,,,,-8.23,-17.87,-0.99,1.85,2.63,0.973679,26
21-10-2025,NSE:POLYPLEX,EQ,3355.85,57823,2.15,2.19,5,984.2,1.48,1.2,-3,-5.51,-8.28,-14.51,-26.87,-28.12,-17.99,2.65,-1,-1,-1,HVQ,HV2Y,HV2Y,-1,-1,-1,-1,-1,-9.68,-14.92,-28.86,-32.84,-32.84,-9.68,-14.37,-18.54,-14.79,-13.95,-14.11,1.87,1.87,1.87,28.54,1.87,6.3,9.77,23.41,64.68,51.67,-9.43,-16.11,-33.92,-36.73,-18.35,0.9085,16,,,,,,,-9.43,-6.21,-16.33,-2.66,16.92,0.978311,32
21-10-2025,NSE:CLEDUCATE,BE,555.69,101248,5.1,4.97,6,88.56,1.98,1.6,-1.11,-2.06,-15.73,-8.46,-7.87,-31.17,-39.05,-0.55,-1,-1,HVQ,-1,HV2Y,HVQ,-1,-1,-1,-1,-1,-11.73,-24.3,-24.3,-30.91,-30.91,-11.73,-12.39,-24.86,-25.47,-9.38,-1.04,8.69,9.71,26.06,26.06,1.98,25.79,36.73,35.99,63.61,73.44,-16.88,-10.06,-14.92,-39.78,-39.41,0.908109,16,,,,,,,-16.88,5.82,-4.99,-23.28,3.01,0.969709,22
21-10-2025,NSE:RSWM,EQ,759.28,32486,3.15,3.13,4,144.19,0.78,1.39,-0.35,-2.52,-10.59,-13.97,-10.11,-24.01,-43.41,-41.69,-1,-1,HVQ,HV2Q,HV2Y,HV2Y,-1,-1,-1,-1,-1,-9.33,-12.97,-22.65,-34.22,-45.39,-9.33,-10.95,-11.84,-39.87,-32.28,-21.69,3.64,3.64,11.8,11.8,3.64,8.42,27.42,23.11,7.75,22.07,-11.74,-15.57,-17.16,-32.62,-43.77,0.908104,16,,,,,,,-11.74,-3.52,-2.14,-14.3,-6.63,0.965077,17
21-10-2025,NSE:ABAN,BE,258.27,71868,3.44,3.38,5,42.36,3.09,5.34,4.25,-0.26,-4.96,-20.09,4.08,-35.79,-62.72,-81.3,-1,-1,-1,HV2Q,HV2Q,HV2Q,-1,-1,-1,-1,-1,-6.22,-16.58,-28.55,-40.47,-51.65,-6.22,-24.75,-14.2,-53.63,-35.08,-22.2,7.38,15.42,15.42,15.42,7.38,5.53,38.61,10.44,17.75,41.11,-6.11,-21.69,-2.97,-44.4,-63.08,0.908022,16,,,,,,,-6.11,-14.88,14.6,-43.25,-10.82,0.959946,12
21-10-2025,NSE:ACLGATI,EQ,919.22,251424,3.52,3.57,4,61.46,-0.73,6.96,3.87,3.77,-1.4,-15.44,-7.11,-28.54,-71.98,-85.08,HVQ,HVQ,-1,EEP,EEP,EEP,-1,-1,-1,-1,-1,-0.73,-11.97,-17.14,-42.6,-49.93,-0.73,-14.32,-11.97,-42.79,-37.15,-15.91,7.49,7.86,15.63,15.63,7.49,1.95,33.49,23.86,5.28,14.42,-2.55,-17.04,-14.16,-37.15,-72.34,0.908012,16,,,,,,,-2.55,-14.31,1.69,-21.69,-24.78,0.954015,8
21-10-2025,NSE:LAXMIDENTL,EQ,1907.19,687108,2.86,2.85,6,318.25,0.94,1.67,-2.89,-0.25,-8.91,-56.4,-29.32,NA,NA,NA,-1,-1,HV2Q,-1,-1,-1,-1,-1,-1,-1,-1,-6.42,-33.68,-36.06,NA,NA,-6.42,-30.37,-9.59,NA,NA,NA,4.89,4.89,NA,NA,1.69,14.24,53.53,NA,NA,NA,-10.06,-58,-36.37,0,0,0.907946,16,,,,,,,-10.06,-44.07,11.79,98.32,9.02,0.967782,20
21-10-2025,NSE:SOMANYCERA,EQ,2008.81,33596,2.87,2.85,5,455.2,1.08,2.31,-1.66,0.05,-7.16,-23.02,2.65,-28.67,-53.97,-49.36,-1,-1,-1,HVY,-1,EEP,-1,-1,-1,-1,-1,-5.13,-19.21,-23.13,-36.91,-45.31,-5.13,-17.41,-5.44,-42.87,-29.64,-15.8,2.36,9.3,11.84,11.84,2.36,8.28,37.59,8.88,2.61,22.78,-8.31,-24.62,-4.4,-37.28,-54.33,0.907934,16,,,,,,,-8.31,-15.26,15.34,-33.85,-10.64,0.962633,14
21-10-2025,NSE:BALAJEE,EQ,422.46,249297,5.5,5.41,4,45.5,1.52,-9.85,-9.38,-3.12,-13.08,0.7,-2.68,-52.2,-64.55,NA,-1,-1,HVQ,HV2Q,HVQ,-1,-1,-1,-1,-1,-1,-15.8,-21.85,-21.85,-44.51,NA,-15.8,-11.63,-35.58,-52.91,-30.21,NA,1.52,4.77,9.4,NA,1.52,15.36,8.63,12.33,2.43,NA,-14.23,-0.9,-9.73,-60.81,-64.91,0.907802,16,,,,,,,-14.23,11.73,-8.94,-49.9,0.9,0.963558,15
21-10-2025,NSE:BLUEDART,EQ,13650.68,37045,2.48,2.52,6,5578,0.57,1.97,-0.88,0,-3.3,-21.58,-16.38,-14.79,-52.26,-9.8,-1,-1,HV2Q,HV2Q,HV2Y,EEP,-1,-1,-1,-1,-1,-3.75,-19.19,-22.39,-33.95,-39.72,-3.75,-16.65,-5.64,-29.85,-30.8,-8.22,2.01,2.01,2.01,2.01,2.01,3.26,20.06,14.92,16.4,54.39,-4.45,-23.18,-23.43,-23.4,-52.62,0.907578,16,,,,,,,-4.45,-18.16,-1.25,-0.32,-23.62,0.96153,13
21-10-2025,NSE:KECL,EQ,793.98,245885,4.48,4.44,4,121.42,0.16,-2.03,2.07,6.02,1.7,-12.33,-13.27,-43.48,-56.93,4.38,HVY,HVY,-1,HVQ,HVQ,HVQ,-1,-1,-1,-1,-1,-3.82,-10.56,-18.3,-39.66,-50.71,-3.82,-19.69,-23.44,-44.17,-29.28,-22.65,7.4,7.4,9.83,21.85,7.4,3.82,23.37,24.41,74.82,91.21,0.55,-13.93,-20.32,-52.09,-57.29,0.907569,16,,,,,,,0.55,-14.74,-6.37,-28.35,-0.35,0.958634,11
21-10-2025,NSE:AWHCL,EQ,1681.07,65017,2.78,2.74,6,525.7,0.45,1.11,-0.97,-4.55,-12.45,-22.38,2.06,-17.13,-59.22,7.1,-1,-1,-1,EEP,EEP,EEP,-1,-1,-1,-1,-1,-9.47,-17.16,-23.06,-36.93,-40.34,-9.47,-13.49,-5.85,-41.57,-30.12,-5.01,1.61,7.75,8.07,28.14,1.61,3.88,32.25,5.84,50.09,104.02,-13.6,-23.98,-4.99,-25.74,-59.58,0.907547,16,,,,,,,-13.6,-9.29,14.44,-21.28,-26.91,0.961347,13
21-10-2025,NSE:TIIL,EQ,5713.77,13659,3.95,3.94,5,2394.8,0.91,3.39,8.03,8.9,-5.3,-37.39,-6.95,-15.44,-31.45,1.32,-1,-1,-1,HV2Q,EEP,EEP,-1,-1,-1,-1,-1,-3.49,-28.27,-28.27,-28.27,-38.46,-3.49,-24.47,0,-34.19,-28.96,-19.11,9.77,9.77,9.77,51.02,9.77,2.85,48.79,15.83,74.33,98.52,-6.45,-38.99,-14,-24.05,-31.81,0.907458,16,,,,,,,-6.45,-30.93,16.62,-9.62,-4.86,0.971474,24
21-10-2025,NSE:VSTIND,EQ,4571.81,143033,1.61,1.61,3,259,2.35,1.04,-1.37,0.48,-3.86,-13.03,-25.15,-20.91,-46.91,-22.67,-1,-1,EEP,EEP,EEP,EEP,-1,-1,-1,-1,-1,-3.21,-9.82,-21.63,-30.9,-46.18,-3.21,-14.79,-12.17,-32.64,-34.93,-20.94,2.88,2.88,4.79,4.79,2.88,0.69,18.45,31.16,2.25,19.76,-5.01,-14.63,-32.2,-29.52,-47.27,0.907372,16,,,,,,,-5.01,-9.29,-16.26,1.71,-12.49,0.964181,16
21-10-2025,NSE:RVNL,EQ,75894.73,5741096,2.32,2.38,6,332,0.91,-0.32,-6.88,-2.91,-9.47,-13.92,-12.59,-23.84,-44.46,30.84,-1,-1,-1,EEP,EEP,EEP,-1,-1,-1,-1,-1,-7.5,-11.91,-23.1,-32.19,-47.3,-7.5,-9.04,-20.6,-40.11,-34.74,-23.87,9.72,9.72,9.72,49.15,0.91,20.11,17.05,15.51,84.7,115.45,-10.62,-15.52,-19.64,-32.45,-44.82,0.907299,16,,,,,,,-10.62,-4.52,-4.37,-11.67,-7.63,0.964331,16
21-10-2025,NSE:URJA,EQ,735.63,1029762,2.72,2.73,3,12.99,4.00,3.85,0.92,-0.38,-7.16,-15.17,-3.85,-31.87,-55.66,-125.56,-1,-1,-1,HV2Q,HVQ,HVQ,-1,-1,-1,-1,-1,-6.28,-11.69,-20.74,-35.02,-53.36,-6.28,-9.73,-14.22,-43.93,-56.85,-49.07,6.21,6.21,15.47,15.47,6.21,6.5,32.98,19.91,15.67,6.98,-8.31,-16.77,-10.9,-40.48,-56.02,0.907081,16,,,,,,,-8.31,-7.93,4.3,-28.66,-9.02,0.960095,12
21-10-2025,NSE:NETWORK18,EQ,8562.73,3666694,2.76,2.75,5,48.83,0.41,-3.83,-6.39,-5.65,-13.52,-22.08,6.23,-16.01,-76.04,-117.59,-1,-1,HV2Y,HVQ,HV2Y,HV2Y,-1,-1,-1,-1,-1,-11.3,-18.75,-22.66,-43.48,-58.97,-11.3,-12.21,-5.59,-54.17,-52.39,-27.76,0.41,15.19,20.48,20.48,0.41,5.08,47.08,12.98,0,16.16,-14.67,-23.68,-0.82,-24.62,-76.4,0.906949,16,,,,,,,-14.67,-8,17.65,-25.4,-42.72,0.958074,10
21-10-2025,NSE:DPWIRES,EQ,412.31,146622,3.34,3.28,6,231.15,0.82,1.71,-2.56,-2.88,-15.43,1.08,-0.75,-41.38,-85.64,-127.17,-1,-1,HVQ,HVQ,HVQ,HV2Y,-1,-1,-1,-1,-1,-11.55,-22.94,-22.94,-45.39,-57.89,-11.55,-11.06,-29.94,-48.25,-40.47,-21.83,14.5,18.8,19.11,19.11,1.74,32.16,17.82,20,4.36,10.72,-16.58,-0.52,-7.8,-49.99,-86,0.906902,16,,,,,,,-16.58,13.84,-7.38,-42,-22.28,0.9572,10
21-10-2025,NSE:PATELENG,EQ,3428.17,2416306,2.29,2.3,5,37.27,1.89,1.5,-1.07,0.83,-9.1,-5.5,-16.93,-36.03,-46.07,-80.44,-1,-1,-1,-1,-1,EEP,-1,-1,-1,-1,-1,-7.68,-8.34,-17.82,-36.2,-49.53,-7.68,-1.33,-25.64,-29.29,-33.6,-28.7,3.13,3.13,3.13,3.13,2.39,12.51,2.72,13.85,6.42,6.47,-10.25,-7.1,-23.98,-44.64,-46.43,0.906668,16,,,,,,,-10.25,2.84,-16.36,-18.02,1.64,0.965487,18
21-10-2025,NSE:EPACK,EQ,3670.29,850900,3.03,3.05,5,340.9,0.47,0.34,1.44,-3.45,-12.14,-4.06,-20.52,-53.65,-20.28,46.95,-1,-1,HV2Q,-1,HV2Q,EEP,-1,-1,-1,-1,-1,-9.86,-15.41,-15.82,-46.93,-46.93,-9.86,-5.14,-32.79,-36.04,-18.46,-2.43,1.46,5.26,5.26,125.24,1.46,14.17,9.54,76.33,246.09,170.93,-13.29,-5.66,-27.57,-62.26,-20.64,0.906595,15,,,,,,,-13.29,6.75,-21.34,-29.17,30.74,0.983759,40
21-10-2025,NSE:OSWALGREEN,EQ,1057.54,363499,3.74,3.75,6,38.5,0.68,0,-4.16,2.62,-6.49,-18.05,-17.12,-22.94,-38.73,8.05,-1,HVY,-1,HVQ,HV2Y,HV2Y,-1,-1,-1,-1,-1,-6.26,-15.29,-20.63,-30.25,-41.94,-6.26,-13.94,-11.14,-32,-28.62,-19.45,2.69,5.48,17.38,35.09,2.69,3.12,38.57,37.47,66.07,87.4,-7.64,-19.65,-24.17,-31.55,-39.09,0.906329,15,,,,,,,-7.64,-11.31,-4.74,-6.65,-3.83,0.965801,18
21-10-2025,NSE:MONARCH,EQ,2669.36,202825,2.39,2.38,6,316.45,0.56,2.45,0.71,-0.57,-6.78,-18.04,-4.25,-37.23,-43.02,-0.45,-1,-1,-1,-1,HVQ,HVQ,-1,-1,-1,-1,-1,-4.77,-17.67,-17.67,-33.93,-33.93,-4.77,-12.09,-22.01,-31.12,-9.33,-2.2,2.59,5.64,5.64,32.63,2.59,9.14,24.7,26.88,82,89.69,-7.93,-19.64,-11.3,-45.84,-43.38,0.90621,15,,,,,,,-7.93,-11.01,6.16,-33.31,4.79,0.965289,17
21-10-2025,NSE:PRITIKA,SM,238.34,49240,2.96,3.44,5,87.9,1.50,-2.62,3.07,-2.22,-3.24,-2.39,12.51,-111.83,-94.65,8.13,-1,-1,-1,-1,HVQ,HV2Y,-1,-1,-1,-1,-1,-4.51,-4.72,-4.72,-57.94,-57.94,-4.51,-1.63,-54.37,-63.21,-10.91,-2.98,3.35,27.21,27.21,84.86,3.35,20.92,30.25,29.24,291.59,259.83,-4.39,-3.99,5.46,-120.44,-95.01,0.906129,15,,,,,,,-4.39,0.37,9.03,-143.81,17.13,0.964922,17
21-10-2025,NSE:DEEPAKNTR,EQ,24755.34,202276,1.77,1.79,6,1770.6,0.68,0.61,-1.77,-3.56,-1.98,-9.38,-14.62,-33.62,-69.41,-24.13,-1,-1,-1,-1,-1,-1,-1,-1,-1,-1,-1,-5.29,-8.15,-16.42,-38.28,-42.93,-5.29,-9.48,-18.63,-34.59,-23.74,-3.32,1.89,1.89,1.89,1.89,0.68,3.91,7.15,12.29,14.56,45.24,-3.13,-10.98,-21.67,-42.23,-69.77,0.906072,15,,,,,,,-3.13,-7.71,-10.32,-18.26,-17.76,0.954502,8
21-10-2025,NSE:HIGREEN,SM,546.03,16112,3.58,3.69,0,203.8,-2.98,-4.78,-9.4,-5.99,-7.65,-6.82,-8.42,-53.58,-44.97,-1.99,-1,-1,HV2Q,-1,HVQ,HV2Y,-1,-1,-1,-1,-1,-9.82,-20.14,-20.14,-40.22,-40.22,-9.82,-14.03,-36.14,-35.19,0,0,0.39,7.21,7.21,33.2,0,15.41,14.52,33.59,104.58,93.1,-8.8,-8.42,-15.47,-62.19,-45.33,0.905674,15,,,,,,,-8.8,0.31,-7.02,-43.34,14.63,0.967162,19
21-10-2025,NSE:A2ZINFRA,BE,326.88,183253,3.17,3.62,3,16.43,3.66,-2.31,-10.89,-4.44,-12.96,-38.95,7.97,-42.54,-14.73,20.57,-1,-1,-1,-1,HV2Q,HV2Q,-1,-1,-1,-1,-1,-11.14,-25.28,-28.03,-38.28,-38.28,-11.14,-18.7,0,-43.2,-12.02,-19.44,3.72,29.57,29.57,33.58,3.72,2.83,80.05,17.39,90.41,53.25,-14.11,-40.55,0.92,-51.15,-15.09,0.905579,15,,,,,,,-14.11,-23.47,28.24,-56.57,28.53,0.991646,50
21-10-2025,NSE:THERMAX,EQ,39547.98,215547,2.2,2.27,4,3219.1,1.22,3.47,0.9,2.72,-2.75,-21.25,-7.14,-25.66,-62.19,-2.87,-1,-1,HVY,HVY,-1,HV2Y,-1,-1,-1,-1,-1,-4.16,-18.39,-18.39,-40.73,-43.19,-4.16,-16.15,-1.54,-36.5,-28.61,-7.86,3.59,3.59,6.9,6.9,3.59,3.79,29.61,14.53,31.19,69.33,-3.9,-22.85,-14.19,-34.27,-62.55,0.905425,15,,,,,,,-3.9,-18.46,6.11,-18.97,-20.05,0.956981,10
21-10-2025,NSE:DEVIT,EQ,242.8,141702,4.13,4.44,5,41.78,3.52,5.58,2.03,3.06,-3.16,-8.36,-10.4,-60.9,-44.15,-37.53,-1,-1,-1,HVQ,HV2Y,HV2Y,-1,-1,-1,-1,-1,-1.65,-13.7,-14.48,-43.79,-43.79,-1.65,-11.78,-34.55,-37.94,-9.55,-6.8,9.66,9.66,9.66,9.66,9.66,3.66,16.13,11.77,74.16,56.02,-4.31,-9.96,-17.45,-69.51,-44.51,0.905335,15,,,,,,,-4.31,-5.5,-7.41,-47.43,19.43,0.96745,19
21-10-2025,NSE:SNOWMAN,EQ,967.27,240125,3.07,3.02,5,51.03,0.16,-0.24,-3.61,-3.08,-11.39,-14.72,-5.45,-27.69,-52.42,-27.96,-1,-1,-1,EEP,EEP,EEP,-1,-1,-1,-1,-1,-9.65,-13.32,-18.61,-35.74,-43.61,-9.65,-7.7,-11.77,-40.53,-27.99,-14.05,2.18,6.05,18.26,18.26,2.18,12.47,35.67,24.7,13.42,35.39,-12.54,-16.32,-12.5,-36.3,-52.78,0.905037,15,,,,,,,-12.54,-3.45,2.55,-22.77,-10.35,0.961527,13
21-10-2025,NSE:BPL,EQ,425.11,84846,3.85,3.8,5,76.51,2.03,1.69,-2.8,-0.91,-12.98,-13.46,-0.24,-32.1,-58.28,-38.94,-1,-1,-1,HVQ,-1,HV2Y,-1,-1,-1,-1,-1,-7.07,-12.85,-21.39,-39.78,-46.21,-7.07,-7.13,-16.93,-42.29,-28.94,-14.86,2.35,10.79,14.72,14.72,2.05,15.64,30.17,14.99,26.34,51.37,-14.13,-15.06,-7.29,-40.71,-58.64,0.904867,15,,,,,,,-14.13,-0.89,6.13,-33.47,-10.8,0.960797,12
21-10-2025,NSE:DENORA,EQ,435.79,4479,3.58,3.64,3,812,3.32,6.58,-1.9,-2.3,-0.76,-14.06,-5.85,-36.1,-82.42,-79.15,-1,-1,-1,-1,-1,HV2Y,-1,-1,-1,-1,-1,-8.62,-16.32,-16.32,-44.65,-58.45,-8.62,-15.69,-17.93,-55.01,-43.45,-24.21,7.05,11.11,18.3,18.3,7.05,0,34.94,25.22,0.58,7.07,-1.91,-15.66,-12.9,-44.71,-82.78,0.904861,15,,,,,,,-1.91,-13.67,1.67,-30.25,-25.02,0.950456,6
21-10-2025,NSE:TRENT,EQ,180658.73,950582,2.4,2.45,6,4791.1,-0.23,3.63,2.19,1.26,-6.03,-12.21,-11.1,-29.65,-62.92,20.64,-1,-1,-1,-1,EEP,EEP,-1,-1,-1,-1,-1,-4.38,-13.35,-23,-38.32,-41.82,-4.38,-18.36,-13.6,-35.36,-24.57,-5.21,3.78,3.78,3.78,24.62,3.78,1.72,16.36,15.21,105.19,157.86,-7.18,-13.81,-18.15,-38.26,-63.28,0.904717,15,,,,,,,-7.18,-6.29,-4.54,-18.37,-16.65,0.95671,9
21-10-2025,NSE:NEWGEN,EQ,12978.49,1037833,2.34,2.54,4,880.6,0.06,3.51,-0.28,0.41,-3.96,-4.17,-6.86,-84.95,-44.17,14.01,-1,-1,HV2Y,EEP,-1,EEP,-1,-1,-1,-1,-1,-3.17,-6.49,-34.02,-49.85,-49.85,-3.17,-22.35,-42.17,-46.41,-7.24,-10.26,7.63,7.63,7.63,23.82,3.64,11.9,8.89,11.7,129.01,78.51,-5.11,-5.77,-13.91,-93.56,-44.53,0.904596,15,,,,,,,-5.11,-0.66,-8.11,-74.76,31.07,0.974678,28
21-10-2025,NSE:JASH,EQ,3294.64,109607,3.77,3.69,3,490.15,-1.80,2.89,4.2,1.56,-6.68,-24.65,-39.12,-26.68,-4.28,31.1,-1,-1,-1,-1,EEP,EEP,-1,-1,-1,-1,-1,-4.91,-19.11,-26.65,-28.23,-28.23,-4.91,-14.56,-10.54,-0.15,-3.88,-0.61,5.06,5.06,5.06,55.41,5.06,2.42,21.59,70.44,96.86,62.06,-7.83,-26.25,-46.17,-35.29,-4.64,0.904495,15,,,,,,,-7.83,-17.3,-17.14,7.27,26.7,0.987345,44
21-10-2025,NSE:GRAVITA,EQ,12274.35,214862,3.01,3,5,1601.7,2.70,1.07,2.35,-0.17,-3.73,-6.97,-23.26,-36.62,-53.58,45.06,-1,-1,-1,EEP,EEP,EEP,-1,-1,-1,-1,-1,-4.19,-15.61,-24.21,-36.3,-39.89,-4.19,-12.47,-22.77,-25.91,-17.88,-7.68,3.75,3.75,4.61,116.18,3.75,2.57,11.9,48.17,195.36,232.02,-4.88,-8.57,-30.31,-45.23,-53.94,0.904386,15,,,,,,,-4.88,-3.58,-20.76,-12.52,-3.39,0.960971,12
21-10-2025,NSE:RAIN,EQ,4670.16,1027389,2.38,2.45,5,127.7,0.87,0.57,-3.08,-0.36,-8.21,-20.22,-14.04,-23.09,-39.58,-33.83,-1,-1,HVY,-1,HV2Q,HV2Y,-1,-1,-1,-1,-1,-7.18,-21.82,-21.82,-34.09,-41.41,-7.18,-15.4,-3.41,-24.84,-27.88,-18.22,1.2,1.2,5.04,5.04,1.2,2.09,26.28,19.79,8.09,18.28,-9.36,-21.82,-21.09,-31.7,-39.94,0.904189,15,,,,,,,-9.36,-11.55,-0.39,-9.61,-4.39,0.965119,17
21-10-2025,NSE:RTNPOWER,EQ,6653.56,17574837,2.56,2.58,5,11.14,0.36,0.45,-0.9,-3.14,-11.4,-35.28,-4.49,-9.25,-42.73,6.19,-1,-1,-1,HVQ,HVQ,HV2Y,-1,-1,-1,-1,-1,-8.99,-26.18,-31.36,-31.36,-44.58,-8.99,-23.54,-7.15,-34.24,-39.45,-20.9,0.91,13.1,27.46,38.39,0.91,4.73,72.43,33.18,51.18,97.52,-12.55,-36.88,-11.54,-17.86,-43.09,0.904148,15,,,,,,,-12.55,-21.89,17.23,-6.23,-21.63,0.967162,19
21-10-2025,NSE:AYMSYNTEX,EQ,1136.47,23240,3.48,3.49,5,185.42,4.86,0.73,-1.4,-4.14,-4.94,-23.83,-20.87,-28.06,-24.87,56.02,-1,-1,-1,-1,HV2Y,HV2Y,-1,-1,-1,-1,-1,-5.9,-18.01,-30.96,-40.3,-40.3,-5.9,-23.89,-14.51,-27.84,-23.55,0,4.86,4.86,6.65,138.79,4.86,6.04,32.06,96.04,211.41,203.66,-6.09,-25.43,-27.92,-36.67,-25.23,0.904003,15,,,,,,,-6.09,-18.46,-3.14,-7.63,11.51,0.971819,24
21-10-2025,NSE:EIMCOELECO,EQ,1196.36,154277,6,6.23,2,1855,1.78,-0.81,-3.37,6.32,-10.56,-31.13,3.94,-11.7,-74.31,23.46,HV2Y,HV2Y,HV2Y,HV2Y,-1,HV2Y,9.52,-1,-1,-1,-1,-19.38,-23.52,-36.93,-39.61,-45,-19.38,-30.27,-17.29,-47.17,-38.57,-4.13,7.71,8.41,37.07,42.67,7.71,6.57,79.74,31.67,59.36,148.68,-11.71,-32.73,-3.11,-20.31,-74.67,0.903997,14,,,,,,,-11.71,-19.07,21.22,-17.96,-47.04,0.958868,11
21-10-2025,NSE:RATNAMANI,EQ,16927.22,22766,2.6,2.57,4,2357.9,1.73,1.65,-1.87,-2.26,-2.35,-19.58,-13.43,-27.71,-55.12,-26.94,-1,-1,-1,HV2Y,HV2Y,EEP,-1,-1,-1,-1,-1,-5.67,-15.76,-21.58,-36.22,-38.91,-5.67,-19.73,-6.23,-30.7,-21.98,-5.23,2.36,2.36,2.36,2.36,2.36,3.87,17.27,11.24,15.4,40.17,-3.5,-21.18,-20.48,-36.32,-55.48,0.903829,14,,,,,,,-3.5,-17.29,-0.39,-14.27,-12.44,0.958487,11
21-10-2025,NSE:NITINSPIN,EQ,1978.94,66079,3.13,3.13,3,322.75,2.66,-2.2,3.97,-5.33,-9.11,-24.2,-16.13,-23.75,-26.4,-10.43,-1,-1,-1,-1,HV2Y,EEP,-1,-1,-1,-1,-1,-6.95,-18.74,-21.09,-33.82,-33.82,-6.95,-12.15,-3.18,-23.14,-18.1,-11.49,4.13,4.13,6.71,6.71,4.13,7.82,32.53,23.92,31.06,33.86,-10.26,-25.8,-23.18,-32.36,-26.76,0.903764,14,,,,,,,-10.26,-14.29,0.97,-8.24,6.88,0.971127,23
21-10-2025,NSE:RBA,EQ,4966.1,1487571,3.28,3.2,5,71.1,0.37,1.69,-5.33,-9.41,-20.79,-17.09,-9.52,-9.82,-47.86,-52.11,-1,-1,HVQ,EEP,EEP,-1,-1,-1,-1,-1,-1,-14.78,-17.22,-17.45,-31.65,-38.89,-14.78,-0.01,-3.34,-31.2,-34.08,-11.25,3.19,3.19,18.8,18.8,3.19,10.44,39.1,30.11,3.69,9.8,-21.94,-18.69,-16.57,-18.43,-48.22,0.903701,14,,,,,,,-21.94,2.6,0.93,-1.95,-25.62,0.966589,18
21-10-2025,NSE:KRITIKA,EQ,243.38,284867,5.48,5.33,3,8.51,0.47,-0.35,-5.05,3.17,-6.35,-13.63,-14.1,-30.9,-51.82,-72.15,-1,-1,HVQ,-1,-1,-1,-1,-1,-1,-1,-1,-7.6,-13.87,-20.39,-37.01,-65.27,-7.6,-10.48,-14.2,-56.18,-54.53,-47.27,10.38,10.38,10.38,10.38,3.28,17.38,23.5,24.01,10.19,13.83,-7.5,-15.23,-21.15,-39.51,-52.18,0.90364,14,,,,,,,-7.5,-7.31,-5.94,-16.41,-6.96,0.960257,12
21-10-2025,NSE:AVADHSUGAR,EQ,892.72,29667,2.66,2.64,4,423.9,1.63,0.24,-0.96,0.05,-4.82,-14.65,-32.25,-7.45,-68.21,-46.17,-1,-1,-1,HV2Q,EEP,EEP,-1,-1,-1,-1,-1,-4.34,-11.73,-25.84,-38.91,-47.98,-4.34,-12.96,-14.98,-31.21,-44.11,-12.5,3.05,3.05,15.25,15.25,2.32,8.02,32.14,52.42,4.04,40.32,-5.97,-16.25,-39.3,-16.06,-68.57,0.90362,14,,,,,,,-5.97,-9.83,-20.88,17.07,-47.52,0.962641,14
21-10-2025,NSE:COHANCE,EQ,34664.41,1385303,2.62,2.63,5,898.3,2.27,3.48,2.7,2.44,-1.24,-19.19,-36.93,-19.16,-37.4,29.25,-1,-1,HVY,EEP,EEP,EEP,-1,-1,-1,-1,-1,-0.71,-15.64,-25.45,-32.67,-32.67,-0.71,-17.1,-12.96,-7.81,-19.77,-1.2,4.3,4.3,4.3,47.15,4.3,4.33,13.4,49.89,75.35,102.19,-2.39,-20.79,-43.98,-27.77,-37.76,0.903441,14,,,,,,,-2.39,-18.19,-20.41,11.3,-6.29,0.969037,21
21-10-2025,NSE:LUXIND,EQ,4155.91,24002,2.4,2.37,6,1295.5,1.62,0.05,-1.24,-0.74,-6.37,-13.36,-11.27,-30.96,-60.68,6.56,-1,-1,-1,-1,EEP,EEP,-1,-1,-1,-1,-1,-5.4,-10.38,-18.72,-39.65,-46.42,-5.4,-7.72,-18.19,-40.38,-29.83,-13.9,1.66,1.66,6.7,20.58,1.62,8.14,20.95,18.72,57.92,93.75,-7.52,-14.96,-18.32,-39.57,-61.04,0.903087,14,,,,,,,-7.52,-7.03,-3.68,-19.38,-13.67,0.957087,10
21-10-2025,NSE:GUJALKALI,EQ,4384.18,42945,2.46,2.43,5,552.6,0.26,1.08,-0.55,1.57,-7.58,-6.48,-19.88,-34.1,-57.75,-42.62,-1,-1,-1,HVQ,HVQ,-1,-1,-1,-1,-1,-1,-7.06,-10.17,-15.92,-36.91,-36.91,-7.06,-3.36,-20.71,-24.37,-15.4,-0.41,1.59,1.59,10.67,10.67,1.59,8.5,17.84,32.68,13.03,32.96,-8.73,-8.08,-26.93,-42.71,-58.11,0.902551,14,,,,,,,-8.73,0.57,-18.11,-13.55,-8.62,0.959836,12
21-10-2025,NSE:MICEL,EQ,1602.73,11332719,5.21,5.11,6,55.52,0.85,1.73,-8.02,-2.72,-19,4.23,-10.19,-43.1,-73.63,28.67,-1,-1,HV2Y,HV2Y,-1,HV2Y,-1,-1,-1,-1,-1,-13.2,-29.35,-29.35,-42.22,-49.22,-13.2,-15.93,-34.63,-44.04,-27.33,-11.83,22.78,22.78,22.78,46.49,2.8,46.11,5.1,18.47,128.3,177.01,-20.15,2.63,-17.24,-51.71,-73.99,0.902496,14,,,,,,,-20.15,19.06,-20.59,-31.54,-12.31,0.963251,15
21-10-2025,NSE:KELLTONTEC,EQ,1326.22,3079131,3.39,3.37,5,23.03,3.69,0.52,-3.52,-4.04,-16.15,-26.43,2.49,-34.93,-29.2,14.55,-1,-1,HVY,-1,EEP,EEP,-1,-1,-1,-1,-1,-10.91,-28.37,-28.37,-32.91,-36.77,-10.91,-16.8,-11.33,-34.58,-14.68,-18.31,3.69,14.03,14.03,30.04,3.69,7.59,44.17,8.72,75.46,68.01,-17.3,-28.03,-4.56,-43.54,-29.56,0.902315,14,,,,,,,-17.3,-9.3,17.34,-40.06,13.27,0.97509,28
21-10-2025,NSE:BEPL,EQ,2633.42,285543,2.25,2.28,3,99.57,1.85,0.64,-0.22,0.86,-6.43,-14.25,-14.75,-25.87,-61.39,2.43,-1,-1,-1,-1,-1,HV2Y,-1,-1,-1,-1,-1,-5.77,-13.8,-17.27,-35.5,-42.28,-5.77,-9.66,-9.79,-33.76,-27.34,-6.84,3.54,3.54,3.54,20.84,3.54,2.15,15.62,16.13,52.1,95.02,-7.58,-15.85,-21.8,-34.48,-61.75,0.902285,14,,,,,,,-7.58,-7.81,-5.97,-11.37,-19.2,0.956936,9
21-10-2025,NSE:JTLIND,EQ,2939.81,1937258,3.76,3.78,5,70.14,0.03,1.18,1.84,2,-9.48,-10.46,-4.46,-49.53,-51.85,-77.86,-1,-1,-1,HV2Q,EEP,EEP,-1,-1,-1,-1,-1,-7.12,-13.36,-17.37,-36.13,-47.27,-7.12,-9.53,-29.33,-39.11,-22.38,-21.18,6.43,16.22,16.22,16.22,3.25,16.53,28.38,9.39,19.76,21.62,-10.63,-12.06,-11.51,-58.14,-52.21,0.902194,14,,,,,,,-10.63,-1.36,-0.1,-44.82,7.47,0.963218,15
21-10-2025,NSE:ZEEL,EQ,11201.58,7890383,2.33,2.37,4,104.51,0.55,-4.45,-7.54,-7.81,-11.42,-35.72,-10.54,-17.43,-23.34,-79.79,-1,-1,HV2Y,HV2Y,EEP,EEP,-1,-1,-1,-1,-1,-12.84,-21.88,-30.17,-30.17,-47.8,-12.84,-22.19,-5.23,-23.4,-39.62,-36.58,0.55,0.55,15.9,15.9,0.55,3.67,57.3,28.12,6.81,2.34,-12.57,-37.32,-17.59,-26.04,-23.7,0.901954,14,,,,,,,-12.57,-22.26,13.02,-7.91,3.99,0.973634,26
21-10-2025,NSE:TRIGYN,EQ,275.69,82818,5.18,5.09,5,77.49,1.95,-0.25,-2.86,-10.18,-15.56,-6.57,0.4,-46.82,-65.32,-61.7,-1,-1,HV2Q,-1,HVQ,HVQ,-1,-1,-1,-1,-1,-17.8,-17.8,-17.8,-38.68,-47.93,-17.8,0,-26.54,-44.03,-28.94,-19.98,5.73,10.26,14.48,14.48,1.95,22.19,22,14.02,21.94,37.31,-16.71,-8.17,-6.65,-55.43,-65.68,0.90148,14,,,,,,,-16.71,7.32,1.01,-49.09,-3.58,0.960956,12
21-10-2025,NSE:STANLEY,EQ,1730.91,49707,2.89,2.85,6,291.75,0.52,0.1,-0.29,-1.13,-2.83,-18.77,-12.53,-26.34,-68.96,NA,-1,-1,-1,HVQ,HVQ,-1,-1,-1,-1,-1,-1,-7.51,-15.96,-20.28,-41.93,NA,-7.51,-14.24,-7.24,-45.95,-39.31,NA,0.52,0.52,9.97,NA,0.52,3.23,30.61,23.75,2.86,NA,-3.98,-20.37,-19.58,-34.95,-69.32,0.901421,14,,,,,,,-3.98,-15.96,-0.28,-13.96,-24.72,0.953824,8
21-10-2025,NSE:BLS,EQ,15047.07,4316422,5.24,5.48,1,325.95,0.93,10.31,-7.81,-0.77,-12.09,-16.17,-21.95,-38.52,-16.97,-11.34,HV2Y,HV2Y,-1,EEP,EEP,EEP,-1,-1,-1,-1,-1,-9.72,-18.97,-21.58,-35.52,-35.52,-9.72,-9.17,-24.55,-21.36,-10.68,-16.62,17.02,17.02,17.02,17.02,17.02,2.6,16.28,22.06,56.8,32.4,-13.24,-17.77,-29,-47.13,-17.33,0.901369,14,,,,,,,-13.24,-4.1,-10.51,-15.26,24.58,0.978944,33
21-10-2025,NSE:FINCABLES,EQ,12724.55,239083,1.85,1.86,5,796.1,1.12,1.31,-2.85,-0.75,-4.37,-15.24,-12.35,-29.51,-68.63,-25.21,-1,-1,-1,EEP,EEP,EEP,-1,-1,-1,-1,-1,-4.71,-13.7,-19.72,-40.19,-52.23,-4.71,-15.38,-11.01,-43.42,-38.13,-19.44,1.69,1.69,1.69,1.69,1.69,2.28,16.85,13.92,22.91,60.05,-5.52,-16.84,-19.4,-38.12,-68.99,0.901363,14,,,,,,,-5.52,-10.88,-3.02,-16.95,-21.19,0.953903,8
21-10-2025,NSE:AXITA,EQ,306.04,1720373,1.94,1.97,0,8.43,0.00,1.54,-1.66,-3.08,-4.39,-9.25,-18.62,-28.11,-79.24,-109.52,-1,-1,-1,-1,HV2Y,HV2Y,-1,-1,-1,-1,-1,-4.2,-8.47,-15.87,-44.1,-58.51,-4.2,-4.45,-17.69,-50.78,-46.86,-25.66,2.43,2.43,2.43,2.43,2.43,0.46,2.68,1.94,5.06,0.73,-5.54,-10.85,-25.67,-36.72,-79.6,0.901271,14,,,,,,,-5.54,-5.12,-14.11,-9.68,-30.89,0.952068,6
21-10-2025,NSE:TVTODAY,EQ,899.86,56654,2.32,2.31,6,147.38,0.50,1.63,-1.9,3.28,-2.06,-16.39,-15.66,-38.05,-52.78,-62.61,-1,-1,-1,-1,EEP,EEP,-1,-1,-1,-1,-1,-2.33,-14.67,-18.35,-33.92,-48.65,-2.33,-13.44,-18.69,-40.61,-29.11,-21.54,4.44,4.44,4.44,4.44,3.39,6.59,13.42,12.72,10.43,9.2,-3.21,-17.99,-22.71,-46.66,-53.14,0.901209,14,,,,,,,-3.21,-14.49,-4.91,-21.04,-1.65,0.958875,11
21-10-2025,NSE:ZODIAC,BE,591.34,10625,3.73,3.66,6,376.15,0.97,-0.21,-2.25,-3.75,-4.12,-24.43,-11.64,-20.5,-61.68,30.69,-1,-1,-1,HV2Y,HV2Y,HV2Y,-1,-1,-1,-1,-1,-5.55,-19.44,-28.99,-37.21,-53.93,-5.55,-19.69,-11.64,-48.12,-44.49,-25.52,0.97,13.81,13.81,41.46,0.97,3.07,41.62,18.25,84.47,147.52,-5.27,-26.03,-18.69,-29.11,-62.04,0.9011,13,,,,,,,-5.27,-19.97,4.75,-9.61,-25.16,0.956804,9
21-10-2025,NSE:DCI,EQ,409.53,47071,4.87,4.77,5,254.9,0.39,4.24,3.18,-4.07,-12.11,-5.34,-14.16,-36.99,-59.12,13.81,-1,-1,HV2Y,-1,HVQ,HVQ,-1,-1,-1,-1,-1,-13.02,-14.02,-21.94,-42.38,-44.21,-13.02,-3.61,-25.01,-36.31,-23.57,-11.23,18.39,18.39,18.39,42.01,4.7,32.73,12.11,21.5,94.54,125.96,-13.26,-6.94,-21.21,-45.6,-59.48,0.901029,13,,,,,,,-13.26,5.58,-13.91,-21.68,-7.13,0.960415,12
21-10-2025,NSE:UNIVASTU,EQ,295.69,158736,6.21,6.15,0,73.77,-0.46,-15.66,-8.81,-3.88,-10.91,-27.49,-20.12,-42.99,-2.77,39.32,-1,-1,HVQ,HVQ,HV2Y,HV2Y,-1,-1,-1,-1,-1,-15.98,-20.26,-27.62,-33.01,-33.01,-15.98,-19.72,-13.32,-19.53,-4.21,-0.39,0.37,2.28,4.89,63.39,0.37,4.49,33.72,54.48,173.27,96.4,-12.06,-29.09,-27.17,-51.6,-3.13,0.900988,13,,,,,,,-12.06,-15.41,0.25,-20.72,37.15,0.989762,48
21-10-2025,NSE:BALRAMCHIN,EQ,10254,457670,2.75,2.71,5,468.7,1.94,1.15,-2.7,3.67,-8.76,-30.8,-26.22,-4.48,-38.48,20.47,-1,-1,-1,HVQ,HVQ,-1,-1,-1,-1,-1,-1,-7.06,-23.45,-24.74,-28.94,-31.13,-7.06,-18.15,-1.57,-13.07,-28.04,-4.63,3.81,3.81,9.19,34.84,3.81,0,42.82,37.82,40.88,86.72,-9.91,-32.4,-33.27,-13.09,-38.84,0.900946,13,,,,,,,-9.91,-20.72,-2.03,15.54,-23.52,0.969471,21
21-10-2025,NSE:CARBORUNIV,EQ,18222.82,272078,2.36,2.37,5,909.85,1.93,-0.47,-1.04,-0.23,-5.37,-9.05,-16.28,-37.34,-64.82,-26.44,-1,-1,HV2Y,-1,-1,EEP,-1,-1,-1,-1,-1,-6.39,-9.16,-15.49,-38.58,-49.48,-6.39,-4.28,-19.22,-39.58,-30.61,-16.73,8.15,8.15,9.4,9.4,1.93,13.95,19.3,27.22,20.5,44.61,-6.52,-10.65,-23.33,-45.95,-65.18,0.900939,13,,,,,,,-6.52,-3.95,-12.17,-19.79,-10.99,0.955718,9
21-10-2025,NSE:INDOSTAR,EQ,3589.36,124685,4.16,4.12,6,240.55,1.05,1.69,-1.6,-4.2,-9.4,-30.91,-33.32,-13.47,-15.3,25.19,-1,-1,-1,HVQ,EEP,EEP,-1,-1,-1,-1,-1,-9.72,-22.32,-33.7,-33.7,-33.7,-9.72,-27.47,-13.2,-0.67,-15.46,-11.62,2.72,2.72,7,35.25,2.72,2.23,40.07,51.1,53.47,55.95,-10.55,-32.51,-40.37,-22.08,-15.66,0.900764,13,,,,,,,-10.55,-20.13,-7.37,13.21,7.41,0.978868,33
21-10-2025,NSE:WONDERLA,EQ,4059.92,42599,2.71,2.63,5,590.3,2.96,1.56,0.37,4.6,-8.57,-10.64,-20.1,-31.73,-51.85,-47.52,-1,-1,-1,-1,EEP,EEP,-1,-1,-1,-1,-1,-7.73,-12.85,-17.24,-34.37,-45.35,-7.73,-5.38,-17.27,-23.84,-28,-17,4.82,4.82,4.82,4.82,4.82,12.24,7.58,16.78,8.87,14.05,-9.72,-12.24,-27.15,-40.34,-52.21,0.900013,13,,,,,,,-9.72,-2.36,-14.08,-11.36,-6.26,0.960892,12
21-10-2025,NSE:DSSL,EQ,1246.45,86663,4.79,4.77,2,936.25,2.45,1.86,-3.14,11.15,-4.36,-10.83,-22.91,-42.63,-45.43,19.3,-1,HV2Y,-1,HVQ,HVQ,HV2Y,-1,-1,-1,-1,-1,-9.26,-10.54,-21.27,-41.38,-41.38,-9.26,-10.01,-21.71,-27.95,-16.39,-14.56,12.54,12.54,12.54,32.05,12.54,1.43,7.95,19.72,106.81,110.87,-5.51,-12.43,-29.96,-51.24,-45.79,0.899909,13,,,,,,,-5.51,-6.65,-16.43,-17.73,7.06,0.962989,15
21-10-2025,NSE:TREL,EQ,798.02,128514,3.08,3.04,5,30.09,0.53,1.2,0.17,-1.63,-7.31,-16.52,-23.53,-24.99,-44.43,-65.34,-1,-1,-1,-1,HV2Y,HV2Y,-1,-1,-1,-1,-1,-7.42,-13.58,-18.61,-32.41,-47.35,-7.42,-10.73,-6.93,-29.32,-35.04,-24.94,3.19,3.19,7.39,7.39,3.19,1.54,25.12,32.66,5.91,15.13,-8.46,-18.12,-30.58,-33.6,-44.79,0.899766,13,,,,,,,-8.46,-9.04,-11.55,-2.86,-6.53,0.96317,15
21-10-2025,NSE:PAVNAIND,EQ,550.45,264541,6.19,6.08,4,36.78,1.41,-1.69,1.03,-2.23,-6.31,-13.96,0.27,-38.87,-95.11,-36.45,-1,-1,HV2Q,HVQ,HV2Y,HV2Y,-1,-1,-1,-1,-1,-8.35,-17.4,-17.4,-47.87,-49.09,-8.35,-12.19,-23.44,-49.23,-29.31,-0.68,10.28,17.7,18.4,18.4,1.94,17.24,34.93,18.08,24.15,74.43,-7.46,-15.56,-6.78,-47.48,-95.47,0.899697,13,,,,,,,-7.46,-7.66,6.96,-40.92,-31.48,0.948082,5
21-10-2025,NSE:KSOLVES,EQ,789.61,63959,3.24,3.22,3,328.6,0.89,4.56,5.19,5.9,-0.99,-3.65,-33.57,-47.87,-58.29,-81.65,-1,-1,HVQ,HV2Y,HV2Y,HV2Y,-1,-1,-1,-1,-1,0,-4.09,-30.06,-36.49,-48.25,0,-15.21,-33.59,-27.36,-23.47,-18.08,7.84,7.84,7.84,7.84,6.27,8.91,7.82,34.9,6.04,3.55,-2.14,-5.25,-40.62,-56.48,-58.65,0.899675,13,,,,,,,-2.14,-3.1,-34.39,-12.39,1.97,0.960221,12
21-10-2025,NSE:AKUMS,EQ,7536.02,227536,2.27,2.28,3,470.35,0.75,2.3,6.46,5.67,-1.31,-15.8,-7.57,-33.8,-95.74,NA,-1,-1,HVQ,HVQ,-1,-1,-1,-1,-1,-1,-1,-1.03,-13.76,-20.82,-48.64,NA,-1.03,-19.78,-13.92,-54.82,-43.81,NA,6.91,6.91,11.62,NA,6.91,4.9,29.25,20.06,13.81,NA,-2.46,-17.4,-14.62,-42.41,-96.1,0.899628,13,,,,,,,-2.46,-14.76,1.58,-26.07,-37.27,0.946242,4
21-10-2025,NSE:REFEX,EQ,4511.89,726107,4.38,4.44,5,355.7,1.24,-1.11,-3.95,-1.11,2.26,-20.48,-35,-33.9,-37.73,67.26,-1,HV2Y,HV2Q,HV2Q,-1,HV2Y,-1,-1,-1,-1,-1,-11.17,-20.74,-31.43,-36.87,-38,-11.17,-25.89,-17.39,-16.31,-16.98,-14.61,5.22,5.22,5.22,219.47,5.22,0.33,17.46,112.82,327.79,340,1.11,-22.08,-42.05,-42.51,-38.09,0.899501,13,,,,,,,1.11,-23.73,-17.58,-0.87,6.16,0.966162,18
21-10-2025,NSE:KOKUYOCMLN,EQ,1139.45,63991,2.97,2.96,4,102.92,2.17,2.26,-4.99,-5.58,-10.66,-15.34,-9.41,-22.65,-72.39,-24.27,-1,-1,-1,HV2Q,HVQ,HV2Y,-1,-1,-1,-1,-1,-9.35,-13.32,-23.14,-41.04,-53.42,-9.35,-14.95,-11.35,-49.04,-42.87,-19.7,2.32,2.32,5.32,5.32,2.32,4.03,21.48,15.23,13.72,59.84,-11.81,-16.94,-16.46,-31.26,-72.75,0.899404,13,,,,,,,-11.81,-4.69,-0.38,-13.78,-31.53,0.954216,8
21-10-2025,NSE:LAOPALA,EQ,2780.66,72893,2.31,2.32,6,229.77,0.58,-0.64,-4.83,-5.04,-9.75,-15.38,-7.02,-34.77,-59.22,-56.92,-1,-1,-1,HVQ,-1,-1,-1,-1,-1,-1,-1,-9.1,-17.69,-17.69,-37.34,-40.05,-9.1,-9.67,-13.49,-35.84,-19.2,-4.54,1.1,1.62,13.13,13.13,1.1,6.33,30.53,21.07,4.35,22.83,-10.9,-16.98,-14.07,-43.38,-59.58,0.899278,13,,,,,,,-10.9,-5.59,1.72,-27.61,-9.13,0.957759,10
21-10-2025,NSE:ELGIRUBCO,BE,352.55,149965,4.58,4.47,6,61.36,0.84,-1.55,-9.99,-9.13,-15.74,6.57,-4.5,-89.36,-70.19,2.54,-1,-1,HV2Q,-1,HVQ,HV2Y,-1,-1,-1,-1,-1,-12.44,-26.47,-26.47,-58.21,-58.21,-12.44,-14.9,-50.84,-56.33,-20.87,-7.13,26.26,26.26,26.26,34.27,0.84,46.13,9.37,17.18,154.25,128.51,-16.89,4.97,-11.55,-97.97,-70.55,0.899045,13,,,,,,,-16.89,18.82,-17.37,-82.89,19.14,0.970445,23
21-10-2025,NSE:SONATSOFTW,EQ,11099.21,2588895,3.62,3.58,6,363.4,1.06,-0.03,2.97,5.57,-8.45,-20.54,11.61,-61.08,-72.63,-115.69,-1,-1,HVQ,EEP,-1,HV2Y,-1,-1,-1,-1,-1,-7.45,-15.55,-17.4,-46.81,-57.63,-7.45,-10.42,-25.89,-57.34,-31.75,-26.85,10.2,10.83,20.69,20.69,5.9,19.51,45.48,6.68,16.84,25.22,-9.6,-22.14,4.56,-69.69,-72.99,0.898975,13,,,,,,,-9.6,-11.61,21.15,-83.92,1.84,0.962696,14
21-10-2025,NSE:NAHARSPING,EQ,793.08,23598,2.58,2.55,6,201.79,0.82,1.78,-2.14,-1.79,-7.55,-28.65,-16.52,-19.16,-39.72,-45.99,-1,-1,-1,HV2Q,HVQ,HV2Y,-1,-1,-1,-1,-1,-7.5,-23.29,-32.14,-34.1,-46.55,-7.5,-23.93,-12.7,-37.72,-36.31,-25.32,1.82,1.82,5.98,5.98,1.82,8.73,36.34,23.48,6.44,17.33,-8.7,-30.25,-23.57,-27.77,-40.08,0.898851,13,,,,,,,-8.7,-20.08,3.9,-3.95,-8.24,0.964502,16
21-10-2025,NSE:MACPOWER,EQ,869.36,9875,4.26,4.26,5,851.95,1.75,0.69,3.52,3.41,-1.92,-23.31,-1,-62.04,-48.38,-12.77,-1,-1,-1,-1,-1,-1,-1,-1,-1,-1,-1,-2.09,-20.49,-20.52,-46.03,-50.84,-2.09,-18.99,-23.38,-50.35,-20.35,-27.06,6.51,7.33,37.28,37.28,3.99,8.55,69.27,38.65,64.69,50.8,-3.07,-24.91,-8.05,-70.65,-48.74,0.898463,13,,,,,,,-3.07,-21.44,12.56,-62.12,17.45,0.966876,19
21-10-2025,NSE:PRECAM,EQ,1990.14,1700121,3.67,3.62,5,186.89,-1.73,0.03,-6.3,-3.94,-12.54,-5.94,6.39,-89.82,-61.48,-13.6,-1,-1,HV2Y,HV2Q,HV2Y,HV2Y,-1,-1,-1,-1,-1,-14.43,-26.69,-26.69,-48.9,-48.9,-14.43,-17.5,-43.14,-52.17,-3.01,0,10.94,22.82,23.45,23.45,0.03,24.85,30.79,15.56,100.11,70.23,-13.69,-7.54,-0.66,-98.43,-61.84,0.898344,12,,,,,,,-13.69,5.4,6.12,-104.46,23.95,0.971825,24
21-10-2025,NSE:HGS,EQ,2470.69,13479,2.2,2.19,5,490.95,0.36,-0.48,-0.44,-1.8,-8.16,-22.45,-4.99,-31.5,-58.86,-89.09,-1,-1,HV2Q,HV2Q,HV2Y,HV2Y,-1,-1,-1,-1,-1,-6.11,-18.05,-20.05,-37.61,-47.36,-6.11,-13.52,-7.19,-44.39,-34.33,-20.67,0.41,2.88,8.11,8.11,0.41,3.64,32.38,13.51,7.63,7.74,-9.31,-24.05,-12.04,-40.11,-59.22,0.898021,12,,,,,,,-9.31,-13.67,8.73,-26.93,-11.78,0.957641,10
21-10-2025,NSE:NATCOPHARM,EQ,15850.33,517623,2.32,2.48,4,842,1.00,3.84,3.63,5.53,-5.02,-20.62,0.32,-47.93,-66.14,1.01,-1,-1,-1,EEP,-1,EEP,-1,-1,-1,-1,-1,-2.6,-18.64,-18.66,-43.57,-47.14,-2.6,-14.57,-23.52,-47.31,-21.8,-12.18,5.86,5.86,12.79,12.79,5.86,5.11,36.05,12.43,49.44,67.83,-6.17,-22.22,-6.73,-56.54,-66.5,0.898003,12,,,,,,,-6.17,-15.31,11.83,-50.09,-3.29,0.957144,10
21-10-2025,NSE:SSDL,EQ,357.7,38395,2.75,2.71,6,85.45,0.08,-1.01,-1.32,-2.35,-5.18,-15.34,-9.01,-40.4,-67.01,NA,-1,-1,-1,-1,-1,-1,-1,-1,-1,-1,-1,-5.32,-13.19,-19.27,-40.98,NA,-5.32,-11.33,-22.04,-54.27,-41.1,NA,0.38,1.2,6.22,NA,0.38,1.43,22.51,15.79,3.21,NA,-6.33,-16.94,-16.06,-49.01,-67.37,0.89798,12,,,,,,,-6.33,-10.12,-0.04,-30.47,-9.93,0.954071,8
21-10-2025,NSE:VALIANTORG,BE,1047.37,12798,3.87,3.8,3,304.1,2.44,4.34,-6.87,-7.58,-21.87,-29.32,-17.46,-4.82,-30.55,-48.9,-1,-1,-1,HVQ,HVQ,-1,-1,-1,-1,-1,-1,-15.07,-22.98,-38,-38,-38,-15.07,-14.85,-19.83,-20.35,-34.89,-18.91,4.54,5.48,32.53,32.53,4.54,10.59,71.39,55.68,4.97,5.61,-23.02,-30.92,-24.51,-13.43,-30.91,0.897924,12,,,,,,,-23.02,-6.57,3.64,9.08,-15.53,0.972599,25
21-10-2025,NSE:GRPLTD,EQ,1226.67,5654,4.17,4.1,4,2208.4,0.34,3.87,4.02,2.42,-2.69,-8.51,-29.86,-41.16,-55.15,43.39,-1,-1,EEP,HV2Q,-1,HV2Y,-1,-1,-1,-1,-1,-4,-12.91,-27.97,-36.78,-53.33,-4,-19.28,-26.06,-39.39,-34.12,-27.59,10.46,10.46,10.46,76.67,4.18,13.44,7,28.05,149.39,174.1,-3.84,-10.11,-36.91,-49.77,-55.51,0.897893,12,,,,,,,-3.84,-6.13,-25.21,-10.38,-0.89,0.959526,11
21-10-2025,NSE:BAJEL,EQ,2609.44,306877,3.19,3.17,4,193.28,1.41,-1.58,-4.44,-5.64,-16.19,-31.29,6.61,-30.9,-46.26,-15.84,-1,-1,-1,HVQ,HV2Y,HV2Y,-1,-1,-1,-1,-1,-10.46,-22.18,-24.96,-34.24,-39.78,-10.46,-12.81,-1.48,-39.38,-21.17,-11.92,1.52,18.5,27.48,27.48,1.52,16.14,67.36,19.05,45.7,62.8,-17.34,-32.89,-0.44,-39.51,-46.62,0.89788,12,,,,,,,-17.34,-13.45,23.33,-41.84,-2.72,0.968397,20
21-10-2025,NSE:GOACARBON,EQ,430.83,18273,2.97,2.98,5,444.55,1.41,1.84,1.17,2.05,-5.79,-9.91,-9.53,-45.06,-77.08,-87.65,-1,-1,-1,HVQ,HVQ,HV2Y,-1,-1,-1,-1,-1,-4.13,-9.07,-13.26,-43.97,-54.73,-4.13,-5.92,-24.73,-42.99,-34.33,-19.83,2.54,3.96,9.66,9.66,2.22,8.48,20.52,20.1,5.77,16.85,-6.94,-11.51,-16.58,-53.67,-77.44,0.897726,12,,,,,,,-6.94,-4.35,-5.18,-34.12,-13.05,0.951462,6
21-10-2025,NSE:SWANCORP,EQ,15265.35,1384626,2.85,2.86,6,430.15,0.83,-0.84,-4.21,-5.02,-13.53,-17.63,-3.05,-59.17,-28.98,-61.5,-1,-1,HV2Q,HVQ,EEP,EEP,-1,-1,-1,-1,-1,-12.05,-16.44,-17.59,-45.35,-45.35,-12.05,-6.44,-26.13,-43.69,-13.02,-27.21,3.61,9.98,12.27,12.27,0.83,17.63,32.06,15.69,47.16,17.07,-14.68,-19.23,-10.1,-67.78,-29.34,0.897679,12,,,,,,,-14.68,-4.07,6.87,-56.14,27.99,0.977446,31
21-10-2025,NSE:ROTO,EQ,1557.5,189542,3.33,3.3,3,71.78,0.86,-0.89,-6.46,-4.6,-14.91,-28.38,-8.73,-26.75,-27.87,1.98,-1,-1,-1,-1,HVQ,HV2Y,-1,-1,-1,-1,-1,-11.49,-22.78,-31.8,-33.22,-39.04,-11.49,-21.63,-12.45,-32.17,-22.73,-22.05,0.93,0.93,13.98,29.88,0.93,1.71,46.33,23.94,64.63,66.07,-16.06,-29.98,-15.78,-35.36,-28.23,0.897591,12,,,,,,,-16.06,-12.18,9.77,-18.26,8.14,0.971013,23
21-10-2025,NSE:JINDALPOLY,EQ,2691.99,346548,3.24,3.29,6,566.6,-0.13,0.06,1.23,0.83,-7.97,-8.86,-18.81,-49.89,-45.61,-7.26,-1,-1,HV2Y,-1,HV2Y,HV2Y,-1,-1,-1,-1,-1,-5.46,-8.43,-20.02,-47.18,-47.18,-5.46,-1.43,-30.75,-37.25,-20.83,-12.45,10.97,10.97,10.97,24.93,3.4,19.81,4,5.94,87.26,81.9,-9.12,-10.46,-25.86,-58.5,-45.97,0.897415,12,,,,,,,-9.12,-1.29,-14.67,-27.85,11.88,0.964134,16
21-10-2025,NSE:DELTACORP,EQ,2265.34,3574179,2.21,2.19,6,79.37,0.79,-1.07,-0.71,2.26,-6.6,-13.3,-17.46,-38.78,-54.87,-73.68,-1,-1,HV2Q,HVQ,HVQ,HV2Y,-1,-1,-1,-1,-1,-5.42,-16.65,-16.65,-37.85,-46.89,-5.42,-11.14,-19.05,-33.13,-27.34,-18.92,2.31,2.31,2.31,2.31,2.31,3.31,13.89,18.07,1.2,11.95,-7.75,-14.9,-24.51,-47.39,-55.23,0.896841,12,,,,,,,-7.75,-6.75,-9.2,-19.83,-2.57,0.958195,10
21-10-2025,NSE:CROMPTON,EQ,20233.08,2479932,2.09,2.1,6,288.6,0.54,2.95,0.38,-1.75,-8.78,-18.21,-22.37,-25,-46.43,1.7,-1,-1,-1,EEP,-1,HV2Y,-1,-1,-1,-1,-1,-6.53,-15.12,-19.68,-30.77,-39.5,-6.53,-12.24,-7.8,-25.97,-24.38,-11.41,3.03,3.03,3.03,8.95,3.03,0.67,6.23,9.96,36.18,59.53,-9.93,-19.81,-29.42,-33.61,-46.79,0.896672,12,,,,,,,-9.93,-9.12,-9.05,-3.83,-8.12,0.961799,13
21-10-2025,NSE:RBMINFRA,SM,464.74,21300,4.97,5.07,3,432.15,2.20,-3.61,1.78,-8.4,-5.76,-13.04,5.69,-59.7,-102.83,-55.04,-1,-1,-1,-1,HV2Y,HV2Y,-1,-1,-1,-1,-1,-12.04,-12.92,-13.74,-52.33,-58.04,-12.04,-7.9,-31.93,-60.42,-32.98,-14.88,9.35,24.68,64.32,64.32,2.22,15.65,85.74,54.96,55.72,97.78,-6.91,-14.64,-1.36,-68.31,-103.19,0.896614,12,,,,,,,-6.91,-7.34,11.04,-71.02,-17.99,0.948429,5
21-10-2025,NSE:MCLOUD,EQ,4821.84,4577703,5.74,5.44,1,59.3,-0.50,-19.85,-25.16,-27.34,-39.36,-41.8,-19.95,NA,NA,NA,-1,-1,HV2Y,HV2Y,HV2Y,-1,-1,-1,-1,-1,-1,-30.33,-35.91,-39.07,NA,NA,-30.33,-15.08,-13.59,NA,NA,NA,0,0,NA,NA,0,13.84,87.49,NA,NA,NA,-40.51,-43.4,-27,0,0,0.896589,12,,,,,,,-40.51,-2.21,9.88,98.32,9.02,0.976101,30
21-10-2025,NSE:DAVANGERE,EQ,536.25,14658841,5.47,5.31,3,3.48,0.29,2.87,-12.93,-8.33,-7.76,0.65,-11.59,-65.86,-86.17,-143.92,-1,-1,HV2Q,HVQ,HVQ,HV2Y,-1,-1,-1,-1,-1,-15.33,-15.33,-15.33,-46.61,-67.21,-15.33,-6.72,-43.42,-52.54,-45.62,-38.96,12.62,12.62,12.62,12.62,2.96,21.36,10.53,14.9,17.79,1.52,-8.91,-0.95,-18.64,-74.47,-86.53,0.896567,12,,,,,,,-8.91,7.34,-17.85,-50.31,-3.23,0.952843,7
21-10-2025,NSE:AUTOIND,EQ,332.45,88490,3.41,3.39,5,71.54,1.02,4.18,-1.94,-3.73,-7.62,-8.67,-16.41,-41.03,-67.51,-92.9,-1,-1,-1,HV2Q,HVQ,HV2Y,-1,-1,-1,-1,-1,-8.61,-8.61,-22.06,-42.15,-55.25,-8.61,-4.92,-24.15,-44.84,-36.88,-25.03,4.36,4.36,8.57,8.57,4.36,12.21,17.98,26.39,6.4,13.48,-8.77,-10.27,-23.46,-49.64,-67.87,0.896463,12,,,,,,,-8.77,-1.43,-12.66,-22.83,-9.76,0.954662,8
21-10-2025,NSE:TRANSWORLD,EQ,558.4,19877,3.06,3.03,6,248.2,1.80,2.26,0.26,-1.84,-2.51,-13.09,-18.73,-59.77,-44.18,-16.18,-1,-1,HV2Q,HVQ,HVQ,HV2Y,-1,-1,-1,-1,-1,-7.91,-10.86,-24.33,-47.33,-47.33,-7.91,-11.32,-27.84,-37.46,-15.85,-10.99,2.31,2.31,2.71,5.15,2.31,3.15,16.15,21.95,67.99,51.6,-3.66,-14.69,-25.78,-68.38,-44.54,0.896252,12,,,,,,,-3.66,-10.79,-10.52,-36.24,18.78,0.964368,16
21-10-2025,NSE:IVC,EQ,264.1,197367,2.72,2.73,5,7.87,1.94,-0.76,-2.29,-1.65,-6.73,-15.37,-25.54,-32.02,-45.62,-45.49,-1,-1,-1,HVQ,HV2Y,HV2Y,-1,-1,-1,-1,-1,-6.09,-12.65,-23.59,-36.02,-50.6,-6.09,-8.1,-17.3,-37.98,-34.78,-28.06,2.47,2.47,2.47,2.47,2.47,5.13,4.37,12.27,17.4,29.49,-7.88,-16.97,-32.59,-40.63,-45.98,0.89624,12,,,,,,,-7.88,-8.56,-14.34,-6.84,-1.28,0.962021,13
21-10-2025,NSE:IMAGICAA,EQ,3212.4,563075,3.48,3.45,6,54.38,1.44,3.49,-0.92,0.83,-4.03,-22.75,-28.21,-20.25,-50.79,-32.03,-1,-1,-1,EEP,EEP,EEP,-1,-1,-1,-1,-1,-5.16,-18.82,-26.05,-32.02,-46.32,-5.16,-18.64,-9.74,-31.18,-35.46,-19.06,4.76,4.76,4.76,4.76,4.76,2.22,14.55,17.43,4.34,14.29,-5.18,-24.35,-35.26,-28.86,-51.15,0.896055,12,,,,,,,-5.18,-18.46,-9.98,4.53,-16.38,0.960627,12
21-10-2025,NSE:SANOFI,EQ,11592.46,11947,1.87,1.88,3,4774.2,1.60,1.01,0.69,1.44,-5.52,-23.86,-33.35,-14,-47.08,-5.76,-1,-1,-1,-1,-1,-1,-1,-1,-1,-1,-1,-4.86,-19.54,-27.33,-30.58,-35.71,-4.86,-20.94,-9.99,-14.27,-26.71,-5.45,2.67,2.67,2.67,9.23,2.67,0.25,18.58,27.67,24.53,60.65,-6.67,-25.46,-40.4,-22.61,-47.44,0.896052,11,,,,,,,-6.67,-17.85,-13.19,12.83,-19.99,0.964355,16
21-10-2025,NSE:ARROWGREEN,EQ,865.75,46785,3.65,3.59,3,564.1,1.14,5.82,3.23,2.33,-0.98,-20.94,-20.05,-42.87,-46.22,23.46,-1,-1,HVQ,-1,HV2Y,HV2Y,-1,-1,-1,-1,-1,-2.04,-29.37,-29.37,-48.05,-48.05,-2.04,-28.68,-14.92,-37.63,-25.78,-12.56,7.85,7.85,14.9,61.84,7.85,3.54,38.97,37.94,131.23,136.64,-2.13,-22.54,-27.1,-51.48,-46.58,0.895868,11,,,,,,,-2.13,-20.23,-4.79,-20.69,6.68,0.960767,12
21-10-2025,NSE:GENUSPAPER,EQ,463.6,113839,2.93,2.92,6,16.16,0.06,-3.28,-5.69,-5.51,-11.2,-18.56,-18.5,-22.59,-52.54,-39.23,-1,-1,-1,HV2Q,HV2Q,HVQ,-1,-1,-1,-1,-1,-9.77,-16.49,-21.09,-33,-44.08,-9.77,-12.21,-6.45,-33.74,-31.45,-14.71,0.06,0.06,1.13,1.13,0.06,1.01,19.9,19.84,16.19,44.57,-12.35,-20.16,-25.55,-31.2,-52.9,0.895538,11,,,,,,,-12.35,-7.08,-5.48,-5.13,-15.41,0.959707,12
21-10-2025,NSE:SUMIT,EQ,420.86,57347,6.24,6.07,3,89.54,5.03,3.72,-11.66,-0.19,-2.84,-5.68,-21.8,-57.14,-67.23,32.32,-1,-1,-1,-1,-1,-1,-1,-1,-1,-1,-1,-10.81,-11.19,-21.39,-41.47,-42.97,-10.81,-9.8,-33.95,-30.54,-10.38,-4.62,9.14,9.14,16.26,73.7,5.03,12.24,22.86,41.6,172.94,190.48,-3.99,-7.28,-28.85,-65.75,-67.59,0.895515,11,,,,,,,-3.99,-3.23,-20.78,-30.69,2.59,0.95507,8
21-10-2025,NSE:PRITIKAUTO,EQ,294.73,195022,2.66,2.64,6,16.12,1.13,0.93,-3.04,-4.96,-8.19,-16.25,-5.21,-47.08,-61.48,-210.79,-1,-1,-1,-1,HVQ,HV2Y,-1,-1,-1,-1,-1,-7.41,-14.75,-19.8,-44.24,-67.17,-7.41,-13.23,-21.62,-52.32,-54.4,-49.94,1.26,8.33,8.33,8.33,1.26,0.81,25.94,9.99,6.71,6.68,-9.34,-17.85,-12.26,-55.69,-61.84,0.895482,11,,,,,,,-9.34,-7.91,3.97,-41.48,-0.76,0.95712,10
21-10-2025,NSE:UTKARSHBNK,EQ,2451.08,2201900,3.81,3.9,1,18.53,1.93,-0.7,0.04,3.85,-2.02,-5.18,-22.28,-41.5,-100.55,-164.1,-1,-1,-1,-1,HV2Q,HV2Q,-1,-1,-1,-1,-1,-5.99,-5.99,-17.54,-49.55,-63.41,-5.99,-9.11,-29.46,-47.47,-52.16,-32.19,8.34,8.34,8.34,8.34,4.81,10.53,6.4,23.7,5.83,0,-3.17,-6.78,-29.33,-50.11,-100.91,0.895476,11,,,,,,,-3.17,-3.56,-21.79,-17.39,-32.72,0.945257,4
21-10-2025,NSE:DBOL,EQ,566.75,64328,3.32,3.32,4,78.09,1.73,-0.41,-5.24,-5.38,-9.25,-28.97,7.41,-36.69,-78.31,-73.97,-1,-1,HVQ,HVQ,HVQ,HV2Y,-1,-1,-1,-1,-1,-7.75,-20.92,-24.54,-43.64,-51.77,-7.75,-17.56,-5.2,-55.34,-34.07,-14,4.83,15.84,29.85,29.85,1.73,14.53,67.46,20.22,5.77,20.82,-10.4,-30.57,0.36,-45.3,-78.67,0.89525,11,,,,,,,-10.4,-18.51,22.68,-49.31,-21.43,0.956616,9
21-10-2025,NSE:GENESYS,EQ,2350.86,317503,5.39,5.48,4,559,1.82,14.19,14.38,10.52,-0.13,-11.15,-25.38,-72.66,-38.45,18.25,HV2Y,HV2Y,HVQ,-1,EEP,EEP,-1,-1,-1,-1,-1,-3.29,-11.74,-24.76,-45.71,-45.71,-3.29,-15.98,-39.66,-31.93,-6.16,-6.71,19.6,19.6,19.6,24.96,19.6,0,12.96,27.42,115.75,73.01,-1.28,-12.75,-32.43,-81.27,-38.81,0.895245,11,,,,,,,-1.28,-11.46,-18.33,-39.38,28.83,0.969713,22
21-10-2025,NSE:DPSCLTD,EQ,1254.24,122889,3.83,3.77,6,11.79,1.64,1.7,-2.29,-2.21,-8.65,-15.18,-13.4,-36.73,-59.2,-87.45,-1,-1,-1,HVQ,HVQ,HVQ,-1,-1,-1,-1,-1,-6.95,-11.62,-17.95,-37.09,-50.36,-6.95,-10.73,-15.81,-40.6,-36.66,-26.25,1.99,4.34,7.57,7.57,1.99,9.21,23.91,21.99,9.29,27.25,-9.8,-16.78,-20.45,-45.34,-59.56,0.895159,11,,,,,,,-9.8,-6.47,-3.98,-22.25,-7.42,0.956483,9
21-10-2025,NSE:NRL,EQ,532.52,58911,4.88,4.74,3,68.17,0.90,4.53,-2.48,-5.69,-13.91,-13.91,6.01,-40.91,-102.48,-25.81,-1,-1,-1,HVQ,HV2Y,HV2Y,-1,-1,-1,-1,-1,-11.29,-12.21,-24.55,-50,-50.86,-11.29,-4.1,-24.17,-53.81,-30.75,-0.5,4.75,17.6,24.44,24.44,4.75,13.42,41.75,16.96,48.16,112.9,-15.06,-15.51,-1.04,-49.52,-102.84,0.895039,11,,,,,,,-15.06,-0.46,11.96,-51.61,-34.67,0.949024,5
21-10-2025,NSE:BYKE,EQ,365.9,65406,5.29,5.35,4,62.82,1.67,-0.06,0.51,-4.41,-10.86,-27.41,-26.47,-34.88,-12.3,-6.42,HVQ,HVQ,HVQ,HV2Q,HVQ,HV2Y,-1,-1,-1,-1,-1,-9.6,-21.65,-36.74,-38.63,-38.63,-9.6,-18.91,-19.4,-22.39,-17.23,-19.29,4.3,4.3,7.51,15.69,4.3,1.1,36.98,35.97,56.04,29.93,-12.01,-29.01,-33.52,-43.49,-12.66,0.895032,11,,,,,,,-12.01,-15.39,-4.79,-8.33,25.76,0.979397,34
21-10-2025,NSE:BAJAJELEC,EQ,6803.38,425876,3.12,3.11,6,542.2,0.72,-1.06,0.92,-2.35,-8.76,-23.47,-3.42,-34.89,-62.98,-86.48,-1,-1,-1,EEP,-1,-1,-1,-1,-1,-1,-1,-8.06,-17.23,-21.38,-41.03,-50.78,-8.06,-14.49,-8.81,-44.97,-33.61,-19.78,1.38,2.32,6.33,6.33,1.38,4.38,31.29,9.97,0,2.64,-9.91,-25.07,-10.47,-43.5,-63.34,0.894985,11,,,,,,,-9.91,-13.98,10.71,-32.11,-11.8,0.956326,9
21-10-2025,NSE:UGARSUGAR,EQ,507.26,160549,2.84,2.8,5,42.61,0.31,0.82,-1.67,0.45,-5.61,-12.79,-14.71,-29.69,-93.85,-97.37,-1,-1,HVQ,-1,-1,HV2Y,-1,-1,-1,-1,-1,-3.68,-9.74,-16.89,-48.35,-52.31,-3.68,-11.1,-16.02,-45.29,-41.65,-12.78,7.25,7.25,7.25,7.25,0.83,13.26,19.14,20.54,5.36,25.53,-6.76,-14.39,-21.76,-38.3,-94.21,0.894948,11,,,,,,,-6.76,-7.26,-7.24,-14.73,-40.46,0.946697,4
21-10-2025,NSE:RITCO,EQ,779.97,47991,3.44,3.44,3,258.35,2.03,2.5,0.52,-0.64,-5.42,-19.64,-13.32,-42.25,-50.69,6.93,-1,-1,-1,HVQ,-1,HV2Y,-1,-1,-1,-1,-1,-5,-16.04,-16.89,-39.38,-39.38,-5,-12.39,-22.4,-31.3,-13.76,0,3.01,5.6,5.6,33.76,3.01,0.91,26.34,19.05,90.27,101.55,-6.57,-21.24,-20.37,-50.86,-51.05,0.894881,11,,,,,,,-6.57,-13.95,-0.24,-27.21,3.09,0.95926,11
21-10-2025,NSE:PONNIERODE,EQ,252.97,10744,2.73,2.72,5,283.6,1.85,2.5,-1.08,-0.74,-3.83,-13.12,-20.33,-39.79,-65.85,-52.59,-1,-1,-1,-1,-1,HV2Y,-1,-1,-1,-1,-1,-3.01,-11.47,-20.97,-39.05,-51.62,-3.01,-12.6,-15.03,-39.69,-32.38,-19.77,2.83,2.83,2.83,2.83,2.83,6.26,13.12,20.33,8.54,25.91,-4.98,-14.72,-27.38,-48.4,-66.21,0.894762,11,,,,,,,-4.98,-9.41,-11.9,-17.86,-9.62,0.953588,7
21-10-2025,NSE:NOVAAGRI,EQ,473.15,111070,3.27,3.2,5,46.51,2.49,1.81,-1.05,-1.55,-9.78,-29,-7.55,-37.86,-35.41,-49.86,-1,-1,HVQ,HVQ,HV2Y,HVQ,-1,-1,-1,-1,-1,-7.96,-24.62,-24.62,-36.08,-48.53,-7.96,-17.24,-8.58,-44.65,-29.05,-30.31,3.04,6.85,8.97,8.97,3.04,5.58,40.58,17.2,36.43,34,-10.93,-30.6,-14.6,-46.47,-35.77,0.894311,11,,,,,,,-10.93,-17.97,11.1,-29.87,10.8,0.967449,19
21-10-2025,NSE:SHRADHA,EQ,256.41,77344,6.23,6.06,3,46.05,4.64,-1.06,-8.51,0.43,-7.99,-24.58,-6.73,-60.64,-29.15,50.39,-1,-1,-1,HVQ,-1,HV2Y,-1,-1,-1,-1,-1,-7.97,-22.65,-32.19,-48.32,-48.32,-7.97,-24.63,-24.49,-44.84,-16.98,0,4.64,4.64,4.64,134.76,4.64,0,23.84,11.19,277.11,203.2,-9.14,-26.18,-13.78,-69.25,-29.51,0.893951,11,,,,,,,-9.14,-15.82,8.8,-52.18,28.62,0.975275,29
21-10-2025,NSE:ANUP,EQ,5088.73,53143,3.33,3.31,5,2320.8,-1.01,0.44,-6.89,0.74,-9.3,-20.11,-39.22,-33.47,-17.84,41.92,-1,-1,HV2Y,-1,HVQ,HV2Y,-1,-1,-1,-1,-1,-6.93,-15.46,-29.71,-37.98,-37.98,-6.93,-12.89,-21.4,-13.65,-17.22,-2.61,4.79,4.79,4.79,80.4,1.23,14.54,7.9,90.96,140.78,112.58,-10.45,-21.71,-46.27,-42.08,-18.2,0.893831,11,,,,,,,-10.45,-10.35,-21.44,2.45,20.73,0.977436,31
21-10-2025,NSE:DTIL,EQ,200.62,20318,4.78,4.69,0,169.37,3.14,-7.59,-9.49,-8.8,-12.27,-13.28,-10.67,-42.47,-55.72,-27.09,HVY,HVY,-1,HVQ,HV2Y,HV2Y,-1,-1,-1,-1,-1,-10.68,-16.33,-20.32,-43.52,-43.52,-10.68,-6.5,-20.81,-37.5,-19.54,-11.86,14.58,14.58,14.58,14.58,14.58,2.02,13.1,10.49,33.57,46,-13.42,-14.88,-17.72,-51.08,-56.08,0.89367,11,,,,,,,-13.42,-1.36,-3.22,-30.41,-0.28,0.959032,11
21-10-2025,NSE:KAMDHENU,EQ,820.28,1012498,4.63,4.54,0,27.41,1.29,-0.88,-2.44,-0.91,-5.95,-9.81,-4.12,-56.15,-95.68,-106.97,-1,-1,-1,HVQ,HV2Y,HV2Y,-1,-1,-1,-1,-1,-4.99,-9.78,-19.38,-48.57,-58.04,-4.99,-7.81,-35.34,-55.61,-34.48,-17.9,3.87,5.95,6.9,6.9,3.87,5.45,17.39,11.31,1.9,12.36,-7.1,-11.41,-11.17,-64.76,-96.04,0.893566,10,,,,,,,-7.1,-4.11,-0.35,-51.64,-16.3,0.946749,4
21-10-2025,NSE:CMSINFO,EQ,6661.14,858313,3.38,3.43,4,388.4,1.11,8.7,7.3,3.49,-4.93,-37.62,-19.97,-12.08,-52.46,5.82,HVY,HVY,-1,HVQ,HVQ,-1,-1,-1,-1,-1,-1,-3.36,-24.81,-27.33,-33.88,-35.82,-3.36,-23.75,0,-23.01,-28.07,-2.16,9.53,9.53,9.53,9.53,9.53,0,28.05,11.63,19.16,62.1,-6.08,-39.22,-27.02,-20.69,-52.82,0.893516,10,,,,,,,-6.08,-31.61,7.3,4.9,-27.01,0.961259,13
21-10-2025,NSE:FAIRCHEMOR,EQ,1043.23,8077,2.89,2.87,5,774.9,0.47,0.79,2.06,0.03,-4.64,-21.59,-17.68,-36.19,-52.27,-63.1,-1,-1,-1,HVQ,HVQ,HV2Y,-1,-1,-1,-1,-1,-3.29,-18.3,-22.78,-39.49,-48.79,-3.29,-19.2,-21.75,-37.16,-30.25,-22.02,2.11,2.11,2.11,2.11,2.11,3.42,21.82,16.65,35,7.35,-5.79,-23.19,-24.73,-44.8,-52.63,0.893473,10,,,,,,,-5.79,-16.66,-2.31,-17.41,-2.79,0.957788,10
21-10-2025,NSE:TARC,EQ,5178.94,481703,3.88,3.78,5,146.64,-0.22,0.18,-5.6,-7.54,-19.48,-32.24,-5.41,-4.28,-71.44,-8.97,-1,-1,-1,-1,-1,EEP,-1,-1,-1,-1,-1,-15.86,-24.89,-27.69,-41.57,-44.89,-15.86,-13.61,-4.37,-41.91,-42.54,-5.52,2.2,3.59,41.54,41.54,2.2,14.09,87.18,49.21,19.37,96.25,-20.63,-33.84,-12.46,-12.89,-71.8,0.893171,10,,,,,,,-20.63,-11.14,14.76,-0.6,-55.39,0.959057,11
21-10-2025,NSE:TEAMLEASE,EQ,3160.94,22779,2.7,2.67,3,1755.2,-0.62,1.81,-2.46,-1.13,-7.11,-11.53,-8.68,-53.93,-73.53,-73.67,-1,-1,-1,-1,EEP,EEP,-1,-1,-1,-1,-1,-6.07,-10.66,-16.31,-42.76,-50.34,-6.07,-8.11,-28.24,-45.76,-23.55,-13.82,3.74,3.74,3.74,3.74,1.99,11.12,15.49,12.53,1.4,12.22,-8.26,-13.13,-15.73,-62.54,-73.89,0.892722,10,,,,,,,-8.26,-4.59,-2.97,-43.32,-3.71,0.952524,6
21-10-2025,NSE:KCPSUGIND,EQ,377.01,108522,3.18,3.13,5,30.99,0.36,-0.58,-2.71,0,-7.2,-11.75,-20.33,-39.04,-66.67,-30.36,-1,-1,-1,HV2Q,-1,HV2Y,-1,-1,-1,-1,-1,-4.85,-11.68,-22.89,-39,-48.32,-4.85,-9.26,-25.48,-37.82,-28.15,-13.87,0.55,0.55,0.55,0.55,0.55,7.61,6.52,14.25,32.79,59.17,-8.35,-13.35,-27.38,-47.65,-67.03,0.892489,10,,,,,,,-8.35,-4.7,-13.21,-17.23,-10.85,0.953742,7
21-10-2025,NSE:HARDWYN,EQ,663.29,488162,7.9,7.39,1,12.45,0.73,3.05,-7.07,1.61,-8.59,-12.85,-3.21,-37.59,-116.92,-134.65,-1,-1,-1,-1,HV2Y,HV2Y,-1,-1,-1,-1,-1,-8.99,-15.88,-16.83,-56.94,-62.6,-8.99,-8.65,-21.86,-61.14,-48.54,-18.86,3.15,3.15,10.57,10.57,3.15,4.48,24.78,14.12,7.6,40.3,-9.74,-14.45,-10.26,-46.2,-117.28,0.892195,10,,,,,,,-9.74,-4.38,3.01,-34.99,-48.64,0.941972,3
21-10-2025,NSE:VIPCLOTHNG,EQ,363.04,254071,3.93,3.82,6,33.34,0.18,-1.77,-1.83,-2.07,-21.66,-22.26,-15.18,-25.64,-29.27,-32.57,-1,-1,-1,HV2Y,EEP,EEP,-1,-1,-1,-1,-1,-16.88,-18.04,-22.98,-35.88,-35.88,-16.88,-6.2,-6.73,-26.15,-19.44,-16.31,0.18,0.18,18.27,18.27,0.18,20.21,44.59,36.22,40.1,44.15,-22.81,-23.86,-22.23,-34.25,-29.63,0.892002,10,,,,,,,-22.81,-0.95,0.26,-10.77,6.13,0.970748,23
21-10-2025,NSE:EMBDL,EQ,13549.22,4669901,2.77,2.8,5,93.71,-0.21,1.68,-1.07,1.02,-6.88,-26.17,-16.91,-36.59,-40.44,-25.28,-1,-1,EEP,EEP,EEP,EEP,-1,-1,-1,-1,-1,-4.13,-21.44,-26.21,-39.93,-41.56,-4.13,-21.13,-24.22,-29.77,-20.17,-17.92,2.35,2.65,2.65,2.65,2.35,7.48,29.51,10.95,30.61,34.3,-8.03,-27.77,-23.96,-45.2,-40.8,0.891716,10,,,,,,,-8.03,-18.5,1.8,-18.51,6.2,0.962757,14
21-10-2025,NSE:MEGATHERM,SM,572.57,25848,3.41,3.54,3,264.45,2.56,1.4,-2.76,-7.18,-14.75,-27.25,-16.77,-27.04,-31.22,-0.28,-1,-1,-1,HVQ,HVQ,HVQ,-1,-1,-1,-1,-1,-10.14,-20.38,-29.07,-30.96,-42.94,-10.14,-16.06,-9.75,-21.87,-27.51,-25.13,5.19,5.19,5.19,5.19,5.19,0.31,26.03,15.66,61.59,66.91,-15.9,-28.85,-23.82,-35.65,-31.58,0.891529,10,,,,,,,-15.9,-11.35,2.7,-10.47,5.73,0.967684,19
21-10-2025,NSE:VOLTAMP,EQ,7505.89,56383,1.8,1.85,5,7201,0.67,2.46,-0.17,0.93,-2.93,-32.52,-9.17,-18.56,-95.72,-1.27,-1,-1,-1,HV2Y,EEP,EEP,-1,-1,-1,-1,-1,-2.48,-23.69,-26.8,-48.94,-50.24,-2.48,-24.65,-2.99,-45.68,-41.01,-2.62,2.92,2.92,17.94,17.94,2.92,4.03,56.3,28.75,19.64,97.5,-4.08,-34.12,-16.22,-27.17,-96.08,0.89143,10,,,,,,,-4.08,-29.21,12.1,-10.29,-56.06,0.948432,5
21-10-2025,NSE:RESPONIND,EQ,5302.31,53482,3.38,3.32,5,184.18,0.96,2.03,0.68,3.3,-6.93,-30.62,-6.38,-37.92,-50.97,-56.75,-1,-1,-1,-1,EEP,EEP,-1,-1,-1,-1,-1,-7.12,-23.77,-24.62,-34.68,-43.8,-7.12,-19.39,-8.59,-33.46,-22.48,-15.15,3.41,4.23,4.23,4.23,3.41,3.94,36.15,7.58,5.28,8.38,-8.08,-32.22,-13.43,-46.53,-51.33,0.891364,10,,,,,,,-8.08,-22.61,13.03,-31.33,-0.44,0.96033,12
21-10-2025,NSE:CONCORDBIO,EQ,17659.22,116817,2.98,3,3,1522.4,1.72,0.38,-6.86,-4.7,-11.34,-26.1,-10.27,-47.19,-31.26,5.67,-1,-1,-1,HVQ,HVQ,HVQ,-1,-1,-1,-1,-1,-7.6,-21.68,-28.54,-35.1,-41.47,-7.6,-12.8,-18.16,-35.46,-13.85,-23.17,1.72,9.79,9.79,10.87,1.72,7.13,38.44,12.21,63.19,45.53,-12.49,-27.7,-17.32,-55.8,-31.62,0.89074,10,,,,,,,-12.49,-13.71,7.02,-35.16,19.84,0.969986,22
21-10-2025,NSE:KOTARISUG,EQ,270.3,117860,3.53,3.48,5,31.36,1.75,3.35,1.15,4.34,-3.79,-16.68,-17.89,-42.32,-70.63,-92.76,-1,-1,HVY,HVQ,HVQ,HV2Y,-1,-1,-1,-1,-1,-3.66,-15.17,-23.29,-40.4,-52.09,-3.66,-14.59,-20.3,-39.05,-34.61,-21.6,12.12,12.12,12.12,12.12,7.91,16.37,13.25,14.42,13.48,9.65,-4.94,-18.28,-24.94,-50.93,-70.99,0.89063,10,,,,,,,-4.94,-12.87,-6.57,-22.4,-10.88,0.950943,6
21-10-2025,NSE:KOTHARIPET,EQ,909.82,57052,3.58,3.59,5,141.98,1.56,0.26,-0.89,2.49,-8.52,-23.64,-16.22,-24.7,-67.4,8.61,-1,-1,-1,HVQ,HV2Y,HV2Y,-1,-1,-1,-1,-1,-6.91,-18.46,-24.31,-38.52,-44.96,-6.91,-16.06,-6.41,-36.04,-31.37,-7.87,3,3,4.05,25.53,3,0.69,28.66,20.93,56.54,110.15,-9.67,-25.24,-23.27,-33.31,-67.76,0.889965,10,,,,,,,-9.67,-14.4,0.47,-8.98,-25.22,0.953077,7
21-10-2025,NSE:CLEAN,EQ,12519.05,994334,2.51,2.51,6,1053.1,1.67,0.64,-0.68,-4.93,-11.86,-21.18,-14.41,-32.51,-53.32,-32.49,-1,-1,-1,HV2Y,HV2Y,HV2Y,-1,-1,-1,-1,-1,-7.87,-19.29,-32.02,-34.61,-36.17,-7.87,-21.61,-17.63,-26.97,-15.41,-2.13,1.67,1.67,1.67,1.67,1.67,3.83,11.51,5.28,9.28,26.3,-13.01,-22.78,-21.46,-41.12,-53.68,0.889757,10,,,,,,,-13.01,-8.79,0.06,-17.51,-6.68,0.957843,10
21-10-2025,NSE:DOLATALGO,EQ,1515.36,235611,2.92,2.93,3,80.92,0.51,4.46,0.31,1.4,-6.15,-16.3,-16.5,-34.48,-83.55,2,-1,-1,-1,HV2Q,HV2Q,HV2Y,-1,-1,-1,-1,-1,-5.5,-15.53,-25.25,-43.59,-55.62,-5.5,-15.07,-14.45,-48.29,-40.31,-18.53,4.67,4.67,17.94,31.36,4.67,7.91,37.17,37.4,76.66,141.12,-7.3,-17.9,-23.55,-43.09,-83.91,0.889694,10,,,,,,,-7.3,-10.02,-5.7,-17.11,-27.47,0.947636,5
21-10-2025,NSE:THEMISMED,EQ,1189.53,550074,5.08,5.42,5,126.21,1.10,1.28,-2.11,-3.51,-2.65,1.96,-9.66,-104.82,-117.77,-58.15,HV2Y,HV2Y,HV2Y,HVQ,HV2Y,HV2Y,-1,-1,-1,-1,-1,-11.41,-11.41,-26.08,-57.95,-57.95,-11.41,-3.17,-54.28,-53.89,-13.88,-7.24,27.38,27.38,27.38,27.38,1.73,30.76,6.76,19.4,35.55,44.13,-3.8,0.36,-16.71,-113.43,-118.13,0.889642,10,,,,,,,-3.8,4.03,-17.38,-88.46,2.7,0.945955,4
21-10-2025,NSE:JWL,EQ,14432.93,2656225,2.22,2.22,6,323.35,0.36,-0.31,-6.49,-3.87,-5.07,-14.06,-19.59,-53.01,-59.32,-6.48,-1,-1,-1,EEP,EEP,EEP,-1,-1,-1,-1,-1,-6.1,-11.18,-23.39,-42.37,-55.71,-6.1,-12.53,-26.68,-40.14,-32.23,-29.43,2.91,2.91,13.9,13.9,1.3,8.13,29.9,36.21,60.37,66.99,-6.22,-15.66,-26.64,-61.62,-59.68,0.88942,10,,,,,,,-6.22,-9.01,-10.38,-29.62,4.9,0.955657,9
21-10-2025,NSE:FROG,SM,369.73,22632,3.41,3.44,5,220.5,-0.18,-2.04,-5.31,-7.69,-8.32,-13.51,-23.4,-42.27,-56.42,19.64,-1,-1,-1,HV2Y,HVQ,HV2Y,-1,-1,-1,-1,-1,-14.53,-14.6,-22.41,-48.67,-48.67,-14.53,-11.36,-41.73,-36.65,-19.27,-11.25,1.75,1.75,1.75,59.84,0.5,10.22,15.08,25.1,127.4,150.02,-9.47,-15.11,-30.45,-50.88,-56.78,0.889306,9,,,,,,,-9.47,-5.25,-14.24,-16.97,-0.93,0.956944,9
21-10-2025,NSE:PCJEWELLER,EQ,9139.77,66933181,3.72,3.78,6,12.13,0.41,0.49,-6.6,-1.15,-15.66,-28.03,-12.86,-23.08,-46.22,58.45,-1,-1,HV2Q,HV2Q,-1,HVQ,-1,-1,-1,-1,-1,-11.27,-22.49,-35.24,-36.79,-36.79,-11.27,-25.09,-17.08,-28.66,-22.2,-0.45,0.5,7.54,13.79,162.27,0.5,16.63,45.68,103.57,222.81,283.48,-16.81,-29.63,-19.91,-31.69,-46.58,0.889055,9,,,,,,,-16.81,-11.15,6.32,-10.74,-9.77,0.961279,13
21-10-2025,NSE:RACE,EQ,403.82,16055,4.91,4.85,4,225.02,-1.35,2.7,2.45,0.36,-3.58,-8.94,-26.01,-52.21,-75.43,-58.23,-1,-1,-1,-1,HVQ,HV2Y,-1,-1,-1,-1,-1,-4.73,-10.81,-18.71,-43.4,-49.21,-4.73,-8.24,-28.99,-36,-22.69,-10.9,7.09,7.09,7.09,7.09,7.09,6,6.35,19.39,11.44,28.44,-4.73,-10.54,-33.06,-60.82,-75.79,0.888547,9,,,,,,,-4.73,-5.64,-21.2,-22.47,-6.24,0.950368,5
21-10-2025,NSE:TEXRAIL,EQ,5948.07,1367462,1.86,1.88,6,135.11,0.45,-0.65,-5.35,-1.73,-9.9,-19.29,-10.78,-47.39,-55.7,-32.15,-1,-1,-1,EEP,-1,EEP,-1,-1,-1,-1,-1,-7.99,-15.12,-24.54,-41.98,-53.03,-7.99,-16.85,-19.66,-46.87,-30.77,-26.87,1.43,4.47,8.72,8.72,0.45,11.47,29.69,20.44,37.24,44.98,-11.05,-20.89,-17.83,-56,-56.06,0.888494,9,,,,,,,-11.05,-9,1.61,-34.73,3.38,0.957548,10
21-10-2025,NSE:GVKPIL,BE,617.24,659723,2.64,2.72,3,3.33,1.83,-3.3,-7.21,-6.01,-17.42,-20.12,-5.11,-33.03,-65.47,-359.46,-1,-1,-1,-1,-1,-1,-1,-1,-1,-1,-1,-13.05,-16.75,-25.67,-38.33,-77.11,-13.05,-7.57,-17.86,-61.71,-72.91,-66.3,5.71,5.71,7.42,7.42,1.83,24.13,29.03,12.9,3.75,19.26,-18.57,-21.72,-12.16,-41.64,-65.83,0.88832,9,,,,,,,-18.57,-2.76,6.97,-28.25,-15.36,0.955742,9
21-10-2025,NSE:RCOM,BE,406.53,5323518,3.8,3.91,5,1.41,1.44,2.84,-1.42,1.42,-2.84,-38.3,-51.77,-17.02,-24.11,-31.21,-1,-1,HVQ,HVQ,HVQ,-1,-1,-1,-1,-1,-1,-4.08,-23.78,-39.22,-45.35,-45.35,-4.08,-25.64,-24.42,-17.05,-28.26,-10.26,11.9,11.9,11.9,34.29,3.68,15.08,44.44,58.52,57.14,66.67,-3.99,-39.9,-58.82,-25.63,-24.47,0.888241,9,,,,,,,-3.99,-34.94,-15.27,21.22,2.96,0.976048,30
21-10-2025,NSE:VRAJ,EQ,517.73,28617,3.01,2.99,6,144.51,1.01,-1.25,-4.34,-1.99,-7.14,-19.2,-13.63,-44.09,-65.01,NA,-1,-1,-1,HVQ,HV2Y,HV2Y,-1,-1,-1,-1,-1,-8.34,-15.77,-23.19,-41.91,NA,-8.34,-14.84,-18.04,-41.83,-26.23,NA,1.01,1.01,1.01,NA,1.01,5.16,16.69,10.72,6.89,NA,-8.29,-20.8,-20.68,-52.7,-65.37,0.888173,9,,,,,,,-8.29,-11.71,-0.86,-28.48,-5.5,0.952982,7
21-10-2025,NSE:DHANI,EQ,4159.05,3903333,3.93,3.86,3,54.8,0.50,-4.67,-13.14,-14.95,-25.68,-15.91,-13.67,-58.56,-15.75,32.48,-1,-1,HVQ,HVQ,HVQ,HV2Y,-1,-1,-1,-1,-1,-18.65,-21.24,-25.91,-49.4,-49.4,-18.65,-1.02,-32.61,-42.48,-19.76,-6.03,0.5,3.98,3.98,60.47,0.5,16.51,20.53,31.33,154.44,85.74,-26.83,-17.51,-20.72,-67.17,-16.11,0.887723,9,,,,,,,-26.83,7.31,-3.59,-41.17,36.02,0.987275,44
21-10-2025,NSE:SPARC,EQ,4656.57,235211,2.72,2.79,3,131.8,1.38,1.02,1.03,2.29,-8.71,-22.06,-15.66,-35.21,-61.84,-158.88,-1,-1,-1,HV2Y,HV2Q,HV2Q,-1,-1,-1,-1,-1,-6.53,-16.3,-33.62,-42.87,-71.05,-6.53,-12.12,-18.97,-34.55,-60.86,-53.15,2.94,2.94,17.67,17.67,2.94,2.28,43.62,36.09,1.93,5.62,-9.86,-23.66,-22.71,-43.82,-62.2,0.88757,9,,,,,,,-9.86,-12.74,-0.29,-18.59,-10.67,0.953836,8
21-10-2025,NSE:ELECTCAST,EQ,6194.21,1144683,2.86,2.84,4,95.67,0.43,3.21,2.05,3.85,-4.7,-21.67,-9.36,-32.98,-108.6,-71,-1,-1,-1,EEP,HVQ,EEP,-1,-1,-1,-1,-1,-3.12,-18.72,-30.19,-50.8,-58.57,-3.12,-26.9,-15.06,-54.69,-44.9,-13.57,4,7.82,7.82,7.82,4,2.94,31.18,16.15,6.03,39.27,-5.85,-23.27,-16.41,-41.59,-108.96,0.88736,9,,,,,,,-5.85,-16.66,4.59,-23.28,-47.85,0.941775,3
21-10-2025,NSE:ADFFOODS,EQ,2546.53,130556,2.97,2.93,5,207.74,1.37,3.99,-3.42,-5.84,-11.15,-29.8,-11.62,-30.33,-51.2,10.25,-1,-1,-1,HV2Q,EEP,EEP,-1,-1,-1,-1,-1,-9.84,-24.1,-30.24,-40.24,-40.24,-9.84,-18.39,-9.45,-33.3,-22.12,-1.3,4.16,4.16,4.16,13.46,4.16,12.05,25.29,7.74,47.87,71.55,-12.3,-31.4,-18.67,-38.94,-51.56,0.88736,9,,,,,,,-12.3,-17.24,8.48,-18.45,-6.99,0.9585,11
21-10-2025,NSE:KITEX,EQ,4418.93,1188968,4.23,4.21,6,186.78,0.34,0.85,1.48,0.4,-17.9,-44.72,-39.82,-24.52,4.62,54.46,-1,-1,-1,HVQ,HVQ,HV2Y,-1,-1,-1,-1,-1,-10.99,-28.6,-39.55,-39.55,-39.55,-10.99,-25.44,-12.52,-10.04,-19.88,-3.95,14.85,14.85,21.48,209.75,4.83,35.41,75.8,271.67,285.71,195.44,-19.05,-46.32,-46.87,-33.13,4.26,0.887344,9,,,,,,,-19.05,-23.2,-2.15,9.26,32.42,0.992166,51
21-10-2025,NSE:BANSALWIRE,EQ,5708.81,59492,3.21,3.14,3,317.35,1.68,1.59,-6.98,-6.13,-14.68,-31.5,-17.55,-27.15,-33.64,NA,-1,-1,-1,-1,-1,-1,-1,-1,-1,-1,-1,-11.45,-23.18,-24.08,-35,NA,-11.45,-12.93,-0.98,-23.59,-17.36,NA,1.68,1.68,1.68,NA,1.68,3.23,26.47,13.06,21.19,NA,-15.83,-33.1,-24.6,-35.76,-34,0.886907,9,,,,,,,-15.83,-15.12,5.07,-9.84,3.91,0.965789,18
21-10-2025,NSE:AURIONPRO,EQ,6829.91,164951,3.66,3.64,3,1195.3,3.04,-0.46,7.57,2.86,-3.16,-29.75,-29.65,-33.57,-41.83,14.37,EEP,EEP,HV2Y,HV2Q,HV2Q,EEP,-1,-1,-1,-1,-1,-1.18,-23.52,-27.13,-35.89,-38.76,-1.18,-24.82,-5.99,-20.61,-18.2,-13.15,9.66,9.66,9.66,32.59,9.66,2.8,21.19,20.8,77.11,88.06,-4.31,-31.35,-36.7,-42.18,-42.19,0.88686,9,,,,,,,-4.31,-26.23,-5.45,-4.71,2.83,0.961336,13
21-10-2025,NSE:GALAPREC,EQ,1089.96,18373,2.61,2.58,6,746.85,0.99,-2.19,-2.64,-1.6,-14.34,-18.97,-21.56,-54.65,-24.2,NA,-1,-1,-1,HVQ,HV2Y,HV2Y,-1,-1,-1,-1,-1,-9.78,-15.54,-22.87,-45.87,NA,-9.78,-5.55,-23.31,-34.19,-16.28,NA,0.99,0.99,0.99,NA,0.99,10.33,16.27,30.93,66.56,NA,-15.49,-20.57,-28.61,-63.26,-24.56,0.886817,9,,,,,,,-15.49,-4.51,-7.71,-28.9,28.71,0.974879,28
21-10-2025,NSE:QUADFUTURE,EQ,1738,586128,3.35,3.34,4,378.35,2.02,-0.03,-3.33,-6.81,-14.34,-36.74,-37.86,-36.45,NA,NA,-1,-1,HVQ,HV2Y,HV2Y,HV2Y,-1,-1,-1,-1,-1,-11.2,-21.7,-27.45,NA,NA,-11.2,-16.48,-27.71,-27.12,NA,NA,2.02,2.02,NA,NA,2.02,14.63,20.92,21.91,NA,NA,-15.49,-38.34,-44.91,-45.06,0,0.886815,9,,,,,,,-15.49,-20.05,-6.35,-0.65,109.02,0.961694,13
21-10-2025,NSE:MUTHOOTCAP,EQ,463.98,25830,3.03,2.95,3,251.1,-1.66,-8.32,-9.48,-11.63,-12.09,-39.53,-11.04,-20.37,-48.25,-21.64,-1,-1,-1,-1,EEP,EEP,-1,-1,-1,-1,-1,-12.49,-28.63,-30.24,-36.41,-36.72,-12.49,-21.81,-2.67,-29.73,-23.83,-6.19,0,0,1.5,1.5,0,5.29,41.61,12.7,12.57,38.64,-13.24,-41.13,-18.09,-28.98,-48.61,0.886672,9,,,,,,,-13.24,-24.94,14.88,-10.08,-14.14,0.961152,13
21-10-2025,NSE:HPAL,EQ,455.7,95688,3.6,3.54,5,46.79,1.30,0.3,-1.97,-2.03,-5.54,-9.08,-20.28,-55.59,-85.49,-138.83,-1,-1,-1,HVY,HVY,-1,-1,-1,-1,-1,-1,-6.04,-7.51,-16.73,-47.08,-61.52,-6.04,-5.09,-29.55,-45.68,-42.41,-31.34,3.2,3.2,4.51,4.51,1.5,8.91,14,25.71,1.17,0,-6.69,-10.68,-27.33,-64.2,-85.85,0.885947,9,,,,,,,-6.69,-3.82,-15.8,-31.03,-10.2,0.946974,5
21-10-2025,NSE:MASTEK,EQ,7508.27,100215,3.16,3.14,6,2065,1.33,-2.89,-5.94,-6.39,-17.22,-29.29,-8.82,-32.74,-42.42,-37.7,-1,-1,EEP,EEP,EEP,EEP,-1,-1,-1,-1,-1,-12.05,-22.3,-22.65,-36.87,-36.87,-12.05,-9.33,-3.79,-31.3,-16.19,-5.89,1.33,1.33,5.44,5.44,1.33,0.16,36.32,14.74,22.01,30.91,-18.37,-30.89,-15.87,-41.35,-42.78,0.885805,9,,,,,,,-18.37,-10.75,10.3,-23.67,1.73,0.963212,15
21-10-2025,NSE:VLSFINANCE,EQ,778.83,24262,2.73,2.7,4,217.85,0.19,1.89,-1.74,-0.65,-5.03,-13.46,-21.79,-40.76,-91.81,-23.92,-1,-1,-1,HV2Q,HVQ,HV2Y,-1,-1,-1,-1,-1,-4.58,-10.74,-20.25,-47.58,-49.38,-4.58,-10.57,-20.66,-38.36,-28.75,-2.92,3.16,3.16,13.6,13.6,3.16,4.68,28.89,38.35,32.01,79.88,-6.18,-15.06,-28.84,-49.37,-92.17,0.885786,9,,,,,,,-6.18,-8.49,-12.87,-17.26,-27.24,0.944682,4
21-10-2025,NSE:BSOFT,EQ,10623.63,703841,2.29,2.32,3,351.05,3.57,1.94,-1.24,0.9,-8.66,-18.69,-9.07,-51.7,-70.77,-134.85,-1,-1,-1,-1,-1,-1,-1,-1,-1,-1,-1,-5.72,-15.36,-20.87,-42.77,-58.42,-5.72,-14.02,-24.91,-48.91,-37.6,-29.75,3.57,3.57,3.57,3.57,3.57,3.63,20.04,10.31,1.31,5.98,-9.81,-20.29,-16.12,-60.31,-71.13,0.885675,8,,,,,,,-9.81,-9.69,2.57,-40.76,-3.55,0.951902,6
21-10-2025,NSE:GPTINFRA,EQ,1541.77,135719,3.27,3.22,5,106.87,2.12,0.43,-5.9,-6.91,-14.3,-23.52,-32.21,-25.93,-35.73,16.11,-1,-1,HV2Y,HV2Q,HV2Q,HV2Y,-1,-1,-1,-1,-1,-12.44,-20.96,-26.8,-28.33,-46.59,-12.44,-9.66,-9.58,-25.55,-32.74,-27.51,2.12,2.12,23.35,47.2,2.12,9.57,52.37,63.08,85.37,99.79,-15.45,-25.12,-39.26,-34.54,-36.09,0.884997,8,,,,,,,-15.45,-8.53,-12.56,3.07,1.24,0.965871,18
21-10-2025,NSE:PGEL,EQ,16263.33,6408578,3.69,3.66,4,583.2,-0.14,2.43,10.62,13.46,2.07,-38.37,-66.06,-54.47,-1.39,68.44,-1,-1,-1,-1,-1,EEP,-1,-1,-1,-1,-1,-0.86,-28.15,-39,-43.03,-43.03,-0.86,-31.02,-16.68,-5.4,-12,-12.37,19.98,19.98,19.98,291.48,16.11,17.5,25.47,176.46,504.7,296.91,0.92,-39.97,-73.11,-63.08,-1.75,0.884805,8,,,,,,,0.92,-41.75,-25.54,5.3,43.38,0.994919,54
21-10-2025,NSE:HGINFRA,EQ,6549.7,89838,2.27,2.35,5,933.75,2.45,1.25,1.5,-0.37,-7.61,-16.62,-22.45,-48.82,-57.44,4.55,-1,-1,-1,-1,-1,EEP,-1,-1,-1,-1,-1,-6.46,-13.9,-25.53,-38.85,-48.79,-6.46,-9.93,-21.89,-34.34,-23.79,-19.38,2.45,2.45,2.45,6.6,2.45,4.34,12.91,18.56,58.64,67.83,-8.76,-18.22,-29.5,-57.43,-57.8,0.884757,8,,,,,,,-8.76,-8.83,-10.54,-23.21,3.23,0.955394,8
21-10-2025,NSE:MANINFRA,EQ,6162.29,386449,2.49,2.5,5,145.29,1.45,-0.21,-1.24,-0.88,-9.19,-27.51,-14.76,-56.52,-32.67,-48.98,-1,-1,HVQ,HVQ,EEP,EEP,-1,-1,-1,-1,-1,-7.2,-20.52,-23.31,-43.08,-43.08,-7.2,-16.26,-21.33,-34.68,-10.91,-19.25,1.45,1.45,6.79,6.79,1.45,3.58,36.17,22.55,33.07,12.79,-10.34,-29.11,-21.81,-65.13,-33.03,0.884711,8,,,,,,,-10.34,-17.24,4.47,-38.07,24.26,0.969013,21
21-10-2025,NSE:ASMS,BE,486.71,454952,4.53,4.53,5,13.72,2.85,2.55,-0.07,-2.55,-15.52,1.6,-29.01,-61.15,-71.21,-101.17,-1,-1,HV2Q,-1,HVQ,HVQ,-1,-1,-1,-1,-1,-10.91,-18.77,-26.2,-42.74,-52.11,-10.91,-6.16,-35.71,-28.57,-22.83,-18.01,14.62,14.62,14.62,14.62,4.33,32.41,3.53,32.19,41.1,49.9,-16.67,0,-36.06,-69.76,-71.57,0.884684,8,,,,,,,-16.67,14.37,-36.64,-26.6,2.78,0.959996,12
21-10-2025,NSE:CLSEL,EQ,1415.19,64651,2.85,2.86,4,262.75,1.14,2.87,3.52,-0.11,-8.56,-29.8,-28.16,-41.12,-26.47,18.65,-1,-1,HV2Q,HVQ,HV2Y,HV2Y,-1,-1,-1,-1,-1,-7.24,-23.08,-31.18,-38.66,-38.66,-7.24,-25.29,-10.67,-21.38,-13.44,-2.55,3.87,3.87,3.87,36.46,3.87,2.66,27.4,62.39,92.57,72.58,-9.71,-31.4,-35.21,-49.73,-26.83,0.88454,8,,,,,,,-9.71,-20.02,-4.27,-11.79,19.4,0.969095,21
21-10-2025,NSE:EMUDHRA,EQ,5647.76,88168,3.06,3.01,5,661.8,1.57,-0.25,0.27,-0.54,-3.41,-24.8,-29.64,-45.84,-43.2,25.55,-1,-1,-1,-1,HV2Q,EEP,-1,-1,-1,-1,-1,-3.17,-20.36,-20.36,-33.18,-33.18,-3.17,-17.65,-15.39,-13.38,-2.55,-0.5,4.67,4.67,4.67,40.7,4.67,1.66,22.89,27.66,112.67,108.81,-4.56,-26.4,-36.69,-54.45,-43.56,0.884432,8,,,,,,,-4.56,-21.14,-9.41,-14.18,10.83,0.960506,12
21-10-2025,NSE:PANAMAPET,EQ,1784.56,54307,2.51,2.51,5,280.45,2.97,4.14,0.11,-1.35,-5.44,-28.56,-34.73,-31.29,-40.27,-9.47,-1,-1,-1,-1,-1,EEP,-1,-1,-1,-1,-1,-4.53,-22.06,-29.61,-31.13,-36.25,-4.53,-19.06,-9.51,-14.12,-16.31,-10.58,4.37,4.37,4.37,4.37,4.37,1.74,16.46,22.08,20.92,29.2,-6.59,-30.16,-41.78,-39.9,-40.63,0.884365,8,,,,,,,-6.59,-22.39,-10.33,0.87,2.18,0.962204,14
21-10-2025,NSE:BROOKS,EQ,438.91,36422,4.83,4.7,6,120.95,0.45,-4.46,-5.73,-11.75,-23.5,-31.43,-12.03,-38.83,-19.11,-2.48,-1,-1,-1,HVQ,HV2Y,HV2Y,-1,-1,-1,-1,-1,-17.77,-25.11,-25.11,-37.96,-37.96,-17.77,-7.51,-3.91,-30.5,-13.88,-10.13,0.45,0.45,23.29,63.89,0.45,10.89,62.04,61.68,127.52,95.2,-24.65,-33.03,-19.08,-47.44,-19.47,0.88396,8,,,,,,,-24.65,-6.88,9.23,-25.6,23.22,0.976967,30
21-10-2025,NSE:DONEAR,EQ,504.14,33342,2.46,2.43,5,91.71,0.44,1.01,-1.9,-2.89,-5.32,-15.1,-27.88,-67.47,-42.97,-10.46,-1,-1,-1,HVQ,HVQ,HVQ,-1,-1,-1,-1,-1,-5.31,-13.5,-25.81,-48.2,-48.2,-5.31,-14.64,-30.07,-33.75,-13.24,-13.05,1.02,1.02,1.02,1.02,1.02,3.14,6.34,18.14,67.67,43.14,-6.47,-16.7,-34.93,-76.08,-43.33,0.883943,8,,,,,,,-6.47,-9.75,-16.63,-32.64,23.65,0.964132,16
21-10-2025,NSE:GANESHBE,EQ,669.5,165930,2.7,2.68,5,88.81,1.08,1.23,0.07,1.32,-4.57,-9.19,-40.72,-46.71,-69.24,-105.1,-1,-1,-1,HVQ,HVQ,HVQ,-1,-1,-1,-1,-1,-3.97,-11.14,-31.81,-40.25,-54.92,-3.97,-7.29,-33.31,-29.05,-38.38,-28.92,2.17,2.17,2.17,2.17,2.17,6.72,2.48,22.97,3.25,12.84,-5.72,-10.79,-47.77,-55.32,-69.6,0.883694,8,,,,,,,-5.72,-4.87,-34.4,-5.94,-6.34,0.953759,7
21-10-2025,NSE:ORCHPHARMA,EQ,3998.95,85980,2.6,2.61,6,729.75,1.09,0.73,-0.55,2.64,-8.04,1.3,-11.09,-124.07,-87.52,-43.29,-1,-1,HVQ,-1,EEP,EEP,-1,-1,-1,-1,-1,-4.78,-8.86,-13.49,-63.19,-63.19,-4.78,-1.53,-56.35,-59.11,-17.52,-12.65,4.38,16.06,16.06,16.06,3.95,15.35,14.55,15.6,101.25,68.42,-9.19,-0.3,-18.14,-132.68,-87.88,0.883692,8,,,,,,,-9.19,8.19,-18.08,-103.39,25.33,0.960923,12
21-10-2025,NSE:SPCL,SM,238.14,39432,4.26,4.54,0,108.9,-0.50,11.07,9.92,7.71,9.73,-10.19,-23.46,-99.22,-125.39,NA,HVQ,HVQ,-1,-1,-1,-1,6.3,-1,-1,-1,-1,-0.5,-8.26,-20.51,-58.77,NA,-0.5,-25.7,-43.65,-59,-44.16,NA,13.67,13.67,13.67,NA,13.67,0,15.16,29.03,10.04,NA,8.58,-11.79,-30.51,-107.83,-125.75,0.883525,8,,,,,,,8.58,-22.54,-17.57,-63.04,-4.12,0.937201,2
21-10-2025,NSE:VSTL,EQ,308.9,33213,3.07,3.05,5,148.18,1.23,-1.07,-0.51,-5.39,-9.75,-21.24,-10.82,-36.56,-88.28,NA,-1,-1,HVY,HV2Q,HV2Q,-1,-1,-1,-1,-1,-1,-8.5,-14.91,-23.1,-46.13,NA,-8.5,-15.6,-12.96,-43.53,-54.65,NA,1.23,5.87,18.02,NA,1.23,9.74,43.09,30.8,3.29,NA,-10.9,-22.84,-17.87,-45.17,-88.64,0.883398,8,,,,,,,-10.9,-10.93,3.06,-24.9,-28.85,0.94587,4
21-10-2025,NSE:PILITA,EQ,347.8,129868,5.71,5.41,1,12.04,0.92,6.06,-8.64,-14.62,-23.01,-25.66,-30.9,-12.71,-38.21,-31.23,-1,-1,-1,HVQ,HVQ,HV2Y,-1,-1,-1,-1,-1,-15.63,-20.74,-37.29,-37.29,-37.29,-15.63,-6.5,-21.2,-5.29,-19.23,-0.95,6.45,6.45,6.45,6.45,6.45,8.5,26.19,31.44,19.56,46.61,-24.16,-27.26,-37.95,-21.32,-38.57,0.883382,8,,,,,,,-24.16,-2.62,-9.69,12.22,-13.6,0.968399,20
21-10-2025,NSE:ORIENTHOT,EQ,2460.92,264696,3.47,3.42,3,124.76,-0.36,-0.34,-7.26,-4.16,-10.35,-23.57,-25.5,-40.33,-40.77,-1.84,-1,-1,-1,-1,HVQ,HV2Y,-1,-1,-1,-1,-1,-8.8,-16.12,-24.42,-36.72,-36.72,-8.8,-16.6,-11.52,-20.58,-11.19,-3.45,0,0,0,9.87,0,1.27,20.65,23.09,54.19,54.66,-11.5,-25.17,-32.55,-48.94,-41.13,0.883336,8,,,,,,,-11.5,-12.44,-7.09,-13.5,8.71,0.961731,13
21-10-2025,NSE:TTL,BE,285.69,111795,4.28,4.23,3,9.99,0.20,-4,-1.7,-3.1,-10.41,-37.74,-34.45,-38.25,-11.27,-6.56,-1,-1,-1,HVQ,HVQ,HV2Y,-1,-1,-1,-1,-1,-10.88,-26.65,-36.61,-43.72,-43.72,-10.88,-27.96,-12.69,-24.33,-22.19,-10.13,0.2,0.2,0.2,4.45,0.2,4.65,33.78,30.59,44.4,16.22,-11.56,-39.34,-41.5,-46.86,-11.63,0.883285,8,,,,,,,-11.56,-25.21,-3.14,-4.51,28.53,0.978942,33
21-10-2025,NSE:PDSL,EQ,5016.5,149864,3.57,3.6,3,333.55,5.25,11.95,8.03,6.12,-6.03,-16.59,-20.07,-60.92,-59,-64.73,-1,-1,-1,EEP,HVQ,EEP,-1,-1,-1,-1,-1,-3.83,-11.91,-24.77,-48.46,-48.46,-3.83,-13.34,-26.67,-38.11,-17.06,-12.53,13.57,13.57,13.57,13.57,13.57,11.76,4.84,4.97,33.22,31.63,-7.18,-18.19,-27.12,-69.53,-59.36,0.88307,8,,,,,,,-7.18,-10.43,-8.51,-35.7,10.21,0.955393,8
21-10-2025,NSE:STERTOOLS,EQ,1237.5,90835,2.92,2.92,4,317.45,0.52,-0.57,1.45,2.06,-7.34,-18.54,-4.6,-70.28,-76.17,-6.32,-1,-1,-1,EEP,EEP,EEP,-1,-1,-1,-1,-1,-4.44,-15.27,-16.47,-56.9,-56.9,-4.44,-9.79,-29.58,-54.92,-26.61,-8.57,5.27,6.94,11.17,11.17,2.88,13,31.78,16.28,76.33,82.43,-8.49,-20.14,-11.65,-78.89,-76.53,0.883064,7,,,,,,,-8.49,-10.89,6.23,-64.47,5.56,0.95272,7
21-10-2025,NSE:NIITLTD,EQ,1528.4,313704,2.08,2.12,5,105.89,1.76,0.92,-1.39,0.59,-6.04,-17.05,-21.39,-54.68,-63.68,-16.06,-1,-1,-1,EEP,EEP,EEP,-1,-1,-1,-1,-1,-4.35,-13.39,-27.28,-53.55,-53.55,-4.35,-14.65,-27.68,-43.62,-28.16,-10.54,1.76,1.76,1.76,11.35,1.76,4.67,14.7,18.95,72.23,82.25,-7.19,-18.65,-28.44,-63.29,-64.04,0.882698,7,,,,,,,-7.19,-10.83,-9.24,-29.1,3.2,0.952714,7
21-10-2025,NSE:GANDHAR,EQ,1442.65,129405,2.69,2.69,5,138.09,0.89,1.49,-0.98,-2.64,-6.63,-21.9,-14.91,-44.28,-77.12,-70.18,-1,-1,-1,HVQ,HV2Y,HV2Y,-1,-1,-1,-1,-1,-5.5,-18.12,-24.47,-43.54,-48.07,-5.5,-16.63,-15.05,-35.12,-25.07,-8.01,1.86,1.86,5.08,5.08,1.86,1.88,28.09,20.74,5.05,28.97,-7.78,-23.5,-21.96,-52.89,-77.48,0.882473,7,,,,,,,-7.78,-14.78,0.2,-27.23,-13.75,0.94786,5
21-10-2025,NSE:MVGJL,EQ,989.16,98340,2.86,2.87,4,187.3,2.00,2.74,1.2,-1.51,-7.9,-18.52,-32.36,-52.08,-42.04,-69.54,-1,-1,-1,HVQ,HVQ,HV2Y,-1,-1,-1,-1,-1,-5.98,-16.66,-29.81,-37.54,-37.78,-5.98,-21.5,-22.56,-17.65,-11.41,-17.26,2.82,2.82,2.82,2.82,2.82,3.41,16.87,30.53,55.32,45.07,-9.05,-20.12,-39.41,-60.69,-42.4,0.881346,7,,,,,,,-9.05,-10.3,-17.21,-16.58,15.62,0.962103,14
21-10-2025,NSE:WESTLIFE,EQ,11305.19,188896,4.03,3.95,1,600.05,1.44,-1,-14,-16.08,-20.74,-26.46,-20.82,-22.94,-45.31,-29.48,-1,-1,-1,HV2Q,HV2Q,HV2Y,-1,-1,-1,-1,-1,-15.76,-22.8,-25.72,-31.86,-36.46,-15.76,-10.32,-13.83,-23.23,-21.88,-7.67,1.44,1.44,1.44,1.44,1.44,9.96,14.03,6.43,5.4,21.81,-21.89,-28.06,-27.87,-31.55,-45.67,0.88116,7,,,,,,,-21.89,-5.2,-1.07,-3.43,-9.18,0.961554,13
21-10-2025,NSE:WENDT,EQ,1924.2,10820,2.52,2.56,5,9137,2.65,4.29,1.58,2.71,-5.19,-16.29,-18.44,-66.81,-67.78,-40.08,-1,-1,-1,-1,HVQ,HV2Y,-1,-1,-1,-1,-1,-3.37,-15.21,-19.79,-47.06,-47.06,-3.37,-15.63,-31.16,-37.3,-11.69,-6.7,4.9,11.25,11.25,11.25,4.9,15.8,29.37,28.56,44.48,45.33,-6.34,-17.89,-25.49,-75.42,-68.14,0.880949,7,,,,,,,-6.34,-11.01,-7.38,-42.52,8.44,0.952182,6
21-10-2025,NSE:ASHIMASYN,EQ,470.53,139456,4.51,4.45,3,22.39,1.50,4.38,-0.22,-0.27,-9.47,-21.71,-27.91,-38.41,-54.13,6.43,-1,-1,HVQ,HVQ,HVQ,HV2Y,-1,-1,-1,-1,-1,-5.45,-16.89,-36.48,-41.51,-54.68,-5.45,-17.86,-22.7,-37.89,-37.27,-30.14,4.58,4.58,30.33,30.33,4.58,3.9,58.61,66.71,72.17,91.72,-10.62,-23.31,-34.96,-47.02,-54.49,0.880768,7,,,,,,,-10.62,-11.64,-10.63,-9.89,-2.34,0.955754,9
21-10-2025,NSE:OWAIS,SM,887.3,28878,6.29,6.32,2,516.4,5.70,-4.26,-0.95,15.87,5.71,-5.16,-30.86,-83.29,-142.45,NA,-1,HVQ,-1,HVQ,HVQ,-1,-1,-1,-1,-1,-1,-6.44,-6.44,-26.54,-63.39,NA,-6.44,-19.99,-42.58,-55.55,-37.73,NA,23.99,23.99,23.99,NA,22.2,16.9,18.84,47.88,288.71,NA,4.56,-6.76,-37.91,-91.9,-142.81,0.880574,7,,,,,,,4.56,-11.99,-29.97,-41.75,-23.26,0.931861,1
21-10-2025,NSE:NDL,EQ,524.7,1802176,2.61,2.56,5,3.28,3.80,3.35,1.52,-2.13,-10.06,-14.63,-18.9,-48.17,-80.49,-3.2,-1,-1,-1,HVQ,HV2Y,HV2Y,-1,-1,-1,-1,-1,-7.61,-13.23,-20.39,-48.18,-54.51,-7.61,-7.67,-21.34,-45.91,-32.59,-17.89,4.46,4.46,4.46,4.46,4.46,8.73,19.37,23.81,68.46,105.2,-11.21,-16.23,-25.95,-56.78,-80.85,0.880411,7,,,,,,,-11.21,-4.62,-9.25,-26.3,-12.79,0.94742,5
21-10-2025,NSE:DCW,EQ,2194.48,763293,3.13,3.08,4,65.18,1.18,-0.09,-5.81,-5.55,-13.93,-16.17,-34.29,-27.03,-65.1,8.02,-1,-1,-1,-1,HV2Y,HV2Y,-1,-1,-1,-1,-1,-11.39,-19.12,-26.43,-40.9,-40.9,-11.39,-12.57,-14.54,-20.63,-24.92,0,3.25,3.25,3.25,36.36,3.25,2.22,6.36,70.66,73.22,125.13,-15.08,-17.77,-41.34,-35.64,-65.46,0.88038,7,,,,,,,-15.08,-2.43,-21.13,3.72,-20.94,0.955873,9
21-10-2025,NSE:INDOWIND,EQ,216.39,144242,3.75,3.87,3,15.81,3.33,3.54,-2.02,-1.71,-5.88,-21.88,-37.13,-49.34,-40.42,-70.52,-1,-1,-1,HVQ,HVQ,HVQ,-1,-1,-1,-1,-1,-7.38,-17.35,-29.61,-41.14,-50.75,-7.38,-17.58,-21.28,-30.04,-26.45,-30.84,3.74,3.74,3.74,3.74,3.74,0.66,22.27,37.56,27.54,19.93,-7.03,-23.48,-44.18,-57.95,-40.78,0.88003,7,,,,,,,-7.03,-15.57,-18.04,-10.58,14.99,0.962179,14
21-10-2025,NSE:SULA,EQ,2440.03,1074198,2.33,2.31,6,254.05,1.22,1.61,-3.96,-1.84,-12.1,-16.26,-15.74,-48.24,-75.46,-130.19,-1,-1,HVY,HV2Q,HV2Q,-1,-1,-1,-1,-1,-1,-10.59,-16.13,-20.81,-43.1,-58.86,-10.59,-6.7,-22.66,-41.11,-43.22,-32.8,2.54,2.54,2.54,2.54,2.3,14.95,18.85,18.33,0.61,1.34,-13.25,-17.86,-22.79,-56.85,-75.82,0.879999,7,,,,,,,-13.25,-4.16,-5.09,-29.75,-9.34,0.949293,5
21-10-2025,NSE:SPANDANA,EQ,1896.72,183540,3.2,3.16,5,248.75,0.71,0.08,-4.28,0.41,-6.52,-16.68,-23.58,-41.42,-93.01,-260.51,-1,-1,-1,HVQ,HV2Y,HV2Y,-1,-1,-1,-1,-1,-5.77,-14.7,-17.86,-47.77,-73.73,-5.77,-12.5,-16.77,-55.43,-64.87,-52.06,3.71,3.71,14.89,14.89,3,10.48,34.06,41.98,19.59,0,-7.67,-18.28,-30.63,-50.03,-93.37,0.879619,7,,,,,,,-7.67,-10,-11.44,-16.12,-27.46,0.94319,3
21-10-2025,NSE:GOCOLORS,EQ,3996.66,77257,2.85,2.81,6,681.55,0.61,0.93,-0.99,0.38,-8.47,-29.48,-8.64,-40.59,-81.51,-68.87,-1,-1,-1,EEP,-1,EEP,-1,-1,-1,-1,-1,-6.26,-22.91,-25.22,-45.03,-50.82,-6.26,-18.53,-9.89,-46.57,-30.86,-10.74,2.62,2.62,2.62,2.62,2.62,7.61,31.14,10.04,1.97,29.51,-9.62,-31.08,-15.69,-49.2,-81.87,0.879491,7,,,,,,,-9.62,-19.82,10.56,-31.09,-20.08,0.947635,5
21-10-2025,NSE:MARKSANS,EQ,8134.74,1527853,3.05,3.17,2,180.2,2.04,-0.5,8.41,7.69,0.6,-37.38,-18.87,-46.84,-63.71,18.67,-1,-1,-1,-1,EEP,EEP,-1,-1,-1,-1,-1,-0.76,-25.55,-31.63,-49.01,-49.01,-0.76,-31.91,-9.3,-39.39,-25.13,-7.33,9.84,9.84,9.84,35.54,9.84,7.01,29.59,15.56,99.02,121.89,-0.55,-38.98,-25.92,-55.45,-64.07,0.87938,7,,,,,,,-0.55,-38.67,7.94,-25.2,-2.47,0.953102,7
21-10-2025,NSE:MANYAVAR,EQ,17590.09,194223,2.28,2.26,5,695.4,1.64,3.42,0.5,0.32,-3.19,-14.1,-15.85,-71.81,-94.74,-37.53,-1,-1,-1,-1,-1,-1,-1,-1,-1,-1,-1,-7.38,-12.52,-15.96,-51.51,-51.51,-7.38,-13.29,-33.56,-43.83,-16.7,-0.24,3.54,3.54,3.54,3.54,3.54,0,9.74,7.24,34.29,52.21,-4.34,-15.7,-22.9,-80.42,-95.1,0.879286,7,,,,,,,-4.34,-11.04,-7.06,-49.99,-4.33,0.943231,3
21-10-2025,NSE:KOTYARK,ST,312.74,17396,3.6,3.57,4,292,1.62,0.17,-1.44,-11.64,-4.32,17.89,-27.24,-186.85,-210.22,-356.28,-1,-1,HV2Q,-1,HVQ,HV2Y,-1,-1,-1,-1,-1,-10.43,-30.12,-32.02,-74.84,-81.07,-10.43,-27.1,-71.27,-67.99,-45.71,-41.29,32.16,37.06,37.06,37.06,1.62,42.97,12.53,19.6,3.26,8.14,-5.47,16.29,-34.29,-195.46,-210.58,0.879138,7,,,,,,,-5.47,20.83,-60.5,-127.11,0.87,0.940968,3
21-10-2025,NSE:ROLEXRINGS,EQ,3753.02,553343,3.06,3.13,4,124.1,0.98,-5.08,-8.22,-5.83,-11.14,-20.39,-10.89,-43.54,-91.12,-71.66,-1,HVY,-1,-1,EEP,EEP,-1,-1,-1,-1,-1,-10.43,-17.62,-23.48,-47,-53.18,-10.43,-14.73,-16.92,-48.07,-32.79,-10.51,0.98,0.98,0.98,0.98,0.98,3.3,21.37,11.35,1.88,35.65,-12.29,-21.99,-17.94,-52.15,-91.48,0.879028,7,,,,,,,-12.29,-8.78,2.35,-31.12,-24.13,0.944482,4
21-10-2025,NSE:INDOTECH,EQ,1932.84,18249,3.56,3.53,3,1728.6,1.56,-2.52,-8.58,2.89,-5.24,-8.45,-46.22,-86.2,-37.72,39.33,-1,-1,-1,-1,-1,HV2Y,-1,-1,-1,-1,-1,-7.91,-11.04,-34.89,-51.88,-51.88,-7.91,-10.33,-41.3,-29.64,-10.4,0,10.22,10.22,10.22,103.92,4.9,16,2.02,49.39,279.69,180.84,-6.39,-10.05,-53.27,-94.81,-38.08,0.878955,7,,,,,,,-6.39,-3.51,-40.36,-29.02,35.05,0.972714,25
21-10-2025,NSE:MOREPENLAB,EQ,2967.72,3205862,2.35,2.43,5,49.15,1.47,1.71,1.32,2.2,-10.15,-26.04,-10.84,-38.64,-84.68,0.41,-1,-1,-1,HV2Q,HV2Y,HV2Y,-1,-1,-1,-1,-1,-7.58,-20.33,-27.57,-44.44,-48.9,-7.58,-17.17,-12.66,-43.36,-29.16,-5.63,5.95,5.95,14.73,24.9,2.72,16.71,44.61,27.17,73.16,130.67,-11.3,-27.64,-17.89,-47.25,-85.04,0.878942,7,,,,,,,-11.3,-14.89,6.53,-26.75,-24.19,0.946168,4
21-10-2025,NSE:KHADIM,EQ,528.38,57510,3.94,3.86,6,248.55,0.00,1.47,-2.17,-3.9,-15.96,-17.14,-20.34,-38.38,-67.33,-42.45,-1,-1,HVY,HV2Q,HV2Q,HV2Y,-1,-1,-1,-1,-1,-13.83,-14.91,-19.76,-39.84,-42.74,-13.83,-4.76,-22.19,-31.09,-20.76,-4.18,8.11,8.11,8.11,8.11,1.49,25.36,15.31,12.85,16.57,40.96,-17.11,-18.74,-27.39,-46.99,-67.69,0.878899,6,,,,,,,-17.11,-1.48,-8.26,-16.67,-11.9,0.952501,6
21-10-2025,NSE:ORIENTCEM,EQ,4509.84,471463,2.36,2.36,5,215.68,1.04,0.41,-3.84,-1.46,-1.8,-9.74,-64.5,-56.64,-52.38,-19.88,-1,-1,-1,-1,-1,EEP,-1,-1,-1,-1,-1,-8.15,-16.03,-39.52,-40.11,-40.11,-8.15,-14.52,-34.27,-1.47,-5.71,-8.28,1.04,1.04,1.04,11.66,1.04,1.08,6.47,28.69,74.92,70.15,-2.95,-11.34,-71.55,-65.25,-52.74,0.878601,6,,,,,,,-2.95,-8.26,-55.44,3.1,11.74,0.963755,15
21-10-2025,NSE:GULPOLY,EQ,991.07,65899,2.96,3.04,5,141.69,1.86,2.44,-2.49,-5.74,-11.46,-24.21,-46.38,-17.16,-57.81,-40.06,-1,-1,-1,-1,EEP,EEP,-1,-1,-1,-1,-1,-9.62,-18.72,-33.6,-35.08,-44.95,-9.62,-12.83,-19,-19.42,-35.5,-13.12,2.5,2.5,2.5,2.5,2.5,0.66,18.91,40.13,5.31,37.9,-12.61,-25.81,-53.43,-25.77,-58.17,0.878403,6,,,,,,,-12.61,-11.9,-23.37,18.28,-25.68,0.961221,13
21-10-2025,NSE:IEX,EQ,13275.52,6289956,2.17,2.17,5,139.14,0.61,2.19,-1.75,-0.42,-7.11,-40.86,-36.34,-22.9,-39.9,-0.62,-1,-1,EEP,-1,-1,-1,-1,-1,-1,-1,-1,-4.76,-27.74,-33.75,-33.75,-41.87,-4.76,-28.69,-6.68,-20.75,-28.56,-18.68,5.34,5.34,5.34,5.34,3.7,12.82,28.25,24.13,28.48,46.24,-8.26,-42.46,-43.39,-31.51,-40.26,0.878071,6,,,,,,,-8.26,-31.97,-2.32,8.17,-4.8,0.962759,14
21-10-2025,NSE:POKARNA,EQ,2719.05,139869,4.15,4.07,3,805.7,1.60,10.67,7.09,4.65,-8.24,-27.62,-21.87,-59.11,-38.4,38.92,HV2Q,HV2Q,HVQ,-1,HV2Y,HV2Y,-1,-1,-1,-1,-1,-6.4,-22.45,-28.41,-43.66,-43.66,-6.4,-19.64,-28.1,-31.34,-7.84,-0.3,14.36,14.36,14.36,89.11,14.36,12.97,36.42,41.24,200.89,161.72,-9.39,-29.22,-28.92,-67.72,-38.76,0.878065,6,,,,,,,-9.39,-18.37,-1.03,-32.24,22.04,0.964024,16
21-10-2025,NSE:ZENTEC,EQ,14509.66,420555,3.15,3.13,5,1400.2,1.97,2.69,-2.6,-1.87,-14.57,-36.12,-4.27,-59.76,-37.41,41.64,-1,-1,-1,-1,EEP,EEP,-1,-1,-1,-1,-1,-12.78,-26.31,-37.2,-45.67,-45.67,-12.78,-19.57,-14.52,-43.34,-13.2,-2.81,3.74,4.53,44.05,74.72,3.74,14.39,96.08,50.21,179.47,140.39,-15.72,-37.72,-11.32,-68.37,-37.77,0.87785,6,,,,,,,-15.72,-19.27,17.87,-54.89,23.01,0.970477,23
21-10-2025,NSE:TIPSMUSIC,EQ,7682.68,278586,3.94,4,4,521.25,2.31,-1.55,-6.98,-14.52,-15.06,-21.75,-31.91,-33.68,-48.59,21.93,EEP,EEP,-1,HVQ,HVQ,EEP,-1,-1,-1,-1,-1,-12.81,-17.46,-26,-44.39,-44.39,-12.81,-11.41,-12.39,-26.64,-25.65,-6.65,3.91,3.91,3.91,40.54,3.91,6.32,9.37,26.2,87.87,108.82,-16.21,-23.35,-38.96,-42.29,-48.95,0.877232,6,,,,,,,-16.21,-6.27,-13.88,-3.02,-2.13,0.959009,11
21-10-2025,NSE:LIKHITHA,EQ,942.86,57607,2.59,2.58,6,228.69,-0.49,-0.97,-3.07,-1.88,-5.47,-23.16,-24.34,-51.45,-65.49,-14,-1,-1,-1,HV2Q,HVQ,HV2Y,-1,-1,-1,-1,-1,-5.25,-18.64,-28.4,-42.93,-52.37,-5.25,-17.7,-17.15,-37.16,-27.87,-21.18,0.5,0.5,0.5,0.5,0.5,0,12.93,14.01,49.03,62.84,-6.62,-24.76,-31.39,-60.06,-65.85,0.877144,6,,,,,,,-6.62,-17.24,-6.49,-23.48,-0.25,0.950389,6
21-10-2025,NSE:SARTELE,SM,895.04,100800,6.43,6.19,4,185.1,-0.43,-6.59,10.75,-1.11,-3.11,-19.26,-49.49,-31.98,-76.23,-32.63,-1,-1,HVQ,HVQ,HVQ,HV2Y,-1,-1,-1,-1,-1,-8.59,-19.57,-33.24,-49.38,-53.02,-8.59,-28.8,-24.59,-29.77,-37.99,-17.21,12.05,12.05,12.05,12.05,12.05,5.21,13,41.64,42.77,90.63,-4.26,-20.86,-56.54,-40.59,-76.59,0.877095,6,,,,,,,-4.26,-16.13,-30.88,10.03,-24.5,0.95206,6
21-10-2025,NSE:RPPINFRA,EQ,701.64,277092,3.9,3.93,6,123.26,2.74,4.6,-1.67,-4.11,-14.18,-7.95,-40.76,-46.39,-62.33,-21.45,-1,-1,HV2Q,-1,HVQ,HV2Y,-1,-1,-1,-1,-1,-10.05,-21.87,-29.34,-49.59,-49.59,-10.05,-10.79,-27.62,-29.04,-26.21,-13.65,12.34,12.34,12.34,20.25,4.82,28.27,13.86,48.47,76.04,95.21,-15.33,-9.55,-47.81,-55,-62.69,0.877065,6,,,,,,,-15.33,5,-35.92,-5.68,-1.87,0.958225,11
21-10-2025,NSE:APTECHT,EQ,755.18,75466,2.93,2.9,3,115.47,1.78,-1.09,-3.38,-3.14,-12.28,-18.62,-13.68,-50.06,-81.28,-80.74,-1,-1,-1,HVY,HVQ,HV2Y,-1,-1,-1,-1,-1,-10.18,-15.71,-32.8,-43.8,-55.4,-10.18,-17.94,-23.36,-46.21,-37.15,-24.08,1.78,1.78,4.5,4.5,1.78,1.61,23.95,18.8,9.32,2.51,-13.43,-20.22,-20.73,-58.67,-81.64,0.877021,6,,,,,,,-13.43,-6.11,-1.37,-33.68,-11.79,0.947009,5
21-10-2025,NSE:CAPACITE,EQ,2639.65,374165,2.93,2.9,5,276.25,0.86,-0.04,-0.96,-2.66,-13.03,-21.68,-39.29,-37.67,-40.96,10.1,-1,-1,-1,-1,EEP,EEP,-1,-1,-1,-1,-1,-10.89,-15.74,-27.16,-39.31,-39.31,-10.89,-7.48,-14.14,-15.47,-16.45,-5.13,1.81,1.81,1.81,28.1,1.81,12.79,11.38,39.55,76.35,80.57,-14.18,-23.28,-46.34,-46.28,-41.32,0.876567,6,,,,,,,-14.18,-8.11,-20,-0.51,6.63,0.962571,14
21-10-2025,NSE:UYFINCORP,EQ,261.2,691551,4.89,4.82,6,14.73,-1.01,1.83,-1.77,-0.2,7.2,-25.19,-29.46,-58.32,-111.34,NA,-1,-1,HV2Q,HVQ,HVQ,-1,-1,-1,-1,-1,-1,-5.76,-23.16,-31.99,-52.05,NA,-5.76,-36.89,-27.71,-44.82,-32.52,NA,23.68,23.68,23.68,NA,6.51,14.78,11.69,14.81,4.34,NA,6.05,-26.79,-36.51,-66.93,-111.7,0.876557,6,,,,,,,6.05,-35.35,-8.95,-23.97,-24.47,0.937416,2
21-10-2025,NSE:TARSONS,EQ,1644.07,55217,2.15,2.14,5,290.25,0.09,-1.09,-3.34,-5.93,-6.51,-32.71,-34.14,-37.04,-43.76,-66.77,-1,-1,-1,EEP,HV2Y,EEP,-1,-1,-1,-1,-1,-6.22,-24.41,-34.41,-35.93,-45.6,-6.22,-21.87,-12.96,-27.03,-25.45,-21.8,0.09,0.09,2.18,2.18,0.09,0,35.61,37.07,4.71,6.01,-7.66,-34.31,-41.19,-45.65,-44.12,0.876469,6,,,,,,,-7.66,-25.06,-6.61,-3.84,4.12,0.959052,11
21-10-2025,NSE:3IINFOLTD,EQ,425.21,382469,3.36,3.31,6,19.17,0.52,-2.35,-4.28,-9.39,-23.71,-21.59,-16.05,-39.68,-48.04,-138.57,-1,-1,-1,HV2Y,HVQ,HV2Y,-1,-1,-1,-1,-1,-17.05,-19.17,-24.2,-39.93,-63.3,-17.05,-3.1,-19.82,-38.85,-54.1,-51.36,0.52,0.52,0.52,0.52,0.52,13.26,18.33,12.95,8.36,0.91,-24.86,-23.19,-23.1,-48.29,-48.4,0.876228,6,,,,,,,-24.86,1.26,-0.98,-22.05,3.04,0.961017,13
21-10-2025,NSE:EMSLIMITED,EQ,3187.47,152141,2.63,2.62,6,537.1,0.67,0.21,-2.76,-0.9,-7.01,-20.49,-25.76,-59.55,-58.9,-3.35,-1,-1,-1,-1,EEP,EEP,-1,-1,-1,-1,-1,-7.37,-15.02,-20.47,-44.69,-44.69,-7.37,-11.19,-24.09,-30.44,-11.75,-6.11,1.19,1.19,1.19,45.5,0.89,8.28,14.34,13.89,132.14,131.19,-8.16,-22.09,-32.81,-68.16,-59.26,0.875856,6,,,,,,,-8.16,-13.06,-9.9,-28.55,9.43,0.953608,7
21-10-2025,NSE:SYMPHONY,EQ,6578.72,43606,2.03,2.02,3,926.7,1.19,5.48,2.75,3.52,-2.97,-24.82,-31.13,-34.69,-96.65,0.06,-1,-1,-1,EEP,EEP,EEP,-1,-1,-1,-1,-1,-1.19,-20.36,-29.86,-48.06,-49.67,-1.19,-19.55,-19.05,-34.01,-32.21,-1.03,5.84,5.84,5.84,12.63,5.84,2.47,8.91,14.41,51.71,121.5,-4.12,-26.42,-38.18,-43.3,-97.01,0.875067,6,,,,,,,-4.12,-21.68,-10.59,-4.4,-36.98,0.942058,3
21-10-2025,NSE:MEDICAMEQ,EQ,454.35,21356,4.51,4.41,3,326.75,1.82,5.74,9.12,8.03,-2.22,-23.05,-43.67,-45.02,-62.63,-48.6,-1,-1,-1,HVQ,HVQ,HV2Y,-1,-1,-1,-1,-1,-1.94,-17.99,-28.73,-45.95,-45.95,-1.94,-20.78,-27.16,-22.35,-21.62,-9.25,10.63,10.63,10.63,10.63,10.63,0.18,4.69,21.67,28.29,43.87,-3.37,-24.65,-50.72,-53.63,-62.99,0.874931,6,,,,,,,-3.37,-20.83,-22.29,-2.62,-3.13,0.952307,6
21-10-2025,NSE:GANECOS,EQ,3240.67,48057,2.91,2.88,3,1238.4,1.22,0.63,1.5,6.23,-3.17,-22.05,-30.99,-41.67,-92.07,15.51,-1,-1,-1,-1,HV2Y,HV2Y,-1,-1,-1,-1,-1,-1.67,-18.77,-24.65,-48.38,-48.38,-1.67,-18.28,-15.82,-32.38,-26.87,0,6.65,6.65,6.65,36.28,6.65,0,17.04,25.62,93.06,161.74,-4.32,-23.65,-38.04,-50.28,-92.43,0.87489,6,,,,,,,-4.32,-18.77,-12.85,-9.83,-26.55,0.942275,3
21-10-2025,NSE:HAPPSTMNDS,EQ,8827.37,355094,2.33,2.32,5,500.5,0.77,2.18,0.44,-6.05,-16.08,-23.69,-16.98,-44.32,-60,-65.8,-1,-1,-1,HV2Y,HVQ,EEP,-1,-1,-1,-1,-1,-11.29,-19.63,-25.13,-37.62,-45.44,-11.29,-11.42,-14.2,-29.32,-21.26,-12.71,2.23,2.23,2.23,2.23,2.23,3.48,13.97,7.8,3.23,7.58,-17.23,-25.29,-24.03,-52.93,-60.36,0.874749,5,,,,,,,-17.23,-7.01,-0.11,-25.04,-1.85,0.953759,7
21-10-2025,NSE:KNRCON,EQ,5745.62,2397676,2.24,2.23,5,190.85,0.79,2.67,-2.15,-3.26,-6.93,-17.32,-22.76,-67.91,-69.71,-37.23,-1,-1,HV2Q,HV2Q,EEP,EEP,-1,-1,-1,-1,-1,-8.99,-15.52,-21.21,-45.1,-53.41,-8.99,-11.53,-30.02,-42.8,-21.77,-20.92,2.75,2.75,2.75,2.75,2.75,6.92,8.57,13.61,34.42,35.86,-8.08,-18.92,-29.81,-76.52,-70.07,0.874732,5,,,,,,,-8.08,-10.17,-10.17,-38.46,7.94,0.950307,5
21-10-2025,NSE:ASAHISONG,EQ,334.7,14250,4.22,4.22,3,282.3,2.02,7.4,-2.69,1.58,-0.37,-54.3,-31.92,-19.91,-63.04,-8.08,-1,-1,-1,HV2Q,HV2Y,HV2Y,-1,-1,-1,-1,-1,-5.84,-35.84,-39.86,-39.86,-50.69,-5.84,-35.95,-7.2,-34.95,-40.87,-19.61,8,8,8,8,8,1.11,62.87,39.24,11.17,51.15,-1.52,-55.9,-38.97,-28.52,-63.4,0.874557,5,,,,,,,-1.52,-54.19,8.98,7.42,-26.95,0.957283,10
21-10-2025,NSE:ABREL,EQ,21132.82,159168,3.32,3.28,3,1643.2,0.69,1.7,1.74,-1.58,-14.82,-30.83,-17.16,-25.72,-78,16.31,-1,-1,-1,HVQ,EEP,EEP,-1,-1,-1,-1,-1,-13.23,-23.1,-34.33,-46.17,-46.17,-13.23,-22.54,-14.08,-36.94,-32.33,0,4.75,4.75,4.75,22.21,4.75,7.98,25.43,12.32,53.65,117.54,-15.97,-32.43,-24.21,-34.33,-78.36,0.874536,5,,,,,,,-15.97,-14.4,4.92,-8.99,-32.56,0.948476,5
21-10-2025,NSE:JITFINFRA,BE,951.04,140393,4.56,4.97,3,340.05,-0.16,-10.37,-1.99,-3.41,-8.72,-7.29,-11.98,-73.71,-146.36,-66.27,-1,-1,HVQ,HVQ,HVQ,HVQ,-1,-1,-1,-1,-1,-9.39,-23.96,-26.08,-64.19,-71.59,-9.39,-17.33,-41.52,-68.19,-50.65,-30.01,33.51,33.51,33.51,33.51,2.95,45.15,5.75,10.38,32.65,88.13,-9.87,-8.89,-19.03,-82.32,-146.72,0.874144,5,,,,,,,-9.87,0.85,-9.9,-56.8,-32.8,0.932486,2
21-10-2025,NSE:SAKHTISUG,EQ,267.41,140834,4,3.92,5,20.63,0.93,2.33,-4.56,-1.11,-9.4,-23.32,-16.97,-45.18,-89.19,-84.92,-1,-1,HVQ,-1,-1,HV2Y,-1,-1,-1,-1,-1,-7.41,-17.74,-26.4,-46.19,-51.78,-7.41,-14.99,-17.51,-43.6,-32.47,-12,3.36,3.36,3.36,3.36,3.36,6.92,26.25,19.75,13.79,32.08,-10.55,-24.92,-24.02,-53.79,-89.55,0.87406,5,,,,,,,-10.55,-13.18,-0.38,-25.8,-21.3,0.94315,3
21-10-2025,NSE:DCXINDIA,EQ,3107.68,981507,3.12,3.1,5,230.81,1.92,-0.27,-6.89,-2.81,-21.01,-21.85,-17.38,-58.18,-37.58,-41.16,-1,-1,HVY,EEP,EEP,EEP,-1,-1,-1,-1,-1,-15.39,-17.36,-33.74,-39.83,-48.03,-15.39,-5.93,-23.69,-31.33,-17.79,-28.5,1.92,1.92,6.31,6.31,1.92,14.26,29.54,24.78,47.96,28.69,-22.16,-23.45,-24.43,-66.79,-37.94,0.873973,5,,,,,,,-22.16,-1.16,-1.86,-36.44,22.04,0.967066,19
21-10-2025,NSE:ASTEC,EQ,1838.24,108382,3.85,3.81,4,699.5,-1.00,-5.32,-13.26,-16.14,-17.93,-30.54,-8.59,-46.74,-55.32,-23.25,-1,-1,HV2Y,HV2Y,EEP,EEP,-1,-1,-1,-1,-1,-17.73,-23.32,-27.5,-43.44,-51.69,-17.73,-14.49,-9.86,-41.29,-29.11,-24.96,0,9.93,9.93,9.93,0,8.69,43.51,17.01,24.9,32.21,-19.08,-32.14,-15.64,-55.35,-55.68,0.873956,5,,,,,,,-19.08,-11.15,11.28,-36.8,3.17,0.957376,10
21-10-2025,NSE:BESTAGRO,EQ,857.12,53515,3.33,3.26,5,333.95,0.26,-0.51,-6.08,-9.24,-8.61,-41.85,1.59,-65.8,-67.9,-176.1,-1,-1,EEP,EEP,HV2Y,HV2Y,-1,-1,-1,-1,-1,-11.17,-34.82,-34.82,-49.1,-71.51,-11.17,-29.21,-16.25,-52.31,-52.77,-52.17,0.57,7.71,34.06,34.06,0.57,16.98,90.16,31.93,10.24,11.64,-9.76,-43.45,-5.46,-74.41,-68.26,0.873299,5,,,,,,,-9.76,-31.06,25.09,-70.16,7.76,0.960574,12
21-10-2025,NSE:LIBERTSHOE,EQ,641.39,29359,4.02,3.97,6,325.55,-0.11,-0.69,-0.94,-1.24,-14.85,-15.79,-30.84,-44.51,-66.59,1.43,-1,-1,-1,HV2Q,HVQ,HVQ,-1,-1,-1,-1,-1,-10.17,-14.15,-29.76,-42.83,-42.83,-10.17,-8.78,-21.19,-25.2,-17.39,0,9.63,9.63,14.55,31.67,0.06,25.91,32.64,49.88,90.27,119.35,-16,-17.39,-37.89,-53.12,-66.95,0.872972,5,,,,,,,-16,-1.28,-18.53,-12.13,-6.26,0.952215,6
21-10-2025,NSE:HLVLTD,EQ,806.93,355104,3.65,3.52,5,11.11,0.82,-0.27,-2.88,-3.06,-9.72,-18.9,-19.53,-55.72,-83.89,-219.08,-1,-1,-1,HVQ,HV2Y,HV2Y,-1,-1,-1,-1,-1,-7.18,-16.09,-25.13,-44.03,-70.45,-7.18,-11.54,-26.69,-41.73,-56.09,-48.15,0.82,0.82,0.82,0.82,0.82,6.65,13.88,11.13,15.8,36.75,-10.87,-20.5,-26.58,-64.33,-84.25,0.87297,5,,,,,,,-10.87,-8.83,-6.06,-31.95,-9.07,0.944683,4
21-10-2025,NSE:APOLLOPIPE,EQ,1783.51,73437,3.73,3.67,6,333.95,0.78,0.7,-2.96,-0.19,-20.92,-26.82,-18.52,-28.67,-65.8,-122.59,-1,-1,-1,EEP,EEP,EEP,-1,-1,-1,-1,-1,-15.74,-21.93,-31.72,-39.2,-56.46,-15.74,-8.44,-13.41,-39.78,-44.88,-28.98,0.78,0.78,3.5,3.5,0.78,7.57,31.26,22.67,1.78,2.51,-22.07,-28.42,-25.57,-37.28,-66.16,0.872749,5,,,,,,,-22.07,-5.34,1.01,-10.24,-19.84,0.952661,7
21-10-2025,NSE:ISGEC,EQ,7264.72,47233,3.45,3.43,4,893,0.03,1.17,1.05,1.98,-10.32,-29.53,-27.13,-37.91,-60.18,-17.84,-1,-1,-1,-1,-1,EEP,-1,-1,-1,-1,-1,-6.69,-22.19,-29.82,-44.55,-44.55,-6.69,-20.43,-9.09,-29.5,-23.53,-8.46,2.56,2.56,2.56,8.51,2.56,0.6,26.43,24.09,49.64,73.82,-11.47,-31.13,-34.18,-46.52,-60.54,0.872642,5,,,,,,,-11.47,-17.87,-3.68,-10.15,-7.14,0.951828,6
21-10-2025,NSE:SAKUMA,EQ,406.04,1202090,2.34,2.32,6,2.39,0.42,-0.84,-1.67,-3.77,-7.95,-18.41,-25.94,-54.39,-84.52,-122.58,-1,-1,-1,-1,-1,HVQ,-1,-1,-1,-1,-1,-7.36,-19.26,-37.27,-45.93,-75.49,-7.36,-15.69,-27.62,-69.13,-62.15,-54.77,1.27,1.27,1.7,1.7,1.27,3.2,20.43,28.09,6.65,1.3,-9.1,-20.01,-32.99,-63,-84.88,0.871912,5,,,,,,,-9.1,-10.15,-11.89,-24.27,-10.49,0.943846,3
21-10-2025,NSE:SHALPAINTS,EQ,709.87,250797,4.11,4.07,4,81.66,1.05,2.66,-1.32,-2.11,-5.14,-17.82,-38.72,-64.28,-60.32,-139.16,-1,-1,HV2Y,-1,-1,HV2Y,-1,-1,-1,-1,-1,-5.27,-14.72,-29.4,-41.34,-58.99,-5.27,-12.85,-30.89,-25.31,-34.83,-36.4,16.26,16.26,16.26,16.26,7.19,22.24,2.45,20.63,35.92,1.23,-6.29,-19.42,-45.77,-72.89,-60.68,0.871858,5,,,,,,,-6.29,-12.51,-23.27,-20.1,11.43,0.953164,7
21-10-2025,NSE:RKFORGE,EQ,10263.53,462704,3.04,3.08,4,551.7,1.37,-1.05,0.48,5.77,-2.74,-15.87,-25.68,-79.52,-88.42,-28.31,-1,-1,-1,HV2Y,-1,EEP,-1,-1,-1,-1,-1,-2.15,-12.44,-19.69,-46.47,-47.35,-2.15,-17.04,-35.07,-33.83,-5.49,-0.8,6.13,6.13,6.13,6.13,6.13,1.11,12.89,9.66,60.06,68,-3.89,-17.47,-32.73,-88.13,-88.78,0.87148,5,,,,,,,-3.89,-13.24,-14,-44.51,4.06,0.943584,3
21-10-2025,NSE:MMFL,EQ,1616.95,52658,3.34,3.24,5,300.75,0.27,-0.7,-0.88,-1.7,-10.59,-24.87,-17.64,-47.2,-84.57,-44.12,-1,-1,-1,-1,-1,HV2Y,-1,-1,-1,-1,-1,-8.77,-17.65,-22.65,-46.88,-56.69,-8.77,-13.4,-19.43,-45.1,-36.25,-20.07,0.84,0.84,0.84,0.84,0.6,11.52,17.49,10.68,5.04,29.41,-11.74,-26.47,-24.69,-55.81,-84.93,0.871357,5,,,,,,,-11.74,-13.37,0.26,-26.81,-16.37,0.944051,3
21-10-2025,NSE:NDTV,EQ,836.19,197880,3.68,3.84,5,94.99,0.06,0.14,-19.79,-23.27,-36.54,-24.49,-9.09,-35.26,-47.87,-105.25,-1,-1,HVQ,HVQ,HVQ,HV2Y,-1,-1,-1,-1,-1,-27.38,-27.89,-29.65,-35.58,-56.86,-27.38,-1.54,-12.42,-41.15,-41.64,-36.21,0.37,2.51,7.05,7.05,0.37,30.18,33.27,16.78,16.06,2.61,-37.69,-26.09,-16.14,-43.87,-48.23,0.871342,5,,,,,,,-37.69,8.36,6.84,-25.67,-0.3,0.965319,17
21-10-2025,BSE:HINDMOTORS,BE,473.24,206572,3.75,3.75,3,19.05,-1.70,-1.42,-4.04,-7.51,-19.74,-21.57,-47.14,-35.85,-33.54,-7.51,-1,-1,-1,HV2Q,HV2Q,HV2Y,-1,-1,-1,-1,-1,-12.09,-24.4,-43.99,-43.99,-59.43,-12.09,-22.15,-31.9,-24.02,-44.89,-45.83,0,0,0,21.8,0,3.4,8.83,31.72,65.47,62.66,-20.89,-23.17,-54.19,-44.46,-33.9,0.871022,5,,,,,,,-20.89,-1.99,-26.56,5.99,10.72,0.968505,20
21-10-2025,NSE:RELINFRA,BE,10624.41,1249423,4.36,4.25,5,226.07,0.74,0.3,-3.99,-9.55,-14.12,-69.84,-17.91,-23.55,-28.92,10.54,-1,-1,-1,HVQ,HVQ,HV2Y,-1,-1,-1,-1,-1,-14.8,-40.31,-45.84,-45.84,-45.84,-14.8,-38.19,-8.01,-20.91,-17.13,-13.53,1.05,1.05,9.8,50.76,1.05,4.03,86.48,52.17,86.26,94.36,-15.27,-71.44,-24.96,-32.16,-29.28,0.87013,5,,,,,,,-15.27,-49.28,25.05,-6.46,4.67,0.972569,25
21-10-2025,NSE:UDS,EQ,1738.11,189491,3.57,3.51,3,233.76,1.50,-2.2,-8.42,-6.43,-11.01,-22.8,-31.72,-48.93,-60.4,-48.25,-1,-1,-1,EEP,HV2Y,HV2Y,-1,-1,-1,-1,-1,-9.69,-20.18,-31.49,-45.98,-45.98,-9.69,-11.97,-20.9,-28.85,-19.55,-5.77,5.49,5.49,5.49,5.49,5.49,7.77,6.24,13.95,31.3,41.41,-12.16,-24.4,-38.77,-57.54,-60.76,0.870124,4,,,,,,,-12.16,-11.08,-12.79,-14.75,1.32,0.951878,6
21-10-2025,NSE:HIMATSEIDE,EQ,1656.03,567297,3.33,3.3,6,117.88,1.35,2.43,1.71,-0.6,-11.67,-34.12,-30.03,-50.42,-35.71,-28.14,-1,-1,HVQ,EEP,EEP,EEP,-1,-1,-1,-1,-1,-8.73,-25.97,-28.11,-48.14,-48.14,-8.73,-17.87,-14.05,-32.57,-22,-6.91,3.75,3.75,4.53,4.53,3.75,13.37,40.2,35.92,50.45,35.75,-12.82,-35.72,-37.08,-59.03,-36.07,0.86966,4,,,,,,,-12.82,-20.56,-2.48,-17.36,18.79,0.962681,14
21-10-2025,NSE:AVG,EQ,365.15,26684,4.92,5.06,2,221.5,0.50,-2.08,0.51,0.63,-9.45,-29.16,-7.52,-40.2,-141.49,-92.57,HVY,HVY,-1,-1,-1,HV2Y,-1,-1,-1,-1,-1,-8.49,-22.01,-32.01,-58.11,-65.08,-8.49,-20.31,-14.28,-55.48,-51.04,-15.66,3.89,3.89,6.85,6.85,0.64,13.7,38.01,14.88,4.99,30.53,-10.6,-30.76,-14.57,-48.81,-141.85,0.869631,4,,,,,,,-10.6,-18.47,11.23,-32.08,-63.22,0.933611,2
21-10-2025,NSE:FIVESTAR,EQ,15864.51,1019215,2.74,2.74,6,535.95,0.81,3.93,0.63,3.76,-0.35,-36.79,-57.4,-25.84,-68,-39.16,-1,-1,-1,EEP,EEP,-1,-1,-1,-1,-1,-1,-0.12,-26.46,-35.26,-40.3,-40.48,-0.12,-31.06,-13.1,-6.31,-25.09,0,5.04,5.04,5.04,5.04,5.04,2.12,12.88,33.64,10.58,47.63,-1.5,-38.39,-64.45,-34.45,-68.36,0.869519,4,,,,,,,-1.5,-36.77,-20.6,18.37,-24.48,0.955599,8
21-10-2025,NSE:FOODSIN,BE,679.38,62486,3.51,3.44,5,80.71,0.45,-2.99,-4.21,-9.27,-13.77,-42.44,-10.04,-46.51,-57.19,-72.53,-1,-1,HV2Y,EEP,HVQ,EEP,-1,-1,-1,-1,-1,-11.54,-29.03,-35.22,-40.12,-53.61,-11.54,-26.3,-7.73,-45.2,-32.04,-27.09,0.45,0.45,4.05,4.05,0.45,5.01,48.2,14.49,22.74,2.23,-14.92,-44.04,-17.09,-55.12,-57.55,0.868409,4,,,,,,,-14.92,-25.66,17.22,-34.83,1.73,0.956264,9
21-10-2025,NSE:NAGAFERT,EQ,321.16,489953,3.31,3.28,5,4.97,1.43,0.8,-1.21,-2.21,-8.25,-28.17,1.41,-77.06,-127.57,-165.59,-1,-1,-1,HVQ,HVQ,HVQ,-1,-1,-1,-1,-1,-7.28,-22.34,-22.46,-54.86,-65.07,-7.28,-15.94,-30.46,-59.23,-42.3,-25.84,2.26,17.22,17.49,17.49,2.26,4.26,50.59,15.84,5.52,26.37,-9.4,-29.77,-5.64,-85.67,-127.93,0.867956,4,,,,,,,-9.4,-18.86,17.55,-81.27,-19.5,0.93958,2
21-10-2025,NSE:ECOSMOBLTY,EQ,1727.7,108699,4.67,4.58,4,221.35,1.83,0.76,-3.36,-10.55,-29.84,-58.14,8.02,-14.16,-103.79,NA,-1,-1,-1,EEP,EEP,-1,-1,-1,-1,-1,-1,-22.51,-37.35,-37.35,-50.3,NA,-22.51,-18.65,0,-65.48,-57.16,NA,3.83,18.03,25.65,NA,3.83,6.9,98.71,15.57,6.83,NA,-30.99,-59.74,0.97,-22.77,-104.15,0.867728,4,,,,,,,-30.99,-22.26,36.31,-25.8,-69.49,0.959514,11
21-10-2025,NSE:SPENCERS,EQ,513.75,108494,3.55,3.5,5,52.74,2.13,-1.73,-11.05,-4.44,-7.85,-15.62,-30.07,-62.91,-93.16,-117.48,-1,-1,-1,-1,EEP,EEP,-1,-1,-1,-1,-1,-10.75,-14.3,-24.12,-47.38,-58.01,-10.75,-11.84,-28.86,-38.39,-36.87,-25.15,2.13,2.13,2.13,2.13,2.13,5.04,9.36,23.03,12.02,32.82,-9,-17.22,-37.12,-71.52,-93.52,0.867655,4,,,,,,,-9,-7.67,-18.03,-26.93,-9.54,0.941099,3
21-10-2025,NSE:MOTISONS,EQ,1900.01,1894309,3.54,3.51,5,16.9,-0.24,-2.49,-5.33,-4.67,-13.55,-30,-12.6,-50.65,-79.76,-6.27,-1,-1,-1,HV2Q,HV2Y,HV2Y,-1,-1,-1,-1,-1,-11.61,-25.06,-27.72,-47.6,-47.6,-11.61,-17.92,-14.18,-40.99,-21.05,-4.18,0,5.69,5.69,28.66,0,5.44,37.4,34.31,93.83,131.29,-14.7,-31.6,-19.65,-59.26,-80.12,0.867583,4,,,,,,,-14.7,-14.95,7.85,-35.47,-10.3,0.94623,4
21-10-2025,NSE:SENCO,EQ,6073.95,751009,2.95,2.96,6,326.35,0.32,3.2,-6.53,-4.55,-14.37,-11.63,-21.19,-60.31,-111.9,-18.28,-1,-1,EEP,-1,-1,EEP,-1,-1,-1,-1,-1,-11.27,-16.22,-16.22,-52.74,-55.83,-11.27,-4.18,-31.7,-46.47,-29.19,-6.4,6.16,6.16,37.29,37.29,3.59,21.42,53.26,66.39,46.86,94.12,-15.52,-13.23,-28.24,-68.92,-112.26,0.86729,4,,,,,,,-15.52,1.94,-14.09,-33.96,-23.16,0.938556,2
21-10-2025,NSE:MUFTI,EQ,773.92,222248,2.87,2.93,6,113.46,0.51,0.41,1.73,6.92,-3.79,-51.7,-17.58,-41.67,-68.8,-115.71,-1,-1,-1,HVQ,HVQ,HV2Y,-1,-1,-1,-1,-1,-2.43,-32.51,-37.59,-44.42,-53.9,-2.43,-32.77,-5.33,-40.82,-41.02,-29.73,7.43,7.43,7.43,7.43,7.43,2.69,45.35,12.66,6.56,26.96,-4.94,-53.3,-24.63,-50.28,-69.16,0.867286,4,,,,,,,-4.94,-46.62,16.96,-22.17,-10.13,0.952091,6
21-10-2025,NSE:AFFORDABLE,EQ,285.66,132399,6.14,6.32,0,274.12,1.47,-3.61,7.25,17.23,6.77,-66.08,-45.89,-126.94,NA,NA,HV2Y,HV2Y,-1,HVQ,HVQ,-1,7.66,-1,-1,-1,-1,-3.49,-37.12,-47.6,NA,NA,-3.49,-51.15,-25.41,-45.65,NA,NA,20.81,20.81,NA,NA,20.81,6.41,24.23,5.04,NA,NA,5.62,-67.68,-52.94,-135.55,0,0.866736,4,,,,,,,5.62,-78.61,6.63,-57.24,109.02,0.932831,2
21-10-2025,NSE:PREMIERPOL,EQ,502.76,78815,4.2,4.11,4,44.03,1.76,4.52,-3.02,-6.45,-8.45,-21.58,-44.54,-61.19,-50.89,32.32,-1,-1,-1,-1,HV2Y,HV2Y,-1,-1,-1,-1,-1,-7.71,-17.08,-30.01,-48.3,-48.3,-7.71,-12.61,-26.6,-25.27,-16.66,-6.82,4.73,4.73,4.73,43.14,4.73,4.58,6.29,56.71,138.15,122.94,-9.6,-23.18,-51.59,-69.8,-51.25,0.866464,4,,,,,,,-9.6,-12.56,-24.42,-13.2,15.41,0.95661,9
21-10-2025,NSE:JINDALSAW,EQ,13605.54,1917292,3.04,3.07,3,191.04,2.38,-4.29,-5.85,-6.25,-11.22,-19.74,-41.83,-35.21,-91.79,-29.57,-1,-1,-1,HV2Q,-1,-1,-1,-1,-1,-1,-1,-12.09,-16.53,-29.15,-47.85,-48.9,-12.09,-12.89,-19.26,-27.53,-30.91,-2,2.38,2.38,2.38,2.38,2.38,7.7,13.43,19.86,32.11,87.39,-12.37,-21.34,-48.88,-43.82,-92.15,0.866153,4,,,,,,,-12.37,-8.12,-23.97,2.99,-32.83,0.944718,4
21-10-2025,NSE:MUKKA,EQ,843,352501,2.97,2.94,3,24.83,-0.20,-3.22,-7.49,-6.04,-12.61,-19.65,-35.36,-51.19,-69.59,NA,-1,-1,-1,-1,-1,HVQ,-1,-1,-1,-1,-1,-9.87,-16.06,-25.73,-45.83,NA,-9.87,-7.05,-21.71,-37.69,-30.76,NA,0.04,0.04,0.04,NA,0.04,8.5,0.34,8.74,20.71,NA,-13.76,-21.25,-42.41,-59.8,-69.95,0.86608,4,,,,,,,-13.76,-6.72,-18.66,-13.37,-3.15,0.948875,5
21-10-2025,NSE:VIKASECO,EQ,373.2,3096699,2.51,2.51,6,1.95,1.04,2.56,-2.05,-2.05,-7.18,-22.56,-30.26,-60.51,-79.49,-138.46,-1,-1,-1,HV2Q,HVQ,HVQ,-1,-1,-1,-1,-1,-5.8,-17.37,-26.69,-44.92,-60.61,-5.8,-17.39,-23.4,-36.97,-40.94,-33.96,2.63,2.63,2.63,2.63,2.63,1.95,10.14,14.93,6.1,2.34,-8.33,-24.16,-37.31,-69.12,-79.85,0.865955,4,,,,,,,-8.33,-14.81,-11.81,-24.91,-2.8,0.944042,3
21-10-2025,NSE:5PAISA,EQ,1149.09,208976,3.81,3.67,1,315.75,1.06,-0.13,-11.54,-9.28,-16.1,-25.43,-24.85,-36.37,-85.72,-79.41,-1,-1,-1,EEP,EEP,EEP,-1,-1,-1,-1,-1,-13.06,-20.12,-25.77,-44.67,-46.69,-13.06,-13.44,-7.17,-32.97,-31.02,-6.06,1.06,1.06,1.06,1.06,1.06,2.99,25.41,24.83,3.41,26.42,-17.25,-27.03,-31.9,-44.98,-86.08,0.86582,4,,,,,,,-17.25,-8.49,-5.06,-10.91,-27.16,0.944149,4
21-10-2025,NSE:QUESS,EQ,4002.93,278161,3.28,3.22,3,238.75,0.42,1.93,-4.08,-8.48,-12,-29.84,-51.77,-32.27,-49.77,1.98,-1,-1,-1,-1,EEP,EEP,-1,-1,-1,-1,-1,-9.24,-23.76,-36.03,-36.03,-43.41,-9.24,-15.94,-16.95,-14.11,-25.15,-15.24,1.99,1.99,1.99,2.19,1.99,1.98,8.88,27.27,35.17,53.06,-13.15,-31.44,-58.82,-40.88,-50.13,0.865631,4,,,,,,,-13.15,-16.39,-22.42,11.17,-4.21,0.958583,11
21-10-2025,NSE:WALCHANNAG,EQ,1417.57,167752,5.12,5.07,4,172.03,0.72,-2.73,-13.71,-8.27,-21.29,-23.08,-14.96,-47.04,-86.16,-19.86,-1,-1,2,HVQ,HVQ,HVQ,-1,-1,-1,-1,-1,-17.74,-21.13,-35.28,-46.32,-58.93,-17.74,-10.25,-24.27,-52.79,-39.61,-23.55,4.79,4.79,17.67,17.67,4.79,19.73,44.82,35.27,36.58,72.92,-22.44,-24.68,-22.01,-55.65,-86.52,0.864426,4,,,,,,,-22.44,-1.93,1.07,-29.59,-17.59,0.945265,4
21-10-2025,NSE:AEROENTER,EQ,972.53,173741,4.53,4.37,1,77.03,-0.89,-10.46,-15.12,-8.68,-11.54,-41.02,-12.09,-39.65,-92.04,-41.24,-1,-1,-1,HVQ,HV2Y,HV2Y,-1,-1,-1,-1,-1,-16.9,-29.03,-31.7,-46.78,-47.93,-16.9,-23.82,-7.2,-41.63,-27.28,0,0,0,0,0,0,1.54,40.51,9.11,26.93,74.55,-12.69,-42.62,-19.14,-48.26,-92.4,0.864378,3,,,,,,,-12.69,-26.89,14.99,-26.27,-28.5,0.943489,3
21-10-2025,NSE:IONEXCHANG,EQ,6204,165687,2.72,2.7,3,406.4,1.27,4.16,1.69,0.34,-4.47,-34.57,-30.79,-59.82,-64.14,-19.49,-1,-1,-1,-1,-1,EEP,-1,-1,-1,-1,-1,-5.36,-24.86,-28.49,-44.26,-44.49,-5.36,-25.24,-15.82,-27.4,-11.29,-8.89,4.34,4.34,4.34,4.34,4.34,3.51,20.29,16.91,47.53,51.52,-5.62,-36.17,-37.84,-68.43,-64.5,0.863793,3,,,,,,,-5.62,-29.28,-2.72,-23.87,6.32,0.949038,5
21-10-2025,NSE:ZEEMEDIA,EQ,782.41,2488796,4.6,4.5,3,11.36,1.79,3.61,0.7,0.35,-10.21,-23.68,-21.48,-62.68,-93.84,-34.24,-1,-1,HV2Q,HVQ,HV2Y,HV2Y,-1,-1,-1,-1,-1,-8.68,-18.97,-28.15,-48.13,-54.74,-8.68,-20.81,-24.26,-45.02,-26.37,-12.27,15.1,15.1,15.1,15.1,15.1,2.2,16.69,14.62,77.69,111.73,-11.36,-25.28,-28.53,-71.29,-94.2,0.862919,3,,,,,,,-11.36,-12.68,-3.75,-35.59,-10.14,0.939881,2
21-10-2025,NSE:AIRAN,EQ,335.05,113200,3.58,3.56,5,22.8,-0.57,-3.29,-6.84,-9.39,-17.68,-26.58,-26.18,-46.71,-67.68,-30.7,-1,-1,-1,HVQ,HV2Y,HV2Y,-1,-1,-1,-1,-1,-12.71,-21.03,-28.79,-39.68,-48.59,-12.71,-16.21,-14.82,-35.13,-24.58,-13.8,0,0,0,3.87,0,7.41,19.65,19.28,52.39,74.17,-18.83,-28.18,-33.23,-55.32,-68.04,0.86262,3,,,,,,,-18.83,-8.03,-5.22,-17.95,-5.27,0.94877,5
21-10-2025,NSE:SUYOG,EQ,897.41,30225,4.85,4.8,4,791.05,0.02,1.43,0.47,1.06,-2.08,-15.89,-23.76,-107.09,-115.23,NA,-1,-1,-1,HV2Y,HV2Y,HV2Y,-1,-1,-1,-1,-1,-9.04,-11.82,-20,-58.77,NA,-9.04,-11.92,-45.48,-48.98,-14.62,NA,5.49,5.49,5.49,NA,3.25,7.69,14.96,22.66,11.39,NA,-3.23,-17.49,-30.81,-115.7,-115.59,0.862053,3,,,,,,,-3.23,-13.99,-12.32,-69.01,5.09,0.936661,2
21-10-2025,NSE:UNICHEMLAB,EQ,3557.25,23680,3.23,3.21,6,464.45,-0.33,-1.33,-2.5,-1.63,-8.29,-34.44,-36.76,-51.45,-56.55,-8.57,-1,-1,-1,-1,HV2Q,HV2Y,-1,-1,-1,-1,-1,-6.11,-27.54,-28.28,-48.37,-48.37,-6.11,-22.08,-15.71,-29.39,-21.81,-2.57,0.66,0.66,0.66,0.66,0.66,3.81,13.07,22.1,51.27,56.37,-9.44,-36.04,-43.81,-60.06,-56.91,0.862013,3,,,,,,,-9.44,-24.61,-7.26,-12.42,5.65,0.951379,6
21-10-2025,NSE:SCPL,EQ,275.28,17328,4,3.96,5,231.23,0.95,0.23,-2.84,-1.21,-12.96,-29.87,-45.22,-40.4,-55.73,-39.06,-1,-1,HVQ,HV2Q,HV2Q,HV2Y,-1,-1,-1,-1,-1,-7.89,-23.38,-34.77,-37.68,-62.12,-7.89,-16.46,-15.29,-26.6,-46.81,-41.01,1.51,1.51,1.51,1.51,1.51,9.84,13.02,26.38,6.49,11.99,-14.11,-31.47,-52.27,-49.01,-56.09,0.861592,3,,,,,,,-14.11,-15.43,-17.35,1.64,-1.9,0.953426,7
21-10-2025,NSE:CELLECOR,SM,703.1,330120,4.81,4.78,3,32.45,2.37,-0.15,3.39,7.55,0.46,-9.55,-51.46,-108.78,-100.31,8.49,-1,-1,-1,-1,HVQ,HV2Y,-1,-1,-1,-1,-1,-6.62,-10.36,-34.9,-58.21,-58.21,-6.62,-19.95,-47.1,-36.7,-12.75,-4.97,9.26,9.26,9.26,100.49,8.17,8.75,2.6,79.45,318.6,301.61,-0.69,-11.15,-58.51,-117.39,-100.67,0.860765,3,,,,,,,-0.69,-10.52,-43.79,-39.52,13.08,0.941793,3
21-10-2025,NSE:FCSSOFT,EQ,413.71,1977346,2.54,2.51,6,2.11,0.96,-1.42,-3.79,-7.58,-14.69,-28.91,-31.75,-50.71,-62.09,-172.51,-1,-1,-1,HVQ,HVQ,HV2Y,-1,-1,-1,-1,-1,-11.72,-22.14,-26.99,-43.58,-62.98,-11.72,-16.26,-17.07,-29.08,-49.92,-46.14,0.96,0.96,0.96,0.96,0.96,1.68,14.77,17.3,6,1.79,-15.84,-30.51,-38.8,-59.32,-62.45,0.860662,3,,,,,,,-15.84,-12.86,-7.74,-16.07,1.47,0.949724,5
21-10-2025,NSE:PPL,EQ,767.54,81370,2.83,2.82,5,303.8,5.10,4.67,0.94,-0.92,-5,-29.58,-41.23,-47.35,-94.47,-36.88,-1,-1,-1,-1,HV2Y,HV2Y,-1,-1,-1,-1,-1,-2.95,-21.97,-35.33,-47.48,-53.16,-2.95,-21.12,-16.21,-33.84,-30.98,-8.9,5.1,5.1,5.1,5.1,5.1,1.8,3,12.26,34.57,77.6,-6.15,-31.18,-48.28,-55.96,-94.83,0.859407,3,,,,,,,-6.15,-23.86,-14.52,-6.02,-22.96,0.93902,2
21-10-2025,NSE:SEPC,EQ,2526.09,6872570,2.88,2.86,6,11.37,0.00,-0.18,-4.05,-4.4,-14.86,-14.78,-29.67,-56.37,-142.59,-86.64,-1,-1,HV2Q,HVQ,HV2Y,HVQ,-1,-1,-1,-1,-1,-13.34,-13.34,-24.95,-57.37,-62.99,-13.34,-7.51,-28.16,-52.01,-42.13,-10.22,2.62,2.62,2.62,2.62,0.44,17.87,9.52,23.73,24.2,92.69,-16.01,-16.38,-36.72,-64.98,-142.95,0.856136,3,,,,,,,-16.01,-0.38,-18.51,-22.27,-46.12,0.930003,1
21-10-2025,NSE:JNKINDIA,EQ,1675.26,77701,4.62,4.64,1,296.6,1.14,2.61,-5.34,6.42,-0.51,-15.51,-34.73,-104.64,-136.51,NA,-1,-1,-1,HVQ,HVQ,-1,-1,-1,-1,-1,-1,-5.25,-12.13,-25.51,-57.08,NA,-5.25,-16.69,-42.54,-48.44,-31.24,NA,7.29,7.29,7.29,NA,7.29,3.47,23.7,44.29,5.81,NA,-1.66,-17.11,-41.78,-113.25,-136.87,0.856055,3,,,,,,,-1.66,-15.39,-22.17,-53.57,-6.56,0.928386,1
21-10-2025,NSE:SURAJEST,EQ,1428.42,202719,2.64,2.63,5,275.8,2.60,1,-0.96,-0.82,-8.3,-16.61,-13.6,-89.29,-188.23,-20.18,-1,-1,-1,HV2Q,HV2Q,EEP,-1,-1,-1,-1,-1,-6.71,-17.24,-28.57,-65.55,-66.28,-6.71,-19.15,-38,-61.69,-36.17,-2.8,2.6,2.6,2.6,5.75,2.6,6.55,17.07,10.69,100.17,204.81,-9.45,-18.21,-20.65,-97.9,-188.59,0.855942,3,,,,,,,-9.45,-8.13,-2.95,-68.31,-43.25,0.920851,1
21-10-2025,NSE:BASML,EQ,221.62,138869,3.43,3.38,5,26.01,0.81,0.92,0.58,0.31,-6.04,-25.41,-28.19,-79.51,-103.78,-73.96,-1,-1,-1,HV2Q,HVQ,HVQ,-1,-1,-1,-1,-1,-4.23,-19,-29.34,-55.39,-60.09,-4.23,-22.75,-30.56,-48.84,-28.36,-18.67,1.4,1.4,1.4,1.4,1.4,0,18.65,21.28,28.99,46.43,-7.19,-27.01,-35.24,-88.12,-104.14,0.855422,3,,,,,,,-7.19,-18.73,-7.75,-41.71,-4.5,0.935445,2
21-10-2025,NSE:KABRAEXTRU,EQ,944.27,40961,3.23,3.19,6,244.25,-0.93,-0.88,-3.99,-6.76,-10.5,-24.42,-18.73,-97.44,-89.44,-49.97,-1,-1,HVQ,-1,HV2Y,HV2Y,-1,-1,-1,-1,-1,-12.01,-19.73,-24.54,-57.48,-57.48,-12.01,-16.62,-35.03,-49.51,-16.04,-3.09,0,0,0,0,0,9.16,23.36,14.29,64,57.35,-11.65,-26.02,-25.78,-106.05,-89.8,0.855256,3,,,,,,,-11.65,-13.06,-0.96,-67.97,13.07,0.944311,4
21-10-2025,NSE:SAHANA,SM,1076.36,14610,5.11,5.03,3,1009.25,6.14,0.19,0.61,-9.99,-19.39,-28.99,-52.51,-80.21,-17.94,0.98,-1,-1,-1,-1,HVQ,HVQ,-1,-1,-1,-1,-1,-16.45,-25.1,-40.76,-52.1,-52.1,-16.45,-17.36,-32.22,-26.95,-13.69,-32.87,6.14,6.14,6.14,58.19,6.14,2.64,24.82,47.57,185.08,86.57,-20.54,-30.59,-59.56,-88.82,-18.3,0.855192,3,,,,,,,-20.54,-8.5,-23.76,-19.84,43.57,0.980656,36
21-10-2025,NSE:FILATFASH,EQ,533.38,40179590,6.06,5.87,6,0.49,2.08,-4.08,-8.16,-12.24,-26.53,-40.82,-6.12,-38.78,-97.96,NA,-1,-1,HV2Q,HV2Q,HV2Y,HV2Y,-1,-1,-1,-1,-1,-19.67,-28.99,-30,-55.86,NA,-19.67,-11.43,-1.43,-68.48,-75.63,NA,2.08,13.95,13.95,NA,2.08,24,60.47,10.64,3.03,NA,-27.68,-42.42,-13.17,-47.39,-98.32,0.855019,3,,,,,,,-27.68,-11.75,19.11,-32.45,-33.63,0.944398,4
21-10-2025,NSE:SADBHAV,EQ,238.48,458681,5.26,5.14,4,11.93,1.71,-0.92,-5.28,-2.35,-15.17,-14.33,-9.64,-86.17,-200.92,-127.16,-1,-1,HV2Q,-1,HVQ,HV2Y,-1,-1,-1,-1,-1,-9.89,-31,-31,-65.7,-69.17,-9.89,-20.53,-37.57,-65.1,-42.61,-7.24,2.93,2.93,13.19,13.19,2.93,16.74,29.41,24.1,5.01,69.74,-16.32,-15.93,-16.69,-94.78,-201.28,0.853689,3,,,,,,,-16.32,0.27,-1.42,-71.48,-52.62,0.921377,1
21-10-2025,NSE:SJLOGISTIC,SM,669.84,51395,3.58,3.67,6,361.5,0.29,-2.07,-1.38,-5.12,-21.02,-18.35,-46.43,-62.84,-59.99,29.64,-1,-1,HVY,-1,-1,HV2Y,-1,-1,-1,-1,-1,-16.02,-17.58,-36.51,-49.11,-49.11,-16.02,-8.81,-33.23,-25.48,-17.13,-14.22,1.33,1.33,1.33,39.41,1.33,19.13,0,16.82,178.98,174.1,-22.17,-19.95,-53.48,-71.45,-60.35,0.853371,3,,,,,,,-22.17,1.75,-29.25,-12.88,10.77,0.954518,8
21-10-2025,NSE:EXICOM,EQ,2248.92,581217,2.94,2.91,5,140.97,1.35,0.19,-4.26,-1.89,-16.15,-23.05,-19.47,-61.77,-135.74,NA,-1,-1,HVY,HV2Q,-1,2,-1,-1,-1,-1,-1,-9.58,-17.71,-30.29,-60.27,NA,-9.58,-16.17,-27.55,-62.98,-54.33,NA,3.08,3.08,11.94,NA,1.35,19.73,37.75,33.74,33.83,NA,-17.3,-24.65,-26.52,-70.38,-136.1,0.85246,2,,,,,,,-17.3,-6.4,-2.62,-37.08,-36.71,0.929549,1
21-10-2025,NSE:VIKASLIFE,EQ,438.41,3505140,1.86,1.83,5,2.13,0.47,1.41,-2.35,-3.29,-9.86,-18.31,-25.35,-89.2,-129.58,-223.94,-1,-1,-1,-1,HVQ,HV2Y,-1,-1,-1,-1,-1,-6.17,-14.8,-30.16,-54.97,-68.68,-6.17,-10,-37,-49.53,-46.27,-34.8,1.43,1.43,1.43,1.43,1.43,7.83,10.04,3.09,5.77,11.39,-11.01,-19.91,-32.4,-97.81,-129.94,0.852277,2,,,,,,,-11.01,-8.15,-11.48,-52.62,-12.32,0.929949,1
21-10-2025,NSE:ESSENTIA,EQ,203.93,1863019,3.61,3.58,4,1.77,0.57,8.47,2.26,0,-6.78,-19.77,-41.24,-84.18,-107.91,-218.95,-1,-1,-1,-1,HV2Y,HV2Y,-1,-1,-1,-1,-1,-6.84,-16.51,-29.48,-51.1,-68.09,-6.84,-14.86,-32.91,-48.24,-50.07,-43.64,10.62,10.62,10.62,10.62,10.62,1.07,0.47,18.48,14.39,18.99,-7.93,-21.37,-48.29,-92.79,-108.27,0.851101,2,,,,,,,-7.93,-12.63,-23.45,-32.08,-3.86,0.933964,2
21-10-2025,NSE:SHIVALIK,EQ,751.29,35105,3.46,3.4,5,419.8,1.73,0.12,-1.82,-5.67,-13.3,-36.22,-45,-75.98,-37.29,-58.19,-1,-1,HVQ,HVQ,HVQ,HV2Y,-1,-1,-1,-1,-1,-10.79,-31.51,-31.68,-50.65,-50.65,-10.79,-22.39,-32.77,-28.44,-13.03,-23.81,2.92,2.92,2.92,2.92,2.92,7.32,10.23,20.7,46.49,13.34,-14.45,-37.82,-52.05,-84.59,-37.65,0.85093,2,,,,,,,-14.45,-20.68,-11.97,-23.05,31,0.962377,14
21-10-2025,NSE:BALAXI,EQ,259.2,141093,3.45,3.44,3,42.18,2.23,-1.28,-3.39,-3.22,-10.88,-16.19,-46.68,-73.33,-121.19,-165.48,-1,-1,-1,-1,HV2Q,HV2Y,-1,-1,-1,-1,-1,-10.27,-14.09,-32.18,-56.39,-70.3,-10.27,-6.76,-34.14,-48.8,-48.52,-34.3,2.58,2.58,2.58,2.58,2.58,7.1,0.29,20.93,8.13,7.77,-12.03,-17.79,-53.73,-81.94,-121.55,0.848546,2,,,,,,,-12.03,-5.25,-31.77,-19.85,-18.6,0.931875,1
21-10-2025,NSE:ALANKIT,EQ,367.96,315366,4.66,4.51,0,11.89,3.21,-2.02,-3.95,-12.03,-12.87,-33.73,-25.65,-74.01,-86.88,-62.32,-1,-1,HV2Q,HV2Q,HV2Y,HV2Y,-1,-1,-1,-1,-1,-12.7,-25.92,-30.14,-52.17,-58.69,-12.7,-21.15,-22.67,-48.09,-28.11,-22.79,3.21,3.21,3.21,3.21,3.21,0,16.74,8.1,34.79,44.76,-14.02,-35.33,-32.7,-82.62,-87.24,0.84847,2,,,,,,,-14.02,-18.94,0.51,-40.17,1.63,0.940098,3
21-10-2025,NSE:VARDMNPOLY,EQ,414.84,404453,5.67,5.62,3,8.09,-0.49,-2.97,-2.1,-6.18,-11.37,-35.35,-61.68,-68.73,-42.89,26.62,-1,-1,HV2Y,HVQ,HVQ,HV2Y,-1,-1,-1,-1,-1,-9.41,-27.05,-39.4,-45.67,-45.67,-9.41,-26.63,-23.1,-12.16,-8.33,-15.31,2.15,2.15,2.15,39.07,2.15,3.44,27.18,79.52,134.64,98.72,-12.52,-36.95,-68.73,-77.34,-43.25,0.847268,2,,,,,,,-12.52,-21.99,-24.98,-6.04,24.33,0.958408,11
21-10-2025,NSE:JAIBALAJI,EQ,9248.46,1188060,3,2.99,5,95.74,1.07,1.84,-3.34,-0.75,-5.54,-27.9,-39.15,-73.11,-126.68,-103.56,-1,-1,HV2Y,HV2Y,EEP,EEP,-1,-1,-1,-1,-1,-4.59,-20.34,-28.86,-56.7,-62.68,-4.59,-24.92,-26.76,-42.56,-35.39,-15.4,2.2,2.2,2.2,2.2,2.2,1.1,22.1,7.82,2.49,33.91,-6.69,-29.5,-46.2,-81.72,-127.04,0.846913,2,,,,,,,-6.69,-21.65,-14.33,-26.09,-21.92,0.927359,1
21-10-2025,NSE:TECHLABS,SM,950.37,34170,4.22,4.45,5,464.25,2.68,3.65,-2.77,-7.37,-17.95,-6.62,-30.77,-215.05,-68.86,55.77,-1,-1,-1,-1,HVQ,HV2Y,-1,-1,-1,-1,-1,-11.26,-26.91,-26.91,-70.86,-70.86,-11.26,-13.79,-65.04,-61.9,-8.21,-20.45,11.06,11.06,11.06,156.49,3.79,31,2.74,21.44,721.92,340.55,-19.1,-8.22,-37.82,-223.66,-69.22,0.846537,2,,,,,,,-19.1,9.15,-28.18,-142.6,55.42,0.98943,47
21-10-2025,NSE:CONFIPET,EQ,1584.79,651947,3.2,3.16,5,41.98,2.34,1.76,-10.81,-7.19,-13.51,-29.16,-37.8,-65.79,-95.78,-122.73,-1,-1,-1,-1,HVQ,HV2Y,-1,-1,-1,-1,-1,-10.59,-22.47,-31.85,-49.56,-63.37,-10.59,-16.65,-27.97,-39.25,-39.27,-28.28,3.68,3.68,3.68,3.68,3.68,0.74,16.6,24.41,5.17,17,-14.66,-30.76,-44.85,-74.4,-96.14,0.845731,2,,,,,,,-14.66,-14.25,-12.22,-21.99,-9.07,0.935943,2
21-10-2025,NSE:HIKAL,EQ,3321.72,440202,2.65,2.67,5,243.75,1.02,2.24,-2.65,-2.75,-10.52,-38.56,-68.59,-53.25,-53.15,-16.98,-1,-1,-1,HVQ,EEP,EEP,-1,-1,-1,-1,-1,-7.28,-28.76,-42.17,-45.19,-45.19,-7.28,-26.55,-21.98,-7.6,-16.01,-6.63,2.29,2.29,2.29,2.29,2.29,8.06,1.58,31.25,40.94,40.84,-11.67,-40.16,-75.64,-61.86,-53.51,0.845524,2,,,,,,,-11.67,-25.83,-27.2,7.42,9.09,0.953699,7
21-10-2025,NSE:SUNCLAY,EQ,3877.92,24406,3.16,3.13,6,1529.6,0.44,1.03,-7.86,-7.28,-16.93,-29.99,-40.36,-87.86,-52.49,3.54,-1,-1,-1,-1,HVQ,HVQ,-1,-1,-1,-1,-1,-13.54,-22.67,-38.26,-46.77,-46.77,-13.54,-15.6,-28.91,-25.28,0,-8.08,1.12,1.12,1.12,21.44,1.12,8.3,3.64,27.9,128.14,85.19,-18.08,-31.59,-47.41,-96.47,-52.85,0.845405,2,,,,,,,-18.08,-11.63,-13.51,-35.52,27.85,0.955815,9
21-10-2025,NSE:SAHASRA,SM,809.64,67008,5.27,5.43,6,269.2,3.06,-2.01,-0.15,-10.1,-19.99,-4.77,-25.09,-108.02,-208.6,NA,-1,-1,HV2Q,-1,-1,-1,-1,-1,-1,-1,-1,-20.54,-21.93,-30.93,-72.48,NA,-20.54,-6.32,-49.6,-65.57,-42.75,NA,17.12,17.12,17.12,NA,5.84,40.53,5.91,26.46,9.4,NA,-21.14,-6.37,-32.14,-116.63,-208.96,0.844073,2,,,,,,,-21.14,12.22,-24.92,-67.98,-39.33,0.921539,1
21-10-2025,NSE:PARACABLES,EQ,1484.6,779005,2.94,2.9,6,42.97,1.13,-0.47,-3.42,-3.75,-12.85,-42.54,-25.04,-76.38,-81.22,-113.17,-1,-1,-1,-1,HV2Y,HV2Y,-1,-1,-1,-1,-1,-9.25,-28.3,-30.23,-49.74,-55.24,-9.25,-20.83,-20.34,-44.04,-31.75,-29.88,1.13,1.13,1.13,1.13,1.13,9.68,32.32,16.07,20.11,23.41,-14,-44.14,-32.09,-84.99,-81.58,0.843718,2,,,,,,,-14,-26.77,6.75,-42.74,6.28,0.942204,3
21-10-2025,NSE:JYOTISTRUC,EQ,1988.54,6426486,3.74,3.7,3,13.85,1.54,2.45,-7.58,-7,-20.29,-29.68,-35.45,-50.79,-113.19,-99.49,HVQ,HVQ,HV2Y,HVQ,HV2Y,HV2Y,-1,-1,-1,-1,-1,-15.86,-22.8,-36.15,-61.35,-61.35,-15.86,-18.21,-27.6,-47.64,-41.71,-2.05,2.52,2.52,2.52,2.52,2.52,10.77,19.34,24.65,20.53,70.41,-21.44,-31.28,-42.5,-59.4,-113.55,0.842421,2,,,,,,,-21.44,-8.26,-9.98,-13.01,-32.36,0.933005,2
21-10-2025,NSE:SARVESHWAR,EQ,810.96,12184230,4.43,4.35,0,5.33,2.30,-5.82,-17.82,-13.88,-23.45,-49.47,-25.42,-48.75,-68.89,-64.79,-1,-1,HV2Q,HVQ,HVQ,HV2Y,-1,-1,-1,-1,-1,-19.61,-35.77,-37.49,-51.06,-62.2,-19.61,-22.83,-6.57,-39.83,-43.77,-36.16,2.9,2.9,2.9,2.9,2.9,0,37.54,12.82,15.17,30.76,-24.6,-51.07,-32.47,-57.36,-69.25,0.842192,2,,,,,,,-24.6,-21.53,10.56,-20.29,-4.51,0.946299,4
21-10-2025,NSE:JINDWORLD,EQ,3925.19,3356967,3.93,3.91,6,37.24,0.19,-1.05,5.96,5.16,-5.34,-16.14,-81.23,-125.99,-69.07,-84.32,-1,-1,HV2Y,-1,HV2Q,HV2Y,-1,-1,-1,-1,-1,-3.32,-10.14,-46.35,-58.16,-58.16,-3.32,-30.29,-48.98,-24.17,-5.44,-27.07,7.69,7.69,7.69,7.69,6.58,13.45,4.32,22.13,53.97,15.18,-6.49,-17.74,-88.28,-134.6,-69.43,0.841964,2,,,,,,,-6.49,-10.71,-61.58,-26.38,34.21,0.956202,9
21-10-2025,NSE:ALMONDZ,EQ,351.46,188495,5.28,5.2,4,17.32,1.23,1.62,-7.51,-1.15,-16.28,-21.71,-43.94,-84.93,-96.3,-9.7,-1,-1,HV2Q,HVQ,HVQ,HV2Y,-1,-1,-1,-1,-1,-13.23,-21.31,-31.81,-49.31,-53.53,-13.23,-20.71,-37.26,-33.11,-14.06,-8.77,1.64,1.64,1.64,3.2,1.64,4.62,12.13,32.61,90.85,102.59,-17.43,-23.31,-50.99,-93.54,-96.66,0.840847,2,,,,,,,-17.43,-5.13,-23.79,-30.16,2.87,0.937381,2
21-10-2025,NSE:ZIMLAB,EQ,370.27,59552,3.58,3.52,3,69,1.69,-1.38,-4.39,-3.65,-9.01,-73.43,-32.83,-51.46,-62.7,-52.39,-1,-1,HVY,HVY,HVQ,HV2Y,-1,-1,-1,-1,-1,-9.05,-42.15,-42.89,-44.4,-44.53,-9.05,-37.74,-0.95,-26.14,-15.99,-9.76,1.69,1.69,1.69,1.69,1.69,4.2,48.6,13.81,13.04,21.43,-10.16,-75.03,-39.88,-60.07,-63.06,0.840816,2,,,,,,,-10.16,-59.55,17.88,-15.71,1.6,0.951717,6
21-10-2025,NSE:EASEMYTRIP,EQ,3200.43,16173467,2.16,2.15,5,8.1,0.62,2.96,1.48,1.11,-8.52,-30.37,-52.35,-73.46,-100.31,-201.85,-1,-1,EEP,EEP,EEP,EEP,-1,-1,-1,-1,-1,-6.25,-22.71,-37.16,-54.97,-67.44,-6.25,-18,-27.02,-42.7,-46.68,-38.43,3.18,3.18,3.18,3.18,3.18,5.65,2.13,11.78,0,1.12,-9.67,-31.97,-59.4,-82.07,-100.67,0.840727,2,,,,,,,-9.67,-20.6,-22.39,-15.54,-6.46,0.933632,2
21-10-2025,NSE:TEJASNET,EQ,10822.81,953271,2.61,2.81,5,548.65,1.66,-6.63,-7.99,-8.24,-11.36,-14.85,-62.01,-91.49,-112.09,-25.62,-1,-1,HVQ,EEP,EEP,EEP,-1,-1,-1,-1,-1,-8.79,-12.33,-38.14,-61.09,-62.22,-8.79,-14.96,-44.39,-38.19,-27.66,-19.87,1.66,1.66,1.66,1.66,1.66,10.91,0,36.81,60.05,77.28,-12.51,-16.45,-69.06,-100.1,-112.45,0.840503,1,,,,,,,-12.51,-3.59,-46.59,-19.88,-1.74,0.934942,2
21-10-2025,NSE:BIGBLOC,EQ,802.03,91287,3.41,3.43,5,51.64,0.96,0.02,-4.03,-5.13,-9.84,-18.8,-43.01,-82.4,-170.84,-94.66,-1,-1,-1,HVQ,HVQ,HV2Y,-1,-1,-1,-1,-1,-10.61,-16.4,-30.45,-61.4,-63.88,-10.61,-13.46,-36.21,-48.35,-34.12,-2.18,3.16,3.16,3.16,3.16,0.98,13.3,2.54,23.43,7.89,60.21,-10.99,-20.4,-50.06,-91.01,-171.2,0.840216,1,,,,,,,-10.99,-8.62,-25.9,-29.22,-39.47,0.918931,1
21-10-2025,NSE:CHEMFAB,EQ,940.82,11622,3.78,3.89,6,575.3,0.08,-3.4,-5.7,-3.62,-12.53,-26.79,-51.33,-73.34,-105.24,27.06,-1,HV2Q,HVQ,HVQ,HV2Q,HV2Y,-1,-1,-1,-1,-1,-12.04,-27.21,-34.14,-49.88,-51.39,-12.04,-20.87,-28.33,-26.44,-15.74,-0.23,0.08,0.08,0.08,42.24,0.08,0.74,3.91,25.15,150.9,197.08,-13.68,-28.39,-58.38,-81.95,-105.6,0.838885,1,,,,,,,-13.68,-13.13,-24.89,-16.22,-9.39,0.93279,2
21-10-2025,NSE:ROUTE,EQ,5411.49,107087,2.58,2.58,5,737.5,2.03,-0.68,-4.89,-6.81,-16.01,-27.27,-36.99,-76.18,-114.47,-116.35,-1,-1,-1,-1,-1,EEP,-1,-1,-1,-1,-1,-12.79,-21.26,-32.11,-52.95,-60.76,-12.79,-16.63,-27.89,-44.73,-30.87,-15.84,2.03,2.03,2.03,2.03,2.03,0.9,2.87,9.67,1.12,12.91,-17.16,-28.87,-44.04,-84.79,-114.83,0.838843,1,,,,,,,-17.16,-10.16,-13.17,-30.29,-12.71,0.930356,1
21-10-2025,NSE:JAYBEE,SM,477.19,55410,3.22,3.25,6,180.95,0.00,-5.94,-11.66,-10.61,-16.22,-40.98,-54.93,-78.14,-47.06,NA,-1,-1,-1,HVQ,HV2Y,-1,-1,-1,-1,-1,-1,-15.44,-29.11,-38.67,-57.53,NA,-15.44,-21.59,-23.16,-34.21,-24.35,NA,0,1,1,NA,0,0.48,42.39,44.18,35.58,NA,-17.37,-42.58,-61.98,-86.75,-47.42,0.837218,1,,,,,,,-17.37,-21.76,-15.43,-16.66,26.47,0.954844,8
21-10-2025,NSE:DREAMFOLKS,BE,630.08,253821,5.74,6.5,1,132.72,2.08,-13.31,17.75,23.6,10.88,-14.35,-89.87,-174.71,-247.16,-269.35,HVQ,HVQ,-1,-1,-1,-1,-1,-1,-1,-1,-1,-11.74,-13.89,-53.07,-71.49,-75.99,-11.74,-50.17,-60.61,-50.29,-34.57,-17.31,30.89,30.89,30.89,30.89,30.89,0,0,18.7,0.4,5.94,9.73,-15.95,-96.92,-183.32,-247.52,0.833588,1,,,,,,,9.73,-28.77,-71.58,-46.37,-17.35,0.907988,1
21-10-2025,NSE:SADHNANIQ,BE,329.08,1296434,3.48,4.2,3,9.56,2.47,-2.2,3.14,1.05,-4.5,21.13,-144.77,-298.54,-469.46,-525.12,-1,-1,-1,-1,HV2Y,HV2Y,-1,-1,-1,-1,-1,-7.09,-13.72,-58.31,-82.6,-86.66,-7.09,-13.58,-80.64,-67.34,-46.82,-24.01,54.94,54.94,54.94,54.94,7.42,61.91,21.61,46.25,3.67,30.56,-5.65,19.53,-151.82,-307.15,-469.82,0.833454,1,,,,,,,-5.65,24.06,-215.87,-64.5,-33.87,0.91742,1
21-10-2025,NSE:KAMOPAINTS,EQ,288.89,1767356,3.35,3.29,6,8.13,0.74,-1.48,-6.64,-6.64,-13.04,-21.89,-37.15,-111.81,-188.93,-474.54,-1,-1,-1,-1,HVQ,HVQ,-1,-1,-1,-1,-1,-10.95,-21.98,-32.42,-67.02,-86.07,-10.95,-14.67,-42.05,-80.89,-70.49,-59.74,0.87,0.87,0.87,0.87,0.87,1.21,8.9,22.53,7.09,0,-14.19,-23.49,-44.2,-120.42,-189.29,0.828759,1,,,,,,,-14.19,-8.29,-18.04,-56.12,-27.39,0.913676,1
21-10-2025,NSE:ALLETEC,SM,597.75,35048,3.06,3.07,6,252.75,-0.45,-1.35,-6.82,-7.18,-16.64,-44.93,-40.4,-94.82,-73.91,-10.37,-1,-1,-1,HV2Q,HV2Y,HV2Y,-1,-1,-1,-1,-1,-10.72,-29.9,-44.23,-58.44,-58.44,-10.72,-23.85,-28.13,-41.65,-19.03,-7.56,0,0,0,14.73,0,5.99,23.37,19.08,123.51,99.52,-17.79,-46.53,-47.45,-103.43,-74.27,0.828353,1,,,,,,,-17.79,-24.71,-2.4,-40.44,19.75,0.942867,3
21-10-2025,NSE:VAKRANGEE,EQ,961.87,2925466,2.84,2.82,6,8.37,0.00,3.35,3.46,2.03,-6.93,-15.17,-19.83,-280.88,-247.07,-187.34,-1,-1,-1,-1,EEP,EEP,-1,-1,-1,-1,-1,-4.23,-16.88,-27.15,-77.51,-77.51,-4.23,-13.28,-69.71,-73.05,-14.35,-18.7,3.85,3.85,3.85,3.85,3.85,7.06,9.05,6.59,63.91,49.36,-8.08,-16.77,-26.88,-289.49,-247.43,0.827613,1,,,,,,,-8.08,-8.17,-9.58,-219.53,17.9,0.924628,1
21-10-2025,NSE:RKSWAMY,EQ,786.44,36736,3.8,3.76,6,134.57,-0.47,-0.85,-7.05,-6.22,-15.52,-31.1,-65.95,-88.82,-85.61,NA,-1,-1,-1,-1,HVQ,HVQ,-1,-1,-1,-1,-1,-14.33,-23.08,-39.37,-52.01,NA,-14.33,-19.14,-32.55,-28.16,-18.26,NA,0,0,0,NA,0,3.76,1.12,14.32,27.5,NA,-16.67,-32.7,-73,-97.43,-85.97,0.827613,1,,,,,,,-16.67,-13.95,-32.11,-15.46,10.72,0.938386,2
21-10-2025,NSE:DISHTV,EQ,1014.53,2992532,2.99,2.95,5,4.51,3.44,-4.88,-7.98,-8.87,-21.73,-29.71,-20.62,-95.12,-209.31,-335.7,-1,-1,-1,-1,-1,EEP,-1,-1,-1,-1,-1,-15.7,-21.57,-28.18,-67.46,-81.78,-15.7,-8.96,-35.71,-66.52,-64.44,-43.64,3.44,3.44,3.44,3.44,3.44,14.14,22.64,0.55,6.41,3.95,-22.88,-31.31,-27.67,-103.73,-209.67,0.825311,1,,,,,,,-22.88,-7.02,1.48,-63.44,-49.5,0.913262,1
21-10-2025,NSE:SWSOLAR,EQ,6337.04,1817028,3.29,3.24,3,230.46,2.51,-5.83,-3.39,-4.77,-17.55,-33.84,-36.4,-98.58,-165.4,-153.45,-1,-1,-1,HV2Q,EEP,EEP,-1,-1,-1,-1,-1,-13.13,-25.38,-31.52,-63.52,-71.92,-13.13,-19.51,-25.12,-57.63,-44.23,-25.47,2.51,2.51,5.02,5.02,2.51,4.19,40.56,43.24,10.72,30.57,-18.7,-35.44,-43.45,-107.19,-165.76,0.820911,1,,,,,,,-18.7,-14.32,-7.44,-47.27,-24.63,0.915963,1
21-10-2025,NSE:VERTOZ,EQ,657.98,133304,3.9,3.85,5,69.35,1.85,0.71,-3.6,-6.09,-11.91,-41.01,-15.07,-100.29,-387.53,-472.21,-1,-1,HV2Q,HV2Q,-1,HV2Y,-1,-1,-1,-1,-1,-12.15,-30.57,-37.07,-78.4,-84.27,-12.15,-29.57,-34.15,-80.54,-68.49,-23.29,1.85,1.85,1.85,1.85,1.85,4.79,25.16,1.92,2.21,16.63,-13.06,-42.61,-22.12,-108.9,-387.89,0.820175,1,,,,,,,-13.06,-26.46,12.87,-75.74,-134.39,0.897019,1
21-10-2025,NSE:IEML,SM,238.33,56550,10.56,10.12,3,119.75,3.72,-6.51,-7.85,-23.17,-61.71,-25.8,-10.77,-79.87,-141.04,NA,-1,-1,-1,-1,-1,-1,-1,-1,-1,-1,-1,-35.6,-38.16,-38.16,-60.04,NA,-35.6,0,-30.58,-66.43,-57.98,NA,3.72,3.72,18.62,NA,3.72,43.34,49.23,31.4,0,NA,-62.86,-27.4,-17.82,-88.48,-141.4,0.82013,1,,,,,,,-62.86,21.75,6.42,-64.06,-24.99,0.944896,4
21-10-2025,NSE:URAVIDEF,EQ,339.66,35399,5.44,6.09,6,242.88,1.65,1.62,-1.4,7.84,-23.52,-115.09,-80.87,-69.51,NA,NA,-1,-1,-1,HV2Y,HV2Y,HV2Y,-1,-1,-1,-1,-1,-14.78,-53.24,-56.48,NA,NA,-14.78,-44.05,-6.4,-3.56,NA,NA,8.5,8.5,NA,NA,8.5,0,72.38,44.96,NA,NA,-24.67,-116.69,-87.92,-78.12,0,0.819054,1,,,,,,,-24.67,-74.59,10.38,4.6,109.02,0.9431,3
21-10-2025,NSE:PAKKA,EQ,748.52,194040,3.25,3.22,6,140.11,-0.57,-1.66,-9.64,-7.95,-18.4,-49.93,-27.26,-108.48,-119.11,-133.35,-1,-1,HV2Y,HV2Y,HV2Y,HV2Y,-1,-1,-1,-1,-1,-15.32,-33.44,-35.51,-59.8,-60.83,-15.32,-23.64,-30.35,-48.84,-18.68,-14.53,0,0,0,0,0,13.87,32.3,12.3,30.4,37.05,-19.55,-51.53,-34.31,-117.09,-119.47,0.818648,1,,,,,,,-19.55,-27.09,9.59,-65.5,3.92,0.929874,1
21-10-2025,NSE:KODYTECH,SM,905.08,13796,4.45,4.29,3,621.25,0.30,-4.89,-9.39,-11.32,-14.18,-20.85,-70.59,-169.3,-141.69,21.17,-1,-1,HVQ,-1,-1,HV2Y,-1,-1,-1,-1,-1,-13.89,-23.57,-42.16,-67.91,-69.55,-13.89,-14.81,-54.88,-47.45,-18,-26.41,0.3,0.3,0.3,51.8,0.3,2.04,10.39,55.82,308.81,266.9,-15.33,-22.45,-77.64,-177.91,-142.05,0.812582,1,,,,,,,-15.33,-6.3,-46.69,-59.54,19.27,0.926296,1
21-10-2025,NSE:PRAJIND,EQ,7151.25,1054157,3.14,3.14,5,346.55,1.61,2.24,-2.86,1.47,-12.25,-44.22,-52.47,-121.53,-131.7,-39.4,-1,HVQ,-1,-1,-1,EEP,-1,-1,-1,-1,-1,-9.27,-29.75,-34.93,-58.97,-58.97,-9.27,-23.55,-37.26,-37.44,-9.1,-1.42,5.03,5.03,5.03,5.03,5.03,0,10.7,10.71,70.15,77.96,-13.4,-45.82,-59.52,-130.14,-132.06,0.812156,1,,,,,,,-13.4,-28.94,-11.25,-46.97,4.43,0.921096,1
21-10-2025,NSE:NIRAJ,EQ,278.41,90078,7.82,7.52,0,34.87,0.78,11.47,-29.6,-30.57,-34.36,-48.98,-74.59,-74.22,-79.27,-45.97,-1,-1,-1,HVQ,HV2Y,HV2Y,-1,-1,-1,-1,-1,-25.56,-32.53,-43.39,-51.56,-51.74,-25.56,-16.17,-18.39,-15.75,-15.93,-13.49,21.92,21.92,21.92,21.92,21.92,3.26,18.93,42.68,64.41,69.17,-35.51,-50.58,-81.64,-82.83,-79.63,0.804136,1,,,,,,,-35.51,-11.35,-22.72,-1.47,6.12,0.938714,2
21-10-2025,NSE:NECLIFE,BE,358.37,252716,0.84,1.86,6,13.1,-0.76,-3.66,-11.45,-12.21,-21.98,-39.39,-76.95,-203.44,-183.05,-164.5,-1,-1,-1,-1,HV2Y,HV2Y,-1,-1,-1,-1,-1,-16.35,-25.57,-51.79,-69.91,-75.7,-16.35,-32.03,-55.35,-57.01,-26.28,-31.23,0,0,0,0,0,19.7,10.87,5.94,41.66,32.15,-23.13,-40.99,-84,-212.05,-183.41,0.782356,1,,,,,,,-23.13,-14.73,-32.47,-73.16,15.74,0.909996,1
21-10-2025,NSE:CPCAP,EQ,254.68,31892,4.83,4.78,3,113.94,0.14,2.57,-9.56,-10.99,-22.76,-48.02,-117.64,-101.35,-184.18,-31.79,-1,-1,-1,-1,-1,HV2Y,-1,-1,-1,-1,-1,-17.9,-33.01,-55.94,-64.86,-66.12,-17.9,-18.27,-37.67,-26.26,-31.78,-3.71,3.58,3.58,3.58,3.58,3.58,0.11,6.51,26.36,52.77,115.62,-23.91,-49.62,-124.69,-109.96,-184.54,0.781766,1,,,,,,,-23.91,-21.04,-52.57,5.81,-32.12,0.910501,1
21-10-2025,NSE:KDL,SM,274.09,53712,6.28,6.69,0,193.15,9.99,-8.46,-11.62,-18.51,-16.46,-46.91,-84.99,-164.87,-283.98,-80.29,-1,-1,-1,-1,-1,-1,-1,-1,-1,-1,-1,-20.45,-37.94,-48.03,-75.24,-79.05,-20.45,-31.8,-49.69,-61.25,-44.51,-19.56,33.07,33.07,33.07,33.07,33.07,3.76,3.75,30.64,88.35,173.06,-17.61,-48.51,-92.04,-173.48,-284.34,0.777795,1,,,,,,,-17.61,-26.6,-31.45,-44.86,-35.95,0.886595,1
21-10-2025,NSE:ESFL,SM,757.59,164765,6.04,6.33,3,240.05,4.41,-0.77,-4.42,-21.52,-26.85,-77.96,-135.41,-141.82,-129.73,31.07,-1,-1,-1,HVQ,HV2Y,HV2Y,-1,-1,-1,-1,-1,-21.42,-50.8,-58.55,-60.76,-60.76,-21.42,-37.92,-29.59,-7.63,-5.11,0,4.41,4.41,4.41,110.19,4.41,2.91,12.64,394.8,408.28,382.85,-28,-79.56,-142.46,-150.43,-130.09,0.760612,1,,,,,,,-28,-40.76,-37.81,-4.41,14.02,0.915681,1
21-10-2025,NSE:VPRPL,EQ,1328.71,1925976,4.35,4.25,5,92.74,1.07,-1.02,0.86,-1.42,-16.28,-86.44,-97.54,-181.92,-222.84,-97.27,HV2Y,HV2Y,-1,-1,EEP,EEP,-1,-1,-1,-1,-1,-10.99,-45.84,-51.6,-72.2,-72.2,-10.99,-41.62,-35.46,-45.09,-21.64,0,4.43,4.43,4.43,4.43,4.43,0,13.33,20.08,80.75,106.98,-17.43,-88.04,-104.59,-190.53,-223.2,0.758968,1,,,,,,,-17.43,-60.79,-11.49,-44.39,-5.5,0.892668,1
21-10-2025,NSE:SKFINDIA,EQ,24045.64,33698,2.71,5.35,0,2240.6,1.85,-123.53,-118.18,-106.42,-115.72,-121.64,-74.04,-89.58,-142.52,-99.33,-1,-1,HVY,-1,-1,EEP,-1,-1,-1,-1,-1,-55.26,-55.26,-55.34,-58.07,-67.63,-55.26,-3.66,-1.02,-32.53,-38.63,-21.49,1.85,1.85,1.85,1.85,1.85,8.98,36.48,7.16,3.79,32.78,-116.87,-123.24,-81.09,-98.19,-142.88,0.728134,1,,,,,,,-116.87,-3.21,15.95,-10.61,-18.91,0.927728,1
21-10-2025,NSE:VLEGOV,EQ,365.81,448647,5.38,5.39,4,24.86,2.90,-12.91,-10.14,-14.28,-35.68,-102.86,-73.13,-587.29,-582.02,-206.32,-1,-1,-1,HVQ,HV2Y,HV2Y,-1,-1,-1,-1,-1,-23.93,-51.25,-61.78,-87,-87,-23.93,-41.1,-70.05,-77.49,-10.63,-4.71,3.07,3.07,3.07,3.07,3.07,6.14,54.5,31.86,237,234.42,-36.83,-104.46,-80.18,-595.9,-582.38,0.714702,1,,,,,,,-36.83,-49.97,9.12,-298.66,9.79,0.873746,1
21-10-2025,NSE:GICL,SM,411.43,90990,4.9,8.72,1,45.9,0.99,-278.43,-251.09,-258.71,-219.5,-166.88,-95.64,-120.7,-66.45,16.78,-1,-1,HV2Q,-1,HV2Q,HV2Q,-1,-1,-1,-1,-1,-73.98,-73.98,-73.98,-73.98,-73.98,-73.98,0,-2.85,-23.64,0,-8.17,0.99,0.99,0.99,28.75,0.99,27.74,45.92,131.74,192.77,120.81,-220.65,-168.48,-102.69,-129.31,-66.81,0.702307,1,,,,,,,-220.65,16.01,21.16,-14.49,33.6,0.98274,38
21-10-2025,NSE:SHANKARA,EQ,2302.47,225579,4.06,9.45,5,135.48,2.50,1.99,-18.67,-53.34,-598.15,-678.42,-390.52,-364.53,-269.21,-452.41,-1,-1,-1,HV2Y,HVQ,HV2Y,-1,-1,-1,-1,-1,-86.32,-88.67,-88.67,-88.67,-88.67,-86.32,-20.93,-3.07,-6.44,-23.31,-39.05,2.78,2.78,2.78,2.78,2.78,2.23,120.08,45.73,38.02,1.17,-599.3,-680.02,-397.57,-373.14,-269.57,0.580143,1,,,,,,,-599.3,-11.96,31.46,3.62,29.54,0.953303,7
