Date,Symbol,Security Name,Mkt Cap (Millions),AVOL(20),ADR(20),CMP,Change_1D,Change_1W,Change_10D,Change_1M,Change_3M,Change_6M,Change_9M,Change_12M,Below_3M,Below_6M,Below_12M,Above_3M,Above_6M,Above_12M,RS_1M,RS_3M,RS_6M,RS_9M,RS_12M,Total_RS (NDX),RS_score,NC_1M,NC_3M,NC_6M,NC_9M,NC_12M,NRS_1M,NRS_3M,NRS_6M,NRS_9M,NRS_12M,Total_NRS (NDX),NRS_score
17-09-2025,NASDAQ:QMMM,QMMM Holdings Limited - Class A Ordinary Shares,1818,3393426,219.35,88,18.47,-135.23,92.59,96.81,98.93,98.34,99.17,93.34,-57.49,-57.49,-57.49,9283.66,13396.93,14989.16,94.49,89.30,79.96,88.83,73.36,31.051155,99,96.81,66.63,-55.68,49.86,-700.55,94.49,59.15,-65.37,59.71,-711.31,16.784456,99
17-09-2025,NYSE:ZEPP,"Zepp Health Corporation American depositary shares, each representing sixteen Class A ordinary shares",672,473201,12.58,46.77,-3.34,-8.92,-3.61,27.60,95.06,93.18,93.65,92.80,-12.86,-12.86,-12.86,1955.82,2050.34,2050.34,25.28,85.43,74.80,83.31,72.82,6.485461,99,27.60,93.18,-38.10,6.90,-13.40,25.28,85.70,-47.79,16.75,-24.16,3.461932,99
17-09-2025,AMEX:BMNR,"BitMine Immersion Technologies, Inc. Common Stock",9901,47627578,9.52,55.93,5.04,20.26,24.03,-3.36,91.51,86.82,96.42,76.40,-58.57,-58.57,-58.57,1211.37,1211.37,2696.5,-5.68,81.88,68.44,86.08,56.42,5.185165,99,-3.36,91.78,-55.23,72.88,-560.00,-5.68,84.30,-64.92,82.73,-570.76,2.724577,99
17-09-2025,NASDAQ:ABVX,Abivax SA - American Depositary Shares,6149,1176736,4.52,82.28,-4.36,-8.47,0.35,14.39,91.83,92.71,90.35,85.46,-8.58,-8.58,-8.58,1278.22,1491.49,1491.49,12.07,82.20,74.33,80.01,65.48,4.507044,99,14.39,90.46,10.71,-32.33,-50.63,12.07,82.98,1.02,-22.48,-61.39,2.462831,99
17-09-2025,NASDAQ:OPEN,Opendoor Technologies Inc  - Common Stock,7514,443014127,20.53,8.92,-6.45,31.50,42.94,64.46,93.76,86.66,76.57,75.45,-15.21,-15.21,-15.21,1641.51,1641.51,1641.51,62.14,84.13,68.28,66.23,55.47,3.935782,99,64.46,82.45,-113.91,-75.63,-4.78,62.14,74.97,-123.60,-65.78,-15.54,3.248352,99
17-09-2025,NASDAQ:FORD,"Forward Industries, Inc. - Common Stock",2833,469222,21.37,37.35,-4.42,22.44,60.91,63.72,83.03,90.41,88.06,89.84,-4.23,-4.23,-4.23,539.55,943.3,1031.82,61.40,73.40,72.03,77.72,69.86,3.723157,99,63.72,53.21,43.53,-24.58,14.88,61.40,45.73,33.84,-14.73,4.12,1.788273,99
17-09-2025,NASDAQ:RGTI,"Rigetti Computing, Inc.  - Common stock",7128,43751836,7.6,20,3.95,17.50,22.40,16.75,39.20,44.20,63.10,95.90,0,0,0,85.36,166.67,2601.97,14.43,29.57,25.82,52.76,75.92,2.891131,99,16.75,26.97,8.22,33.87,88.89,14.43,19.49,-1.47,43.72,78.13,0.993942,34
17-09-2025,NASDAQ:QUBT,Quantum Computing Inc. - Common Stock,2832,17734973,6.56,16.87,0.21,4.00,10.79,9.19,-25.79,52.46,62.06,95.79,-20.5,-20.5,-34.31,15.95,187.39,2519.57,6.87,-35.42,34.08,51.72,75.81,2.755203,99,9.19,-38.51,62.21,20.20,88.91,6.87,-45.99,52.52,30.05,78.15,0.841211,1
17-09-2025,NASDAQ:ONDS,Ondas Holdings Inc. - Common Stock,1958,48061081,12.58,6.09,-4.76,10.51,10.34,36.62,72.25,87.28,82.76,86.47,-7.16,-7.16,-7.16,325.87,782.48,807.6,34.30,62.62,68.90,72.42,66.49,2.721284,99,36.62,56.22,54.18,-35.59,21.53,34.30,48.74,44.49,-25.74,10.77,1.353933,99
17-09-2025,NYSE:QBTS,D-Wave Quantum Inc. Common Shares,7709,36671576,6,18.98,3.48,14.91,16.49,10.38,15.70,41.10,78.29,94.73,-6.5,-6.5,-6.5,35.38,205.14,2025.18,8.06,6.07,22.72,67.95,74.75,2.594737,99,10.38,5.94,30.13,63.15,75.73,8.06,-1.54,20.44,73.00,64.97,0.891897,1
17-09-2025,NYSE:OKLO,Oklo Inc. Class A common stock,14066,14227096,7.51,95.83,0.16,22.81,23.21,25.85,31.70,70.78,79.89,93.50,0,0,0,86.69,383.99,1443.16,23.53,22.07,52.40,69.55,73.52,2.573093,99,25.85,7.89,57.22,31.18,67.67,23.53,0.41,47.53,41.03,56.91,0.965428,12
17-09-2025,NASDAQ:TDUP,ThredUp Inc. - Class A Common Stock,1287,2293550,5.65,10.2,-5.88,-5.20,-3.43,-3.04,24.31,76.76,82.35,91.67,-15.56,-15.56,-15.56,51.79,357.4,1831.09,-5.36,14.68,58.38,72.01,71.69,2.403139,99,-3.04,26.55,69.30,24.05,52.78,-5.36,19.07,59.61,33.90,42.02,0.907621,2
17-09-2025,NYSE:AMPX,"Amprius Technologies, Inc. Common Stock",1300,7190387,8.6,9.14,8.42,14.44,19.91,22.21,55.36,75.60,78.88,90.60,0,0,0,164.93,341.55,1029.09,19.89,45.73,57.22,68.54,70.62,2.358346,99,22.21,42.62,45.34,13.45,55.46,19.89,35.14,35.65,23.30,44.70,1.088578,90
17-09-2025,NASDAQ:PRCH,"Porch Group, Inc. - Common Stock",1886,2209501,5.4,17.94,1.56,-4.57,1.06,14.49,37.29,64.94,70.74,92.92,-5.78,-5.78,-5.78,71.84,284.98,1312.6,12.17,27.66,46.56,60.40,72.94,2.304199,99,14.49,26.66,44.09,16.53,75.81,12.17,19.18,34.40,26.38,65.05,0.977452,18
17-09-2025,NASDAQ:MVST,"Microvast Holdings, Inc. - Common Stock",1093,4908224,6.63,3.23,-3.41,13.00,18.27,15.17,-43.34,55.11,61.30,94.14,-30.24,-30.24,-30.24,27.67,180.87,1911.21,12.85,-52.97,36.73,50.96,74.16,2.287699,99,15.17,-68.98,68.68,13.79,84.86,12.85,-76.46,58.99,23.64,74.10,0.841711,1
17-09-2025,NASDAQ:CELC,Celcuity Inc. - Common Stock,2316,908391,5.78,53.07,-3.77,-14.51,-0.96,2.41,76.52,80.69,75.79,72.39,-15.13,-15.13,-15.13,363.49,546.41,546.41,0.09,66.89,62.31,65.45,52.41,2.109853,99,2.41,75.94,17.74,-25.37,-14.01,0.09,68.46,8.05,-15.52,-24.77,1.415847,99
17-09-2025,NASDAQ:ASST,Asset Entities Inc. - Class B Common Stock,1346,9829410,23.68,4.48,-38.84,-40.18,-44.20,4.46,-28.35,88.44,84.71,57.59,-49.72,-65.56,-65.56,48.34,927.76,1130.77,2.14,-37.98,70.06,74.37,37.61,2.097902,99,4.46,-34.35,90.99,-32.23,-177.33,2.14,-41.83,81.30,-22.38,-188.09,1.051039,79
17-09-2025,NASDAQ:NEGG,"Newegg Commerce, Inc. - Common Shares",914,2268045,23,42.55,-2.23,17.04,9.21,-137.41,73.80,86.37,73.28,64.21,-66.78,-66.78,-66.78,314.72,1115.71,1115.71,-139.73,64.17,67.99,62.94,44.23,2.07444,99,-137.41,88.96,48.00,-96.07,-33.95,-139.73,81.48,38.31,-86.22,-44.71,1.336033,99
17-09-2025,NASDAQ:NKTR,Nektar Therapeutics - Common Stock,971,1213549,8.23,49.89,1.76,2.65,41.70,45.36,81.46,72.66,69.33,62.42,0,0,0,486.25,578.22,578.22,43.04,71.83,54.28,58.99,42.44,2.073509,99,45.36,66.07,-47.45,-12.17,-22.55,43.04,58.59,-57.14,-2.32,-33.31,1.707778,99
17-09-2025,NASDAQ:IREN,IREN Limited - Ordinary Shares,10276,33364769,9.64,36.45,-1.89,17.17,20.14,45.98,71.47,79.84,62.66,79.73,-1.86,-1.86,-1.86,273.08,587.74,587.74,43.66,61.84,61.46,52.32,59.75,2.073325,99,45.98,47.18,29.33,-85.17,45.70,43.66,39.70,19.64,-75.32,34.94,1.422205,99
17-09-2025,NYSE:BE,Bloom Energy Corporation Class A Common Stock,18643,11656811,6.84,73.29,8.56,24.96,29.94,38.22,68.74,66.99,67.80,85.84,0,0,0,243.44,349.08,710.73,35.90,59.11,48.61,57.46,65.86,2.036603,99,38.22,49.40,-5.59,2.44,56.02,35.90,41.92,-15.28,12.29,45.26,1.302069,99
17-09-2025,NASDAQ:TMC,TMC the metals company Inc. - Common Stock,2231,7596489,7.06,5.67,4.23,8.29,4.06,13.23,1.41,68.08,85.89,83.92,-30,-30,-30,21.41,250,682.07,10.91,-8.22,49.70,75.55,63.94,2.001805,99,13.23,-13.62,67.62,55.81,-14.03,10.91,-21.10,57.93,65.66,-24.79,0.915712,3
17-09-2025,AMEX:UAMY,United States Antimony Corporation Common Stock,719,5709162,8.96,5.32,4.70,13.16,18.98,19.74,45.49,67.67,71.80,87.78,0,0,0,170.05,212.94,926.83,17.42,35.86,49.29,61.46,67.80,1.953366,99,19.74,32.08,40.69,12.79,56.67,17.42,24.60,31.00,22.64,45.91,1.037084,73
17-09-2025,NASDAQ:RZLV,Rezolve AI PLC - Ordinary Shares,1733,20157492,11.42,7.35,-5.03,23.54,50.07,58.91,72.52,76.19,72.93,11.43,-4.79,-4.79,-4.79,282.81,550.44,550.44,56.59,62.89,57.81,62.59,-8.55,1.910582,99,58.91,33.11,13.37,-13.71,-227.14,56.59,25.63,3.68,-3.86,-237.90,1.665789,99
17-09-2025,NYSE:JMIA,"Jumia Technologies AG American Depositary Shares, each representing two Ordinary Shares",1459,4512777,7.53,11.91,17.80,18.39,32.41,34.93,73.05,79.35,60.12,61.63,0,0,0,282.96,588.44,588.44,32.61,63.42,60.97,49.78,41.65,1.872978,99,34.93,58.58,23.36,-93.09,3.79,32.61,51.10,13.67,-83.24,-6.97,1.45192,99
17-09-2025,NASDAQ:ABTC,American Bitcoin Corp. - Class A Common Stock,1358,8045237,20.31,7.73,8.47,-20.44,10.74,17.85,35.32,86.03,61.51,70.86,-16.97,-16.97,-16.97,93.23,1046.03,1046.03,15.53,25.69,67.65,51.17,50.88,1.837345,99,17.85,21.26,78.40,-175.46,24.29,15.53,13.78,68.71,-165.61,13.53,1.152503,96
17-09-2025,NYSE:IONQ,"IonQ, Inc. Common Stock",19480,20384207,6.91,62.26,5.06,29.33,30.95,35.38,38.27,59.96,52.09,88.15,0,0,0,69.23,201.06,743.63,33.06,28.64,41.58,41.75,68.17,1.812375,99,35.38,4.47,35.13,-19.66,75.26,33.06,-3.01,25.44,-9.81,64.50,1.067063,85
17-09-2025,NASDAQ:CDTX,"Cidara Therapeutics, Inc. - Common Stock",1644,521077,5.45,64.71,-3.40,2.70,1.42,-0.78,65.37,65.58,66.28,82.46,-4.12,-4.12,-4.12,207.85,293.85,536.28,-3.10,55.74,47.20,55.94,62.48,1.809072,99,-0.78,65.64,0.62,2.02,47.98,-3.10,58.16,-9.07,11.87,37.22,1.186759,97
17-09-2025,NASDAQ:ALM,Almonty Industries Inc. - Common Shares,1060,681205,6.72,4.87,1.23,9.03,9.86,8.01,26.99,67.44,79.89,81.83,-1.41,-1.41,-1.41,42.71,215.21,494.08,5.69,17.36,49.06,69.55,61.85,1.806586,99,8.01,20.63,55.41,38.23,9.63,5.69,13.15,45.72,48.08,-1.13,0.959903,10
17-09-2025,NASDAQ:PGEN,"Precigen, Inc. - Common Stock",1138,9258674,10.12,3.89,7.71,-6.17,-22.37,24.42,60.41,54.24,80.71,74.50,-18.28,-18.28,-18.28,173.94,232.48,477.49,22.10,50.78,35.86,70.37,54.52,1.803332,99,24.42,47.62,-15.58,57.85,-32.22,22.10,40.14,-25.27,67.70,-42.98,1.208222,98
17-09-2025,NASDAQ:AEVA,"Aeva Technologies, Inc. - Common Stock",972,2667077,9.19,15.34,-5.48,4.37,10.27,14.60,-67.86,81.75,70.66,82.20,-59.41,-59.41,-59.41,23.56,472.39,492.28,12.28,-77.49,63.37,60.32,62.22,1.803067,99,14.60,-96.56,89.13,-60.71,39.33,12.28,-104.04,79.44,-50.86,28.57,0.908887,2
17-09-2025,NASDAQ:CIFR,Cipher Mining Inc. - Common Stock,4869,37087798,11.27,11.51,5.73,19.90,27.72,54.74,65.86,72.89,43.87,73.15,0,0,0,226.06,448.1,448.1,52.42,56.23,54.51,33.53,53.17,1.784652,99,54.74,24.57,20.61,-107.05,52.17,52.42,17.09,10.92,-97.20,41.41,1.416919,99
17-09-2025,NASDAQ:MLYS,"Mineralys Therapeutics, Inc. - Common Stock",2893,2717295,8.85,37.42,3.23,-2.89,22.88,61.20,64.06,62.00,65.39,69.03,-2.96,-2.96,-2.96,190.75,217.93,327.17,58.88,54.43,43.62,55.05,49.05,1.779807,99,61.20,7.37,-5.72,8.93,10.50,58.88,-0.11,-15.41,18.78,-0.26,1.397554,99
17-09-2025,NASDAQ:CRDO,Credo Technology Group Holding Ltd - Ordinary Shares,28447,5519543,6.09,164.42,0.27,9.36,24.42,29.00,51.85,71.40,57.75,83.11,0,0,0,107.68,393.75,507.84,26.68,42.22,53.02,47.41,63.13,1.7776,99,29.00,32.18,40.61,-47.72,60.02,26.68,24.70,30.92,-37.87,49.26,1.137362,95
17-09-2025,NASDAQ:SATS,EchoStar Corporation - Common stock,20661,9532434,6.49,69.8,-3.07,-19.73,6.53,60.09,64.03,62.32,66.42,68.09,-16.48,-16.48,-16.48,186.3,336.52,336.52,57.77,54.40,43.94,56.08,48.11,1.773555,98,60.09,9.87,-4.74,10.87,4.99,57.77,2.39,-14.43,20.72,-5.77,1.389921,99
17-09-2025,NASDAQ:GOSS,"Gossamer Bio, Inc. - Common Stock",680,4687462,9.43,3.2,0.63,13.44,19.06,38.75,60.00,56.56,77.73,72.50,-7.51,-7.51,-7.51,164.46,311.84,381.49,36.43,50.37,38.18,67.39,52.52,1.769026,98,38.75,34.69,-8.59,48.73,-23.49,36.43,27.21,-18.28,58.58,-34.25,1.238729,98
17-09-2025,NASDAQ:PGY,Pagaya Technologies Ltd. - Class A Ordinary Shares,3214,3334523,7.07,41.59,-0.87,9.31,12.58,19.93,55.11,72.40,76.46,70.76,-0.86,-0.86,-0.86,126.65,368.36,387,17.61,45.48,54.02,66.12,50.78,1.765393,98,19.93,43.93,38.51,14.72,-24.21,17.61,36.45,28.82,24.57,-34.97,1.146573,96
17-09-2025,NASDAQ:PSIX,"Power Solutions International, Inc. - Common Stock",2338,674342,7.34,98.42,2.94,5.70,17.61,12.95,45.61,66.38,72.57,82.23,-1.28,-1.28,-1.28,86.61,426.31,511.3,10.63,35.98,48.00,62.23,62.25,1.760574,98,12.95,37.52,38.18,18.40,35.22,10.63,30.04,28.49,28.25,24.46,1.038818,74
17-09-2025,NASDAQ:ALAB,"Astera Labs, Inc. - Common Stock",41452,4828621,5.99,238.79,3.14,10.18,27.03,22.17,60.09,69.83,48.65,82.68,0,0,0,177.82,351.06,477.35,19.85,50.46,51.45,38.31,62.70,1.753569,98,22.17,48.72,24.40,-70.19,66.27,19.85,41.24,14.71,-60.34,55.51,1.20412,98
17-09-2025,NASDAQ:QSG,QuantaSing Group Limited - American Depositary Shares,520,932611,10.29,10.15,5.42,13.00,24.14,26.11,-29.46,72.41,72.71,83.74,-24.76,-24.76,-24.76,43.56,287.4,523.73,23.79,-39.09,54.03,62.37,63.76,1.751391,98,26.11,-75.20,78.69,1.07,40.43,23.79,-82.68,69.00,10.92,29.67,0.90802,2
17-09-2025,NASDAQ:AMLX,"Amylyx Pharmaceuticals, Inc. - Common Stock",1362,1997654,6.1,11.96,0.92,12.12,16.56,33.11,54.52,68.65,63.46,79.18,0,0,0,138.25,261.33,380.32,30.79,44.89,50.27,53.12,59.20,1.728453,98,33.11,32.00,31.07,-16.53,43.02,30.79,24.52,21.38,-6.68,32.26,1.157044,97
17-09-2025,NYSE:CLS,"Celestica, Inc. Common Stock",28489,3244607,5.42,254.39,2.12,4.05,21.13,23.16,49.59,63.92,64.63,82.09,0,0,0,98.37,284.57,458.49,20.84,39.96,45.54,54.29,62.11,1.708691,98,23.16,34.40,28.43,1.97,49.37,20.84,26.92,18.74,11.82,38.61,1.087913,90
17-09-2025,AMEX:LEU,Centrus Energy Corp. Class A Common Stock,4191,1210066,7.32,233.62,-4.22,6.73,12.73,21.49,27.26,67.45,67.85,83.14,-6.3,-6.3,-6.3,40.24,329.21,492.94,19.17,17.63,49.07,57.51,63.16,1.706155,98,21.49,7.35,55.25,1.24,47.54,19.17,-0.13,45.56,11.09,36.78,0.987738,27
17-09-2025,NASDAQ:RR,Richtech Robotics Inc. - Class B Common Stock,597,42321329,14.33,3.87,-0.52,21.45,25.32,42.89,47.55,42.12,78.18,73.64,-0.51,-0.51,-5.84,123.7,123.7,629.64,40.57,37.92,23.74,67.84,53.66,1.684715,98,42.89,8.14,-10.34,62.30,-20.78,40.57,0.66,-20.03,72.15,-31.54,1.167564,97
17-09-2025,NASDAQ:HSAI,"Hesai Group - American Depositary Share, each ADS represents one Class B ordinary share",3143,3388942,6.58,29.8,0.00,3.39,16.04,14.13,35.81,25.17,61.74,87.18,0,0,0,67.04,172.15,680.1,11.81,26.18,6.79,51.40,67.20,1.663228,98,14.13,25.24,-16.57,48.88,66.49,11.81,17.76,-26.26,58.73,55.73,1.003762,45
17-09-2025,NASDAQ:RKLB,Rocket Lab Corporation - Common Stock,23194,22565964,7.98,47.245,-14.38,0.46,-4.37,6.30,43.80,59.57,50.58,85.48,-12.57,-12.57,-12.57,78.82,188.61,588.7,3.98,34.17,41.19,40.24,65.50,1.658363,98,6.30,40.03,28.06,-22.25,70.62,3.98,32.55,18.37,-12.40,59.86,1.039105,74
17-09-2025,NYSE:LDI,"loanDepot, Inc. Class A Common Stock",1509,14979146,11.97,4.44,-1.80,25.90,55.63,55.63,68.24,66.22,52.03,48.65,-1.77,-1.77,-1.77,249.61,335.29,335.29,53.31,58.61,47.84,41.69,28.67,1.655499,98,55.63,28.43,-6.38,-42.00,-7.04,53.31,20.95,-16.07,-32.15,-17.80,1.460756,99
17-09-2025,NASDAQ:ATAI,ATAI Life Sciences N.V. - Common Shares,988,4705547,7.74,4.65,0.00,-5.16,1.29,16.56,51.83,68.60,68.17,73.55,-4.91,-4.91,-4.91,130.2,284.3,338.68,14.24,42.20,50.22,57.83,53.57,1.640132,98,16.56,42.27,34.82,-1.37,16.89,14.24,34.79,25.13,8.48,6.13,1.108097,93
17-09-2025,NASDAQ:COMM,"CommScope Holding Company, Inc. - Common Stock",3611,5199058,3.71,16.36,-1.77,1.01,2.69,5.26,65.22,67.91,64.61,68.09,-1.74,-1.74,-1.74,187.52,441.72,441.72,2.94,55.59,49.53,54.27,48.11,1.640011,98,5.26,63.29,7.73,-10.29,9.84,2.94,55.81,-1.96,-0.44,-0.92,1.225947,98
17-09-2025,NASDAQ:HOOD,"Robinhood Markets, Inc. - Class A Common Stock",105432,40587787,5.2,117.38,2.17,-0.95,14.09,2.73,34.61,64.20,67.76,81.56,-0.95,-0.95,-0.95,56.61,243.52,442.42,0.41,24.98,45.82,57.42,61.58,1.636307,98,2.73,32.78,45.25,9.95,42.81,0.41,25.30,35.56,19.80,32.05,0.981084,21
17-09-2025,NASDAQ:OUST,"Ouster, Inc. - Common Stock",1770,2395386,7.29,29.75,2.64,4.17,6.05,-16.71,33.08,71.39,67.63,79.36,-15.12,-15.12,-15.12,56.66,350.08,401.69,-19.03,23.45,53.01,57.29,59.38,1.627977,98,-16.71,42.66,57.26,-13.16,36.24,-19.03,35.18,47.57,-3.31,25.48,0.970016,14
17-09-2025,NYSE:MP,MP Materials Corp. Common Stock,11832,9025881,5.21,65.98,0.06,4.29,-2.02,-13.72,47.48,59.55,70.52,79.10,-13.84,-13.84,-13.84,119.71,251.52,378.46,-16.04,37.85,41.17,60.18,59.12,1.615243,98,-13.72,53.82,22.97,27.13,29.10,-16.04,46.34,13.28,36.98,18.34,1.023732,65
17-09-2025,NYSE:PL,Planet Labs PBC Class A Common Stock,3150,14740091,7.45,9.75,-1.13,7.49,31.79,30.46,45.23,57.23,59.49,78.97,-1.12,-1.12,-1.12,93.84,229.39,375.61,28.14,35.60,38.85,49.15,58.99,1.582689,98,30.46,21.24,21.91,5.28,48.10,28.14,13.76,12.22,15.13,37.34,1.089026,90
17-09-2025,NASDAQ:TRML,"Tourmaline Bio, Inc.  - Common Stock",1226,1758412,4.43,47.71,0.13,0.15,50.60,52.69,60.24,61.73,48.90,62.67,0,0,0,201.39,294.3,294.3,50.37,50.61,43.35,38.56,42.69,1.577162,98,52.69,15.95,3.74,-33.52,26.95,50.37,8.47,-5.95,-23.67,16.19,1.323396,99
17-09-2025,NASDAQ:VSAT,"ViaSat, Inc. - Common Stock",4345,4236861,6.64,31.69,-3.88,2.59,2.11,14.48,58.69,68.19,69.86,52.60,-3.74,-3.74,-3.74,147,311.56,363.98,12.16,49.06,49.81,59.52,32.62,1.570674,98,14.48,51.70,22.99,5.26,-57.28,12.16,44.22,13.30,15.11,-68.04,1.206942,98
17-09-2025,NASDAQ:BITF,Bitfarms Ltd. - Common Stock,1685,61355232,10.09,2.89,14.19,44.98,53.63,56.40,70.59,61.94,28.37,29.41,0,0,0,287.3,322.33,322.33,54.08,60.96,43.56,18.03,9.43,1.568361,98,56.40,32.54,-29.41,-88.18,1.45,54.08,25.06,-39.10,-78.33,-9.31,1.550561,99
17-09-2025,AMEX:ASM,Avino Silver & Gold Mines Ltd. Common Shares (Canada),658,5254943,5.9,4.45,-3.37,6.74,-4.49,11.91,18.65,57.30,73.71,76.63,-4.3,-4.3,-4.3,39.94,204.79,416.24,9.59,9.02,38.92,63.37,56.65,1.553525,98,11.91,7.65,47.51,38.42,11.11,9.59,0.17,37.82,48.27,0.35,0.954064,8
17-09-2025,NASDAQ:LAES,SEALSQ Corp - Ordinary Shares,538,6252865,6.8,3.44,1.16,22.09,24.13,19.77,-15.12,-9.30,66.57,86.06,-23.89,-23.89,-62.11,35.97,53.57,905.85,17.45,-24.75,-27.68,56.23,66.08,1.544266,97,19.77,-43.48,5.05,69.41,58.31,17.45,-50.96,-4.64,79.26,47.55,0.897989,2
17-09-2025,NASDAQ:APP,Applovin Corporation - Class A Common Stock,205203,6723192,4.66,603.8,1.77,7.56,20.22,27.35,38.61,49.18,43.99,82.51,0,0,0,85.96,175.24,471.73,25.03,28.98,30.80,33.65,62.53,1.533464,97,27.35,15.50,17.22,-10.22,68.77,25.03,8.02,7.53,-0.37,58.01,1.05911,82
17-09-2025,NASDAQ:AEHR,Aehr Test Systems - Common Stock,849,2037345,9.27,28.51,-0.95,5.89,12.73,35.78,58.68,65.73,58.30,55.28,-0.94,-0.94,-0.94,155.7,320.5,320.5,33.46,49.05,47.35,47.96,35.30,1.5308,97,35.78,35.66,17.06,-21.70,-7.23,33.46,28.18,7.37,-11.85,-17.99,1.24623,98
17-09-2025,NASDAQ:SLDP,"Solid Power, Inc. - Class A Common Stock",696,8119193,9.4,3.74,-6.42,-1.07,-8.82,-35.29,48.40,69.25,69.52,65.24,-30.35,-30.35,-30.35,107.78,303.5,303.5,-37.61,38.77,50.87,59.18,45.26,1.523292,97,-35.29,61.86,40.41,0.87,-14.04,-37.61,54.38,30.72,10.72,-24.80,1.050248,79
17-09-2025,AMEX:UUUU,Energy Fuels Inc Ordinary Shares (Canada),3248,14409775,9.49,13.41,-3.06,2.46,15.29,26.99,56.75,67.56,52.27,62.04,-2.97,-2.97,-2.97,147.87,289.83,289.83,24.67,47.12,49.18,41.93,42.06,1.512857,97,26.99,40.76,25.00,-47.13,20.47,24.67,33.28,15.31,-37.28,9.71,1.204179,98
17-09-2025,NASDAQ:KTOS,"Kratos Defense & Security Solutions, Inc. - Common Stock",12784,2912327,4.71,76.35,7.35,15.44,13.44,10.28,46.02,58.23,64.19,71.21,0,0,0,87.27,174.44,247.36,7.96,36.39,39.85,53.85,51.23,1.48879,97,10.28,39.84,22.62,14.27,19.60,7.96,32.36,12.93,24.12,8.84,1.065039,84
17-09-2025,NASDAQ:WULF,TeraWulf Inc. - Common Stock,4630,42965324,7.59,10.94,4.11,5.85,11.97,18.01,60.42,70.20,34.10,60.60,0,0,0,206.44,388.39,388.39,15.69,50.79,51.82,23.76,40.62,1.488573,97,18.01,51.73,24.71,-121.17,40.22,15.69,44.25,15.02,-111.32,29.46,1.261961,99
17-09-2025,NASDAQ:KC,Kingsoft Cloud Holdings Limited - American Depositary Shares,4419,2309023,5.1,16.06,-1.74,-0.75,13.45,15.44,20.49,-12.27,42.34,86.30,-4.23,-12.91,-22.83,39.41,46.27,636.7,13.12,10.86,-30.65,32.00,66.32,1.485925,97,15.44,5.96,-41.19,48.64,76.24,13.12,-1.52,-50.88,58.49,65.48,0.983118,23
17-09-2025,AMEX:USAS,"Americas Gold and Silver Corporation Common Shares, no par value",764,1440439,7.3,2.85,-4.56,4.91,2.81,17.54,28.97,51.48,63.47,76.10,-4.36,-4.36,-4.36,48.48,174.9,333.3,15.22,19.34,33.10,53.13,56.12,1.466224,97,17.54,13.86,31.69,24.72,34.56,15.22,6.38,22.00,34.57,23.80,0.994009,34
17-09-2025,NYSE:RDDT,"Reddit, Inc. Class A Common Stock",49872,5704371,5.54,266.66,1.13,9.92,17.48,7.56,52.67,52.91,37.78,77.64,0,0,0,111.3,206.82,351.28,5.24,43.04,34.53,27.44,57.66,1.466176,97,7.56,48.80,0.51,-32.14,64.06,5.24,41.32,-9.18,-22.29,53.30,1.119631,94
17-09-2025,NASDAQ:LITE,Lumentum Holdings Inc. - Common Stock,11417,3932375,4.39,170.9,1.25,11.22,22.44,32.21,49.81,60.03,48.39,68.26,0,0,0,99.23,244.83,244.83,29.89,40.18,41.65,38.05,48.28,1.463306,97,32.21,25.96,20.37,-29.12,38.49,29.89,18.48,10.68,-19.27,27.73,1.15258,96
17-09-2025,NASDAQ:APLD,Applied Digital Corporation - Common Stock,5186,26237292,7.7,19.46,0.57,21.89,21.58,27.60,40.65,62.28,54.98,69.06,0,0,0,111.98,465.7,465.7,25.28,31.02,43.90,44.64,49.08,1.457583,97,27.60,18.03,36.45,-19.35,31.28,25.28,10.55,26.76,-9.50,20.52,1.085751,90
17-09-2025,NASDAQ:SSRM,SSR Mining Inc. - Common Stock,4417,3641350,3.87,21.54,-5.11,1.76,7.38,22.10,39.97,48.98,62.30,73.07,-5.36,-5.36,-5.36,82.54,136.96,307.95,19.78,30.34,30.60,51.96,53.09,1.456448,97,22.10,22.94,15.00,26.11,28.57,19.78,15.46,5.31,35.96,17.81,1.052496,80
17-09-2025,NASDAQ:LASR,"nLIGHT, Inc. - Common Stock",1473,874042,4.52,29.43,-1.02,0.95,3.33,11.04,35.68,68.74,61.67,63.78,-1.34,-1.34,-1.34,69.14,356.99,356.99,8.72,26.05,50.36,51.33,43.80,1.455761,97,11.04,27.69,51.40,-22.61,5.50,8.72,20.21,41.71,-12.76,-5.26,1.046793,77
17-09-2025,NASDAQ:METC,"Ramaco Resources, Inc. - Class A Common Stock",1617,2564748,7.28,25.74,-1.63,0.74,6.49,8.35,55.75,64.06,54.00,60.88,-8.66,-8.66,-8.66,157.92,285.33,285.33,6.03,46.12,45.68,43.66,40.90,1.450303,97,8.35,51.72,18.79,-28.00,14.95,6.03,44.24,9.10,-18.15,4.19,1.156068,96
17-09-2025,NASDAQ:EOSE,"Eos Energy Enterprises, Inc. - Common Stock",2373,12044424,7.55,8.29,0.12,15.80,9.41,29.31,44.15,49.82,61.16,68.03,0,0,0,97.85,151.21,285.58,26.99,34.52,31.44,50.82,48.05,1.441489,97,29.31,20.99,10.15,22.60,17.70,26.99,13.51,0.46,32.45,6.94,1.099531,92
17-09-2025,AMEX:GROY,Gold Royalty Corp. Common Shares,621,2693822,5.37,3.7,-1.35,-1.62,-3.24,18.11,39.19,57.84,64.32,66.49,-3.65,-3.65,-3.65,68.18,186.82,216.24,15.79,29.56,39.46,53.98,46.51,1.44137,97,18.11,25.74,30.67,15.38,6.06,15.79,18.26,20.98,25.23,-4.70,1.054546,80
17-09-2025,NASDAQ:NBIS,Nebius Group N.V. - Class A Ordinary Shares,23474,18530870,6.28,89.43,-1.71,-7.03,26.51,19.92,43.58,68.37,63.35,45.95,-6.57,-6.57,-6.57,101.87,345.81,421.15,17.60,33.95,49.99,53.01,25.97,1.438467,97,19.92,29.54,43.94,-15.87,-47.47,17.60,22.06,34.25,-6.02,-58.23,1.129232,95
17-09-2025,NASDAQ:HUT,Hut 8 Corp. - Common Stock,3988,5840608,7.94,35.03,2.38,16.36,21.78,33.43,47.30,63.03,23.81,68.91,0,0,0,120.45,229.23,229.23,31.11,37.67,44.65,13.47,48.93,1.425377,97,33.43,20.84,29.85,-106.10,59.20,31.11,13.36,20.16,-96.25,48.44,1.187373,97
17-09-2025,NASDAQ:PLTR,Palantir Technologies Inc. - Class A Common Stock,399337,72669431,4.71,170.26,-0.56,4.64,7.74,-4.06,16.94,48.70,57.41,79.50,-8.94,-8.94,-8.94,30.29,130.05,387.71,-6.38,7.31,30.32,47.07,59.52,1.420368,97,-4.06,20.18,38.23,16.99,51.85,-6.38,12.70,28.54,26.84,41.09,0.925686,3
17-09-2025,NASDAQ:PRME,"Prime Medicine, Inc. - Common Stock",829,2958608,8.41,4.67,14.13,11.78,33.19,23.55,67.88,62.53,32.33,13.28,-2.81,-2.81,-2.81,211.33,306.09,306.09,21.23,58.25,44.15,21.99,-6.70,1.410559,97,23.55,57.98,-16.67,-80.57,-28.16,21.23,50.50,-26.36,-70.72,-38.92,1.397217,99
17-09-2025,NASDAQ:SOFI,"SoFi Technologies, Inc.  - Common Stock",32171,68774847,5.34,27.42,-0.91,5.29,9.15,13.31,45.66,55.07,41.87,72.79,-0.9,-0.9,-0.9,90.02,188.63,267.56,10.99,36.03,36.69,31.53,52.81,1.404158,97,13.31,37.32,17.32,-29.38,53.20,10.99,29.84,7.63,-19.53,42.44,1.085817,90
17-09-2025,NYSE:CDE,"Coeur Mining, Inc. Common Stock",10283,14165375,4.42,16.27,-4.06,11.92,16.04,28.15,43.82,60.48,54.64,57.90,-3.9,-3.9,-3.9,87.44,238.25,238.25,25.83,34.19,42.10,44.30,37.92,1.398307,96,28.15,21.81,29.65,-14.77,7.18,25.83,14.33,19.96,-4.92,-3.58,1.118737,94
17-09-2025,NASDAQ:INOD,Innodata Inc. - Common Stock,2132,2585383,6.55,65.89,0.33,18.61,43.18,39.00,32.36,30.29,42.74,76.51,0,0,0,79.63,122,379.55,36.68,22.73,11.91,32.40,56.53,1.396769,96,39.00,-10.90,-3.05,17.85,58.97,36.68,-18.38,-12.74,27.70,48.21,1.073577,87
17-09-2025,NASDAQ:AMSC,American Superconductor Corporation - Common Stock,2732,956532,5.32,56.51,-0.14,11.79,13.71,6.11,47.58,64.77,49.02,61.64,-0.6,-0.6,-0.6,90.78,257.66,257.66,3.79,37.95,46.39,38.68,41.66,1.396565,96,6.11,44.18,32.78,-44.70,24.75,3.79,36.70,23.09,-34.85,13.99,1.10425,92
17-09-2025,NASDAQ:LIF,"Life360, Inc. - Common Stock",7755,777183,3.48,100.17,-2.32,4.22,13.06,14.71,37.38,58.93,56.55,65.96,-2.85,-2.85,-2.85,66.34,216.79,216.79,12.39,27.75,40.55,46.21,45.98,1.390801,96,14.71,26.57,34.42,-5.79,21.65,12.39,19.09,24.73,4.06,10.89,1.046146,77
17-09-2025,NYSE:DRD,DRDGOLD Limited American Depositary Shares,1951,870752,3.84,23.37,0.30,7.36,15.40,35.99,37.10,42.28,56.87,64.66,0,0,0,80.32,80.32,182.93,33.67,27.47,23.90,46.53,44.68,1.37174,96,35.99,1.74,8.23,25.28,18.06,33.67,-5.74,-1.46,35.13,7.30,1.09201,91
17-09-2025,NYSE:CIEN,Ciena Corporation Common Stock,19237,3141699,3.86,137.48,1.15,11.12,31.92,33.90,46.35,52.23,46.75,60.34,0,0,0,87.17,156.97,156.97,31.58,36.72,33.85,36.41,40.36,1.369878,96,33.90,18.83,10.95,-11.46,25.52,31.58,11.35,1.26,-1.61,14.76,1.143856,96
17-09-2025,NASDAQ:WBTN,WEBTOON Entertainment Inc. - Common stock,2743,1233933,6.49,20.8,28.08,28.51,30.96,28.03,57.84,56.68,35.05,50.43,0,0,0,148.8,196.3,196.3,25.71,48.21,38.30,24.71,30.45,1.369417,96,28.03,41.42,-2.74,-49.94,23.69,25.71,33.94,-12.43,-40.09,12.93,1.238134,98
17-09-2025,NASDAQ:RAPP,"Rapport Therapeutics, Inc. - Common Stock",1213,1582294,12.87,26.19,5.57,-7.03,37.50,43.85,57.24,61.13,22.68,27.80,-16.78,-16.78,-16.78,140.72,216.69,266.29,41.53,47.61,42.75,12.34,7.82,1.368394,96,43.85,23.84,9.11,-98.92,6.62,41.53,16.36,-0.58,-89.07,-4.14,1.327461,99
17-09-2025,NYSE:TPC,Tutor Perini Corporation Common Stock,3356,547211,3.19,63.88,-0.53,5.34,7.44,11.16,33.16,59.88,57.45,63.48,-0.53,-0.53,-0.53,52.49,225.42,225.42,8.84,23.53,41.50,47.11,43.50,1.36813,96,11.16,24.76,39.98,-6.05,14.16,8.84,17.28,30.29,3.80,3.40,1.028801,68
17-09-2025,NASDAQ:GLXY,Galaxy Digital Inc. - Class A common stock,12571,8082235,6.83,31.83,3.33,16.49,24.10,18.03,39.15,61.84,39.37,66.67,-0.19,-0.19,-0.19,72.33,265.69,265.69,15.71,29.52,43.46,29.03,46.69,1.367843,96,18.03,25.76,37.29,-58.88,45.03,15.71,18.28,27.60,-49.03,34.27,1.083978,90
17-09-2025,NASDAQ:WLDN,"Willdan Group, Inc. - Common Stock",1497,452858,5.14,100.58,1.83,5.74,-6.05,-12.36,42.86,58.71,57.73,62.74,-16.43,-16.43,-16.43,75.01,172.57,225.71,-14.68,33.23,40.33,47.39,42.76,1.361913,96,-12.36,49.15,27.74,-2.38,11.85,-14.68,41.67,18.05,7.47,1.09,1.040254,74
17-09-2025,NYSE:GFI,Gold Fields Limited American Depositary Shares,34047,3552842,3.09,38.37,-1.20,6.88,10.37,21.71,35.31,46.18,61.19,63.49,-1.18,-1.18,-1.18,67.77,92.43,191.57,19.39,25.68,27.80,50.85,43.51,1.358341,96,21.71,17.38,16.80,27.89,5.91,19.39,9.90,7.11,37.74,-4.85,1.050587,79
17-09-2025,NASDAQ:SBET,"SharpLink Gaming, Inc. - Common Stock",3021,29550452,7.7,16.95,0.94,1.53,-0.18,-17.11,20.88,76.88,41.95,50.54,-54.65,-78.6,-78.6,88.33,560.66,560.66,-19.43,11.25,58.50,31.61,30.56,1.357656,96,-17.11,32.44,70.78,-151.15,14.80,-19.43,24.96,61.09,-141.30,4.04,1.065055,84
17-09-2025,NYSE:RBLX,Roblox Corporation Class A Common Stock,93852,8106111,4.05,135.84,-1.04,2.98,5.43,13.62,26.06,58.06,55.91,66.57,-1.42,-1.42,-1.42,35.24,165.21,240.79,11.30,16.43,39.68,45.57,46.59,1.357257,96,13.62,14.40,43.28,-5.13,24.18,11.30,6.92,33.59,4.72,13.42,1.00386,45
17-09-2025,NASDAQ:REAL,"The RealReal, Inc. - Common Stock",1204,4315975,5.64,10.07,0.70,17.58,24.03,23.24,47.37,41.01,7.35,75.17,0,0,-9.93,110.23,110.23,302.8,20.92,37.74,22.63,-2.99,55.19,1.357255,96,23.24,31.44,-12.08,-57.07,73.20,20.92,23.96,-21.77,-47.22,62.44,1.146362,96
17-09-2025,NASDAQ:PSNYW,Polestar Automotive Holding UK Limited - Class C-1 ADS (ADW),2081,10536000,24.93,0.3255,-1.04,11.31,2.46,50.88,54.29,40.74,51.49,4.82,-30.74,-30.74,-30.74,132.5,132.5,135.87,48.56,44.66,22.36,41.15,-15.16,1.347396,96,50.88,6.94,-29.64,18.14,-96.20,48.56,-0.54,-39.33,27.99,-106.96,1.348833,99
17-09-2025,NYSE:QS,QuantumScape Corporation Class A Common Stock,5807,26221691,7.52,10.15,-2.07,15.96,23.84,11.03,55.86,56.06,50.84,42.86,-30.67,-30.67,-30.67,139.95,192.51,192.51,8.71,46.23,37.68,40.50,22.88,1.344907,96,11.03,50.39,0.45,-11.88,-16.23,8.71,42.91,-9.24,-2.03,-26.99,1.185981,97
17-09-2025,NASDAQ:WDC,Western Digital Corporation - Common Stock,35018,8313947,2.99,103.09,0.68,8.29,20.55,27.19,44.31,56.59,48.77,53.64,0,0,0,79.57,237.56,237.56,24.87,34.68,38.21,38.43,33.66,1.343216,96,27.19,23.51,22.05,-18.03,9.51,24.87,16.03,12.36,-8.18,-1.25,1.126077,95
17-09-2025,NYSE:SGHC,Super Group (SGHC) Limited Ordinary Shares,6453,3461515,4.55,13.09,3.06,-0.46,15.74,11.61,24.60,48.74,47.14,73.26,-0.46,-0.46,-0.46,35.23,118.53,277.23,9.29,14.97,30.36,36.80,53.28,1.33725,96,11.61,14.69,32.02,-3.13,49.42,9.29,7.21,22.33,6.72,38.66,0.986617,26
17-09-2025,NASDAQ:RIOT,"Riot Platforms, Inc. - Common Stock",6513,42638979,7.08,17.52,4.79,13.18,19.58,35.33,41.95,55.71,32.82,59.87,0,0,0,89,178.54,178.54,33.01,32.32,37.33,22.48,39.89,1.336712,96,35.33,10.24,23.70,-51.68,40.27,33.01,2.76,14.01,-41.83,29.51,1.143357,96
17-09-2025,NASDAQ:STX,Seagate Technology Holdings PLC - Ordinary Shares (Ireland),45439,3605277,3.47,211.13,0.00,9.25,19.24,26.86,37.93,57.13,53.40,52.34,0,0,0,61.33,217.3,217.3,24.54,28.30,38.75,43.06,32.36,1.335014,96,26.86,15.15,30.93,-8.71,-2.27,24.54,7.67,21.24,1.14,-13.03,1.095397,91
17-09-2025,NASDAQ:TNGX,"Tango Therapeutics, Inc. - Common Stock",848,1673917,6.57,7.35,7.21,7.21,9.39,7.89,34.83,73.47,57.82,-36.05,0,0,-30,53.44,568.18,568.18,5.57,25.20,55.09,47.48,-56.03,1.333485,96,7.89,29.25,59.29,-58.97,-222.58,5.57,21.77,49.60,-49.12,-233.34,1.233866,98
17-09-2025,NASDAQ:LQDA,Liquidia Corporation - Common Stock,2152,2231355,4.77,26.03,-2.84,-6.80,-9.80,0.31,45.87,43.18,57.97,62.66,-10.92,-10.92,-10.92,116.92,117.1,167.8,-2.01,36.24,24.80,47.63,42.68,1.332963,96,0.31,45.70,-4.97,26.03,11.15,-2.01,38.22,-14.66,35.88,0.39,1.070574,86
17-09-2025,NASDAQ:STOK,"Stoke Therapeutics, Inc. - Common Stock",1246,911116,5.82,23.16,-1.04,4.71,15.41,21.37,49.48,61.14,43.96,40.80,-3.02,-3.02,-3.02,104.05,292.54,292.54,19.05,39.85,42.76,33.62,20.82,1.328315,95,21.37,35.75,23.08,-44.22,-5.62,19.05,28.27,13.39,-34.37,-16.38,1.169366,97
17-09-2025,NYSE:BBAI,"BigBear.ai, Inc. Common Stock",2232,64659528,6.08,5.94,14.31,19.19,15.49,-3.37,30.30,41.25,49.83,73.91,-27.74,-27.74,-39.26,50,148.54,330.43,-5.69,20.67,22.87,39.49,53.93,1.325152,95,-3.37,32.57,15.70,14.61,47.99,-5.69,25.09,6.01,24.46,37.23,0.979579,20
17-09-2025,NASDAQ:STRL,"Sterling Infrastructure, Inc. - Common Stock",9763,405540,4.31,319.38,-1.10,10.24,13.30,13.79,34.39,62.27,41.00,61.43,-1.09,-1.09,-1.09,52.41,204.29,204.29,11.47,24.76,43.89,30.66,41.45,1.324382,95,13.79,23.90,42.50,-56.39,34.64,11.47,16.42,32.81,-46.54,23.88,1.062804,84
17-09-2025,NASDAQ:EVLV,"Evolv Technologies Holdings, Inc. - Class A Common Stock",1402,3181555,5.31,8.37,-0.72,0.24,2.75,7.41,38.23,62.01,51.97,52.93,-4.45,-4.45,-4.45,61.9,193.68,289.3,5.09,28.60,43.63,41.63,32.95,1.323417,95,7.41,33.29,38.49,-26.42,1.99,5.09,25.81,28.80,-16.57,-8.77,1.066401,85
17-09-2025,NASDAQ:VRNA,Verona Pharma plc - American Depositary Shares,9138,1433149,0.22,106.27,-0.09,-0.03,0.16,0.94,12.77,37.37,62.40,71.78,-0.15,-0.15,-0.15,22.35,97.16,284.48,-1.38,3.14,18.99,52.06,51.80,1.321975,95,0.94,11.94,28.20,39.96,24.95,-1.38,4.46,18.51,49.81,14.19,0.933334,4
17-09-2025,NYSE:U,Unity Software Inc. Common Stock,19254,11200580,5.22,45.92,-1.33,0.91,14.18,17.23,46.86,53.27,42.18,58.82,-1.31,-1.31,-1.31,99.05,174.15,174.15,14.91,37.23,34.89,31.84,38.84,1.321321,95,17.23,35.81,12.05,-23.72,28.78,14.91,28.33,2.36,-13.87,18.02,1.115568,93
17-09-2025,NASDAQ:TTMI,"TTM Technologies, Inc. - Common Stock",5065,2026642,4.55,50.27,1.73,5.31,10.56,16.85,26.22,55.98,49.59,64.09,0,0,0,38.1,186.11,186.11,14.53,16.59,37.60,39.25,44.11,1.315704,95,16.85,11.27,40.33,-14.51,28.77,14.53,3.79,30.64,-4.66,18.01,1.017074,58
17-09-2025,NASDAQ:VNET,"VNET Group, Inc. - American Depositary Shares",2580,7227224,7.88,9.59,0.00,13.14,15.95,18.98,40.77,-18.67,57.87,69.86,0,-15.73,-34.67,76.29,102.32,251.28,16.66,31.14,-37.05,47.53,49.88,1.310698,95,18.98,26.90,-100.35,64.50,28.47,16.66,19.42,-110.04,74.35,17.71,1.116026,93
17-09-2025,NYSE:SMR,NuScale Power Corporation Class A Common Stock,10293,14234425,7.96,37.26,-4.91,5.15,0.05,4.80,-14.04,52.76,39.88,76.84,-27.89,-27.89,-27.89,14.12,195.71,331.75,2.48,-23.67,34.38,29.54,56.86,1.310585,95,4.80,-19.79,58.58,-27.27,61.47,2.48,-27.27,48.89,-17.42,50.71,0.909824,2
17-09-2025,NYSE:HL,Hecla Mining Company Common Stock,7390,25695879,4.49,11.35,-3.61,10.31,21.41,32.42,47.67,48.19,48.46,43.26,-3.49,-3.49,-3.49,103.04,150,150,30.10,38.04,29.81,38.12,23.28,1.30978,95,32.42,22.56,1.01,0.51,-10.09,30.10,15.08,-8.68,10.36,-20.85,1.170278,97
17-09-2025,AMEX:ARMN,Aris Mining Corporation Common Shares,1929,1913886,4.16,9.66,-2.07,2.90,9.42,28.57,28.36,52.80,57.14,51.55,-2.03,-2.03,-2.03,47.26,127.29,191.84,26.25,18.73,34.42,46.80,31.57,1.308996,95,28.57,-0.29,34.10,9.21,-13.04,26.25,-7.77,24.41,19.06,-23.80,1.0625,84
17-09-2025,NASDAQ:COOP,Mr. Cooper Group Inc. - Common Stock,14136,767934,4.54,216.22,-1.66,0.43,15.69,11.54,33.23,53.09,55.62,58.39,-1.87,-1.87,-1.87,54.85,113.17,147.48,9.22,23.60,34.71,45.28,38.41,1.307704,95,11.54,24.53,29.74,5.39,6.24,9.22,17.05,20.05,15.24,-4.52,1.034465,72
17-09-2025,NYSE:W,Wayfair Inc. Class A Common Stock,11198,4320693,4.16,87.24,-0.56,1.20,10.99,9.75,44.57,63.20,37.04,48.67,-3.25,-3.25,-3.25,80.66,261.39,261.39,7.43,34.94,44.82,26.70,28.69,1.302481,95,9.75,38.57,33.62,-71.12,18.48,7.43,31.09,23.93,-61.27,7.72,1.123574,94
17-09-2025,NASDAQ:RCAT,"Red Cat Holdings, Inc. - Common Stock",1125,7405011,8.06,10.83,2.86,20.41,18.01,22.35,15.14,46.54,32.69,73.59,-11.3,-11.3,-23.68,59.73,132.4,358.9,20.03,5.51,28.16,22.35,53.61,1.301581,95,22.35,-9.27,37.00,-25.91,60.77,20.03,-16.75,27.31,-16.06,50.01,0.994686,35
17-09-2025,NASDAQ:PROK,ProKidney Corp. - Class A Ordinary Shares,745,2340447,9.08,2.62,6.49,15.65,12.21,9.92,62.35,60.31,21.76,9.16,-49.42,-49.42,-49.42,363.55,412.82,412.82,7.60,52.72,41.93,11.42,-10.82,1.301308,95,9.92,58.21,-5.44,-97.12,-16.10,7.60,50.73,-15.13,-87.27,-26.86,1.311676,99
17-09-2025,NASDAQ:WBD,"Warner Bros. Discovery, Inc. - Series A Common Stock",44539,79834933,5.87,18.25,-6.63,32.82,36.33,35.07,41.04,42.58,40.71,58.03,-6.22,-6.22,-6.22,73.48,137.32,148.98,32.75,31.41,24.20,30.37,38.05,1.298984,95,35.07,9.20,2.60,-3.24,29.21,32.75,1.72,-7.09,6.61,18.45,1.123792,94
17-09-2025,NASDAQ:ASPI,ASP Isotopes Inc. - Common Stock,804,4296805,7.7,8.97,-3.23,5.24,3.34,-3.79,11.93,52.40,53.34,69.90,-19.98,-19.98,-19.98,34.08,118.25,238.49,-6.11,2.30,34.02,43.00,49.92,1.29872,95,-3.79,15.15,45.95,1.99,35.48,-6.11,7.67,36.26,11.84,24.72,0.935986,5
17-09-2025,NASDAQ:SYM,Symbotic Inc. - Class A Common Stock,29040,1579694,5.64,51.61,0.43,6.06,11.66,-1.86,37.12,56.77,48.30,60.30,-18.35,-18.35,-18.35,65.63,194.91,194.91,-4.18,27.49,38.39,37.96,40.32,1.297987,95,-1.86,38.27,31.25,-19.59,23.20,-4.18,30.79,21.56,-9.74,12.44,1.035271,72
17-09-2025,NASDAQ:APPS,"Digital Turbine, Inc. - Common Stock",562,2976706,6.51,5.34,5.81,14.42,22.28,19.48,9.93,28.28,72.66,48.50,-29.18,-29.18,-29.18,38.34,142.73,341.32,17.16,0.30,9.90,62.32,28.52,1.297579,95,19.48,-11.86,20.37,61.88,-88.36,17.16,-19.34,10.68,71.73,-99.12,1.029698,69
17-09-2025,NYSE:REZI,"Resideo Technologies, Inc. Common Stock",5895,1972869,2.9,39.6,1.69,10.00,15.15,20.76,46.72,55.33,32.65,53.54,0,0,0,89.66,169.57,169.57,18.44,37.09,36.95,22.31,33.56,1.295583,95,20.76,32.76,16.16,-50.76,31.01,18.44,25.28,6.47,-40.91,20.25,1.139839,96
17-09-2025,NYSE:BKSY,BlackSky Technology Inc. Class A Common Stock,680,1614541,6.82,18.58,-6.03,12.16,8.18,2.21,38.21,49.62,40.20,67.28,-34.32,-34.32,-34.32,62.41,180.24,357.64,-0.11,28.58,31.24,29.86,47.30,1.295393,95,2.21,36.82,18.47,-18.70,45.27,-0.11,29.34,8.78,-8.85,34.51,1.037705,73
17-09-2025,NYSE:AU,AngloGold Ashanti PLC Ordinary Shares,33031,3350932,3.09,65.6,-2.29,5.61,11.37,17.21,24.27,49.71,58.61,57.39,-2.24,-2.24,-2.24,49.5,98.85,186.59,14.89,14.64,31.33,48.27,37.41,1.29364,95,17.21,8.53,33.60,17.70,-2.95,14.89,1.05,23.91,27.55,-13.71,1.014888,56
17-09-2025,AMEX:UEC,Uranium Energy Corp. Common Stock,5439,13423930,6.86,12.34,-6.73,2.03,11.02,13.05,45.95,55.27,31.44,57.46,-6.3,-6.3,-6.3,108.45,208.5,208.5,10.73,36.32,36.89,21.10,37.48,1.290878,94,13.05,37.84,17.24,-53.26,37.94,10.73,30.36,7.55,-43.41,27.18,1.118729,94
17-09-2025,NASDAQ:INDV,Indivior PLC - Ordinary Shares,2866,2025082,3.03,22.77,-1.87,-8.30,-8.04,-3.03,37.73,56.13,48.84,57.75,-8.85,-8.85,-8.85,66.33,158.46,205.23,-5.35,28.10,37.75,38.50,37.77,1.286638,94,-3.03,39.56,29.55,-16.62,17.42,-5.35,32.08,19.86,-6.77,6.66,1.038982,74
17-09-2025,NASDAQ:GILT,Gilat Satellite Networks Ltd. - Ordinary Shares,637,896133,3.86,11.28,-1.95,5.32,17.11,21.99,43.35,36.44,45.66,60.11,-1.91,-1.91,-1.91,80.77,106.22,150.67,19.67,33.72,18.06,35.32,40.13,1.284318,94,21.99,27.39,-12.21,14.50,26.59,19.67,19.91,-21.90,24.35,15.83,1.099743,92
17-09-2025,NASDAQ:DNTH,"Dianthus Therapeutics, Inc. - Common Stock",1548,1002884,9.07,37.47,1.15,5.07,36.35,44.65,51.37,41.37,33.28,25.78,-1.13,-1.13,-1.13,122.31,152.15,152.15,42.33,41.74,22.99,22.94,5.80,1.281288,94,44.65,12.15,-20.58,-13.79,-11.24,42.33,4.67,-30.27,-3.94,-22.00,1.260872,98
17-09-2025,NYSE:JOBY,"Joby Aviation, Inc. Common Stock",12121,36280276,5.84,14.39,1.88,6.74,7.02,-15.57,37.46,55.32,44.82,62.82,-29.43,-29.43,-29.43,69.1,169.98,199.79,-17.89,27.83,36.94,34.48,42.84,1.281125,94,-15.57,45.88,28.56,-23.48,32.62,-17.89,38.40,18.87,-13.63,21.86,1.020595,61
17-09-2025,NYSE:BBW,"Build-A-Bear Workshop, Inc. Common Stock",940,461913,6.01,74.66,-1.59,5.06,20.13,25.53,29.24,52.87,43.08,58.12,-1.57,-1.57,-1.57,51.26,125.15,143.35,23.21,19.61,34.49,32.74,38.14,1.279972,94,25.53,4.98,33.39,-20.77,26.42,23.21,-2.50,23.70,-10.92,15.66,1.054832,80
17-09-2025,NASDAQ:CRML,Critical Metals Corp. - Ordinary Shares,628,4908628,11.4,6.5,-2.92,9.69,10.54,10.15,53.38,71.69,-13.69,-9.23,-5.39,-5.39,-25.46,198.17,374.45,374.45,7.83,43.75,53.31,-24.03,-29.21,1.279108,94,10.15,48.12,39.27,-301.63,3.92,7.83,40.64,29.58,-291.78,-6.84,1.372432,99
17-09-2025,NYSE:PARR,"Par Pacific Holdings, Inc.  Common Stock",1792,1737758,5.56,35.43,5.76,-2.17,0.11,18.12,25.63,58.43,52.86,48.21,-2.13,-2.13,-2.13,34.46,189.7,189.7,15.80,16.00,40.05,42.52,28.23,1.27877,94,18.12,9.17,44.10,-13.37,-9.88,15.80,1.69,34.41,-3.52,-20.64,1.042554,75
17-09-2025,NASDAQ:XMTR,"Xometry, Inc. - Class A Common Stock",2625,737610,5.56,51.16,-1.90,2.58,0.31,6.80,40.01,49.77,32.04,65.30,-1.86,-1.86,-1.86,66.7,164.53,197.96,4.48,30.38,31.39,21.70,45.32,1.278723,94,6.80,35.63,16.26,-35.29,48.95,4.48,28.15,6.57,-25.44,38.19,1.063553,84
17-09-2025,NASDAQ:VSTM,"Verastem, Inc. - Common Stock",581,2626071,7.25,9.13,-7.56,-8.65,-0.99,9.97,38.23,20.81,46.22,69.66,-15.23,-15.23,-15.23,120,120,249.81,7.65,28.60,2.43,35.88,49.68,1.278716,94,9.97,31.39,-28.19,32.09,43.58,7.65,23.91,-37.88,41.94,32.82,1.046348,77
17-09-2025,NASDAQ:TLN,Talen Energy Corporation - Common Stock,18644,1164910,3.3,409.6,1.01,4.92,8.41,7.76,31.42,49.46,48.55,61.92,0,0,0,55.15,134.86,162.58,5.44,21.79,31.08,38.21,41.94,1.275275,94,7.76,25.65,26.31,-1.80,25.98,5.44,18.17,16.62,8.05,15.22,1.018335,60
17-09-2025,NYSE:KGC,Kinross Gold Corporation Common Stock,27374,15896557,2.43,22.74,-2.29,1.63,5.63,15.00,31.49,47.14,53.56,56.99,-2.32,-2.32,-2.32,52.93,92.88,151.83,12.68,21.86,28.76,43.22,37.01,1.275199,94,15.00,19.40,22.85,12.15,7.39,12.68,11.92,13.16,22.00,-3.37,1.034691,72
17-09-2025,NASDAQ:TRVI,"Trevi Therapeutics, Inc. - Common Stock",972,3149580,8.31,7.96,-1.32,-5.78,8.67,5.53,20.41,17.84,68.72,58.54,-18.36,-18.36,-18.36,45.52,50.76,219.68,3.21,10.78,-0.54,58.38,38.56,1.273941,94,5.53,15.76,-3.24,61.93,-32.53,3.21,8.28,-12.93,71.78,-43.29,1.004033,45
17-09-2025,NYSE:TME,"Tencent Music Entertainment Group American Depositary Shares, each representing two Class A Ordinary Shares",35294,5686229,2.73,25.48,-0.16,0.86,3.65,-0.27,25.98,48.74,53.77,61.73,-2.86,-2.86,-2.86,40,112.87,169.34,-2.59,16.35,30.36,43.43,41.75,1.26737,94,-0.27,26.18,30.75,9.80,17.23,-2.59,18.70,21.06,19.65,6.47,0.98688,26
17-09-2025,NASDAQ:HIVE,HIVE Digital Technologies Ltd - Common Shares,898,28227380,8.18,3.88,-2.06,22.94,23.97,42.78,51.03,54.90,-2.58,22.16,-2.02,-2.02,-26.1,132.34,196.18,196.18,40.46,41.40,36.52,-12.92,2.18,1.267261,94,42.78,14.41,7.89,-127.43,24.12,40.46,6.93,-1.80,-117.58,13.36,1.299378,99
17-09-2025,NYSE:FIX,"Comfort Systems USA, Inc. Common Stock",26917,402585,3.22,777.18,-0.63,8.70,10.11,12.39,35.55,55.44,39.23,56.38,-0.62,-0.62,-0.62,56.89,162.11,162.11,10.07,25.92,37.06,28.89,36.40,1.266796,94,12.39,26.43,30.86,-36.35,28.21,10.07,18.95,21.17,-26.50,17.45,1.061409,83
17-09-2025,NASDAQ:RMBS,"Rambus, Inc. - Common Stock",10493,1885172,5.62,97.05,2.24,23.18,24.28,23.53,37.79,43.83,39.14,59.18,0,0,0,63.44,126.25,153.46,21.21,28.16,25.45,28.80,39.20,1.265666,94,23.53,18.66,9.71,-8.35,32.92,21.21,11.18,0.02,1.50,22.16,1.079514,89
17-09-2025,AMEX:SLI,Standard Lithium Ltd. Common Shares,594,1457303,5.34,2.94,-4.42,4.76,2.72,0.00,36.05,52.38,44.56,59.52,-4.23,-4.23,-4.23,65.17,164.86,164.86,-2.32,26.42,34.00,34.22,39.54,1.26534,94,0.00,36.05,25.53,-16.43,26.99,-2.32,28.57,15.84,-6.58,16.23,1.033633,71
17-09-2025,NASDAQ:XERS,"Xeris Biopharma Holdings, Inc. - Common Stock",1239,1809791,3.15,7.47,1.47,-2.81,-6.02,-2.81,41.10,32.66,53.01,61.71,-6.51,-6.51,-6.51,69.77,89.11,170.65,-5.13,31.47,14.28,42.67,41.73,1.263938,94,-2.81,42.71,-14.32,30.22,18.52,-5.13,35.23,-24.01,40.07,7.76,1.047247,77
17-09-2025,NASDAQ:FUTU,Futu Holdings Limited - American Depositary Shares,24458,2382829,4.72,175.67,-2.85,-7.06,-6.44,0.81,29.69,33.34,51.11,67.58,-9.79,-9.79,-9.79,55.8,134.82,208.41,-1.51,20.06,14.96,40.77,47.60,1.263468,94,0.81,29.12,5.18,26.67,33.67,-1.51,21.64,-4.51,36.52,22.91,0.992394,32
17-09-2025,NASDAQ:CMPX,"Compass Therapeutics, Inc. - Common Stock",602,906179,5.88,3.61,-2.22,3.60,4.99,17.73,34.35,34.90,53.74,57.34,-2.17,-2.17,-7.44,64.84,147.26,167.41,15.41,24.72,16.52,43.40,37.36,1.260048,94,17.73,20.20,0.84,28.94,7.78,15.41,12.72,-8.85,38.79,-2.98,1.051655,79
17-09-2025,NASDAQ:WGS,GeneDx Holdings Corp. - Class A Common Stock,3675,570829,4.61,121.37,-0.55,-3.79,-5.61,-4.11,44.89,22.17,39.17,68.55,-8.43,-8.43,-8.43,89.52,115.35,229.45,-6.43,35.26,3.79,28.83,48.57,1.25998,94,-4.11,47.07,-41.23,21.84,48.30,-6.43,39.59,-50.92,31.69,37.54,1.068701,86
17-09-2025,NASDAQ:DOMO,"Domo, Inc. - Class B Common Stock",707,932178,5.77,16.87,-2.61,8.12,15.77,16.30,18.73,49.44,53.47,57.50,-3.98,-3.98,-3.98,38.73,154.07,154.83,13.98,9.10,31.06,43.13,37.52,1.259111,94,16.30,2.90,37.78,7.97,8.66,13.98,-4.58,28.09,17.82,-2.10,0.998284,39
17-09-2025,NYSE:PRM,"Perimeter Solutions, SA Common Stock",3162,1393722,3.71,21.56,-3.99,-2.97,-4.45,13.91,38.54,57.84,38.91,45.64,-6.18,-6.18,-6.18,64.2,139.02,139.02,11.59,28.91,39.46,28.57,25.66,1.255951,93,13.91,28.61,31.40,-44.88,11.01,11.59,21.13,21.71,-35.03,0.25,1.093015,91
17-09-2025,AMEX:NGD,New Gold Inc.,5114,14071239,3.42,6.43,-4.82,1.40,4.82,18.97,24.57,47.74,52.10,55.05,-4.6,-4.6,-4.6,55.69,115.77,160.32,16.65,14.94,29.36,41.76,35.07,1.255605,93,18.97,6.91,30.72,8.33,6.17,16.65,-0.57,21.03,18.18,-4.59,1.022649,63
17-09-2025,NYSE:FUBO,fuboTV Inc. Common Stock,1442,13113628,5.81,4.29,-1.63,4.66,11.89,15.38,24.01,25.17,61.31,58.04,-1.61,-1.61,-21.43,37.5,77.27,243.2,13.06,14.38,6.79,50.97,38.06,1.252844,93,15.38,10.19,1.53,48.29,-8.43,13.06,2.71,-8.16,58.14,-19.19,1.016462,57
17-09-2025,NASDAQ:ADPT,Adaptive Biotechnologies Corporation - Common Stock,1952,1745139,4.67,12.91,-1.32,2.32,0.54,-1.01,20.29,41.60,50.58,66.69,-4.3,-4.3,-4.3,27.32,89.02,222.75,-3.33,10.66,23.22,40.24,46.71,1.25152,93,-1.01,21.09,26.72,15.38,32.60,-3.33,13.61,17.03,25.23,21.84,0.961253,10
17-09-2025,NASDAQ:ESPR,"Esperion Therapeutics, Inc. - Common Stock",548,6125482,6.37,2.77,-0.36,8.30,16.25,25.99,57.76,44.40,2.89,36.82,-2.46,-2.46,-27.68,181.39,279.45,279.45,23.67,48.13,26.02,-7.45,16.84,1.250032,93,25.99,42.93,-31.62,-74.68,34.94,23.67,35.45,-41.31,-64.83,24.18,1.271028,99
17-09-2025,NYSE:NET,"Cloudflare, Inc. Class A Common Stock",74533,2152733,3.39,219.24,-3.09,0.31,5.10,8.36,18.23,47.08,47.77,64.03,-3,-3,-3,22.3,125.83,180.75,6.04,8.60,28.70,37.43,44.05,1.249667,93,8.36,10.77,35.28,1.30,31.13,6.04,3.29,25.59,11.15,20.37,0.975763,17
17-09-2025,NASDAQ:RIGL,"Rigel Pharmaceuticals, Inc. - Common Stock",614,718672,6.05,34.98,-6.63,-2.72,-9.95,-12.95,41.60,39.88,44.17,62.98,-16.69,-16.69,-16.69,89.9,115.13,170.12,-15.27,31.97,21.50,33.83,43.00,1.248619,93,-12.95,48.29,-2.94,7.13,33.69,-15.27,40.81,-12.63,16.98,22.93,1.037088,73
17-09-2025,NASDAQ:PBPB,Potbelly Corporation - Common Stock,515,1808095,2.53,17,-0.06,23.94,25.47,26.35,35.06,43.65,41.82,53.53,-0.12,-0.12,-0.12,61.29,115.46,130.35,24.03,25.43,25.27,31.48,33.55,1.248373,93,26.35,11.82,13.22,-3.24,20.12,24.03,4.34,3.53,6.61,9.36,1.079362,88
17-09-2025,NYSE:IAG,Iamgold Corporation Ordinary Shares,6343,11611332,4.06,11.01,-3.63,8.99,14.35,26.07,32.06,44.87,46.23,51.41,-3.51,-3.51,-3.51,63.35,95.56,142.51,23.75,22.43,26.49,35.89,31.43,1.247972,93,26.07,8.11,18.85,2.47,9.63,23.75,0.63,9.16,12.32,-1.13,1.068261,86
17-09-2025,AMEX:NG,Novagold Resources Inc.,2865,3413298,4.38,7.14,-2.24,5.60,6.30,15.83,39.08,52.80,46.36,38.52,-2.19,-2.19,-2.19,92.97,213.16,213.16,13.51,29.45,34.42,36.02,18.54,1.243568,93,15.83,27.62,22.53,-13.65,-14.62,13.51,20.14,12.84,-3.80,-25.38,1.097702,91
17-09-2025,NASDAQ:AVGO,Broadcom Inc. - Common Stock,1634741,27711009,3.56,360,-1.14,6.48,17.16,14.91,29.97,45.97,49.11,54.29,-2.59,-2.59,-2.59,44.36,146.09,146.09,12.59,20.34,27.59,38.77,34.31,1.242821,93,14.91,17.71,22.85,5.81,10.17,12.59,10.23,13.16,15.66,-0.59,1.034051,71
17-09-2025,NASDAQ:SNDK,Sandisk Corporation - Common Stock,13701,4653609,4.92,91.55,1.59,22.98,44.22,51.35,51.71,39.21,NA,NA,0,0,0,124.99,209.08,209.08,49.03,42.08,20.83,NA,NA,1.241752,93,51.35,0.74,-25.88,NA,NA,49.03,-6.74,-35.57,NA,NA,1.190974,97
17-09-2025,NYSE:SBSW,D/B/A Sibanye-Stillwater Limited ADS,6114,8066258,3.37,8.62,-2.32,0.93,3.94,6.03,19.03,52.55,49.88,56.73,-10.58,-10.58,-10.58,26.39,167.7,170.22,3.71,9.40,34.17,39.54,36.75,1.239403,93,6.03,13.83,41.40,-5.62,13.66,3.71,6.35,31.71,4.23,2.90,0.987593,26
17-09-2025,AMEX:GAU,Galiano Gold Inc.,631,3488874,5.57,2.51,-1.59,-1.99,7.97,18.73,44.22,44.22,45.02,39.84,-4.2,-4.2,-4.2,104.07,143.69,143.69,16.41,34.59,25.84,34.68,19.86,1.238343,93,18.73,31.37,0.00,1.43,-9.42,16.41,23.89,-9.69,11.28,-20.18,1.124329,94
17-09-2025,NYSE:GEV,GE Vernova Inc. Common Stock,167361,2883983,3.75,617.91,-1.74,1.98,6.19,-0.65,21.04,46.28,44.36,65.16,-7.02,-7.02,-7.02,26.89,127.61,187.04,-2.97,11.41,27.90,34.02,45.18,1.237712,93,-0.65,21.55,31.96,-3.57,37.39,-2.97,14.07,22.27,6.28,26.63,0.971513,15
17-09-2025,NASDAQ:CRNC,Cerence Inc. - Common Stock,509,1720528,6.49,11.36,9.68,15.14,13.73,-4.14,24.91,9.15,33.45,75.26,-15.98,-15.98,-43.71,39.56,65.12,365.57,-6.46,15.28,-9.23,23.11,55.28,1.237318,93,-4.14,27.90,-20.98,26.74,62.83,-6.46,20.42,-30.67,36.59,52.07,0.976187,17
17-09-2025,NYSE:WWW,"Wolverine World Wide, Inc. Common Stock",2490,1638871,3.27,30.4,0.72,-3.72,-3.09,5.56,41.18,55.13,20.23,55.33,-6.17,-6.17,-6.17,76.13,201.89,201.89,3.24,31.55,36.75,9.89,35.35,1.237297,93,5.56,37.72,23.71,-77.79,44.00,3.24,30.24,14.02,-67.94,33.24,1.10001,92
17-09-2025,NASDAQ:SEDG,"SolarEdge Technologies, Inc. - Common Stock",2025,4199869,7.69,33.11,7.61,9.27,4.77,9.21,27.57,47.51,56.48,45.18,-3.81,-3.81,-3.81,107.46,185.92,216.39,6.89,17.94,29.13,46.14,25.20,1.234809,93,9.21,20.23,27.52,17.09,-25.95,6.89,12.75,17.83,26.94,-36.71,1.032083,70
17-09-2025,NASDAQ:CECO,CECO Environmental Corp. - Common Stock,1733,481932,4.73,50.68,2.66,10.66,10.18,11.98,42.19,53.63,31.91,45.80,0,0,0,79.02,182.03,182.03,9.66,32.56,35.25,21.57,25.82,1.233827,93,11.98,34.32,19.80,-46.85,20.40,9.66,26.84,10.11,-37.00,9.64,1.107343,93
17-09-2025,NASDAQ:TLRY,"Tilray Brands, Inc. - Common Stock",1331,59272552,9.09,1.22,3.28,6.56,-2.46,15.57,65.37,47.17,-3.28,-39.34,-17.01,-17.01,-32.6,238.89,238.89,238.89,13.25,55.74,28.79,-13.62,-59.32,1.233257,93,15.57,58.98,-52.54,-95.50,-34.92,13.25,51.50,-62.23,-85.65,-45.68,1.403014,99
17-09-2025,NASDAQ:ATRO,Astronics Corporation - Common Stock,1419,1070096,4.91,40.15,0.37,4.63,9.07,16.69,14.25,37.96,59.38,52.90,-8.54,-8.54,-8.54,33.79,100.45,157.37,14.37,4.62,19.58,49.04,32.92,1.231653,93,16.69,-2.93,27.65,34.52,-15.94,14.37,-10.41,17.96,44.37,-26.70,0.995044,36
17-09-2025,NASDAQ:RZLT,"Rezolute, Inc. - Common Stock (NV)",671,943570,4.91,7.72,3.24,-4.66,7.12,15.80,43.65,54.66,36.01,32.38,-4.69,-4.69,-4.69,91.56,212.55,212.55,13.48,34.02,36.28,25.67,12.40,1.23117,93,15.80,33.08,19.54,-41.14,-5.67,13.48,25.60,9.85,-31.29,-16.43,1.133981,95
17-09-2025,NASDAQ:CAR,"Avis Budget Group, Inc. - Common Stock",5390,821533,3.39,155.21,1.84,-1.74,-3.86,-0.27,17.83,61.86,36.13,54.73,-25.22,-25.22,-25.22,21.7,167.97,179.71,-2.59,8.20,43.48,25.79,34.75,1.229171,93,-0.27,18.05,53.58,-67.47,29.12,-2.59,10.57,43.89,-57.62,18.36,1.008663,50
17-09-2025,NASDAQ:SEZL,Sezzle Inc. - Common Stock,3011,844456,5.87,88.83,-1.41,-4.41,-1.86,-3.42,-64.84,55.91,39.95,72.00,-51.24,-51.24,-51.24,4.64,209.51,261.19,-5.74,-74.47,37.53,29.61,52.02,1.229012,92,-3.42,-59.39,73.25,-36.20,53.36,-5.74,-66.87,63.56,-26.35,42.60,0.867003,1
17-09-2025,AMEX:MTA,Metalla Royalty & Streaming Ltd. Common Shares,511,930322,5.4,5.47,-2.38,-1.65,-4.57,22.67,34.73,44.06,48.26,41.13,-6.17,-6.17,-6.17,58.55,114.51,117.93,20.35,25.10,25.68,37.92,21.15,1.22662,92,22.67,15.60,14.29,7.52,-13.78,20.35,8.12,4.60,17.37,-24.54,1.085361,90
17-09-2025,NYSE:REVG,"REV Group, Inc. Common Stock",2887,1053249,3.88,59.65,-1.04,-4.21,13.16,12.31,25.73,49.76,43.52,54.72,-6.67,-6.67,-6.67,36.97,106.97,126.38,9.99,16.10,31.38,33.18,34.74,1.2261,92,12.31,15.31,32.35,-12.41,19.83,9.99,7.83,22.66,-2.56,9.07,1.020017,61
17-09-2025,NYSE:DK,"Delek US Holdings, Inc. Common Stock",1874,2698258,6.9,31.45,9.44,-1.59,1.43,30.81,29.63,49.09,41.72,39.97,-1.56,-1.56,-1.56,56.94,172.29,172.29,28.49,20.00,30.71,31.38,19.99,1.225812,92,30.81,-1.70,27.65,-14.49,-3.00,28.49,-9.18,17.96,-4.64,-13.76,1.089934,91
17-09-2025,NYSE:PSTG,"Pure Storage, Inc. Class A Common Stock",28194,4491181,4.01,87.09,0.38,9.05,11.05,32.69,40.67,41.80,28.81,44.59,0,0,0,68.84,134.24,134.24,30.37,31.04,23.42,18.47,24.61,1.225557,92,32.69,11.86,1.90,-22.31,22.16,30.37,4.38,-7.79,-12.46,11.40,1.138132,96
17-09-2025,NASDAQ:DAKT,"Daktronics, Inc. - Common Stock",1103,533400,4.01,23.55,-2.08,25.99,26.96,28.62,41.36,46.03,20.64,47.69,-2.04,-2.04,-2.04,70.53,108.22,108.22,26.30,31.73,27.65,10.30,27.71,1.224655,92,28.62,17.85,7.97,-47.05,34.08,26.30,10.37,-1.72,-37.20,23.32,1.137415,95
17-09-2025,NYSE:ORCL,Oracle Corporation Common Stock,856521,27747333,4.08,306.65,1.47,21.24,26.53,19.03,31.16,49.78,41.76,47.37,-6.6,-6.6,-6.6,49.46,149.67,149.67,16.71,21.53,31.40,31.42,27.39,1.223649,92,19.03,14.98,27.04,-15.95,9.63,16.71,7.50,17.35,-6.10,-1.13,1.060181,83
17-09-2025,NASDAQ:IONS,"Ionis Pharmaceuticals, Inc. - Common Stock",9750,3324792,4.13,61.315,0.35,-5.03,6.24,28.60,42.53,44.06,38.04,33.10,-4.79,-4.79,-4.79,73.99,140.36,140.36,26.28,32.90,25.68,27.70,13.12,1.223038,92,28.60,19.51,2.67,-10.76,-7.98,26.28,12.03,-7.02,-0.91,-18.74,1.146043,96
17-09-2025,NASDAQ:ARWR,"Arrowhead Pharmaceuticals, Inc. - Common Stock",4027,2803646,5.58,29.42,2.55,5.74,12.71,30.29,46.63,46.97,22.74,31.22,-1.01,-1.01,-1.01,100,194.49,194.49,27.97,37.00,28.59,12.40,11.24,1.221676,92,30.29,23.45,0.64,-45.71,10.98,27.97,15.97,-9.05,-35.86,0.22,1.184842,97
17-09-2025,NASDAQ:VMEO,"Vimeo, Inc. - Common Stock",1286,6513217,2.85,7.73,0.00,37.77,46.31,49.03,44.50,29.37,5.43,34.02,-0.13,-0.13,-0.13,111.78,111.78,111.78,46.71,34.87,10.99,-4.91,14.04,1.221399,92,49.03,-8.88,-27.27,-33.88,30.23,46.71,-16.36,-36.96,-24.03,19.47,1.240944,98
17-09-2025,NASDAQ:INSM,Insmed Incorporated - Common Stock,30603,2109084,2.76,144.75,1.11,-1.69,-0.38,11.71,29.82,46.27,48.74,48.94,-1.66,-1.66,-1.66,50.56,123.35,123.35,9.39,20.19,27.89,38.40,28.96,1.220994,92,11.71,20.51,23.45,4.59,0.39,9.39,13.03,13.76,14.44,-10.37,1.036202,72
17-09-2025,NASDAQ:PHLT,"Performant Healthcare, Inc. - Common Stock",607,1119343,0.36,7.68,-0.13,0.39,0.78,0.91,55.60,61.72,NA,NA,-0.13,-0.13,-0.13,130.63,241.33,241.33,-1.41,45.97,43.34,NA,NA,1.219699,92,0.91,55.19,13.78,NA,NA,-1.41,47.71,4.09,NA,NA,1.049348,78
17-09-2025,NYSE:YSG,"Yatsen Holding Limited American Depositary Shares, each representing twenty (20) Class A Ordinary Shares",908,425085,6.74,9.68,-4.03,-6.82,0.41,2.58,7.02,39.36,49.28,65.70,-11.68,-11.68,-11.68,17.9,175,219.47,0.26,-2.61,20.98,38.94,45.72,1.219215,92,2.58,4.56,34.78,16.35,32.38,0.26,-2.92,25.09,26.20,21.62,0.935912,4
17-09-2025,NYSE:RSI,"Rush Street Interactive, Inc. Class A Common Stock",4836,1490170,3.52,21.28,0.85,1.74,-0.52,8.32,35.20,49.11,34.87,53.01,-4.7,-4.7,-4.7,54.31,108.22,119.83,6.00,25.57,30.73,24.53,33.03,1.216281,92,8.32,29.32,21.46,-27.98,27.85,6.00,21.84,11.77,-18.13,17.09,1.05523,81
17-09-2025,NYSE:PRIM,Primoris Services Corporation Common Stock,6591,810972,3.01,120.44,-2.58,6.14,3.69,7.07,37.06,46.33,32.99,55.16,-2.52,-2.52,-2.52,62.76,128.71,128.71,4.75,27.43,27.95,22.65,35.18,1.215244,92,7.07,32.28,14.72,-24.86,33.09,4.75,24.80,5.03,-15.01,22.33,1.058327,82
17-09-2025,NASDAQ:EYE,"National Vision Holdings, Inc. - Common Stock",1968,1996777,3.42,24.03,1.75,5.24,8.70,5.41,6.99,49.81,50.48,56.80,-5.69,-5.69,-5.69,9.53,120.86,148.24,3.09,-2.64,31.43,40.14,36.82,1.212622,92,5.41,1.67,46.04,1.33,12.77,3.09,-5.81,36.35,11.18,2.01,0.95752,9
17-09-2025,NYSE:LMND,"Lemonade, Inc. Common Stock",4124,2035861,5.54,57.3,1.08,7.77,9.63,-0.12,26.75,35.46,25.74,68.55,-4.08,-4.08,-4.08,57.94,128.11,266.13,-2.44,17.12,17.08,15.40,48.57,1.209045,92,-0.12,26.84,11.89,-15.06,57.65,-2.44,19.36,2.20,-5.21,46.89,0.996717,37
17-09-2025,NASDAQ:MRCY,Mercury Systems Inc - Common Stock,4423,537051,3.05,74.59,2.39,7.91,9.29,10.58,33.60,37.74,47.47,50.62,0,0,0,50.6,79.65,130.57,8.26,23.97,19.36,37.13,30.64,1.208689,92,10.58,25.74,6.24,15.62,6.01,8.26,18.26,-3.45,25.47,-4.75,1.04566,77
17-09-2025,NYSE:NIO,"NIO Inc. American depositary shares, each  representing one Class A ordinary share",12649,108165194,6.39,7.02,7.55,10.54,6.27,31.48,49.86,28.35,33.48,24.79,0,0,-2.64,105.87,123.57,123.57,29.16,40.23,9.97,23.14,4.81,1.20687,92,31.48,26.82,-42.90,7.16,-13.06,29.16,19.34,-52.59,17.01,-23.82,1.212661,98
17-09-2025,NYSE:HOUS,"Anywhere Real Estate Inc. Common Stock,",801,1353976,5.5,7.01,-3.00,12.70,15.55,17.83,42.51,49.22,35.24,30.24,-2.91,-2.91,-2.91,100.29,143.4,152.16,15.51,32.88,30.84,24.90,10.26,1.206296,92,17.83,30.03,11.66,-27.53,-7.71,15.51,22.55,1.97,-17.68,-18.47,1.129785,95
17-09-2025,NYSE:AGX,"Argan, Inc. Common Stock",3307,410302,5.1,238.22,-0.22,8.74,5.93,5.97,8.24,49.19,37.81,62.81,-2.76,-2.76,-2.76,17.62,106.73,169.51,3.65,-1.39,30.81,27.47,42.83,1.205619,92,5.97,2.41,44.63,-22.42,40.21,3.65,-5.07,34.94,-12.57,29.45,0.96154,10
17-09-2025,NASDAQ:EYPT,"EyePoint Pharmaceuticals, Inc. - Common Stock",940,823958,6.04,13.6,1.40,-4.34,13.75,18.46,34.56,51.25,39.34,34.71,-4.16,-4.16,-4.16,64.25,229.3,229.3,16.14,24.93,32.87,29.00,14.73,1.204814,92,18.46,19.75,25.51,-24.43,-7.64,16.14,12.27,15.82,-14.58,-18.40,1.089987,91
17-09-2025,NYSE:SKE,Skeena Resources Limited Common Shares,2106,543714,3.7,18.32,-2.07,5.24,5.46,17.36,19.49,40.99,48.31,52.62,-2.03,-2.03,-2.03,31.04,112.78,143.94,15.04,9.86,22.61,37.97,32.64,1.204314,91,17.36,2.58,26.71,12.40,8.34,15.04,-4.90,17.02,22.25,-2.42,1.007616,49
17-09-2025,NYSE:TPR,"Tapestry, Inc. Common Stock",22869,3954083,2.7,109.5,-0.61,3.95,6.13,8.00,23.05,34.96,43.11,61.61,-3.55,-3.55,-3.55,32.31,80.69,160.47,5.68,13.42,16.58,32.77,41.63,1.203958,91,8.00,16.36,15.48,12.52,32.52,5.68,8.88,5.79,22.37,21.76,0.991142,30
17-09-2025,AMEX:EQX,Equinox Gold Corp. Common Shares,7908,16006640,4.07,10.56,-2.75,5.78,13.45,24.43,41.00,33.81,39.30,41.10,-3.74,-3.74,-3.74,85.92,85.92,112.47,22.11,31.37,15.43,28.96,21.12,1.202996,91,24.43,21.93,-12.20,8.30,2.96,22.11,14.45,-21.89,18.15,-7.80,1.119133,94
17-09-2025,NYSE:IHS,IHS Holding Limited Ordinary Shares,2307,514105,3.6,6.99,-2.58,-3.29,-2.72,-0.72,15.88,44.06,52.36,55.36,-8.15,-8.15,-8.15,28.26,78.77,170.93,-3.04,6.25,25.68,42.02,35.38,1.202878,91,-0.72,16.48,33.50,14.83,6.31,-3.04,9.00,23.81,24.68,-4.45,0.967601,13
17-09-2025,NYSE:CVNA,Carvana Co. Class A Common Stock,81360,2321252,4.14,364.59,-0.21,-2.86,-0.49,4.00,20.44,48.85,31.17,61.46,-6.56,-6.56,-6.56,25.7,124.27,159.46,1.68,10.81,30.47,20.83,41.48,1.202196,91,4.00,17.13,35.70,-34.56,44.00,1.68,9.65,26.01,-24.71,33.24,0.995022,35
17-09-2025,NYSE:SPHR,Sphere Entertainment Co. Class A Common Stock,2211,1403815,5.13,59.43,-1.45,12.79,22.61,32.91,33.52,45.01,36.41,30.36,-1.43,-1.43,-1.43,55.62,144.77,144.77,30.59,23.89,26.63,26.07,10.38,1.200933,91,32.91,0.90,17.29,-15.64,-9.53,30.59,-6.58,7.60,-5.79,-20.29,1.120685,94
17-09-2025,NASDAQ:MAZE,"Maze Therapeutics, Inc. - Common Stock",1030,706187,9.92,23.46,0.90,30.35,34.70,42.46,43.27,51.02,NA,NA,-5.4,-5.4,-5.4,127.11,209.91,209.91,40.14,33.64,32.64,NA,NA,1.200873,91,42.46,1.41,13.67,NA,NA,40.14,-6.07,3.98,NA,NA,1.079066,88
17-09-2025,NASDAQ:BLZE,"Backblaze, Inc. - Common Stock",538,777135,5.2,9.55,-2.41,3.46,14.24,19.58,46.49,42.41,24.19,38.01,-2.75,-2.75,-2.75,95.3,124.18,124.18,17.26,36.86,24.03,13.85,18.03,1.199637,91,19.58,33.46,-7.63,-31.64,18.23,17.26,25.98,-17.32,-21.79,7.47,1.150124,96
17-09-2025,NYSE:GLW,Corning Incorporated Common Stock,65857,9093993,2.31,78.7,0.91,8.02,13.00,16.85,35.48,40.46,39.48,46.81,0,0,0,56.09,101.43,101.43,14.53,25.85,22.08,29.14,26.83,1.198895,91,16.85,22.40,7.72,-1.64,12.11,14.53,14.92,-1.97,8.21,1.35,1.070709,86
17-09-2025,NYSE:SAND,Sandstorm Gold Ltd. Ordinary Shares (Canada),3436,4308050,2.4,11.84,-2.62,2.96,4.14,10.39,21.28,42.65,50.51,49.16,-2.55,-2.55,-2.55,31.12,74.89,120.9,8.07,11.65,24.27,40.17,29.18,1.197555,91,10.39,12.16,27.15,13.70,-2.73,8.07,4.68,17.46,23.55,-13.49,1.006194,47
17-09-2025,NASDAQ:TIGR,UP Fintech Holding Limited - American Depositary Shares representing fifteen Class A Ordinary Shares,1928,7380087,6.97,10.85,-2.86,-10.05,-13.55,0.00,20.09,26.54,36.87,68.20,-16.47,-16.47,-16.47,35.12,63.53,217.25,-2.32,10.46,8.16,26.53,48.22,1.19741,91,0.00,20.09,8.07,14.05,49.64,-2.32,12.61,-1.62,23.90,38.88,0.966767,13
17-09-2025,NYSE:DB,Deutsche Bank AG Common Stock,70991,2492086,1.5,36.58,-2.41,2.41,5.06,0.05,23.13,34.53,51.09,56.75,-2.35,-2.35,-2.35,33.36,87.59,131.23,-2.27,13.50,16.15,40.75,36.77,1.19613,91,0.05,23.09,14.83,25.30,11.57,-2.27,15.61,5.14,35.15,0.81,0.985647,25
17-09-2025,NYSE:DQ,"DAQO New Energy Corp. American Depositary Shares, each representing five ordinary shares",1824,1418981,6.03,27.33,-0.18,-1.50,4.50,15.95,47.31,28.28,33.44,43.94,-6.44,-6.44,-6.44,96.76,114.52,114.52,13.63,37.68,9.90,23.10,23.96,1.195743,91,15.95,37.31,-36.11,7.19,15.78,13.63,29.83,-45.80,17.04,5.02,1.139913,96
17-09-2025,NASDAQ:TEM,"Tempus AI, Inc. - Class A Common Stock",15019,9411144,7.15,87.04,2.19,6.93,10.00,15.23,17.28,42.70,50.38,47.78,-1.96,-1.96,-2.68,58.57,133.79,173.45,12.91,7.65,24.32,40.04,27.80,1.193886,91,15.23,2.41,30.74,13.39,-5.23,12.91,-5.07,21.05,23.24,-15.99,1.005487,47
17-09-2025,NASDAQ:HNRG,Hallador Energy Company - Common Stock,801,502448,4.39,18.49,-0.97,5.95,9.95,11.47,12.93,37.91,31.69,65.44,-12.87,-12.87,-12.87,26.21,79.51,189.36,9.15,3.30,19.53,21.35,45.46,1.193445,91,11.47,1.65,28.70,-10.02,49.41,9.15,-5.83,19.01,-0.17,38.65,0.973216,16
17-09-2025,NASDAQ:STNE,StoneCo Ltd. - Class A Common Share,5165,4569888,3.09,18.83,0.96,5.20,13.54,17.26,19.86,45.88,51.51,36.80,0,0,0,49.8,91.17,139.87,14.94,10.23,27.50,41.17,16.82,1.190716,91,17.26,3.15,32.47,10.40,-30.34,14.94,-4.33,22.78,20.25,-41.10,1.03366,71
17-09-2025,NYSE:AEO,"American Eagle Outfitters, Inc. Common Stock",3366,18212188,5.79,19.87,1.21,9.41,32.01,34.63,51.18,39.46,11.17,2.72,0,0,-11.26,107.41,113.43,113.43,32.31,41.55,21.08,0.83,-17.26,1.190248,91,34.63,25.33,-24.02,-46.72,-9.52,32.31,17.85,-33.71,-36.87,-20.28,1.255805,98
17-09-2025,NASDAQ:ATEC,"Alphatec Holdings, Inc. - Common Stock",2175,2020712,3.07,15.03,-0.13,-5.12,-4.32,-4.46,26.68,35.13,35.53,63.54,-9.18,-9.18,-9.18,45.85,60.92,201.81,-6.78,17.05,16.75,25.19,43.56,1.189376,91,-4.46,29.81,11.52,0.62,43.45,-6.78,22.33,1.83,10.47,32.69,0.988684,28
17-09-2025,NASDAQ:AFRM,"Affirm Holdings, Inc. - Class A Common Stock",29439,10612719,5.78,89.96,0.59,1.71,8.60,12.49,32.36,46.69,22.27,53.60,0,0,0,50.18,151.64,151.64,10.17,22.73,28.31,11.93,33.62,1.188926,91,12.49,22.70,21.18,-45.81,40.31,10.17,15.22,11.49,-35.96,29.55,1.060104,83
17-09-2025,NASDAQ:ALNY,"Alnylam Pharmaceuticals, Inc. - Common Stock",59212,1119185,2.7,461.24,0.02,-4.53,3.09,2.67,33.05,45.12,44.90,43.26,-4.33,-4.33,-4.33,49.41,105.62,105.62,0.35,23.42,26.74,34.56,23.28,1.188543,91,2.67,31.22,18.03,-0.41,-2.98,0.35,23.74,8.34,9.44,-13.74,1.043258,76
17-09-2025,NASDAQ:RYTM,"Rhythm Pharmaceuticals, Inc. - Common Stock",6383,581324,3.27,95.515,-0.54,-6.20,-9.10,-2.19,34.68,45.20,40.17,48.37,-8.66,-8.66,-8.66,55.45,103.44,103.44,-4.51,25.05,26.82,29.83,28.39,1.187892,91,-2.19,36.08,16.11,-9.19,13.72,-4.51,28.60,6.42,0.66,2.96,1.038664,74
17-09-2025,NASDAQ:GCT,GigaCloud Technology Inc - Class A Ordinary Shares,1107,1158590,5.01,30.66,-1.86,2.61,17.03,-5.25,39.89,51.40,30.30,43.38,-5.6,-5.6,-5.6,73.32,164.77,164.77,-7.57,30.26,33.02,19.96,23.40,1.187782,91,-5.25,42.89,19.15,-43.42,18.76,-7.57,35.41,9.46,-33.57,8.00,1.074895,87
17-09-2025,NYSE:OR,OR Royalties Inc. Common Shares,6671,955305,2.47,35.16,-4.98,1.56,7.57,13.11,25.00,42.61,42.69,49.46,-4.74,-4.74,-4.74,40.47,82.74,97.86,10.79,15.37,24.23,32.35,29.48,1.187122,91,13.11,13.68,23.47,0.15,11.81,10.79,6.20,13.78,10.00,1.05,1.022459,63
17-09-2025,NYSE:HIMS,"Hims & Hers Health, Inc. Class A Common Stock",11380,27788668,6.53,50.89,-6.03,6.09,18.39,9.57,-17.47,31.83,40.68,68.91,-23.1,-23.1,-25.97,22.89,100.75,221.68,7.25,-27.10,13.45,30.34,48.93,1.184961,90,9.57,-29.90,41.97,12.97,47.60,7.25,-37.38,32.28,22.82,36.84,0.903319,2
17-09-2025,NASDAQ:GRAL,"GRAIL, Inc. - Common Stock",1381,677721,5.78,38.785,-1.41,3.24,18.50,16.39,-9.63,24.89,47.25,65.06,-24.57,-24.57,-29.51,23.44,81.32,208.55,14.07,-19.26,6.51,36.91,45.08,1.18384,90,16.39,-31.11,31.49,29.76,33.77,14.07,-38.59,21.80,39.61,23.01,0.926845,3
17-09-2025,NASDAQ:RUN,Sunrun Inc. - Common Stock,3671,10342132,6.69,16.24,-1.29,1.29,1.91,14.29,40.64,57.08,35.34,-15.64,-10.67,-10.67,-20.04,180.97,186.67,186.67,11.97,31.01,38.70,25.00,-35.62,1.183759,90,14.29,30.75,27.70,-50.65,-78.86,11.97,23.27,18.01,-40.80,-89.62,1.175814,97
17-09-2025,NASDAQ:TSEM,Tower Semiconductor Ltd. - Ordinary Shares,7577,1688842,4.36,65.71,-0.43,1.73,7.61,28.67,38.53,40.59,25.32,36.13,-2.87,-2.87,-2.87,68.66,121.62,121.62,26.35,28.90,22.21,14.98,16.15,1.183758,90,28.67,13.83,3.34,-25.69,14.47,26.35,6.35,-6.35,-15.84,3.71,1.127888,95
17-09-2025,NASDAQ:ABCL,AbCellera Biologics Inc. - Common Shares,1366,3887659,6.62,4.77,8.81,11.11,15.09,3.77,33.75,46.75,38.99,43.82,-7.38,-7.38,-7.38,52.88,147.15,147.15,1.45,24.12,28.37,28.65,23.84,1.183147,90,3.77,31.15,19.62,-14.57,7.90,1.45,23.67,9.93,-4.72,-2.86,1.049472,79
17-09-2025,AMEX:ORLA,Orla Mining Ltd. Common Shares,3744,1938290,5.19,11.51,-11.03,4.60,1.39,14.16,-0.61,19.72,50.91,62.73,-9.94,-9.94,-9.94,23.76,40.19,199.74,11.84,-10.24,1.34,40.57,42.75,1.181751,90,14.16,-17.21,20.21,38.85,24.07,11.84,-24.69,10.52,48.70,13.31,0.942264,5
17-09-2025,NYSE:NVRI,Enviri Corporation Common Stock,1006,1348382,3.84,12.51,0.32,6.55,12.47,21.82,31.97,49.16,39.09,23.42,0,0,0,51.27,156.35,156.35,19.50,22.34,30.78,28.75,3.44,1.18082,90,21.82,12.99,25.26,-19.81,-25.72,19.50,5.51,15.57,-9.96,-36.48,1.098986,92
17-09-2025,NASDAQ:AVAV,"AeroVironment, Inc. - Common Stock",13585,994046,4.64,265.87,5.58,13.12,9.72,7.23,29.79,52.71,41.95,30.23,-6.7,-6.7,-6.7,42.43,138.13,138.13,4.91,20.16,34.33,31.61,10.25,1.179558,90,7.23,24.32,32.64,-22.75,-20.18,4.91,16.84,22.95,-12.90,-30.94,1.060401,83
17-09-2025,NASDAQ:SOUN,"SoundHound AI, Inc. - Class A Common Stock",6164,68160886,7.62,14.69,3.40,-1.09,8.65,-6.13,33.83,31.38,7.76,66.85,-11.19,-11.19,-39.37,57.28,104.6,222.15,-8.45,24.20,13.00,-2.58,46.87,1.178906,90,-6.13,37.65,-3.70,-34.42,64.06,-8.45,30.17,-13.39,-24.57,53.30,1.033384,71
17-09-2025,NYSE:AMRC,"Ameresco, Inc. Class A Common Stock",1531,641331,5.63,28.37,-1.52,12.34,10.26,24.46,41.73,59.25,8.67,-17.13,-1.49,-1.49,-26.84,97.43,227.6,227.6,22.14,32.10,40.87,-1.67,-37.11,1.178231,90,24.46,22.87,30.07,-124.13,-28.25,22.14,15.39,20.38,-114.28,-39.01,1.223294,98
17-09-2025,NASDAQ:SRAD,Sportradar Group AG - Class A Ordinary Shares,8996,1539217,2.93,30.24,0.96,-3.11,-1.92,-2.51,18.49,32.67,41.80,61.61,-4.88,-4.88,-4.88,22.68,50.6,160.47,-4.83,8.86,14.29,31.46,41.63,1.174796,90,-2.51,20.48,17.40,13.56,34.03,-4.83,13.00,7.71,23.41,23.27,0.964609,11
17-09-2025,NASDAQ:SHLS,"Shoals Technologies Group, Inc. - Class A Common Stock",1210,5142509,7.05,7.11,0.42,6.47,5.49,27.00,24.89,54.29,35.72,8.86,-0.63,-0.63,-0.63,67.29,133.11,153.02,24.68,15.26,35.91,25.38,-11.12,1.171593,90,27.00,-2.89,39.14,-40.62,-41.79,24.68,-10.37,29.45,-30.77,-52.55,1.111032,93
17-09-2025,NASDAQ:PI,"Impinj, Inc. - Common Stock",5570,562453,4.79,193.76,1.52,-0.81,4.14,16.51,45.41,52.14,17.92,4.97,-3.5,-3.5,-18.79,87.08,209.82,209.82,14.19,35.78,33.76,7.58,-15.01,1.171167,90,16.51,34.62,12.33,-71.50,-15.78,14.19,27.14,2.64,-61.65,-26.54,1.182438,97
17-09-2025,NYSE:VST,Vistra Corp. Common Stock,70580,4075805,3.82,209.43,-1.95,7.47,11.28,5.78,15.39,39.70,30.29,61.58,-2.16,-2.16,-2.16,18.19,113.55,160.26,3.46,5.76,21.32,19.95,41.60,1.170362,90,5.78,10.20,28.73,-15.61,44.88,3.46,2.72,19.04,-5.76,34.12,0.977092,18
17-09-2025,NYSE:SAN,"Banco Santander, S.A. Sponsored ADR (Spain)",148081,4243512,1.34,10.01,-1.30,2.10,5.69,3.70,16.88,31.27,51.45,52.15,-1.28,-1.28,-1.28,26.55,75,124.44,1.38,7.25,12.89,41.11,32.17,1.168707,90,3.70,13.69,17.31,29.36,1.44,1.38,6.21,7.62,39.21,-9.32,0.980086,20
17-09-2025,NASDAQ:MIRM,"Mirum Pharmaceuticals, Inc. - common stock",3674,688853,3.33,73.79,-0.54,-5.29,-0.75,7.94,31.67,38.81,40.90,44.26,-5.02,-5.02,-5.02,52.49,92.21,94.95,5.62,22.04,20.43,30.56,24.28,1.168598,90,7.94,25.78,10.45,3.41,5.69,5.62,18.30,0.76,13.26,-5.07,1.043608,76
17-09-2025,NYSE:APH,Amphenol Corporation Common Stock,144569,8610176,2.48,119.04,-0.17,1.89,8.22,8.26,21.56,46.35,38.23,46.70,-0.36,-0.36,-0.36,28.28,101.46,101.46,5.94,11.93,27.97,27.89,26.72,1.165535,90,8.26,14.50,31.61,-15.14,13.71,5.94,7.02,21.92,-5.29,2.95,1.012449,54
17-09-2025,NASDAQ:AVAH,Aveanna Healthcare Holdings Inc. - Common Stock,1688,1217256,4.49,8.23,-1.94,-0.36,-0.12,13.97,40.22,33.05,36.57,36.45,-2.49,-2.49,-2.49,120.05,120.05,123.64,11.65,30.59,14.67,26.23,16.47,1.165533,90,13.97,30.51,-11.99,5.26,-0.19,11.65,23.03,-21.68,15.11,-10.95,1.101231,92
17-09-2025,NASDAQ:SNDL,SNDL Inc. - Common Shares,643,3609061,5.32,2.5,0.00,3.20,1.20,19.20,46.80,38.00,26.80,16.80,-7.06,-7.06,-7.06,106.61,106.61,106.61,16.88,37.17,19.62,16.46,-3.18,1.164973,90,19.20,34.16,-16.54,-18.06,-13.66,16.88,26.68,-26.23,-8.21,-24.42,1.170414,97
17-09-2025,NYSE:HBM,Hudbay Minerals Inc. Ordinary Shares (Canada),5350,5159202,2.75,13.66,-1.68,4.76,11.71,19.25,26.72,41.07,29.58,47.29,-1.66,-1.66,-1.66,50.77,124.3,124.3,16.93,17.09,22.69,19.24,27.31,1.164905,90,19.25,9.25,19.58,-19.50,25.16,16.93,1.77,9.89,-9.65,14.40,1.047698,78
17-09-2025,NYSE:BABA,Alibaba Group Holding Limited American Depositary Shares each representing eight Ordinary share,376174,24344590,2.72,162.21,2.57,9.32,14.59,25.25,28.51,9.03,45.15,47.30,0,0,0,56.23,63.24,101.43,22.93,18.88,-9.35,34.81,27.32,1.164591,90,25.25,4.37,-27.26,39.70,3.92,22.93,-3.11,-36.95,49.55,-6.84,1.069306,86
17-09-2025,NASDAQ:PSKY,Paramount Skydance Corporation - Class B Common Stock,19079,13390823,7.14,17.53,-5.99,13.29,17.51,21.73,31.60,33.54,36.45,41.47,-6.71,-6.71,-6.71,73.22,73.22,73.22,19.41,21.97,15.16,26.11,21.49,1.164496,90,21.73,12.61,2.84,4.38,7.90,19.41,5.13,-6.85,14.23,-2.86,1.071283,87
17-09-2025,NYSE:ODV,Osisko Development Corp. Common Shares,682,1280917,5.77,2.9,-5.86,-6.21,4.83,12.41,24.83,52.76,38.62,26.90,-8.81,-8.81,-8.81,42.16,111.68,133.87,10.09,15.20,34.38,28.28,6.92,1.163937,90,12.41,14.17,37.16,-29.93,-19.10,10.09,6.69,27.47,-20.08,-29.86,1.058162,82
17-09-2025,NYSE:CALX,"Calix, Inc Common Stock",4005,521500,2.46,61.36,-0.51,-0.51,3.85,7.19,22.23,45.58,42.52,42.45,-3.03,-3.03,-3.03,31.06,96.35,111.37,4.87,12.60,27.20,32.18,22.47,1.163366,89,7.19,16.21,30.03,-5.63,-0.11,4.87,8.73,20.34,4.22,-10.87,1.01566,57
17-09-2025,NASDAQ:MU,"Micron Technology, Inc. - Common Stock",179049,20395795,3.24,158.82,0.66,14.85,25.40,23.89,24.54,35.08,35.74,45.09,0,0,0,51.43,145.4,145.4,21.57,14.91,16.70,25.40,25.11,1.162119,89,23.89,0.85,13.96,1.02,14.55,21.57,-6.63,4.27,10.87,3.79,1.047137,77
17-09-2025,NASDAQ:GDS,GDS Holdings Limited - American Depositary Shares,7291,3050282,5.49,37.32,0.32,8.20,11.63,15.84,24.65,5.01,44.16,56.69,-3.06,-3.06,-23.05,37.97,111.09,131.51,13.52,15.02,-13.37,33.82,36.71,1.161126,89,15.84,10.47,-26.07,41.21,22.43,13.52,2.99,-35.76,51.06,11.67,1.025769,66
17-09-2025,NASDAQ:ANIP,"ANI Pharmaceuticals, Inc. - Common Stock",2069,414204,2.35,97.55,-1.29,-0.93,3.54,10.33,34.10,34.03,39.34,42.44,-1.28,-1.28,-1.28,53.99,70.33,82.85,8.01,24.47,15.65,29.00,22.46,1.161026,89,10.33,26.50,-0.09,8.05,5.10,8.01,19.02,-9.78,17.90,-5.66,1.059433,83
17-09-2025,NYSE:MIR,"Mirion Technologies, Inc. Class A Common Stock",5311,4774207,3.71,23.94,1.92,7.69,13.91,14.16,14.12,38.35,25.73,59.48,0,0,0,22.46,88.5,146.8,11.84,4.49,19.97,15.39,39.50,1.16078,89,14.16,-0.05,28.21,-20.46,45.44,11.84,-7.53,18.52,-10.61,34.68,0.992019,32
17-09-2025,NYSE:MUX,McEwen Inc. Common Stock,730,1527051,4.92,13.5,-4.74,-0.44,-2.15,24.59,28.81,44.22,32.37,30.67,-4.53,-4.53,-4.53,49.17,105.79,105.79,22.27,19.18,25.84,22.03,10.69,1.160576,89,24.59,5.60,21.64,-21.25,-2.52,22.27,-1.88,11.95,-11.40,-13.28,1.083853,89
17-09-2025,NASDAQ:LLYVK,Liberty Media Corporation - Series C Liberty Live Common Stock,9158,410599,2.01,99.12,-0.45,-1.12,1.82,6.24,23.15,33.37,28.53,59.62,-2.73,-2.73,-2.73,30.13,58.64,147.68,3.92,13.52,14.99,18.19,39.64,1.160298,89,6.24,18.04,13.29,-7.26,43.51,3.92,10.56,3.60,2.59,32.75,0.999729,41
17-09-2025,NYSE:NEM,Newmont Corporation,86437,9502061,2.27,79.02,-0.43,3.92,4.00,12.26,26.45,39.86,46.49,33.08,-0.79,-0.79,-0.79,39.22,78.86,113.57,9.94,16.82,21.48,36.15,13.10,1.158454,89,12.26,16.17,18.24,11.03,-25.07,9.94,8.69,8.55,20.88,-35.83,1.046871,77
17-09-2025,NASDAQ:NTES,"NetEase, Inc. - American Depositary Shares, each representing 5 ordinary shares",96101,704426,1.47,157.075,1.43,8.39,13.60,17.73,16.55,35.07,38.31,50.86,0,0,0,23.38,71.91,105.92,15.41,6.92,16.69,27.97,30.88,1.156047,89,17.73,-1.44,22.19,4.99,20.35,15.41,-8.92,12.50,14.84,9.59,1.004296,45
17-09-2025,NASDAQ:TIGO,Millicom International Cellular S.A. - Common Stock,8068,1181757,2.96,47.73,0.17,-0.25,-4.09,6.41,19.80,36.64,47.92,44.02,-4.04,-4.04,-4.04,32.84,77.11,100.21,4.09,10.17,18.26,37.58,24.04,1.154664,89,6.41,14.30,21.00,17.79,-7.48,4.09,6.82,11.31,27.64,-18.24,1.002711,43
17-09-2025,NASDAQ:CELH,"Celsius Holdings, Inc. - Common Stock",14534,5489340,3.42,55.27,-1.45,-1.39,-11.11,-3.67,21.31,45.85,46.16,40.41,-12.1,-12.1,-12.1,29.32,84.66,159.73,-5.99,11.68,27.47,35.82,20.43,1.154552,89,-3.67,24.10,31.18,0.57,-10.67,-5.99,16.62,21.49,10.42,-21.43,1.001288,42
17-09-2025,AMEX:VZLA,Vizsla Silver Corp. Common Shares,1290,3321850,4.77,3.81,-4.72,3.67,0.26,9.45,7.09,38.06,50.13,46.19,-4.51,-4.51,-4.51,34.63,122.81,126.79,7.13,-2.54,19.68,39.79,26.21,1.153905,89,9.45,-2.61,33.33,19.49,-7.89,7.13,-10.09,23.64,29.34,-18.65,0.974139,16
17-09-2025,NYSE:SE,"Sea Limited American Depositary Shares, each representing one Class A Ordinary Share",111933,3646903,2.83,189.07,-0.74,-1.90,5.44,6.24,16.33,29.85,38.29,58.15,-3.78,-3.78,-3.78,29.3,79.09,138.97,3.92,6.70,11.47,27.95,38.17,1.153693,89,6.24,10.77,16.15,12.04,32.18,3.92,3.29,6.46,21.89,21.42,0.975757,17
17-09-2025,NASDAQ:LENZ,"LENZ Therapeutics, Inc. - Common Stock",1204,421284,5.23,41.29,3.10,3.39,4.94,8.33,30.20,42.87,20.03,49.99,-1.64,-1.64,-1.64,43.27,125.38,125.38,6.01,20.57,24.49,9.69,30.01,1.153237,89,8.33,23.86,18.15,-39.97,37.46,6.01,16.38,8.46,-30.12,26.70,1.047696,78
17-09-2025,NASDAQ:CMPO,"CompoSecure, Inc.  - Class A Common Stock",2011,1072873,3.66,19.41,-0.57,2.58,2.22,4.33,28.80,42.61,29.62,48.26,-2.24,-2.24,-2.24,40.65,101.14,101.14,2.01,19.17,24.23,19.28,28.28,1.153219,89,4.33,25.58,19.39,-22.63,26.49,2.01,18.10,9.70,-12.78,15.73,1.030572,69
17-09-2025,NASDAQ:FLEX,Flex Ltd. - Ordinary Shares,21191,3365634,2.78,57.2,-0.98,1.75,6.21,14.34,23.23,38.41,33.23,48.22,-1.46,-1.46,-1.46,30.27,114.39,114.39,12.02,13.60,20.03,22.89,28.24,1.152045,89,14.34,10.39,19.77,-8.40,22.44,12.02,2.91,10.08,1.45,11.68,1.023426,64
17-09-2025,AMEX:DC,Dakota Gold Corp. Common Stock,504,1097288,5.47,4.48,-9.37,-1.12,3.35,10.94,10.04,31.25,48.44,50.00,-8.57,-8.57,-8.57,24.44,80.65,115.38,8.62,0.41,12.87,38.10,30.02,1.151642,89,10.94,-1.00,23.57,25.00,3.03,8.62,-8.48,13.88,34.85,-7.73,0.976378,17
17-09-2025,NYSE:NRG,"NRG Energy, Inc. Common Stock",31835,2100335,3.07,164.22,-1.13,7.28,11.64,9.50,6.26,41.46,41.86,51.41,-5.57,-5.57,-5.57,13.44,96.41,105.79,7.18,-3.37,23.08,31.52,31.43,1.151176,89,9.50,-3.58,37.55,0.68,16.42,7.18,-11.06,27.86,10.53,5.66,0.967617,13
17-09-2025,NASDAQ:MLCO,Melco Resorts & Entertainment Limited - American Depositary Shares,3764,2916400,3.13,9.64,-0.83,-0.10,-3.73,11.10,32.99,40.35,27.80,42.63,-4.84,-4.84,-4.84,53.5,109.11,109.11,8.78,23.36,21.97,17.46,22.65,1.151163,89,11.10,24.62,10.99,-21.04,20.55,8.78,17.14,1.30,-11.19,9.79,1.061657,83
17-09-2025,NASDAQ:NNE,Nano Nuclear Energy Inc. - common stock,1491,2388454,6.39,36.29,-2.92,10.25,10.14,1.10,4.62,15.65,33.59,67.76,-13.29,-13.29,-18.47,24.94,95.95,242.68,-1.22,-5.01,-2.73,23.25,47.78,1.150972,89,1.10,3.55,11.57,21.27,51.45,-1.22,-3.93,1.88,31.12,40.69,0.932331,4
17-09-2025,NASDAQ:BZ,KANZHUN LIMITED - American Depository Shares,11785,4877834,3.44,24.81,0.52,3.26,4.35,13.87,25.96,17.49,41.60,51.15,0,0,0,41.77,82.16,105.04,11.55,16.33,-0.89,31.26,31.17,1.148883,89,13.87,14.04,-11.43,29.21,16.36,11.55,6.56,-21.12,39.06,5.60,1.027533,67
17-09-2025,NYSE:SEI,"Solaris Energy Infrastructure, Inc. Class A Common Stock",2248,2171489,6.79,32.17,-0.09,22.54,7.15,13.89,12.09,36.40,0.87,64.19,-4.93,-4.93,-10.54,29.09,101.57,179.25,11.57,2.46,18.02,-9.47,44.21,1.148237,89,13.89,-2.09,27.65,-55.87,63.88,11.57,-9.57,17.96,-46.02,53.12,1.005743,47
17-09-2025,NASDAQ:LAUR,"Laureate Education, Inc. - Common Stock",4380,821461,2.16,29.61,0.30,6.96,5.54,12.50,24.35,34.75,34.89,48.50,0,0,0,32.19,61.45,94.16,10.18,14.72,16.37,24.55,28.52,1.147804,88,12.50,13.55,13.75,0.21,20.90,10.18,6.07,4.06,10.06,10.14,1.021661,62
17-09-2025,NYSE:CX,"Cemex, S.A.B. de C.V. Sponsored ADR",14381,11278163,2.33,9.55,0.10,1.68,4.08,10.68,27.75,36.44,41.88,37.59,0,0,0,41.69,90.24,90.24,8.36,18.12,18.06,31.54,17.61,1.147021,88,10.68,19.11,12.03,8.57,-7.39,8.36,11.63,2.34,18.42,-18.15,1.041771,75
17-09-2025,NASDAQ:ZIMV,ZimVie Inc. - Common Stock,532,653704,0.28,18.89,0.00,0.16,-0.26,0.21,51.35,35.36,24.40,14.03,-0.42,-0.42,-0.42,123.82,128.14,128.14,-2.11,41.72,16.98,14.06,-5.95,1.14627,88,0.21,51.25,-32.86,-16.95,-13.73,-2.11,43.77,-42.55,-7.10,-24.49,1.176258,97
17-09-2025,NASDAQ:NVTS,Navitas Semiconductor Corporation - Common Stock,1377,14822756,5.19,5.89,-3.74,2.21,2.21,-17.49,-22.07,55.01,30.73,60.61,-34.41,-34.41,-34.41,6.32,266.98,266.98,-19.81,-31.70,36.63,20.39,40.63,1.145747,88,-17.49,-3.90,63.14,-53.96,43.14,-19.81,-11.38,53.45,-44.11,32.38,0.910799,2
17-09-2025,NYSE:LTM,"LATAM Airlines Group S.A. American Depositary Shares (each representing two thousand (2,000) shares of Common Stock)",13911,1923144,2.75,48.34,0.62,1.45,-5.25,8.71,20.83,33.47,40.77,48.57,-5.97,-5.97,-5.97,29.74,76.94,94.45,6.39,11.20,15.09,30.43,28.59,1.145664,88,8.71,13.28,15.97,10.98,13.17,6.39,5.80,6.28,20.83,2.41,1.002987,44
17-09-2025,NASDAQ:LYFT,"Lyft, Inc. - Class A Common Stock",9283,25533662,4.99,20.19,-1.24,8.92,16.79,21.64,25.85,40.42,23.63,42.45,-1.22,-1.22,-1.22,50.56,102.51,102.51,19.32,16.22,22.04,13.29,22.47,1.145604,88,21.64,5.37,19.64,-28.18,24.64,19.32,-2.11,9.95,-18.33,13.88,1.058266,82
17-09-2025,NASDAQ:BTSG,"BrightSpring Health Services, Inc. - Common Stock",4854,2954936,3.84,27.1,-0.30,3.17,11.88,17.20,21.33,35.61,32.21,48.19,-3.49,-3.49,-3.49,39.98,73.5,95.67,14.88,11.70,17.23,21.87,28.21,1.145353,88,17.20,4.99,18.15,-5.27,23.57,14.88,-2.49,8.46,4.58,12.81,1.022358,63
17-09-2025,NASDAQ:AAOI,"Applied Optoelectronics, Inc. - Common Stock",1838,5126040,8.79,28.93,-2.18,18.01,19.29,22.69,40.93,27.48,-16.40,49.81,-2.13,-2.13,-34.29,72.41,187.86,187.86,20.37,31.30,9.10,-26.74,29.83,1.144386,88,22.69,23.59,-22.76,-60.51,56.88,20.37,16.11,-32.45,-50.66,46.12,1.143938,96
17-09-2025,NASDAQ:MDB,"MongoDB, Inc. - Class A Common Stock",25658,4141728,4.1,327.37,-2.02,-1.14,2.77,33.33,38.14,41.03,9.22,9.83,-2.24,-2.24,-6.5,62.87,124.46,124.46,31.01,28.51,22.65,-1.12,-10.15,1.143408,88,33.33,7.22,4.67,-53.95,0.68,31.01,-0.26,-5.02,-44.10,-10.08,1.172387,97
17-09-2025,NYSE:KSS,Kohl's Corporation Common Stock,1932,8877610,6.84,16.65,3.60,0.18,3.12,17.30,46.37,48.65,11.29,-16.88,0,0,-21.09,105.56,171.62,171.62,14.98,36.74,30.27,0.95,-36.86,1.143312,88,17.30,35.15,4.26,-72.75,-31.75,14.98,27.67,-5.43,-62.90,-42.51,1.207863,98
17-09-2025,NASDAQ:BBIO,"BridgeBio Pharma, Inc. - Common Stock",9784,2191835,4.09,51.49,0.04,-3.90,2.89,0.33,20.10,35.89,43.72,47.66,-5.16,-5.16,-5.16,28.73,70.84,130.38,-1.99,10.47,17.51,33.38,27.68,1.143027,88,0.33,19.84,19.76,12.21,7.00,-1.99,12.36,10.07,22.06,-3.76,0.990361,30
17-09-2025,NYSE:EGO,Eldorado Gold Corporation Ordinary Shares,5490,1637097,3.09,27.25,-3.60,3.89,6.68,16.22,21.91,43.16,36.73,34.72,-3.47,-3.47,-3.47,37.97,75.92,103.21,13.90,12.28,24.78,26.39,14.74,1.142351,88,16.22,6.79,27.21,-11.30,-3.19,13.90,-0.69,17.52,-1.45,-13.95,1.039059,74
17-09-2025,NYSE:AEM,Agnico Eagle Mines Limited Common Stock,76959,2808966,2.38,152.4,-0.89,-0.23,3.06,12.50,18.63,30.92,42.68,46.29,-1.15,-1.15,-1.15,31.24,53.2,100.55,10.18,9.00,12.54,32.34,26.31,1.14145,88,12.50,7.00,15.10,17.03,6.29,10.18,-0.48,5.41,26.88,-4.47,1.005245,46
17-09-2025,NASDAQ:ACMR,"ACM Research, Inc. - Class A Common Stock",2167,1719199,5.18,30.94,3.59,9.79,10.86,19.13,17.84,3.10,49.58,47.45,-3.49,-3.49,-3.49,29.35,68.79,119.43,16.81,8.21,-15.28,39.24,27.47,1.139431,88,19.13,-1.60,-17.94,47.97,-4.23,16.81,-9.08,-27.63,57.82,-14.99,1.025057,65
17-09-2025,NYSE:MEG,"Montrose Environmental Group, Inc. Common Stock",1035,419099,4.21,30.5,-0.49,6.49,-0.56,8.20,22.56,46.00,48.79,8.20,-1.8,-1.8,-1.8,48.27,183.99,183.99,5.88,12.93,27.62,38.45,-11.78,1.138381,88,8.20,15.64,30.27,5.16,-79.26,5.88,8.16,20.58,15.01,-90.02,1.067096,85
17-09-2025,NYSE:QD,"Qudian Inc. American Depositary Shares, each representing one Class A Ordinary Share",685,401179,4.62,4.15,-5.06,-1.93,-12.29,-12.53,30.36,33.01,28.67,55.42,-17.33,-17.33,-17.33,45.61,92.13,128.02,-14.85,20.73,14.63,18.33,35.44,1.138346,88,-12.53,38.12,3.81,-6.47,37.50,-14.85,30.64,-5.88,3.38,26.74,1.006382,48
17-09-2025,NYSE:DAN,Dana Incorporated Common Stock,2679,1603303,2.4,20.54,-1.61,-0.05,1.41,9.88,14.26,29.55,36.71,54.53,-3.34,-3.34,-3.34,33.64,97.88,167.8,7.56,4.63,11.17,26.37,34.55,1.138136,88,9.88,4.86,17.83,10.16,28.15,7.56,-2.62,8.14,20.01,17.39,0.980708,21
17-09-2025,NASDAQ:AVDL,Avadel Pharmaceuticals plc - Ordinary Share,1521,1530068,3.8,15.41,1.43,-1.17,2.79,11.16,38.35,42.63,33.03,9.51,-2.84,-2.84,-5.46,74.91,133.84,133.84,8.84,28.72,24.25,22.69,-10.47,1.135917,88,11.16,30.61,6.95,-16.74,-35.13,8.84,23.13,-2.74,-6.89,-45.89,1.119035,94
17-09-2025,NASDAQ:NESR,National Energy Services Reunited Corp - Ordinary Shares,1017,860146,4.15,10.43,0.86,6.62,10.07,33.27,42.38,26.27,15.63,8.92,0,0,0,82.34,89.98,89.98,30.95,32.75,7.89,5.29,-11.06,1.135393,88,33.27,13.65,-27.95,-14.43,-7.95,30.95,6.17,-37.64,-4.58,-18.71,1.187386,97
17-09-2025,NASDAQ:HTZ,"Hertz Global Holdings, Inc - Common Stock",1924,8326667,6.7,6.11,-1.31,0.33,8.02,16.37,3.11,38.30,27.33,55.32,-23.34,-29.36,-29.36,19.57,85.15,123.81,14.05,-6.52,19.92,16.99,35.34,1.134994,88,16.37,-15.85,36.32,-17.77,38.51,14.05,-23.33,26.63,-7.92,27.75,0.975214,17
17-09-2025,NYSE:CCJ,Cameco Corporation Common Stock,35619,4383404,4.37,80.23,-7.59,3.54,6.00,5.77,13.55,45.99,27.94,49.22,-7.06,-7.06,-7.06,17.52,118.73,118.73,3.45,3.92,27.61,17.60,29.24,1.134846,88,5.77,8.25,37.53,-33.42,29.53,3.45,0.77,27.84,-23.57,18.77,0.993205,33
17-09-2025,NYSE:OPFI,OppFi Inc. Class A Common Stock,1023,937579,4.54,11.42,2.36,8.58,9.89,8.76,-7.71,19.00,40.11,62.70,-21.83,-21.83,-32.59,19.21,44.19,168.08,6.44,-17.34,0.62,29.77,42.72,1.134688,88,8.76,-18.04,24.80,26.05,37.72,6.44,-25.52,15.11,35.90,26.96,0.922562,3
17-09-2025,AMEX:TGB,"Taseko Mines, Ltd. Common Stock",1159,3011274,3.41,3.64,-0.55,7.14,9.62,10.16,20.05,34.07,40.38,43.68,-0.55,-0.55,-0.55,30,114.12,114.12,7.84,10.42,15.69,30.04,23.70,1.134621,88,10.16,11.01,17.53,9.58,5.53,7.84,3.53,7.84,19.43,-5.23,1.009202,51
17-09-2025,NASDAQ:TERN,"Terns Pharmaceuticals, Inc. - Common Stock",648,1099927,6.51,7.3,2.33,-3.42,-3.56,3.42,45.07,55.48,8.22,-30.27,-3.44,-3.44,-28.5,98.37,265,265,1.10,35.44,37.10,-2.12,-50.25,1.133005,87,3.42,43.12,18.95,-106.15,-41.94,1.10,35.64,9.26,-96.30,-52.70,1.204681,98
17-09-2025,NYSE:CVI,CVR Energy Inc. Common Stock,3328,2452144,5.31,33.18,8.17,0.15,4.19,18.44,16.61,37.67,40.08,35.80,0,0,0,33.09,106.6,108.68,16.12,6.98,19.29,29.74,15.82,1.132993,87,18.44,-2.25,25.26,3.87,-7.14,16.12,-9.73,15.57,13.72,-17.90,1.024472,65
17-09-2025,NYSE:TV,Grupo Televisa S.A.B. Common Stock,1355,1164905,4.14,2.92,2.40,4.11,3.42,15.41,22.95,39.38,33.56,37.33,-0.34,-0.34,-0.34,40.38,82.5,82.5,13.09,13.32,21.00,23.22,17.35,1.132334,87,15.41,8.91,21.33,-9.60,5.67,13.09,1.43,11.64,0.25,-5.09,1.036818,73
17-09-2025,NYSE:BBVA,Banco Bilbao Vizcaya Argentaria S.A. Common Stock,110366,1272832,1.2,19.18,-0.26,2.92,5.74,-0.31,18.98,24.30,48.07,47.39,-0.31,-0.31,-0.31,30.21,61.18,107.35,-2.63,9.35,5.92,37.73,27.41,1.132163,87,-0.31,19.23,6.56,31.40,-1.31,-2.63,11.75,-3.13,41.25,-12.07,0.988389,27
17-09-2025,NASDAQ:TRS,TriMas Corporation - Common Stock,1590,556217,2.36,39.47,-0.18,3.01,3.72,6.84,31.49,36.64,33.65,36.79,-0.18,-0.18,-0.18,47,98.34,98.34,4.52,21.86,18.26,23.31,16.81,1.131888,87,6.84,26.46,7.51,-4.72,4.73,4.52,18.98,-2.18,5.13,-6.03,1.051861,79
17-09-2025,NASDAQ:DHC,Diversified Healthcare Trust  - Common Shares of Beneficial Interest,1055,796656,4.52,4.37,-1.37,2.06,13.73,22.88,17.85,38.67,42.79,20.59,-3.53,-3.53,-3.53,33.64,111.11,114.22,20.56,8.22,20.29,32.45,0.61,1.13103,87,22.88,-6.53,25.35,6.72,-38.80,20.56,-14.01,15.66,16.57,-49.56,1.056468,81
17-09-2025,NYSE:BBBY,"Bed Bath & Beyond, Inc. Common Stock",563,2523468,7.7,9.81,-4.59,-13.25,17.02,9.79,34.35,42.30,43.43,-9.07,-13.42,-13.42,-13.8,62.96,166.58,166.58,7.47,24.72,23.92,33.09,-29.05,1.130767,87,9.79,27.23,12.11,1.94,-92.79,7.47,19.75,2.42,11.79,-103.55,1.126853,95
17-09-2025,NASDAQ:LRCX,Lam Research Corporation - Common Stock,153720,10523470,2.73,120.47,1.05,12.37,19.46,17.40,22.46,35.00,35.06,37.93,0,0,0,33.13,103.88,103.88,15.08,12.83,16.62,24.72,17.95,1.129518,87,17.40,6.13,16.17,0.10,4.41,15.08,-1.35,6.48,9.95,-6.35,1.036339,73
17-09-2025,NASDAQ:NXT,Nextracker Inc. - Class A Common Stock,10167,1803782,4.49,66.85,-1.18,3.77,0.19,9.38,9.12,31.34,45.21,46.40,-4.66,-4.66,-4.66,24.26,80.68,113.65,7.06,-0.51,12.96,34.87,26.42,1.129354,87,9.38,-0.28,24.44,20.20,2.18,7.06,-7.76,14.75,30.05,-8.58,0.976632,18
17-09-2025,NYSE:TTI,"Tetra Technologies, Inc. Common Stock",677,1070565,3.48,4.95,1.21,4.85,3.84,20.81,28.28,31.31,21.62,42.63,0,0,-0.6,53.25,132.39,132.39,18.49,18.65,12.93,11.28,22.65,1.12873,87,20.81,9.44,4.23,-14.12,26.80,18.49,1.96,-5.46,-4.27,16.04,1.061823,83
17-09-2025,NASDAQ:ROAD,"Construction Partners, Inc. - Common Stock",7069,428577,3.33,124.91,-1.13,3.28,5.28,13.88,15.85,40.93,21.86,49.33,-1.12,-1.12,-1.12,33.69,81.69,97.36,11.56,6.22,22.55,11.52,29.35,1.128661,87,13.88,2.29,29.80,-32.28,35.16,11.56,-5.19,20.11,-22.43,24.40,1.011053,53
17-09-2025,NYSE:YALA,"Yalla Group Limited American Depositary Shares, each representing one Class A Ordinary Share",1217,478526,2.64,7.7,0.78,0.00,1.69,0.78,15.97,35.71,42.60,45.84,-15.2,-15.2,-15.2,22.22,65.24,97.94,-1.54,6.34,17.33,32.26,25.86,1.128632,87,0.78,15.31,23.49,10.71,5.66,-1.54,7.83,13.80,20.56,-5.10,0.982371,23
17-09-2025,NASDAQ:OLMA,"Olema Pharmaceuticals, Inc. - Common Stock",532,1087986,8.6,7.89,-1.39,5.70,18.00,30.16,46.89,43.60,-6.59,-50.19,-5.05,-5.05,-42.16,96.76,157.84,157.84,27.84,37.26,25.22,-16.93,-70.17,1.12841,87,30.16,23.96,-6.21,-88.99,-40.90,27.84,16.48,-15.90,-79.14,-51.66,1.267756,99
17-09-2025,NYSE:AG,First Majestic Silver Corp. Ordinary Shares (Canada),4910,20924255,5.03,10.37,-4.05,11.86,7.33,14.66,20.25,31.63,35.58,44.17,-3.89,-3.89,-3.89,32.44,97.9,97.9,12.34,10.62,13.25,25.24,24.19,1.128231,87,14.66,6.55,14.27,5.78,13.32,12.34,-0.93,4.58,15.63,2.56,1.017176,58
17-09-2025,NASDAQ:AUPH,Aurinia Pharmaceuticals Inc - Common Shares,1619,1495360,3.1,12.52,-2.32,1.36,6.71,2.00,34.98,32.91,19.25,47.44,-2.26,-2.26,-2.26,67.6,73.89,90.27,-0.32,25.35,14.53,8.91,27.46,1.128171,87,2.00,33.66,-3.19,-20.36,34.92,-0.32,26.18,-12.88,-10.51,24.16,1.055411,81
17-09-2025,NASDAQ:FIVE,"Five Below, Inc. - Common Stock",8194,1568201,3.72,149.06,1.41,4.09,-0.48,9.41,15.15,50.11,26.52,37.92,-2.83,-2.83,-2.83,21.01,167.37,167.37,7.09,5.52,31.73,16.18,17.94,1.127518,87,9.41,6.34,41.20,-47.28,15.52,7.09,-1.14,31.51,-37.43,4.76,1.020471,61
17-09-2025,NYSE:SHCO,Soho House & Co Inc. Class A Common Stock,1729,868155,0.31,8.86,0.00,0.11,0.23,13.77,20.09,26.75,43.91,39.39,-0.67,-0.67,-0.67,40.41,78.63,88.11,11.45,10.46,8.37,33.57,19.41,1.127497,87,13.77,7.33,8.33,23.42,-8.05,11.45,-0.15,-1.36,33.27,-18.81,1.021109,62
17-09-2025,NYSE:BWXT,"BWX Technologies, Inc. Common Stock",15390,1096833,2.5,176.65,1.33,8.16,9.41,1.78,20.93,43.39,30.46,44.26,-2.94,-2.94,-2.94,29.46,97.95,97.95,-0.54,11.30,25.01,20.12,24.28,1.127266,87,1.78,19.50,28.40,-22.84,19.85,-0.54,12.02,18.71,-12.99,9.09,1.007199,49
17-09-2025,NYSE:JBL,Jabil Inc. Common Stock,22928,1274173,2.33,213.33,-1.28,1.93,5.27,-0.94,15.24,35.15,37.33,51.34,-7.4,-7.4,-7.4,17.98,82.52,105.52,-3.26,5.61,16.77,26.99,31.36,1.126962,87,-0.94,16.03,23.49,3.37,22.36,-3.26,8.55,13.80,13.22,11.60,0.972918,16
17-09-2025,NYSE:GE,GE Aerospace Common Stock,306997,4109025,2.13,292.97,2.11,5.71,6.00,8.57,19.26,31.04,42.44,42.08,0,0,0,24.27,75.63,83.16,6.25,9.63,12.66,32.10,22.10,1.126887,87,8.57,11.69,14.59,16.53,-0.63,6.25,4.21,4.90,26.38,-11.39,1.006381,48
17-09-2025,NASDAQ:GOOGL,Alphabet Inc. - Class A Common Stock,3019218,39185825,2.23,251.16,-0.18,4.59,15.85,18.82,29.62,34.59,22.20,38.41,-0.18,-0.18,-0.18,52.04,73.57,73.57,16.50,19.99,16.21,11.86,18.43,1.126572,87,18.82,13.31,7.06,-18.94,20.83,16.50,5.83,-2.63,-9.09,10.07,1.067425,85
17-09-2025,NASDAQ:COGT,"Cogent Biosciences, Inc. - Common Stock",1727,1533121,4.26,12.54,1.04,-2.23,4.31,5.18,40.27,41.07,26.08,18.10,-4.13,-4.13,-4.13,77.37,211.94,211.94,2.86,30.64,22.69,15.74,-1.88,1.126525,87,5.18,37.01,1.34,-25.44,-10.79,2.86,29.53,-8.35,-15.59,-21.55,1.111013,93
17-09-2025,NYSE:SBH,"Sally Beauty Holdings, Inc. (Name to be changed from Sally Holdings, Inc.) Common Stock",1514,2509847,3.83,15.06,-4.85,2.79,4.38,11.16,42.43,40.57,15.54,17.00,-4.62,-4.62,-4.62,77.18,93.32,93.32,8.84,32.80,22.19,5.20,-2.98,1.126037,87,11.16,35.20,-3.23,-42.12,1.73,8.84,27.72,-12.92,-32.27,-9.03,1.136713,95
17-09-2025,NASDAQ:TSLA,"Tesla, Inc.  - Common Stock",1373590,88396998,3.92,421.62,2.75,17.71,21.88,21.60,21.94,43.55,-0.75,45.49,0,0,-12.14,43.44,90.04,97.34,19.28,12.31,25.17,-11.09,25.51,1.126034,86,21.60,0.43,27.69,-78.47,45.90,19.28,-7.05,18.00,-68.62,35.14,1.070628,86
17-09-2025,NASDAQ:BASE,"Couchbase, Inc. - Common Stock",1350,729961,0.2,24.42,0.00,-0.04,0.12,0.33,21.58,44.43,34.19,39.27,-0.65,-0.65,-0.65,29,85.42,85.42,-1.99,11.95,26.05,23.85,19.29,1.125776,86,0.33,21.32,29.14,-18.42,7.72,-1.99,13.84,19.45,-8.57,-3.04,1.011199,53
17-09-2025,NYSE:ANET,"Arista Networks, Inc. Common Stock",179531,9261438,3.64,142.16,-2.30,0.18,4.42,3.42,33.11,40.14,24.57,37.51,-7.11,-7.11,-7.11,64.82,120.85,120.85,1.10,23.48,21.76,14.23,17.53,1.125557,86,3.42,30.74,10.52,-26.02,17.15,1.10,23.26,0.83,-16.17,6.39,1.058163,82
17-09-2025,NYSE:MOD,Modine Manufacturing Company Common Stock,8004,702350,3.78,153.33,0.61,9.66,12.64,9.53,37.49,43.23,14.24,27.73,0,0,0,70.33,121.26,121.26,7.21,27.86,24.85,3.90,7.75,1.125134,86,9.53,30.90,9.18,-51.06,15.73,7.21,23.42,-0.51,-41.21,4.97,1.103751,92
17-09-2025,NASDAQ:SHOP,Shopify Inc. - Class A Subordinate Voting Shares,192190,5604984,3.07,147.21,-0.46,2.56,5.55,3.90,26.38,34.39,20.27,51.56,-4.96,-4.96,-4.96,38.92,91.46,106.44,1.58,16.75,16.01,9.93,31.58,1.124898,86,3.90,23.40,10.87,-21.51,39.24,1.58,15.92,1.18,-11.66,28.48,1.021221,62
17-09-2025,NYSE:B,Barrick Mining Corporation Common Shares,50293,18590266,2.32,28.84,-0.66,-1.11,6.62,16.44,25.76,33.50,38.87,28.64,-2.17,-2.17,-2.17,40.96,64.61,89.36,14.12,16.13,15.12,28.53,8.66,1.124871,86,16.44,11.16,10.42,8.08,-16.73,14.12,3.68,0.73,17.93,-27.49,1.055511,81
17-09-2025,NYSE:NGL,NGL ENERGY PARTNERS LP Common Units representing Limited Partner Interests,843,810507,3.93,6.47,11.13,9.27,15.61,23.65,31.53,28.90,27.20,30.60,0,0,0,61.75,131.07,131.07,21.33,21.90,10.52,16.86,10.62,1.124725,86,23.65,10.32,-3.84,-2.39,4.67,21.33,2.84,-13.53,7.46,-6.09,1.089125,90
17-09-2025,NASDAQ:BTDR,Bitdeer Technologies Group - Ordinary Shares,3586,4512700,8.33,16.38,2.75,15.45,13.06,18.25,17.22,36.02,-21.67,59.34,0,0,-37.24,52.51,127.5,145.95,15.93,7.59,17.64,-32.01,39.36,1.124185,86,18.25,-1.27,22.71,-90.17,66.58,15.93,-8.75,13.02,-80.32,55.82,1.05419,80
17-09-2025,NASDAQ:NSSC,"NAPCO Security Technologies, Inc. - Common Stock",1512,531167,3.81,42.93,-1.70,6.59,10.34,28.98,33.59,41.35,10.65,12.46,-1.67,-1.67,-1.67,56.97,116.6,116.6,26.66,23.96,22.97,0.31,-7.52,1.124151,86,28.98,6.49,11.68,-52.34,2.03,26.66,-0.99,1.99,-42.49,-8.73,1.138766,96
17-09-2025,NYSE:FN,Fabrinet Ordinary Shares,12799,822366,4.63,355.53,-0.98,-3.81,5.58,7.24,27.31,37.72,32.43,37.62,-4.57,-4.57,-4.57,37.57,107.88,107.88,4.92,17.68,19.34,22.09,17.64,1.124092,86,7.24,21.64,14.32,-8.50,7.68,4.92,14.16,4.63,1.35,-3.08,1.0372,73
17-09-2025,NASDAQ:SRRK,Scholar Rock Holding Corporation - Common Stock,3071,1918829,5.97,32.34,-4.11,2.35,-2.41,2.88,0.65,-7.36,-30.43,74.46,-24.55,-24.55,-30.79,7.37,32.16,357.43,0.56,-8.98,-25.74,-40.77,54.48,1.123912,86,2.88,-2.29,-8.06,-21.49,80.42,0.56,-9.77,-17.75,-11.64,69.66,0.962022,10
17-09-2025,NASDAQ:TBBK,"The Bancorp, Inc. - Common Stock",3546,639460,3.05,75.83,-0.91,0.73,-0.20,12.82,33.85,30.49,26.27,37.27,-2.63,-2.63,-2.63,51.96,85.27,85.27,10.50,24.22,12.11,15.93,17.29,1.123637,86,12.82,24.13,-5.08,-6.07,14.92,10.50,16.65,-14.77,3.78,4.16,1.071966,87
17-09-2025,NASDAQ:GOOG,Alphabet Inc. - Class C Capital Stock,3019964,24714027,2.2,251.42,-0.14,4.57,15.68,18.50,29.23,33.75,21.76,38.14,-0.14,-0.14,-0.14,51.45,71.52,71.52,16.18,19.60,15.37,11.42,18.16,1.12239,86,18.50,13.16,6.39,-18.09,20.93,16.18,5.68,-3.30,-8.24,10.17,1.065633,85
17-09-2025,NYSE:SGI,Somnigroup International Inc. Common Stock,17851,2053165,2.02,85.18,-0.29,0.94,1.17,5.99,23.97,33.78,34.88,42.28,-2.26,-2.26,-2.26,32.84,56.38,78.72,3.67,14.34,15.40,24.54,22.30,1.121134,86,5.99,19.13,12.89,1.67,11.36,3.67,11.65,3.20,11.52,0.60,1.017616,59
17-09-2025,NASDAQ:JOYY,JOYY Inc. - American Depositary Shares,3231,635929,3.44,62.9,0.56,-1.43,6.61,19.92,20.87,21.96,35.66,42.68,-1.41,-1.41,-1.41,27.9,64.92,90.2,17.60,11.24,3.58,25.32,22.70,1.120412,86,19.92,1.19,1.37,17.56,10.91,17.60,-6.29,-8.32,27.41,0.15,1.030719,70
17-09-2025,NYSE:NUVB,Nuvation Bio Inc. Class A Common Stock,1119,6774509,7.95,3.27,3.67,-2.45,9.79,15.90,43.12,36.09,18.04,6.42,-16.15,-16.15,-16.15,91.23,96.99,96.99,13.58,33.49,17.71,7.70,-13.56,1.119644,86,15.90,32.36,-12.37,-28.23,-14.18,13.58,24.88,-22.06,-18.38,-24.94,1.154901,96
17-09-2025,NYSE:JBGS,JBG SMITH Properties Common Shares,1496,979321,2.64,24.23,2.31,4.25,12.05,18.57,24.06,38.01,32.89,26.83,0,0,0,45.44,73.32,73.32,16.25,14.43,19.63,22.55,6.85,1.119594,86,18.57,6.74,18.37,-8.26,-9.04,16.25,-0.74,8.68,1.59,-19.80,1.057215,82
17-09-2025,NYSE:LPL,"LG Display Co, Ltd AMERICAN DEPOSITORY SHARES",4798,635019,2.22,4.96,9.27,11.49,13.71,10.48,32.46,34.07,35.89,22.98,0,0,0,49.85,93.75,93.75,8.16,22.83,15.69,25.55,3.00,1.118788,86,10.48,24.55,2.39,2.75,-20.13,8.16,17.07,-7.30,12.60,-30.89,1.076319,88
17-09-2025,AMEX:URG,Ur Energy Inc Common Shares (Canada),544,6781930,5.96,1.5,-3.33,2.00,8.67,21.33,27.33,45.18,16.67,21.33,-3.85,-3.85,-3.85,50,167.57,167.57,19.01,17.70,26.80,6.33,1.35,1.118387,86,21.33,7.63,24.56,-52.01,5.60,19.01,0.15,14.87,-42.16,-5.16,1.091619,91
17-09-2025,NYSE:HWM,Howmet Aerospace Inc. Common Stock,74736,2210407,2.13,187.46,-0.95,4.52,7.60,8.65,8.46,31.04,38.08,49.73,-2.44,-2.44,-2.44,10.12,66.88,98.94,6.33,-1.17,12.66,27.74,29.75,1.118306,86,8.65,-0.20,24.67,10.20,18.82,6.33,-7.68,14.98,20.05,8.06,0.970647,14
17-09-2025,NYSE:AAP,Advance Auto Parts Inc.,3760,1400726,3.27,63.23,-1.49,5.84,5.79,10.11,23.36,40.15,27.98,37.56,-4.92,-4.92,-4.92,36.62,108.61,108.61,7.79,13.73,21.77,17.64,17.58,1.117542,86,10.11,14.74,21.91,-20.35,13.31,7.79,7.26,12.22,-10.50,2.55,1.032178,70
17-09-2025,NYSE:XPEV,"XPeng Inc. American depositary shares, each representing two Class A ordinary shares",20381,9879982,3.35,21.45,0.56,3.26,3.08,8.16,13.05,-14.50,40.37,59.81,-11.84,-12.66,-18.56,23.28,30.63,148.84,5.84,3.42,-32.88,30.03,39.83,1.117258,86,8.16,5.33,-31.69,47.92,32.60,5.84,-2.15,-41.38,57.77,21.84,0.983001,23
17-09-2025,NASDAQ:SANM,Sanmina Corporation - Common Stock,6191,634225,2.98,117.39,-1.55,-0.32,0.26,0.35,25.06,35.16,31.83,44.00,-5.21,-5.21,-5.21,33.44,74.43,80.35,-1.97,15.43,16.78,21.49,24.02,1.117074,85,0.35,24.80,13.47,-5.12,17.85,-1.97,17.32,3.78,4.73,7.09,1.013091,54
17-09-2025,NASDAQ:NVMI,Nova Ltd. - Ordinary Shares,8730,506802,3.83,302.18,0.91,8.26,21.52,15.83,23.74,31.74,36.46,32.21,0,0,0,32.51,86.5,86.5,13.51,14.11,13.36,26.12,12.23,1.11659,85,15.83,9.40,10.49,6.92,-6.69,13.51,1.92,0.80,16.77,-17.45,1.043485,76
17-09-2025,NYSE:NUS,"Nu Skin Enterprises, Inc. Common Stock",587,493015,3.66,11.72,-0.94,1.02,-3.41,1.37,32.17,29.61,36.35,35.41,-4.72,-4.72,-4.72,53,113.87,113.87,-0.95,22.54,11.23,26.01,15.43,1.116531,85,1.37,31.23,-3.77,9.58,-1.47,-0.95,23.75,-13.46,19.43,-12.23,1.048279,78
17-09-2025,NASDAQ:SMTC,Semtech Corporation - Common Stock,5399,2079017,4.45,62.55,-0.13,1.55,7.66,20.34,34.66,36.96,-2.49,35.11,-0.13,-0.13,-18.92,55.48,156.98,156.98,18.02,25.03,18.58,-12.83,15.13,1.115664,85,20.34,17.98,3.52,-62.59,36.69,18.02,10.50,-6.17,-52.74,25.93,1.113087,93
17-09-2025,NASDAQ:BIDU,"Baidu, Inc. - American Depositary Shares, each representing 8 ordinary share",40001,7353784,2.89,123.79,7.25,12.38,22.22,27.42,29.52,17.38,27.81,32.09,0,0,0,48.04,61.06,61.06,25.10,19.89,-1.00,17.47,12.11,1.114861,85,27.42,2.89,-17.21,12.61,5.93,25.10,-4.59,-26.90,22.46,-4.83,1.090039,91
17-09-2025,NYSE:LC,LendingClub Corporation Common Stock,1976,1404379,3.6,17.2,0.35,4.19,3.37,9.88,35.81,37.09,6.92,37.62,-0.29,-0.29,-3.96,56.36,100.93,100.93,7.56,26.18,18.71,-3.42,17.64,1.114545,85,9.88,28.77,1.99,-47.97,32.98,7.56,21.29,-7.70,-38.12,22.22,1.089844,91
17-09-2025,NASDAQ:GRAB,Grab Holdings Limited - Class A Ordinary Shares,24864,48072146,3.85,6.32,2.85,16.30,21.99,18.83,25.47,29.59,14.56,45.41,0,0,0,40.76,81.61,83.19,16.51,15.84,11.21,4.22,25.43,1.11362,85,18.83,8.19,5.52,-21.35,36.11,16.51,0.71,-4.17,-11.50,25.35,1.049721,79
17-09-2025,AMEX:DNN,Denison Mines Corp Ordinary Shares (Canada),2277,60944939,5.39,2.5,-3.20,4.40,8.80,18.80,25.60,42.00,10.00,35.20,-3.1,-3.1,-3.1,47.93,117.39,117.39,16.48,15.97,23.62,-0.34,15.22,1.113605,85,18.80,8.37,22.04,-55.17,28.00,16.48,0.89,12.35,-45.32,17.24,1.070993,86
17-09-2025,NASDAQ:PPTA,Perpetua Resources Corp. - Common Shares,1828,2146340,5.38,16.92,-6.44,1.24,-10.46,-2.30,23.17,36.88,24.35,48.52,-11.87,-11.87,-11.87,42.66,88.42,110.71,-4.62,13.54,18.50,14.01,28.54,1.112743,85,-2.30,24.90,17.85,-19.85,31.95,-4.62,17.42,8.16,-10.00,21.19,1.004275,45
17-09-2025,NASDAQ:KNSA,"Kiniksa Pharmaceuticals, Ltd. - Class A Ordinary Shares",2626,407474,2.75,35.77,-2.21,-3.05,4.17,6.68,20.58,35.78,40.59,31.53,-3.58,-3.58,-3.58,35.85,91.8,96.86,4.36,10.95,17.40,30.25,11.55,1.112336,85,6.68,14.89,19.15,7.49,-15.25,4.36,7.41,9.46,17.34,-26.01,1.020933,62
17-09-2025,NASDAQ:DASH,"DoorDash, Inc. - Common Stock",110750,2948889,2.53,263.09,1.90,2.49,7.22,5.74,15.72,27.83,32.95,50.52,-2.92,-2.92,-2.92,19.92,61.25,102.56,3.42,6.09,9.45,22.61,30.54,1.112149,85,5.74,10.59,14.37,7.08,26.20,3.42,3.11,4.68,16.93,15.44,0.984274,24
17-09-2025,NASDAQ:NN,NextNav Inc. - Common stock,2320,1557904,6.73,17.08,-2.46,3.10,-3.04,15.05,15.28,33.37,-1.41,56.32,-4.79,-4.79,-5.11,24.22,55.84,144.35,12.73,5.65,14.99,-11.75,36.34,1.111952,85,15.05,0.28,21.35,-52.20,56.93,12.73,-7.20,11.66,-42.35,46.17,1.020453,61
17-09-2025,NASDAQ:CENX,Century Aluminum Company - Common Stock,2464,1510838,4.04,26.05,0.08,16.55,16.74,10.71,29.40,21.50,17.10,49.94,-0.15,-0.15,-0.15,54.05,90.15,99.77,8.39,19.77,3.12,6.76,29.96,1.111842,85,10.71,20.94,-11.20,-5.60,39.62,8.39,13.46,-20.89,4.25,28.86,1.043333,76
17-09-2025,NASDAQ:TVTX,"Travere Therapeutics, Inc. - Common Stock",2108,2734777,6.24,22.77,-1.05,4.96,20.29,17.35,35.53,8.34,17.96,44.66,-16.62,-16.62,-16.62,61.66,68.79,80.71,15.03,25.90,-10.04,7.62,24.68,1.110792,85,17.35,22.00,-42.17,10.49,32.55,15.03,14.52,-51.86,20.34,21.79,1.089324,90
17-09-2025,NYSE:PAAS,Pan American Silver Corp. Common Stock,14914,5938974,2.94,36.21,-2.71,2.24,5.27,12.34,20.08,26.26,33.89,43.36,-2.64,-2.64,-2.64,34.01,68.5,81.59,10.02,10.45,7.88,23.55,23.38,1.110461,85,12.34,8.82,7.74,10.34,14.33,10.02,1.34,-1.95,20.19,3.57,1.013971,55
17-09-2025,NASDAQ:CNTA,Centessa Pharmaceuticals plc - American Depositary Shares,2856,1467823,6.29,21.33,-3.23,2.25,19.03,15.38,40.93,19.36,19.46,29.21,-6.08,-6.08,-6.08,71.6,99.16,99.16,13.06,31.30,0.98,9.12,9.23,1.110445,85,15.38,30.19,-36.51,0.12,12.11,13.06,22.71,-46.20,9.97,1.35,1.122705,94
17-09-2025,NASDAQ:GPRE,"Green Plains, Inc. - Common Stock",630,2293608,6.29,10.32,4.26,2.91,-6.69,18.22,43.70,45.74,-5.52,-18.80,-7.44,-7.44,-23.84,85.28,212.73,212.73,15.90,34.07,27.36,-15.86,-38.78,1.110224,85,18.22,31.16,3.61,-94.46,-12.58,15.90,23.68,-6.08,-84.61,-23.34,1.203747,98
17-09-2025,NYSE:AS,"Amer Sports, Inc. Ordinary Shares",20542,4216829,3.68,37.09,-0.40,1.02,-2.53,-4.37,-0.08,23.16,30.55,61.96,-10.58,-10.58,-10.58,3.78,76.87,162.86,-6.69,-9.71,4.78,20.21,41.98,1.109751,85,-4.37,4.11,23.22,9.61,45.23,-6.69,-3.37,13.53,19.46,34.47,0.924296,3
17-09-2025,NYSE:RERE,ATRenew Inc. American Depositary Shares (every three of which representing two Class A ordinary shares),936,2532128,7.15,4.26,-3.52,-2.11,-7.98,1.17,33.80,18.31,29.11,44.60,-9.94,-9.94,-9.94,53.24,113,113,-1.15,24.17,-0.07,18.77,24.62,1.10934,85,1.17,33.02,-23.40,13.22,21.85,-1.15,25.54,-33.09,23.07,11.09,1.049073,78
17-09-2025,NYSE:SVV,"Savers Value Village, Inc. Common Stock",2004,1294662,4.04,12.89,1.24,3.03,2.72,12.34,19.71,46.39,22.03,30.18,0,0,0,31.26,89,94.71,10.02,10.08,28.01,11.69,10.20,1.109243,85,12.34,8.41,33.24,-45.44,10.45,10.02,0.93,23.55,-35.59,-0.31,1.0424,75
17-09-2025,NYSE:MNTN,"MNTN, Inc. Class A Common Stock",1457,595177,5.25,20.19,1.68,1.24,1.04,-5.99,-12.38,44.03,44.23,45.72,-35.84,-35.84,-35.84,6.21,1919,1919,-8.31,-22.01,25.65,33.89,25.74,1.1087,85,-5.99,-6.03,50.20,0.35,2.66,-8.31,-13.51,40.51,10.20,-8.10,0.925199,3
17-09-2025,NYSE:NPKI,NPK International Inc. Common Stock,908,684637,2.35,10.88,1.29,4.14,4.32,9.38,19.67,43.11,25.55,35.02,0,0,0,30.14,119.8,119.8,7.06,10.04,24.73,15.21,15.04,1.108445,85,9.38,11.36,29.18,-30.86,12.72,7.06,3.88,19.49,-21.01,1.96,1.026892,67
17-09-2025,NYSE:TFPM,Triple Flag Precious Metals Corp. Common Shares,5728,639540,2.83,28.13,-1.92,-1.60,1.53,7.18,12.80,32.67,39.53,41.20,-2.56,-2.56,-2.56,23.27,53.38,88.29,4.86,3.17,14.29,29.19,21.22,1.108394,85,7.18,6.05,22.79,10.19,2.76,4.86,-1.43,13.10,20.04,-8.00,0.988826,28
17-09-2025,NASDAQ:COIN,"Coinbase Global, Inc. - Class A Common Stock",82364,7871904,4.04,327.91,0.27,2.78,7.43,3.16,20.23,42.37,4.30,50.32,-21.89,-21.89,-21.89,29.17,116.49,116.49,0.84,10.60,23.99,-6.04,30.34,1.108213,84,3.16,17.63,27.76,-66.07,48.09,0.84,10.15,18.07,-56.22,37.33,1.024675,65
17-09-2025,NASDAQ:CG,The Carlyle Group Inc. - Common Stock,24440,2608727,2.63,66.98,0.27,5.00,3.81,4.66,29.77,34.85,18.17,42.12,-0.62,-0.62,-0.62,45.29,92.58,92.58,2.34,20.14,16.47,7.83,22.14,1.108079,84,4.66,26.34,7.23,-25.60,29.26,2.34,18.86,-2.46,-15.75,18.50,1.044492,76
17-09-2025,NYSE:PGRE,"Paramount Group, Inc. Common Stock",1629,6007046,3.34,7.39,4.06,2.03,1.49,7.44,12.45,44.38,33.96,33.15,-2.12,-2.12,-2.12,22.55,87.56,87.56,5.12,2.82,26.00,23.62,13.17,1.108045,84,7.44,5.41,36.48,-18.73,-1.23,5.12,-2.07,26.79,-8.88,-11.99,1.00483,46
17-09-2025,NYSE:GOOS,Canada Goose Holdings Inc. Subordinate Voting Shares,1360,1681540,4.29,14.13,-0.92,-5.38,7.29,19.75,17.83,39.63,29.58,26.75,-7.28,-7.28,-7.28,29.04,105.38,105.38,17.43,8.20,21.25,19.24,6.77,1.107692,84,19.75,-2.38,26.53,-16.65,-4.02,17.43,-9.86,16.84,-6.80,-14.78,1.043537,76
17-09-2025,NYSE:NVT,nVent Electric plc Ordinary Shares,15525,1640605,2.4,96.2,-0.16,4.95,6.99,8.51,26.82,41.06,21.70,32.90,-0.16,-0.16,-0.16,37.76,112.83,112.83,6.19,17.19,22.68,11.36,12.92,1.107644,84,8.51,20.01,19.46,-32.84,14.30,6.19,12.53,9.77,-22.99,3.54,1.049656,79
17-09-2025,NASDAQ:INTR,Inter & Co. Inc. - Class A Common Shares,3997,2060224,2.78,8.95,0.00,2.12,6.59,9.94,16.09,32.85,47.04,21.34,-0.33,-0.33,-0.33,37.9,77.58,126.58,7.62,6.46,14.47,36.70,1.36,1.106901,84,9.94,6.82,19.97,21.13,-48.52,7.62,-0.66,10.28,30.98,-59.28,1.029595,69
17-09-2025,NASDAQ:ATAT,Atour Lifestyle Holdings Limited - American Depositary Shares,5458,1522587,3.2,39.5,-0.63,-1.22,2.20,11.70,19.90,20.78,29.67,48.63,-1.32,-1.32,-1.32,28.79,77.85,101.02,9.38,10.27,2.40,19.33,28.65,1.106763,84,11.70,9.29,1.11,11.22,26.96,9.38,1.81,-8.58,21.07,16.20,1.008182,50
17-09-2025,NYSE:MATV,"Mativ Holdings, Inc. Common Stock",675,590505,3.65,12.25,0.24,0.00,-1.63,5.47,46.04,49.31,3.18,-45.80,-2.55,-2.55,-35.49,95.69,167.47,167.47,3.15,36.41,30.93,-7.16,-65.78,1.106595,84,5.47,42.92,6.05,-90.98,-50.59,3.15,35.44,-3.64,-81.13,-61.35,1.215988,98
17-09-2025,NASDAQ:CORZ,"Core Scientific, Inc. - Common Stock",4969,13290753,4.71,16.18,-0.87,10.20,13.47,12.67,25.34,45.86,1.98,35.78,-10.11,-10.11,-11.25,42.56,153.21,153.21,10.35,15.71,27.48,-8.36,15.80,1.106524,84,12.67,14.51,27.48,-81.05,34.49,10.35,7.03,17.79,-71.20,23.73,1.072604,87
17-09-2025,NASDAQ:MGNI,"Magnite, Inc. - Common Stock",3396,3031098,5.4,23.07,-2.86,-5.72,-10.81,-2.73,19.48,42.91,26.74,41.35,-13.01,-13.01,-13.01,26.55,156.33,156.33,-5.05,9.85,24.53,16.40,21.37,1.105859,84,-2.73,21.62,29.10,-28.32,19.94,-5.05,14.14,19.41,-18.47,9.18,1.002913,44
17-09-2025,NYSE:YOU,"Clear Secure, Inc. Class A Common Stock",4901,1600576,3.07,37.8,-0.05,2.99,5.21,11.30,35.56,30.24,27.57,22.01,-0.05,-0.05,-1.69,55.17,57.76,70.89,8.98,25.93,11.86,17.23,2.03,1.105623,84,11.30,27.35,-8.25,-3.83,-7.67,8.98,19.87,-17.94,6.02,-18.43,1.092084,91
17-09-2025,NASDAQ:NMRK,"Newmark Group, Inc. - Class A Common Stock",3395,1379574,2.86,18.87,-1.75,0.90,6.31,8.37,38.79,33.07,20.08,21.78,-2.13,-2.13,-2.13,69.09,87.02,87.02,6.05,29.16,14.69,9.74,1.80,1.105127,84,8.37,33.20,-9.35,-19.40,2.12,6.05,25.72,-19.04,-9.55,-8.64,1.104977,93
17-09-2025,NYSE:ELAN,Elanco Animal Health Incorporated Common Stock,9156,10382441,2.66,18.63,-0.05,-0.70,4.19,3.60,24.91,42.89,32.74,22.76,-2.2,-2.2,-2.2,39.76,130,130,1.28,15.28,24.51,22.40,2.78,1.104916,84,3.60,22.10,23.95,-17.76,-14.84,1.28,14.62,14.26,-7.91,-25.60,1.043131,76
17-09-2025,NASDAQ:FTAI,FTAI Aviation Ltd. - Common Stock,17851,1160329,3.58,173.75,0.71,4.81,13.62,16.71,28.60,38.43,13.86,30.32,0,0,-0.69,58.3,99.94,107.36,14.39,18.97,20.05,3.52,10.34,1.10486,84,16.71,14.28,13.77,-39.90,19.11,14.39,6.80,4.08,-30.05,8.35,1.074701,87
17-09-2025,NYSE:WPM,Wheaton Precious Metals Corp Common Shares (Canada),47715,1898489,2.4,105.23,-2.35,0.59,3.48,10.35,12.68,27.76,39.13,41.68,-2.29,-2.29,-2.29,21.34,49.14,88.75,8.03,3.05,9.38,28.79,21.70,1.104475,84,10.35,2.60,17.27,15.75,4.18,8.03,-4.88,7.58,25.60,-6.58,0.992259,32
17-09-2025,NYSE:C,"Citigroup, Inc. Common Stock",187330,13129304,1.9,100.64,0.84,3.28,5.82,6.91,22.43,30.50,28.50,43.03,0,0,0,30.09,73.13,75.55,4.59,12.80,12.12,18.16,23.05,1.103813,84,6.91,16.67,10.41,-2.89,20.33,4.59,9.19,0.72,6.96,9.57,1.015097,56
17-09-2025,NYSE:EVR,Evercore Inc. Class A Common Stock,13445,407283,2.45,345.52,0.13,5.85,8.06,10.94,28.23,40.92,13.92,32.09,0,0,0,41.45,110.98,110.98,8.62,18.60,22.54,3.58,12.11,1.103229,84,10.94,19.41,17.68,-45.72,21.11,8.62,11.93,7.99,-35.87,10.35,1.06434,84
17-09-2025,NYSE:SCS,Steelcase Inc. Common Stock,1919,1725433,1.45,16.88,0.06,0.00,0.65,4.32,38.57,34.77,21.80,20.56,-1.97,-1.97,-1.97,66.8,79.19,79.19,2.00,28.94,16.39,11.46,0.58,1.103084,84,4.32,35.79,-6.17,-19.89,-1.59,2.00,28.31,-15.86,-10.04,-12.35,1.098939,92
17-09-2025,NYSE:VIK,Viking Holdings Ltd Ordinary Shares,27456,2185206,2.59,61.63,-1.30,-3.29,-1.35,1.48,21.68,31.74,25.30,47.43,-5.65,-5.65,-5.65,29.42,80.52,90.22,-0.84,12.05,13.36,14.96,27.45,1.102962,84,1.48,20.50,12.84,-9.44,29.63,-0.84,13.02,3.15,0.41,18.87,1.002891,44
17-09-2025,NYSE:EXK,Endeavour Silver Corporation Ordinary Shares (Canada),1886,11874643,5.67,6.22,-4.18,5.31,-4.50,10.77,22.83,22.83,29.90,44.05,-4.31,-4.31,-4.31,32.62,97.46,97.46,8.45,13.20,4.45,19.56,24.07,1.102859,84,10.77,13.51,0.00,9.17,20.18,8.45,6.03,-9.69,19.02,9.42,1.020387,61
17-09-2025,NYSE:NIQ,NIQ Global Intelligence plc Ordinary Shares,5443,874620,3.65,18.42,0.38,5.70,9.50,2.61,30.78,31.87,33.60,28.45,-6.69,-6.69,-6.69,46.42,49.94,54.79,0.29,21.15,13.49,23.26,8.47,1.102511,84,2.61,28.93,1.57,2.55,-7.77,0.29,21.45,-8.12,12.40,-18.53,1.052364,80
17-09-2025,NASDAQ:SPNS,Sapiens International Corporation N.V. - Common Shares,2404,781451,0.28,43.05,0.12,0.26,0.35,0.84,33.77,35.12,33.87,17.58,0,0,0,62.51,79.97,79.97,-1.48,24.14,16.74,23.53,-2.40,1.101591,84,0.84,33.22,2.03,-1.93,-24.62,-1.48,25.74,-7.66,7.92,-35.38,1.074208,87
17-09-2025,NYSE:CGAU,Centerra Gold Inc. Common Shares,1864,1748409,3.09,9.04,-2.21,2.10,6.42,19.58,20.91,33.85,32.74,22.79,-2.27,-2.27,-2.27,32.94,63.77,64.36,17.26,11.28,15.47,22.40,2.81,1.10159,83,19.58,1.65,16.36,-1.67,-14.80,17.26,-5.83,6.67,8.18,-25.56,1.052926,80
17-09-2025,NASDAQ:CYBR,CyberArk Software Ltd. - Ordinary Shares,24203,861479,2.22,475.94,-0.00,1.36,4.78,10.94,18.20,27.21,31.92,42.69,0,0,0,26.99,55.55,77.56,8.62,8.57,8.83,21.58,22.71,1.101398,83,10.94,8.14,11.02,6.48,15.82,8.62,0.66,1.33,16.33,5.06,1.007576,49
17-09-2025,NASDAQ:TBPH,"Theravance Biopharma, Inc. - Ordinary Shares",708,524866,3.09,13.87,-3.82,0.79,0.22,5.19,22.49,32.59,27.61,41.53,-3.68,-3.68,-3.68,31.22,66.71,74.91,2.87,12.86,14.21,17.27,21.55,1.100732,83,5.19,18.25,13.02,-7.38,19.22,2.87,10.77,3.33,2.47,8.46,1.015286,56
17-09-2025,NASDAQ:GSAT,"Globalstar, Inc. - Common Stock",4342,1339122,6.57,32.09,2.87,-15.02,5.42,16.77,27.14,32.66,-3.77,44.84,-15.42,-15.42,-15.42,38.68,82.49,107.7,14.45,17.51,14.28,-14.11,24.86,1.100643,83,16.77,12.47,7.57,-54.10,46.85,14.45,4.99,-2.12,-44.25,36.09,1.068394,86
17-09-2025,NYSE:AHR,"American Healthcare REIT, Inc. Common Stock",7214,1515963,1.68,42.29,-1.14,-1.51,0.71,4.35,16.77,29.72,33.62,43.98,-2.02,-2.02,-2.02,20.14,54.8,78.51,2.03,7.14,11.34,23.28,24.00,1.099807,83,4.35,12.98,15.57,5.55,15.60,2.03,5.50,5.88,15.40,4.84,0.99239,32
17-09-2025,NASDAQ:IBKR,"Interactive Brokers Group, Inc. - Class A Common Stock",105725,10396349,2.75,62.48,0.37,0.43,-2.27,-1.33,16.11,30.22,27.66,50.54,-7.61,-7.61,-7.61,23.65,73.21,102.2,-3.65,6.48,11.84,17.32,30.56,1.099136,83,-1.33,17.21,16.82,-3.66,31.63,-3.65,9.73,7.13,6.19,20.87,0.978949,20
17-09-2025,NYSE:RKT,"Rocket Companies, Inc. Class A Common Stock",44532,23732541,4.86,20.77,-1.59,1.49,17.38,10.78,33.90,24.36,38.52,9.73,-1.61,-1.61,-1.61,57.47,86.95,102.04,8.46,24.27,5.98,28.18,-10.25,1.099054,83,10.78,25.90,-14.42,18.71,-46.83,8.46,18.42,-24.11,28.56,-57.59,1.101368,92
17-09-2025,NASDAQ:EXTR,"Extreme Networks, Inc. - Common Stock",2943,1337922,2.71,22.53,1.02,2.00,4.26,12.47,25.70,34.31,21.08,34.62,-1.4,-1.4,-1.4,35.97,107.84,107.84,10.15,16.07,15.93,10.74,14.64,1.098637,83,12.47,15.11,11.59,-20.14,17.15,10.15,7.63,1.90,-10.29,6.39,1.046913,77
17-09-2025,NYSE:ELF,"e.l.f. Beauty, Inc. Common Stock",8290,1813423,4.64,143.28,-0.76,3.11,12.34,18.78,11.91,53.84,3.36,19.97,-0.76,-0.76,-0.76,43.39,186.85,186.85,16.46,2.28,35.46,-6.98,-0.01,1.098428,83,18.78,-8.46,47.60,-109.36,17.19,16.46,-15.94,37.91,-99.51,6.43,1.077959,88
17-09-2025,NASDAQ:DLO,DLocal Limited - Class A Common Shares,4352,2973842,4.27,14.64,3.14,6.63,3.14,-6.97,29.71,35.66,20.36,41.87,-6.51,-6.51,-6.51,46.99,85.79,85.79,-9.29,20.08,17.28,10.02,21.89,1.09839,83,-6.97,34.29,8.45,-23.78,27.02,-9.29,26.81,-1.24,-13.93,16.26,1.02925,69
17-09-2025,NASDAQ:GH,"Guardant Health, Inc. - Common Stock",7132,2326054,3.8,55.4,1.10,-7.29,-20.05,-6.28,11.01,22.56,35.63,53.83,-17.83,-17.83,-17.83,35.19,49.53,174.26,-8.60,1.38,4.18,25.29,33.85,1.098265,83,-6.28,16.27,12.98,16.88,28.27,-8.60,8.79,3.29,26.73,17.51,0.952793,7
17-09-2025,NYSE:MTZ,"MasTec, Inc. Common Stock",15257,911456,3.11,191.96,-0.67,8.84,6.23,7.38,14.78,35.33,28.21,42.49,-0.67,-0.67,-0.67,18.02,80.97,80.97,5.06,5.15,16.95,17.87,22.51,1.098069,83,7.38,7.99,24.12,-11.00,19.88,5.06,0.51,14.43,-1.15,9.12,0.996919,37
17-09-2025,NASDAQ:CVAC,CureVac N.V. - Ordinary Shares,1207,484972,0.82,5.35,-0.19,-0.56,-0.37,-2.43,-3.18,42.62,38.97,42.24,-3.08,-4.46,-4.46,0.19,106.56,114.86,-4.75,-12.81,24.24,28.63,22.26,1.097756,83,-2.43,-0.73,44.38,-6.35,5.36,-4.75,-8.21,34.69,3.50,-5.40,0.947968,6
17-09-2025,NYSE:RCL,Royal Caribbean Cruises Ltd. Common Stock,87755,1939906,3.15,321.7,-2.51,-7.34,-10.07,2.41,17.72,31.80,23.68,48.53,-12.07,-12.07,-12.07,22.61,80.8,94.3,0.09,8.09,13.42,13.34,28.55,1.097533,83,2.41,15.68,17.11,-11.90,32.56,0.09,8.20,7.42,-2.05,21.80,0.99272,33
17-09-2025,NASDAQ:AMBA,"Ambarella, Inc. - Ordinary Shares",3401,1158105,4.5,79.14,-2.06,-6.95,-1.18,15.35,33.80,29.19,8.63,33.24,-6.5,-6.5,-6.5,53.48,96.38,96.38,13.03,24.17,10.81,-1.71,13.26,1.097078,83,15.35,21.79,-6.97,-29.03,26.94,13.03,14.31,-16.66,-19.18,16.18,1.088696,90
17-09-2025,NASDAQ:UAL,"United Airlines Holdings, Inc. - Common Stock",34157,4854931,3.11,104.2,-0.34,-1.39,-0.46,3.14,24.64,29.06,5.03,52.35,-4.72,-4.72,-5.72,41.44,85.57,109.87,0.82,15.01,10.68,-5.31,32.37,1.096731,83,3.14,22.20,5.86,-33.87,49.83,0.82,14.72,-3.83,-24.02,39.07,1.023523,64
17-09-2025,NYSE:FRO,Frontline Plc Ordinary Shares,5305,2719053,2.6,23.66,-1.39,4.95,11.71,20.58,20.16,32.76,39.90,3.55,-1.38,-1.38,-7.87,44.18,84.41,84.41,18.26,10.53,14.38,29.56,-16.43,1.096377,83,20.58,-0.53,15.78,10.62,-60.48,18.26,-8.01,6.09,20.47,-71.24,1.077223,88
17-09-2025,NYSE:AORT,"Artivion, Inc. Common Stock",1885,426835,2.93,39.56,-0.51,-7.31,-10.49,-8.22,27.38,39.13,24.37,37.44,-11.76,-11.76,-11.76,37.7,78.28,78.28,-10.54,17.75,20.75,14.03,17.46,1.095925,83,-8.22,32.89,16.19,-24.25,17.28,-10.54,25.41,6.50,-14.40,6.52,1.023182,64
17-09-2025,NYSE:CCL,Carnival Corporation Common Stock,40473,16679876,2.72,31.2,-0.13,-1.19,0.13,4.62,23.59,33.04,14.71,45.77,-3.97,-3.97,-3.97,34.02,89.9,89.9,2.30,13.96,14.66,4.37,25.79,1.095234,83,4.62,19.89,12.37,-27.38,36.41,2.30,12.41,2.68,-17.53,25.65,1.021922,63
17-09-2025,NYSE:GDOT,"Green Dot Corporation Class A Common Stock, $0.001 par value",805,641311,3.4,13.79,1.02,-5.73,-1.09,3.70,27.05,46.05,20.23,19.43,-5.42,-5.42,-5.42,45.31,105.82,117.51,1.38,17.42,27.67,9.89,-0.55,1.095138,83,3.70,24.25,26.04,-47.85,-1.00,1.38,16.77,16.35,-38.00,-11.76,1.062105,83
17-09-2025,NYSE:CUK,Carnival Plc ADS ADS,40454,1409221,2.54,28.26,-0.04,-2.09,-0.39,3.11,23.71,33.55,14.69,45.93,-4.43,-4.43,-4.43,34.12,91.46,91.46,0.79,14.08,15.17,4.35,25.95,1.094848,83,3.11,21.26,12.89,-28.38,36.62,0.79,13.78,3.20,-18.53,25.86,1.020421,61
17-09-2025,NASDAQ:FROG,JFrog Ltd. - Ordinary shares,5599,1512990,3.32,47.86,-3.13,-4.37,-0.04,5.75,13.31,28.23,36.52,41.70,-5.1,-5.1,-5.1,23.38,70.99,75.83,3.43,3.68,9.85,26.18,21.72,1.094307,83,5.75,8.02,17.21,11.56,8.16,3.43,0.54,7.52,21.41,-2.60,0.987271,26
17-09-2025,NYSE:CWK,Cushman & Wakefield plc Ordinary Shares,3853,2077184,2.74,16.6,-0.30,3.73,7.11,10.96,36.02,35.42,7.89,22.83,-0.3,-0.3,-0.3,61.79,110.13,110.13,8.64,26.39,17.04,-2.45,2.85,1.092646,83,10.96,28.15,-0.94,-42.63,16.22,8.64,20.67,-10.63,-32.78,5.46,1.102529,92
17-09-2025,NYSE:FSM,Fortuna Mining Corp. Common Shares,2425,17256139,4.19,7.93,-3.53,2.40,1.89,7.94,13.75,27.49,35.56,40.48,-5.93,-5.93,-5.93,27.49,52.79,88.36,5.62,4.12,9.11,25.22,20.50,1.092379,82,7.94,6.30,15.94,11.13,7.63,5.62,-1.18,6.25,20.98,-3.13,0.993005,33
17-09-2025,NASDAQ:TILE,"Interface, Inc. - Common Stock",1703,418929,2.7,29.1,-0.86,7.08,8.93,8.52,29.93,33.20,9.21,37.41,-0.85,-0.85,-0.85,44.99,63.58,66.57,6.20,20.30,14.82,-1.13,17.43,1.091479,82,8.52,23.40,4.66,-35.91,31.06,6.20,15.92,-5.03,-26.06,20.30,1.060233,83
17-09-2025,NYSE:FNV,Franco-Nevada Corporation,38710,699332,2.16,200.43,-1.75,2.14,5.00,11.51,14.33,23.13,37.91,37.63,-1.72,-1.72,-1.72,29.81,40.12,76.96,9.19,4.70,4.75,27.57,17.65,1.091416,82,11.51,3.19,10.27,19.23,-0.45,9.19,-4.29,0.58,29.08,-11.21,1.003304,44
17-09-2025,NYSE:DOCS,"Doximity, Inc. Class A Common Stock",13613,1180649,2.71,72.08,-0.54,3.57,7.05,9.64,22.36,13.39,27.11,46.98,-0.54,-0.54,-13.3,28.81,42.14,88.59,7.32,12.73,-4.99,16.77,27.00,1.091142,82,9.64,14.08,-11.56,15.84,27.26,7.32,6.60,-21.25,25.69,16.50,1.016667,58
17-09-2025,NASDAQ:MNMD,Mind Medicine (MindMed) Inc. - Common Shares,728,1161054,5.85,9.71,1.65,-0.62,5.97,1.03,26.47,33.37,24.72,36.35,-4.71,-4.71,-4.71,49.61,98.57,98.57,-1.29,16.84,14.99,14.38,16.37,1.090974,82,1.03,25.70,9.38,-12.98,15.46,-1.29,18.22,-0.31,-3.13,4.70,1.029251,69
17-09-2025,NYSE:RL,Ralph Lauren Corporation Common Stock,18549,603188,2.42,314.66,-0.35,1.55,1.16,7.64,14.09,30.08,27.73,44.27,-1.9,-1.9,-1.9,19.12,72.57,79.44,5.32,4.46,11.70,17.39,24.29,1.090932,82,7.64,6.98,18.61,-3.36,22.89,5.32,-0.50,8.92,6.49,12.13,0.992052,32
17-09-2025,NYSE:STNG,Scorpio Tankers Inc. Common Shares,3074,1066433,2.96,60.65,-0.33,5.80,16.57,25.87,31.67,33.55,21.02,-11.49,-0.33,-0.33,-18.38,55,90.36,90.36,23.55,22.04,15.17,10.68,-31.47,1.090629,82,25.87,7.83,2.75,-18.86,-41.17,23.55,0.35,-6.94,-9.01,-51.93,1.13704,95
17-09-2025,NASDAQ:AQST,"Aquestive Therapeutics, Inc. - Common Stock",584,2372560,6.39,4.87,-5.54,-2.26,21.36,15.61,27.31,41.27,21.56,6.57,-10.15,-10.15,-13.96,51.71,119.37,119.37,13.29,17.68,22.89,11.22,-13.41,1.090241,82,15.61,13.87,19.21,-33.57,-19.11,13.29,6.39,9.52,-23.72,-29.87,1.087885,90
17-09-2025,NYSE:KRMN,Karman Holdings Inc. Common Stock,8483,1457426,4.05,64.86,1.63,3.62,16.91,21.99,26.75,47.55,NA,NA,0,0,0,44.42,142.29,142.29,19.67,17.12,29.17,NA,NA,1.089582,82,21.99,6.11,28.39,NA,NA,19.67,-1.37,18.70,NA,NA,0.960507,10
17-09-2025,NYSE:AGI,Alamos Gold Inc. Class A Common Shares,13189,3560393,3.09,31.61,-5.76,-2.88,-1.20,17.78,15.00,18.29,35.53,36.54,-5.44,-5.44,-5.44,30.08,32.76,80.22,15.46,5.37,-0.09,25.19,16.56,1.089452,82,17.78,-3.39,3.87,21.10,1.57,15.46,-10.87,-5.82,30.95,-9.19,1.017553,59
17-09-2025,NYSE:BKE,"Buckle, Inc. (The) Common Stock",3094,581095,2.64,60.81,-1.05,2.91,5.44,8.67,26.61,38.92,13.14,31.01,-1.25,-1.25,-1.25,37.3,80.07,80.07,6.35,16.98,20.54,2.80,11.03,1.089301,82,8.67,19.64,16.78,-42.22,20.58,6.35,12.16,7.09,-32.37,9.82,1.055185,81
17-09-2025,NASDAQ:WYNN,"Wynn Resorts, Limited - Common Stock",12818,1972951,2.74,120.68,-1.80,-0.67,-3.97,9.31,26.58,28.39,21.11,36.81,-4.79,-4.79,-4.79,38.86,82.57,82.57,6.99,16.95,10.01,10.77,16.83,1.089272,82,9.31,19.05,2.46,-10.17,19.90,6.99,11.57,-7.23,-0.32,9.14,1.041206,75
17-09-2025,NYSE:IBP,"Installed Building Products, Inc. Common Stock",7069,477102,3.11,263.42,1.06,-1.03,1.55,-1.44,36.63,35.09,20.84,19.97,-5.74,-5.74,-5.74,61.94,71.06,71.06,-3.76,27.00,16.71,10.50,-0.01,1.088943,82,-1.44,37.52,-2.43,-21.95,-1.09,-3.76,30.04,-12.12,-12.10,-11.85,1.083569,89
17-09-2025,NASDAQ:PEGA,Pegasystems Inc. - Common Stock,10012,1148731,2.6,58.04,-2.05,1.77,7.48,9.27,13.77,37.50,17.33,42.59,-3.89,-3.89,-3.89,17,85.94,85.94,6.95,4.14,19.12,6.99,22.61,1.088659,82,9.27,4.96,27.52,-32.27,30.55,6.95,-2.52,17.83,-22.42,19.79,1.005561,47
17-09-2025,NASDAQ:BILI,Bilibili Inc. - American Depositary Shares,11095,4064920,3.02,27.39,1.13,11.94,18.18,9.27,22.78,18.66,26.14,43.74,0,0,-7.65,38.75,84.07,86.71,6.95,13.15,0.28,15.80,23.76,1.088458,82,9.27,14.89,-5.34,9.20,23.83,6.95,7.41,-15.03,19.05,13.07,1.01989,61
17-09-2025,NASDAQ:OCUL,"Ocular Therapeutix, Inc. - Common Stock",2117,2279005,4.53,12.435,-0.84,-2.61,-2.13,-1.49,29.63,36.15,23.12,29.96,-8.57,-8.57,-8.57,52.95,106.56,109.87,-3.81,20.00,17.77,12.78,9.98,1.08821,82,-1.49,30.67,9.26,-20.40,8.89,-3.81,23.19,-0.43,-10.55,-1.87,1.045163,76
17-09-2025,NASDAQ:VITL,"Vital Farms, Inc. - Common Stock",2002,1100397,4.19,47.05,-0.02,-0.77,-10.31,-1.49,31.54,32.86,17.68,34.86,-10.23,-10.23,-10.23,46.07,59.38,67.26,-3.81,21.91,14.48,7.34,14.88,1.087056,82,-1.49,32.54,1.92,-22.60,20.86,-3.81,25.06,-7.77,-12.75,10.10,1.049437,78
17-09-2025,NASDAQ:ORGO,Organogenesis Holdings Inc.  - Class A,586,794693,4.52,4.86,-2.06,-0.62,-0.82,2.67,33.33,-2.26,24.69,46.30,-5.63,-10.33,-21.74,55.27,82.71,86.21,0.35,23.70,-20.64,14.35,26.32,1.086902,82,2.67,31.50,-53.40,26.36,28.69,0.35,24.02,-63.09,36.21,17.93,1.059228,82
17-09-2025,NASDAQ:HALO,"Halozyme Therapeutics, Inc. - Common Stock",8867,1855261,2.26,75.85,-0.63,-0.29,3.31,11.31,28.91,17.01,37.52,20.18,-2.17,-2.17,-2.17,45.81,58.32,78.18,8.99,19.28,-1.37,27.18,0.20,1.085855,82,11.31,19.85,-16.75,24.72,-27.75,8.99,12.37,-26.44,34.57,-38.51,1.071666,87
17-09-2025,NYSE:EME,"EMCOR Group, Inc. Common Stock",27607,411446,2.42,618.99,-1.58,-0.65,-0.23,2.16,21.52,36.17,22.30,37.24,-3.37,-3.37,-3.37,28.58,80.98,80.98,-0.16,11.89,17.79,11.96,17.26,1.085852,82,2.16,19.78,18.67,-21.73,19.23,-0.16,12.30,8.98,-11.88,8.47,1.016791,58
17-09-2025,NYSE:TKO,"TKO Group Holdings, Inc. Class A Common Stock",39933,999965,2.48,200.29,-2.10,1.93,7.46,5.71,15.92,27.29,29.44,42.59,-2.05,-2.05,-2.05,28.71,44.14,74.18,3.39,6.29,8.91,19.10,22.61,1.085843,82,5.71,10.82,13.53,2.95,18.64,3.39,3.34,3.84,12.80,7.88,0.994529,35
17-09-2025,NASDAQ:BLBD,Blue Bird Corporation - Common Stock,1847,554319,2.64,57.89,2.85,-0.71,1.73,0.90,28.19,39.76,28.57,14.77,-2.44,-2.44,-2.44,39.26,85.07,85.07,-1.42,18.56,21.38,18.23,-5.21,1.085591,82,0.90,27.54,16.11,-18.57,-19.32,-1.42,20.06,6.42,-8.72,-30.08,1.058014,82
17-09-2025,NASDAQ:EXPE,"Expedia Group, Inc. - Common Stock",27858,1387956,2.28,224.98,-1.45,3.24,5.72,7.80,26.83,26.06,15.42,41.23,-1.43,-1.43,-1.43,38.89,64.66,70.16,5.48,17.20,7.68,5.08,21.25,1.085465,82,7.80,20.65,-1.06,-14.38,30.52,5.48,13.17,-10.75,-4.53,19.76,1.038367,73
17-09-2025,NYSE:GS,"Goldman Sachs Group, Inc. (The) Common Stock",240427,1678430,1.94,785.53,-0.16,2.75,6.96,6.98,20.07,29.81,24.57,39.65,-0.16,-0.16,-0.16,25.76,69.95,69.95,4.66,10.44,11.43,14.23,19.67,1.085366,81,6.98,14.08,12.19,-7.48,20.00,4.66,6.60,2.50,2.37,9.24,1.013185,55
17-09-2025,NASDAQ:GTX,Garrett Motion Inc. - Common Stock,2649,3203567,2.21,13.02,-0.84,-1.69,-0.77,1.31,20.35,30.88,28.42,39.02,-2.54,-2.54,-2.54,33.95,77.38,77.38,-1.01,10.72,12.50,18.08,19.04,1.085079,81,1.31,19.30,13.21,-3.56,14.81,-1.01,11.82,3.52,6.29,4.05,1.005642,47
17-09-2025,NYSE:BVN,Buenaventura Mining Company Inc.,4960,1073452,2.71,20.11,-2.69,2.54,2.34,8.75,17.65,23.47,33.42,37.79,-2.62,-2.62,-2.62,25.69,55.41,74.57,6.43,8.02,5.09,23.08,17.81,1.084794,81,8.75,9.75,7.07,13.00,6.57,6.43,2.27,-2.62,22.85,-4.19,1.007884,50
17-09-2025,NYSE:FIGS,"FIGS, Inc. Class A Common Stock",1190,1780514,3.99,7.33,-0.14,9.28,8.46,5.46,27.29,38.47,14.87,29.20,-0.14,-0.14,-0.14,39.89,102.49,102.49,3.14,17.66,20.09,4.53,9.22,1.08474,81,5.46,23.09,15.38,-38.36,16.83,3.14,15.61,5.69,-28.51,6.07,1.052807,80
17-09-2025,NASDAQ:SIGA,SIGA Technologies Inc. - Common Stock,620,520975,3.69,8.99,-0.11,2.56,4.00,5.45,27.70,37.37,29.70,12.46,-5.17,-5.17,-5.17,46.9,72.22,72.22,3.13,18.07,18.99,19.36,-7.52,1.084655,81,5.45,23.53,13.38,-12.26,-24.53,3.13,16.05,3.69,-2.41,-35.29,1.063611,84
17-09-2025,NYSE:BCS,Barclays PLC Common Stock,71629,8627816,1.34,20.63,-2.04,1.55,5.19,1.75,14.06,24.33,33.83,43.97,-2,-2,-2,17.89,62.57,78.46,-0.57,4.43,5.95,23.49,23.99,1.084132,81,1.75,12.53,11.96,12.56,15.31,-0.57,5.05,2.27,22.41,4.55,0.981533,22
17-09-2025,NYSE:SA,"Seabridge Gold, Inc. Ordinary Shares (Canada)",1965,1123865,3.87,19.44,-4.32,10.55,9.41,14.04,23.46,38.68,26.80,10.03,-4.14,-4.14,-5.31,38.07,99.38,99.38,11.72,13.83,20.30,16.46,-9.95,1.08407,81,14.04,10.95,19.89,-19.38,-22.91,11.72,3.47,10.20,-9.53,-33.67,1.066551,85
17-09-2025,NYSE:DINO,HF Sinclair Corporation Common Stock,9846,2473091,2.86,52.71,2.03,0.53,1.20,14.97,22.58,36.48,26.12,16.09,0,0,0,29.16,103.43,103.43,12.65,12.95,18.10,15.78,-3.89,1.083793,81,14.97,8.95,17.96,-16.31,-13.59,12.65,1.47,8.27,-6.46,-24.35,1.058355,82
17-09-2025,NYSE:WT,"WisdomTree, Inc. Common Stock",2034,2676654,2.51,13.86,-0.29,1.52,2.53,3.25,25.04,38.74,16.31,32.18,-3.28,-3.28,-3.28,36.82,80.7,80.7,0.93,15.41,20.36,5.97,12.20,1.083686,81,3.25,22.52,18.29,-36.63,18.97,0.93,15.04,8.60,-26.78,8.21,1.039088,74
17-09-2025,NYSE:TEL,TE Connectivity plc Ordinary Shares,63183,1582236,1.54,212.56,0.66,1.84,3.76,4.63,22.14,30.97,29.51,32.20,0,0,0,30.25,74.23,74.23,2.31,12.51,12.59,19.17,12.22,1.082941,81,4.63,18.36,11.33,-2.11,3.81,2.31,10.88,1.64,7.74,-6.95,1.022159,63
17-09-2025,NYSE:HPE,Hewlett Packard Enterprise Company Common Stock,32630,23565338,2.87,24.43,-1.68,2.25,7.16,13.39,25.34,35.16,10.32,30.99,-1.73,-1.73,-1.73,37.4,95.28,95.28,11.07,15.71,16.78,-0.02,11.01,1.082755,81,13.39,13.80,13.16,-38.32,23.05,11.07,6.32,3.47,-28.47,12.29,1.057633,82
17-09-2025,NASDAQ:URGN,UroGen Pharma Ltd. - Ordinary Shares,837,1227781,5.79,18.07,0.06,-14.50,-8.08,-9.08,20.64,36.64,36.69,27.78,-15.64,-15.64,-15.64,39.43,359.8,359.8,-11.40,11.01,18.26,26.35,7.80,1.082132,81,-9.08,27.25,20.15,0.09,-14.07,-11.40,19.77,10.46,9.94,-24.83,1.006549,48
17-09-2025,NYSE:IVZ,Invesco Ltd Common Stock,9887,3605138,2,22.1,-1.09,-0.59,2.04,4.43,32.90,30.14,16.70,28.24,-2,-2,-2,52.2,82.04,82.04,2.11,23.27,11.76,6.36,8.26,1.081759,81,4.43,29.78,-4.11,-19.24,13.85,2.11,22.30,-13.80,-9.39,3.09,1.068196,86
17-09-2025,NYSE:SSL,Sasol Ltd. American Depositary Shares,4366,1341244,2,6.89,-0.87,0.00,-0.87,16.69,24.53,36.87,27.14,3.19,-3.64,-3.64,-5.36,56.95,135.15,135.15,14.37,14.90,18.49,16.80,-16.79,1.081724,81,16.69,9.41,16.35,-15.40,-32.87,14.37,1.93,6.66,-5.55,-43.63,1.080468,89
17-09-2025,NYSE:TSM,Taiwan Semiconductor Manufacturing Company Ltd.,1102729,11001206,2.17,262.06,0.26,4.25,12.85,8.85,17.70,32.75,25.74,34.58,0,0,0,25.08,85.37,85.37,6.53,8.07,14.37,15.40,14.60,1.081509,81,8.85,9.71,18.29,-10.42,11.91,6.53,2.23,8.60,-0.57,1.15,1.014718,56
17-09-2025,NYSE:KAR,"OPENLANE, Inc. Common Stock",3033,755034,2.39,28.43,-0.60,-3.94,-1.44,0.18,19.63,25.89,27.54,43.09,-4.02,-4.02,-4.02,28.58,61.81,83.07,-2.14,10.00,7.51,17.20,23.11,1.081275,81,0.18,19.49,7.79,2.23,21.46,-2.14,12.01,-1.90,12.08,10.70,0.997551,38
17-09-2025,NYSE:CMRE,Costamare Inc. Common Stock $0.0001 par value,1518,433010,2.53,12.33,-2.19,0.24,6.33,9.89,25.55,38.09,21.12,18.59,-2.14,-2.14,-2.14,37.31,142.99,142.99,7.57,15.92,19.71,10.78,-1.39,1.08095,81,9.89,17.37,16.84,-27.41,-3.20,7.57,9.89,7.15,-17.56,-13.96,1.059413,82
17-09-2025,NASDAQ:SONO,"Sonos, Inc. - Common Stock",1824,1820980,2.74,15.525,-0.23,3.45,11.50,16.52,33.20,25.09,6.22,27.60,-0.22,-0.22,-0.22,56.66,101.62,101.62,14.20,23.57,6.71,-4.12,7.62,1.080545,81,16.52,19.98,-12.15,-25.19,22.80,14.20,12.50,-21.84,-15.34,12.04,1.093318,91
17-09-2025,NYSE:NATL,NCR Atleos Corporation Common Stock,2890,635243,2.72,39.65,-0.08,0.50,2.22,2.14,30.84,32.08,14.07,32.28,-1.61,-1.61,-1.61,49.96,71.72,71.72,-0.18,21.21,13.70,3.73,12.30,1.079918,81,2.14,29.33,1.79,-26.51,21.19,-0.18,21.85,-7.90,-16.66,10.43,1.055416,81
17-09-2025,NYSE:ECG,"Everus Construction Group, Inc. Common Stock",4020,412171,3.3,78.97,-0.34,3.87,3.46,4.15,24.31,50.64,14.11,NA,-1.67,-1.67,-1.67,33.44,135.03,135.03,1.83,14.68,32.26,3.77,NA,1.079732,81,4.15,21.03,34.78,-74.01,NA,1.83,13.55,25.09,-64.16,NA,0.996571,37
17-09-2025,NYSE:PRA,ProAssurance Corporation Common Stock,1223,411520,0.45,23.78,0.00,0.29,0.13,-0.46,4.25,33.94,29.52,45.67,-1.08,-1.08,-1.08,4.44,53.02,84.06,-2.78,-5.38,15.56,19.18,25.69,1.079638,81,-0.46,4.69,31.01,-6.68,22.91,-2.78,-2.79,21.32,3.17,12.15,0.958496,9
17-09-2025,NASDAQ:CRSP,CRISPR Therapeutics AG - Common Shares,5372,1927453,4.45,61.19,5.47,12.26,13.94,2.39,32.05,30.02,21.92,25.00,-10.2,-10.2,-10.2,47.16,95.68,95.68,0.07,22.42,11.64,11.58,5.02,1.07917,81,2.39,30.39,-2.98,-11.58,3.96,0.07,22.91,-12.67,-1.73,-6.80,1.062906,84
17-09-2025,NASDAQ:UPWK,Upwork Inc. - Common Stock,2405,2977122,3.45,17.1,1.81,6.43,6.67,19.30,19.71,23.16,-1.17,45.56,0,-2.29,-2.29,45.53,45.53,83.67,16.98,10.08,4.78,-11.51,25.58,1.078771,80,19.30,0.51,4.30,-31.66,46.18,16.98,-6.97,-5.39,-21.81,35.42,1.041177,75
17-09-2025,NYSE:UP,Wheels Up Experience Inc. Class A Common Stock,1530,11779014,17.01,2.06,-5.83,-7.77,-17.48,12.62,33.50,46.60,-6.31,-5.83,-37.58,-37.58,-37.58,92.52,174.63,174.63,10.30,23.87,28.22,-16.65,-25.81,1.078177,80,12.62,23.89,19.71,-99.09,0.46,10.30,16.41,10.02,-89.24,-10.30,1.140601,96
17-09-2025,NYSE:URI,"United Rentals, Inc. Common Stock",59902,525412,2.25,958.65,1.12,1.39,-0.01,5.19,28.19,35.25,16.87,25.66,-1.7,-1.7,-1.7,39.26,73.69,73.69,2.87,18.56,16.87,6.53,5.68,1.07738,80,5.19,24.26,9.83,-28.40,10.58,2.87,16.78,0.14,-18.55,-0.18,1.055414,81
17-09-2025,NASDAQ:PENG,"Penguin Solutions, Inc. - Common Stock",1377,807613,3.28,26.33,0.72,7.14,9.46,9.72,26.43,28.26,21.88,28.45,0,0,0,35.93,81.21,81.21,7.40,16.80,9.88,11.54,8.47,1.077337,80,9.72,18.51,2.48,-8.89,8.41,7.40,11.03,-7.21,0.96,-2.35,1.04892,78
17-09-2025,NYSE:LYV,"Live Nation Entertainment, Inc. Common Stock",39285,2003721,1.8,170.42,-1.15,0.07,2.90,5.57,16.49,28.46,20.97,42.92,-2.09,-2.09,-2.09,19.74,43.44,75.2,3.25,6.86,10.08,10.63,22.94,1.076711,80,5.57,11.56,14.34,-10.47,27.78,3.25,4.08,4.65,-0.62,17.02,0.999486,40
17-09-2025,NYSE:ARLO,"Arlo Technologies, Inc. Common Stock",1890,1396410,3.54,18.01,1.83,2.78,0.39,8.55,4.33,38.70,26.93,35.59,-2.17,-2.17,-2.17,14.57,114.15,114.15,6.23,-5.30,20.32,16.59,15.61,1.076513,80,8.55,-4.61,35.93,-19.20,11.85,6.23,-12.09,26.24,-9.35,1.09,0.98559,25
17-09-2025,NYSE:CPNG,"Coupang, Inc. Class A Common Stock",61127,13116977,2.31,33.31,-0.57,2.94,14.71,15.52,14.92,29.39,28.28,28.85,-0.57,-0.57,-0.57,20.38,68.57,68.57,13.20,5.29,11.01,17.94,8.87,1.076457,80,15.52,-0.71,17.01,-1.57,0.80,13.20,-8.19,7.32,8.28,-9.96,1.022245,63
17-09-2025,NASDAQ:PCT,"PureCycle Technologies, Inc. - Common stock",2374,2206609,4.87,13.44,-1.41,-0.52,-1.93,1.04,11.68,44.49,7.37,40.48,-20.57,-20.57,-20.57,13.23,141.51,141.51,-1.28,2.05,26.11,-2.97,20.50,1.0762,80,1.04,10.75,37.15,-66.89,35.74,-1.28,3.27,27.46,-57.04,24.98,1.008636,50
17-09-2025,NASDAQ:IQ,"iQIYI, Inc. - American Depositary Shares",2552,22915827,5.39,2.65,3.02,-5.28,-1.13,24.91,33.21,6.04,11.32,24.91,-5.02,-5.02,-16.93,56.8,73.2,73.2,22.59,23.58,-12.34,0.98,4.93,1.075565,80,24.91,11.06,-40.68,5.62,15.32,22.59,3.58,-50.37,15.47,4.56,1.113486,93
17-09-2025,NASDAQ:BLDP,"Ballard Power Systems, Inc. - Common Shares",757,4288161,5.24,2.2,1.36,14.09,15.45,9.09,18.64,38.64,24.09,21.82,0,0,0,57.14,115.69,115.69,6.77,9.01,20.26,13.75,1.84,1.075238,80,9.09,10.50,24.58,-23.70,-2.99,6.77,3.02,14.89,-13.85,-13.75,1.033971,71
17-09-2025,NYSE:PUK,Prudential Public Limited Company Common Stock,34933,817382,1.24,27.08,-3.77,1.33,3.14,1.55,9.53,25.41,36.78,39.55,-3.63,-3.63,-3.63,13.16,50.19,86.24,-0.77,-0.10,7.03,26.44,19.57,1.075224,80,1.55,8.10,17.55,15.25,4.38,-0.77,0.62,7.86,25.10,-6.38,0.975003,17
17-09-2025,NYSE:M,Macy's Inc Common Stock,4672,12074818,3.67,17.43,-0.06,1.26,22.60,26.51,31.84,20.77,4.88,15.72,-0.17,-0.17,-3.7,63.82,73.95,73.95,24.19,22.21,2.39,-5.46,-4.26,1.075206,80,26.51,7.26,-16.25,-20.06,11.40,24.19,-0.22,-25.94,-10.21,0.64,1.11736,94
17-09-2025,NASDAQ:HROW,"Harrow, Inc. - Common Stock",1597,522922,4.51,42.885,0.15,8.36,12.04,9.48,26.45,45.62,12.00,1.90,0,0,-25.39,41.02,93.18,93.18,7.16,16.82,27.24,1.66,-18.08,1.075164,80,9.48,18.75,26.06,-61.84,-11.47,7.16,11.27,16.37,-51.99,-22.23,1.088862,90
17-09-2025,NASDAQ:MRUS,Merus N.V. - Common Shares,5156,629885,3.82,66.9,-1.78,-2.47,0.90,-0.52,20.33,29.42,35.44,26.55,-4.15,-4.15,-4.15,27.84,91.75,91.75,-2.84,10.70,11.04,25.10,6.57,1.073294,80,-0.52,20.74,11.41,8.53,-13.78,-2.84,13.26,1.72,18.38,-24.54,1.015643,56
17-09-2025,NASDAQ:EZPW,"EZCORP, Inc. - Class A Non-Voting Common Stock",1039,611721,2.19,17.16,-0.64,0.64,2.97,6.35,22.38,19.52,28.32,36.07,-0.64,-0.64,-0.64,30.69,31.8,61.28,4.03,12.75,1.14,17.98,16.09,1.073088,80,6.35,17.11,-3.68,10.93,10.81,4.03,9.63,-13.37,20.78,0.05,1.021523,62
17-09-2025,NYSE:COUR,"Coursera, Inc. Common Stock",1853,2363157,3.92,11.06,1.45,-8.05,0.09,-7.69,25.32,36.53,23.60,29.75,-12.91,-12.91,-12.91,36.71,79.25,79.25,-10.01,15.69,18.15,13.26,9.77,1.073048,80,-7.69,30.65,15.01,-20.37,8.05,-10.01,23.17,5.32,-10.52,-2.71,1.023554,64
17-09-2025,NYSE:IMAX,Imax Corporation Common Stock,1742,1125621,2.75,32.49,-0.80,5.57,9.82,22.13,10.00,23.51,20.07,36.60,-0.79,-0.79,-0.79,32.56,51.54,69.93,19.81,0.37,5.13,9.73,16.62,1.072094,80,22.13,-15.57,15.01,-4.51,20.68,19.81,-23.05,5.32,5.34,9.92,1.016226,57
17-09-2025,NYSE:UBER,"Uber Technologies, Inc. Common Stock",193840,16609934,2.9,97.83,-1.04,2.43,5.13,5.35,12.99,25.66,37.46,30.40,-1.03,-1.03,-1.03,17.25,51.39,63.24,3.03,3.36,7.28,27.12,10.42,1.071645,80,5.35,8.08,14.56,15.88,-11.29,3.03,0.60,4.87,25.73,-22.05,0.999216,40
17-09-2025,NYSE:CANG,"Cango Inc. American Depositary Shares,  each representing two (2) Class A Ordinary Shares",808,519301,5.94,4.56,0.00,-6.36,-2.41,-5.48,-2.85,6.58,0.22,65.79,-17.09,-17.09,-43,11.22,33.72,204,-7.80,-12.48,-11.80,-10.12,45.81,1.071187,80,-5.48,2.49,9.17,-6.81,65.71,-7.80,-4.99,-0.52,3.04,54.95,0.930912,4
17-09-2025,NYSE:SBS,Companhia de saneamento Basico Do Estado De Sao Paulo - Sabesp American Depositary Shares (Each repstg 250 Common Shares),16290,1076173,1.84,23.87,-0.46,4.40,7.21,9.55,11.94,26.10,35.32,29.70,-0.46,-0.46,-0.46,24.71,41.91,71.73,7.23,2.31,7.72,24.98,9.72,1.071098,80,9.55,2.64,16.08,12.47,-8.68,7.23,-4.84,6.39,22.32,-19.44,1.003293,44
17-09-2025,NYSE:MNSO,"MINISO Group Holding Limited American Depositary Shares, each representing four Ordinary Shares",7642,1476854,2.73,24.81,0.64,-4.31,0.08,20.48,27.33,12.90,5.40,36.56,-6.83,-6.83,-9.98,44.16,73.38,85.15,18.16,17.70,-5.48,-4.94,16.58,1.070953,80,20.48,8.62,-19.86,-8.61,32.94,18.16,1.14,-29.55,1.24,22.18,1.07045,86
17-09-2025,NASDAQ:ARDX,"Ardelyx, Inc. - Common Stock",1492,3133540,3.24,6.42,-1.71,-2.18,0.31,7.01,42.99,15.58,17.13,3.12,-3.89,-3.89,-7.36,80.85,95.73,95.73,4.69,33.36,-2.80,6.79,-16.86,1.070926,80,7.01,38.69,-48.09,1.85,-16.92,4.69,31.21,-57.78,11.70,-27.68,1.14725,96
17-09-2025,NYSE:WRBY,Warby Parker Inc. Class A Common Stock,3262,1440119,2.97,27.14,2.87,0.66,5.86,0.04,19.75,25.02,13.30,47.09,-1.49,-1.49,-4.5,27.06,93.86,93.86,-2.28,10.12,6.64,2.96,27.11,1.07078,80,0.04,19.72,6.57,-15.63,38.97,-2.28,12.24,-3.12,-5.78,28.21,1.001144,42
17-09-2025,NASDAQ:CHRW,"C.H. Robinson Worldwide, Inc. - Common Stock",15953,1579848,2.03,133.77,0.37,5.77,3.65,9.37,29.83,24.50,18.42,25.65,0,0,0,44.41,53.82,53.82,7.05,20.20,6.12,8.08,5.67,1.070697,79,9.37,22.58,-7.61,-8.05,8.86,7.05,15.10,-17.30,1.80,-1.90,1.064233,84
17-09-2025,AMEX:BTG,B2Gold Corp Common shares (Canada),5729,39691831,3.56,4.32,-1.62,2.08,1.16,9.72,14.35,25.23,34.72,28.24,-3.79,-3.79,-3.79,30.12,63.64,87.83,7.40,4.72,6.85,24.38,8.26,1.070609,79,9.72,5.13,12.70,12.69,-9.93,7.40,-2.35,3.01,22.54,-20.69,1.011185,53
17-09-2025,NYSE:BWA,BorgWarner Inc. Common Stock,9560,2332846,1.73,43.55,-0.73,-0.32,2.04,4.89,23.40,34.90,19.43,26.57,-1.98,-1.98,-1.98,32.98,75.32,75.32,2.57,13.77,16.52,9.09,6.59,1.070383,79,4.89,19.46,15.02,-23.77,8.86,2.57,11.98,5.33,-13.92,-1.90,1.036962,73
17-09-2025,NASDAQ:PCRX,"Pacira BioSciences, Inc. - Common Stock",1171,617540,3.52,26.51,-1.32,0.79,-2.68,6.53,8.19,12.07,23.31,51.98,-2.61,-2.61,-2.72,25.7,25.7,108.25,4.21,-1.44,-6.31,12.97,32.00,1.070303,79,6.53,1.78,4.23,12.78,37.38,4.21,-5.70,-5.46,22.63,26.62,0.968851,13
17-09-2025,NYSE:PLYM,"Plymouth Industrial REIT, Inc. Common Stock",990,1169448,2.23,21.97,-0.14,-0.09,0.86,31.86,26.67,20.98,14.66,-4.46,-1.92,-1.92,-5.59,54.18,63.22,63.22,29.54,17.04,2.60,4.32,-24.44,1.069656,79,31.86,-7.62,-7.76,-8.01,-22.40,29.54,-15.10,-17.45,1.84,-33.16,1.125115,95
17-09-2025,NASDAQ:NAGE,"Niagen Bioscience, Inc. - Common Stock",768,822083,4.12,9.49,-2.00,1.16,-4.11,-5.58,-49.00,16.33,32.03,63.12,-34.14,-34.14,-34.14,4.98,75.09,192,-7.90,-58.63,-2.05,21.69,43.14,1.069638,79,-5.58,-41.12,43.85,18.77,45.74,-7.90,-48.60,34.16,28.62,34.98,0.856041,1
17-09-2025,NYSE:SNOW,Snowflake Inc. Common Stock,73845,7995887,3.53,215.95,-4.56,-4.45,-8.17,7.81,3.16,27.58,20.37,47.68,-10.39,-10.39,-10.39,12.63,65.44,96.94,5.49,-6.47,9.20,10.03,27.70,1.069417,79,7.81,-5.04,25.22,-9.96,34.29,5.49,-12.52,15.53,-0.11,23.53,0.967521,13
17-09-2025,NYSE:NXE,Nexgen Energy Ltd. Common Shares,4718,8014136,4.64,8.18,-3.18,4.03,5.99,16.63,14.55,41.08,1.10,28.73,-3.08,-3.08,-7.88,27.22,101.48,101.48,14.31,4.92,22.70,-9.24,8.75,1.069119,79,16.63,-2.49,31.04,-67.84,27.94,14.31,-9.97,21.35,-57.99,17.18,1.048693,78
17-09-2025,NASDAQ:CGON,"CG Oncology, Inc. - Common stock",2876,1055840,6.24,35.76,3.24,6.40,23.21,28.13,28.80,22.62,11.27,2.60,0,0,-10.47,49.34,129.38,129.38,25.81,19.17,4.24,0.93,-17.38,1.068922,79,28.13,0.93,-8.68,-14.67,-9.77,25.81,-6.55,-18.37,-4.82,-20.53,1.117922,94
17-09-2025,NYSE:BMO,Bank Of Montreal Common Stock,92933,720856,1.41,129.87,1.60,2.60,6.31,12.64,17.66,24.52,22.44,34.45,0,0,0,23.57,48.36,52.55,10.32,8.03,6.14,12.10,14.47,1.068789,79,12.64,5.76,8.33,-2.76,15.49,10.32,-1.72,-1.36,7.09,4.73,1.019888,61
17-09-2025,NYSE:COMP,"Compass, Inc. Class A Common Stock",5070,7521956,4.21,9.26,-0.43,-0.22,3.56,5.18,32.29,2.81,23.43,35.64,-4.04,-4.04,-9.57,56.68,59.66,73.08,2.86,22.66,-15.57,13.09,15.66,1.068059,79,5.18,28.59,-43.54,21.22,15.94,2.86,21.11,-53.23,31.07,5.18,1.06512,84
17-09-2025,NYSE:ING,"ING Group, N.V. Common Stock",76010,2737850,1.29,25.43,-1.26,5.23,5.82,2.16,17.77,20.25,37.99,29.22,-1.24,-1.24,-1.24,24.66,53.01,68.52,-0.16,8.14,1.87,27.65,9.24,1.067385,79,2.16,15.96,3.01,22.24,-14.14,-0.16,8.48,-6.68,32.09,-24.90,1.009858,52
17-09-2025,NYSE:ACHR,Archer Aviation Inc. Class A Common Stock,5805,23823800,4.38,9.11,-0.11,7.46,5.60,-7.79,-13.94,8.78,18.88,63.78,-32.01,-32.01,-32.01,10.42,46.94,213.06,-10.11,-23.57,-9.60,8.54,43.80,1.06733,79,-7.79,-5.70,19.94,11.07,55.35,-10.11,-13.18,10.25,20.92,44.59,0.899509,2
17-09-2025,NYSE:ADNT,Adient plc Ordinary Shares,1986,1030463,2.84,24.16,-0.29,0.41,-1.20,2.24,20.78,41.85,19.66,17.63,-5.48,-5.48,-5.48,28.03,133.66,133.66,-0.08,11.15,23.47,9.32,-2.35,1.066927,79,2.24,18.97,26.59,-38.15,-2.52,-0.08,11.49,16.90,-28.30,-13.28,1.038968,74
17-09-2025,NASDAQ:KLAC,KLA Corporation  - Common Stock,130625,837867,2.18,990.57,0.17,7.35,14.56,11.67,9.91,27.49,34.50,25.97,0,0,0,17.38,71.82,71.82,9.35,0.28,9.11,24.16,5.99,1.06671,79,11.67,-1.99,19.51,9.67,-13.01,9.35,-9.47,9.82,19.52,-23.77,1.006099,47
17-09-2025,AMEX:SVM,Silvercorp Metals Inc. Common Shares,1128,5347405,4.5,5.15,-4.66,5.05,1.75,11.07,14.37,19.42,36.12,27.57,-4.45,-4.45,-4.45,26.85,59.94,78.82,8.75,4.74,1.04,25.78,7.59,1.066517,79,11.07,3.71,5.90,20.72,-13.37,8.75,-3.77,-3.79,30.57,-24.13,1.014793,56
17-09-2025,NYSE:TIMB,TIM S.A. American Depositary Shares (Each representing 5 Common Shares),10380,546778,1.51,21.49,0.84,2.79,3.44,3.07,11.17,29.50,38.30,24.34,0,0,0,20.93,48.72,88.18,0.75,1.54,11.12,27.96,4.36,1.06566,79,3.07,8.35,20.64,12.48,-22.62,0.75,0.87,10.95,22.33,-33.38,0.999321,40
17-09-2025,NASDAQ:SPTN,SpartanNash Company - Common Stock,893,702192,0.44,26.48,0.72,-0.83,-1.32,-0.15,32.06,23.60,26.47,18.73,-1.41,-1.41,-1.41,50.11,50.28,51.92,-2.47,22.43,5.22,16.13,-1.25,1.065567,79,-0.15,32.16,-12.45,3.76,-10.53,-2.47,24.68,-22.14,13.61,-21.29,1.065407,85
17-09-2025,NYSE:TIXT,TELUS International (Cda) Inc. Subordinate Voting Shares,1242,2423941,1.77,4.49,-0.22,-0.89,0.22,14.48,19.15,39.20,10.69,18.26,-0.88,-0.88,-0.88,25.42,104.09,104.09,12.16,9.52,20.82,0.35,-1.72,1.065369,79,14.48,5.47,24.79,-46.89,8.48,12.16,-2.01,15.10,-37.04,-2.28,1.054933,81
17-09-2025,NASDAQ:WB,Weibo Corporation - American Depositary Shares,3107,1357102,3.15,12.59,-0.87,2.54,10.48,8.26,22.32,13.42,17.39,42.34,-0.87,-0.87,-0.87,35.67,71.53,74.14,5.94,12.69,-4.96,7.05,22.36,1.065191,79,8.26,15.32,-11.45,4.59,30.19,5.94,7.84,-21.14,14.44,19.43,1.021995,63
17-09-2025,NYSE:ZWS,Zurn Elkay Water Solutions Corporation Common Stock,7910,1003937,2.08,47.28,-0.15,2.92,4.57,5.48,24.77,29.19,14.64,31.30,-0.15,-0.15,-0.15,33.67,65.89,65.89,3.16,15.14,10.81,4.30,11.32,1.064641,79,5.48,20.41,5.88,-20.55,19.52,3.16,12.93,-3.81,-10.70,8.76,1.037921,73
17-09-2025,NYSE:BWLP,BW LPG Limited Common Shares,2391,454532,1.86,16.06,-0.68,1.49,5.04,8.22,26.03,30.57,25.53,11.52,-2.01,-2.01,-2.01,35.76,88.94,88.94,5.90,16.40,12.19,15.19,-8.46,1.064479,79,8.22,19.40,6.14,-7.26,-18.81,5.90,11.92,-3.55,2.59,-29.57,1.061398,83
17-09-2025,NYSE:FTI,TechnipFMC plc Ordinary Share,16120,7682060,2.47,39.01,-0.03,-1.64,3.74,10.31,11.10,27.53,20.71,38.68,-4.6,-4.6,-4.6,21.19,68.29,68.29,7.99,1.47,9.15,10.37,18.70,1.064399,79,10.31,0.89,18.48,-9.41,22.66,7.99,-6.59,8.79,0.44,11.90,0.996704,37
17-09-2025,NYSE:GTLS,"Chart Industries, Inc. Common Stock",8988,1388164,0.41,199.4,-0.20,0.03,0.16,0.59,26.51,23.91,0.80,44.02,-0.25,-0.25,-8.68,39.85,73.27,78.64,-1.73,16.88,5.53,-9.54,24.04,1.064057,78,0.59,26.07,-3.53,-30.38,43.57,-1.73,18.59,-13.22,-20.53,32.81,1.034189,71
17-09-2025,NASDAQ:FTDR,"Frontdoor, Inc. - Common Stock",4847,642380,2.98,65.37,-0.35,0.05,5.29,9.91,12.19,42.07,10.34,27.14,-2.78,-2.78,-2.78,19.11,76.34,76.34,7.59,2.56,23.69,0.00,7.16,1.063737,78,9.91,2.53,34.02,-54.77,18.73,7.59,-4.95,24.33,-44.92,7.97,1.026633,67
17-09-2025,NASDAQ:CEG,Constellation Energy Corporation - Common Stock,100368,2071181,3.13,322.91,-2.33,6.84,4.87,0.21,4.61,32.32,26.73,41.18,-9.01,-9.01,-9.01,8.06,88.88,88.88,-2.11,-5.02,13.94,16.39,21.20,1.063599,78,0.21,4.41,29.05,-8.26,19.73,-2.11,-3.07,19.36,1.59,8.97,0.965267,12
17-09-2025,NASDAQ:SERV,Serve Robotics Inc. - Common Stock,702,8003855,7.64,12.11,-0.83,10.82,15.03,19.82,5.12,35.34,-2.23,39.39,-0.82,-6.49,-47.16,30.92,136.06,136.06,17.50,-4.51,16.96,-12.57,19.41,1.063385,78,19.82,-18.33,31.85,-58.11,40.71,17.50,-25.81,22.16,-48.26,29.95,1.021548,62
17-09-2025,NASDAQ:PRDO,Perdoceo Education Corporation - Common Stock,2294,516892,2.27,35.13,0.51,5.07,6.60,9.51,9.39,29.09,21.38,38.20,0,0,0,25.11,44.93,70.45,7.19,-0.24,10.71,11.04,18.22,1.063237,78,9.51,-0.13,21.74,-10.88,21.40,7.19,-7.61,12.05,-1.03,10.64,0.992251,32
17-09-2025,NASDAQ:URBN,"Urban Outfitters, Inc. - Common Stock",6287,2391326,4.27,70.33,-2.33,-2.50,3.87,-10.24,-0.70,30.13,26.67,49.98,-11.86,-11.86,-11.86,5.22,62.65,101.17,-12.56,-10.33,11.75,16.33,30.00,1.063125,78,-10.24,8.65,30.61,-4.95,31.78,-12.56,1.17,20.92,4.90,21.02,0.933433,4
17-09-2025,NYSE:SPOT,Spotify Technology S.A. Ordinary Shares,143360,1267644,2.84,704.06,0.14,-2.14,2.05,-4.08,-1.63,15.14,32.26,52.06,-9.26,-9.26,-9.26,13.56,39.89,108.6,-6.40,-11.26,-3.24,21.92,32.08,1.062938,78,-4.08,2.35,16.51,20.18,29.23,-6.40,-5.13,6.82,30.03,18.47,0.931286,4
17-09-2025,NYSE:UNFI,"United Natural Foods, Inc. Common Stock",1839,872782,2.91,29.09,3.75,1.48,3.20,8.97,23.79,8.94,3.47,47.58,-1.86,-7.8,-15.36,36,36.57,90.75,6.65,14.16,-9.44,-6.87,27.60,1.062292,78,8.97,16.28,-19.49,-6.00,45.69,6.65,8.80,-29.18,3.85,34.93,1.03076,70
17-09-2025,NASDAQ:UNIT,Uniti Group Inc. - Common Stock,1572,3335683,5.94,6.59,-2.73,-8.35,11.53,3.34,37.63,22.00,7.59,20.33,-18.54,-18.54,-18.54,62.52,62.52,62.52,1.02,28.00,3.62,-2.75,0.35,1.061931,78,3.34,35.48,-25.06,-18.48,13.79,1.02,28.00,-34.75,-8.63,3.03,1.098323,92
17-09-2025,NASDAQ:PTCT,"PTC Therapeutics, Inc. - Common Stock",4818,1271160,4.07,59.69,1.19,2.13,12.16,18.21,13.10,4.22,16.79,45.22,-2.29,-2.29,-2.29,37.85,64.94,82.54,15.89,3.47,-14.16,6.45,25.24,1.061307,78,18.21,-6.25,-10.22,13.12,34.17,15.89,-13.73,-19.91,22.97,23.41,1.010076,52
17-09-2025,NASDAQ:CRON,Cronos Group Inc. - Common Share,988,2827392,3.96,2.59,1.54,1.54,3.47,8.49,25.48,26.64,24.71,16.60,-3,-3,-3,39.25,59.88,59.88,6.17,15.85,8.26,14.37,-3.38,1.061011,78,8.49,18.57,1.55,-2.63,-10.77,6.17,11.09,-8.14,7.22,-21.53,1.054559,80
17-09-2025,NYSE:COHR,Coherent Corp. Common Stock,16112,4076369,4.11,104.47,-1.79,5.03,15.96,10.60,22.70,35.88,0.60,27.28,-10.37,-10.37,-10.37,30.96,106.54,106.54,8.28,13.07,17.50,-9.74,7.30,1.060411,78,10.60,13.53,17.05,-55.01,26.84,8.28,6.05,7.36,-45.16,16.08,1.055777,81
17-09-2025,NASDAQ:SUPN,"Supernus Pharmaceuticals, Inc. - Common Stock",2512,654534,2.49,43.99,0.00,-4.64,-1.25,2.96,26.19,26.89,16.23,29.76,-5.72,-5.72,-5.72,41.17,45.23,46.93,0.64,16.56,8.51,5.89,9.78,1.060347,78,2.96,23.94,0.95,-14.58,16.15,0.64,16.46,-8.74,-4.73,5.39,1.039288,74
17-09-2025,NASDAQ:LOGI,Logitech International S.A. - Registered Shares,15782,433068,1.32,112.32,2.18,4.03,8.22,12.96,22.59,19.69,24.31,24.39,0,0,0,34.26,71.3,71.3,10.64,12.96,1.31,13.97,4.41,1.060138,78,12.96,11.06,-3.74,5.75,0.09,10.64,3.58,-13.43,15.60,-10.67,1.044529,76
17-09-2025,NASDAQ:VBTX,"Veritex Holdings, Inc. - Common Stock",1869,899579,1.83,33.64,-1.43,-1.66,-1.37,5.02,27.76,27.26,10.97,28.24,-3.14,-3.14,-3.14,40.05,61.96,61.96,2.70,18.13,8.88,0.63,8.26,1.059104,78,5.02,23.94,-0.70,-22.39,19.40,2.70,16.46,-10.39,-12.54,8.64,1.051531,79
17-09-2025,NYSE:HSBC,"HSBC Holdings, plc. Common Stock",236322,1329348,0.94,68.95,-0.73,3.51,7.06,7.37,13.56,16.14,29.60,37.16,-0.72,-0.72,-0.72,18,47.71,59.13,5.05,3.93,-2.24,19.26,17.18,1.058906,78,7.37,6.69,2.99,16.05,10.73,5.05,-0.79,-6.70,25.90,-0.03,0.99652,37
17-09-2025,NYSE:MS,Morgan Stanley Common Stock,251279,4801635,1.78,155.81,-0.53,2.30,4.47,7.18,15.99,24.29,18.11,37.98,-0.53,-0.53,-0.53,19.77,56.08,61.23,4.86,6.36,5.91,7.77,18.00,1.058217,78,7.18,9.49,9.89,-8.16,24.26,4.86,2.01,0.20,1.69,13.50,1.005352,46
17-09-2025,NASDAQ:TCOM,Trip.com Group Limited - American Depositary Shares,50613,3336037,2.19,76.58,3.21,5.46,6.52,18.56,21.06,12.94,4.92,38.50,0,0,0,37.12,46.68,64.16,16.24,11.43,-5.44,-5.42,18.52,1.057761,78,18.56,3.08,-10.29,-9.21,35.31,16.24,-4.40,-19.98,0.64,24.55,1.043692,76
17-09-2025,NASDAQ:SNEX,StoneX Group Inc. - Common Stock,4627,485500,2.96,93.55,-1.11,-2.34,-9.34,1.69,8.55,19.25,26.71,44.27,-10.53,-10.53,-10.53,14.17,34.43,79.44,-0.63,-1.08,0.87,16.37,24.29,1.057619,78,1.69,6.98,11.70,9.23,23.97,-0.63,-0.50,2.01,19.08,13.21,0.969447,14
17-09-2025,NASDAQ:SVRA,"Savara, Inc. - Common Stock",622,1780866,5.36,3.63,0.55,-5.23,8.82,16.25,39.94,22.59,3.86,-16.80,-5.71,-5.71,-21.77,77.94,87.11,87.11,13.93,30.31,4.21,-6.48,-36.78,1.057144,78,16.25,28.29,-28.90,-24.20,-21.49,13.93,20.81,-38.59,-14.35,-32.25,1.160287,97
17-09-2025,NASDAQ:AXGN,"Axogen, Inc. - Common Stock",774,1131775,4.33,16.73,2.15,1.85,6.10,10.76,41.72,-9.26,11.18,18.89,-0.42,-11.9,-16.81,80.09,80.09,80.09,8.44,32.09,-27.64,0.84,-1.09,1.057105,78,10.76,34.70,-87.49,18.71,8.68,8.44,27.22,-97.18,28.56,-2.08,1.148632,96
17-09-2025,NYSE:PAGS,PagSeguro Digital Ltd. Class A Common Shares,3507,4982609,3.58,10.74,9.68,11.36,16.01,15.92,12.29,22.53,33.89,15.74,0,0,0,38.58,41.13,73.51,13.60,2.66,4.15,23.55,-4.24,1.056999,78,15.92,-4.32,11.68,14.66,-27.46,13.60,-11.80,1.99,24.51,-38.22,1.030132,69
17-09-2025,NYSE:NU,Nu Holdings Ltd. Class A Ordinary Shares,76906,49944932,2.95,15.89,-0.13,2.71,6.48,17.56,22.03,25.61,22.84,8.68,-0.13,-0.13,-0.13,33.31,65.52,65.52,15.24,12.40,7.23,12.50,-11.30,1.056624,77,17.56,5.42,4.60,-3.72,-18.35,15.24,-2.06,-5.09,6.13,-29.11,1.066023,85
17-09-2025,NYSE:LYG,Lloyds Banking Group Plc American Depositary Shares,67051,6621270,1.19,4.56,-1.54,2.41,6.36,0.88,7.46,18.64,38.82,33.55,-1.51,-1.51,-1.51,13.15,37.35,76.74,-1.44,-2.17,0.26,28.48,13.57,1.056158,77,0.88,6.64,12.09,24.80,-8.60,-1.44,-0.84,2.40,34.65,-19.36,0.977193,18
17-09-2025,NASDAQ:SFIX,"Stitch Fix, Inc. - Class A Common Stock",716,2191445,4.79,5.48,-1.64,-6.39,5.11,10.04,24.82,34.49,-21.17,33.94,-6,-6,-17.47,55.24,99.27,141.41,7.72,15.19,16.11,-31.51,13.96,1.056079,77,10.04,16.43,12.86,-84.96,45.48,7.72,8.95,3.17,-75.11,34.72,1.075196,87
17-09-2025,NASDAQ:CASY,"Caseys General Stores, Inc. - Common Stock",20647,423142,2.32,561.18,1.12,3.54,11.26,9.50,9.76,28.78,23.77,31.92,0,0,0,13.48,45.05,53.65,7.18,0.13,10.40,13.43,11.94,1.056009,77,9.50,0.29,21.07,-7.04,10.69,7.18,-7.19,11.38,2.81,-0.07,0.998018,39
17-09-2025,NYSE:WNS,WNS (Holdings) Limited Ordinary Shares,3246,637824,0.25,75.68,-0.01,0.30,0.44,0.87,21.49,16.09,34.63,25.71,-0.08,-0.08,-0.08,37.1,41.3,75.31,-1.45,11.86,-2.29,24.29,5.73,1.055972,77,0.87,20.79,-6.87,22.09,-13.64,-1.45,13.31,-16.56,31.94,-24.40,1.023662,65
17-09-2025,NYSE:GENI,Genius Sports Limited Ordinary Shares,3106,4638281,3.16,12.27,-1.63,-4.48,-2.85,-5.22,19.56,22.74,24.94,37.25,-9.45,-9.45,-9.45,27.68,41.52,82.05,-7.54,9.93,4.36,14.60,17.27,1.055151,77,-5.22,23.55,3.95,2.85,16.40,-7.54,16.07,-5.74,12.70,5.64,0.997618,38
17-09-2025,NYSE:BOOT,"Boot Barn Holdings, Inc. Common Stock",5473,470279,3.49,179.55,-1.10,-2.66,-1.29,9.77,8.63,42.12,18.60,16.21,-5.94,-5.94,-5.94,18.8,101.45,101.45,7.45,-1.00,23.74,8.26,-3.77,1.055145,77,9.77,-1.27,36.65,-40.65,-2.94,7.45,-8.75,26.96,-30.80,-13.70,1.022505,63
17-09-2025,NYSE:YMM,Full Truck Alliance Co. Ltd. American Depositary Shares (each representing 20 Class A Ordinary Shares),14061,12098903,3.31,13.54,-0.07,1.55,2.51,18.32,10.04,-1.03,15.07,46.97,-1.81,-1.81,-1.81,27.02,40.02,88.58,16.00,0.41,-19.41,4.73,26.99,1.054693,77,18.32,-10.13,-12.32,15.94,37.57,16.00,-17.61,-22.01,25.79,26.81,1.002272,43
17-09-2025,NYSE:APTV,Aptiv PLC Ordinary Shares,18048,2276484,2.35,83.12,0.38,1.18,5.69,10.76,16.77,24.63,29.15,19.39,-0.72,-0.72,-0.72,28.31,73.46,73.46,8.44,7.14,6.25,18.81,-0.59,1.054544,77,10.76,6.74,9.44,6.00,-13.77,8.44,-0.74,-0.25,15.85,-24.53,1.028479,68
17-09-2025,NASDAQ:UTHR,United Therapeutics Corporation - Common Stock,18257,893374,3.2,397.97,-1.29,-1.46,-1.72,21.32,27.49,18.85,9.00,14.29,-1.74,-1.74,-2.93,44.87,44.87,44.87,19.00,17.86,0.47,-1.34,-5.69,1.05441,77,21.32,7.85,-11.91,-12.14,5.81,19.00,0.37,-21.60,-2.29,-4.95,1.088859,90
17-09-2025,NYSE:SIG,Signet Jewelers Limited Common Shares,3870,1121353,3.89,92.41,0.02,1.60,2.11,11.29,10.46,47.68,8.01,5.92,-1.32,-1.32,-11.26,24.36,91.33,99.07,8.97,0.83,29.30,-2.33,-14.06,1.054259,77,11.29,-0.93,41.56,-75.82,-2.27,8.97,-8.41,31.87,-65.97,-13.03,1.053391,80
17-09-2025,NYSE:VRT,"Vertiv Holdings, LLC Class A Common Stock",52251,6606005,4.06,136.65,-1.18,8.10,9.25,2.62,14.78,34.81,7.91,36.51,-6.15,-6.15,-10.97,17.35,130.01,130.01,0.30,5.15,16.43,-2.43,16.53,1.054101,77,2.62,12.49,23.50,-41.27,31.06,0.30,5.01,13.81,-31.42,20.30,1.008869,51
17-09-2025,NYSE:ALLE,Allegion plc Ordinary Shares,15161,787734,1.7,177.04,0.47,3.99,5.11,5.58,23.12,28.06,20.67,21.42,-0.08,-0.08,-0.08,30.08,49.38,49.38,3.26,13.49,9.68,10.33,1.44,1.054038,77,5.58,18.59,6.41,-10.26,0.94,3.26,11.11,-3.28,-0.41,-9.82,1.038963,74
17-09-2025,NASDAQ:PSNL,"Personalis, Inc. - Common Stock",508,836727,5.6,5.87,-1.02,8.18,18.06,21.64,-9.88,35.26,36.12,2.39,-21.79,-21.79,-21.79,33.26,95.67,95.67,19.32,-19.51,16.88,25.78,-17.59,1.05393,77,21.64,-40.22,41.09,1.32,-52.80,19.32,-47.70,31.40,11.17,-63.56,1.017271,58
17-09-2025,NASDAQ:TRIP,"TripAdvisor, Inc. - Common Stock",2150,2111257,3.7,18.06,-4.43,1.66,7.42,2.44,25.86,19.99,23.26,26.19,-4.24,-4.24,-4.24,44.48,69.26,69.26,0.12,16.23,1.61,12.92,6.21,1.053434,77,2.44,24.01,-7.92,4.08,3.82,0.12,16.53,-17.61,13.93,-6.94,1.038528,73
17-09-2025,NYSE:STVN,Stevanato Group S.p.A. Ordinary Shares,7349,431619,5.21,27.23,3.67,2.50,16.82,16.93,10.80,24.42,20.09,29.12,-2.58,-2.58,-2.58,25.77,46.63,57.67,14.61,1.17,6.04,9.75,9.14,1.053419,77,16.93,-7.38,15.27,-5.73,11.31,14.61,-14.86,5.58,4.12,0.55,1.015297,56
17-09-2025,NYSE:TNK,Teekay Tankers Ltd.,1913,614294,3.02,54.4,-2.87,4.04,9.56,18.47,15.64,28.44,29.26,-1.21,-2.79,-2.79,-12.41,30.39,57.82,57.82,16.15,6.01,10.06,18.92,-21.19,1.053314,77,18.47,-3.47,15.17,1.16,-43.09,16.15,-10.95,5.48,11.01,-53.85,1.060679,83
17-09-2025,NYSE:BTU,Peabody Energy Corporation Common Stock,2586,4130260,4.48,20.5,2.24,9.76,18.15,14.34,33.61,34.88,-8.24,-4.05,0,0,-31.21,61.8,98.84,98.84,12.02,23.98,16.50,-18.58,-24.03,1.053231,77,14.34,22.49,1.91,-66.22,3.88,12.02,15.01,-7.78,-56.37,-6.88,1.128146,95
17-09-2025,NYSE:LAR,Lithium Argentina AG Common Shares,523,1388465,4.93,3.21,0.00,4.36,-3.12,-3.43,35.20,28.35,5.30,19.31,-12.53,-12.53,-15.08,68.06,85.55,85.55,-5.75,25.57,9.97,-5.04,-0.67,1.05299,77,-3.43,37.35,-10.58,-32.17,14.80,-5.75,29.87,-20.27,-22.32,4.04,1.081041,89
17-09-2025,NYSE:PBI,Pitney Bowes Inc. Common Stock,1950,3161282,3.28,11.38,0.00,-3.16,-5.54,0.88,7.47,17.84,30.14,41.48,-11.02,-11.02,-11.02,11.13,45.71,71.39,-1.44,-2.16,-0.54,19.80,21.50,1.052865,77,0.88,6.65,11.21,14.97,16.23,-1.44,-0.83,1.52,24.82,5.47,0.968035,13
17-09-2025,NASDAQ:CGNX,Cognex Corporation - Common Stock,7401,1859259,2.06,44.24,0.18,-0.27,-0.07,3.48,30.97,27.35,15.26,13.43,-1.58,-1.58,-1.58,49.41,90.12,90.12,1.16,21.34,8.97,4.92,-6.55,1.052686,77,3.48,28.48,-5.24,-16.65,-2.16,1.16,21.00,-14.93,-6.80,-12.92,1.072393,87
17-09-2025,NYSE:DY,"Dycom Industries, Inc. Common Stock",7574,451642,2.87,253.08,-0.99,0.42,3.07,-6.43,7.89,37.78,29.19,27.14,-9.61,-9.61,-9.61,9.17,82.12,85.07,-8.75,-1.74,19.40,18.85,7.16,1.052116,77,-6.43,13.46,32.45,-13.81,-2.90,-8.75,5.98,22.76,-3.96,-13.66,0.980817,21
17-09-2025,NYSE:AL,Air Lease Corporation Class A Common Stock,7103,3024260,1.04,63.56,0.00,-0.06,-1.13,9.91,10.56,26.40,21.24,32.87,-1.12,-1.12,-1.12,16.95,57.09,57.09,7.59,0.93,8.02,10.90,12.89,1.052027,77,9.91,0.72,17.71,-7.01,14.76,7.59,-6.76,8.02,2.84,4.00,0.999719,40
17-09-2025,NASDAQ:NVDA,NVIDIA Corporation - Common Stock,4138047,185225736,2.65,174.88,-1.64,2.36,2.34,-3.19,17.26,31.65,20.34,31.87,-4.52,-4.52,-4.52,21.57,85.43,85.43,-5.51,7.63,13.27,10.00,11.89,1.051993,76,-3.19,19.82,17.39,-16.55,14.48,-5.51,12.34,7.70,-6.70,3.72,1.002256,43
17-09-2025,NYSE:SYF,Synchrony Financial Common Stock,27837,2941747,2.21,74.53,-2.35,-2.07,-1.46,4.08,17.79,28.30,8.05,37.73,-3.03,-3.03,-3.03,23.64,70.12,70.12,1.76,8.16,9.92,-2.29,17.75,1.051835,76,4.08,14.30,12.78,-28.24,32.28,1.76,6.82,3.09,-18.39,21.52,1.013221,55
17-09-2025,NYSE:MLI,"Mueller Industries, Inc. Common Stock",10933,770784,1.88,98.83,0.01,3.44,3.19,7.35,25.07,17.66,14.92,30.93,-0.13,-0.13,-0.13,36.11,44.38,44.78,5.03,15.44,-0.72,4.58,10.95,1.051307,76,7.35,19.13,-9.90,-3.32,18.82,5.03,11.65,-19.59,6.53,8.06,1.040501,75
17-09-2025,NASDAQ:GMAB,Genmab A/S - American Depositary Shares,17299,1497711,1.39,28.24,0.89,1.45,8.32,17.46,19.05,26.35,23.69,6.20,-1.29,-1.29,-1.29,39.11,57.06,57.06,15.14,9.42,7.97,13.35,-13.78,1.051148,76,17.46,1.93,9.01,-3.61,-22.92,15.14,-5.55,-0.68,6.24,-33.68,1.059467,83
17-09-2025,NYSE:COF,Capital One Financial Corporation Common Stock,144282,3006382,2.09,224.41,-0.94,0.86,0.51,4.00,11.94,26.36,17.09,38.71,-1.24,-1.24,-1.24,15.72,49.04,63.16,1.68,2.31,7.98,6.75,18.73,1.050784,76,4.00,8.27,16.37,-12.58,26.07,1.68,0.79,6.68,-2.73,15.31,0.991002,30
17-09-2025,NYSE:BK,The Bank of New York Mellon Corporation Common Stock,75468,2859699,1.72,105.49,-0.88,0.68,0.75,4.26,14.22,21.87,24.48,34.57,-0.93,-0.93,-0.93,17.69,43.9,53.55,1.94,4.59,3.49,14.14,14.59,1.050664,76,4.26,10.41,8.92,3.34,13.37,1.94,2.93,-0.77,13.19,2.61,0.997198,37
17-09-2025,NASDAQ:SKYT,"SkyWater Technology, Inc. - Common Stock",594,1286856,7.07,11.51,1.13,9.38,3.56,0.87,25.37,26.85,20.07,21.55,-18.25,-18.25,-28.33,36.05,96.75,96.75,-1.45,15.74,8.47,9.73,1.57,1.050203,76,0.87,24.72,1.98,-9.26,1.85,-1.45,17.24,-7.71,0.59,-8.91,1.039888,74
17-09-2025,NASDAQ:PHAT,"Phathom Pharmaceuticals, Inc. - Common Stock",780,1119088,6.42,10.98,-4.55,-17.40,-7.92,6.74,3.10,55.92,23.54,-77.60,-14.82,-14.82,-43.69,40.23,379.48,379.48,4.42,-6.53,37.54,13.20,-97.58,1.050145,76,6.74,-3.91,54.51,-73.45,-132.28,4.42,-11.39,44.82,-63.60,-143.04,1.119458,94
17-09-2025,NYSE:VIV,Telefonica Brasil S.A. American Depositary Shares (Each representing One Common Share),20218,717507,1.44,12.62,-0.40,2.30,3.57,1.74,12.84,28.84,31.22,22.98,-1.41,-1.41,-1.41,17.4,52.42,68.27,-0.58,3.21,10.46,20.88,3.00,1.050131,76,1.74,11.29,18.36,3.34,-11.98,-0.58,3.81,8.67,13.19,-22.74,1.002249,43
17-09-2025,NYSE:EBR,Centrais Electricas Brasileiras S A American Depositary Shares (Each representing one Common Share),21011,1881116,1.79,9.06,0.44,6.95,9.49,9.60,15.78,20.86,32.01,18.65,0,0,0,34.22,34.22,65.03,7.28,6.15,2.48,21.67,-1.33,1.050106,76,9.60,6.84,6.03,14.09,-19.64,7.28,-0.64,-3.66,23.94,-30.40,1.025272,66
17-09-2025,NASDAQ:OTEX,Open Text Corporation - Common Shares,9333,1885950,2.39,36.59,-2.92,6.48,10.11,13.39,22.06,28.92,17.03,11.67,-2.84,-2.84,-2.84,31.86,58.81,58.81,11.07,12.43,10.54,6.69,-8.31,1.050098,76,13.39,10.00,8.80,-16.72,-6.46,11.07,2.52,-0.89,-6.87,-17.22,1.057637,82
17-09-2025,NYSE:UBS,UBS Group AG Registered Ordinary Shares,132070,1563555,1.06,41.32,-0.65,3.17,4.02,3.39,22.48,19.12,22.12,29.86,-0.65,-0.65,-0.65,35.83,58.19,58.19,1.07,12.85,0.74,11.78,9.88,1.050058,76,3.39,19.76,-4.34,3.71,9.94,1.07,12.28,-14.03,13.56,-0.82,1.025167,66
17-09-2025,NASDAQ:STAA,STAAR Surgical Company - Common Stock,1346,696138,1.71,27.23,-1.62,-1.65,-1.87,-4.19,37.61,35.31,7.27,-10.06,-4.69,-4.69,-26.86,66.65,80.45,80.45,-6.51,27.98,16.93,-3.07,-30.04,1.05003,76,-4.19,40.11,-3.68,-43.34,-18.69,-6.51,32.63,-13.37,-33.49,-29.45,1.116156,94
17-09-2025,NYSE:BTI,"British American Tobacco  Industries, p.l.c. Common Stock ADR",121808,4384473,1.22,55.79,-0.43,-0.84,0.99,-2.44,12.17,25.00,32.35,30.20,-5.87,-5.87,-5.87,19.49,41.49,62.89,-4.76,2.54,6.62,22.01,10.22,1.049787,76,-2.44,14.26,14.61,9.80,-3.18,-4.76,6.78,4.92,19.65,-13.94,0.987125,26
17-09-2025,NYSE:OSK,Oshkosh Corporation (Holding Company)Common Stock,8566,572684,1.95,135.97,-0.21,-0.01,-1.32,-1.93,17.97,28.68,24.36,28.18,-5.21,-5.21,-5.21,25.12,71.74,71.74,-4.25,8.34,10.30,14.02,8.20,1.049762,76,-1.93,19.52,13.06,-6.06,5.05,-4.25,12.04,3.37,3.79,-5.71,1.006688,48
17-09-2025,NYSE:SNN,"Smith & Nephew SNATS, Inc. Common Stock",16291,660035,1.06,37.39,0.03,-3.50,1.31,3.18,21.61,22.36,31.10,16.15,-3.39,-3.39,-3.39,30.83,49.74,56.51,0.86,11.98,3.98,20.76,-3.83,1.049691,76,3.18,19.03,0.96,11.26,-21.70,0.86,11.55,-8.73,21.11,-32.46,1.035501,72
17-09-2025,NASDAQ:ABUS,Arbutus Biopharma Corporation - Common Stock,849,1585337,5.54,4.4,-2.95,1.59,13.18,23.52,18.64,25.45,17.27,2.05,-10.2,-10.2,-10.2,42.39,52.78,52.78,21.20,9.01,7.07,6.93,-17.93,1.048819,76,23.52,-6.39,8.38,-10.98,-18.41,21.20,-13.87,-1.31,-1.13,-29.17,1.074181,87
17-09-2025,NYSE:FHI,"Federated Hermes, Inc. Common Stock",4076,487350,1.65,52.68,-0.19,0.25,-0.36,-1.99,19.10,24.89,18.93,34.95,-2.62,-2.62,-2.62,25.31,46.95,53.72,-4.31,9.47,6.51,8.59,14.97,1.048797,76,-1.99,20.68,7.16,-7.94,19.76,-4.31,13.20,-2.53,1.91,9.00,1.004531,46
17-09-2025,NYSE:KN,Knowles Corporation Common Stock,1907,537291,2.21,22.2,0.05,3.83,5.81,8.56,22.93,27.03,11.58,24.05,-0.18,-0.18,-0.18,30.97,73.98,73.98,6.24,13.30,8.65,1.24,4.07,1.048548,76,8.56,15.71,5.32,-21.17,14.11,6.24,8.23,-4.37,-11.32,3.35,1.043457,76
17-09-2025,NYSE:CUBI,"Customers Bancorp, Inc Common Stock",2266,406325,2.34,66.45,-0.83,-1.40,-7.72,0.86,23.85,23.27,18.72,28.20,-8.26,-8.26,-8.26,31.32,55.44,55.44,-1.46,14.22,4.89,8.38,8.22,1.048432,76,0.86,23.19,-0.77,-5.92,11.66,-1.46,15.71,-10.46,3.93,0.90,1.028751,68
17-09-2025,AMEX:IAUX,i-80 Gold Corp. Common Shares,747,5423004,5.57,0.8757,-4.98,3.15,6.14,21.67,20.77,16.07,33.96,-21.05,-6.25,-6.25,-26.41,57.33,80.37,150.13,19.35,11.14,-2.31,23.62,-41.03,1.048141,76,21.67,-1.15,-5.94,21.32,-83.30,19.35,-8.63,-15.63,31.17,-94.06,1.107126,93
17-09-2025,NYSE:QXO,"QXO, Inc. Common Stock",14104,8184593,4.61,20.95,-1.34,-2.53,-0.86,2.15,4.11,37.95,21.72,28.64,-13.14,-13.14,-13.14,11.32,71.72,74.44,-0.17,-5.52,19.57,11.38,8.66,1.048057,76,2.15,2.00,35.29,-26.15,8.84,-0.17,-5.48,25.60,-16.30,-1.92,0.985238,24
17-09-2025,NASDAQ:UPST,"Upstart Holdings, Inc. - Common stock",6554,6840628,5.98,67.17,0.28,-2.61,-2.98,4.59,18.03,25.50,-16.72,46.27,-20.16,-20.16,-24.33,25.79,93.02,93.02,2.27,8.40,7.12,-27.06,26.29,1.047614,75,4.59,14.09,9.12,-56.67,53.97,2.27,6.61,-0.57,-46.82,43.21,1.026066,66
17-09-2025,NASDAQ:ASTS,"AST SpaceMobile, Inc. - Class A Common Stock",14767,9062171,6.51,40.43,-1.34,8.71,-20.60,-18.92,-3.66,30.70,41.73,33.74,-32.68,-32.68,-32.68,9.54,101.44,128.16,-21.24,-13.29,12.32,31.39,13.76,1.047409,75,-18.92,12.83,33.14,15.92,-13.71,-21.24,5.35,23.45,25.77,-24.47,0.935239,4
17-09-2025,NYSE:JPM,JP Morgan Chase & Co. Common Stock,857236,7463138,1.66,309.19,0.09,3.67,3.07,6.05,12.56,24.34,21.24,33.18,0,0,0,14.72,47.04,51.33,3.73,2.93,5.96,10.90,13.20,1.047121,75,6.05,6.93,13.47,-4.10,15.16,3.73,-0.55,3.78,5.75,4.40,0.998089,39
17-09-2025,NYSE:APG,APi Group Corporation Common Stock,14566,2554891,1.75,35.05,-0.60,0.74,0.63,-0.66,7.47,28.64,25.33,35.27,-3.55,-3.55,-3.55,8.07,63.28,66.96,-2.98,-2.16,10.26,14.99,15.29,1.047068,75,-0.66,8.07,22.88,-4.64,13.32,-2.98,0.59,13.19,5.21,2.56,0.975172,17
17-09-2025,NYSE:INSW,"International Seaways, Inc. Common Stock",2420,512575,2.53,48.42,-1.45,2.33,6.67,14.00,19.76,28.62,25.38,-1.47,-1.43,-1.43,-10.83,32.73,68.36,68.36,11.68,10.13,10.24,15.04,-21.45,1.047057,75,14.00,6.70,11.04,-4.54,-35.98,11.68,-0.78,1.35,5.31,-46.74,1.063558,84
17-09-2025,NYSE:GWRE,"Guidewire Software, Inc. Common Stock",20874,864172,2.8,246.4,-1.96,-3.88,11.75,14.19,-2.92,22.28,30.73,31.09,-5.91,-5.91,-5.91,18.54,42.65,47.77,11.87,-12.55,3.90,20.39,11.11,1.046995,75,14.19,-19.95,24.48,10.87,0.52,11.87,-27.43,14.79,20.72,-10.24,0.977632,18
17-09-2025,NASDAQ:CHEF,"The Chefs' Warehouse, Inc. - Common Stock",2749,400084,2.79,65.64,-1.49,1.54,1.63,6.23,3.72,20.23,25.88,39.29,-4.26,-4.26,-4.26,7.77,33.74,70.18,3.91,-5.91,1.85,15.54,19.31,1.046581,75,6.23,-2.68,17.15,7.08,18.10,3.91,-10.16,7.46,16.93,7.34,0.970254,14
17-09-2025,NYSE:BLND,"Blend Labs, Inc. Class A Common Stock",1102,3662611,6.69,4.19,-1.19,-0.95,17.18,32.22,23.87,14.56,-23.63,18.85,-4.12,-4.12,-21.68,53.48,53.48,53.48,29.90,14.24,-3.82,-33.97,-1.13,1.0464,75,32.22,-12.32,-12.23,-44.69,34.36,29.90,-19.80,-21.92,-34.84,23.60,1.113335,93
17-09-2025,NASDAQ:ROIV,Roivant Sciences Ltd. - Common Shares,10434,8066330,2.95,14.18,1.62,4.94,12.62,16.43,21.86,23.48,14.60,14.53,-1.6,-1.6,-1.6,32.03,56.17,56.17,14.11,12.23,5.10,4.26,-5.45,1.0463,75,16.43,6.50,2.08,-11.61,-0.08,14.11,-0.98,-7.61,-1.76,-10.84,1.05911,82
17-09-2025,NYSE:LEVI,Levi Strauss & Co Class A Common Stock,8981,1909484,2.22,22.5,-0.40,3.56,-0.58,6.04,22.00,26.93,22.31,14.49,-0.57,-0.57,-0.57,29.01,81.16,81.16,3.72,12.37,8.55,11.97,-5.49,1.045623,75,6.04,16.98,6.32,-6.33,-10.07,3.72,9.50,-3.37,3.52,-20.83,1.042144,75
17-09-2025,NYSE:PFGC,Performance Food Group Company Common Stock,17017,1629430,1.79,104.74,0.66,0.35,-0.42,6.39,16.44,26.44,15.10,30.29,-1.42,-1.42,-1.42,23.24,46.24,46.24,4.07,6.81,8.06,4.76,10.31,1.045005,75,6.39,10.74,11.96,-15.41,17.89,4.07,3.26,2.27,-5.56,7.13,1.014243,55
17-09-2025,NASDAQ:PINC,"Premier, Inc. - Class A Common Stock",2194,1547143,3.24,26.38,-0.49,-2.73,1.86,5.42,15.47,30.59,17.55,25.09,-2.69,-2.69,-2.69,26.34,44.07,51.09,3.10,5.84,12.21,7.21,5.11,1.044649,75,5.42,10.62,17.89,-18.79,9.15,3.10,3.14,8.20,-8.94,-1.61,1.015472,56
17-09-2025,NYSE:LPG,Dorian LPG Ltd. Common Stock,1366,544305,2.36,32.47,-0.71,3.26,6.07,7.42,22.91,31.60,25.10,-6.68,-0.7,-0.7,-10.67,33.18,87.25,87.25,5.10,13.28,13.22,14.76,-26.66,1.044528,75,7.42,16.73,11.27,-9.50,-42.43,5.10,9.25,1.58,0.35,-53.19,1.06853,86
17-09-2025,NASDAQ:VRSN,"VeriSign, Inc. - Common Stock",26880,685506,1.57,287.47,-0.17,0.61,4.96,6.12,2.22,17.03,30.43,37.40,-6.05,-6.05,-6.05,9.3,22.59,62.71,3.80,-7.41,-1.35,20.09,17.42,1.044327,75,6.12,-4.15,15.14,16.15,10.02,3.80,-11.63,5.45,26.00,-0.74,0.968006,13
17-09-2025,NYSE:PBF,PBF Energy Inc. Class A Common Stock,3529,4069260,6.35,30.62,8.82,2.09,6.99,23.94,25.28,27.17,-0.29,-2.87,0,0,-9.62,44.09,113.08,113.08,21.62,15.65,8.79,-10.63,-22.85,1.044245,75,23.94,1.76,2.53,-37.71,-2.57,21.62,-5.72,-7.16,-27.86,-13.33,1.105105,93
17-09-2025,NYSE:GNK,Genco Shipping & Trading Limited Ordinary Shares New (Marshall Islands),797,627090,2.52,18.41,0.98,2.44,7.66,11.35,25.10,24.66,18.36,6.95,0,0,-5.59,42.05,62.06,62.06,9.03,15.47,6.28,8.02,-13.03,1.044139,75,11.35,15.50,-0.58,-8.36,-13.97,9.03,8.02,-10.27,1.49,-24.73,1.067274,85
17-09-2025,NASDAQ:AXON,"Axon Enterprise, Inc. - Common Stock",59020,440974,2.76,750.67,-1.35,2.49,0.94,-0.48,-3.99,26.09,14.42,48.78,-13.81,-13.81,-13.81,6.44,51,97.75,-2.80,-13.62,7.71,4.08,28.80,1.044001,75,-0.48,-3.50,28.92,-15.79,40.15,-2.80,-10.98,19.23,-5.94,29.39,0.945117,6
17-09-2025,NASDAQ:ARQT,"Arcutis Biotherapeutics, Inc. - Common stock",2055,1564813,4.11,16.97,0.24,-5.66,9.72,0.47,21.04,3.24,24.75,38.01,-5.35,-5.35,-5.35,27.98,34.79,104.21,-1.85,11.41,-15.14,14.41,18.03,1.043931,75,0.47,20.66,-22.54,22.23,17.62,-1.85,13.18,-32.23,32.08,6.86,1.012491,54
17-09-2025,NASDAQ:CORT,Corcept Therapeutics Incorporated - Common Stock,7922,696270,3.08,71.32,2.51,-0.57,-0.08,-0.60,0.59,18.84,15.76,49.93,-7.1,-37.56,-37.56,6.18,30.55,99.72,-2.92,-9.04,0.46,5.42,29.95,1.043828,75,-0.60,1.18,18.36,-3.80,40.56,-2.92,-6.30,8.67,6.05,29.80,0.948908,6
17-09-2025,NASDAQ:VIAV,Viavi Solutions Inc. - Common Stock,2724,3101308,2.31,12.17,0.45,3.94,5.59,11.42,23.99,8.38,13.56,31.06,-0.73,-0.73,-4.92,31.57,35.37,46.98,9.10,14.36,-10.00,3.22,11.08,1.04347,75,11.42,14.19,-20.54,5.65,20.25,9.10,6.71,-30.23,15.50,9.49,1.044694,76
17-09-2025,NYSE:GVA,Granite Construction Incorporated Common Stock,4711,445573,1.86,108.31,-0.98,0.79,1.61,-0.87,17.63,31.90,10.31,31.41,-2.68,-2.68,-2.68,22.01,50.66,52.59,-3.19,8.00,13.52,-0.03,11.43,1.043439,75,-0.87,18.33,17.33,-31.70,23.52,-3.19,10.85,7.64,-21.85,12.76,1.012146,54
17-09-2025,NASDAQ:ZS,"Zscaler, Inc. - Common Stock",44239,1868056,3.06,281.96,-1.31,-0.12,2.62,2.48,-8.18,28.13,26.26,40.87,-10.91,-10.91,-10.91,5.33,61.42,69.13,0.16,-17.81,9.75,15.92,20.89,1.04336,75,2.48,-10.93,33.56,-2.60,19.82,0.16,-18.41,23.87,7.25,9.06,0.943886,5
17-09-2025,NYSE:HMY,Harmony Gold Mining Company Limited,9402,6890671,3.92,14.99,-0.27,1.80,4.74,-2.94,2.00,17.88,36.22,36.49,-6.43,-16.68,-16.68,18.87,21.77,84.15,-5.26,-7.63,-0.50,25.88,16.51,1.04322,75,-2.94,4.80,16.20,22.34,0.42,-5.26,-2.68,6.51,32.19,-10.34,0.956957,8
17-09-2025,NASDAQ:SHC,Sotera Health Company - Common Stock,4616,2491678,2.81,16.3,0.43,3.01,0.86,3.44,30.55,26.81,18.65,-1.10,-1.21,-1.21,-3.61,48.99,66.33,66.33,1.12,20.92,8.43,8.31,-21.08,1.043127,74,3.44,28.08,-5.39,-11.15,-24.28,1.12,20.60,-15.08,-1.30,-35.04,1.083073,89
17-09-2025,NASDAQ:ROKU,"Roku, Inc. - Class A Common Stock",14488,3394737,3.51,97.91,4.08,0.94,2.09,7.78,16.08,28.86,15.82,24.29,-1.49,-1.49,-1.49,22.42,77.7,77.7,5.46,6.45,10.48,5.48,4.31,1.04291,74,7.78,8.99,15.24,-18.33,10.06,5.46,1.51,5.55,-8.48,-0.70,1.02113,62
17-09-2025,NASDAQ:CLMT,"Calumet, Inc - Common Stock",1628,919702,5.44,19.26,9.09,7.74,14.15,29.39,12.46,31.52,-15.68,13.91,0,0,-18.32,45.58,114.24,114.24,27.07,2.83,13.14,-26.02,-6.07,1.042765,74,29.39,-23.97,21.77,-68.92,25.58,27.07,-31.45,12.08,-59.07,14.82,1.082837,89
17-09-2025,NYSE:BBD,Banco Bradesco Sa American Depositary Shares,31578,36413125,2.17,3.21,0.93,2.49,5.92,7.79,4.36,31.15,32.71,13.40,0,0,0,16.73,58.91,73.51,5.47,-5.27,12.77,22.37,-6.58,1.042427,74,7.79,-3.72,28.01,2.26,-28.70,5.47,-11.20,18.32,12.11,-39.46,1.002916,44
17-09-2025,NYSE:GNRC,Generac Holdlings Inc. Common Stock,10637,824655,2.61,183.61,-1.14,0.99,2.23,-8.27,31.20,27.85,6.44,23.38,-9.48,-9.48,-9.48,48.06,80.15,80.15,-10.59,21.57,9.47,-3.90,3.40,1.042275,74,-8.27,36.46,-4.88,-29.66,18.10,-10.59,28.98,-14.57,-19.81,7.34,1.054972,81
17-09-2025,NYSE:GTN,"Gray Media, Inc. Common Stock",611,1086619,4.23,5.6,0.36,-4.46,-4.29,-5.00,26.96,16.61,28.75,18.04,-10.26,-10.26,-10.26,41.06,75,88.55,-7.32,17.33,-1.77,18.41,-1.94,1.041907,74,-5.00,30.44,-14.18,14.56,-15.04,-7.32,22.96,-23.87,24.41,-25.80,1.042434,75
17-09-2025,NYSE:BN,Brookfield Corporation Class A Limited Voting Shares,114378,2359567,2.16,69.76,0.49,5.12,4.93,6.18,16.10,25.77,13.92,29.82,0,0,0,20.32,56.1,56.1,3.86,6.47,7.39,3.58,9.84,1.041135,74,6.18,10.57,11.53,-15.97,18.47,3.86,3.09,1.84,-6.12,7.71,1.013779,55
17-09-2025,NASDAQ:ACLS,"Axcelis Technologies, Inc. - Common Stock",2862,440934,3.05,89.81,2.79,7.49,11.37,10.36,23.22,35.12,15.54,-10.89,0,0,-16.88,36.03,111.72,111.72,8.04,13.59,16.74,5.20,-30.87,1.040875,74,10.36,14.35,15.50,-30.17,-31.30,8.04,6.87,5.81,-20.32,-42.06,1.079523,89
17-09-2025,NASDAQ:UPB,"Upstream Bio, Inc. - Common Stock",864,527160,7.59,17.35,3.23,-5.13,-16.77,-9.11,35.62,43.11,-24.03,NA,-14.36,-14.36,-36.66,68.28,185.83,185.83,-11.43,25.99,24.73,-34.37,NA,1.040639,74,-9.11,40.99,11.64,-118.03,NA,-11.43,33.51,1.95,-108.18,NA,1.067901,85
17-09-2025,NASDAQ:ZYME,Zymeworks Inc. - Common Stock,1202,469104,4.32,15.84,-0.57,3.85,11.55,9.34,20.14,20.58,17.30,23.11,-2.94,-2.94,-8.97,31.78,67.8,67.8,7.02,10.51,2.20,6.96,3.13,1.040485,74,9.34,11.91,0.55,-4.13,7.02,7.02,4.43,-9.14,5.72,-3.74,1.033635,71
17-09-2025,NYSE:CM,Canadian Imperial Bank of Commerce Common Stock,74959,1274827,1.38,80.23,0.74,2.68,3.71,8.00,14.36,28.73,16.10,24.07,0,0,0,17.19,46.94,46.94,5.68,4.73,10.35,5.76,4.09,1.040253,74,8.00,6.91,16.78,-17.72,9.49,5.68,-0.57,7.09,-7.87,-1.27,1.017032,58
17-09-2025,NASDAQ:Z,"Zillow Group, Inc. - Class C Capital Stock",21706,2637332,3.27,88.55,1.61,1.54,7.61,3.88,19.89,19.89,7.54,36.04,-1.5,-1.5,-1.5,31.13,46.87,56.34,1.56,10.26,1.51,-2.80,16.06,1.039807,74,3.88,16.65,0.00,-15.41,30.82,1.56,9.17,-9.69,-5.56,20.06,1.017947,59
17-09-2025,NYSE:PHIN,PHINIA Inc. Common Stock,2276,412557,2.23,57.66,0.29,-0.35,-0.55,4.13,25.77,26.15,7.09,21.49,-3.14,-3.14,-3.14,36.8,53.19,53.19,1.81,16.14,7.77,-3.25,1.51,1.039602,74,4.13,22.58,0.51,-25.81,15.49,1.81,15.10,-9.18,-15.96,4.73,1.050519,79
17-09-2025,NYSE:GES,"Guess?, Inc. Common Stock",870,1611857,0.76,16.71,0.00,-1.14,-1.02,21.01,27.41,24.48,6.28,-11.49,-1.18,-1.18,-16.99,46.58,92.96,92.96,18.69,17.78,6.10,-4.06,-31.47,1.039558,74,21.01,8.11,-4.04,-24.09,-18.97,18.69,0.63,-13.73,-14.24,-29.73,1.109999,93
17-09-2025,NASDAQ:NTRS,Northern Trust Corporation - Common Stock,24757,1003174,1.84,129.25,-0.78,0.29,-0.40,2.50,14.19,23.65,18.65,32.34,-2.13,-2.13,-2.13,17.9,53.05,53.05,0.18,4.56,5.27,8.31,12.36,1.039514,74,2.50,11.99,11.03,-6.56,16.83,0.18,4.51,1.34,3.29,6.07,0.998992,39
17-09-2025,NASDAQ:GRPN,"Groupon, Inc. - Common Stock",886,1385255,4.22,22.28,-1.12,-3.23,-15.98,-27.92,-58.89,28.28,43.85,50.85,-40.38,-40.38,-40.38,0,39.86,174.38,-30.24,-68.52,9.90,33.51,30.87,1.03946,74,-27.92,-24.21,54.86,21.71,12.47,-30.24,-31.69,45.17,31.56,1.71,0.842995,1
17-09-2025,NYSE:CLF,Cleveland-Cliffs Inc. Common Stock,5585,17619470,4.17,11.72,-1.45,7.76,10.84,11.18,37.63,13.40,-0.43,3.16,-1.43,-1.43,-15.93,69.36,101.03,101.03,8.86,28.00,-4.98,-10.77,-16.82,1.039386,74,11.18,29.78,-38.85,-15.96,3.57,8.86,22.30,-48.54,-6.11,-7.19,1.127009,95
17-09-2025,NYSE:TNL,Travel   Leisure Co. Common  Stock,3964,637495,2.04,61.65,0.00,-0.92,-1.17,2.48,20.18,22.14,12.42,31.40,-2.84,-2.84,-2.84,26.41,58.97,58.97,0.16,10.55,3.76,2.08,11.42,1.039071,74,2.48,18.15,2.46,-12.48,21.67,0.16,10.67,-7.23,-2.63,10.91,1.018784,60
17-09-2025,NYSE:ATI,ATI Inc. Common Stock,10812,1644874,2.91,79.47,2.54,5.78,1.40,8.82,-7.16,35.35,27.92,21.73,-16.8,-16.8,-16.8,11.4,89.35,89.35,6.50,-16.79,16.97,17.58,1.75,1.038965,74,8.82,-17.53,39.67,-11.48,-8.59,6.50,-25.01,29.98,-1.63,-19.35,0.977358,18
17-09-2025,NASDAQ:ULTA,"Ulta Beauty, Inc. - Common Stock",23711,915169,2.94,525.21,-0.17,2.16,-1.39,0.80,10.14,32.03,18.11,28.97,-1.61,-1.61,-1.61,14.76,60.12,67.01,-1.52,0.51,13.65,7.77,8.99,1.038952,74,0.80,9.42,24.36,-20.48,13.26,-1.52,1.94,14.67,-10.63,2.50,0.993483,34
17-09-2025,NASDAQ:COCO,"The Vita Coco Company, Inc. - Common Stock",2404,934410,3.4,39.98,0.48,3.48,8.15,17.28,16.53,11.81,7.40,32.84,0,0,-0.79,23.78,48.07,48.9,14.96,6.90,-6.57,-2.94,12.86,1.038932,74,17.28,-0.91,-5.66,-4.99,27.47,14.96,-8.39,-15.35,4.86,16.71,1.030986,70
17-09-2025,NASDAQ:FER,Ferrovial SE - Ordinary Shares,41541,401082,1.22,57.33,-0.26,3.52,6.42,4.33,10.26,23.53,25.83,27.70,-0.42,-0.42,-0.42,14.07,41.07,50.31,2.01,0.63,5.15,15.49,7.72,1.038752,74,4.33,6.20,14.79,3.01,2.52,2.01,-1.28,5.10,12.86,-8.24,0.994168,34
17-09-2025,NYSE:MFG,"Mizuho Financial Group, Inc. Sponosred ADR (Japan)",82645,2117432,1.21,6.57,-1.83,-0.91,0.61,-1.67,16.13,11.57,22.37,38.66,-2.09,-2.09,-2.09,21.22,54.59,67.18,-3.99,6.50,-6.81,12.03,18.68,1.038614,74,-1.67,17.51,-5.44,12.22,20.98,-3.99,10.03,-15.13,22.07,10.22,0.992038,32
17-09-2025,NASDAQ:BBNX,"Beta Bionics, Inc. - Common Stock",1005,726346,7.42,23.29,-8.67,-7.34,18.33,26.84,16.49,28.68,NA,NA,-11.81,-11.81,-11.81,85.87,139.86,139.86,24.52,6.86,10.30,NA,NA,1.038418,73,26.84,-14.14,14.60,NA,NA,24.52,-21.62,4.91,NA,NA,0.962212,10
17-09-2025,NYSE:CMI,Cummins Inc. Common Stock,56738,749560,1.79,415.44,0.30,4.97,4.86,3.86,22.42,21.49,10.90,28.45,0,0,0,32.2,55.53,55.53,1.54,12.79,3.11,0.56,8.47,1.038321,73,3.86,19.31,-1.19,-13.49,19.69,1.54,11.83,-10.88,-3.64,8.93,1.030598,69
17-09-2025,NYSE:CRS,Carpenter Technology Corporation Common Stock,12155,806616,2.6,241.19,-0.09,-1.47,0.57,-0.82,-3.48,23.68,24.95,42.11,-16.08,-16.08,-16.08,2.32,59.41,72.74,-3.14,-13.11,5.30,14.61,22.13,1.038273,73,-0.82,-2.64,26.25,1.66,22.86,-3.14,-10.12,16.56,11.51,12.10,0.945314,6
17-09-2025,NYSE:ERJ,Embraer S.A. Common Stock,10498,1408269,2.43,57.12,0.28,-5.37,-0.56,-0.70,10.64,4.38,33.28,36.87,-6.39,-6.39,-6.39,20.53,41.32,75.92,-3.02,1.01,-14.00,22.94,16.89,1.03819,73,-0.70,11.27,-7.01,30.23,5.38,-3.02,3.79,-16.70,40.08,-5.38,0.981476,22
17-09-2025,NASDAQ:BPOP,"Popular, Inc. - Common Stock",8459,581701,1.66,123.51,-0.32,-0.54,-1.46,4.46,15.46,26.78,21.50,21.71,-2.79,-2.79,-2.79,19.7,51.3,51.3,2.14,5.83,8.40,11.16,1.73,1.038176,73,4.46,11.51,13.39,-7.20,0.27,2.14,4.03,3.70,2.65,-10.49,1.014596,56
17-09-2025,NYSE:AN,"AutoNation, Inc. Common Stock",8314,416640,1.92,219.9,-0.10,-2.31,-0.11,6.24,12.21,25.33,20.30,26.81,-3.2,-3.2,-3.2,16.18,41.22,41.44,3.92,2.58,6.95,9.96,6.83,1.037886,73,6.24,6.37,14.95,-6.75,8.17,3.92,-1.11,5.26,3.10,-2.59,1.004023,45
17-09-2025,NASDAQ:ACAD,ACADIA Pharmaceuticals Inc. - Common Stock,4083,1933363,3.06,23.96,-2.96,-3.67,-7.22,-5.72,7.60,28.21,24.79,33.43,-9.82,-9.82,-9.82,14.75,69.93,69.93,-8.04,-2.03,9.83,14.45,13.45,1.037193,73,-5.72,12.59,22.31,-4.77,11.49,-8.04,5.11,12.62,5.08,0.73,0.971432,15
17-09-2025,NYSE:TD,Toronto Dominion Bank (The) Common Stock,137333,1957331,1.61,77.88,0.30,3.26,4.30,4.97,8.77,23.28,31.32,20.53,0,0,0,9.88,39.8,51.05,2.65,-0.86,4.90,20.98,0.55,1.03716,73,4.97,4.00,15.90,10.48,-15.70,2.65,-3.48,6.21,20.33,-26.46,0.998902,39
17-09-2025,NYSE:PFSI,"PennyMac Financial Services, Inc. Common Stock",6524,437939,2.48,124.02,-0.26,2.58,11.84,13.72,23.07,20.98,14.72,10.37,-0.39,-0.39,-0.39,33.56,38.91,38.91,11.40,13.44,2.60,4.38,-9.61,1.037152,73,13.72,10.84,-2.71,-7.92,-5.11,11.40,3.36,-12.40,1.93,-15.87,1.061617,83
17-09-2025,NYSE:ALV,"Autoliv, Inc. Common Stock",9596,529939,1.52,125.02,-1.20,-0.62,0.50,5.33,10.93,28.20,20.43,24.24,-2.06,-2.06,-2.06,14.49,62.85,62.85,3.01,1.30,9.82,10.09,4.26,1.036071,73,5.33,5.92,19.39,-10.83,4.79,3.01,-1.56,9.70,-0.98,-5.97,1.002915,44
17-09-2025,NASDAQ:ORIC,"Oric Pharmaceuticals, Inc. - Common Stock",1022,963090,4.7,10.9,1.74,-0.09,4.77,11.38,13.67,27.43,17.80,16.88,-7.63,-7.63,-13.08,20.71,156.17,156.17,9.06,4.04,9.05,7.46,-3.10,1.035952,73,11.38,2.59,15.94,-13.27,-1.12,9.06,-4.89,6.25,-3.42,-11.88,1.025773,66
17-09-2025,NASDAQ:TTWO,"Take-Two Interactive Software, Inc. - Common Stock",46213,1296302,1.97,247.73,0.19,-0.05,2.74,6.28,3.69,16.64,23.12,37.99,-0.42,-0.42,-0.42,13.97,27.32,67.77,3.96,-5.94,-1.74,12.78,18.01,1.035763,73,6.28,-2.77,13.45,7.77,19.35,3.96,-10.25,3.76,17.62,8.59,0.971956,15
17-09-2025,NASDAQ:HCSG,"Healthcare Services Group, Inc. - Common Stock",1127,630019,2.72,15.62,-2.24,-3.14,-1.41,3.84,4.55,29.58,18.37,32.07,-5.56,-5.56,-5.56,23.09,66.7,66.7,1.52,-5.08,11.20,8.03,12.09,1.035685,73,3.84,0.73,26.22,-15.91,16.78,1.52,-6.75,16.53,-6.06,6.02,0.981136,21
17-09-2025,NYSE:VIPS,"Vipshop Holdings Limited American Depositary Shares, each representing two ordinary shares",9047,2445770,2.27,18.35,0.87,3.65,8.61,7.57,18.15,3.49,24.90,30.19,0,0,0,25.43,49.31,49.31,5.25,8.52,-14.89,14.56,10.21,1.035466,73,7.57,11.44,-17.91,22.19,7.04,5.25,3.96,-27.60,32.04,-3.72,1.020408,61
17-09-2025,NYSE:YEXT,"Yext, Inc. Common Stock",1080,1209214,2.45,8.79,0.68,1.71,-2.05,7.96,4.55,29.92,20.02,25.94,-4.04,-4.04,-4.04,13.71,56.68,56.68,5.64,-5.08,11.54,9.68,5.96,1.035215,73,7.96,-3.71,26.58,-14.12,7.40,5.64,-11.19,16.89,-4.27,-3.36,0.992041,32
17-09-2025,NASDAQ:ZG,"Zillow Group, Inc. - Class A Common Stock",21695,571230,3.16,85.1,1.65,1.47,7.18,4.39,18.10,19.04,7.44,35.51,-1.65,-1.65,-1.65,29.02,43.17,55.07,2.07,8.47,0.66,-2.90,15.53,1.03518,73,4.39,14.33,1.15,-14.33,30.33,2.07,6.85,-8.54,-4.48,19.57,1.01368,55
17-09-2025,NYSE:ATMU,Atmus Filtration Technologies Inc. Common Stock,3765,730795,2.17,46.38,-0.09,2.03,3.45,6.32,21.91,20.25,12.38,24.36,-0.69,-0.69,-0.69,32.36,46.49,46.49,4.00,12.28,1.87,2.04,4.38,1.035136,73,6.32,16.64,-2.13,-9.87,13.68,4.00,9.16,-11.82,-0.02,2.92,1.035079,72
17-09-2025,NYSE:BNS,Bank Nova Scotia Halifax Pfd 3 Ordinary Shares,80313,2071330,1.28,64.8,1.23,1.56,4.15,12.36,15.32,24.75,13.83,20.17,0,0,0,19.67,45.42,45.42,10.04,5.69,6.37,3.49,0.19,1.034951,73,12.36,3.38,11.14,-14.52,7.36,10.04,-4.10,1.45,-4.67,-3.40,1.029097,68
17-09-2025,NYSE:AXL,"American Axle & Manufacturing Holdings, Inc. Common Stock",743,3755258,3.85,6.26,0.64,4.31,4.79,8.31,30.99,27.16,-9.90,11.34,0,0,-9.01,53.43,101.94,101.94,5.99,21.36,8.78,-20.24,-8.64,1.034729,73,8.31,24.74,-5.56,-50.88,19.33,5.99,17.26,-15.25,-41.03,8.57,1.093206,91
17-09-2025,NASDAQ:CTLP,"Cantaloupe, Inc. - Common Stock",795,1882425,0.51,10.85,0.18,0.37,-0.18,-0.65,-1.29,28.11,13.92,42.49,-2.34,-2.34,-2.69,0.84,49.86,73.88,-2.97,-10.92,9.73,3.58,22.51,1.034341,73,-0.65,-0.64,29.03,-19.74,33.19,-2.97,-8.12,19.34,-9.89,22.43,0.9566,8
17-09-2025,NASDAQ:LSCC,Lattice Semiconductor Corporation - Common Stock,9161,2191276,3.17,66.14,2.62,0.02,-0.92,3.95,27.64,5.34,4.74,34.32,-1.12,-1.12,-3.84,38.19,74.79,74.79,1.63,18.01,-13.04,-5.60,14.34,1.034324,73,3.95,24.67,-30.82,-0.63,31.05,1.63,17.19,-40.51,9.22,20.29,1.04835,78
17-09-2025,NYSE:VLO,Valero Energy Corporation Common Stock,50844,2594736,2.62,162.64,3.12,0.50,5.14,15.89,15.30,18.26,18.05,17.54,0,0,0,23.43,55.35,55.35,13.57,5.67,-0.12,7.71,-2.44,1.033934,73,15.89,-0.70,3.49,-0.26,-0.62,13.57,-8.18,-6.20,9.59,-11.38,1.035175,72
17-09-2025,NASDAQ:ALHC,"Alignment Healthcare, Inc. - Common Stock",3303,3937381,4.13,16.54,1.33,0.36,-0.60,9.01,12.33,2.72,29.08,29.99,-0.6,-16.38,-16.38,42.1,42.1,65.4,6.69,2.70,-15.66,18.74,10.01,1.033437,72,9.01,3.65,-10.97,27.10,1.28,6.69,-3.83,-20.66,36.95,-9.48,1.006479,48
17-09-2025,NYSE:WCC,"WESCO International, Inc. Common Stock",10428,626141,2.51,216,0.59,1.56,-1.39,4.53,18.48,24.26,9.26,28.01,-4.93,-4.93,-4.93,25.97,62.58,62.58,2.21,8.85,5.88,-1.08,8.03,1.033433,72,4.53,14.62,7.09,-19.81,20.66,2.21,7.14,-2.60,-9.96,9.90,1.021366,62
17-09-2025,NASDAQ:ODD,ODDITY Tech Ltd. - Class A Ordinary Shares,3486,404705,2.78,62.12,-2.50,-2.43,2.37,3.20,-15.29,25.02,23.52,43.01,-18.27,-19.69,-19.69,7.62,64.03,78.45,0.88,-24.92,6.64,13.18,23.03,1.033298,72,3.20,-19.11,34.96,-2.00,25.49,0.88,-26.59,25.27,7.85,14.73,0.93181,4
17-09-2025,NYSE:TGNA,TEGNA Inc,3373,3310987,0.74,21.03,-0.10,0.29,-0.67,2.43,20.26,15.22,11.17,33.76,-1.17,-1.17,-1.17,39.83,39.83,50.97,0.11,10.63,-3.16,0.83,13.78,1.03286,72,2.43,18.27,-6.32,-4.77,25.43,0.11,10.79,-16.01,5.08,14.67,1.016995,58
17-09-2025,NYSE:KRC,Kilroy Realty Corporation Common Stock,5277,1424068,2.13,44.18,1.31,4.93,7.24,12.38,19.49,22.32,7.36,20.37,0,0,0,29.48,56,56,10.06,9.86,3.94,-2.98,0.39,1.032292,72,12.38,8.11,3.51,-19.26,14.05,10.06,0.63,-6.18,-9.41,3.29,1.042453,75
17-09-2025,NYSE:UWMC,UWM Holdings Corporation Class A Common Stock,10747,8237244,3.91,6.65,-1.50,3.76,16.09,19.10,38.35,6.77,4.96,-34.14,-3.76,-3.76,-27.24,68.78,68.78,68.78,16.78,28.72,-11.61,-5.38,-54.12,1.032189,72,19.10,23.79,-51.22,-1.94,-41.14,16.78,16.31,-60.91,7.91,-51.90,1.174802,97
17-09-2025,NYSE:MT,Arcelor Mittal NY Registry Shares NEW,28652,1259455,1.73,34.76,-0.78,2.85,6.67,3.39,10.85,7.83,25.66,35.62,-0.83,-0.83,-0.83,15.98,48.1,59.3,1.07,1.22,-10.55,15.32,15.64,1.031847,72,3.39,7.71,-3.39,19.35,13.39,1.07,0.23,-13.08,29.20,2.63,0.987341,26
17-09-2025,NYSE:KLG,WK Kellogg Co Common Stock,1986,1057837,0.23,22.99,0.04,0.04,0.22,-0.17,31.58,13.66,9.79,19.23,-2.25,-2.25,-2.25,48.8,48.8,49.19,-2.49,21.95,-4.72,-0.55,-0.75,1.031791,72,-0.17,31.70,-26.19,-4.48,10.46,-2.49,24.22,-35.88,5.37,-0.30,1.067551,85
17-09-2025,NYSE:ZETA,Zeta Global Holdings Corp. Class A Common Stock,4906,6748609,5.19,20.39,0.10,8.29,9.12,6.18,38.21,29.03,-5.59,-32.27,-1.78,-1.78,-44.5,62.34,85.03,85.03,3.86,28.58,10.65,-15.93,-52.25,1.03153,72,6.18,34.13,-14.84,-48.79,-25.27,3.86,26.65,-24.53,-38.94,-36.03,1.150531,96
17-09-2025,NYSE:GTES,Gates Industrial Corporation plc Ordinary Shares,6486,1925105,2.27,25.26,-0.99,0.36,0.79,4.59,12.51,22.60,12.03,32.98,-3.37,-3.37,-3.37,16.3,62.34,62.34,2.27,2.88,4.22,1.69,13.00,1.031471,72,4.59,8.30,11.54,-13.66,23.81,2.27,0.82,1.85,-3.81,13.05,0.999538,40
17-09-2025,NYSE:TUYA,"Tuya Inc. American Depositary Shares, each representing one Class A Ordinary Share",1574,2101423,4.63,2.62,0.38,1.91,1.53,9.16,0.38,-50.76,31.68,49.62,-6.76,-33.67,-35.47,14.41,38.62,101.54,6.84,-9.25,-69.14,21.34,29.64,1.031225,72,9.16,-9.66,-51.34,54.68,26.26,6.84,-17.14,-61.03,64.53,15.50,0.982261,22
17-09-2025,NYSE:CBRE,CBRE Group Inc Common Stock Class A,48897,1555726,1.7,162.84,-1.67,0.46,2.01,2.40,17.65,20.97,15.46,27.86,-1.84,-1.84,-1.84,23.12,42.92,42.92,0.08,8.02,2.59,5.12,7.88,1.031207,72,2.40,15.62,4.03,-6.96,14.66,0.08,8.14,-5.66,2.89,3.90,1.012976,54
17-09-2025,NYSE:THC,Tenet Healthcare Corporation Common Stock,16210,1139076,2.75,182.82,-2.15,-7.42,-1.38,5.91,10.16,29.99,23.37,13.57,-6.91,-6.91,-6.91,23.21,65.58,65.58,3.59,0.53,11.61,13.03,-6.41,1.031104,72,5.91,4.52,22.07,-9.45,-12.79,3.59,-2.96,12.38,0.40,-23.55,1.012085,54
17-09-2025,NYSE:NCLH,Norwegian Cruise Line Holdings Ltd. Ordinary Shares,11470,17075728,3.35,25.58,-1.68,0.82,3.36,5.00,27.48,21.66,-7.51,25.61,-5.05,-5.05,-12.01,41.09,65.03,65.03,2.68,17.85,3.28,-17.85,5.63,1.031031,72,5.00,23.66,-8.03,-37.23,30.80,2.68,16.18,-17.72,-27.38,20.04,1.061588,83
17-09-2025,NASDAQ:TSHA,"Taysha Gene Therapies, Inc. - Common Stock",791,3554467,5.8,2.84,-6.34,-15.49,0.00,-3.52,9.86,36.97,14.44,22.89,-15.48,-15.48,-15.48,22.94,151.33,151.33,-5.84,0.23,18.59,4.10,2.91,1.030955,72,-3.52,12.93,30.08,-35.75,9.88,-5.84,5.45,20.39,-25.90,-0.88,0.998637,39
17-09-2025,NASDAQ:NFLX,"Netflix, Inc. - Common Stock",522022,2723913,2.3,1200.51,-0.15,-5.23,-1.13,-3.20,-2.07,20.87,21.99,42.79,-10.35,-10.35,-10.35,4.59,40.27,74.8,-5.52,-11.70,2.49,11.65,22.81,1.030623,72,-3.20,1.10,22.47,1.42,26.67,-5.52,-6.38,12.78,11.27,15.91,0.944794,6
17-09-2025,NASDAQ:PONY,Pony AI Inc. - American Depositary Shares,6001,5629792,5.51,17.13,2.92,11.33,17.16,7.41,27.32,19.91,17.45,NA,0,-19.77,-27.45,50.79,311.78,311.78,5.09,17.69,1.53,7.11,NA,1.030464,72,7.41,21.50,-10.20,-3.06,NA,5.09,14.02,-19.89,6.79,NA,0.98537,25
17-09-2025,NASDAQ:EBAY,eBay Inc. - Common Stock,41112,5632277,2.22,88.85,-1.70,-4.06,-1.17,-13.34,12.54,24.10,28.90,28.89,-11.83,-11.83,-11.83,20.59,49.28,54.49,-15.66,2.91,5.72,18.56,8.91,1.030261,72,-13.34,22.83,13.22,6.33,-0.02,-15.66,15.35,3.53,16.18,-10.78,0.977948,19
17-09-2025,NYSE:NWG,"NatWest Group plc American Depositary Shares, (each representing two (2) Ordinary Shares)",57557,3587654,1.31,14.43,-1.94,1.32,4.23,-2.77,1.32,17.60,26.89,38.88,-6.24,-6.24,-6.24,10.91,36.52,64.54,-5.09,-8.31,-0.78,16.55,18.90,1.030112,72,-2.77,3.98,16.50,11.27,16.40,-5.09,-3.50,6.81,21.12,5.64,0.953729,8
17-09-2025,NASDAQ:CYTK,"Cytokinetics, Incorporated - Common Stock",5691,3003485,5.2,49.76,0.64,-3.50,0.28,22.29,32.11,9.75,-1.89,-8.64,-6.68,-6.68,-15.11,53.44,66.76,66.76,19.97,22.48,-8.63,-12.23,-28.62,1.030084,72,22.29,12.65,-32.95,-12.89,-6.63,19.97,5.17,-42.64,-3.04,-17.39,1.130617,95
17-09-2025,NASDAQ:ORLY,"O'Reilly Automotive, Inc. - Common Stock",88710,4331509,1.56,105.39,-0.86,-1.45,2.09,3.65,16.39,14.73,19.73,29.16,-2.25,-2.25,-2.25,19.98,20.2,42.54,1.33,6.76,-3.65,9.39,9.18,1.02997,72,3.65,13.22,-1.98,5.86,11.75,1.33,5.74,-11.67,15.71,0.99,1.008608,50
17-09-2025,NYSE:CTOS,"Custom Truck One Source, Inc. Common Stock",1269,700661,3.94,5.74,-0.52,2.26,-6.97,-2.61,17.77,17.60,8.54,37.98,-7.27,-7.27,-7.27,22.13,69.32,84.57,-4.93,8.14,-0.78,-1.80,18.00,1.029863,72,-2.61,19.86,-0.21,-10.99,32.19,-4.93,12.38,-9.90,-1.14,21.43,1.001128,42
17-09-2025,NASDAQ:RDNT,"RadNet, Inc. - Common Stock",5784,656795,2.73,74.365,-0.84,1.73,5.45,9.30,22.77,34.08,-8.37,9.59,-0.83,-0.83,-13.91,41.57,57.02,61.94,6.98,13.14,15.70,-18.71,-10.39,1.029402,72,9.30,14.86,14.64,-64.40,16.58,6.98,7.38,4.95,-54.55,5.82,1.071826,87
17-09-2025,NYSE:CAT,"Caterpillar, Inc. Common Stock",211125,2480212,1.85,440.67,1.07,5.12,5.59,7.46,17.75,22.25,11.75,22.94,0,0,0,23.2,60.86,60.86,5.14,8.12,3.87,1.41,2.96,1.029363,71,7.46,11.12,5.46,-13.49,12.68,5.14,3.64,-4.23,-3.64,1.92,1.026007,66
17-09-2025,NYSE:JCI,Johnson Controls International plc Ordinary Share,70288,4152288,2.14,106.96,-0.79,0.63,0.93,3.22,2.31,23.79,21.45,33.41,-4.27,-4.27,-4.27,4.61,50.35,50.35,0.90,-7.32,5.41,11.11,13.43,1.029251,71,3.22,-0.94,21.99,-3.08,15.23,0.90,-8.42,12.30,6.77,4.47,0.971022,15
17-09-2025,NASDAQ:MKSI,MKS Inc. - Common Stock,8021,1029086,3.29,118.35,1.66,8.50,13.86,15.32,20.90,24.88,4.05,8.87,0,0,-3.54,32.06,101.34,101.34,13.00,11.27,6.50,-6.29,-11.11,1.028931,71,15.32,6.60,5.02,-27.72,5.03,13.00,-0.88,-4.67,-17.87,-5.73,1.062864,84
17-09-2025,NYSE:JBI,"Janus International Group, Inc. Common Stock",1413,800114,2.42,10.39,2.12,3.66,2.31,2.89,21.94,20.79,24.64,6.45,-2.72,-2.72,-2.72,31.69,71.45,71.45,0.57,12.31,2.41,14.30,-13.53,1.028918,71,2.89,19.62,-1.48,4.86,-24.14,0.57,12.14,-11.17,14.71,-34.90,1.045272,77
17-09-2025,NYSE:SONY,Sony Group Corporation American Depositary Shares,176020,3568947,1.1,28.82,-1.80,0.38,6.49,0.28,9.47,14.95,23.07,35.03,-1.77,-1.77,-1.77,20.48,35.69,64.4,-2.04,-0.16,-3.43,12.73,15.05,1.028823,71,0.28,9.22,6.06,9.55,15.54,-2.04,1.74,-3.63,19.40,4.78,0.979931,20
17-09-2025,NYSE:UGP,Ultrapar Participacoes S.A. (New) American Depositary Shares (Each representing one Common Share),4302,1551450,2.61,3.93,0.51,5.09,7.63,16.03,19.08,20.36,20.61,-4.07,0,0,-6.21,38.87,42.39,53.52,13.71,9.45,1.98,10.27,-24.05,1.028815,71,16.03,3.64,1.57,0.32,-31.09,13.71,-3.84,-8.12,10.17,-41.85,1.0661,85
17-09-2025,NASDAQ:QURE,uniQure N.V. - Ordinary Shares,777,1119539,5.45,14.47,-2.52,-20.87,-17.55,-11.82,-4.42,-0.41,-8.15,61.71,-19.39,-19.39,-19.97,8.96,73.5,218.72,-14.14,-14.05,-18.79,-18.49,41.73,1.028757,71,-11.82,6.61,3.84,-7.71,64.60,-14.14,-0.87,-5.85,2.14,53.84,0.928672,3
17-09-2025,NYSE:CC,Chemours Company (The) Common Stock,2570,3078625,4.18,17.08,-1.05,2.40,10.30,14.40,35.95,14.52,-13.70,-0.41,-1.04,-1.04,-22.15,61.13,81.7,81.7,12.08,26.32,-3.86,-24.04,-20.39,1.028543,71,14.40,25.17,-33.46,-33.01,11.69,12.08,17.69,-43.15,-23.16,0.93,1.131133,95
17-09-2025,NYSE:ENIC,Enel Chile S.A. American Depositary Shares (Each representing 50 shares of Common Stock),5299,608265,2.34,3.81,-1.05,4.46,8.14,11.02,5.51,9.19,25.72,30.71,-1.04,-4.03,-4.03,22.12,31.83,46.54,8.70,-4.12,-9.19,15.38,10.73,1.028512,71,11.02,-6.19,3.89,18.21,6.71,8.70,-13.67,-5.80,28.06,-4.05,0.990136,29
17-09-2025,NYSE:NMR,Nomura Holdings Inc ADR American Depositary Shares,22266,442122,1.17,7.55,0.00,1.99,5.17,2.25,18.01,14.04,18.94,28.61,0,0,0,23.77,52.53,52.53,-0.07,8.38,-4.34,8.60,8.63,1.02848,71,2.25,16.12,-4.85,5.70,11.93,-0.07,8.64,-14.54,15.55,1.17,1.012193,54
17-09-2025,NYSE:MRP,"Millrose Properties, Inc. Class A Common Stock",5336,1071546,2.17,34.61,-1.70,-1.13,1.33,8.29,21.03,36.43,NA,NA,-2.51,-2.51,-2.51,26.64,57.32,63.1,5.97,11.40,18.05,NA,NA,1.028121,71,8.29,13.89,19.50,NA,NA,5.97,6.41,9.81,NA,NA,0.932247,4
17-09-2025,NYSE:ALLY,Ally Financial Inc. Common Stock,13528,2656002,2.04,43.3,0.53,4.36,5.87,10.28,15.43,20.44,11.27,24.13,0,0,0,19.85,43.9,43.9,7.96,5.80,2.06,0.93,4.15,1.02795,71,10.28,5.74,5.93,-11.52,14.50,7.96,-1.74,-3.76,-1.67,3.74,1.022602,63
17-09-2025,NASDAQ:META,"Meta Platforms, Inc. - Class A Common Stock",1948567,9662985,1.85,779,1.84,1.71,5.63,-0.80,9.87,22.35,18.78,32.53,-1.39,-1.39,-1.39,14.16,60.73,60.73,-3.12,0.24,3.97,8.44,12.55,1.027672,71,-0.80,10.58,13.85,-4.59,16.92,-3.12,3.10,4.16,5.26,6.16,0.983687,24
17-09-2025,NYSE:ECVT,Ecovyst Inc. Common Stock,1058,1711082,2.9,9.01,-4.00,0.44,-0.44,2.33,11.54,25.75,14.32,28.52,-3.84,-3.84,-3.84,18.55,69.04,69.04,0.01,1.91,7.37,3.98,8.54,1.027592,71,2.33,9.43,16.06,-15.40,16.58,0.01,1.95,6.37,-5.55,5.82,0.997941,38
17-09-2025,NYSE:ASC,Ardmore Shipping Corporation Common Stock,540,502175,2.86,13.24,1.51,6.57,11.78,19.56,24.47,23.72,13.37,-31.34,0,0,-28.78,37.92,55.58,55.58,17.24,14.84,5.34,3.03,-51.32,1.027139,71,19.56,6.10,-1.00,-13.56,-51.61,17.24,-1.38,-10.69,-3.71,-62.37,1.113054,93
17-09-2025,NYSE:LHX,"L3Harris Technologies, Inc. Common Stock",52735,1007978,1.38,284.27,0.84,4.77,3.22,4.83,12.84,25.08,19.49,19.73,0,0,0,15.25,41.99,46.04,2.51,3.21,6.70,9.15,-0.25,1.027097,71,4.83,8.42,14.04,-7.46,0.31,2.51,0.94,4.35,2.39,-10.45,1.010326,52
17-09-2025,NASDAQ:AMD,"Advanced Micro Devices, Inc. - Common Stock",258292,42765250,3.23,160.46,-0.44,2.89,-1.16,-10.63,21.23,34.82,18.89,6.04,-12.99,-12.99,-12.99,26.96,105.17,105.17,-12.95,11.60,16.44,8.55,-13.94,1.027064,71,-10.63,28.80,17.25,-24.44,-15.84,-12.95,21.32,7.56,-14.59,-26.60,1.031247,70
17-09-2025,NYSE:GL,Globe Life Inc. Common Stock,11567,454236,1.58,140.86,-1.11,0.28,0.65,3.85,14.36,9.40,25.41,27.39,-1.68,-1.68,-1.68,19.78,24.34,37.72,1.53,4.73,-8.98,15.07,7.41,1.026614,71,3.85,10.93,-5.79,17.67,2.66,1.53,3.45,-15.48,27.52,-8.10,1.005195,46
17-09-2025,NYSE:TEN,Tsakos Energy Navigation Ltd Common Shares,701,524939,3.22,22.93,-1.79,2.18,5.10,10.90,17.62,25.95,21.85,-7.50,-1.76,-1.76,-13.99,21.39,66.04,66.04,8.58,7.99,7.57,11.51,-27.48,1.025461,71,10.90,7.54,10.11,-5.54,-37.56,8.58,0.06,0.42,4.31,-48.32,1.05736,82
17-09-2025,NYSE:CFG,"Citizens Financial Group, Inc. Common Stock",22547,3826673,1.76,51.13,-0.41,-1.13,-0.92,5.57,19.79,20.09,9.58,22.34,-2.63,-2.63,-2.63,26.4,49.2,49.2,3.25,10.16,1.71,-0.76,2.36,1.024654,71,5.57,15.06,0.37,-13.14,14.10,3.25,7.58,-9.32,-3.29,3.34,1.030221,69
17-09-2025,NYSE:LDOS,"Leidos Holdings, Inc. Common Stock",23581,678450,1.56,182.58,-0.08,1.94,0.93,2.71,18.80,24.31,15.90,15.60,-1.38,-1.38,-9.34,23.16,37.38,43.97,0.39,9.17,5.93,5.56,-4.38,1.024538,71,2.71,16.54,6.78,-11.11,-0.35,0.39,9.06,-2.91,-1.26,-11.11,1.027893,67
17-09-2025,NASDAQ:WWD,"Woodward, Inc. - Common Stock",14241,516856,2.01,240.44,0.23,1.29,-2.31,-2.03,2.29,24.17,25.33,30.44,-9.64,-9.64,-9.64,2.34,52.86,52.86,-4.35,-7.34,5.79,14.99,10.46,1.024451,71,-2.03,4.23,22.40,1.52,6.85,-4.35,-3.25,12.71,11.37,-3.91,0.966303,12
17-09-2025,NASDAQ:LZ,"LegalZoom.com, Inc. - Common Stock",1923,2357565,3.03,10.42,-1.06,0.48,-4.13,-2.88,15.93,8.25,18.71,36.08,-6.8,-6.8,-6.8,25.54,57.64,64.61,-5.20,6.30,-10.13,8.37,16.10,1.024172,71,-2.88,18.28,-9.13,11.40,21.37,-5.20,10.80,-18.82,21.25,10.61,0.993874,34
17-09-2025,NASDAQ:TMDX,"TransMedics Group, Inc. - Common Stock",4084,982800,4.69,119.15,4.08,9.12,6.38,-7.05,-19.14,43.19,43.47,-25.17,-16.07,-16.7,-28.21,15,77.1,110.03,-9.37,-28.77,24.81,33.13,-45.15,1.02403,70,-7.05,-11.30,52.32,0.49,-121.41,-9.37,-18.78,42.63,10.34,-132.17,1.008112,50
17-09-2025,NYSE:CVE,Cenovus Energy Inc Common Stock,31388,17289347,2.86,17.57,2.33,7.29,3.41,14.40,16.62,22.54,12.81,7.57,0,0,-4.3,29.19,66.07,66.07,12.08,6.99,4.16,2.47,-12.41,1.024028,70,14.40,2.59,7.10,-12.56,-6.01,12.08,-4.89,-2.59,-2.71,-16.77,1.046486,77
17-09-2025,NASDAQ:MPWR,"Monolithic Power Systems, Inc. - Common Stock",42033,462747,2.96,857.02,0.85,-0.10,3.89,3.56,17.55,25.25,27.21,-4.54,-1.07,-1.07,-9.25,24.95,88.28,88.28,1.24,7.92,6.87,16.87,-24.52,1.023884,70,3.56,14.51,9.33,2.63,-43.62,1.24,7.03,-0.36,12.48,-54.38,1.044753,76
17-09-2025,NASDAQ:PODD,Insulet Corporation - Common Stock,22682,586853,2.36,332.13,-2.46,-6.23,-3.85,3.27,7.69,21.23,17.66,30.61,-5.86,-5.86,-5.86,19.77,39.22,45.81,0.95,-1.94,2.85,7.32,10.63,1.02373,70,3.27,4.57,14.66,-4.53,15.73,0.95,-2.91,4.97,5.32,4.97,0.985734,25
17-09-2025,NYSE:ACM,AECOM Common Stock,16806,953084,1.72,127.74,0.01,2.69,2.19,6.40,11.49,25.17,11.72,24.43,0,0,0,16.59,46.51,46.51,4.08,1.86,6.79,1.38,4.45,1.023719,70,6.40,5.44,15.45,-17.97,14.40,4.08,-2.04,5.76,-8.12,3.64,1.007757,49
17-09-2025,NASDAQ:CRWD,"CrowdStrike Holdings, Inc. - Class A Common Stock",111801,3439402,3.06,444.98,0.05,4.82,7.07,3.84,-7.73,18.01,18.43,42.22,-13.44,-13.44,-13.44,7.88,38.35,73.08,1.52,-17.36,-0.37,8.09,22.24,1.023486,70,3.84,-12.03,23.90,0.51,29.17,1.52,-19.51,14.21,10.36,18.41,0.944892,6
17-09-2025,NYSE:WFC,Wells Fargo & Company Common Stock,264220,13550660,1.93,81.39,-0.02,0.77,-0.48,5.27,10.12,12.96,12.03,36.64,-3.47,-3.47,-3.47,12.26,33.47,57.82,2.95,0.49,-5.42,1.69,16.66,1.023094,70,5.27,5.12,3.16,-1.07,27.97,2.95,-2.36,-6.53,8.78,17.21,0.98996,29
17-09-2025,NASDAQ:RGLD,"Royal Gold, Inc. - Common Stock",12383,744553,2.39,190.59,-2.54,2.93,4.00,10.04,5.71,18.63,19.30,26.11,-2.48,-2.48,-2.48,25.87,25.87,45.43,7.72,-3.92,0.25,8.96,6.13,1.022705,70,10.04,-4.81,13.70,0.82,8.45,7.72,-12.29,4.01,10.67,-2.31,0.994186,35
17-09-2025,NYSE:DHT,"DHT Holdings, Inc.",2079,1906026,2.65,12.71,-0.31,4.25,7.55,11.88,6.22,16.05,28.48,14.00,-0.31,-0.31,-0.31,18.56,34.5,42.97,9.56,-3.41,-2.33,18.14,-5.98,1.02265,70,11.88,-6.43,10.49,14.81,-20.24,9.56,-13.91,0.80,24.66,-31.00,1.009751,52
17-09-2025,NASDAQ:PDD,PDD Holdings Inc. - American Depositary Shares,179235,11675230,3.05,129.06,1.29,2.32,5.71,7.83,20.35,0.12,19.87,24.59,0,-1.42,-16.34,27.52,46.08,46.08,5.51,10.72,-18.26,9.53,4.61,1.022552,70,7.83,13.59,-25.40,19.77,5.89,5.51,6.11,-35.09,29.62,-4.87,1.034442,71
17-09-2025,NYSE:MAX,"MediaAlpha, Inc. Class A Common Stock",893,674969,4.25,13.01,2.15,-2.23,17.29,23.21,16.14,25.98,13.84,-32.82,-2.18,-2.18,-37.24,36.09,73.7,73.7,20.89,6.51,7.60,3.50,-52.80,1.021851,70,23.21,-9.21,11.73,-16.41,-54.15,20.89,-16.69,2.04,-6.56,-64.91,1.097382,91
17-09-2025,NASDAQ:OLLI,"Ollie's Bargain Outlet Holdings, Inc. - Common Stock",8404,1257033,3.44,135.09,-0.86,5.26,6.47,1.16,10.58,23.52,15.98,27.34,-4.06,-4.06,-4.06,16.34,36.37,54.28,-1.16,0.95,5.14,5.64,7.36,1.021797,70,1.16,9.53,14.47,-9.86,13.52,-1.16,2.05,4.78,-0.01,2.76,0.993779,34
17-09-2025,NYSE:BORR,Borr Drilling Limited Common Shares,812,4680811,5.76,3.17,4.10,4.10,12.93,27.13,29.65,28.08,-21.77,-66.56,0,0,-45.16,73.22,96.89,96.89,24.81,20.02,9.70,-32.11,-86.54,1.021564,70,27.13,3.46,-2.24,-69.30,-36.79,24.81,-4.02,-11.93,-59.45,-47.55,1.179562,97
17-09-2025,NYSE:DHI,"D.R. Horton, Inc. Common Stock",50675,3542221,2.64,171.69,-0.23,-3.61,0.83,3.54,27.98,25.99,10.49,-9.97,-6.71,-6.71,-12.87,43.17,49.17,49.17,1.22,18.35,7.61,0.15,-29.95,1.021154,70,3.54,25.34,-2.76,-20.95,-22.86,1.22,17.86,-12.45,-11.10,-33.62,1.081996,89
17-09-2025,NASDAQ:BKR,Baker Hughes Company - Common Stock,45824,5017980,2.13,47.23,2.01,3.77,3.96,9.38,17.45,7.09,10.10,29.52,0,0,-3.32,25.68,34.94,41.87,7.06,7.82,-11.29,-0.24,9.54,1.021095,70,9.38,8.90,-12.54,3.24,21.60,7.06,1.42,-22.23,13.09,10.84,1.022756,64
17-09-2025,NASDAQ:AKBA,"Akebia Therapeutics, Inc. - Common Stock",742,3673785,4.6,2.83,-3.18,-6.01,-9.89,-14.84,-26.50,15.19,32.16,49.12,-29.43,-29.43,-29.43,0,82.58,121.09,-17.16,-36.13,-3.19,21.82,29.14,1.021031,70,-14.84,-10.15,32.96,20.00,25.00,-17.16,-17.63,23.27,29.85,14.24,0.885173,1
17-09-2025,NYSE:MUFG,"Mitsubishi UFJ Financial Group, Inc. Common Stock",176858,3448828,1.08,15.52,-0.97,-0.26,1.29,-2.45,12.11,10.70,21.78,33.63,-2.39,-2.39,-2.39,16.78,43.84,55.98,-4.77,2.48,-7.68,11.44,13.65,1.020927,70,-2.45,14.21,-1.61,12.41,15.16,-4.77,6.73,-11.30,22.26,4.40,0.985196,24
17-09-2025,NASDAQ:MSTR,Strategy Inc - Class A Common Stock,93490,10183086,4.24,335.09,2.18,1.96,-1.95,-9.32,-14.07,12.18,-22.77,60.97,-26.5,-26.5,-29.28,2.78,40.82,156.24,-11.64,-23.70,-6.20,-33.11,40.99,1.020851,70,-9.32,-4.35,23.02,-39.80,68.21,-11.64,-11.83,13.33,-29.95,57.45,0.929684,4
17-09-2025,NASDAQ:INCY,Incyte Corporation - Common Stock,16559,1661087,1.99,83.9,0.91,-2.03,-2.48,-3.60,15.11,26.09,13.60,24.48,-3.52,-3.52,-3.52,24.74,52.08,52.08,-5.92,5.48,7.71,3.26,4.50,1.020733,70,-3.60,18.06,12.93,-16.90,12.59,-5.92,10.58,3.24,-7.05,1.83,1.003555,44
17-09-2025,NYSE:RTX,RTX Corporation Common Stock,211905,3964035,1.62,158.58,0.13,4.31,0.36,2.83,7.64,16.73,26.26,24.27,-1.29,-1.29,-1.29,12.17,39.41,39.41,0.51,-1.99,-1.65,15.92,4.29,1.020608,70,2.83,4.95,9.84,11.44,-2.70,0.51,-2.53,0.15,21.29,-13.46,0.989129,28
17-09-2025,NYSE:ZK,ZEEKR Intelligent Technology Holding Limited American Depositary Shares (each representing ten (10) Ordinary Shares),7563,825194,2.19,29.88,0.70,0.57,4.55,1.91,12.48,-0.67,5.29,45.28,-5.2,-5.2,-9.01,17.18,62.57,97.1,-0.41,2.85,-19.05,-5.05,25.30,1.020491,70,1.91,10.78,-15.03,5.92,42.23,-0.41,3.30,-24.72,15.77,31.47,0.988307,27
17-09-2025,NYSE:BX,Blackstone Inc. Common Stock,225518,3448403,2.27,183.72,-0.04,5.74,7.71,6.59,24.74,19.56,-4.73,20.26,-0.11,-0.11,-7.7,35.4,53.01,53.01,4.27,15.11,1.18,-15.07,0.28,1.020179,70,6.59,19.44,-6.89,-30.20,23.86,4.27,11.96,-16.58,-20.35,13.10,1.055649,81
17-09-2025,NYSE:CVS,CVS Health Corporation Common Stock,93856,7013973,2.14,73.48,0.03,2.35,-0.83,6.64,7.85,9.30,29.56,21.71,-2,-2,-2,25.07,25.07,67.84,4.32,-1.78,-9.08,19.22,1.73,1.019922,69,6.64,1.30,1.57,22.34,-11.15,4.32,-6.18,-8.12,32.19,-21.91,0.998644,39
17-09-2025,NYSE:SNX,TD SYNNEX Corporation Common Stock,12244,558364,1.64,149.7,-1.70,0.29,2.08,1.47,16.41,14.16,17.76,25.87,-2.53,-2.53,-2.53,20.35,56.25,56.25,-0.85,6.78,-4.22,7.42,5.89,1.019806,69,1.47,15.16,-2.68,4.19,9.87,-0.85,7.68,-12.37,14.04,-0.89,1.00925,51
17-09-2025,NYSE:NFG,National Fuel Gas Company Common Stock,7947,490716,1.4,86.84,-0.91,0.96,-0.26,-0.59,3.56,11.30,29.03,31.85,-2.61,-2.61,-2.61,5.66,18.96,47.46,-2.91,-6.07,-7.08,18.69,11.87,1.019781,69,-0.59,4.12,8.02,19.99,3.98,-2.91,-3.36,-1.67,29.84,-6.78,0.968297,13
17-09-2025,NYSE:JKS,JinkoSolar Holding Company Limited American Depositary Shares (each representing 4 Common Shares),1306,581339,4.64,26.06,-1.00,6.06,8.86,11.20,22.91,10.59,-5.37,26.29,-0.99,-0.99,-20.48,36.08,87.75,87.75,8.88,13.28,-7.79,-15.71,6.31,1.019494,69,11.20,13.18,-15.98,-17.85,30.04,8.88,5.70,-25.67,-8.00,19.28,1.051208,79
17-09-2025,NASDAQ:CDNS,"Cadence Design Systems, Inc. - Common Stock",94628,1659798,2.47,349.01,-0.72,-3.66,1.78,-0.25,13.81,26.90,11.53,22.67,-5.93,-5.93,-5.93,18.89,50.67,50.67,-2.57,4.18,8.52,1.19,2.69,1.019252,69,-0.25,14.02,15.19,-21.04,12.59,-2.57,6.54,5.50,-11.19,1.83,1.006978,49
17-09-2025,NASDAQ:DBX,"Dropbox, Inc. - Class A Common Stock",8285,3067048,2.03,32.17,0.93,3.02,11.47,13.52,10.94,18.31,6.62,24.56,0,0,-3.31,23.12,26.55,32.55,11.20,1.31,-0.07,-3.72,4.58,1.019085,69,13.52,-2.98,8.27,-14.31,19.21,11.20,-10.46,-1.42,-4.46,8.45,1.01728,58
17-09-2025,NASDAQ:AMKR,"Amkor Technology, Inc. - Common Stock",6579,2039434,2.84,27.04,5.03,8.03,11.61,12.13,24.37,27.55,1.29,-10.28,0,0,-15.26,34.13,81.72,81.72,9.81,14.74,9.17,-9.05,-30.26,1.018933,69,12.13,13.93,4.21,-36.24,-11.73,9.81,6.45,-5.48,-26.39,-22.49,1.085299,90
17-09-2025,NYSE:MMS,"Maximus, Inc. Common Stock",4986,575855,1.91,87.76,-0.24,0.39,-1.91,3.83,20.86,22.49,19.03,1.28,-2.59,-2.59,-5.8,30.99,33.9,36.4,1.51,11.23,4.11,8.69,-18.70,1.018829,69,3.83,17.71,2.06,-4.47,-21.93,1.51,10.23,-7.63,5.38,-32.69,1.047732,78
17-09-2025,NYSE:GNW,Genworth Financial Inc Common Stock,3522,3793419,1.85,8.54,-1.64,0.12,0.94,2.46,15.93,20.26,12.88,23.30,-3.06,-3.06,-3.06,24.85,39.54,39.54,0.14,6.30,1.88,2.54,3.32,1.018755,69,2.46,13.81,5.15,-9.25,11.96,0.14,6.33,-4.54,0.60,1.20,1.01298,54
17-09-2025,NASDAQ:ASML,ASML Holding N.V. - New York Registry Shares,337008,1403808,1.83,878.42,1.27,8.34,17.37,15.51,11.75,16.86,18.67,8.91,0,0,0,27.38,47.54,47.54,13.19,2.12,-1.52,8.33,-11.07,1.018727,69,15.51,-4.46,5.79,2.18,-12.00,13.19,-11.94,-3.90,12.03,-22.76,1.032987,71
17-09-2025,NYSE:HAFN,Hafnia Limited Common Shares,3210,1288687,2.45,6.33,0.32,2.21,3.32,14.38,14.38,30.17,14.06,-14.38,0,0,-18.01,26.85,73.42,73.42,12.06,4.75,11.79,3.72,-34.36,1.018655,69,14.38,0.00,18.45,-23.08,-33.09,12.06,-7.48,8.76,-13.23,-43.85,1.061967,83
17-09-2025,NYSE:PWR,"Quanta Services, Inc. Common Stock",55397,859078,2.25,378.24,-1.97,1.26,0.94,-0.68,4.35,29.30,11.63,29.01,-10.3,-10.3,-10.3,5.47,57.95,59.79,-3.00,-5.28,10.92,1.29,9.03,1.017343,69,-0.68,4.99,26.09,-25.00,19.67,-3.00,-2.49,16.40,-15.15,8.91,0.980933,21
17-09-2025,NYSE:HCC,"Warrior Met Coal, Inc. Common Stock",3324,743273,3.52,62.47,0.42,6.69,8.76,4.07,25.00,22.62,-1.90,14.09,-2.16,-2.16,-16.46,51.88,53.64,53.64,1.75,15.37,4.24,-12.24,-5.89,1.017283,69,4.07,21.83,-3.18,-31.69,15.69,1.75,14.35,-12.87,-21.84,4.93,1.056888,81
17-09-2025,NYSE:OSCR,"Oscar Health, Inc. Class A Common Stock",3963,16923957,6.15,17.93,-4.46,-11.82,8.37,12.77,16.62,24.99,19.91,-17.12,-16.37,-16.37,-22.95,33.61,54.57,54.57,10.45,6.99,6.61,9.57,-37.10,1.017227,69,12.77,4.41,10.03,-6.77,-46.24,10.45,-3.07,0.34,3.08,-57.00,1.066133,85
17-09-2025,NYSE:BTE,Baytex Energy Corp Common Shares,1959,22375730,4.48,2.61,9.58,14.56,9.58,22.99,22.61,18.39,0.38,-17.24,0,0,-22.09,45.81,76.35,76.35,20.67,12.98,0.01,-9.96,-37.22,1.016942,69,22.99,-0.50,-5.45,-22.07,-17.69,20.67,-7.98,-15.14,-12.22,-28.45,1.101959,92
17-09-2025,NYSE:ITUB,Itau Unibanco Banco Holding SA American Depositary Shares (Each repstg 500 Preferred shares),72434,27939222,1.99,7.14,0.00,2.10,1.82,2.38,5.60,20.30,29.21,15.71,0,0,0,15.53,37.57,61.27,0.06,-4.03,1.92,18.87,-4.27,1.016924,69,2.38,3.30,15.57,11.18,-19.06,0.06,-4.18,5.88,21.03,-29.82,0.993066,33
17-09-2025,NYSE:DAY,"Dayforce, Inc. Common Stock",10795,2844301,0.75,69.07,0.23,0.25,-0.62,23.44,15.51,17.56,-13.35,14.93,-1,-1,-15.56,38.36,40.02,40.02,21.12,5.88,-0.82,-23.69,-5.05,1.016807,69,23.44,-10.36,2.43,-37.50,24.95,21.12,-17.84,-7.26,-27.65,14.19,1.064289,84
17-09-2025,NASDAQ:PTGX,"Protagonist Therapeutics, Inc. - Common Stock",3684,954328,4.15,58.59,0.36,0.39,-0.44,4.30,6.71,9.52,30.02,22.09,-4.62,-4.62,-4.62,17.89,43.29,66.97,1.98,-2.92,-8.86,19.68,2.11,1.016722,69,4.30,2.51,3.02,22.66,-11.34,1.98,-4.97,-6.67,32.51,-22.10,0.992356,32
17-09-2025,NASDAQ:ROOT,"Root, Inc. - Common Stock",1472,444853,5.17,98.59,-1.63,0.26,9.93,8.28,-47.49,-54.52,17.35,62.30,-32.2,-44.52,-44.52,13.64,13.64,165.24,5.96,-57.12,-72.90,7.01,42.32,1.01658,69,8.28,-60.80,-4.77,46.51,54.38,5.96,-68.28,-14.46,56.36,43.62,0.886311,1
17-09-2025,NYSE:MD,"Pediatrix Medical Group, Inc. Common Stock",1409,742757,2.52,16.13,-2.73,-5.21,-4.65,0.56,14.32,11.72,11.97,33.17,-6.28,-6.28,-6.38,34.64,34.64,53.91,-1.76,4.69,-6.66,1.63,13.19,1.016448,69,0.56,13.84,-3.04,0.28,24.08,-1.76,6.36,-12.73,10.13,13.32,0.997611,38
17-09-2025,NASDAQ:MNKD,MannKind Corporation - Common Stock,1654,5822053,5.46,5.37,-0.19,-2.61,-6.89,30.54,29.05,2.42,-23.09,-15.46,-6.45,-6.45,-27.82,57.02,57.02,57.02,28.22,19.42,-15.96,-33.43,-35.44,1.01601,69,30.54,-2.14,-37.53,-26.15,6.20,28.22,-9.62,-47.22,-16.30,-4.56,1.14762,96
17-09-2025,NYSE:OMF,"OneMain Holdings, Inc. Common Stock",7189,800500,1.99,60.54,-1.49,-0.51,-0.94,5.40,12.65,19.74,8.18,26.68,-3.31,-3.31,-3.31,15.23,49.78,49.78,3.08,3.02,1.36,-2.16,6.70,1.015996,69,5.40,7.67,8.11,-14.41,20.15,3.08,0.19,-1.58,-4.56,9.39,1.007226,49
17-09-2025,NYSE:VAL,Valaris Limited Common Shares,3733,1117716,3.58,52.99,2.32,3.40,7.28,14.68,11.53,26.89,13.57,-2.70,0,0,-6.9,26.77,83.1,83.1,12.36,1.90,8.51,3.23,-22.68,1.015913,69,14.68,-3.69,17.36,-18.22,-18.82,12.36,-11.17,7.67,-8.37,-29.58,1.04395,76
17-09-2025,NASDAQ:KALV,"KalVista Pharmaceuticals, Inc. - Common Stock",676,999402,6.57,13.5,-0.89,-15.63,-5.85,4.59,3.41,7.48,32.67,22.52,-15.68,-15.68,-15.68,19.42,30.81,82.43,2.27,-6.22,-10.90,22.33,2.54,1.01591,68,4.59,-1.24,4.22,27.22,-15.07,2.27,-8.72,-5.47,37.07,-25.83,0.985984,25
17-09-2025,NYSE:FERG,Ferguson Enterprises Inc. Common Stock,44263,2111496,2.3,231.54,7.35,1.43,0.80,0.12,7.89,29.79,16.36,17.86,-2.85,-2.85,-2.85,9.42,56.42,56.42,-2.20,-1.74,11.41,6.02,-2.12,1.015577,68,0.12,7.77,23.78,-19.13,1.80,-2.20,0.29,14.09,-9.28,-8.96,0.997107,37
17-09-2025,NYSE:RBA,"RB Global, Inc. Common Stock",21923,928802,1.45,117.49,0.64,1.01,1.56,2.20,9.17,16.61,18.28,27.74,-1.03,-1.03,-1.03,12.66,31.07,49.27,-0.12,-0.46,-1.77,7.94,7.76,1.015414,68,2.20,7.12,8.19,2.01,11.57,-0.12,-0.36,-1.50,11.86,0.81,0.989562,28
17-09-2025,NYSE:CRH,CRH PLC Ordinary Shares,74833,3514724,1.76,112.53,-0.63,1.61,1.11,1.50,19.57,13.51,12.36,22.99,-1.69,-1.69,-1.69,27.66,40.05,40.05,-0.82,9.94,-4.87,2.02,3.01,1.014936,68,1.50,18.34,-7.54,-1.33,12.13,-0.82,10.86,-17.23,8.52,1.37,1.022433,63
17-09-2025,NYSE:TAC,TransAlta Corporation Ordinary Shares,3895,991383,2.22,12.93,-0.54,4.49,6.42,4.56,11.29,25.06,-2.01,29.31,-0.54,-0.54,-10.46,24.09,58.46,58.46,2.24,1.66,6.68,-12.35,9.33,1.014754,68,4.56,7.05,15.52,-36.12,30.71,2.24,-0.43,5.83,-26.27,19.95,1.00846,50
17-09-2025,NYSE:CRC,California Resources Corporation Common Stock,4838,1036950,3.13,56.07,-0.46,8.95,10.81,13.98,16.00,23.01,-1.34,13.00,-0.46,-0.46,-5.91,24.54,73.06,73.06,11.66,6.37,4.63,-11.68,-6.98,1.014572,68,13.98,2.34,8.34,-31.62,14.15,11.66,-5.14,-1.35,-21.77,3.39,1.045147,76
17-09-2025,NASDAQ:LX,LexinFintech Holdings Ltd. - American Depositary Shares,956,2804779,3.58,5.68,-1.23,-5.63,-10.74,-17.96,-26.23,-85.39,-5.11,69.37,-25.95,-50.31,-50.31,0,0,244.24,-20.28,-35.86,-103.77,-15.45,49.39,1.01452,68,-17.96,-7.01,-46.86,43.30,70.85,-20.28,-14.49,-56.55,53.15,60.09,0.897468,2
17-09-2025,NYSE:RBRK,"Rubrik, Inc. Class A Common Stock",14590,4725445,5.47,75,-0.80,-31.33,-17.20,-14.44,-22.67,5.55,6.11,59.00,-23.86,-24.8,-24.8,0.67,44.87,145.9,-16.76,-32.30,-12.83,-4.23,39.02,1.014159,68,-14.44,-7.19,23.00,0.59,56.33,-16.76,-14.67,13.31,10.44,45.57,0.890794,1
17-09-2025,NASDAQ:VOD,Vodafone Group Plc - American Depositary Shares each representing ten Ordinary Shares,28369,4769871,1.07,11.77,-0.34,-0.76,0.42,0.85,13.00,16.23,25.49,14.78,-2.4,-2.4,-2.4,17.23,43.71,46.21,-1.47,3.37,-2.15,15.15,-5.20,1.013928,68,0.85,12.25,3.71,11.05,-14.37,-1.47,4.77,-5.98,20.90,-25.13,1.009173,51
17-09-2025,NASDAQ:APA,APA Corporation - Common Stock,8642,6667629,4.12,24.51,6.53,11.63,2.73,16.44,16.36,18.28,8.69,3.30,0,0,-9.46,37.7,74.7,74.7,14.12,6.73,-0.10,-1.65,-16.68,1.013806,68,16.44,-0.10,2.29,-11.73,-5.90,14.12,-7.58,-7.40,-1.88,-16.66,1.052935,80
17-09-2025,NYSE:DNA,"Ginkgo Bioworks Holdings, Inc. Class A Common Stock",655,1603299,7.8,10.63,3.39,-1.22,-3.67,-23.99,13.73,26.90,-0.66,41.02,-28.66,-28.66,-35.02,24.62,90.84,90.84,-26.31,4.10,8.52,-11.00,21.04,1.013802,68,-23.99,30.42,15.27,-37.71,41.40,-26.31,22.94,5.58,-27.86,30.64,0.976148,17
17-09-2025,NASDAQ:RRR,"Red Rock Resorts, Inc. - Class A Common Stock",6396,630200,2.21,59.71,-2.29,-2.13,-4.56,1.12,16.38,23.98,16.65,10.18,-5.18,-5.18,-5.18,19.59,58.8,58.8,-1.20,6.75,5.60,6.31,-9.80,1.013784,68,1.12,15.43,9.09,-9.65,-7.76,-1.20,7.95,-0.60,0.20,-18.52,1.023655,65
17-09-2025,NYSE:BFH,"Bread Financial Holdings, Inc. Common Stock",2883,526437,2.62,62.99,-1.41,-1.95,-3.97,5.22,16.57,23.86,-5.33,24.75,-5.96,-5.96,-5.96,21.81,50.41,50.41,2.90,6.94,5.48,-15.67,4.77,1.013684,68,5.22,11.98,8.73,-38.34,28.56,2.90,4.50,-0.96,-28.49,17.80,1.027626,67
17-09-2025,NASDAQ:VLY,Valley National Bancorp - Common Stock,6000,7868021,2.21,10.58,-0.66,-1.32,1.61,7.18,18.43,16.45,1.89,22.87,-1.95,-1.95,-1.95,25.65,34.43,34.43,4.86,8.80,-1.93,-8.45,2.89,1.013393,68,7.18,12.12,-2.43,-17.42,21.39,4.86,4.64,-12.12,-7.57,10.63,1.030641,70
17-09-2025,NYSE:BAC,Bank of America Corporation Common Stock,380717,36410652,1.55,50.66,0.14,0.73,0.47,7.34,12.34,18.20,9.04,23.45,-0.18,-0.18,-0.18,14.54,47.31,47.31,5.02,2.71,-0.18,-1.30,3.47,1.012988,68,7.34,5.39,6.69,-11.20,15.84,5.02,-2.09,-3.00,-1.35,5.08,1.011115,53
17-09-2025,NASDAQ:BMBL,Bumble Inc. - common stock,721,3471623,4.2,6.91,-1.45,4.20,11.72,8.97,24.17,27.50,-23.15,11.43,-19.37,-19.37,-23.9,35.49,89.32,89.32,6.65,14.54,9.12,-33.49,-8.55,1.012926,68,8.97,16.69,4.39,-69.86,28.08,6.65,9.21,-5.30,-60.01,17.32,1.079365,88
17-09-2025,NYSE:RY,Royal Bank Of Canada Common Stock,205606,962337,1.09,146.04,0.45,1.40,0.88,6.58,11.75,22.82,13.69,15.12,0,0,0,14.82,34.77,34.77,4.26,2.12,4.44,3.35,-4.86,1.012911,68,6.58,5.53,12.54,-11.82,1.65,4.26,-1.95,2.85,-1.97,-9.11,1.015099,56
17-09-2025,NYSE:VNT,Vontier Corporation Common Stock,6245,827659,1.56,42.59,-0.38,0.02,0.45,1.13,14.89,21.48,8.05,23.90,-2.56,-2.56,-2.56,19.77,51.89,51.89,-1.19,5.26,3.10,-2.29,3.92,1.012811,68,1.13,13.92,7.75,-17.11,17.24,-1.19,6.44,-1.94,-7.26,6.48,1.010105,52
17-09-2025,NYSE:SXT,Sensient Technologies Corporation Common Stock,4282,546704,2.91,100.91,-2.06,-10.31,-10.95,-17.18,6.23,27.64,23.69,26.84,-16.44,-16.44,-16.44,6.7,46.78,49.92,-19.50,-3.40,9.26,13.35,6.86,1.012463,68,-17.18,19.98,22.83,-5.45,4.12,-19.50,12.50,13.14,4.40,-6.64,0.963636,11
17-09-2025,NYSE:MPC,Marathon Petroleum Corporation Common Stock,56146,1829615,2.35,182.99,1.67,-0.10,1.55,11.28,8.86,20.13,16.95,11.75,-0.1,-0.1,-0.1,15.39,54.36,54.36,8.96,-0.77,1.75,6.61,-8.23,1.012335,68,11.28,-2.74,12.36,-3.98,-6.26,8.96,-10.22,2.67,5.87,-17.02,1.016913,58
17-09-2025,NYSE:CTRI,"Centuri Holdings, Inc. Common Stock",2026,2732550,3.18,22.63,-2.08,5.21,8.62,9.94,1.59,27.71,5.13,24.04,-2.37,-2.37,-7.37,13.66,49.08,49.08,7.62,-8.04,9.33,-5.21,4.06,1.012217,68,9.94,-9.27,26.54,-31.23,19.93,7.62,-16.75,16.85,-21.38,9.17,0.996653,37
17-09-2025,NYSE:HNGE,"Hinge Health, Inc. Class A Common Stock",4450,910584,5.39,58.87,1.36,2.65,5.42,-0.34,38.49,NA,NA,NA,-2.77,-2.77,-2.77,62.58,68.92,68.92,-2.66,28.86,NA,NA,NA,1.012201,68,-0.34,38.70,NA,NA,NA,-2.66,31.22,NA,NA,NA,0.982097,22
17-09-2025,NASDAQ:OPRA,Opera Limited - American Depositary Shares,1781,895078,4.61,19.9,-1.91,1.56,19.35,17.99,7.54,10.50,4.52,25.53,-2.12,-2.12,-8.97,29.22,44.31,44.31,15.67,-2.09,-7.88,-5.82,5.55,1.012136,67,17.99,-12.75,3.21,-6.68,22.00,15.67,-20.23,-6.48,3.17,11.24,1.015667,57
17-09-2025,NASDAQ:PAX,Patria Investments Limited - Class A Common Shares,2386,564162,2.18,14.76,-0.47,4.81,7.83,6.78,5.28,20.05,12.67,26.22,-0.47,-0.47,-0.47,12.67,52.48,52.48,4.46,-4.35,1.67,2.33,6.24,1.011782,67,6.78,-1.60,15.59,-9.24,15.52,4.46,-9.08,5.90,0.61,4.76,0.990585,30
17-09-2025,NYSE:TK,Teekay Corporation Ltd. Common Stock,737,523085,2.5,8.64,-2.20,0.69,5.79,14.00,-3.82,23.61,27.78,0.81,-6.8,-6.8,-10,20,47.69,47.69,11.68,-13.45,5.23,17.44,-19.17,1.011515,67,14.00,-20.73,26.42,5.45,-37.34,11.68,-28.21,16.73,15.30,-48.10,1.007455,49
17-09-2025,NASDAQ:CLSK,"CleanSpark, Inc. - Common Stock",3216,19080435,5.85,11.2,8.13,13.66,13.93,12.95,14.11,27.50,-14.55,17.05,-13.71,-13.71,-36.47,26.55,66.67,66.67,10.63,4.48,9.12,-24.89,-2.93,1.011086,67,12.95,1.33,15.59,-58.00,27.59,10.63,-6.15,5.90,-48.15,16.83,1.046792,77
17-09-2025,NYSE:BB,BlackBerry Limited Common Stock,2384,6228356,2.8,4,0.75,6.25,5.50,8.50,-8.50,-13.00,30.50,38.25,-17.86,-17.86,-34.1,11.73,39.37,77.78,6.18,-18.13,-31.38,20.16,18.27,1.011083,67,8.50,-18.58,-4.15,38.50,11.15,6.18,-26.06,-13.84,48.35,0.39,0.95542,8
17-09-2025,NYSE:PHM,"PulteGroup, Inc. Common Stock",26458,2030042,2.68,133.87,-0.72,-2.13,1.33,3.87,23.49,22.39,8.93,-1.07,-5.34,-5.34,-10.18,35.61,45.48,45.48,1.55,13.86,4.01,-1.41,-21.05,1.010939,67,3.87,20.41,-1.44,-17.35,-10.98,1.55,12.93,-11.13,-7.50,-21.74,1.059237,82
17-09-2025,NYSE:FHN,First Horizon Corporation Common Stock,11506,11684289,2.01,22.27,-0.22,-2.42,-0.58,1.89,12.66,15.36,7.50,30.40,-2.45,-2.45,-2.45,15.75,37.38,49.26,-0.43,3.03,-3.02,-2.84,10.42,1.010747,67,1.89,10.98,3.08,-9.28,24.76,-0.43,3.50,-6.61,0.57,14.00,0.999037,40
17-09-2025,NYSE:BA,Boeing Company (The) Common Stock,162294,6455902,2.28,215.02,-0.34,-6.74,-10.40,-9.41,6.19,24.73,22.82,24.30,-9.42,-9.42,-9.42,8.77,57.42,57.42,-11.73,-3.44,6.35,12.48,4.32,1.010686,67,-9.41,14.27,19.76,-2.54,1.92,-11.73,6.79,10.07,7.31,-8.84,0.972866,16
17-09-2025,NYSE:HEI,Heico Corporation Common Stock,38547,449030,2.33,322.81,-0.20,1.98,2.14,4.62,5.73,19.38,19.92,20.65,-4.37,-4.37,-4.37,6.08,36.53,47,2.30,-3.90,1.00,9.58,0.67,1.010468,67,4.62,1.17,14.48,0.66,0.91,2.30,-6.31,4.79,10.51,-9.85,0.991431,31
17-09-2025,NYSE:GM,General Motors Company Common Stock,55916,6723840,1.85,58.46,-0.84,0.77,-0.12,3.68,15.72,16.18,10.98,21.11,-0.83,-0.83,-2.89,21.56,37.62,37.62,1.36,6.09,-2.20,0.64,1.13,1.010362,67,3.68,12.50,0.55,-6.20,11.38,1.36,5.02,-9.14,3.65,0.62,1.016018,57
17-09-2025,NYSE:VSCO,Victorias Secret & Co. Common Stock,2165,3485310,5.04,26.29,-5.36,2.85,14.80,15.02,29.17,23.70,-79.73,15.52,-5.09,-5.09,-46.03,48.53,76.8,76.8,12.70,19.54,5.32,-90.07,-4.46,1.010256,67,15.02,16.65,-7.73,-135.54,52.99,12.70,9.17,-17.42,-125.69,42.23,1.14961,96
17-09-2025,NYSE:TDS,"Telephone and Data Systems, Inc. Common Shares",4141,1073961,2.63,37.88,-2.27,-1.80,-4.20,-1.64,10.32,6.44,10.01,38.81,-6.97,-6.97,-6.97,14.1,19.34,65.7,-3.96,0.69,-11.94,-0.33,18.83,1.010218,67,-1.64,11.77,-4.33,3.81,32.00,-3.96,4.29,-14.02,13.66,21.24,0.980633,21
17-09-2025,NASDAQ:ULCC,"Frontier Group Holdings, Inc. - Common Stock",1237,4407887,7.24,5.41,2.40,6.10,-3.70,16.45,33.64,-13.68,-27.36,18.48,-3.57,-12.03,-46.22,63.44,81.54,81.54,14.13,24.01,-32.06,-37.70,-1.50,1.010197,67,16.45,20.58,-71.31,-12.03,35.99,14.13,13.10,-81.00,-2.18,25.23,1.124517,94
17-09-2025,NASDAQ:PTON,"Peloton Interactive, Inc. - Common Stock",3315,9682777,4.95,7.94,-3.15,0.00,7.24,-7.30,12.72,17.00,-23.30,46.22,-8.94,-8.94,-24.88,29.84,58.8,85.95,-9.62,3.09,-1.38,-33.64,26.24,1.010097,67,-7.30,18.66,4.91,-48.56,56.38,-9.62,11.18,-4.78,-38.71,45.62,0.997285,37
17-09-2025,NASDAQ:FAST,Fastenal Company - Common Stock,54077,5737541,1.95,47.25,-1.08,-1.38,-4.11,-3.45,10.60,19.50,16.13,26.12,-6.23,-6.23,-6.23,15.41,32.72,35.35,-5.77,0.97,1.12,5.79,6.14,1.009752,67,-3.45,13.58,9.96,-4.19,11.91,-5.77,6.10,0.27,5.66,1.15,0.988426,27
17-09-2025,NASDAQ:DLTR,"Dollar Tree, Inc. - Common Stock",19944,5101394,2.95,95.48,-1.86,-0.86,-16.62,-18.86,-3.69,31.10,24.98,28.90,-18.5,-18.5,-18.5,0,48.49,55.99,-21.18,-13.32,12.72,14.64,8.92,1.009402,67,-18.86,12.77,33.55,-8.88,5.22,-21.18,5.29,23.86,0.97,-5.54,0.942346,5
17-09-2025,NASDAQ:INTC,Intel Corporation - Common Stock,116290,79987490,3.48,25.27,1.98,3.28,4.19,2.81,17.93,-1.66,20.38,23.39,-0.16,-2.51,-7.74,30.86,39.38,39.38,0.49,8.30,-20.04,10.04,3.41,1.009362,67,2.81,15.55,-23.87,21.68,3.78,0.49,8.07,-33.56,31.53,-6.98,1.021462,62
17-09-2025,NYSE:EHC,Encompass Health Corporation Common Stock,12518,644886,1.58,123.81,-0.69,-1.20,0.09,2.77,2.67,21.05,17.95,25.21,-2.36,-2.36,-2.36,15.57,28.81,35.98,0.45,-6.96,2.67,7.61,5.23,1.009325,67,2.77,-0.11,18.89,-3.92,8.84,0.45,-7.59,9.20,5.93,-1.92,0.979078,20
17-09-2025,NYSE:TOL,"Toll Brothers, Inc. Common Stock",13509,1813011,2.63,141.3,-0.23,-2.49,2.14,7.64,23.22,24.95,-0.80,-2.51,-4.53,-4.53,-15.79,34.76,56.13,56.13,5.32,13.59,6.57,-11.14,-22.49,1.009289,67,7.64,16.87,2.25,-34.30,-1.70,5.32,9.39,-7.44,-24.45,-12.46,1.068544,86
17-09-2025,NYSE:MC,Moelis & Company Class A Common Stock,6088,563246,2.53,74.23,-0.34,2.75,4.07,2.90,23.64,18.90,-0.08,13.65,-1.88,-1.88,-8.58,32.39,51.92,51.92,0.58,14.01,0.52,-10.42,-6.33,1.009202,67,2.90,21.37,-6.21,-23.41,13.72,0.58,13.89,-15.90,-13.56,2.96,1.049293,78
17-09-2025,NASDAQ:ADEA,Adeia Inc.  - Common Stock,1717,486408,2.96,15.57,0.45,1.41,4.30,3.79,14.96,10.79,10.79,25.95,-0.57,-0.57,-9.63,26.18,38.65,38.65,1.47,5.33,-7.59,0.45,5.97,1.008976,67,3.79,11.62,-4.91,0.00,16.99,1.47,4.14,-14.60,9.85,6.23,1.010036,52
17-09-2025,NYSE:MODG,Topgolf Callaway Brands Corp. Common Stock,1684,2109047,3.77,9.61,0.00,4.99,1.87,-2.60,12.49,33.71,14.05,1.14,-3.8,-3.8,-12.64,21.95,72.53,72.53,-4.92,2.86,15.33,3.71,-18.84,1.008952,67,-2.60,14.71,24.26,-29.67,-15.01,-4.92,7.23,14.57,-19.82,-25.77,1.022124,63
17-09-2025,NYSE:RJF,"Raymond James Financial, Inc. Common Stock",33909,933415,1.77,169.07,0.48,2.06,0.44,3.40,12.17,14.55,4.47,30.81,-1.18,-1.18,-2.07,14.57,36.73,44.53,1.08,2.54,-3.83,-5.87,10.83,1.008733,67,3.40,9.07,2.71,-11.79,27.57,1.08,1.59,-6.98,-1.94,16.81,1.000624,41
17-09-2025,NYSE:STT,State Street Corporation Common Stock,31689,1774477,1.7,110.49,-1.48,-1.41,-2.51,-0.52,11.85,20.53,10.15,25.26,-4.6,-4.6,-4.6,14.58,46.67,46.67,-2.84,2.22,2.15,-0.19,5.28,1.008617,66,-0.52,12.31,9.85,-13.05,16.81,-2.84,4.83,0.16,-3.20,6.05,0.998004,38
17-09-2025,AMEX:GGN,"GAMCO Global Gold, Natural Resources & Income Trust",775,519890,1.16,4.98,-0.80,1.81,4.22,8.43,10.04,14.86,17.67,16.06,-0.8,-0.8,-0.8,15.55,29.69,32.45,6.11,0.41,-3.52,7.33,-3.92,1.00851,66,8.43,1.75,5.36,3.30,-1.95,6.11,-5.73,-4.33,13.15,-12.71,1.010906,52
17-09-2025,NYSE:LRN,"Stride, Inc. Common Stock",6044,776006,3.51,139.31,-0.32,-19.24,-16.11,-14.99,-3.15,12.48,23.75,41.97,-17.96,-17.96,-17.96,8.64,15.91,117.54,-17.31,-12.78,-5.90,13.41,21.99,1.008494,66,-14.99,10.29,15.15,12.88,23.90,-17.31,2.81,5.46,22.73,13.14,0.929674,4
17-09-2025,NYSE:WMS,"Advanced Drainage Systems, Inc. Common Stock",10933,859974,2.93,144.59,1.25,4.42,2.16,3.97,19.84,23.96,10.24,0.11,-2.63,-2.63,-11.58,30.39,49.39,49.39,1.65,10.21,5.58,-0.10,-19.87,1.008383,66,3.97,16.52,5.15,-18.06,-11.28,1.65,9.04,-4.54,-8.21,-22.04,1.047101,77
17-09-2025,NASDAQ:KYMR,"Kymera Therapeutics, Inc. - Common Stock",3440,675304,4.62,48.78,3.08,10.87,16.58,12.61,3.98,29.29,7.72,8.32,0,0,-6.91,29.46,131.73,131.73,10.29,-5.65,10.91,-2.62,-11.66,1.008247,66,12.61,-9.88,26.37,-30.52,0.66,10.29,-17.36,16.68,-20.67,-10.10,1.017847,59
17-09-2025,NASDAQ:MQ,"Marqeta, Inc. - Class A Common Stock",2600,3542316,2.41,5.79,-0.17,-3.63,-6.56,-7.25,3.80,25.39,29.36,12.61,-15.23,-15.23,-15.23,5.46,56.06,69.3,-9.57,-5.83,7.01,19.02,-7.37,1.008112,66,-7.25,10.31,22.44,5.32,-23.72,-9.57,2.83,12.75,15.17,-34.48,0.981774,22
17-09-2025,NASDAQ:DRS,"Leonardo DRS, Inc. - Common Stock",11055,906006,2.43,41.78,-0.56,3.47,-0.55,0.26,-4.50,20.70,16.01,33.99,-13.75,-13.75,-13.75,3.6,38.57,53.83,-2.06,-14.13,2.32,5.67,14.01,1.007777,66,0.26,-4.78,24.12,-5.92,21.40,-2.06,-12.26,14.43,3.93,10.64,0.954991,8
17-09-2025,NYSE:RF,Regions Financial Corporation Common Stock,24030,18381295,1.87,26.56,-1.28,-0.98,-1.24,3.61,18.37,18.90,4.37,17.43,-3.1,-3.1,-3.31,23.31,44.82,44.82,1.29,8.74,0.52,-5.97,-2.55,1.007737,66,3.61,15.31,0.65,-17.92,13.66,1.29,7.83,-9.04,-8.07,2.90,1.029096,68
17-09-2025,NASDAQ:NTAP,"NetApp, Inc. - Common Stock",24737,2329821,2.67,123.37,-0.64,0.20,6.48,11.82,15.54,24.39,0.58,5.60,-1.38,-1.38,-5.9,22.03,62.12,62.12,9.50,5.91,6.01,-9.76,-14.38,1.007628,66,11.82,4.22,10.48,-31.50,5.05,9.50,-3.26,0.79,-21.65,-5.71,1.045613,77
17-09-2025,NYSE:GD,General Dynamics Corporation Common Stock,87498,847491,1.05,326.4,-0.18,1.55,0.62,3.89,14.43,18.76,18.68,7.88,-0.98,-0.98,-0.98,17.19,31.78,34.91,1.57,4.80,0.38,8.34,-12.10,1.007568,66,3.89,10.97,5.05,-0.09,-13.28,1.57,3.49,-4.64,9.76,-24.04,1.023221,64
17-09-2025,NASDAQ:HWC,Hancock Whitney Corporation - Common Stock,5350,742320,1.78,62.59,-0.77,-0.13,0.53,4.36,13.84,17.88,6.82,22.34,-1.5,-1.5,-1.5,17.69,35.92,35.92,2.04,4.21,-0.50,-3.52,2.36,1.007503,66,4.36,9.91,4.69,-13.46,16.65,2.04,2.43,-5.00,-3.61,5.89,1.012503,54
17-09-2025,NASDAQ:VRNS,"Varonis Systems, Inc. - Common Stock",6382,1327434,2.57,57.16,1.70,-0.35,0.56,-2.19,13.49,27.48,16.01,7.47,-3.38,-3.38,-4.7,16.7,50.58,50.58,-4.51,3.86,9.10,5.67,-12.51,1.007419,66,-2.19,15.34,16.18,-15.83,-10.16,-4.51,7.86,6.49,-5.98,-20.92,1.015645,56
17-09-2025,NASDAQ:LIVN,LivaNova PLC - Ordinary Shares,2977,574426,2.43,54.93,-0.91,-6.90,-3.62,2.20,17.17,24.61,6.26,11.27,-6.45,-6.45,-6.45,33.55,62.27,62.27,-0.12,7.54,6.23,-4.08,-8.71,1.007374,66,2.20,15.30,8.99,-24.34,5.34,-0.12,7.82,-0.70,-14.49,-5.42,1.02955,69
17-09-2025,NASDAQ:NTCT,"NetScout Systems, Inc. - Common Stock",1822,538833,2.08,25.21,-0.79,0.71,2.26,11.11,5.63,16.50,10.63,22.53,-2.29,-2.29,-2.29,21.38,31.1,31.1,8.79,-4.00,-1.88,0.29,2.55,1.007309,66,11.11,-6.16,11.52,-7.03,13.32,8.79,-13.64,1.83,2.82,2.56,1.000806,42
17-09-2025,NASDAQ:EWBC,"East West Bancorp, Inc. - Common Stock",14820,911825,2.26,106.73,-1.11,-1.34,0.97,5.19,13.27,16.81,1.50,26.84,-2.63,-2.63,-4.05,16.44,50.26,50.26,2.87,3.64,-1.57,-8.84,6.86,1.007218,66,5.19,8.52,4.08,-18.40,25.73,2.87,1.04,-5.61,-8.55,14.97,1.010753,52
17-09-2025,NYSE:HGV,Hilton Grand Vacations Inc. Common Stock,3984,931415,2.56,45.45,-0.22,-4.00,-2.82,2.33,13.36,19.03,10.03,20.95,-12.12,-12.12,-12.12,15.5,42.92,42.92,0.01,3.73,0.65,-0.31,0.97,1.007175,66,2.33,11.29,6.55,-11.11,12.13,0.01,3.81,-3.14,-1.26,1.37,1.00872,50
17-09-2025,NASDAQ:OSW,OneSpaWorld Holdings Limited - Common Shares,2249,528651,3.02,21.69,-0.83,-2.03,-3.07,-0.69,11.20,19.82,6.78,28.12,-5.55,-5.55,-5.61,13.15,44.6,44.6,-3.01,1.57,1.44,-3.56,8.14,1.006993,66,-0.69,11.81,9.71,-16.27,22.90,-3.01,4.33,0.02,-6.42,12.14,0.995169,36
17-09-2025,NYSE:NXDR,"Nextdoor Holdings, Inc. Class A Common Stock",856,1929447,4.82,2.17,1.38,6.45,7.37,14.75,28.57,20.74,-24.42,-7.37,0,0,-23.59,41.83,59.56,59.56,12.43,18.94,2.36,-34.76,-27.35,1.00693,66,14.75,16.22,-10.97,-56.98,13.70,12.43,8.74,-20.66,-47.13,2.94,1.11151,93
17-09-2025,NASDAQ:NTNX,"Nutanix, Inc. - Class A Common Stock",20819,4609155,3.01,77.7,-0.66,2.51,13.62,11.61,6.82,8.48,16.63,21.79,-4.22,-6.46,-6.46,17.62,33.57,37.62,9.29,-2.81,-9.90,6.29,1.81,1.006774,66,11.61,-5.42,1.78,8.90,6.19,9.29,-12.90,-7.91,18.75,-4.57,1.003196,44
17-09-2025,NASDAQ:LIND,Lindblad Expeditions Holdings Inc.  - Common Stock,710,426287,3.84,12.94,-0.85,-4.56,-10.74,-4.33,14.45,21.25,6.57,25.89,-13.73,-13.73,-13.73,19.15,66.11,66.11,-6.65,4.82,2.87,-3.77,5.91,1.006655,66,-4.33,18.00,7.95,-18.65,20.68,-6.65,10.52,-1.74,-8.80,9.92,1.001415,42
17-09-2025,NYSE:WSM,"Williams-Sonoma, Inc. Common Stock (DE)",23945,1324265,2.97,196.06,-2.56,-3.36,2.09,-3.66,19.34,10.74,2.80,30.70,-6.73,-6.73,-9.94,24.93,42.46,51.83,-5.98,9.71,-7.64,-7.54,10.72,1.0066,66,-3.66,22.18,-10.65,-8.90,28.71,-5.98,14.70,-20.34,0.95,17.95,1.01267,54
17-09-2025,NYSE:AXP,American Express Company Common Stock,233816,2401229,1.9,327.04,-0.07,0.83,-1.27,6.60,10.04,19.16,7.55,21.98,-1.28,-1.28,-1.28,11.69,41.34,41.34,4.28,0.41,0.78,-2.79,2.00,1.006555,66,6.60,3.68,10.14,-14.36,15.61,4.28,-3.80,0.45,-4.51,4.85,1.006346,48
17-09-2025,NYSE:AER,AerCap Holdings N.V. Ordinary Shares,21343,1916575,1.87,120.17,0.04,-1.02,-3.54,5.90,3.59,14.62,19.86,23.01,-3.42,-3.42,-3.42,12.05,35.07,35.07,3.58,-6.04,-3.76,9.52,3.03,1.006343,66,5.90,-2.46,11.44,6.13,3.94,3.58,-9.94,1.75,15.98,-6.82,0.985921,25
17-09-2025,NYSE:ROK,"Rockwell Automation, Inc. Common Stock",38752,784613,1.94,342.26,-1.22,-0.20,1.29,-0.01,5.25,23.45,13.11,24.62,-4.54,-4.54,-4.54,6.82,56.3,56.3,-2.33,-4.38,5.07,2.77,4.64,1.006212,65,-0.01,5.25,19.21,-13.51,13.24,-2.33,-2.23,9.52,-3.66,2.48,0.983773,24
17-09-2025,NYSE:SN,"SharkNinja, Inc. Ordinary Shares",16083,1386056,2.58,113.01,-1.32,-2.01,-3.27,-5.27,22.90,20.34,10.07,9.92,-6.77,-6.77,-6.77,31.88,72.17,72.17,-7.59,13.27,1.96,-0.27,-10.06,1.006077,65,-5.27,26.76,-3.32,-12.90,-0.17,-7.59,19.28,-13.01,-3.05,-10.93,1.03653,73
17-09-2025,NASDAQ:GTM,ZoomInfo Technologies Inc. - Common Stock,3827,4236351,4.21,11.84,-3.04,10.90,13.09,11.91,15.62,10.64,9.04,13.68,-2.95,-2.95,-9.48,24.11,59.78,59.78,9.59,5.99,-7.74,-1.30,-6.30,1.00586,65,11.91,4.22,-5.91,-1.80,5.11,9.59,-3.26,-15.60,8.05,-5.65,1.034315,71
17-09-2025,NASDAQ:MNST,Monster Beverage Corporation - Common Stock,64952,4859218,1.95,66.16,2.74,4.25,5.28,2.30,3.45,15.04,21.25,24.56,0,0,0,12.8,20.27,43.33,-0.02,-6.18,-3.34,10.91,4.58,1.005741,65,2.30,1.18,12.01,7.31,4.20,-0.02,-6.30,2.32,17.16,-6.56,0.979165,20
17-09-2025,NYSE:BKD,Brookdale Senior Living Inc. Common Stock,1788,2790875,2.89,7.36,-1.77,-3.53,-4.76,0.68,8.42,16.44,26.22,11.68,-7.42,-7.42,-7.42,10.01,43.47,63.19,-1.64,-1.21,-1.94,15.88,-8.30,1.005431,65,0.68,7.80,8.75,11.71,-19.71,-1.64,0.32,-0.94,21.56,-30.47,1.000868,42
17-09-2025,NYSE:MOS,Mosaic Company (The) Common Stock,10842,4092446,2.25,33.82,-0.68,4.91,1.69,3.99,-6.48,21.56,20.85,25.55,-10.55,-10.55,-10.55,9.34,48.59,48.59,1.67,-16.11,3.18,10.51,5.57,1.005267,65,3.99,-10.90,26.33,-0.90,5.94,1.67,-18.38,16.64,8.95,-4.82,0.962853,11
17-09-2025,NYSE:AEG,Aegon Ltd. New York Registry Shares,12076,4869234,1.07,7.69,-2.21,1.04,0.26,2.47,8.71,14.56,17.04,23.02,-4.23,-4.23,-4.23,15.12,39.56,39.56,0.15,-0.92,-3.82,6.70,3.04,1.005254,65,2.47,6.40,6.41,2.89,7.21,0.15,-1.08,-3.28,12.74,-3.55,0.993252,33
17-09-2025,NASDAQ:SWIM,"Latham Group, Inc. - Common Stock",903,591094,3.77,7.74,-1.55,-2.20,-0.65,1.81,25.19,13.18,-7.88,20.28,-6.18,-6.18,-7.31,35.31,63.98,63.98,-0.51,15.56,-5.20,-18.22,0.30,1.005227,65,1.81,23.82,-16.06,-24.26,26.11,-0.51,16.34,-25.75,-14.41,15.35,1.051316,79
17-09-2025,NYSE:DCI,"Donaldson Company, Inc. Common Stock",9396,767023,2.13,80.81,-0.30,0.68,1.42,9.19,14.57,14.60,10.07,13.28,-1.62,-1.62,-1.62,18.59,36.55,36.55,6.87,4.94,-3.78,-0.27,-6.70,1.005075,65,9.19,5.91,0.04,-5.30,3.56,6.87,-1.57,-9.65,4.55,-7.20,1.027314,67
17-09-2025,NASDAQ:CRCT,"Cricut, Inc. - Class A common stock",1404,682408,3.87,6.7,2.24,7.01,13.58,17.61,1.64,18.81,10.00,13.13,-7.07,-7.07,-7.07,44.4,63.22,63.22,15.29,-7.99,0.43,-0.34,-6.85,1.005003,65,17.61,-19.38,17.45,-10.85,3.48,15.29,-26.86,7.76,-1.00,-7.28,1.011962,54
17-09-2025,NYSE:PH,Parker-Hannifin Corporation Common Stock,93555,612260,1.65,754.05,-0.78,-0.16,0.55,3.19,12.23,17.57,8.97,22.08,-2.03,-2.03,-2.03,15.61,45.79,45.79,0.87,2.60,-0.81,-1.37,2.10,1.004938,65,3.19,9.33,6.08,-10.43,14.40,0.87,1.85,-3.61,-0.58,3.64,1.006136,47
17-09-2025,NYSE:ORA,"Ormat Technologies, Inc. Common Stock",5619,491888,1.73,91.05,-0.77,0.87,0.09,1.43,12.09,20.15,11.93,18.46,-4.01,-4.01,-4.01,13.76,37.12,45.75,-0.89,2.46,1.77,1.59,-1.52,1.004803,65,1.43,10.82,9.17,-10.30,7.42,-0.89,3.34,-0.52,-0.45,-3.34,1.006027,47
17-09-2025,NYSE:MGA,"Magna International, Inc. Common Stock",13173,1507766,1.78,46.15,-1.56,0.35,1.47,3.99,17.94,20.39,2.38,14.58,-1.54,-1.54,-1.54,24.06,49.74,49.74,1.67,8.31,2.01,-7.96,-5.40,1.004756,65,3.99,14.53,2.98,-22.62,12.50,1.67,7.05,-6.71,-12.77,1.74,1.03171,70
17-09-2025,NASDAQ:MXL,"MaxLinear, Inc - Common Stock",1407,1415945,4.98,16.2,-2.47,0.74,3.58,5.62,25.25,18.33,-14.88,13.58,-6.41,-6.41,-34.99,33.77,77.05,77.05,3.30,15.62,-0.05,-25.22,-6.40,1.004644,65,5.62,20.80,-9.25,-40.67,24.77,3.30,13.32,-18.94,-30.82,14.01,1.065848,85
17-09-2025,NYSE:JBTM,JBT Marel Corporation Common Stock,7017,500125,2.48,136.06,-1.31,-2.24,-4.51,-1.87,10.81,7.53,8.12,35.89,-7.88,-7.88,-7.88,15.33,48.57,55.98,-4.19,1.18,-10.85,-2.22,15.91,1.004601,65,-1.87,12.45,-3.68,0.64,30.22,-4.19,4.97,-13.37,10.49,19.46,0.984629,24
17-09-2025,NASDAQ:RNA,"Avidity Biosciences, Inc. - Common Stock",5755,3740814,5.96,41.44,2.94,-12.50,-13.97,-12.14,28.09,18.36,14.14,0.31,-17.71,-17.71,-21.07,45.92,72.09,72.09,-14.46,18.46,-0.02,3.80,-19.67,1.004523,65,-12.14,35.87,-13.52,-5.17,-16.10,-14.46,28.39,-23.21,4.68,-26.86,1.05492,80
17-09-2025,NYSE:ADM,Archer-Daniels-Midland Company Common Stock,29352,3474588,2.19,62.35,2.92,0.26,0.48,4.17,13.14,23.03,15.12,4.38,-2.9,-2.9,-2.9,19.95,49.2,49.2,1.85,3.51,4.65,4.78,-15.60,1.004453,65,4.17,9.36,11.39,-10.27,-12.66,1.85,1.88,1.70,-0.42,-23.42,1.024301,65
17-09-2025,NYSE:LNC,Lincoln National Corporation Common Stock,7462,1770959,2.28,39.44,-4.59,-5.40,-8.19,-2.87,16.08,6.09,16.56,25.71,-8.89,-8.89,-8.89,20.17,36.23,36.23,-5.19,6.45,-12.29,6.22,5.73,1.004357,65,-2.87,18.41,-11.90,11.15,10.97,-5.19,10.93,-21.59,21.00,0.21,1.004501,46
17-09-2025,NYSE:CTRE,"CareTrust REIT, Inc. Common Stock",7621,1853650,1.59,34.13,-0.35,0.67,-0.62,0.67,17.67,15.59,16.38,10.08,-1.36,-1.36,-1.36,21.46,28.07,36.9,-1.65,8.04,-2.79,6.04,-9.90,1.004288,65,0.67,17.11,-2.53,0.94,-7.53,-1.65,9.63,-12.22,10.79,-18.29,1.02614,67
17-09-2025,NYSE:FSLY,"Fastly, Inc. Class A Common Stock",1272,2871040,4.86,8.42,-4.04,9.14,11.52,17.46,14.01,13.90,-25.30,25.77,-3.88,-3.88,-25.75,32.39,68.4,68.4,15.14,4.38,-4.48,-35.64,5.79,1.004224,65,17.46,-4.17,-0.14,-45.52,40.76,15.14,-11.65,-9.83,-35.67,30.00,1.047441,78
17-09-2025,NASDAQ:AMRX,"Amneal Pharmaceuticals, Inc. - Class A Common Stock",3018,1573826,2.53,9.74,-0.51,-1.54,1.64,2.98,16.74,11.50,16.84,13.04,-3.47,-3.47,-3.47,24.55,39.74,39.74,0.66,7.11,-6.88,6.50,-6.94,1.004208,65,2.98,14.18,-6.29,6.03,-4.57,0.66,6.70,-15.98,15.88,-15.33,1.024055,65
17-09-2025,NASDAQ:TASK,"TaskUs, Inc. - Class A Common Stock",1581,500272,1.46,17.52,0.68,-0.23,-0.80,1.31,4.45,23.17,4.51,29.34,-3.79,-3.79,-7.5,5.1,51.43,51.43,-1.01,-5.18,4.79,-5.83,9.36,1.004078,65,1.31,3.18,19.59,-24.29,26.00,-1.01,-4.30,9.90,-14.44,15.24,0.98388,24
17-09-2025,NASDAQ:XP,XP Inc. - Class A Common Stock,10512,7872515,3.09,19.14,2.04,4.86,6.58,8.25,-4.65,19.23,31.56,2.87,-5.25,-7.18,-7.18,19.63,50.83,73.21,5.93,-14.28,0.85,21.22,-17.11,1.004014,64,8.25,-14.07,22.82,15.27,-41.91,5.93,-21.55,13.13,25.12,-52.67,0.995487,36
17-09-2025,NASDAQ:ADTN,"ADTRAN Holdings, Inc. - Common Stock",702,1790418,4.56,8.86,-17.83,-17.04,-5.98,0.23,12.75,-3.61,2.14,40.74,-16.49,-16.49,-25.11,14.62,23.4,68.76,-2.09,3.12,-21.99,-8.20,20.76,1.003931,64,0.23,12.56,-18.76,5.56,39.45,-2.09,5.08,-28.45,15.41,28.69,0.992234,32
17-09-2025,NYSE:ASX,"ASE Technology Holding Co., Ltd. American Depositary Shares (each representing Two Common Shares)",24490,7078442,1.63,11.3,0.88,0.97,9.03,13.01,8.32,13.54,11.42,15.58,-1.82,-1.82,-1.82,18.95,52.29,52.29,10.69,-1.31,-4.84,1.08,-4.40,1.003795,64,13.01,-5.39,5.69,-2.46,4.70,10.69,-12.87,-4.00,7.39,-6.06,1.015199,56
17-09-2025,NASDAQ:FOXA,Fox Corporation - Class A Common Stock,25059,3480997,2.17,57.47,-2.26,-2.04,-6.23,-1.55,3.74,8.72,19.84,32.30,-8.02,-8.02,-8.02,6.68,21.73,47.7,-3.87,-5.89,-9.66,9.50,12.32,1.003687,64,-1.55,5.21,5.17,12.18,15.54,-3.87,-2.27,-4.52,22.03,4.78,0.968027,13
17-09-2025,NASDAQ:WIX,Wix.com Ltd. - Ordinary Shares,10075,2073390,4.57,178,4.01,6.16,22.85,30.14,12.00,1.69,-21.90,13.64,0,-6.12,-27.87,54.21,54.21,54.21,27.82,2.37,-16.69,-32.24,-6.34,1.003564,64,30.14,-25.97,-11.71,-24.00,29.16,27.82,-33.45,-21.40,-14.15,18.40,1.071408,87
17-09-2025,NASDAQ:ALGM,"Allegro MicroSystems, Inc. - Common Stock",5690,1463190,3.35,30.13,0.86,-2.62,-1.23,-1.89,-3.52,10.59,27.12,29.87,-19.67,-19.67,-19.67,1.11,82.27,82.27,-4.21,-13.15,-7.79,16.78,9.89,1.00327,64,-1.89,-1.60,13.63,18.49,3.78,-4.21,-9.08,3.94,28.34,-6.98,0.954524,8
17-09-2025,NASDAQ:NAMS,NewAmsterdam Pharma Company N.V. - Ordinary Shares,2758,990484,5.47,24.52,1.63,-8.48,-0.45,-2.24,19.45,4.81,-4.28,34.75,-9.19,-9.19,-9.19,36.53,64.56,64.56,-4.56,9.82,-13.57,-14.62,14.77,1.003199,64,-2.24,21.22,-18.18,-9.55,37.43,-4.56,13.74,-27.87,0.30,26.67,1.015162,56
17-09-2025,NYSE:KTB,"Kontoor Brands, Inc. Common Stock",4492,607580,3.01,80.07,-2.42,1.92,0.92,11.45,19.58,20.93,-11.50,8.99,-4.78,-4.78,-16.27,46.03,53.33,53.33,9.13,9.95,2.55,-21.84,-10.99,1.003142,64,11.45,9.18,1.68,-41.02,18.38,9.13,1.70,-8.01,-31.17,7.62,1.058405,82
17-09-2025,NYSE:MRC,MRC Global Inc. Common Stock,1222,592751,2.67,14.54,0.41,0.21,-2.41,5.36,11.49,18.98,6.46,19.60,-5.22,-5.22,-5.22,14.31,53.7,53.7,3.04,1.86,0.60,-3.88,-0.38,1.003127,64,5.36,6.47,8.47,-15.45,14.04,3.04,-1.01,-1.22,-5.60,3.28,1.010439,52
17-09-2025,NYSE:ULS,UL Solutions Inc. Class A Common Stock,13552,739547,2.75,66.63,-1.38,1.53,3.92,-0.71,-7.34,21.37,23.20,26.68,-8.94,-8.94,-8.94,6.39,27.18,37.38,-3.03,-16.97,2.99,12.86,6.70,1.003086,64,-0.71,-6.59,26.75,2.33,4.53,-3.03,-14.07,17.06,12.18,-6.23,0.953768,8
17-09-2025,NYSE:WELL,Welltower Inc. Common Stock,110351,2330752,1.48,165.21,-2.25,-2.20,-1.53,1.40,8.86,8.44,22.17,22.02,-2.64,-2.64,-2.64,9.72,21.04,34.2,-0.92,-0.77,-9.94,11.83,2.04,1.003076,64,1.40,7.56,-0.45,14.99,-0.19,-0.92,0.08,-10.14,24.84,-10.95,0.993043,33
17-09-2025,AMEX:IE,Ivanhoe Electric Inc. Common Stock,1198,1052434,3.96,9.11,1.76,2.31,5.16,-5.49,11.09,30.19,6.59,16.47,-23.51,-23.51,-23.51,15.9,92.19,92.19,-7.81,1.46,11.81,-3.75,-3.51,1.002874,64,-5.49,15.71,21.48,-33.81,10.58,-7.81,8.23,11.79,-23.96,-0.18,1.00355,44
17-09-2025,NASDAQ:TRMD,TORM plc - Class A Common Stock,2264,807058,2.52,23.26,0.17,1.03,5.89,14.02,21.50,17.45,16.98,-44.84,-0.6,-0.6,-36.17,39.62,66.5,66.5,11.70,11.87,-0.93,6.64,-64.82,1.002795,64,14.02,8.70,-5.15,-0.57,-74.47,11.70,1.22,-14.84,9.28,-85.23,1.106219,93
17-09-2025,NASDAQ:TARS,"Tarsus Pharmaceuticals, Inc. - Common Stock",2182,719242,3.79,50.6,2.00,-11.64,-15.79,-7.13,18.40,6.15,-3.04,37.35,-14.02,-14.02,-14.02,30.35,30.35,62.96,-9.45,8.77,-12.23,-13.38,17.37,1.002736,64,-7.13,23.83,-15.02,-9.79,39.20,-9.45,16.35,-24.71,0.06,28.44,1.00378,45
17-09-2025,NASDAQ:NBIX,"Neurocrine Biosciences, Inc. - Common Stock",14156,736672,2.38,140.9,0.33,-2.32,-0.72,5.68,11.28,20.87,9.00,13.92,-2.27,-2.27,-8.08,13.65,60.95,60.95,3.36,1.65,2.49,-1.34,-6.06,1.002323,64,5.68,5.94,10.80,-15.00,5.41,3.36,-1.54,1.11,-5.15,-5.35,1.01456,56
17-09-2025,NASDAQ:TRMB,Trimble Inc. - Common Stock,18952,1360995,1.99,80.89,-0.15,1.03,2.87,-1.67,9.90,13.15,8.57,31.17,-5.1,-5.1,-5.1,12.82,46.75,46.75,-3.99,0.27,-5.23,-1.77,11.19,1.002147,64,-1.67,11.38,3.61,-5.28,24.72,-3.99,3.90,-6.08,4.57,13.96,0.986373,25
17-09-2025,NASDAQ:CLNE,Clean Energy Fuels Corp. - Common Stock,577,1269218,4.59,2.6,6.92,4.62,0.00,7.69,21.92,28.85,-7.69,-12.69,-1.52,-1.52,-27.17,47.73,96.97,96.97,5.37,12.29,10.47,-18.03,-32.67,1.001392,64,7.69,15.42,8.87,-51.35,-4.64,5.37,7.94,-0.82,-41.50,-15.40,1.077172,88
17-09-2025,NYSE:PNR,Pentair plc. Ordinary Share,17944,1098297,1.84,111.01,0.32,1.69,4.25,5.43,11.94,21.48,1.62,18.21,-1.4,-1.4,-1.4,15.36,45.74,45.74,3.11,2.31,3.10,-8.72,-1.77,1.001295,64,5.43,6.88,10.83,-25.28,16.86,3.11,-0.60,1.14,-15.43,6.10,1.015639,56
17-09-2025,NYSE:LUMN,"Lumen Technologies, Inc. Common Stock",5736,16457282,7.37,5.54,-5.60,-1.62,13.54,20.04,26.53,8.48,-17.15,-8.12,-9.77,-9.77,-45.26,49.73,80.46,80.46,17.72,16.90,-9.90,-27.49,-28.10,1.001247,64,20.04,8.13,-24.57,-28.01,7.70,17.72,0.65,-34.26,-18.16,-3.06,1.107444,93
17-09-2025,NYSE:MAIN,Main Street Capital Corporation Common Stock,5884,495274,1.54,65.08,-0.14,-1.34,-1.09,-1.57,11.74,12.15,15.12,23.97,-3.64,-3.64,-3.64,13.3,32.41,32.41,-3.89,2.11,-6.23,4.78,3.99,1.001152,64,-1.57,13.10,0.47,3.38,10.43,-3.89,5.62,-9.22,13.23,-0.33,0.995198,36
17-09-2025,NYSE:NAT,Nordic American Tankers Limited Common Stock,701,2412919,3.04,3.21,-3.12,0.62,3.12,11.53,13.71,18.07,17.76,-12.46,-3.02,-3.02,-15.75,22.99,45.25,45.25,9.21,4.08,-0.31,7.42,-32.44,1.001136,64,11.53,2.46,5.05,-0.38,-36.74,9.21,-5.02,-4.64,9.47,-47.50,1.050829,79
17-09-2025,NYSE:HG,"Hamilton Insurance Group, Ltd. Class B Common Shares",2343,453213,2.4,23.47,-2.94,-1.19,-0.98,0.51,8.82,13.46,18.19,21.22,-4.55,-4.55,-4.55,14.32,34.42,37.73,-1.81,-0.81,-4.92,7.85,1.24,1.001125,64,0.51,8.35,5.09,5.47,3.70,-1.81,0.87,-4.60,15.32,-7.06,0.99243,32
17-09-2025,NASDAQ:CAMT,Camtek Ltd. - Ordinary Shares,4254,409556,3.42,85.84,-2.11,3.62,8.60,2.21,12.20,23.14,12.95,7.78,-13.23,-13.23,-19.88,16.08,69.78,69.78,-0.11,2.57,4.76,2.61,-12.20,1.001008,64,2.21,10.21,12.46,-13.25,-5.94,-0.11,2.73,2.77,-3.40,-16.70,1.016845,58
17-09-2025,NASDAQ:CARG,"CarGurus, Inc. - Class A Common Stock",3648,1071013,2.53,36.28,0.25,1.24,4.13,10.72,13.40,14.20,-4.88,21.66,-0.03,-0.03,-10.53,24.63,44.03,44.03,8.40,3.77,-4.18,-15.22,1.68,1.000644,63,10.72,2.99,0.92,-22.23,25.31,8.40,-4.49,-8.77,-12.38,14.55,1.025442,66
17-09-2025,NYSE:WBS,Webster Financial Corporation Common Stock,10079,1270422,2.16,59.49,-1.90,-2.91,-4.64,3.36,13.45,14.51,-0.34,26.49,-5.45,-5.45,-5.45,17.18,42.46,42.46,1.04,3.82,-3.87,-10.68,6.51,1.000511,63,3.36,10.44,1.22,-17.36,26.74,1.04,2.96,-8.47,-7.51,15.98,1.009404,51
17-09-2025,NYSE:T,AT&T Inc.,211222,29951473,1.72,29.33,-0.99,-0.31,0.85,1.57,4.64,8.52,19.95,26.39,-0.98,-0.98,-0.98,8.87,11.39,38.22,-0.75,-4.99,-9.86,9.61,6.41,1.000095,63,1.57,3.12,4.08,12.49,8.05,-0.75,-4.36,-5.61,22.34,-2.71,0.979359,20
17-09-2025,NASDAQ:PTC,PTC Inc. - Common Stock,24435,820038,1.94,204.95,0.39,0.45,-3.75,-0.43,15.78,22.52,1.49,16.59,-5.35,-5.35,-5.35,23.12,49.88,49.88,-2.75,6.15,4.14,-8.85,-3.39,0.999769,63,-0.43,16.14,8.01,-27.14,15.33,-2.75,8.66,-1.68,-17.29,4.57,1.019608,61
17-09-2025,NASDAQ:ARRY,"Array Technologies, Inc. - Common Stock",1194,7373048,6.81,7.73,-1.03,-2.46,-18.31,1.42,-2.98,21.09,26.26,13.58,-19.14,-19.14,-19.14,41.06,94.22,94.22,-0.90,-12.61,2.71,15.92,-6.40,0.999733,63,1.42,-4.46,23.37,6.56,-17.19,-0.90,-11.94,13.68,16.41,-27.95,0.976744,18
17-09-2025,NASDAQ:FSLR,"First Solar, Inc. - Common Stock",22598,2348749,4.1,205.25,-0.85,1.07,4.61,2.58,14.62,35.19,2.07,-14.96,-6.42,-6.42,-19.75,42.86,70.5,70.5,0.26,4.99,16.81,-8.27,-34.94,0.999527,63,2.58,12.35,24.09,-51.09,-17.39,0.26,4.87,14.40,-41.24,-28.15,1.052586,80
17-09-2025,NYSE:LOW,"Lowe's Companies, Inc. Common Stock",150273,2781848,1.76,270.52,-0.58,0.55,4.35,6.82,20.12,16.51,0.97,6.83,-0.92,-0.92,-4.76,28.31,28.31,28.31,4.50,10.49,-1.87,-9.37,-13.15,0.999527,63,6.82,14.27,-4.52,-18.62,5.92,4.50,6.79,-14.21,-8.77,-4.84,1.047705,78
17-09-2025,NYSE:LAC,Lithium Americas Corp. Common Shares,788,6123357,4.7,3.22,0.62,11.80,12.11,9.94,17.08,6.21,-4.66,23.29,-4.17,-4.17,-28.6,27.27,37.61,40.61,7.62,7.45,-12.17,-15.00,3.31,0.999443,63,9.94,7.93,-13.11,-11.59,26.71,7.62,0.45,-22.80,-1.74,15.95,1.032498,71
17-09-2025,NYSE:CMA,Comerica Incorporated Common Stock,8944,1734870,2.44,68.46,-0.42,-0.88,-2.35,0.83,18.97,15.38,2.56,17.16,-3.65,-3.65,-5.87,24.47,35.78,35.78,-1.49,9.34,-3.00,-7.78,-2.82,0.999298,63,0.83,18.29,-4.43,-15.16,14.99,-1.49,10.81,-14.12,-5.31,4.23,1.027637,67
17-09-2025,NASDAQ:OZK,Bank OZK - Common Stock,5894,802437,2,51.2,-1.23,-1.54,-2.23,3.67,12.38,13.55,7.11,21.97,-3.65,-3.65,-3.65,15.26,36.24,36.24,1.35,2.75,-4.83,-3.23,1.99,0.99921,63,3.67,9.04,1.34,-7.46,16.00,1.35,1.56,-8.35,2.39,5.24,1.007368,49
17-09-2025,NASDAQ:SNDX,"Syndax Pharmaceuticals, Inc. - Common Stock",1271,1969479,4.99,15.04,-5.32,-5.92,-7.18,-4.65,33.58,13.30,5.39,-19.61,-11.74,-11.74,-31.04,72.28,72.28,72.28,-6.97,23.95,-5.08,-4.95,-39.59,0.998988,63,-4.65,36.53,-30.53,-9.13,-26.42,-6.97,29.05,-40.22,0.72,-37.18,1.102932,92
17-09-2025,NASDAQ:ZM,"Zoom Communications, Inc. - Class A Common Stock",25829,4316165,2.73,85.2,0.67,-0.49,3.83,14.15,8.60,11.78,-1.63,21.89,-0.49,-0.49,-4.3,22.12,27.74,29.01,11.83,-1.03,-6.60,-11.97,1.91,0.998939,63,14.15,-6.47,3.48,-15.21,23.14,11.83,-13.95,-6.21,-5.36,12.38,1.016787,58
17-09-2025,NYSE:ERO,Ero Copper Corp. Common Shares,1731,732875,3.28,16.98,-0.71,7.24,12.78,18.32,6.60,22.32,14.55,-21.44,-2.75,-2.75,-26.53,30.82,75.96,75.96,16.00,-3.03,3.94,4.21,-41.42,0.998914,63,18.32,-14.35,16.83,-10.01,-42.11,16.00,-21.83,7.14,-0.16,-52.87,1.053661,80
17-09-2025,NYSE:MHK,"Mohawk Industries, Inc. Common Stock",8157,721303,2.53,136.77,-0.23,0.96,4.57,6.35,24.64,16.16,4.24,-9.73,-2.13,-2.13,-15.18,39.58,39.58,39.58,4.03,15.01,-2.22,-6.10,-29.71,0.998713,63,6.35,19.53,-11.25,-14.21,-14.59,4.03,12.05,-20.94,-4.36,-25.35,1.073611,87
17-09-2025,NASDAQ:MLTX,MoonLake Immunotherapeutics - Class A Ordinary Shares,3287,746220,4.71,53.26,-0.02,-7.02,-9.95,-2.12,19.45,27.39,-0.53,4.17,-12.86,-12.86,-12.86,24.15,62.2,62.2,-4.44,9.82,9.01,-10.87,-15.81,0.998684,63,-2.12,21.13,9.86,-38.45,4.67,-4.44,13.65,0.17,-28.60,-6.09,1.040415,75
17-09-2025,NASDAQ:NTRA,"Natera, Inc. - Common Stock",24077,933101,3.08,175.01,1.63,-0.78,3.24,6.85,3.86,14.72,4.51,28.51,-0.77,-0.77,-1.12,30.94,32.35,48.73,4.53,-5.77,-3.66,-5.83,8.53,0.998634,63,6.85,-3.21,11.29,-11.97,25.13,4.53,-10.69,1.60,-2.12,14.37,0.987711,27
17-09-2025,NYSE:TJX,"TJX Companies, Inc. (The) Common Stock",155856,5343964,1.59,139.55,-1.16,-0.30,0.70,4.97,10.95,17.94,9.13,15.28,-1.15,-1.15,-1.15,15,21.86,24.45,2.65,1.32,-0.44,-1.21,-4.70,0.998628,63,4.97,6.30,7.85,-10.73,6.77,2.65,-1.18,-1.84,-0.88,-3.99,1.010901,52
17-09-2025,NYSE:NOC,Northrop Grumman Corporation Common Stock,82628,670301,1.44,579.36,0.83,1.33,-1.72,-0.79,14.13,15.34,17.91,10.50,-2.99,-2.99,-2.99,19.7,26.97,33.66,-3.11,4.50,-3.04,7.57,-9.48,0.998593,63,-0.79,14.80,1.41,3.03,-9.02,-3.11,7.32,-8.28,12.88,-19.78,1.013986,55
17-09-2025,NASDAQ:MTCH,"Match Group, Inc. - Common Stock",9045,3399043,2.08,37.44,-0.08,-2.06,1.23,-2.24,17.76,16.24,15.92,6.54,-3.43,-3.43,-3.43,23.69,38.51,38.51,-4.56,8.13,-2.14,5.58,-13.44,0.998335,63,-2.24,19.57,-1.85,-0.38,-11.15,-4.56,12.09,-11.54,9.47,-21.91,1.026,66
17-09-2025,NASDAQ:SBCF,Seacoast Banking Corporation of Florida - Common Stock,2687,571880,2.17,30.37,-0.30,-1.12,-1.65,5.24,18.44,13.76,2.37,13.37,-4.04,-4.04,-4.04,23.35,37.98,37.98,2.92,8.81,-4.62,-7.97,-6.61,0.998141,63,5.24,13.93,-5.73,-13.21,11.26,2.92,6.45,-15.42,-3.36,0.50,1.03465,72
17-09-2025,NYSE:BYD,Boyd Gaming Corporation Common Stock,6642,791259,1.75,82.15,-1.61,-3.88,-4.24,-0.69,9.01,15.52,7.92,26.94,-5.88,-5.88,-5.88,9.9,35.12,36.87,-3.01,-0.62,-2.86,-2.42,6.96,0.998087,63,-0.69,9.63,7.16,-8.99,20.65,-3.01,2.15,-2.53,0.86,9.89,0.989365,28
17-09-2025,NYSE:WMT,Walmart Inc. Common Stock,831329,18874674,1.57,103.42,-0.26,1.09,5.39,3.31,8.83,15.43,8.18,22.97,-0.5,-0.5,-1.55,9.73,26.45,32.52,0.99,-0.80,-2.95,-2.16,2.99,0.997842,63,3.31,5.71,7.24,-8.58,16.11,0.99,-1.77,-2.45,1.27,5.35,0.99713,37
17-09-2025,NYSE:SCCO,Southern Copper Corporation Common Stock,86807,1239652,2.66,108.45,-1.37,7.87,10.33,11.60,11.95,11.52,7.11,12.60,-1.36,-1.36,-6.89,20.99,46.28,46.28,9.28,2.32,-6.86,-3.23,-7.38,0.99763,63,11.60,0.40,-0.49,-4.99,5.91,9.28,-7.08,-10.18,4.86,-4.85,1.025169,66
17-09-2025,NYSE:JHG,Janus Henderson Group plc Ordinary Shares,6946,1044061,1.93,44.4,-1.33,0.16,0.23,2.52,16.78,15.16,0.20,19.35,-2.14,-2.14,-3.35,22.28,50.66,50.66,0.20,7.15,-3.22,-10.14,-0.63,0.997586,62,2.52,14.63,-1.95,-17.63,19.18,0.20,7.15,-11.64,-7.78,8.42,1.022636,63
17-09-2025,NYSE:HMC,"Honda Motor Company, Ltd. Common Stock",46313,688131,0.86,33.9,0.50,-2.27,0.53,1.50,11.74,11.56,23.16,7.26,-2.73,-2.73,-2.73,18.57,35.6,43.04,-0.82,2.11,-6.82,12.82,-12.72,0.997563,62,1.50,10.39,-0.20,13.11,-20.69,-0.82,2.91,-9.89,22.96,-31.45,1.014287,55
17-09-2025,NASDAQ:LILAK,Liberty Latin America Ltd. - Class C Common Stock,1604,1168620,3.3,7.9,2.03,0.38,-1.27,-1.14,28.10,13.54,12.41,-18.73,-4.7,-4.7,-22.85,42.6,74.01,74.01,-3.46,18.47,-4.84,2.07,-38.71,0.997093,62,-1.14,28.91,-20.25,-1.32,-35.55,-3.46,21.43,-29.94,8.53,-46.31,1.083923,89
17-09-2025,NASDAQ:ARM,Arm Holdings plc - American Depositary Shares,162927,3788143,3.55,153.85,-0.01,8.48,13.98,9.71,7.68,21.11,6.95,9.54,-7.02,-7.02,-14.49,17.3,79.27,79.27,7.39,-1.95,2.73,-3.39,-10.44,0.997073,62,9.71,-2.25,14.55,-17.95,2.78,7.39,-9.73,4.86,-8.10,-7.98,1.016238,57
17-09-2025,NASDAQ:ADSK,"Autodesk, Inc. - Common Stock",68007,1773608,1.92,318.51,-0.80,-2.10,-0.20,9.98,6.03,18.18,3.47,18.54,-2.53,-2.53,-2.53,13.6,33.36,33.36,7.66,-3.60,-0.20,-6.87,-1.44,0.996914,62,9.98,-4.38,12.92,-17.97,15.61,7.66,-11.86,3.23,-8.12,4.85,1.006183,47
17-09-2025,NASDAQ:RPRX,Royalty Pharma plc - Class A Ordinary Shares,20786,4426803,2.29,35.42,0.76,-3.05,-2.12,-2.63,0.90,6.78,28.85,22.22,-6.57,-6.57,-6.57,2.49,14.81,45.88,-4.95,-8.73,-11.60,18.51,2.24,0.996622,62,-2.63,3.44,5.93,23.68,-9.33,-4.95,-4.04,-3.76,33.53,-20.09,0.970917,15
17-09-2025,NASDAQ:ZION,Zions Bancorporation N.A. - Common Stock,8488,1360487,2.21,56.5,-1.01,-0.71,-1.42,6.78,15.31,13.49,-4.09,20.16,-3.29,-3.29,-8.47,19.5,36.51,36.51,4.46,5.68,-4.89,-14.43,0.18,0.99626,62,6.78,9.15,-2.15,-20.32,23.30,4.46,1.67,-11.84,-10.47,12.54,1.025309,66
17-09-2025,NYSE:GRMN,Garmin Ltd. Common Stock (Switzerland),45078,831977,1.75,236.67,0.35,-0.77,1.01,1.83,13.84,10.24,6.72,22.78,-2.13,-2.13,-2.17,19.66,36.31,46.47,-0.49,4.21,-8.14,-3.62,2.80,0.996244,62,1.83,12.23,-4.18,-3.92,17.22,-0.49,4.75,-13.87,5.93,6.46,1.008157,50
17-09-2025,NYSE:ETR,Entergy Corporation Common Stock,39364,2399713,1.53,88.26,-2.19,1.42,0.96,-0.97,7.40,3.18,16.22,30.01,-3.67,-3.67,-3.67,9.07,11.71,42.87,-3.29,-2.23,-15.20,5.88,10.03,0.996197,62,-0.97,8.29,-4.55,13.47,16.45,-3.29,0.81,-14.24,23.32,5.69,0.980447,21
17-09-2025,NYSE:CMC,Commercial Metals Company Common Stock,6546,883671,2.46,58.2,-0.43,-0.34,1.70,3.25,16.82,20.69,-5.84,14.69,-2.66,-2.66,-8.09,20.22,48.47,48.47,0.93,7.19,2.31,-16.18,-5.29,0.995843,62,3.25,14.03,4.65,-33.45,19.40,0.93,6.55,-5.04,-23.60,8.64,1.031509,70
17-09-2025,NASDAQ:EMBC,Embecta Corp. - Common Stock,881,502879,3.64,15.08,0.00,-0.99,3.05,9.22,33.42,9.62,-32.10,-4.38,-1.5,-1.5,-27.95,62.5,62.5,62.5,6.90,23.79,-8.76,-42.44,-24.36,0.995807,62,9.22,26.66,-35.76,-46.15,20.98,6.90,19.18,-45.45,-36.30,10.22,1.121997,94
17-09-2025,NYSE:ETN,"Eaton Corporation, PLC Ordinary Shares",141452,2184166,1.97,371.19,-1.17,6.19,7.39,5.43,8.94,19.93,2.50,18.27,-5.49,-5.49,-5.49,12.31,50.57,50.57,3.11,-0.69,1.55,-7.84,-1.71,0.995699,62,5.43,3.71,12.06,-21.76,16.17,3.11,-3.77,2.37,-11.91,5.41,1.007388,49
17-09-2025,NYSE:CADE,Cadence Bank Common Stock,6734,1900109,1.99,36.48,-0.90,-2.17,-2.77,3.04,17.27,17.00,-2.25,15.73,-3.87,-3.87,-7.15,22.58,38.08,38.08,0.72,7.64,-1.38,-12.59,-4.25,0.995496,62,3.04,14.67,-0.33,-23.18,17.59,0.72,7.19,-10.02,-13.33,6.83,1.028807,68
17-09-2025,NYSE:TDW,Tidewater Inc. Common Stock,2824,656446,3.64,57.08,-2.72,-2.17,-2.93,1.82,16.78,27.38,13.58,-23.83,-9.67,-9.67,-26.23,27.35,76.88,76.88,-0.50,7.15,9.00,3.24,-43.81,0.995334,62,1.82,15.24,12.74,-19.01,-43.28,-0.50,7.76,3.05,-9.16,-54.04,1.056653,81
17-09-2025,NYSE:LAZ,"Lazard, Inc. Common Stock",5247,861330,2.63,54.32,0.33,-1.66,-3.79,0.57,18.69,15.83,0.52,15.13,-5.94,-5.94,-10.97,26.47,62.59,62.59,-1.75,9.06,-2.55,-9.82,-4.85,0.995227,62,0.57,18.22,-3.51,-18.20,14.69,-1.75,10.74,-13.20,-8.35,3.93,1.028821,68
17-09-2025,NYSE:TLK,"PT Telekomunikasi Indonesia, Tbk",19941,525121,1.31,19.9,-0.40,5.38,4.92,-0.85,15.53,23.62,11.46,-1.01,-2.4,-2.4,-4.65,25.16,50.3,50.3,-3.17,5.90,5.24,1.12,-20.99,0.995062,62,-0.85,16.24,9.58,-15.92,-14.07,-3.17,8.76,-0.11,-6.07,-24.83,1.029426,69
17-09-2025,NYSE:GEL,"Genesis Energy, L.P. Common Units",2004,478159,2.43,16.09,-0.62,-4.35,-3.92,-5.03,-3.42,10.75,31.45,20.20,-7.95,-7.95,-7.95,2.16,28.72,62.2,-7.35,-13.05,-7.63,21.11,0.22,0.995055,62,-5.03,1.54,13.70,23.19,-16.41,-7.35,-5.94,4.01,33.04,-27.17,0.961869,10
17-09-2025,NASDAQ:NDAQ,"Nasdaq, Inc. - Common Stock",53420,2852630,1.34,92.54,-0.35,-2.53,-1.13,-2.31,6.33,19.44,12.14,21.58,-4.54,-4.54,-4.54,7.67,39.37,39.37,-4.63,-3.30,1.06,1.80,1.60,0.99498,62,-2.31,8.45,13.99,-9.07,10.75,-4.63,0.97,4.30,0.78,-0.01,0.985024,24
17-09-2025,NYSE:TEX,Terex Corporation Common Stock,3451,754411,3.01,52.94,-1.10,3.29,5.74,5.06,11.41,25.18,4.27,4.23,-1.08,-1.08,-9.67,18.12,64.36,64.36,2.74,1.78,6.80,-6.07,-15.75,0.994944,62,5.06,6.69,15.54,-27.95,-0.04,2.74,-0.79,5.85,-18.10,-10.80,1.025083,66
17-09-2025,NASDAQ:RIVN,"Rivian Automotive, Inc. - Class A Common Stock",17122,51384407,5.23,14.32,5.03,2.65,3.14,14.53,3.91,23.04,3.91,4.19,-0.83,-15.37,-15.37,23.02,32.59,47.48,12.21,-5.72,4.66,-6.43,-15.79,0.994894,62,14.53,-12.42,19.91,-24.86,0.29,12.21,-19.90,10.22,-15.01,-10.47,1.021906,63
17-09-2025,NYSE:GME,GameStop Corporation Common Stock,11684,10218522,2.78,26.34,3.08,10.44,11.12,12.91,11.47,10.78,-9.98,22.55,0,-24.76,-24.76,19.19,24.83,35.01,10.59,1.84,-7.60,-20.32,2.57,0.994717,62,12.91,-1.66,-0.77,-23.28,29.58,10.59,-9.14,-10.46,-13.43,18.82,1.025007,65
17-09-2025,NYSE:SF,Stifel Financial Corporation Common Stock,11650,664797,1.97,112.96,-0.66,0.32,-1.19,-1.10,13.73,14.24,0.63,25.39,-2.96,-2.96,-4.04,17.7,47.68,47.68,-3.42,4.10,-4.14,-9.71,5.41,0.994682,62,-1.10,14.67,0.60,-15.88,24.92,-3.42,7.19,-9.09,-6.03,14.16,1.004827,46
17-09-2025,NYSE:MSM,"MSC Industrial Direct Company, Inc. Common Stock",5080,450873,1.94,91.82,-0.05,-0.07,2.83,5.40,10.61,15.60,8.64,14.28,-1.16,-1.16,-1.16,13.22,30.89,30.89,3.08,0.98,-2.78,-1.70,-5.70,0.994453,61,5.40,5.50,5.58,-8.25,6.17,3.08,-1.98,-4.11,1.60,-4.59,1.011224,53
17-09-2025,NYSE:BANC,"Banc of California, Inc. Common Stock",2590,2171139,1.94,16.41,-1.04,-2.32,-1.83,5.24,17.85,13.47,-3.53,15.60,-3.41,-3.41,-7.65,23.01,36.07,36.07,2.92,8.22,-4.91,-13.87,-4.38,0.994147,61,5.24,13.31,-5.34,-19.65,18.48,2.92,5.83,-15.03,-9.80,7.72,1.033454,71
17-09-2025,NYSE:GCI,"Gannett Co., Inc. Common Stock",626,1295352,3.93,4.38,0.23,6.39,7.76,3.42,22.15,29.91,-24.66,-2.05,0,0,-24.61,33.13,65.91,65.91,1.10,12.52,11.53,-35.00,-22.03,0.994083,61,3.42,19.39,9.97,-77.85,18.13,1.10,11.91,0.28,-68.00,7.37,1.07679,88
17-09-2025,NASDAQ:RVMD,"Revolution Medicines, Inc. - Common Stock",8190,2139986,4.31,44.7,-3.36,8.41,11.57,18.75,11.03,12.46,-3.87,6.11,-3.97,-3.97,-26.24,28.82,43.59,43.59,16.43,1.40,-5.92,-14.21,-13.87,0.99399,61,18.75,-9.50,1.61,-18.66,9.61,16.43,-16.98,-8.08,-8.81,-1.15,1.043332,76
17-09-2025,NASDAQ:MSFT,Microsoft Corporation - Common Stock,3791064,20455977,1.42,509.04,-1.24,2.09,0.77,-2.19,5.87,23.64,11.80,16.12,-4.97,-4.97,-4.97,6.63,43.57,43.57,-4.51,-3.76,5.26,1.46,-3.86,0.993913,61,-2.19,7.89,18.88,-15.51,4.90,-4.51,0.41,9.19,-5.66,-5.86,0.990236,29
17-09-2025,NYSE:J,Jacobs Solutions Inc. Common Stock,17608,641534,1.39,146.16,-0.40,1.68,0.64,-1.22,11.25,16.86,8.50,19.43,-3.96,-3.96,-3.96,14.79,33.29,33.29,-3.54,1.62,-1.52,-1.84,-0.55,0.993869,61,-1.22,12.32,6.32,-10.06,11.94,-3.54,4.84,-3.37,-0.21,1.18,1.000284,41
17-09-2025,NYSE:LVS,Las Vegas Sands Corp. Common Stock,36183,4826744,1.97,51.86,-2.37,-4.13,-9.93,-3.47,17.45,15.79,-4.99,24.01,-10.14,-10.14,-10.14,24.42,68.93,68.93,-5.79,7.82,-2.59,-15.33,4.03,0.993768,61,-3.47,20.22,-2.01,-24.69,27.62,-5.79,12.74,-11.70,-14.84,16.86,1.016382,57
17-09-2025,NYSE:SU,Suncor Energy  Inc. Common Stock,51988,4526532,1.9,43.02,1.88,4.79,3.97,9.62,5.46,12.53,11.32,15.64,0,0,0,14.87,36.4,36.4,7.30,-4.17,-5.85,0.98,-4.34,0.993741,61,9.62,-4.60,7.47,-1.38,4.88,7.30,-12.08,-2.22,8.47,-5.88,1.003165,44
17-09-2025,NYSE:HE,"Hawaiian Electric Industries, Inc. Common Stock",2092,2165336,2.59,12.09,-0.74,1.99,-1.41,5.71,14.31,7.69,15.47,7.61,-6.71,-6.71,-6.71,17.95,29.17,47.8,3.39,4.68,-10.69,5.13,-12.37,0.993529,61,5.71,9.12,-7.72,8.42,-9.30,3.39,1.64,-17.41,18.27,-20.06,1.026224,67
17-09-2025,NYSE:HLF,Herbalife Ltd. Common Shares,960,1609567,4.11,9.21,-0.87,-2.93,-6.30,-4.34,12.38,8.25,16.83,20.85,-14.96,-14.96,-14.96,16.73,47.6,80.23,-6.66,2.75,-10.13,6.49,0.87,0.993402,61,-4.34,16.02,-4.71,9.35,4.83,-6.66,8.54,-14.40,19.20,-5.93,0.996448,37
17-09-2025,NASDAQ:LILA,Liberty Latin America Ltd. - Class A Common Stock,1607,442808,3.07,7.77,1.80,0.51,-0.77,-0.64,28.31,11.84,10.68,-21.11,-3.84,-3.84,-25.29,43.09,72.67,72.67,-2.96,18.68,-6.54,0.34,-41.09,0.99334,61,-0.64,28.77,-22.98,-1.31,-35.59,-2.96,21.29,-32.67,8.54,-46.35,1.087439,90
17-09-2025,NYSE:VMC,Vulcan Materials Company (Holding Company) Common Stock,38613,708955,1.6,291.96,-0.71,-0.16,-0.18,0.12,10.54,19.48,4.25,19.07,-3.21,-3.21,-3.21,14.66,28.91,32.17,-2.20,0.91,1.10,-6.09,-0.91,0.993237,61,0.12,10.44,9.99,-18.92,15.49,-2.20,2.96,0.30,-9.07,4.73,1.002699,43
17-09-2025,NYSE:EPR,EPR Properties Common Stock,4320,1118143,1.93,56.76,-2.66,2.59,6.32,7.36,0.79,8.49,21.49,16.01,-7.27,-7.27,-7.27,7.95,30.39,31.48,5.04,-8.84,-9.89,11.15,-3.97,0.992961,61,7.36,-7.09,7.76,14.21,-6.98,5.04,-14.57,-1.93,24.06,-17.74,0.988688,28
17-09-2025,NYSE:HD,"Home Depot, Inc. (The) Common Stock",415076,3878040,1.64,421.45,-0.30,1.45,3.59,5.24,16.11,15.97,0.02,11.16,-0.47,-0.47,-2.3,21.44,25.72,25.72,2.92,6.48,-2.41,-10.32,-8.82,0.992644,61,5.24,11.47,-0.16,-18.99,11.14,2.92,3.99,-9.85,-9.14,0.38,1.030701,70
17-09-2025,NYSE:AHL,Aspen Insurance Holdings Limited Class A Ordinary Shares,3361,1123608,1.52,36.61,-0.22,0.03,-0.11,23.74,12.56,NA,NA,NA,-0.25,-0.25,-0.25,33.08,33.08,33.08,21.42,2.93,NA,NA,NA,0.992543,61,23.74,-14.65,NA,NA,NA,21.42,-22.13,NA,NA,NA,0.961338,10
17-09-2025,NYSE:HLT,Hilton Worldwide Holdings Inc. Common Stock,62658,1394466,1.71,273.88,0.96,-0.40,-0.78,2.25,9.69,14.32,6.18,21.09,-1.71,-1.71,-1.71,10.9,36.07,36.07,-0.07,0.06,-4.06,-4.16,1.11,0.992396,61,2.25,7.61,5.13,-9.50,15.89,-0.07,0.13,-4.56,0.35,5.13,0.999834,41
17-09-2025,NYSE:CAE,CAE Inc. Ordinary Shares,8624,519610,1.7,27.01,1.00,3.04,1.11,-1.74,0.44,9.22,12.88,32.69,-9.85,-9.85,-9.85,3.13,28.25,53.47,-4.06,-9.19,-9.16,2.54,12.71,0.99236,61,-1.74,2.15,8.81,4.04,22.74,-4.06,-5.33,-0.88,13.89,11.98,0.962085,10
17-09-2025,NYSE:EL,"Estee Lauder Companies, Inc. (The) Common Stock",31731,3762847,3.12,88.52,1.27,-0.20,-2.56,-2.77,15.74,22.18,8.25,4.88,-7.08,-7.08,-12.17,18.68,76.83,76.83,-5.09,6.11,3.80,-2.09,-15.10,0.992312,61,-2.77,18.01,7.64,-17.90,-3.67,-5.09,10.53,-2.05,-8.05,-14.43,1.023157,64
17-09-2025,NYSE:CSTM,Constellium SE Ordinary Shares (France),2127,1117437,3.33,14.98,-1.20,8.34,7.08,3.60,10.21,18.09,21.83,-9.35,-1.19,-1.19,-11.31,15.94,94.55,94.55,1.28,0.58,-0.29,11.49,-29.33,0.991956,61,3.60,6.86,8.77,4.56,-39.88,1.28,-0.62,-0.92,14.41,-50.64,1.028542,68
17-09-2025,NYSE:RCI,"Rogers Communication, Inc. Common Stock",19396,856820,1.35,35.8,0.11,0.81,0.70,1.34,22.01,20.89,4.47,-12.32,-0.5,-0.5,-12.47,30.61,52.08,52.08,-0.98,12.38,2.51,-5.87,-32.30,0.991687,61,1.34,20.95,-1.43,-20.76,-17.57,-0.98,13.47,-11.12,-10.91,-28.33,1.060718,83
17-09-2025,NYSE:SCHW,Charles Schwab Corporation (The) Common Stock,167164,9629215,2.03,91.03,-1.18,-2.90,-5.59,-5.58,2.26,14.57,9.47,32.18,-7.76,-7.76,-7.76,3,31.81,47.44,-7.90,-7.37,-3.81,-0.87,12.20,0.99167,61,-5.58,7.43,12.59,-5.97,25.08,-7.90,-0.05,2.90,3.88,14.32,0.963631,11
17-09-2025,NYSE:HCA,"HCA Healthcare, Inc. Common Stock",93455,1152308,2.43,399.75,-0.86,-3.41,-1.60,0.99,7.79,17.83,21.17,2.02,-5,-5,-5,19.57,25.86,34.73,-1.33,-1.84,-0.55,10.83,-17.96,0.991585,61,0.99,6.87,10.89,4.06,-24.28,-1.33,-0.61,1.20,13.91,-35.04,1.008531,50
17-09-2025,NYSE:EAT,"Brinker International, Inc. Common Stock",6424,1193820,3.94,144.19,-6.00,-8.00,-8.09,-9.69,-25.71,1.76,10.02,51.95,-21.64,-21.64,-23.77,0,12.05,108.1,-12.01,-35.34,-16.62,-0.32,31.97,0.991522,61,-9.69,-14.61,21.85,8.41,46.59,-12.01,-22.09,12.16,18.26,35.83,0.894499,1
17-09-2025,NASDAQ:FOX,Fox Corporation - Class B Common Stock,25048,2202105,2.13,52.01,-2.06,-1.94,-6.94,-2.65,2.36,6.42,15.86,30.71,-8.45,-8.45,-8.45,6.01,18.72,44.31,-4.97,-7.27,-11.96,5.52,10.73,0.991287,60,-2.65,4.89,4.16,10.09,17.64,-4.97,-2.59,-5.53,19.94,6.88,0.966032,12
17-09-2025,NYSE:PII,Polaris Inc. Common Stock,3213,1282224,3.72,58.46,-0.74,-1.15,2.89,2.10,29.30,24.72,-11.46,-33.34,-2.49,-2.49,-31.91,48.79,82.86,82.86,-0.22,19.67,6.34,-21.80,-53.32,0.991234,60,2.10,27.78,-6.48,-48.06,-19.63,-0.22,20.30,-16.17,-38.21,-30.39,1.107687,93
17-09-2025,NYSE:GIL,"Gildan Activewear, Inc. Class A Sub. Vot. Common Stock",8088,1255556,2.16,54.63,-0.51,-0.53,4.05,-3.19,12.39,14.30,10.64,18.07,-3.46,-3.46,-3.46,17.36,44.98,44.98,-5.51,2.76,-4.08,0.30,-1.91,0.991136,60,-3.19,15.10,2.17,-4.27,8.32,-5.51,7.62,-7.52,5.58,-2.44,1.00106,42
17-09-2025,NYSE:GBTG,"Global Business Travel Group, Inc. Class A Common Stock",3923,933464,2.32,8.16,-0.37,0.61,0.61,4.17,24.51,8.82,-13.11,12.50,-2.16,-2.16,-14.64,35.55,39.97,39.97,1.85,14.88,-9.56,-23.45,-7.48,0.990842,60,4.17,21.23,-20.78,-24.06,22.64,1.85,13.75,-30.47,-14.21,11.88,1.05942,83
17-09-2025,NYSE:THO,"Thor Industries, Inc. Common Stock",5533,717225,2.68,105.87,0.94,-3.40,-2.01,-1.49,16.63,22.74,-0.12,7.49,-5.75,-5.75,-8.39,24.14,63.3,63.3,-3.81,7.00,4.36,-10.46,-12.49,0.990614,60,-1.49,17.86,7.32,-29.58,7.60,-3.81,10.38,-2.37,-19.73,-3.16,1.028291,68
17-09-2025,NASDAQ:VECO,Veeco Instruments Inc. - Common Stock,1633,953706,3.18,26.78,2.50,7.36,11.35,11.05,20.97,18.22,-6.57,-12.25,0,0,-20.91,35.87,54.35,54.35,8.73,11.34,-0.16,-16.91,-32.23,0.990425,60,11.05,11.15,-3.47,-30.32,-5.33,8.73,3.67,-13.16,-20.47,-16.09,1.073292,87
17-09-2025,NASDAQ:WAY,Waystar Holding Corp. - Common Stock,6724,2730924,2.85,38.25,0.63,-6.90,3.16,5.67,-1.28,4.44,11.06,31.01,-6.46,-7.07,-15.66,12.8,12.8,44.94,3.35,-10.91,-13.94,0.72,11.03,0.990405,60,5.67,-7.37,5.65,6.92,22.43,3.35,-14.85,-4.04,16.77,11.67,0.97001,14
17-09-2025,NYSE:SDRL,Seadrill Limited Common Shares,2095,777075,3.77,34.03,3.00,6.23,5.11,14.75,14.49,27.74,-17.43,-13.37,0,0,-19.17,32.21,81.59,81.59,12.43,4.86,9.36,-27.77,-33.35,0.990382,60,14.75,-0.31,15.50,-62.51,3.45,12.43,-7.79,5.81,-52.66,-7.31,1.07239,87
17-09-2025,NASDAQ:BEAM,Beam Therapeutics Inc. - Common Stock,2271,2915973,6.54,22.91,7.11,11.11,28.81,22.22,27.46,-7.03,-26.15,-6.50,0,-6.57,-32.8,43.1,57.57,57.57,19.90,17.83,-25.41,-36.49,-26.48,0.990366,60,22.22,6.73,-47.53,-17.86,15.57,19.90,-0.75,-57.22,-8.01,4.81,1.119205,94
17-09-2025,NYSE:BLK,"BlackRock, Inc. Common Stock",184690,461619,1.6,1118.89,0.34,1.18,0.37,-1.44,12.23,14.38,4.79,20.89,-3.56,-3.56,-3.56,15.45,37.17,37.17,-3.76,2.60,-4.00,-5.55,0.91,0.990359,60,-1.44,13.47,2.45,-11.20,16.91,-3.76,5.99,-7.24,-1.35,6.15,1.002229,43
17-09-2025,NASDAQ:STLD,"Steel Dynamics, Inc. - Common Stock",20145,1250206,2.65,139.67,5.79,6.72,7.63,9.49,5.41,10.55,4.38,20.86,0,0,-9.49,15.09,27.89,27.89,7.17,-4.22,-7.83,-5.96,0.88,0.990163,60,9.49,-4.51,5.43,-6.89,17.23,7.17,-11.99,-4.26,2.96,6.47,1.000241,41
17-09-2025,NYSE:KEY,KeyCorp Common Stock,20516,28939218,1.91,18.63,-1.13,-2.52,-1.77,3.17,14.49,15.19,1.72,13.58,-3.92,-3.92,-6.71,18.44,40.82,40.82,0.85,4.86,-3.19,-8.62,-6.40,0.990095,60,3.17,11.70,0.82,-15.89,12.07,0.85,4.22,-8.87,-6.04,1.31,1.02088,62
17-09-2025,NYSE:NTST,NetSTREIT Corp. Common Stock,1771,1095344,1.86,18.39,0.60,0.49,3.15,-2.18,11.31,16.48,17.07,7.01,-3.01,-3.01,-3.01,12.75,25.87,34.82,-4.50,1.68,-1.90,6.73,-12.97,0.990051,60,-2.18,13.20,5.82,0.72,-12.13,-4.50,5.72,-3.87,10.57,-22.89,1.008233,50
17-09-2025,NASDAQ:CVLT,"Commvault Systems, Inc. - Common Stock",8422,679258,3.39,189.67,0.07,2.35,5.74,5.09,1.12,15.35,8.74,22.54,-1.91,-1.91,-1.91,16.06,36.11,43.41,2.77,-8.51,-3.03,-1.60,2.56,0.990021,60,5.09,-4.18,14.39,-7.81,15.12,2.77,-11.66,4.70,2.04,4.36,0.982813,23
17-09-2025,NYSE:LH,Labcorp Holdings Inc. Common Stock,22941,423876,1.58,274.09,-0.48,-1.47,0.11,1.35,3.70,12.28,16.26,19.71,-2.01,-2.01,-2.01,12.78,29.15,29.26,-0.97,-5.93,-6.10,5.92,-0.27,0.990002,60,1.35,2.37,8.91,4.53,4.13,-0.97,-5.11,-0.78,14.38,-6.63,0.983435,23
17-09-2025,NYSE:CNP,"CenterPoint Energy, Inc (Holding Co) Common Stock",24842,4621547,1.45,37.65,-1.70,0.29,-0.77,-1.25,4.46,5.47,16.57,26.72,-3.86,-3.86,-3.86,5.88,6.87,36.46,-3.57,-5.17,-12.91,6.23,6.74,0.989935,60,-1.25,5.64,1.06,11.74,12.16,-3.57,-1.84,-8.63,21.59,1.40,0.975822,17
17-09-2025,NASDAQ:RYAAY,"Ryanair Holdings plc - American Depositary Shares, each representing five Ordinary Shares",29654,971450,1.43,57.81,-0.54,-3.30,-5.52,-15.26,2.72,17.30,20.43,25.98,-13.35,-13.35,-13.35,5.17,47.44,47.44,-17.58,-6.91,-1.08,10.09,6.00,0.989878,60,-15.26,15.59,14.99,3.79,6.97,-17.58,8.11,5.30,13.64,-3.79,0.957287,9
17-09-2025,NASDAQ:HTHT,H World Group Limited - American Depositary Shares,11173,2401742,2.39,37.09,0.70,-0.32,0.84,10.84,8.33,-2.88,8.30,22.54,-3.03,-3.61,-11.12,21.69,21.69,29.1,8.52,-1.30,-21.26,-2.04,2.56,0.989708,60,10.84,-2.81,-12.24,10.88,15.52,8.52,-10.29,-21.93,20.73,4.76,1.007683,49
17-09-2025,NYSE:ADT,ADT Inc. Common Stock,6686,9583862,1.77,8.68,-1.04,0.92,1.04,0.00,4.72,13.02,14.75,20.28,-1.92,-1.92,-1.92,6.63,15.12,29.36,-2.32,-4.91,-5.36,4.41,0.30,0.989383,60,0.00,4.72,8.71,1.99,6.49,-2.32,-2.76,-0.98,11.84,-4.27,0.983758,24
17-09-2025,NYSE:MO,"Altria Group, Inc.",110050,7457796,1.36,64.81,-0.12,-2.13,-3.58,-1.56,9.27,9.12,15.61,18.78,-4.24,-4.24,-4.24,12.23,16.65,32.1,-3.88,-0.36,-9.26,5.27,-1.20,0.989068,60,-1.56,10.67,-0.17,7.15,3.75,-3.88,3.19,-9.86,17.00,-7.01,0.993641,34
17-09-2025,NASDAQ:MTSR,"Metsera, Inc. - Common Stock",3450,1490863,6.98,33.25,-2.89,-10.44,-8.90,6.35,19.19,14.65,NA,NA,-24.94,-24.94,-24.94,31.01,154.2,154.2,4.03,9.56,-3.73,NA,NA,0.989064,60,6.35,13.71,-5.62,NA,NA,4.03,6.23,-15.31,NA,NA,0.94765,6
17-09-2025,NYSE:ZGN,Ermenegildo Zegna N.V. Ordinary Shares,3825,808610,2.65,9.35,-0.53,3.64,11.66,13.80,3.32,20.86,8.56,-3.53,-1.58,-1.58,-6.78,21.27,51.29,51.29,11.48,-6.31,2.48,-1.78,-23.51,0.988891,60,13.80,-12.16,18.14,-15.54,-13.22,11.48,-19.64,8.45,-5.69,-23.98,1.02338,64
17-09-2025,NYSE:VLRS,"Controladora Vuela Compania de Aviacion, S.A.B. de C.V. American Depositary Shares, each representing ten (10) Ordinary Participation Certificates",720,442551,3.04,6.42,3.89,7.79,4.67,9.03,28.50,13.71,-32.71,-2.34,0,0,-28.11,53.22,78.83,78.83,6.71,18.87,-4.67,-43.05,-22.32,0.988788,60,9.03,21.40,-20.70,-53.79,22.89,6.71,13.92,-30.39,-43.94,12.13,1.101064,92
17-09-2025,NYSE:ENB,Enbridge Inc Common Stock,107085,3198057,1.1,48.89,-0.35,1.15,1.21,3.78,5.99,11.02,13.40,17.18,-0.43,-0.43,-0.43,11.65,18.98,21.04,1.46,-3.64,-7.36,3.06,-2.80,0.988743,59,3.78,2.30,5.35,2.67,4.37,1.46,-5.18,-4.34,12.52,-6.39,0.994285,35
17-09-2025,NYSE:ABBV,AbbVie Inc. Common Stock,390074,4575708,1.58,216.26,-0.62,2.70,2.01,4.43,11.75,0.83,19.37,10.28,-1.8,-1.8,-1.8,18.62,27.09,31.07,2.11,2.12,-17.55,9.03,-9.70,0.988695,59,4.43,7.66,-12.37,18.70,-11.27,2.11,0.18,-22.06,28.55,-22.03,1.016844,58
17-09-2025,NASDAQ:AVXL,Anavex Life Sciences Corp. - Common Stock,754,962519,5.49,8.96,-1.40,-14.51,-5.80,-10.99,3.91,-2.68,8.71,41.85,-33.18,-33.18,-33.43,4.07,21.57,75.34,-13.31,-5.72,-21.06,-1.63,21.87,0.98867,59,-10.99,13.42,-6.85,11.09,36.31,-13.31,5.94,-16.54,20.94,25.55,0.953796,8
17-09-2025,NASDAQ:TER,"Teradyne, Inc. - Common Stock",18185,3606144,3.45,113.93,-0.12,-1.00,-5.86,3.96,23.04,20.85,-5.50,-12.52,-5.54,-5.54,-18.62,32.08,67.64,67.64,1.64,13.41,2.47,-15.84,-32.50,0.988651,59,3.96,19.87,-2.84,-33.30,-6.65,1.64,12.39,-12.53,-23.45,-17.41,1.070246,86
17-09-2025,NYSE:USFD,US Foods Holding Corp. Common Stock,17741,1744103,1.83,77.7,-2.06,-0.46,0.37,1.74,1.31,15.07,10.08,23.80,-8.24,-8.24,-8.24,3.21,28.49,31.23,-0.58,-8.32,-3.31,-0.26,3.82,0.988559,59,1.74,-0.43,13.94,-5.88,15.26,-0.58,-7.91,4.25,3.97,4.50,0.977213,18
17-09-2025,NYSE:KKR,KKR & Co. Inc. Common Stock,128653,2951888,2.54,144.38,-0.19,4.84,3.91,1.45,14.53,19.88,-9.01,16.64,-5.11,-5.11,-13.58,19.26,55.6,55.6,-0.87,4.90,1.50,-19.35,-3.34,0.988478,59,1.45,13.27,6.26,-36.06,23.53,-0.87,5.79,-3.43,-26.21,12.77,1.022981,64
17-09-2025,NYSE:AGCO,AGCO Corporation Common Stock,8156,719584,2.42,111.15,1.30,3.18,3.97,-0.99,7.25,14.27,11.26,19.64,-5.78,-5.78,-5.78,10.61,46.69,46.69,-3.31,-2.38,-4.11,0.92,-0.34,0.988477,59,-0.99,8.16,7.57,-3.52,9.45,-3.31,0.68,-2.12,6.33,-1.31,0.98965,29
17-09-2025,NYSE:DG,Dollar General Corporation Common Stock,23362,3174083,2.74,104.21,-0.30,-0.33,-6.00,-8.21,-9.04,23.38,23.40,20.15,-10.41,-10.41,-10.41,0,30.51,52.26,-10.53,-18.67,5.00,13.06,0.17,0.988447,59,-8.21,-0.76,29.73,0.04,-4.25,-10.53,-8.24,20.04,9.89,-15.01,0.949359,6
17-09-2025,NASDAQ:HBAN,Huntington Bancshares Incorporated - Common Stock,25712,26858222,1.87,17.43,-1.15,-1.20,-1.43,4.93,9.93,14.52,0.23,18.53,-2.52,-2.52,-4.23,12.6,39.55,39.55,2.61,0.30,-3.86,-10.11,-1.45,0.988327,59,4.93,5.25,5.10,-16.71,18.34,2.61,-2.23,-4.59,-6.86,7.58,1.008245,50
17-09-2025,NASDAQ:HIMX,"Himax Technologies, Inc. - American depositary shares, each of which represents two ordinary shares.",1441,987464,3.37,8.26,-0.48,-1.45,2.18,10.17,-10.90,-11.74,18.89,34.38,-15.37,-15.37,-35.72,15.36,40.24,60.7,7.85,-20.53,-30.12,8.55,14.40,0.988296,59,10.17,-23.45,-0.76,27.41,19.10,7.85,-30.93,-10.45,37.26,8.34,0.956237,8
17-09-2025,NYSE:DAL,"Delta Air Lines, Inc. Common Stock",38406,7491800,3.09,57.86,-0.97,-4.87,-5.65,-4.11,14.52,18.96,-9.71,23.49,-6.63,-6.63,-16.22,22.58,61.26,61.26,-6.43,4.89,0.58,-20.05,3.51,0.988007,59,-4.11,17.90,5.20,-35.38,30.26,-6.43,10.42,-4.49,-25.53,19.50,1.011555,53
17-09-2025,NASDAQ:SBLK,Star Bulk Carriers Corp. - Common Shares,2268,1221421,2.15,19.3,-0.31,-2.18,3.42,3.32,11.81,14.25,19.64,-7.15,-2.13,-2.13,-18.53,17.18,52.45,52.45,1.00,2.18,-4.13,9.30,-27.13,0.987922,59,3.32,8.79,2.76,6.28,-33.33,1.00,1.31,-6.93,16.13,-44.09,1.029517,69
17-09-2025,NASDAQ:EA,Electronic Arts Inc. - Common Stock,43433,2290030,1.83,172.08,0.18,3.51,0.37,-1.51,12.19,16.96,4.74,15.88,-3.87,-3.87,-3.87,16.44,29.84,47.67,-3.83,2.56,-1.42,-5.60,-4.10,0.987864,59,-1.51,13.49,5.43,-14.71,11.69,-3.83,6.01,-4.26,-4.86,0.93,1.006446,48
17-09-2025,NYSE:JEF,Jefferies Financial Group Inc. Common Stock,13724,1367037,2.47,66.4,-0.77,3.18,3.43,9.28,18.83,13.22,-20.86,13.31,-1.16,-1.16,-18.78,26.02,61.71,61.71,6.96,9.20,-5.16,-31.20,-6.67,0.987521,59,9.28,10.52,-6.90,-39.27,28.27,6.96,3.04,-16.59,-29.42,17.51,1.05218,80
17-09-2025,NASDAQ:CSCO,"Cisco Systems, Inc. - Common Stock",267711,16317469,1.41,66.93,-0.13,-0.61,-1.30,1.09,2.12,9.02,12.46,25.88,-6.77,-6.77,-6.77,2.45,25.83,34.91,-1.23,-7.51,-9.36,2.12,5.90,0.987414,59,1.09,1.04,7.05,3.78,15.33,-1.23,-6.44,-2.64,13.63,4.57,0.974972,17
17-09-2025,NYSE:FLS,Flowserve Corporation Common Stock,7355,1773537,2.11,56.25,-0.46,1.83,4.85,6.45,15.86,10.47,-9.16,17.85,-0.72,-0.72,-13.13,22.28,42.44,42.44,4.13,6.23,-7.91,-19.50,-2.13,0.98738,59,6.45,10.05,-6.40,-21.92,24.74,4.13,2.57,-16.09,-12.07,13.98,1.029807,69
17-09-2025,NYSE:ALK,"Alaska Air Group, Inc. Common Stock",6745,2690737,3.5,57.6,-2.66,-8.14,-8.66,0.42,15.30,4.25,-11.27,30.64,-9.8,-9.8,-24.8,23.34,40.45,45.6,-1.90,5.67,-14.13,-21.61,10.66,0.987272,59,0.42,14.94,-13.04,-16.21,37.67,-1.90,7.46,-22.73,-6.36,26.91,1.011981,54
17-09-2025,NASDAQ:RNW,ReNew Energy Global plc - Class A Shares,2804,727318,1.83,7.69,-0.39,0.52,0.52,-1.04,8.19,19.64,2.99,18.60,-1.79,-1.79,-1.79,17.4,37.08,47.32,-3.36,-1.44,1.26,-7.35,-1.38,0.987104,59,-1.04,9.14,12.46,-20.71,16.09,-3.36,1.66,2.77,-10.86,5.33,0.996693,37
17-09-2025,NASDAQ:ATRC,"AtriCure, Inc. - Common Stock",1740,426378,3.73,35.96,3.70,-0.42,-0.92,1.42,10.15,6.06,7.37,22.94,-5.04,-5.04,-15.19,22.98,23.7,33.09,-0.90,0.52,-12.32,-2.97,2.96,0.986897,59,1.42,8.86,-4.55,1.39,16.81,-0.90,1.38,-14.24,11.24,6.05,0.997739,38
17-09-2025,NASDAQ:DDOG,"Datadog, Inc. - Class A Common Stock",46812,4427383,2.9,134.59,-3.02,-4.36,-0.07,5.45,9.41,22.75,-16.26,18.55,-13.25,-13.25,-20.2,10.38,54.7,54.7,3.13,-0.22,4.37,-26.60,-1.43,0.986838,59,5.45,4.18,14.73,-50.50,29.94,3.13,-3.30,5.04,-40.65,19.18,1.020512,61
17-09-2025,NYSE:WPC,W. P. Carey Inc. REIT,14911,1114445,1.35,68.09,-0.82,0.50,2.67,4.35,7.78,8.05,18.43,8.64,-0.89,-0.89,-0.89,11.09,21.33,27.41,2.03,-1.85,-10.33,8.09,-11.34,0.986798,59,4.35,3.59,0.29,11.29,-12.01,2.03,-3.89,-9.40,21.14,-22.77,1.006698,48
17-09-2025,NYSE:PDM,"Piedmont Realty Trust, Inc. Class A Common Stock",1107,650536,2.31,8.89,0.22,3.60,4.95,13.27,15.52,17.44,-4.61,-8.66,0,0,-19.69,25.21,54.61,54.61,10.95,5.89,-0.94,-14.95,-28.64,0.986789,59,13.27,2.59,2.26,-26.70,-3.87,10.95,-4.89,-7.43,-16.85,-14.63,1.057553,82
17-09-2025,NYSE:BEPC,Brookfield Renewable Corporation Brookfield Renewable Corporation Class A Subordinate Voting Shares,4916,713598,1.82,34.24,-0.70,0.93,3.39,2.31,5.14,16.94,12.70,12.18,-7.33,-7.33,-7.33,8.98,39.81,39.81,-0.01,-4.49,-1.44,2.36,-7.80,0.986754,58,2.31,2.90,12.44,-5.10,-0.60,-0.01,-4.58,2.75,4.75,-11.36,0.995439,36
17-09-2025,NASDAQ:TPG,TPG Inc. - Class A Common Stock,23662,1440624,2.6,62.14,1.17,5.13,5.23,-2.16,19.30,20.33,-13.39,13.18,-4.18,-4.18,-12.83,27.21,56.6,56.6,-4.48,9.67,1.95,-23.73,-6.80,0.986676,58,-2.16,21.00,1.28,-42.31,23.43,-4.48,13.52,-8.41,-32.46,12.67,1.036919,73
17-09-2025,NYSE:DRI,"Darden Restaurants, Inc. Common Stock",24344,925845,1.52,210.04,-1.01,-0.86,0.94,1.28,-7.01,10.68,20.10,24.53,-6.97,-6.97,-6.97,4.21,12.57,34.7,-1.04,-16.64,-7.70,9.76,4.55,0.986365,58,1.28,-8.40,16.53,10.54,5.55,-1.04,-15.88,6.84,20.39,-5.21,0.957583,9
17-09-2025,NYSE:FNB,F.N.B. Corporation Common Stock,5836,8701038,1.88,16.03,-1.31,-2.06,-2.25,1.93,14.29,15.10,-1.62,14.60,-4.53,-4.53,-7.29,17.52,39.63,39.63,-0.39,4.66,-3.28,-11.96,-5.38,0.986355,58,1.93,12.60,0.95,-19.69,15.96,-0.39,5.12,-8.74,-9.84,5.20,1.019215,60
17-09-2025,NASDAQ:MARA,"MARA Holdings, Inc. - Common Stock",6424,63019795,5.63,17.53,7.36,9.13,8.39,10.61,12.61,26.01,-32.74,9.87,-12.22,-12.22,-36.07,23.62,66.63,66.63,8.29,2.98,7.63,-43.08,-10.11,0.986337,58,10.61,2.23,15.34,-79.41,32.10,8.29,-5.25,5.65,-69.56,21.34,1.056036,81
17-09-2025,NYSE:SQM,Sociedad Quimica y Minera S.A. Common Stock,11980,1275407,3.35,43.65,0.41,4.99,0.60,-3.28,24.05,-4.24,8.00,12.35,-7.01,-7.01,-7.01,36.07,45.35,45.35,-5.60,14.42,-22.62,-2.34,-7.63,0.986317,58,-3.28,26.46,-37.25,11.74,4.73,-5.60,18.98,-46.94,21.59,-6.03,1.045672,77
17-09-2025,NASDAQ:GNTX,Gentex Corporation - Common Stock,6378,1850490,1.8,28.51,0.91,1.05,2.60,4.14,22.59,15.33,-8.42,-1.05,-0.7,-0.7,-9.03,34.16,36.87,36.87,1.82,12.96,-3.05,-18.76,-21.03,0.986221,58,4.14,19.25,-9.38,-28.04,6.79,1.82,11.77,-19.07,-18.19,-3.97,1.060662,83
17-09-2025,NASDAQ:EVGO,EVgo Inc. - Common Stock,1378,3330538,4.78,4.42,2.94,11.76,13.12,13.80,-3.85,41.63,-46.38,0.00,-3.7,-3.7,-50.56,33.94,83.4,86.5,11.48,-13.48,23.25,-56.72,-19.98,0.986151,58,13.80,-20.47,43.79,-150.78,31.68,11.48,-27.95,34.10,-140.93,20.92,1.076241,88
17-09-2025,NYSE:NE,Noble Corporation plc A Ordinary Shares,4804,2286042,3.48,31.6,3.32,5.28,9.05,14.84,7.47,23.48,-3.32,-8.86,0,0,-16.6,22.96,71.65,71.65,12.52,-2.16,5.10,-13.66,-28.84,0.985911,58,14.84,-8.66,17.31,-35.03,-5.36,12.52,-16.14,7.62,-25.18,-16.12,1.042692,75
17-09-2025,NYSE:WAL,Western Alliance Bancorporation Common Stock (DE),9807,1057785,2.56,87.31,-1.99,-1.20,-1.89,5.45,17.25,11.72,-4.12,10.03,-4.41,-4.41,-9.15,23.34,43.13,43.13,3.13,7.62,-6.66,-14.46,-9.95,0.985881,58,5.45,12.48,-6.69,-17.94,13.60,3.13,5.00,-16.38,-8.09,2.84,1.035961,72
17-09-2025,NASDAQ:WMG,Warner Music Group Corp. - Class A Common Stock,17311,1756794,1.98,33.36,-0.48,-0.36,0.75,2.49,19.96,0.78,2.31,14.36,-2.57,-2.57,-8.1,27.38,28.75,28.75,0.17,10.33,-17.60,-8.03,-5.62,0.985809,58,2.49,17.92,-23.97,1.54,12.34,0.17,10.44,-33.66,11.39,1.58,1.036088,72
17-09-2025,NASDAQ:CART,Maplebear Inc. - Common Stock,11823,4238218,3.05,45.75,-1.38,0.61,4.13,4.00,4.11,11.17,8.96,20.61,-11.63,-11.63,-13.92,7.02,23.25,25.96,1.68,-5.52,-7.21,-1.38,0.63,0.985767,58,4.00,0.11,7.36,-2.49,12.80,1.68,-7.37,-2.33,7.36,2.04,0.988442,27
17-09-2025,NYSE:DELL,Dell Technologies Inc. Class C Common Stock,87637,7149732,2.87,127.68,0.69,5.00,5.26,-8.30,10.92,23.51,7.04,12.16,-9.86,-9.86,-11.46,12.26,78.25,78.25,-10.62,1.29,5.13,-3.30,-7.82,0.985762,58,-8.30,17.75,14.14,-21.53,5.51,-10.62,10.27,4.45,-11.68,-5.25,0.999725,40
17-09-2025,NASDAQ:UMBF,UMB Financial Corporation - Common Stock,9152,494879,2.33,118.89,-1.27,-2.95,-2.22,3.20,15.27,14.26,-5.11,14.28,-5.33,-5.33,-6.83,20.43,37.6,37.6,0.88,5.64,-4.12,-15.45,-5.70,0.985587,58,3.20,12.47,-1.20,-22.59,18.45,0.88,4.99,-10.89,-12.74,7.69,1.02509,66
17-09-2025,NASDAQ:AMZN,"Amazon.com, Inc. - Common Stock",2470207,35588975,1.81,234.05,1.12,-1.79,3.72,1.29,7.67,16.37,1.62,20.10,-1.76,-1.76,-3.31,12.27,39.88,39.88,-1.03,-1.96,-2.01,-8.72,0.12,0.985579,58,1.29,6.46,9.42,-17.64,18.79,-1.03,-1.02,-0.27,-7.79,8.03,0.996786,37
17-09-2025,NASDAQ:FWONK,Liberty Media Corporation - Series C Liberty Formula One Common Stock,34449,949942,2.19,100.5,1.56,-0.99,-0.57,1.06,2.94,12.78,6.71,25.07,-4.53,-4.53,-4.53,5.6,30.2,35.1,-1.26,-6.69,-5.60,-3.63,5.09,0.985465,58,1.06,1.89,10.14,-6.96,19.69,-1.26,-5.59,0.45,2.89,8.93,0.979395,20
17-09-2025,NASDAQ:SSNC,"SS&C Technologies Holdings, Inc. - Common Stock",21694,1028785,1.67,88.46,-0.32,-0.36,1.06,1.84,8.99,7.20,12.67,16.69,-1.93,-1.93,-1.93,11.37,22.93,26.5,-0.48,-0.64,-11.18,2.33,-3.29,0.985339,58,1.84,7.28,-1.96,5.90,4.60,-0.48,-0.20,-11.65,15.75,-6.16,0.999452,40
17-09-2025,NYSE:NVST,Envista Holdings Corporation Common Stock,3486,1537736,2.71,21.1,-0.14,1.37,1.80,2.18,10.05,18.63,2.75,11.52,-2.85,-2.85,-5.51,14.49,42.95,42.95,-0.14,0.42,0.25,-7.59,-8.46,0.985163,58,2.18,8.04,9.54,-19.51,9.02,-0.14,0.56,-0.15,-9.66,-1.74,1.010274,52
17-09-2025,NYSE:ASB,Associated Banc-Corp Common Stock,4299,1299866,1.97,25.64,-1.09,-2.11,-2.69,3.08,10.45,13.34,-2.46,20.16,-5.07,-5.07,-8.88,13.3,35.59,35.59,0.76,0.82,-5.04,-12.80,0.18,0.985037,58,3.08,7.61,3.22,-18.23,22.08,0.76,0.13,-6.47,-8.38,11.32,1.006724,48
17-09-2025,NYSE:XHR,"Xenia Hotels & Resorts, Inc. Common Stock",1404,845644,2.22,14.66,-0.82,2.18,3.41,10.78,16.03,11.32,-10.57,8.59,-0.81,-0.81,-10.34,20.07,59,59,8.46,6.40,-7.06,-20.91,-11.39,0.984985,58,10.78,5.89,-5.61,-24.69,17.33,8.46,-1.59,-15.30,-14.84,6.57,1.043751,76
17-09-2025,NYSE:MCK,McKesson Corporation Common Stock,86104,732176,1.91,693.45,-1.36,-1.74,0.26,2.94,-3.77,5.51,16.84,26.29,-5.7,-5.7,-5.7,5.23,6.22,44.75,0.62,-13.40,-12.87,6.50,6.31,0.984977,58,2.94,-6.91,8.94,11.99,11.36,0.62,-14.39,-0.75,21.84,0.60,0.964362,11
17-09-2025,NASDAQ:DOCU,"DocuSign, Inc. - Common Stock",16997,3400624,3.11,81.71,0.17,2.34,9.35,13.23,7.38,-2.11,-15.96,30.87,-0.02,-12.93,-23.63,21.7,21.7,46.72,10.91,-2.25,-20.49,-26.30,10.89,0.98483,58,13.23,-6.74,-10.24,-13.57,40.38,10.91,-14.22,-19.93,-3.72,29.62,1.011119,53
17-09-2025,NYSE:DEC,Diversified Energy Company plc Ordinary Shares,1087,441937,2.53,15.41,1.36,-1.10,-3.18,2.01,5.45,15.25,-7.33,27.90,-7.22,-7.22,-11.99,7.91,44.97,44.97,-0.31,-4.18,-3.13,-17.67,7.92,0.984747,58,2.01,3.51,10.36,-26.65,32.83,-0.31,-3.97,0.67,-16.80,22.07,0.991118,30
17-09-2025,NYSE:L,Loews Corporation Common Stock,20077,752231,1.14,95.89,-1.07,-0.02,-0.34,0.93,7.60,8.83,11.62,18.58,-2.2,-2.2,-2.2,8.63,18.54,25.36,-1.39,-2.03,-9.55,1.28,-1.40,0.984735,57,0.93,6.74,1.33,3.05,7.88,-1.39,-0.74,-8.36,12.90,-2.88,0.993408,33
17-09-2025,NYSE:BXP,"BXP, Inc. Common Stock",12501,1850548,2.62,78.93,1.42,8.27,8.27,17.09,7.74,13.04,-1.34,0.41,0,0,-12.03,27.08,38.81,38.81,14.77,-1.89,-5.34,-11.68,-19.57,0.984701,57,17.09,-11.28,5.74,-16.54,1.73,14.77,-18.76,-3.95,-6.69,-9.03,1.035755,72
17-09-2025,NASDAQ:COLL,"Collegium Pharmaceutical, Inc. - Common Stock",1120,457136,3.1,35.62,1.97,-6.60,-9.94,-5.95,16.59,16.70,14.60,-2.55,-10.03,-10.03,-14.91,20.99,44.39,44.39,-8.27,6.96,-1.68,4.26,-22.53,0.984665,57,-5.95,21.28,0.13,-2.53,-20.09,-8.27,13.80,-9.56,7.32,-30.85,1.026427,67
17-09-2025,NASDAQ:GRFS,"Grifols, S.A. - American Depositary Shares",8645,538999,1.97,9.83,2.03,-0.51,1.53,-9.05,7.53,17.60,21.57,7.32,-9.4,-9.4,-9.4,17.44,51.46,51.46,-11.37,-2.10,-0.78,11.23,-12.66,0.984659,57,-9.05,15.21,10.89,4.81,-18.16,-11.37,7.73,1.20,14.66,-28.92,0.991392,30
17-09-2025,NYSE:BNL,"Broadstone Net Lease, Inc. Common Stock",3499,1606803,1.49,18.5,-0.54,-0.27,0.22,9.30,13.41,7.51,8.70,1.08,-1.49,-1.49,-2.37,17.46,25.68,25.68,6.98,3.78,-10.87,-1.64,-18.90,0.98462,57,9.30,4.53,-6.80,1.29,-8.35,6.98,-2.95,-16.49,11.14,-19.11,1.03461,72
17-09-2025,NYSE:PFS,"Provident Financial Services, Inc Common Stock",2577,518912,1.79,19.62,0.25,-0.66,-1.07,4.38,17.23,12.95,-4.79,9.28,-2.49,-2.49,-10.25,22.78,33.56,33.56,2.06,7.60,-5.43,-15.13,-10.70,0.984615,57,4.38,13.43,-5.17,-20.37,13.42,2.06,5.95,-14.86,-10.52,2.66,1.035382,72
17-09-2025,NASDAQ:WOOF,"Petco Health and Wellness Company, Inc. - Class A Common Stock",972,4787013,6.34,3.52,1.42,-3.69,-2.84,5.11,27.56,28.98,-39.49,-28.98,-19.27,-19.27,-38.99,46.67,46.67,48.52,2.79,17.93,10.60,-49.83,-48.96,0.984556,57,5.11,23.65,1.96,-96.40,7.54,2.79,16.17,-7.73,-86.55,-3.22,1.121896,94
17-09-2025,NYSE:TXNM,"TXNM Energy, Inc. Common Stock",5966,808469,0.45,56.63,-0.46,-0.37,-0.19,-0.46,0.11,6.73,14.76,26.56,-1.27,-1.27,-1.27,0.66,15.69,36.16,-2.78,-9.52,-11.65,4.42,6.58,0.984354,57,-0.46,0.56,6.63,8.61,13.84,-2.78,-6.92,-3.06,18.46,3.08,0.96776,13
17-09-2025,NASDAQ:FITB,Fifth Third Bancorp - Common Stock,30387,4171891,1.67,45,-0.80,-0.93,-1.27,5.60,14.84,13.36,-1.82,8.51,-2.72,-2.72,-7.1,18.08,35.05,35.05,3.28,5.21,-5.02,-12.16,-11.47,0.984312,57,5.60,9.79,-1.75,-17.52,10.15,3.28,2.31,-11.44,-7.67,-0.61,1.029848,69
17-09-2025,NASDAQ:ECX,ECARX Holdings Inc. - Class A Ordinary shares,807,2645303,6.85,2.05,11.22,20.98,21.46,17.07,14.15,-28.78,3.41,19.51,-8.89,-28.57,-36.92,62.7,149.03,149.03,14.75,4.52,-47.16,-6.93,-0.47,0.984263,57,17.07,-3.53,-50.00,25.00,16.67,14.75,-11.01,-59.69,34.85,5.91,1.046961,77
17-09-2025,NYSE:KT,KT Corporation Common Stock,8917,1513357,1.55,20.01,-0.20,0.05,1.15,-2.90,-0.75,6.90,21.29,22.94,-6.41,-6.41,-6.41,1.37,19.75,35.29,-5.22,-10.38,-11.48,10.95,2.96,0.984235,57,-2.90,2.09,7.59,15.46,2.10,-5.22,-5.39,-2.10,25.31,-8.66,0.965742,12
17-09-2025,NYSE:CAH,"Cardinal Health, Inc. Common Stock",35504,2203669,1.9,148.37,-1.28,-1.73,-0.80,-0.84,-9.46,12.36,20.86,24.25,-11.68,-11.68,-11.68,1.6,18.7,37.52,-3.16,-19.09,-6.02,10.52,4.27,0.983813,57,-0.84,-8.56,19.94,9.70,4.28,-3.16,-16.04,10.25,19.55,-6.48,0.951069,7
17-09-2025,NYSE:JNJ,Johnson & Johnson Common Stock,426758,7476376,1.23,176.46,-0.53,-0.28,-0.91,-0.10,12.04,7.72,16.90,6.70,-1.58,-1.58,-1.58,17.8,20.57,24.22,-2.42,2.41,-10.66,6.56,-13.28,0.98372,57,-0.10,12.13,-4.91,9.95,-12.27,-2.42,4.65,-14.60,19.80,-23.03,1.013309,55
17-09-2025,NASDAQ:VCTR,"Victory Capital Holdings, Inc. - Common Stock",4492,646807,2.29,68.35,0.26,-4.11,-3.91,-4.26,8.76,12.90,3.19,24.64,-5.94,-5.94,-5.94,11.03,33.29,33.29,-6.58,-0.87,-5.48,-7.15,4.66,0.983527,57,-4.26,12.49,4.54,-11.15,22.16,-6.58,5.01,-5.15,-1.30,11.40,0.987823,27
17-09-2025,NYSE:PNC,"PNC Financial Services Group, Inc. (The) Common Stock",80246,1559303,1.67,200.94,-0.76,0.26,-2.23,4.81,12.84,13.41,-1.21,11.62,-3.13,-3.13,-6.54,16.02,34.17,34.17,2.49,3.21,-4.97,-11.55,-8.36,0.983357,57,4.81,8.43,0.65,-16.89,12.68,2.49,0.95,-9.04,-7.04,1.92,1.020903,62
17-09-2025,NYSE:VALE,VALE S.A.  American Depositary Shares Each Representing one common share,46405,23395248,1.51,10.91,0.73,5.13,6.78,9.07,9.99,7.61,9.90,4.95,0,0,-7.54,20.42,32.08,32.08,6.75,0.36,-10.77,-0.44,-15.03,0.983344,57,9.07,1.01,-2.65,2.48,-5.49,6.75,-6.47,-12.34,12.33,-16.25,1.022078,63
17-09-2025,NYSE:MMM,3M Company Common Stock,82643,2689707,2,156.5,-0.10,2.19,1.42,2.63,7.30,2.10,17.08,15.64,-2.31,-2.31,-2.31,10.05,24.12,25.45,0.31,-2.33,-16.28,6.74,-4.34,0.983296,57,2.63,4.80,-5.61,15.30,-1.74,0.31,-2.68,-15.30,25.15,-12.50,0.997714,38
17-09-2025,NYSE:XPO,"XPO, Inc. Common Stock",15277,1155433,3.48,135.4,1.09,3.56,6.26,5.91,9.48,17.83,-16.79,20.72,-2.1,-2.1,-14.41,13.98,48.04,48.04,3.59,-0.15,-0.55,-27.13,0.74,0.983235,57,5.91,3.80,9.22,-42.13,32.12,3.59,-3.68,-0.47,-32.28,21.36,1.017152,58
17-09-2025,NYSE:BEN,"Franklin Resources, Inc. Common Stock",12570,3507692,1.78,24.24,-0.50,-1.32,-4.87,-4.50,6.02,18.32,7.63,18.85,-6.88,-6.88,-6.88,8.46,45.5,45.5,-6.82,-3.61,-0.06,-2.71,-1.13,0.983189,57,-4.50,10.07,13.08,-13.08,12.15,-6.82,2.59,3.39,-3.23,1.39,0.985289,24
17-09-2025,NYSE:GPC,Genuine Parts Company Common Stock,19366,1290973,1.83,139.63,0.42,0.49,2.58,1.31,13.70,11.57,11.92,2.45,-2.2,-2.2,-2.78,17.46,32.3,32.3,-1.01,4.07,-6.81,1.58,-17.53,0.982965,57,1.31,12.55,-2.47,0.40,-10.75,-1.01,5.07,-12.16,10.25,-21.51,1.022838,64
17-09-2025,NYSE:PINS,"Pinterest, Inc. Class A Common Stock",24811,8539780,2.85,36.25,-0.03,-0.69,-1.32,1.30,2.84,11.53,11.92,19.14,-7.45,-7.45,-9.38,6.62,49.73,49.73,-1.02,-6.79,-6.85,1.58,-0.84,0.982617,57,1.30,1.57,8.94,0.44,8.21,-1.02,-5.91,-0.75,10.29,-2.55,0.982726,23
17-09-2025,NASDAQ:EBC,"Eastern Bankshares, Inc. - Common Stock",3711,1514633,2.22,17.4,0.46,1.61,1.55,9.37,16.32,5.69,-4.31,8.68,-0.11,-0.11,-9.14,22.71,22.71,22.71,7.05,6.69,-12.69,-14.65,-11.30,0.982422,57,9.37,7.67,-12.71,-10.60,12.45,7.05,0.19,-22.40,-0.75,1.69,1.039674,74
17-09-2025,NASDAQ:TTAN,"ServiceTitan, Inc. - Class A Common Stock",10595,1306803,3.38,117.25,1.28,-2.02,12.17,11.56,9.13,16.42,NA,NA,-1.98,-9.37,-9.37,19.01,37.83,42.4,9.24,-0.50,-1.96,NA,NA,0.982405,56,11.56,-2.75,8.02,NA,NA,9.24,-10.23,-1.67,NA,NA,0.926623,3
17-09-2025,NYSE:DKS,Dick's Sporting Goods Inc Common Stock,19980,2345826,3.35,222.66,-1.54,1.07,6.01,-0.59,19.77,11.16,0.73,5.37,-3.58,-3.58,-10.95,28.32,33.15,33.15,-2.91,10.14,-7.22,-9.61,-14.61,0.982308,56,-0.59,20.24,-10.74,-11.74,4.68,-2.91,12.76,-20.43,-1.89,-6.08,1.037574,73
17-09-2025,NYSE:COR,"Cencora, Inc. Common Stock",56046,1503245,2.05,290,-0.48,-2.99,-1.67,-0.97,-0.86,10.01,20.04,18.05,-4.51,-4.79,-4.79,4.17,11.13,32.12,-3.29,-10.49,-8.37,9.70,-1.93,0.982254,56,-0.97,0.11,10.78,11.14,-2.48,-3.29,-7.37,1.09,20.99,-13.24,0.972286,16
17-09-2025,NYSE:NSC,Norfolk Southern Corporation Common Stock,62370,2049163,1.77,278.09,0.33,1.67,-0.06,-0.95,9.34,15.71,11.09,8.45,-2.91,-2.91,-2.91,11.05,34.77,34.77,-3.27,-0.29,-2.67,0.75,-11.53,0.982186,56,-0.95,10.19,7.04,-5.49,-2.97,-3.27,2.71,-2.65,4.36,-13.73,1.004172,45
17-09-2025,NYSE:HSY,The Hershey Company Common Stock,38739,1203761,1.81,193.45,4.08,2.98,3.96,7.99,11.91,11.87,8.50,-2.59,0,0,-3.67,19.45,27.87,33.65,5.67,2.28,-6.51,-1.84,-22.57,0.982129,56,7.99,4.26,-0.05,-3.82,-12.12,5.67,-3.22,-9.74,6.03,-22.88,1.031615,70
17-09-2025,NASDAQ:AXSM,"Axsome Therapeutics, Inc. - Common Stock",5820,602089,3.09,114.1,-2.34,-10.15,-8.21,4.28,10.88,-10.15,14.34,19.59,-11.75,-11.75,-17.17,13.66,19.29,42.54,1.96,1.25,-28.53,4.00,-0.39,0.982054,56,4.28,6.89,-23.59,22.23,6.13,1.96,-0.59,-33.28,32.08,-4.63,1.00901,51
17-09-2025,NASDAQ:EXEL,"Exelixis, Inc. - Common Stock",10887,2335317,2.41,39.14,0.33,2.20,5.01,2.12,-6.67,5.42,9.50,32.78,-15.19,-15.39,-15.39,8.06,14.68,54.16,-0.20,-16.30,-12.96,-0.84,12.80,0.982024,56,2.12,-8.98,11.33,4.32,25.72,-0.20,-16.46,1.64,14.17,14.96,0.95394,8
17-09-2025,NASDAQ:HLMN,Hillman Solutions Corp. - Common Stock,1882,963570,2.78,9.74,-0.31,1.03,-0.92,-0.10,29.47,5.85,-15.61,-0.21,-5.89,-5.89,-15.6,46.25,46.25,46.25,-2.42,19.84,-12.53,-25.95,-20.19,0.981927,56,-0.10,29.54,-33.48,-22.79,13.32,-2.42,22.06,-43.17,-12.94,2.56,1.082296,89
17-09-2025,NYSE:F,Ford Motor Company Common Stock,46405,49276395,1.83,11.61,-0.60,1.03,-0.95,1.46,8.53,14.56,10.34,8.53,-2.52,-2.52,-2.52,11.42,33.6,33.6,-0.86,-1.10,-3.82,0.00,-11.45,0.981862,56,1.46,7.17,6.59,-4.94,-2.02,-0.86,-0.31,-3.10,4.91,-12.78,1.00518,46
17-09-2025,NASDAQ:REAX,"The Real Brokerage, Inc. - Common Shares",1051,2940977,4.71,5.05,-0.79,-1.58,-3.96,11.09,20.59,9.31,-4.55,-11.49,-6.13,-6.13,-22.31,31.51,31.51,31.51,8.77,10.96,-9.07,-14.89,-31.47,0.98182,56,11.09,10.69,-14.21,-15.28,-6.63,8.77,3.21,-23.90,-5.43,-17.39,1.069854,86
17-09-2025,NASDAQ:ADI,"Analog Devices, Inc. - Common Stock",121178,3538451,2.23,244.1,-0.33,-1.67,-1.73,5.11,5.04,13.28,11.05,9.25,-4.51,-4.51,-4.51,10.61,48.3,48.3,2.79,-4.59,-5.10,0.71,-10.73,0.981657,56,5.11,-0.07,8.68,-2.57,-2.03,2.79,-7.55,-1.01,7.28,-12.79,1.001176,42
17-09-2025,NASDAQ:FWRD,Forward Air Corporation - Common Stock,823,529360,4.1,29.25,-2.60,-1.71,-0.07,-1.78,19.69,30.77,-15.32,-16.31,-9.36,-9.36,-27.17,32.29,178.57,178.57,-4.10,10.06,12.39,-25.66,-36.29,0.981602,56,-1.78,21.10,13.79,-66.57,-0.86,-4.10,13.62,4.10,-56.72,-11.62,1.066382,85
17-09-2025,NYSE:AM,Antero Midstream Corporation Common Stock,8862,2304689,1.57,18.31,-0.38,0.27,3.44,2.18,0.71,4.81,17.04,20.32,-3.38,-3.58,-3.58,8.54,15.3,28.76,-0.14,-8.92,-13.57,6.70,0.34,0.981583,56,2.18,-1.51,4.13,12.85,3.95,-0.14,-8.99,-5.56,22.70,-6.81,0.977701,19
17-09-2025,NYSE:MTG,MGIC Investment Corporation Common Stock,6455,1544856,1.45,27.88,-0.39,-1.33,0.18,1.33,3.37,17.32,11.01,11.73,-3.6,-3.6,-3.6,11.25,24.3,24.3,-0.99,-6.26,-1.06,0.67,-8.25,0.981557,56,1.33,2.07,14.44,-7.64,0.81,-0.99,-5.41,4.75,2.21,-9.95,0.991204,30
17-09-2025,NASDAQ:FIBK,"First Interstate BancSystem, Inc. - Common Stock",3402,813982,2.02,32.06,-1.12,-1.34,-1.56,6.30,17.40,9.11,-7.42,9.11,-2.43,-2.43,-9.61,23.45,34.37,34.37,3.98,7.77,-9.27,-17.76,-10.87,0.981381,56,6.30,11.85,-10.05,-18.19,15.39,3.98,4.37,-19.74,-8.34,4.63,1.039227,74
17-09-2025,NYSE:TRP,TC Energy Corporation Common Stock,54496,1797842,1.34,52.1,-0.35,0.56,0.79,1.96,5.55,8.35,9.21,19.42,-0.4,-0.4,-0.4,11.85,17.13,27.13,-0.36,-4.08,-10.03,-1.13,-0.56,0.981172,56,1.96,3.66,2.97,0.94,11.24,-0.36,-3.82,-6.72,10.79,0.48,0.989718,29
17-09-2025,NYSE:XPRO,Expro Group Holdings N.V. Common Stock,1398,1065657,3.72,12.25,0.73,1.31,-0.57,10.69,22.20,13.55,2.29,-40.65,-2.47,-2.47,-32.17,48.13,77.28,77.28,8.37,12.57,-4.83,-8.05,-60.63,0.981143,56,10.69,12.89,-11.12,-13.03,-43.94,8.37,5.41,-20.81,-3.18,-54.70,1.095584,91
17-09-2025,NYSE:ATO,Atmos Energy Corporation Common Stock,26238,840798,1.19,163.21,-1.59,-0.53,-1.38,-1.32,6.84,7.19,14.20,17.43,-2.97,-2.97,-2.97,7.72,12.51,21.1,-3.64,-2.79,-11.19,3.86,-2.55,0.981056,56,-1.32,8.06,0.37,7.56,3.76,-3.64,0.58,-9.32,17.41,-7.00,0.989531,28
17-09-2025,NYSE:DOCN,"DigitalOcean Holdings, Inc. Common Stock",3300,2297308,4,36.33,-1.79,5.53,12.28,14.56,22.52,-1.49,-5.73,-10.57,-1.76,-4.34,-22.19,41.14,41.14,41.14,12.24,12.89,-19.87,-16.07,-30.55,0.980868,56,14.56,9.31,-30.98,-4.18,-4.58,12.24,1.83,-40.67,5.67,-15.34,1.082777,89
17-09-2025,NYSE:BRFS,BRF S.A.,6962,1630115,2.77,4.16,5.29,13.22,12.74,11.30,11.78,23.32,-14.66,-5.05,0,0,-12.79,21.64,33.76,35.5,8.98,2.15,4.94,-25.00,-25.03,0.980855,56,11.30,0.54,13.08,-49.53,8.39,8.98,-6.94,3.39,-39.68,-2.37,1.049449,79
17-09-2025,NASDAQ:GO,Grocery Outlet Holding Corp. - Common Stock,1651,2396324,3.26,16.76,0.30,-4.74,-11.34,-9.37,22.73,22.73,-12.53,2.92,-10.18,-10.18,-21.13,34.94,37.26,52.5,-11.69,13.10,4.35,-22.87,-17.06,0.980766,56,-9.37,29.35,0.00,-45.64,13.73,-11.69,21.87,-9.69,-35.79,2.97,1.046956,77
17-09-2025,NYSE:BAM,Brookfield Asset Management Inc Class A Limited Voting Shares,94658,2220893,2.29,58.52,1.16,4.08,-1.04,-4.94,6.31,18.08,-0.94,23.62,-7.39,-7.39,-7.39,8.39,36.41,36.41,-7.26,-3.32,-0.30,-11.28,3.64,0.980658,56,-4.94,10.71,12.57,-23.22,24.33,-7.26,3.23,2.88,-13.37,13.57,0.985372,25
17-09-2025,NYSE:LION,Lionsgate Studios Corp Common Shares,2076,2625600,4.47,7.16,-1.40,6.70,13.41,12.71,12.43,-7.82,2.37,14.25,-6.53,-12.58,-20.44,28.09,28.09,28.09,10.39,2.80,-26.20,-7.97,-5.73,0.98063,56,12.71,-0.32,-23.13,9.46,12.16,10.39,-7.80,-32.82,19.31,1.40,1.030178,69
17-09-2025,NYSE:SMWB,Similarweb Ltd. Ordinary Shares,807,537205,4.64,10,0.10,1.00,2.90,15.40,20.90,7.00,-33.70,4.30,-3.85,-3.85,-42.73,45.56,53.85,53.85,13.08,11.27,-11.38,-44.04,-15.68,0.98016,55,15.40,6.50,-17.57,-43.76,28.42,13.08,-0.98,-27.26,-33.91,17.66,1.07912,88
17-09-2025,NASDAQ:CRUS,"Cirrus Logic, Inc. - Common Stock",6117,493375,2.43,118.74,1.82,1.95,4.67,6.47,12.34,15.50,10.17,-12.85,0,0,-11.39,22.1,53.35,53.35,4.15,2.71,-2.88,-0.17,-32.83,0.98014,55,6.47,6.28,3.61,-6.31,-25.63,4.15,-1.20,-6.08,3.54,-36.39,1.039141,74
17-09-2025,NASDAQ:FTRE,Fortrea Holdings Inc. - Common Stock,936,1888462,6.43,10.06,-1.39,-0.10,0.50,20.08,42.45,0.80,-93.34,-104.87,-13.5,-13.5,-57.91,126.07,147.78,147.78,17.76,32.82,-17.58,-103.68,-124.85,0.980135,55,20.08,27.99,-72.37,-94.89,-5.96,17.76,20.51,-82.06,-85.04,-16.72,1.263854,99
17-09-2025,NASDAQ:NTLA,"Intellia Therapeutics, Inc. - Common Stock",1332,4289545,5.76,12.27,5.70,3.18,7.09,10.43,26.98,21.92,-14.91,-68.46,-13.83,-13.83,-46.49,36.94,95.38,95.38,8.11,17.35,3.54,-25.25,-88.44,0.97996,55,10.43,18.47,-6.92,-47.18,-46.60,8.11,10.99,-16.61,-37.33,-57.36,1.133552,95
17-09-2025,NYSE:HTH,Hilltop Holdings Inc.,2142,429276,1.78,33.8,-0.41,-2.75,-3.31,5.33,12.78,8.52,4.82,6.80,-5.43,-5.43,-5.43,15.75,20.93,24.49,3.01,3.15,-9.86,-5.52,-13.18,0.979902,55,5.33,7.87,-4.88,-4.04,2.08,3.01,0.39,-14.57,5.81,-8.68,1.023051,64
17-09-2025,NYSE:MSI,"Motorola Solutions, Inc. Common Stock",79612,894787,1.55,476.84,-1.17,-0.23,-0.45,3.47,14.55,11.59,-0.27,7.77,-2.75,-2.75,-5.5,17.81,20.8,20.8,1.15,4.92,-6.79,-10.61,-12.21,0.979823,55,3.47,11.48,-3.47,-13.41,8.01,1.15,4.00,-13.16,-3.56,-2.75,1.025958,66
17-09-2025,NYSE:SMFG,Sumitomo Mitsui Financial Group Inc Unsponsored American Depositary Shares (Japan),106999,2118503,1,16.6,-1.02,0.12,0.78,-3.19,9.28,3.37,9.16,23.01,-3.09,-3.09,-3.09,14.25,35.73,36.4,-5.51,-0.35,-15.01,-1.18,3.03,0.979713,55,-3.19,12.08,-6.51,5.99,15.25,-5.51,4.60,-16.20,15.84,4.49,0.989665,29
17-09-2025,NYSE:XYL,Xylem Inc. Common Stock New,34318,1170808,1.58,140.72,-0.72,2.25,0.26,-0.06,9.33,12.54,12.32,6.90,-2.7,-2.7,-2.7,13.06,36.81,36.81,-2.38,-0.30,-5.84,1.98,-13.08,0.979688,55,-0.06,9.39,3.53,-0.24,-6.18,-2.38,1.91,-6.16,9.61,-16.94,1.006137,47
17-09-2025,NASDAQ:CRMD,CorMedix Inc. - Common Stock,830,4687844,5.74,11.59,-9.15,-12.42,-26.32,-11.56,-23.73,9.66,17.77,40.81,-30.01,-30.01,-30.01,15.09,97.78,97.78,-13.88,-33.36,-8.72,7.43,20.83,0.979576,55,-11.56,-10.90,26.99,8.98,28.02,-13.88,-18.38,17.30,18.83,17.26,0.903048,2
17-09-2025,NYSE:GXO,"GXO Logistics, Inc. Common Stock",5779,891705,2.51,50.84,0.20,-0.10,-0.81,-3.36,14.91,18.94,2.99,2.66,-6.87,-6.87,-19.31,18.92,61.24,61.24,-5.68,5.28,0.56,-7.35,-17.32,0.979541,55,-3.36,17.68,4.74,-19.68,-0.34,-5.68,10.20,-4.95,-9.83,-11.10,1.022624,63
17-09-2025,NYSE:SPG,"Simon Property Group, Inc. Common Stock",59264,1713606,1.45,181.52,-1.23,1.17,1.46,4.54,13.03,8.08,2.69,9.80,-1.29,-1.29,-3.33,15.54,29.32,29.32,2.22,3.40,-10.30,-7.65,-10.18,0.979455,55,4.54,8.90,-5.70,-5.86,7.30,2.22,1.42,-15.39,3.99,-3.46,1.02079,62
17-09-2025,NYSE:OHI,"Omega Healthcare Investors, Inc. Common Stock",12408,1701227,1.31,42.06,-1.50,-1.83,-1.43,2.50,14.24,9.13,7.63,3.54,-2.95,-2.95,-2.95,16.61,18.31,18.31,0.18,4.61,-9.25,-2.71,-16.44,0.979269,55,2.50,12.05,-5.96,-1.65,-4.43,0.18,4.57,-15.65,8.20,-15.19,1.025371,66
17-09-2025,NASDAQ:MTSI,"MACOM Technology Solutions Holdings, Inc. - Common Stock",9821,771853,2.87,131.18,-0.18,1.06,0.10,6.17,0.00,15.81,-5.18,22.90,-8.45,-8.45,-11.83,10.84,49.68,49.68,3.85,-9.63,-2.57,-15.52,2.92,0.979163,55,6.17,-6.57,15.81,-24.93,26.69,3.85,-14.05,6.12,-15.08,15.93,0.987927,27
17-09-2025,NYSE:FCX,"Freeport-McMoRan, Inc. Common Stock",64739,11521969,2.65,45.3,-0.75,3.11,0.79,6.49,7.48,12.78,5.08,7.70,-4.05,-4.05,-12.73,15.74,55.4,55.4,4.17,-2.15,-5.60,-5.26,-12.28,0.979096,55,6.49,1.06,5.73,-8.83,2.77,4.17,-6.42,-3.96,1.02,-7.99,1.010984,53
17-09-2025,NASDAQ:HAS,"Hasbro, Inc. - Common Stock",10366,1404237,1.97,74.69,-1.75,-5.29,-6.77,-8.64,6.59,19.37,13.80,9.88,-8.75,-8.75,-8.75,10.65,47.29,47.29,-10.96,-3.04,0.99,3.46,-10.10,0.97871,55,-8.64,14.01,13.69,-6.91,-4.55,-10.96,6.53,4.00,2.94,-15.31,0.988104,27
17-09-2025,NYSE:HUBB,Hubbell Inc Common Stock,23023,453891,2.19,435.44,-0.61,-0.41,1.21,1.79,10.00,20.99,-4.95,8.33,-3.44,-3.44,-7.77,11.3,37.82,37.82,-0.53,0.37,2.61,-15.29,-11.65,0.978666,55,1.79,8.36,12.20,-32.83,12.65,-0.53,0.88,2.51,-22.98,1.89,1.016232,57
17-09-2025,NASDAQ:SEIC,SEI Investments Company - Common Stock,10712,625281,1.57,87.21,0.70,0.64,-1.02,-1.12,3.43,14.05,1.69,23.66,-7.03,-7.03,-7.03,4.79,31.24,31.24,-3.44,-6.20,-4.33,-8.65,3.68,0.978661,55,-1.12,4.50,11.00,-14.38,22.35,-3.44,-2.98,1.31,-4.53,11.59,0.981056,21
17-09-2025,NYSE:CXW,"CoreCivic, Inc. Common Stock",2209,931596,2.67,20.63,-1.65,0.97,2.52,-0.92,-0.48,2.67,-5.96,37.95,-8.43,-10.54,-13.83,5.26,8.24,66.77,-3.24,-10.11,-15.71,-16.30,17.97,0.978212,55,-0.92,0.43,3.14,-8.86,41.45,-3.24,-7.05,-6.55,0.99,30.69,0.964131,11
17-09-2025,NYSE:PAY,"Paymentus Holdings, Inc. Class A Common Stock",4401,902891,3.33,33.07,2.72,-7.77,-13.61,-13.24,-1.33,14.24,-1.69,37.35,-15.05,-16.99,-16.99,18.91,37.05,66.85,-15.56,-10.96,-4.14,-12.03,17.37,0.978126,55,-13.24,10.52,15.37,-18.58,38.39,-15.56,3.04,5.68,-8.73,27.63,0.949825,7
17-09-2025,NYSE:UTI,Universal Technical Institute Inc Common Stock,1505,594953,3.13,27.57,1.05,-0.94,1.70,5.59,-22.02,1.85,5.33,40.01,-20.68,-23.2,-23.2,8.12,9.19,81.38,3.27,-31.65,-16.53,-5.01,20.03,0.978046,55,5.59,-29.24,19.56,3.55,36.63,3.27,-36.72,9.87,13.40,25.87,0.929386,4
17-09-2025,NASDAQ:HST,"Host Hotels & Resorts, Inc. - Common Stock",12142,8640012,1.97,17.66,0.00,1.25,3.34,10.99,11.44,13.36,-7.19,2.60,-0.11,-0.11,-7.39,15.65,39.06,39.06,8.67,1.81,-5.02,-17.53,-17.38,0.977831,55,10.99,0.51,2.17,-23.73,9.14,8.67,-6.97,-7.52,-13.88,-1.62,1.034928,72
17-09-2025,NYSE:WRB,W.R. Berkley Corporation Common Stock,27730,1558556,1.48,71.42,-1.92,-1.20,-0.78,0.88,-2.38,10.28,14.77,19.10,-3.38,-4.99,-4.99,5.37,12.93,26.65,-1.44,-12.01,-8.10,4.43,-0.88,0.977734,55,0.88,-3.29,12.36,5.01,5.08,-1.44,-10.77,2.67,14.86,-5.68,0.971086,15
17-09-2025,NYSE:XYZ,"Block, Inc. Class A Common Stock,",46152,5778863,3.01,75.78,1.52,0.36,-0.59,-0.03,14.46,22.60,-29.57,15.98,-6.19,-6.19,-23.39,20.11,62.86,62.86,-2.35,4.83,4.22,-39.91,-4.00,0.977596,55,-0.03,14.49,9.52,-67.42,35.16,-2.35,7.01,-0.17,-57.57,24.40,1.036735,73
17-09-2025,NYSE:FBP,First BanCorp. New Common Stock,3482,923652,1.82,21.48,-0.79,-1.26,-2.42,1.54,8.75,14.76,6.24,7.31,-4.49,-4.49,-4.49,10.95,27.55,27.55,-0.78,-0.88,-3.62,-4.10,-12.67,0.977476,54,1.54,7.33,6.58,-9.99,1.14,-0.78,-0.15,-3.11,-0.14,-9.62,1.007652,49
17-09-2025,NYSE:LU,"Lufax Holding Ltd American Depositary Shares, each representing two (2) Ordinary Shares",2428,1912309,4.42,2.97,-2.02,-1.68,-3.70,2.69,3.37,-7.41,11.45,26.94,-11.34,-11.34,-28.43,11.65,25.85,36.87,0.37,-6.26,-25.79,1.11,6.96,0.977398,54,2.69,0.69,-11.15,17.55,17.49,0.37,-6.79,-20.84,27.40,6.73,0.980899,21
17-09-2025,NASDAQ:AAPL,Apple Inc. - Common Stock,3546705,48993202,1.71,238.15,0.61,1.60,3.54,2.75,16.68,10.14,-3.50,6.46,-0.68,-0.68,-8.06,21.73,38.12,38.12,0.43,7.05,-8.24,-13.84,-13.52,0.977322,54,2.75,14.32,-7.85,-15.18,9.62,0.43,6.84,-17.54,-5.33,-1.14,1.032879,71
17-09-2025,NYSE:LNG,"Cheniere Energy, Inc. Common Stock",51716,1558391,1.89,234.9,0.89,0.21,-2.54,2.03,0.55,5.27,8.39,24.56,-3.84,-3.86,-7.4,5.49,19.09,32.55,-0.29,-9.08,-13.11,-1.95,4.58,0.977236,54,2.03,-1.51,4.75,3.29,17.65,-0.29,-8.99,-4.94,13.14,6.89,0.97486,17
17-09-2025,NASDAQ:PWP,Perella Weinberg Partners - Class A Common Stock,1939,1131672,4.05,21.81,-1.15,0.18,-0.05,0.00,16.96,11.10,-14.44,16.64,-4.47,-4.47,-17.42,23.29,41.17,41.17,-2.32,7.33,-7.28,-24.78,-3.34,0.977069,54,0.00,16.96,-7.07,-28.73,27.16,-2.32,9.48,-16.76,-18.88,16.40,1.027898,68
17-09-2025,NASDAQ:PANW,"Palo Alto Networks, Inc. - Common Stock",135867,6256436,2.33,201.34,0.03,1.88,5.37,12.04,1.60,8.12,1.06,14.28,-2.29,-2.29,-3.33,20.52,32.08,32.08,9.72,-8.03,-10.26,-9.28,-5.70,0.976999,54,12.04,-11.87,6.62,-7.68,13.37,9.72,-19.35,-3.07,2.17,2.61,1.001692,42
17-09-2025,NYSE:DTM,"DT Midstream, Inc. Common Stock",10913,689397,1.87,104.7,-1.47,-0.32,1.01,1.23,-0.29,7.55,3.06,27.87,-4.74,-4.74,-7.96,5.58,20.03,38.64,-1.09,-9.92,-10.83,-7.28,7.89,0.976786,54,1.23,-1.54,7.82,-4.87,25.60,-1.09,-9.02,-1.87,4.98,14.84,0.971307,15
17-09-2025,NYSE:ARI,"Apollo Commercial Real Estate Finance, Inc",1462,768929,1.61,10.52,-2.38,-4.75,0.19,4.37,6.94,5.23,12.07,9.60,-4.54,-4.54,-4.54,9.36,31.83,31.83,2.05,-2.69,-13.15,1.73,-10.38,0.976553,54,4.37,2.68,-1.84,7.22,-2.81,2.05,-4.80,-11.53,17.07,-13.57,1.004047,45
17-09-2025,NASDAQ:CALM,"Cal-Maine Foods, Inc. - Common Stock",5020,677227,2.71,103.01,-5.32,-5.50,-12.62,-7.42,2.72,10.98,-2.67,32.68,-13.55,-13.55,-13.55,4.49,17.1,48.54,-9.74,-6.91,-7.40,-13.01,12.70,0.976495,54,-7.42,9.44,8.49,-15.33,34.43,-9.74,1.96,-1.20,-5.48,23.67,0.966949,13
17-09-2025,NYSE:RMD,ResMed Inc. Common Stock,39782,984406,1.87,272.6,0.52,-2.42,0.59,-4.51,7.67,17.56,9.84,8.03,-7.19,-7.19,-7.19,9,33.27,33.27,-6.83,-1.96,-0.82,-0.50,-11.95,0.976446,54,-4.51,11.66,10.70,-9.36,-2.01,-6.83,4.18,1.01,0.49,-12.77,0.996999,37
17-09-2025,NYSE:TMHC,Taylor Morrison Home Corporation Common Stock,6740,1159331,2.53,68.25,-0.70,-2.56,2.24,0.40,14.15,13.92,1.14,4.32,-5.08,-5.08,-8.76,19.26,26.55,26.55,-1.92,4.52,-4.46,-9.20,-15.66,0.976377,54,0.40,13.81,-0.27,-14.84,3.22,-1.92,6.33,-9.96,-4.99,-7.54,1.023371,64
17-09-2025,NASDAQ:TCBI,"Texas Capital Bancshares, Inc. - Common Stock",3902,432196,2.06,84.18,-1.28,-2.79,-2.13,0.29,10.26,10.17,-2.98,18.97,-6.19,-6.19,-6.19,12.45,37.46,37.46,-2.03,0.63,-8.21,-13.32,-1.01,0.976312,54,0.29,10.01,-0.11,-14.64,21.32,-2.03,2.53,-9.80,-4.79,10.56,1.003187,44
17-09-2025,NYSE:SPNT,SiriusPoint Ltd. Common Shares,2097,1038903,2.38,18.01,-2.94,-4.05,-4.94,-1.50,-8.61,16.10,12.49,22.60,-13.75,-13.75,-13.75,0,19.19,39.4,-3.82,-18.24,-2.28,2.15,2.62,0.976167,54,-1.50,-7.00,22.75,-4.30,11.55,-3.82,-14.48,13.06,5.55,0.79,0.955463,8
17-09-2025,NYSE:VEEV,Veeva Systems Inc. Class A Common Stock,45006,1530734,2.48,273.88,-0.87,-3.21,1.42,-2.46,-3.91,13.48,14.62,19.69,-6.71,-6.71,-6.71,1.74,30.8,35.71,-4.78,-13.54,-4.90,4.28,-0.29,0.97605,54,-2.46,-1.41,16.73,1.31,5.95,-4.78,-8.89,7.04,11.16,-4.81,0.963998,11
17-09-2025,NYSE:TOST,"Toast, Inc. Class A Common Stock",23699,8158365,2.95,39.96,-0.65,-2.40,-9.58,-7.98,-6.68,12.84,3.88,34.71,-18.95,-18.95,-18.95,0.15,33.07,53.16,-10.30,-16.31,-5.54,-6.46,14.73,0.975968,54,-7.98,1.21,18.30,-10.28,32.07,-10.30,-6.27,8.61,-0.43,21.31,0.943972,5
17-09-2025,NYSE:JXN,Jackson Financial Inc. Class A Common Stock,6742,534306,2.23,93.84,-3.13,-2.80,-3.54,-0.64,10.76,11.17,3.45,12.32,-5.23,-5.23,-17.5,12.06,33.39,33.39,-2.96,1.13,-7.21,-6.89,-7.66,0.975714,54,-0.64,11.33,0.45,-8.69,9.18,-2.96,3.85,-9.24,1.16,-1.58,1.006192,47
17-09-2025,NASDAQ:STEP,StepStone Group Inc. - Class A Common Stock,7099,511515,2.86,61.1,0.49,0.25,0.03,-0.59,12.06,10.57,-1.41,15.11,-3.73,-3.73,-11.86,16.01,43.9,43.9,-2.91,2.43,-7.81,-11.75,-4.87,0.975659,54,-0.59,12.58,-1.69,-13.40,16.28,-2.91,5.10,-11.38,-3.55,5.52,1.008976,51
17-09-2025,NYSE:HR,Healthcare Realty Trust Incorporated Common Stock,6255,4051334,1.78,17.79,-1.57,-5.00,2.87,7.42,16.36,5.85,2.19,-4.50,-4.76,-4.76,-5.27,19.56,25.46,25.46,5.10,6.73,-12.53,-8.15,-24.48,0.975415,54,7.42,9.65,-12.57,-3.88,-6.84,5.10,2.17,-22.26,5.97,-17.60,1.045253,76
17-09-2025,NYSE:VNO,Vornado Realty Trust Common Stock,8102,2088399,2.64,42.19,0.28,5.43,10.12,11.80,3.41,9.62,-6.02,14.84,-1.82,-1.82,-7.8,17.55,32.92,32.92,9.48,-6.22,-8.76,-16.36,-5.14,0.97535,54,11.80,-9.51,6.43,-17.31,19.67,9.48,-16.99,-3.26,-7.46,8.91,1.007494,49
17-09-2025,NYSE:OUT,OUTFRONT Media Inc. Common Stock,3134,1623019,2.48,18.74,-1.76,-0.11,1.60,0.05,15.42,11.74,-2.67,7.77,-2.29,-2.29,-5.52,19.14,41.33,41.33,-2.27,5.79,-6.64,-13.01,-12.21,0.975326,54,0.05,15.38,-4.35,-16.33,10.17,-2.27,7.90,-14.04,-6.48,-0.59,1.024768,65
17-09-2025,NYSE:KEYS,Keysight Technologies Inc. Common Stock,29716,1010359,1.85,172.07,0.18,1.73,4.81,5.04,5.70,10.36,2.50,13.74,-0.17,-0.17,-7.04,8.55,35.47,35.47,2.72,-3.93,-8.02,-7.84,-6.24,0.975288,54,5.04,0.69,4.95,-8.77,11.53,2.72,-6.79,-4.74,1.08,0.77,1.000517,41
17-09-2025,NASDAQ:JAZZ,Jazz Pharmaceuticals plc - Ordinary Shares,7858,704935,2.34,126.54,1.04,-1.57,-2.47,6.93,13.36,-10.81,4.60,15.88,-3.93,-10.93,-12.23,19.46,29.41,29.41,4.61,3.73,-29.19,-5.74,-4.10,0.97521,54,6.93,6.90,-27.89,13.91,11.82,4.61,-0.58,-37.58,23.76,1.06,1.023398,64
17-09-2025,NYSE:GOTU,Gaotu Techedu Inc. American Depositary Shares,877,915956,4.92,3.61,0.28,-0.83,-4.71,-5.82,-7.76,-10.53,30.19,24.65,-9.52,-10.64,-17.39,4.64,38.85,92.02,-8.14,-17.39,-28.91,19.85,4.67,0.974996,53,-5.82,-1.83,-2.57,36.84,-7.94,-8.14,-9.31,-12.26,46.69,-18.70,0.952141,7
17-09-2025,NASDAQ:LI,Li Auto Inc. - American Depositary Shares,25785,6329623,3.16,26.11,-0.23,7.24,6.55,7.35,-8.00,-4.75,12.64,27.69,-17.89,-17.89,-20.67,15.53,31.94,38.29,5.03,-17.63,-23.13,2.30,7.71,0.974888,53,7.35,-16.58,3.01,16.60,17.23,5.03,-24.06,-6.68,26.45,6.47,0.962532,11
17-09-2025,NYSE:OII,"Oceaneering International, Inc. Common Stock",2431,568623,2.88,24.27,0.45,1.61,-0.16,7.79,11.78,15.08,-12.07,5.85,-1.98,-1.98,-20.63,19.03,52.16,52.16,5.47,2.15,-3.30,-22.41,-14.13,0.974849,53,7.79,4.33,3.74,-31.97,15.99,5.47,-3.15,-5.95,-22.12,5.23,1.031352,70
17-09-2025,NYSE:ICL,ICL Group Ltd. Ordinary Shares,7834,595009,1.63,6.11,-0.98,0.16,-2.45,-1.15,-8.84,-3.60,16.20,32.24,-16.42,-16.42,-16.42,3.04,14.21,60.79,-3.47,-18.47,-21.98,5.86,12.26,0.974823,53,-1.15,-7.61,4.81,19.12,19.14,-3.47,-15.09,-4.88,28.97,8.38,0.945245,6
17-09-2025,NYSE:NLY,Annaly Capital Management Inc. Common Stock,14023,7185211,1.32,21.84,-1.05,-1.97,3.62,4.62,12.00,0.00,9.52,6.96,-1.93,-1.93,-1.93,16.05,26.24,26.24,2.30,2.37,-18.38,-0.82,-13.02,0.974749,53,4.62,7.73,-13.63,9.52,-2.83,2.30,0.25,-23.32,19.37,-13.59,1.020297,61
17-09-2025,NASDAQ:EVRG,"Evergy, Inc. - Common Stock",16516,1919606,1.11,71.35,-1.21,0.35,0.11,-0.84,5.80,5.20,12.73,15.40,-2.62,-2.62,-2.62,6.91,11.38,20.81,-3.16,-3.83,-13.18,2.39,-4.58,0.974702,53,-0.84,6.59,-0.64,7.94,3.07,-3.16,-0.89,-10.33,17.79,-7.69,0.989702,29
17-09-2025,NASDAQ:TRIN,Trinity Capital Inc. - Common Stock,1131,554636,1.09,16.06,0.25,-0.87,-1.00,0.68,10.46,0.00,10.96,13.33,-1.11,-1.11,-3.02,14.39,18.7,22.5,-1.64,0.83,-18.38,0.62,-6.65,0.974602,53,0.68,9.84,-11.68,10.96,2.66,-1.64,2.36,-21.37,20.81,-8.10,1.005704,47
17-09-2025,NASDAQ:CSGP,"CoStar Group, Inc. - Common Stock",37226,2271780,2.09,88.13,-0.95,-0.01,0.01,-1.74,7.02,9.05,11.97,11.53,-8.98,-8.98,-8.98,10.76,21.36,27.19,-4.06,-2.61,-9.33,1.63,-8.45,0.974535,53,-1.74,8.61,2.18,3.21,-0.50,-4.06,1.13,-7.51,13.06,-11.26,0.99466,35
17-09-2025,NASDAQ:BSY,"Bentley Systems, Incorporated - Class B Common Stock",16013,1479017,1.84,52.22,-0.84,-2.47,-3.98,-1.76,4.21,18.75,9.35,6.42,-11.07,-11.07,-11.07,4.4,35.21,35.21,-4.08,-5.42,0.37,-0.99,-13.56,0.974526,53,-1.76,5.87,15.17,-11.57,-3.23,-4.08,-1.61,5.48,-1.72,-13.99,0.9943,35
17-09-2025,NYSE:ARES,Ares Management Corporation Class A Common Stock,38629,1326161,2.46,178.61,-0.73,1.98,-0.66,-5.13,6.48,17.64,-2.15,19.47,-7.34,-7.34,-9.89,8.13,51.31,51.31,-7.45,-3.15,-0.74,-12.49,-0.51,0.974434,53,-5.13,11.05,11.93,-24.02,21.16,-7.45,3.57,2.24,-14.17,10.40,0.989013,28
17-09-2025,NYSE:SPR,"Spirit Aerosystems Holdings, Inc. Common Stock",4528,903293,2.24,38.61,-0.31,-5.85,-8.55,-6.40,4.14,12.92,15.26,12.72,-7.87,-7.87,-7.87,5.06,33,33,-8.72,-5.49,-5.46,4.92,-7.26,0.974403,53,-6.40,9.91,9.16,2.68,-3.00,-8.72,2.43,-0.53,12.53,-13.76,0.981577,22
17-09-2025,NYSE:USB,U.S. Bancorp Common Stock,77203,9472495,1.67,48.39,-1.86,-2.03,-0.27,5.08,10.83,12.83,-6.05,9.38,-1.99,-1.99,-9.82,13.35,32.94,32.94,2.76,1.20,-5.55,-16.39,-10.60,0.974378,53,5.08,6.05,2.25,-21.67,14.56,2.76,-1.43,-7.44,-11.82,3.80,1.019435,60
17-09-2025,NYSE:PVH,PVH Corp. Common Stock,4045,1349630,3.39,82.93,-1.31,0.72,-3.65,7.28,21.44,21.17,-32.35,-13.05,-7.16,-7.16,-26.52,31.03,37.07,37.07,4.96,11.81,2.79,-42.69,-33.03,0.974253,53,7.28,15.27,-0.34,-67.91,14.59,4.96,7.79,-10.03,-58.06,3.83,1.083653,89
17-09-2025,NYSE:NVS,Novartis AG Common Stock,234406,1091928,0.88,122.78,-0.43,-4.29,-3.14,-1.16,3.82,8.60,19.23,5.75,-5.36,-5.36,-5.36,8.18,20.42,26.88,-3.48,-5.81,-9.78,8.89,-14.23,0.97404,53,-1.16,4.93,4.97,11.63,-16.69,-3.48,-2.55,-4.72,21.48,-27.45,0.99322,33
17-09-2025,NYSE:REXR,"Rexford Industrial Realty, Inc. Common Stock",10127,2864789,2.09,42.79,-0.14,0.16,5.87,11.01,15.05,5.63,4.93,-15.87,-1.7,-1.7,-18,20.77,35.54,35.54,8.69,5.42,-12.75,-5.41,-35.85,0.973974,53,11.01,4.54,-11.09,-0.74,-21.88,8.69,-2.94,-20.78,9.11,-32.64,1.055548,81
17-09-2025,NYSE:MA,Mastercard Incorporated Common Stock,541169,2377749,1.43,586.42,0.59,0.41,-0.93,0.80,3.03,9.28,8.86,16.08,-2.09,-2.09,-2.09,10.03,22.19,22.19,-1.52,-6.60,-9.10,-1.48,-3.90,0.973649,53,0.80,2.24,6.45,-0.46,7.92,-1.52,-5.24,-3.24,9.39,-2.84,0.985502,25
17-09-2025,NYSE:ESI,Element Solutions Inc. Common Stock,6367,1702311,2.07,26.51,-0.98,2.90,4.04,5.92,18.63,-0.23,-3.73,4.56,-0.97,-0.97,-9.61,24.05,51.49,51.49,3.60,9.00,-18.61,-14.07,-15.42,0.973636,53,5.92,13.51,-23.18,-3.50,8.00,3.60,6.03,-32.87,6.35,-2.76,1.045111,76
17-09-2025,NASDAQ:KLIC,"Kulicke and Soffa Industries, Inc. - Common Stock",2154,523359,2.51,41.13,4.80,7.71,11.21,12.21,14.05,10.41,-20.59,4.40,0,0,-18.62,28.09,48.75,48.75,9.89,4.42,-7.97,-30.93,-15.58,0.973404,53,12.21,2.10,-4.24,-34.60,20.73,9.89,-5.38,-13.93,-24.75,9.97,1.047508,78
17-09-2025,NYSE:HOG,"Harley-Davidson, Inc. Common Stock",3621,1615665,2.81,30.06,0.60,-3.06,2.56,8.85,18.90,14.54,-10.71,-18.00,-3.13,-3.13,-23.96,30.98,44.38,44.38,6.53,9.27,-3.84,-21.05,-37.98,0.973166,53,8.85,11.02,-5.37,-29.54,-6.58,6.53,3.54,-15.06,-19.69,-17.34,1.067825,85
17-09-2025,NASDAQ:ETSY,"Etsy, Inc. - Common Stock",6008,5854512,4.5,59.41,2.71,5.71,12.98,-11.82,9.29,22.08,0.71,12.91,-15.24,-15.24,-15.24,18.44,45.61,45.61,-14.14,-0.34,3.70,-9.63,-7.07,0.973072,53,-11.82,18.88,14.10,-27.44,12.29,-14.14,11.40,4.41,-17.59,1.53,0.993741,34
17-09-2025,NYSE:PM,Philip Morris International Inc Common Stock,258861,5383205,2.17,162.96,0.81,-1.09,-2.72,-1.98,-12.48,4.45,22.18,23.51,-11.89,-11.89,-11.89,3.29,9.2,39.1,-4.30,-22.11,-13.93,11.84,3.53,0.972724,53,-1.98,-10.29,15.05,18.55,1.71,-4.30,-17.77,5.36,28.40,-9.05,0.945126,6
17-09-2025,NYSE:PCOR,"Procore Technologies, Inc. Common Stock",10898,1410680,2.88,71.72,0.99,2.36,5.70,9.01,8.46,2.86,-13.18,20.37,-6.42,-6.42,-18.8,16.39,27.48,27.48,6.69,-1.17,-15.52,-23.52,0.39,0.97248,53,9.01,-0.60,-6.12,-16.51,29.64,6.69,-8.08,-15.81,-6.66,18.88,1.013038,54
17-09-2025,NYSE:BROS,Dutch Bros Inc. Class A Common Stock,9534,3588622,4.26,59.34,-4.65,-10.62,-22.99,-6.15,-19.33,-4.38,10.85,42.74,-20.07,-20.07,-30.49,4.64,15.51,93.16,-8.47,-28.96,-22.76,0.51,22.76,0.97244,53,-6.15,-12.41,12.53,14.59,35.77,-8.47,-19.89,2.84,24.44,25.01,0.914315,3
17-09-2025,NYSE:GAB,"Gabelli Equity Trust, Inc. (The) Common Stock",1865,476122,0.99,6.07,-4.12,-1.48,-0.49,1.81,7.58,11.20,4.78,9.06,-3.96,-3.96,-3.96,8.98,22.13,22.13,-0.51,-2.05,-7.18,-5.56,-10.92,0.972436,52,1.81,5.87,3.92,-7.24,4.50,-0.51,-1.61,-5.77,2.61,-6.26,1.003698,45
17-09-2025,NYSE:TRTX,"TPG RE Finance Trust, Inc. Common Stock",729,698086,1.88,9.27,-1.94,-2.59,-0.54,1.83,14.46,7.55,2.48,3.34,-4.63,-4.63,-4.63,20.7,36.32,36.32,-0.49,4.83,-10.83,-7.86,-16.64,0.972405,52,1.83,12.86,-8.07,-5.48,0.88,-0.49,5.38,-17.76,4.37,-9.88,1.026083,66
17-09-2025,NYSE:PHG,Koninklijke Philips N.V. NY Registry Shares,26722,654318,1.08,28.06,-0.39,-0.29,3.56,2.10,18.60,4.35,7.16,-9.62,-1.96,-1.96,-14.29,27.2,29.49,29.49,-0.22,8.97,-14.03,-3.18,-29.60,0.97238,52,2.10,16.85,-17.51,2.94,-18.08,-0.22,9.37,-27.20,12.79,-28.84,1.0488,78
17-09-2025,NASDAQ:SANA,"Sana Biotechnology, Inc. - Common Stock",786,3902324,7.86,3.1,-4.19,2.58,8.39,-7.42,18.71,10.65,24.52,-46.13,-39.69,-39.69,-39.69,23.02,131.34,131.34,-9.74,9.08,-7.73,14.18,-66.11,0.97229,52,-7.42,24.32,-9.92,15.52,-93.59,-9.74,16.84,-19.61,25.37,-104.35,1.076433,88
17-09-2025,NYSE:CTVA,"Corteva, Inc. Common Stock",47972,4155820,2.05,69.88,-0.27,-3.75,-5.78,-2.69,-6.17,11.88,14.45,20.29,-9.39,-9.39,-9.39,0,25.86,26.57,-5.01,-15.80,-6.50,4.11,0.31,0.972131,52,-2.69,-3.39,17.00,2.92,6.83,-5.01,-10.87,7.31,12.77,-3.93,0.958904,9
17-09-2025,NYSE:FLUT,Flutter Entertainment plc Ordinary Shares,49128,1604136,2.05,279.93,0.69,-4.29,-6.81,-4.78,3.53,14.47,0.88,21.59,-9.29,-9.29,-9.29,6.13,35.68,35.68,-7.10,-6.10,-3.91,-9.46,1.61,0.972095,52,-4.78,7.93,11.35,-15.89,20.89,-7.10,0.45,1.66,-6.04,10.13,0.978997,20
17-09-2025,NYSE:ENR,"Energizer Holdings, Inc. Common Stock",2024,752814,2.49,29.23,-1.47,2.36,3.15,4.55,28.36,-4.14,-25.69,1.23,-2.11,-3.98,-25.79,47.4,47.4,47.4,2.23,18.73,-22.52,-36.03,-18.75,0.972021,52,4.55,24.95,-45.37,-20.70,21.42,2.23,17.47,-55.06,-10.85,10.66,1.088096,90
17-09-2025,NYSE:TEF,Telefonica SA Common Stock,30361,573305,0.99,5.37,0.19,0.00,0.19,-4.84,-0.37,12.10,17.32,12.66,-5.95,-5.95,-5.95,4.47,22.88,38.05,-7.16,-10.00,-6.28,6.98,-7.32,0.972019,52,-4.84,4.26,12.43,5.93,-5.63,-7.16,-3.22,2.74,15.78,-16.39,0.973784,16
17-09-2025,NYSE:SITE,"SiteOne Landscape Supply, Inc. Common Stock",6062,552927,2.85,140.92,1.79,-1.13,-0.67,0.93,15.09,12.26,-4.40,3.61,-7.88,-7.88,-9.85,20.88,34.48,34.48,-1.39,5.46,-6.12,-14.74,-16.37,0.971755,52,0.93,14.29,-3.33,-18.99,7.67,-1.39,6.81,-13.02,-9.14,-3.09,1.028561,68
17-09-2025,NASDAQ:CNXC,Concentrix Corporation - Common Stock,3497,647500,3.64,54.79,2.10,2.24,5.58,12.05,-5.64,15.44,19.51,-21.23,-11.63,-15.76,-18.96,19.26,21.95,47.05,9.73,-15.27,-2.94,9.17,-41.21,0.971538,52,12.05,-20.11,19.96,4.81,-50.61,9.73,-27.59,10.27,14.66,-61.37,1.018227,59
17-09-2025,NYSE:MTB,M&T Bank Corporation Common Stock,31037,868504,1.72,195.28,-0.66,-2.31,-1.89,2.67,7.70,10.17,-3.43,15.16,-4.3,-4.3,-12.02,9.5,24.72,24.72,0.35,-1.93,-8.21,-13.77,-4.82,0.971307,52,2.67,5.17,2.68,-15.14,17.97,0.35,-2.31,-7.01,-5.29,7.21,1.002894,44
17-09-2025,NYSE:EQH,"Equitable Holdings, Inc. Common Stock",16034,2704324,2.19,52.8,-0.97,0.21,0.09,-2.08,-0.40,1.02,10.64,25.55,-5.88,-5.88,-5.88,5.41,20.05,34.32,-4.40,-10.03,-17.36,0.30,5.57,0.971084,52,-2.08,1.65,1.41,9.72,16.68,-4.40,-5.83,-8.28,19.57,5.92,0.966624,12
17-09-2025,NYSE:BP,BP p.l.c. Common Stock,88902,6701965,1.52,34.43,0.64,0.99,-2.32,0.29,9.50,1.95,11.91,8.28,-2.6,-2.6,-2.6,15.42,31.87,31.87,-2.03,-0.13,-16.43,1.57,-11.70,0.970892,52,0.29,9.23,-8.34,10.16,-4.12,-2.03,1.75,-18.03,20.01,-14.88,1.006575,48
17-09-2025,NASDAQ:AKRO,"Akero Therapeutics, Inc. - Common Stock",3374,948076,3.71,42.6,-0.59,-4.74,-6.67,-15.92,-30.87,-5.21,28.76,39.67,-24.31,-24.31,-25.99,0,25.15,94.79,-18.24,-40.50,-23.59,18.42,19.69,0.970742,52,-15.92,-12.90,19.61,32.28,15.32,-18.24,-20.38,9.92,42.13,4.56,0.889031,1
17-09-2025,NYSE:DNOW,DNOW Inc. Common Stock,1628,906227,2.65,15.4,0.32,0.78,-2.40,5.91,-0.58,1.75,2.99,22.86,-4.94,-11.03,-12.45,12.82,12.82,32.3,3.59,-10.21,-16.63,-7.35,2.88,0.970692,52,5.91,-6.90,2.32,1.26,20.48,3.59,-14.38,-7.37,11.11,9.72,0.980439,21
17-09-2025,NASDAQ:GILD,"Gilead Sciences, Inc. - Common Stock",139293,6065067,2.03,110.86,-1.52,-4.42,-1.67,-6.77,0.03,-1.26,16.67,24.99,-7.98,-7.98,-7.98,4.65,14.39,34.85,-9.09,-9.60,-19.64,6.33,5.01,0.970594,52,-6.77,6.37,-1.29,17.71,9.98,-9.09,-1.11,-10.98,27.56,-0.78,0.962213,11
17-09-2025,NYSE:TEVA,Teva Pharmaceutical Industries Limited American Depositary Shares,21616,10390884,2.86,18.68,-1.12,-5.35,-0.37,4.39,6.32,10.55,6.58,3.59,-6.27,-6.27,-17.96,21.46,45.71,45.71,2.07,-3.31,-7.83,-3.76,-16.39,0.970541,52,4.39,2.02,4.51,-4.43,-3.21,2.07,-5.46,-5.18,5.42,-13.97,1.008078,50
17-09-2025,NASDAQ:BLFS,"BioLife Solutions, Inc. - Common Stock",1226,417854,3.15,25.98,0.69,-1.62,2.46,6.31,14.20,0.23,-1.31,6.54,-2.84,-2.84,-8.81,25.87,25.87,26.92,3.99,4.57,-18.15,-11.65,-13.44,0.970539,52,6.31,8.42,-16.29,-1.54,7.75,3.99,0.94,-25.98,8.31,-3.01,1.030295,69
17-09-2025,NYSE:FLG,"Flagstar Financial, Inc. Common Stock",5020,4997402,2.73,12.1,-2.07,-4.21,-6.03,1.32,8.10,0.91,6.69,15.29,-6.92,-6.92,-8.47,14.15,21.73,36.26,-1.00,-1.53,-17.47,-3.65,-4.69,0.970416,52,1.32,6.87,-7.82,5.84,9.21,-1.00,-0.61,-17.51,15.69,-1.55,0.999173,40
17-09-2025,NYSE:VVV,Valvoline Inc. Common Stock,5153,1464769,1.97,40.67,1.23,2.24,5.51,3.29,10.50,11.11,2.48,1.40,0,0,-6.31,16.13,29.19,29.19,0.97,0.87,-7.27,-7.86,-18.58,0.970274,52,3.29,7.45,0.69,-9.71,-1.11,0.97,-0.03,-9.00,0.14,-11.87,1.019136,60
17-09-2025,NASDAQ:USAR,"USA Rare Earth, Inc. - Common Stock",1512,4633455,7.46,14.92,7.91,5.50,6.43,-15.21,6.37,5.29,7.10,28.22,-21.64,-21.64,-21.64,55.25,159.48,159.48,-17.53,-3.26,-13.09,-3.24,8.24,0.970183,52,-15.21,18.73,-1.15,1.91,22.73,-17.53,11.25,-10.84,11.76,11.97,0.966207,12
17-09-2025,NYSE:LEA,Lear Corporation Common Stock,5633,614518,2.36,105.19,-0.11,-5.57,-4.59,2.63,11.99,9.13,3.20,1.10,-6.71,-6.71,-6.71,16.04,39.92,39.92,0.31,2.36,-9.25,-7.14,-18.88,0.970058,52,2.63,9.61,-3.25,-6.52,-2.17,0.31,2.13,-12.94,3.33,-12.93,1.022044,63
17-09-2025,NYSE:NUE,Nucor Corporation Common Stock,32778,1342902,2.31,142.93,0.95,1.34,-2.43,-1.74,14.87,9.40,3.14,1.63,-4.92,-4.92,-14.79,17.47,38.47,38.47,-4.06,5.24,-8.98,-7.20,-18.35,0.97,52,-1.74,16.33,-6.44,-6.90,-1.56,-4.06,8.85,-16.13,2.95,-12.32,1.023997,65
17-09-2025,NYSE:SSB,SouthState Bank Corporation Common Stock,10244,708767,2.05,100.28,-0.53,-0.75,-2.47,4.87,14.04,7.52,-9.46,7.74,-3.16,-3.16,-10.41,17.8,24.43,24.43,2.55,4.41,-10.86,-19.80,-12.24,0.9698,51,4.87,9.64,-7.59,-18.36,15.71,2.55,2.16,-17.28,-8.51,4.95,1.029135,68
17-09-2025,NYSE:BILL,"BILL Holdings, Inc. Common Stock",5279,5191843,4.38,51.37,-0.41,0.88,9.03,21.28,18.26,9.32,-75.02,-0.91,-2.95,-2.95,-47.26,31.65,35.86,35.86,18.96,8.63,-9.06,-85.36,-20.89,0.969675,51,21.28,-3.83,-10.93,-93.02,42.34,18.96,-11.31,-20.62,-83.17,31.58,1.111624,93
17-09-2025,NASDAQ:CAKE,The Cheesecake Factory Incorporated - Common Stock,2710,1207732,2.21,54.67,-2.98,-8.12,-11.74,-15.22,-8.18,13.54,8.41,32.87,-20.2,-20.2,-20.2,0,23.6,48.96,-17.54,-17.81,-4.84,-1.93,12.89,0.969659,51,-15.22,6.11,20.07,-5.92,26.70,-17.54,-1.37,10.38,3.93,15.94,0.933834,4
17-09-2025,NYSE:AOD,abrdn Total Dynamic Dividend Fund Common Shares of Beneficial Interest,988,491644,0.7,9.37,-0.11,1.71,3.09,2.88,7.15,8.43,7.36,5.12,-0.11,-0.11,-0.11,9.08,26.28,26.28,0.56,-2.48,-9.95,-2.98,-14.86,0.969561,51,2.88,4.40,1.38,-1.17,-2.42,0.56,-3.08,-8.31,8.68,-13.18,1.006554,48
17-09-2025,NYSE:ESNT,Essent Group Ltd. Common Shares,6262,501771,1.5,62.48,-1.38,-0.91,-0.24,0.99,5.51,12.26,11.16,0.74,-2.77,-2.77,-3.73,12.19,18.38,18.49,-1.33,-4.12,-6.12,0.82,-19.24,0.969475,51,0.99,4.56,7.15,-1.26,-11.73,-1.33,-2.92,-2.54,8.59,-22.49,1.003793,45
17-09-2025,NASDAQ:QRVO,"Qorvo, Inc. - Common Stock",8123,1670937,2.51,86.94,0.61,-5.95,-3.91,-2.77,7.13,16.01,20.57,-21.47,-6.47,-6.47,-19.24,8.8,71.11,71.11,-5.09,-2.50,-2.37,10.23,-41.45,0.969472,51,-2.77,9.64,9.56,5.42,-52.92,-5.09,2.16,-0.13,15.27,-63.68,1.024252,65
17-09-2025,NYSE:AFG,"American Financial Group, Inc. Common Stock",11595,452800,1.53,138.68,-0.46,0.22,1.31,5.06,10.61,8.77,-0.94,3.92,-1.04,-1.04,-6.98,13.28,18.63,18.63,2.74,0.98,-9.61,-11.28,-16.06,0.969335,51,5.06,5.84,-2.06,-10.64,4.81,2.74,-1.64,-11.75,-0.79,-5.95,1.020469,61
17-09-2025,NASDAQ:SHOO,"Steven Madden, Ltd. - Common Stock",2360,1463557,3.58,31.53,0.51,3.96,6.66,14.34,23.15,18.30,-39.58,-39.90,-0.82,-0.82,-36.56,36.43,61.36,61.36,12.02,13.52,-0.08,-49.92,-59.88,0.969164,51,14.34,10.29,-6.31,-70.85,-0.23,12.02,2.81,-16.00,-61.00,-10.99,1.116933,94
17-09-2025,NASDAQ:AVDX,"AvidXchange Holdings, Inc. - Common Stock",2067,1627163,0.16,9.95,0.00,0.10,0.20,0.30,1.81,17.09,-13.27,22.21,0,0,-14.15,1.84,38,44.41,-2.02,-7.82,-1.29,-23.61,2.23,0.969073,51,0.30,1.51,15.56,-36.61,31.32,-2.02,-5.97,5.87,-26.76,20.56,0.989342,28
17-09-2025,NYSE:HIG,"The Hartford Insurance Group, Inc. Common Stock",36735,1397797,1.34,129.65,-1.40,-0.92,-1.74,-0.70,2.92,7.09,12.82,11.17,-3.75,-3.75,-3.75,8.29,18.05,21.95,-3.02,-6.71,-11.29,2.48,-8.81,0.96906,51,-0.70,3.60,4.29,6.17,-1.89,-3.02,-3.88,-5.40,16.02,-12.65,0.986917,26
17-09-2025,NYSE:BEKE,KE Holdings Inc American Depositary Shares (each representing three Class A Ordinary Shares),23669,6634049,2.62,19.99,1.50,0.40,7.75,8.30,4.00,-25.51,-2.60,32.02,-0.84,-20.33,-22.52,14.16,14.16,49.63,5.98,-5.63,-43.89,-12.94,12.04,0.969044,51,8.30,-4.69,-30.75,18.25,33.74,5.98,-12.17,-40.44,28.10,22.98,0.993853,34
17-09-2025,NASDAQ:PLAB,"Photronics, Inc. - Common Stock",1381,785647,3.26,22.91,0.44,2.66,3.88,9.60,18.55,6.02,-22.48,0.61,-4.42,-4.42,-18.35,25.81,37.1,37.1,7.28,8.92,-12.36,-32.82,-19.37,0.968962,51,9.60,9.90,-15.38,-30.33,18.85,7.28,2.42,-25.07,-20.48,8.09,1.058761,82
17-09-2025,NYSE:NYT,New York Times Company (The) Common Stock,9522,1387917,1.5,58.31,-1.59,0.12,-1.41,-3.17,3.91,16.72,5.39,9.54,-5.88,-5.88,-5.88,13.38,28.52,28.52,-5.49,-5.72,-1.66,-4.95,-10.44,0.968903,51,-3.17,6.87,13.33,-13.61,4.39,-5.49,-0.61,3.64,-3.76,-6.37,0.989928,29
17-09-2025,NYSE:VOYA,"Voya Financial, Inc. Common Stock",7331,831928,1.81,75.44,-2.19,-0.11,1.35,1.91,9.86,10.60,5.47,0.13,-2.81,-2.81,-10.08,13.38,39.01,39.01,-0.41,0.23,-7.78,-4.87,-19.85,0.968864,51,1.91,8.11,0.82,-5.74,-5.65,-0.41,0.63,-8.87,4.11,-16.41,1.016159,57
17-09-2025,NYSE:DIS,Walt Disney Company (The) Common Stock,208740,6481405,1.62,115.23,-0.34,-1.86,-2.64,-0.14,-3.69,13.77,0.54,22.50,-7.08,-7.08,-7.08,2.49,41.01,41.01,-2.46,-13.32,-4.61,-9.80,2.52,0.968819,51,-0.14,-3.54,16.84,-15.35,22.08,-2.46,-11.02,7.15,-5.50,11.32,0.969414,14
17-09-2025,NASDAQ:PENN,"PENN Entertainment, Inc. - Common Stock",2761,3169145,2.91,18.92,0.48,-6.03,-5.55,3.59,12.84,8.77,-2.70,2.96,-7.57,-7.57,-16.76,14.88,37.6,37.6,1.27,3.21,-9.61,-13.04,-17.02,0.968706,51,3.59,9.59,-4.67,-12.57,5.51,1.27,2.11,-14.36,-2.72,-5.25,1.02547,66
17-09-2025,NYSE:PSX,Phillips 66 Common Stock,53805,2169391,2.26,133.04,1.40,0.56,-0.60,7.09,7.08,2.89,5.80,5.50,-1,-1,-4.24,12.39,43.25,43.25,4.77,-2.55,-15.49,-4.54,-14.48,0.968642,51,7.09,-0.01,-4.51,2.99,-0.31,4.77,-7.49,-14.20,12.84,-11.07,1.012167,54
17-09-2025,NASDAQ:TSCO,Tractor Supply Company - Common Stock,31320,4110353,1.87,58.99,-1.05,-0.15,-4.29,-2.54,12.37,9.93,3.21,5.24,-5.84,-5.84,-5.84,15.71,23.26,23.26,-4.86,2.74,-8.45,-7.13,-14.74,0.968486,51,-2.54,14.55,-2.79,-7.47,2.10,-4.86,7.07,-12.48,2.38,-8.66,1.013483,55
17-09-2025,NYSE:RNST,Renasant Corporation Common Stock,3586,530279,2.21,37.5,-2.16,-3.20,-3.28,-0.19,7.71,7.25,1.15,14.93,-5.71,-5.71,-5.71,9.3,35.48,35.48,-2.51,-1.92,-11.13,-9.19,-5.05,0.968464,51,-0.19,7.88,-0.49,-6.58,13.95,-2.51,0.40,-10.18,3.27,3.19,0.997602,38
17-09-2025,NASDAQ:DKNG,DraftKings Inc. - Class A Common Stock,21169,7468951,3.02,42.875,0.10,-7.08,-11.74,-4.82,11.70,9.67,2.86,9.99,-11.1,-11.1,-19.84,13.25,35.38,35.38,-7.14,2.07,-8.71,-7.48,-9.99,0.968324,51,-4.82,15.75,-2.30,-7.54,7.35,-7.14,8.27,-11.99,2.31,-3.41,1.005511,47
17-09-2025,NASDAQ:WTW,Willis Towers Watson Public Limited Company - Ordinary Shares,32418,471581,1.63,330.72,-0.90,0.37,1.59,0.07,9.94,0.72,6.31,12.42,-2.86,-2.98,-2.98,11.17,11.74,14.84,-2.25,0.31,-17.66,-4.03,-7.56,0.968303,51,0.07,9.89,-10.24,5.63,6.52,-2.25,2.41,-19.93,15.48,-4.24,1.004638,46
17-09-2025,NYSE:WEC,"WEC Energy Group, Inc. Common Stock",35167,1977188,1.23,108.69,-2.10,1.04,2.46,1.22,4.18,1.44,12.03,12.59,-2.32,-2.32,-2.32,5.66,6.31,17.99,-1.10,-5.45,-16.94,1.69,-7.39,0.968295,51,1.22,2.99,-2.85,10.74,0.63,-1.10,-4.49,-12.54,20.59,-10.13,0.991338,30
17-09-2025,NASDAQ:LPLA,LPL Financial Holdings Inc. - Common Stock,26897,866695,2.82,336.28,-0.12,-1.10,-7.90,-4.37,-12.93,2.38,1.71,38.45,-15.72,-15.72,-15.72,0.99,18.7,63.47,-6.69,-22.56,-16.00,-8.63,18.47,0.968208,50,-4.37,-8.20,13.55,-0.68,37.38,-6.69,-15.68,3.86,9.17,26.62,0.933359,4
17-09-2025,NYSE:SOBO,South Bow Corporation Common Shares,5903,682908,1.55,28.28,0.14,2.12,2.90,2.16,4.56,8.77,13.44,NA,0,0,0,10.12,29.55,29.55,-0.16,-5.07,-9.61,3.10,NA,0.967989,50,2.16,2.46,4.41,5.12,NA,-0.16,-5.02,-5.28,14.97,NA,0.917729,3
17-09-2025,NYSE:DBRG,"DigitalBridge Group, Inc.",2242,1963699,3.15,11.82,-1.78,4.99,4.91,5.16,14.04,18.87,-7.02,-17.43,-3.98,-3.98,-29.89,18.44,73.82,73.82,2.84,4.41,0.49,-17.36,-37.41,0.967967,50,5.16,9.37,5.61,-31.91,-9.72,2.84,1.89,-4.08,-22.06,-20.48,1.048767,78
17-09-2025,NASDAQ:INDI,"indie Semiconductor, Inc. - Class A Common Stock",813,3358360,4.88,3.8,-1.84,-6.58,-14.74,-18.95,10.26,34.47,-18.68,5.00,-22.76,-22.76,-30.66,21.41,137.5,137.5,-21.27,0.63,16.09,-29.02,-14.98,0.967865,50,-18.95,24.56,26.98,-81.12,19.96,-21.27,17.08,17.29,-71.27,9.20,1.018288,59
17-09-2025,NASDAQ:GCMG,GCM Grosvenor Inc. - Class A Common Stock,2510,498331,1.55,12.95,-0.08,1.62,0.77,0.46,8.73,-0.54,4.40,16.14,-0.77,-3.65,-10.13,13.6,13.6,19.24,-1.86,-0.90,-18.92,-5.94,-3.84,0.967802,50,0.46,8.30,-10.15,4.92,12.28,-1.86,0.82,-19.84,14.77,1.52,0.999555,40
17-09-2025,NASDAQ:PGNY,"Progyny, Inc. - Common Stock",1860,937568,3.06,21.77,-1.65,-5.51,-7.53,-7.49,3.26,3.95,29.21,-6.80,-10.3,-10.3,-12.29,4.71,6.09,59.25,-9.81,-6.37,-14.43,18.87,-26.78,0.967727,50,-7.49,10.00,0.71,26.30,-50.88,-9.81,2.52,-8.98,36.15,-61.64,1.001658,42
17-09-2025,NYSE:GAP,"Gap, Inc. (The) Common Stock",8464,12419115,4.11,22.64,-5.65,-6.45,0.09,8.61,6.54,11.22,-11.40,9.28,-6.56,-21.63,-21.63,20.17,28.34,28.34,6.29,-3.09,-7.16,-21.74,-10.70,0.967589,50,8.61,-2.27,5.01,-25.47,18.56,6.29,-9.75,-4.68,-15.62,7.80,1.016024,57
17-09-2025,NYSE:TRV,"The Travelers Companies, Inc. Common Stock",61919,1182111,1.51,271.95,-1.60,-0.59,-0.51,2.34,2.50,2.51,9.86,13.91,-2.68,-2.68,-2.68,8.51,16.3,20.35,0.02,-7.13,-15.87,-0.48,-6.07,0.967447,50,2.34,0.17,0.00,7.54,4.50,0.02,-7.31,-9.69,17.39,-6.26,0.987975,27
17-09-2025,NYSE:CIG,Comp En De Mn Cemig ADS American Depositary Shares,6706,2333937,1.82,2.08,0.00,2.88,4.81,6.25,7.21,7.21,5.29,0.48,0,0,-1.89,14.92,28.4,28.4,3.93,-2.42,-11.17,-5.05,-19.50,0.967401,50,6.25,1.03,0.00,-2.07,-5.08,3.93,-6.45,-9.69,7.78,-15.84,1.015188,56
17-09-2025,NASDAQ:ACLX,"Arcellx, Inc. - Common Stock",4238,523837,3.73,77.35,2.78,6.86,9.83,4.23,17.14,5.96,-12.45,3.34,-0.42,-0.42,-27.39,23.01,46.5,46.5,1.91,7.51,-12.42,-22.79,-16.64,0.967146,50,4.23,13.49,-13.50,-19.58,14.04,1.91,6.01,-23.19,-9.73,3.28,1.041093,75
17-09-2025,NYSE:HXL,Hexcel Corporation Common Stock,4938,842389,2.23,62.65,0.88,-0.34,-3.32,1.47,13.09,8.57,-1.18,2.09,-3.44,-3.44,-11.37,15.25,31.92,31.92,-0.85,3.46,-9.81,-11.52,-17.89,0.966813,50,1.47,11.79,-5.20,-10.67,3.23,-0.85,4.31,-14.89,-0.82,-7.53,1.023592,64
17-09-2025,NYSE:MBC,"MasterBrand, Inc. Common Stock",1749,1530621,3.61,13.66,-0.51,6.30,7.25,8.35,25.26,1.98,-20.94,-16.76,-0.51,-2.78,-28.85,37.98,39.39,39.39,6.03,15.63,-16.40,-31.28,-36.74,0.96681,50,8.35,18.45,-31.15,-23.38,3.45,6.03,10.97,-40.84,-13.53,-7.31,1.089636,90
17-09-2025,NYSE:GNL,"Global Net Lease, Inc. Common Stock",1792,1179607,1.81,8.11,-0.74,-0.99,3.70,7.77,9.12,-0.74,12.33,-7.64,-2.64,-2.64,-9.28,18.39,18.91,18.91,5.45,-0.51,-19.12,1.99,-27.62,0.966762,50,7.77,1.47,-10.85,12.97,-22.78,5.45,-6.01,-20.54,22.82,-33.54,1.029711,69
17-09-2025,NYSE:CDP,COPT Defense Properties Common Shares of Beneficial Interest,6900,1116862,1.68,30.58,0.36,0.46,5.00,8.89,6.41,11.54,-6.74,3.43,-0.26,-0.26,-7.47,12.1,23.76,23.76,6.57,-3.22,-6.84,-17.08,-16.55,0.966678,50,8.89,-2.73,5.49,-20.67,9.53,6.57,-10.21,-4.20,-10.82,-1.23,1.018393,60
17-09-2025,NYSE:ORI,Old Republic International Corporation Common Stock,9854,1150786,1.52,39.2,-1.73,-2.35,-2.07,1.45,4.90,4.34,7.12,11.89,-4.6,-4.6,-4.6,9.68,11.21,17.15,-0.87,-4.73,-14.04,-3.22,-8.09,0.966439,50,1.45,3.49,-0.59,2.91,5.14,-0.87,-3.99,-10.28,12.76,-5.62,0.994099,34
17-09-2025,NASDAQ:LBTYA,Liberty Global Ltd. - Class A Common Shares,4036,1730241,2.35,11.78,-0.93,1.87,1.36,2.12,15.37,-0.68,-9.93,13.90,-1.42,-1.42,-16.63,21.44,29.74,29.74,-0.20,5.74,-19.06,-20.27,-6.08,0.966381,50,2.12,13.53,-18.96,-9.19,21.67,-0.20,6.05,-28.65,0.66,10.91,1.025211,66
17-09-2025,NYSE:STE,STERIS plc (Ireland) Ordinary Shares,24503,531268,1.66,247.99,0.07,-0.16,2.41,0.98,2.75,8.14,15.47,0.61,-1.76,-1.81,-1.81,12.11,18.91,22.49,-1.34,-6.88,-10.24,5.13,-19.37,0.966374,50,0.98,1.79,5.54,7.98,-17.58,-1.34,-5.69,-4.15,17.83,-28.34,0.997799,38
17-09-2025,NASDAQ:NWSA,News Corporation - Class A Common Stock,17668,3927482,2.15,29.73,-0.54,1.04,2.96,0.87,5.01,8.68,2.22,12.68,-2.52,-2.52,-2.52,7.1,24.03,24.03,-1.45,-4.62,-9.70,-8.12,-7.30,0.966269,50,0.87,4.17,3.86,-7.07,10.70,-1.45,-3.31,-5.83,2.78,-0.06,0.99418,35
17-09-2025,NYSE:HIW,"Highwoods Properties, Inc. Common Stock",3480,1134634,1.81,32.2,-0.03,1.27,2.89,9.10,2.14,9.91,4.81,-0.59,-0.59,-0.59,-11.47,13.7,27.22,27.22,6.78,-7.49,-8.47,-5.53,-20.57,0.966236,50,9.10,-7.65,7.93,-5.65,-5.68,6.78,-15.13,-1.76,4.20,-16.44,1.009082,51
17-09-2025,NYSE:EMR,Emerson Electric Company Common Stock,73727,2865045,1.94,129.03,-5.14,-2.34,-1.82,-2.11,0.27,11.97,-1.43,21.36,-13.77,-13.77,-13.77,1.3,37.05,37.05,-4.43,-9.36,-6.41,-11.77,1.38,0.966177,50,-2.11,2.33,11.73,-15.21,22.47,-4.43,-5.15,2.04,-5.36,11.71,0.975809,17
17-09-2025,NYSE:CHWY,"Chewy, Inc. Class A Common Stock",15846,9136577,3.71,38.18,3.22,-10.27,-3.30,-6.05,-9.11,13.46,14.77,18.96,-12.09,-20.8,-20.8,11.41,22.33,44.02,-8.37,-18.74,-4.92,4.43,-1.02,0.966141,50,-6.05,-2.89,20.69,1.51,4.92,-8.37,-10.37,11.00,11.36,-5.84,0.951362,7
17-09-2025,NYSE:PEN,"Penumbra, Inc. Common Stock",9995,480163,2.89,262.96,-0.06,-9.18,-2.49,3.78,0.76,-4.99,3.54,23.94,-8.41,-12.28,-13.43,15.76,15.76,40.7,1.46,-8.87,-23.37,-6.80,3.96,0.965922,50,3.78,-3.14,-5.79,8.12,21.15,1.46,-10.62,-15.48,17.97,10.39,0.979776,20
17-09-2025,NYSE:ARW,"Arrow Electronics, Inc. Common Stock",6133,481311,1.82,127,-0.42,0.61,2.69,2.59,1.71,16.83,3.09,3.26,-4.68,-4.68,-7.39,10.76,40.61,40.61,0.27,-7.92,-1.55,-7.25,-16.72,0.965921,50,2.59,-0.91,15.38,-16.51,0.17,0.27,-8.39,5.69,-6.66,-10.59,0.99802,39
17-09-2025,NYSE:DGX,Quest Diagnostics Incorporated Common Stock,20380,702031,1.54,180.16,-0.26,-1.40,0.81,0.22,-1.06,3.71,13.58,14.10,-2.3,-2.3,-2.3,8.26,12.74,22.64,-2.10,-10.69,-14.67,3.24,-5.88,0.965799,49,0.22,-1.28,4.72,10.25,0.60,-2.10,-8.76,-4.97,20.10,-10.16,0.977247,18
17-09-2025,NYSE:SYY,Sysco Corporation Common Stock,39433,2675653,1.63,81.53,2.04,0.83,1.20,2.47,8.32,8.34,1.45,5.59,-1.19,-1.19,-1.19,10.22,19.9,19.9,0.15,-1.31,-10.04,-8.89,-14.39,0.965607,49,2.47,6.00,0.03,-7.52,4.21,0.15,-1.48,-9.66,2.33,-6.55,1.009466,51
17-09-2025,NYSE:HAYW,"Hayward Holdings, Inc. Common Stock",3274,2114072,2.33,15.56,-0.06,-0.51,-1.35,-2.12,11.44,8.42,-4.56,12.08,-6.04,-6.04,-6.27,16.12,37.46,37.46,-4.44,1.81,-9.96,-14.90,-7.90,0.965509,49,-2.12,13.28,-3.41,-14.18,15.92,-4.44,5.80,-13.10,-4.33,5.16,1.008574,50
17-09-2025,NYSE:SRE,DBA Sempra Common Stock,53927,3876424,1.95,82.7,-0.83,2.88,-0.23,1.78,10.79,14.07,-5.70,1.21,-1.48,-1.48,-12.74,12.09,29.66,29.66,-0.54,1.16,-4.31,-16.04,-18.77,0.965347,49,1.78,9.17,3.69,-23.01,6.53,-0.54,1.69,-6.00,-13.16,-4.23,1.020854,62
17-09-2025,NYSE:ABT,Abbott Laboratories Common Stock,233517,4914749,1.7,132.76,1.08,0.61,0.98,0.76,-0.94,3.86,14.03,12.00,-3.85,-3.85,-5.32,10.17,10.17,19.5,-1.56,-10.57,-14.52,3.69,-7.98,0.965246,49,0.76,-1.72,4.75,10.58,-2.36,-1.56,-9.20,-4.94,20.43,-13.12,0.979959,20
17-09-2025,NYSE:NTR,Nutrien Ltd. Common Shares,27533,2573820,1.69,56.71,-0.69,0.46,-1.57,-0.74,-10.81,8.04,15.57,18.59,-9.75,-9.83,-9.83,1.83,20.97,28.77,-3.06,-20.44,-10.34,5.23,-1.39,0.96524,49,-0.74,-9.99,17.01,8.19,3.57,-3.06,-17.47,7.32,18.04,-7.19,0.954188,8
17-09-2025,NASDAQ:ARHS,"Arhaus, Inc. - Class A Common Stock",1580,1715868,3.64,11.03,0.09,-1.27,-1.90,-16.05,20.22,15.59,-2.18,-1.27,-13.83,-13.83,-17.25,36.68,56.23,56.23,-18.37,10.59,-2.79,-12.52,-21.25,0.965199,49,-16.05,31.25,-5.80,-21.05,0.89,-18.37,23.77,-15.49,-11.20,-9.87,1.028624,68
17-09-2025,NYSE:TWLO,Twilio Inc. Class A Common Stock,15885,2623402,3.15,102.11,-2.32,-4.79,-2.04,-3.49,-14.26,1.66,-10.66,42.07,-23.05,-23.05,-31.17,10.46,25.53,72.63,-5.81,-23.89,-16.72,-21.00,22.09,0.965166,49,-3.49,-10.41,13.94,-12.53,47.65,-5.81,-17.89,4.25,-2.68,36.89,0.935405,4
17-09-2025,NYSE:MIAX,"Miami International Holdings, Inc. Common Stock",3115,805807,6.24,38.02,2.00,1.89,4.45,18.15,NA,NA,NA,NA,0,0,0,23.68,23.68,23.68,15.83,NA,NA,NA,NA,0.965164,49,18.15,NA,NA,NA,NA,15.83,NA,NA,NA,NA,1.019201,60
17-09-2025,NASDAQ:VRDN,"Viridian Therapeutics, Inc.  - Common Stock",1521,796907,5.38,18.66,3.48,-8.31,-2.57,0.64,14.58,14.04,-1.69,-10.93,-7.67,-7.67,-27.42,33.48,69.33,69.33,-1.68,4.95,-4.34,-12.03,-30.91,0.965044,49,0.64,14.02,-0.63,-18.30,-9.09,-1.68,6.54,-10.32,-8.45,-19.85,1.036855,73
17-09-2025,NYSE:UGI,UGI Corporation Common Stock,7062,1727919,1.43,33.12,-2.81,-3.35,-3.41,-6.37,-8.39,0.24,13.53,29.08,-10.82,-10.82,-10.82,0,9.74,42.51,-8.69,-18.02,-18.14,3.19,9.10,0.964943,49,-6.37,-1.90,7.97,13.32,17.98,-8.69,-9.38,-1.72,23.17,7.22,0.942847,5
17-09-2025,NYSE:TFC,Truist Financial Corporation Common Stock,58515,7727333,1.73,44.56,-0.49,-1.64,-4.17,0.31,11.60,7.88,-2.47,6.58,-5.33,-5.33,-7.46,14.17,28.08,28.08,-2.01,1.97,-10.50,-12.81,-13.40,0.964918,49,0.31,11.32,-4.21,-11.23,8.83,-2.01,3.84,-13.90,-1.38,-1.93,1.015214,56
17-09-2025,NASDAQ:XEL,Xcel Energy Inc. - Common Stock,42612,4372864,1.44,72.11,-1.30,0.12,-0.04,0.25,7.38,2.98,5.20,11.40,-2.9,-2.9,-2.9,9.84,9.84,16.01,-2.07,-2.25,-15.40,-5.14,-8.58,0.964875,49,0.25,7.15,-4.75,2.29,6.54,-2.07,-0.33,-14.44,12.14,-4.22,0.99917,40
17-09-2025,NYSE:CVX,Chevron Corporation Common Stock,327767,7741085,1.61,159.54,1.40,2.94,-1.44,1.87,8.47,0.51,2.09,12.74,-1.42,-5.32,-5.32,11.42,19.3,19.3,-0.45,-1.16,-17.87,-8.25,-7.24,0.964701,49,1.87,6.72,-8.69,1.58,10.88,-0.45,-0.76,-18.38,11.43,0.12,1.003626,44
17-09-2025,NYSE:EXPD,"Expeditors International of Washington, Inc. Common Stock",16958,1148554,1.66,124.8,0.50,3.08,3.17,3.96,7.76,6.33,3.53,3.00,0,0,-5.02,12.06,21.35,21.35,1.64,-1.87,-12.05,-6.81,-16.98,0.964588,49,3.96,3.96,-1.56,-2.99,-0.55,1.64,-3.52,-11.25,6.86,-11.31,1.011615,53
17-09-2025,NYSE:GBCI,"Glacier Bancorp, Inc. Common Stock",5715,654597,2.16,47.63,-1.07,-1.85,-2.33,4.66,13.84,5.65,-17.78,10.50,-4.24,-4.24,-19.12,18.51,25.84,25.84,2.34,4.21,-12.73,-28.12,-9.48,0.964498,49,4.66,9.62,-9.50,-24.83,24.01,2.34,2.14,-19.19,-14.98,13.25,1.029618,69
17-09-2025,NYSE:RPM,RPM International Inc. Common Stock,15777,657695,1.79,125.39,-0.02,-0.16,2.03,1.75,13.25,7.38,-6.48,5.03,-2.21,-2.21,-10.6,17.38,29.31,29.31,-0.57,3.62,-11.00,-16.82,-14.95,0.964428,49,1.75,11.70,-6.76,-14.97,10.81,-0.57,4.22,-16.45,-5.12,0.05,1.023661,65
17-09-2025,NYSE:IBM,International Business Machines Corporation Common Stock,241338,3854189,1.77,257.52,0.50,-0.62,6.22,6.91,-9.44,1.77,10.64,17.83,-12.64,-12.64,-12.64,9.69,16.51,25.68,4.59,-19.07,-16.61,0.30,-2.15,0.96427,49,6.91,-17.57,10.24,9.03,8.04,4.59,-25.05,0.55,18.88,-2.72,0.96752,13
17-09-2025,NYSE:MDT,Medtronic plc. Ordinary Shares,121316,6443688,1.98,94.19,0.81,0.13,0.91,1.24,6.66,0.89,11.97,4.45,-0.06,-0.06,-0.33,9.87,16.75,18.31,-1.08,-2.97,-17.49,1.63,-15.53,0.964171,49,1.24,5.48,-6.18,11.17,-8.54,-1.08,-2.00,-15.87,21.02,-19.30,1.00413,45
17-09-2025,NASDAQ:CLOV,"Clover Health Investments, Corp.  - Class A Common stock",1573,4645708,4.28,3.12,-0.64,7.37,13.78,15.06,6.41,-18.59,0.00,11.22,-8.5,-19.38,-35.27,43.12,43.12,43.12,12.74,-3.22,-36.97,-10.34,-8.76,0.964015,49,15.06,-10.19,-26.71,15.68,11.22,12.74,-17.67,-36.40,25.53,0.46,1.023425,64
17-09-2025,NASDAQ:CERT,"Certara, Inc. - Common Stock",1849,1489511,3.88,11.55,2.86,5.11,7.71,4.59,6.84,4.42,1.56,7.19,-1.28,-20.18,-20.18,21.2,27.62,27.62,2.27,-2.79,-13.96,-8.78,-12.79,0.963951,49,4.59,2.36,-2.60,-2.99,5.72,2.27,-5.12,-12.29,6.86,-5.04,1.007378,49
17-09-2025,NASDAQ:AVO,"Mission Produce, Inc. - Common Stock",903,558066,3.38,12.89,0.31,-1.47,3.57,3.18,2.95,20.79,-2.95,-2.79,-1.45,-1.45,-10.8,9.98,32.34,32.34,0.86,-6.68,2.41,-13.29,-22.77,0.963861,49,3.18,-0.24,18.39,-29.97,0.15,0.86,-7.72,8.70,-20.12,-10.61,1.009494,51
17-09-2025,NYSE:INN,"Summit Hotel Properties, Inc. Common Stock",713,782193,2.94,5.85,0.85,4.44,7.69,11.11,18.80,1.20,-16.75,-10.09,0,0,-18.07,23.68,56.42,56.42,8.79,9.17,-17.18,-27.09,-30.07,0.963747,48,11.11,8.65,-21.68,-18.17,5.71,8.79,1.17,-31.37,-8.32,-5.05,1.066252,85
17-09-2025,NYSE:PEB,Pebblebrook Hotel Trust Common Shares of Beneficial Interest,1371,3227275,3.12,11.56,-0.26,1.04,4.76,13.93,17.65,5.71,-28.03,-10.55,-2.28,-2.28,-22.62,23.11,49.94,49.94,11.61,8.02,-12.67,-38.37,-30.53,0.963548,48,13.93,4.32,-14.50,-35.78,13.65,11.61,-3.16,-24.19,-25.93,2.89,1.071813,87
17-09-2025,NYSE:EXG,Eaton Vance Tax-Managed Global Diversified Equity Income Fund Common Shares of Beneficial Interest,2753,428782,0.71,9,-0.11,0.33,1.56,2.22,3.89,8.22,5.00,7.00,-0.66,-0.66,-0.66,6.26,25.17,25.17,-0.10,-5.74,-10.16,-5.34,-12.98,0.963542,48,2.22,1.70,4.51,-3.51,2.11,-0.10,-5.78,-5.18,6.34,-8.65,0.997117,37
17-09-2025,NYSE:TXT,Textron Inc. Common Stock,14739,1282554,1.9,83.43,1.44,3.48,4.67,5.44,7.42,10.56,1.56,-4.22,-4.33,-4.33,-7.63,8.9,37.4,37.4,3.12,-2.21,-7.82,-8.78,-24.20,0.96345,48,5.44,2.09,3.39,-10.06,-5.87,3.12,-5.39,-6.30,-0.21,-16.63,1.018939,60
17-09-2025,NYSE:D,"Dominion Energy, Inc. Common Stock",50865,4897777,1.61,59.4,-1.99,0.93,0.44,-2.93,7.86,7.90,8.64,3.74,-4.35,-4.35,-4.35,10.47,19.61,19.61,-5.25,-1.77,-10.48,-1.70,-16.24,0.963358,48,-2.93,10.48,0.04,0.80,-5.36,-5.25,3.00,-9.65,10.65,-16.12,1.002024,43
17-09-2025,NASDAQ:CFFN,"Capitol Federal Financial, Inc. - Common Stock",841,625651,1.95,6.29,-2.54,-1.91,-2.07,3.18,6.84,9.06,-4.29,8.90,-4.12,-4.12,-12.4,9.77,25.05,25.05,0.86,-2.79,-9.32,-14.63,-11.08,0.963295,48,3.18,3.78,2.39,-14.69,12.65,0.86,-3.70,-7.30,-4.84,1.89,1.006142,47
17-09-2025,NYSE:SEE,Sealed Air Corporation Common Stock,4967,1353922,2.26,33.87,0.65,1.51,5.43,6.76,7.32,10.89,-6.61,1.98,-0.12,-0.12,-9.2,18.97,41.54,41.54,4.44,-2.31,-7.49,-16.95,-18.00,0.963294,48,6.76,0.60,3.85,-19.65,8.06,4.44,-6.88,-5.84,-9.80,-2.70,1.01821,59
17-09-2025,NYSE:INFA,Informatica Inc. Class A Common Stock,8653,2919277,0.22,24.8,0.00,0.08,-0.56,0.32,2.62,25.73,-7.66,-3.06,-0.6,-0.6,-9.46,2.73,56.37,56.37,-2.00,-7.01,7.35,-18.00,-23.04,0.963195,48,0.32,2.31,23.73,-44.95,4.27,-2.00,-5.17,14.04,-35.10,-6.49,1.010695,52
17-09-2025,NYSE:JELD,"JELD-WEN Holding, Inc. Common Stock",500,1895383,5.08,6.25,-2.08,0.80,-1.76,7.52,42.40,0.80,-69.60,-123.84,-7.54,-7.54,-61.47,76.06,86.01,86.01,5.20,32.77,-17.58,-79.94,-143.82,0.963067,48,7.52,37.72,-72.22,-70.97,-31.98,5.20,30.24,-81.91,-61.12,-42.74,1.241087,98
17-09-2025,NYSE:MPW,"Medical Properties Trust, Inc. common stock",2915,8825052,3.41,4.85,0.00,5.15,9.07,16.49,8.66,-24.33,15.26,-15.46,-5.46,-21.9,-23.86,21.86,21.86,30.38,14.17,-0.97,-42.71,4.92,-35.44,0.962736,48,16.49,-9.38,-36.12,31.84,-36.25,14.17,-16.86,-45.81,41.69,-47.01,1.05863,82
17-09-2025,NASDAQ:SNCY,"Sun Country Airlines Holdings, Inc. - Common Stock",673,885931,4.31,13.1,0.00,3.28,-2.14,6.87,14.05,-3.28,-20.31,14.73,-4.03,-5.62,-27.9,27.18,59.56,59.56,4.55,4.42,-21.66,-30.65,-5.25,0.962667,48,6.87,7.70,-20.16,-16.48,29.12,4.55,0.22,-29.85,-6.63,18.36,1.031251,70
17-09-2025,NASDAQ:DRVN,Driven Brands Holdings Inc. - Common Stock,2804,1109099,3.12,17.29,-3.24,-7.00,-10.53,3.07,1.39,-1.10,0.69,20.65,-9.99,-9.99,-9.99,4.47,15.34,27.51,0.75,-8.24,-19.48,-9.65,0.67,0.962509,48,3.07,-1.73,-2.52,1.77,20.09,0.75,-9.21,-12.21,11.62,9.33,0.983085,23
17-09-2025,NYSE:VYX,NCR Voyix Corporation Common Stock,1767,1386615,3.21,12.79,-0.39,-1.49,0.94,2.27,7.04,19.86,-16.50,4.07,-12.58,-12.58,-15.91,10.64,63.97,63.97,-0.05,-2.59,1.48,-26.84,-15.91,0.962456,48,2.27,4.88,13.79,-45.37,17.65,-0.05,-2.60,4.10,-35.52,6.89,1.018243,59
17-09-2025,NYSE:NGG,"National Grid Transco, PLC National Grid PLC (NEW) American Depositary Shares",70309,521743,0.92,70.88,-1.04,0.73,4.09,-0.78,-0.73,9.51,15.25,2.27,-4.74,-5.23,-5.23,4.27,12.97,26.28,-3.10,-10.36,-8.87,4.91,-17.71,0.962437,48,-0.78,0.04,10.17,6.35,-15.32,-3.10,-7.44,0.48,16.20,-26.08,0.98692,26
17-09-2025,NYSE:BKU,"BankUnited, Inc. Common Stock",2869,621405,2.24,37.91,-0.98,-1.37,-2.19,1.11,10.37,9.42,-8.78,8.41,-4.15,-4.15,-12.25,12.96,28.6,28.6,-1.21,0.74,-8.96,-19.12,-11.57,0.962407,48,1.11,9.36,-1.06,-20.09,15.81,-1.21,1.88,-10.75,-10.24,5.05,1.014037,55
17-09-2025,NYSE:SKT,Tanger Inc. Common Stock,3815,801370,1.67,33.71,-0.27,-2.34,0.71,4.09,10.95,3.89,-5.55,6.41,-3.08,-3.08,-9.14,14.19,17.01,17.01,1.77,1.32,-14.49,-15.89,-13.57,0.962402,48,4.09,7.15,-7.93,-9.81,11.33,1.77,-0.33,-17.62,0.04,0.57,1.019216,60
17-09-2025,NASDAQ:SMCI,"Super Micro Computer, Inc. - Common Stock",26683,25230253,3.85,44.91,-1.05,4.43,9.20,-1.02,2.72,6.61,14.74,1.55,-26.03,-26.03,-26.03,12.16,52.19,149.36,-3.34,-6.91,-11.77,4.40,-18.43,0.96236,48,-1.02,3.70,4.01,8.70,-15.47,-3.34,-3.78,-5.68,18.55,-26.23,0.994398,35
17-09-2025,NYSE:SLG,SL Green Realty Corp Common Stock,4983,1026647,2.62,65.67,1.11,9.73,14.01,17.42,-0.41,11.31,-12.05,-4.07,-0.41,-0.41,-19.06,26.19,37.1,37.1,15.10,-10.04,-7.07,-22.39,-24.05,0.962317,48,17.42,-21.59,11.68,-26.34,7.12,15.10,-29.07,1.99,-16.49,-3.64,1.024784,65
17-09-2025,NYSE:FTS,Fortis Inc. Common Shares,24697,541498,0.99,48.98,-0.82,0.00,-1.14,-3.63,2.65,7.51,12.09,7.76,-3.68,-3.68,-3.68,5.11,10.32,20.97,-5.95,-6.98,-10.87,1.75,-12.22,0.962117,48,-3.63,6.07,4.99,4.94,-4.92,-5.95,-1.41,-4.70,14.79,-15.68,0.985788,25
17-09-2025,NYSE:KFY,Korn Ferry Common Stock,3793,452930,2.34,73.02,0.81,0.12,-1.21,0.77,7.40,7.61,2.51,5.14,-4.5,-4.5,-8.04,9.38,22.76,22.76,-1.55,-2.23,-10.77,-7.83,-14.84,0.962116,48,0.77,6.68,0.24,-5.53,2.70,-1.55,-0.80,-9.45,4.32,-8.06,1.005159,46
17-09-2025,NYSE:FCF,First Commonwealth Financial Corporation Common Stock,1818,481168,1.81,17.25,-1.10,-1.22,-2.49,3.36,10.67,7.71,-7.65,5.10,-4.27,-4.27,-11.13,12.75,22.51,22.51,1.04,1.04,-10.67,-17.99,-14.88,0.962047,48,3.36,7.56,-3.31,-16.65,11.85,1.04,0.08,-13.00,-6.80,1.09,1.019334,60
17-09-2025,NASDAQ:MEOH,Methanex Corporation - Common Stock,3030,401551,2.72,39.36,-1.14,1.63,10.19,12.73,9.35,3.91,-19.64,5.01,-1.13,-1.13,-26.58,21.26,52.15,52.15,10.41,-0.28,-14.47,-29.98,-14.97,0.961933,48,12.73,-3.87,-6.00,-24.51,20.60,10.41,-11.35,-15.69,-14.66,9.84,1.033734,71
17-09-2025,NYSE:VTR,"Ventas, Inc. Common Stock",31719,2482438,1.51,68.07,-2.61,-0.28,0.22,0.44,7.71,-1.00,10.80,4.51,-2.55,-2.87,-3.41,9,9,19.63,-1.88,-1.92,-19.38,0.46,-15.47,0.961927,48,0.44,7.30,-9.44,11.68,-7.05,-1.88,-0.18,-19.13,21.53,-17.81,1.005923,47
17-09-2025,NYSE:MWA,MUELLER WATER PRODUCTS Common Stock,3956,1022532,2.46,25.5,0.63,3.33,-3.49,-2.90,8.08,-9.14,2.90,22.20,-6.9,-9.7,-9.7,9.3,11.74,28.53,-5.22,-1.55,-27.52,-7.44,2.22,0.961812,47,-2.90,10.67,-18.73,11.03,19.87,-5.22,3.19,-28.42,20.88,9.11,0.991014,30
17-09-2025,NASDAQ:WFRD,Weatherford International plc - Ordinary shares,4582,811577,3.69,64.14,4.27,3.46,-1.03,13.80,19.15,13.58,-25.54,-40.47,-1.02,-1.02,-33.22,36.29,63.75,63.75,11.48,9.52,-4.80,-35.88,-60.45,0.961625,47,13.80,6.20,-6.88,-45.26,-11.90,11.48,-1.28,-16.57,-35.41,-22.66,1.095012,91
17-09-2025,NYSE:AOS,A.O. Smith Corporation Common Stock,10246,1037558,1.85,73.61,0.49,2.19,4.39,1.90,12.62,8.31,0.99,-7.87,-0.93,-0.93,-18.74,17.33,23.44,23.44,-0.42,2.99,-10.07,-9.35,-27.85,0.961505,47,1.90,10.93,-4.93,-7.99,-8.95,-0.42,3.45,-14.62,1.86,-19.71,1.029884,69
17-09-2025,NASDAQ:SBRA,"Sabra Health Care REIT, Inc. - Common Stock",4525,2193259,1.95,18.87,-1.70,-1.11,-2.07,2.17,5.14,6.62,6.31,2.76,-3.82,-3.82,-4.07,5.42,15.27,18.83,-0.15,-4.49,-11.76,-4.03,-17.22,0.961461,47,2.17,3.03,1.56,-0.34,-3.79,-0.15,-4.45,-8.13,9.51,-14.55,1.002943,44
17-09-2025,NYSE:UCB,"United Community Banks, Inc. Common Stock",3834,519310,1.91,31.25,-1.44,-4.35,-5.92,0.13,10.72,8.54,-8.80,9.06,-7.21,-7.21,-9.89,13.55,32.42,32.42,-2.19,1.09,-9.84,-19.14,-10.92,0.961425,47,0.13,10.61,-2.44,-18.96,16.41,-2.19,3.13,-12.13,-9.11,5.65,1.013123,55
17-09-2025,NYSE:LTH,"Life Time Group Holdings, Inc. Common Stock",6118,1976093,2.47,28.03,-0.82,-2.18,2.00,-1.25,3.07,-8.21,17.02,11.49,-7.95,-14.98,-15.65,8.52,8.52,28.11,-3.57,-6.56,-26.59,6.68,-8.49,0.961165,47,-1.25,4.26,-11.63,23.31,-6.66,-3.57,-3.22,-21.32,33.16,-17.42,0.988931,28
17-09-2025,NYSE:WMB,"Williams Companies, Inc. (The) Common Stock",72074,5726065,1.81,57.95,-0.78,0.66,0.98,0.85,-2.07,-0.76,4.42,22.19,-7.83,-7.83,-7.83,2.53,6.66,29.53,-1.47,-11.70,-19.14,-5.92,2.21,0.961023,47,0.85,-2.94,1.28,5.14,18.60,-1.47,-10.42,-8.41,14.99,7.84,0.970853,15
17-09-2025,NYSE:JBS,JBS N.V. Class A Common Shares,16459,6004916,2.42,15.74,-0.57,1.02,-2.35,9.15,7.88,NA,NA,NA,-4.78,-4.78,-4.78,21.26,21.26,21.26,6.83,-1.75,NA,NA,NA,0.960996,47,9.15,-1.40,NA,NA,NA,6.83,-8.88,NA,NA,NA,0.928024,3
17-09-2025,NYSE:UNM,Unum Group Common Stock,12791,1457828,1.76,74.21,-0.93,1.27,5.63,7.26,-6.27,-9.97,1.74,26.63,-9.63,-10.96,-10.96,8.26,8.26,36.29,4.94,-15.90,-28.35,-8.60,6.65,0.960971,47,7.26,-14.59,-3.49,10.65,25.33,4.94,-22.07,-13.18,20.50,14.57,0.969061,14
17-09-2025,NYSE:RCUS,"Arcus Biosciences, Inc. Common Stock",1280,740773,5.1,11.75,1.45,3.66,8.00,11.57,22.64,22.13,-52.85,-48.00,-3.61,-3.61,-36.28,47.8,71.03,71.03,9.25,13.01,3.75,-63.19,-67.98,0.960947,47,11.57,12.51,-0.66,-96.28,3.17,9.25,5.03,-10.35,-86.43,-7.59,1.12598,95
17-09-2025,NYSE:PKG,Packaging Corporation of America Common Stock,19083,875207,2.02,211.47,-0.16,-1.23,-2.35,8.54,10.41,6.13,-12.85,1.44,-3.99,-3.99,-15.02,13.55,20.17,20.17,6.22,0.78,-12.25,-23.19,-18.54,0.960768,47,8.54,2.05,-4.78,-20.22,12.66,6.22,-5.43,-14.47,-10.37,1.90,1.029953,69
17-09-2025,NYSE:MCO,Moody's Corporation Common Stock,91812,586038,1.36,508,-0.15,0.01,1.87,-1.67,6.12,10.71,2.06,5.76,-2.56,-2.56,-3.69,8.09,28.06,28.06,-3.99,-3.51,-7.67,-8.28,-14.22,0.960753,47,-1.67,7.66,4.89,-9.69,3.77,-3.99,0.18,-4.80,0.16,-6.99,0.999117,40
17-09-2025,NYSE:ST,Sensata Technologies Holding plc Ordinary Shares,4529,1265598,2.65,31.66,-0.66,-0.09,-1.04,-0.54,9.82,12.38,3.35,-7.86,-5.55,-5.55,-14.39,13.84,78.97,78.97,-2.86,0.19,-6.00,-6.99,-27.84,0.960619,47,-0.54,10.30,2.84,-10.31,-11.60,-2.86,2.82,-6.85,-0.46,-22.36,1.01967,61
17-09-2025,NYSE:AME,"AMETEK, Inc.",43015,1062486,1.57,187.27,-1.22,-0.11,1.31,3.16,4.61,4.61,-0.74,10.88,-2.48,-2.48,-5.12,6.68,23.68,23.68,0.84,-5.02,-13.77,-11.08,-9.10,0.960609,47,3.16,1.51,0.00,-5.61,11.54,0.84,-5.97,-9.69,4.24,0.78,0.99804,39
17-09-2025,NASDAQ:EXPI,"eXp World Holdings, Inc. - Common Stock",1753,1003205,3.49,11.06,-3.53,-0.18,4.79,5.61,18.08,11.75,-16.37,-18.54,-3.41,-3.41,-25.12,25.54,48.26,48.26,3.29,8.45,-6.63,-26.71,-38.52,0.960396,47,5.61,13.22,-7.73,-31.86,-1.86,3.29,5.74,-17.42,-22.01,-12.62,1.062185,84
17-09-2025,NYSE:AEE,Ameren Corporation Common Stock,26762,1323707,1.15,98.56,-1.94,-0.65,-1.18,-2.03,3.80,-2.20,8.84,15.28,-4.55,-4.55,-4.93,4.43,4.6,18.04,-4.35,-5.83,-20.58,-1.50,-4.70,0.960343,47,-2.03,5.72,-6.24,10.80,7.07,-4.35,-1.76,-15.93,20.65,-3.69,0.984942,24
17-09-2025,NYSE:BRX,Brixmor Property Group Inc. Common Stock,8537,1954099,1.51,27.89,-0.61,0.14,0.68,5.09,8.46,6.96,-4.09,1.51,-1.1,-1.1,-8.17,10.37,20.95,20.95,2.77,-1.17,-11.42,-14.43,-18.47,0.960278,47,5.09,3.55,-1.65,-11.87,5.37,2.77,-3.93,-11.34,-2.02,-5.39,1.017555,59
17-09-2025,NYSE:HBI,Hanesbrands Inc. Common Stock,2218,6147145,2.25,6.32,0.16,-0.79,3.48,-1.74,25.79,6.17,-37.03,-1.27,-2.32,-2.32,-29.07,55.28,55.28,55.28,-4.06,16.16,-12.21,-47.37,-21.25,0.960246,47,-1.74,27.06,-26.44,-46.04,26.10,-4.06,19.58,-36.13,-36.19,15.34,1.076159,88
17-09-2025,NYSE:CNQ,Canadian Natural Resources Limited Common Stock,68427,6977444,2.07,32.93,2.73,6.19,2.82,9.38,-1.18,9.41,1.25,0.88,-3.18,-3.18,-12.42,12.35,30.99,30.99,7.06,-10.81,-8.97,-9.09,-19.10,0.960119,47,9.38,-11.66,10.47,-9.02,-0.37,7.06,-19.14,0.78,0.83,-11.13,1.002112,43
17-09-2025,NYSE:MUR,Murphy Oil Corporation Common Stock,3842,2273425,3.8,27.81,5.97,10.43,6.90,17.40,10.03,4.14,-10.43,-21.93,0,-4.79,-22.94,25.67,41.74,41.74,15.08,0.40,-14.24,-20.77,-41.91,0.960076,47,17.40,-8.92,-6.55,-15.19,-10.42,15.08,-16.40,-16.24,-5.34,-21.18,1.05828,82
17-09-2025,NYSE:TAL,TAL Education Group American Depositary Shares,6752,3826537,2.68,11.1,0.90,4.23,5.41,-3.06,4.77,-29.01,7.12,30.36,-4.97,-22.97,-24.95,13.03,27.15,49.6,-5.38,-4.86,-47.39,-3.22,10.38,0.960059,47,-3.06,7.60,-35.48,28.00,25.02,-5.38,0.12,-45.17,37.85,14.26,0.98212,22
17-09-2025,NASDAQ:ONB,Old National Bancorp - Common Stock,8613,2910129,2.37,21.79,-1.19,-2.34,-3.99,2.16,5.28,3.07,-5.97,16.38,-7.16,-7.16,-10.88,7.23,21.39,21.46,-0.16,-4.35,-15.31,-16.31,-3.60,0.960045,47,2.16,3.19,-2.33,-9.33,21.09,-0.16,-4.29,-12.02,0.52,10.33,0.99578,36
17-09-2025,NYSE:SR,Spire Inc. Common Stock,4489,415233,1.37,75.05,-1.52,-1.00,-1.17,-1.00,4.01,-1.63,8.45,13.38,-3.61,-5.08,-5.08,4.18,5.66,20.58,-3.32,-5.62,-20.01,-1.89,-6.60,0.960025,47,-1.00,4.96,-5.87,9.91,5.38,-3.32,-2.52,-15.56,19.76,-5.38,0.988157,27
17-09-2025,NYSE:PRKS,United Parks & Resorts Inc. Common Stock,2784,1138309,2.85,50.96,-1.14,-1.94,-3.39,-1.55,18.23,4.00,-11.17,1.75,-6.38,-6.38,-15.48,22.29,32.33,32.33,-3.87,8.60,-14.38,-21.51,-18.23,0.95994,46,-1.55,19.48,-17.40,-15.80,11.62,-3.87,12.00,-27.09,-5.95,0.86,1.03763,73
17-09-2025,NYSE:OVV,Ovintiv Inc. (DE),10785,2915209,2.97,42.35,3.97,2.13,-0.94,6.97,2.24,2.98,0.24,8.45,-1.31,-4.06,-9.33,11.45,35.82,35.82,4.65,-7.39,-15.40,-10.10,-11.53,0.959837,46,6.97,-5.08,0.75,-2.82,8.24,4.65,-12.56,-8.94,7.03,-2.52,0.999515,40
17-09-2025,NASDAQ:CINF,Cincinnati Financial Corporation - Common Stock,24157,421683,1.31,153.27,-1.21,-0.27,0.21,1.44,4.29,3.95,1.04,11.84,-2.29,-2.29,-4.3,6.64,21.07,21.07,-0.88,-5.34,-14.43,-9.30,-8.14,0.95981,46,1.44,2.89,-0.35,-3.03,10.92,-0.88,-4.59,-10.04,6.82,0.16,0.993896,34
17-09-2025,NYSE:KMI,"Kinder Morgan, Inc. Common Stock",61263,12032534,1.64,27.21,-0.55,2.09,1.73,1.98,-1.65,-2.13,0.96,23.04,-7.45,-7.45,-12.84,3.74,7.93,29.94,-0.34,-11.28,-20.51,-9.38,3.06,0.959771,46,1.98,-3.71,-0.47,3.02,22.30,-0.34,-11.19,-10.16,12.87,11.54,0.973407,16
17-09-2025,NASDAQ:ODP,The ODP Corporation - Common Stock,652,444619,4.66,21.43,4.48,3.73,4.06,1.63,18.76,25.94,-32.01,-32.76,-3.51,-3.51,-32.78,29.96,77.4,77.4,-0.69,9.13,7.56,-42.35,-52.74,0.959674,46,1.63,17.41,8.85,-78.26,-0.57,-0.69,9.93,-0.84,-68.41,-11.33,1.083053,89
17-09-2025,NYSE:SHEL,Shell PLC American Depositary Shares (each representing two (2) Ordinary Shares),208774,3950025,1.12,72.33,0.91,0.57,-2.02,0.66,1.24,3.08,10.78,7.40,-2.16,-2.16,-2.16,4.16,21.05,21.05,-1.66,-8.39,-15.30,0.44,-12.58,0.959572,46,0.66,0.58,1.86,7.95,-3.80,-1.66,-6.90,-7.83,17.80,-14.56,0.988419,27
17-09-2025,NASDAQ:LUNR,"Intuitive Machines, Inc. - Class A Common Stock",1659,5216177,4.62,9.15,1.20,8.09,4.81,0.71,-18.47,13.55,-27.43,37.70,-31.56,-31.56,-60.34,10.24,33.19,69.44,-1.61,-28.10,-4.83,-37.77,17.72,0.959498,46,0.71,-19.32,27.03,-47.41,51.11,-1.61,-26.80,17.34,-37.56,40.35,0.952941,7
17-09-2025,NASDAQ:EVER,"EverQuote, Inc. - Class A Common Stock",886,455413,3.35,24.01,-1.12,-1.25,3.12,2.42,-1.37,-16.83,23.28,7.62,-7.17,-19.19,-19.19,6.19,18.8,42.92,0.10,-11.00,-35.21,12.94,-12.36,0.959364,46,2.42,-3.88,-15.24,34.33,-20.41,0.10,-11.36,-24.93,44.18,-31.17,0.991721,31
17-09-2025,NASDAQ:ROST,"Ross Stores, Inc. - Common Stock",47698,2987442,1.96,146.45,-0.41,-1.77,-3.28,-0.33,10.45,14.28,-5.05,-4.25,-4.16,-5.06,-6.49,15.66,18.54,18.78,-2.65,0.82,-4.10,-15.39,-24.23,0.959304,46,-0.33,10.75,4.28,-22.54,0.75,-2.65,3.27,-5.41,-12.69,-10.01,1.021052,62
17-09-2025,NYSE:SMA,"SmartStop Self Storage REIT, Inc. Common Stock",1523,497885,2.38,38.74,0.00,2.79,6.92,9.37,6.35,NA,NA,NA,-0.64,-0.64,-0.64,14.41,24.09,24.09,7.05,-3.28,NA,NA,NA,0.959233,46,9.37,-3.33,NA,NA,NA,7.05,-10.81,NA,NA,NA,0.926162,3
17-09-2025,NASDAQ:SSYS,"Stratasys, Ltd. - Common Stock",837,973305,4.44,9.86,-0.10,-2.64,-5.17,4.67,-6.19,-3.70,-4.87,28.40,-16.01,-16.01,-23.27,6.94,13.07,40.76,2.35,-15.82,-22.08,-15.21,8.42,0.959227,46,4.67,-11.38,2.34,-1.12,31.72,2.35,-18.86,-7.35,8.73,20.96,0.965911,12
17-09-2025,NYSE:SPGI,S&P Global Inc. Common Stock,166114,1033219,1.3,541.29,-0.50,-1.19,0.30,-2.80,6.70,8.69,4.62,3.93,-4.05,-4.05,-4.05,8.03,23.49,23.49,-5.12,-2.93,-9.69,-5.72,-16.05,0.959051,46,-2.80,9.25,2.12,-4.45,-0.72,-5.12,1.77,-7.57,5.40,-11.48,0.999799,41
17-09-2025,NYSE:SNV,Synovus Financial Corp. Common Stock,7137,1727728,2.22,50.57,-0.14,-1.86,-1.52,2.16,5.40,8.25,-10.88,13.59,-15.15,-15.15,-15.15,8.64,32.14,32.14,-0.16,-4.23,-10.13,-21.22,-6.39,0.958818,46,2.16,3.31,3.01,-20.84,22.06,-0.16,-4.17,-6.68,-10.99,11.30,1.000583,41
17-09-2025,NYSE:TALO,"Talos Energy, Inc. Common Stock",1668,2297325,3.39,9.64,1.35,1.24,-3.53,14.63,3.32,9.75,-6.33,-13.69,-3.41,-3.41,-19.47,23.75,51.1,51.1,12.31,-6.31,-8.63,-16.67,-33.67,0.958784,46,14.63,-13.24,6.65,-17.82,-6.93,12.31,-20.72,-3.04,-7.97,-17.69,1.032049,70
17-09-2025,NYSE:BHP,BHP Group Limited American Depositary Shares (Each representing two Ordinary Shares),138262,2795641,1.47,54.11,-1.28,1.77,-2.88,-0.07,9.63,6.54,1.02,0.79,-3.58,-3.58,-13.33,17.27,34.54,34.54,-2.39,0.00,-11.84,-9.32,-19.19,0.958717,46,-0.07,9.70,-3.42,-5.91,-0.22,-2.39,2.22,-13.11,3.94,-10.98,1.013092,54
17-09-2025,NYSE:FAF,First American Corporation (New) Common Stock,6803,663733,1.94,65.89,-1.29,-1.32,2.26,2.12,10.84,1.47,0.58,1.43,-3.29,-3.29,-6.71,20.39,21.77,21.77,-0.20,1.21,-16.91,-9.76,-18.55,0.958675,46,2.12,8.90,-10.50,-0.91,0.85,-0.20,1.42,-20.19,8.94,-9.91,1.018738,60
17-09-2025,NYSE:FE,FirstEnergy Corp. Common Stock,25082,3260414,1.17,43.05,-1.25,-0.72,-0.98,-0.98,7.57,7.48,6.81,-2.35,-2.05,-2.05,-3.28,8.38,13.44,13.44,-3.30,-2.06,-10.90,-3.53,-22.33,0.958649,46,-0.98,8.47,-0.10,-0.73,-9.82,-3.30,0.99,-9.79,9.12,-20.58,1.008697,50
17-09-2025,NYSE:KW,Kennedy-Wilson Holdings Inc. Common Stock,1187,698317,2.71,8.76,-0.80,0.34,2.63,7.65,25.34,1.03,-27.05,-23.86,-3.74,-3.74,-25.13,33.94,44.32,44.32,5.33,15.71,-17.35,-37.39,-43.84,0.958493,46,7.65,19.16,-32.57,-28.37,2.52,5.33,11.68,-42.26,-18.52,-8.24,1.095073,91
17-09-2025,NYSE:CNNE,"Cannae Holdings, Inc. Common Stock",1091,697060,2.13,19.47,1.23,2.77,4.73,8.53,-2.31,14.79,-6.99,2.72,-11.14,-11.14,-11.14,9.32,20.93,20.93,6.21,-11.94,-3.59,-17.33,-17.26,0.958296,46,8.53,-11.85,16.72,-25.56,9.07,6.21,-19.33,7.03,-15.71,-1.69,1.001392,42
17-09-2025,NASDAQ:LBTYK,Liberty Global Ltd. - Class C Common Shares,4046,954315,2.77,11.92,-0.67,1.59,0.92,2.43,14.43,-2.94,-15.02,11.74,-1.81,-3.95,-18.63,19.56,27.9,27.9,0.11,4.80,-21.32,-25.36,-8.24,0.958154,46,2.43,12.30,-20.29,-11.74,23.26,0.11,4.82,-29.98,-1.89,12.50,1.026201,67
17-09-2025,NYSE:RNG,"RingCentral, Inc. Class A Common Stock",2856,1779019,3.24,31.21,1.44,-1.76,2.92,1.51,13.26,13.49,-34.00,9.23,-3.79,-3.79,-25.37,32.13,45.1,45.1,-0.81,3.63,-4.89,-44.34,-10.75,0.958009,46,1.51,11.94,0.26,-54.89,32.26,-0.81,4.46,-9.43,-45.04,21.50,1.035982,72
17-09-2025,NYSE:LXP,LXP Industrial Trust Common Stock (Maryland REIT),2718,2903642,1.95,9.19,0.33,1.41,3.59,10.45,7.18,0.22,1.41,-8.16,-0.65,-0.65,-10.78,18.58,27.29,27.29,8.13,-2.45,-18.16,-8.93,-28.14,0.957956,46,10.45,-3.65,-7.50,1.20,-9.71,8.13,-11.13,-17.19,11.05,-20.47,1.028461,68
17-09-2025,NYSE:KR,Kroger Company (The) Common Stock,44271,7558524,2.2,66.75,-0.99,-1.32,-2.83,-4.40,1.11,0.54,8.12,17.30,-10.22,-10.22,-10.22,1.88,3.75,22.21,-6.72,-8.52,-17.84,-2.22,-2.68,0.957945,45,-4.40,5.28,-0.58,7.62,10.00,-6.72,-2.20,-10.27,17.47,-0.76,0.974327,16
17-09-2025,NYSE:EQT,EQT Corporation Common Stock,31197,6377136,2.86,49.95,-0.06,-0.60,-4.86,-5.81,-16.46,-3.42,8.75,34.21,-17.36,-17.36,-17.36,0,8.33,52.01,-8.13,-26.09,-21.80,-1.59,14.23,0.957896,45,-5.81,-10.07,11.19,11.77,27.91,-8.13,-17.55,1.50,21.62,17.15,0.926715,3
17-09-2025,NASDAQ:FYBR,"Frontier Communications Parent, Inc. - Common Stock",9359,3345021,0.39,37.41,-0.03,0.24,0.88,0.80,3.15,4.41,7.40,4.88,-0.32,-0.32,-0.32,3.4,5.35,9.55,-1.52,-6.48,-13.97,-2.94,-15.10,0.957883,45,0.80,2.37,1.30,3.13,-2.73,-1.52,-5.11,-8.39,12.98,-13.49,0.99494,35
17-09-2025,NASDAQ:VCYT,"Veracyte, Inc. - Common Stock",2504,940498,3.82,32.28,1.27,0.90,6.72,6.38,17.47,3.25,-34.79,5.76,-0.55,-4.19,-30.04,40.17,40.17,40.17,4.06,7.84,-15.13,-45.13,-14.22,0.957851,45,6.38,11.85,-17.23,-39.32,30.09,4.06,4.37,-26.92,-29.47,19.33,1.053105,80
17-09-2025,NASDAQ:RLAY,"Relay Therapeutics, Inc. - Common Stock",705,1223417,5.77,4.13,1.69,1.45,11.38,14.29,20.82,15.01,-20.58,-84.50,0,0,-49.08,34.97,106.5,106.5,11.97,11.19,-3.37,-30.92,-104.48,0.957804,45,14.29,7.63,-7.34,-41.88,-53.01,11.97,0.15,-17.03,-32.03,-63.77,1.127119,95
17-09-2025,NASDAQ:NWS,News Corporation - Class B Common Stock,17561,1519101,1.89,32.8,-0.15,1.07,-1.25,-3.75,1.59,5.40,2.01,17.16,-6.74,-6.74,-6.74,3.93,19.66,21.35,-6.07,-8.04,-12.98,-8.33,-2.82,0.957753,45,-3.75,5.14,3.87,-3.58,15.46,-6.07,-2.34,-5.82,6.27,4.70,0.977474,18
17-09-2025,NYSE:MAC,Macerich Company (The) Common Stock,4550,1656233,2.34,18,-0.56,-0.39,-0.67,4.39,10.72,4.94,-18.61,9.83,-4,-4,-18.59,13.85,35.95,35.95,2.07,1.09,-13.44,-28.95,-10.15,0.957685,45,4.39,6.62,-6.47,-24.78,23.98,2.07,-0.86,-16.16,-14.93,13.22,1.021576,62
17-09-2025,NYSE:PPL,PPL Corporation Common Stock,26334,4619870,1.25,35.49,-1.35,-0.68,-2.62,-2.99,5.16,0.96,7.78,9.95,-4.69,-4.69,-4.69,6.1,6.1,12.77,-5.31,-4.47,-17.42,-2.56,-10.03,0.957617,45,-2.99,7.91,-4.43,6.88,2.35,-5.31,0.43,-14.12,16.73,-8.41,0.990977,30
17-09-2025,NASDAQ:DEFT,"Defi Technologies, Inc. - Common Stock",879,4519185,5.99,2.64,1.52,20.45,18.94,12.69,-7.58,7.20,-29.17,23.67,-24.14,-37.88,-37.88,33.33,50.43,73.68,10.37,-17.21,-11.18,-39.51,3.69,0.957594,45,12.69,-23.21,13.73,-39.18,40.91,10.37,-30.69,4.04,-29.33,30.15,0.99266,33
17-09-2025,NASDAQ:CBRL,"Cracker Barrel Old Country Store, Inc. - Common Stock",1104,2085457,5.16,51.21,-2.30,1.66,-6.85,-21.44,-11.19,22.79,-1.87,28.47,-28.74,-28.74,-28.74,4.15,45.86,45.86,-23.76,-20.82,4.41,-12.21,8.49,0.957373,45,-21.44,8.44,30.56,-31.94,29.79,-23.76,0.96,20.87,-22.09,19.03,0.936399,5
17-09-2025,NASDAQ:AGNC,AGNC Investment Corp. - Common Stock,10553,20020749,1.32,10.13,-0.59,-2.17,3.65,4.94,7.90,-2.17,5.13,-0.99,-2.31,-2.5,-4.97,10.23,24.75,24.75,2.62,-1.73,-20.55,-5.21,-20.97,0.957308,45,4.94,3.12,-10.93,7.15,-6.45,2.62,-4.36,-20.62,17.00,-17.21,1.016862,58
17-09-2025,NYSE:MFC,Manulife Financial Corporation Common Stock,52706,1917129,1.54,31.49,-2.70,2.00,3.21,3.52,0.83,4.45,-0.03,11.24,-2.63,-2.93,-4.2,5.32,16.93,16.93,1.20,-8.80,-13.93,-10.37,-8.74,0.95712,45,3.52,-2.80,3.65,-4.69,11.27,1.20,-10.28,-6.04,5.16,0.51,0.989793,29
17-09-2025,NYSE:RITM,Rithm Capital Corp. Common Stock,6401,5330084,1.48,12.07,-2.73,-3.81,-1.66,-1.82,6.46,2.49,7.62,4.14,-4.36,-4.36,-4.36,8.64,26.12,26.12,-4.14,-3.17,-15.89,-2.72,-15.84,0.957063,45,-1.82,8.14,-4.25,5.27,-3.77,-4.14,0.66,-13.94,15.12,-14.53,0.999981,41
17-09-2025,NYSE:TTC,Toro Company (The) Common Stock,7744,908701,2.45,79.51,-0.10,0.93,-2.43,3.33,13.28,7.91,-11.23,-4.34,-3.67,-3.67,-10.1,15.32,25.19,25.19,1.01,3.65,-10.47,-21.57,-24.32,0.956995,45,3.33,10.29,-6.19,-20.79,6.20,1.01,2.81,-15.88,-10.94,-4.56,1.033778,71
17-09-2025,NASDAQ:AVT,"Avnet, Inc. - Common Stock",4366,1093046,1.94,53.52,0.32,0.73,2.75,0.09,3.76,9.88,-1.27,6.60,-4.94,-4.94,-7.23,8.21,28.93,28.93,-2.23,-5.87,-8.50,-11.61,-13.38,0.956782,45,0.09,3.67,6.37,-12.38,7.77,-2.23,-3.81,-3.32,-2.53,-2.99,0.996107,36
17-09-2025,NASDAQ:GTLB,GitLab Inc. - Class A Common Stock,8411,6406554,4.38,50.31,0.44,4.25,5.21,11.99,16.36,-3.24,-20.61,-7.63,0,-5.84,-31.21,29.6,29.6,29.6,9.67,6.73,-21.62,-30.95,-27.61,0.956464,45,11.99,4.97,-23.43,-16.83,10.76,9.67,-2.51,-33.12,-6.98,0.00,1.059772,83
17-09-2025,NYSE:LOAR,Loar Holdings Inc. Common Stock,7370,976542,3.03,78.49,0.98,-0.09,8.93,10.73,-4.55,14.54,-7.38,-0.01,-10.79,-21.11,-21.11,16.08,22.66,23.7,8.41,-14.18,-3.84,-17.72,-19.99,0.956458,45,10.73,-17.11,18.25,-25.64,6.86,8.41,-24.59,8.56,-15.79,-3.90,1.002527,43
17-09-2025,NASDAQ:PRVA,"Privia Health Group, Inc. - Common Stock",2726,703951,2.49,22.32,-0.09,-4.97,-3.90,4.70,-2.55,-4.12,5.33,15.59,-5.38,-10.97,-13.12,18.35,18.35,32.7,2.38,-12.18,-22.50,-5.01,-4.39,0.956393,45,4.70,-7.62,-1.53,9.08,10.84,2.38,-15.10,-11.22,18.93,0.08,0.980135,20
17-09-2025,NASDAQ:UPBD,"Upbound Group, Inc. - Common Stock",1549,686377,2.98,27.35,1.02,7.42,9.14,14.92,6.51,10.68,-23.25,-9.03,0,0,-21.88,32.54,37.44,37.44,12.60,-3.12,-7.70,-33.59,-29.01,0.956374,45,14.92,-9.88,4.46,-37.99,11.54,12.60,-17.36,-5.23,-28.14,0.78,1.042591,75
17-09-2025,NASDAQ:MAR,Marriott International - Class A Common Stock,71136,1230294,1.87,267.89,1.03,1.45,1.27,1.00,3.73,7.38,-8.90,13.88,-5.3,-5.3,-12.01,4.91,26.89,26.89,-1.32,-5.90,-11.00,-19.24,-6.10,0.956059,45,1.00,2.75,3.80,-17.58,20.92,-1.32,-4.73,-5.89,-7.73,10.16,0.994168,34
17-09-2025,NYSE:O,Realty Income Corporation Common Stock,54840,5407086,1.3,59.98,-0.40,0.82,3.73,2.50,4.32,5.00,7.77,-4.05,-0.71,-0.71,-7.31,6.86,14.75,16.08,0.18,-5.31,-13.38,-2.57,-24.03,0.955951,45,2.50,1.86,0.71,2.91,-12.82,0.18,-5.62,-8.98,12.76,-23.58,1.006874,48
17-09-2025,NYSE:BR,"Broadridge Financial Solutions, Inc. Common Stock",28711,644483,1.52,245.61,-1.70,-2.75,-2.59,-6.10,2.70,5.76,4.08,14.28,-7.97,-7.97,-7.97,5.07,13.07,17.96,-8.42,-6.93,-12.62,-6.26,-5.70,0.955886,45,-6.10,8.29,3.15,-1.78,10.64,-8.42,0.81,-6.54,8.07,-0.12,0.978921,20
17-09-2025,NYSE:ATUS,"Altice USA, Inc. Class A Common Stock",1181,3266295,5.84,2.38,-1.68,-0.42,-0.84,0.42,12.61,-6.30,-8.40,13.03,-19.32,-19.32,-23.47,19.6,19.6,19.6,-1.90,2.98,-24.68,-18.74,-6.95,0.955869,45,0.42,12.24,-21.63,-1.98,19.77,-1.90,4.76,-31.32,7.87,9.01,1.015903,57
17-09-2025,NASDAQ:PCAR,PACCAR Inc. - Common Stock,52962,2379349,2.21,102.86,0.67,5.18,3.89,4.51,9.88,1.64,-12.63,7.57,0,0,-13.13,13.38,19.05,19.05,2.19,0.25,-16.74,-22.97,-12.41,0.955477,44,4.51,5.62,-9.14,-14.51,17.94,2.19,-1.86,-18.83,-4.66,7.18,1.018337,60
17-09-2025,NYSE:UE,Urban Edge Properties Common Shares of Beneficial Interest,2569,1057415,1.94,20.42,-1.13,-3.28,-0.44,4.55,10.09,8.67,-9.84,-4.26,-3.72,-3.72,-13.47,11.22,25.28,25.28,2.23,0.46,-9.71,-20.18,-24.24,0.955465,44,4.55,5.80,-1.58,-20.27,5.08,2.23,-1.68,-11.27,-10.42,-5.68,1.026717,67
17-09-2025,NASDAQ:LAMR,Lamar Advertising Company - Class A Common Stock,12790,564069,1.85,126.36,-1.09,-1.25,1.03,2.45,5.48,10.12,-2.60,-0.89,-1.91,-1.91,-8.51,9.9,23.46,23.46,0.13,-4.15,-8.26,-12.94,-20.87,0.95544,44,2.45,3.12,4.91,-14.16,1.67,0.13,-4.36,-4.78,-4.31,-9.09,1.008799,51
17-09-2025,NYSE:XOM,Exxon Mobil Corporation Common Stock,491510,14435019,1.59,114.68,2.03,3.51,-0.01,7.14,1.92,0.80,2.41,3.01,-0.65,-3.66,-8.53,8.36,14.76,14.76,4.82,-7.71,-17.58,-7.93,-16.97,0.955336,44,7.14,-5.62,-1.14,1.62,0.62,4.82,-13.10,-10.83,11.47,-10.14,1.002799,43
17-09-2025,NYSE:JPC,Nuveen Preferred & Income Opportunities Fund,2660,968871,0.42,8.27,0.12,0.60,2.06,2.90,4.59,3.51,1.57,3.63,0,0,0,4.82,17.3,17.3,0.58,-5.04,-14.87,-8.77,-16.35,0.955248,44,2.90,1.74,-1.14,-2.01,2.09,0.58,-5.74,-10.83,7.84,-8.67,1.002567,43
17-09-2025,NYSE:TKR,Timken Company (The) Common Stock,5370,732246,2.16,77.91,0.68,2.27,1.82,2.45,8.06,3.48,0.78,-1.16,-4.63,-4.63,-10.69,10.6,35.87,35.87,0.13,-1.57,-14.90,-9.56,-21.14,0.955184,44,2.45,5.75,-4.98,-2.79,-1.95,0.13,-1.73,-14.67,7.06,-12.71,1.0139,55
17-09-2025,NASDAQ:ENTG,"Entegris, Inc. - Common Stock",13962,2584576,3.86,92.61,2.62,12.30,11.52,16.73,15.51,-8.84,-17.77,-16.87,-0.26,-8.12,-20.58,28.57,47.19,47.19,14.41,5.88,-27.22,-28.11,-36.85,0.955014,44,16.73,-1.47,-28.82,-8.20,0.77,14.41,-8.95,-38.51,1.65,-9.99,1.070917,86
17-09-2025,NYSE:ROL,"Rollins, Inc. Common Stock",27208,1551289,1.61,55.23,-2.17,-3.78,-2.61,-3.80,-2.70,6.21,11.26,9.20,-5.82,-5.82,-5.82,0.33,9.04,20.99,-6.12,-12.33,-12.17,0.92,-10.78,0.954757,44,-3.80,1.06,8.67,5.39,-2.33,-6.12,-6.42,-1.02,15.24,-13.09,0.973447,16
17-09-2025,NYSE:VLTO,Veralto Corp Common Stock,26489,1087378,1.48,106.54,-1.18,1.42,1.18,-0.69,8.22,7.59,1.12,-2.59,-2.92,-2.92,-6.21,10.14,24.87,24.87,-3.01,-1.41,-10.79,-9.22,-22.57,0.954756,44,-0.69,8.85,-0.69,-7.01,-3.75,-3.01,1.37,-10.38,2.84,-14.51,1.011442,53
17-09-2025,NYSE:FLNG,FLEX LNG Ltd. Ordinary Shares,1324,612587,2.37,24.78,-1.53,-2.82,-7.83,-1.09,0.73,9.60,11.14,-4.56,-9.6,-9.6,-9.6,13.2,22.61,22.61,-3.41,-8.90,-8.78,0.80,-24.54,0.954688,44,-1.09,1.80,8.94,1.70,-17.67,-3.41,-5.68,-0.75,11.55,-28.43,0.995193,36
17-09-2025,NYSE:AA,Alcoa Corporation Common Stock,8508,5631793,3.47,33.48,-0.36,6.60,7.59,6.60,13.35,-3.91,-18.10,6.36,-0.36,-5.18,-29.4,20.17,48.34,48.34,4.28,3.72,-22.29,-28.44,-13.62,0.954618,44,6.60,7.23,-19.92,-13.65,20.71,4.28,-0.25,-29.61,-3.80,9.95,1.033308,71
17-09-2025,NASDAQ:AZN,AstraZeneca PLC - American Depositary Shares,240021,3443203,1.25,77.56,-0.63,-4.72,-3.39,-2.08,5.17,0.24,13.10,-1.81,-5.54,-5.54,-5.54,12.86,19.56,22.72,-4.40,-4.46,-18.14,2.76,-21.79,0.954489,44,-2.08,7.10,-5.19,12.89,-17.15,-4.40,-0.38,-14.88,22.74,-27.91,1.002035,43
17-09-2025,NYSE:DLR,"Digital Realty Trust, Inc. Common Stock",59295,1680513,2,173.86,-0.68,5.68,6.28,4.00,-1.27,12.66,-7.68,7.69,-3.42,-3.42,-11.16,7.85,27.73,27.73,1.68,-10.90,-5.72,-18.02,-12.29,0.954479,44,4.00,-5.49,13.75,-23.29,14.28,1.68,-12.97,4.06,-13.44,3.52,0.992997,33
17-09-2025,NASDAQ:AEP,"American Electric Power Company, Inc. - Common Stock",57501,3027643,1.4,106.84,-2.11,-1.42,-3.04,-4.82,4.61,0.92,12.36,3.60,-7.1,-7.1,-7.1,5.57,8.37,18.29,-7.14,-5.02,-17.46,2.02,-16.38,0.954404,44,-4.82,9.00,-3.88,11.55,-10.00,-7.14,1.52,-13.57,21.40,-20.76,0.992785,33
17-09-2025,NASDAQ:QCOM,QUALCOMM Incorporated - Common Stock,178316,7037797,2.08,164.14,1.78,3.34,3.27,3.83,4.43,3.77,2.63,-0.51,0,0,-7.81,12.55,31.67,31.67,1.51,-5.20,-14.61,-7.71,-20.49,0.954332,44,3.83,0.62,-0.69,-1.19,-3.22,1.51,-6.86,-10.38,8.66,-13.98,1.006427,48
17-09-2025,NYSE:MTAL,MAC Copper Limited Ordinary Shares,1007,1389073,0.22,12.21,0.08,0.33,0.66,0.74,1.31,11.88,-8.03,9.91,0,-1.61,-13.53,2.26,55.54,55.54,-1.58,-8.32,-6.50,-18.37,-10.07,0.954282,44,0.74,0.58,10.71,-22.58,16.60,-1.58,-6.90,1.02,-12.73,5.84,0.99224,32
17-09-2025,NYSE:V,Visa Inc.,666989,5205262,1.43,340.03,0.29,-1.16,-2.95,-1.31,-4.54,1.61,7.72,16.08,-5.25,-8.91,-8.91,2.39,10.3,26.11,-3.63,-14.17,-16.77,-2.62,-3.90,0.954229,44,-1.31,-3.20,5.89,6.21,9.06,-3.63,-10.68,-3.80,16.06,-1.70,0.9675,13
17-09-2025,NASDAQ:WYFI,"WhiteFiber, Inc. - Ordinary Shares",763,909639,8.67,19.28,-3.68,4.62,7.11,11.36,NA,NA,NA,NA,-18.24,-18.24,-18.24,31.07,31.07,31.07,9.04,NA,NA,NA,NA,0.954179,44,11.36,NA,NA,NA,NA,9.04,NA,NA,NA,NA,1.007601,49
17-09-2025,NASDAQ:STKL,"SunOpta, Inc. - Common Stock",748,498061,3.29,6.42,0.16,0.00,3.74,4.52,5.92,16.67,-21.34,0.16,-4.61,-4.61,-18.63,23.7,73.05,73.05,2.20,-3.71,-1.71,-31.68,-19.82,0.954168,44,4.52,1.47,11.42,-45.61,17.72,2.20,-6.01,1.73,-35.76,6.96,1.021865,62
17-09-2025,NASDAQ:CSIQ,Canadian Solar Inc. - Common Shares,825,2164176,6.88,12.21,1.64,9.58,18.18,-2.78,9.17,18.43,-4.67,-13.84,-13.34,-13.34,-30.11,28.39,80.62,80.62,-5.10,-0.46,0.05,-15.01,-33.82,0.954146,44,-2.78,11.63,10.19,-28.31,-8.76,-5.10,4.15,0.50,-18.46,-19.52,1.023121,64
17-09-2025,NASDAQ:SFD,"Smithfield Foods, Inc. - Common Stock",9564,1994651,2.35,24.12,0.95,3.28,-5.76,-4.89,0.93,18.99,NA,NA,-7.02,-7.02,-7.02,4.6,27.28,29.61,-7.21,-8.70,0.61,NA,NA,0.954026,44,-4.89,5.55,18.23,NA,NA,-7.21,-1.93,8.54,NA,NA,0.88451,1
17-09-2025,NYSE:CSAN,Cosan S.A. ADS,2720,1721143,3.95,5.82,3.44,9.11,21.31,30.41,-5.84,5.50,-12.20,-58.08,-5.52,-5.52,-41.21,52.76,52.76,52.76,28.09,-15.47,-12.88,-22.54,-78.06,0.95393,44,30.41,-52.10,10.71,-18.73,-40.89,28.09,-59.58,1.02,-8.88,-51.65,1.076416,88
17-09-2025,NYSE:CNO,"CNO Financial Group, Inc. Common Stock",3783,682047,1.75,38.52,-2.28,-2.18,-1.61,2.34,3.50,-7.40,0.78,15.24,-4.68,-9.09,-9.09,8.54,8.54,17.98,0.02,-6.13,-25.78,-9.56,-4.74,0.953855,44,2.34,1.20,-11.30,7.61,14.57,0.02,-6.28,-20.99,17.46,3.81,0.991542,31
17-09-2025,NYSE:GEO,Geo Group Inc (The) REIT,3119,2605934,3.76,22.04,0.86,2.13,4.81,4.67,-12.98,-19.28,-26.13,42.79,-16.7,-30.41,-37.65,8.84,8.84,78.17,2.35,-22.61,-37.66,-36.47,22.81,0.95377,43,4.67,-18.51,-5.58,-5.74,54.64,2.35,-25.99,-15.27,4.11,43.88,0.952741,7
17-09-2025,NASDAQ:NWE,"NorthWestern Energy Group, Inc.  - Common Stock",3432,434001,1.69,55.54,-1.96,-2.00,-3.26,0.27,7.92,-1.35,5.91,0.14,-5.03,-6.67,-6.67,9.33,9.33,10.11,-2.05,-1.71,-19.73,-4.43,-19.84,0.953718,43,0.27,7.67,-10.07,7.16,-6.12,-2.05,0.19,-19.76,17.01,-16.88,1.009797,52
17-09-2025,NASDAQ:LNT,Alliant Energy Corporation - Common Stock,16410,1702650,1.24,63.62,-1.74,-0.61,-1.63,-1.57,4.97,0.14,5.05,7.40,-5,-5,-5,6.02,8.22,13.12,-3.89,-4.66,-18.24,-5.29,-12.58,0.953569,43,-1.57,6.44,-5.08,4.91,2.48,-3.89,-1.04,-14.77,14.76,-8.28,0.994574,35
17-09-2025,NYSE:CARS,Cars.com Inc. Common Stock,819,669480,3.46,13.45,-0.15,0.45,5.28,6.10,22.16,13.98,-43.79,-26.99,-2.47,-2.47,-33.08,31.35,33.83,33.83,3.78,12.53,-4.40,-54.13,-46.97,0.953526,43,6.10,17.10,-10.51,-67.16,11.69,3.78,9.62,-20.20,-57.31,0.93,1.093747,91
17-09-2025,NASDAQ:GOGO,Gogo Inc. - Common Stock,1202,1764145,4.57,9.37,-2.13,-11.10,-17.61,-29.46,-34.04,30.95,16.22,20.49,-43.35,-43.35,-43.35,0,44.82,48.73,-31.78,-43.67,12.57,5.88,0.51,0.953506,43,-29.46,-3.54,48.49,-21.33,5.10,-31.78,-11.02,38.80,-11.48,-5.66,0.904668,2
17-09-2025,NASDAQ:NCNO,"nCino, Inc. - Common Stock",3547,2497374,3.63,29.99,-0.87,-1.37,-3.63,7.47,10.30,4.33,-21.41,2.97,-8.26,-8.26,-29.67,14.82,39.81,39.81,5.15,0.67,-14.05,-31.75,-17.01,0.953485,43,7.47,3.06,-6.65,-26.91,20.08,5.15,-4.42,-16.34,-17.06,9.32,1.030153,69
17-09-2025,NYSE:RIO,Rio Tinto Plc Common Stock,108595,2753490,1.34,63.44,-0.44,2.47,2.44,3.47,8.09,-0.05,-2.43,2.41,-1.83,-1.83,-10.94,13.51,21.25,21.25,1.15,-1.54,-18.43,-12.77,-17.57,0.953435,43,3.47,4.78,-8.85,-2.38,4.72,1.15,-2.70,-18.54,7.47,-6.04,1.013304,55
17-09-2025,NASDAQ:FHB,"First Hawaiian, Inc. - Common Stock",3162,951079,1.79,25.1,-1.20,-2.43,-2.35,2.39,7.29,1.99,-9.44,9.72,-5.03,-5.03,-11.31,8.94,18.73,18.73,0.07,-2.34,-16.39,-19.78,-10.26,0.953407,43,2.39,5.02,-5.72,-11.67,17.51,0.07,-2.46,-15.41,-1.82,6.75,1.00656,48
17-09-2025,NYSE:DD,"DuPont de Nemours, Inc. Common Stock",32149,2528937,1.82,77.17,0.08,0.54,1.79,5.30,11.91,-0.69,-6.17,-4.20,-1.05,-1.05,-13.82,16.61,39.98,39.98,2.98,2.28,-19.07,-16.51,-24.18,0.953402,43,5.30,6.98,-14.30,-5.44,1.86,2.98,-0.50,-23.99,4.41,-8.90,1.031163,70
17-09-2025,NYSE:ALB,Albemarle Corporation Common Stock,9433,3848040,4.3,80.94,-0.12,10.33,1.73,-1.54,24.68,1.98,-28.29,-9.34,-7.69,-7.69,-27.28,42.85,59.46,59.46,-3.86,15.05,-16.40,-38.63,-29.32,0.953344,43,-1.54,25.83,-30.15,-30.88,14.77,-3.86,18.35,-39.84,-21.03,4.01,1.072431,87
17-09-2025,NYSE:KBH,KB Home Common Stock,4425,1239477,2.64,65.36,0.26,-0.86,4.02,3.79,18.93,7.27,-13.69,-25.67,-3.84,-3.84,-27.08,29.14,30.33,30.33,1.47,9.30,-11.11,-24.03,-45.65,0.953324,43,3.79,15.73,-14.38,-22.60,-10.54,1.47,8.25,-24.07,-12.75,-21.30,1.065473,85
17-09-2025,NASDAQ:GLNG,Golar LNG Limited - Common Shares,4178,1387270,3,39.84,-0.58,-3.82,-8.28,-1.43,-6.68,12.02,-9.29,21.08,-12.55,-12.55,-12.55,0,29.77,29.77,-3.75,-16.31,-6.36,-19.63,1.10,0.953198,43,-1.43,-5.17,17.53,-24.22,27.79,-3.75,-12.65,7.84,-14.37,17.03,0.967346,13
17-09-2025,NASDAQ:TGTX,"TG Therapeutics, Inc. - Common Stock",5084,2076996,3.48,31.99,0.75,-0.03,7.06,12.22,-11.38,-28.35,1.06,27.51,-18.37,-29.71,-29.71,21.22,21.22,50.12,9.90,-21.01,-46.73,-9.28,7.53,0.952948,43,12.22,-26.89,-15.24,22.92,26.73,9.90,-34.37,-24.93,32.77,15.97,0.969769,14
17-09-2025,NASDAQ:CCEP,Coca-Cola Europacific Partners plc - Ordinary Shares,41710,2051328,1.66,88.76,0.07,-3.03,1.50,-2.19,-4.54,4.53,11.14,9.16,-11.39,-11.39,-11.39,2.41,8.46,20.42,-4.51,-14.17,-13.85,0.80,-10.82,0.952831,43,-2.19,-2.30,8.68,6.93,-2.23,-4.51,-9.78,-1.01,16.78,-12.99,0.971801,15
17-09-2025,NASDAQ:FLYW,Flywire Corporation - Voting Common Stock,1655,2049770,3.58,13.35,2.17,2.10,1.65,7.34,18.95,21.72,-52.51,-33.56,-2.84,-2.84,-42.7,29.24,58.55,58.55,5.02,9.32,3.34,-62.85,-53.54,0.952699,43,7.34,12.53,3.42,-94.83,12.43,5.02,5.05,-6.27,-84.98,1.67,1.100604,92
17-09-2025,NASDAQ:AMAT,"Applied Materials, Inc. - Common Stock",141906,6940270,2.03,173.54,1.50,5.79,9.20,6.79,-1.73,10.42,1.39,-5.57,-12.92,-12.92,-18.86,11.07,36.7,36.7,4.47,-11.36,-7.96,-8.95,-25.55,0.952684,43,6.79,-9.15,11.95,-10.08,-7.06,4.47,-16.63,2.26,-0.23,-17.82,1.002265,43
17-09-2025,NYSE:ATEN,"A10 Networks, Inc. Common Stock",1273,634692,2.19,17.43,-1.38,-0.34,0.52,1.43,-3.21,-1.84,-6.83,23.98,-13.46,-13.46,-19.6,2.59,17.06,31.55,-0.89,-12.84,-20.22,-17.17,4.00,0.952676,43,1.43,-4.71,1.33,-4.90,28.84,-0.89,-12.19,-8.36,4.95,18.08,0.971305,15
17-09-2025,NYSE:MPLX,MPLX LP Common Units Representing Limited Partner Interests,51983,1242171,1.31,51.06,-0.31,2.02,0.18,2.08,-0.88,-7.03,5.52,15.18,-3.13,-6.57,-6.57,3.32,9.38,17.89,-0.24,-10.51,-25.41,-4.82,-4.80,0.952608,43,2.08,-3.02,-6.10,11.73,10.22,-0.24,-10.50,-15.79,21.58,-0.54,0.980771,21
17-09-2025,NYSE:YUM,"Yum! Brands, Inc.",41147,1891370,1.74,148.01,-0.60,1.51,1.74,-0.11,4.10,-6.16,6.40,9.86,-2.85,-8.32,-8.93,6.97,6.97,20.09,-2.43,-5.53,-24.54,-3.94,-10.12,0.952577,43,-0.11,4.21,-10.70,11.83,3.70,-2.43,-3.27,-20.39,21.68,-7.06,0.99314,33
17-09-2025,NYSE:RTO,Rentokil Initial plc American Depositary Shares (each representing five (5) Ordinary Shares),12623,748208,1.59,24.98,-0.60,-2.72,2.64,1.80,4.48,11.33,-7.41,1.24,-3.7,-3.7,-7.58,9.51,25.59,25.59,-0.52,-5.15,-7.05,-17.75,-18.74,0.952517,43,1.80,2.73,7.17,-21.13,8.05,-0.52,-4.75,-2.52,-11.28,-2.71,1.005936,47
17-09-2025,NYSE:VG,"Venture Global, Inc. Class A common stock",33870,6397064,4.12,14.1,3.19,5.74,7.80,11.42,-23.40,19.93,NA,NA,-25.83,-25.83,-41.25,16.82,101.43,101.43,9.10,-33.03,1.55,NA,NA,0.952456,43,11.42,-39.31,35.11,NA,NA,9.10,-46.79,25.42,NA,NA,0.866938,1
17-09-2025,NYSE:RIG,Transocean Ltd (Switzerland) Common Stock,3207,24405537,4.37,3.47,4.61,9.51,11.82,14.99,6.92,8.65,-17.87,-19.60,0,0,-25.7,36.08,62.91,62.91,12.67,-2.71,-9.73,-28.21,-39.58,0.95233,43,14.99,-9.49,1.86,-29.02,-1.47,12.67,-16.97,-7.83,-19.17,-12.23,1.047441,78
17-09-2025,NYSE:NUV,"Nuveen Municipal Value Fund, Inc. Common Stock",1853,466628,0.55,8.93,0.11,1.01,2.80,3.70,5.38,3.14,0.11,-1.18,0,0,-2.4,5.68,5.93,5.93,1.38,-4.25,-15.24,-10.23,-21.16,0.952242,42,3.70,1.74,-2.37,-3.12,-1.29,1.38,-5.74,-12.06,6.73,-12.05,1.009235,51
17-09-2025,NYSE:DUK,Duke Energy Corporation (Holding Company) Common Stock,94170,2529131,1.19,120.25,-1.76,-0.11,-1.36,-1.83,4.03,-0.47,8.86,3.56,-4.51,-4.51,-4.51,4.95,6.93,13.7,-4.15,-5.60,-18.85,-1.48,-16.42,0.952172,42,-1.83,5.76,-4.69,9.29,-5.82,-4.15,-1.72,-14.38,19.14,-16.58,0.995037,36
17-09-2025,NYSE:AMBP,Ardagh Metal Packaging S.A. Ordinary Shares,2211,933762,2.56,3.61,0.28,2.77,-0.55,-5.82,-16.90,20.22,11.63,6.37,-23.84,-23.84,-23.84,2.85,38.85,43.82,-8.14,-26.53,1.84,1.29,-13.61,0.952154,42,-5.82,-10.47,31.75,-10.76,-5.96,-8.14,-17.95,22.06,-0.91,-16.72,0.953197,7
17-09-2025,NYSE:PBA,Pembina Pipeline Corp. Ordinary Shares (Canada),22970,1539415,1.4,39.35,1.86,2.69,4.70,6.81,4.42,0.79,1.02,-3.68,0,-3.74,-9.23,10.85,11.92,12.01,4.49,-5.21,-17.59,-9.32,-23.66,0.952139,42,6.81,-2.56,-3.80,0.23,-4.75,4.49,-10.04,-13.49,10.08,-15.51,1.013142,55
17-09-2025,NYSE:DNP,"DNP Select Income Fund, Inc. Common Stock",3667,545383,0.7,9.91,-0.40,-0.40,1.11,0.91,2.22,2.83,5.75,2.52,-0.9,-0.9,-1.29,2.8,11.47,12.36,-1.41,-7.41,-15.55,-4.59,-17.46,0.952104,42,0.91,1.32,0.62,3.01,-3.43,-1.41,-6.16,-9.07,12.86,-14.19,0.995064,36
17-09-2025,NYSE:BSX,Boston Scientific Corporation Common Stock,145953,7939770,1.84,98.98,-0.90,-9.20,-7.76,-4.23,-2.54,0.08,8.51,15.31,-8.47,-8.47,-8.47,0,10.35,19.95,-6.55,-12.17,-18.30,-1.83,-4.67,0.951901,42,-4.23,1.63,2.55,8.43,7.43,-6.55,-5.85,-7.14,18.28,-3.33,0.968555,13
17-09-2025,NYSE:SOLV,Solventum Corporation Common Stock,12843,1060984,2.12,74.13,1.24,1.66,3.12,3.66,-0.43,-1.38,4.91,7.39,-5.57,-5.57,-11.79,4.76,17.65,17.65,1.34,-10.06,-19.76,-5.43,-12.59,0.951836,42,3.66,-4.24,-0.94,6.20,2.61,1.34,-11.72,-10.63,16.05,-8.15,0.98938,28
17-09-2025,NYSE:CRK,"Comstock Resources, Inc. Common Stock",5026,2092301,4.1,17.07,4.86,9.78,4.10,6.62,-55.01,-10.37,1.05,42.88,-44.47,-44.47,-44.47,13.57,13.57,75.08,4.30,-64.64,-28.75,-9.29,22.90,0.951834,42,6.62,-66.00,28.80,10.35,42.27,4.30,-73.48,19.11,20.20,31.51,0.891098,1
17-09-2025,NASDAQ:LAB,Standard BioTools Inc. - Common Stock,516,1166600,5.73,1.38,0.72,7.25,10.14,10.87,20.29,15.22,-40.58,-47.10,-6.12,-6.12,-38.94,35.29,49.74,49.74,8.55,10.66,-3.16,-50.92,-67.08,0.951809,42,10.87,10.57,-6.36,-65.81,-4.64,8.55,3.09,-16.05,-55.96,-15.40,1.104468,92
17-09-2025,NYSE:PDI,PIMCO Dynamic Income Fund Common Stock,7457,2452505,0.56,19.7,-0.76,-1.88,0.10,2.54,5.08,0.66,2.03,1.37,-1.84,-1.84,-5.52,6.09,15.75,15.75,0.22,-4.55,-17.72,-8.31,-18.61,0.951698,42,2.54,2.60,-4.65,1.38,-0.67,0.22,-4.88,-14.34,11.23,-11.43,1.004913,46
17-09-2025,NASDAQ:FULT,Fulton Financial Corporation - Common Stock,3471,1281476,2.05,18.81,-1.38,-2.29,-3.35,1.59,8.67,3.19,-12.44,7.50,-5.29,-5.29,-14.46,11.1,24.32,24.32,-0.73,-0.96,-15.19,-22.78,-12.48,0.9515,42,1.59,7.19,-6.00,-16.14,17.73,-0.73,-0.29,-15.69,-6.29,6.97,1.01151,53
17-09-2025,NYSE:AQN,Algonquin Power & Utilities Corp. Common Shares,4232,3801879,1.34,5.51,-1.45,-1.81,-2.54,-5.81,-5.99,7.26,17.42,2.18,-9.82,-11.41,-11.41,0,20.83,29.04,-8.13,-15.62,-11.12,7.08,-17.80,0.951397,42,-5.81,-0.17,12.50,10.96,-18.46,-8.13,-7.65,2.81,20.81,-29.22,0.971281,15
17-09-2025,NASDAQ:HBNC,"Horizon Bancorp, Inc. - Common Stock",826,554134,2.39,16.13,-0.74,-1.86,-3.78,1.12,9.42,3.29,-10.17,4.65,-4.44,-4.44,-14.02,11.55,24.85,24.85,-1.20,-0.21,-15.09,-20.51,-15.33,0.951316,42,1.12,8.40,-6.78,-13.91,13.45,-1.20,0.92,-16.47,-4.06,2.69,1.013958,55
17-09-2025,NYSE:HOMB,"Home BancShares, Inc. Common Stock",5743,925158,2.02,28.97,-1.42,-0.86,-1.83,2.59,4.66,1.42,-5.70,8.53,-4.04,-4.04,-9.72,5.58,15.65,15.65,0.27,-4.97,-16.96,-16.04,-11.45,0.95131,42,2.59,2.13,-3.40,-7.21,13.46,0.27,-5.35,-13.09,2.64,2.70,1.000273,41
17-09-2025,NASDAQ:CME,CME Group Inc. - Class A Common Stock,94564,1884159,1.51,259.83,0.38,-0.65,-2.14,-5.42,-2.96,-1.44,9.83,16.37,-9.5,-10.62,-10.62,0.39,2.96,21.89,-7.74,-12.59,-19.82,-0.51,-3.61,0.951297,42,-5.42,2.34,1.47,11.11,7.26,-7.74,-5.14,-8.22,20.96,-3.50,0.965469,12
17-09-2025,NYSE:ITW,Illinois Tool Works Inc. Common Stock,76513,843307,1.42,261.84,-0.78,-0.13,-0.16,1.22,6.64,2.18,-4.25,5.21,-2.81,-2.81,-5.98,8.82,19.88,19.88,-1.10,-2.99,-16.20,-14.59,-14.77,0.951294,42,1.22,5.49,-4.78,-6.57,9.07,-1.10,-1.99,-14.47,3.28,-1.69,1.005169,46
17-09-2025,NASDAQ:OFIX,Orthofix Medical Inc.  - Common Stock,590,427252,2.89,14.84,0.61,1.55,-0.34,4.11,26.35,-13.07,-24.93,-14.62,-1.07,-12.19,-25.87,43.59,43.59,43.59,1.79,16.72,-31.45,-35.27,-34.60,0.951277,42,4.11,23.19,-53.52,-10.49,8.25,1.79,15.71,-63.21,-0.64,-2.51,1.090783,91
17-09-2025,NYSE:BIPC,Brookfield Infrastructure Corporation Brookfield Infrastructure Corporation,4812,533987,1.88,40.66,0.42,1.35,1.87,4.77,-2.07,13.26,-3.64,-1.50,-5.79,-5.79,-9.48,5.8,24.23,24.23,2.45,-11.70,-5.12,-13.98,-21.48,0.951272,42,4.77,-7.18,15.01,-19.48,2.06,2.45,-14.66,5.32,-9.63,-8.70,0.997757,38
17-09-2025,NASDAQ:GIII,"G-III Apparel Group, LTD. - Common Stock",1148,702197,3.34,27.18,-0.74,1.03,0.55,4.78,21.04,0.44,-29.54,-10.63,-1.63,-6.57,-24.71,26.71,32.33,32.33,2.46,11.41,-17.94,-39.88,-30.61,0.951177,42,4.78,17.08,-26.10,-30.12,14.60,2.46,9.60,-35.79,-20.27,3.84,1.068905,86
17-09-2025,NYSE:TAK,Takeda Pharmaceutical Company Limited American Depositary Shares (each representing 1/2 of a share of Common Stock),48289,3132425,1.1,15.12,0.40,-0.99,-0.26,0.79,0.33,-0.40,10.32,1.98,-2.58,-2.58,-2.58,11.18,11.18,17.3,-1.53,-9.30,-18.78,-0.02,-18.00,0.951019,42,0.79,-0.47,-0.73,10.67,-9.29,-1.53,-7.95,-10.42,20.52,-20.05,0.991402,31
17-09-2025,NYSE:BURL,"Burlington Stores, Inc. Common Stock",16572,1076809,2.75,267.21,-1.09,-5.37,-8.33,-4.87,11.71,12.39,-10.58,-3.02,-11.33,-11.33,-11.33,19.91,23.83,23.83,-7.19,2.08,-5.99,-20.92,-23.00,0.95094,42,-4.87,15.81,0.78,-26.22,6.84,-7.19,8.33,-8.91,-16.37,-3.92,1.019393,60
17-09-2025,NYSE:DEI,"Douglas Emmett, Inc. Common Stock",2739,1469992,2.5,16.36,-1.22,1.59,1.04,10.02,8.25,2.20,-20.17,0.06,-3.25,-3.25,-19.49,16.36,24.98,24.98,7.70,-1.38,-16.18,-30.51,-19.92,0.950871,42,10.02,-1.97,-6.60,-22.88,16.84,7.70,-9.45,-16.29,-13.03,6.08,1.029727,69
17-09-2025,NASDAQ:BL,"BlackLine, Inc. - Common Stock",3394,720290,2.43,54.67,0.57,0.15,1.32,7.02,-1.21,10.04,-18.31,9.90,-5.43,-6.1,-16.71,13.78,29.34,29.34,4.70,-10.84,-8.34,-28.65,-10.08,0.950795,42,7.02,-8.85,11.12,-31.52,23.84,4.70,-16.33,1.43,-21.67,13.08,0.999573,40
17-09-2025,NYSE:ABEV,Ambev S.A. American Depositary Shares (Each representing 1 Common Share),37732,35913207,1.95,2.36,1.27,5.93,7.20,7.20,-2.97,0.85,3.81,2.54,-5.22,-7.45,-7.81,9.77,9.77,33.33,4.88,-12.60,-17.53,-6.53,-17.44,0.950664,41,7.20,-10.96,3.70,2.99,-1.32,4.88,-18.44,-5.99,12.84,-12.08,0.99294,33
17-09-2025,NASDAQ:RBBN,Ribbon Communications Inc.  - Common Stock,682,599418,3.52,3.82,-2.09,-6.02,-5.24,-1.31,-1.05,-3.40,-3.66,21.99,-10.12,-10.12,-25.68,6.7,25.25,30.82,-3.63,-10.68,-21.78,-14.00,2.01,0.950647,41,-1.31,0.26,-2.33,-0.25,24.75,-3.63,-7.22,-12.02,9.60,13.99,0.972665,16
17-09-2025,NASDAQ:ARKO,ARKO Corp. - Common Stock,563,507083,3.81,5.08,-0.20,1.57,0.59,4.53,14.17,21.65,-43.90,-19.09,-2.12,-3.97,-35.04,29.92,39.18,39.18,2.21,4.54,3.27,-54.24,-39.07,0.950439,41,4.53,10.10,8.72,-83.67,17.24,2.21,2.62,-0.97,-73.82,6.48,1.070285,86
17-09-2025,NYSE:ARIS,"Aris Water Solutions, Inc. Class A Common Stock",1429,962540,1.31,24.1,0.66,1.29,0.25,0.71,-4.65,-20.29,-9.42,34.19,-6.84,-28.12,-28.12,22.4,22.4,60.13,-1.61,-14.28,-38.67,-19.76,14.21,0.950416,41,0.71,-5.39,-14.95,9.04,39.86,-1.61,-12.87,-24.64,18.89,29.10,0.962576,11
17-09-2025,NYSE:MAS,Masco Corporation Common Stock,15173,2035997,2.06,73.3,-0.22,-0.20,1.26,-0.30,14.75,3.02,-8.25,-7.67,-3.64,-3.64,-14.48,20.36,24.81,24.81,-2.62,5.12,-15.36,-18.59,-27.65,0.950365,41,-0.30,15.00,-13.76,-11.62,0.54,-2.62,7.52,-23.45,-1.77,-10.22,1.03441,71
17-09-2025,NASDAQ:CRSR,"Corsair Gaming, Inc. - Common Stock",902,681287,3.77,8.47,-5.55,-3.54,-2.24,-3.19,-10.63,-21.61,9.68,31.17,-13.22,-17.77,-32.4,3.29,46.29,46.29,-5.51,-20.26,-39.99,-0.66,11.19,0.950337,41,-3.19,-7.21,-9.93,25.73,23.79,-5.51,-14.69,-19.62,35.58,13.03,0.944571,6
17-09-2025,NYSE:TS,Tenaris S.A. American Depositary Shares,19524,1814759,1.78,36.29,1.24,3.28,2.01,1.87,0.22,-6.86,-7.69,21.93,-6.59,-9.91,-9.91,4.7,18.17,28.19,-0.45,-9.41,-25.24,-18.03,1.95,0.950284,41,1.87,-1.68,-7.10,-0.77,27.51,-0.45,-9.16,-16.79,9.08,16.75,0.980727,21
17-09-2025,NASDAQ:BUSE,First Busey Corporation - Common Stock,2182,466506,1.94,24.33,-0.45,-1.52,-1.03,4.48,8.06,7.73,-10.40,-5.96,-2.33,-2.33,-11.69,10.19,26.72,26.72,2.16,-1.57,-10.65,-20.74,-25.94,0.950107,41,4.48,3.74,-0.36,-19.64,4.02,2.16,-3.74,-10.05,-9.79,-6.74,1.022756,64
17-09-2025,NYSE:SO,Southern Company (The) Common Stock,100797,3770851,1.09,91.36,-1.01,0.16,-0.80,-2.97,2.65,0.90,8.88,3.14,-4.83,-4.83,-4.83,3.33,7.6,12.85,-5.29,-6.98,-17.48,-1.46,-16.84,0.949982,41,-2.97,5.45,-1.80,8.05,-6.29,-5.29,-2.03,-11.49,17.90,-17.05,0.990773,30
17-09-2025,NYSE:ESTC,Elastic N.V. Ordinary Shares,9258,2500187,3.85,86.54,-2.05,-5.37,1.68,10.72,6.19,-10.12,-23.69,14.70,-6.24,-15.5,-26.51,19.3,19.3,19.3,8.40,-3.44,-28.50,-34.03,-5.28,0.949832,41,10.72,-5.07,-17.39,-12.32,31.04,8.40,-12.55,-27.08,-2.47,20.28,1.017489,59
17-09-2025,NYSE:NI,NiSource Inc Common Stock,18651,4231657,1.87,39.37,-2.97,-2.84,-6.96,-6.55,0.03,0.03,6.63,14.58,-9.14,-9.14,-9.14,0.95,6.09,17.07,-8.87,-9.60,-18.35,-3.71,-5.40,0.949823,41,-6.55,6.17,0.00,6.61,8.51,-8.87,-1.31,-9.69,16.46,-2.25,0.972057,15
17-09-2025,NASDAQ:EXC,Exelon Corporation - Common Stock,43662,5270061,1.34,42.73,-1.64,-0.84,-1.50,-4.33,0.12,-3.88,13.97,6.72,-6.17,-9.8,-9.8,1.04,1.26,17.97,-6.65,-9.51,-22.26,3.63,-13.26,0.949745,41,-4.33,4.26,-4.01,17.19,-8.43,-6.65,-3.22,-13.70,27.04,-19.19,0.98155,22
17-09-2025,NYSE:AACT,Ares Acquisition Corporation II Class A Ordinary Shares,705,561146,0.26,11.4,0.00,-0.09,-0.09,0.18,0.88,2.02,4.04,5.35,-0.44,-1.21,-1.21,0.97,2.33,5.75,-2.14,-8.75,-16.36,-6.30,-14.63,0.94951,41,0.18,0.70,1.15,2.06,1.37,-2.14,-6.78,-8.54,11.91,-9.39,0.989225,28
17-09-2025,NASDAQ:CSWC,Capital Southwest Corporation - Common Stock,1257,536684,1.26,22.8,1.93,-0.48,0.00,1.49,9.39,4.30,-0.04,-11.45,-2.27,-2.27,-11.8,10.36,26.74,26.74,-0.83,-0.24,-14.08,-10.38,-31.43,0.949492,41,1.49,8.01,-5.61,-4.54,-11.40,-0.83,0.53,-15.30,5.31,-22.16,1.023719,65
17-09-2025,NYSE:BC,Brunswick Corporation Common Stock,4242,691074,2.87,65.62,0.34,0.46,3.26,3.58,13.04,9.74,-15.53,-15.53,-1.84,-1.84,-23.65,19.7,56.5,56.5,1.26,3.41,-8.64,-25.87,-35.51,0.949459,41,3.58,9.82,-3.80,-27.99,0.00,1.26,2.34,-13.49,-18.14,-10.76,1.042507,75
17-09-2025,NYSE:H,Hyatt Hotels Corporation Class A Common Stock,13518,793700,2.33,143.37,2.09,-0.61,0.29,1.56,6.07,11.78,-12.58,-1.34,-5.83,-5.83,-13.81,8.84,37.56,37.56,-0.76,-3.56,-6.60,-22.92,-21.32,0.949441,41,1.56,4.58,6.08,-27.62,9.99,-0.76,-2.90,-3.61,-17.77,-0.77,1.01295,54
17-09-2025,NASDAQ:TFSL,TFS Financial Corporation - Common Stock,3697,436235,1.73,13.15,-0.68,-2.74,-4.18,0.84,3.65,6.16,-1.98,1.44,-7.59,-7.59,-9.5,4.61,13.17,13.17,-1.48,-5.98,-12.22,-12.32,-18.54,0.949406,41,0.84,2.84,2.60,-8.67,3.36,-1.48,-4.64,-7.09,1.18,-7.40,1.000226,41
17-09-2025,NASDAQ:BGC,"BGC Group, Inc. - Class A Common Stock",4591,2258152,2.46,9.76,-0.92,-2.77,0.92,-5.23,1.13,6.35,6.15,5.12,-10.05,-10.05,-15.06,5.29,30.13,30.13,-7.55,-8.50,-12.03,-4.19,-14.86,0.949404,41,-5.23,6.04,5.28,-0.22,-1.09,-7.55,-1.44,-4.41,9.63,-11.85,0.983388,23
17-09-2025,NASDAQ:JD,"JD.com, Inc. - American Depositary Shares",48157,16920358,2.49,34.71,3.14,2.42,9.02,8.67,3.54,-30.25,-10.08,23.22,0,-23.22,-26.27,14.22,14.22,32.28,6.35,-6.09,-48.63,-20.42,3.24,0.949285,41,8.67,-5.62,-35.04,15.48,30.25,6.35,-13.10,-44.73,25.33,19.49,1.002505,43
17-09-2025,NYSE:BRK.B,Berkshire Hathaway Inc. New Common Stock,1061853,4350250,1.28,490.99,-0.11,-0.35,-2.07,2.81,0.15,-6.52,6.03,8.17,-3.14,-9.04,-9.04,6.94,6.94,11.01,0.49,-9.48,-24.90,-4.31,-11.81,0.949219,41,2.81,-2.73,-6.69,11.78,2.28,0.49,-10.21,-16.38,21.63,-8.48,0.989372,28
17-09-2025,NYSE:AFL,AFLAC Incorporated Common Stock,58420,2543302,1.48,107.63,-0.72,1.25,1.87,2.09,4.56,-0.72,3.18,-0.32,-1.37,-4.29,-6.62,9.73,9.73,9.73,-0.23,-5.07,-19.10,-7.16,-20.30,0.949145,41,2.09,2.52,-5.53,3.87,-3.61,-0.23,-4.96,-15.22,13.72,-14.37,1.004415,45
17-09-2025,NYSE:OXY,Occidental Petroleum Corporation Common Stock,46456,8023785,2.55,47.76,4.79,5.49,-0.61,6.60,5.09,1.05,-1.49,-6.76,-0.6,-4,-14.58,13.69,32.26,32.26,4.28,-4.54,-17.33,-11.83,-26.74,0.948922,41,6.60,-1.61,-4.26,-2.56,-5.20,4.28,-9.09,-13.95,7.29,-15.96,1.016897,58
17-09-2025,NYSE:DTE,DTE Energy Company Common Stock,28047,956795,1.16,133.98,-1.84,-0.84,-1.25,-3.69,0.61,-1.21,9.69,7.08,-5.31,-5.31,-5.31,2.86,5.17,14.47,-6.01,-9.02,-19.59,-0.65,-12.90,0.948887,40,-3.69,4.15,-1.83,10.77,-2.88,-6.01,-3.33,-11.52,20.62,-13.64,0.982463,23
17-09-2025,NYSE:FIHL,Fidelis Insurance Holdings Limited Common Shares,1793,570738,2.15,17.25,-1.62,0.17,-1.39,5.62,3.19,9.80,-13.16,-0.70,-2.04,-3.14,-16.51,16.01,16.01,19.71,3.30,-6.44,-8.58,-23.50,-20.68,0.948879,40,5.62,-2.58,6.83,-25.45,11.01,3.30,-10.06,-2.86,-15.60,0.25,1.011152,53
17-09-2025,NYSE:IBN,ICICI Bank Limited Common Stock,115483,4552633,0.96,32.24,0.71,1.36,2.14,-1.99,-3.16,7.44,3.26,8.13,-6.31,-6.31,-6.31,2.19,8.04,17.02,-4.31,-12.79,-10.94,-7.08,-11.85,0.948856,40,-1.99,-1.16,10.28,-4.52,5.03,-4.31,-8.64,0.59,5.33,-5.73,0.97676,18
17-09-2025,NYSE:CCO,"Clear Channel Outdoor Holdings, Inc. Common Stock",691,3491834,4.7,1.29,-3.88,-3.88,2.33,8.53,10.85,13.18,-19.38,-26.36,-5.84,-5.84,-24.56,26.47,51.76,51.76,6.21,1.22,-5.20,-29.72,-46.34,0.948811,40,8.53,2.54,2.61,-37.50,-5.84,6.21,-4.94,-7.08,-27.65,-16.60,1.052986,80
17-09-2025,NYSE:RDN,Radian Group Inc. Common Stock,4704,675748,1.46,34.5,-0.70,-0.96,-0.49,-0.06,-0.06,8.52,1.88,0.75,-6.25,-6.25,-6.25,5.8,13.19,13.19,-2.38,-9.69,-9.86,-8.46,-19.23,0.948767,40,-0.06,0.00,8.57,-7.26,-1.15,-2.38,-7.48,-1.12,2.59,-11.91,0.991284,30
17-09-2025,AMEX:CLM,"Cornerstone Strategic Investment Fund, Inc. Common Shares",2050,1565125,0.81,8.11,-0.74,-1.11,0.12,0.49,2.96,5.67,-5.18,6.04,-2.41,-2.41,-11.94,4.38,21.77,21.77,-1.83,-6.67,-12.71,-15.52,-13.94,0.948722,40,0.49,2.48,2.80,-11.50,10.67,-1.83,-5.00,-6.89,-1.65,-0.09,0.995731,36
17-09-2025,NYSE:HDB,HDFC Bank Limited Common Stock,168865,3448033,1.26,35.16,0.23,0.46,0.61,-6.66,-6.43,12.37,4.11,11.15,-10.92,-10.92,-10.92,0.62,14.12,21.12,-8.98,-16.06,-6.01,-6.23,-8.83,0.948682,40,-6.66,0.21,17.66,-9.43,7.34,-8.98,-7.27,7.97,0.42,-3.42,0.963886,11
17-09-2025,NYSE:CFR,"Cullen/Frost Bankers, Inc. Common Stock",8117,423797,1.84,125.6,-1.48,-2.32,-3.13,1.18,1.51,0.88,-10.15,15.71,-9.47,-9.47,-13.41,2.95,18.71,18.71,-1.14,-8.12,-17.50,-20.49,-4.27,0.948625,40,1.18,0.34,-0.64,-11.13,23.48,-1.14,-7.14,-10.33,-1.28,12.72,0.987851,27
17-09-2025,NYSE:EW,Edwards Lifesciences Corporation Common Stock,44150,4012518,1.85,75.09,-1.28,-6.27,-8.90,-4.22,0.36,5.94,1.70,9.27,-8.24,-8.24,-8.24,2.48,11.96,16.35,-6.54,-9.27,-12.44,-8.64,-10.71,0.948614,40,-4.22,4.40,5.60,-4.50,7.70,-6.54,-3.08,-4.09,5.35,-3.06,0.980465,21
17-09-2025,NYSE:BRSL,"Brightstar Lottery PLC Trading under the Legal Name to begin at the market open on July 21, 2025. Ordinary Shares",3141,1504021,2.02,16.7,-0.60,-0.42,1.74,7.31,NA,NA,NA,NA,-7.94,-7.94,-7.94,16.86,16.86,16.86,4.99,NA,NA,NA,NA,0.948387,40,7.31,NA,NA,NA,NA,4.99,NA,NA,NA,NA,1.001485,42
17-09-2025,NYSE:MH,"McGraw Hill, Inc. Common Stock",2678,527462,5.6,14.36,-1.95,-2.79,1.18,7.03,NA,NA,NA,NA,-15.53,-15.53,-15.53,10.89,10.89,10.89,4.71,NA,NA,NA,NA,0.948017,40,7.03,NA,NA,NA,NA,4.71,NA,NA,NA,NA,1.001094,42
17-09-2025,NYSE:HTGC,"Hercules Capital, Inc. Common Stock",3492,786315,1.1,19.12,-0.05,-1.05,-1.10,0.31,6.54,1.46,-1.46,0.37,-2.1,-2.4,-13.09,7.42,17.73,17.73,-2.01,-3.09,-16.92,-11.80,-19.61,0.948011,40,0.31,6.24,-5.43,-2.97,1.80,-2.01,-1.24,-15.12,6.88,-8.96,1.006724,48
17-09-2025,NYSE:MGY,Magnolia Oil & Gas Corporation Class A Common Stock,4709,2155930,2.72,24.61,3.82,5.24,-2.56,4.10,2.03,3.62,-6.26,4.31,-2.5,-4.32,-14.52,9.48,25.56,25.56,1.78,-7.60,-14.76,-16.60,-15.67,0.948009,40,4.10,-2.16,1.62,-10.24,9.94,1.78,-9.64,-8.07,-0.39,-0.82,0.999682,40
17-09-2025,NYSE:GSK,GSK plc American Depositary Shares (Each representing two Ordinary Shares),80367,3842016,1.44,40.05,-0.62,-1.82,2.72,1.72,-1.10,-0.50,13.98,-7.64,-3.45,-5.74,-8.04,10.64,19.2,24.84,-0.60,-10.73,-18.88,3.64,-27.62,0.947868,40,1.72,-2.87,0.59,14.41,-25.14,-0.60,-10.35,-9.10,24.26,-35.90,0.99822,39
17-09-2025,NYSE:EC,Ecopetrol S.A. American Depositary Shares,19254,1595973,1.99,9.38,1.60,1.39,0.00,5.01,-1.28,-10.45,10.87,2.24,-4.67,-11.76,-14.26,13.15,19.04,27.45,2.69,-10.91,-28.83,0.53,-17.74,0.947711,40,5.01,-6.62,-9.05,19.31,-9.69,2.69,-14.10,-18.74,29.16,-20.45,0.994998,35
17-09-2025,NASDAQ:BTBT,"Bit Digital, Inc. - Ordinary Share",974,21273853,6.49,2.96,0.68,6.42,11.82,-1.69,11.49,18.58,-51.01,5.74,-26.18,-26.18,-46.38,48.74,71.1,71.1,-4.01,1.86,0.20,-61.35,-14.24,0.947706,40,-1.69,12.96,8.02,-85.48,37.58,-4.01,5.48,-1.67,-75.63,26.82,1.045006,76
17-09-2025,NYSE:PLD,"Prologis, Inc. Common Stock",108389,3286986,2.02,114.03,-0.21,1.81,2.39,6.52,6.32,-0.36,1.82,-14.26,-1.14,-1.14,-12.48,9.56,27.04,27.04,4.20,-3.31,-18.74,-8.52,-34.24,0.947688,40,6.52,-0.22,-7.13,2.17,-16.37,4.20,-7.70,-16.82,12.02,-27.13,1.025222,66
17-09-2025,NYSE:WST,"West Pharmaceutical Services, Inc. Common Stock",18454,550485,2.18,258.35,0.32,2.44,5.66,4.70,13.18,10.41,-23.17,-15.15,-7.43,-7.43,-25.73,22.98,35.7,35.7,2.38,3.55,-7.97,-33.51,-35.13,0.947571,40,4.70,8.90,-3.19,-37.48,6.52,2.38,1.42,-12.88,-27.63,-4.24,1.047101,77
17-09-2025,NASDAQ:IDYA,"IDEAYA Biosciences, Inc. - Common Stock",2142,1199771,4.91,24.72,0.77,-0.08,-3.07,1.58,9.43,22.61,-9.99,-46.08,-8.98,-8.98,-34.01,17.6,70.48,70.48,-0.74,-0.20,4.23,-20.33,-66.06,0.947564,40,1.58,7.97,14.56,-42.13,-32.81,-0.74,0.49,4.87,-32.28,-43.57,1.05493,81
17-09-2025,NYSE:TIC,Acuren Corporation Common Stock,2194,1654527,3.45,11.13,-1.53,-5.03,-0.27,11.95,0.00,-10.15,NA,NA,-7.1,-12.09,-14.25,20.85,22.85,22.85,9.63,-9.63,-28.53,NA,NA,0.947493,40,11.95,-13.57,-10.15,NA,NA,9.63,-21.05,-19.84,NA,NA,0.930574,4
17-09-2025,NASDAQ:FFBC,First Financial Bancorp. - Common Stock,2447,503981,1.9,25.43,-0.31,-1.85,-3.34,3.03,8.89,2.08,-15.26,3.19,-5.08,-5.08,-16.18,10.23,15.33,15.33,0.71,-0.74,-16.30,-25.60,-16.79,0.94744,40,3.03,6.04,-7.47,-17.71,16.00,0.71,-1.44,-17.16,-7.86,5.24,1.017624,59
17-09-2025,NYSE:PK,Park Hotels & Resorts Inc. Common Stock,2417,3318682,2.64,12.09,0.17,3.14,3.80,9.76,14.47,2.98,-28.62,-13.98,-0.17,-0.17,-23.58,18.88,36.61,36.61,7.44,4.84,-15.40,-38.96,-33.96,0.9473,40,9.76,5.22,-13.44,-32.57,11.38,7.44,-2.26,-23.13,-22.72,0.62,1.057562,82
17-09-2025,NASDAQ:ITRI,"Itron, Inc. - Common Stock",5391,618649,2.01,117.47,-2.30,-1.10,-2.90,-7.50,-6.44,9.30,2.71,15.26,-15.14,-15.14,-15.14,0,27.63,27.63,-9.82,-16.07,-9.08,-7.63,-4.72,0.947234,40,-7.50,0.98,14.79,-7.26,12.91,-9.82,-6.50,5.10,2.59,2.15,0.959434,9
17-09-2025,NYSE:NMAX,"Newsmax, Inc. Class B Common Stock",1660,944402,5.66,12.81,0.94,-1.01,-8.98,5.46,1.09,NA,NA,NA,-19.33,-94.5,-94.5,11.59,11.59,11.59,3.14,-8.54,NA,NA,NA,0.947218,39,5.46,-4.62,NA,NA,NA,3.14,-12.10,NA,NA,NA,0.913475,2
17-09-2025,NYSE:BLCO,Bausch + Lomb Corporation Common Shares,5350,529884,2.46,14.9,-2.21,-2.68,0.60,2.35,18.12,-3.36,-21.88,-5.03,-3.99,-6.35,-28.81,29,36.7,36.7,0.03,8.49,-21.74,-32.22,-25.01,0.947145,39,2.35,16.15,-26.23,-17.92,13.82,0.03,8.67,-35.92,-8.07,3.06,1.050164,79
17-09-2025,NASDAQ:CVBF,CVB Financial Corporation - Common Stock,2696,631965,2.08,19.51,-2.56,-3.49,-2.00,0.87,6.00,3.74,-19.84,12.30,-7.93,-7.93,-18.71,7.49,18.89,18.89,-1.45,-3.63,-14.64,-30.18,-7.68,0.947129,39,0.87,5.17,-2.40,-24.49,26.82,-1.45,-2.31,-12.09,-14.64,16.06,1.004103,45
17-09-2025,NYSE:TECK,Teck Resources Ltd Ordinary Shares,19392,7516651,3.47,40.19,-4.35,2.79,16.52,19.78,2.66,-6.42,-14.11,-15.13,-4.17,-6.03,-24.74,28.53,38.35,38.35,17.46,-6.97,-24.80,-24.45,-35.11,0.946922,39,19.78,-21.34,-9.33,-7.22,-0.89,17.46,-28.82,-19.02,2.63,-11.65,1.040704,75
17-09-2025,NASDAQ:COLB,"Columbia Banking System, Inc. - Common Stock",7725,5821882,2.6,25.36,-1.89,-2.37,-6.59,-1.10,10.92,2.33,-18.30,7.14,-7.14,-7.14,-20.77,15.33,22.45,22.45,-3.42,1.29,-16.05,-28.64,-12.84,0.946909,39,-1.10,11.90,-9.65,-21.11,21.50,-3.42,4.42,-19.34,-11.26,10.74,1.016267,57
17-09-2025,NYSE:RVLV,"Revolve Group, Inc. Class A Common Stock",1704,1073654,3.91,23.83,0.04,1.13,9.95,11.12,13.51,6.13,-59.42,-0.17,-0.42,-0.42,-38.58,24.83,39.6,39.6,8.80,3.88,-12.25,-69.76,-20.15,0.946781,39,11.12,2.69,-8.54,-69.83,37.17,8.80,-4.79,-18.23,-59.98,26.41,1.06695,85
17-09-2025,NASDAQ:LIN,Linde plc - Ordinary Shares,225011,1701750,1.29,471.47,-1.12,-0.42,-0.57,-1.83,1.03,2.37,6.56,0.88,-2.51,-2.51,-3.08,3.42,14.07,14.18,-4.15,-8.60,-16.01,-3.78,-19.10,0.946642,39,-1.83,2.81,1.35,4.30,-6.09,-4.15,-4.67,-8.34,14.15,-16.85,0.990414,30
17-09-2025,NASDAQ:DIOD,Diodes Incorporated - Common Stock,2520,448432,2.84,54.6,0.62,2.84,2.56,3.39,6.89,14.03,-17.05,-10.77,-5.47,-5.47,-17.65,15.75,59.37,59.37,1.07,-2.74,-4.35,-27.39,-30.75,0.946526,39,3.39,3.62,7.67,-36.15,5.37,1.07,-3.86,-2.02,-26.30,-5.39,1.025954,66
17-09-2025,NYSE:AUB,Atlantic Union Bankshares Corporation Common Stock,5019,842231,2.02,34.72,-0.69,-1.18,-2.10,3.23,12.15,6.02,-20.16,-6.45,-3.61,-3.61,-20.28,16.28,45.58,45.58,0.91,2.52,-12.36,-30.50,-26.43,0.946498,39,3.23,9.23,-6.98,-27.86,11.41,0.91,1.75,-16.67,-18.01,0.65,1.034747,72
17-09-2025,NYSE:AMRZ,Amrize Ltd Ordinary Shares,29737,2797112,2.19,54.59,0.40,0.38,3.52,5.88,NA,NA,NA,NA,-1.87,-1.87,-1.87,17.02,17.02,17.02,3.56,NA,NA,NA,NA,0.94647,39,5.88,NA,NA,NA,NA,3.56,NA,NA,NA,NA,0.99946,40
17-09-2025,NYSE:AXS,Axis Capital Holdings Limited Common Stock,7420,562549,1.74,94.35,-1.72,-2.81,-4.62,-0.95,-9.61,-1.31,3.58,19.14,-9.12,-11.76,-11.76,1.09,8.16,23.67,-3.27,-19.24,-19.69,-6.76,-0.84,0.946392,39,-0.95,-8.58,7.57,4.83,16.14,-3.27,-16.06,-2.12,14.68,5.38,0.956906,8
17-09-2025,NYSE:YETI,"YETI Holdings, Inc. Common Stock",2875,1548757,3.01,35.56,2.22,-0.14,2.56,4.44,14.15,4.39,-25.98,-6.64,-10.43,-10.43,-20.62,21.41,32,32,2.12,4.52,-13.99,-36.32,-26.62,0.946373,39,4.44,10.15,-11.37,-31.76,15.36,2.12,2.67,-21.06,-21.91,4.60,1.043907,76
17-09-2025,NASDAQ:ZLAB,Zai Lab Limited - American Depositary Shares,3603,828294,4.13,32.3,1.18,2.51,-3.22,-10.62,-25.79,-18.73,15.91,36.19,-20.5,-24.94,-24.94,13.73,32.81,58.8,-12.94,-35.42,-37.11,5.57,16.21,0.946337,39,-10.62,-13.71,5.61,29.18,24.12,-12.94,-21.19,-4.08,39.03,13.36,0.906273,2
17-09-2025,NYSE:GMRE,Global Medical REIT Inc. Common Stock,510,651333,2.21,7.62,-0.66,0.92,3.94,12.47,17.59,-15.49,-12.20,-26.64,-0.65,-13.41,-25,23.1,23.7,23.7,10.15,7.96,-33.87,-22.54,-46.62,0.94613,39,12.47,5.85,-40.13,2.84,-12.87,10.15,-1.63,-49.82,12.69,-23.63,1.077747,88
17-09-2025,NYSE:CXT,"Crane NXT, Co. Common Stock",3262,400228,2.43,58.95,-0.87,-3.00,-0.56,-1.19,4.02,6.09,-3.97,1.75,-6.92,-6.92,-11.41,9.74,38.97,38.97,-3.51,-5.61,-12.29,-14.31,-18.23,0.946119,39,-1.19,5.15,2.16,-10.71,5.50,-3.51,-2.33,-7.53,-0.86,-5.26,0.998788,39
17-09-2025,NYSE:LEN,Lennar Corporation Class A Common Stock,34244,3248654,2.6,133.81,0.03,-2.72,0.84,1.39,18.18,11.10,-18.20,-35.55,-6.03,-6.03,-30.47,29.4,30.22,30.22,-0.93,8.55,-7.28,-28.54,-55.53,0.945999,39,1.39,17.02,-8.65,-32.95,-14.68,-0.93,9.54,-18.34,-23.10,-25.44,1.068017,86
17-09-2025,NYSE:FND,"Floor & Decor Holdings, Inc. Common Stock",9389,2246451,3.71,89.74,-0.57,3.26,11.92,7.03,16.68,4.36,-25.87,-21.93,-0.75,-0.75,-27.73,23,33.9,33.9,4.71,7.05,-14.02,-36.21,-41.91,0.945701,39,7.03,10.38,-14.79,-31.61,3.13,4.71,2.90,-24.48,-21.76,-7.63,1.063844,84
17-09-2025,NASDAQ:CCCX,Churchill Capital Corp X - Class A Ordinary Shares,574,832779,0.54,10.69,1.96,4.02,5.38,5.14,NA,NA,NA,NA,0,0,0,5.84,5.84,5.84,2.82,NA,NA,NA,NA,0.945503,39,5.14,NA,NA,NA,NA,2.82,NA,NA,NA,NA,0.998439,39
17-09-2025,NASDAQ:EH,EHang Holdings Limited - ADS,1212,2078332,4.5,16.88,-0.36,2.81,7.70,-5.98,3.38,-49.64,9.24,28.26,-15.56,-33.17,-36.18,8.55,16.9,43.42,-8.30,-6.25,-68.02,-1.10,8.28,0.945461,39,-5.98,8.83,-54.87,39.35,20.95,-8.30,1.35,-64.56,49.20,10.19,0.986935,26
17-09-2025,NYSE:A,"Agilent Technologies, Inc. Common Stock",35925,1860127,2.41,127.19,1.23,0.74,1.56,6.28,6.42,3.70,-11.01,-7.23,-1.21,-1.21,-16.65,13.52,28.1,28.1,3.96,-3.21,-14.68,-21.35,-27.21,0.945316,39,6.28,0.15,-2.92,-15.27,3.40,3.96,-7.33,-12.61,-5.42,-7.36,1.021783,62
17-09-2025,NYSE:APO,"Apollo Global Management, Inc. (New) Common Stock",79875,3329639,2.33,140.05,1.12,4.02,3.01,0.47,4.25,0.96,-27.53,19.76,-10.25,-10.25,-21.59,6.46,28.86,28.86,-1.85,-5.38,-17.42,-37.87,-0.22,0.945309,39,0.47,3.80,-3.43,-28.77,37.09,-1.85,-3.68,-13.12,-18.92,26.33,0.998164,39
17-09-2025,NYSE:WDS,"Woodside Energy Group Limited American Depositary Shares, each representing one Ordinary Share",30757,675489,1.46,16.37,1.47,0.86,-4.64,-6.90,-1.47,10.51,5.93,0.79,-7.41,-7.41,-10.64,6.16,42.35,42.35,-9.22,-11.10,-7.87,-4.41,-19.19,0.945247,39,-6.90,5.09,11.80,-5.12,-5.45,-9.22,-2.39,2.11,4.73,-16.21,0.98018,21
17-09-2025,NYSE:ECL,Ecolab Inc. Common Stock,75263,1213825,1.37,264.06,-2.48,-2.50,-4.06,-6.35,-0.79,4.61,7.04,5.06,-7.5,-7.5,-7.5,1.8,17.02,17.02,-8.67,-10.42,-13.77,-3.30,-14.92,0.945165,39,-6.35,5.23,5.36,2.55,-2.13,-8.67,-2.25,-4.33,12.40,-12.89,0.978067,19
17-09-2025,NYSE:WK,Workiva Inc. Class A Common Stock,4559,773422,3.1,79.16,1.14,2.50,2.36,5.57,14.34,-11.89,-32.21,10.41,-6.1,-11.37,-31.03,24.02,27.86,27.86,3.25,4.71,-30.27,-42.55,-9.57,0.945142,38,5.57,9.28,-30.61,-18.17,32.24,3.25,1.80,-40.30,-8.32,21.48,1.03813,73
17-09-2025,NASDAQ:KURA,"Kura Oncology, Inc. - Common Stock",702,1782937,6.15,8.35,1.68,4.07,4.79,12.10,22.28,12.69,-22.16,-138.20,-5.38,-5.38,-60.39,50.72,50.72,50.72,9.78,12.65,-5.69,-32.50,-158.18,0.945111,38,12.10,11.58,-12.33,-39.92,-95.00,9.78,4.10,-22.02,-30.07,-105.76,1.160295,97
17-09-2025,NYSE:UHS,"Universal Health Services, Inc. Common Stock",11923,696361,2.13,186.26,-1.78,-0.09,2.55,4.18,8.54,6.27,-2.39,-24.21,-2.85,-5.9,-22.88,20.21,20.21,20.21,1.86,-1.09,-12.11,-12.73,-44.19,0.945066,38,4.18,4.54,-2.48,-9.24,-21.32,1.86,-2.94,-12.17,0.61,-32.08,1.034717,72
17-09-2025,NYSE:NEA,Nuveen AMT-Free Quality Municipal Income Fund Common Shares of Beneficial Interest Par Value $.01,3388,1005892,0.65,11.33,-0.09,0.79,3.27,4.41,4.94,0.79,-4.68,-4.41,-0.87,-0.87,-5.82,6.69,10.11,10.11,2.09,-4.69,-17.59,-15.02,-24.39,0.944668,38,4.41,0.55,-4.36,-5.52,0.25,2.09,-6.93,-14.05,4.33,-10.51,1.01227,54
17-09-2025,NYSE:TT,Trane Technologies plc,88775,1336077,2.07,399.99,-0.61,-2.36,-2.74,-5.86,-6.66,12.26,-0.04,10.08,-15.35,-15.35,-15.35,0,26.9,26.9,-8.18,-16.29,-6.12,-10.38,-9.90,0.944664,38,-5.86,-0.75,17.74,-14.02,10.11,-8.18,-8.23,8.05,-4.17,-0.65,0.966368,12
17-09-2025,NYSE:VZ,Verizon Communications Inc. Common Stock,186404,16718255,1.37,43.74,-0.30,0.39,-0.14,-1.14,2.83,0.21,4.00,-0.27,-2.93,-4.12,-5.92,7.1,7.1,15.68,-3.46,-6.80,-18.17,-6.34,-20.25,0.944635,38,-1.14,3.93,-2.71,3.80,-4.45,-3.46,-3.55,-12.40,13.65,-15.21,0.996291,36
17-09-2025,NASDAQ:PZZA,"Papa John's International, Inc. - Common Stock",1511,1113940,3.85,48.66,-1.97,-0.21,2.14,2.24,-2.34,3.60,3.39,-0.70,-3.47,-6.04,-16.41,21.41,59.8,59.8,-0.08,-11.97,-14.78,-6.95,-20.68,0.944599,38,2.24,-4.69,5.80,-0.21,-4.23,-0.08,-12.17,-3.89,9.64,-14.99,0.990016,29
17-09-2025,NASDAQ:PFG,Principal Financial Group Inc - Common Stock,18013,1169920,2.01,80.09,-3.57,0.02,0.19,3.06,4.20,-4.73,0.31,-0.19,-3.45,-7.08,-12.24,6.04,15.14,15.14,0.74,-5.43,-23.11,-10.03,-20.17,0.944393,38,3.06,1.17,-9.32,4.82,-0.50,0.74,-6.31,-19.01,14.67,-11.26,1.005334,46
17-09-2025,NYSE:EDU,"New Oriental Education & Technology Group, Inc. Sponsored ADR representing 10 Ordinary Share (Cayman Islands)",8653,864050,2.32,52.83,0.15,1.48,7.00,8.39,9.63,3.84,-19.57,-12.64,-4.81,-4.81,-34.45,19.77,28.17,28.17,6.07,0.00,-14.54,-29.91,-32.62,0.944323,38,8.39,1.36,-6.41,-24.35,5.79,6.07,-6.12,-16.10,-14.50,-4.97,1.038661,74
17-09-2025,NYSE:MCD,McDonald's Corporation Common Stock,217628,2955791,1.24,303.29,0.40,-3.04,-4.11,-1.86,2.31,-0.22,2.37,3.61,-4.32,-5.58,-5.6,6.21,6.21,8.42,-4.18,-7.32,-18.60,-7.97,-16.37,0.944213,38,-1.86,4.09,-2.59,2.59,1.27,-4.18,-3.39,-12.28,12.44,-9.49,0.991441,31
17-09-2025,NYSE:STM,STMicroelectronics N.V. Common Stock,24174,6322218,2.21,27.24,0.95,4.74,3.56,5.84,-8.88,6.83,3.60,-2.61,-18.47,-18.47,-18.47,9.97,53.21,53.21,3.52,-18.51,-11.55,-6.74,-22.59,0.944134,38,5.84,-15.63,14.43,-3.47,-6.44,3.52,-23.11,4.74,6.38,-17.20,0.984559,24
17-09-2025,NYSE:NAD,Nuveen Quality Municipal Income Fund Common Stock,2738,802424,0.7,11.73,-0.26,1.19,3.41,4.18,4.52,1.11,-4.18,-4.94,-0.85,-0.85,-5.48,6.25,8.81,8.81,1.86,-5.11,-17.27,-14.52,-24.92,0.944116,38,4.18,0.36,-3.57,-5.34,-0.74,1.86,-7.12,-13.26,4.51,-11.50,1.01127,53
17-09-2025,NASDAQ:SAIL,"SailPoint, Inc. - Common Stock",11751,2807506,4.5,21.61,-0.37,4.40,2.92,5.28,-8.28,8.28,NA,NA,-10.92,-10.92,-15.91,17.83,38.08,38.08,2.96,-17.91,-10.10,NA,NA,0.944115,38,5.28,-14.31,15.30,NA,NA,2.96,-21.79,5.61,NA,NA,0.889085,1
17-09-2025,NASDAQ:AIOT,"PowerFleet, Inc. - Common Stock",703,1645065,5.3,5.26,0.00,5.89,13.69,13.12,5.32,-13.50,-30.42,11.98,0,-15.16,-38.19,38.42,38.42,38.42,10.80,-4.31,-31.88,-40.76,-8.00,0.944105,38,13.12,-8.97,-19.88,-14.91,32.51,10.80,-16.45,-29.57,-5.06,21.75,1.02341,64
17-09-2025,NYSE:SHO,"Sunstone Hotel Investors, Inc. Sunstone Hotel Investors, Inc. Common Shares",1856,2263577,2.43,9.77,1.23,3.99,4.30,7.78,10.85,-1.02,-25.18,-2.76,-0.1,-1.01,-21.08,13.21,26.55,26.55,5.46,1.22,-19.40,-35.52,-22.74,0.944068,38,7.78,3.33,-13.32,-23.91,17.91,5.46,-4.15,-23.01,-14.06,7.15,1.036245,73
17-09-2025,NYSE:FR,"First Industrial Realty Trust, Inc. Common Stock",7103,910469,2.03,52.03,0.25,1.50,1.46,6.02,5.77,-6.82,-0.04,-6.86,-1.16,-6.39,-10.28,9.35,20.8,20.8,3.70,-3.86,-25.20,-10.38,-26.84,0.94403,38,6.02,-0.27,-13.36,6.35,-6.82,3.70,-7.75,-23.05,16.20,-17.58,1.018389,60
17-09-2025,NASDAQ:CLBT,Cellebrite DI Ltd. - Ordinary Shares,4133,1902812,3.25,17.26,-0.98,-0.06,5.21,9.62,7.71,-8.11,-18.13,1.74,-0.98,-16.25,-33.62,27.66,27.66,27.66,7.30,-1.92,-26.49,-28.47,-18.24,0.943895,38,9.62,-2.12,-17.14,-9.27,16.82,7.30,-9.60,-26.83,0.58,6.06,1.02566,66
17-09-2025,NASDAQ:GSM,Ferroglobe PLC - Ordinary Shares,767,781840,3.22,4.15,-0.96,-0.96,0.48,-1.45,5.54,2.65,-3.61,0.24,-12.63,-12.63,-16.33,17.56,35.18,35.18,-3.77,-4.09,-15.73,-13.95,-19.74,0.943891,38,-1.45,6.89,-3.06,-6.44,3.72,-3.77,-0.59,-12.75,3.41,-7.04,1.002695,43
17-09-2025,NYSE:PLNT,"Planet Fitness, Inc. Common Stock",8309,1069542,2.13,100.77,0.21,-1.80,-0.94,-6.70,-4.20,2.42,-1.23,18.32,-11.25,-11.25,-11.25,0.21,11.25,28.37,-9.02,-13.83,-15.96,-11.57,-1.66,0.943874,38,-6.70,2.34,6.35,-3.74,19.31,-9.02,-5.14,-3.34,6.11,8.55,0.96231,11
17-09-2025,NASDAQ:TROW,"T. Rowe Price Group, Inc. - Common Stock",23039,1531452,2.06,103.69,-0.46,-3.34,-1.84,-3.23,10.11,9.05,-17.38,-1.14,-7.02,-7.02,-16.84,13.22,29.18,29.18,-5.55,0.48,-9.33,-27.72,-21.12,0.943874,38,-3.23,12.92,-1.18,-29.05,13.84,-5.55,5.44,-10.87,-19.20,3.08,1.017717,59
17-09-2025,NYSE:MGM,MGM Resorts International Common Stock,9606,4227828,2.58,35.36,-0.79,-1.81,-10.04,-1.58,3.00,8.31,-4.47,-1.53,-11.09,-11.09,-15.79,6.35,37.11,37.11,-3.90,-6.63,-10.07,-14.81,-21.51,0.943811,38,-1.58,4.51,5.48,-13.94,2.82,-3.90,-2.97,-4.21,-4.09,-7.94,0.998862,39
17-09-2025,NYSE:KIM,Kimco Realty Corporation (HC) Common Stock,14973,3646354,1.49,22.11,-1.04,-1.13,-0.63,4.07,5.38,6.20,-10.58,-6.97,-2.98,-2.98,-14.24,6.61,18.24,18.24,1.75,-4.25,-12.18,-20.92,-26.95,0.943772,38,4.07,1.37,0.86,-17.89,3.27,1.75,-6.11,-8.83,-8.04,-7.49,1.016369,57
17-09-2025,NASDAQ:VRRM,Verra Mobility Corporation - Class A Common Stock,3845,808213,2.2,24.07,-1.37,-1.45,-2.83,-0.91,-0.42,13.46,1.20,-12.17,-6.16,-6.16,-13.88,2.47,19.22,21.81,-3.23,-10.05,-4.92,-9.14,-32.15,0.943727,37,-0.91,0.49,13.82,-14.16,-13.54,-3.23,-6.99,4.13,-4.31,-24.30,1.000449,41
17-09-2025,NYSE:NZF,Nuveen Municipal Credit Income Fund,2398,583763,0.75,12.38,-0.08,0.08,3.63,4.12,4.85,1.13,-5.01,-5.41,-0.72,-0.72,-5.5,7.19,9.17,9.17,1.80,-4.78,-17.25,-15.35,-25.39,0.943563,37,4.12,0.76,-3.90,-6.21,-0.38,1.80,-6.72,-13.59,3.64,-11.14,1.012418,54
17-09-2025,NASDAQ:ACIW,"ACI Worldwide, Inc. - Common Stock",5135,901139,2.1,49.38,-0.43,-3.75,0.81,5.71,7.74,-7.86,-13.10,4.05,-3.61,-13.63,-16.59,21.21,21.21,21.21,3.39,-1.89,-26.24,-23.44,-15.93,0.943556,37,5.71,2.15,-16.90,-4.86,15.17,3.39,-5.33,-26.59,4.99,4.41,1.017223,58
17-09-2025,NYSE:VICI,VICI Properties Inc. Common Stock,34806,8346537,1.17,32.64,-1.35,-1.47,-2.14,0.43,1.53,0.46,4.07,-2.85,-3.8,-3.8,-4.11,1.56,10.98,15.7,-1.89,-8.10,-17.92,-6.27,-22.83,0.943386,37,0.43,1.11,-1.09,3.63,-7.22,-1.89,-6.37,-10.78,13.48,-17.98,0.99734,38
17-09-2025,NASDAQ:BULL,Webull Corporation - Class A Ordinary Shares,6236,9174405,5.72,13.05,-0.77,-3.75,-3.07,-22.64,18.08,NA,NA,NA,-26.44,-79.25,-79.25,25.72,25.72,25.72,-24.96,8.45,NA,NA,NA,0.943378,37,-22.64,33.21,NA,NA,NA,-24.96,25.73,NA,NA,NA,0.90942,2
17-09-2025,NYSE:STWD,"STARWOOD PROPERTY TRUST, INC. Starwood Property Trust Inc.",7409,2417956,1.07,20.18,-0.74,-2.13,0.40,1.54,0.55,0.89,0.10,1.29,-3.77,-3.77,-4.41,4.18,16.78,16.78,-0.78,-9.08,-17.49,-10.24,-18.69,0.943351,37,1.54,-1.01,0.35,-0.80,1.19,-0.78,-8.49,-9.34,9.05,-9.57,0.993835,34
17-09-2025,NYSE:ELME,Elme Communities Common Stock,1497,967996,1.18,16.98,0.47,-1.18,-0.18,1.71,4.30,-2.77,3.24,-5.59,-1.39,-2.69,-7.01,12.6,15.59,18.58,-0.61,-5.33,-21.15,-7.10,-25.57,0.943255,37,1.71,2.64,-7.38,5.85,-9.13,-0.61,-4.84,-17.07,15.70,-19.89,1.007564,49
17-09-2025,NASDAQ:EGBN,"Eagle Bancorp, Inc. - Common Stock",622,447122,2.95,20.34,-0.64,4.23,4.18,11.36,15.29,-6.74,-44.54,-2.56,-6.09,-7.46,-32.2,27.44,27.44,27.44,9.04,5.66,-25.12,-54.88,-22.54,0.943101,37,11.36,4.44,-26.00,-35.42,29.05,9.04,-3.04,-35.69,-25.57,18.29,1.061667,83
17-09-2025,NYSE:UL,Unilever PLC Common Stock,151968,2240867,0.99,61.86,-0.74,-1.97,-2.72,1.39,-1.49,3.46,4.98,-4.88,-4.85,-5.46,-5.64,5.87,6.84,13.05,-0.93,-11.12,-14.92,-5.36,-24.86,0.943042,37,1.39,-2.92,4.87,1.57,-10.38,-0.93,-10.40,-4.82,11.42,-21.14,0.99377,34
17-09-2025,NASDAQ:POOL,Pool Corporation - Common Stock,12066,483117,2.7,328.28,1.07,1.95,7.07,1.99,11.52,0.37,-14.43,-5.55,-1.6,-1.6,-15.83,15.19,15.19,15.19,-0.33,1.89,-18.01,-24.77,-25.53,0.94304,37,1.99,9.72,-12.60,-14.86,7.77,-0.33,2.24,-22.29,-5.01,-2.99,1.028417,68
17-09-2025,AMEX:CRF,"Cornerstone Total Return Fund, Inc. (The) Common Stock",932,935158,0.74,7.87,-0.13,-0.76,0.76,1.27,4.57,6.61,-11.31,-1.02,-1.62,-1.62,-18.53,6.06,22.2,22.2,-1.05,-5.06,-11.77,-21.65,-21.00,0.94303,37,1.27,3.35,2.13,-19.18,9.25,-1.05,-4.13,-7.56,-9.33,-1.51,1.007174,49
17-09-2025,NYSE:EFC,Ellington Financial Inc. Common Stock,1322,1391741,1.37,13.23,-1.36,-3.25,-2.65,-3.93,2.95,-1.59,6.80,0.00,-5.63,-5.63,-7.8,4.5,14.74,14.74,-6.25,-6.68,-19.97,-3.54,-19.98,0.942976,37,-3.93,6.62,-4.67,8.26,-7.30,-6.25,-0.86,-14.36,18.11,-18.06,0.99311,33
17-09-2025,NASDAQ:EXAS,Exact Sciences Corporation - Common Stock,9917,2817693,3.24,52.94,-0.93,-4.67,9.31,13.86,-0.68,14.66,-19.30,-27.30,-5.46,-8.85,-26.4,29.41,31.33,31.33,11.54,-10.31,-3.72,-29.64,-47.28,0.942953,37,13.86,-16.89,15.23,-39.80,-6.70,11.54,-24.37,5.54,-29.95,-17.46,1.037127,73
17-09-2025,NASDAQ:JAMF,Jamf Holding Corp. - Common Stock,1524,2122669,4.66,11.32,5.83,15.11,19.79,25.88,15.64,-18.90,-33.66,-55.83,0,-17.07,-39.47,58.54,58.54,58.54,23.56,6.01,-37.28,-44.00,-75.81,0.942896,37,25.88,-13.83,-40.94,-12.41,-16.59,23.56,-21.31,-50.63,-2.56,-27.35,1.116615,94
17-09-2025,NYSE:OI,"O-I Glass, Inc. Common Stock",1941,1403724,2.59,12.79,0.31,-0.78,-0.08,-4.53,-7.90,5.94,7.90,6.72,-19.05,-19.05,-19.05,2.57,32.95,32.95,-6.85,-17.53,-12.44,-2.44,-13.26,0.942766,37,-4.53,-3.22,12.83,2.08,-1.27,-6.85,-10.70,3.14,11.93,-12.03,0.965279,12
17-09-2025,NYSE:SWK,"Stanley Black & Decker, Inc. Common Stock",12102,2205134,2.8,77.81,-0.96,1.38,7.83,4.82,15.50,-4.81,-7.70,-25.73,-2.15,-5.29,-29.35,21.31,39.29,39.29,2.50,5.87,-23.19,-18.04,-45.71,0.942555,37,4.82,11.22,-24.03,-2.76,-16.74,2.50,3.74,-33.72,7.09,-27.50,1.056429,81
17-09-2025,NASDAQ:NRDS,"NerdWallet, Inc. - Class A Common Stock",844,498859,3.02,10.97,-0.82,1.09,6.47,8.11,0.55,17.78,-25.71,-14.22,-3.6,-7.43,-31.44,19.5,40.64,40.64,5.79,-9.08,-0.60,-36.05,-34.20,0.942338,37,8.11,-8.23,17.32,-52.88,9.14,5.79,-15.71,7.63,-43.03,-1.62,1.027403,67
17-09-2025,NASDAQ:NDSN,Nordson Corporation - Common Stock,12566,400839,2.16,226.13,0.09,1.78,1.52,5.61,3.42,6.83,-10.36,-9.78,-0.81,-0.81,-14.46,8.07,34.99,34.99,3.29,-6.21,-11.55,-20.70,-29.76,0.942316,37,5.61,-2.32,3.53,-18.45,0.52,3.29,-9.80,-6.16,-8.60,-10.24,1.016035,57
17-09-2025,NYSE:BRSP,"BrightSpire Capital, Inc. Class A Common Stock",742,606566,1.95,5.71,-1.75,-2.98,-0.70,2.98,9.46,-4.55,-11.21,-1.23,-3.87,-5.62,-11.2,16.29,32.79,32.79,0.66,-0.17,-22.93,-21.55,-21.21,0.942285,37,2.98,6.68,-15.47,-6.37,8.98,0.66,-0.80,-25.16,3.48,-1.78,1.020741,61
17-09-2025,NASDAQ:AAL,"American Airlines Group, Inc. - Common Stock",8235,80109739,3.47,12.41,-0.97,-2.82,-7.90,-6.12,12.17,8.78,-41.66,12.33,-8.41,-8.41,-33.49,17.52,36.82,36.82,-8.44,2.54,-9.60,-52.00,-7.65,0.942275,37,-6.12,17.24,-3.85,-55.30,38.11,-8.44,9.76,-13.54,-45.45,27.35,1.024719,65
17-09-2025,NYSE:AROC,"Archrock, Inc. Common Stock",4192,1489138,2.5,24.04,-0.29,0.04,-1.66,0.75,-2.16,-6.86,-10.90,20.34,-5.5,-11.97,-20.76,9.27,14.48,25.54,-1.57,-11.79,-25.24,-21.24,0.36,0.942168,37,0.75,-2.93,-4.60,-3.78,28.17,-1.57,-10.41,-14.29,6.07,17.41,0.976343,17
17-09-2025,NYSE:HESM,Hess Midstream LP Class A Representing Limited Partner Interests,8243,1222405,1.61,39.37,0.33,-3.38,-4.88,-4.57,1.12,-9.65,8.61,8.23,-9.56,-10.28,-10.28,4.21,11.75,15.12,-6.89,-8.51,-28.03,-1.73,-11.75,0.942155,37,-4.57,5.44,-10.89,16.66,-0.42,-6.89,-2.04,-20.58,26.51,-11.18,0.983005,23
17-09-2025,NYSE:OGE,OGE Energy Corp Common Stock,8884,930923,1.28,43.64,-1.63,-0.34,-2.06,-3.32,-0.53,-2.80,3.64,8.32,-4.92,-5.91,-5.91,0.41,3.34,10.06,-5.64,-10.16,-21.18,-6.70,-11.66,0.942008,37,-3.32,2.71,-2.26,6.26,4.85,-5.64,-4.77,-11.95,16.11,-5.91,0.979993,20
17-09-2025,NASDAQ:SLM,SLM Corporation - Common Stock,5862,2494568,2.69,28.04,0.64,-6.35,-10.49,-8.13,-13.48,-4.35,5.56,25.43,-18.49,-18.49,-18.49,0.65,12.88,34.1,-10.45,-23.11,-22.73,-4.78,5.45,0.941795,36,-8.13,-4.95,8.05,9.50,21.03,-10.45,-12.43,-1.64,19.35,10.27,0.936796,5
17-09-2025,NASDAQ:UBSI,"United Bankshares, Inc. - Common Stock",5264,534102,1.72,36.84,-0.84,-2.55,-3.18,-0.14,5.10,5.37,-12.65,1.38,-4.88,-4.88,-14.9,6.47,16.95,16.95,-2.46,-4.53,-13.01,-22.99,-18.60,0.941718,36,-0.14,5.23,0.29,-19.05,12.46,-2.46,-2.25,-9.40,-9.20,1.70,1.005228,46
17-09-2025,NYSE:CCK,"Crown Holdings, Inc.",11058,1295229,1.75,95.33,-0.18,0.81,-3.60,-5.49,-6.50,5.41,7.71,5.43,-11.83,-11.83,-11.83,3.41,21.49,21.49,-7.81,-16.13,-12.97,-2.63,-14.55,0.941476,36,-5.49,-0.96,11.19,2.43,-2.47,-7.81,-8.44,1.50,12.28,-13.23,0.967716,13
17-09-2025,NASDAQ:GLBE,Global-E Online Ltd. - ordinary shares,6052,1510861,3.42,35.91,0.45,-3.84,7.69,14.20,12.53,-3.23,-54.50,-3.59,-3.7,-15.29,-42.85,17.35,23.06,23.06,11.88,2.90,-21.61,-64.84,-23.57,0.941386,36,14.20,-1.95,-18.02,-49.66,32.95,11.88,-9.43,-27.71,-39.81,22.19,1.06422,84
17-09-2025,NYSE:HUM,Humana Inc. Common Stock,32400,1747445,3.41,272.32,-1.14,-0.26,-13.86,-5.17,13.56,2.90,-2.16,-19.16,-12.72,-12.72,-16.08,23.55,23.55,23.55,-7.49,3.93,-15.48,-12.50,-39.14,0.941181,36,-5.17,17.81,-12.33,-5.22,-16.64,-7.49,10.33,-22.02,4.63,-27.40,1.032676,71
17-09-2025,NYSE:LADR,Ladder Capital Corp Class A Common Stock,1453,587031,1.31,11.4,-0.61,-2.89,-1.40,2.02,6.93,-1.67,-5.18,-5.70,-3.47,-3.47,-6.71,8.67,15.62,15.62,-0.30,-2.70,-20.05,-15.52,-25.68,0.941104,36,2.02,5.01,-9.24,-3.45,-0.50,-0.30,-2.47,-18.93,6.40,-11.26,1.01488,56
17-09-2025,NYSE:RDY,Dr. Reddy's Laboratories Ltd Common Stock,12435,842150,1.12,14.73,0.68,1.02,4.14,3.46,-6.72,10.25,1.83,-8.96,-6.3,-8.91,-8.91,10.5,19.17,19.17,1.14,-16.35,-8.13,-8.51,-28.94,0.941081,36,3.46,-10.55,15.90,-9.38,-11.00,1.14,-18.03,6.21,0.47,-21.76,0.990872,30
17-09-2025,NASDAQ:TMUS,"T-Mobile US, Inc. - Common Stock",269482,3948764,1.79,237.62,-0.89,-2.15,-7.69,-7.16,2.79,-9.49,1.38,14.82,-8.26,-11.51,-12.91,7.53,7.53,20.82,-9.48,-6.84,-27.87,-8.96,-5.16,0.940943,36,-7.16,9.28,-12.63,9.93,13.63,-9.48,1.80,-22.32,19.78,2.87,0.979204,20
17-09-2025,NYSE:CNK,"Cinemark Holdings Inc Cinemark Holdings, Inc. Common Stock",3250,3704949,2.58,28.56,0.14,5.43,10.33,10.29,-11.83,12.68,-15.65,-0.14,-12.53,-15.43,-20.71,15.11,16.38,20.3,7.97,-21.46,-5.70,-25.99,-20.12,0.940892,36,10.29,-24.67,21.92,-32.44,13.41,7.97,-32.15,12.23,-22.59,2.65,0.991977,32
17-09-2025,NASDAQ:BRZE,"Braze, Inc. - Class A Common Stock",3549,2443296,4.52,31.14,2.41,-0.55,13.17,18.11,11.91,-16.15,-36.10,-10.95,-3.59,-20.44,-34.05,29.16,29.16,29.16,15.79,2.28,-34.53,-46.44,-30.93,0.940804,36,18.11,-7.57,-31.86,-17.17,18.48,15.79,-15.05,-41.55,-7.32,7.72,1.064705,84
17-09-2025,NYSE:NKE,"Nike, Inc. Common Stock",106795,10563437,2.12,72.75,-0.38,-1.17,-2.12,-5.80,14.91,-1.31,-8.38,-7.77,-8.19,-8.19,-18.66,22.25,36.57,36.57,-8.12,5.28,-19.69,-18.72,-27.75,0.940784,36,-5.80,19.58,-19.06,-6.99,0.57,-8.12,12.10,-28.75,2.86,-10.19,1.028829,68
17-09-2025,NYSE:LSPD,Lightspeed Commerce Inc. Subordinate Voting Shares,1714,475092,2.71,12.37,0.89,1.94,2.91,-0.08,8.25,14.23,-34.76,-1.94,-10.56,-10.56,-34.2,13.59,57.38,57.38,-2.40,-1.38,-4.15,-45.10,-21.92,0.940684,36,-0.08,8.32,6.52,-57.12,24.36,-2.40,0.84,-3.17,-47.27,13.60,1.028546,68
17-09-2025,NYSE:CUZ,Cousins Properties Incorporated Common Stock,4916,1557890,1.88,29.27,0.27,2.15,0.58,6.42,-3.72,-0.27,-3.14,0.58,-4.13,-4.13,-8.36,10.33,16.38,16.38,4.10,-13.35,-18.65,-13.48,-19.40,0.940662,36,6.42,-10.84,3.33,-2.86,3.61,4.10,-18.32,-6.36,6.99,-7.15,0.992685,33
17-09-2025,NASDAQ:NXPI,NXP Semiconductors N.V. - Common Stock,55942,2298348,2.74,220.99,0.78,-1.22,-5.28,-3.53,1.57,5.05,0.52,-1.88,-7.56,-7.56,-13.53,7.72,43.97,43.97,-5.85,-8.06,-13.33,-9.82,-21.86,0.940508,36,-3.53,4.92,3.54,-4.77,-2.41,-5.85,-2.56,-6.15,5.08,-13.17,0.992327,32
17-09-2025,NYSE:DRH,Diamondrock Hospitality Company Common Stock,1691,2681360,1.97,8.21,0.24,-1.83,-2.68,3.78,7.31,2.07,-17.78,-2.92,-4.53,-4.53,-15.71,8.89,28.28,28.28,1.46,-2.32,-16.31,-28.12,-22.90,0.940328,36,3.78,3.67,-5.65,-20.27,12.62,1.46,-3.81,-15.34,-10.42,1.86,1.019465,60
17-09-2025,NYSE:GGB,Gerdau S.A. Common Stock,6126,10167152,2.53,3.14,0.96,1.27,2.55,5.41,2.87,3.82,-11.46,-5.73,-1.88,-1.88,-13.02,10.56,36.52,36.52,3.09,-6.76,-14.56,-21.80,-25.71,0.940313,36,5.41,-2.69,0.98,-15.89,5.14,3.09,-10.17,-8.71,-6.04,-5.62,1.011582,53
17-09-2025,NYSE:AMTM,"Amentum Holdings, Inc. Common Stock",5412,1399816,2.78,22.65,-1.32,-4.68,-10.29,-11.17,0.35,16.87,-5.30,NA,-14.62,-14.62,-32.19,3.71,37.86,37.86,-13.49,-9.28,-1.51,-15.64,NA,0.940293,36,-11.17,10.37,16.57,-26.66,NA,-13.49,2.89,6.88,-16.81,NA,0.914075,3
17-09-2025,NASDAQ:CLDX,"Celldex Therapeutics, Inc. - Common Stock",1624,1587894,5.66,24.58,0.33,1.14,10.25,-3.74,17.25,17.21,-9.89,-69.85,-3.61,-3.61,-44.34,22.84,62.46,62.46,-6.06,7.62,-1.17,-20.23,-89.83,0.940093,36,-3.74,20.24,-0.05,-32.73,-54.57,-6.06,12.76,-9.74,-22.88,-65.33,1.082116,89
17-09-2025,NYSE:TPH,"Tri Pointe Homes, Inc. Common Stock",3057,890398,2.5,34.91,-0.49,-1.66,-0.06,0.00,11.92,10.40,-15.98,-23.03,-6,-6,-25.23,16.79,20.55,20.55,-2.32,2.29,-7.98,-26.32,-43.01,0.940043,36,0.00,11.92,-1.72,-29.44,-6.08,-2.32,4.44,-11.41,-19.59,-16.84,1.04005,74
17-09-2025,NYSE:PHK,Pimco High Income Fund,840,690792,0.65,4.9,-0.41,-2.04,-1.22,0.61,3.06,0.41,-3.88,-1.22,-2.39,-2.39,-5.04,3.16,10.61,10.61,-1.71,-6.57,-17.97,-14.22,-21.20,0.939983,36,0.61,2.46,-2.74,-4.30,2.55,-1.71,-5.02,-12.43,5.55,-8.21,1.000603,41
17-09-2025,NASDAQ:DSGX,The Descartes Systems Group Inc. - Common Stock,8578,497657,2.36,101.86,-0.69,-5.00,3.40,3.57,3.84,1.62,-17.76,3.85,-5.5,-12.89,-16.85,4.11,8.19,8.19,1.25,-5.79,-16.76,-28.10,-16.13,0.939951,36,3.57,0.27,-2.31,-19.70,18.35,1.25,-7.21,-12.00,-9.85,7.59,1.006705,48
17-09-2025,NYSE:EPD,Enterprise Products Partners L.P. Common Stock,69439,3434179,1.11,31.77,0.06,0.69,-0.72,0.85,0.76,-6.77,-1.98,7.46,-1.15,-7.16,-7.73,3.35,9.74,10.85,-1.47,-8.87,-25.15,-12.32,-12.52,0.939907,36,0.85,-0.10,-7.58,4.48,9.26,-1.47,-7.58,-17.27,14.33,-1.50,0.989524,28
17-09-2025,NYSE:IRM,Iron Mountain Incorporated (Delaware)Common Stock REIT,29638,1401958,2.43,100.35,0.53,3.67,10.85,8.83,-1.71,11.16,-12.70,-15.95,-4.66,-4.66,-21.69,12.17,30.44,30.44,6.51,-11.34,-7.22,-23.04,-35.93,0.939901,36,8.83,-11.56,12.66,-26.85,-2.89,6.51,-19.04,2.97,-17.00,-13.65,1.0161,57
17-09-2025,NYSE:NAC,Nuveen California Quality Municipal Income Fund,1650,462257,0.66,11.4,-0.61,-0.96,1.58,1.58,3.60,1.14,-3.95,-5.00,-1.55,-1.55,-4.84,4.59,8.47,8.47,-0.74,-6.03,-17.24,-14.29,-24.98,0.939872,35,1.58,2.05,-2.55,-5.15,-1.01,-0.74,-5.43,-12.24,4.70,-11.77,1.005758,47
17-09-2025,NYSE:SYK,Stryker Corporation Common Stock,144084,982154,1.71,376.62,-0.13,-4.29,-3.54,-1.40,-0.13,0.83,0.12,2.34,-6.67,-6.67,-6.67,0.9,11.63,11.63,-3.72,-9.76,-17.55,-10.22,-17.64,0.939834,35,-1.40,1.25,0.96,-0.71,2.23,-3.72,-6.23,-8.73,9.14,-8.53,0.987964,27
17-09-2025,NYSE:SUI,"Sun Communities, Inc. Common Stock",16079,881342,1.62,128.47,-0.15,-1.30,2.73,0.54,4.16,-2.78,5.67,-12.56,-2.14,-3.29,-12.95,10.18,12.08,12.08,-1.78,-5.47,-21.16,-4.67,-32.54,0.939735,35,0.54,3.63,-7.24,8.22,-19.33,-1.78,-3.85,-16.93,18.07,-30.09,1.011288,53
17-09-2025,NYSE:MET,"MetLife, Inc. Common Stock",52324,3043011,1.73,78.73,-2.20,-0.71,-2.32,1.78,0.42,-4.36,-2.03,4.14,-3.69,-6.47,-10.79,6.65,15.07,15.07,-0.54,-9.21,-22.74,-12.37,-15.84,0.93973,35,1.78,-1.38,-4.80,2.23,6.05,-0.54,-8.86,-14.49,12.08,-4.71,0.99221,32
17-09-2025,NYSE:BXMT,"Blackstone Mortgage Trust, Inc. Common Stock",3322,835897,1.6,19.36,-0.83,-2.63,0.05,2.53,0.67,-7.70,0.67,2.84,-3.78,-8.12,-8.12,4.76,12.75,12.89,0.21,-8.96,-26.08,-9.67,-17.14,0.93972,35,2.53,-1.91,-8.42,7.77,2.18,0.21,-9.39,-18.11,17.62,-8.58,0.994716,35
17-09-2025,NYSE:EFX,"Equifax, Inc. Common Stock",32476,972672,2.52,260.58,1.42,3.29,10.19,4.94,-2.64,7.80,-0.83,-14.27,-2.57,-7.11,-15.05,11.34,26.8,26.8,2.62,-12.27,-10.58,-11.17,-34.25,0.939692,35,4.94,-7.96,10.17,-9.36,-13.33,2.62,-15.44,0.48,0.49,-24.09,1.00418,45
17-09-2025,NYSE:TTE,TotalEnergies SE,138790,1218369,1.16,62.1,0.31,0.87,-0.79,-0.23,-0.76,-0.85,8.73,-8.42,-3.01,-4.73,-10.57,4.97,16.36,16.36,-2.55,-10.39,-19.23,-1.61,-28.40,0.939681,35,-0.23,-0.53,-0.10,9.50,-18.79,-2.55,-8.01,-9.79,19.35,-29.55,0.99632,37
17-09-2025,NASDAQ:MNRO,"Monro, Inc.  - Common Stock",541,929182,4.15,17.97,0.17,6.23,8.24,12.63,17.92,6.51,-53.26,-37.67,0,0,-39.66,37.49,47.05,47.05,10.31,8.29,-11.87,-63.60,-57.65,0.93963,35,12.63,6.05,-13.90,-63.93,10.17,10.31,-1.43,-23.59,-54.08,-0.59,1.096673,91
17-09-2025,NYSE:IOT,Samsara Inc. Class A Common Stock,22297,7505798,4.21,39.48,0.08,2.23,10.11,15.07,0.91,1.32,-17.53,-17.20,-6.2,-17.3,-35.24,22.53,22.53,22.53,12.75,-8.72,-17.06,-27.87,-37.18,0.939553,35,15.07,-16.67,0.41,-19.10,0.28,12.75,-24.15,-9.28,-9.25,-10.48,1.030862,70
17-09-2025,NYSE:YUMC,"Yum China Holdings, Inc. Common Stock",16478,2167701,1.72,44.53,2.18,0.85,1.98,-0.49,1.59,-19.72,-11.05,22.79,-9.27,-17.06,-17.06,4.14,7.64,29.52,-2.81,-8.04,-38.10,-21.39,2.81,0.939545,35,-0.49,2.08,-21.66,7.24,30.48,-2.81,-5.40,-31.35,17.09,19.72,0.982957,23
17-09-2025,NASDAQ:MOMO,Hello Group Inc.  - American Depositary Shares,1220,1022927,3.2,7.65,0.39,-3.01,-8.37,-8.10,-10.72,6.67,-0.65,17.78,-16.12,-16.12,-16.12,2.27,45.16,45.16,-10.42,-20.35,-11.71,-10.99,-2.20,0.939535,35,-8.10,-2.42,15.70,-7.84,18.31,-10.42,-9.90,6.01,2.01,7.55,0.94998,7
17-09-2025,NYSE:BLDR,"Builders FirstSource, Inc. Common Stock",14292,1925490,3.59,136.99,-2.32,-2.53,-0.27,0.08,18.45,6.45,-25.67,-28.27,-8.19,-8.19,-32.13,28.21,29.69,29.69,-2.24,8.82,-11.93,-36.01,-48.25,0.939152,35,0.08,18.39,-14.72,-34.34,-2.07,-2.24,10.91,-24.41,-24.49,-12.83,1.063977,84
17-09-2025,NASDAQ:ADAM,"Adamas Trust, Inc. - Common Stock",654,588366,2.27,7.24,-1.93,-0.69,1.80,NA,NA,NA,NA,NA,-2.29,-2.29,-2.29,2.55,2.55,2.55,NA,NA,NA,NA,NA,0.939136,35,NA,NA,NA,NA,NA,NA,NA,NA,NA,NA,0.991715,31
17-09-2025,NASDAQ:AIIO,Robo.ai Inc. - Class B Ordinary Shares,564,4459903,22.36,1.7,11.18,7.65,-8.82,NA,NA,NA,NA,NA,-8.11,-8.11,-8.11,57.41,57.41,57.41,NA,NA,NA,NA,NA,0.939136,35,NA,NA,NA,NA,NA,NA,NA,NA,NA,NA,0.991715,31
17-09-2025,NYSE:BBT,Beacon Financial Corporation Common stock,2109,1094165,3,25,-1.40,-5.32,-5.56,NA,NA,NA,NA,NA,-6.82,-6.82,-6.82,0,0,0,NA,NA,NA,NA,NA,0.939136,35,NA,NA,NA,NA,NA,NA,NA,NA,NA,NA,0.991715,31
17-09-2025,NASDAQ:BRCB,"Black Rock Coffee Bar, Inc. - Class A Common Stock",1384,2446429,0,27.7,-0.40,NA,NA,NA,NA,NA,NA,NA,NA,NA,NA,0.62,0.62,0.62,NA,NA,NA,NA,NA,0.939136,35,NA,NA,NA,NA,NA,NA,NA,NA,NA,NA,0.991715,31
17-09-2025,NASDAQ:CEPF,"Cantor Equity Partners IV, Inc. - Class A Ordinary Shares",581,1216930,0.38,10.17,0.20,0.29,0.69,NA,NA,NA,NA,NA,0,0,0,0.69,0.69,0.69,NA,NA,NA,NA,NA,0.939136,35,NA,NA,NA,NA,NA,NA,NA,NA,NA,NA,0.991715,31
17-09-2025,NASDAQ:FIGR,"Figure Technology Solutions, Inc. - Class A Common Stock",7867,16127706,0,40.48,7.78,NA,NA,NA,NA,NA,NA,NA,NA,NA,NA,30.12,30.12,30.12,NA,NA,NA,NA,NA,0.939136,35,NA,NA,NA,NA,NA,NA,NA,NA,NA,NA,0.991715,31
17-09-2025,NASDAQ:GEMI,"Gemini Space Station, Inc. - Class A Common Stock",1037,15974354,0,28.13,-15.61,NA,NA,NA,NA,NA,NA,NA,NA,NA,NA,0,0,0,NA,NA,NA,NA,NA,0.939136,35,NA,NA,NA,NA,NA,NA,NA,NA,NA,NA,0.991715,31
17-09-2025,NYSE:KLAR,Klarna Group plc Ordinary Shares,17112,14742047,12.01,45.42,-0.13,NA,NA,NA,NA,NA,NA,NA,-0.87,-0.87,-0.87,6.27,6.27,6.27,NA,NA,NA,NA,NA,0.939136,35,NA,NA,NA,NA,NA,NA,NA,NA,NA,NA,0.991715,31
17-09-2025,NASDAQ:LGN,Legence Corp. - Class A Common stock,3085,3661845,0,31.08,1.71,NA,NA,NA,NA,NA,NA,NA,NA,NA,NA,1.9,1.9,1.9,NA,NA,NA,NA,NA,0.939136,35,NA,NA,NA,NA,NA,NA,NA,NA,NA,NA,0.991715,31
17-09-2025,AMEX:PMI,"Picard Medical, Inc. Common Stock",559,3268015,14.31,7.6,0.00,15.00,32.37,NA,NA,NA,NA,NA,0,0,0,65.58,65.58,65.58,NA,NA,NA,NA,NA,0.939136,35,NA,NA,NA,NA,NA,NA,NA,NA,NA,NA,0.991715,31
17-09-2025,NASDAQ:STRC,Strategy Inc - Variable Rate Series A Perpetual Stretch Preferred Stock,95016,642425,1.04,96.95,0.05,-0.39,-0.55,0.00,NA,NA,NA,NA,-1.12,-1.12,-1.12,9.42,9.42,9.42,-2.32,NA,NA,NA,NA,0.939136,34,0.00,NA,NA,NA,NA,-2.32,NA,NA,NA,NA,0.991715,31
17-09-2025,NASDAQ:FOLD,"Amicus Therapeutics, Inc. - Common Stock",2457,3841536,3.33,8.01,3.50,1.50,1.62,7.62,24.47,-13.86,-26.84,-40.82,-0.12,-12.93,-33.31,42.02,42.02,42.02,5.30,14.84,-32.24,-37.18,-60.80,0.939034,34,7.62,18.24,-50.74,-11.40,-11.02,5.30,10.76,-60.43,-1.55,-21.78,1.104222,92
17-09-2025,NASDAQ:OSPN,OneSpan Inc. - Common Stock,605,442151,2.44,15.61,0.45,1.60,4.36,11.60,-1.41,-3.20,-20.95,3.97,-13.52,-13.52,-22.84,22.82,22.82,22.82,9.28,-11.04,-21.58,-31.29,-16.01,0.939031,34,11.60,-14.71,-1.77,-17.19,20.60,9.28,-22.19,-11.46,-7.34,9.84,1.007382,49
17-09-2025,NYSE:TU,Telus Corporation Ordinary Shares,24667,3420082,1.16,15.92,-0.44,-2.83,-2.64,-2.89,-1.32,5.53,4.59,-6.60,-4.27,-4.27,-6.19,2.05,15.45,18.36,-5.21,-10.95,-12.85,-5.75,-26.58,0.93871,34,-2.89,1.53,6.76,-1.00,-11.72,-5.21,-5.95,-2.93,8.85,-22.48,0.990337,30
17-09-2025,NYSE:DAR,Darling Ingredients Inc. Common Stock,5239,2689947,4.06,33.87,7.32,6.58,2.72,7.94,-13.91,12.58,-10.07,-1.06,-14.14,-14.14,-21.32,13.89,22.58,22.58,5.62,-23.54,-5.80,-20.41,-21.04,0.938497,34,7.94,-23.73,23.25,-25.90,8.18,5.62,-31.21,13.56,-16.05,-2.58,0.983493,23
17-09-2025,NYSE:MSCI,MSCI Inc. Common Stock,44767,645296,1.94,567.02,-1.69,-0.38,2.31,1.76,3.47,0.19,-11.04,1.28,-3.57,-3.57,-10.84,7.7,11.94,11.94,-0.56,-6.16,-18.19,-21.38,-18.70,0.938356,34,1.76,1.73,-3.40,-11.24,11.10,-0.56,-5.75,-13.09,-1.39,0.34,1.002844,44
17-09-2025,NYSE:MTH,Meritage Homes Corporation Common Stock,5369,930806,2.96,76.31,-1.14,-3.64,0.04,-0.90,15.37,7.67,-17.94,-28.14,-7.87,-7.87,-28.58,22.21,22.21,22.21,-3.22,5.74,-10.71,-28.28,-48.12,0.938263,34,-0.90,16.13,-9.10,-27.73,-8.64,-3.22,8.65,-18.79,-17.88,-19.40,1.051516,79
17-09-2025,NYSE:DE,Deere & Company Common Stock,126817,1350336,1.97,468.7,-0.09,-1.47,-1.72,-4.29,-11.89,-2.91,4.41,17.43,-10.72,-11.81,-11.81,0,13.49,21.11,-6.61,-21.52,-21.29,-5.93,-2.55,0.938167,34,-4.29,-7.29,8.03,7.12,13.62,-6.61,-14.77,-1.66,16.97,2.86,0.950172,7
17-09-2025,NYSE:BG,Bunge Limited Common Shares,16087,2055497,2.82,83.69,4.05,-0.55,2.71,2.28,-3.09,10.92,-1.31,-15.22,-5.06,-5.06,-16.61,14.64,20.4,21.17,-0.04,-12.72,-7.46,-11.65,-35.20,0.938056,34,2.28,-5.50,13.60,-13.74,-13.73,-0.04,-12.98,3.91,-3.89,-24.49,1.001222,42
17-09-2025,NYSE:ICE,Intercontinental Exchange Inc. Common Stock,98600,2567420,1.33,171.4,-0.48,-1.20,-2.15,-5.72,-4.90,-0.83,7.71,5.99,-9.05,-9.05,-9.05,0,13.05,20.03,-8.04,-14.53,-19.21,-2.63,-13.99,0.937979,34,-5.72,0.77,3.88,8.47,-1.87,-8.04,-6.71,-5.81,18.32,-12.63,0.969892,14
17-09-2025,NYSE:RRC,Range Resources Corporation Common Stock,8465,2846758,2.47,35.89,2.20,4.43,3.48,4.21,-16.30,-8.58,-0.25,19.23,-16.98,-16.98,-16.98,9.45,11.81,23.8,1.89,-25.93,-26.96,-10.59,-0.75,0.937903,34,4.21,-21.41,6.64,7.67,19.43,1.89,-28.89,-3.05,17.52,8.67,0.952919,7
17-09-2025,NYSE:HRI,Herc Holdings Inc. Common Stock,4244,431275,4.72,132.32,2.35,-1.00,0.54,5.71,14.71,3.02,-58.97,-1.10,-11.72,-11.72,-44.7,19.75,29.29,29.29,3.39,5.08,-15.36,-69.31,-21.08,0.937801,34,5.71,9.54,-13.70,-63.93,36.40,3.39,2.06,-23.39,-54.08,25.64,1.060886,83
17-09-2025,NASDAQ:EXE,Expand Energy Corporation - Common Stock,23738,2699586,2.36,97.52,1.99,2.86,-0.71,2.45,-21.63,-8.25,-2.13,25.82,-20.41,-20.41,-20.41,4.83,4.83,34.81,0.13,-31.26,-26.63,-12.47,5.84,0.937746,34,2.45,-24.68,10.99,5.66,27.37,0.13,-32.16,1.30,15.51,16.61,0.937983,5
17-09-2025,NYSE:NVG,Nuveen AMT-Free Municipal Credit Income Fund,2622,572686,0.7,12.28,-0.41,0.65,3.83,4.72,4.15,-0.98,-7.41,-9.04,-0.97,-1.52,-9.17,6.69,8.19,8.19,2.40,-5.48,-19.36,-17.75,-29.02,0.937738,34,4.72,-0.60,-5.35,-6.37,-1.52,2.40,-8.08,-15.04,3.48,-12.28,1.014533,56
17-09-2025,NYSE:OLN,Olin Corporation Common Stock,2882,2441103,4.05,25.4,0.12,0.12,7.36,16.14,20.08,1.93,-50.16,-64.65,-5.68,-5.68,-48.13,39.33,41.43,41.43,13.82,10.45,-16.45,-60.50,-84.63,0.937737,34,16.14,4.69,-22.71,-53.11,-9.65,13.82,-2.79,-32.40,-43.26,-20.41,1.119691,94
17-09-2025,NASDAQ:ZBRA,Zebra Technologies Corporation - Class A Common Stock,16134,482872,2.33,318.41,-0.79,1.96,3.56,0.16,7.96,10.41,-26.93,-5.85,-6.72,-6.72,-24.39,10.04,49.11,49.11,-2.16,-1.67,-7.97,-37.27,-25.83,0.937695,34,0.16,7.81,2.66,-41.68,16.61,-2.16,0.33,-7.03,-31.83,5.85,1.024144,65
17-09-2025,NYSE:LUV,Southwest Airlines Company Common Stock,16869,7618343,2.86,31.57,0.44,1.84,-2.15,0.22,-2.00,-1.77,-6.37,8.55,-16.26,-16.26,-16.26,8.64,31.32,31.32,-2.10,-11.63,-20.15,-16.71,-11.43,0.937336,34,0.22,-2.22,0.22,-4.51,14.03,-2.10,-9.70,-9.47,5.34,3.27,0.98286,23
17-09-2025,NASDAQ:MCHP,Microchip Technology Incorporated - Common Stock,35500,7806914,3.13,64.45,1.99,-0.48,1.32,-1.96,-5.80,14.26,4.55,-18.04,-14.36,-14.36,-20.03,5.74,82.37,82.37,-4.28,-15.43,-4.12,-5.79,-38.02,0.937259,34,-1.96,-3.77,18.96,-11.33,-23.67,-4.28,-11.25,9.27,-1.48,-34.43,0.993519,34
17-09-2025,NYSE:STAG,"Stag Industrial, Inc. Common Stock",6853,1157307,1.76,35.95,0.19,-0.53,-0.42,3.34,-0.25,0.39,-0.19,-9.32,-2.76,-2.89,-10.44,4.87,19.51,19.51,1.02,-9.88,-17.99,-10.53,-29.30,0.937054,34,3.34,-3.71,0.64,-0.59,-9.11,1.02,-11.19,-9.05,9.26,-19.87,1.002414,43
17-09-2025,NYSE:ZTO,"ZTO Express (Cayman) Inc. American Depositary Shares, each representing one Class A ordinary share.",15092,1772914,1.96,19.4,0.67,1.55,7.89,-2.68,8.76,-6.86,3.76,-13.35,-6.42,-10.85,-28.12,13.72,17.5,17.5,-5.00,-0.87,-25.24,-6.58,-33.33,0.936991,34,-2.68,11.14,-17.12,9.94,-17.78,-5.00,3.66,-26.81,19.79,-28.54,1.019843,61
17-09-2025,NYSE:CMS,CMS Energy Corporation Common Stock,21067,1895056,1.24,69.96,-2.32,-1.36,-1.72,-3.34,0.60,-4.72,4.49,0.93,-6.31,-7.35,-7.35,2.03,2.03,7.65,-5.66,-9.03,-23.10,-5.85,-19.05,0.936866,34,-3.34,3.82,-5.35,8.79,-3.73,-5.66,-3.66,-15.04,18.64,-14.49,0.988237,27
17-09-2025,NYSE:GGG,Graco Inc. Common Stock,14051,605750,1.55,84.75,0.00,-0.02,0.25,0.41,-0.33,0.45,-6.34,2.87,-4.57,-4.57,-8.17,2.63,14.5,14.5,-1.91,-9.96,-17.93,-16.68,-17.11,0.936789,34,0.41,-0.75,0.78,-6.82,8.66,-1.91,-8.23,-8.91,3.03,-2.10,0.990624,30
17-09-2025,NASDAQ:TTEK,"Tetra Tech, Inc. - Common Stock",9489,2074989,2.14,36.47,0.63,3.76,0.14,1.84,1.40,19.28,-15.82,-26.30,-4.87,-4.87,-27.81,3.9,30.2,30.2,-0.48,-8.23,0.90,-26.16,-46.28,0.93673,34,1.84,-0.45,18.13,-43.48,-9.04,-0.48,-7.93,8.44,-33.63,-19.80,1.024515,65
17-09-2025,NYSE:GFL,"GFL Environmental Inc. Subordinate voting shares, no par value",16946,1264538,1.96,46.39,-0.02,-3.10,-7.09,-6.83,-6.83,0.19,1.98,13.21,-9.09,-10.06,-10.06,0,8.06,18.46,-9.15,-16.46,-18.19,-8.36,-6.77,0.936665,33,-6.83,0.00,6.58,1.79,11.46,-9.15,-7.48,-3.11,11.64,0.70,0.960071,10
17-09-2025,NYSE:ES,Eversource Energy (D/B/A) Common Stock,23492,2612722,1.85,63.42,-3.31,-0.73,-0.44,-3.33,-1.48,3.03,5.41,-6.43,-4.8,-4.8,-7.28,1.63,16.9,16.9,-5.65,-11.11,-15.35,-4.93,-26.41,0.936647,33,-3.33,1.79,4.44,2.46,-12.52,-5.65,-5.69,-5.25,12.31,-23.28,0.989238,28
17-09-2025,NYSE:IQV,"IQVIA Holdings, Inc. Common Stock",31737,1171403,2.53,186.81,0.45,-1.51,1.64,-2.29,14.75,1.02,-7.63,-27.62,-6.98,-6.98,-23.63,21.23,36.36,36.36,-4.61,5.12,-17.36,-17.97,-47.60,0.936601,33,-2.29,16.66,-16.11,-8.75,-18.57,-4.61,9.18,-25.80,1.10,-29.33,1.045766,77
17-09-2025,NYSE:CRBG,Corebridge Financial Inc. Common Stock,17032,3056592,2.06,31.36,-3.64,-6.47,-9.85,-7.75,-3.13,-3.92,3.06,12.28,-12.74,-12.74,-12.74,0,23.42,23.42,-10.07,-12.76,-22.30,-7.28,-7.70,0.936487,33,-7.75,4.29,-0.77,6.72,9.51,-10.07,-3.19,-10.46,16.57,-1.25,0.966813,13
17-09-2025,NASDAQ:FWRG,"First Watch Restaurant Group, Inc. - Common Stock",1009,1107073,3.66,16.65,-3.30,-4.80,-12.55,-7.15,6.61,2.52,-18.80,9.91,-13.15,-17.12,-25.1,10.63,11.6,25.19,-9.47,-3.02,-15.86,-29.14,-10.07,0.93648,33,-7.15,12.84,-4.37,-21.87,24.17,-9.47,5.36,-14.06,-12.02,13.41,0.997016,37
17-09-2025,NASDAQ:AUR,"Aurora Innovation, Inc.  - Class A Common Stock",10869,18155298,4.63,6.06,2.89,5.94,4.29,-5.45,8.42,-15.02,-21.62,20.30,-7.62,-25.55,-40.53,20,20,27.85,-7.77,-1.21,-33.40,-31.96,0.32,0.936462,33,-5.45,13.15,-25.59,-5.74,34.46,-7.77,5.67,-35.28,4.11,23.70,0.998253,39
17-09-2025,NASDAQ:ERIC,Ericsson - American Depositary Shares each representing 1 underlying Class B share,26715,10000226,1.24,7.96,0.25,-0.75,2.64,3.14,-6.28,-3.52,-3.89,8.17,-6.9,-10.16,-10.56,10.56,17.58,17.58,0.82,-15.91,-21.90,-14.23,-11.81,0.936394,33,3.14,-9.73,2.60,-0.36,11.61,0.82,-17.21,-7.09,9.49,0.85,0.977834,19
17-09-2025,NYSE:NOW,"ServiceNow, Inc. Common Stock",197677,1496368,2.52,932.01,-1.65,-0.18,2.21,6.95,-7.85,9.56,-23.09,4.92,-10.79,-10.79,-20.37,9.54,29.15,29.15,4.63,-17.48,-8.82,-33.43,-15.06,0.936281,33,6.95,-15.90,16.14,-36.09,22.76,4.63,-23.38,6.45,-26.24,12.00,0.992348,32
17-09-2025,NYSE:NNN,"NNN REIT, Inc. Common Stock",8033,1238082,1.38,42.55,-0.96,-0.31,0.99,2.89,1.27,0.42,0.21,-13.58,-3.51,-3.51,-13.8,4.6,13.29,13.29,0.57,-8.36,-17.96,-10.13,-33.56,0.936239,33,2.89,-1.67,-0.86,-0.21,-13.82,0.57,-9.15,-10.55,9.64,-24.58,1.008209,50
17-09-2025,NYSE:SHW,Sherwin-Williams Company (The) Common Stock,87319,1847263,1.89,353.2,-1.10,-2.32,-2.19,-3.17,4.94,3.10,-5.31,-5.88,-5.87,-5.87,-11.64,6.75,12.66,12.66,-5.49,-4.69,-15.28,-15.65,-25.86,0.936202,33,-3.17,7.86,-1.93,-8.67,-0.55,-5.49,0.38,-11.62,1.18,-11.31,1.003955,45
17-09-2025,NASDAQ:DPZ,Domino's Pizza Inc - Common Stock,14878,589064,2.27,442.42,-1.70,-3.74,-5.62,-2.00,-2.72,-1.62,-3.37,8.27,-8.88,-11.07,-11.07,0.54,2.72,9.96,-4.32,-12.35,-20.00,-13.71,-11.71,0.936082,33,-2.00,-0.71,1.07,-1.72,11.26,-4.32,-8.19,-8.62,8.13,0.50,0.978198,19
17-09-2025,NYSE:DVN,Devon Energy Corporation Common Stock,22478,7010310,2.67,34.97,3.43,1.89,-4.15,3.66,1.00,-0.40,0.60,-14.41,-3.98,-7.78,-18.6,10.14,30.49,30.49,1.34,-8.63,-18.78,-9.74,-34.39,0.936079,33,3.66,-2.76,-1.42,1.00,-15.10,1.34,-10.24,-11.11,10.85,-25.86,1.009276,51
17-09-2025,NYSE:QTWO,"Q2 Holdings, Inc. Common Stock",5182,986858,2.44,81.54,-1.68,-3.20,5.90,8.56,-7.74,5.31,-31.21,11.64,-14.41,-14.41,-26.44,11.12,18.66,18.66,6.24,-17.37,-13.07,-41.55,-8.34,0.936032,33,8.56,-17.82,12.11,-38.57,32.66,6.24,-25.30,2.42,-28.72,21.90,0.993086,33
17-09-2025,NYSE:BOX,"Box, Inc. Class A Common Stock",4744,2330521,2.39,32.52,0.03,-3.17,0.98,2.86,-9.81,4.70,0.77,-1.14,-9.24,-15.64,-15.64,4.8,14.43,14.43,0.54,-19.44,-13.68,-9.57,-21.12,0.936006,33,2.86,-13.04,13.22,-4.13,-1.92,0.54,-20.52,3.53,5.72,-12.68,0.977835,19
17-09-2025,NASDAQ:COKE,"Coca-Cola Consolidated, Inc. - Common Stock",10299,453745,2.21,117.8,-3.37,-4.07,0.73,4.03,9.03,-11.72,-7.92,-7.90,-5.11,-16.81,-19.23,11.43,11.43,11.43,1.71,-0.60,-30.10,-18.26,-27.88,0.935915,33,4.03,5.21,-22.81,3.40,0.02,1.71,-2.27,-32.50,13.25,-10.74,1.026064,66
17-09-2025,NYSE:TRU,TransUnion Common Stock,17863,2450356,3.03,89.98,0.81,-4.15,3.91,1.21,4.55,4.71,-11.60,-9.08,-9.31,-9.31,-17.2,6.07,29.92,29.92,-1.11,-5.08,-13.67,-21.94,-29.06,0.935823,33,1.21,3.37,0.17,-17.12,2.26,-1.11,-4.11,-9.52,-7.27,-8.50,1.012163,54
17-09-2025,NYSE:LMT,Lockheed Martin Corporation Common Stock,110457,1346778,1.48,474.32,0.23,3.64,4.60,7.75,1.53,1.41,-6.31,-19.81,-1.05,-2.49,-22.85,15.48,15.48,15.48,5.43,-8.10,-16.97,-16.65,-39.79,0.935481,33,7.75,-6.74,-0.12,-7.83,-12.70,5.43,-14.22,-9.81,2.02,-23.46,1.020401,61
17-09-2025,NASDAQ:SIRI,SiriusXM Holdings Inc. - Common Stock,7785,3186076,2.76,23.29,-0.64,-4.21,0.77,1.12,5.97,1.03,-9.55,-9.57,-4.9,-4.9,-18.96,11.17,20.42,20.42,-1.20,-3.66,-17.35,-19.89,-29.55,0.935447,33,1.12,4.91,-5.25,-10.69,-0.02,-1.20,-2.57,-14.94,-0.84,-10.78,1.014834,56
17-09-2025,NASDAQ:COST,Costco Wholesale Corporation - Common Stock,427082,2042101,1.43,952.07,-0.84,-2.85,1.39,-2.10,-3.39,3.72,-4.48,3.89,-5.22,-9.91,-11.59,2.65,6.33,8.98,-4.42,-13.02,-14.66,-14.82,-16.09,0.935382,33,-2.10,-1.27,6.88,-8.52,8.01,-4.42,-8.75,-2.81,1.33,-2.75,0.980565,21
17-09-2025,NASDAQ:SLDE,"Slide Insurance Holdings, Inc. - Common Stock",1599,1045881,5.58,14.08,1.21,0.00,4.26,-3.34,NA,NA,NA,NA,-39.57,-39.57,-39.57,8.98,8.98,8.98,-5.66,NA,NA,NA,NA,0.935343,33,-3.34,NA,NA,NA,NA,-5.66,NA,NA,NA,NA,0.987711,26
17-09-2025,NYSE:IPG,"Interpublic Group of Companies, Inc. (The) Common Stock",9618,5099153,2.04,26.36,0.27,-0.87,0.23,1.02,10.93,0.49,-14.19,-15.86,-3.3,-3.3,-17.78,14.56,16.33,16.33,-1.30,1.30,-17.89,-24.53,-35.84,0.935306,33,1.02,10.00,-11.71,-14.75,-1.46,-1.30,2.52,-21.40,-4.90,-12.22,1.032257,70
17-09-2025,NYSE:ALEX,"Alexander & Baldwin, Inc. Common Stock REIT Holding Company",1331,453895,1.52,18.29,0.82,-2.73,-3.77,-1.04,2.35,3.55,-4.81,-7.60,-5.92,-5.92,-7.95,4.63,14.31,14.31,-3.36,-7.28,-14.83,-15.15,-27.58,0.935036,33,-1.04,3.35,1.23,-8.67,-2.66,-3.36,-4.13,-8.46,1.18,-13.42,1.001861,42
17-09-2025,NASDAQ:AMPL,"Amplitude, Inc. - Class A Common Stock",1517,1821152,4.19,11.05,1.63,-3.17,2.62,-3.80,-9.77,-8.05,-2.17,20.72,-16.85,-16.85,-23.48,2.7,43.32,43.32,-6.12,-19.40,-26.43,-12.51,0.74,0.934926,33,-3.80,-5.75,1.57,5.44,22.41,-6.12,-13.23,-8.12,15.29,11.65,0.953388,7
17-09-2025,NASDAQ:GEHC,GE HealthCare Technologies Inc. - Common Stock,34986,3182488,2.26,77.48,-0.36,-1.59,7.59,5.27,5.96,-6.44,-6.80,-12.88,-1.56,-6.05,-17.44,10.92,31.88,31.88,2.95,-3.67,-24.82,-17.14,-32.86,0.934862,32,5.27,0.74,-13.19,-0.34,-5.69,2.95,-6.74,-22.88,9.51,-16.45,1.02244,63
17-09-2025,NYSE:NBR,Nabors Industries Ltd.,638,553954,6.19,41.65,0.24,3.36,10.97,22.09,17.14,-5.38,-64.78,-56.28,-2,-5.94,-50.64,51.84,69.31,69.31,19.77,7.51,-23.76,-75.12,-76.26,0.934842,32,22.09,-6.35,-27.18,-56.37,5.16,19.77,-13.83,-36.87,-46.52,-5.60,1.121172,94
17-09-2025,NYSE:CPRI,Capri Holdings Limited Ordinary Shares,2598,2749501,4.32,21.36,-1.45,0.09,3.60,1.97,18.54,0.14,-1.78,-83.80,-3.04,-3.04,-50.5,27.29,71.15,71.15,-0.35,8.91,-18.24,-12.12,-103.78,0.934772,32,1.97,16.91,-22.59,-1.92,-80.59,-0.35,9.43,-32.28,7.93,-91.35,1.103622,92
17-09-2025,NYSE:SCI,Service Corporation International Common Stock,11180,877524,1.73,79.82,0.14,0.48,2.20,-1.05,1.89,0.71,-7.68,-0.23,-2.92,-2.92,-9.91,5.54,8.48,8.76,-3.37,-7.74,-17.67,-18.02,-20.21,0.934748,32,-1.05,2.91,-1.20,-8.45,6.92,-3.37,-4.57,-10.89,1.40,-3.84,0.996044,36
17-09-2025,NYSE:RAL,Ralliant Corporation Common Stock,4723,1190856,3.61,41.83,1.22,-1.03,-1.82,-3.99,NA,NA,NA,NA,-21.05,-21.05,-21.05,1.41,1.41,1.41,-6.31,NA,NA,NA,NA,0.934629,32,-3.99,NA,NA,NA,NA,-6.31,NA,NA,NA,NA,0.986956,26
17-09-2025,NYSE:FRT,Federal Realty Investment Trust Common Stock,8680,610094,1.57,99.91,-1.17,-0.42,0.77,6.07,4.27,2.00,-12.46,-16.36,-2.69,-2.69,-14.99,10.26,19.57,19.57,3.75,-5.36,-16.38,-22.80,-36.34,0.934624,32,6.07,-1.91,-2.37,-14.76,-3.47,3.75,-9.39,-12.06,-4.91,-14.23,1.022702,64
17-09-2025,NYSE:PSN,Parsons Corporation Common Stock,8851,1020009,2.25,75.42,-1.01,1.22,-6.95,-5.48,8.23,21.48,-26.21,-26.57,-7.86,-7.86,-33.44,13.64,28.09,36.26,-7.80,-1.40,3.10,-36.55,-46.55,0.9342,32,-5.48,13.00,14.43,-60.74,-0.28,-7.80,5.52,4.74,-50.89,-11.04,1.036795,73
17-09-2025,NYSE:EOG,"EOG Resources, Inc. Common Stock",65432,2354878,2.08,120.84,2.73,2.92,-4.35,1.53,-1.94,-2.27,-5.56,2.17,-4.17,-7.02,-12.47,4.2,15.51,15.51,-0.79,-11.57,-20.65,-15.90,-17.81,0.934141,32,1.53,-3.52,-0.32,-3.22,7.32,-0.79,-11.00,-10.01,6.63,-3.44,0.988918,28
17-09-2025,NYSE:SLF,Sun Life Financial Inc. Common Stock,33216,621300,1.2,58.8,-1.51,0.60,1.90,1.22,-10.03,3.89,-3.28,4.78,-11.51,-11.51,-11.51,4,10.13,10.13,-1.10,-19.66,-14.49,-13.62,-15.20,0.934139,32,1.22,-11.40,12.66,-7.47,7.81,-1.10,-18.88,2.97,2.38,-2.95,0.971638,15
17-09-2025,NYSE:NOK,Nokia Corporation Sponsored American Depositary Shares,24520,23724978,1.53,4.61,1.30,0.43,8.24,8.89,-14.97,-16.92,4.34,8.89,-13.02,-15.1,-15.1,13.83,13.83,13.83,6.57,-24.60,-35.30,-6.00,-11.09,0.934023,32,8.89,-26.19,-1.70,18.18,4.76,6.57,-33.67,-11.39,28.03,-6.00,0.969832,14
17-09-2025,NASDAQ:MRX,Marex Group plc - Ordinary Shares,2387,1021008,3.21,32.59,-0.18,-6.87,-8.50,-7.36,-20.25,-4.51,5.12,23.63,-19.43,-32.57,-32.57,0,0,44.08,-9.68,-29.88,-22.89,-5.22,3.65,0.933995,32,-7.36,-12.00,13.09,9.22,19.50,-9.68,-19.48,3.40,19.07,8.74,0.928472,3
17-09-2025,NASDAQ:PLUG,"Plug Power, Inc. - Common Stock",2310,48367364,5.49,1.68,6.55,16.07,11.90,-1.19,22.02,-1.19,-48.81,-15.48,-8.7,-8.7,-46.67,54.13,140.21,140.21,-3.51,12.39,-19.57,-59.15,-35.46,0.933551,32,-1.19,22.94,-29.77,-47.06,22.40,-3.51,15.46,-39.46,-37.21,11.64,1.075278,87
17-09-2025,NASDAQ:DXCM,"DexCom, Inc. - Common Stock",29976,4545855,3.09,76.55,1.27,-2.42,2.94,-5.75,-8.43,6.79,-5.12,10.10,-14.5,-14.5,-15.65,3.03,27.95,27.95,-8.07,-18.06,-11.59,-15.46,-9.88,0.933529,32,-5.75,-2.53,14.04,-12.78,14.48,-8.07,-10.01,4.35,-2.93,3.72,0.963488,11
17-09-2025,NYSE:RSG,"Republic Services, Inc. Common Stock",70645,1051041,1.38,225.33,-1.25,-1.66,-3.46,-3.34,-10.28,-4.63,6.65,8.92,-10.14,-12.69,-12.69,0,0,13.8,-5.66,-19.91,-23.01,-3.69,-11.06,0.933514,32,-3.34,-6.72,5.12,10.78,2.43,-5.66,-14.20,-4.57,20.63,-8.33,0.960553,10
17-09-2025,NYSE:WAB,Westinghouse Air Brake Technologies Corporation Common Stock,31737,987667,1.8,187.65,-0.37,-1.28,-2.65,-0.80,-8.45,3.08,-8.63,10.62,-12.47,-12.47,-12.47,0.41,17.12,17.12,-3.12,-18.08,-15.30,-18.97,-9.36,0.933501,32,-0.80,-7.58,10.63,-12.09,17.72,-3.12,-15.06,0.94,-2.24,6.96,0.969155,14
17-09-2025,NYSE:FNF,"Fidelity National Financial, Inc. Common Stock",15958,1083732,1.74,58.46,-2.67,-2.58,-0.26,-1.93,6.23,-11.03,-2.70,-1.49,-4.27,-12.21,-12.21,14.14,14.14,14.14,-4.25,-3.40,-29.41,-13.04,-21.47,0.933343,32,-1.93,8.00,-18.41,7.50,1.18,-4.25,0.52,-28.10,17.35,-9.58,1.006177,47
17-09-2025,NASDAQ:TXG,"10x Genomics, Inc. - Common Stock",1601,2298954,4.44,13.13,-1.68,-2.82,-1.83,-1.75,16.15,18.05,-22.47,-71.74,-10.31,-10.31,-44.08,24.34,83.89,83.89,-4.07,6.52,-0.33,-32.81,-91.72,0.933319,32,-1.75,17.59,2.27,-49.44,-40.24,-4.07,10.11,-7.42,-39.59,-51.00,1.084311,90
17-09-2025,NYSE:RRX,Regal Rexnord Corporation Common Stock,9314,722923,3.09,141.28,0.15,-0.79,-3.45,-3.04,-0.66,16.19,-20.35,-5.36,-11.65,-11.65,-22.47,2.41,50.2,50.2,-5.36,-10.29,-2.19,-30.69,-25.34,0.933295,32,-3.04,2.31,16.74,-43.59,12.46,-5.36,-5.17,7.05,-33.74,1.70,1.001284,42
17-09-2025,NASDAQ:MANH,"Manhattan Associates, Inc. - Common Stock",12998,483022,2.54,214.27,1.31,-0.63,2.06,-0.24,10.10,18.02,-40.32,-23.18,-6,-6,-30.83,15.02,48.9,48.9,-2.56,0.47,-0.36,-50.66,-43.16,0.933238,32,-0.24,10.32,8.81,-71.18,12.22,-2.56,2.84,-0.88,-61.33,1.46,1.050369,79
17-09-2025,NASDAQ:PECO,"Phillips Edison & Company, Inc. - Common Stock",4899,774612,1.49,35.4,-0.34,-0.54,0.79,4.44,0.71,0.76,-10.17,-8.33,-2.07,-5.17,-11.06,7.14,7.14,7.14,2.12,-8.92,-17.62,-20.51,-28.31,0.933047,32,4.44,-3.90,0.06,-11.02,1.67,2.12,-11.38,-9.63,-1.17,-9.09,1.00662,48
17-09-2025,NASDAQ:TBLA,Taboola.com Ltd. - Ordinary Shares,1044,1209554,2.33,3.39,1.18,-0.88,1.47,2.06,-5.01,12.68,-25.66,2.36,-9.84,-9.84,-20.42,6.94,33.46,33.46,-0.26,-14.64,-5.70,-36.00,-17.62,0.932863,32,2.06,-7.23,16.85,-43.92,22.30,-0.26,-14.71,7.16,-34.07,11.54,0.995308,36
17-09-2025,NYSE:CON,"Concentra Group Holdings Parent, Inc. Common Stock",2663,1050780,2.71,21.4,0.79,-3.69,-10.89,-8.60,0.23,1.45,5.93,-5.47,-10.08,-10.08,-10.08,9.86,9.86,10.94,-10.92,-9.40,-16.93,-4.41,-25.45,0.932857,32,-8.60,8.13,1.22,4.55,-12.12,-10.92,0.65,-8.47,14.40,-22.88,0.9862,25
17-09-2025,NASDAQ:MDXG,"MiMedx Group, Inc - Common Stock",1027,452578,2.53,6.97,0.00,-2.15,-3.16,-2.01,14.06,-15.35,-35.72,11.76,-4.65,-13.95,-28.51,19.97,19.97,26.5,-4.33,4.43,-33.73,-46.06,-8.22,0.932856,31,-2.01,15.75,-34.22,-17.66,34.99,-4.33,8.27,-43.91,-7.81,24.23,1.028554,68
17-09-2025,NYSE:LW,"Lamb Weston Holdings, Inc. Common Stock",7755,1340628,2.38,57.74,2.86,1.07,2.06,6.22,4.24,7.17,-29.82,-10.62,-5.13,-5.13,-29.86,20.19,20.19,20.19,3.90,-5.39,-11.21,-40.16,-30.60,0.93283,31,6.22,-2.11,3.06,-39.85,14.79,3.90,-9.59,-6.63,-30.00,4.03,1.026351,67
17-09-2025,NASDAQ:AVPT,"AvePoint, Inc. - Class A Common Stock",3272,1283831,2.94,15.45,-1.94,-7.51,-5.11,2.72,-23.30,4.53,-19.42,23.69,-19.99,-22.71,-22.71,7.82,15.9,33.88,0.40,-32.93,-13.85,-29.76,3.71,0.932635,31,2.72,-26.75,22.57,-25.08,36.10,0.40,-34.23,12.88,-15.23,25.34,0.947085,6
17-09-2025,NYSE:RHP,"Ryman Hospitality Properties, Inc. (REIT)",6230,606671,1.98,98.89,-0.40,0.02,0.54,4.34,1.22,1.42,-18.35,-2.57,-5.32,-5.32,-16.79,7.78,25.42,25.42,2.02,-8.41,-16.96,-28.69,-22.55,0.932587,31,4.34,-3.26,0.19,-20.05,13.34,2.02,-10.74,-9.50,-10.20,2.58,1.006185,47
17-09-2025,NYSE:BIP,Brookfield Infrastructure Partners LP Limited Partnership Units,20046,562645,1.88,31.12,0.93,1.77,-1.03,4.21,-6.56,7.17,-8.77,-6.36,-8.66,-8.66,-14.55,4.39,15.3,15.3,1.89,-16.19,-11.21,-19.11,-26.34,0.932575,31,4.21,-11.24,12.88,-17.17,2.22,1.89,-18.72,3.19,-7.32,-8.54,0.991613,31
17-09-2025,NYSE:QGEN,Qiagen N.V. Common Shares,9836,1337247,1.49,45.6,0.46,-3.16,-2.89,-8.22,-4.06,12.68,-4.12,-2.79,-11.95,-11.95,-11.95,0.71,19.18,20.57,-10.54,-13.69,-5.70,-14.46,-22.77,0.932403,31,-8.22,3.85,16.08,-19.23,1.28,-10.54,-3.63,6.39,-9.38,-9.48,0.979248,20
17-09-2025,NYSE:NJR,NewJersey Resources Corporation Common Stock,4662,562785,1.41,46.05,-2.43,-1.02,-2.58,-2.00,3.60,-6.93,-3.95,-0.85,-3.88,-7.84,-10.77,4.11,4.11,4.11,-4.32,-6.03,-25.31,-14.29,-20.83,0.932187,31,-2.00,5.49,-10.93,2.78,2.99,-4.32,-1.99,-20.62,12.63,-7.77,0.998768,39
17-09-2025,NYSE:ET,Energy Transfer LP Common Units,60175,10421367,1.19,17.58,0.23,2.33,-0.68,1.93,-3.24,-7.51,-9.10,8.99,-3.41,-7.18,-16.6,2.51,12.33,12.33,-0.39,-12.87,-25.89,-19.44,-10.99,0.932125,31,1.93,-5.28,-4.13,-1.48,16.58,-0.39,-12.76,-13.82,8.37,5.82,0.982806,23
17-09-2025,NYSE:HI,Hillenbrand Inc Common Stock,1697,438815,3.52,24.74,0.04,-0.73,0.32,-1.74,17.02,-4.85,-34.84,-6.51,-6.25,-6.25,-29.97,30.49,32.87,32.87,-4.06,7.39,-23.23,-45.18,-26.49,0.931865,31,-1.74,18.43,-26.35,-28.60,21.01,-4.06,10.95,-36.04,-18.75,10.25,1.047077,77
17-09-2025,NYSE:K,Kellanova Common Stock,27344,2814077,0.43,79.42,0.47,-0.08,0.60,-0.97,-1.11,-3.73,-1.54,-1.06,-1.1,-4.17,-4.2,2.02,2.02,2.02,-3.29,-10.74,-22.11,-11.88,-21.04,0.931789,31,-0.97,-0.14,-2.59,2.11,0.47,-3.29,-7.62,-12.28,11.96,-10.29,0.989231,28
17-09-2025,NASDAQ:CRWV,"CoreWeave, Inc. - Class A Common Stock",59049,29998491,7.34,118.75,-1.45,15.60,21.40,15.81,-33.47,NA,NA,NA,-35.31,-35.31,-35.31,35.75,235.31,235.31,13.49,-43.10,NA,NA,NA,0.931748,31,15.81,-58.55,NA,NA,NA,13.49,-66.03,NA,NA,NA,0.897139,2
17-09-2025,NYSE:CIM,Chimera Investment Corporation Common Stock,1133,515945,1.83,13.98,-1.79,-3.79,-0.21,2.58,0.72,1.72,-7.37,-11.30,-5.16,-5.16,-16.04,5.75,33.52,33.52,0.26,-8.91,-16.66,-17.71,-31.28,0.931729,31,2.58,-1.91,1.01,-9.24,-3.66,0.26,-9.39,-8.68,0.61,-14.42,1.005756,47
17-09-2025,NASDAQ:NVAX,"Novavax, Inc. - Common Stock",1363,6821819,5.16,8.56,5.61,7.01,11.80,-11.92,17.87,2.10,-3.04,-39.25,-11.84,-11.84,-41.69,35.87,57.64,57.64,-14.24,8.24,-16.28,-13.38,-59.23,0.931674,31,-11.92,26.62,-19.20,-5.25,-35.15,-14.24,19.14,-28.89,4.60,-45.91,1.052858,80
17-09-2025,NYSE:SON,Sonoco Products Company Common Stock,4674,953249,2.04,47.17,-1.17,3.12,0.98,1.95,5.64,0.00,-10.28,-15.03,-3.1,-3.1,-15.28,9.57,16.18,16.18,-0.37,-3.99,-18.38,-20.62,-35.01,0.931622,31,1.95,3.76,-5.98,-10.28,-4.31,-0.37,-3.72,-15.67,-0.43,-15.07,1.0189,60
17-09-2025,NASDAQ:HQY,"HealthEquity, Inc. - Common Stock",7951,1252469,3.01,91.54,-1.62,-1.58,2.94,1.80,-10.42,-10.03,-6.36,16.34,-12.72,-19.03,-20.06,4.71,19.24,19.54,-0.52,-20.05,-28.41,-16.70,-3.64,0.931568,31,1.80,-12.45,0.36,3.34,21.34,-0.52,-19.93,-9.33,13.19,10.58,0.963212,11
17-09-2025,NASDAQ:APPN,Appian Corporation - Class A Common Stock,2331,882633,3.28,30.97,0.55,-5.65,0.94,4.33,1.71,3.78,-26.06,-1.68,-5.35,-6.52,-25.48,14.92,20.18,20.18,2.01,-7.92,-14.60,-36.40,-21.66,0.931565,31,4.33,-2.73,2.10,-31.01,19.34,2.01,-10.21,-7.59,-21.16,8.58,1.010177,52
17-09-2025,NASDAQ:FLNC,"Fluence Energy, Inc. - Class A Common Stock",1358,4232729,6.98,7.5,1.47,9.60,7.60,-6.00,33.20,27.87,-122.27,-188.67,-26.54,-26.54,-68.09,49.7,107.76,107.76,-8.32,23.57,9.49,-132.61,-208.65,0.931343,31,-6.00,36.98,-7.98,-208.13,-29.87,-8.32,29.50,-17.67,-198.28,-40.63,1.256065,98
17-09-2025,NYSE:BJ,"BJ's Wholesale Club Holdings, Inc. Common Stock",13078,2596837,2.08,99.44,-0.31,1.92,0.84,-3.82,-9.51,-12.81,-0.31,18.80,-13.39,-17.09,-17.09,4.32,4.32,24.52,-6.14,-19.14,-31.19,-10.65,-1.18,0.931332,31,-3.82,-5.48,-3.01,11.08,19.05,-6.14,-12.96,-12.70,20.93,8.29,0.955215,8
17-09-2025,NYSE:PML,Pimco Municipal Income Fund II Common Shares of Beneficial Interest,974,620107,0.88,7.76,1.03,3.87,7.35,7.86,5.15,-5.28,-12.24,-18.81,0,-5.48,-18.49,9.14,9.14,9.14,5.54,-4.48,-23.66,-22.58,-38.79,0.931291,31,7.86,-2.94,-11.01,-6.61,-5.86,5.54,-10.42,-20.70,3.24,-16.62,1.028669,68
17-09-2025,NYSE:AON,Aon plc Class A Ordinary Shares (Ireland),77194,1068604,1.52,356.57,-2.03,-2.75,-4.32,-2.93,1.83,-9.65,-1.70,2.33,-4.98,-10.75,-12.89,1.87,6.17,6.17,-5.25,-7.80,-28.03,-12.04,-17.65,0.931061,31,-2.93,4.62,-11.70,7.25,3.96,-5.25,-2.86,-21.39,17.10,-6.80,0.991411,31
17-09-2025,NASDAQ:ILMN,"Illumina, Inc. - Common Stock",15504,1387540,3.06,101.48,0.55,3.21,3.61,1.35,11.07,15.57,-45.49,-24.41,-7.64,-7.64,-34.59,13.42,44.35,44.35,-0.97,1.44,-2.81,-55.83,-44.39,0.930992,31,1.35,9.85,5.06,-72.32,14.49,-0.97,2.37,-4.63,-62.47,3.73,1.056419,81
17-09-2025,NYSE:ALL,Allstate Corporation (The) Common Stock,51976,1326140,1.63,196.3,-0.30,-1.95,-3.59,-5.34,-1.69,-7.03,1.53,5.20,-8.11,-8.11,-8.11,2.81,8.74,8.74,-7.66,-11.32,-25.41,-8.81,-14.78,0.930978,31,-5.34,3.47,-5.26,8.00,3.72,-7.66,-4.01,-14.95,17.85,-7.04,0.978228,19
17-09-2025,NYSE:GOF,Guggenheim Strategic Opportunities Fund Common Shares of Beneficial Interest,2420,1000611,0.54,14.9,-0.27,-1.61,-0.27,0.00,2.35,-4.83,-5.97,-3.83,-1.65,-6.29,-7.05,2.41,8.44,8.44,-2.32,-7.28,-23.21,-16.31,-23.81,0.930945,31,0.00,2.35,-7.35,-1.09,2.03,-2.32,-5.13,-17.04,8.76,-8.73,1.000516,41
17-09-2025,NASDAQ:WSBC,"WesBanco, Inc. - Common Stock",2990,408169,1.95,30.91,-1.42,-2.20,-4.85,0.78,2.17,-3.46,-15.46,2.81,-8.28,-8.28,-16.64,4.99,15.38,15.38,-1.54,-7.46,-21.84,-25.80,-17.17,0.93094,30,0.78,1.40,-5.75,-11.60,15.83,-1.54,-6.08,-15.44,-1.75,5.07,0.998717,39
17-09-2025,NASDAQ:NUVL,"Nuvalent, Inc. - Class A Common Stock",5670,403709,3.68,78.33,-1.33,-0.51,1.83,2.92,2.57,1.67,-19.51,-4.28,-8.59,-8.59,-30.17,8.55,32.05,32.05,0.60,-7.06,-16.71,-29.85,-24.26,0.930858,30,2.92,-0.37,-0.92,-21.54,12.74,0.60,-7.85,-10.61,-11.69,1.98,1.008721,50
17-09-2025,NYSE:TDOC,"Teladoc Health, Inc. Common Stock",1396,4350205,3.4,7.87,2.54,0.89,2.92,4.45,10.80,-12.71,-34.43,3.18,-11.07,-11.27,-45.08,16.08,20.89,20.89,2.13,1.17,-31.09,-44.77,-16.80,0.930812,30,4.45,6.65,-26.35,-19.28,27.98,2.13,-0.83,-36.04,-9.43,17.22,1.031283,70
17-09-2025,NYSE:VFC,V.F. Corporation Common Stock,5765,8107167,4.14,14.69,-0.14,-3.74,-1.02,10.96,15.52,-11.91,-44.86,-17.36,-5.59,-13.59,-45.45,28.3,50.82,50.82,8.64,5.89,-30.29,-55.20,-37.34,0.93054,30,10.96,5.12,-32.47,-29.44,18.98,8.64,-2.36,-42.16,-19.59,8.22,1.069354,86
17-09-2025,NASDAQ:FLY,Firefly Aerospace Inc. - Common Stock,6229,633237,4.6,43.85,-0.02,-1.57,-0.87,-7.96,NA,NA,NA,NA,-27.34,-27.34,-27.34,2.86,2.86,2.86,-10.28,NA,NA,NA,NA,0.930481,30,-7.96,NA,NA,NA,NA,-10.28,NA,NA,NA,NA,0.982576,23
17-09-2025,NYSE:PAYC,"Paycom Software, Inc. Common Stock",12428,593858,2.32,213.32,-2.29,-4.30,-3.13,-1.81,-15.51,-1.26,-12.62,21.46,-13.43,-19.72,-19.72,0,10.49,33.38,-4.13,-25.14,-19.64,-22.96,1.48,0.930291,30,-1.81,-13.46,12.34,-11.22,30.26,-4.13,-20.94,2.65,-1.37,19.50,0.94939,6
17-09-2025,NYSE:EQNR,Equinor ASA,62652,3426456,1.51,24.71,1.25,1.94,-0.28,0.69,-11.78,0.04,3.52,-0.49,-12,-12,-12,4.26,12.11,12.93,-1.63,-21.41,-18.34,-6.82,-20.47,0.930272,30,0.69,-12.55,10.57,3.48,-4.15,-1.63,-20.03,0.88,13.33,-14.91,0.970407,14
17-09-2025,NASDAQ:HOPE,"Hope Bancorp, Inc. - Common Stock",1389,626469,2.01,10.75,-1.21,-2.33,-2.88,4.19,6.51,2.23,-25.49,-12.00,-7.8,-7.8,-25.09,10.71,18,18,1.87,-3.12,-16.15,-35.83,-31.98,0.93008,30,4.19,2.43,-4.58,-28.35,10.75,1.87,-5.05,-14.27,-18.50,-0.01,1.026347,67
17-09-2025,NYSE:FINV,FinVolution Group American Depositary Shares,1936,2266885,4.04,7.64,-0.92,-2.49,-7.59,-22.12,-17.41,-19.37,10.73,31.94,-27.92,-28.73,-28.73,2.14,8.68,46.92,-24.44,-27.04,-37.75,0.39,11.96,0.930061,30,-22.12,3.86,-1.67,25.22,23.75,-24.44,-3.62,-11.36,35.07,12.99,0.91278,2
17-09-2025,NYSE:KD,"Kyndryl Holdings, Inc. Common Stock",7350,2167035,2.55,31.72,-0.88,-4.41,1.70,5.49,-27.08,-11.98,-12.83,27.87,-26.93,-26.93,-27,9.61,14.22,41.42,3.17,-36.71,-30.36,-23.17,7.89,0.93001,30,5.49,-34.46,11.88,-0.76,36.07,3.17,-41.94,2.19,9.09,25.31,0.936012,5
17-09-2025,NASDAQ:CAI,"Caris Life Sciences, Inc. - Common Stock",9429,484562,5.6,33.66,1.60,-0.86,-8.62,-8.44,NA,NA,NA,NA,-14.35,-14.35,-14.35,29.76,29.76,29.76,-10.76,NA,NA,NA,NA,0.930002,30,-8.44,NA,NA,NA,NA,-10.76,NA,NA,NA,NA,0.98207,22
17-09-2025,NYSE:SW,Smurfit WestRock plc Ordinary Shares,22922,3967614,2.79,44.28,-0.43,-2.44,-6.39,3.59,2.33,-2.17,-20.78,-0.70,-9.36,-9.36,-21.82,5.55,15.95,15.95,1.27,-7.30,-20.55,-31.12,-20.68,0.929934,30,3.59,-1.31,-4.60,-18.21,16.62,1.27,-8.79,-14.29,-8.36,5.86,1.006718,48
17-09-2025,NASDAQ:CHKP,Check Point Software Technologies Ltd. - Ordinary Shares,21299,656470,1.81,198.84,0.42,1.15,4.37,4.99,-11.26,-15.87,5.40,4.17,-14.01,-14.83,-14.83,10.02,10.02,16.84,2.67,-20.89,-34.25,-4.94,-15.81,0.929927,30,4.99,-17.10,-4.15,18.36,-1.30,2.67,-24.58,-13.84,28.21,-12.06,0.974321,16
17-09-2025,NYSE:APD,"Air Products and Chemicals, Inc. Common Stock",64681,684688,1.59,284.95,-1.60,-0.77,-2.54,-1.93,1.59,-3.74,-9.62,1.73,-4.79,-4.79,-15.71,5.34,14.62,14.62,-4.25,-8.04,-22.12,-19.96,-18.25,0.929864,30,-1.93,3.45,-5.42,-5.66,10.35,-4.25,-4.03,-15.11,4.19,-0.41,0.993275,33
17-09-2025,NYSE:CNX,CNX Resources Corporation Common Stock,4377,1478699,2.23,30.61,1.73,4.93,3.40,5.95,-8.23,-0.39,-25.55,11.63,-13.04,-13.04,-25.5,8.89,8.89,13.16,3.63,-17.86,-18.77,-35.89,-8.35,0.929855,30,5.95,-15.07,7.24,-25.06,29.61,3.63,-22.55,-2.45,-15.21,18.85,0.983554,23
17-09-2025,NYSE:TMO,Thermo Fisher Scientific Inc Common Stock,178475,1540685,2.25,480.74,1.31,-0.35,-1.41,-1.72,15.74,-8.08,-11.15,-27.75,-3.85,-7.82,-22.49,23.18,23.18,23.18,-4.04,6.11,-26.46,-21.49,-47.73,0.929388,30,-1.72,17.16,-28.26,-2.85,-14.93,-4.04,9.68,-37.95,7.00,-25.69,1.050876,79
17-09-2025,NYSE:CF,"CF Industries Holdings, Inc. Common Stock",13637,2232352,1.98,84.96,-0.46,0.35,-2.91,-1.11,-18.57,8.51,-5.72,8.55,-17.1,-17.1,-17.1,5.01,24.08,24.08,-3.43,-28.20,-9.87,-16.06,-11.43,0.929241,30,-1.11,-17.28,22.84,-15.55,13.49,-3.43,-24.76,13.15,-5.70,2.73,0.954581,8
17-09-2025,NYSE:WES,"Western Midstream Partners, LP Common Units Representing Limited Partner Interests",14609,1081374,1.51,38.29,0.65,0.55,-1.59,-0.42,-0.44,-9.06,-1.41,-1.49,-7.02,-8.51,-10.73,2.11,9.43,9.43,-2.74,-10.07,-27.44,-11.75,-21.47,0.929124,30,-0.42,-0.03,-8.58,7.02,-0.08,-2.74,-7.51,-18.27,16.87,-10.84,0.992066,32
17-09-2025,NYSE:SKY,"Champion Homes, Inc. Common Stock",4320,709198,2.96,77.97,3.45,4.40,4.37,6.16,20.05,-19.74,-39.69,-17.15,-1.1,-20.33,-28.42,29.24,29.24,29.24,3.84,10.42,-38.12,-50.03,-37.13,0.929063,30,6.16,14.80,-49.76,-16.67,16.14,3.84,7.32,-59.45,-6.82,5.38,1.076564,88
17-09-2025,NASDAQ:CSTL,"Castle Biosciences, Inc. - Common stock",633,430570,4.82,21.75,0.60,-13.33,-11.31,7.63,11.40,7.91,-35.54,-41.06,-11.76,-11.76,-37.27,48.46,48.46,48.46,5.31,1.77,-10.47,-45.88,-61.04,0.928951,30,7.63,4.08,-3.94,-47.18,-4.07,5.31,-3.40,-13.63,-37.33,-14.83,1.065302,85
17-09-2025,NYSE:ARE,"Alexandria Real Estate Equities, Inc. Common Stock",14831,1128721,2.14,85.75,0.21,2.37,5.64,11.27,15.29,-16.06,-20.57,-42.17,0,-13.84,-31.24,20.98,26.42,26.42,8.95,5.66,-34.44,-30.91,-62.15,0.928944,30,11.27,4.53,-37.00,-3.89,-17.91,8.95,-2.95,-46.69,5.96,-28.67,1.078635,88
17-09-2025,NASDAQ:REG,Regency Centers Corporation - Common Stock,25631,1128916,1.36,70.38,-0.84,-2.86,-2.77,-0.91,-0.03,-1.49,-5.43,-5.66,-4.65,-5.83,-9.47,2.56,7.48,7.48,-3.23,-9.66,-19.87,-15.77,-25.64,0.928836,30,-0.91,0.87,-1.46,-3.88,-0.22,-3.23,-6.61,-11.15,5.97,-10.98,0.995358,36
17-09-2025,NASDAQ:NWBI,"Northwest Bancshares, Inc. - Common Stock",1804,719330,1.89,12.31,-0.97,-1.38,-2.56,2.36,1.14,1.62,-17.14,-5.85,-9.02,-9.02,-19.44,7.04,12.94,12.94,0.04,-8.49,-16.76,-27.48,-25.83,0.928759,29,2.36,-1.25,0.49,-19.08,9.64,0.04,-8.73,-9.20,-9.23,-1.12,1.005087,46
17-09-2025,NASDAQ:GLPI,"Gaming and Leisure Properties, Inc. - Common Stock",13352,2077853,1.17,47.18,-1.36,-1.95,-0.76,2.08,2.66,-7.14,-5.15,-10.45,-2.58,-7.71,-9.46,3.6,3.6,3.6,-0.24,-6.97,-25.52,-15.49,-30.43,0.928667,29,2.08,0.60,-10.07,1.86,-5.04,-0.24,-6.88,-19.76,11.71,-15.80,1.008606,50
17-09-2025,NASDAQ:HUBG,"Hub Group, Inc. - Class A Common Stock",2253,646923,3.11,37.58,2.13,3.11,1.38,5.56,11.12,-1.52,-33.13,-17.78,0,-1.49,-29.36,14.64,20.1,20.1,3.24,1.49,-19.90,-43.47,-37.76,0.928433,29,5.56,5.89,-14.22,-31.14,11.53,3.24,-1.59,-23.91,-21.29,0.77,1.045314,77
17-09-2025,NYSE:BKH,Black Hills Corporation Common Stock,4261,575467,1.54,58.34,-1.90,-0.53,-2.23,-5.62,3.62,-5.16,-4.56,-1.80,-5.32,-5.52,-9.77,4.81,4.81,4.81,-7.94,-6.01,-23.54,-14.90,-21.78,0.928432,29,-5.62,8.75,-9.11,0.57,2.64,-7.94,1.27,-18.80,10.42,-8.12,0.995212,36
17-09-2025,NYSE:HP,"Helmerich & Payne, Inc. Common Stock",2072,1789107,4.12,21.77,3.95,8.04,2.48,18.74,17.18,-16.35,-58.25,-40.61,0,-18.71,-40.86,43.6,43.6,43.6,16.42,7.55,-34.73,-68.59,-60.59,0.928425,29,18.74,-1.92,-40.49,-36.00,11.15,16.42,-9.40,-50.18,-26.15,0.39,1.104106,92
17-09-2025,NYSE:ACP,abrdn Income Credit Strategies Fund Common Shares,740,583098,0.58,5.9,-0.17,0.00,-0.17,-0.68,0.00,-0.34,-4.58,-9.49,-1.34,-2.48,-11.14,2.43,14.12,14.12,-3.00,-9.63,-18.72,-14.92,-29.47,0.928366,29,-0.68,0.67,-0.34,-4.22,-4.70,-3.00,-6.81,-10.03,5.63,-15.46,0.998335,39
17-09-2025,NASDAQ:BIIB,Biogen Inc. - Common Stock,21240,1530147,2.98,143.68,0.25,0.06,2.82,3.54,8.80,0.10,-9.59,-37.73,-3.47,-3.47,-28.67,17.12,26.72,26.72,1.22,-0.83,-18.28,-19.93,-57.71,0.928356,29,3.54,5.45,-9.54,-9.70,-25.68,1.22,-2.03,-19.23,0.15,-36.44,1.044007,76
17-09-2025,NYSE:BHC,Bausch Health Companies Inc. Common Stock,2526,2183639,3.65,6.78,-5.90,-6.34,-13.27,-23.01,12.83,-3.83,-11.80,7.08,-18.71,-18.71,-30.67,18.74,56.94,56.94,-25.33,3.20,-22.21,-22.14,-12.90,0.928117,29,-23.01,29.14,-19.12,-7.67,16.89,-25.33,21.66,-28.81,2.18,6.13,0.997464,38
17-09-2025,NASDAQ:AGIO,"Agios Pharmaceuticals, Inc. - Common Stock",2116,784353,4.45,36.72,1.14,1.55,-6.89,-0.79,2.64,12.88,-18.11,-22.33,-9.58,-9.58,-40.43,12.26,49.69,49.69,-3.11,-6.99,-5.50,-28.45,-42.31,0.928093,29,-0.79,3.40,10.52,-35.57,-3.57,-3.11,-4.08,0.83,-25.72,-14.33,1.018508,60
17-09-2025,NASDAQ:ARCC,Ares Capital Corporation - Closed End Fund,14876,3756782,1.1,21.16,-0.71,-5.10,-5.48,-5.91,-0.76,-2.32,-4.54,2.27,-8.99,-8.99,-11.13,0,11.9,11.9,-8.23,-10.39,-20.70,-14.88,-17.71,0.927915,29,-5.91,4.86,-1.55,-2.17,6.51,-8.23,-2.62,-11.24,7.68,-4.25,0.982255,22
17-09-2025,NYSE:PBR.A,Petroleo Brasileiro S.A. Petrobras American Depositary Shares representing Preferred Shares,79475,6263230,1.63,11.93,0.59,4.53,3.77,6.71,1.68,-7.21,-13.58,-9.89,-0.5,-9.35,-14.72,9.35,15.04,15.04,4.39,-7.95,-25.59,-23.92,-29.87,0.927885,29,6.71,-5.39,-9.04,-5.94,3.25,4.39,-12.87,-18.73,3.91,-7.51,1.013322,55
17-09-2025,NASDAQ:GEN,Gen Digital Inc. - Common Stock,17651,3534399,1.68,28.6,-0.56,-3.04,-3.15,-10.03,-4.97,2.62,-4.62,8.22,-11.07,-11.07,-11.07,1.17,21.7,21.7,-12.35,-14.60,-15.76,-14.96,-11.76,0.92777,29,-10.03,4.61,7.23,-7.43,12.27,-12.35,-2.87,-2.46,2.42,1.51,0.9656,12
17-09-2025,NYSE:LEG,"Leggett & Platt, Incorporated Common Stock",1257,1781845,3.49,9.52,1.05,-2.31,2.21,1.58,1.05,15.23,-22.37,-25.42,-10.1,-10.1,-32.58,17.82,45.12,45.12,-0.74,-8.58,-3.15,-32.71,-45.40,0.927726,29,1.58,-0.53,14.33,-44.36,-2.49,-0.74,-8.01,4.64,-34.51,-13.25,1.022926,64
17-09-2025,NYSE:VRE,"Veris Residential, Inc. Common Stock",1438,789888,2.35,15.39,0.00,-4.94,-0.19,7.54,2.66,-7.02,-14.29,-13.78,-5.18,-10.05,-17.17,12.01,12.01,12.01,5.22,-6.97,-25.40,-24.63,-33.76,0.927724,29,7.54,-5.27,-9.95,-6.80,0.45,5.22,-12.75,-19.64,3.05,-10.31,1.019407,60
17-09-2025,NYSE:HPQ,HP Inc. Common Stock,26078,9920958,2.44,27.72,-0.11,-4.76,-4.40,3.54,11.54,-4.29,-24.64,-19.41,-5.55,-5.55,-29.47,15.93,26.69,26.69,1.22,1.91,-22.67,-34.98,-39.39,0.927683,29,3.54,8.30,-17.90,-19.51,4.20,1.22,0.82,-27.59,-9.66,-6.56,1.04178,75
17-09-2025,NASDAQ:OKTA,"Okta, Inc. - Class A Common Stock",15866,4485678,3.23,89.92,-1.10,-4.37,0.47,-2.34,-10.41,-28.60,5.47,18.26,-11.06,-29.36,-29.36,1.59,1.59,25.22,-4.66,-20.04,-46.98,-4.87,-1.72,0.927604,29,-2.34,-7.89,-16.48,26.50,13.53,-4.66,-15.37,-26.17,36.35,2.77,0.958443,9
17-09-2025,NASDAQ:CSX,CSX Corporation - Common Stock,61092,19929971,2.54,32.47,-0.09,0.83,0.86,-11.86,-0.28,6.59,-3.51,-3.02,-11.09,-11.09,-11.96,1.31,21.66,21.66,-14.18,-9.91,-11.79,-13.85,-23.00,0.927315,29,-11.86,10.35,6.85,-10.81,0.48,-14.18,2.87,-2.84,-0.96,-10.28,0.981319,22
17-09-2025,NASDAQ:SFNC,Simmons First National Corporation - Common Stock,2861,721229,1.68,19.74,-1.22,-3.65,-5.17,-0.46,7.60,-4.51,-22.49,-3.55,-6.71,-6.71,-22.68,8.76,13.51,13.51,-2.78,-2.03,-22.89,-32.83,-23.53,0.92721,29,-0.46,8.02,-13.10,-17.21,15.47,-2.78,0.54,-22.79,-7.36,4.71,1.016145,57
17-09-2025,NYSE:PBR,Petroleo Brasileiro S.A. Petrobras ADS,79475,19529400,1.85,12.94,0.70,4.71,4.10,6.72,1.55,-7.42,-12.83,-11.59,-1.45,-10.51,-15.59,9.29,16.47,16.47,4.40,-8.08,-25.80,-23.17,-31.57,0.927105,29,6.72,-5.55,-9.11,-5.04,1.10,4.40,-13.03,-18.80,4.81,-9.66,1.014053,55
17-09-2025,NYSE:OC,Owens Corning Inc Common Stock New,12215,978373,2.53,149.58,-1.89,0.31,0.08,-0.46,8.76,3.02,-32.75,-8.11,-5.14,-5.14,-29.05,14.54,18.41,18.41,-2.78,-0.87,-15.36,-43.09,-28.09,0.926871,29,-0.46,9.18,-6.29,-36.88,18.56,-2.78,1.70,-15.98,-27.03,7.80,1.0267,67
17-09-2025,NASDAQ:INVA,"Innoviva, Inc. - Common Stock",1221,672865,2.45,19.34,-1.09,-4.34,-7.96,-8.17,-12.72,9.36,2.53,-1.40,-11.28,-11.28,-11.28,6.44,13.1,13.1,-10.49,-22.35,-9.02,-7.81,-21.38,0.926673,29,-8.17,-4.21,19.59,-7.53,-4.03,-10.49,-11.69,9.90,2.32,-14.79,0.9609,10
17-09-2025,NYSE:WH,"Wyndham Hotels & Resorts, Inc. Common Stock",6383,823308,2.42,84.74,0.73,-3.04,-1.90,-3.74,5.75,-8.74,-22.56,8.25,-7.89,-8.52,-24.28,6.99,7.99,9.78,-6.06,-3.88,-27.12,-32.90,-11.73,0.926657,29,-3.74,9.15,-15.37,-12.71,25.14,-6.06,1.67,-25.06,-2.86,14.38,1.000474,41
17-09-2025,NYSE:PEG,Public Service Enterprise Group Incorporated Common Stock,40141,2702658,1.5,81.22,-2.15,1.51,-0.73,-5.05,0.07,-1.24,-5.34,-2.57,-9.9,-9.9,-14.06,1.54,5.3,5.3,-7.37,-9.56,-19.62,-15.68,-22.55,0.926637,29,-5.05,4.88,-1.32,-4.05,2.63,-7.37,-2.60,-11.01,5.80,-8.13,0.988552,27
17-09-2025,NYSE:AMP,"Ameriprise Financial, Inc. Common Stock",45832,459033,1.81,486.13,-0.31,-1.48,-5.49,-3.49,-5.51,-1.35,-13.30,10.44,-10.73,-10.73,-15.47,0,15.14,15.14,-5.81,-15.14,-19.73,-23.64,-9.54,0.926516,28,-3.49,-1.95,3.94,-11.79,20.95,-5.81,-9.43,-5.75,-1.94,10.19,0.972293,16
17-09-2025,NYSE:KVYO,"Klaviyo, Inc. Series A Common Stock",10094,2060062,3.49,32.92,3.86,2.34,6.59,4.53,-5.19,-2.83,-19.71,4.34,-6.77,-12.21,-33.08,10.77,34.64,34.64,2.21,-14.82,-21.21,-30.05,-15.64,0.926313,28,4.53,-10.18,2.25,-16.43,20.10,2.21,-17.66,-7.44,-6.58,9.34,0.988822,28
17-09-2025,NYSE:CP,Canadian Pacific Kansas City Limited Common Shares,69114,2780692,1.88,76.09,0.21,1.79,-0.45,2.44,-7.33,1.05,-0.01,-14.04,-7.67,-7.67,-12.82,4.4,13.31,13.31,0.12,-16.96,-17.33,-10.35,-34.02,0.926249,28,2.44,-10.02,7.81,-1.08,-14.02,0.12,-17.50,-1.88,8.77,-24.78,0.990935,30
17-09-2025,NYSE:IGR,CBRE Global Real Estate Income Fund Common Shares of Beneficial Interest,727,516397,1.43,5.19,-0.39,2.50,4.43,5.39,-0.19,-0.39,-5.97,-25.82,-3.17,-3.17,-21.6,7.9,19.86,19.86,3.07,-9.82,-18.77,-16.31,-45.80,0.926203,28,5.39,-5.91,-0.19,-5.57,-18.73,3.07,-13.39,-9.88,4.28,-29.49,1.017472,59
17-09-2025,NASDAQ:AAON,"AAON, Inc. - Common Stock",6565,975870,3.72,83.99,0.58,6.94,2.74,5.29,12.24,1.46,-57.59,-11.29,-4.87,-21.41,-40.33,17.01,17.01,17.01,2.97,2.61,-16.92,-67.93,-31.27,0.926107,28,5.29,7.34,-12.28,-59.93,29.38,2.97,-0.14,-21.97,-50.08,18.62,1.05673,81
17-09-2025,NASDAQ:MYGN,"Myriad Genetics, Inc. - Common Stock",689,1419946,6.16,7.5,2.53,7.07,8.00,23.87,34.40,-34.93,-93.47,-251.87,-2.34,-25.89,-73.78,95.31,95.31,95.31,21.55,24.77,-53.31,-103.81,-271.85,0.926104,28,23.87,13.84,-105.69,-43.38,-81.87,21.55,6.36,-115.38,-33.53,-92.63,1.285835,99
17-09-2025,NYSE:SARO,"StandardAero, Inc. Common Stock",9205,1491413,2.3,27.31,1.06,2.45,2.34,2.78,-11.68,-5.79,0.11,NA,-13.71,-13.71,-17.17,3.1,22.85,22.85,0.46,-21.31,-24.17,-10.23,NA,0.925814,28,2.78,-14.88,5.28,5.57,NA,0.46,-22.36,-4.41,15.42,NA,0.898503,2
17-09-2025,NASDAQ:SAIA,"Saia, Inc. - Common Stock",8208,565297,4.18,328.6,2.77,6.80,11.00,8.89,19.17,-9.16,-58.69,-27.87,-1.5,-13.86,-42.26,28.16,38.85,38.85,6.57,9.54,-27.54,-69.03,-47.85,0.925784,28,8.89,11.29,-35.05,-45.38,19.42,6.57,3.81,-44.74,-35.53,8.66,1.088546,90
17-09-2025,NYSE:CTRA,Coterra Energy Inc. Common Stock,18605,5092967,1.98,24.55,1.51,2.85,-0.77,2.12,-7.90,-14.70,-3.26,7.21,-8.97,-16.38,-17.7,6.32,8.63,8.63,-0.20,-17.53,-33.08,-13.60,-12.77,0.925424,28,2.12,-10.24,-6.30,9.98,10.14,-0.20,-17.72,-15.99,19.83,-0.62,0.97459,17
17-09-2025,NASDAQ:AHCO,AdaptHealth Corp.  - Common Stock,1206,938722,3.36,9.22,1.19,-0.11,0.76,-2.87,6.51,-5.64,-5.31,-17.03,-8.8,-14.94,-19.76,11.08,25.78,25.78,-5.19,-3.12,-24.02,-15.65,-37.01,0.925244,28,-2.87,9.12,-12.99,0.31,-11.12,-5.19,1.64,-22.68,10.16,-21.88,1.01616,57
17-09-2025,NYSE:JQC,Nuveen Credit Strategies Income Fund Shares of Beneficial Interest,731,613000,0.67,5.39,-0.74,-1.67,-2.97,-1.86,1.67,-1.11,-10.02,-8.53,-3.23,-3.23,-9.11,2.28,11.59,11.59,-4.18,-7.96,-19.49,-20.36,-28.51,0.925064,28,-1.86,3.46,-2.83,-8.81,1.35,-4.18,-4.02,-12.52,1.04,-9.41,1.000658,41
17-09-2025,NASDAQ:HON,Honeywell International Inc. - Common Stock,134395,3583301,1.42,210.95,-0.37,-1.54,-3.15,-2.76,-6.23,0.25,-8.58,2.98,-12.25,-12.25,-12.25,0,15.36,15.36,-5.08,-15.86,-18.13,-18.92,-17.00,0.924972,28,-2.76,-3.38,6.10,-8.86,10.65,-5.08,-10.86,-3.59,0.99,-0.11,0.975592,17
17-09-2025,NYSE:DECK,Deckers Outdoor Corporation Common Stock,17605,2563450,2.82,118.69,0.03,2.76,-3.53,13.25,12.69,1.02,-72.68,-29.07,-4.21,-8.26,-46.8,24.52,24.52,24.52,10.93,3.06,-17.36,-83.02,-49.05,0.924529,28,13.25,-0.65,-13.36,-74.46,25.26,10.93,-8.13,-23.05,-64.61,14.50,1.08609,90
17-09-2025,NYSE:ZBH,"Zimmer Biomet Holdings, Inc. Common Stock",19794,1271415,1.81,99.12,-1.86,-4.77,-5.94,-3.66,7.02,-12.78,-7.86,-6.07,-7.98,-12.42,-12.42,9.88,9.88,9.88,-5.98,-2.61,-31.16,-18.20,-26.05,0.92452,28,-3.66,10.31,-21.30,4.37,1.66,-5.98,2.83,-30.99,14.22,-9.10,1.010161,52
17-09-2025,NASDAQ:PAGP,"Plains GP Holdings, L.P. - Class A Shares representing limited partner interests",3690,1246320,1.5,18.67,0.37,0.86,-1.82,-0.86,-1.29,-14.57,-3.32,1.29,-7.02,-13.88,-15.63,1.41,8.29,8.55,-3.18,-10.92,-32.95,-13.66,-18.69,0.924475,28,-0.86,-0.42,-13.11,9.82,4.46,-3.18,-7.90,-22.80,19.67,-6.30,0.988633,27
17-09-2025,NASDAQ:ENVX,Enovix Corporation - Common Stock,1830,8494082,5.06,8.9,-2.70,-1.91,-5.39,-14.72,0.45,8.20,-5.39,-4.94,-44.13,-44.13,-44.13,11.25,63,63,-17.04,-9.18,-10.18,-15.73,-24.92,0.924423,28,-14.72,13.22,7.79,-14.81,0.43,-17.04,5.74,-1.90,-4.96,-10.33,0.982146,22
17-09-2025,NYSE:ADC,Agree Realty Corporation Common Stock,7975,926109,1.37,72.06,-1.25,-0.35,-0.19,-0.69,-2.30,-7.08,-3.14,-5.30,-4.93,-8.92,-8.92,1.52,1.95,5.41,-3.01,-11.93,-25.46,-13.48,-25.28,0.924207,28,-0.69,-1.60,-4.67,3.68,-2.10,-3.01,-9.08,-14.36,13.53,-12.86,0.990486,30
17-09-2025,NYSE:SJM,The J.M. Smucker Company Common Stock,11222,2431913,2.41,104.54,2.20,-6.04,-4.60,-5.95,8.78,-7.01,-8.33,-12.86,-7.65,-11.8,-14.12,10.62,10.73,10.73,-8.27,-0.85,-25.39,-18.67,-32.84,0.924116,28,-5.95,13.90,-17.31,-1.23,-4.18,-8.27,6.42,-27.00,8.62,-14.94,1.015888,57
17-09-2025,NASDAQ:XENE,Xenon Pharmaceuticals Inc. - Common Shares,2830,653880,2.58,35.66,-0.93,-5.19,-10.21,-7.21,10.21,0.17,-20.50,-10.40,-9.26,-9.26,-22.04,17.69,26.32,26.32,-9.53,0.58,-18.21,-30.84,-30.38,0.924111,28,-7.21,16.24,-11.18,-20.70,8.38,-9.53,8.76,-20.87,-10.85,-2.38,1.018909,60
17-09-2025,NASDAQ:MBLY,Mobileye Global Inc. - Class A Common Stock,11703,4311916,3.26,13.78,-0.07,-8.13,0.36,-1.67,-11.97,-8.56,-23.66,23.29,-27.78,-27.78,-36.92,2.07,17.08,30.37,-3.99,-21.60,-26.94,-34.00,3.31,0.923843,28,-1.67,-10.14,3.05,-13.90,37.97,-3.99,-17.62,-6.64,-4.05,27.21,0.957605,9
17-09-2025,NASDAQ:ADP,"Automatic Data Processing, Inc. - Common Stock",116956,1610331,1.67,288.69,-0.76,-2.96,-3.84,-4.54,-6.66,-2.73,-4.18,3.56,-7.29,-11.66,-11.66,0,4.31,5.79,-6.86,-16.29,-21.11,-14.52,-16.42,0.923834,28,-4.54,-2.03,3.68,-1.41,7.43,-6.86,-9.51,-6.01,8.44,-3.33,0.971096,15
17-09-2025,NYSE:BUR,Burford Capital Limited Ordinary Shares,2805,1447782,2.57,12.83,-0.47,2.26,-7.64,-4.44,1.48,-7.25,-7.72,-1.25,-13.54,-13.54,-17.76,17.6,17.6,17.6,-6.76,-8.15,-25.63,-18.06,-21.23,0.923599,28,-4.44,5.67,-8.86,-0.44,6.01,-6.76,-1.81,-18.55,9.41,-4.75,0.991906,32
17-09-2025,NYSE:RH,RH Common Stock,4302,1355763,5.39,230.7,3.41,-0.99,3.89,-1.33,17.95,2.33,-72.93,-11.18,-8.09,-10.53,-49.24,26.28,58.38,58.38,-3.65,8.32,-16.05,-83.27,-31.16,0.923505,28,-1.33,19.02,-19.03,-77.06,35.71,-3.65,11.54,-28.72,-67.21,24.95,1.074037,87
17-09-2025,NYSE:BBDC,"Barings BDC, Inc. Common Stock",959,533931,1.27,9.14,-0.44,-3.06,-7.55,-4.27,1.42,-2.84,-6.56,-7.99,-7.68,-7.68,-15.21,2.12,15.84,15.84,-6.59,-8.21,-21.22,-16.90,-27.97,0.923481,27,-4.27,5.46,-4.33,-3.62,-1.33,-6.59,-2.02,-14.02,6.23,-12.09,0.996318,37
17-09-2025,NYSE:CNR,"Core Natural Resources, Inc. Common Stock",3968,576193,3,77.42,0.84,6.38,6.85,8.29,6.06,6.95,-51.20,-20.94,-7.49,-7.49,-41.93,18.61,21.5,21.5,5.97,-3.57,-11.43,-61.54,-40.92,0.923437,27,8.29,-2.44,0.95,-62.49,20.02,5.97,-9.92,-8.74,-52.64,9.26,1.049436,78
17-09-2025,NASDAQ:HSIC,"Henry Schein, Inc. - Common Stock",8170,1476148,2.26,68.39,-0.61,1.08,0.00,0.80,-3.47,-4.99,-12.37,0.32,-8.41,-8.41,-16.51,5.49,9.07,9.07,-1.52,-13.10,-23.37,-22.71,-19.66,0.923434,27,0.80,-4.30,-1.47,-7.03,11.29,-1.52,-11.78,-11.16,2.82,0.53,0.987546,26
17-09-2025,NASDAQ:IAC,IAC Inc. - Common Stock,2964,1198636,2.49,36.66,1.61,1.88,0.22,3.27,-3.33,-5.38,-3.46,-14.73,-12.02,-12.02,-18.85,7.98,18.72,18.72,0.95,-12.96,-23.76,-13.80,-34.71,0.923347,27,3.27,-6.82,-1.98,1.83,-10.89,0.95,-14.30,-11.67,11.68,-21.65,1.00016,41
17-09-2025,NASDAQ:RUM,Rumble Inc. - Class A Common Stock,3269,2051545,3.91,7.45,-2.68,-0.81,1.34,-6.04,-22.01,-8.86,-9.19,26.71,-25.65,-29.45,-54.21,4.78,7.35,47.52,-8.36,-31.64,-27.24,-19.53,6.73,0.923334,27,-6.04,-15.06,10.78,-0.31,32.88,-8.36,-22.54,1.09,9.54,22.12,0.928743,3
17-09-2025,NYSE:CURB,Curbline Properties Corp. Common Stock,2325,600611,2.36,22.1,-1.58,-1.86,-0.54,-1.54,-2.22,-6.97,-8.05,NA,-5.43,-11.42,-12.48,0.96,2.7,11.34,-3.86,-11.85,-25.35,-18.39,NA,0.923332,27,-1.54,-0.67,-4.65,-1.02,NA,-3.86,-8.15,-14.34,8.83,NA,0.917684,3
17-09-2025,NYSE:PATH,"UiPath, Inc. Class A Common Stock",6277,12385120,3.11,11.57,-0.17,-2.85,5.79,5.27,-7.87,6.83,-26.53,-3.89,-13.2,-13.2,-25.35,10.82,18.18,18.18,2.95,-17.50,-11.55,-36.87,-23.87,0.923263,27,5.27,-13.87,13.62,-35.81,17.90,2.95,-21.35,3.93,-25.96,7.14,0.995516,36
17-09-2025,NYSE:LPX,Louisiana-Pacific Corporation Common Stock,6291,792449,2.83,93.93,-1.11,-1.91,0.77,-5.94,5.75,0.37,-24.72,-0.92,-8.58,-8.58,-21.9,9.25,15.73,15.73,-8.26,-3.88,-18.01,-35.06,-20.90,0.923094,27,-5.94,11.03,-5.70,-25.19,19.09,-8.26,3.55,-15.39,-15.34,8.33,1.004935,46
17-09-2025,NYSE:WTRG,"Essential Utilities, Inc. Common Stock",10464,1956541,1.58,37.3,-1.34,-2.63,-4.10,-5.04,-0.21,-6.84,-3.54,-3.11,-6.35,-9.88,-9.88,1.55,1.55,11.38,-7.36,-9.84,-25.22,-13.88,-23.09,0.92306,27,-5.04,4.59,-6.61,3.09,0.41,-7.36,-2.89,-16.30,12.94,-10.35,0.988249,27
17-09-2025,NYSE:AWK,"American Water Works Company, Inc. Common Stock",27509,1037541,1.51,136.25,-0.98,-2.82,-3.79,-5.63,-3.10,-6.29,4.34,-7.99,-7.31,-10.34,-10.34,0,1.82,12.59,-7.95,-12.73,-24.67,-6.00,-27.97,0.923007,27,-5.63,2.40,-3.10,10.00,-12.88,-7.95,-5.08,-12.79,19.85,-23.64,0.984977,24
17-09-2025,NASDAQ:HLIT,Harmonic Inc. - Common Stock,1141,1021770,2.77,9.99,-0.10,0.80,3.90,10.21,10.81,-5.51,-32.63,-38.24,-1.77,-5.22,-32.59,19.64,21.09,21.09,7.89,1.18,-23.89,-42.97,-58.22,0.922725,27,10.21,0.67,-18.29,-25.71,-4.23,7.89,-6.81,-27.98,-15.86,-14.99,1.062167,84
17-09-2025,NASDAQ:NEXT,NextDecade Corporation - Common Stock,1711,4789203,7.26,6.97,3.30,-42.54,-53.37,-39.53,-19.08,-4.02,2.73,34.15,-41.92,-41.92,-41.92,3.41,22.71,51.85,-41.85,-28.71,-22.40,-7.61,14.17,0.922719,27,-39.53,14.65,12.65,6.48,32.30,-41.85,7.17,2.96,16.33,21.54,0.896105,2
17-09-2025,NYSE:BDN,Brandywine Realty Trust Common Stock,778,2118169,2.63,4.48,-2.23,4.46,5.36,10.27,-0.67,-3.12,-27.01,-15.18,-2.18,-3.24,-31.39,17.59,28,28,7.95,-10.30,-21.50,-37.35,-35.16,0.922541,27,10.27,-12.19,-2.44,-23.16,9.31,7.95,-19.67,-12.13,-13.31,-1.45,1.020361,61
17-09-2025,NASDAQ:EXLS,"ExlService Holdings, Inc. - Common Stock",6876,1242402,1.88,42.33,-1.56,-4.23,-2.34,-0.02,-13.82,-10.09,-9.69,15.02,-12.14,-12.69,-18.28,2.25,2.25,17.85,-2.34,-23.45,-28.47,-20.03,-4.96,0.922522,27,-0.02,-13.79,3.28,0.36,22.53,-2.34,-21.27,-6.41,10.21,11.77,0.956716,8
17-09-2025,NYSE:TRNO,Terreno Realty Corporation Common Stock,6053,770325,2.09,58.6,0.55,1.54,4.56,7.53,0.58,-14.98,-7.75,-17.01,-0.81,-13.03,-15.72,10.55,14.5,14.5,5.21,-9.05,-33.36,-18.09,-36.99,0.922517,27,7.53,-7.51,-15.65,6.29,-8.60,5.21,-14.99,-25.34,16.14,-19.36,1.017047,58
17-09-2025,NYSE:ALE,"Allete, Inc.",3725,612025,0.67,62.45,-0.75,-1.68,-2.02,-4.05,-3.49,-4.74,-3.81,-2.08,-6.02,-6.02,-6.02,0,0,0,-6.37,-13.12,-23.12,-14.15,-22.06,0.922434,27,-4.05,0.54,-1.21,0.89,1.67,-6.37,-6.94,-10.90,10.74,-9.09,0.981746,22
17-09-2025,NYSE:JFR,Nuveen Floating Rate Income Fund Common Stock,1109,570198,0.56,8.27,-0.36,-1.69,-2.06,-1.57,0.24,-1.69,-11.37,-8.34,-3.61,-3.61,-10.3,0.36,10.12,10.12,-3.89,-9.39,-20.07,-21.71,-28.32,0.922424,27,-1.57,1.79,-1.94,-9.51,2.71,-3.89,-5.69,-11.63,0.34,-8.05,0.998016,38
17-09-2025,NYSE:MDU,"MDU Resources Group, Inc. Common Stock (Holding Company)",3239,1550923,1.69,15.87,-2.39,-1.20,-2.71,-3.72,-2.02,-6.49,-20.04,10.75,-10.34,-10.64,-21.28,0,1.73,12.04,-6.04,-11.65,-24.87,-30.38,-9.23,0.922364,27,-3.72,1.64,-4.39,-12.72,25.65,-6.04,-5.84,-14.08,-2.87,14.89,0.980591,21
17-09-2025,NYSE:DX,"Dynex Capital, Inc. Common Stock",1603,4679509,1.31,12.34,-1.30,-4.54,-0.81,-1.94,0.32,-16.21,-3.00,-1.70,-4.56,-14.42,-14.42,2.75,10.87,10.87,-4.26,-9.31,-34.59,-13.34,-21.68,0.922246,27,-1.94,2.23,-16.59,11.37,1.26,-4.26,-5.25,-26.28,21.22,-9.50,0.993346,33
17-09-2025,NASDAQ:ANGI,Angi Inc. - Class A Common Stock,786,698134,3.67,17.35,-0.06,-4.32,-1.21,-5.48,9.28,6.63,-7.20,-49.28,-8.2,-8.2,-39.76,15.67,54.91,54.91,-7.80,-0.35,-11.75,-17.54,-69.26,0.922108,27,-5.48,13.99,-2.92,-14.81,-39.25,-7.80,6.51,-12.61,-4.96,-50.01,1.042543,75
17-09-2025,NYSE:POR,Portland General Electric Co Common Stock,4634,1094069,1.5,41.82,-1.27,-1.34,-1.24,-1.53,3.73,-7.05,-7.99,-13.65,-2.92,-6.59,-14.81,5.26,5.26,5.26,-3.85,-5.90,-25.43,-18.33,-33.63,0.921961,27,-1.53,5.18,-11.20,-0.87,-5.25,-3.85,-2.30,-20.89,8.98,-16.01,1.00903,51
17-09-2025,NYSE:PG,Procter & Gamble Company (The) Common Stock,375250,6129432,1.32,158.05,0.77,-0.89,0.04,2.33,-1.79,-7.41,-7.96,-9.76,-1.97,-8.32,-12.05,5.04,5.04,5.04,0.01,-11.42,-25.79,-18.30,-29.74,0.921889,27,2.33,-4.22,-5.52,-0.51,-1.66,0.01,-11.70,-15.21,9.34,-12.42,0.99897,39
17-09-2025,NASDAQ:SBGI,"Sinclair, Inc. - Class A Common Stock",993,431385,2.9,13.94,-0.07,3.01,-2.01,-1.79,4.88,-11.55,-27.91,6.74,-10.81,-17.81,-23.91,16.9,16.9,16.9,-4.11,-4.75,-29.93,-38.25,-13.24,0.921744,26,-1.79,6.55,-17.27,-14.66,27.09,-4.11,-0.93,-26.96,-4.81,16.33,1.003449,44
17-09-2025,NYSE:COP,ConocoPhillips Common Stock,117176,6255882,2.2,94.54,2.34,2.83,-4.71,-0.84,-0.49,-5.10,-8.09,-8.84,-4.5,-10.9,-17.59,6.22,14.37,14.37,-3.16,-10.12,-23.48,-18.43,-28.82,0.921734,26,-0.84,0.35,-4.59,-2.85,-0.69,-3.16,-7.13,-14.28,7.00,-11.45,0.997059,37
17-09-2025,NYSE:SUZ,Suzano S.A. American Depositary Shares (each representing One Ordinary Share),11955,1321829,1.49,9.57,0.94,0.10,-0.42,-3.87,-3.03,-0.31,-11.70,-1.04,-5.34,-5.34,-12.44,7.17,12.85,12.85,-6.19,-12.66,-18.69,-22.04,-21.02,0.921718,26,-3.87,0.80,2.64,-11.35,9.54,-6.19,-6.68,-7.05,-1.50,-1.22,0.983922,24
17-09-2025,NYSE:TBBB,BBB Foods Inc. Class A Common Shares,3017,461075,3.3,26.12,-0.11,0.00,-1.99,0.15,-1.38,4.06,-14.55,-14.97,-6.78,-16.31,-23.74,7.31,7.93,8.38,-2.17,-11.01,-14.32,-24.89,-34.95,0.921588,26,0.15,-1.53,5.36,-19.39,-0.37,-2.17,-9.01,-4.33,-9.54,-11.13,1.002669,43
17-09-2025,NYSE:AKR,Acadia Realty Trust Common Stock,2640,1521878,1.95,20.15,-0.30,3.72,1.59,5.61,4.42,-7.34,-24.07,-13.60,-0.3,-6.84,-22.74,11.51,15.21,15.21,3.29,-5.21,-25.72,-34.41,-33.58,0.921539,26,5.61,-1.26,-12.31,-15.58,8.44,3.29,-8.74,-22.00,-5.73,-2.32,1.022729,64
17-09-2025,NYSE:LLY,Eli Lilly and Company Common Stock,719430,3395740,2.18,764.71,2.16,1.84,3.86,8.30,-5.61,-7.85,-4.10,-22.27,-5.9,-14.93,-18.21,22.23,22.23,22.23,5.98,-15.24,-26.23,-14.44,-42.25,0.921485,26,8.30,-15.17,-2.13,3.48,-17.46,5.98,-22.65,-11.82,13.33,-28.22,1.008167,50
17-09-2025,NASDAQ:PAA,"Plains All American Pipeline, L.P. - Common Units representing Limited Partner Interests",12245,2595375,1.59,17.36,0.40,0.63,-1.90,-0.92,-2.88,-14.98,-3.05,-0.29,-8.29,-14.82,-17.18,1.17,8.3,8.3,-3.24,-12.51,-33.36,-13.39,-20.27,0.921436,26,-0.92,-1.94,-11.76,10.37,2.68,-3.24,-9.42,-21.45,20.22,-8.08,0.986321,25
17-09-2025,NYSE:RYN,Rayonier Inc. REIT Common Stock,3999,1009201,1.7,25.94,-0.62,-0.96,0.50,-1.46,11.60,-7.36,-19.47,-21.40,-4.32,-8.14,-19.84,17.27,17.27,17.27,-3.78,1.97,-25.74,-29.81,-41.38,0.92141,26,-1.46,12.88,-21.46,-11.27,-1.61,-3.78,5.40,-31.15,-1.42,-12.37,1.035801,72
17-09-2025,NASDAQ:MIDD,The Middleby Corporation - Common Stock,6789,776861,2.63,134.69,0.37,-2.96,-1.99,1.54,-6.92,-13.98,-7.46,4.94,-10.3,-15.04,-22.09,13.85,13.85,13.85,-0.78,-16.55,-32.36,-17.80,-15.04,0.921253,26,1.54,-8.60,-6.60,5.72,11.54,-0.78,-16.08,-16.29,15.57,0.78,0.977823,19
17-09-2025,NYSE:ARMK,Aramark Common Stock,9846,1957004,1.86,37.56,-0.67,-2.37,-3.22,-5.51,-7.37,4.23,-8.52,-1.41,-14.93,-14.93,-14.93,0,23.59,23.59,-7.83,-17.00,-14.15,-18.86,-21.39,0.921142,26,-5.51,-1.77,10.81,-13.32,6.55,-7.83,-9.25,1.12,-3.47,-4.21,0.974028,16
17-09-2025,NYSE:HNI,HNI Corporation Common Stock,2052,713293,2.03,45.46,0.07,-0.33,1.10,3.28,-3.81,4.03,-19.78,-12.01,-13.41,-13.41,-20.93,5.28,12.92,12.92,0.96,-13.44,-14.35,-30.12,-31.99,0.921137,26,3.28,-7.32,7.54,-24.80,6.48,0.96,-14.80,-2.15,-14.95,-4.28,1.001523,42
17-09-2025,NASDAQ:CCCS,CCC Intelligent Solutions Holdings Inc. - Common Stock,6324,4857205,2,9.56,-0.42,-0.84,-2.51,-1.57,6.90,1.67,-29.08,-12.45,-4.69,-4.69,-25.02,7.42,15.46,15.46,-3.89,-2.73,-16.71,-39.42,-32.43,0.921117,26,-1.57,8.34,-5.62,-31.28,12.88,-3.89,0.86,-15.31,-21.43,2.12,1.021425,62
17-09-2025,NYSE:CMBT,CMB.TECH NV Ordinary Shares,2742,4991954,4.42,9.41,-2.76,-4.89,8.82,10.10,-0.32,-1.38,-3.51,-61.96,-4.66,-5.05,-46.47,18.96,19.72,19.72,7.78,-9.95,-19.76,-13.85,-81.94,0.921096,26,10.10,-11.58,-1.06,-2.10,-56.47,7.78,-19.06,-10.75,7.75,-67.23,1.04998,79
17-09-2025,NYSE:KO,Coca-Cola Company (The) Common Stock,288518,17485167,1.28,66.24,0.05,-2.45,-4.26,-5.56,-6.46,-5.86,5.43,-7.53,-7.58,-10.37,-10.37,0.05,0.05,8.93,-7.88,-16.09,-24.24,-4.91,-27.51,0.921074,26,-5.56,-0.86,0.57,10.67,-13.71,-7.88,-8.34,-9.12,20.52,-24.47,0.978118,19
17-09-2025,NYSE:HASI,"HA Sustainable Infrastructure Capital, Inc. Common Stock",3482,869879,2.02,28.13,-0.85,1.81,1.42,1.74,2.92,-5.37,-8.21,-23.18,-2.36,-5.41,-21.29,15.38,23.76,23.76,-0.58,-6.71,-23.75,-18.55,-43.16,0.921066,26,1.74,1.19,-8.53,-2.70,-13.83,-0.58,-6.29,-18.22,7.15,-24.59,1.017667,59
17-09-2025,NYSE:AJG,Arthur J. Gallagher & Co. Common Stock,75038,1367520,1.73,291.46,0.71,-2.42,-3.81,-0.43,-8.53,-12.93,2.70,-1.76,-10.59,-16.43,-16.43,2.57,2.57,5.64,-2.75,-18.16,-31.31,-7.64,-21.74,0.921056,26,-0.43,-8.07,-4.05,13.84,-4.59,-2.75,-15.55,-13.74,23.69,-15.35,0.976353,17
17-09-2025,NASDAQ:CHRD,Chord Energy Corporation - Common Stock,6032,871834,2.84,106.42,3.86,3.48,-4.91,4.05,0.67,-1.14,-12.25,-24.71,-6.76,-6.76,-22.76,9.88,29.73,29.73,1.73,-8.96,-19.52,-22.59,-44.69,0.921028,26,4.05,-3.53,-1.82,-10.99,-11.10,1.73,-11.01,-11.51,-1.14,-21.86,1.01715,58
17-09-2025,NYSE:GETY,"Getty Images Holdings, Inc. Class A Common Stock",830,462062,4.56,2.07,1.45,9.66,14.49,12.56,12.56,-3.86,-33.82,-67.63,0,-8.41,-53.06,24.7,53.33,53.33,10.24,2.93,-22.24,-44.16,-87.61,0.92062,26,12.56,0.00,-18.78,-28.84,-25.27,10.24,-7.48,-28.47,-18.99,-36.03,1.087449,90
17-09-2025,NASDAQ:FFIN,"First Financial Bankshares, Inc. - Common Stock",5009,477693,2.32,35.03,-1.14,-3.00,-4.91,-1.00,-1.86,-2.06,-17.56,-2.08,-7.77,-7.77,-18.63,4.19,11.92,11.92,-3.32,-11.49,-20.44,-27.90,-22.06,0.920471,26,-1.00,-0.85,-0.20,-15.19,13.16,-3.32,-8.33,-9.89,-5.34,2.40,0.991792,31
17-09-2025,NASDAQ:KYIV,Kyivstar Group Ltd. - Common Shares,2557,1219376,8.79,10.43,-2.40,-4.31,-6.14,-10.45,-3.45,-10.26,4.60,NA,-31.25,-31.25,-31.25,0.38,0.38,4.82,-12.77,-13.08,-28.64,-5.74,NA,0.92043,26,-10.45,6.34,-6.58,13.48,NA,-12.77,-1.14,-16.27,23.33,NA,0.895486,1
17-09-2025,NASDAQ:QNST,"QuinStreet, Inc. - Common Stock",947,535114,2.89,16.26,0.49,0.49,4.86,9.35,6.83,-11.32,-34.81,-16.30,-5.02,-15.97,-35.4,12.06,12.06,12.06,7.03,-2.80,-29.70,-45.15,-36.28,0.920399,26,9.35,-2.78,-19.47,-21.10,13.73,7.03,-10.26,-29.16,-11.25,2.97,1.038578,74
17-09-2025,NASDAQ:ZD,"Ziff Davis, Inc. - Common Stock",1573,488407,3.83,38.27,4.23,0.00,0.81,4.89,17.95,-9.93,-54.66,-24.93,-0.62,-9.93,-36.21,29.77,29.77,29.77,2.57,8.32,-28.31,-65.00,-44.91,0.92033,26,4.89,13.74,-33.98,-40.69,19.23,2.57,6.26,-43.67,-30.84,8.47,1.075705,88
17-09-2025,NYSE:CB,Chubb Limited  Common Stock,108543,1812943,1.3,272.02,-0.85,-1.83,-1.76,-0.81,-5.30,-9.33,-1.54,-6.08,-6.11,-10.06,-10.06,2.27,2.27,5.55,-3.13,-14.93,-27.71,-11.88,-26.06,0.919993,26,-0.81,-4.46,-3.83,7.12,-4.47,-3.13,-11.94,-13.52,16.97,-15.23,0.984955,24
17-09-2025,NYSE:ONTO,Onto Innovation Inc. Common Stock,5684,1128890,3.08,120.58,3.49,13.58,13.83,11.30,18.00,-14.52,-38.99,-60.03,0,-14.43,-46.39,33.98,36.25,36.25,8.98,8.37,-32.90,-49.33,-80.01,0.919977,25,11.30,7.55,-39.67,-21.37,-15.14,8.98,0.07,-49.36,-11.52,-25.90,1.098959,92
17-09-2025,NYSE:AIG,"American International Group, Inc. New Common Stock",42547,4310216,1.37,76.34,-0.90,-2.80,-6.17,-4.81,-11.92,-9.90,3.54,4.14,-11.1,-12.97,-12.97,0,0,9.06,-7.13,-21.55,-28.28,-6.80,-15.84,0.919898,25,-4.81,-6.79,1.80,12.23,0.62,-7.13,-14.27,-7.89,22.08,-10.14,0.960186,10
17-09-2025,NYSE:AR,Antero Resources Corporation Common Stock,9966,4346087,2.84,32.83,1.10,1.98,1.16,2.53,-28.33,-18.49,-0.21,19.07,-25.01,-25.01,-25.01,9.91,9.91,28.54,0.21,-37.96,-36.87,-10.55,-0.91,0.919864,25,2.53,-31.66,7.67,15.42,19.24,0.21,-39.14,-2.02,25.27,8.48,0.933218,4
17-09-2025,NYSE:WTTR,"Select Water Solutions, Inc. Class A common stock",1158,1060559,3.59,9.28,2.37,9.37,9.81,14.76,1.19,-3.99,-57.33,-12.82,-5.98,-14.94,-38.13,17.32,27.12,27.12,12.44,-8.44,-22.37,-67.67,-32.80,0.919777,25,14.76,-15.93,-5.23,-51.30,28.29,12.44,-23.41,-14.92,-41.45,17.53,1.042686,75
17-09-2025,NYSE:USA,Liberty All-Star Equity Fund Common Stock,1916,1103399,0.98,6.5,0.31,-1.08,-0.77,-1.54,-3.23,-1.38,-12.15,-5.85,-6.34,-6.34,-12.87,1.09,10.17,10.17,-3.86,-12.86,-19.76,-22.49,-25.83,0.919765,25,-1.54,-1.67,1.79,-10.62,5.62,-3.86,-9.15,-7.90,-0.77,-5.14,0.98944,28
17-09-2025,NYSE:MFA,"MFA Financial, Inc.",1026,1042888,1.89,9.99,-1.30,-2.10,0.00,2.90,4.70,-9.21,-9.21,-27.03,-3.94,-9.18,-24.15,9.9,22.28,22.28,0.58,-4.93,-27.59,-19.55,-47.01,0.919596,25,2.90,1.86,-14.60,0.00,-16.32,0.58,-5.62,-24.29,9.85,-27.08,1.026346,67
17-09-2025,NYSE:PR,Permian Resources Corporation Class A Common Stock,10872,11858770,3.57,13.39,1.12,-2.69,-8.36,-0.37,-9.48,-1.57,-12.17,1.72,-9.1,-10.31,-17.4,3.08,29.25,29.25,-2.69,-19.11,-19.95,-22.51,-18.26,0.919573,25,-0.37,-9.08,7.23,-10.44,12.38,-2.69,-16.56,-2.46,-0.59,1.62,0.97409,16
17-09-2025,NASDAQ:TRI,Thomson Reuters Corp - Common Shares,76260,1025900,1.6,169.71,-0.89,-3.50,-4.68,-0.95,-15.63,-2.48,0.68,-2.39,-20.77,-20.77,-20.77,1.13,5.12,9.87,-3.27,-25.26,-20.86,-9.66,-22.37,0.919097,25,-0.95,-14.54,11.37,3.08,-3.08,-3.27,-22.02,1.68,12.93,-13.84,0.963551,11
17-09-2025,NYSE:SAP,SAP  SE ADS,292032,1955002,1.46,253.6,0.47,-7.05,-4.97,-9.56,-16.66,-6.29,1.60,12.85,-18.7,-18.7,-18.7,0.47,6.77,16.26,-11.88,-26.29,-24.67,-8.74,-7.13,0.918993,25,-9.56,-6.47,8.89,7.43,11.43,-11.88,-13.95,-0.80,17.28,0.67,0.940539,5
17-09-2025,NYSE:ABR,Arbor Realty Trust Common Stock,2219,2041877,2.04,11.54,-1.13,-2.60,-1.21,-0.52,10.05,-5.98,-23.74,-21.32,-5.18,-6.63,-26.31,14.03,29.37,29.37,-2.84,0.42,-24.36,-34.08,-41.30,0.918867,25,-0.52,10.52,-17.82,-16.76,1.96,-2.84,3.04,-27.51,-6.91,-8.80,1.03348,71
17-09-2025,NYSE:DOC,"Healthpeak Properties, Inc. Common Stock",12942,6424655,1.67,18.23,-0.11,0.93,1.54,5.05,5.98,-12.51,-16.68,-22.93,-4.3,-11.12,-21.15,8.71,8.71,8.71,2.73,-3.65,-30.89,-27.02,-42.91,0.918823,25,5.05,0.98,-19.66,-3.71,-5.36,2.73,-6.50,-29.35,6.14,-16.12,1.030451,69
17-09-2025,NYSE:WM,"Waste Management, Inc. Common Stock",86874,1501671,1.42,213.88,-1.05,-2.47,-5.54,-6.05,-9.72,-6.69,-0.30,2.81,-9.79,-11.66,-11.66,0,0,6.65,-8.37,-19.35,-25.07,-10.64,-17.17,0.918689,25,-6.05,-3.46,2.76,5.99,3.10,-8.37,-10.94,-6.93,15.84,-7.66,0.963771,11
17-09-2025,NASDAQ:INMD,InMode Ltd.  - Ordinary Shares,1039,945404,2.69,14.96,0.67,-0.74,3.68,4.08,10.23,-22.66,-24.47,-11.97,-2.6,-21.26,-23.4,12.65,12.65,12.65,1.76,0.60,-41.04,-34.81,-31.95,0.918639,25,4.08,6.41,-36.63,-1.47,10.04,1.76,-1.07,-46.32,8.38,-0.72,1.036704,73
17-09-2025,NYSE:BBY,"Best Buy Co., Inc. Common Stock",15657,3778401,3.12,74.04,-0.69,-4.02,-0.57,3.25,3.80,0.36,-17.60,-32.02,-5.63,-5.63,-28.33,15.47,31.81,31.81,0.93,-5.83,-18.02,-27.94,-52.00,0.918635,25,3.25,0.56,-3.57,-18.03,-12.27,0.93,-6.92,-13.26,-8.18,-23.03,1.028639,68
17-09-2025,NYSE:KGS,"Kodiak Gas Services, Inc. Common Stock",2860,1938069,2.85,33.07,-0.36,-1.09,-7.68,-5.35,-1.81,-15.63,-31.66,20.65,-10.31,-15.7,-33.41,6.33,9.39,26.03,-7.67,-11.44,-34.01,-42.00,0.67,0.918543,25,-5.35,3.36,-13.57,-13.86,39.73,-7.67,-4.12,-23.26,-4.01,28.97,0.97746,18
17-09-2025,NYSE:FOUR,"Shift4 Payments, Inc. Class A Common Stock",7678,1265542,2.55,86.32,0.42,-1.08,-3.27,-5.25,-5.98,-1.02,-17.91,6.86,-19.18,-19.18,-31.31,5.77,19.06,19.06,-7.57,-15.61,-19.40,-28.25,-13.12,0.918536,25,-5.25,-0.69,4.68,-16.72,21.01,-7.57,-8.17,-5.01,-6.87,10.25,0.973367,16
17-09-2025,NYSE:FMX,Fomento Economico Mexicano S.A.B. de C.V. Common Stock,19534,949970,2.59,91.32,-3.35,4.70,4.82,6.65,-14.78,-10.15,2.19,-13.06,-14,-15.32,-15.32,9.14,9.14,12.42,4.33,-24.41,-28.53,-8.15,-33.04,0.918504,25,6.65,-22.96,4.04,11.20,-15.60,4.33,-30.44,-5.65,21.05,-26.36,0.982952,23
17-09-2025,NASDAQ:SCVL,"Shoe Carnival, Inc. - Common Stock",635,536036,4.29,23.23,-1.42,-1.68,7.71,10.80,13.95,3.70,-53.42,-68.36,-10.27,-10.27,-49.3,24.16,38.69,38.69,8.48,4.32,-14.68,-63.76,-88.34,0.91833,25,10.80,3.52,-11.91,-59.32,-9.74,8.48,-3.96,-21.60,-49.47,-20.50,1.095873,91
17-09-2025,NYSE:RWT,"Redwood Trust, Inc. Common Stock",781,865574,2.15,6.04,-1.66,-2.65,0.99,1.82,6.62,-5.63,-15.23,-29.80,-5.18,-5.77,-25.25,10.62,22.02,22.02,-0.50,-3.01,-24.01,-25.57,-49.78,0.918226,25,1.82,4.89,-13.12,-9.09,-12.64,-0.50,-2.59,-22.81,0.76,-23.40,1.031485,70
17-09-2025,NYSE:APLE,"Apple Hospitality REIT, Inc. Common Shares",2969,2500562,1.87,12.53,0.24,-0.72,-2.31,2.95,7.66,-9.90,-29.61,-13.09,-4.86,-9.01,-23.22,8.77,17.54,17.54,0.63,-1.97,-28.28,-39.95,-33.07,0.918123,25,2.95,4.85,-19.01,-17.94,12.75,0.63,-2.63,-28.70,-8.09,1.99,1.028358,68
17-09-2025,NYSE:OMC,Omnicom Group Inc. Common Stock,14839,3181739,2.06,76.9,0.07,-1.08,-0.04,0.77,8.11,-4.42,-19.77,-28.15,-3.49,-7.25,-27.1,11.1,11.1,11.1,-1.55,-1.52,-22.80,-30.11,-48.13,0.917895,25,0.77,7.40,-13.64,-14.69,-7.00,-1.55,-0.08,-23.33,-4.84,-17.76,1.03342,71
17-09-2025,NYSE:VET,Vermilion Energy Inc. Common (Canada),1195,816490,2.92,7.8,3.33,5.77,0.77,7.69,-3.46,-1.03,-23.46,-17.95,-9.2,-9.2,-28.04,10.33,43.65,43.65,5.37,-13.09,-19.41,-33.80,-37.93,0.917822,25,7.69,-12.08,2.35,-22.21,4.47,5.37,-19.56,-7.34,-12.36,-6.29,1.011805,53
17-09-2025,NASDAQ:MDLZ,"Mondelez International, Inc. - Class A Common Stock",81299,6719171,1.75,62.7,1.75,0.21,1.45,0.99,-7.19,-3.81,-0.67,-18.63,-11.38,-11.38,-16.99,2.96,2.96,11.72,-1.33,-16.82,-22.19,-11.01,-38.61,0.917806,25,0.99,-8.26,3.15,3.03,-17.84,-1.33,-15.74,-6.54,12.88,-28.60,0.99254,32
17-09-2025,NYSE:AES,The AES Corporation Common Stock,8908,8891482,2.62,12.7,-2.60,-0.16,-5.59,-4.80,9.76,-2.76,-7.01,-42.68,-8.9,-8.9,-37.25,25.12,31.88,31.88,-7.12,0.13,-21.14,-17.35,-62.66,0.917804,24,-4.80,13.90,-13.87,-4.14,-33.33,-7.12,6.42,-23.56,5.71,-44.09,1.03987,74
17-09-2025,NYSE:GRNT,"Granite Ridge Resources, Inc. Common Stock",724,542937,3.34,5.56,3.78,6.65,-1.44,5.40,-7.91,-6.83,-10.25,-10.25,-16.52,-16.52,-19.3,16.08,18.55,18.55,3.08,-17.54,-25.21,-20.59,-30.23,0.917775,24,5.40,-14.07,1.00,-3.20,0.00,3.08,-21.55,-8.69,6.65,-10.76,0.991603,31
17-09-2025,NYSE:PD,"PagerDuty, Inc. Common Stock",1484,2642864,4.63,15.95,-0.19,-4.33,-1.07,1.13,7.96,-13.23,-27.08,-9.09,-7.11,-18.62,-26.33,14.58,14.58,14.58,-1.19,-1.67,-31.61,-37.42,-29.07,0.917648,24,1.13,6.91,-23.02,-12.24,14.16,-1.19,-0.57,-32.71,-2.39,3.40,1.023922,65
17-09-2025,NASDAQ:GBDC,"Golub Capital BDC, Inc. - Closed End Fund",3759,1120436,1.15,14.08,0.14,-4.19,-4.76,-4.69,-2.63,-6.25,-7.03,-5.61,-9.04,-9.04,-11.78,0.14,8.06,8.06,-7.01,-12.26,-24.63,-17.37,-25.59,0.916899,24,-4.69,1.97,-3.53,-0.74,1.33,-7.01,-5.51,-13.22,9.11,-9.43,0.985704,25
17-09-2025,NYSE:EXR,Extra Space Storage Inc Common Stock,30441,1015622,1.74,143.42,-0.22,-1.02,1.78,4.44,-3.87,-2.24,-11.23,-23.61,-6.19,-6.26,-21.69,6.74,13.28,13.28,2.12,-13.50,-20.62,-21.57,-43.59,0.916673,24,4.44,-8.70,1.57,-8.79,-11.13,2.12,-16.18,-8.12,1.06,-21.89,1.007405,49
17-09-2025,NYSE:KRG,Kite Realty Group Trust Common Stock,4861,1749000,1.75,22.11,-1.58,-2.85,-2.22,2.71,-1.00,-0.18,-18.77,-19.58,-4.94,-5.11,-20.61,5.59,13.21,13.21,0.39,-10.63,-18.56,-29.11,-39.56,0.916584,24,2.71,-3.81,0.81,-18.56,-0.69,0.39,-11.29,-8.88,-8.71,-11.45,1.009864,52
17-09-2025,NYSE:TRGP,"Targa Resources, Inc. Common Stock",35834,1306448,2.28,162.94,-0.24,1.02,-2.32,-0.15,-5.25,-20.66,-14.32,9.95,-7.34,-20.8,-24.99,1.51,3.57,11.37,-2.47,-14.88,-39.04,-24.66,-10.03,0.916518,24,-0.15,-5.09,-14.64,5.25,21.24,-2.47,-12.57,-24.33,15.10,10.48,0.977687,19
17-09-2025,NASDAQ:PCH,PotlatchDeltic Corporation - Common Stock,3134,478604,2.3,40.55,0.10,-2.64,-0.49,-5.94,4.66,-12.77,-8.04,-9.91,-8.34,-11.37,-14.34,7.53,9.12,9.12,-8.26,-4.97,-31.15,-18.38,-29.89,0.916513,24,-5.94,10.01,-18.29,4.20,-1.73,-8.26,2.53,-27.98,14.05,-12.49,1.004337,45
17-09-2025,NYSE:NOV,NOV Inc. Common Stock,4794,3295630,3.3,13.3,4.51,1.88,1.50,8.50,-2.93,-9.77,-15.64,-20.30,-6.07,-13.97,-21.3,11.95,19.71,19.71,6.18,-12.56,-28.15,-25.98,-40.28,0.916375,24,8.50,-12.49,-6.65,-5.34,-4.03,6.18,-19.97,-16.34,4.51,-14.79,1.013097,55
17-09-2025,NYSE:DLB,Dolby Laboratories Common Stock,6848,463134,1.69,71.89,0.13,-0.56,-0.29,-1.28,-4.59,-14.30,-11.16,3.02,-6.38,-12.92,-17.67,2.57,3.65,3.65,-3.60,-14.22,-32.68,-21.50,-16.96,0.916164,24,-1.28,-3.27,-9.28,2.75,12.75,-3.60,-10.75,-18.97,12.60,1.99,0.980892,21
17-09-2025,NYSE:MTDR,Matador Resources Company Common Stock,5913,1388806,3.17,47.98,3.11,1.50,-6.73,2.25,-5.40,-4.96,-19.61,-3.50,-8.7,-9.42,-24.76,4.33,30.84,30.84,-0.07,-15.03,-23.34,-29.95,-23.48,0.916086,24,2.25,-7.83,0.42,-13.96,13.47,-0.07,-15.31,-9.27,-4.11,2.71,0.989955,29
17-09-2025,NYSE:CLB,Core Laboratories Inc. Common Stock,585,530395,4.02,12.85,3.19,0.31,8.64,18.75,5.68,-15.88,-57.74,-29.73,-3.82,-17.42,-40.54,31.93,31.93,31.93,16.43,-3.95,-34.26,-68.08,-49.71,0.915826,24,18.75,-16.09,-22.85,-36.13,17.76,16.43,-23.57,-32.54,-26.28,7.00,1.065774,85
17-09-2025,NASDAQ:LNW,"Light & Wonder, Inc.  - Common Stock",7400,1060823,2.61,88.69,-1.96,0.80,0.52,0.54,5.04,-18.06,-5.05,-24.57,-12.28,-17.49,-21.29,13.89,14,14,-1.78,-4.59,-36.44,-15.39,-44.55,0.91559,24,0.54,4.52,-24.33,11.02,-18.58,-1.78,-2.96,-34.02,20.87,-29.34,1.024336,65
17-09-2025,NYSE:PNW,Pinnacle West Capital Corporation Common Stock,10284,916659,1.24,85.9,-1.77,-1.72,-3.38,-6.33,-3.52,-9.73,-3.48,-3.86,-9.05,-9.99,-9.99,0,0,5.06,-8.65,-13.15,-28.11,-13.82,-23.84,0.915484,24,-6.33,2.65,-6.01,5.70,-0.37,-8.65,-4.83,-15.70,15.55,-11.13,0.980666,21
17-09-2025,NASDAQ:UDMY,"Udemy, Inc. - Common Stock",1079,1718971,3.73,7.13,1.82,3.65,5.19,4.77,1.40,-17.67,-17.53,-10.38,-6.31,-19.16,-29.41,9.02,23.36,23.36,2.45,-8.23,-36.05,-27.87,-30.36,0.915462,24,4.77,-3.53,-19.35,0.12,6.09,2.45,-11.01,-29.04,9.97,-4.67,1.011843,53
17-09-2025,NASDAQ:INTU,Intuit Inc. - Common Stock,184758,2246425,1.9,651.3,-0.00,-3.01,-1.64,-10.05,-17.93,7.55,-2.96,0.76,-19.33,-19.33,-19.33,0.82,19.71,19.71,-12.37,-27.56,-10.83,-13.30,-19.22,0.915459,24,-10.05,-7.16,21.61,-11.37,3.61,-12.37,-14.64,11.92,-1.52,-7.15,0.94998,7
17-09-2025,NASDAQ:ARLP,"Alliance Resource Partners, L.P. - Common Units Representing Limited Partnership Interests",3027,404527,2.16,23.71,1.86,4.93,3.12,-3.25,-9.49,-5.06,-9.78,1.94,-15.32,-15.32,-18.91,5.19,5.19,5.19,-5.57,-19.12,-23.44,-20.12,-18.04,0.915379,24,-3.25,-6.05,4.04,-4.50,10.68,-5.57,-13.53,-5.65,5.35,-0.08,0.96952,14
17-09-2025,NYSE:FBRT,"Franklin BSP Realty Trust, Inc. Common Stock",932,405129,1.52,11.33,-0.88,-2.47,-0.26,2.74,4.85,-17.21,-15.18,-16.95,-2.91,-14.68,-17,12.4,12.4,12.4,0.42,-4.78,-35.59,-25.52,-36.93,0.915324,24,2.74,2.18,-23.19,1.73,-1.53,0.42,-5.30,-32.88,11.58,-12.29,1.021288,62
17-09-2025,NYSE:CRCL,"Circle Internet Group, Inc. Class A Common Stock",30326,10640779,7.77,134.81,0.56,12.48,10.88,-10.72,-12.05,NA,NA,NA,-48.83,-48.83,-48.83,19.87,61.97,61.97,-13.04,-21.68,NA,NA,NA,0.915143,24,-10.72,-1.21,NA,NA,NA,-13.04,-8.69,NA,NA,NA,0.879604,1
17-09-2025,NYSE:NABL,"N-able, Inc. Common Stock",1521,742187,2.97,8.19,-0.37,-2.08,2.44,6.35,2.93,6.23,-26.50,-50.92,-3.08,-3.08,-37.29,12.81,31.67,31.67,4.03,-6.70,-12.15,-36.84,-70.90,0.91512,24,6.35,-3.65,3.40,-34.90,-19.31,4.03,-11.13,-6.29,-25.05,-30.07,1.045554,77
17-09-2025,NYSE:TRN,"Trinity Industries, Inc. Common Stock",2242,492698,2.1,27.85,-1.76,-1.15,-2.12,1.58,5.60,-5.85,-36.12,-10.48,-4.06,-6.04,-29.4,19.53,19.53,19.53,-0.74,-4.03,-24.23,-46.46,-30.46,0.914952,24,1.58,4.09,-12.13,-28.60,18.83,-0.74,-3.39,-21.82,-18.75,8.07,1.022395,63
17-09-2025,NASDAQ:CBSH,"Commerce Bancshares, Inc. - Common Stock",7906,937429,1.68,58.61,-0.70,-2.80,-6.19,-4.40,-3.77,-5.49,-16.58,1.11,-11.34,-11.34,-17.24,0,5.76,7.89,-6.72,-13.40,-23.87,-26.92,-18.87,0.914739,24,-4.40,0.60,-1.66,-10.51,15.17,-6.72,-6.88,-11.35,-0.66,4.41,0.981262,22
17-09-2025,NYSE:PGR,Progressive Corporation (The) Common Stock,142806,2579055,1.69,244.97,-0.28,0.70,-0.36,-0.89,-8.76,-18.88,0.51,-1.84,-8.2,-15.88,-15.88,1.66,1.66,3.97,-3.21,-18.39,-37.26,-9.83,-21.82,0.914739,23,-0.89,-7.80,-9.30,16.31,-2.36,-3.21,-15.28,-18.99,26.16,-13.12,0.976315,17
17-09-2025,NASDAQ:REYN,Reynolds Consumer Products Inc. - Common Stock,4827,885854,2.03,23.06,1.86,-0.04,-0.82,2.08,7.24,-2.56,-21.68,-38.03,-3.07,-4.47,-28.32,9.5,9.5,9.5,-0.24,-2.39,-20.94,-32.02,-58.01,0.914697,23,2.08,5.27,-10.57,-18.65,-13.44,-0.24,-2.21,-20.26,-8.80,-24.20,1.039371,74
17-09-2025,NASDAQ:DOX,Amdocs Limited - Ordinary Shares,9248,815455,1.64,83.98,-0.24,-2.11,-0.52,-4.02,-11.24,-5.87,-3.75,-1.27,-10.1,-10.74,-10.74,0.11,4.37,4.37,-6.34,-20.87,-24.25,-14.09,-21.25,0.914318,23,-4.02,-6.94,4.83,2.00,2.39,-6.34,-14.42,-4.86,11.85,-8.37,0.96669,12
17-09-2025,NASDAQ:SWKS,"Skyworks Solutions, Inc. - Common Stock",11056,2310622,2.48,74.22,1.82,-1.13,1.55,-0.40,3.02,4.90,-20.47,-35.33,-5.76,-5.76,-27.57,9.92,50.85,50.85,-2.72,-6.61,-13.48,-30.81,-55.31,0.914206,23,-0.40,3.41,1.94,-26.68,-12.34,-2.72,-4.07,-7.75,-16.83,-23.10,1.025713,66
17-09-2025,NASDAQ:VRNT,Verint Systems Inc. - Common Stock,1225,3220051,1.24,20.32,0.05,-0.05,-0.20,4.08,13.88,-11.02,-50.00,-23.38,-8.76,-9.93,-36.42,23.68,39.66,39.66,1.76,4.25,-29.40,-60.34,-43.36,0.914156,23,4.08,10.21,-28.91,-35.11,17.75,1.76,2.73,-38.60,-25.26,6.99,1.059322,82
17-09-2025,NYSE:ED,"Consolidated Edison, Inc. Common Stock",34767,2472011,1.4,95.57,-1.50,-1.48,-1.71,-5.44,-6.34,-12.61,2.95,-8.18,-9.29,-15.65,-15.65,0,0,8.6,-7.76,-15.97,-30.99,-7.39,-28.16,0.914048,23,-5.44,-0.85,-5.89,13.82,-11.47,-7.76,-8.33,-15.58,23.67,-22.23,0.979584,20
17-09-2025,NASDAQ:SKWD,"Skyward Specialty Insurance Group, Inc. - Common Stock",1892,526804,2.92,46.78,2.67,-4.00,-5.52,-1.97,-26.74,-5.81,-9.32,15.99,-21.1,-28.03,-28.03,2.75,2.75,20.32,-4.29,-36.37,-24.19,-19.66,-3.99,0.913987,23,-1.97,-24.30,16.51,-3.31,23.15,-4.29,-31.78,6.82,6.54,12.39,0.934495,4
17-09-2025,NYSE:QSR,Restaurant Brands International Inc. Common Shares,29056,2863553,1.52,63.85,-0.05,3.12,2.11,-2.26,-5.12,-5.73,-9.32,-8.29,-10.5,-11.32,-13.12,3.22,6.36,6.36,-4.58,-14.75,-24.11,-19.66,-28.27,0.913978,23,-2.26,-2.80,-0.58,-3.39,0.95,-4.58,-10.28,-10.27,6.46,-9.81,0.985686,25
17-09-2025,NASDAQ:TRUP,"Trupanion, Inc. - Common Stock",1939,436428,2.81,44.47,-0.58,3.89,-1.64,-9.31,-18.93,18.82,-23.05,-0.22,-21.22,-21.22,-21.22,4.05,35.13,37.25,-11.63,-28.56,0.44,-33.39,-20.20,0.913951,23,-9.31,-8.80,31.75,-51.58,18.55,-11.63,-16.28,22.06,-41.73,7.79,0.964837,12
17-09-2025,NYSE:IP,International Paper Company Common Stock,24783,3734381,2.24,46.24,1.45,-1.38,-6.34,-0.78,-0.74,-11.55,-17.91,-3.68,-16.95,-17.81,-23.05,1.47,5.35,5.35,-3.10,-10.37,-29.93,-28.25,-23.66,0.913887,23,-0.78,0.04,-10.73,-5.70,12.07,-3.10,-7.44,-20.42,4.15,1.31,0.995137,36
17-09-2025,NYSE:AVA,Avista Corporation Common Stock,2923,584213,1.41,35.55,-1.35,-1.80,-2.56,-4.89,-3.91,-12.49,-3.12,-5.85,-7.35,-16.21,-16.21,0,0,0.99,-7.21,-13.54,-30.87,-13.46,-25.83,0.913736,23,-4.89,0.94,-8.26,8.33,-2.65,-7.21,-6.54,-17.95,18.18,-13.41,0.983173,23
17-09-2025,NASDAQ:IBRX,"ImmunityBio, Inc. - Common Stock",2609,9918440,5.5,2.81,2.49,8.54,15.30,9.25,-11.39,-3.56,-12.10,-24.20,-10.22,-18.31,-54.46,25.45,48.68,48.68,6.93,-21.02,-21.94,-22.44,-44.18,0.913686,23,9.25,-22.75,7.03,-8.25,-10.79,6.93,-30.23,-2.66,1.60,-21.55,1.000767,42
17-09-2025,NYSE:RELX,RELX PLC PLC American Depositary Shares (Each representing One Ordinary Share),85314,1561194,1.05,46.69,-0.36,-1.07,2.68,-2.72,-14.16,-6.23,-1.39,-2.78,-14.08,-16.12,-16.12,3.46,3.46,5.04,-5.04,-23.79,-24.61,-11.73,-22.76,0.913611,23,-2.72,-11.13,6.94,4.56,-1.37,-5.04,-18.61,-2.75,14.41,-12.13,0.964103,11
17-09-2025,NYSE:OWL,Blue Owl Capital Inc. Class A Common Stock,28743,7673471,2.55,18.55,-0.22,4.15,0.59,-2.64,-1.78,-7.17,-33.42,7.39,-10.82,-14.32,-30.47,4.33,16.67,16.67,-4.96,-11.41,-25.55,-43.76,-12.59,0.913597,23,-2.64,0.84,-5.30,-24.50,30.59,-4.96,-6.64,-14.99,-14.65,19.83,0.989462,28
17-09-2025,NASDAQ:ADV,Advantage Solutions Inc.  - Class A Common Stock,606,610091,6.42,1.88,-4.26,-1.60,7.98,4.26,17.55,15.96,-83.51,-95.21,-4.08,-4.08,-53,44.62,72.48,72.48,1.94,7.92,-2.42,-93.85,-115.19,0.913199,23,4.26,13.89,-1.94,-118.35,-6.38,1.94,6.41,-11.63,-108.50,-17.14,1.132742,95
17-09-2025,NASDAQ:ANAB,"AnaptysBio, Inc. - Common Stock",555,525697,6.14,19.4,-3.92,-14.07,-6.24,-3.81,-23.20,14.90,20.05,-97.42,-28.15,-28.15,-51.9,0,20.2,56.77,-6.13,-32.83,-3.48,9.71,-117.40,0.912955,23,-3.81,-18.67,30.92,6.06,-146.94,-6.13,-26.15,21.23,15.91,-157.70,1.041023,75
17-09-2025,NYSE:ASAN,"Asana, Inc. Class A Common Stock",3246,4525093,4.62,13.64,1.76,-1.98,-2.05,-1.54,1.98,-3.08,-78.30,14.15,-11.14,-28.21,-50.44,6.56,6.56,22.11,-3.86,-7.65,-21.46,-88.64,-5.83,0.912794,23,-1.54,3.47,-5.16,-72.97,51.85,-3.86,-4.01,-14.85,-63.12,41.09,1.021574,62
17-09-2025,NYSE:CWEN,"Clearway Energy, Inc. Class C Common Stock",5592,919600,1.75,28.07,-1.96,-2.32,-2.10,-6.06,-14.78,-5.70,0.89,-1.21,-14.89,-14.89,-14.89,0,4.97,13.97,-8.38,-24.41,-24.08,-9.45,-21.19,0.912776,23,-6.06,-8.23,7.91,6.24,-2.12,-8.38,-15.71,-1.78,16.09,-12.88,0.957969,9
17-09-2025,NYSE:CNM,"Core & Main, Inc. Class A Common Stock",9650,3461288,2.76,49.52,-0.48,-0.36,-30.63,-29.48,-13.09,3.37,-7.69,19.39,-26.07,-26.07,-26.07,1.98,11.21,24.05,-31.80,-22.72,-15.01,-18.03,-0.59,0.912757,23,-29.48,12.66,14.55,-11.45,25.15,-31.80,5.18,4.86,-1.60,14.39,0.927751,3
17-09-2025,NYSE:RXO,"RXO, Inc. Common Stock",2775,1965718,4.73,17.48,2.69,4.06,7.84,14.36,10.93,-7.84,-65.16,-46.17,-2.35,-10.59,-45.2,22.67,38.95,38.95,12.04,1.30,-26.22,-75.50,-66.15,0.91258,23,14.36,-4.01,-21.07,-53.16,11.50,12.04,-11.49,-30.76,-43.31,0.74,1.08356,89
17-09-2025,NASDAQ:NAVI,Navient Corporation - Common Stock,1304,771426,2.84,12.97,-0.93,-3.55,-5.86,1.46,-2.54,-3.39,-16.04,-19.20,-16.81,-16.81,-19.69,4.51,20.54,20.54,-0.86,-12.17,-21.77,-26.38,-39.18,0.912571,23,1.46,-4.07,-0.83,-12.23,-2.72,-0.86,-11.55,-10.52,-2.38,-13.48,1.003838,45
17-09-2025,NASDAQ:CTAS,Cintas Corporation - Common Stock,80588,2028720,1.6,199.29,-0.21,-1.39,-3.12,-8.66,-11.63,2.07,-5.86,-3.38,-11.92,-12.46,-12.46,0,4.83,9.45,-10.98,-21.26,-16.31,-16.20,-23.36,0.912432,23,-8.66,-2.73,12.27,-8.10,2.35,-10.98,-10.21,2.58,1.75,-8.41,0.96355,11
17-09-2025,NYSE:DOLE,Dole plc Ordinary Shares,1292,1481643,2.19,13.66,-0.15,-0.44,-7.10,-2.64,-2.49,-5.34,-9.08,-16.33,-8.63,-10.07,-20.21,1.94,2.63,10.97,-4.96,-12.12,-23.72,-19.42,-36.31,0.912378,23,-2.64,0.14,-2.79,-3.54,-6.64,-4.96,-7.34,-12.48,6.31,-17.40,0.995956,36
17-09-2025,NYSE:SLB,Schlumberger N.V. Common Stock,52215,15602597,2.72,35.24,1.33,-1.53,-1.87,6.38,-1.90,-17.57,-17.93,-12.94,-5.55,-16.93,-22.7,8.87,10.3,10.3,4.06,-11.53,-35.95,-28.27,-32.92,0.912108,22,6.38,-8.85,-15.37,-0.31,4.23,4.06,-16.33,-25.06,9.54,-6.53,1.008319,50
17-09-2025,NASDAQ:MMYT,MakeMyTrip Limited - Ordinary Shares,9229,810283,3.09,96.39,-1.67,-1.56,0.78,-2.30,-4.66,0.37,-24.42,-5.02,-6.61,-14.86,-19.98,6.09,10.64,13.47,-4.62,-14.29,-18.01,-34.76,-25.00,0.912079,22,-2.30,-2.30,4.81,-24.89,15.59,-4.62,-9.78,-4.88,-15.04,4.83,0.989234,28
17-09-2025,NYSE:OTIS,Otis Worldwide Corporation Common Stock,35181,3330252,1.4,89.21,-0.47,1.35,3.86,2.00,-8.12,-13.65,-10.96,-3.93,-11.73,-14.47,-15.85,5.04,5.04,5.04,-0.32,-17.75,-32.03,-21.30,-23.91,0.912057,22,2.00,-10.32,-5.12,2.37,6.33,-0.32,-17.80,-14.81,12.22,-4.43,0.982613,23
17-09-2025,NASDAQ:CDW,CDW Corporation - Common Stock,21925,1242701,2.22,166.15,1.82,-1.69,2.34,1.44,-3.73,-2.70,-7.28,-31.59,-9.13,-12.86,-27.33,3.75,14.99,14.99,-0.88,-13.36,-21.08,-17.62,-51.57,0.91198,22,1.44,-5.25,1.00,-4.47,-22.66,-0.88,-12.73,-8.69,5.38,-33.42,1.008928,51
17-09-2025,NYSE:SOC,Sable Offshore Corp. Common Stock,2437,4255772,7.06,22.43,1.87,10.57,-2.90,-22.83,-2.67,-13.06,3.43,5.66,-29.22,-32.07,-32.07,11.81,35.04,35.04,-25.15,-12.30,-31.44,-6.91,-14.32,0.911915,22,-22.83,16.41,-10.12,14.59,2.31,-25.15,8.93,-19.81,24.44,-8.45,0.959849,10
17-09-2025,NYSE:WKC,World Kinect Corporation Common Stock,1455,755907,2.12,26.03,2.34,0.35,-3.92,2.84,-9.37,-10.91,-10.41,-7.41,-12.15,-12.15,-17.1,4.79,12.34,12.34,0.52,-19.00,-29.29,-20.75,-27.39,0.911816,22,2.84,-12.57,-1.40,0.45,2.71,0.52,-20.05,-11.09,10.30,-8.05,0.983528,23
17-09-2025,NYSE:TGLS,Tecnoglass Inc. Ordinary Shares,3267,403238,2.87,70.04,-2.07,-0.66,-1.06,-4.40,-12.65,-0.63,-22.10,8.07,-15.68,-20.79,-20.79,0.06,11.71,11.71,-6.72,-22.28,-19.01,-32.44,-11.91,0.911802,22,-4.40,-7.90,10.67,-21.34,24.71,-6.72,-15.38,0.98,-11.49,13.95,0.963453,11
17-09-2025,NYSE:HPP,"Hudson Pacific Properties, Inc. Common Stock",1102,6508773,4.6,2.87,-0.35,-2.44,2.09,6.27,4.18,-5.57,-9.76,-68.99,-6.51,-6.82,-45.75,19.09,54.3,54.3,3.95,-5.45,-23.95,-20.10,-88.97,0.911715,22,6.27,-2.23,-10.18,-3.96,-53.97,3.95,-9.71,-19.87,5.89,-64.73,1.057832,82
17-09-2025,NYSE:PPG,"PPG Industries, Inc. Common Stock",24398,1510294,1.8,108.36,-1.01,-0.94,-1.14,-3.17,-0.63,-5.06,-13.13,-15.81,-8.99,-8.99,-19.47,3.75,18.22,18.22,-5.49,-10.26,-23.44,-23.47,-35.79,0.911682,22,-3.17,2.47,-4.40,-7.69,-2.37,-5.49,-5.01,-14.09,2.16,-13.13,0.999377,40
17-09-2025,NYSE:GRND,Grindr Inc. Common Stock,2983,1822217,3.35,15.73,1.72,0.57,2.80,-5.34,-49.14,-7.69,-0.76,25.11,-32.95,-36.39,-36.39,4.1,4.1,34.22,-7.66,-58.77,-26.07,-11.10,5.13,0.91163,22,-5.34,-41.58,27.79,6.43,25.68,-7.66,-49.06,18.10,16.28,14.92,0.895786,1
17-09-2025,NASDAQ:ABNB,"Airbnb, Inc. - Class A Common Stock",76561,4623785,2.05,121.66,1.06,-1.77,-4.87,-2.83,-12.78,-4.34,-14.12,3.53,-14.42,-14.42,-24.63,2.84,15.11,15.11,-5.15,-22.41,-22.72,-24.46,-16.45,0.911598,22,-2.83,-9.68,7.48,-9.37,15.47,-5.15,-17.16,-2.21,0.48,4.71,0.96439,11
17-09-2025,NYSE:CI,The Cigna Group Common Stock,79168,1399149,1.73,294.21,-1.00,-2.65,-2.21,-0.90,-6.88,-7.68,0.06,-23.10,-12.02,-13.48,-19.8,12.2,12.2,12.2,-3.22,-16.51,-26.06,-10.28,-43.08,0.911509,22,-0.90,-5.92,-0.75,7.19,-23.17,-3.22,-13.40,-10.44,17.04,-33.93,0.994284,35
17-09-2025,NYSE:RGA,"Reinsurance Group of America, Incorporated Common Stock",12292,407243,1.83,186.9,-1.29,-2.09,-4.18,-0.68,-5.99,-3.31,-12.58,-13.51,-6.19,-10.88,-19.42,5.53,11.04,11.04,-3.00,-15.62,-21.69,-22.92,-33.49,0.911505,22,-0.68,-5.27,2.53,-8.98,-0.83,-3.00,-12.75,-7.16,0.87,-11.59,0.990068,29
17-09-2025,NASDAQ:MRVI,"Maravai LifeSciences Holdings, Inc. - Class A common stock",718,993889,6.08,2.89,5.88,7.96,17.99,9.69,25.26,8.65,-99.65,-197.92,0,0,-68.72,43.78,68.02,68.02,7.37,15.63,-9.73,-109.99,-217.90,0.911376,22,9.69,17.24,-22.22,-118.56,-49.22,7.37,9.76,-31.91,-108.71,-59.98,1.205683,98
17-09-2025,NYSE:AXTA,Axalta Coating Systems Ltd. Common Shares,6606,2217998,2.18,30.8,-0.29,-1.98,-0.75,1.27,4.09,-13.83,-26.20,-12.08,-4.88,-12.15,-25.41,10.71,10.71,10.71,-1.05,-5.54,-32.21,-36.54,-32.06,0.911013,22,1.27,2.86,-18.69,-10.87,11.19,-1.05,-4.62,-28.38,-1.02,0.43,1.015914,57
17-09-2025,NYSE:SMG,Scotts Miracle-Gro Company (The) Common Stock,3457,685300,2.67,60.5,0.03,-0.55,0.45,-2.76,-2.88,-1.29,-21.57,-9.85,-13.67,-13.67,-35.27,3.51,25.49,25.49,-5.08,-12.51,-19.67,-31.91,-29.83,0.910758,22,-2.76,-0.11,1.54,-20.02,9.64,-5.08,-7.59,-8.15,-10.17,-1.12,0.993786,34
17-09-2025,NYSE:S,"SentinelOne, Inc. Class A Common Stock",6125,7569613,3.15,17.87,-2.41,-0.62,0.95,5.99,1.57,-5.82,-31.90,-24.01,-9.66,-12.14,-37.69,13.03,13.03,13.03,3.67,-8.06,-24.20,-42.24,-43.99,0.910453,22,5.99,-4.70,-7.50,-24.64,5.98,3.67,-12.18,-17.19,-14.79,-4.78,1.02503,65
17-09-2025,NYSE:GSBD,"Goldman Sachs BDC, Inc. Common Stock",1284,518825,1.25,11.31,1.24,-0.80,-0.53,1.59,-0.62,-7.87,-13.88,-24.58,-5.51,-8.57,-21.68,2.54,14.82,14.82,-0.73,-10.25,-26.25,-24.22,-44.56,0.910404,22,1.59,-2.25,-7.21,-5.57,-9.39,-0.73,-9.73,-16.90,4.28,-20.15,1.011034,53
17-09-2025,NYSE:LII,"Lennox International, Inc. Common Stock",19175,420825,3.02,550.4,-0.26,-1.40,1.24,-7.50,1.17,-7.04,-19.45,-4.81,-17.18,-17.18,-18.87,2.41,8.18,8.18,-9.82,-8.46,-25.42,-29.79,-24.79,0.910318,22,-7.50,8.06,-8.31,-11.60,12.26,-9.82,0.58,-18.00,-1.75,1.50,0.992692,33
17-09-2025,NYSE:DOV,Dover Corporation Common Stock,23512,866691,1.67,172.57,0.37,-1.22,-1.85,-2.30,-4.16,-6.02,-16.59,-8.18,-9.6,-9.6,-16.44,0.37,14.18,14.18,-4.62,-13.79,-24.40,-26.93,-28.16,0.910123,22,-2.30,-1.82,-1.79,-9.97,7.22,-4.62,-9.30,-11.48,-0.12,-3.54,0.988809,28
17-09-2025,NYSE:WHR,Whirlpool Corporation Common Stock,4832,1086737,3.13,90.3,0.41,-3.89,-0.28,2.40,-3.05,-4.35,-37.73,-3.95,-18.35,-18.35,-32.18,9.81,19.27,19.27,0.08,-12.68,-22.73,-48.07,-23.93,0.90994,22,2.40,-5.58,-1.27,-31.99,24.52,0.08,-13.06,-10.96,-22.14,13.76,1.00172,42
17-09-2025,NYSE:ESAB,ESAB Corporation Common Stock,6648,421811,2.43,108.82,-0.23,-4.72,-5.57,-1.37,-13.71,-11.96,-18.38,10.23,-18.89,-18.89,-19.44,0.04,4.15,11.39,-3.69,-23.34,-30.34,-28.72,-9.75,0.909881,22,-1.37,-12.17,1.54,-5.73,24.17,-3.69,-19.65,-8.15,4.12,13.41,0.960758,10
17-09-2025,NASDAQ:MFIC,MidCap Financial Investment Corporation - Closed End Fund,1132,406773,1.48,12.13,-0.91,-2.80,-7.75,-6.10,-0.49,-6.27,-12.78,-12.61,-9.81,-9.81,-17.54,0,15.85,15.85,-8.42,-10.12,-24.65,-23.12,-32.59,0.909763,21,-6.10,5.28,-5.74,-6.13,0.15,-8.42,-2.20,-15.43,3.72,-10.61,0.99417,34
17-09-2025,NASDAQ:WRD,WeRide Inc. - American Depositary Shares,2928,4288575,4.39,10.29,-0.29,7.68,10.98,3.60,20.70,-75.02,-55.49,NA,-0.48,-42.87,-74.53,37.38,58.55,58.55,1.28,11.07,-93.40,-65.83,NA,0.909607,21,3.60,17.74,-120.71,11.16,NA,1.28,10.26,-130.40,21.01,NA,1.049381,78
17-09-2025,NASDAQ:OPK,"Opko Health, Inc. - Common Stock",1103,2003174,2.72,1.39,0.72,-1.44,2.16,1.44,4.32,-30.22,-14.39,-11.51,-2.8,-25.27,-28.35,16.81,16.81,16.81,-0.88,-5.31,-48.60,-24.73,-31.49,0.90947,21,1.44,2.92,-36.09,12.15,2.52,-0.88,-4.56,-45.78,22.00,-8.24,1.018016,59
17-09-2025,NASDAQ:ABL,"Abacus Global Management, Inc. - Class A Common Stock",643,525475,4.29,6.67,0.00,4.50,-5.10,3.90,9.00,-13.94,-18.74,-48.73,-6.71,-25.56,-37.19,43.75,43.75,43.75,1.58,-0.63,-32.32,-29.08,-68.71,0.9094,21,3.90,5.30,-25.21,-4.21,-25.25,1.58,-2.18,-34.90,5.64,-36.01,1.053306,80
17-09-2025,NYSE:G,Genpact Limited Common Stock,7279,1744985,1.92,41.33,-1.89,-5.71,-8.61,-5.64,-6.56,-21.87,-9.12,6.85,-10.41,-19.14,-25.59,1.67,1.67,8.28,-7.96,-16.19,-40.25,-19.46,-13.13,0.909207,21,-5.64,-0.87,-14.37,10.46,14.63,-7.96,-8.35,-24.06,20.31,3.87,0.96998,14
17-09-2025,NASDAQ:OPCH,"Option Care Health, Inc. - Common Stock",4549,1954545,2.72,27.56,-1.20,-6.13,-3.19,-2.76,-15.46,-22.97,14.15,-15.35,-15.15,-21.7,-21.7,1.25,1.25,26.77,-5.08,-25.09,-41.35,3.81,-35.33,0.909094,21,-2.76,-12.36,-6.51,30.19,-34.36,-5.08,-19.84,-16.20,40.04,-45.12,0.976801,18
17-09-2025,NYSE:SNDR,"Schneider National, Inc. Common Stock",4082,742284,2.49,24.08,0.66,-0.75,-1.45,-1.54,-0.91,0.29,-31.02,-12.79,-10.55,-10.55,-28.35,1.9,14.34,14.34,-3.86,-10.54,-18.09,-41.36,-32.77,0.909092,21,-1.54,0.61,1.19,-31.40,13.91,-3.86,-6.87,-8.50,-21.55,3.15,1.004583,46
17-09-2025,NASDAQ:PNFP,"Pinnacle Financial Partners, Inc. - Common Stock",7518,1143529,2.08,94.65,-0.75,-3.10,-2.98,2.56,-9.35,-9.66,-27.67,2.64,-20.88,-20.88,-27.12,9.89,9.89,9.89,0.24,-18.98,-28.04,-38.01,-17.34,0.909042,21,2.56,-12.22,-0.28,-16.43,23.74,0.24,-19.70,-9.97,-6.58,12.98,0.981207,21
17-09-2025,NASDAQ:PEP,"PepsiCo, Inc. - Common Stock",193355,8300185,1.91,140.03,-0.44,-2.19,-7.32,-7.41,6.16,-8.08,-11.95,-26.58,-7.97,-7.97,-21.05,9.38,9.38,9.38,-9.73,-3.47,-26.46,-22.29,-46.56,0.909036,21,-7.41,12.63,-15.17,-3.59,-13.06,-9.73,5.15,-24.86,6.26,-23.82,1.01729,59
17-09-2025,NYSE:UNP,Union Pacific Corporation Common Stock,128790,4576585,1.75,216,-0.12,-0.02,-2.77,-2.21,-4.00,-10.12,-8.23,-15.23,-8.92,-9.42,-15.1,0.51,3.71,3.71,-4.53,-13.63,-28.50,-18.57,-35.21,0.908964,21,-2.21,-1.75,-5.88,1.72,-6.46,-4.53,-9.23,-15.57,11.57,-17.22,0.99268,33
17-09-2025,NYSE:SID,Companhia Siderurgica Nacional S.A. Common Stock,2005,2022115,3.51,1.52,1.32,3.95,7.89,15.79,-1.97,-19.08,-27.63,-36.84,-5.59,-16.02,-38.46,21.6,21.6,21.6,13.47,-11.60,-37.46,-37.97,-56.82,0.908955,21,15.79,-21.09,-16.77,-7.18,-7.22,13.47,-28.57,-26.46,2.67,-17.98,1.038715,74
17-09-2025,NYSE:CUBE,CubeSmart Common Shares,9349,1674849,1.77,41,0.46,0.66,2.71,3.66,-5.12,-2.68,-13.76,-31.51,-5.4,-6.14,-24.84,5.92,14.27,14.27,1.34,-14.75,-21.06,-24.10,-51.49,0.908912,21,3.66,-9.11,2.32,-10.78,-15.61,1.34,-16.59,-7.37,-0.93,-26.37,1.009337,51
17-09-2025,NASDAQ:NICE,NICE Ltd - American Depositary Shares each representing one Ordinary Share,8796,625155,2.31,146.18,2.05,1.94,6.62,8.91,-14.68,-3.33,-25.34,-11.88,-15,-18.02,-26.61,14.34,14.34,14.34,6.59,-24.31,-21.71,-35.68,-31.86,0.908844,21,8.91,-25.89,9.90,-21.30,10.74,6.59,-33.37,0.21,-11.45,-0.02,0.989876,29
17-09-2025,NYSE:OBDC,Blue Owl Capital Corporation Common Stock,7022,2752521,1.32,13.7,-0.07,-3.50,-3.87,-3.14,-5.77,-8.76,-12.19,-7.45,-9.27,-10.52,-12.4,0,9.78,9.78,-5.46,-15.40,-27.14,-22.53,-27.43,0.908736,21,-3.14,-2.55,-2.83,-3.15,4.23,-5.46,-10.03,-12.52,6.70,-6.53,0.983231,23
17-09-2025,NASDAQ:OMCL,"Omnicell, Inc. - Common Stock",1432,496165,2.86,32.32,0.19,-1.39,0.68,1.95,9.59,-2.78,-45.45,-32.52,-3.87,-8.86,-39.08,20.24,31.22,31.22,-0.37,-0.04,-21.16,-55.79,-52.50,0.908735,21,1.95,7.79,-13.69,-41.51,8.89,-0.37,0.31,-23.38,-31.66,-1.87,1.048618,78
17-09-2025,NASDAQ:BHF,"Brighthouse Financial, Inc. - Common Stock",2626,843588,2.7,46.82,-0.83,-4.25,1.41,2.43,-24.90,-21.64,-3.63,9.68,-20.5,-23.43,-25.65,7.98,7.98,10.71,0.11,-34.53,-40.02,-13.97,-10.30,0.908708,21,2.43,-28.02,2.62,14.80,12.84,0.11,-35.50,-7.07,24.65,2.08,0.945427,6
17-09-2025,NYSE:INGR,Ingredion Incorporated Common Stock,7954,473613,1.44,125.72,1.63,-1.07,-2.16,-0.17,-9.50,-5.97,-14.88,-7.29,-9.7,-10.81,-18.82,1.66,2.03,2.03,-2.49,-19.13,-24.35,-25.22,-27.27,0.908697,21,-0.17,-9.31,3.22,-8.41,6.61,-2.49,-16.79,-6.47,1.44,-4.15,0.980341,21
17-09-2025,NYSE:PSO,"Pearson, Plc Common Stock",8956,502263,0.89,14.05,-0.21,-1.35,-3.70,-2.85,-4.27,-18.08,-15.87,1.92,-6.95,-15.77,-20.85,0.07,0.07,5.64,-5.17,-13.90,-36.46,-26.21,-18.06,0.908621,21,-2.85,-1.38,-13.24,1.87,15.36,-5.17,-8.86,-22.93,11.72,4.60,0.981654,22
17-09-2025,NYSE:BLSH,Bullish Ordinary Shares,8190,4167759,8.45,51.36,0.55,-4.77,-20.77,-35.40,NA,NA,NA,NA,-31.18,-31.18,-31.18,4.79,4.79,4.79,-37.72,NA,NA,NA,NA,0.908446,21,-35.40,NA,NA,NA,NA,-37.72,NA,NA,NA,NA,0.959307,9
17-09-2025,NYSE:TREX,"Trex Company, Inc. Common Stock",5773,1576194,3.14,58.29,-2.73,-2.86,-3.31,-8.22,4.68,1.18,-37.04,-10.00,-14.89,-14.89,-27.03,10.82,15.38,15.38,-10.54,-4.95,-17.20,-47.38,-29.98,0.90836,21,-8.22,11.92,-3.67,-38.68,19.73,-10.54,4.44,-13.36,-28.83,8.97,1.01047,52
17-09-2025,NYSE:CNI,Canadian National Railway Company Common Stock,59087,1787870,1.68,95.64,0.31,2.51,-1.04,2.40,-9.56,-2.68,-9.92,-24.81,-10.28,-11.55,-20.72,3.5,3.5,3.5,0.08,-19.19,-21.06,-20.26,-44.79,0.908226,21,2.40,-12.26,6.28,-7.06,-13.55,0.08,-19.74,-3.41,2.79,-24.31,0.994705,35
17-09-2025,NYSE:ORC,"Orchid Island Capital, Inc. Common Stock",1039,4373029,1.46,7.11,-0.28,-1.27,1.69,-0.56,0.98,-17.72,-13.36,-15.47,-4.05,-15.26,-20.29,2.45,17.52,17.52,-2.88,-8.65,-36.10,-23.70,-35.45,0.908153,21,-0.56,1.54,-18.89,3.70,-1.86,-2.88,-5.94,-28.58,13.55,-12.62,1.006818,48
17-09-2025,NYSE:FBIN,"Fortune Brands Innovations, Inc. Common Stock",6831,1498072,2.79,58.31,-0.27,-0.75,1.39,-0.65,12.73,-9.11,-34.25,-39.14,-5.19,-8.65,-35.22,18.35,21.08,21.08,-2.97,3.10,-27.49,-44.59,-59.12,0.907858,21,-0.65,13.29,-25.01,-23.04,-3.64,-2.97,5.81,-34.70,-13.19,-14.40,1.053397,80
17-09-2025,NYSE:VIRT,"Virtu Financial, Inc. Class A Common Stock",5376,1140165,2.63,35.4,-2.34,-7.49,-16.81,-18.02,-18.42,-1.92,-3.93,11.92,-21.54,-21.54,-21.54,0,7.86,16.22,-20.34,-28.05,-20.30,-14.27,-8.06,0.90783,20,-18.02,-0.34,13.93,-1.97,15.25,-20.34,-7.82,4.24,7.88,4.49,0.931781,4
17-09-2025,NASDAQ:ICLR,ICON plc - Ordinary Shares,13626,1079413,3.47,173.13,1.54,2.42,-2.72,-1.57,15.07,-7.30,-22.56,-73.10,-11.22,-11.22,-42.87,23.99,36.73,36.73,-3.89,5.44,-25.68,-32.90,-93.08,0.907696,20,-1.57,16.38,-26.34,-14.22,-41.24,-3.89,8.90,-36.03,-4.37,-52.00,1.077669,88
17-09-2025,NYSE:WCN,"Waste Connections, Inc. Common Shares",44632,1124085,1.39,173.58,-1.15,-2.32,-5.34,-6.45,-7.78,-8.25,-6.49,-7.15,-9.52,-13.19,-13.19,0,0,2.17,-8.77,-17.41,-26.63,-16.83,-27.13,0.907587,20,-6.45,-1.25,-0.44,1.63,-0.62,-8.77,-8.73,-10.13,11.48,-11.38,0.974692,17
17-09-2025,NYSE:BSM,"Black Stone Minerals, L.P. Common units representing limited partner interests",2750,539459,1.67,12.83,1.87,5.53,4.91,4.29,-5.07,-17.69,-13.17,-15.28,-4.82,-16.47,-17.7,7.63,7.63,7.63,1.97,-14.70,-36.07,-23.51,-35.26,0.907481,20,4.29,-9.77,-12.02,3.84,-1.86,1.97,-17.25,-21.71,13.69,-12.62,0.999768,41
17-09-2025,NASDAQ:ALKT,"Alkami Technology, Inc. - Common Stock",2694,1306415,3.41,25.69,1.79,0.51,4.40,10.16,-5.84,-0.08,-54.77,-15.30,-16.62,-17.63,-39.15,27.68,27.68,27.68,7.84,-15.47,-18.46,-65.11,-35.28,0.907446,20,10.16,-17.81,5.44,-54.65,25.50,7.84,-25.29,-4.25,-44.80,14.74,1.022624,63
17-09-2025,NYSE:PSA,Public Storage Common Stock,49971,690069,1.56,284.81,-0.61,-1.86,-1.18,0.66,-3.42,-5.48,-13.53,-26.09,-4.46,-8.06,-21.97,4.73,6.95,6.95,-1.66,-13.05,-23.86,-23.87,-46.07,0.907392,20,0.66,-4.11,-1.99,-7.63,-11.07,-1.66,-11.59,-11.68,2.22,-21.83,1.005009,46
17-09-2025,NASDAQ:HRMY,"Harmony Biosciences Holdings, Inc. - Common Stock",1844,708311,3.01,32.29,-0.65,-5.30,-14.90,-14.18,-1.89,-6.29,0.00,-16.94,-15.14,-15.14,-22.17,2.28,15.57,15.57,-16.50,-11.52,-24.67,-10.34,-36.92,0.907312,20,-14.18,10.77,-4.32,5.91,-16.94,-16.50,3.29,-14.01,15.76,-27.70,0.98523,24
17-09-2025,NYSE:HUBS,"HubSpot, Inc. Common Stock",26731,799281,2.89,502.55,-1.11,0.05,6.17,12.57,-9.36,-21.99,-44.48,1.98,-10.4,-25.24,-38.69,19.43,19.43,19.43,10.25,-18.99,-40.37,-54.82,-18.00,0.907284,20,12.57,-25.08,-11.55,-18.44,32.16,10.25,-32.56,-21.24,-8.59,21.40,1.001039,42
17-09-2025,NYSE:UMC,United Microelectronics Corporation (NEW) Common Stock,17123,4670561,1.24,6.83,-0.29,-0.59,3.07,-0.73,-21.82,1.90,3.51,-26.21,-17.91,-17.91,-22.74,3.8,11.6,20.04,-3.05,-31.45,-16.48,-6.83,-46.19,0.90722,20,-0.73,-20.93,19.47,1.64,-30.80,-3.05,-28.41,9.78,11.49,-41.56,0.973205,16
17-09-2025,NYSE:PFE,"Pfizer, Inc. Common Stock",136737,41926119,1.78,23.9,-0.29,-3.39,-4.52,-5.19,-2.09,-9.00,-5.56,-22.01,-7.65,-9.16,-20.83,2.62,10.7,10.7,-7.51,-11.72,-27.38,-15.90,-41.99,0.90712,20,-5.19,2.94,-6.76,3.15,-15.58,-7.51,-4.54,-16.45,13.00,-26.34,0.997783,38
17-09-2025,NYSE:RAMP,"LiveRamp Holdings, Inc. Common Stock",1757,636992,2.59,26.48,0.53,-2.98,-3.10,-0.57,-19.83,0.30,-22.09,3.63,-22.57,-22.57,-25.64,2.8,12.44,12.44,-2.89,-29.46,-18.08,-32.43,-16.35,0.90708,20,-0.57,-19.15,16.80,-22.46,21.06,-2.89,-26.63,7.11,-12.61,10.30,0.959754,9
17-09-2025,NASDAQ:FOXF,Fox Factory Holding Corp. - Common Stock,1088,414980,3.46,27,-0.37,-7.44,-4.04,-9.67,3.33,8.44,-21.44,-36.74,-11.21,-11.21,-38.22,10.75,46.98,46.98,-11.99,-6.30,-9.94,-31.78,-56.72,0.90698,20,-9.67,11.85,5.29,-32.65,-12.60,-11.99,4.37,-4.40,-22.80,-23.36,1.018171,59
17-09-2025,NASDAQ:MASI,Masimo Corporation - Common Stock,7672,625505,2.83,143,-1.90,-3.58,3.68,-7.60,-13.66,-20.83,-21.94,20.98,-16.54,-17.24,-24.99,4.56,4.56,27.99,-9.92,-23.29,-39.21,-32.28,1.00,0.906479,20,-7.60,-5.63,-6.30,-0.93,35.20,-9.92,-13.11,-15.99,8.92,24.44,0.948145,6
17-09-2025,NASDAQ:KMB,Kimberly-Clark Corporation - Common Stock,41668,2093912,1.65,125.04,-0.34,-4.74,-3.04,-6.32,-4.50,-11.89,-4.45,-13.87,-8.58,-13.9,-15.17,0.34,0.34,0.47,-8.64,-14.13,-30.27,-14.79,-33.85,0.906286,20,-6.32,1.71,-7.07,6.65,-9.01,-8.64,-5.77,-16.76,16.50,-19.77,0.986078,25
17-09-2025,NYSE:EQR,Equity Residential Common Shares of Beneficial Interest,24728,1849055,1.69,64.75,-0.82,-2.89,1.14,0.97,-6.72,-8.20,-12.40,-19.51,-6.3,-9.72,-17.07,3.93,4.74,4.74,-1.35,-16.35,-26.58,-22.74,-39.49,0.906108,20,0.97,-7.77,-1.39,-3.88,-6.32,-1.35,-15.25,-11.08,5.97,-17.08,0.994405,35
17-09-2025,NYSE:ELS,"Equity Lifestyle Properties, Inc. Common Stock",11784,1581740,1.64,60.81,0.03,-1.38,2.10,0.21,-1.63,-12.27,-12.40,-23.71,-5.03,-11.51,-20.25,4.07,4.07,4.07,-2.11,-11.26,-30.65,-22.74,-43.69,0.905961,20,0.21,-1.85,-10.47,-0.12,-10.07,-2.11,-9.33,-20.16,9.73,-20.83,1.006668,48
17-09-2025,NYSE:TSN,"Tyson Foods, Inc. Common Stock",18875,2533083,1.63,54.34,0.63,-2.76,-4.05,-4.53,-1.03,-11.50,-13.95,-13.51,-5.81,-14.84,-15.8,3.9,3.9,3.9,-6.85,-10.66,-29.88,-24.29,-33.49,0.905936,20,-4.53,3.35,-10.36,-2.20,0.39,-6.85,-4.13,-20.05,7.65,-10.37,0.995692,36
17-09-2025,NASDAQ:CPRX,"Catalyst Pharmaceuticals, Inc. - Common Stock",2450,1534766,3.36,20.07,1.54,0.35,-2.34,-0.80,-17.94,-8.67,-9.47,-1.10,-15.21,-23.72,-23.72,2.22,2.22,2.76,-3.12,-27.57,-27.05,-19.81,-21.08,0.905927,20,-0.80,-17.00,7.86,-0.73,7.65,-3.12,-24.48,-1.83,9.12,-3.11,0.960011,10
17-09-2025,NYSE:ENOV,Enovis Corporation Common Stock,1837,1006127,3.41,33.32,2.94,6.39,7.44,11.31,3.21,-17.62,-40.40,-29.86,-7.29,-16.7,-32.45,29.45,29.45,29.45,8.99,-6.42,-36.00,-50.74,-49.84,0.905858,20,11.31,-9.14,-21.52,-19.37,7.50,8.99,-16.62,-31.21,-9.52,-3.26,1.041542,75
17-09-2025,NYSE:CXM,"Sprinklr, Inc. Class A Common Stock",1921,2423173,3.75,7.79,-0.13,-0.77,-10.40,-5.91,-5.39,-10.91,-20.15,1.54,-16.68,-16.68,-17.3,1.04,13.23,13.23,-8.23,-15.02,-29.29,-30.49,-18.44,0.905819,20,-5.91,0.48,-5.24,-8.33,18.06,-8.23,-7.00,-14.93,1.52,7.30,0.976808,18
17-09-2025,NYSE:PMT,PennyMac Mortgage Investment Trust Common Shares of Beneficial Interest,1057,608649,1.67,12.15,-0.82,-1.98,0.16,-0.08,-2.47,-20.08,-10.86,-14.57,-8.16,-17.74,-17.74,3.05,3.05,3.05,-2.40,-12.10,-38.46,-21.20,-34.55,0.905459,20,-0.08,-2.38,-17.19,7.68,-3.34,-2.40,-9.86,-26.88,17.53,-14.10,0.999365,40
17-09-2025,NYSE:NEE,"NextEra Energy, Inc. Common Stock",144789,9727763,1.96,69.83,-2.39,-0.34,-4.04,-7.99,-5.66,-3.27,-5.94,-19.52,-9.94,-9.94,-18.26,0.59,8.92,8.92,-10.31,-15.29,-21.65,-16.28,-39.50,0.905453,20,-7.99,2.16,2.26,-2.59,-12.81,-10.31,-5.32,-7.43,7.26,-23.57,0.985723,25
17-09-2025,NASDAQ:PCTY,Paylocity Holding Corporation - Common Stock,9123,515238,2.08,165.87,-0.72,-3.72,-5.23,-3.67,-7.97,-14.70,-22.33,6.21,-12.87,-17.49,-23.86,0,0,6.62,-5.99,-17.60,-33.08,-32.67,-13.77,0.905441,20,-3.67,-4.15,-6.24,-6.65,23.33,-5.99,-11.63,-15.93,3.20,12.57,0.972003,15
17-09-2025,NYSE:RLJ,RLJ Lodging Trust Common Shares of Beneficial Interest $0.01 par value,1153,2139675,2.44,7.59,0.00,-0.26,0.00,5.80,4.61,-18.05,-38.74,-18.71,-3.8,-15.29,-28.93,9.21,19.53,19.53,3.48,-5.02,-36.43,-49.08,-38.69,0.905426,19,5.80,-1.26,-23.76,-17.52,14.43,3.48,-8.74,-33.45,-7.67,3.67,1.03042,69
17-09-2025,NYSE:PRU,"Prudential Financial, Inc. Common Stock",36260,1609157,1.73,102.15,-3.23,-3.32,-5.15,-3.69,-2.73,-7.97,-17.54,-13.40,-7.04,-11.63,-21.13,1.46,7.39,7.39,-6.01,-12.36,-26.35,-27.88,-33.38,0.905183,19,-3.69,0.93,-5.10,-8.87,3.52,-6.01,-6.55,-14.79,0.98,-7.24,0.993506,34
17-09-2025,NYSE:VSH,"Vishay Intertechnology, Inc. Common Stock",2058,1197673,2.63,15.2,0.59,-0.33,2.30,2.37,-3.49,-12.50,-18.62,-18.49,-14.99,-14.99,-21.69,10.47,43.8,43.8,0.05,-13.12,-30.88,-28.96,-38.47,0.90501,19,2.37,-6.00,-8.71,-5.44,0.11,0.05,-13.48,-18.40,4.41,-10.65,1.00274,43
17-09-2025,NASDAQ:OLPX,"Olaplex Holdings, Inc. - Common Stock",961,991914,5,1.45,1.38,0.00,2.07,2.76,6.21,6.90,-49.66,-52.41,-13.69,-13.69,-44.66,12.4,38.1,38.1,0.44,-3.42,-11.48,-60.00,-72.39,0.904834,19,2.76,3.55,0.74,-60.74,-1.84,0.44,-3.93,-8.95,-50.89,-12.60,1.056876,81
17-09-2025,NYSE:BUD,Anheuser-Busch Inbev SA Sponsored ADR (Belgium),115396,2209616,0.99,57.93,-1.07,-2.38,-5.94,-5.96,-22.98,-9.32,9.58,-11.95,-18.96,-19.21,-19.21,1.45,1.45,25.53,-8.28,-32.61,-27.70,-0.76,-31.93,0.904789,19,-5.96,-16.06,11.10,17.29,-23.81,-8.28,-23.54,1.41,27.14,-34.57,0.954655,8
17-09-2025,NASDAQ:TXRH,"Texas Roadhouse, Inc. - Common Stock",10918,1066213,1.77,165.61,0.28,-1.52,-3.42,-4.37,-16.47,-3.83,-16.30,2.27,-14.88,-17.11,-19.32,0.28,8.09,8.09,-6.69,-26.10,-22.21,-26.64,-17.71,0.904717,19,-4.37,-11.59,10.85,-12.01,15.97,-6.69,-19.07,1.16,-2.16,5.21,0.958134,9
17-09-2025,NYSE:AIV,Apartment Investment and Management Company Common Stock,1117,1673759,2.08,7.85,5.48,2.04,1.91,-0.38,-7.64,-11.59,-11.08,-14.52,-10.9,-11.3,-16.31,5.8,8.43,8.43,-2.70,-17.27,-29.97,-21.42,-34.50,0.904687,19,-0.38,-7.23,-3.67,0.46,-3.10,-2.70,-14.71,-13.36,10.31,-13.86,0.987531,26
17-09-2025,NASDAQ:GT,The Goodyear Tire & Rubber Company - Common Stock,2440,6998063,2.48,8.52,0.00,-0.35,1.53,0.35,-25.35,-7.51,-18.66,9.51,-26.23,-28.64,-28.64,3.27,3.27,10.51,-1.97,-34.98,-25.89,-29.00,-10.47,0.904543,19,0.35,-25.80,14.23,-10.37,23.74,-1.97,-33.28,4.54,-0.52,12.98,0.946074,6
17-09-2025,NYSE:ALSN,"Allison Transmission Holdings, Inc. Common Stock",7301,894385,2.06,87.68,-0.06,-1.03,-0.09,0.78,-8.82,-10.97,-30.51,1.76,-10.47,-17.5,-27.15,2.45,3.87,3.87,-1.54,-18.45,-29.35,-40.85,-18.22,0.904467,19,0.78,-9.67,-1.98,-17.61,24.72,-1.54,-17.15,-11.67,-7.76,13.96,0.981248,22
17-09-2025,NYSE:BIT,BlackRock Multi-Sector Income Trust Common Shares of Beneficial Interest,581,498967,1.21,13.53,-0.59,-2.29,-0.30,-8.06,-6.21,-6.65,-9.39,-10.86,-9.13,-9.13,-10.99,0.67,3.2,3.2,-10.38,-15.84,-25.03,-19.73,-30.84,0.904442,19,-8.06,1.71,-0.42,-2.56,-1.35,-10.38,-5.77,-10.11,7.29,-12.11,0.978819,19
17-09-2025,NYSE:KNTK,Kinetik Holdings Inc. Class A Common Stock,7146,1542175,2.84,42.79,0.65,1.78,4.51,4.60,-2.13,-26.22,-31.71,-1.73,-3.01,-21.23,-35.63,7.7,7.7,7.7,2.28,-11.76,-44.60,-42.05,-21.71,0.904303,19,4.60,-7.06,-23.59,-4.35,22.76,2.28,-14.54,-33.28,5.50,12.00,1.002433,43
17-09-2025,NYSE:IVR,INVESCO MORTGAGE CAPITAL INC Common Stock,500,1494082,1.53,7.54,-0.13,-4.11,-2.92,-1.72,-2.52,-14.59,-13.40,-16.18,-6.57,-14.12,-19.7,4.29,19.12,19.12,-4.04,-12.15,-32.97,-23.74,-36.16,0.904282,19,-1.72,-0.78,-11.77,1.04,-2.46,-4.04,-8.26,-21.46,10.89,-13.22,0.997706,38
17-09-2025,NASDAQ:APLS,"Apellis Pharmaceuticals, Inc. - Common Stock",2921,2071058,3.81,23.82,-2.39,-12.68,-18.26,-16.50,23.17,-5.42,-42.74,-54.41,-16.86,-16.86,-36.68,37.61,45.6,45.6,-18.82,13.54,-23.80,-53.08,-74.39,0.904276,19,-16.50,34.05,-37.21,-35.40,-8.18,-18.82,26.57,-46.90,-25.55,-18.94,1.080647,89
17-09-2025,NASDAQ:VTRS,Viatris Inc. - Common Stock,11216,9086809,2.05,9.56,-0.42,-9.31,-10.46,-10.98,5.96,3.24,-33.37,-22.91,-10.57,-10.57,-28.5,9.38,31.68,31.68,-13.30,-3.67,-15.14,-43.71,-42.89,0.904027,19,-10.98,15.27,-2.89,-37.84,7.84,-13.30,7.79,-12.58,-27.99,-2.92,1.016817,58
17-09-2025,NYSE:FDX,FedEx Corporation Common Stock,53272,1717006,2.12,227.7,0.88,0.86,1.55,0.19,0.41,-7.73,-23.48,-25.60,-6.37,-7.86,-25.38,4.88,14.96,14.96,-2.13,-9.22,-26.11,-33.82,-45.58,0.903966,19,0.19,0.22,-8.17,-14.62,-1.72,-2.13,-7.26,-17.86,-4.77,-12.48,1.01352,55
17-09-2025,NYSE:EPRT,"Essential Properties Realty Trust, Inc. Common Stock",5844,1522156,1.48,29.41,-1.73,-1.90,-4.49,-3.43,-8.91,-8.40,-12.17,-10.13,-10.74,-11.09,-14.73,0,3.37,3.37,-5.75,-18.54,-26.78,-22.51,-30.11,0.903871,19,-3.43,-5.29,0.47,-3.48,1.82,-5.75,-12.77,-9.22,6.37,-8.94,0.978721,19
17-09-2025,NYSE:ACI,"Albertsons Companies, Inc. Class A Common Stock",10296,5611860,1.65,18.45,0.27,-1.52,-4.39,-4.01,-16.64,-18.86,1.19,-2.98,-18.87,-19.47,-19.47,0.27,0.27,2.44,-6.33,-26.27,-37.24,-9.15,-22.96,0.903775,19,-4.01,-12.14,-1.91,16.87,-4.22,-6.33,-19.62,-11.60,26.72,-14.98,0.959405,9
17-09-2025,NYSE:DT,"Dynatrace, Inc. Common Stock",14490,3490754,2.7,47.82,-1.65,-5.92,-5.67,-0.88,-13.93,-5.35,-17.71,-5.77,-15.57,-15.57,-23.39,3.87,16.04,16.04,-3.20,-23.56,-23.73,-28.05,-25.75,0.903379,19,-0.88,-12.94,7.53,-11.73,10.14,-3.20,-20.42,-2.16,-1.88,-0.62,0.971586,15
17-09-2025,NYSE:CPT,Camden Property Trust Common Stock,15163,829096,1.61,107.12,-1.17,-4.21,-1.36,0.28,-8.44,-12.15,-12.45,-14.92,-7.86,-12.77,-15.67,2.95,2.95,2.95,-2.04,-18.07,-30.53,-22.79,-34.90,0.903186,19,0.28,-8.74,-3.42,-0.27,-2.19,-2.04,-16.22,-13.11,9.58,-12.95,0.98725,26
17-09-2025,NYSE:HRB,"H&R Block, Inc. Common Stock",6877,1905765,2.22,50.19,0.12,-2.45,-0.32,0.08,-9.28,-3.87,-12.21,-25.06,-11.58,-20.38,-22.14,1.66,1.66,1.66,-2.24,-18.91,-22.25,-22.55,-45.04,0.903138,19,0.08,-9.37,4.96,-8.04,-11.45,-2.24,-16.85,-4.73,1.81,-22.21,0.992472,32
17-09-2025,NASDAQ:JBLU,JetBlue Airways Corporation - Common Stock,1844,19033384,4.85,5.07,3.16,-1.38,-8.28,-2.96,9.86,-11.83,-48.52,-16.77,-7.65,-10.58,-37.33,26.43,48.03,48.03,-5.28,0.23,-30.21,-58.86,-36.75,0.902951,19,-2.96,12.45,-24.07,-32.80,21.38,-5.28,4.97,-33.76,-22.95,10.62,1.035166,72
17-09-2025,NASDAQ:GDRX,"GoodRx Holdings, Inc. - Class A Common Stock",1425,2771611,5.12,4.23,3.55,2.36,-1.65,11.82,-4.73,-5.44,-14.89,-82.51,-17.38,-17.38,-45.42,21.9,21.9,21.9,9.50,-14.36,-23.82,-25.23,-102.49,0.90284,19,11.82,-18.77,-0.68,-8.97,-58.85,9.50,-26.25,-10.37,0.88,-69.61,1.054876,80
17-09-2025,NYSE:PCG,Pacific Gas & Electric Co. Common Stock,33165,25768455,3.55,14.95,-2.61,-0.13,-2.47,-0.47,9.03,-14.45,-32.51,-31.57,-4.96,-16.34,-30.88,15,15,15,-2.79,-0.60,-32.83,-42.85,-51.55,0.902806,18,-0.47,9.45,-25.81,-15.78,0.71,-2.79,1.97,-35.50,-5.93,-10.05,1.039006,74
17-09-2025,NASDAQ:VERA,"Vera Therapeutics, Inc. - Class A Common Stock",1566,1862663,5.54,24.76,2.10,-1.29,8.68,13.00,11.75,-13.37,-87.64,-44.02,-1.28,-22.61,-50.23,28.62,31.28,31.28,10.68,2.12,-31.75,-97.98,-64.00,0.902718,18,13.00,-1.44,-28.47,-65.51,23.25,10.68,-8.92,-38.16,-55.66,12.49,1.091019,91
17-09-2025,NASDAQ:ACGL,Arch Capital Group Ltd. - Common Stock,32601,1855639,1.8,87.38,-2.84,-2.55,-4.51,-3.82,-4.30,-9.04,-7.66,-26.18,-6.59,-9.86,-23.92,2.07,2.81,2.81,-6.14,-13.93,-27.42,-18.00,-46.16,0.902697,18,-3.82,-0.46,-4.54,1.27,-17.21,-6.14,-7.94,-14.23,11.12,-27.97,0.997678,38
17-09-2025,NASDAQ:TXN,Texas Instruments Incorporated - Common Stock,163917,6942948,2.14,177.63,-0.32,-4.17,-12.49,-9.54,-12.15,-1.33,-7.92,-10.33,-19.72,-19.72,-19.72,0,21.99,21.99,-11.86,-21.78,-19.71,-18.26,-30.31,0.902489,18,-9.54,-2.39,9.65,-6.51,-2.23,-11.86,-9.87,-0.04,3.34,-12.99,0.966418,12
17-09-2025,NYSE:AHH,"Armada Hoffler Properties, Inc. Common Stock",757,512331,2.05,7.47,1.07,3.08,4.82,5.76,7.36,-2.41,-45.25,-58.77,0,-5.44,-39.02,11.66,17.27,17.27,3.44,-2.27,-20.79,-55.59,-78.75,0.902032,18,5.76,1.70,-10.55,-41.83,-9.31,3.44,-5.78,-20.24,-31.98,-20.07,1.061516,83
17-09-2025,NYSE:BCE,"BCE, Inc. Common Stock",21905,2822946,1.52,23.43,-1.11,-3.29,-4.27,-9.30,4.44,-1.15,-10.84,-50.49,-8.97,-8.97,-34.2,7.92,12.27,12.27,-11.62,-5.19,-19.53,-21.18,-70.47,0.901991,18,-9.30,12.57,-5.85,-9.58,-35.77,-11.62,5.09,-15.54,0.27,-46.53,1.026916,67
17-09-2025,NYSE:EVEX,"Eve Holding, Inc. Common Stock",1101,1151839,5.39,3.75,-1.87,0.00,-6.40,-23.20,-54.67,16.00,-18.40,25.07,-50.07,-50.07,-50.07,1.9,20.97,39.93,-25.52,-64.30,-2.38,-28.74,5.09,0.901981,18,-23.20,-25.54,45.69,-40.95,36.71,-25.52,-33.02,36.00,-31.10,25.95,0.89314,1
17-09-2025,NYSE:SXC,"SunCoke Energy, Inc. Common Stock",663,884075,2.48,7.91,0.13,4.55,3.79,4.68,-4.42,-14.54,-54.24,1.90,-10.42,-19.29,-37.81,9.41,9.41,9.41,2.36,-14.05,-32.92,-64.58,-18.08,0.901957,18,4.68,-9.55,-9.69,-34.66,36.39,2.36,-17.03,-19.38,-24.81,25.63,1.003955,45
17-09-2025,NYSE:BIRK,Birkenstock Holding plc Ordinary Shares,8393,1678671,2.84,45.66,-0.94,-3.75,-10.51,-9.07,-15.75,3.04,-18.59,-1.69,-14.49,-20.87,-26.56,0,8.64,8.64,-11.39,-25.38,-15.34,-28.93,-21.67,0.901934,18,-9.07,-6.12,16.23,-22.32,14.26,-11.39,-13.60,6.54,-12.47,3.50,0.95922,9
17-09-2025,NYSE:PB,"Prosperity Bancshares, Inc. Common Stock",6253,1086095,1.75,65.21,-1.00,-2.59,-5.90,-3.01,-3.85,-8.63,-25.61,-9.60,-12.72,-12.72,-23.35,0,2.27,2.27,-5.33,-13.48,-27.01,-35.95,-29.58,0.901905,18,-3.01,-0.82,-4.61,-15.63,12.75,-5.33,-8.30,-14.30,-5.78,1.99,0.991581,31
17-09-2025,NYSE:ABM,ABM Industries Incorporated Common Stock,2762,676379,2.46,44.78,-1.59,-2.48,-8.87,-7.50,-0.18,-6.50,-26.69,-10.21,-9.83,-15.06,-23.6,3.04,6.01,6.01,-9.82,-9.81,-24.88,-37.03,-30.19,0.901886,18,-7.50,6.81,-6.31,-18.96,13.01,-9.82,-0.67,-16.00,-9.11,2.25,0.995089,36
17-09-2025,NASDAQ:HOLX,"Hologic, Inc. - Common Stock",15169,1649994,1.76,63.33,-0.74,-5.35,-5.18,-7.07,-2.92,2.38,-19.26,-26.99,-8.19,-8.19,-24.35,0.11,20.1,20.1,-9.39,-12.55,-16.00,-29.60,-46.97,0.901814,18,-7.07,3.88,5.15,-22.18,-6.47,-9.39,-3.60,-4.54,-12.33,-17.23,0.999593,40
17-09-2025,NYSE:FCPT,"Four Corners Property Trust, Inc. Common Stock",2650,552849,1.39,25.37,-0.99,-2.52,-1.02,-0.24,-7.57,-11.23,-14.03,-17.38,-8.9,-11.6,-17.15,0.87,0.87,0.87,-2.56,-17.20,-29.61,-24.37,-37.36,0.901758,18,-0.24,-7.31,-3.41,-2.52,-2.94,-2.56,-14.79,-13.10,7.33,-13.70,0.990027,29
17-09-2025,NYSE:HAL,Halliburton Company Common Stock,18970,10708161,3.09,22.42,2.81,2.99,-1.20,5.80,-2.19,-12.49,-30.24,-24.98,-2.86,-12.76,-29.92,10.66,16.41,16.41,3.48,-11.82,-30.87,-40.58,-44.96,0.90157,18,5.80,-8.48,-10.08,-15.78,4.04,3.48,-15.96,-19.77,-5.93,-6.72,1.016132,57
17-09-2025,NASDAQ:CRNX,"Crinetics Pharmaceuticals, Inc. - Common Stock",3221,1148468,4.38,34.1,0.97,-7.04,2.35,9.91,8.50,-3.23,-76.39,-50.23,-6.58,-6.58,-43.81,27,33.41,33.41,7.59,-1.13,-21.61,-86.73,-70.21,0.901255,18,9.91,-1.56,-12.82,-70.88,14.83,7.59,-9.04,-22.51,-61.03,4.07,1.078478,88
17-09-2025,NASDAQ:FORM,"FormFactor, Inc. - Common Stock",2450,631437,2.83,31.9,3.70,7.74,10.88,10.03,-9.34,-2.35,-34.80,-34.20,-12.27,-12.27,-34.52,15.5,37.62,37.62,7.71,-18.97,-20.73,-45.14,-54.18,0.901145,18,10.03,-21.53,6.39,-31.70,0.44,7.71,-29.01,-3.30,-21.85,-10.32,1.016577,58
17-09-2025,NYSE:FIG,"Figma, Inc. Class A Common Stock",26830,9019937,6.73,53.67,-0.84,0.65,-22.17,-47.98,NA,NA,NA,NA,-56.01,-56.01,-56.01,5.11,5.11,5.11,-50.30,NA,NA,NA,NA,0.901074,18,-47.98,NA,NA,NA,NA,-50.30,NA,NA,NA,NA,0.951523,7
17-09-2025,NASDAQ:PAYX,"Paychex, Inc. - Common Stock",47718,2052502,1.65,131.62,-0.27,-2.12,-3.30,-5.04,-16.76,-12.44,-7.31,-1.95,-14.35,-17.62,-17.62,0,0,0,-7.36,-26.39,-30.82,-17.65,-21.93,0.900619,18,-5.04,-11.16,3.70,4.56,4.99,-7.36,-18.64,-5.99,14.41,-5.77,0.957092,8
17-09-2025,NASDAQ:FA,First Advantage Corporation - Common Stock,2711,658802,3.25,15.6,-0.19,-1.92,-1.92,-5.64,-14.55,14.10,-26.99,-23.59,-15.22,-16.08,-23.15,0,20.09,23.22,-7.96,-24.18,-4.28,-37.33,-43.57,0.900539,18,-5.64,-8.43,25.01,-47.84,2.68,-7.96,-15.91,15.32,-37.99,-8.08,0.987162,26
17-09-2025,NASDAQ:BCRX,"BioCryst Pharmaceuticals, Inc. - Common Stock",1616,2369180,2.58,7.75,0.65,-4.26,-6.97,-8.00,-32.77,0.13,-1.42,0.00,-24.68,-30.74,-30.74,0.65,20.9,20.9,-10.32,-42.40,-18.25,-11.76,-19.98,0.900419,18,-8.00,-22.94,24.78,-1.55,1.40,-10.32,-30.42,15.09,8.30,-9.36,0.930734,4
17-09-2025,NASDAQ:ALKS,Alkermes plc - Ordinary Shares,4601,2025851,3.56,27.39,3.18,-1.68,-7.34,-6.06,-7.41,-25.48,-12.96,3.03,-10.08,-21.27,-23.92,4.82,4.82,6.58,-8.38,-17.04,-43.86,-23.30,-16.95,0.900412,18,-6.06,-1.27,-16.83,9.98,14.16,-8.38,-8.75,-26.52,19.83,3.40,0.971489,15
17-09-2025,NYSE:BDX,"Becton, Dickinson and Company Common Stock",53763,1669516,1.79,186.21,0.25,-2.30,-1.04,-5.23,7.58,-22.35,-18.70,-26.47,-6.74,-19.78,-25.24,10.56,12.75,12.75,-7.55,-2.05,-40.73,-29.04,-46.45,0.900229,18,-5.23,12.17,-32.38,2.98,-6.54,-7.55,4.69,-42.07,12.83,-17.30,1.026102,67
17-09-2025,NYSE:AMT,American Tower Corporation (REIT) Common Stock,91183,3011073,2.09,194.73,1.15,0.07,-2.96,-5.85,-10.40,-9.22,-2.50,-21.78,-16.19,-16.19,-18.97,1.16,1.16,12.26,-8.17,-20.03,-27.60,-12.84,-41.76,0.900054,18,-5.85,-4.30,1.07,6.16,-18.81,-8.17,-11.78,-8.62,16.01,-29.57,0.980912,21
17-09-2025,NASDAQ:JKHY,"Jack Henry & Associates, Inc. - Common Stock",11643,775699,1.66,159.07,0.40,-2.31,-1.07,-0.83,-13.56,-11.39,-12.43,-10.35,-12.64,-14.49,-16.84,0.4,0.4,0.4,-3.15,-23.19,-29.77,-22.77,-30.33,0.900052,17,-0.83,-12.63,1.91,-0.94,1.85,-3.15,-20.11,-7.78,8.91,-8.91,0.973671,16
17-09-2025,NYSE:AVB,"AvalonBay Communities, Inc. Common Stock",27377,800852,1.55,192.28,-0.29,-1.54,1.70,0.88,-7.77,-10.13,-17.62,-20.50,-7.41,-10.82,-19.15,5.23,5.23,5.23,-1.44,-17.40,-28.51,-27.96,-40.48,0.89987,17,0.88,-8.73,-2.19,-6.81,-2.45,-1.44,-16.21,-11.88,3.04,-13.21,0.993508,34
17-09-2025,NYSE:RSKD,Riskified Ltd. Class A Ordinary Shares,729,830064,4.07,4.48,-1.79,-6.47,-5.36,-17.41,-8.48,-0.45,-13.84,-3.57,-20.14,-20.14,-24.07,7.69,9.8,9.8,-19.73,-18.11,-18.83,-24.18,-23.55,0.899765,17,-17.41,7.60,7.41,-13.33,9.02,-19.73,0.12,-2.28,-3.48,-1.74,0.962073,10
17-09-2025,NYSE:HLN,Haleon plc American Depositary Shares (Each representing two Ordinary Shares),41478,8666141,1.27,9.28,-4.31,-5.06,-5.17,-3.99,-15.52,-11.10,-5.28,-11.85,-13.43,-18.67,-18.67,0.32,0.32,3,-6.31,-25.15,-29.48,-15.62,-31.83,0.899071,17,-3.99,-11.09,3.82,5.24,-6.24,-6.31,-18.57,-5.87,15.09,-17.00,0.96709,13
17-09-2025,NASDAQ:STGW,Stagwell Inc. - Class A Common Stock,1348,1049261,3.69,5.25,-1.14,-4.19,-6.48,-5.90,14.38,-14.67,-43.43,-34.29,-8.85,-16.67,-35.19,22.38,26.2,26.2,-8.22,4.75,-33.05,-53.77,-54.27,0.898933,17,-5.90,19.15,-33.93,-25.08,6.37,-8.22,11.67,-43.62,-15.23,-4.39,1.052089,79
17-09-2025,NASDAQ:WERN,"Werner Enterprises, Inc. - Common Stock",1653,604541,2.92,28.55,0.81,0.63,0.14,1.89,0.81,-5.85,-40.53,-27.57,-4.77,-5.59,-31.7,9.68,15.77,15.77,-0.43,-8.82,-24.23,-50.87,-47.55,0.898893,17,1.89,-1.11,-6.71,-32.76,9.22,-0.43,-8.59,-16.40,-22.91,-1.54,1.022502,63
17-09-2025,NASDAQ:MAT,"Mattel, Inc. - Common Stock",5555,2845064,2.18,17.38,-0.23,-5.47,-4.26,-4.60,-11.22,-16.05,-10.41,-6.50,-15.43,-15.43,-20.78,3.08,19.45,19.45,-6.92,-20.85,-34.43,-20.75,-26.48,0.89871,17,-4.60,-6.33,-4.35,4.86,3.54,-6.92,-13.81,-14.04,14.71,-7.22,0.970674,15
17-09-2025,NYSE:EIX,Edison International Common Stock,21381,3222545,2.97,55.18,-1.23,0.74,-1.11,-0.58,12.38,-6.85,-47.84,-53.37,-2.08,-7.91,-37.55,14.13,14.2,14.2,-2.90,2.75,-25.23,-58.18,-73.35,0.898671,17,-0.58,12.88,-21.94,-38.36,-3.74,-2.90,5.40,-31.63,-28.51,-14.50,1.063626,84
17-09-2025,NYSE:KREF,KKR Real Estate Finance Trust Inc. Common Stock,617,587560,1.79,9.36,-1.50,-4.38,-1.50,1.39,1.82,-18.70,-22.76,-30.13,-5.17,-17.97,-27.22,6.73,8.84,8.84,-0.93,-7.81,-37.08,-33.10,-50.11,0.898476,17,1.39,0.43,-20.89,-3.42,-6.01,-0.93,-7.05,-30.58,6.43,-16.77,1.021318,62
17-09-2025,NYSE:WLK,Westlake Corporation Common Stock,11152,1047954,3.47,87.7,1.08,1.93,1.33,4.24,12.86,-22.79,-37.69,-56.56,-3.2,-18.56,-41.65,23.21,25.59,25.59,1.92,3.23,-41.17,-48.03,-76.54,0.898473,17,4.24,9.00,-40.92,-12.13,-13.71,1.92,1.52,-50.61,-2.28,-24.47,1.071729,87
17-09-2025,NYSE:IR,Ingersoll Rand Inc. Common Stock,31399,2931022,2.3,77.7,-1.74,-2.52,-0.31,-0.80,-5.03,-6.78,-30.86,-15.65,-12.72,-12.72,-26.25,3.63,16.4,16.4,-3.12,-14.66,-25.16,-41.20,-35.63,0.898451,17,-0.80,-4.20,-1.67,-22.55,11.62,-3.12,-11.68,-11.36,-12.70,0.86,0.997163,37
17-09-2025,NYSE:DEA,"Easterly Government Properties, Inc. Common Stock",1057,539337,2.29,23.31,-0.21,2.19,1.80,5.88,1.42,-14.97,-26.34,-45.65,-1.44,-13.02,-35.56,6.88,16.7,16.7,3.56,-8.21,-33.35,-36.68,-65.63,0.898244,17,5.88,-4.74,-16.62,-9.89,-15.28,3.56,-12.22,-26.31,-0.04,-26.04,1.035607,72
17-09-2025,NYSE:GPN,Global Payments Inc. Common Stock,20707,2172863,2.15,84.29,0.15,-3.11,-3.20,-2.97,8.85,-13.51,-38.89,-29.73,-6.35,-15.64,-29.39,10.91,24.93,24.93,-5.29,-0.78,-31.89,-49.23,-49.71,0.898219,17,-2.97,11.48,-24.53,-22.36,6.59,-5.29,4.00,-34.22,-12.51,-4.17,1.035966,72
17-09-2025,NYSE:CHD,"Church & Dwight Company, Inc. Common Stock",22412,1822236,1.61,91.52,0.30,-3.70,-1.89,-1.05,-6.85,-19.45,-15.36,-13.14,-7.64,-17.37,-19.15,0.66,0.66,0.66,-3.37,-16.48,-37.83,-25.70,-33.12,0.897884,17,-1.05,-5.74,-11.79,3.42,1.92,-3.37,-13.22,-21.48,13.27,-8.84,0.988313,27
17-09-2025,NASDAQ:PYPL,"PayPal Holdings, Inc. - Common Stock",65558,9782378,2.11,66.85,-0.39,-1.24,-3.59,-3.56,-8.09,-4.19,-35.75,-5.25,-14.54,-14.54,-27.19,1.84,16.44,16.44,-5.88,-17.72,-22.57,-46.09,-25.23,0.897852,17,-3.56,-4.38,3.61,-30.29,22.47,-5.88,-11.86,-6.08,-20.44,11.71,0.984615,24
17-09-2025,NASDAQ:BNTX,BioNTech SE - American Depositary Shares,23862,1240918,3.68,99.26,1.39,-2.85,-1.37,-14.37,-7.12,-1.61,-20.23,-5.78,-13.92,-17.65,-21.77,2.6,14.55,14.55,-16.69,-16.75,-19.99,-30.57,-25.76,0.897603,17,-14.37,6.33,5.14,-18.32,12.02,-16.69,-1.15,-4.55,-8.47,1.26,0.970399,14
17-09-2025,NASDAQ:SGRY,"Surgery Partners, Inc. - Common Stock",2794,1339884,2.75,21.56,-0.19,-1.76,-4.73,-5.75,-7.47,-13.17,2.60,-38.96,-9.56,-11.64,-34.92,11.71,11.71,11.71,-8.07,-17.10,-31.55,-7.74,-58.94,0.897473,17,-5.75,-1.62,-5.31,13.93,-42.67,-8.07,-9.10,-15.00,23.78,-53.43,1.000609,41
17-09-2025,NYSE:AMH,American Homes 4 Rent Common Shares of Beneficial Interest,12374,2563842,1.71,33.36,-0.24,-3.84,-3.90,-4.26,-8.09,-7.91,-13.16,-21.70,-9.35,-15.14,-18.87,0,1.71,1.71,-6.58,-17.72,-26.29,-23.50,-41.68,0.89741,17,-4.26,-3.68,0.17,-4.86,-7.55,-6.58,-11.16,-9.52,4.99,-18.31,0.987061,26
17-09-2025,NYSE:PFLT,PennantPark Floating Rate Capital Ltd. Common Stock,970,898638,1.26,9.72,-1.03,-4.73,-4.73,-5.25,-4.63,-14.09,-13.17,-18.62,-10.17,-14.89,-18.25,0,5.88,5.88,-7.57,-14.26,-32.47,-23.51,-38.60,0.897318,17,-5.25,0.59,-9.05,0.81,-4.82,-7.57,-6.89,-18.74,10.66,-15.58,0.99078,30
17-09-2025,NYSE:TKC,Turkcell Iletisim Hizmetleri AS Common Stock,4946,2126064,1.72,5.86,2.73,6.48,4.10,0.34,-2.05,-29.35,-12.97,-20.14,-5.94,-22.69,-22.69,7.92,7.92,7.92,-1.98,-11.68,-47.73,-23.31,-40.12,0.897296,17,0.34,-2.40,-26.76,12.66,-6.34,-1.98,-9.88,-36.45,22.51,-17.10,1.006598,48
17-09-2025,NASDAQ:CPRT,"Copart, Inc. - Common Stock",45079,7133511,2.18,46.57,-2.21,-3.22,-4.10,-1.10,-3.91,-15.42,-34.44,-6.23,-6.8,-27.05,-27.05,2.74,2.74,2.74,-3.42,-13.54,-33.80,-44.78,-26.21,0.89729,17,-1.10,-2.78,-11.08,-16.48,20.99,-3.42,-10.26,-20.77,-6.63,10.23,0.994015,34
17-09-2025,NASDAQ:AMGN,Amgen Inc. - Common Stock,147893,1993356,1.77,273.085,-0.48,-2.52,-5.07,-8.56,-8.23,-16.14,-0.12,-20.86,-11.69,-14.3,-19.06,0.24,4.12,5.61,-10.88,-17.86,-34.52,-10.46,-40.84,0.897271,17,-8.56,0.31,-7.31,13.80,-20.72,-10.88,-7.17,-17.00,23.65,-31.48,0.982294,22
17-09-2025,NASDAQ:RELY,"Remitly Global, Inc. - Common stock",3594,3459472,3.65,17.2,3.08,-17.73,-10.00,-13.95,-13.55,-13.49,-26.28,15.93,-16.67,-29.77,-36.62,8.93,8.93,35.54,-16.27,-23.18,-31.87,-36.62,-4.05,0.897235,17,-13.95,0.36,0.05,-11.27,33.43,-16.27,-7.12,-9.64,-1.42,22.67,0.94662,6
17-09-2025,NYSE:HUYA,"HUYA Inc. American depositary shares, each  representing one Class A ordinary share",749,1664836,5.43,3.37,-4.15,-4.45,-4.75,1.78,-18.40,-34.72,6.23,-17.21,-15.54,-25.77,-45.91,45.26,45.26,45.26,-0.54,-28.03,-53.10,-4.11,-37.19,0.896964,16,1.78,-20.54,-13.78,30.40,-25.00,-0.54,-28.02,-23.47,40.25,-35.76,0.978879,19
17-09-2025,NYSE:FTV,Fortive Corporation Common Stock,16250,3948374,1.95,48.75,0.39,2.13,2.85,1.21,-9.35,-15.50,-20.97,-13.43,-9.62,-14.82,-22.02,4.73,4.73,4.73,-1.11,-18.98,-33.88,-31.31,-33.41,0.896919,16,1.21,-10.69,-5.62,-4.74,6.23,-1.11,-18.17,-15.31,5.11,-4.53,0.986987,26
17-09-2025,NYSE:MAA,"Mid-America Apartment Communities, Inc. Common Stock",16319,716346,1.59,139.39,-0.88,-4.33,-2.09,-1.08,-7.27,-18.01,-13.59,-17.97,-9.01,-17.03,-18.45,0.73,0.73,0.73,-3.40,-16.90,-36.39,-23.93,-37.95,0.896818,16,-1.08,-6.12,-10.00,3.74,-3.86,-3.40,-13.60,-19.69,13.59,-14.62,0.990283,29
17-09-2025,NYSE:POST,"Post Holdings, Inc. Common Stock",5588,686389,1.78,103.08,0.70,-2.72,-8.15,-5.29,-10.10,-10.55,-15.27,-11.00,-9.61,-12.98,-14.61,0.7,0.7,0.7,-7.61,-19.73,-28.93,-25.61,-30.98,0.896767,16,-5.29,-4.57,-0.41,-4.27,3.70,-7.61,-12.05,-10.10,5.58,-7.06,0.975425,17
17-09-2025,NASDAQ:ASO,"Academy Sports and Outdoors, Inc. - Common Stock",3103,1726135,3.77,46.36,-0.22,-5.18,-6.77,-16.52,-0.71,-0.78,-17.60,-20.58,-18.48,-18.48,-26.12,5.36,35.95,35.95,-18.84,-10.34,-19.16,-27.94,-40.56,0.896707,16,-16.52,13.57,-0.06,-16.70,-2.53,-18.84,6.09,-9.75,-6.85,-13.29,0.989687,29
17-09-2025,NYSE:WIT,Wipro Limited Common Stock,30246,6363945,1.46,2.78,0.72,0.36,0.72,1.80,-8.99,-9.71,-30.22,-14.39,-10.61,-11.46,-26.26,5.9,5.9,5.9,-0.52,-18.62,-28.09,-40.56,-34.37,0.896397,16,1.80,-10.99,-0.66,-18.69,12.15,-0.52,-18.47,-10.35,-8.84,1.39,0.991507,31
17-09-2025,NYSE:ANF,Abercrombie & Fitch Company Common Stock,4019,2187995,4.64,86.72,-1.04,-9.69,-6.01,-8.19,13.51,4.70,-58.22,-58.60,-16.1,-16.1,-47.05,15.66,29.55,29.55,-10.51,3.88,-13.68,-68.56,-78.58,0.89639,16,-8.19,20.06,-10.19,-66.03,-0.24,-10.51,12.58,-19.88,-56.18,-11.00,1.068024,86
17-09-2025,NASDAQ:ROP,"Roper Technologies, Inc. - Common Stock",54845,876273,1.58,502.44,-0.56,-3.43,-3.29,-5.41,-12.58,-14.56,-9.54,-9.73,-12.31,-15.21,-15.39,0,0,0,-7.73,-22.21,-32.94,-19.88,-29.71,0.896141,16,-5.41,-6.80,-1.76,4.38,-0.17,-7.73,-14.28,-11.45,14.23,-10.93,0.969343,14
17-09-2025,NYSE:CCI,Crown Castle Inc. Common Stock,40747,3920622,1.9,93.57,0.00,-0.99,-4.84,-8.68,-5.80,-9.98,-6.00,-27.25,-17.86,-17.86,-22.19,0,0,10.96,-11.00,-15.43,-28.36,-16.34,-47.23,0.896133,16,-8.68,2.65,-3.95,3.62,-20.05,-11.00,-4.83,-13.64,13.47,-30.81,0.990216,29
17-09-2025,NASDAQ:AKAM,"Akamai Technologies, Inc. - Common Stock",10874,1665238,2.2,76.38,-0.10,-2.33,-0.79,2.57,-4.73,-8.39,-30.95,-27.39,-5.41,-10.6,-28.4,8.29,11.98,11.98,0.25,-14.36,-26.77,-41.29,-47.37,0.896001,16,2.57,-7.48,-3.50,-20.81,2.72,0.25,-14.96,-13.19,-10.96,-8.04,1.00846,50
17-09-2025,NYSE:KNX,Knight-Swift Transportation Holdings Inc.,6771,2392098,3.14,42.56,2.26,-0.80,-1.95,0.14,-1.88,-10.46,-33.86,-22.09,-11.74,-11.74,-28.59,3.86,11.53,11.53,-2.18,-11.51,-28.84,-44.20,-42.07,0.895829,16,0.14,-2.02,-8.42,-21.19,8.79,-2.18,-9.50,-18.11,-11.34,-1.97,1.008752,51
17-09-2025,NYSE:KMT,Kennametal Inc. Common Stock,1568,834602,2.18,20.73,-1.06,-1.54,-2.56,-1.40,-7.33,-3.62,-30.15,-20.12,-19.34,-19.34,-33.62,3.81,18.19,18.19,-3.72,-16.96,-22.00,-40.49,-40.10,0.895795,16,-1.40,-5.85,3.46,-25.61,7.71,-3.72,-13.33,-6.23,-15.76,-3.05,0.995018,35
17-09-2025,NASDAQ:OCSL,Oaktree Specialty Lending Corporation - Closed End Fund,1181,514662,1.36,13.32,0.60,-3.68,-4.35,-1.28,-2.70,-15.99,-21.10,-23.20,-9.26,-15.59,-19.86,0.6,2.94,2.94,-3.60,-12.33,-34.37,-31.44,-43.18,0.89566,16,-1.28,-1.41,-12.94,-4.40,-1.74,-3.60,-8.89,-22.63,5.45,-12.50,1.003229,44
17-09-2025,NYSE:YELP,Yelp Inc. Common Stock,2003,827216,1.97,31.46,-0.06,-0.76,0.22,1.37,-13.25,-11.51,-29.08,-7.09,-11.7,-23.14,-23.73,3.22,3.22,3.22,-0.95,-22.88,-29.89,-39.42,-27.07,0.895366,16,1.37,-14.82,1.54,-15.76,17.04,-0.95,-22.30,-8.15,-5.91,6.28,0.97859,19
17-09-2025,NASDAQ:PPC,Pilgrim's Pride Corporation - Common Stock,10053,1446111,2.55,42.54,-0.66,-2.63,-4.94,-12.76,-8.04,-16.60,-17.51,2.99,-15.61,-24.39,-24.39,0,0,5.38,-15.08,-17.67,-34.98,-27.85,-16.99,0.895336,16,-12.76,4.19,-7.92,-0.79,17.44,-15.08,-3.29,-17.61,9.06,6.68,0.963039,11
17-09-2025,NASDAQ:CPB,The Campbell's Company - Common Stock,9817,7409980,2.55,33.56,2.06,-0.54,6.26,3.13,3.87,-16.24,-28.13,-48.33,-1.38,-15.93,-34.91,10.36,10.36,10.36,0.81,-5.76,-34.62,-38.47,-68.31,0.895187,16,3.13,0.77,-20.92,-10.23,-15.77,0.81,-6.71,-30.61,-0.38,-26.53,1.039474,74
17-09-2025,NASDAQ:SNY,Sanofi - American Depositary Shares,114016,2769991,1.4,46.86,0.51,-1.26,-5.80,-6.21,-5.44,-25.74,-2.41,-21.11,-8.74,-20.72,-21.14,3.38,3.38,3.38,-8.53,-15.07,-44.12,-12.75,-41.09,0.895184,16,-6.21,0.72,-19.25,18.55,-18.25,-8.53,-6.76,-28.94,28.40,-29.01,0.992251,32
17-09-2025,NYSE:AVNT,Avient Corporation Common Stock,3285,500225,2.42,35.77,-0.22,-3.38,-2.40,0.89,2.35,-13.64,-37.43,-28.52,-5.52,-12,-32.73,13.3,23.64,23.64,-1.43,-7.28,-32.02,-47.77,-48.50,0.895143,16,0.89,1.47,-16.38,-20.93,6.49,-1.43,-6.01,-26.07,-11.08,-4.27,1.023365,64
17-09-2025,NASDAQ:IART,Integra LifeSciences Holdings Corporation - Common Stock,1153,1242966,4.44,14.83,-1.62,-4.05,-2.23,4.32,16.45,-55.90,-62.85,-19.02,-7.25,-35.86,-44.46,33.24,33.24,33.24,2.00,6.82,-74.28,-73.19,-39.00,0.895117,16,4.32,12.68,-86.60,-4.46,26.92,2.00,5.20,-96.29,5.39,16.16,1.080715,89
17-09-2025,NASDAQ:SDGR,"Schrodinger, Inc. - Common Stock",1401,974591,3.76,19.11,3.40,-1.83,0.00,-1.39,-10.94,-24.18,-13.87,-7.74,-17.02,-28.4,-28.4,5.29,6.34,12.54,-3.71,-20.57,-42.56,-24.21,-27.72,0.894888,16,-1.39,-9.42,-11.93,8.30,5.38,-3.71,-16.90,-21.62,18.15,-5.38,0.976952,18
17-09-2025,NASDAQ:IMTX,Immatics N.V. - Ordinary Shares,733,844978,5.87,6,5.00,3.50,11.00,-5.50,-1.67,17.00,-25.33,-107.67,-10.18,-10.18,-52.87,17.88,71.43,71.43,-7.82,-11.30,-1.38,-35.67,-127.65,0.894795,16,-5.50,3.63,18.36,-51.00,-65.69,-7.82,-3.85,8.67,-41.15,-76.45,1.060407,83
17-09-2025,NASDAQ:ON,ON Semiconductor Corporation - Common Stock,20367,6882783,3.34,49.56,2.93,1.90,1.25,-3.09,-8.72,11.12,-37.15,-39.89,-20.64,-20.64,-33.65,5.49,55.12,55.12,-5.41,-18.35,-7.26,-47.49,-59.87,0.894144,16,-3.09,-5.46,18.24,-54.30,-2.00,-5.41,-12.94,8.55,-44.45,-12.76,1.010841,52
17-09-2025,NASDAQ:FANG,"Diamondback Energy, Inc. - Common Stock",40664,1898845,2.59,138.42,2.81,1.54,-8.26,-1.30,-9.11,-10.55,-18.41,-23.44,-9.49,-15.13,-30.62,2.89,16.08,16.08,-3.62,-18.74,-28.93,-28.75,-43.42,0.893834,15,-1.30,-7.71,-1.32,-7.10,-4.25,-3.62,-15.19,-11.01,2.75,-15.01,0.990245,29
17-09-2025,NASDAQ:QDEL,QuidelOrtho Corporation - Common Stock,1951,1222378,4.37,29.53,2.07,3.28,4.33,12.19,1.05,-22.59,-40.60,-51.71,-6.46,-21.08,-37.98,29.46,29.46,29.46,9.87,-8.58,-40.97,-50.94,-71.69,0.893801,15,12.19,-12.69,-23.89,-14.70,-7.90,9.87,-20.17,-33.58,-4.85,-18.66,1.049598,79
17-09-2025,NASDAQ:GPCR,Structure Therapeutics Inc. - American Depositary Shares,1254,1131658,6.31,21.79,7.30,2.48,7.85,7.66,5.60,0.00,-57.18,-84.90,-2.64,-20.89,-50.5,34.51,53.99,53.99,5.34,-4.03,-18.38,-67.52,-104.88,0.893605,15,7.66,-2.24,-5.93,-57.18,-17.64,5.34,-9.72,-15.62,-47.33,-28.40,1.07724,88
17-09-2025,NYSE:MTN,"Vail Resorts, Inc. Common Stock",5539,609002,2.54,148.87,1.25,0.99,-8.65,-3.05,-4.39,-9.16,-29.35,-19.71,-12.24,-12.24,-23.83,3.87,13.28,13.28,-5.37,-14.02,-27.54,-39.69,-39.69,0.893592,15,-3.05,-1.30,-4.57,-18.50,7.46,-5.37,-8.78,-14.26,-8.65,-3.30,0.997313,38
17-09-2025,NYSE:CWH,"Camping World Holdings, Inc. Class A Common Stock",1765,1856080,3.75,17.4,1.90,-2.59,0.92,0.80,-9.25,1.72,-38.79,-27.24,-8.95,-9.28,-30.92,25.72,48.97,48.97,-1.52,-18.88,-16.66,-49.13,-47.22,0.89354,15,0.80,-10.14,10.05,-41.23,8.32,-1.52,-17.62,0.36,-31.38,-2.44,1.003089,44
17-09-2025,NASDAQ:EQIX,"Equinix, Inc. - Common Stock",76266,407906,1.65,779.31,-1.59,-0.03,0.99,-0.26,-13.97,-10.00,-24.93,-11.48,-14.03,-14.78,-20.88,4.53,5.3,5.3,-2.58,-23.60,-28.38,-35.27,-31.46,0.893325,15,-0.26,-13.67,3.48,-13.57,10.76,-2.58,-21.15,-6.21,-3.72,0.00,0.976958,18
17-09-2025,NASDAQ:ETOR,eToro Group Ltd. - Class A Common Shares,3593,871648,4.55,43.43,0.18,-4.56,-7.60,-10.85,-41.61,NA,NA,NA,-35.53,-42.83,-42.83,1.88,1.88,1.88,-13.17,-51.24,NA,NA,NA,0.893158,15,-10.85,-27.75,NA,NA,NA,-13.17,-35.23,NA,NA,NA,0.856388,1
17-09-2025,NYSE:BV,"BrightView Holdings, Inc. Common Stock",1266,852546,2.65,13.57,-0.22,-1.11,-5.31,-7.37,-15.40,2.14,-26.90,-10.61,-19.47,-19.89,-27.55,0,11.23,11.23,-9.69,-25.03,-16.24,-37.24,-30.59,0.893031,15,-7.37,-7.48,15.20,-29.67,12.83,-9.69,-14.96,5.51,-19.82,2.07,0.969674,14
17-09-2025,NYSE:MMC,"Marsh & McLennan Companies, Inc. Common Stock",97047,2041122,1.49,196.83,-0.65,-2.57,-4.37,-5.27,-10.06,-18.33,-8.90,-16.87,-10.4,-19.42,-19.42,0,0,0,-7.59,-19.69,-36.71,-19.24,-36.85,0.892913,15,-5.27,-4.55,-7.52,7.97,-7.32,-7.59,-12.03,-17.21,17.82,-18.08,0.979222,20
17-09-2025,NYSE:CNH,CNH Industrial N.V. Common Shares,13571,11328539,2.21,10.93,0.46,-3.66,-2.47,-11.53,-18.76,-21.41,-9.97,7.96,-20.8,-20.8,-20.8,0.46,5.91,8.76,-13.85,-28.39,-39.79,-20.31,-12.02,0.89261,15,-11.53,-6.48,-2.23,9.42,16.31,-13.85,-13.96,-11.92,19.27,5.55,0.94096,5
17-09-2025,NYSE:KRP,Kimbell Royalty Partners Common Units Representing Limited Partner Interests,1631,440439,1.95,13.22,1.06,-3.03,-5.37,-8.47,-7.34,-8.02,-19.21,-16.57,-12.22,-12.22,-21.45,1.07,14.16,14.16,-10.79,-16.97,-26.40,-29.55,-36.55,0.892589,15,-8.47,1.05,-0.63,-10.36,2.22,-10.79,-6.43,-10.32,-0.51,-8.54,0.981451,22
17-09-2025,NYSE:CLX,Clorox Company (The) Common Stock,15338,1842864,1.67,124.85,1.63,-0.66,3.90,2.15,0.74,-18.89,-31.89,-32.13,-5.01,-16.03,-26.45,6.1,6.1,6.1,-0.17,-8.89,-37.27,-42.23,-52.11,0.892531,15,2.15,-1.44,-19.77,-10.93,-0.19,-0.17,-8.92,-29.46,-1.08,-10.95,1.022138,63
17-09-2025,NASDAQ:VNOM,"Viper Energy, Inc.  - Class A Common Stock",12372,1951954,2.95,38.19,1.81,0.03,-3.56,1.05,-8.46,-14.51,-32.78,-13.51,-8.48,-16.87,-32.47,4.54,4.63,4.63,-1.27,-18.09,-32.89,-43.12,-33.49,0.892141,15,1.05,-9.61,-5.58,-15.96,14.51,-1.27,-17.09,-15.27,-6.11,3.75,0.991255,30
17-09-2025,NASDAQ:NMFC,New Mountain Finance Corporation - Common Stock,1031,531111,1.34,9.78,-1.43,-7.36,-7.77,-5.32,-3.78,-11.86,-20.65,-24.95,-9.78,-12.05,-20.55,0,7.35,7.35,-7.64,-13.41,-30.24,-30.99,-44.93,0.892085,15,-5.32,1.46,-7.78,-7.86,-3.56,-7.64,-6.02,-17.47,1.99,-14.32,0.997161,37
17-09-2025,NYSE:BMY,Bristol-Myers Squibb Company Common Stock,93935,9916515,2,46.34,-0.02,-1.92,-2.31,-4.53,-5.01,-29.46,-22.25,-4.10,-5.39,-24.12,-26.57,7,7,7,-6.85,-14.64,-47.84,-32.59,-24.08,0.892022,15,-4.53,-0.45,-23.28,5.57,14.85,-6.85,-7.93,-32.97,15.42,4.09,0.984762,24
17-09-2025,NASDAQ:SAIC,Science Applications International Corporation - Common Stock,4731,556555,2.48,103.12,-0.79,0.33,-14.69,-14.07,-1.82,-8.51,-10.04,-30.86,-14.49,-16.44,-33.08,0.51,2.89,7.67,-16.39,-11.45,-26.89,-20.38,-50.84,0.892001,15,-14.07,10.74,-6.57,-1.40,-18.92,-16.39,3.26,-16.26,8.45,-29.68,0.995198,36
17-09-2025,NYSE:ARX,Accelerant Holdings Class A Common Shares,3623,1644471,7.61,16.95,-3.66,-18.47,-25.19,-67.14,NA,NA,NA,NA,-43.59,-43.59,-43.59,0,0,0,-69.46,NA,NA,NA,NA,0.89198,15,-67.14,NA,NA,NA,NA,-69.46,NA,NA,NA,NA,0.941919,5
17-09-2025,NYSE:CSL,Carlisle Companies Incorporated Common Stock,14278,488354,3.23,340.26,-4.62,-12.33,-11.24,-12.10,-5.47,-0.74,-25.51,-18.70,-21.8,-21.8,-29.25,0,7.3,7.3,-14.42,-15.10,-19.12,-35.85,-38.68,0.891976,15,-12.10,5.91,4.49,-24.59,5.43,-14.42,-1.57,-5.20,-14.74,-5.33,0.985314,24
17-09-2025,NYSE:FLR,Fluor Corporation Common Stock,6522,3488535,3.01,40.79,-1.69,0.20,-2.33,-2.67,-24.64,8.43,-36.87,-10.08,-28.15,-28.15,-30.78,2,32.18,32.18,-4.99,-34.27,-9.95,-47.21,-30.06,0.891859,15,-2.67,-21.39,26.53,-49.48,19.58,-4.99,-28.87,16.84,-39.63,8.82,0.969332,14
17-09-2025,NASDAQ:SFM,"Sprouts Farmers Market, Inc. - Common Stock",12056,1816413,2.53,125.52,-2.68,-8.36,-10.45,-16.03,-27.91,-12.32,-18.63,18.95,-27.57,-30.08,-30.08,0,0,23.39,-18.35,-37.54,-30.70,-28.97,-1.03,0.891852,15,-16.03,-10.24,12.18,-5.62,31.68,-18.35,-17.72,2.49,4.23,20.92,0.918279,3
17-09-2025,NYSE:DVA,DaVita Inc. Common Stock,9152,721549,2.11,130.11,-0.65,-5.07,-5.26,-4.05,-5.94,-14.70,-19.51,-21.16,-14.02,-16.33,-26.64,1.9,1.9,1.9,-6.37,-15.57,-33.08,-29.85,-41.14,0.891731,15,-4.05,-1.82,-8.27,-4.19,-1.38,-6.37,-9.30,-17.96,5.66,-12.14,0.991778,31
17-09-2025,NASDAQ:CTSH,Cognizant Technology Solutions Corporation - Class A Common Stock,34202,3700715,1.91,69.17,0.84,-2.33,-3.77,-1.20,-15.87,-15.69,-17.46,-10.32,-14.58,-15.45,-23.74,0.85,4.06,4.06,-3.52,-25.50,-34.07,-27.80,-30.30,0.891712,15,-1.20,-14.50,0.16,-1.54,6.08,-3.52,-21.98,-9.53,8.31,-4.68,0.969934,14
17-09-2025,NYSE:PHR,"Phreesia, Inc. Common Stock",1395,1242705,5.04,23.5,0.51,-12.98,-33.96,-22.13,-10.17,-14.60,-5.45,-1.11,-27.8,-27.8,-27.8,0.51,1.08,30.27,-24.45,-19.80,-32.98,-15.79,-21.09,0.891547,15,-22.13,9.79,-4.02,7.98,4.12,-24.45,2.31,-13.71,17.83,-6.64,0.951307,7
17-09-2025,NYSE:CRL,"Charles River Laboratories International, Inc. Common Stock",7516,788311,3.48,151.6,-0.42,-3.81,-6.37,-3.35,0.38,-15.44,-27.67,-28.18,-15.3,-15.3,-31.31,4.52,51.98,51.98,-5.67,-9.25,-33.82,-38.01,-48.16,0.891485,14,-3.35,3.61,-15.88,-10.59,-0.40,-5.67,-3.87,-25.57,-0.74,-11.16,1.01143,53
17-09-2025,NASDAQ:JBHT,"J.B. Hunt Transport Services, Inc. - Common Stock",13021,1132947,2.89,137.8,1.05,-2.32,-4.68,-4.10,-3.40,-8.46,-32.08,-22.54,-10.9,-10.9,-30.12,1.06,10.48,10.48,-6.42,-13.03,-26.84,-42.42,-42.52,0.891321,14,-4.10,0.67,-4.89,-21.78,7.22,-6.42,-6.81,-14.58,-11.93,-3.54,1.000522,41
17-09-2025,NYSE:ATKR,Atkore Inc. Common Stock,2013,534801,2.55,61.96,0.31,6.00,7.26,6.62,-6.68,-6.52,-43.14,-37.20,-22.2,-22.2,-40.68,15.06,19.11,19.11,4.30,-16.31,-24.90,-53.48,-57.18,0.891207,14,6.62,-14.24,0.15,-34.38,4.15,4.30,-21.72,-9.54,-24.53,-6.61,1.01935,60
17-09-2025,NYSE:ATR,"AptarGroup, Inc. Common Stock",8871,430925,1.67,135.21,0.27,-1.36,-0.89,-2.60,-12.19,-9.34,-27.44,-12.39,-16.44,-16.44,-23.24,0.27,1.16,1.16,-4.92,-21.82,-27.72,-37.78,-32.37,0.890934,14,-2.60,-9.35,2.54,-16.55,11.81,-4.92,-16.83,-7.15,-6.70,1.05,0.978487,19
17-09-2025,NYSE:AVY,Avery Dennison Corporation Common Stock,12862,580313,1.65,166.23,0.83,-0.39,-1.85,-5.14,-6.12,-8.12,-18.85,-31.43,-9.97,-9.97,-25.24,0.91,4.17,4.17,-7.46,-15.75,-26.50,-29.19,-51.41,0.890577,14,-5.14,-0.93,-1.88,-9.93,-10.58,-7.46,-8.41,-11.57,-0.08,-21.34,0.996612,37
17-09-2025,NYSE:WAT,Waters Corporation Common Stock,18076,607296,2.84,303.08,1.33,0.84,2.18,3.80,-14.76,-25.02,-27.12,-6.27,-15.11,-20.69,-27.37,9.13,9.13,9.13,1.48,-24.39,-43.40,-37.46,-26.25,0.890548,14,3.80,-19.30,-8.94,-1.68,16.40,1.48,-26.78,-18.63,8.17,5.64,0.977692,19
17-09-2025,NASDAQ:LEGN,Legend Biotech Corporation - American Depositary Shares,6338,1139006,3.41,34.34,1.34,0.26,0.35,-9.20,-4.37,-10.48,-4.37,-47.70,-22.52,-22.52,-33.05,3.71,24.02,24.02,-11.52,-14.00,-28.86,-14.71,-67.68,0.890347,14,-9.20,4.43,-5.86,5.54,-41.52,-11.52,-3.05,-15.55,15.39,-52.28,1.007243,49
17-09-2025,NYSE:CLVT,Clarivate Plc Ordinary Shares,2749,3569904,3.15,4.19,0.48,-5.01,0.00,-2.86,-2.39,-1.19,-28.40,-50.60,-7.51,-7.51,-40.99,15.75,35.16,35.16,-5.18,-12.02,-19.57,-38.74,-70.58,0.890321,14,-2.86,0.46,1.17,-26.89,-17.29,-5.18,-7.02,-8.52,-17.04,-28.05,1.020551,61
17-09-2025,NASDAQ:SIGI,"Selective Insurance Group, Inc. - Common Stock",4711,515474,1.82,76.91,-0.26,-2.29,-2.04,0.26,-10.83,-15.94,-25.00,-16.63,-15.4,-17.15,-24.66,2.55,2.55,2.55,-2.06,-20.46,-34.32,-35.34,-36.61,0.890192,14,0.26,-11.12,-4.61,-7.82,6.70,-2.06,-18.60,-14.30,2.03,-4.06,0.985725,25
17-09-2025,NASDAQ:ETNB,"89bio, Inc. - Common Stock",1198,1341566,4.96,7.97,-0.63,-8.28,-15.31,-15.81,-26.10,-9.16,-0.88,-1.51,-28.33,-28.33,-31.65,0,65.01,65.01,-18.13,-35.73,-27.54,-11.22,-21.49,0.890159,14,-15.81,-8.88,13.43,7.59,-0.62,-18.13,-16.36,3.74,17.44,-11.38,0.931359,4
17-09-2025,NYSE:UTZ,Utz Brands Inc Class A Common Stock,1761,719817,2.36,12.78,2.03,-2.58,-4.38,-1.17,-2.90,-5.40,-34.59,-37.09,-11.8,-11.8,-31.29,2.65,9.98,9.98,-3.49,-12.53,-23.78,-44.93,-57.07,0.890088,14,-1.17,-1.70,-2.43,-27.69,-1.86,-3.49,-9.18,-12.12,-17.84,-12.62,1.014313,56
17-09-2025,NASDAQ:FTNT,"Fortinet, Inc. - Common Stock",61524,6549191,2.35,79.78,-1.53,-0.08,3.58,0.84,-27.79,-21.17,-22.89,6.63,-25.89,-26.6,-30.37,7.25,7.25,7.25,-1.48,-37.42,-39.55,-33.23,-13.35,0.889941,14,0.84,-28.87,5.18,-1.42,24.02,-1.48,-36.35,-4.51,8.43,13.26,0.944677,6
17-09-2025,NYSE:KBR,"KBR, Inc. Common Stock",6287,1061054,1.77,48.22,-1.16,-2.26,-4.19,-2.86,-10.14,-5.87,-23.02,-27.73,-9.21,-14.08,-33.05,5.93,5.93,5.93,-5.18,-19.77,-24.25,-33.36,-47.71,0.889839,14,-2.86,-7.08,3.88,-16.20,-3.83,-5.18,-14.56,-5.81,-6.35,-14.59,0.99039,30
17-09-2025,NASDAQ:CMCSA,Comcast Corporation - Class A Common Stock,119738,20576134,2.01,32.29,-1.02,-4.27,-5.70,-3.59,-8.73,-10.72,-22.98,-21.74,-11.12,-13.59,-28.47,2.8,2.8,2.8,-5.91,-18.36,-29.10,-33.32,-41.72,0.88975,14,-3.59,-4.96,-1.82,-11.08,1.01,-5.91,-12.44,-11.51,-1.23,-9.75,0.987904,27
17-09-2025,NYSE:MSDL,Morgan Stanley Direct Lending Fund Common Stock,1516,648911,1.18,17.46,-0.52,-2.63,-3.49,-1.66,-10.31,-17.47,-22.51,-15.46,-11.77,-16.34,-19.2,0,0,0,-3.98,-19.94,-35.85,-32.85,-35.44,0.889495,14,-1.66,-8.51,-6.49,-4.29,5.75,-3.98,-15.99,-16.18,5.56,-5.01,0.983182,23
17-09-2025,NYSE:SHAK,"Shake Shack, Inc. Class A Common Stock",4226,1198918,2.99,99.01,-2.15,0.69,-6.65,-8.02,-28.48,11.04,-39.55,-2.82,-30.29,-30.29,-30.29,1.57,30.53,30.53,-10.34,-38.11,-7.34,-49.89,-22.80,0.889374,14,-8.02,-18.94,30.76,-56.87,26.32,-10.34,-26.42,21.07,-47.02,15.56,0.958109,9
17-09-2025,NYSE:INVH,Invitation Homes Inc. Common Stock,18102,3821684,1.75,29.53,-0.41,-2.57,-2.71,-3.42,-13.04,-14.49,-12.73,-22.86,-13.2,-16.75,-20.23,0,0,0,-5.74,-22.67,-32.87,-23.07,-42.84,0.888925,14,-3.42,-9.30,-1.29,1.54,-8.98,-5.74,-16.78,-10.98,11.39,-19.74,0.979781,20
17-09-2025,NASDAQ:HTLD,"Heartland Express, Inc. - Common Stock",650,603030,3.19,8.62,1.39,-0.81,2.90,3.83,-3.94,-10.56,-39.44,-38.28,-8.98,-9.64,-32.5,14.48,16.96,16.96,1.51,-13.57,-28.94,-49.78,-58.26,0.888764,14,3.83,-8.08,-6.36,-26.13,0.83,1.51,-15.56,-16.05,-16.28,-9.93,1.01952,60
17-09-2025,NYSE:SNAP,Snap Inc. Class A Common Stock,13502,86092902,3.35,7.74,3.62,5.94,5.30,7.62,-6.85,-16.15,-55.04,-20.41,-25.22,-25.22,-39.81,10.73,10.73,10.73,5.30,-16.48,-34.53,-65.38,-40.39,0.888761,14,7.62,-15.66,-8.71,-33.48,22.33,5.30,-23.14,-18.40,-23.63,11.57,1.013997,55
17-09-2025,NASDAQ:IAS,Integral Ad Science Holding Corp. - Common Stock,1395,925478,3.19,8.36,0.24,-2.27,-7.18,-8.25,0.36,-9.69,-29.07,-30.38,-10.11,-10.11,-34.28,6.63,31.03,31.03,-10.57,-9.27,-28.07,-39.41,-50.36,0.88843,14,-8.25,7.96,-10.08,-17.67,-1.02,-10.57,0.48,-19.77,-7.82,-11.78,1.007549,49
17-09-2025,NYSE:CIVI,"Civitas Resources, Inc. Common Stock",2988,2769055,4.23,33.56,3.49,3.10,-11.35,1.10,1.82,-4.41,-44.64,-56.41,-10.2,-10.2,-38.89,21.95,38.22,38.22,-1.22,-7.81,-22.79,-54.98,-76.39,0.888385,14,1.10,0.72,-6.34,-38.53,-8.14,-1.22,-6.76,-16.03,-28.68,-18.90,1.040381,74
17-09-2025,NYSE:TDC,Teradata Corporation Common Stock,2061,879213,2.51,21.49,0.05,2.00,3.54,1.91,-2.56,-8.38,-51.56,-29.27,-7.41,-11.42,-35.62,6.86,11.93,11.93,-0.41,-12.19,-26.76,-61.90,-49.25,0.888235,14,1.91,-4.55,-5.67,-39.85,14.71,-0.41,-12.03,-15.36,-30.00,3.95,1.019591,61
17-09-2025,NYSE:VVR,Invesco Senior Income Trust Common Stock (DE),536,1152776,1.36,3.49,0.29,-3.15,-3.72,-4.30,-8.02,-16.05,-16.62,-25.50,-8.88,-13.83,-20.32,0.87,5.44,5.44,-6.62,-17.65,-34.43,-26.96,-45.48,0.888195,13,-4.30,-3.57,-7.43,-0.49,-7.62,-6.62,-11.05,-17.12,9.36,-18.38,0.989939,29
17-09-2025,NYSE:CL,Colgate-Palmolive Company Common Stock,66452,4864765,1.77,81.48,-0.80,-3.44,-3.57,-4.41,-10.59,-11.33,-13.84,-30.51,-12.7,-15.13,-23.38,0,0,0,-6.73,-20.22,-29.71,-24.18,-50.49,0.888118,13,-4.41,-5.92,-0.67,-2.26,-14.64,-6.73,-13.40,-10.36,7.59,-25.40,0.988039,27
17-09-2025,NYSE:BFAM,Bright Horizons Family Solutions Inc. Common Stock,6212,583558,1.99,110.42,1.17,-4.54,-4.97,-9.94,-11.81,-16.94,-1.49,-26.92,-11.73,-16.03,-21.52,1.18,1.18,6.17,-12.26,-21.44,-35.32,-11.83,-46.90,0.888069,13,-9.94,-1.70,-4.59,13.22,-25.07,-12.26,-9.18,-14.28,23.07,-35.83,0.978569,19
17-09-2025,NYSE:BBWI,"Bath & Body Works, Inc.",5305,7327736,3.76,26.02,-1.69,-8.46,-13.60,-10.22,0.73,-16.22,-47.35,-4.77,-22.67,-23.54,-36.66,0.74,3.21,3.21,-12.54,-8.90,-34.60,-57.69,-24.75,0.888034,13,-10.22,9.94,-17.07,-26.79,28.90,-12.54,2.46,-26.76,-16.94,18.14,0.997693,38
17-09-2025,NASDAQ:PAYO,Payoneer Global Inc. - Common Stock,2443,2863754,3.06,6.57,1.37,-3.65,-2.59,-2.44,-1.37,-11.26,-57.69,-13.85,-11.46,-16.09,-40.54,4.62,11.36,11.36,-4.76,-11.00,-29.64,-68.03,-33.83,0.887809,13,-2.44,1.04,-9.76,-41.72,27.80,-4.76,-6.44,-19.45,-31.87,17.04,1.011091,53
17-09-2025,NASDAQ:TW,Tradeweb Markets Inc. - Class A Common Stock,27714,1577784,2.11,117.24,0.38,-1.81,-6.60,-11.05,-17.83,-20.75,-11.55,0.69,-19.92,-21.33,-21.33,0.39,0.39,0.7,-13.37,-27.46,-39.13,-21.89,-19.29,0.887549,13,-11.05,-6.10,-2.48,7.62,10.97,-13.37,-13.58,-12.17,17.47,0.21,0.948,6
17-09-2025,NASDAQ:WDAY,"Workday, Inc. - Class A Common Stock",62713,4066529,2.47,219.01,-1.71,-5.35,-4.51,-3.23,-12.16,-14.43,-24.36,-14.69,-10.84,-20.28,-21.76,2.49,4.06,4.06,-5.55,-21.79,-32.81,-34.70,-34.67,0.887245,13,-3.23,-8.65,-2.02,-8.67,7.77,-5.55,-16.13,-11.71,1.18,-2.99,0.977891,19
17-09-2025,NYSE:SM,SM Energy Company Common Stock,3153,1708619,3.96,27.41,4.89,4.85,-5.73,4.45,-1.28,-10.40,-50.35,-41.48,-5.42,-13.83,-40.45,11.06,34.43,34.43,2.13,-10.91,-28.78,-60.69,-61.46,0.887215,13,4.45,-5.99,-9.01,-36.19,5.90,2.13,-13.47,-18.70,-26.34,-4.86,1.030757,70
17-09-2025,NASDAQ:KHC,The Kraft Heinz Company - Common Stock,30454,15476537,2.32,25.93,1.16,-2.85,-0.35,-6.71,0.54,-18.24,-20.67,-35.75,-10.4,-15.84,-27.97,1.25,1.25,1.25,-9.03,-9.09,-36.62,-31.01,-55.73,0.887088,13,-6.71,6.79,-18.88,-2.05,-12.50,-9.03,-0.69,-28.57,7.80,-23.26,1.012056,54
17-09-2025,NASDAQ:MRVL,"Marvell Technology, Inc. - Common Stock",61192,24619801,3.72,68.86,2.08,2.93,6.19,-10.64,-2.27,-2.24,-61.72,-7.90,-15.76,-15.76,-45.38,10.51,39.45,39.45,-12.96,-11.90,-20.62,-72.06,-27.88,0.886925,13,-10.64,7.57,0.03,-58.18,33.28,-12.96,0.09,-9.66,-48.33,22.52,1.002753,43
17-09-2025,NYSE:MRK,"Merck & Company, Inc. Common Stock (new)",202670,11635287,1.83,81.09,0.09,-4.34,-5.41,-3.85,0.16,-16.89,-23.01,-42.13,-7.19,-14.45,-31.65,3.8,10.37,10.37,-6.17,-9.47,-35.27,-33.35,-62.11,0.886849,13,-3.85,3.86,-17.08,-5.23,-15.54,-6.17,-3.62,-26.77,4.62,-26.30,1.018243,59
17-09-2025,NYSE:RES,"RPC, Inc. Common Stock",1006,1298184,3.52,4.6,2.61,0.22,-3.91,4.78,-10.00,-16.52,-36.96,-24.57,-14.66,-19.58,-35.57,5.02,6.98,6.98,2.46,-19.63,-34.90,-47.30,-44.55,0.886644,13,4.78,-15.53,-5.93,-17.54,9.05,2.46,-23.01,-15.62,-7.69,-1.71,1.000305,41
17-09-2025,NYSE:BXSL,Blackstone Secured Lending Fund Common Shares of Beneficial Interest,6341,1465418,1.41,27.54,-0.80,-5.27,-7.44,-8.21,-13.25,-18.48,-16.49,-9.04,-15.39,-17.86,-20.17,0,2.46,2.46,-10.53,-22.88,-36.86,-26.83,-29.02,0.886207,13,-8.21,-4.66,-4.62,1.69,6.39,-10.53,-12.14,-14.31,11.54,-4.37,0.965597,12
17-09-2025,NYSE:ECC,Eagle Point Credit Company Inc. Common Stock,841,1736746,2.15,7,-0.14,-2.00,-7.43,4.14,-7.43,-15.00,-30.43,-40.00,-10.26,-15.76,-29.86,12.36,12.36,12.36,1.82,-17.06,-33.38,-40.77,-59.98,0.886078,13,4.14,-12.07,-7.05,-13.42,-7.34,1.82,-19.55,-16.74,-3.57,-18.10,1.011717,53
17-09-2025,NASDAQ:SBAC,SBA Communications Corporation - Class A Common Stock,21388,1442031,2.45,199.18,0.57,3.87,-1.42,-10.42,-15.53,-10.90,-8.55,-20.42,-16.78,-18.17,-20.11,4.09,4.09,4.09,-12.74,-25.16,-29.28,-18.89,-40.40,0.885776,13,-10.42,-4.63,4.01,2.12,-10.93,-12.74,-12.11,-5.68,11.97,-21.69,0.96616,12
17-09-2025,NASDAQ:FRSH,Freshworks Inc. - Class A Common Stock,3707,3820472,3.42,12.56,0.00,-5.73,-4.78,-4.14,-23.17,-21.18,-35.03,10.91,-18.81,-23.65,-36.41,2.11,4.06,15.44,-6.46,-32.80,-39.56,-45.37,-9.07,0.88533,13,-4.14,-18.27,1.62,-11.43,34.02,-6.46,-25.75,-8.07,-1.58,23.26,0.946682,6
17-09-2025,NYSE:UDR,"UDR, Inc. Common Stock",12363,2408262,1.78,37.31,-1.21,-4.48,-2.98,-3.22,-10.32,-17.61,-18.76,-24.77,-9.86,-17.75,-20.84,0,0,0,-5.54,-19.95,-35.99,-29.10,-44.75,0.885231,13,-3.22,-6.88,-6.61,-0.98,-5.06,-5.54,-14.36,-16.30,8.87,-15.82,0.986602,25
17-09-2025,NASDAQ:SBUX,Starbucks Corporation - Common Stock,94596,8619936,2.08,84.37,2.00,0.66,-6.41,-7.38,-10.80,-17.44,-16.65,-17.67,-12.97,-15.13,-27.15,3.02,5.87,5.87,-9.70,-20.43,-35.82,-26.99,-37.65,0.885114,13,-7.38,-3.18,-5.99,0.67,-0.87,-9.70,-10.66,-15.68,10.52,-11.63,0.97638,18
17-09-2025,NASDAQ:VRSK,"Verisk Analytics, Inc. - Common Stock",34885,1060595,1.86,251.83,-1.29,-6.68,-5.23,-6.37,-22.89,-15.56,-13.18,-6.97,-19.53,-21.63,-21.63,0,0,0,-8.69,-32.52,-33.94,-23.52,-26.95,0.885027,13,-6.37,-15.53,5.97,2.06,5.49,-8.69,-23.01,-3.72,11.91,-5.27,0.950161,7
17-09-2025,NYSE:BALL,Ball Corporation Common Stock,13346,2193086,1.9,49.73,-0.36,-1.37,-2.67,-8.28,-12.61,-5.13,-15.44,-31.97,-16.7,-16.7,-26.77,0,10.66,10.66,-10.60,-22.24,-23.51,-25.78,-51.95,0.884945,13,-8.28,-3.99,6.64,-9.81,-14.32,-10.60,-11.47,-3.05,0.04,-25.08,0.981751,22
17-09-2025,NASDAQ:NEO,"NeoGenomics, Inc. - Common Stock",1048,2934329,5.64,7.99,-1.13,1.63,-10.26,22.28,7.26,-23.15,-127.41,-102.75,-9.31,-22.2,-57.07,65.08,65.08,65.08,19.96,-2.37,-41.53,-137.75,-122.73,0.884788,13,22.28,-19.32,-32.79,-84.65,10.84,19.96,-26.80,-42.48,-74.80,0.08,1.130802,95
17-09-2025,NASDAQ:NWL,Newell Brands Inc. - Common Stock,2406,7033800,3.82,5.86,0.34,-6.14,0.34,6.83,1.37,-13.31,-95.05,-26.79,-8.29,-12.93,-49.61,23.11,30.8,30.8,4.51,-8.26,-31.69,-105.39,-46.77,0.884779,13,6.83,-5.86,-14.88,-72.14,35.00,4.51,-13.34,-24.57,-62.29,24.24,1.051993,79
17-09-2025,NASDAQ:AIRO,"AIRO Group Holdings, Inc. - Common Stock",524,1065584,7.4,19.83,-1.87,3.43,-3.63,-11.50,-56.33,NA,NA,NA,-36.03,-36.03,-36.03,3.55,3.55,3.55,-13.82,-65.96,NA,NA,NA,0.884731,13,-11.50,-40.21,NA,NA,NA,-13.82,-47.69,NA,NA,NA,0.84749,1
17-09-2025,NYSE:INFY,Infosys Limited American Depositary Shares,71414,20310273,1.57,17.06,0.82,0.29,1.00,2.93,-9.91,-8.85,-36.93,-36.28,-10.02,-10.02,-27.16,6.76,6.76,6.76,0.61,-19.54,-27.23,-47.27,-56.26,0.884503,12,2.93,-13.22,0.96,-25.79,0.47,0.61,-20.70,-8.73,-15.94,-10.29,1.005485,47
17-09-2025,NYSE:RLI,RLI Corp. Common Stock (DE),6007,491022,1.48,65.25,-1.09,-2.79,-3.17,-2.22,-11.57,-17.43,-29.01,-15.16,-11.43,-19.27,-27.86,0,0,0,-4.54,-21.20,-35.81,-39.35,-35.14,0.884465,12,-2.22,-9.15,-5.25,-9.87,10.74,-4.54,-16.63,-14.94,-0.02,-0.02,0.981292,22
17-09-2025,NYSE:CRM,"Salesforce, Inc. Common Stock",230584,10185263,2.37,239.31,-1.34,-5.33,-5.66,-1.31,-10.27,-17.32,-48.28,-5.88,-12.55,-17.81,-34.95,3.3,3.3,3.3,-3.63,-19.90,-35.70,-58.62,-25.86,0.883896,12,-1.31,-8.84,-6.39,-26.39,28.60,-3.63,-16.32,-16.08,-16.54,17.84,0.985752,25
17-09-2025,NASDAQ:KROS,"Keros Therapeutics, Inc. - common stock",634,430379,3.93,15.8,1.58,0.57,0.51,8.35,13.54,26.46,-334.49,-256.96,0,0,-77.43,18.44,65.45,65.45,6.03,3.91,8.08,-344.83,-276.94,0.883823,12,8.35,5.66,14.93,-490.79,17.84,6.03,-1.82,5.24,-480.94,7.08,1.42209,99
17-09-2025,NYSE:IRT,"Independence Realty Trust, Inc. Common Stock",4062,2370067,1.92,16.94,-1.48,-5.61,-3.96,-2.89,-6.14,-23.97,-25.97,-21.66,-6.46,-20.77,-23.03,1.44,1.44,1.44,-5.21,-15.77,-42.35,-36.31,-41.64,0.883673,12,-2.89,-3.16,-16.80,-1.62,3.42,-5.21,-10.64,-26.49,8.23,-7.34,0.994495,35
17-09-2025,NYSE:ZTS,Zoetis Inc. Class A Common Stock,65117,2409735,1.89,147.46,0.82,-1.58,-3.68,-4.51,-11.47,-12.01,-20.15,-29.33,-10.29,-13.41,-24.95,1.15,2.11,2.11,-6.83,-21.10,-30.39,-30.49,-49.31,0.883422,12,-4.51,-6.66,-0.48,-7.27,-7.64,-6.83,-14.14,-10.17,2.58,-18.40,0.986012,25
17-09-2025,NYSE:IEX,IDEX Corporation Common Stock,12015,705041,1.86,163.84,1.64,1.12,1.03,-0.57,-9.81,-12.66,-39.26,-20.92,-11.77,-14.35,-30.59,4.01,4.01,4.01,-2.89,-19.44,-31.04,-49.60,-40.90,0.883392,12,-0.57,-9.19,-2.60,-23.61,13.17,-2.89,-16.67,-12.29,-13.76,2.41,0.992877,33
17-09-2025,NASDAQ:CZR,"Caesars Entertainment, Inc. - Common Stock",5289,5695273,3.79,25.58,-1.25,0.74,-1.21,0.98,-2.62,-9.77,-45.07,-42.81,-18.82,-18.82,-43.84,6.58,10.35,10.35,-1.34,-12.25,-28.15,-55.41,-62.79,0.883337,12,0.98,-3.63,-6.97,-32.16,1.56,-1.34,-11.11,-16.66,-22.31,-9.20,1.022567,63
17-09-2025,NYSE:WY,Weyerhaeuser Company Common Stock,17994,4153867,2.23,24.94,0.48,-1.32,0.20,-3.61,-7.06,-20.13,-23.86,-25.94,-7.04,-17.17,-26.34,0.48,1.01,1.01,-5.93,-16.69,-38.51,-34.20,-45.92,0.883203,12,-3.61,-3.33,-12.21,-3.10,-1.68,-5.93,-10.81,-21.90,6.75,-12.44,0.993767,34
17-09-2025,NYSE:CAL,"Caleres, Inc. Common Stock",514,949519,4.85,15.2,-2.63,-0.33,2.63,3.75,10.99,-7.70,-71.51,-98.88,-3.49,-15.13,-55.19,24.39,24.39,24.39,1.43,1.36,-26.08,-81.85,-118.86,0.883043,12,3.75,7.52,-20.99,-59.25,-15.96,1.43,0.04,-30.68,-49.40,-26.72,1.093347,91
17-09-2025,NYSE:AMCR,Amcor plc Ordinary Shares,19088,21072117,1.6,8.39,1.31,2.38,-0.36,-4.05,-9.54,-17.28,-19.43,-29.68,-15.59,-15.59,-26.21,2.44,2.44,2.44,-6.37,-19.17,-35.66,-29.77,-49.66,0.882748,12,-4.05,-5.27,-7.07,-1.83,-8.58,-6.37,-12.75,-16.76,8.02,-19.34,0.990205,29
17-09-2025,NYSE:ESRT,"Empire State Realty Trust, Inc. Class A Common Stock",1306,1246720,2.49,7.7,-1.17,1.17,1.95,3.51,-12.21,-6.62,-44.16,-33.77,-10.88,-11.6,-32.63,7.69,13.4,13.4,1.19,-21.84,-25.00,-54.50,-53.75,0.882575,12,3.51,-16.29,4.98,-35.20,7.21,1.19,-23.77,-4.71,-25.35,-3.55,1.003599,44
17-09-2025,NYSE:DEO,Diageo plc Common Stock,55831,1096825,1.26,100.07,-0.39,-4.92,-10.62,-10.87,-3.04,-9.21,-26.61,-33.26,-13.23,-13.55,-28.91,2.68,2.68,2.68,-13.19,-12.67,-27.59,-36.95,-53.24,0.88238,12,-10.87,7.07,-5.99,-15.93,-5.25,-13.19,-0.41,-15.68,-6.08,-16.01,0.998832,39
17-09-2025,NYSE:KMX,CarMax Inc,8874,2570516,3.05,60.35,-0.12,-1.71,1.09,4.29,-9.11,-19.09,-44.16,-26.40,-15.68,-27.09,-32.34,10.41,10.41,10.41,1.97,-18.74,-37.47,-54.50,-46.38,0.881542,12,4.29,-14.01,-9.14,-21.05,12.32,1.97,-21.49,-18.83,-11.20,1.56,1.003956,45
17-09-2025,NASDAQ:RGEN,Repligen Corporation - Common Stock,6717,764306,3.76,119.75,5.02,0.89,-0.78,-3.84,-5.29,-27.61,-29.65,-18.52,-10.63,-21.63,-31.27,7.47,9.97,9.97,-6.16,-14.92,-45.99,-39.99,-38.50,0.881319,12,-3.84,-1.40,-21.19,-1.60,8.58,-6.16,-8.88,-30.88,8.25,-2.18,0.994294,35
17-09-2025,NYSE:MKC,"McCormick & Company, Incorporated Common Stock",17921,2390107,2.16,67.11,1.73,-3.76,-2.52,-3.86,-10.07,-21.98,-21.23,-23.93,-13.48,-18.47,-20.82,1.76,1.76,1.76,-6.18,-19.70,-40.36,-31.57,-43.91,0.88123,12,-3.86,-5.98,-10.82,0.61,-2.22,-6.18,-13.46,-20.51,10.46,-12.98,0.986275,25
17-09-2025,NASDAQ:EEFT,"Euronet Worldwide, Inc. - Common Stock",3641,796351,2.26,89.3,-0.20,-2.28,-2.16,-7.46,-20.62,-17.66,-17.49,-8.57,-17.09,-20.79,-20.79,0,2.13,2.13,-9.78,-30.25,-36.04,-27.83,-28.55,0.880798,12,-7.46,-12.24,2.45,0.14,7.60,-9.78,-19.72,-7.24,9.99,-3.16,0.954023,8
17-09-2025,NYSE:TFX,Teleflex Incorporated Common Stock,5552,622726,2.42,125.82,-0.06,-3.51,-0.97,4.09,3.74,-11.07,-45.94,-92.92,-5.04,-11.12,-49.13,14.6,14.6,14.6,1.77,-5.89,-29.45,-56.28,-112.90,0.880718,12,4.09,-0.36,-15.39,-31.39,-32.19,1.77,-7.84,-25.08,-21.54,-42.95,1.066356,85
17-09-2025,NYSE:VOYG,"Voyager Technologies, Inc. Class A Common Stock",1694,663963,5.58,28.64,-5.80,0.14,-5.06,-2.27,-90.64,NA,NA,NA,-47.55,-49.29,-49.29,3.62,3.62,3.62,-4.59,-100.27,NA,NA,NA,0.880716,12,-2.27,-86.41,NA,NA,NA,-4.59,-93.89,NA,NA,NA,0.843249,1
17-09-2025,NYSE:TAP,Molson Coors Beverage Company Class B Common Stock,9292,2176012,1.96,47.43,-0.82,-4.26,-5.95,-8.41,-4.62,-25.17,-29.43,-14.51,-10.19,-24.06,-25.75,0.4,0.4,0.4,-10.73,-14.25,-43.55,-39.77,-34.49,0.88071,12,-8.41,3.50,-19.65,-3.40,11.53,-10.73,-3.98,-29.34,6.45,0.77,0.98805,27
17-09-2025,NASDAQ:REGN,"Regeneron Pharmaceuticals, Inc. - Common Stock",62056,966912,2.83,575.06,0.43,3.22,-0.49,-0.93,9.11,-17.97,-34.42,-102.49,-3.86,-15.24,-50.62,13.01,19.04,19.04,-3.25,-0.52,-36.35,-44.76,-122.47,0.880605,12,-0.93,9.95,-29.80,-13.94,-50.64,-3.25,2.47,-39.49,-4.09,-61.40,1.078616,88
17-09-2025,NYSE:RC,Ready Capital Corporation Common Stock,713,2207989,3.79,4.34,2.53,0.69,1.61,11.98,-0.69,-14.98,-66.59,-75.81,-6.87,-15.89,-48.02,16.98,16.98,16.98,9.66,-10.32,-33.36,-76.93,-95.79,0.880387,12,11.98,-14.40,-14.19,-44.89,-5.53,9.66,-21.88,-23.88,-35.04,-16.29,1.063118,84
17-09-2025,NASDAQ:GOOD,Gladstone Commercial Corporation - Real Estate Investment Trust,686,441103,1.59,12.9,-0.85,-0.78,-3.26,-1.94,-12.48,-16.67,-30.70,-21.86,-11.76,-14.4,-26.95,0.39,0.39,0.39,-4.26,-22.11,-35.05,-41.04,-41.84,0.880203,12,-1.94,-10.34,-3.72,-12.03,6.76,-4.26,-17.82,-13.41,-2.18,-4.00,0.98424,24
17-09-2025,NASDAQ:TEAM,Atlassian Corporation  - Class A Common Stock,45187,2178017,2.92,172.04,-1.06,-6.00,-0.37,2.93,-16.44,-28.45,-59.64,3.69,-22.12,-27.17,-46.73,8.89,8.89,10.41,0.61,-26.07,-46.83,-69.98,-16.29,0.879906,11,2.93,-19.95,-10.31,-24.29,39.67,0.61,-27.43,-20.00,-14.44,28.91,0.978473,19
17-09-2025,NYSE:UNH,UnitedHealth Group Incorporated Common Stock (DE),309387,14684162,3.04,339.78,-2.39,-2.40,9.12,10.53,9.45,-46.87,-57.02,-73.18,-3.91,-43.32,-45.66,42.9,42.9,42.9,8.21,-0.18,-65.25,-67.36,-93.16,0.879377,11,10.53,-1.20,-62.20,-6.92,-10.29,8.21,-8.68,-71.89,2.93,-21.05,1.086869,90
17-09-2025,NASDAQ:MMSI,"Merit Medical Systems, Inc. - Common Stock",4897,585936,2.3,82.69,-0.29,-10.85,-9.66,-3.41,-13.40,-21.77,-27.61,-16.07,-13.87,-22.75,-25.02,0,0,0,-5.73,-23.03,-40.15,-37.95,-36.05,0.879171,11,-3.41,-9.66,-7.38,-4.80,9.04,-5.73,-17.14,-17.07,5.05,-1.72,0.976821,18
17-09-2025,NYSE:CMTG,"Claros Mortgage Trust, Inc. Common Stock",502,612750,5.21,3.59,-6.96,-4.46,-0.84,3.06,15.04,-13.93,-79.94,-118.38,-6.75,-13.49,-58.16,28.67,59.56,62.44,0.74,5.41,-32.31,-90.28,-138.36,0.878894,11,3.06,12.36,-34.10,-57.95,-21.36,0.74,4.88,-43.79,-48.10,-32.12,1.113342,93
17-09-2025,NYSE:CARR,Carrier Global Corporation Common Stock,51674,6504582,2.79,60.93,-0.51,-4.17,-4.22,-7.34,-16.59,-11.00,-20.96,-23.70,-24.53,-24.53,-26.3,0,9.68,9.68,-9.66,-26.22,-29.38,-31.30,-43.68,0.878532,11,-7.34,-8.62,4.80,-8.98,-2.27,-9.66,-16.10,-4.89,0.87,-13.03,0.970909,15
17-09-2025,NYSE:GMED,"Globus Medical, Inc. Class A Common Stock",7593,968501,2.09,57.84,-0.69,-2.14,-3.56,-4.72,-1.76,-24.72,-43.40,-21.13,-7.88,-24.52,-38.02,11.47,11.47,11.47,-7.04,-11.39,-43.10,-53.74,-41.11,0.878367,11,-4.72,2.82,-22.56,-14.97,15.53,-7.04,-4.66,-32.25,-5.12,4.77,1.004998,46
17-09-2025,NYSE:ALC,Alcon Inc. Ordinary Shares,38577,2439977,1.72,77.64,0.30,-1.61,-0.81,-12.97,-11.03,-15.74,-11.50,-29.78,-15.81,-21.02,-22.95,0.3,0.3,0.3,-15.29,-20.66,-34.12,-21.84,-49.76,0.878187,11,-12.97,1.72,-4.25,3.66,-16.39,-15.29,-5.76,-13.94,13.51,-27.15,0.977872,19
17-09-2025,NYSE:TNET,"TriNet Group, Inc. Common Stock",3307,405013,2.81,68.49,-0.03,0.34,-3.99,4.58,-13.27,-13.56,-38.50,-40.17,-11.72,-20.78,-30.4,9.01,9.01,9.01,2.26,-22.90,-31.94,-48.84,-60.15,0.878179,11,4.58,-18.71,-0.26,-21.96,-1.20,2.26,-26.19,-9.95,-12.11,-11.96,1.00332,44
17-09-2025,NASDAQ:ODFL,"Old Dominion Freight Line, Inc. - Common Stock",29800,1820636,3.04,147.02,1.20,-0.82,-1.96,-2.80,-8.45,-12.99,-39.31,-30.09,-14.08,-16.5,-36.59,3.64,3.64,3.64,-5.12,-18.08,-31.37,-49.65,-50.07,0.877857,11,-2.80,-5.50,-4.18,-23.29,6.62,-5.12,-12.98,-13.87,-13.44,-4.14,0.997592,38
17-09-2025,NYSE:BRO,"Brown & Brown, Inc. Common Stock",30415,2256864,1.66,90.92,0.04,-2.80,-4.96,-4.86,-17.83,-32.07,-14.51,-12.37,-18.05,-26.93,-26.93,0.04,0.04,0.04,-7.18,-27.46,-50.45,-24.85,-32.35,0.877809,11,-4.86,-12.37,-12.09,13.30,1.86,-7.18,-19.85,-21.78,23.15,-8.90,0.964774,12
17-09-2025,NASDAQ:VRTX,Vertex Pharmaceuticals Incorporated - Common Stock,99262,1468414,1.85,391.36,-0.47,-1.31,-2.46,-0.37,-15.22,-31.28,-19.66,-22.30,-18.39,-23.82,-24.26,6.77,6.77,6.77,-2.69,-24.85,-49.66,-30.00,-42.28,0.877283,11,-0.37,-14.80,-13.94,8.85,-2.21,-2.69,-22.28,-23.63,18.70,-12.97,0.980953,21
17-09-2025,NYSE:BAK,Braskem SA ADR,1387,744535,3.85,3.41,2.05,0.29,2.35,16.13,-12.02,-17.01,-48.97,-87.98,-10.73,-17.43,-54.77,20.07,20.07,20.07,13.81,-21.65,-35.39,-59.31,-107.96,0.877187,11,16.13,-33.57,-4.45,-27.32,-26.18,13.81,-41.05,-14.14,-17.47,-36.94,1.04929,78
17-09-2025,NASDAQ:APGE,"Apogee Therapeutics, Inc. - Common Stock",2243,487679,4.21,36.84,-0.05,-4.40,-2.77,-1.22,-15.66,-9.53,-32.38,-33.52,-22.38,-22.38,-39.73,6.32,27.96,27.96,-3.54,-25.29,-27.91,-42.72,-53.50,0.876889,11,-1.22,-14.27,5.30,-20.87,-0.86,-3.54,-21.75,-4.39,-11.02,-11.62,0.987578,26
17-09-2025,NYSE:BAH,Booz Allen Hamilton Holding Corporation Common Stock,12520,1504205,2.21,101.83,0.21,-1.27,-8.10,-7.36,-0.33,-13.27,-32.56,-51.95,-12.18,-21.48,-45.25,1.86,1.86,1.86,-9.68,-9.96,-31.65,-42.90,-71.93,0.87681,11,-7.36,6.54,-12.89,-17.04,-14.62,-9.68,-0.94,-22.58,-7.19,-25.38,1.019655,61
17-09-2025,NASDAQ:LFST,"LifeStance Health Group, Inc. - Common Stock",2003,2041188,3.52,5.23,0.96,-4.88,-7.65,-4.02,1.15,-31.74,-37.48,-31.93,-7.1,-24.31,-35.99,37.99,37.99,37.99,-6.34,-8.48,-50.12,-47.82,-51.91,0.87672,11,-4.02,4.96,-33.27,-4.35,4.03,-6.34,-2.52,-42.96,5.50,-6.73,1.018016,59
17-09-2025,NASDAQ:CFLT,"Confluent, Inc. - Class A Common Stock",6750,7793490,3.9,19.53,-1.13,-2.20,1.79,8.91,-21.20,-39.27,-59.75,0.72,-28.59,-28.59,-48.13,22.75,22.75,22.75,6.59,-30.83,-57.65,-70.09,-19.26,0.876685,11,8.91,-33.05,-14.91,-14.71,37.85,6.59,-40.53,-24.60,-4.86,27.09,0.979706,20
17-09-2025,NASDAQ:DJT,Trump Media & Technology Group Corp. - Common Stock,4688,6352837,3.16,17.48,0.11,3.32,2.29,-5.84,-6.81,-17.62,-107.27,8.04,-11.98,-33.74,-66.06,7.57,7.57,43.87,-8.16,-16.44,-36.00,-117.61,-11.94,0.876499,11,-5.84,-0.92,-10.12,-76.22,55.63,-8.16,-8.40,-19.81,-66.37,44.87,1.010523,52
17-09-2025,NYSE:PRO,"PROS Holdings, Inc. Common Stock",762,673744,3.43,14.99,-0.07,-3.87,-1.93,2.67,-1.53,-40.29,-62.24,-14.81,-10.83,-29.23,-45.27,7.22,7.22,7.22,0.35,-11.16,-58.67,-72.58,-34.79,0.876368,11,2.67,-4.32,-38.17,-15.64,29.24,0.35,-11.80,-47.86,-5.79,18.48,1.018196,59
17-09-2025,NYSE:DHR,Danaher Corporation Common Stock,138155,3423242,2.41,190.47,1.01,-2.03,-6.99,-10.74,-5.59,-11.62,-23.59,-43.06,-10.24,-10.49,-31.49,1.28,9.06,9.06,-13.06,-15.22,-30.00,-33.93,-63.04,0.876099,11,-10.74,4.66,-5.71,-10.72,-15.76,-13.06,-2.82,-15.40,-0.87,-26.52,0.999115,40
17-09-2025,NYSE:FVRR,"Fiverr International Ltd. Ordinary Shares, no par value",898,616976,3.38,23.22,1.25,-1.94,0.47,3.66,-28.68,-13.82,-50.04,-5.99,-22.29,-31.26,-34.5,8.66,8.66,8.66,1.34,-38.31,-32.20,-60.38,-25.97,0.876065,11,3.66,-33.57,11.55,-31.82,29.36,1.34,-41.05,1.86,-21.97,18.60,0.964548,11
17-09-2025,NYSE:XIFR,"XPLR Infrastructure, LP Common Units representing limited partner interests",1863,1266974,3.1,9.72,-1.34,-1.85,-6.79,-2.06,9.88,7.92,-84.47,-159.05,-8.3,-8.3,-65.42,20.3,22.11,22.11,-4.38,0.25,-10.46,-94.81,-179.03,0.875831,11,-2.06,11.69,-2.17,-100.34,-40.44,-4.38,4.21,-11.86,-90.49,-51.20,1.121824,94
17-09-2025,NYSE:WGO,"Winnebago Industries, Inc. Common Stock",925,474628,3.31,33.54,0.12,-5.07,-4.68,-2.27,4.50,-6.68,-70.10,-63.27,-8.83,-10.75,-48.48,18.77,18.77,18.77,-4.59,-5.13,-25.06,-80.44,-83.25,0.875766,11,-2.27,6.62,-11.71,-59.45,4.01,-4.59,-0.86,-21.40,-49.60,-6.75,1.053571,80
17-09-2025,NASDAQ:OLED,Universal Display Corporation - Common Stock,6486,606954,2.65,136.98,2.06,-2.03,-0.99,-3.28,-13.80,-14.26,-17.61,-48.22,-15.15,-15.15,-36.1,2.1,28.5,28.5,-5.60,-23.43,-32.64,-27.95,-68.20,0.875705,10,-3.28,-10.19,-0.40,-2.93,-26.03,-5.60,-17.67,-10.09,6.92,-36.79,0.995005,35
17-09-2025,NASDAQ:FIVN,"Five9, Inc. - Common Stock",2004,1788417,3.78,25.5,-1.16,-3.45,-3.29,-2.12,-8.67,-18.55,-68.78,-9.14,-12.55,-17.4,-41.26,6.03,18.38,18.38,-4.44,-18.30,-36.93,-79.12,-29.12,0.875096,10,-2.12,-6.41,-9.09,-42.38,35.34,-4.44,-13.89,-18.78,-32.53,24.58,0.997635,38
17-09-2025,NYSE:WSO,"Watsco, Inc. Common Stock",15792,422211,2.8,395.01,2.15,-1.72,0.22,-5.09,-8.76,-29.30,-30.15,-19.23,-19.38,-24.13,-30.55,3.42,3.42,3.42,-7.41,-18.39,-47.68,-40.49,-39.21,0.874972,10,-5.09,-3.50,-18.88,-0.66,8.39,-7.41,-10.98,-28.57,9.19,-2.37,0.986434,25
17-09-2025,NYSE:ARCO,Arcos Dorados Holdings Inc. Class A Shares,1428,1311254,2.71,6.79,-0.15,-1.62,-2.06,-8.39,-12.96,-24.01,-19.15,-21.94,-14.81,-19.93,-32.03,3.82,3.82,3.82,-10.71,-22.59,-42.39,-29.49,-41.92,0.874788,10,-8.39,-4.21,-9.78,3.92,-2.35,-10.71,-11.69,-19.47,13.77,-13.11,0.974723,17
17-09-2025,NASDAQ:ISRG,"Intuitive Surgical, Inc. - Common Stock",155457,2379957,2.62,434.5,0.12,-7.60,-7.96,-10.53,-19.46,-12.50,-25.11,-13.70,-20.2,-23.23,-28.82,0.12,0.12,0.12,-12.85,-29.09,-30.88,-35.45,-33.68,0.874724,10,-10.53,-8.07,5.83,-11.21,9.12,-12.85,-15.55,-3.86,-1.36,-1.64,0.9576,9
17-09-2025,NASDAQ:INTA,"Intapp, Inc. - Common Stock",3689,901429,3.43,44.59,-0.61,-1.35,-0.31,5.54,-22.25,-34.63,-56.99,1.21,-18.2,-30.52,-39.82,25.11,25.11,25.11,3.22,-31.88,-53.01,-67.33,-18.77,0.874554,10,5.54,-29.42,-10.13,-16.61,37.07,3.22,-36.90,-19.82,-6.76,26.31,0.972051,15
17-09-2025,NYSE:CRI,"Carter's, Inc. Common Stock",1142,1299764,3.78,31.76,1.29,8.88,8.63,17.92,0.60,-29.38,-71.76,-120.03,-6.4,-25.46,-55.29,34.29,34.29,34.29,15.60,-9.03,-47.76,-82.10,-140.01,0.874051,10,17.92,-21.10,-30.16,-32.76,-28.10,15.60,-28.58,-39.85,-22.91,-38.86,1.095012,91
17-09-2025,NASDAQ:TECH,Bio-Techne Corp - Common Stock,8014,2219281,3.29,51.78,0.31,-4.67,-3.17,-3.51,0.29,-20.86,-48.34,-41.37,-11.91,-17.59,-35.56,5.03,10.97,10.97,-5.83,-9.34,-39.24,-58.68,-61.35,0.87392,10,-3.51,3.68,-21.21,-22.74,4.70,-5.83,-3.80,-30.90,-12.89,-6.06,1.022506,63
17-09-2025,NYSE:SFL,SFL Corporation Ltd,1074,1292529,2.69,7.96,-0.63,-2.89,-1.13,-13.57,-8.67,-5.03,-30.53,-37.44,-16.03,-16.03,-32.31,4.6,12.11,12.11,-15.89,-18.30,-23.41,-40.87,-57.42,0.87341,10,-13.57,4.31,3.35,-24.28,-5.29,-15.89,-3.17,-6.34,-14.43,-16.05,0.989116,28
17-09-2025,NYSE:ASH,Ashland Inc. Common Stock,2336,438998,2.4,51.26,-0.84,-4.02,-7.04,-5.05,2.07,-11.74,-46.20,-66.15,-9.43,-14.21,-41.75,5.34,10.17,10.17,-7.37,-7.56,-30.12,-56.54,-86.13,0.873322,10,-5.05,6.78,-14.10,-30.83,-13.65,-7.37,-0.70,-23.79,-20.98,-24.41,1.037516,73
17-09-2025,NASDAQ:IEP,Icahn Enterprises L.P. - Depositary Units representing Limited Partner Interests,4685,566969,1.85,8.18,0.49,-1.34,-3.18,-14.91,-6.36,-17.85,-26.22,-25.67,-15.45,-16.1,-47.19,2.25,4.8,4.8,-17.23,-15.99,-36.23,-36.56,-45.65,0.872978,10,-14.91,7.45,-10.80,-7.11,0.44,-17.23,-0.03,-20.49,2.74,-10.32,0.983434,23
17-09-2025,NASDAQ:TCPC,BlackRock TCP Capital Corp. - Closed End Fund,563,514554,1.67,6.72,-3.12,-6.99,-6.10,-4.91,-8.33,-15.18,-40.03,-33.04,-14.94,-16.52,-29.56,0,3.86,3.86,-7.23,-17.96,-33.56,-50.37,-53.02,0.8728,10,-4.91,-3.26,-6.32,-21.58,4.99,-7.23,-10.74,-16.01,-11.73,-5.77,0.996868,37
17-09-2025,NASDAQ:VFS,VinFast Auto Ltd. - Ordinary Shares,7578,560253,2.33,3.19,-1.57,-3.45,-5.33,-11.91,-15.05,-3.76,-36.68,-24.14,-14.93,-14.93,-37.08,0,19.03,19.03,-14.23,-24.68,-22.14,-47.02,-44.12,0.87256,10,-11.91,-2.80,9.81,-31.72,9.17,-14.23,-10.28,0.12,-21.87,-1.59,0.974498,16
17-09-2025,NASDAQ:AZTA,"Azenta, Inc. - Common Stock",1396,499277,3.6,30.59,2.12,3.76,1.41,0.65,-0.33,-22.49,-50.08,-53.38,-11.28,-19.98,-44.13,13.72,22.21,22.21,-1.67,-9.96,-40.87,-60.42,-73.36,0.872502,10,0.65,-0.99,-22.09,-22.52,-2.20,-1.67,-8.47,-31.78,-12.67,-12.96,1.03248,70
17-09-2025,NYSE:TWO,Two Harbors Investment Corp,1039,1898086,1.91,9.98,-1.20,-2.71,0.90,-1.10,-8.62,-38.88,-19.54,-38.58,-9.44,-28.05,-29.62,4.28,4.28,4.28,-3.42,-18.25,-57.26,-29.88,-58.56,0.872499,10,-1.10,-7.43,-27.86,13.92,-15.93,-3.42,-14.91,-37.55,23.77,-26.69,1.004467,45
17-09-2025,NYSE:ONON,On Holding AG Class A Ordinary Shares,14315,4940728,2.87,43.02,0.81,-3.18,-4.11,-5.39,-23.22,-11.72,-35.29,-14.02,-20.86,-29.1,-32.38,0.82,14.26,14.26,-7.71,-32.85,-30.10,-45.63,-34.00,0.872296,10,-5.39,-16.92,9.34,-21.10,15.72,-7.71,-24.40,-0.35,-11.25,4.96,0.960522,10
17-09-2025,NYSE:GIS,"General Mills, Inc. Common Stock",26296,5945598,1.7,49.56,1.11,-1.59,0.48,-0.18,-8.01,-22.96,-32.16,-47.32,-7.93,-18.71,-33.93,2.31,2.31,2.31,-2.50,-17.64,-41.34,-42.50,-67.30,0.87225,10,-0.18,-7.81,-13.84,-7.48,-11.47,-2.50,-15.29,-23.53,2.37,-22.23,1.00933,51
17-09-2025,NYSE:KMPR,Kemper Corporation,3303,748903,1.76,52.57,0.08,-2.45,-3.42,-1.16,-21.00,-29.73,-29.18,-13.05,-19.3,-23.59,-27.09,8.57,8.57,8.57,-3.48,-30.63,-48.11,-39.52,-33.03,0.87189,10,-1.16,-19.61,-7.22,0.43,12.49,-3.48,-27.09,-16.91,10.28,1.73,0.965383,12
17-09-2025,NYSE:UMH,"UMH Properties, Inc. Common Stock",1284,676603,1.91,15.12,-0.07,-0.13,-0.26,-5.62,-11.51,-20.57,-27.78,-32.28,-12.8,-19.66,-25.95,0.47,0.47,0.47,-7.94,-21.14,-38.95,-38.12,-52.26,0.871703,10,-5.62,-5.57,-8.13,-5.98,-3.52,-7.94,-13.05,-17.82,3.87,-14.28,0.987181,26
17-09-2025,NASDAQ:DUOL,"Duolingo, Inc. - Class A Common Stock",12792,1974933,6.27,280.74,-1.56,2.58,-3.29,-16.45,-69.16,-4.79,-22.66,18.44,-41.36,-48.08,-48.08,3.53,3.53,22.74,-18.77,-78.79,-23.17,-33.00,-1.54,0.87155,10,-16.45,-45.26,38.05,-17.05,33.51,-18.77,-52.74,28.36,-7.20,22.75,0.880372,1
17-09-2025,NYSE:NSA,National Storage Affiliates Trust Common Shares of Beneficial Interest,4164,1043996,1.96,30.8,-0.42,-3.41,-3.02,1.53,-7.53,-20.97,-37.11,-54.84,-7.51,-21.83,-37.31,4.62,4.62,4.62,-0.79,-17.16,-39.35,-47.45,-74.82,0.871298,10,1.53,-9.20,-12.50,-13.34,-12.93,-0.79,-16.68,-22.19,-3.49,-23.69,1.016991,58
17-09-2025,NASDAQ:LBRDK,Liberty Broadband Corporation - Class C Common Stock,8850,1137317,2.71,60.09,0.22,-0.62,-0.95,-2.48,-39.23,-28.23,-26.86,4.81,-36.32,-36.63,-36.7,3.07,3.07,6.42,-4.80,-48.86,-46.61,-37.20,-15.17,0.871296,10,-2.48,-35.86,7.90,1.07,24.97,-4.80,-43.34,-1.79,10.92,14.21,0.927437,3
17-09-2025,NASDAQ:CHDN,"Churchill Downs, Incorporated - Common Stock",6739,524417,2.24,96.07,0.09,-1.69,-6.24,-6.78,-1.38,-16.20,-44.30,-45.98,-15.54,-15.54,-34.85,0.09,9.18,9.18,-9.10,-11.01,-34.58,-54.64,-65.96,0.871216,10,-6.78,5.05,-14.61,-24.19,-1.16,-9.10,-2.43,-24.30,-14.34,-11.92,1.016685,58
17-09-2025,NYSE:FIS,"Fidelity National Information Services, Inc. Common Stock",35078,4129427,2.02,66.44,-0.74,-3.31,-2.81,-6.61,-21.82,-8.76,-28.36,-26.81,-19.32,-19.32,-26.95,0.11,0.11,0.11,-8.93,-31.45,-27.14,-38.70,-46.79,0.871168,9,-6.61,-14.27,10.72,-18.02,1.21,-8.93,-21.75,1.03,-8.17,-9.55,0.967256,13
17-09-2025,NASDAQ:PSNY,Polestar Automotive Holding UK Limited - Class A ADS,2081,6628181,7.18,0.9744,0.62,-3.65,-36.49,-10.84,-10.84,-14.94,-9.81,-62.15,-28.88,-28.88,-46.75,3.3,11.39,13.67,-13.16,-20.47,-33.32,-20.15,-82.13,0.871157,9,-10.84,0.00,-3.70,4.46,-47.66,-13.16,-7.48,-13.39,14.31,-58.42,1.002265,43
17-09-2025,NASDAQ:EXPO,"Exponent, Inc. - Common Stock",3484,463894,2.22,69.67,0.29,0.01,-3.24,0.60,-8.81,-19.16,-36.97,-51.01,-10.22,-16.08,-39.56,1.96,1.96,1.96,-1.72,-18.44,-37.54,-47.31,-70.99,0.871151,9,0.60,-9.47,-9.51,-14.95,-10.25,-1.72,-16.95,-19.20,-5.10,-21.01,1.011274,53
17-09-2025,NASDAQ:LKQ,LKQ Corporation - Common Stock,8004,4128629,2.15,31.52,-0.10,-2.51,-1.40,1.74,-20.69,-34.01,-22.49,-25.92,-19.61,-27.34,-28.44,7.8,7.8,7.8,-0.58,-30.32,-52.39,-32.83,-45.90,0.870656,9,1.74,-22.83,-11.04,8.59,-2.80,-0.58,-30.31,-20.73,18.44,-13.56,0.976874,18
17-09-2025,NYSE:ARR,"ARMOUR Residential REIT, Inc.",1674,3102467,1.64,14.87,-1.34,-5.11,-1.88,-1.28,-10.83,-25.89,-30.87,-38.26,-12.17,-20.9,-28.92,1.09,6.44,6.44,-3.60,-20.46,-44.27,-41.21,-58.24,0.870411,9,-1.28,-9.43,-13.59,-3.95,-5.65,-3.60,-16.91,-23.28,5.90,-16.41,0.99747,38
17-09-2025,NYSE:WU,Western Union Company (The) Common Stock,2694,8652936,2.26,8.2,-2.32,-5.37,-6.71,-1.95,-5.49,-29.88,-32.56,-44.51,-7.24,-23.79,-32.73,3.54,3.54,3.54,-4.27,-15.12,-48.26,-42.90,-64.49,0.869998,9,-1.95,-3.47,-23.12,-2.07,-9.02,-4.27,-10.95,-32.81,7.78,-19.78,1.011455,53
17-09-2025,NASDAQ:AMPH,"Amphastar Pharmaceuticals, Inc. - Common Stock",1254,434992,3.07,27,-1.00,-8.63,-14.11,-10.48,3.78,-2.56,-61.37,-72.30,-12.37,-12.37,-49.44,30.94,30.94,30.94,-12.80,-5.85,-20.94,-71.71,-92.28,0.869753,9,-10.48,12.91,-6.58,-57.35,-6.77,-12.80,5.43,-16.27,-47.50,-17.53,1.045334,77
17-09-2025,NASDAQ:TENB,"Tenable Holdings, Inc. - Common Stock",3610,1376363,2.45,29.62,0.10,-3.95,-2.94,-0.57,-9.22,-24.07,-44.46,-33.36,-16.47,-20.33,-33.44,3.64,3.64,3.64,-2.89,-18.85,-42.45,-54.80,-53.34,0.869707,9,-0.57,-8.59,-13.60,-16.44,7.69,-2.89,-16.07,-23.29,-6.59,-3.07,1.000892,42
17-09-2025,NYSE:GDDY,GoDaddy Inc. Class A Common Stock,19949,1500436,2.13,144.14,-0.98,-3.29,-0.17,-1.26,-23.55,-24.96,-44.54,-5.88,-19.95,-25.07,-32.75,8.09,8.09,8.09,-3.58,-33.18,-43.34,-54.88,-25.86,0.869647,9,-1.26,-22.01,-1.14,-15.67,26.75,-3.58,-29.49,-10.83,-5.82,15.99,0.961226,10
17-09-2025,NASDAQ:DVAX,Dynavax Technologies Corporation - Common Stock,1122,2041753,3.18,9.7,3.51,-2.27,-2.16,-11.24,-4.85,-40.52,-33.09,-13.09,-14.61,-30.62,-32.64,3.63,3.63,3.63,-13.56,-14.48,-58.90,-43.43,-33.07,0.869571,9,-11.24,5.75,-34.02,5.28,15.03,-13.56,-1.73,-43.71,15.13,4.27,0.987225,26
17-09-2025,NASDAQ:CHYM,"Chime Financial, Inc. - Class A Common Stock",8754,2698190,4.62,22.99,-1.09,-5.70,-7.53,-27.79,-60.11,NA,NA,NA,-37.54,-38.05,-38.05,0,0,0,-30.11,-69.74,NA,NA,NA,0.86953,9,-27.79,-25.29,NA,NA,NA,-30.11,-32.77,NA,NA,NA,0.831437,1
17-09-2025,NYSE:FSK,FS KKR Capital Corp. Common Stock,4489,1796433,1.56,16.91,-0.24,-5.56,-7.04,-3.43,-24.01,-25.90,-26.14,-14.84,-24.78,-24.78,-29.72,0,0,0,-5.75,-33.64,-44.28,-36.48,-34.82,0.869477,9,-3.43,-19.90,-1.53,-0.19,8.95,-5.75,-27.38,-11.22,9.66,-1.81,0.958431,9
17-09-2025,NYSE:RDW,Redwire Corporation Common Stock,1134,4006306,5.46,9,-0.67,9.33,0.89,0.67,-128.56,-22.00,-29.67,29.22,-56.25,-56.25,-64.93,10.29,19.84,43.77,-1.65,-138.19,-40.38,-40.01,9.24,0.869355,9,0.67,-130.09,46.62,-6.28,45.42,-1.65,-137.57,36.93,3.57,34.66,0.854039,1
17-09-2025,NYSE:SLGN,Silgan Holdings Inc. Common Stock,4622,1053399,1.65,43.27,0.00,-2.84,-6.54,-7.42,-26.12,-15.16,-26.67,-15.55,-23.77,-23.77,-24.79,0,0,0,-9.74,-35.75,-33.54,-37.01,-35.53,0.869119,9,-7.42,-17.41,8.69,-9.99,8.78,-9.74,-24.89,-1.00,-0.14,-1.98,0.952092,7
17-09-2025,NYSE:HLX,"Helix Energy Solutions Group, Inc. Common Stock",932,1174867,3.55,6.37,1.73,4.40,-2.51,10.20,-11.77,-28.26,-58.24,-48.19,-11.53,-28.1,-43.93,11.75,11.75,11.75,7.88,-21.40,-46.64,-68.58,-68.17,0.868854,9,10.20,-24.48,-14.75,-23.38,6.35,7.88,-31.96,-24.44,-13.53,-4.41,1.021105,62
17-09-2025,NYSE:LZB,La-Z-Boy Incorporated Common Stock,1392,683240,2.87,33.92,-0.15,-3.92,-5.87,-13.97,-14.74,-13.27,-32.90,-18.40,-15.26,-23.4,-29.36,0.68,0.68,0.68,-16.29,-24.37,-31.65,-43.24,-38.38,0.868749,9,-13.97,-0.67,1.28,-17.33,10.91,-16.29,-8.15,-8.41,-7.48,0.15,0.966401,12
17-09-2025,NYSE:STLA,Stellantis N.V. Common Shares,36270,13163224,2.47,9.72,0.93,8.23,3.19,-0.72,-1.54,-29.32,-42.28,-54.32,-6.27,-23.28,-39.48,11.21,13.95,13.95,-3.04,-11.17,-47.70,-52.62,-74.30,0.868667,9,-0.72,-0.82,-27.36,-10.02,-8.46,-3.04,-8.30,-37.05,-0.17,-19.22,1.027673,67
17-09-2025,NASDAQ:GFS,GlobalFoundries Inc. - Ordinary Share,17804,2371940,2.88,32.02,-0.62,-0.41,-3.56,-3.28,-17.43,-20.99,-36.95,-24.58,-23.14,-23.14,-31.57,1.27,5.43,5.43,-5.60,-27.06,-39.37,-47.29,-44.56,0.867667,9,-3.28,-13.70,-3.03,-13.19,9.03,-5.60,-21.18,-12.72,-3.34,-1.73,0.976742,18
17-09-2025,NYSE:WHD,"Cactus, Inc. Class A Common Stock",3213,618433,3.37,40.46,1.56,-1.04,-2.27,1.85,-13.62,-12.95,-60.45,-37.79,-15.57,-15.57,-41.78,6,15.44,15.44,-0.47,-23.25,-31.33,-70.79,-57.77,0.867581,9,1.85,-15.76,0.59,-42.06,14.13,-0.47,-23.24,-9.10,-32.21,3.37,1.004677,46
17-09-2025,NYSE:AMC,"AMC Entertainment Holdings, Inc. Class A Common Stock",1447,8824092,2.82,2.9,0.00,3.10,4.48,-3.45,-7.93,-3.79,-50.00,-68.97,-18.08,-27.68,-44.23,7.01,9.85,9.85,-5.77,-17.56,-22.17,-60.34,-88.95,0.867453,9,-3.45,-4.33,3.83,-44.52,-12.64,-5.77,-11.81,-5.86,-34.67,-23.40,1.023182,64
17-09-2025,NASDAQ:DAWN,"Day One Biopharmaceuticals, Inc. - Common Stock",716,960824,4.08,7.11,-0.98,-4.22,-4.08,5.06,6.61,-21.94,-85.09,-92.26,-6.32,-17.99,-56.62,22.59,22.59,22.59,2.74,-3.02,-40.32,-95.43,-112.24,0.867342,9,5.06,1.63,-30.57,-51.79,-3.88,2.74,-5.85,-40.26,-41.94,-14.64,1.081452,89
17-09-2025,NYSE:NOG,"Northern Oil and Gas, Inc. Common Stock",2525,1473536,3.36,25.79,3.22,3.99,-3.68,5.62,-22.22,-13.92,-60.02,-32.18,-18.2,-19.81,-40.7,11.5,25.19,25.19,3.30,-31.85,-32.30,-70.36,-52.16,0.866775,9,5.62,-29.50,6.79,-40.47,17.40,3.30,-36.98,-2.90,-30.62,6.64,0.992851,33
17-09-2025,NASDAQ:BMRN,BioMarin Pharmaceutical Inc. - Common Stock,10440,1816730,2.62,53.94,1.48,-3.24,-9.55,-6.67,-4.26,-32.65,-22.30,-56.43,-12.9,-25.94,-36.47,1.51,1.51,1.51,-8.99,-13.89,-51.03,-32.64,-76.41,0.866371,9,-6.67,2.26,-27.22,7.80,-27.91,-8.99,-5.22,-36.91,17.65,-38.67,1.016501,57
17-09-2025,NYSE:OXM,"Oxford Industries, Inc. Common Stock",687,567972,4.74,46.26,-1.12,11.91,7.89,2.38,9.47,-31.82,-81.82,-81.78,-10.31,-26.03,-47.46,25.13,25.13,25.13,0.06,-0.16,-50.20,-92.16,-101.76,0.86577,8,2.38,7.26,-45.61,-37.93,0.02,0.06,-0.22,-55.30,-28.08,-10.74,1.080171,89
17-09-2025,NASDAQ:ADMA,ADMA Biologics Inc - Common Stock,3713,3027959,3.39,15.69,2.49,-4.46,-9.62,-8.29,-30.02,-18.99,-25.11,-12.49,-23.09,-35.99,-35.99,2.55,2.55,2.55,-10.61,-39.65,-37.37,-35.45,-32.47,0.865618,8,-8.29,-20.07,8.48,-5.14,10.09,-10.61,-27.55,-1.21,4.71,-0.67,0.943209,5
17-09-2025,NASDAQ:SLNO,"Soleno Therapeutics, Inc. - Common Stock",2709,1790770,6.32,49.71,-2.94,-41.24,-35.22,-44.10,-57.21,0.16,5.11,0.20,-43.82,-43.82,-43.82,0,2.71,16.85,-46.42,-66.84,-18.22,-5.23,-19.78,0.86519,8,-44.10,-9.10,36.49,4.96,-5.17,-46.42,-16.58,26.80,14.81,-15.93,0.876546,1
17-09-2025,NYSE:KNF,Knife Riv Holding Co. Common Stock,4254,643230,3.44,75.45,-2.37,-4.55,-6.04,-19.27,-9.40,-23.92,-40.13,-8.68,-20.22,-26.67,-29.69,0,0,0,-21.59,-19.03,-42.30,-50.47,-28.66,0.865061,8,-19.27,8.28,-13.28,-13.08,22.44,-21.59,0.80,-22.97,-3.23,11.68,0.967217,13
17-09-2025,NASDAQ:BJRI,"BJ's Restaurants, Inc. - Common Stock",663,539980,3.08,30.18,-2.95,-8.71,-9.87,-16.34,-49.80,-8.08,-20.54,1.82,-35.49,-35.49,-35.49,0,1.21,1.86,-18.66,-59.43,-26.46,-30.88,-18.16,0.864781,8,-16.34,-28.77,27.85,-11.53,18.55,-18.66,-36.25,18.16,-1.68,7.79,0.905134,2
17-09-2025,NASDAQ:IMNM,"Immunome, Inc. - Common Stock",783,1114406,6.99,9.09,-4.29,-1.32,-2.09,-13.09,-4.95,0.55,-54.46,-61.83,-20.61,-20.61,-43.08,8.21,63.49,63.49,-15.41,-14.58,-17.83,-64.80,-81.81,0.864582,8,-13.09,7.20,5.24,-55.31,-4.77,-15.41,-0.28,-4.45,-45.46,-15.53,1.018514,60
17-09-2025,NASDAQ:CHA,"Chagee Holdings Limited - American Depositary Shares, each representing 1 Class A ordinary share",3170,1418702,4.59,17.27,4.17,1.85,-7.12,-28.78,-71.34,NA,NA,NA,-41.64,-51.61,-51.61,4.35,4.35,4.35,-31.10,-80.97,NA,NA,NA,0.864025,8,-28.78,-33.05,NA,NA,NA,-31.10,-40.53,NA,NA,NA,0.825624,1
17-09-2025,NASDAQ:ELVN,"Enliven Therapeutics, Inc.  - Common Stock",1127,512961,5.58,18.43,-0.38,-7.00,-13.35,-9.71,-25.28,-14.16,-30.66,-21.16,-21.04,-21.04,-37.63,4.18,23.61,23.61,-12.03,-34.91,-32.54,-41.00,-41.14,0.863275,8,-9.71,-14.19,8.88,-14.45,7.27,-12.03,-21.67,-0.81,-4.60,-3.49,0.955151,8
17-09-2025,NASDAQ:LGIH,"LGI Homes, Inc. - Common Stock",1326,416813,4.2,58.92,-0.17,-6.67,-2.68,-11.22,14.29,-24.54,-77.38,-82.01,-12.67,-19.71,-52.29,24.46,24.46,24.46,-13.54,4.66,-42.92,-87.72,-101.99,0.863091,8,-11.22,22.94,-45.31,-42.42,-2.61,-13.54,15.46,-55.00,-32.57,-13.37,1.07795,88
17-09-2025,NYSE:AVNS,"Avanos Medical, Inc. Common Stock",550,536505,3.09,11.89,-3.20,-3.87,-0.59,5.80,-2.86,-22.88,-57.19,-97.98,-6.53,-19.77,-51.84,20.22,20.22,20.22,3.48,-12.49,-41.26,-67.53,-117.96,0.863049,8,5.80,-9.20,-19.46,-27.93,-25.95,3.48,-16.68,-29.15,-18.08,-36.71,1.056326,81
17-09-2025,NYSE:OKE,"ONEOK, Inc. Common Stock",45884,3278058,1.9,72.58,-0.04,1.02,-2.81,-1.86,-13.19,-35.63,-43.74,-24.69,-13.05,-29.11,-37.99,1.71,1.71,1.71,-4.18,-22.82,-54.01,-54.08,-44.67,0.862775,8,-1.86,-11.12,-19.83,-5.98,13.26,-4.18,-18.60,-29.52,3.87,2.50,0.98755,26
17-09-2025,NASDAQ:PTEN,"Patterson-UTI Energy, Inc. - Common Stock",2111,7912685,4.33,5.62,3.74,2.14,-2.14,4.27,-14.41,-39.86,-38.97,-40.75,-14.85,-34.42,-40.53,6.24,6.24,6.24,1.95,-24.04,-58.24,-49.31,-60.73,0.862732,8,4.27,-19.52,-22.24,0.64,-1.28,1.95,-27.00,-31.93,10.49,-12.04,1.001328,42
17-09-2025,NYSE:OGN,Organon & Co. Common Stock,2717,3683624,3.56,10.36,-0.39,-0.10,9.07,8.88,1.64,-50.77,-51.35,-95.85,-2.81,-34.39,-50.38,23.33,28.86,28.86,6.56,-7.99,-69.15,-61.69,-115.83,0.862511,8,8.88,-7.94,-53.29,-0.38,-29.40,6.56,-15.42,-62.98,9.47,-40.16,1.074306,87
17-09-2025,NYSE:EPAM,"EPAM Systems, Inc. Common Stock",8547,828392,3.3,154.57,0.01,-6.76,-13.02,-2.03,-11.65,-20.48,-63.68,-30.88,-15.68,-17.3,-42.24,3.51,7.84,7.84,-4.35,-21.28,-38.86,-74.02,-50.86,0.861993,8,-2.03,-9.43,-7.90,-35.86,20.04,-4.35,-16.91,-17.59,-26.01,9.28,0.999382,40
17-09-2025,NYSE:DXC,DXC Technology Company Common Stock,2504,1577124,2.62,14.07,1.14,-2.56,-1.85,2.56,-12.86,-23.53,-53.23,-47.55,-13.36,-20.19,-38.37,9.49,9.49,9.49,0.24,-22.49,-41.91,-63.57,-67.53,0.861942,8,2.56,-15.83,-9.45,-24.05,3.71,0.24,-23.31,-19.14,-14.20,-7.05,1.007148,49
17-09-2025,NASDAQ:SNPS,"Synopsys, Inc. - Common Stock",79017,3543233,3.29,425.97,1.59,-41.88,-38.98,-45.06,-12.55,-6.47,-20.21,-14.79,-33.99,-33.99,-33.99,9.85,11.83,11.83,-47.38,-22.18,-24.85,-30.55,-34.77,0.861707,8,-45.06,22.41,5.40,-12.91,4.51,-47.38,14.93,-4.29,-3.06,-6.25,0.942548,5
17-09-2025,NASDAQ:MKTX,"MarketAxess Holdings, Inc. - Common Stock",6857,692755,2.2,182.94,0.69,-2.86,1.50,-3.88,-22.93,-18.80,-28.38,-40.16,-18.65,-20.84,-37.69,1.56,1.56,1.56,-6.20,-32.56,-37.18,-38.72,-60.14,0.861505,8,-3.88,-18.33,3.36,-8.07,-9.18,-6.20,-25.81,-6.33,1.78,-19.94,0.974875,17
17-09-2025,NASDAQ:LINE,"Lineage, Inc. - Common Stock",9830,1164739,3.26,42.97,1.19,2.93,4.68,5.28,-1.68,-39.07,-46.15,-91.88,-7.17,-29.21,-48.38,9.93,9.93,9.93,2.96,-11.31,-57.45,-56.49,-111.86,0.860986,8,5.28,-7.35,-36.78,-5.09,-31.29,2.96,-14.83,-46.47,4.76,-42.05,1.056191,81
17-09-2025,NASDAQ:LCID,"Lucid Group, Inc. - Common Stock",6256,12570537,6.04,19.72,-0.61,1.67,10.45,-10.55,-9.03,-9.53,-23.23,-98.28,-37,-37,-49.95,22.03,22.03,22.03,-12.87,-18.66,-27.91,-33.57,-118.26,0.860664,8,-10.55,1.38,-0.47,-12.50,-60.91,-12.87,-6.10,-10.16,-2.65,-71.67,1.026175,67
17-09-2025,NYSE:YPF,YPF Sociedad Anonima Common Stock,10960,2476921,4.5,27.71,3.68,3.18,-9.64,-18.98,-28.04,-30.57,-55.61,16.60,-23.45,-26.44,-39.8,6.17,6.17,30.65,-21.30,-37.67,-48.95,-65.95,-3.38,0.860114,8,-18.98,-7.61,-1.97,-19.18,46.41,-21.30,-15.09,-11.66,-9.33,35.65,0.928632,3
17-09-2025,NASDAQ:WING,Wingstop Inc. - Common Stock,7177,869905,4.38,261.14,-2.44,-10.08,-22.01,-28.99,-33.96,17.99,-26.43,-51.47,-30.79,-31.54,-38.97,0,26.15,26.15,-31.31,-43.59,-0.39,-36.77,-71.45,0.859905,8,-28.99,-3.86,38.78,-54.17,-19.80,-31.31,-11.34,29.09,-44.32,-30.56,0.960507,10
17-09-2025,NYSE:CRGY,Crescent Energy Company Class A Common Stock,2230,5921589,4.89,8.76,3.88,6.16,-13.01,-7.53,-9.13,-26.03,-68.72,-18.95,-11.87,-25.26,-47.67,6.57,20.16,20.16,-9.85,-18.76,-44.41,-79.06,-38.93,0.859425,8,-7.53,-1.49,-15.48,-33.88,29.50,-9.85,-8.97,-25.17,-24.03,18.74,0.993545,34
17-09-2025,NYSE:TGS,Transportadora de Gas del Sur SA TGS Common Stock,3348,678163,5.64,22.25,4.81,0.13,-18.11,-25.98,-25.39,-22.43,-35.37,5.80,-25.86,-30.21,-33.08,5.5,5.5,21.32,-28.30,-35.02,-40.81,-45.71,-14.18,0.858966,7,-25.98,0.46,2.37,-10.57,30.41,-28.30,-7.02,-7.32,-0.72,19.65,0.925551,3
17-09-2025,NYSE:CWAN,"Clearwater Analytics Holdings, Inc. Class A Common Stock",5606,4113677,2.99,19.19,-0.89,-5.63,-5.21,-0.26,-15.58,-38.56,-54.25,-21.73,-14.98,-30.47,-41.48,4.01,4.01,4.01,-2.58,-25.21,-56.94,-64.59,-41.71,0.858663,7,-0.26,-15.28,-19.88,-11.32,21.08,-2.58,-22.76,-29.57,-1.47,10.32,0.986078,25
17-09-2025,NASDAQ:MRTN,"Marten Transport, Ltd. - Common Stock",915,654772,2.55,11.6,-0.34,-0.26,0.00,-2.76,-13.79,-19.66,-49.74,-46.47,-16.61,-17.02,-36.47,0.09,0.09,0.09,-5.08,-23.42,-38.04,-60.08,-66.45,0.858615,7,-2.76,-10.74,-5.15,-25.14,2.19,-5.08,-18.22,-14.84,-15.29,-8.57,0.998023,39
17-09-2025,NYSE:TROX,Tronox Holdings plc Ordinary Shares (UK),788,3325449,6.43,4.95,0.20,3.84,16.16,27.68,-12.93,-47.27,-121.82,-136.57,-15.38,-33.29,-66.44,57.64,57.64,57.64,25.36,-22.56,-65.65,-132.16,-156.55,0.858453,7,27.68,-56.15,-30.41,-50.62,-6.65,25.36,-63.63,-40.10,-40.77,-17.41,1.100219,92
17-09-2025,NYSE:PAM,Pampa Energia S.A.,3373,427099,4.61,61.75,4.08,4.79,-6.70,-20.36,-19.48,-29.94,-46.57,4.47,-25.3,-27.41,-34.92,9.06,9.06,9.06,-22.68,-29.11,-48.32,-56.91,-15.51,0.858388,7,-20.36,0.73,-8.76,-12.80,34.82,-22.68,-6.75,-18.45,-2.95,24.06,0.943338,5
17-09-2025,NYSE:PACS,"PACS Group, Inc. Common Stock",1741,1436508,7.35,10.87,4.05,25.76,-6.62,-5.80,6.72,-12.88,-39.10,-267.99,-18.27,-18.27,-74.69,40.99,40.99,40.99,-8.12,-2.91,-31.26,-49.44,-287.97,0.857388,7,-5.80,11.83,-21.01,-23.23,-164.55,-8.12,4.35,-30.70,-13.38,-175.31,1.154622,96
17-09-2025,NASDAQ:ADBE,Adobe Inc. - Common Stock,153590,5036645,2.78,352.73,1.60,-0.38,2.01,-0.60,-13.89,-13.21,-55.91,-66.29,-12.2,-16.15,-39.86,5.72,5.72,5.72,-2.92,-23.52,-31.59,-66.25,-86.27,0.85698,7,-0.60,-13.21,0.59,-37.71,-6.66,-2.92,-20.69,-9.10,-27.86,-17.42,1.013014,54
17-09-2025,NYSE:PBH,Prestige Consumer Healthcare Inc. Common Stock,3141,602262,2.13,63.2,0.36,-4.45,-5.22,-2.83,-32.36,-34.30,-32.20,-15.36,-25.36,-29.06,-29.06,0.37,0.37,0.37,-5.15,-41.99,-52.68,-42.54,-35.34,0.856819,7,-2.83,-28.71,-1.47,1.57,12.73,-5.15,-36.19,-11.16,11.42,1.97,0.948439,6
17-09-2025,NASDAQ:THRY,"Thryv Holdings, Inc. - Common Stock",535,475301,4.14,12.12,-0.74,-7.34,-2.48,-11.55,-7.10,-28.88,-35.31,-47.61,-12.49,-22.41,-39.76,3.06,18.24,18.24,-13.87,-16.73,-47.26,-45.65,-67.59,0.856626,7,-11.55,3.99,-20.34,-4.99,-9.09,-13.87,-3.49,-30.03,4.86,-19.85,0.999405,40
17-09-2025,NASDAQ:DYN,"Dyne Therapeutics, Inc. - Common Stock",1871,2224597,5.13,12.99,1.00,-2.00,-3.93,4.70,-6.39,5.23,-111.47,-154.58,-8.65,-12.11,-64.5,58.8,90.75,90.75,2.38,-16.02,-13.15,-121.81,-174.56,0.856325,7,4.70,-11.63,10.93,-123.15,-20.39,2.38,-19.11,1.24,-113.30,-31.15,1.102925,92
17-09-2025,NASDAQ:VIR,"Vir Biotechnology, Inc. - Common Stock",667,1530757,6.27,4.86,1.44,-7.82,-2.88,7.00,-7.82,-44.14,-60.91,-61.73,-18.04,-32.5,-61.06,13.55,13.55,13.55,4.68,-17.45,-62.52,-71.25,-81.71,0.856302,7,7.00,-15.93,-33.68,-11.63,-0.51,4.68,-23.41,-43.37,-1.78,-11.27,1.031755,70
17-09-2025,NYSE:HRL,Hormel Foods Corporation Common Stock,13689,4660964,2.14,25.02,1.16,-2.00,-0.04,-13.83,-21.02,-19.74,-32.41,-26.38,-20.67,-20.67,-25.42,1.17,1.17,1.17,-16.15,-30.65,-38.12,-42.75,-46.36,0.856115,7,-13.83,-6.32,1.06,-10.58,4.56,-16.15,-13.80,-8.63,-0.73,-6.20,0.959995,10
17-09-2025,NASDAQ:CWST,"Casella Waste Systems, Inc. - Class A Common Stock",5555,492534,2.02,88.8,-1.64,-4.47,-8.84,-11.87,-30.70,-23.23,-24.00,-19.83,-24.64,-26.23,-26.23,0,0,0,-14.19,-40.33,-41.61,-34.34,-39.81,0.856056,7,-11.87,-16.83,5.71,-0.62,3.36,-14.19,-24.31,-3.98,9.23,-7.40,0.942529,5
17-09-2025,NYSE:PRGO,Perrigo Company plc Ordinary Shares,2907,1520096,2.45,21.37,-1.78,-4.26,-9.92,-6.22,-24.89,-32.29,-27.70,-27.00,-24.83,-24.99,-27.49,0,0,0,-8.54,-34.52,-50.67,-38.04,-46.98,0.856001,7,-6.22,-17.58,-5.92,3.47,0.55,-8.54,-25.06,-15.61,13.32,-10.21,0.961463,10
17-09-2025,NASDAQ:SMMT,Summit Therapeutics Inc.  - Common Stock,13438,5171586,6.62,18.12,-4.53,-3.89,-31.57,-47.30,-10.10,-11.09,-3.59,-51.27,-38.2,-50.63,-50.63,2.93,8.89,8.89,-49.62,-19.73,-29.47,-13.93,-71.25,0.85575,7,-47.30,25.25,-0.90,6.76,-46.03,-49.62,17.77,-10.59,16.61,-56.79,0.969697,14
17-09-2025,NYSE:RVTY,"Revvity, Inc. Common Stock",9911,1206595,3.08,85.28,1.50,0.28,-3.04,-6.45,-12.98,-32.75,-36.77,-40.89,-17.74,-24.67,-33.24,3.37,3.37,3.37,-8.77,-22.61,-51.13,-47.11,-60.87,0.855727,7,-6.45,-6.14,-17.50,-3.03,-3.01,-8.77,-13.62,-27.19,6.82,-13.77,0.990014,29
17-09-2025,NYSE:GPK,Graphic Packaging Holding Company,5925,3824692,2.35,20.34,0.64,-0.98,-8.01,-10.72,-5.85,-28.76,-44.49,-45.38,-13.56,-22.66,-33.31,0.64,0.64,0.64,-13.04,-15.48,-47.14,-54.83,-65.36,0.855639,7,-10.72,4.40,-21.64,-12.22,-0.61,-13.04,-3.08,-31.33,-2.37,-11.37,1.002703,43
17-09-2025,NASDAQ:SMPL,The Simply Good Foods Company - Common Stock,2667,1216895,2.47,27,3.19,-4.26,-6.15,-5.22,-22.11,-27.59,-46.44,-23.59,-20.7,-28.95,-32.52,3.29,3.29,3.29,-7.54,-31.74,-45.97,-56.78,-43.57,0.854775,7,-5.22,-16.05,-4.49,-14.78,15.60,-7.54,-23.53,-14.18,-4.93,4.84,0.968226,13
17-09-2025,NYSE:FMC,FMC Corporation Common Stock,4655,1623919,2.81,37.03,-1.65,0.57,-3.89,-1.16,-15.42,-15.26,-52.44,-67.43,-16.69,-16.69,-44.42,5.41,8.98,8.98,-3.48,-25.05,-33.64,-62.78,-87.41,0.854589,7,-1.16,-14.10,0.14,-32.26,-9.83,-3.48,-21.58,-9.55,-22.41,-20.59,1.008918,51
17-09-2025,NYSE:KVUE,Kenvue Inc. Common Stock,35196,25473438,3.52,18.13,-0.66,-4.08,-14.62,-16.93,-19.42,-29.12,-22.56,-27.30,-20.62,-25.82,-25.82,0,0,0,-19.25,-29.05,-47.50,-32.90,-47.28,0.854284,7,-16.93,-2.12,-8.13,5.08,-3.87,-19.25,-9.60,-17.82,14.93,-14.63,0.959131,9
17-09-2025,NYSE:EVH,"Evolent Health, Inc Class A Common Stock",1004,3080525,5.3,8.64,0.23,-15.62,-11.23,-7.64,5.32,-15.62,-38.31,-248.96,-26.72,-26.72,-72.16,5.62,19.83,19.83,-9.96,-4.31,-34.00,-48.65,-268.94,0.853289,7,-7.64,12.04,-22.13,-19.62,-152.30,-9.96,4.56,-31.82,-9.77,-163.06,1.139394,96
17-09-2025,NYSE:BF.B,Brown Forman Inc Class B Common Stock,13041,3664404,3.13,27.32,-0.15,-0.51,-6.66,-11.38,5.12,-30.93,-64.64,-68.70,-12.6,-24.3,-44.85,6.51,6.51,6.51,-13.70,-4.51,-49.31,-74.98,-88.68,0.853119,7,-11.38,14.82,-38.00,-25.75,-2.47,-13.70,7.34,-47.69,-15.90,-13.23,1.042896,75
17-09-2025,NYSE:FDS,FactSet Research Systems Inc. Common Stock,12705,491960,2.35,345.19,0.22,-8.02,-6.86,-7.08,-22.05,-27.36,-41.96,-27.43,-23.34,-27.07,-30.37,0.22,0.22,0.22,-9.40,-31.68,-45.74,-52.30,-47.41,0.853062,7,-7.08,-13.98,-4.36,-11.46,10.24,-9.40,-21.46,-14.05,-1.61,-0.52,0.967239,13
17-09-2025,NASDAQ:POWI,"Power Integrations, Inc. - Common Stock",2501,552026,2.9,45.13,0.58,1.02,1.31,-2.59,-25.61,-27.90,-44.98,-29.03,-24.2,-24.2,-33.68,4.64,7.12,7.12,-4.91,-35.24,-46.28,-55.32,-49.01,0.852966,6,-2.59,-22.44,-1.82,-13.36,11.00,-4.91,-29.92,-11.51,-3.51,0.24,0.968287,13
17-09-2025,NYSE:AGRO,Adecoagro S.A. Common Shares,816,551929,2.71,8.21,1.10,3.41,-1.95,-10.96,-16.57,-29.23,-32.89,-38.61,-14.21,-29.77,-30.25,3.53,3.53,3.53,-13.28,-26.20,-47.61,-43.23,-58.59,0.852311,6,-10.96,-5.05,-10.87,-2.83,-4.31,-13.28,-12.53,-20.56,7.02,-15.07,0.97694,18
17-09-2025,NYSE:IFF,"International Flavors & Fragrances, Inc. Common Stock",16233,1963604,1.95,64.52,0.23,-0.85,-3.15,-2.01,-18.94,-27.15,-36.14,-60.32,-16.71,-21.36,-39.17,1.67,1.67,1.67,-4.33,-28.57,-45.53,-46.48,-80.30,0.852258,6,-2.01,-16.59,-6.91,-7.07,-17.76,-4.33,-24.07,-16.60,2.78,-28.52,0.994864,35
17-09-2025,NASDAQ:MNDY,monday.com Ltd. - Ordinary Shares,9565,1270994,3.2,195.6,1.08,1.01,4.22,10.15,-48.02,-35.85,-42.14,-32.41,-37.8,-37.8,-40.35,14.08,14.08,14.08,7.83,-57.65,-54.23,-52.48,-52.39,0.851028,6,10.15,-64.75,8.22,-4.63,6.85,7.83,-72.23,-1.47,5.22,-3.91,0.957297,9
17-09-2025,NASDAQ:XRAY,DENTSPLY SIRONA Inc. - Common Stock,2679,2760651,2.86,13.62,0.59,-2.13,-1.40,-1.69,-16.96,-14.46,-47.06,-86.42,-19.17,-19.17,-49.67,8.74,8.74,8.74,-4.01,-26.59,-32.84,-57.40,-106.40,0.850831,6,-1.69,-15.02,2.13,-28.48,-26.76,-4.01,-22.50,-7.56,-18.63,-37.52,1.014445,56
17-09-2025,NYSE:ZIM,ZIM Integrated Shipping Services Ltd. Ordinary Shares,1779,5279493,3.88,14.52,-0.69,8.40,5.92,-12.33,-24.10,-26.93,-31.54,-28.31,-19.42,-25.04,-46.24,10,24,24,-14.65,-33.73,-45.31,-41.88,-48.29,0.850774,6,-12.33,-10.48,-2.28,-3.64,2.46,-14.65,-17.96,-11.97,6.21,-8.30,0.957331,9
17-09-2025,NYSE:PRMB,Primo Brands Corporation Class A Common Stock,8442,5081725,2.45,22.61,0.80,-8.23,-10.44,-8.54,-31.40,-42.77,-40.38,-4.29,-26.35,-36.54,-36.54,0.8,0.8,0.8,-10.86,-41.03,-61.15,-50.72,-24.27,0.850698,6,-8.54,-21.07,-8.65,1.67,25.71,-10.86,-28.55,-18.34,11.52,14.95,0.939274,5
17-09-2025,NYSE:RYAN,"Ryan Specialty Holdings, Inc. Class A Common Stock",14082,1460271,2.29,52.59,1.67,-0.06,-5.40,-12.42,-24.47,-35.67,-29.70,-20.86,-23.97,-30.74,-30.74,3.16,3.16,3.16,-14.74,-34.10,-54.05,-40.04,-40.84,0.850508,6,-12.42,-10.72,-9.00,4.40,6.82,-14.74,-18.20,-18.69,14.25,-3.94,0.952569,7
17-09-2025,NASDAQ:MCW,"Mister Car Wash, Inc. - Common Stock",1784,1356760,2.76,5.38,1.12,-1.12,-4.65,-10.22,-14.68,-50.93,-44.61,-16.54,-21.11,-36.48,-36.63,1.13,1.13,1.13,-12.54,-24.31,-69.31,-54.95,-36.52,0.850141,6,-10.22,-4.05,-31.60,4.19,19.41,-12.54,-11.53,-41.29,14.04,8.65,0.973701,16
17-09-2025,NYSE:CBZ,"CBIZ, Inc. Common Stock",3066,595949,3.1,55.4,2.02,-4.10,-15.56,-12.58,-23.48,-28.36,-40.61,-20.78,-28.8,-30.44,-37.51,2.06,2.06,2.06,-14.90,-33.11,-46.74,-50.95,-40.76,0.849686,6,-12.58,-9.68,-3.95,-9.55,14.11,-14.90,-17.16,-13.64,0.30,3.35,0.955504,8
17-09-2025,NYSE:EMN,Eastman Chemical Company Common Stock,7578,1365394,2.72,65.99,1.27,-2.44,-5.20,0.65,-16.74,-38.14,-50.52,-50.96,-19.09,-27.79,-42,12.25,12.25,12.25,-1.67,-26.37,-56.52,-60.86,-70.94,0.849019,6,0.65,-17.51,-18.33,-8.96,-0.29,-1.67,-24.99,-28.02,0.89,-11.05,0.998646,39
17-09-2025,NYSE:ELV,"Elevance Health, Inc. Common Stock",69463,2013817,2.38,310,1.00,-1.64,-3.98,0.14,-21.46,-38.90,-24.37,-76.08,-21.67,-31.52,-43.99,12.87,12.87,12.87,-2.18,-31.09,-57.28,-34.71,-96.06,0.849005,6,0.14,-21.63,-14.36,10.46,-41.57,-2.18,-29.11,-24.05,20.31,-52.33,1.00429,45
17-09-2025,NASDAQ:QFIN,"Qfin Holdings, Inc.  - American Depositary Shares",3810,1668460,3.31,28.84,0.24,1.63,-2.67,-10.78,-47.92,-63.42,-32.39,13.63,-37.03,-40.07,-40.07,2.6,2.6,15.78,-13.10,-57.55,-81.80,-42.73,-6.35,0.848799,6,-10.78,-33.52,-10.48,18.99,34.76,-13.10,-41.00,-20.17,28.84,24.00,0.906252,2
17-09-2025,NYSE:HUN,Huntsman Corporation Common Stock,1791,4146463,3.97,10.9,4.22,-3.03,-1.01,8.17,0.64,-62.02,-77.98,-98.44,-9.69,-38.28,-56.01,20.31,20.31,20.31,5.85,-8.99,-80.40,-88.32,-118.42,0.847931,6,8.17,-8.19,-63.07,-9.85,-11.49,5.85,-15.67,-72.76,0.00,-22.25,1.075363,88
17-09-2025,NASDAQ:OXLC,Oxford Lane Capital Corp. - Closed End Fund,1678,1279879,2.25,17.37,-2.07,2.19,-6.22,1.55,-20.90,-34.43,-51.12,-53.14,-17.48,-29.96,-36.26,7.22,7.22,7.22,-0.77,-30.53,-52.81,-61.46,-73.12,0.847413,6,1.55,-22.81,-11.19,-12.42,-1.33,-0.77,-30.29,-20.88,-2.57,-12.09,0.993724,34
17-09-2025,NYSE:ASGN,ASGN Incorporated Common Stock,2169,487103,3.21,50.84,-0.79,-3.01,-5.76,-1.83,-2.07,-35.21,-76.20,-76.51,-8.64,-26.04,-49.56,8.06,8.06,8.06,-4.15,-11.70,-53.59,-86.54,-96.49,0.847184,6,-1.83,-0.23,-32.47,-30.32,-0.18,-4.15,-7.71,-42.16,-20.47,-10.94,1.041598,75
17-09-2025,NASDAQ:BWIN,"The Baldwin Insurance Group, Inc. - Class A Common Stock",3736,777424,3.82,31.31,3.93,-0.13,-0.99,-4.89,-23.63,-29.54,-36.89,-49.15,-29.7,-32.54,-43.37,4.09,4.09,4.09,-7.21,-33.26,-47.92,-47.23,-69.13,0.847128,6,-4.89,-17.87,-4.78,-5.67,-8.96,-7.21,-25.35,-14.47,4.18,-19.72,0.977974,19
17-09-2025,NASDAQ:IMVT,"Immunovant, Inc.  - Common Stock",2634,1686613,4.55,15.29,-1.57,-7.26,1.44,0.46,-1.31,-30.94,-88.95,-88.75,-17.75,-23.63,-51.34,4.08,14.88,14.88,-1.86,-10.94,-49.32,-99.29,-108.73,0.846943,6,0.46,-1.77,-29.24,-44.31,0.10,-1.86,-9.25,-38.93,-34.46,-10.66,1.054431,80
17-09-2025,NASDAQ:COO,"The Cooper Companies, Inc.  - Common Stock",12787,3474784,2.72,65.16,-0.49,-4.74,-0.26,-12.43,-7.03,-22.64,-52.36,-67.07,-15.05,-23.32,-41.42,0.9,0.9,0.9,-14.75,-16.66,-41.02,-62.70,-87.05,0.846763,6,-12.43,4.80,-14.58,-24.24,-9.65,-14.75,-2.68,-24.27,-14.39,-20.41,1.010733,52
17-09-2025,NYSE:TGT,Target Corporation Common Stock,40410,9261168,2.23,89.72,1.29,-1.33,-3.03,-14.82,-8.53,-17.78,-51.56,-65.45,-16.49,-17.19,-44.17,1.31,1.31,1.31,-17.14,-18.16,-36.16,-61.90,-85.43,0.846535,6,-14.82,5.48,-8.52,-28.68,-9.16,-17.14,-2.00,-18.21,-18.83,-19.92,1.005075,46
17-09-2025,NYSE:CAG,"ConAgra Brands, Inc. Common Stock",9019,11309183,2.31,18.94,1.43,-2.53,0.90,-1.21,-14.04,-37.65,-46.41,-67.63,-12.36,-29.28,-42.13,3.72,3.72,3.72,-3.53,-23.67,-56.03,-56.75,-87.61,0.84633,6,-1.21,-12.68,-20.69,-6.37,-14.50,-3.53,-20.16,-30.38,3.48,-25.26,1.009227,51
17-09-2025,NYSE:DV,"DoubleVerify Holdings, Inc. Common Stock",2122,2907898,3.52,12.93,-0.62,-14.39,-23.43,-22.51,-13.23,-12.45,-60.63,-35.19,-20.53,-20.53,-43.95,0,9.02,9.02,-24.83,-22.86,-30.83,-70.97,-55.17,0.845406,6,-22.51,7.58,0.68,-42.85,15.84,-24.83,0.10,-9.01,-33.00,5.08,0.979268,20
17-09-2025,NASDAQ:RXRX,"Recursion Pharmaceuticals, Inc. - Class A Common Stock",2047,17178922,5.48,4.84,1.45,2.89,3.72,-19.21,-3.31,-41.32,-56.40,-34.30,-25.99,-29.24,-55.47,7.08,21.91,21.91,-21.53,-12.94,-59.70,-66.74,-54.28,0.844807,6,-19.21,13.34,-36.80,-10.67,14.13,-21.53,5.86,-46.49,-0.82,3.37,0.998449,39
17-09-2025,NASDAQ:COLM,Columbia Sportswear Company - Common Stock,2917,733100,2.61,53.9,-0.39,-2.49,-4.58,0.83,-14.42,-47.57,-65.16,-51.13,-16.15,-32.24,-41.46,9.33,9.33,9.33,-1.49,-24.05,-65.95,-75.50,-71.11,0.842595,5,0.83,-15.38,-28.98,-11.92,8.49,-1.49,-22.86,-38.67,-2.07,-2.27,1.006311,47
17-09-2025,NYSE:NOMD,Nomad Foods Limited Ordinary Shares,2083,1591340,2.49,13.76,0.73,-2.83,-11.77,-9.38,-24.78,-44.11,-28.92,-39.03,-24.31,-31.64,-33.01,0.73,0.73,0.73,-11.70,-34.41,-62.49,-39.26,-59.01,0.842398,5,-9.38,-14.09,-15.49,10.54,-7.84,-11.70,-21.57,-25.18,20.39,-18.60,0.966596,12
17-09-2025,NASDAQ:WVE,Wave Life Sciences Ltd. - Ordinary Shares,1082,2249381,5.89,6.82,-2.20,-9.68,-41.06,-43.11,-0.44,-49.12,-125.95,14.08,-32.81,-32.94,-58.52,4.92,24.45,27.72,-45.43,-10.07,-67.50,-136.29,-5.90,0.841924,5,-43.11,29.82,-48.47,-51.52,61.97,-45.43,22.34,-58.16,-41.67,51.21,0.994503,35
17-09-2025,NYSE:UPS,"United Parcel Service, Inc. Common Stock",71348,7833818,1.86,85.2,1.38,0.94,-0.04,-3.85,-18.65,-38.57,-51.55,-50.73,-19.27,-28.32,-38.42,1.61,1.61,1.61,-6.17,-28.28,-56.95,-61.89,-70.71,0.841803,5,-3.85,-14.25,-16.79,-9.37,0.54,-6.17,-21.73,-26.48,0.48,-10.22,0.989927,29
17-09-2025,NASDAQ:WSC,WillScot Holdings Corporation - Class A Common Stock,4117,2064881,3.13,23.22,-0.39,1.68,-2.45,-4.13,-14.00,-31.87,-56.59,-69.04,-26.64,-26.64,-43.35,1.71,4.36,4.36,-6.45,-23.63,-50.25,-66.93,-89.02,0.841739,5,-4.13,-9.47,-15.68,-18.75,-7.95,-6.45,-16.95,-25.37,-8.90,-18.71,1.007357,49
17-09-2025,NYSE:SLVM,Sylvamo Corporation Common Stock,1795,420708,3.15,45.82,3.54,4.54,1.03,5.43,-12.35,-43.19,-94.85,-63.20,-13.56,-32.97,-52.12,13.42,13.42,13.42,3.11,-21.98,-61.57,-105.19,-83.18,0.84091,5,5.43,-18.81,-27.45,-36.08,16.24,3.11,-26.29,-37.14,-26.23,5.48,1.028253,68
17-09-2025,NASDAQ:CDNA,"CareDx, Inc. - Common Stock",761,1510510,5.4,14.18,1.13,5.15,2.33,16.50,-34.49,-35.90,-70.52,-107.55,-31.27,-31.27,-55.96,22.56,22.56,22.56,14.18,-44.12,-54.28,-80.86,-127.53,0.840046,5,16.50,-61.06,-1.05,-25.48,-21.71,14.18,-68.54,-10.74,-15.63,-32.47,1.023597,65
17-09-2025,NYSE:LYB,LyondellBasell Industries NV Ordinary Shares Class A (Netherlands),17215,4642224,3.08,52.65,0.13,-3.30,-6.06,-1.39,-16.28,-42.74,-45.20,-78.27,-21.68,-29.94,-45.58,8.92,8.92,8.92,-3.71,-25.91,-61.12,-55.54,-98.25,0.839986,5,-1.39,-14.69,-22.75,-1.73,-22.77,-3.71,-22.17,-32.44,8.12,-33.53,1.010851,52
17-09-2025,NYSE:KEX,Kirby Corporation Common Stock,4611,1001650,2.73,84.58,0.14,-3.89,-12.33,-14.09,-33.74,-18.38,-39.37,-37.60,-30,-30,-35.21,0.14,0.14,0.14,-16.41,-43.37,-36.76,-49.71,-57.58,0.839796,5,-14.09,-17.22,11.48,-17.73,1.27,-16.41,-24.70,1.79,-7.88,-9.49,0.949598,6
17-09-2025,NASDAQ:ARVN,"Arvinas, Inc. - Common Stock",559,1375772,4.56,7.64,-1.31,-4.71,-3.40,7.20,3.53,-13.87,-195.03,-220.81,-7.17,-20.58,-72.75,22.44,25.86,25.86,4.88,-6.10,-32.25,-205.37,-240.79,0.83973,5,7.20,-3.95,-18.05,-159.08,-8.74,4.88,-11.43,-27.74,-149.23,-19.50,1.166076,97
17-09-2025,NASDAQ:KDP,Keurig Dr Pepper Inc. - Common Stock,37031,25667144,2.63,26.96,0.78,-2.41,-7.23,-29.01,-22.77,-25.52,-23.37,-37.43,-23.41,-24.5,-29.07,0.79,0.79,0.79,-31.33,-32.40,-43.90,-33.71,-57.41,0.839511,5,-29.01,4.83,-2.24,1.71,-11.40,-31.33,-2.65,-11.93,11.56,-22.16,0.949776,6
17-09-2025,NYSE:LBRT,Liberty Energy Inc. Class A common stock,1762,3631385,4.66,11.17,2.42,10.30,1.16,1.79,-19.87,-30.26,-70.99,-71.35,-17.32,-31.13,-51.69,11.48,11.7,11.7,-0.53,-29.50,-48.64,-81.33,-91.33,0.839276,5,1.79,-22.06,-8.66,-31.27,-0.21,-0.53,-29.54,-18.35,-21.42,-10.97,1.008232,50
17-09-2025,NYSE:AVTR,"Avantor, Inc. Common Stock",8454,11185958,3.36,12.71,2.52,-0.94,-4.56,-1.73,-5.66,-29.90,-78.28,-108.34,-10.56,-25.28,-54.12,13.69,13.69,13.69,-4.05,-15.29,-48.28,-88.62,-128.32,0.839221,5,-1.73,-3.87,-22.93,-37.25,-16.86,-4.05,-11.35,-32.62,-27.40,-27.62,1.047723,78
17-09-2025,NASDAQ:FIP,FTAI Infrastructure Inc. - Common Stock,550,2596692,6.83,4.87,1.44,17.86,7.80,3.49,-38.19,-8.21,-72.48,-79.06,-32.17,-32.17,-50.26,21.75,49.39,49.39,1.17,-47.82,-26.59,-82.82,-99.04,0.839069,5,3.49,-43.19,21.69,-59.39,-3.81,1.17,-50.67,12.00,-49.54,-14.57,0.997485,38
17-09-2025,NYSE:BAX,Baxter International Inc. Common Stock,11916,6204995,2.46,23.87,0.29,-2.43,-1.26,-1.30,-29.12,-46.00,-29.87,-64.98,-23.57,-31.51,-40.71,9.7,9.7,9.7,-3.62,-38.75,-64.38,-40.21,-84.96,0.838627,5,-1.30,-27.46,-13.08,11.05,-27.03,-3.62,-34.94,-22.77,20.90,-37.79,0.984038,24
17-09-2025,NYSE:ASPN,"Aspen Aerogels, Inc. Common Stock",544,1449153,4.77,6.7,-0.15,0.60,0.60,-8.21,6.12,-9.70,-103.28,-261.34,-18.89,-18.89,-76.7,16.93,55.45,55.45,-10.53,-3.51,-28.08,-113.62,-281.32,0.837921,5,-8.21,13.24,-16.85,-85.31,-77.75,-10.53,5.76,-26.54,-75.46,-88.51,1.136871,95
17-09-2025,NASDAQ:EWTX,"Edgewise Therapeutics, Inc. - Common Stock",1463,829194,4.73,14.06,2.56,-4.91,-5.69,-0.64,-4.41,-87.98,-111.95,-24.96,-9.7,-47,-61.61,11.5,23.12,23.12,-2.96,-14.04,-106.36,-122.29,-44.94,0.837497,5,-0.64,-3.75,-80.04,-12.75,41.04,-2.96,-11.23,-89.73,-2.90,30.28,1.035686,72
17-09-2025,NYSE:VTLE,"Vital Energy, Inc. Common Stock, par value $0.01 per share",634,2025760,6.25,16.52,3.45,5.21,-12.23,7.26,-28.69,-30.81,-90.25,-59.99,-23.13,-28.79,-54.78,15.12,27.08,27.08,4.94,-38.32,-49.19,-100.59,-79.97,0.83741,5,7.26,-38.77,-1.65,-45.44,15.91,4.94,-46.25,-11.34,-35.59,5.15,1.002815,44
17-09-2025,NASDAQ:CHTR,"Charter Communications, Inc. - Class A Common Stock",40858,1802196,2.65,261.08,0.14,-0.87,-1.28,-2.57,-43.72,-35.62,-44.97,-29.86,-37.57,-38.89,-38.89,1.76,1.76,1.76,-4.89,-53.35,-54.00,-55.31,-49.84,0.837209,5,-2.57,-40.12,5.64,-6.89,10.43,-4.89,-47.60,-4.05,2.96,-0.33,0.944229,5
17-09-2025,NASDAQ:ACHC,"Acadia Healthcare Company, Inc. - Common Stock",2024,2450795,4.28,21.71,1.34,-7.32,-8.01,3.36,2.72,-35.56,-83.51,-256.38,-12.07,-28.4,-72.64,20.61,20.61,20.61,1.04,-6.91,-53.94,-93.85,-276.36,0.836878,5,3.36,-0.67,-39.35,-35.37,-94.20,1.04,-8.15,-49.04,-25.52,-104.96,1.134395,95
17-09-2025,NYSE:WEAV,"Weave Communications, Inc. Common Stock",593,854304,3.46,7.66,-0.91,-1.96,-1.04,-1.70,-12.92,-49.74,-101.04,-35.12,-12.86,-36.22,-56.08,12.15,12.15,12.15,-4.02,-22.55,-68.12,-111.38,-55.10,0.836838,5,-1.70,-11.04,-32.60,-34.26,32.79,-4.02,-18.52,-42.29,-24.41,22.03,1.00909,51
17-09-2025,NYSE:CE,Celanese Corporation Common Stock,4940,1874995,4.23,45.42,1.41,1.63,-1.43,6.47,-23.82,-27.63,-49.80,-163.94,-27.2,-27.2,-67.52,10.19,21.15,21.15,4.15,-33.45,-46.01,-60.14,-183.92,0.835818,5,6.47,-32.39,-3.08,-17.37,-76.19,4.15,-39.87,-12.77,-7.52,-86.95,1.050858,79
17-09-2025,NYSE:FI,"Fiserv, Inc. Common Stock",72939,3848624,1.98,132.75,0.08,-2.76,-3.04,-2.98,-24.21,-64.34,-53.64,-30.79,-24.38,-41.3,-44.17,0.46,0.46,0.46,-5.30,-33.84,-82.72,-63.98,-50.77,0.835416,4,-2.98,-20.62,-32.31,6.51,14.87,-5.30,-28.10,-42.00,16.36,4.11,0.975295,17
17-09-2025,NASDAQ:SGML,Sigma Lithium Corporation - common shares,647,2213717,6.34,5.9,1.53,1.53,-2.20,-8.47,13.73,-105.76,-106.44,-73.22,-18.28,-51.68,-60.3,37.85,37.85,37.85,-10.79,4.10,-124.14,-116.78,-93.20,0.834266,4,-8.47,20.47,-138.51,-0.33,16.09,-10.79,12.99,-148.20,9.52,5.33,1.110264,93
17-09-2025,NYSE:EPC,Edgewell Personal Care Company Common Stock,968,666448,2.73,21.27,0.47,-5.36,-11.52,-7.80,-9.64,-42.08,-65.63,-70.90,-21.51,-32.9,-44.39,4.83,4.83,4.83,-10.12,-19.27,-60.46,-75.97,-90.88,0.834198,4,-7.80,-1.70,-29.59,-16.58,-3.18,-10.12,-9.18,-39.28,-6.73,-13.94,1.014269,55
17-09-2025,NASDAQ:WEST,Westrock Coffee Company - Common Stock,506,629186,6.04,5.26,0.95,-2.28,-2.28,-21.48,-26.24,-32.51,-34.60,-38.40,-26.54,-32.91,-36.32,4.16,4.16,4.16,-23.80,-35.87,-50.89,-44.94,-58.38,0.83315,4,-21.48,-3.91,-4.97,-1.58,-2.82,-23.80,-11.39,-14.66,8.27,-13.58,0.951813,7
17-09-2025,NASDAQ:CROX,"Crocs, Inc. - Common Stock",4399,1835459,3.48,78.99,1.79,-5.43,-14.41,-7.23,-29.43,-31.50,-43.52,-61.70,-27.39,-34.32,-46.41,6.18,6.18,6.18,-9.55,-39.06,-49.88,-53.86,-81.68,0.833046,4,-7.23,-20.71,-1.59,-9.15,-12.67,-9.55,-28.19,-11.28,0.70,-23.43,0.973909,16
17-09-2025,NYSE:GKOS,Glaukos Corporation Common Stock,4708,726273,3.19,82.35,2.08,-10.39,-14.09,-9.12,-21.60,-25.50,-73.52,-53.33,-22.71,-23.47,-48.92,2.12,2.12,2.12,-11.44,-31.23,-43.88,-83.86,-73.31,0.832457,4,-9.12,-11.44,-3.21,-38.26,11.63,-11.44,-18.92,-12.90,-28.41,0.87,0.986661,26
17-09-2025,NASDAQ:DNLI,Denali Therapeutics Inc. - Common Stock,1910,2138585,4.9,13.26,0.75,-15.84,-16.52,-10.86,-10.26,-16.44,-80.02,-110.86,-15.27,-20.36,-58.01,0.76,15.61,15.61,-13.18,-19.89,-34.82,-90.36,-130.84,0.831556,4,-10.86,0.54,-5.61,-54.60,-17.13,-13.18,-6.94,-15.30,-44.75,-27.89,1.03303,71
17-09-2025,NYSE:ACN,Accenture plc Class A Ordinary Shares (Ireland),150257,4080884,2.3,236.81,-0.45,-6.41,-8.18,-4.31,-32.74,-37.54,-53.64,-47.75,-24.66,-27.29,-40.54,0,0,0,-6.63,-42.37,-55.92,-63.98,-67.73,0.831454,4,-4.31,-27.25,-3.62,-11.71,3.83,-6.63,-34.73,-13.31,-1.86,-6.93,0.966473,12
17-09-2025,NYSE:AMN,AMN Healthcare Services Inc,729,1067028,4.69,18.49,1.41,-12.66,-10.87,-2.33,-18.50,-32.99,-45.70,-136.24,-17.27,-25.95,-60.78,12.13,12.13,12.13,-4.65,-28.13,-51.37,-56.04,-156.22,0.831364,4,-2.33,-15.80,-12.23,-9.56,-62.14,-4.65,-23.28,-21.92,0.29,-72.90,1.034672,72
17-09-2025,NYSE:NSP,"Insperity, Inc. Common Stock",1934,519556,3.57,51.76,-0.48,-3.30,-5.16,1.24,-16.65,-70.56,-58.35,-67.43,-16.6,-43.03,-45.06,14.84,14.84,14.84,-1.08,-26.28,-88.94,-68.69,-87.41,0.831207,4,1.24,-18.11,-46.21,7.16,-5.73,-1.08,-25.59,-55.90,17.01,-16.49,1.013719,55
17-09-2025,NYSE:KOS,Kosmos Energy Ltd. Common Shares (DE),851,7943511,5.68,1.82,7.14,10.99,0.00,6.59,-20.88,-24.73,-103.85,-115.93,-23.85,-23.85,-59.65,12.35,19.74,19.74,4.27,-30.51,-43.11,-114.19,-135.91,0.831176,4,6.59,-29.41,-3.18,-63.44,-5.93,4.27,-36.89,-12.87,-53.59,-16.69,1.041272,75
17-09-2025,NASDAQ:SPSC,"SPS Commerce, Inc. - Common Stock",4064,438698,3.07,107.93,1.43,-2.88,1.20,-3.81,-24.75,-19.44,-82.51,-74.31,-24.26,-29.31,-45.71,3.9,3.9,3.9,-6.13,-34.38,-37.82,-92.85,-94.29,0.830991,4,-3.81,-20.17,4.26,-52.80,4.49,-6.13,-27.65,-5.43,-42.95,-6.27,1.001362,42
17-09-2025,NYSE:HAE,Haemonetics Corporation Common Stock,2406,977293,2.47,51.02,-0.65,-6.31,-4.94,-5.33,-37.12,-27.01,-63.35,-43.59,-34.73,-34.73,-45.36,0,0,0,-7.65,-46.75,-45.39,-73.69,-63.57,0.830687,4,-5.33,-30.18,7.38,-28.61,12.10,-7.65,-37.66,-2.31,-18.76,1.34,0.961311,10
17-09-2025,NYSE:MAN,ManpowerGroup Common Stock,1749,830369,3.54,38.28,0.37,-0.42,-7.68,-7.81,-7.31,-56.82,-59.35,-82.16,-16.24,-36.95,-49.08,1,1,1,-10.13,-16.94,-75.20,-69.69,-102.14,0.830481,4,-7.81,0.46,-46.13,-1.62,-14.31,-10.13,-7.02,-55.82,8.23,-25.07,1.02636,67
17-09-2025,NYSE:SEM,Select Medical Holdings Corporation Common Stock,1521,860140,2.66,12.13,-0.91,-6.51,-7.34,-4.78,-25.39,-41.80,-62.24,-53.88,-20.56,-34.11,-43.97,3.06,3.06,3.06,-7.10,-35.02,-60.18,-72.58,-73.86,0.829596,4,-4.78,-19.67,-13.08,-14.42,5.15,-7.10,-27.15,-22.77,-4.57,-5.61,0.980988,21
17-09-2025,NASDAQ:ICHR,Ichor Holdings - Ordinary Shares,566,801295,4.78,17.06,-0.06,3.81,3.40,-5.22,-4.81,-60.38,-94.02,-64.71,-28.17,-37.69,-51.81,21.34,21.34,21.34,-7.54,-14.44,-78.76,-104.36,-84.69,0.829502,4,-5.22,0.39,-53.02,-20.98,15.11,-7.54,-7.09,-62.71,-11.13,4.35,1.032861,71
17-09-2025,NYSE:VTEX,VTEX Class A Common Shares,832,1296295,3.2,4.2,1.43,3.10,4.05,2.62,-58.10,-19.52,-58.10,-62.38,-37.87,-37.87,-43.62,6.06,6.06,6.06,0.30,-67.73,-37.90,-68.44,-82.36,0.828477,4,2.62,-62.35,24.40,-32.27,-2.71,0.30,-69.83,14.71,-22.42,-13.47,0.958344,9
17-09-2025,NASDAQ:VCEL,Vericel Corporation - Common Stock,1515,829219,4.56,33.23,5.45,2.08,-4.12,-9.18,-25.16,-43.24,-74.30,-33.22,-23.33,-30.71,-46.23,6.13,6.13,6.13,-11.50,-34.79,-61.62,-84.64,-53.20,0.828268,4,-9.18,-14.64,-14.45,-21.68,23.57,-11.50,-22.12,-24.14,-11.83,12.81,0.9702,14
17-09-2025,NASDAQ:PSEC,Prospect Capital Corporation - Closed End Fund,1295,3626758,2.5,2.8,1.79,-1.43,-3.93,-1.79,-15.71,-53.93,-58.57,-93.21,-19.31,-35.03,-49.55,1.82,1.82,1.82,-4.11,-25.34,-72.31,-68.91,-113.19,0.828011,4,-1.79,-13.68,-33.02,-3.02,-21.85,-4.11,-21.16,-42.71,6.83,-32.61,1.02023,61
17-09-2025,NYSE:FLO,"Flowers Foods, Inc. Common Stock",2823,4205646,2.5,13.69,1.53,-8.11,-8.40,-14.61,-17.02,-37.18,-55.51,-67.06,-18.32,-28.74,-42.41,1.56,1.56,1.56,-16.93,-26.65,-55.56,-65.85,-87.04,0.827219,4,-14.61,-2.10,-17.23,-13.37,-7.42,-16.93,-9.58,-26.92,-3.52,-18.18,0.989951,29
17-09-2025,NASDAQ:BRKR,Bruker Corporation - Common Stock,4872,4677226,4.32,33.26,3.58,6.25,0.09,-0.78,-17.50,-41.13,-79.34,-94.62,-24.29,-29.44,-52.94,13.32,13.32,13.32,-3.10,-27.13,-59.51,-89.68,-114.60,0.826195,4,-0.78,-16.59,-20.11,-27.08,-8.52,-3.10,-24.07,-29.80,-17.23,-19.28,1.019575,61
17-09-2025,NASDAQ:RARE,Ultragenyx Pharmaceutical Inc. - Common Stock,2767,1422621,3.06,29.48,1.63,-6.85,-8.65,-0.71,-25.88,-34.46,-65.74,-96.17,-28.86,-28.86,-50.34,12.05,12.05,12.05,-3.03,-35.51,-52.84,-76.08,-116.15,0.825984,4,-0.71,-24.99,-6.82,-23.26,-18.36,-3.03,-32.47,-16.51,-13.41,-29.12,1.005105,46
17-09-2025,NYSE:AI,"C3.ai, Inc. Class A Common Stock",2316,9248097,4.49,17.5,-0.17,10.06,3.89,-2.00,-39.71,-25.37,-118.17,-30.69,-39.99,-39.99,-59.25,13.2,13.2,13.2,-4.32,-49.34,-43.75,-128.51,-50.67,0.825787,4,-2.00,-36.97,10.27,-74.02,40.10,-4.32,-44.45,0.58,-64.17,29.34,0.979544,20
17-09-2025,NYSE:CMG,"Chipotle Mexican Grill, Inc. Common Stock",53193,18570204,1.97,39.3,1.83,-0.41,-6.23,-12.06,-33.69,-26.34,-66.84,-43.38,-32.52,-32.52,-40.6,1.87,1.87,1.87,-14.38,-43.32,-44.72,-77.18,-63.36,0.825554,3,-12.06,-19.30,5.50,-32.06,14.06,-14.38,-26.78,-4.19,-22.21,3.30,0.959726,9
17-09-2025,NASDAQ:XNCR,"Xencor, Inc. - Common Stock",660,830915,5.44,8.62,1.51,3.60,0.81,10.90,-4.99,-50.58,-193.04,-141.53,-9.93,-36.01,-67.88,23.14,23.14,23.14,8.58,-14.62,-68.96,-203.38,-161.51,0.824918,3,10.90,-17.84,-43.43,-94.61,17.58,8.58,-25.32,-53.12,-84.76,6.82,1.107702,93
17-09-2025,NYSE:UA,"Under Armour, Inc. Class C Common Stock",2068,5837089,3.02,4.78,-0.63,-2.09,-2.30,-4.81,-30.96,-33.47,-92.05,-44.14,-31.02,-31.02,-51.91,0.42,1.06,1.06,-7.13,-40.59,-51.85,-102.39,-64.12,0.824428,3,-4.81,-24.95,-1.92,-43.89,24.95,-7.13,-32.43,-11.61,-34.04,14.19,0.977909,19
17-09-2025,NYSE:VIST,"Vista Energy S.A.B. de C.V. American Depositary Shares, each representing one series A share, with no par value",3384,1320404,3.85,36.65,3.36,2.73,-6.98,-13.23,-41.99,-34.11,-58.64,-27.26,-29.79,-30.91,-38.4,4.77,4.77,4.77,-15.55,-51.62,-52.49,-68.98,-47.24,0.82434,3,-13.23,-25.40,5.55,-18.29,19.78,-15.55,-32.88,-4.14,-8.44,9.02,0.936909,5
17-09-2025,NASDAQ:PLAY,"Dave & Buster's Entertainment, Inc. - Common Stock",734,1562569,5.02,20.14,-20.11,-10.77,-24.78,-27.01,-61.72,6.01,-46.03,-56.75,-41.71,-41.71,-52.07,0,25.4,25.4,-29.33,-71.35,-12.37,-56.37,-76.73,0.823219,3,-27.01,-27.33,41.88,-55.36,-7.34,-29.33,-34.81,32.19,-45.51,-18.10,0.935205,4
17-09-2025,NYSE:SEMR,"SEMrush Holdings, Inc. Class A Common Stock",1096,1057751,2.96,7.41,-0.40,-4.32,-3.64,-1.62,-23.75,-33.74,-91.23,-82.05,-25.9,-32.45,-59.66,4.07,4.07,4.07,-3.94,-33.38,-52.12,-101.57,-102.03,0.823056,3,-1.62,-21.78,-8.07,-42.99,4.80,-3.94,-29.26,-17.76,-33.14,-5.96,1.006682,48
17-09-2025,NYSE:DOW,Dow Inc. Common Stock,17395,13138502,3.52,24.48,1.27,1.39,0.29,4.58,-24.88,-53.23,-69.53,-105.31,-19.92,-34.91,-55.76,17.3,17.3,17.3,2.26,-34.51,-71.61,-79.87,-125.29,0.823003,3,4.58,-30.86,-22.70,-10.64,-21.11,2.26,-38.34,-32.39,-0.79,-31.87,1.017594,59
17-09-2025,NASDAQ:JANX,"Janux Therapeutics, Inc. - Common Stock",1410,610798,4.9,23.41,-0.64,-1.58,2.35,-7.26,-0.85,-34.60,-171.04,-98.76,-15.64,-29.49,-64.97,3.68,3.68,3.68,-9.58,-10.48,-52.98,-181.38,-118.74,0.822216,3,-7.26,5.97,-33.46,-101.36,26.67,-9.58,-1.51,-43.15,-91.51,15.91,1.079433,89
17-09-2025,NASDAQ:SYRE,"Spyre Therapeutics, Inc. - Common Stock",909,505859,4.92,14.82,-0.13,-12.96,-12.21,-14.37,-15.92,-25.10,-78.41,-91.90,-16.79,-22.08,-62.55,0.95,25.59,25.59,-16.69,-25.55,-43.48,-88.75,-111.88,0.821923,3,-14.37,-1.36,-7.92,-42.61,-7.56,-16.69,-8.84,-17.61,-32.76,-18.32,1.008579,50
17-09-2025,NASDAQ:PRGS,Progress Software Corporation - Common Stock,1807,629613,2.64,42.11,1.61,-1.90,-6.01,-8.60,-50.15,-31.42,-64.45,-36.00,-34.77,-34.87,-39.75,1.64,1.64,1.64,-10.92,-59.78,-49.80,-74.79,-55.98,0.820136,3,-8.60,-38.27,12.48,-25.14,17.30,-10.92,-45.75,2.79,-15.29,6.54,0.938612,5
17-09-2025,NASDAQ:ENPH,"Enphase Energy, Inc. - Common Stock",5063,6549466,4.79,38.99,2.59,2.69,5.16,10.64,-17.80,-63.63,-90.38,-171.43,-15.11,-38.89,-67.44,29.49,29.49,29.49,8.32,-27.43,-82.01,-100.72,-191.41,0.819929,3,10.64,-31.83,-38.91,-16.35,-42.57,8.32,-39.31,-48.60,-6.50,-53.33,1.067361,85
17-09-2025,NASDAQ:OS,"OneStream, Inc. - Class A Common Stock",4699,1528867,3.87,18.82,1.54,-5.15,-6.85,-12.38,-50.05,-15.14,-67.16,-55.21,-34.1,-35.48,-45.37,1.57,4.96,4.96,-14.70,-59.68,-33.52,-77.50,-75.19,0.818167,3,-12.38,-33.52,23.26,-45.18,7.15,-14.70,-41.00,13.57,-35.33,-3.61,0.950403,7
17-09-2025,NASDAQ:NVCR,NovoCure Limited - Ordinary Shares,1419,1411250,4.39,12.68,-0.32,0.16,3.86,7.49,-41.21,-54.50,-145.50,-36.67,-31.31,-35.89,-62.05,16.33,16.33,16.33,5.17,-50.84,-72.88,-155.84,-56.65,0.817798,3,7.49,-52.64,-9.41,-58.91,44.33,5.17,-60.12,-19.10,-49.06,33.57,0.991891,32
17-09-2025,NASDAQ:MRNA,"Moderna, Inc. - Common Stock",9727,12315871,4.71,24.84,3.86,1.49,2.62,-12.80,-4.67,-39.73,-72.54,-180.52,-28.35,-28.44,-65.5,5.66,5.66,5.66,-15.12,-14.30,-58.11,-82.88,-200.50,0.817333,3,-12.80,7.21,-33.50,-23.48,-62.58,-15.12,-0.27,-43.19,-13.63,-73.34,1.068104,86
17-09-2025,NYSE:CAVA,"CAVA Group, Inc. Common Stock",7234,3675733,3.25,63.08,0.86,-3.49,-3.95,-10.81,-18.10,-24.59,-102.27,-98.91,-31.47,-36.73,-58.19,0.86,0.86,0.86,-13.13,-27.73,-42.97,-112.61,-118.89,0.816898,3,-10.81,-6.58,-5.49,-62.35,1.66,-13.13,-14.06,-15.18,-52.50,-9.10,1.018249,59
17-09-2025,NASDAQ:VERX,"Vertex, Inc. - Class A Common Stock",4008,1504491,4.08,25.52,6.11,3.02,2.12,-0.43,-45.02,-35.34,-115.13,-39.54,-31.05,-39.05,-56.71,6.91,6.91,6.91,-2.75,-54.65,-53.72,-125.47,-59.52,0.816793,3,-0.43,-44.40,6.67,-58.95,35.14,-2.75,-51.88,-3.02,-49.10,24.38,0.971923,15
17-09-2025,NYSE:NVO,Novo Nordisk A/S Common Stock,252666,13407159,2.13,57.2,2.76,5.07,1.43,8.37,-34.65,-40.12,-95.26,-138.92,-25.73,-29.43,-58.25,26.05,26.05,26.05,6.05,-44.28,-58.50,-105.60,-158.90,0.815081,3,8.37,-46.96,-4.06,-39.35,-22.36,6.05,-54.44,-13.75,-29.50,-33.12,1.025446,66
17-09-2025,NYSE:RHI,Robert Half Inc. Common Stock,3533,1570632,3.09,35.5,1.46,-0.99,-4.85,-2.34,-21.77,-50.73,-111.80,-74.65,-17.88,-35.5,-53.78,5.4,5.4,5.4,-4.66,-31.40,-69.11,-122.14,-94.63,0.814323,3,-2.34,-18.99,-23.78,-40.52,17.54,-4.66,-26.47,-33.47,-30.67,6.78,1.009462,51
17-09-2025,NASDAQ:CCOI,"Cogent Communications Holdings, Inc. - Common Stock",1852,1524532,4.16,37.7,0.95,3.71,2.07,9.15,-24.43,-88.09,-102.49,-90.88,-28.75,-46.83,-55.83,23.12,23.12,23.12,6.83,-34.06,-106.47,-112.83,-110.86,0.8143,3,9.15,-36.96,-51.16,-7.66,5.74,6.83,-44.44,-60.85,2.19,-5.02,1.026637,67
17-09-2025,NASDAQ:TWST,Twist Bioscience Corporation - Common Stock,1628,1452079,5.23,27.08,5.02,7.35,3.10,-3.84,-29.39,-56.35,-80.43,-64.59,-30.78,-39.74,-49.92,12.09,12.09,12.09,-6.16,-39.02,-74.73,-90.77,-84.57,0.814239,3,-3.84,-24.61,-20.83,-15.40,8.78,-6.16,-32.09,-30.52,-5.55,-1.98,0.98388,24
17-09-2025,NASDAQ:ALGN,"Align Technology, Inc. - Common Stock",9383,1274401,3.16,131.82,0.58,-3.12,-4.05,-8.05,-38.46,-28.65,-81.70,-73.62,-36.38,-36.38,-48.74,2.18,2.18,2.18,-10.37,-48.09,-47.03,-92.04,-93.60,0.812665,3,-8.05,-28.15,7.08,-41.23,4.45,-10.37,-35.63,-2.61,-31.38,-6.31,0.97437,16
17-09-2025,NASDAQ:WEN,Wendy's Company (The) - Common Stock,1805,5899136,2.64,9.56,-1.15,-3.77,-7.43,-10.56,-17.36,-60.15,-82.01,-76.78,-22.78,-38.2,-53.14,0,0,0,-12.88,-26.99,-78.53,-92.35,-96.76,0.812071,3,-10.56,-6.15,-36.45,-13.65,2.87,-12.88,-13.63,-46.14,-3.80,-7.89,1.00287,44
17-09-2025,NYSE:FUN,Six Flags Entertainment Corporation Common Stock New,2349,3694309,5.05,24.07,-0.17,4.40,3.74,-6.11,-22.48,-61.53,-91.69,-67.14,-26.93,-38.09,-51.51,11.13,11.13,11.13,-8.43,-32.11,-79.91,-102.03,-87.12,0.811935,2,-6.11,-15.43,-31.89,-18.67,12.81,-8.43,-22.91,-41.58,-8.82,2.05,0.996176,36
17-09-2025,NASDAQ:RPD,"Rapid7, Inc. - Common Stock",1263,731592,3.3,19.63,0.97,-3.87,-2.75,-8.35,-19.92,-48.24,-111.61,-69.54,-23.29,-33.91,-55.33,9.82,9.82,9.82,-10.67,-29.55,-66.62,-121.95,-89.52,0.811612,2,-8.35,-10.67,-23.62,-42.75,19.88,-10.67,-18.15,-33.31,-32.90,9.12,1.004368,45
17-09-2025,NASDAQ:BLMN,"Bloomin' Brands, Inc. - Common Stock",570,2149183,3.96,6.8,-1.18,-1.62,-3.97,-2.94,-37.65,-20.29,-87.06,-134.26,-35.48,-35.48,-61.23,9.59,9.59,9.59,-5.26,-47.28,-38.67,-97.40,-154.24,0.811198,2,-2.94,-33.71,12.61,-55.50,-25.24,-5.26,-41.19,2.92,-45.65,-36.00,1.01026,52
17-09-2025,NYSE:COLD,"Americold Realty Trust, Inc. Common Stock",3916,5749190,3.05,13.75,0.73,1.96,-2.47,-8.00,-21.82,-59.56,-65.53,-110.62,-20.84,-37.9,-52.94,4.17,4.17,4.17,-10.32,-31.45,-77.94,-75.87,-130.60,0.809216,2,-8.00,-12.79,-30.99,-3.74,-27.24,-10.32,-20.27,-40.68,6.11,-38.00,1.010722,52
17-09-2025,NYSE:UAA,"Under Armour, Inc. Class A Common Stock",2068,12458004,3.31,4.86,-0.41,-3.70,-3.50,-6.38,-36.63,-42.80,-111.93,-50.41,-34.06,-34.06,-56.33,0.21,0.21,0.21,-8.70,-46.26,-61.18,-122.27,-70.39,0.808991,2,-6.38,-28.43,-4.52,-48.41,29.03,-8.70,-35.91,-14.21,-38.56,18.27,0.975392,17
17-09-2025,NYSE:AESI,Atlas Energy Solutions Inc. Common Stock,1367,1556717,3.68,11.21,3.48,6.60,-0.98,-0.36,-28.64,-60.75,-103.39,-79.84,-23.32,-39.54,-55.2,7.07,7.07,7.07,-2.68,-38.27,-79.13,-113.73,-99.82,0.80849,2,-0.36,-28.18,-24.97,-26.53,11.58,-2.68,-35.66,-34.66,-16.68,0.82,0.999749,41
17-09-2025,NYSE:COTY,Coty Inc. Class A Common Stock,3768,13366575,4.23,4.21,1.19,-0.95,-3.09,-16.86,-19.95,-33.73,-81.00,-111.88,-18.25,-25.49,-55.73,14.09,14.09,14.09,-19.18,-29.58,-52.11,-91.34,-131.86,0.807977,2,-16.86,-2.64,-11.49,-35.35,-17.06,-19.18,-10.12,-21.18,-25.50,-27.82,1.006533,48
17-09-2025,NYSE:LOMA,Loma Negra Compania Industrial Argentina Sociedad Anonima ADS,913,798795,4.79,7.66,1.57,-4.05,-21.02,-37.08,-48.17,-43.47,-73.24,-2.61,-38.62,-44.41,-44.41,1.59,1.59,1.59,-39.40,-57.80,-61.85,-83.58,-22.59,0.807787,2,-37.08,-8.10,3.17,-20.75,40.77,-39.40,-15.58,-6.52,-10.90,30.01,0.902811,2
17-09-2025,NASDAQ:PLTK,Playtika Holding Corp. - Common Stock,1300,2061062,3.66,3.59,0.28,-5.85,-2.23,-1.11,-32.03,-32.03,-130.36,-105.85,-28.2,-34.01,-58.35,1.13,1.13,1.13,-3.43,-41.66,-50.41,-140.70,-125.83,0.806703,2,-1.11,-30.58,0.00,-74.47,10.64,-3.43,-38.06,-9.69,-64.62,-0.12,1.016983,58
17-09-2025,NYSE:KLC,"KinderCare Learning Companies, Inc. Common Stock",847,921748,4.71,7.27,-2.61,-1.24,3.85,-3.16,-38.24,-125.58,-170.15,NA,-30.89,-58.88,-75.28,7.07,7.07,7.07,-5.48,-47.87,-143.96,-180.49,NA,0.805559,2,-3.16,-34.00,-63.18,-19.76,NA,-5.48,-41.48,-72.87,-9.91,NA,0.951216,7
17-09-2025,NYSE:STZ,"Constellation Brands, Inc. Common Stock",23454,2869705,2.43,134.68,-0.55,-8.39,-12.31,-24.91,-20.89,-36.33,-78.12,-86.89,-23.52,-31.15,-47.88,0,0,0,-27.23,-30.52,-54.71,-88.46,-106.87,0.804755,2,-24.91,3.22,-12.78,-30.65,-4.93,-27.23,-4.26,-22.47,-20.80,-15.69,0.986924,26
17-09-2025,NYSE:CODI,D/B/A Compass Diversified Holdings Shares of Beneficial Interest,539,671761,4.05,7.3,3.84,2.33,0.96,-0.55,14.25,-169.18,-228.63,-181.64,-5.07,-63.35,-69.92,20.86,21.67,21.67,-2.87,4.62,-187.56,-238.97,-201.62,0.803756,2,-0.55,14.71,-213.90,-22.09,14.30,-2.87,7.23,-223.59,-12.24,3.54,1.205775,98
17-09-2025,NYSE:THS,"Treehouse Foods, Inc. Common Stock",863,762359,3.73,17.37,-0.35,-2.36,-3.51,-4.49,-18.42,-61.08,-95.05,-139.72,-18.98,-37.92,-59.81,0,0,0,-6.81,-28.05,-79.46,-105.39,-159.70,0.80357,2,-4.49,-13.33,-36.02,-21.09,-22.90,-6.81,-20.81,-45.71,-11.24,-33.66,1.033696,71
17-09-2025,NASDAQ:SPRY,"ARS Pharmaceuticals, Inc. - Common Stock",946,3122317,6.23,9.41,-5.84,-9.67,-18.17,-54.41,-61.11,-21.57,-30.39,-34.22,-48.72,-48.72,-48.72,0,0,0,-56.73,-70.74,-39.95,-40.73,-54.20,0.801551,2,-54.41,-4.34,24.54,-7.26,-2.93,-56.73,-11.82,14.85,2.59,-13.69,0.8882,1
17-09-2025,NYSE:PAR,PAR Technology Corporation Common Stock,1738,860682,3.43,42.42,-1.86,-10.47,-16.12,-22.44,-47.88,-44.63,-83.05,-30.98,-40.45,-40.45,-47.72,0,0,0,-24.76,-57.51,-63.01,-93.39,-50.96,0.800315,2,-22.44,-20.77,2.20,-26.57,28.45,-24.76,-28.25,-7.49,-16.72,17.69,0.928845,4
17-09-2025,NASDAQ:LZMH,LZ Technology Holdings Limited - Class B Ordinary Shares,522,567374,7.26,3.44,-0.87,-4.65,-1.74,2.91,-306.98,-195.64,NA,NA,-85.96,-88.01,-88.01,32.31,32.31,32.31,0.59,-316.61,-214.02,NA,NA,0.799724,2,2.91,-319.16,27.36,NA,NA,0.59,-326.64,17.67,NA,NA,0.791408,1
17-09-2025,NASDAQ:NEOG,Neogen Corporation - Common Stock,1186,5903164,4.35,5.27,-3.80,-8.73,-7.02,-3.04,-7.02,-76.47,-140.99,-194.12,-8.35,-43.33,-69.94,13.33,20.05,20.05,-5.36,-16.65,-94.85,-151.33,-214.10,0.797804,2,-3.04,-3.87,-64.89,-36.56,-22.05,-5.36,-11.35,-74.58,-26.71,-32.81,1.084364,90
17-09-2025,NASDAQ:DNUT,"Krispy Kreme, Inc. - Common Stock",539,3842901,5.13,3.12,-0.32,0.64,-7.05,-11.54,9.62,-73.40,-221.47,-269.23,-29.41,-45.45,-74.88,21.4,21.4,21.4,-13.86,-0.01,-91.78,-231.81,-289.21,0.796725,2,-11.54,18.97,-91.84,-85.40,-14.86,-13.86,11.49,-101.53,-75.55,-25.62,1.15693,97
17-09-2025,NASDAQ:SABR,Sabre Corporation - Common Stock,726,5773175,4.4,1.86,-3.23,4.84,5.91,2.69,-45.16,-84.95,-116.67,-62.90,-45.61,-47.75,-58.85,8.77,8.77,8.77,0.37,-54.79,-103.33,-127.01,-82.88,0.796668,2,2.69,-49.17,-27.41,-17.15,24.81,0.37,-56.65,-37.10,-7.30,14.05,0.976782,18
17-09-2025,NYSE:IBTA,"Ibotta, Inc. Class A Common Stock",759,500723,4.39,26.92,2.38,-0.26,-0.78,10.44,-53.57,-48.51,-175.78,-108.62,-34.88,-55.31,-64.99,13.97,13.97,13.97,8.12,-63.20,-66.89,-186.12,-128.60,0.795977,2,10.44,-71.46,3.29,-85.69,24.35,8.12,-78.94,-6.40,-75.84,13.59,1.016314,57
17-09-2025,NASDAQ:IOVA,"Iovance Biotherapeutics, Inc. - Common Stock",803,9694177,7.09,2.3,1.30,-3.04,4.78,-10.87,9.57,-62.61,-273.04,-311.30,-42.07,-42.07,-81.27,36.09,38.55,38.55,-13.19,-0.06,-80.99,-283.38,-331.28,0.794947,2,-10.87,18.43,-79.81,-129.41,-10.26,-13.19,10.95,-89.50,-119.56,-21.02,1.181852,97
17-09-2025,NYSE:NX,Quanex Building Products Corporation Common Stock,671,677019,4.87,15.23,1.31,-0.39,-36.44,-37.82,-25.21,-30.33,-92.71,-76.69,-32.22,-32.22,-51.67,5.76,5.76,5.76,-40.14,-34.84,-48.71,-103.05,-96.67,0.794052,2,-37.82,9.15,-4.09,-47.86,8.31,-40.14,1.67,-13.78,-38.01,-2.45,0.971631,15
17-09-2025,NYSE:MOH,Molina Healthcare Inc Common Stock,9557,1372615,3.25,176.45,0.19,-2.88,-3.85,5.08,-64.49,-79.07,-70.20,-100.02,-42.39,-50.05,-51.09,15.85,15.85,15.85,2.76,-74.12,-97.45,-80.54,-120.00,0.79399,2,5.08,-73.29,-8.86,4.96,-17.53,2.76,-80.77,-18.55,14.81,-28.29,0.966167,12
17-09-2025,NASDAQ:SPT,"Sprout Social, Inc - Class A Common Stock",846,1032438,4.41,14.41,2.57,-5.07,-5.83,2.08,-42.96,-70.09,-141.50,-85.98,-32.03,-43.11,-60.24,7.78,7.78,7.78,-0.24,-52.59,-88.47,-151.84,-105.96,0.791784,1,2.08,-46.00,-18.98,-41.98,22.99,-0.24,-53.48,-28.67,-32.13,12.23,0.992904,33
17-09-2025,NYSE:CNC,Centene Corporation Common Stock,15726,13972474,3.55,31.8,-2.64,2.33,6.86,10.41,-71.95,-86.29,-78.93,-135.28,-43.87,-50.54,-58.47,26.14,26.14,26.14,8.09,-81.58,-104.67,-89.27,-155.26,0.788842,1,10.41,-91.93,-8.34,3.95,-31.49,8.09,-99.41,-18.03,13.80,-42.25,0.98148,22
17-09-2025,NYSE:IT,"Gartner, Inc. Common Stock",19231,1439717,2.76,250.88,1.59,1.83,-0.01,4.86,-63.07,-84.03,-106.69,-101.56,-38.68,-45.66,-54.53,11.02,11.02,11.02,2.54,-72.70,-102.41,-117.03,-121.54,0.784297,1,4.86,-71.40,-12.85,-12.31,2.48,2.54,-78.88,-22.54,-2.46,-8.28,0.970088,14
17-09-2025,NASDAQ:LNTH,"Lantheus Holdings, Inc. - Common Stock",3457,1509510,3.58,51.98,0.46,-5.94,-6.37,-4.23,-49.71,-97.69,-75.84,-100.13,-37.99,-52.2,-55.45,0.46,0.46,0.46,-6.55,-59.34,-116.07,-86.18,-120.11,0.784099,1,-4.23,-43.63,-32.05,11.05,-13.82,-6.55,-51.11,-41.74,20.90,-24.58,0.974015,16
17-09-2025,NASDAQ:PRCT,PROCEPT BioRobotics Corporation - Common Stock,2074,986902,4.49,39.57,3.97,0.13,0.00,-5.10,-52.64,-49.18,-128.99,-103.16,-34.49,-39.17,-60.21,6.54,6.54,6.54,-7.42,-62.27,-67.56,-139.33,-123.14,0.783806,1,-5.10,-45.23,2.27,-53.50,11.28,-7.42,-52.71,-7.42,-43.65,0.52,0.979009,20
17-09-2025,NASDAQ:HELE,Helen of Troy Limited - Common Stock,526,684765,4.39,23.42,-1.45,-2.26,-5.55,1.49,-19.17,-128.65,-200.30,-137.28,-29.56,-56.68,-68.26,16.81,16.81,16.81,-0.83,-28.80,-147.03,-210.64,-157.26,0.780235,1,1.49,-20.98,-91.87,-31.34,20.99,-0.83,-28.46,-101.56,-21.49,10.23,1.064952,84
17-09-2025,NASDAQ:IRDM,Iridium Communications Inc - Common Stock,1951,3276983,4.58,18.16,-0.11,-5.67,-36.45,-37.72,-61.67,-52.26,-66.80,-44.49,-44,-44,-45.9,2.08,2.08,2.08,-40.04,-71.30,-70.64,-77.14,-64.47,0.779401,1,-37.72,-17.39,5.82,-9.55,13.37,-40.04,-24.87,-3.87,0.30,2.61,0.90376,2
17-09-2025,NASDAQ:TNDM,"Tandem Diabetes Care, Inc. - Common Stock",823,1863760,5.22,12.43,2.74,-1.05,-2.82,12.95,-61.22,-58.57,-177.72,-252.05,-39.08,-47.15,-72.65,22.89,22.89,22.89,10.63,-70.85,-76.95,-188.06,-272.03,0.77866,1,12.95,-85.21,1.65,-75.14,-26.77,10.63,-92.69,-8.04,-65.29,-37.53,1.046769,77
17-09-2025,NYSE:BRBR,"BellRing Brands, Inc. Common Stock",4615,3544212,4.67,36.75,3.37,-2.61,-13.25,-4.38,-70.97,-88.38,-110.18,-59.67,-41.51,-53.43,-53.71,3.49,3.49,3.49,-6.70,-80.60,-106.76,-120.52,-79.65,0.777528,1,-4.38,-63.79,-10.19,-11.57,24.03,-6.70,-71.27,-19.88,-1.72,13.27,0.936063,5
17-09-2025,NYSE:ACVA,ACV Auctions Inc. Class A Common Stock,1764,3208283,3.62,10.04,-0.40,-9.36,-15.74,-16.63,-56.57,-46.51,-115.64,-98.61,-39.63,-41.08,-56.67,0.3,0.3,0.3,-18.95,-66.20,-64.89,-125.98,-118.59,0.774853,1,-16.63,-34.24,6.42,-47.18,7.90,-18.95,-41.72,-3.27,-37.33,-2.86,0.958735,9
17-09-2025,NASDAQ:VKTX,"Viking Therapeutics, Inc. - Common Stock",2596,6805275,5.56,23.69,-1.67,-6.67,-16.04,-68.97,-13.80,-25.92,-107.72,-165.13,-43.72,-43.72,-69.64,0,18.57,18.57,-71.29,-23.43,-44.30,-118.06,-185.11,0.77358,1,-68.97,32.65,-10.65,-64.97,-27.64,-71.29,25.17,-20.34,-55.12,-38.40,1.012248,54
17-09-2025,NASDAQ:ACDC,ProFrac Holding Corp. - Class A Common Stock,601,1360360,6.18,3.87,4.13,4.91,-1.55,8.53,-153.62,-81.65,-107.49,-58.14,-63.25,-63.25,-63.25,10.26,10.26,10.26,6.21,-163.25,-100.03,-117.83,-78.12,0.77357,1,8.53,-177.26,28.37,-14.22,23.79,6.21,-184.74,18.68,-4.37,13.03,0.898215,2
17-09-2025,NYSE:ALIT,"Alight, Inc. Class A Common Stock",1828,7527838,3.92,3.44,-4.36,-7.85,-14.24,-6.40,-53.20,-84.01,-114.24,-108.14,-42.47,-45.66,-59.34,0,0,0,-8.72,-62.83,-102.39,-124.58,-128.12,0.773384,1,-6.40,-43.99,-20.11,-16.43,2.85,-8.72,-51.47,-29.80,-6.58,-7.91,0.970809,15
17-09-2025,NYSE:JHX,James Hardie Industries plc. Ordinary Shares,11321,12361375,3.77,19.6,-2.76,0.71,-0.20,-48.01,-31.63,-66.12,-76.53,-83.83,-33.92,-39.8,-53.33,5.15,5.15,5.15,-50.33,-41.26,-84.50,-86.87,-103.81,0.772394,1,-48.01,11.07,-26.20,-6.27,-4.13,-50.33,3.59,-35.89,3.58,-14.89,0.952962,7
17-09-2025,NASDAQ:GERN,Geron Corporation - Common Stock,810,5654601,4.67,1.25,-1.60,-8.80,-17.60,-16.00,-24.00,-39.20,-218.40,-256.00,-19.35,-31.32,-73.63,13.64,13.64,13.64,-18.32,-33.63,-57.58,-228.74,-275.98,0.770066,1,-16.00,-6.90,-12.26,-128.74,-11.81,-18.32,-14.38,-21.95,-118.89,-22.57,1.081755,89
17-09-2025,NASDAQ:PCVX,"Vaxcyte, Inc. - Common Stock",4010,1605200,3.97,31.23,0.74,-4.77,-1.06,-4.71,-9.93,-140.89,-191.55,-265.45,-16.43,-58.98,-73.52,5.26,11.38,11.38,-7.03,-19.56,-159.27,-201.89,-285.43,0.770046,1,-4.71,-4.98,-119.14,-21.03,-25.35,-7.03,-12.46,-128.83,-11.18,-36.11,1.115432,93
17-09-2025,NASDAQ:GDYN,"Grid Dynamics Holdings, Inc. - Class A Common Stock",642,1137107,3.91,7.61,0.66,-2.23,-5.26,-1.18,-51.91,-127.20,-157.95,-84.63,-38.58,-55.99,-68.36,1.47,1.47,1.47,-3.50,-61.54,-145.58,-168.29,-104.61,0.769042,1,-1.18,-50.13,-49.57,-13.53,28.43,-3.50,-57.61,-59.26,-3.68,17.67,0.981522,22
17-09-2025,NASDAQ:TTD,"The Trade Desk, Inc. - Class A Common Stock",22183,13872937,3.79,44.895,-1.44,-16.72,-20.68,-16.09,-56.48,-25.85,-198.70,-132.77,-49.98,-49.98,-67.82,0,0,0,-18.41,-66.11,-44.23,-209.04,-152.75,0.768776,1,-16.09,-34.79,19.57,-137.35,22.07,-18.41,-42.27,9.88,-127.50,11.31,1.015568,56
17-09-2025,NASDAQ:FRPT,"Freshpet, Inc. - Common Stock",2606,1592696,4.35,54.03,2.89,-5.55,-1.20,-13.34,-34.09,-65.32,-171.03,-160.84,-27.49,-39.73,-66.77,2.97,2.97,2.97,-15.66,-43.72,-83.70,-181.37,-180.82,0.767714,1,-13.34,-18.31,-23.29,-63.95,3.76,-15.66,-25.79,-32.98,-54.10,-7.00,1.018503,60
17-09-2025,NYSE:BHVN,Biohaven Ltd. Common Shares,1555,2166908,5.69,13.49,-1.85,-7.34,-17.79,-16.46,-12.53,-119.87,-217.20,-165.01,-16.78,-56.54,-74.9,5.14,5.14,5.14,-18.78,-22.16,-138.25,-227.54,-184.99,0.764553,1,-16.46,3.37,-95.39,-44.27,16.45,-18.78,-4.11,-105.08,-34.42,5.69,1.069347,86
17-09-2025,NASDAQ:LULU,lululemon athletica inc. - Common Stock,20222,7129684,3.19,162.34,1.45,-2.06,-23.33,-22.25,-48.63,-101.48,-146.24,-60.24,-34.46,-52.47,-61.45,1.55,1.55,1.55,-24.57,-58.26,-119.86,-156.58,-80.22,0.762688,1,-22.25,-21.58,-35.56,-22.21,34.92,-24.57,-29.06,-45.25,-12.36,24.16,0.952753,7
17-09-2025,NASDAQ:NRIX,"Nurix Therapeutics, Inc. - Common stock",655,823596,5.46,8.44,-2.73,-9.00,-7.94,-25.36,-41.11,-65.05,-152.49,-179.27,-35.96,-39.41,-70.01,0,0,0,-27.68,-50.74,-83.43,-162.83,-199.25,0.753961,1,-25.36,-12.57,-16.96,-52.98,-10.61,-27.68,-20.05,-26.65,-43.13,-21.37,0.999102,40
17-09-2025,NYSE:INSP,"Inspire Medical Systems, Inc. Common Stock",2366,997039,4.64,80.8,0.07,-0.83,-16.97,-8.63,-60.53,-106.18,-138.58,-152.08,-41.97,-52.75,-62.72,4.87,4.87,4.87,-10.95,-70.16,-124.56,-148.92,-172.06,0.753006,1,-8.63,-47.78,-28.43,-15.72,-5.66,-10.95,-55.26,-38.12,-5.87,-16.42,0.977646,18
17-09-2025,NASDAQ:NAKA,"Kindly MD, Inc. - Common Stock",538,15427462,26.98,1.5,17.33,-438.67,-208.67,-811.33,-906.00,-4.67,13.33,17.33,-90.8,-94.01,-94.01,20.97,20.97,81.6,-813.65,-915.63,-23.05,2.99,-2.65,0.752649,1,-811.33,-10.39,89.60,17.20,4.62,-813.65,-17.87,79.91,27.05,-6.14,0.673609,1
17-09-2025,NYSE:BMA,Banco Macro S.A.  ADR (representing Ten Class B Common Shares),2796,721041,6.01,43.85,3.19,-0.75,-32.66,-56.81,-67.37,-89.51,-106.77,-49.37,-42.08,-54.58,-62.15,3.3,3.3,3.3,-59.13,-77.00,-107.89,-117.11,-69.35,0.744829,1,-56.81,-6.73,-13.23,-9.11,27.76,-59.13,-14.21,-22.92,0.74,17.00,0.895648,1
17-09-2025,NASDAQ:GGAL,"Grupo Financiero Galicia S.A. - American Depositary Shares, Class B Shares underlying",4850,3193902,5.93,30.25,3.54,0.43,-30.51,-59.54,-80.17,-92.73,-104.20,-43.74,-44.5,-53.02,-58.11,3.67,3.67,3.67,-61.86,-89.80,-111.11,-114.54,-63.72,0.740192,1,-59.54,-12.93,-6.97,-5.95,29.61,-61.86,-20.41,-16.66,3.90,18.85,0.879487,1
17-09-2025,NYSE:BBAR,Banco BBVA Argentina S.A. ADS,1833,1157286,6.32,8.95,2.12,-3.35,-37.99,-77.77,-93.63,-105.81,-94.30,-23.91,-48.68,-59.96,-62.16,2.17,2.17,2.17,-80.09,-103.26,-124.19,-104.64,-43.89,0.735295,1,-77.77,-8.93,-6.29,5.59,36.23,-80.09,-16.41,-15.98,15.44,25.47,0.851202,1
17-09-2025,NYSE:SG,"Sweetgreen, Inc. Class A Common Stock",1030,5590682,4.56,8.86,5.19,2.03,0.56,-3.72,-42.66,-172.23,-338.26,-283.18,-45.51,-66.6,-79.85,7.92,7.92,7.92,-6.04,-52.29,-190.61,-348.60,-303.16,0.732347,1,-3.72,-37.54,-90.82,-60.99,12.57,-6.04,-45.02,-100.51,-51.14,1.81,1.072577,87
17-09-2025,NYSE:VSTS,Vestis Corporation Common Stock,535,1629720,4.94,4.11,-2.43,-1.70,-9.49,-13.87,-41.61,-168.13,-300.97,-262.04,-36.77,-62.7,-75.27,0.98,0.98,0.98,-16.19,-51.24,-186.51,-311.31,-282.02,0.726159,1,-13.87,-24.36,-89.35,-49.55,9.71,-16.19,-31.84,-99.04,-39.70,-1.05,1.053498,80
17-09-2025,NYSE:GLOB,Globant S.A. Common Shares,2482,1466511,3.8,56.8,2.11,-5.60,-12.98,-17.01,-68.68,-139.28,-288.20,-247.61,-40.72,-59.53,-76.02,2.16,2.16,2.16,-19.33,-78.31,-157.66,-298.54,-267.59,0.715265,1,-17.01,-44.16,-41.85,-62.24,10.46,-19.33,-51.64,-51.54,-52.39,-0.30,1.005772,47
17-09-2025,NYSE:DAVA,Endava plc American Depositary Shares (each representing one Class A Ordinary Share),523,1651138,4.96,9.63,1.87,-3.12,-48.91,-30.74,-62.31,-130.43,-217.34,-247.14,-38.7,-56.85,-72.08,2.45,2.45,2.45,-33.06,-71.94,-148.81,-227.68,-267.12,0.713535,1,-30.74,-24.15,-41.97,-37.72,-9.39,-33.06,-31.63,-51.66,-27.87,-20.15,0.99112,30
17-09-2025,NYSE:SUPV,Grupo Supervielle S.A. American Depositary Shares each Representing five Class B shares,504,1885823,7.47,5.51,2.72,-7.08,-41.20,-75.68,-104.90,-148.64,-136.48,-48.28,-52.91,-66.52,-71.24,2.8,2.8,2.8,-78.00,-114.53,-167.02,-146.82,-68.26,0.708983,1,-75.68,-16.63,-21.35,4.89,37.30,-78.00,-24.11,-31.04,14.74,26.54,0.861386,1
17-09-2025,NASDAQ:SRPT,"Sarepta Therapeutics, Inc. - Common Stock",1666,7907303,5.85,18.1,3.48,2.54,-0.33,-20.50,-15.69,-459.94,-592.76,-592.49,-17.61,-82.14,-86.88,51.72,51.72,51.72,-22.82,-25.32,-478.32,-603.10,-612.47,0.70517,1,-20.50,3.99,-384.00,-23.72,0.04,-22.82,-3.49,-393.69,-13.87,-10.72,1.307586,99
17-09-2025,NASDAQ:NFE,New Fortress Energy Inc. - Class A Common Stock,615,22419207,12.65,2,31.00,30.00,-17.50,-15.25,-31.50,-399.50,-562.50,-445.50,-56.24,-83.63,-87.73,52.67,52.67,52.67,-17.57,-41.13,-417.88,-572.84,-465.48,0.702465,1,-15.25,-14.10,-279.85,-32.63,17.66,-17.57,-21.58,-289.54,-22.78,6.90,1.203637,98
17-09-2025,NASDAQ:NDX,NASDAQ 100,0,0,0,24274.2492,-0.08,1.79,4.30,2.32,9.63,18.38,10.34,19.98,-0.08,-0.08,-0.08,12.24,42.03,42.03,,,,,,1,,2.32,7.48,9.69,-9.85,10.76,,,,,,1,
17-09-2025,SP:SPX,S&P 500,0,0,0,6606.77,-0.13,1.43,2.89,2.38,8.68,14.10,7.91,15.30,-0.13,-0.13,-0.13,10.71,32.59,32.59,,,,,,0.986429,,2.38,6.46,5.93,-7.21,8.03,,,,,,1.001654,
17-09-2025,CBOEFTSE:RUI,RUSSELL 1000,0,0,0,3616.83,-0.12,1.34,2.85,2.51,8.73,14.17,7.59,15.66,-0.12,-0.12,-0.12,10.72,32.97,32.97,,,,,,0.986784,,2.51,6.38,5.95,-7.66,8.74,,,,,,1.001754,
17-09-2025,NASDAQ:VTHR,VAN RUSSELL 3000,0,0,0,291.8858,-0.08,1.35,2.94,2.77,8.81,14.18,7.27,15.43,-0.08,-0.08,-0.08,11.3,33.46,33.46,,,,,,0.986694,,2.77,6.21,5.89,-8.05,8.80,,,,,,1.002553,
