Date,Symbol,Security Name,Mkt Cap (Millions),AVOL(20),ADR(20),CMP,Change_1D,Change_1W,Change_10D,Change_1M,Change_3M,Change_6M,Change_9M,Change_12M,Momo_10D,Momo_1M,Momo_3M,Momo_6M,Momo_12M,Gap_10D,6EMA_10D,10EMA_20D,21EMA_40D,50SMA_100D,Below_3M,Below_6M,Below_12M,Above_3M,Above_6M,Above_12M,RS_1M,RS_3M,RS_6M,RS_9M,RS_12M,Total_RS (NDX),RS_score,NC_1M,NC_3M,NC_6M,NC_9M,NC_12M,NRS_1M,NRS_3M,NRS_6M,NRS_9M,NRS_12M,Total_NRS (NDX),NRS_score
24-09-2025,NASDAQ:QMMM,QMMM Holdings Limited - Class A Ordinary Shares,1635,2253816,217.63,95,-12.84,-11.20,-15.26,95.17,98.69,98.97,99.33,94.31,0,0,0,2,HV2Y,-1,-1,-1,-1,-1,-54.11,-54.11,-54.11,7561.29,14470.55,16189.44,90.77,88.97,81.07,85.62,75.02,33.109706,99,95.17,72.98,20.97,34.59,-743.99,90.77,67.42,11.91,39.69,-750.45,13.27828,99
24-09-2025,NASDAQ:RGC,Regencell Bioscience Holdings Limited - Ordinary Shares,7210,283284,7.58,14.58,-1.15,-7.00,8.71,15.78,-49.04,92.33,99.06,98.87,0,0,0,HV2Y,HV2Y,-1,-1,-1,-1,-1,-36.58,-81.31,-81.31,40.73,2254.61,15375.97,11.38,-58.76,74.43,85.35,79.58,16.590395,99,15.78,-76.95,94.85,87.69,-20.17,11.38,-82.51,85.79,92.79,-26.63,0.828642,1
24-09-2025,NYSE:ZEPP,"Zepp Health Corporation American depositary shares, each representing sixteen Class A ordinary shares",717,394436,10.77,47.23,-5.31,-0.87,-9.68,16.81,94.66,93.18,94.09,93.01,0,0,HV2Y,0,HV2Y,-1,-1,-1,7,-1,-12,-12,-12,1774.21,2071.49,2071.49,12.41,84.94,75.28,80.38,73.72,6.383471,99,16.81,93.59,-27.78,13.35,-18.28,12.41,88.03,-36.84,18.45,-24.74,3.234067,99
24-09-2025,NASDAQ:DFDV,DeFi Development Corp. - Common Stock,392,2700454,8.54,15.34,1.52,-16.75,-4.50,-2.28,-22.95,95.64,95.31,95.44,0,0,0,HV2Y,HV2Y,-1,-1,-1,-1,-1,-49.47,-63.91,-63.91,13.97,2584.5,2729.72,-6.68,-32.67,77.74,81.6,76.15,5.831001,99,-2.28,-20.20,96.46,-7.69,2.81,-6.68,-25.76,87.4,-2.59,-3.65,0.884458,1
24-09-2025,NASDAQ:RGTI,"Rigetti Computing, Inc.  - Common stock",10257,65434151,9.82,31.64,0.57,30.50,48.83,54.27,64.95,68.96,76.39,97.49,2,0,0,HV2Y,HV2Y,-1,2,-1,-1,-1,0,0,0,185.82,321.87,4174.52,49.87,55.23,51.06,62.68,78.2,4.458877,99,54.27,23.36,11.45,23.93,89.37,49.87,17.8,2.39,29.03,82.91,1.268128,98
24-09-2025,NASDAQ:ABVX,Abivax SA - American Depositary Shares,6276,1051033,4.43,82.02,-0.23,-0.32,-8.81,5.78,91.89,91.01,90.49,85.92,0,0,HV2Y,0,0,-1,-1,-1,7,-1,-8.87,-8.87,-8.87,1133.38,1486.46,1486.46,1.38,82.17,73.11,76.78,66.63,4.299395,99,5.78,91.39,-10.83,-5.83,-48.08,1.38,85.83,-19.89,-0.73,-54.54,2.448323,99
24-09-2025,AMEX:BMNR,"BitMine Immersion Technologies, Inc. Common Stock",9008,48297312,8.69,51.92,-4.72,-9.92,12.17,4.47,91.58,87.56,92.30,77.66,0,0,HV2Y,HV2Y,HV2Y,-1,-1,-1,-1,-1,-61.54,-61.54,-61.54,1117.35,1117.35,2496,0.07,81.86,69.66,78.59,58.37,4.009455,99,4.47,91.19,-47.84,38.09,-190.00,0.07,85.63,-56.9,43.19,-196.46,2.489844,99
24-09-2025,NASDAQ:OPEN,Opendoor Technologies Inc  - Common Stock,6057,395636192,17.34,8.23,16.08,-24.06,28.80,44.84,93.78,85.42,79.77,74.73,0,0,HV2Y,0,HV2Y,-1,-1,-1,-1,-1,-21.77,-21.77,-21.77,1506.79,1506.79,1506.79,40.44,84.06,67.52,66.06,55.44,3.798131,99,44.84,88.72,-134.28,-38.75,-24.92,40.44,83.16,-143.34,-33.65,-31.38,3.121137,99
24-09-2025,NASDAQ:SUPX,Super X AI Technology Limited - Ordinary Shares,1477,231746,18.6,54.91,-0.69,6.06,-17.12,-5.99,82.06,84.47,93.13,90.64,0,0,HVQ,2,2,-1,-1,-1,-1,-1,-19.25,-19.25,-19.25,457.46,560.3,1589.43,-10.39,72.34,66.57,79.42,71.35,3.694609,99,-5.99,83.08,13.40,55.80,-36.34,-10.39,77.52,4.34,60.9,-42.8,1.514935,99
24-09-2025,NYSE:QBTS,D-Wave Quantum Inc. Common Shares,9481,49133143,8.33,27.72,0.73,18.69,42.14,45.82,48.85,68.33,77.02,96.65,HVQ,0,0,HV2Y,HV2Y,-1,3,-1,-1,-1,0,0,0,97.72,345.66,3003.8,41.42,39.13,50.43,63.31,77.36,3.61999,99,45.82,5.59,38.08,27.45,85.44,41.42,0.03,29.02,32.55,78.98,1.09172,89
24-09-2025,NASDAQ:FORD,"Forward Industries, Inc. - Common Stock",2771,579531,21.08,32.78,3.60,-2.23,23.12,67.37,80.99,88.13,86.55,89.23,0,HVQ,0,0,HV2Y,15.08,-1,-1,-1,-1,-15.95,-15.95,-15.95,461.3,742.67,893.33,62.97,71.27,70.23,72.84,69.94,3.387492,99,67.37,41.75,37.56,-13.37,19.95,62.97,36.19,28.5,-8.27,13.49,1.735757,99
24-09-2025,NASDAQ:TOI,"The Oncology Institute, Inc. - Common Stock",337,1551850,6.4,3.6,3.45,16.94,13.06,3.61,40.28,65.00,94.25,91.86,0,0,0,0,0,-1,-1,-1,-1,-1,-15.89,-15.89,-15.89,75.61,224.32,2623.15,-0.79,30.56,47.1,80.54,72.57,3.301463,99,3.61,38.04,41.40,83.58,-41.61,-0.79,32.48,32.34,88.68,-48.07,0.999934,44
24-09-2025,NASDAQ:QUBT,Quantum Computing Inc. - Common Stock,3423,30123227,8.9,21.41,0.02,17.28,28.02,28.96,21.81,60.39,29.29,96.74,HVQ,0,0,0,HV2Y,-1,-1,-1,-1,-1,-7.99,-7.99,-16.63,47.15,264.74,3224.53,24.56,12.09,42.49,15.58,77.45,3.256281,99,28.96,-10.06,49.34,-78.54,95.40,24.56,-15.62,40.28,-73.44,88.94,1.028601,69
24-09-2025,NASDAQ:ONDS,Ondas Holdings Inc. - Common Stock,2359,48261941,11.27,7.35,-6.73,17.01,24.35,34.01,78.23,87.95,81.50,89.50,0,HVQ,2,HV2Y,HV2Y,-1,-1,-1,-1,-1,-6.73,-6.73,-6.73,359.37,927.83,995.38,29.61,68.51,70.05,67.79,70.21,2.96874,99,34.01,67.01,44.64,-53.53,43.26,29.61,61.45,35.58,-48.43,36.8,1.472924,99
24-09-2025,NYSE:OKLO,Oklo Inc. Class A common stock,19362,19804854,9.31,131.17,-8.05,27.35,43.78,45.73,57.64,77.94,84.02,93.59,HVQ,0,0,HV2Y,HV2Y,-1,-1,-1,-1,-1,-8.05,-8.05,-8.05,155.54,562.47,1521.38,41.33,47.92,60.04,70.31,74.3,2.933741,99,45.73,21.94,47.94,27.55,59.88,41.33,16.38,38.88,32.65,53.42,1.151847,95
24-09-2025,NYSE:VIA,"Via Transportation, Inc. Class A Common Stock",3865,538682,5.02,48.71,-2.09,-2.65,77.44,78.07,77.68,80.00,84.19,83.00,HV2Y,0,0,0,0,300.18,1,-1,-1,-1,-6.7,-6.7,-6.7,362.58,418.19,798.71,73.67,67.96,62.1,70.48,63.71,2.8619,99,78.07,-1.78,10.40,20.94,-7.53,73.67,-7.34,1.34,26.04,-13.99,1.838421,99
24-09-2025,NYSE:AMPX,"Amprius Technologies, Inc. Common Stock",1387,8754360,8.97,11.69,-3.07,21.81,33.11,38.67,67.58,71.77,85.80,92.52,0,0,HV2Y,HV2Y,HV2Y,-1,-1,-1,-1,-1,-3.07,-3.07,-3.07,209.26,464.73,1259.93,34.27,57.86,53.87,72.09,73.23,2.81989,99,38.67,47.14,12.93,49.70,47.30,34.27,41.58,3.87,54.8,40.84,1.235606,97
24-09-2025,NASDAQ:BETR,Better Home & Finance Holding Company - Class A Common Stock,1025,1002428,18.15,67.01,-1.09,57.84,64.14,70.68,81.72,79.18,84.63,71.27,HV2Y,0,0,HV2Y,HV2Y,37.64,3,0,-1,-1,-1.09,-1.09,-1.09,452.89,565.44,741.83,66.28,72,61.28,70.92,51.98,2.673352,99,70.68,37.64,-13.88,26.16,-86.89,66.28,32.08,-22.94,31.26,-93.35,1.893913,99
24-09-2025,NASDAQ:IREN,IREN Limited - Ordinary Shares,12781,37734437,9.31,47.14,12.86,19.60,28.66,50.95,74.82,84.30,75.78,84.07,0,HV2Y,HV2Y,0,HV2Y,-1,1,0,-1,-1,0,0,0,297.14,789.43,789.43,46.55,65.1,66.4,62.07,64.78,2.467762,99,50.95,48.66,37.66,-54.26,34.21,46.55,43.1,28.6,-49.16,27.75,1.474071,99
24-09-2025,NASDAQ:QURE,uniQure N.V. - Ordinary Shares,749,4786441,7.59,47.5,247.73,70.19,63.20,67.26,69.83,69.77,67.43,88.72,HV2Y,0,0,0,HV2Y,188.14,-1,-1,-1,-1,0,0,0,257.68,469.54,946.26,62.86,60.11,51.87,53.72,69.43,2.353864,99,67.26,7.85,-0.21,-7.73,65.35,62.86,2.29,-9.27,-2.63,58.89,1.487874,99
24-09-2025,NASDAQ:TDUP,ThredUp Inc. - Class A Common Stock,1168,2280514,5.25,9.48,-2.77,-10.23,-13.92,-27.43,17.93,71.10,85.86,90.64,0,0,0,HV2Y,HV2Y,-1,-1,-1,-1,-1,-21.52,-21.52,-21.52,41.07,293.36,1694.77,-31.83,8.21,53.2,72.15,71.35,2.311746,99,-27.43,35.60,64.78,51.09,33.81,-31.83,30.04,55.72,56.19,27.35,0.864229,1
24-09-2025,NASDAQ:NEGG,"Newegg Commerce, Inc. - Common Shares",870,2363746,20.11,44.86,-0.02,-5.04,19.95,-89.48,72.74,88.06,80.14,65.76,0,0,HV2Y,HV2Y,HV2Y,-1,-1,-1,-1,-1,-64.98,-64.98,-64.98,271.36,1181.71,1181.71,-93.88,63.02,70.16,66.43,46.47,2.258561,99,-89.48,85.61,56.21,-66.36,-72.39,-93.88,80.05,47.15,-61.26,-78.85,1.323212,99
24-09-2025,NASDAQ:MVST,"Microvast Holdings, Inc. - Common Stock",1295,5870078,7.24,3.98,-3.40,15.58,29.15,31.41,2.01,69.85,62.31,92.58,0,0,0,2,HV2Y,-1,-1,-1,-1,-1,-3.4,-14.04,-14.04,57.31,246.09,2378.21,27.01,-7.71,51.95,48.6,73.29,2.189483,99,31.41,-42.86,69.23,-25.00,80.31,27.01,-48.42,60.17,-19.9,73.85,0.950492,8
24-09-2025,NASDAQ:CELC,Celcuity Inc. - Common Stock,2290,855347,5.65,53.98,2.82,-1.15,-3.61,8.76,78.05,80.53,77.77,72.49,0,0,HV2Y,0,0,-1,-1,-1,-1,-1,-13.67,-13.67,-13.67,355.53,557.49,557.49,4.36,68.33,62.63,64.06,53.2,2.169897,99,8.76,75.94,11.31,-14.18,-23.75,4.36,70.38,2.25,-9.08,-30.21,1.4608,99
24-09-2025,NASDAQ:MFH,Mercurity Fintech Holding Inc. - American Ordinary Shares,874,255830,16.62,12.65,-5.03,18.34,35.26,58.42,69.17,52.41,47.19,89.88,0,0,HVQ,0,HV2Y,-1,3,-1,-1,-1,-5.03,-5.03,-5.03,530.92,530.92,1019.47,54.02,59.45,34.51,33.48,70.59,2.146342,99,58.42,25.86,-54.36,-10.96,80.84,54.02,20.3,-63.42,-5.86,74.38,1.436919,99
24-09-2025,NASDAQ:ALM,Almonty Industries Inc. - Common Shares,1217,855525,6.4,5.95,12.26,18.15,25.55,28.07,42.02,72.02,84.34,85.40,0,0,HV2Y,HV2Y,HV2Y,-1,-1,-1,-1,-1,0,0,0,74.36,257.36,625.83,23.67,32.3,54.12,70.63,66.11,2.125421,99,28.07,19.39,51.74,44.04,6.75,23.67,13.83,42.68,49.14,0.29,1.039144,74
24-09-2025,NASDAQ:PSIX,"Power Solutions International, Inc. - Common Stock",2553,662044,6.67,110.87,-4.24,8.44,19.14,20.20,44.10,71.17,85.48,83.89,0,0,HV2Y,HV2Y,HV2Y,-1,3,-1,-1,-1,-4.24,-4.24,-4.24,78.88,492.89,588.63,15.8,34.38,53.27,71.77,64.6,2.104365,99,20.20,29.94,48.43,49.62,-10.93,15.8,24.38,39.37,54.72,-17.39,1.041286,75
24-09-2025,AMEX:UAMY,United States Antimony Corporation Common Stock,859,7697029,9.65,6.67,-8.63,16.04,29.39,27.74,62.07,66.87,73.61,88.51,HV2Y,0,HV2Y,2,HV2Y,9.61,-1,-1,-1,-1,-8.63,-8.63,-8.63,238.58,242.05,1187.4,23.34,52.35,48.97,59.9,69.22,2.103604,99,27.74,47.51,12.65,20.36,56.47,23.34,41.95,3.59,25.46,50.01,1.168541,96
24-09-2025,NASDAQ:KOD,Kodiak Sciences Inc - Common Stock,818,830744,11.94,15.49,12.90,40.54,37.22,38.86,76.18,79.31,43.96,82.96,HV2Y,0,HVQ,0,0,4.93,-1,-1,-1,-1,0,0,0,319.78,651.94,651.94,34.46,66.46,61.41,30.25,63.67,2.10097,99,38.86,61.03,13.14,-170.83,69.59,34.46,55.47,4.08,-165.73,63.13,1.548086,99
24-09-2025,NASDAQ:TMC,TMC the metals company Inc. - Common Stock,2503,7468012,7.03,6.16,-2.53,10.88,16.88,17.86,-21.59,70.94,88.23,83.28,0,0,0,HV2Y,HV2Y,-1,-1,-1,-1,-1,-23.95,-23.95,-23.95,31.91,280.25,749.66,13.46,-31.31,53.04,74.52,63.99,2.10078,99,17.86,-48.02,76.10,59.50,-42.07,13.46,-53.58,67.04,64.6,-48.53,0.907975,2
24-09-2025,NASDAQ:CIFR,Cipher Mining Inc. - Common Stock,5561,42029910,11.85,14.14,-0.07,12.45,27.51,53.04,72.77,78.50,59.41,79.49,0,0,HV2Y,HV2Y,HV2Y,-1,1,-1,-1,-1,-0.07,-0.07,-0.07,267.27,573.33,573.33,48.64,63.05,60.6,45.7,60.2,2.068468,99,53.04,42.02,21.04,-88.82,49.48,48.64,36.46,11.98,-83.72,43.02,1.481317,99
24-09-2025,NASDAQ:IMRX,Immuneering Corporation - Class A Common Stock,384,1324552,11.91,9.23,7.45,12.57,11.81,35.54,67.28,81.69,80.07,65.22,0,0,0,0,HV2Y,-1,-1,-1,-1,-1,-0.32,-0.32,-0.32,205.63,739.09,739.09,31.14,57.56,63.79,66.36,45.93,2.063703,99,35.54,49.24,44.04,-8.88,-74.46,31.14,43.68,34.98,-3.78,-80.92,1.336438,99
24-09-2025,NASDAQ:ABAT,American Battery Technology Company - Common Stock,555,6515393,10.06,4.13,9.55,39.71,43.58,36.08,69.73,75.54,78.69,75.54,0,0,HVQ,HV2Y,HV2Y,-1,-1,-1,-1,-1,0,0,0,230.4,347.07,443.42,31.68,60.01,57.64,64.98,56.25,2.040596,99,36.08,52.65,19.20,12.87,-14.77,31.68,47.09,10.14,17.97,-21.23,1.327089,99
24-09-2025,NASDAQ:CDTX,"Cidara Therapeutics, Inc. - Common Stock",2246,770188,6.36,88.58,20.53,26.79,28.38,27.60,44.31,75.13,74.59,87.28,0,0,HV2Y,HV2Y,HV2Y,5.32,-1,-1,23,-1,0,0,0,85.04,439.14,770.99,23.2,34.59,57.23,60.88,67.99,2.039726,99,27.60,23.08,55.34,-2.18,49.93,23.2,17.52,46.28,2.92,43.47,1.051674,79
24-09-2025,NASDAQ:PRCH,"Porch Group, Inc. - Common Stock",1858,2438776,4.79,17.82,-2.62,-1.52,-1.74,8.02,39.23,55.33,74.35,90.57,0,0,0,HV2Y,HV2Y,-1,-1,-1,-1,-1,-6.41,-6.41,-6.41,64.54,282.4,1292.19,3.62,29.51,37.43,60.64,71.28,2.031733,99,8.02,33.92,26.50,42.59,63.24,3.62,28.36,17.44,47.69,56.78,0.973088,18
24-09-2025,NASDAQ:SY,So-Young International Inc. - American Depository Shares,369,1108528,7.75,3.9,4.84,-0.77,5.90,-3.33,52.31,75.89,79.89,81.15,0,0,HV2Y,HV2Y,HV2Y,-1,-1,-1,-1,-1,-33.56,-33.56,-33.56,109.68,445.68,448.52,-7.73,42.59,57.99,66.18,61.86,1.942832,99,-3.33,53.85,49.46,16.56,6.30,-7.73,48.29,40.4,21.66,-0.16,1.059021,82
24-09-2025,NYSE:IONQ,"IonQ, Inc. Common Stock",21987,27373415,7.46,73.86,-1.70,11.40,40.62,47.63,48.40,65.41,48.88,88.87,HVQ,0,0,0,HV2Y,-1,2,-1,-1,-1,-1.7,-1.7,-1.7,100.76,257.16,873.12,43.23,38.68,47.51,35.17,69.58,1.942728,99,47.63,1.47,32.96,-47.79,78.23,43.23,-4.09,23.9,-42.69,71.77,1.172462,96
24-09-2025,NYSE:BE,Bloom Energy Corporation Class A Common Stock,16188,13665949,7.32,69.18,-10.60,-15.16,8.99,28.66,68.78,66.59,66.93,84.23,0,0,HVQ,0,HV2Y,-1,-1,9,-1,-1,-19.81,-19.81,-19.81,220.28,323.9,665.27,24.26,59.06,48.69,53.22,64.94,1.941507,99,28.66,56.23,-6.99,1.00,52.32,24.26,50.67,-16.05,6.1,45.86,1.277646,98
24-09-2025,NASDAQ:NKTR,Nektar Therapeutics - Common Stock,1147,1404801,8.41,60.33,1.22,15.35,20.14,55.01,51.73,79.18,76.60,67.68,0,0,HVQ,HV2Y,HV2Y,-1,1,1,-1,-1,0,0,0,178.27,720.15,720.15,50.61,42.01,61.28,62.89,48.39,1.927984,99,55.01,-7.30,56.87,-12.39,-38.15,50.61,-12.86,47.81,-7.29,-44.61,1.262749,98
24-09-2025,AMEX:AREN,"The Arena Group Holdings, Inc. Common Stock",316,262921,7.45,6.65,2.62,15.94,7.82,2.41,15.79,74.74,75.94,86.83,0,0,0,2,HV2Y,-1,-1,-1,-1,-1,-8.15,-31.86,-31.86,26.91,295.83,1066.67,-1.99,6.07,56.84,62.23,67.54,1.921181,99,2.41,13.71,70.00,4.76,45.25,-1.99,8.15,60.94,9.86,38.79,0.917159,3
24-09-2025,AMEX:LEU,Centrus Energy Corp. Class A Common Stock,5025,1341705,8.16,276,-8.79,16.61,20.54,32.87,34.36,73.29,75.28,83.69,0,0,0,0,HV2Y,-1,-1,-1,-1,-1,-9.87,-9.87,-9.87,65.69,407.07,513.2,28.47,24.64,55.39,61.57,64.4,1.885786,99,32.87,2.21,59.31,7.46,34.03,28.47,-3.35,50.25,12.56,27.57,1.031427,71
24-09-2025,NASDAQ:ATAI,ATAI Life Sciences N.V. - Common Shares,1177,5291441,6.93,5.49,-2.14,16.03,14.03,13.66,59.93,71.40,78.32,77.78,0,0,HV2Y,HV2Y,HV2Y,-1,-1,-1,-1,-1,-2.14,-2.14,-2.14,150.68,353.72,417.92,9.26,50.21,53.5,64.61,58.49,1.872554,99,13.66,53.59,28.64,24.20,-2.52,9.26,48.03,19.58,29.3,-8.98,1.149822,95
24-09-2025,NASDAQ:ABTC,American Bitcoin Corp. - Class A Common Stock,1233,8803395,19.64,6.94,-4.14,-11.38,-34.15,7.78,38.52,86.11,72.41,62.15,0,HVQ,0,HV2Y,HV2Y,-1,-1,-1,-1,-1,-25.46,-25.46,-25.46,70.31,928.91,928.91,3.38,28.8,68.21,58.7,42.86,1.854089,99,7.78,33.33,77.41,-98.60,-37.22,3.38,27.77,68.35,-93.5,-43.68,1.123054,93
24-09-2025,NASDAQ:ASST,"Strive, Inc. - Class A Common Stock",2196,13132908,23.82,3.01,-10.15,-22.26,-168.77,-59.47,-56.48,81.77,87.24,53.16,0,0,0,HV2Y,HV2Y,15.18,-1,-1,-1,-1,-66.22,-76.86,-76.86,0,590.53,726.92,-63.87,-66.2,63.87,73.53,33.87,1.853812,99,-59.47,1.87,88.35,29.99,-267.00,-63.87,-3.69,79.29,35.09,-273.46,0.994122,37
24-09-2025,NYSE:NRGV,"Energy Vault Holdings, Inc. Common Stock",497,3242948,11.48,3.07,-3.46,23.13,37.79,47.88,76.93,70.93,50.81,65.47,0,0,0,HV2Y,HV2Y,-1,-1,-1,-1,-1,-3.46,-3.46,-3.46,369.78,387.46,387.46,43.48,67.21,53.03,37.1,46.18,1.84828,98,47.88,55.74,-26.04,-69.19,29.80,43.48,50.18,-35.1,-64.09,23.34,1.575573,99
24-09-2025,NYSE:JMIA,"Jumia Technologies AG American Depositary Shares, each representing two Ordinary Shares",1388,3992298,6.64,11.48,1.32,-3.40,22.13,28.22,71.69,78.05,65.51,59.32,0,0,2,0,HV2Y,-1,-1,-1,-1,-1,-3.69,-3.69,-3.69,253.23,563.58,563.58,23.82,61.97,60.15,51.8,40.03,1.824403,98,28.22,60.56,22.46,-57.14,-17.93,23.82,55,13.4,-52.04,-24.39,1.394271,99
24-09-2025,NYSE:PL,Planet Labs PBC Class A Common Stock,3674,16785361,7.7,11.93,-1.00,14.25,24.81,40.82,54.57,66.55,67.48,82.73,0,HVQ,HV2Y,HV2Y,HV2Y,-1,0,-1,-1,-1,-1,-1,-1,120.11,303.04,481.95,36.42,44.85,48.65,53.77,63.44,1.823507,98,40.82,23.23,26.38,2.76,46.91,36.42,17.67,17.32,7.86,40.45,1.162997,95
24-09-2025,NASDAQ:NB,NioCorp Developments Ltd. - Common Stock,567,4412836,9.11,6.46,5.21,15.48,30.34,31.73,60.22,64.40,78.79,73.99,0,0,2,HV2Y,HV2Y,-1,1,-1,-1,-1,0,0,0,194.98,229.59,396.92,27.33,50.5,46.5,65.08,54.7,1.816669,98,31.73,41.72,10.51,40.43,-22.63,27.33,36.16,1.45,45.53,-29.09,1.206544,97
24-09-2025,NASDAQ:RR,Richtech Robotics Inc. - Class B Common Stock,661,48054566,15.17,4.41,-9.45,9.75,35.15,46.03,56.92,43.31,73.92,82.63,0,HVQ,HVQ,2,HV2Y,-1,-1,-1,-1,-1,-20.4,-20.4,-20.4,154.91,154.91,731.45,41.63,47.2,25.41,60.21,63.34,1.815982,98,46.03,20.17,-31.58,54.00,33.37,41.63,14.61,-40.64,59.1,26.91,1.213858,97
24-09-2025,NASDAQ:QSG,QuantaSing Group Limited - American Depositary Shares,526,990807,11.37,9.76,-4.97,-1.84,9.84,17.93,4.30,72.34,80.12,81.05,0,0,0,HV2Y,HV2Y,-1,-1,-1,-1,-1,-16.58,-27.65,-27.65,38.05,261.48,457.71,13.53,-5.42,54.44,66.41,61.76,1.80831,98,17.93,-16.60,71.09,28.15,4.64,13.53,-22.16,62.03,33.25,-1.82,0.932444,4
24-09-2025,AMEX:UUUU,Energy Fuels Inc Ordinary Shares (Canada),3891,14121506,8.11,16.87,1.20,16.54,25.13,35.21,66.75,75.22,67.93,68.58,0,HV2Y,HV2Y,HV2Y,HV2Y,-1,-1,6,-1,-1,0,0,0,203.96,390.41,390.41,30.81,57.03,57.32,54.22,49.29,1.806845,98,35.21,48.67,25.49,-29.43,2.03,30.81,43.11,16.43,-24.33,-4.43,1.306489,98
24-09-2025,NASDAQ:VFF,"Village Farms International, Inc. - Common Shares",318,2501453,9.53,2.82,2.92,8.87,10.64,-3.55,63.30,77.37,73.90,69.86,0,0,HV2Y,HV2Y,HV2Y,-1,-1,-1,-1,-1,-13.76,-13.76,-13.76,172.46,486.16,486.16,-7.95,53.58,59.47,60.19,50.57,1.805433,98,-3.55,64.55,38.35,-15.36,-15.47,-7.95,58.99,29.29,-10.26,-21.93,1.189808,96
24-09-2025,NASDAQ:NBIS,Nebius Group N.V. - Class A Ordinary Shares,28253,21269514,6.55,113.23,5.04,16.91,17.52,38.16,57.15,76.00,76.11,61.98,0,HV2Y,HVQ,0,HV2Y,-1,1,-1,11,-1,0,0,0,155.6,464.46,559.85,33.76,47.43,58.1,62.4,42.69,1.796095,98,38.16,30.71,44.00,0.44,-59.15,33.76,25.15,34.94,5.54,-65.61,1.23584,97
24-09-2025,NASDAQ:METC,"Ramaco Resources, Inc. - Class A Common Stock",2034,2954712,7.55,33.33,4.71,21.81,21.66,26.49,66.88,74.47,68.71,69.58,0,0,HV2Y,HV2Y,HV2Y,-1,-1,-1,-1,-1,0,0,0,233.97,398.95,398.95,22.09,57.16,56.57,55,50.29,1.790702,98,26.49,54.94,22.92,-22.56,2.78,22.09,49.38,13.86,-17.46,-3.68,1.281057,98
24-09-2025,NASDAQ:LTBR,Lightbridge Corporation - Common Stock,484,1890303,8.62,18.66,-10.50,20.85,26.05,18.06,25.99,54.80,75.72,86.12,HVQ,0,0,HV2Y,HV2Y,-1,-1,-1,-1,-1,-10.5,-10.5,-10.5,55.89,177.27,620.46,13.66,16.27,36.9,62.01,66.83,1.790263,98,18.06,9.68,38.92,46.30,42.83,13.66,4.12,29.86,51.4,36.37,0.954355,9
24-09-2025,NASDAQ:PGEN,"Precigen, Inc. - Common Stock",1150,7579656,8.45,3.86,4.04,1.04,-5.70,-3.11,63.21,55.70,81.20,74.22,0,HV2Y,HV2Y,2,HV2Y,-1,-1,-1,-1,-1,-18.91,-18.91,-18.91,171.83,229.91,473.04,-7.51,53.49,37.8,67.49,54.93,1.789368,98,-3.11,64.32,-20.42,57.56,-37.09,-7.51,58.76,-29.48,62.66,-43.55,1.193327,96
24-09-2025,NASDAQ:AEVA,"Aeva Technologies, Inc. - Common Stock",911,2641735,9.5,18.17,-0.66,15.58,19.26,18.44,-64.94,73.91,78.92,82.66,0,0,0,HV2Y,HV2Y,-1,-1,-1,-1,-1,-51.92,-51.92,-51.92,46.36,283.33,601.54,14.04,-74.66,56.01,65.21,63.37,1.78689,98,18.44,-102.23,84.18,19.20,17.75,14.04,-107.79,75.12,24.3,11.29,0.865818,1
24-09-2025,NASDAQ:MLYS,"Mineralys Therapeutics, Inc. - Common Stock",3015,2806471,8.49,38.87,3.24,4.06,0.80,62.08,63.37,56.83,69.57,69.87,0,HV2Y,0,HV2Y,HV2Y,-1,-1,6,-1,-1,-2.51,-2.51,-2.51,202.02,230.25,343.72,57.68,53.65,38.93,55.86,50.58,1.784826,98,62.08,3.39,-17.84,29.50,1.01,57.68,-2.17,-26.9,34.6,-5.45,1.394655,99
24-09-2025,NASDAQ:SATS,EchoStar Corporation - Common stock,21032,8313614,6.11,73.1,-0.73,1.76,-9.29,59.12,66.31,63.47,69.07,64.38,0,HV2Y,0,0,0,-1,-1,7,-1,-1,-12.53,-12.53,-12.53,196.79,357.16,357.16,54.72,56.59,45.57,55.36,45.09,1.784654,98,59.12,17.57,-8.40,15.32,-15.17,54.72,12.01,-17.46,20.42,-21.63,1.41667,99
24-09-2025,NASDAQ:AMLX,"Amylyx Pharmaceuticals, Inc. - Common Stock",1481,2035704,5.57,13.48,1.28,11.28,22.03,31.01,52.45,71.96,70.77,78.64,0,0,HVQ,0,0,9.42,0,-1,-1,-1,0,0,0,115.34,307.25,368.06,26.61,42.73,54.06,57.06,59.35,1.781574,98,31.01,31.08,41.03,-4.23,26.90,26.61,25.52,31.97,0.87,20.44,1.129358,93
24-09-2025,NYSE:MP,MP Materials Corp. Common Stock,12615,10751727,5.33,71.23,-4.65,6.21,12.34,-1.52,50.30,62.19,77.28,80.50,0,0,HVQ,0,0,-1,-1,-1,-1,-1,-6.99,-6.99,-6.99,137.2,279.49,412.81,-5.92,40.58,44.29,63.57,61.21,1.752987,98,-1.52,51.04,23.93,39.92,14.15,-5.92,45.48,14.87,45.02,7.69,1.046752,77
24-09-2025,NASDAQ:APLD,Applied Digital Corporation - Common Stock,6133,28195880,8.04,24.67,0.90,21.12,38.39,34.94,58.17,67.61,64.51,77.46,0,0,HV2Y,HV2Y,HV2Y,-1,1,-1,-1,-1,0,0,0,168.74,617.15,617.15,30.54,48.45,49.71,50.8,58.17,1.719854,98,34.94,35.70,22.58,-9.57,36.49,30.54,30.14,13.52,-4.47,30.03,1.189225,96
24-09-2025,NYSE:SES,SES AI Corporation Class A Common Stock,695,9328149,8.74,1.9,0.53,31.58,41.05,38.95,54.21,64.47,79.37,59.96,HVQ,0,0,HV2Y,HV2Y,8.23,3,-1,-1,-1,0,0,-21.49,125.15,272.55,604.23,34.55,44.49,46.57,65.66,40.67,1.715134,98,38.95,25.00,22.40,41.93,-94.08,34.55,19.44,13.34,47.03,-100.54,1.228593,97
24-09-2025,NASDAQ:AEHR,Aehr Test Systems - Common Stock,966,1562854,8.26,33.63,3.38,15.22,20.22,46.18,64.41,73.06,59.38,61.40,0,HVY,HVQ,0,HV2Y,-1,-1,5,-1,-1,0,0,0,188.17,396.02,396.02,41.78,54.69,55.16,45.67,42.11,1.698849,98,46.18,33.87,24.31,-50.77,4.98,41.78,28.31,15.25,-45.67,-1.48,1.338263,99
24-09-2025,NASDAQ:EOSE,"Eos Energy Enterprises, Inc. - Common Stock",2974,17086015,8.49,10.65,4.82,20.19,35.49,41.13,60.47,60.66,59.44,77.56,0,0,0,0,HV2Y,-1,-1,-1,-1,-1,0,0,0,152.97,222.73,395.35,36.73,50.75,42.76,45.73,58.27,1.682852,98,41.13,32.85,0.48,-3.10,44.68,36.73,27.29,-8.58,2,38.22,1.233863,97
24-09-2025,NASDAQ:ALAB,"Astera Labs, Inc. - Common Stock",34120,6509774,6.16,230.11,-3.03,-3.77,6.79,22.17,62.08,67.94,46.78,79.52,0,0,HVQ,0,HV2Y,-1,-1,-1,3,-1,-8.64,-8.64,-8.64,163.71,334.66,388.25,17.77,52.36,50.04,33.07,60.23,1.676198,98,22.17,51.28,15.45,-65.99,61.52,17.77,45.72,6.39,-60.89,55.06,1.224969,97
24-09-2025,NASDAQ:VERI,"Veritone, Inc. - Common Stock",382,7279409,13.51,5.56,-5.92,26.26,34.53,57.73,74.37,49.46,60.79,33.81,2,HVY,HVQ,2,2,-1,-1,-1,-1,-1,-5.92,-5.92,-5.92,341.27,355.74,355.74,53.33,64.65,31.56,47.08,14.52,1.675584,98,57.73,39.36,-97.19,22.42,-68.81,53.33,33.8,-106.25,27.52,-75.27,1.632684,99
24-09-2025,NASDAQ:HOOD,"Robinhood Markets, Inc. - Class A Common Stock",112684,47583737,4.35,126.8,0.48,6.44,7.37,14.87,34.74,62.03,70.87,82.07,0,0,HV2Y,HV2Y,HV2Y,-1,-1,-1,-1,-1,0,0,0,53.23,271.09,467.85,10.47,25.02,44.13,57.16,62.78,1.670419,98,14.87,23.34,41.81,23.28,38.47,10.47,17.78,32.75,28.38,32.01,0.991754,35
24-09-2025,NASDAQ:HSAI,"Hesai Group - American Depositary Share, each ADS represents one Class B ordinary share",3777,3241729,5.43,29.55,1.03,2.57,6.13,20.88,34.45,37.78,62.61,86.70,0,HVQ,0,0,HV2Y,-1,-1,-1,2,-1,-0.84,-0.84,-0.84,57.77,169.86,651.91,16.48,24.73,19.88,48.9,67.41,1.670134,98,20.88,17.15,5.09,39.90,64.43,16.48,11.59,-3.97,45,57.97,1.000087,44
24-09-2025,NASDAQ:XNET,Xunlei Limited - American Depositary Shares,484,1024547,6.16,8.03,3.88,-1.62,9.71,13.20,48.07,40.60,75.22,80.76,0,HVQ,2,HV2Y,HV2Y,-1,-1,-1,-1,-1,-8.65,-8.65,-8.65,98.27,165.89,419.74,8.8,38.35,22.7,61.51,61.47,1.658601,98,13.20,40.17,-14.39,58.28,22.36,8.8,34.61,-23.45,63.38,15.9,1.06789,85
24-09-2025,NYSE:BW,"Babcock & Wilcox Enterprises, Inc. Common Stock",313,3792863,13.59,3.1,-4.02,0.65,15.16,43.23,69.03,72.21,48.06,54.19,HVQ,HVQ,HV2Y,HV2Y,0,-1,-1,-1,-1,-1,-11.93,-11.93,-11.93,250.6,1077.81,1077.81,38.83,59.31,54.31,34.35,34.9,1.654847,98,43.23,45.45,10.26,-86.88,11.80,38.83,39.89,1.2,-81.78,5.34,1.416557,99
24-09-2025,NASDAQ:RZLV,Rezolve AI PLC - Ordinary Shares,1662,23418671,12.37,6.82,-5.01,-4.25,8.36,54.11,58.21,78.89,55.43,6.74,0,0,HVQ,2,HV2Y,-1,-1,-1,-1,-1,-11.66,-11.66,-11.66,180.66,503.54,503.54,49.71,48.49,60.99,41.72,-12.55,1.647124,98,54.11,8.95,49.47,-111.11,-109.21,49.71,3.39,40.41,-106.01,-115.67,1.4416,99
24-09-2025,AMEX:ASM,Avino Silver & Gold Mines Ltd. Common Shares (Canada),673,5812481,5.8,4.49,-1.10,2.23,9.13,6.46,21.83,59.47,80.18,75.50,0,0,HVQ,0,HV2Y,-1,-1,-1,-1,-1,-5.07,-5.07,-5.07,41.19,207.53,420.88,2.06,12.11,41.57,66.47,56.21,1.64184,98,6.46,16.43,48.15,51.10,-23.60,2.06,10.87,39.09,56.2,-30.06,0.963871,12
24-09-2025,NASDAQ:LWLG,"Lightwave Logic, Inc. - Common Stock",542,2359851,12.92,4.19,-10.66,28.16,27.45,40.10,68.97,73.51,56.32,33.89,0,HV2Y,0,0,HV2Y,-1,-1,-1,-1,-1,-10.66,-10.66,-10.66,246.28,404.76,404.76,35.7,59.25,55.61,42.61,14.6,1.640594,98,40.10,48.21,14.62,-64.86,-51.37,35.7,42.65,5.56,-59.76,-57.83,1.428459,99
24-09-2025,NASDAQ:MENS,Jyong Biotech Ltd. - Ordinary shares,4194,270183,14.41,56.5,-8.87,4.94,2.42,16.81,85.33,NA,NA,NA,0,0,0,0,0,-1,-1,-1,7,-1,-13.9,-13.9,-13.9,623.43,651.33,651.33,12.41,75.61,0,0,0,1.637383,97,16.81,82.36,NA,NA,NA,12.41,76.8,0,0,0,1.646731,99
24-09-2025,AMEX:UMAC,"Unusual Machines, Inc. Common Stock",408,2958248,8.39,13.4,-4.29,14.70,25.75,13.81,43.36,46.04,21.27,87.69,0,0,HVQ,2,HV2Y,-1,-1,-1,-1,-1,-6.62,-6.62,-30.61,76.55,184.5,864.03,9.41,33.64,28.14,7.56,68.4,1.633561,97,13.81,34.29,4.74,-45.92,84.36,9.41,28.73,-4.32,-40.82,77.9,1.07672,86
24-09-2025,NYSE:HOUS,"Anywhere Real Estate Inc. Common Stock,",1166,3469817,6.05,10.41,-0.48,31.32,40.06,41.69,66.38,64.65,66.57,43.90,HV2Y,0,0,0,0,57,-1,-1,-1,-1,-0.48,-0.48,-0.48,197.43,261.46,274.46,37.29,56.66,46.75,52.86,24.61,1.615815,97,41.69,42.34,-5.14,5.43,-67.82,37.29,36.78,-14.2,10.53,-74.28,1.371801,99
24-09-2025,NASDAQ:TRML,"Tourmaline Bio, Inc.  - Common Stock",1227,1982901,3.1,47.75,0.04,0.10,0.31,52.50,64.42,64.15,57.40,51.79,0,HVQ,0,0,0,-1,0,-1,3,-1,0,0,0,201.64,294.63,294.63,48.1,54.7,46.25,43.69,32.5,1.606845,97,52.50,25.09,-0.77,-18.81,-13.18,48.1,19.53,-9.83,-13.71,-19.64,1.376474,99
24-09-2025,NASDAQ:CRDO,Credo Technology Group Holding Ltd - Ordinary Shares,25842,6375444,5.85,149.38,-7.94,-10.08,-9.76,22.74,38.28,67.08,55.12,80.47,0,0,HV2Y,HV2Y,HV2Y,-1,-1,-1,9,-1,-13.31,-13.31,-13.31,70.54,348.59,411.93,18.34,28.56,49.18,41.41,61.18,1.597019,97,22.74,20.11,46.66,-36.32,56.47,18.34,14.55,37.6,-31.22,50.01,1.051437,79
24-09-2025,NYSE:CYD,China Yuchai International Limited Common Stock,1465,294868,4.94,39.06,-4.92,-4.99,5.17,18.64,44.14,56.40,77.62,67.79,0,0,0,HV2Y,HV2Y,-1,-1,5,-1,-1,-4.92,-4.92,-4.92,79.01,188.69,346.91,14.24,34.42,38.5,63.91,48.5,1.590479,97,18.64,31.34,21.95,48.68,-43.94,14.24,25.78,12.89,53.78,-50.4,1.086691,88
24-09-2025,NASDAQ:RKLB,Rocket Lab Corporation - Common Stock,23564,22883090,7.43,48.69,-7.98,1.25,5.18,3.02,33.56,58.37,52.31,84.66,0,0,HVQ,0,HV2Y,-1,-1,-1,-1,-1,-9.9,-9.9,-9.9,50.51,197.43,551.81,-1.38,23.84,40.47,38.6,65.37,1.588181,97,3.02,31.49,37.34,-14.55,67.83,-1.38,25.93,28.28,-9.45,61.37,0.985467,28
24-09-2025,AMEX:USAS,"Americas Gold and Silver Corporation Common Shares, no par value",858,1721726,6.09,3.12,-1.58,9.94,12.18,21.86,38.31,54.68,70.46,78.37,0,0,0,0,0,-1,-1,-1,-1,-1,-1.58,-1.58,-1.58,62.1,200.94,362.22,17.46,28.59,36.78,56.75,59.08,1.587208,97,21.86,21.05,26.54,34.81,26.77,17.46,15.49,17.48,39.91,20.31,1.027623,69
24-09-2025,NASDAQ:LAES,SEALSQ Corp - Ordinary Shares,548,12829985,9.65,3.75,-6.02,1.87,29.07,25.07,-4.00,18.13,46.40,88.27,HVQ,0,0,2,HV2Y,-1,-1,-1,-1,-1,-17.04,-17.04,-58.7,48.22,67.41,996.49,20.67,-13.72,0.23,32.69,68.98,1.585186,97,25.07,-38.79,21.28,34.53,78.11,20.67,-44.35,12.22,39.63,71.65,0.91956,3
24-09-2025,NASDAQ:BITF,Bitfarms Ltd. - Common Stock,1533,87648086,11.81,2.775,7.14,-9.91,36.94,55.32,71.11,61.80,39.10,27.93,HV2Y,HV2Y,0,0,HV2Y,13.45,-1,-1,-1,-1,-13.28,-13.28,-13.28,271.88,305.52,305.52,50.92,61.39,43.9,25.39,8.64,1.578583,97,55.32,35.35,-32.24,-59.43,-18.34,50.92,29.79,-41.3,-54.33,-24.8,1.539638,99
24-09-2025,NASDAQ:IMAB,I-MAB - American Depositary Shares,306,1558139,10.27,3.56,-7.77,-3.65,-17.42,-35.39,21.91,75.55,73.22,69.66,0,0,HV2Y,HV2Y,HV2Y,-1,-1,-1,-1,-1,-31.27,-31.27,-31.27,109.41,474.19,474.19,-39.79,12.19,57.65,59.51,50.37,1.573968,97,-35.39,42.32,68.69,-9.53,-13.30,-39.79,36.76,59.63,-4.43,-19.76,0.950233,8
24-09-2025,NASDAQ:WULF,TeraWulf Inc. - Common Stock,4651,39649739,7.44,11.4,1.42,0.44,7.46,21.67,66.67,71.23,43.07,60.53,0,HV2Y,HV2Y,HV2Y,HV2Y,-1,-1,-1,-1,-1,-0.78,-0.78,-0.78,200,408.93,408.93,17.27,56.95,53.33,29.36,41.24,1.572149,97,21.67,57.45,13.68,-97.87,30.66,17.27,51.89,4.62,-92.77,24.2,1.320827,98
24-09-2025,NASDAQ:ARQQ,Arqit Quantum Inc. - Ordinary Shares,644,482230,8.78,42.12,3.77,15.91,34.00,26.78,9.97,56.91,36.06,85.90,0,0,2,HV2Y,HV2Y,-1,-1,-1,-1,-1,-2.75,-2.75,-3.9,58.17,250.42,1011.35,22.38,0.25,39.01,22.35,66.61,1.571128,97,26.78,-22.96,52.14,-48.37,77.94,22.38,-28.52,43.08,-43.27,71.48,0.987048,29
24-09-2025,NASDAQ:PGY,Pagaya Technologies Ltd. - Class A Ordinary Shares,2690,3666249,7,35.12,-6.74,-19.45,-5.10,3.33,45.39,64.81,75.20,64.89,0,0,0,HV2Y,HV2Y,-1,-1,-1,10,-1,-19.84,-19.84,-19.84,83.11,295.5,311.24,-1.07,35.67,46.91,61.49,45.6,1.563614,97,3.33,43.51,35.56,29.53,-41.56,-1.07,37.95,26.5,34.63,-48.02,1.070729,85
24-09-2025,NYSE:CLS,"Celestica, Inc. Common Stock",27661,3382534,5.45,240.46,-6.67,-2.99,-5.23,19.77,38.02,59.51,61.30,79.73,0,0,HVQ,HV2Y,HV2Y,-1,-1,-1,11,-1,-6.67,-6.67,-6.67,61.48,263.51,393.45,15.37,28.3,41.61,47.59,60.44,1.560366,97,19.77,22.74,34.67,4.44,47.63,15.37,17.18,25.61,9.54,41.17,1.026348,68
24-09-2025,NASDAQ:SLDP,"Solid Power, Inc. - Class A Common Stock",712,10093844,9.21,3.93,-8.60,2.29,9.41,-20.36,50.38,71.50,71.25,62.85,0,0,HVQ,HV2Y,HV2Y,-1,-1,-1,-1,-1,-26.82,-26.82,-26.82,101.54,323.99,323.99,-24.76,40.66,53.6,57.54,43.56,1.559648,97,-20.36,58.77,42.56,-0.89,-29.20,-24.76,53.21,33.5,4.21,-35.66,1.079445,87
24-09-2025,NASDAQ:GOSS,"Gossamer Bio, Inc. - Common Stock",680,4771715,9.58,2.99,-2.92,0.00,-4.01,21.07,54.52,57.19,71.88,64.88,0,0,0,0,HV2Y,-1,-1,-1,-1,-1,-13.58,-13.58,-13.58,147.11,284.81,349.89,16.67,44.8,39.29,58.17,45.59,1.553355,97,21.07,42.37,5.88,34.30,-24.87,16.67,36.81,-3.18,39.4,-31.33,1.154081,95
24-09-2025,NASDAQ:TRON,Tron Inc. - Common Stock,598,3156648,13.78,2.36,-2.07,-20.34,-30.51,-108.90,-267.80,81.41,74.87,69.83,0,0,2,HV2Y,HV2Y,-1,-1,-1,-1,-1,-78.55,-78.62,-78.62,0,736.88,736.88,-113.3,-277.52,63.51,61.16,50.54,1.552442,97,-108.90,-76.06,94.95,-35.19,-20.05,-113.3,-81.62,85.89,-30.09,-26.51,0.797873,1
24-09-2025,NYSE:BBAI,"BigBear.ai, Inc. Common Stock",2814,90986236,7.52,7.59,-5.01,20.69,37.68,30.17,36.63,53.75,62.85,79.18,0,0,HV2Y,HV2Y,HV2Y,-1,-1,-1,-1,-1,-7.66,-7.66,-22.39,60.47,217.57,450,25.77,26.91,35.85,49.14,59.89,1.5524,97,30.17,9.25,27.03,19.66,43.97,25.77,3.69,17.97,24.76,37.51,1.041069,75
24-09-2025,NASDAQ:APP,Applovin Corporation - Class A Common Stock,217129,10635310,4.1,651.18,1.19,7.28,14.28,32.17,46.33,47.83,51.92,80.96,0,0,0,0,HV2Y,-1,0,2,-1,-1,0,0,0,95.09,196.84,425.15,27.77,36.61,29.93,38.21,61.67,1.551956,97,32.17,20.87,2.79,7.84,60.39,27.77,15.31,-6.27,12.94,53.93,1.100592,90
24-09-2025,AMEX:CMCL,Caledonia Mining Corporation Plc Common Shares,650,319836,4.94,33.67,-2.77,5.32,8.05,27.59,43.30,66.59,72.44,59.76,0,0,0,HV2Y,0,-1,-1,5,-1,-1,-2.77,-2.77,-2.77,76.38,199.29,270.41,23.19,33.58,48.69,58.73,40.47,1.550119,97,27.59,21.70,41.07,17.51,-46.01,23.19,16.14,32.01,22.61,-52.47,1.114197,92
24-09-2025,NASDAQ:SSRM,SSR Mining Inc. - Common Stock,4627,3988235,4.16,22.82,-1.21,4.56,3.72,23.23,45.66,51.84,69.89,73.71,0,0,HVY,0,2,-1,-1,4,-1,-1,-1.64,-1.64,-1.64,93.39,151.05,332.2,18.83,35.94,33.94,56.18,54.42,1.542294,97,23.23,29.22,11.37,37.49,12.66,18.83,23.66,2.31,42.59,6.2,1.078835,87
24-09-2025,NASDAQ:KTOS,"Kratos Defense & Security Solutions, Inc. - Common Stock",13703,4923999,4.88,81.18,-3.24,6.70,19.12,17.59,47.86,59.40,68.47,71.78,0,0,0,0,0,-1,-1,-1,10,-1,-3.24,-3.24,-3.24,96.42,191.8,257.31,13.19,38.14,41.5,54.76,52.49,1.542018,97,17.59,36.73,22.14,22.33,10.51,13.19,31.17,13.08,27.43,4.05,1.082804,87
24-09-2025,NASDAQ:KC,Kingsoft Cloud Holdings Limited - American Depositary Shares,4901,2410306,4.13,16.47,2.55,-2.73,3.58,12.99,24.04,4.74,49.00,86.58,0,HVQ,0,0,HV2Y,-1,-1,-1,-1,-1,-2.66,-2.66,-20.86,42.97,50,645.25,8.59,14.32,-13.16,35.29,67.29,1.52374,97,12.99,12.70,-25.42,46.46,73.69,8.59,7.14,-34.48,51.56,67.23,0.97393,18
24-09-2025,NASDAQ:DAVE,Dave Inc.  - Class A Common Stock,3092,426998,6.2,229.03,-1.01,4.51,6.45,13.54,1.27,57.69,62.14,82.01,0,0,0,0,HV2Y,-1,-1,-1,-1,-1,-18.72,-18.72,-18.72,25.14,223.49,508.15,9.14,-8.45,39.79,48.43,62.72,1.519477,97,13.54,-14.19,57.14,10.51,52.49,9.14,-19.75,48.08,15.61,46.03,0.912678,3
24-09-2025,NASDAQ:OUST,"Ouster, Inc. - Common Stock",1711,2878168,8.41,29.59,-10.55,-3.45,4.39,-1.35,20.48,62.05,64.79,79.52,0,0,HV2Y,HV2Y,HV2Y,-1,-1,-1,-1,-1,-15.58,-15.58,-15.58,38.27,347.66,398.99,-5.75,10.76,44.15,51.08,60.23,1.51924,97,-1.35,21.54,52.27,7.21,41.84,-5.75,15.98,43.21,12.31,35.38,0.936872,5
24-09-2025,NASDAQ:AUGO,Aura Minerals Inc. - Common Shares,2858,318128,4.64,34.59,-1.51,8.09,5.29,20.53,22.31,55.97,68.17,77.54,0,0,0,0,0,-1,-1,-1,1,-1,-1.51,-1.51,-1.51,47.19,132.15,366.8,16.13,12.59,38.07,54.46,58.25,1.519155,97,20.53,2.24,43.33,27.70,29.43,16.13,-3.32,34.27,32.8,22.97,0.973325,18
24-09-2025,NYSE:CDE,"Coeur Mining, Inc. Common Stock",11196,17742445,5.07,17.42,-3.38,8.15,14.24,30.31,49.25,63.55,66.88,59.99,0,0,0,0,HV2Y,-1,-1,1,-1,-1,-3.38,-3.38,-3.38,100.69,262.16,262.16,25.91,39.53,45.65,53.17,40.7,1.511366,97,30.31,27.18,28.17,9.13,-20.80,25.91,21.62,19.11,14.23,-27.26,1.146145,94
24-09-2025,NASDAQ:GPRO,"GoPro, Inc. - Class A Common Stock",376,12414575,12.62,2.34,-10.69,1.28,30.34,29.49,64.15,67.47,52.99,44.44,0,0,HV2Y,0,0,-1,-1,-1,-1,-1,-18.75,-18.75,-18.75,222.49,386.28,386.28,25.09,54.43,49.57,39.28,25.15,1.510098,97,29.49,49.15,9.26,-44.49,-18.18,25.09,43.59,0.2,-39.39,-24.64,1.306114,98
24-09-2025,NYSE:LAC,Lithium Americas Corp. Common Shares,733,23461855,5.92,6.01,95.77,45.76,53.41,52.91,56.74,51.08,51.08,61.90,HV2Y,0,HVQ,0,HV2Y,64.66,-1,-1,-1,-1,0,0,0,135.69,156.84,162.45,48.51,47.02,33.18,37.37,42.61,1.503545,96,52.91,8.13,-13.08,0.00,22.11,48.51,2.57,-22.14,5.1,15.65,1.285241,98
24-09-2025,NASDAQ:HUT,Hut 8 Corp. - Common Stock,3995,6570735,7.58,37.86,6.89,0.18,18.25,38.06,53.91,63.92,37.14,70.50,0,0,HVQ,0,HV2Y,-1,-1,-1,5,-1,-0.03,-0.03,-0.03,116.96,255.83,255.83,33.66,44.19,46.02,23.43,51.21,1.503504,96,38.06,25.59,21.72,-74.23,53.07,33.66,20.03,12.66,-69.13,46.61,1.215899,97
24-09-2025,NYSE:QS,QuantumScape Corporation Class A Common Stock,7070,36802936,9.38,12.49,-7.69,17.85,33.15,35.55,54.60,62.37,62.13,53.32,0,0,HV2Y,HV2Y,HV2Y,-1,-1,-1,-1,-1,-14.69,-14.69,-14.69,120.28,259.94,259.94,31.15,44.88,44.47,48.42,34.03,1.489135,96,35.55,29.57,17.11,-0.64,-23.26,31.15,24.01,8.05,4.46,-29.72,1.209137,97
24-09-2025,NASDAQ:SBET,"SharpLink Gaming, Inc. - Common Stock",3412,24726712,7.12,17.58,3.35,2.62,8.48,-9.04,41.52,79.73,48.74,53.58,0,0,HV2Y,HV2Y,HV2Y,-1,-1,-1,-1,-1,-52.97,-77.81,-77.81,88.02,585.22,585.22,-13.44,31.8,61.83,35.03,34.29,1.487962,96,-9.04,46.37,65.33,-152.83,9.44,-13.44,40.81,56.27,-147.73,2.98,1.135488,94
24-09-2025,AMEX:ITRG,Integra Resources Corp. Common Shares,480,2260602,5.79,2.84,-6.58,5.99,4.23,28.17,43.66,52.46,68.98,66.49,0,0,0,HV2Y,HV2Y,-1,-1,-1,-1,-1,-7.19,-7.19,-7.19,98.6,153.57,255.8,23.77,33.94,34.56,55.27,47.2,1.481953,96,28.17,21.57,15.63,34.74,-8.01,23.77,16.01,6.57,39.84,-14.47,1.09588,90
24-09-2025,NASDAQ:LASR,"nLIGHT, Inc. - Common Stock",1454,880387,4.61,29.13,-5.02,-1.34,0.72,1.89,37.21,70.07,66.08,63.41,0,0,HV2Y,0,HV2Y,-1,-1,-1,2,-1,-7.67,-7.67,-7.67,59.35,352.33,352.33,-2.51,27.49,52.17,52.37,44.12,1.47808,96,1.89,36.00,52.32,-13.30,-7.89,-2.51,30.44,43.26,-8.2,-14.35,1.036955,73
24-09-2025,NASDAQ:INOD,Innodata Inc. - Common Stock,2211,2893860,7.76,69.425,-6.00,3.56,16.24,45.52,33.18,36.12,42.73,79.91,0,0,0,0,HV2Y,-1,2,-1,-1,-1,-6,-6,-6,89.27,133.91,397.67,41.12,23.46,18.22,29.02,60.62,1.476036,96,45.52,-22.66,4.40,10.35,64.91,41.12,-28.22,-4.66,15.45,58.45,1.093014,89
24-09-2025,NASDAQ:ASPI,ASP Isotopes Inc. - Common Stock,1022,5523655,8.3,11.12,-2.80,21.31,24.73,10.52,38.31,59.08,60.88,74.28,0,0,0,0,HV2Y,-1,-1,-1,-1,-1,-2.8,-2.8,-2.8,66.22,165.71,319.62,6.12,28.59,41.18,47.17,54.99,1.468485,96,10.52,31.06,33.67,4.40,34.25,6.12,25.5,24.61,9.5,27.79,1.022171,65
24-09-2025,NASDAQ:PROK,ProKidney Corp. - Class A Ordinary Shares,800,2313099,9.17,2.72,-0.73,6.99,20.59,13.60,71.65,62.87,46.32,9.56,0,0,HV2Y,0,HV2Y,-1,-1,-1,-1,-1,-47.49,-47.49,-47.49,381.25,432.39,432.39,9.2,61.93,44.97,32.61,-9.73,1.464556,96,13.60,67.19,-31.00,-44.55,-68.49,9.2,61.63,-40.06,-39.45,-74.95,1.437463,99
24-09-2025,NASDAQ:TNGX,"Tango Therapeutics, Inc. - Common Stock",868,2248962,6.93,7.8,7.14,2.31,18.46,13.85,36.28,78.97,62.31,-6.41,0,0,2,HV2Y,HV2Y,-1,-1,-1,-1,-1,-0.89,-0.89,-6.02,58.54,609.09,609.09,9.45,26.56,61.07,48.6,-25.7,1.457827,96,13.85,26.04,67.00,-79.27,-182.31,9.45,20.48,57.94,-74.17,-188.77,1.225366,97
24-09-2025,NYSE:DRD,DRDGOLD Limited American Depositary Shares,2365,1125980,4.15,26.26,-4.72,8.72,12.80,32.25,49.24,46.50,66.72,62.64,0,0,0,0,0,-1,2,0,-1,-1,-4.72,-4.72,-4.72,102.62,102.62,206.06,27.85,39.52,28.6,53.01,43.35,1.455882,96,32.25,25.07,-5.40,37.79,-12.24,27.85,19.51,-14.46,42.89,-18.7,1.149066,95
24-09-2025,AMEX:IDR,"Idaho Strategic Resources, Inc. Common Stock",443,515807,6.98,30.51,2.55,5.24,7.90,15.83,57.16,54.31,66.50,54.47,0,0,HV2Y,0,HV2Y,-1,-1,-1,2,-1,-1.29,-1.29,-1.29,137.25,145.45,208.18,11.43,47.44,36.41,52.79,35.18,1.455696,96,15.83,49.10,-6.66,26.69,-35.91,11.43,43.54,-15.72,31.79,-42.37,1.186764,96
24-09-2025,NASDAQ:AMSC,American Superconductor Corporation - Common Stock,2692,1198512,6.05,61.34,-5.09,7.87,18.73,17.38,45.34,64.80,59.33,64.30,0,0,0,HVY,HVY,-1,3,-1,-1,-1,-5.09,-5.09,-5.09,82.94,288.23,288.23,12.98,35.62,46.9,45.62,45.01,1.451946,96,17.38,33.84,35.61,-15.56,12.22,12.98,28.28,26.55,-10.46,5.76,1.091352,89
24-09-2025,NASDAQ:PDYN,Palladyne AI Corp. - Common stock,386,2081537,6.39,9.2,-0.65,21.30,25.54,16.52,10.54,21.74,65.98,80.76,0,0,0,0,HV2Y,-1,-1,-1,-1,-1,-27.44,-27.44,-30.88,34.9,68.19,454.22,12.12,0.82,3.84,52.27,61.47,1.446844,96,16.52,-7.16,12.52,56.53,43.45,12.12,-12.72,3.46,61.63,36.99,0.936258,5
24-09-2025,NASDAQ:VSAT,"ViaSat, Inc. - Common Stock",3826,4610408,7.28,28.5,-4.36,-13.54,-2.25,1.02,49.47,58.91,69.89,55.19,0,0,HVY,0,0,-1,-1,-1,-1,-1,-13.43,-13.43,-13.43,98.47,270.13,317.28,-3.38,39.75,41.01,56.18,35.9,1.443456,96,1.02,48.95,18.68,26.73,-48.83,-3.38,43.39,9.62,31.83,-55.29,1.10848,91
24-09-2025,NASDAQ:COMM,"CommScope Holding Company, Inc. - Common Stock",3489,5449522,3.65,15.75,-2.72,-3.49,-2.98,-0.95,50.79,62.73,63.81,60.57,0,0,HV2Y,0,0,-1,-1,-1,4,-1,-7.3,-7.3,-7.3,116.05,421.52,421.52,-5.35,41.07,44.83,50.1,41.28,1.443409,96,-0.95,51.26,24.26,2.90,-8.95,-5.35,45.7,15.2,8,-15.41,1.098816,90
24-09-2025,NASDAQ:TLS,Telos Corporation - Common Stock,529,1071007,6.49,7.28,5.35,9.48,11.40,14.84,61.68,62.91,53.02,49.59,0,0,HV2Y,0,0,-1,-1,-1,-1,-1,0,0,0,205.88,271.43,271.43,10.44,51.96,45.01,39.31,30.3,1.442732,96,14.84,55.00,3.23,-26.67,-7.31,10.44,49.44,-5.83,-21.57,-13.77,1.235454,97
24-09-2025,AMEX:GROY,Gold Royalty Corp. Common Shares,623,2794166,5.16,3.65,-3.95,0.27,1.37,12.60,37.53,60.55,67.40,63.56,0,HVQ,0,0,0,-1,-1,-1,-1,-1,-4.95,-4.95,-4.95,65.91,182.95,211.97,8.2,27.81,42.65,53.69,44.27,1.43828,96,12.60,28.53,36.84,17.36,-11.76,8.2,22.97,27.78,22.46,-18.22,1.04315,76
24-09-2025,NASDAQ:PLTR,Palantir Technologies Inc. - Class A Common Stock,425978,59835488,3.99,179.56,-1.64,6.25,7.14,12.47,20.42,46.26,58.67,79.28,0,0,0,0,0,-1,-1,-1,-1,12,-3.96,-3.96,-3.96,37.4,142.62,392.48,8.07,10.7,28.36,44.96,59.99,1.435747,96,12.47,9.08,32.47,23.10,49.87,8.07,3.52,23.41,28.2,43.41,0.953447,8
24-09-2025,AMEX:LCTX,"Lineage Cell Therapeutics, Inc. Common Stock",365,1476680,6.89,1.6,0.63,13.13,24.38,26.88,33.13,67.81,68.63,41.25,0,0,HV2Y,2,0,-1,-1,-1,-1,-1,-1.23,-1.23,-1.23,78.23,314.4,314.4,22.48,23.41,49.91,54.92,21.96,1.435582,96,26.88,8.55,51.87,2.52,-87.25,22.48,2.99,42.81,7.62,-93.71,1.113552,92
24-09-2025,AMEX:THM,"International Tower Hill Mines, Ltd. Ordinary Shares (Canada)",314,536929,8.79,1.51,-3.82,1.99,-1.32,9.27,38.44,54.94,70.01,62.97,0,0,0,HV2Y,HV2Y,-1,-1,-1,-1,-1,-9.58,-9.58,-9.58,77.65,217.29,255.55,4.87,28.72,37.04,56.3,43.68,1.429107,96,9.27,32.15,26.80,33.44,-23.45,4.87,26.59,17.74,38.54,-29.91,1.044327,76
24-09-2025,NASDAQ:HYMC,Hycroft Mining Holding Corporation - Class A Common Stock,326,1205509,9.09,6.13,-3.01,0.82,5.38,34.09,46.49,43.23,66.88,59.38,0,HVY,0,0,HV2Y,-1,-1,-1,-1,-1,-8.51,-8.51,-8.51,98.38,149.19,203.47,29.69,36.77,25.33,53.17,40.09,1.426262,96,34.09,18.81,-6.10,41.67,-22.66,29.69,13.25,-15.16,46.77,-29.12,1.146642,94
24-09-2025,AMEX:SLI,Standard Lithium Ltd. Common Shares,706,2332463,6.24,3.46,20.14,15.90,17.63,17.63,47.98,60.12,59.83,60.40,HVQ,0,0,0,HV2Y,7.29,-1,-1,-1,-1,0,0,0,92.22,211.71,211.71,13.23,38.26,42.22,46.12,41.11,1.419129,96,17.63,36.84,23.33,-0.72,1.44,13.23,31.28,14.27,4.38,-5.02,1.109071,91
24-09-2025,NASDAQ:PRME,"Prime Medicine, Inc. - Common Stock",991,3389627,8.71,5.56,3.15,16.37,30.04,36.69,56.47,64.93,49.82,31.12,0,0,HVQ,2,HV2Y,-1,-1,-1,-1,-1,0,0,0,129.75,383.48,383.48,32.29,46.75,47.03,36.11,11.83,1.417944,96,36.69,31.25,19.42,-43.08,-37.28,32.29,25.69,10.36,-37.98,-43.74,1.26944,98
24-09-2025,NASDAQ:GLXY,Galaxy Digital Inc. - Class A common stock,13058,8159655,6.87,34.29,3.47,3.73,23.94,28.40,43.42,61.88,49.77,65.59,0,0,0,0,HV2Y,-1,-1,-1,-1,-1,0,0,0,76.75,293.96,293.96,24,33.7,43.98,36.06,46.3,1.417776,96,28.40,20.98,32.62,-31.77,31.49,24,15.42,23.56,-26.67,25.03,1.10907,91
24-09-2025,NASDAQ:CRML,Critical Metals Corp. - Ordinary Shares,661,3893482,9.93,6.7,0.00,5.00,14.78,5.97,58.66,78.81,8.06,-4.48,0,0,HV2Y,HV2Y,HV2Y,-1,-1,-1,-1,-1,-6.69,-6.69,-23.17,141.88,389.05,389.05,1.57,48.94,60.91,-5.65,-23.77,1.415815,96,5.97,56.03,48.74,-333.80,-13.64,1.57,50.47,39.68,-328.7,-20.1,1.42935,99
24-09-2025,NYSE:JOBY,"Joby Aviation, Inc. Common Stock",13670,40477940,6.2,15.97,-4.49,11.33,16.97,10.46,46.65,58.30,54.73,67.69,0,0,HV2Y,HV2Y,HV2Y,-1,-1,-1,-1,-1,-21.68,-21.68,-21.68,87.44,199.62,232.71,6.06,36.93,40.4,41.02,48.4,1.410227,96,10.46,40.42,21.83,-8.56,28.63,6.06,34.86,12.77,-3.46,22.17,1.079041,87
24-09-2025,NASDAQ:KOPN,Kopin Corporation - Common Stock,410,4655512,9.69,2.52,-3.45,3.97,16.27,23.41,36.90,47.62,47.22,75.65,0,0,0,HV2Y,HV2Y,-1,-1,-1,-1,-1,-7.01,-7.01,-7.01,65.79,240.45,320.14,19.01,27.18,29.72,33.51,56.36,1.403701,96,23.41,17.62,16.98,-0.76,53.86,19.01,12.06,7.92,4.34,47.4,1.045333,77
24-09-2025,NYSE:GFI,Gold Fields Limited American Depositary Shares,37389,3846532,3.35,40.27,-3.64,5.69,8.22,19.72,40.38,48.72,66.28,62.38,0,0,0,0,0,-1,-1,1,-1,-1,-4.8,-4.8,-4.8,76.08,101.96,206,15.32,30.66,30.82,52.57,43.09,1.396867,96,19.72,25.73,13.99,34.24,-11.56,15.32,20.17,4.93,39.34,-18.02,1.070145,85
24-09-2025,NASDAQ:OPRX,OptimizeRx Corporation - Common Stock,342,362067,6.03,18.41,-3.41,3.42,4.62,7.66,28.30,48.56,74.20,57.20,0,0,0,HV2Y,HV2Y,-1,-1,-1,6,-1,-3.56,-3.56,-3.56,47.52,147.45,381.31,3.26,18.58,30.66,60.49,37.91,1.396256,96,7.66,22.35,28.26,49.84,-65.89,3.26,16.79,19.2,54.94,-72.35,1.029557,70
24-09-2025,NASDAQ:RZLT,"Rezolute, Inc. - Common Stock (NV)",800,1291434,6.35,8.81,3.40,12.49,8.06,20.54,50.85,67.20,51.99,42.34,0,0,0,HV2Y,0,-1,-1,-1,-1,-1,0,0,0,104.41,256.68,256.68,16.14,41.13,49.3,38.28,23.05,1.393021,95,20.54,38.14,33.26,-46.37,-20.09,16.14,32.58,24.2,-41.27,-26.55,1.175371,96
24-09-2025,NASDAQ:WDC,Western Digital Corporation - Common Stock,38054,9084751,3.21,109.69,-0.51,7.98,13.37,27.78,42.98,60.44,58.93,54.02,0,0,HVQ,0,0,-1,0,1,-1,-1,-2.42,-2.42,-2.42,75.36,259.17,259.17,23.38,33.26,42.54,45.22,34.73,1.392028,95,27.78,21.04,30.63,-3.83,-11.96,23.38,15.48,21.57,1.27,-18.42,1.115627,92
24-09-2025,AMEX:UEC,Uranium Energy Corp. Common Stock,6079,17104944,7.65,13.68,-1.23,10.53,7.89,23.98,50.66,61.11,45.47,59.50,0,0,0,HV2Y,HV2Y,-1,-1,-1,-1,-1,-1.23,-1.23,-1.23,131.08,242,242,19.58,40.94,43.21,31.76,40.21,1.390882,95,23.98,35.10,21.19,-40.23,25.74,19.58,29.54,12.13,-35.13,19.28,1.15254,95
24-09-2025,AMEX:EMX,EMX Royalty Corporation Common Shares (Canada),479,1104855,4.53,4.39,-2.66,6.61,7.52,24.15,42.82,54.90,61.96,58.54,0,HVQ,0,0,0,-1,-1,-1,-1,-1,-2.66,-2.66,-2.66,75.6,146.63,166.06,19.75,33.1,37,48.25,39.25,1.390816,95,24.15,24.62,21.12,15.66,-8.98,19.75,19.06,12.06,20.76,-15.44,1.096019,90
24-09-2025,NASDAQ:ADUR,Aduro Clean Technologies Inc. - Common Stock,410,232974,7.09,13.76,1.40,-1.24,5.89,20.78,22.53,61.41,59.30,66.64,0,0,0,HV2Y,HV2Y,-1,2,-1,-1,-1,-1.22,-1.22,-1.22,55.48,257.4,257.4,16.38,12.81,43.51,45.59,47.35,1.388375,95,20.78,2.20,50.19,-5.46,18.04,16.38,-3.36,41.13,-0.36,11.58,1.005517,50
24-09-2025,NASDAQ:RAPP,"Rapport Therapeutics, Inc. - Common Stock",1243,1711981,12.76,26.96,1.16,2.45,16.91,45.73,56.49,62.72,33.75,21.25,0,HV2Y,0,0,0,-1,-1,-1,-1,-1,-14.33,-14.33,-14.33,138.37,226,277.06,41.33,46.77,44.82,20.04,1.96,1.38274,95,45.73,19.82,14.32,-77.71,-18.87,41.33,14.26,5.26,-72.61,-25.33,1.322832,99
24-09-2025,NASDAQ:STX,Seagate Technology Holdings PLC - Ordinary Shares (Ireland),47641,4078373,3.44,223.7,-1.94,4.62,13.71,26.69,38.07,60.68,60.87,53.18,0,0,0,0,0,-1,0,1,-1,-1,-2.45,-2.45,-2.45,61.47,236.19,236.19,22.29,28.35,42.78,47.16,33.89,1.381761,95,26.69,15.52,36.51,0.48,-19.65,22.29,9.96,27.45,5.58,-26.11,1.092791,89
24-09-2025,NASDAQ:NVTS,Navitas Semiconductor Corporation - Common Stock,1462,18100650,6.39,6.86,-0.29,5.83,17.78,9.62,-2.33,67.78,59.04,67.49,0,0,2,HV2Y,HV2Y,-1,-1,-1,-1,-1,-23.61,-23.61,-23.61,23.83,327.41,327.41,5.22,-12.05,49.88,45.33,48.2,1.379652,95,9.62,-13.23,68.52,-27.15,20.64,5.22,-18.79,59.46,-22.05,14.18,0.948432,7
24-09-2025,NYSE:SBSW,D/B/A Sibanye-Stillwater Limited ADS,7448,9094396,3.65,10.19,-1.16,16.09,15.31,17.96,31.31,57.51,65.16,59.37,0,0,0,HV2Y,HV2Y,-1,-1,-1,-1,-1,-1.16,-1.16,-1.16,45.57,216.46,219.44,13.56,21.59,39.61,51.45,40.08,1.379292,95,17.96,16.27,38.14,18.01,-16.62,13.56,10.71,29.08,23.11,-23.08,1.036348,73
24-09-2025,NYSE:LDI,"loanDepot, Inc. Class A Common Stock",1079,18463036,13.69,3.26,-0.91,-39.88,-7.67,37.42,60.12,60.43,43.25,13.19,0,HV2Y,0,0,HV2Y,-1,-1,-1,-1,-1,-28.51,-28.51,-28.51,156.69,219.61,219.61,33.02,50.4,42.53,29.54,-6.1,1.37828,95,37.42,36.27,0.77,-43.41,-52.97,33.02,30.71,-8.29,-38.31,-59.43,1.325794,99
24-09-2025,NASDAQ:CTMX,"CytomX Therapeutics, Inc. - Common Stock",397,3044428,6.47,2.41,14.22,19.92,14.11,17.01,8.30,74.48,54.36,50.62,HVQ,0,0,HVY,HV2Y,-1,-1,-1,-1,-1,-7.31,-19.4,-19.4,36.93,458.52,458.52,12.61,-1.42,56.58,40.65,31.33,1.37682,95,17.01,-10.50,72.17,-78.83,-8.18,12.61,-16.06,63.11,-73.73,-14.64,1.037586,73
24-09-2025,NASDAQ:SOFI,"SoFi Technologies, Inc.  - Common Stock",33712,61066907,4.68,28.44,-2.23,4.57,10.27,8.05,43.46,52.39,47.15,71.69,0,0,0,0,0,-1,-1,-1,9,-1,-4.6,-4.6,-4.6,76.87,199.37,272.74,3.65,33.74,34.49,33.44,52.4,1.374944,95,8.05,38.51,15.80,-11.00,46.44,3.65,32.95,6.74,-5.9,39.98,1.05648,81
24-09-2025,NASDAQ:SEDG,"SolarEdge Technologies, Inc. - Common Stock",2225,4250538,7.61,37.47,4.29,8.97,21.48,14.63,49.05,53.86,65.01,45.64,0,0,0,HV2Y,HV2Y,-1,-1,-1,-1,-1,-2.86,-2.86,-2.86,96.28,223.58,258.05,10.23,39.33,35.96,51.3,26.35,1.37315,95,14.63,40.33,9.43,24.18,-55.38,10.23,34.77,0.37,29.28,-61.84,1.14144,94
24-09-2025,NASDAQ:LIF,"Life360, Inc. - Common Stock",7714,1179256,3.21,99.47,-2.00,-0.53,3.91,9.91,39.46,58.38,57.72,63.56,0,0,0,0,0,-1,-1,5,-1,-1,-3.53,-3.53,-3.53,65.18,214.58,214.58,5.51,29.74,40.48,44.01,44.27,1.371988,95,9.91,32.80,31.25,-1.59,13.81,5.51,27.24,22.19,3.51,7.35,1.047488,78
24-09-2025,NASDAQ:KRRO,"Korro Bio, Inc. - Common Stock",362,269903,13.19,38.53,8.75,21.15,7.84,47.91,69.01,47.11,-11.91,5.71,0,HVQ,HVQ,0,HV2Y,-1,-1,-1,0,-1,0,0,-51.86,222.7,256.76,256.76,43.51,59.29,29.21,-25.62,-13.58,1.370404,95,47.91,40.51,-70.69,-111.58,15.75,43.51,34.95,-79.75,-106.48,9.29,1.524387,99
24-09-2025,NASDAQ:VNET,"VNET Group, Inc. - American Depositary Shares",2515,8200134,7.52,10.37,10.91,5.01,23.53,24.40,42.14,18.23,65.09,67.02,0,0,0,HV2Y,HV2Y,-1,-1,-1,-1,-1,0,0,-29.36,75.47,118.78,216.16,20,32.42,0.33,51.38,47.73,1.37036,95,24.40,23.47,-41.33,57.31,5.52,20,17.91,-50.39,62.41,-0.94,1.101242,90
24-09-2025,NASDAQ:BLDP,"Ballard Power Systems, Inc. - Common Shares",899,6181971,6.58,2.99,2.40,15.72,35.45,32.78,53.18,57.19,49.83,44.15,0,0,0,0,HV2Y,-1,-1,-1,-1,-1,0,0,0,113.57,193.14,193.14,28.38,43.46,39.29,36.12,24.86,1.369942,95,32.78,30.35,8.57,-17.19,-11.33,28.38,24.79,-0.49,-12.09,-17.79,1.205794,97
24-09-2025,AMEX:NG,Novagold Resources Inc.,3125,3856503,4.48,7.68,-0.65,8.33,13.93,16.67,51.82,59.51,57.16,44.79,0,0,0,HV2Y,0,-1,-1,-1,-1,-1,-0.65,-0.65,-0.65,107.57,236.84,236.84,12.27,42.1,41.61,43.45,25.5,1.369604,95,16.67,42.19,15.95,-5.79,-28.88,12.27,36.63,6.89,-0.69,-35.34,1.159577,95
24-09-2025,NASDAQ:GALT,Galectin Therapeutics Inc. - Common Stock,304,363418,8.83,4.75,-1.25,3.37,-5.26,15.79,47.16,62.74,57.89,41.68,0,0,HV2Y,HV2Y,HV2Y,-1,-1,-1,-1,-1,-20.03,-20.03,-20.03,127.27,289.34,465.07,11.39,37.44,44.84,44.18,22.39,1.36081,95,15.79,37.25,29.48,-12.99,-38.50,11.39,31.69,20.42,-7.89,-44.96,1.137035,94
24-09-2025,NASDAQ:STOK,"Stoke Therapeutics, Inc. - Common Stock",1252,945519,5.44,22.85,0.97,0.48,0.83,17.42,48.32,66.13,50.55,39.82,0,HVY,HVQ,0,HV2Y,-1,-1,9,-1,-1,-4.31,-4.31,-4.31,101.32,287.29,287.29,13.02,38.6,48.23,36.84,20.53,1.357889,95,17.42,37.41,34.46,-45.99,-21.68,13.02,31.85,25.4,-40.89,-28.14,1.156945,95
24-09-2025,NYSE:TPC,Tutor Perini Corporation Common Stock,3417,560781,3.23,64.78,-2.65,1.79,3.58,9.66,31.95,60.37,60.90,59.56,0,0,HV2Y,0,0,-1,-1,-1,1,-1,-3.04,-3.04,-3.04,46.96,230.01,230.01,5.26,22.23,42.47,47.19,40.27,1.35695,95,9.66,24.68,41.76,1.32,-3.43,5.26,19.12,32.7,6.42,-9.89,1.025754,67
24-09-2025,AMEX:TMQ,Trilogy Metals Inc. Common Stock,348,556929,6.76,2.12,1.92,0.47,4.72,25.00,33.96,13.68,49.06,76.75,0,0,0,2,HV2Y,-1,-1,-1,-1,-1,-1.4,-1.4,-1.4,58.21,81.2,341.67,20.6,24.24,-4.22,35.35,57.46,1.356477,95,25.00,11.95,-30.71,40.98,54.35,20.6,6.39,-39.77,46.08,47.89,1.044805,77
24-09-2025,NASDAQ:TTMI,"TTM Technologies, Inc. - Common Stock",5594,2302019,4.79,54.15,-4.23,9.46,8.72,18.58,27.61,57.73,54.33,66.46,0,0,0,0,0,-1,-1,-1,-1,-1,-4.23,-4.23,-4.23,38.14,208.2,208.2,14.18,17.89,39.83,40.62,47.17,1.353512,95,18.58,11.09,41.61,-8.04,26.57,14.18,5.53,32.55,-2.94,20.11,1.015813,60
24-09-2025,NYSE:BKSY,BlackSky Technology Inc. Class A Common Stock,744,1838316,7.13,20.97,-4.81,8.63,26.23,16.40,17.60,54.60,49.93,72.82,0,0,HV2Y,HV2Y,HV2Y,-1,-1,-1,-1,-1,-25.87,-25.87,-25.87,35.55,216.29,416.5,12,7.88,36.7,36.22,53.53,1.349972,95,16.40,1.43,44.91,-10.29,45.71,12,-4.13,35.85,-5.19,39.25,0.976002,20
24-09-2025,NASDAQ:WBTN,WEBTOON Entertainment Inc. - Common stock,2615,1315818,6.48,20.02,-3.29,-4.90,29.92,27.47,57.49,56.04,37.96,45.60,0,HV2Y,HV2Y,0,0,32.09,-1,-1,-1,-1,-6.05,-6.05,-6.05,135.25,185.19,185.19,23.07,47.77,38.14,24.25,26.31,1.349754,95,27.47,41.39,-3.41,-41.14,12.32,23.07,35.83,-12.47,-36.04,5.86,1.232703,97
24-09-2025,NASDAQ:WBD,"Warner Bros. Discovery, Inc. - Series A Common Stock",49070,87504488,6.59,19.82,1.33,9.23,36.73,39.25,45.16,44.60,47.07,58.43,HV2Y,0,0,0,0,8.41,-1,-1,-1,-1,0,0,0,83.86,157.74,170.4,34.85,35.44,26.7,33.36,39.14,1.34318,95,39.25,9.72,-1.01,4.46,21.45,34.85,4.16,-10.07,9.56,14.99,1.152019,95
24-09-2025,NASDAQ:CURI,CuriosityStream Inc.  - Class A Common Stock,302,627649,5.5,5.21,1.96,10.94,14.40,15.36,-6.14,39.92,71.02,64.88,0,0,0,HVY,0,-1,-1,-1,-1,-1,-7.46,-24.16,-24.16,29.28,119.83,245.03,10.96,-15.86,22.02,57.31,45.59,1.333045,95,15.36,-25.40,43.40,51.76,-21.19,10.96,-30.96,34.34,56.86,-27.65,0.937843,5
24-09-2025,NYSE:AU,AngloGold Ashanti PLC Ordinary Shares,34955,3524495,3.21,66.6,-4.06,3.12,3.00,18.24,30.26,46.52,65.08,57.91,0,0,0,0,0,-1,-1,-1,6,-1,-4.06,-4.06,-4.06,51.78,100.84,190.96,13.84,20.54,28.62,51.37,38.62,1.331121,95,18.24,14.69,23.32,34.70,-20.51,13.84,9.13,14.26,39.8,-26.97,1.035439,73
24-09-2025,NASDAQ:GRAL,"GRAIL, Inc. - Common Stock",1679,786658,5.99,46.58,-0.85,17.73,23.96,29.32,0.87,33.02,63.20,70.05,0,0,0,0,0,-1,-1,-1,-1,-1,-9.41,-9.41,-15.34,48.25,117.77,270.56,24.92,-8.85,15.12,49.49,50.76,1.328629,95,29.32,-40.24,32.43,45.06,18.61,24.92,-45.8,23.37,50.16,12.15,0.96069,11
24-09-2025,NASDAQ:ARWR,"Arrowhead Pharmaceuticals, Inc. - Common Stock",4539,2988608,5.62,32.83,1.02,11.27,12.00,36.92,52.30,55.13,40.60,36.64,0,0,0,0,HV2Y,-1,-1,2,-1,-1,0,0,0,123.18,228.63,228.63,32.52,42.58,37.23,26.89,17.35,1.32781,94,36.92,24.38,5.94,-32.38,-6.67,32.52,18.82,-3.12,-27.28,-13.13,1.224981,97
24-09-2025,NASDAQ:SOUN,"SoundHound AI, Inc. - Class A Common Stock",7249,78239909,8.07,17.78,-1.50,14.96,20.98,31.89,46.18,42.63,-6.05,72.05,0,0,HVQ,0,2,-1,-1,-1,-1,-1,-1.5,-1.5,-26.62,85.79,147.63,289.91,27.49,36.46,24.73,-19.76,52.76,1.32612,94,31.89,20.97,-6.58,-84.85,73.64,27.49,15.41,-15.64,-79.75,67.18,1.17769,96
24-09-2025,NASDAQ:STRL,"Sterling Infrastructure, Inc. - Common Stock",10466,543283,4.73,344.05,-7.47,6.72,12.47,16.73,34.71,61.84,49.22,56.94,0,0,0,0,0,-1,2,-1,14,-1,-7.47,-7.47,-7.47,54.6,227.79,227.79,12.33,24.99,43.94,35.51,37.65,1.324448,94,16.73,21.59,41.56,-33.08,15.20,12.33,16.03,32.5,-27.98,8.74,1.061165,82
24-09-2025,AMEX:NGD,New Gold Inc.,5407,17338799,3.56,6.83,-1.59,5.42,4.98,19.03,29.28,50.66,63.69,54.47,0,0,0,HV2Y,0,-1,-1,-1,-1,-1,-1.59,-1.59,-1.59,65.38,129.19,176.52,14.63,19.56,32.76,49.98,35.18,1.321506,94,19.03,12.66,30.23,26.41,-25.40,14.63,7.1,21.17,31.51,-31.86,1.039302,74
24-09-2025,AMEX:NEWP,New Pacific Metals Corp. Common Shares,441,576083,6.63,2.56,-3.40,8.59,17.58,33.40,46.88,50.39,50.20,45.70,0,HVQ,0,HV2Y,0,-1,2,-1,-1,-1,-3.76,-3.76,-3.76,93.94,172.31,172.31,29,37.16,32.49,36.49,26.41,1.320572,94,33.40,20.23,6.62,-0.39,-9.02,29,14.67,-2.44,4.71,-15.48,1.161623,95
24-09-2025,NYSE:SMR,NuScale Power Corporation Class A Common Stock,11301,18386667,8.89,39.67,-4.73,8.92,13.51,9.50,2.55,52.84,52.08,73.03,HV2Y,0,0,HV2Y,HV2Y,-1,-1,-1,-1,-1,-23.22,-23.22,-23.22,21.5,214.84,270.75,5.1,-7.17,34.94,38.37,53.74,1.320011,94,9.50,-7.69,51.60,-1.60,43.71,5.1,-13.25,42.54,3.5,37.25,0.929714,4
24-09-2025,NASDAQ:EYE,"National Vision Holdings, Inc. - Common Stock",2248,2259599,4.01,28.38,3.84,12.44,20.30,15.68,18.78,52.57,60.99,62.72,0,0,0,HV2Y,0,-1,-1,-1,-1,-1,0,0,0,29.35,160.85,193.18,11.28,9.06,34.67,47.28,43.43,1.319613,94,15.68,3.68,41.61,17.76,4.43,11.28,-1.88,32.55,22.86,-2.03,0.98613,28
24-09-2025,NYSE:PARR,"Par Pacific Holdings, Inc.  Common Stock",1896,1633541,4.92,37.32,0.19,5.49,10.85,12.92,27.81,62.78,59.43,48.15,0,0,0,0,0,-1,-1,-1,-1,-1,0,0,0,40.67,205.15,205.15,8.52,18.09,44.88,45.72,28.86,1.319606,94,12.92,17.11,48.44,-9.00,-27.81,8.52,11.55,39.38,-3.9,-34.27,1.041681,75
24-09-2025,NYSE:KGC,Kinross Gold Corporation Common Stock,28410,17607867,2.75,23.31,-4.78,3.65,1.59,15.40,34.32,47.23,61.09,58.99,0,0,0,0,0,-1,-1,3,-1,-1,-4.78,-4.78,-4.78,56.76,97.71,158.14,11,24.6,29.33,47.38,39.7,1.319145,94,15.40,22.36,19.66,26.26,-5.40,11,16.8,10.6,31.36,-11.86,1.040592,75
24-09-2025,NASDAQ:RIOT,"Riot Platforms, Inc. - Common Stock",6650,42787022,6.84,17.99,5.39,2.06,8.84,26.18,44.41,52.70,37.80,60.03,0,0,0,0,HV2Y,-1,-1,-1,-1,-1,0,0,0,79.9,186.01,186.01,21.78,34.69,34.8,24.09,40.74,1.315283,94,26.18,24.70,14.90,-31.49,35.75,21.78,19.14,5.84,-26.39,29.29,1.119702,93
24-09-2025,NASDAQ:WLDN,"Willdan Group, Inc. - Common Stock",1416,426087,5.17,96.54,-1.52,-5.72,-4.73,-20.14,38.04,56.77,60.11,58.30,0,0,HV2Y,HV2Y,HV2Y,-1,-1,-1,-1,-1,-19.78,-19.78,-19.78,61.38,161.63,212.63,-24.54,28.32,38.87,46.4,39.01,1.31518,94,-20.14,48.42,30.24,7.72,-4.54,-24.54,42.86,21.18,12.82,-11,1.014902,59
24-09-2025,NASDAQ:REAL,"The RealReal, Inc. - Common Stock",1163,4323348,5.7,10.09,-4.18,-3.57,11.99,27.95,51.73,37.76,12.54,67.89,0,0,0,0,0,-1,-1,-1,-1,-1,-7.35,-7.35,-9.75,110.65,110.65,247.93,23.55,42.01,19.86,-1.17,48.6,1.314491,94,27.95,33.01,-28.95,-40.53,63.29,23.55,27.45,-38.01,-35.43,56.83,1.182895,96
24-09-2025,NYSE:SGHC,Super Group (SGHC) Limited Ordinary Shares,6504,4125581,5.7,12.97,-1.14,0.77,-0.15,8.25,21.82,46.34,50.73,72.09,0,0,0,0,0,-1,-1,-1,-1,-1,-1.37,-1.37,-1.37,27.91,116.53,273.78,3.85,12.1,28.44,37.02,52.8,1.313404,94,8.25,14.79,31.36,8.19,43.35,3.85,9.23,22.3,13.29,36.89,0.968442,15
24-09-2025,NASDAQ:PHLT,"Performant Healthcare, Inc. - Common Stock",620,1034233,0.34,7.71,0.26,0.39,0.78,1.56,50.06,62.65,59.40,NA,0,0,0,0,0,-1,-1,-1,-1,-1,0,0,0,123.48,242.67,242.67,-2.84,40.34,44.75,45.69,0,1.310209,94,1.56,49.28,25.19,-8.68,NA,-2.84,43.72,16.13,-3.58,0,1.026651,68
24-09-2025,NYSE:CIEN,Ciena Corporation Common Stock,19525,3382725,3.83,138.42,-0.76,1.47,6.18,34.45,42.62,49.85,38.02,57.57,0,0,0,0,0,-1,-1,-1,12,-1,-0.76,-0.76,-0.76,78.03,158.73,158.73,30.05,32.9,31.95,24.31,38.28,1.309135,94,34.45,12.46,12.60,-23.58,31.54,30.05,6.9,3.54,-18.48,25.08,1.132115,93
24-09-2025,NASDAQ:FULC,"Fulcrum Therapeutics, Inc. - Common Stock",446,440266,5.99,8.25,12.24,11.27,15.27,22.30,13.21,62.30,51.15,59.27,0,0,0,0,0,-1,-1,-1,-1,-1,0,0,0,30.13,228.69,228.69,17.9,3.49,44.4,37.44,39.98,1.308547,94,22.30,-11.70,56.56,-29.58,16.63,17.9,-17.26,47.5,-24.48,10.17,1.007837,52
24-09-2025,NYSE:RDDT,"Reddit, Inc. Class A Common Stock",44111,5810021,5.75,235.69,-0.74,-13.06,-9.90,6.77,39.89,46.78,30.54,71.92,0,0,0,0,0,-1,-1,-1,8,-1,-12.94,-12.94,-12.94,66.35,171.19,262.6,2.37,30.17,28.88,16.83,52.63,1.307839,94,6.77,35.52,11.47,-30.53,59.58,2.37,29.96,2.41,-25.43,53.12,1.052526,79
24-09-2025,NASDAQ:UROY,Uranium Royalty Corp. - Common Stock,559,3120958,6.38,4.18,-6.70,14.83,21.53,29.19,42.82,55.26,49.52,44.26,0,0,HV2Y,HV2Y,HV2Y,-1,-1,-1,-1,-1,-8.53,-8.53,-8.53,81.74,184.35,184.35,24.79,33.1,37.36,35.81,24.97,1.306974,94,29.19,19.26,21.76,-12.83,-10.43,24.79,13.7,12.7,-7.73,-16.89,1.132793,94
24-09-2025,NASDAQ:VRNA,Verona Pharma plc - American Depositary Shares,9137,1367435,0.19,106.39,0.13,0.09,0.02,0.72,10.60,37.79,61.26,71.81,0,0,HV2Y,0,HV2Y,-1,-1,-1,4,-1,-0.04,-0.04,-0.04,22.48,97.38,284.91,-3.68,0.88,19.89,47.55,52.52,1.306679,94,0.72,9.95,30.42,37.72,27.24,-3.68,4.39,21.36,42.82,20.78,0.925589,4
24-09-2025,NYSE:FUBO,fuboTV Inc. Common Stock,1421,14244018,6.48,4.15,-6.74,-1.45,5.30,16.39,18.55,20.24,68.19,64.34,0,0,0,HV2Y,HV2Y,-1,-1,-1,-1,-1,-8.99,-8.99,-23.99,25.38,71.49,232,11.99,8.83,2.34,54.48,45.05,1.306467,94,16.39,2.59,2.07,60.12,-12.12,11.99,-2.97,-6.99,65.22,-18.58,0.996771,41
24-09-2025,NYSE:RBLX,Roblox Corporation Class A Common Stock,92292,7272782,3.83,133.13,0.69,-1.69,0.22,6.25,22.75,53.42,55.75,65.42,0,0,0,0,0,-1,-1,-1,15,-1,-3.38,-3.38,-3.38,32.27,159.92,233.99,1.85,13.03,35.52,42.04,46.13,1.306081,94,6.25,17.60,39.70,5.00,21.86,1.85,12.04,30.64,10.1,15.4,0.978958,22
24-09-2025,NASDAQ:LITE,Lumentum Holdings Inc. - Common Stock,10677,4278061,4.64,152.75,-6.85,-6.93,-7.94,19.20,39.92,53.47,45.30,59.84,0,0,0,0,0,-1,-1,-1,2,-1,-10.93,-10.93,-10.93,68.9,208.21,208.21,14.8,30.2,35.57,31.59,40.55,1.305945,94,19.20,25.64,22.56,-17.57,26.58,14.8,20.08,13.5,-12.47,20.12,1.076725,86
24-09-2025,NYSE:IAG,Iamgold Corporation Ordinary Shares,6729,14117956,4.11,11.7,-2.58,5.73,6.75,24.53,37.44,48.38,56.50,53.16,0,0,0,HV2Y,0,-1,3,-1,-1,-1,-2.58,-2.58,-2.58,73.59,107.82,157.71,20.13,27.72,30.48,42.79,33.87,1.304691,94,24.53,17.10,17.49,15.73,-7.66,20.13,11.54,8.43,20.83,-14.12,1.080321,87
24-09-2025,NASDAQ:OCGN,"Ocugen, Inc. - Common Stock",512,4619974,6.36,1.64,-1.20,19.51,36.59,36.59,36.59,56.42,53.18,32.32,2,0,0,0,HV2Y,5.51,-1,-1,-1,-1,-1.2,-1.2,-1.2,77.47,181.4,217.64,32.19,26.87,38.52,39.47,13.03,1.301441,94,36.59,0.00,31.28,-7.44,-44.55,32.19,-5.56,22.22,-2.34,-51.01,1.144304,94
24-09-2025,NASDAQ:SYM,Symbotic Inc. - Class A Common Stock,31308,1897478,5.87,53.02,-2.21,7.24,7.79,13.73,34.16,55.90,56.54,52.53,0,0,0,0,HV2Y,-1,-1,-1,-1,-1,-16.12,-16.12,-16.12,51.88,202.97,202.97,9.33,24.44,38,42.83,33.24,1.301266,94,13.73,23.68,33.03,1.45,-9.24,9.33,18.12,23.97,6.55,-15.7,1.050047,78
24-09-2025,NASDAQ:MAZE,"Maze Therapeutics, Inc. - Common Stock",1148,874219,10.28,26.18,5.23,10.24,38.81,49.16,56.42,55.58,NA,NA,0,0,0,0,0,31.71,3,-1,-1,-1,0,0,0,129.45,245.84,245.84,44.76,46.7,37.68,0,0,1.300926,94,49.16,14.27,-1.93,NA,NA,44.76,8.71,-10.99,0,0,1.183948,96
24-09-2025,AMEX:ARMN,Aris Mining Corporation Common Shares,1894,2478018,4.55,9.36,-0.64,-1.82,-2.67,21.58,26.39,50.11,64.64,46.26,0,0,0,0,0,-1,-1,-1,-1,-1,-6.31,-6.31,-6.31,42.68,120.24,182.78,17.18,16.67,32.21,50.93,26.97,1.300397,94,21.58,6.13,32.22,29.12,-51.96,17.18,0.57,23.16,34.22,-58.42,1.053022,79
24-09-2025,NASDAQ:CRNC,Cerence Inc. - Common Stock,505,1881997,7.01,11.66,-2.43,-0.69,20.24,9.86,19.21,15.44,34.99,79.07,0,HVQ,HVQ,HV2Y,HV2Y,-1,-1,-1,-1,-1,-13.76,-13.76,-42.22,43.24,69.48,377.87,5.46,9.49,-2.46,21.28,59.78,1.298802,94,9.86,10.37,-4.67,23.12,67.81,5.46,4.81,-13.73,28.22,61.35,0.96586,13
24-09-2025,NASDAQ:INDV,Indivior PLC - Ordinary Shares,2851,2391858,3.05,22.85,-1.47,-0.53,-6.74,-5.08,39.91,58.07,49.50,58.51,0,0,HV2Y,0,0,-1,-1,-1,10,-1,-8.53,-8.53,-8.53,66.91,159.36,206.3,-9.48,30.19,40.17,35.79,39.22,1.298663,94,-5.08,42.82,30.23,-20.46,17.85,-9.48,37.26,21.17,-15.36,11.39,1.043671,76
24-09-2025,NYSE:HL,Hecla Mining Company Common Stock,7336,34084576,4.93,10.95,-1.97,-0.73,-0.18,28.22,46.76,46.76,54.79,38.17,0,0,HV2Y,HV2Y,HV2Y,-1,-1,-1,-1,-1,-6.89,-6.89,-6.89,95.89,141.19,141.19,23.82,37.04,28.86,41.08,18.88,1.297172,94,28.22,25.83,0.00,15.09,-36.77,23.82,20.27,-9.06,20.19,-43.23,1.160625,95
24-09-2025,NASDAQ:RMBS,"Rambus, Inc. - Common Stock",10838,2764304,6.36,100.73,-1.84,3.19,23.45,27.23,38.55,41.49,46.77,61.70,HVQ,0,HVQ,0,0,-1,-1,-1,-1,-1,-6.19,-6.19,-6.19,62.73,134.83,162.73,22.83,28.83,23.59,33.06,42.41,1.294179,93,27.23,15.55,4.78,9.03,28.05,22.83,9.99,-4.28,14.13,21.59,1.080285,87
24-09-2025,NASDAQ:HIVE,HIVE Digital Technologies Ltd - Common Shares,938,34204950,8.16,4.05,8.58,4.20,22.96,34.81,56.05,55.31,22.47,23.21,0,0,HV2Y,HV2Y,HV2Y,-1,-1,-1,-1,-1,0,0,-22.86,127.53,209.16,209.16,30.41,46.33,37.41,8.76,3.92,1.291898,93,34.81,32.58,-1.69,-73.48,0.96,30.41,27.02,-10.75,-68.38,-5.5,1.27729,98
24-09-2025,NASDAQ:GILT,Gilat Satellite Networks Ltd. - Ordinary Shares,754,956918,3.84,11.73,-2.41,5.03,9.89,20.80,40.75,42.80,50.13,59.51,0,0,HV2Y,0,0,-1,1,-1,-1,-1,-2.41,-2.41,-2.41,69.26,114.44,146.95,16.4,31.03,24.9,36.42,40.22,1.29184,93,20.80,25.19,3.45,12.82,18.80,16.4,19.63,-5.61,17.92,12.34,1.078695,87
24-09-2025,NASDAQ:APPS,"Digital Turbine, Inc. - Common Stock",579,3184633,6.49,5.49,0.55,2.73,16.76,22.95,-0.36,33.52,72.68,47.18,0,0,0,HV2Y,HV2Y,-1,-1,-1,-1,-1,-8.96,-27.19,-27.19,42.23,149.55,353.72,18.55,-10.08,15.62,58.97,27.89,1.290157,93,22.95,-30.26,33.76,58.90,-93.33,18.55,-35.82,24.7,64,-99.79,1.014633,59
24-09-2025,NASDAQ:VSTM,"Verastem, Inc. - Common Stock",530,2297506,6.94,8.61,-6.31,-9.64,-14.75,-4.30,50.06,23.69,48.43,66.55,0,0,0,2,HV2Y,-1,-1,-1,-1,-1,-20.06,-20.06,-20.06,107.47,107.47,229.89,-8.7,40.34,5.79,34.72,47.26,1.288367,93,-4.30,52.12,-52.79,32.42,35.14,-8.7,46.56,-61.85,37.52,28.68,1.099617,90
24-09-2025,NASDAQ:LXRX,"Lexicon Pharmaceuticals, Inc. - Common Stock",483,2128631,6.19,1.33,9.92,18.05,18.80,15.04,32.44,73.15,45.59,-27.07,0,0,0,HV2Y,HV2Y,-1,-1,-1,-1,-1,-1.48,-1.48,-36.06,62.02,304.26,354.55,10.64,22.72,55.25,31.88,-46.36,1.287608,93,15.04,20.49,60.26,-102.63,-133.55,10.64,14.93,51.2,-97.53,-140.01,1.20624,97
24-09-2025,NASDAQ:ETON,"Eton Pharmaceuticals, Inc. - Common Stock",534,262004,4.24,19.93,0.50,11.29,12.59,14.25,32.26,31.06,38.38,72.80,0,0,0,0,HV2Y,-1,-1,-1,5,-1,0,-1.58,-1.58,47.63,73.76,267.71,9.85,22.54,13.16,24.67,53.51,1.284924,93,14.25,21.01,-1.78,10.63,55.86,9.85,15.45,-10.84,15.73,49.4,1.019547,63
24-09-2025,NYSE:U,Unity Software Inc. Common Stock,18781,10544121,4.61,44.45,-0.16,-2.52,3.04,10.39,45.67,48.50,49.92,53.18,0,0,0,HV2Y,HV2Y,-1,-1,-1,3,-1,-4.47,-4.47,-4.47,89.96,165.37,165.37,5.99,35.95,30.6,36.21,33.89,1.284353,93,10.39,39.37,5.22,2.75,6.51,5.99,33.81,-3.84,7.85,0.05,1.095758,89
24-09-2025,AMEX:MTA,Metalla Royalty & Streaming Ltd. Common Shares,552,959109,5.29,5.97,-0.50,7.54,7.54,24.46,35.01,49.58,57.12,45.23,0,0,0,0,0,-1,-1,-1,-1,-1,-0.5,-0.5,-0.5,57.94,134.12,137.85,20.06,25.29,31.68,43.41,25.94,1.282402,93,24.46,13.97,22.42,14.95,-27.73,20.06,8.41,13.36,20.05,-34.19,1.084071,88
24-09-2025,NASDAQ:DNTH,"Dianthus Therapeutics, Inc. - Common Stock",1481,1084102,8.28,37.19,-1.80,-4.54,-1.91,37.05,50.69,50.82,38.05,24.71,0,HV2Y,0,0,0,-1,-1,9,-1,-1,-4.35,-4.35,-4.35,110.95,150.27,150.27,32.65,40.97,32.92,24.34,5.42,1.281004,93,37.05,21.66,0.27,-25.97,-21.53,32.65,16.1,-8.79,-20.87,-27.99,1.227298,97
24-09-2025,NASDAQ:EVLV,"Evolv Technologies Holdings, Inc. - Class A Common Stock",1418,4219810,5.21,8.25,-4.07,1.15,3.45,-2.48,26.18,62.55,57.82,45.82,0,0,0,2,HV2Y,-1,-1,-1,-1,-1,-5.82,-5.82,-5.82,48.92,189.47,283.72,-6.88,16.46,44.65,44.11,26.53,1.280958,93,-2.48,27.97,49.26,-12.62,-28.45,-6.88,22.41,40.2,-7.52,-34.91,1.019459,63
24-09-2025,NASDAQ:XERS,"Xeris Biopharma Holdings, Inc. - Common Stock",1292,2012811,3.77,8,1.14,4.13,2.38,2.88,41.13,26.63,57.38,63.38,0,0,HV2Y,HV2Y,HV2Y,-1,-1,-1,-1,-1,-3.61,-3.61,-3.61,71.67,102.53,189.86,-1.52,31.41,8.73,43.67,44.09,1.280531,93,2.88,39.38,-24.63,41.91,14.08,-1.52,33.82,-33.69,47.01,7.62,1.053841,80
24-09-2025,NASDAQ:XMTR,"Xometry, Inc. - Class A Common Stock",2751,790832,5.33,54.13,-0.15,4.56,10.75,11.58,39.48,50.47,32.38,65.08,0,0,HV2Y,0,2,-1,-1,-1,4,-1,-1.64,-1.64,-1.64,74.78,179.89,215.26,7.18,29.76,32.57,18.67,45.79,1.2791,93,11.58,31.55,18.16,-36.52,48.36,7.18,25.99,9.1,-31.42,41.9,1.066075,84
24-09-2025,NASDAQ:ETNB,"89bio, Inc. - Common Stock",2180,8168282,4.17,14.7,-0.27,45.03,42.04,38.10,33.61,45.51,52.18,44.29,HV2Y,0,0,HV2Y,HV2Y,85.33,-1,-1,-1,-1,-1.74,-1.74,-1.74,84.44,204.35,204.35,33.7,23.89,27.61,38.47,25,1.278692,93,38.10,-7.25,17.93,12.23,-16.50,33.7,-12.81,8.87,17.33,-22.96,1.114019,92
24-09-2025,NYSE:REZI,"Resideo Technologies, Inc. Common Stock",6028,2214987,3.14,40.52,-2.97,2.20,10.66,15.08,45.98,54.42,39.81,50.44,0,0,HVQ,0,0,-1,1,2,-1,-1,-3.82,-3.82,-3.82,85.11,175.83,175.83,10.68,36.26,36.52,26.1,31.15,1.277662,93,15.08,36.38,15.62,-32.05,17.67,10.68,30.82,6.56,-26.95,11.21,1.11751,92
24-09-2025,NASDAQ:ALLT,Allot Ltd. - Ordinary Shares,442,538640,4.93,10.27,0.98,8.37,15.00,24.15,6.43,33.50,53.85,69.72,0,0,0,0,HV2Y,-1,4,-1,-1,-1,-0.87,-0.87,-0.87,42.64,118.05,268.1,19.75,-3.29,15.6,40.14,50.43,1.277616,93,24.15,-23.36,28.93,30.60,34.39,19.75,-28.92,19.87,35.7,27.93,0.960028,10
24-09-2025,NYSE:AGX,"Argan, Inc. Common Stock",3599,450948,5.23,266.64,-0.63,10.66,18.46,16.68,19.51,51.53,48.05,64.35,0,0,0,HV2Y,HV2Y,-1,-1,-1,-1,-1,-0.63,-0.63,-0.63,31.65,131.4,180.53,12.28,9.79,33.63,34.34,45.06,1.275245,93,16.68,3.39,39.78,-7.16,31.38,12.28,-2.17,30.72,-2.06,24.92,0.992419,36
24-09-2025,NYSE:HIMS,"Hims & Hers Health, Inc. Class A Common Stock",12036,28308447,6.5,53.25,-4.91,5.45,10.27,19.27,22.23,30.44,50.50,69.39,0,0,0,HV2Y,HV2Y,-1,-1,-1,-1,-1,-19.54,-19.54,-22.53,28.59,110.06,226.69,14.87,12.51,12.54,36.79,50.1,1.27382,93,19.27,3.68,10.55,28.83,38.16,14.87,-1.88,1.49,33.93,31.7,0.991668,35
24-09-2025,NASDAQ:COOP,Mr. Cooper Group Inc. - Common Stock,13610,911212,4.67,212.68,-0.62,-3.86,-2.50,9.25,29.45,49.39,55.93,57.34,0,0,0,HV2Y,0,-1,-1,-1,5,-1,-3.72,-3.72,-3.72,48.43,103.54,143.42,4.85,19.73,31.49,42.22,38.05,1.272935,93,9.25,22.25,28.27,12.91,3.21,4.85,16.69,19.21,18.01,-3.25,1.015398,60
24-09-2025,NASDAQ:ACMR,"ACM Research, Inc. - Class A Common Stock",2483,1921170,4.6,38.99,6.30,20.65,28.42,21.70,32.87,28.85,61.12,55.18,2,HVQ,0,0,0,-1,-1,-1,-1,-1,0,0,0,63,112.71,176.52,17.3,23.15,10.95,47.41,35.89,1.27201,93,21.70,14.26,-5.98,45.35,-15.27,17.3,8.7,-15.04,50.45,-21.73,1.061262,82
24-09-2025,NASDAQ:EDIT,"Editas Medicine, Inc. - Common Stock",303,1988444,8.33,3.37,11.96,19.29,24.04,19.29,35.01,61.42,60.24,-11.87,0,0,0,HV2Y,HV2Y,-1,-1,-1,-1,-1,-2.6,-2.6,-10.61,58.96,243.84,243.84,14.89,25.29,43.52,46.53,-31.16,1.271959,93,19.29,19.49,40.64,-3.08,-181.34,14.89,13.93,31.58,2.02,-187.8,1.187409,96
24-09-2025,NASDAQ:ADPT,Adaptive Biotechnologies Corporation - Common Stock,1952,1912444,5.01,13.93,-0.07,7.32,9.48,6.68,23.55,37.83,57.14,65.69,0,0,0,HV2Y,HV2Y,-1,-1,-1,-1,-1,-0.07,-0.07,-0.07,36.04,103.95,248.25,2.28,13.83,19.93,43.43,46.4,1.271747,93,6.68,18.08,18.69,31.06,19.93,2.28,12.52,9.63,36.16,13.47,0.978288,21
24-09-2025,NASDAQ:SNDK,Sandisk Corporation - Common Stock,14556,6374190,5.89,99.83,-6.17,5.87,25.95,53.14,52.67,47.71,NA,NA,0,0,0,0,0,-1,1,0,-1,-1,-6.17,-6.17,-6.17,145.34,237.04,237.04,48.74,42.95,29.81,0,0,1.271534,93,53.14,-1.00,-10.48,NA,NA,48.74,-6.56,-19.54,0,0,1.189544,96
24-09-2025,NASDAQ:DGNX,Diginex Limited - Ordinary Shares,3181,513094,17.22,15.75,3.62,33.59,32.89,53.91,59.85,23.02,NA,NA,0,0,0,0,0,-1,-1,-1,-1,-1,-11.27,-11.27,-11.27,185.71,197.66,1580,49.51,50.13,5.12,0,0,1.269691,93,53.91,12.88,-91.72,NA,NA,49.51,7.32,-100.78,0,0,1.311001,98
24-09-2025,NASDAQ:ZBIO,"Zenas BioPharma, Inc. - Common Stock",854,271734,8.76,20.28,6.96,5.99,2.42,18.34,49.75,55.08,51.87,6.31,0,0,0,0,0,-1,-1,-1,-1,-1,-7.61,-7.61,-21.03,121.88,199.56,215.4,13.94,40.03,37.18,38.16,-12.98,1.269488,93,18.34,38.47,10.60,-7.14,-94.67,13.94,32.91,1.54,-2.04,-101.13,1.206662,97
24-09-2025,NASDAQ:TLN,Talen Energy Corporation - Common Stock,19048,1118441,3.14,416.94,-1.46,2.12,3.43,14.73,30.93,47.78,53.01,55.85,0,0,0,0,HV2Y,-1,5,-1,10,-1,-2.97,-2.97,-2.97,57.93,139.07,161.91,10.33,21.21,29.88,39.3,36.56,1.262668,93,14.73,18.99,24.40,10.03,6.03,10.33,13.43,15.34,15.13,-0.43,1.031656,71
24-09-2025,NASDAQ:DOMO,"Domo, Inc. - Class B Common Stock",675,989656,5.31,16.38,-4.38,-4.70,4.82,15.51,22.53,46.21,56.35,57.14,0,HVQ,0,HV2Y,0,-1,-1,-1,-1,-1,-10,-10,-10,29.08,146.69,147.43,11.11,12.81,28.31,42.64,37.85,1.259137,93,15.51,8.31,30.58,18.84,1.82,11.11,2.75,21.52,23.94,-4.64,1.003734,48
24-09-2025,NYSE:BKKT,"Bakkt Holdings, Inc. Class A Common Stock",462,2695539,10.16,20,16.35,51.65,52.95,58.10,35.35,39.30,-33.30,48.55,HV2Y,0,0,0,HV2Y,36.97,-1,-1,-1,-1,-19.09,-19.09,-38.35,151.57,185.71,185.71,53.7,25.63,21.4,-47.01,29.26,1.258965,93,58.10,-54.30,6.11,-119.60,61.40,53.7,-59.86,-2.95,-114.5,54.94,1.280959,98
24-09-2025,NASDAQ:PSNYW,Polestar Automotive Holding UK Limited - Class C-1 ADS (ADW),2094,10572411,24.37,0.2885,-2.24,-6.83,-11.47,44.85,49.74,32.96,46.07,4.68,0,HV2Y,0,0,HV2Y,-1,-1,-1,-1,-1,-38.62,-38.62,-38.62,106.07,106.07,109.06,40.45,40.02,15.06,32.36,-14.61,1.258565,93,44.85,8.86,-33.38,19.54,-76.74,40.45,3.3,-42.44,24.64,-83.2,1.281053,98
24-09-2025,NASDAQ:INVZ,Innoviz Technologies Ltd. - Ordinary shares,351,7400176,8.32,1.75,-9.79,1.14,1.14,7.43,27.43,58.58,40.00,58.54,0,0,0,HV2Y,HV2Y,-1,-1,-1,-1,-1,-12.5,-12.5,-20.45,37.8,242.4,259.34,3.03,17.71,40.68,26.29,39.25,1.257082,92,7.43,21.60,42.92,-44.85,30.90,3.03,16.04,33.86,-39.75,24.44,1.024611,67
24-09-2025,NASDAQ:IBEX,IBEX Limited - Common Share,557,247188,4.07,41.82,1.36,3.47,30.85,29.51,32.52,38.69,52.13,52.27,HV2Y,0,0,0,HV2Y,27.84,-1,-1,-1,-1,-0.43,-0.43,-0.43,50.7,85.87,132.85,25.11,22.8,20.79,38.42,32.98,1.257055,92,29.51,4.27,9.14,21.92,0.30,25.11,-1.29,0.08,27.02,-6.16,1.07345,86
24-09-2025,NASDAQ:ATRO,Astronics Corporation - Common Stock,1507,1023323,4.94,42.72,0.49,6.18,-2.76,14.72,22.82,37.97,62.87,52.18,0,HV2Y,0,HV2Y,HV2Y,-1,-1,4,-1,-1,-2.69,-2.69,-2.69,42.35,113.28,173.85,10.32,13.1,20.07,49.16,32.89,1.254177,92,14.72,9.50,19.62,40.15,-28.81,10.32,3.94,10.56,45.25,-35.27,1.016764,61
24-09-2025,NASDAQ:BLZE,"Backblaze, Inc. - Common Stock",591,886779,4.84,10.46,-0.66,8.89,6.12,22.85,48.85,47.23,38.91,40.06,0,0,2,0,0,-1,5,-1,-1,-1,-2.7,-2.7,-2.7,113.91,145.54,145.54,18.45,39.13,29.33,25.2,20.77,1.252728,92,22.85,33.71,-3.18,-15.76,1.88,18.45,28.15,-12.24,-10.66,-4.58,1.158932,95
24-09-2025,NASDAQ:ETHZ,ETHZilla Corporation - Common Stock,401,12151211,11.03,2.44,-3.56,6.15,-1.23,-26.02,63.94,53.69,20.49,19.26,0,HV2Y,HVQ,0,HV2Y,-1,-1,-1,-1,-1,-77.2,-77.2,-77.2,205.8,253.11,253.11,-30.42,54.22,35.79,6.78,-0.03,1.250084,92,-26.02,71.39,-28.44,-71.68,-1.55,-30.42,65.83,-37.5,-66.58,-8.01,1.270758,98
24-09-2025,NYSE:FIX,"Comfort Systems USA, Inc. Common Stock",27924,412010,3.46,791.46,-1.59,3.61,4.97,12.67,35.87,52.86,45.01,51.34,0,0,0,0,0,-1,3,-1,10,-1,-3.67,-3.67,-3.67,55.92,166.93,166.93,8.27,26.15,34.96,31.3,32.05,1.249308,92,12.67,26.56,26.51,-16.66,11.50,8.27,21,17.45,-11.56,5.04,1.059243,82
24-09-2025,NASDAQ:NNE,Nano Nuclear Energy Inc. - common stock,1773,3300843,7.49,42.58,-8.13,15.90,26.16,27.24,16.23,25.72,42.67,69.42,HVQ,0,0,HV2Y,HV2Y,-1,-1,-1,-1,-1,-8.13,-8.13,-8.13,46.6,129.91,236.87,22.84,6.51,7.82,28.96,50.13,1.24913,92,27.24,-15.14,11.33,22.83,46.66,22.84,-20.7,2.27,27.93,40.2,0.995282,39
24-09-2025,NYSE:DK,"Delek US Holdings, Inc. Common Stock",1968,2205332,5.64,32.72,-0.91,4.77,9.20,20.97,36.46,51.28,50.70,39.79,0,HV2Y,HV2Y,0,0,-1,-1,5,-1,-1,-0.91,-0.91,-0.91,63.27,183.29,183.29,16.57,26.74,33.38,36.99,20.5,1.248985,92,20.97,19.61,23.33,-1.19,-22.13,16.57,14.05,14.27,3.91,-28.59,1.090225,89
24-09-2025,NYSE:PRIM,Primoris Services Corporation Common Stock,7027,926175,3.32,130.1,-1.72,6.20,9.58,11.71,41.11,50.12,38.48,54.56,0,0,HVY,0,0,-1,-1,-1,3,-1,-2.21,-2.21,-2.21,69.82,147.06,147.06,7.31,31.39,32.22,24.77,35.27,1.248974,92,11.71,33.31,15.30,-23.35,26.14,7.31,27.75,6.24,-18.25,19.68,1.079513,87
24-09-2025,NASDAQ:IONS,"Ionis Pharmaceuticals, Inc. - Common Stock",10191,3379839,3.87,63.94,2.19,4.33,-0.09,34.59,37.44,49.53,44.34,33.12,0,HV2Y,HVQ,0,0,-1,-1,-1,-1,-1,-0.71,-0.71,-0.71,61.83,150.65,150.65,30.19,27.72,31.63,30.63,13.83,1.246264,92,34.59,4.35,19.32,-10.29,-20.15,30.19,-1.21,10.26,-5.19,-26.61,1.135741,94
24-09-2025,NASDAQ:IDCC,"InterDigital, Inc. - Common Stock",8929,393914,3.49,346.05,-0.91,5.46,13.81,23.36,33.39,34.77,45.39,59.96,0,0,0,0,0,-1,2,-1,6,-1,-0.91,-0.91,-0.91,56.34,88.72,152.94,18.96,23.67,16.87,31.68,40.67,1.245158,92,23.36,13.09,2.07,16.28,26.68,18.96,7.53,-6.99,21.38,20.22,1.053203,79
24-09-2025,NASDAQ:RUN,Sunrun Inc. - Common Stock,3703,9606676,6.76,16.05,-2.43,0.87,-0.93,-2.06,54.64,59.13,43.12,-17.82,0,0,0,HV2Y,0,-1,-1,-1,-1,-1,-11.72,-11.72,-15.17,120.47,183.32,183.32,-6.46,44.92,41.23,29.41,-37.11,1.242499,92,-2.06,55.56,9.89,-39.18,-107.12,-6.46,50,0.83,-34.08,-113.58,1.240498,98
24-09-2025,NASDAQ:PBPB,Potbelly Corporation - Common Stock,516,1967345,1.56,17.04,0.15,0.18,0.35,26.47,31.51,44.25,46.77,51.76,0,HV2Y,0,0,0,-1,0,-1,-1,-1,0,0,0,53.65,115.97,130.89,22.07,21.79,26.35,33.06,32.47,1.242217,92,26.47,6.86,18.59,4.53,9.37,22.07,1.3,9.53,9.63,2.91,1.063648,83
24-09-2025,NYSE:AG,First Majestic Silver Corp. Ordinary Shares (Canada),5574,24102304,5.7,11.8,-2.80,12.12,22.54,23.73,31.69,41.02,53.39,48.73,HVQ,0,HV2Y,HV2Y,HV2Y,-1,-1,-1,-1,-1,-2.8,-2.8,-2.8,50.7,125.19,125.19,19.33,21.97,23.12,39.68,29.44,1.242148,92,23.73,10.44,13.65,20.98,-10.00,19.33,4.88,4.59,26.08,-16.46,1.062504,83
24-09-2025,NYSE:B,Barrick Mining Corporation Common Shares,57270,24596841,3.13,33.57,-2.81,12.18,12.18,21.72,37.83,42.36,54.63,39.29,HV2Y,0,0,0,0,-1,-1,3,-1,-1,-5.06,-5.06,-5.06,64.08,91.61,120.42,17.32,28.11,24.46,40.92,20,1.241871,92,21.72,20.59,7.28,21.29,-33.81,17.32,15.03,-1.78,26.39,-40.27,1.099108,90
24-09-2025,NASDAQ:CMPX,"Compass Therapeutics, Inc. - Common Stock",599,1289230,6.19,3.49,3.41,-0.57,-0.86,13.47,22.92,37.97,60.74,52.44,0,0,0,HV2Y,HV2Y,-1,-1,-1,-1,-1,-5.42,-5.42,-10.51,36.33,139.04,158.52,9.07,13.2,20.07,47.03,33.15,1.241227,92,13.47,10.93,19.52,36.72,-21.17,9.07,5.37,10.46,41.82,-27.63,1.012253,56
24-09-2025,NYSE:PRM,"Perimeter Solutions, SA Common Stock",3231,1310991,3.43,22.06,-1.16,2.13,0.18,3.85,37.72,58.70,42.38,43.34,0,0,0,0,HV2Y,-1,-1,-1,7,-1,-4,-4,-4,60.55,142.15,144.57,-0.55,28,40.8,28.67,24.05,1.239872,92,3.85,35.22,33.70,-39.52,1.65,-0.55,29.66,24.64,-34.42,-4.81,1.07285,86
24-09-2025,AMEX:EQX,Equinox Gold Corp. Common Shares,8201,19470485,4.13,10.49,-2.42,0.86,-2.38,22.97,43.95,33.27,51.76,41.85,0,0,0,0,0,-1,-1,-1,-1,-1,-4.38,-4.38,-4.38,84.68,84.68,111.07,18.57,34.23,15.37,38.05,22.56,1.239846,92,22.97,27.23,-19.05,27.71,-20.55,18.57,21.67,-28.11,32.81,-27.01,1.130781,93
24-09-2025,NYSE:AMRC,"Ameresco, Inc. Class A Common Stock",1666,679753,6.24,31.48,-2.08,9.88,21.00,22.62,52.70,58.99,27.26,-13.53,0,0,0,0,HV2Y,-1,1,3,-1,-1,-2.08,-2.08,-18.82,112.56,263.51,263.51,18.22,42.98,41.09,13.55,-32.82,1.238658,92,22.62,38.88,13.30,-77.38,-56.07,18.22,33.32,4.24,-72.28,-62.53,1.260185,98
24-09-2025,NASDAQ:TLRY,"Tilray Brands, Inc. - Common Stock",1409,47870912,7.97,1.26,1.61,5.56,13.49,-10.32,68.75,45.90,7.94,-36.51,0,0,HVY,0,HV2Y,-1,-1,-1,-1,-1,-14.29,-14.29,-28.81,219.96,250,250,-14.72,59.03,28,-5.77,-55.8,1.238175,92,-10.32,71.67,-73.08,-70.19,-48.28,-14.72,66.11,-82.14,-65.09,-54.74,1.409451,99
24-09-2025,NASDAQ:ALEC,"Alector, Inc. - Common Stock",320,1286064,8.03,3.18,0.00,13.21,11.95,20.75,53.14,56.92,44.03,-93.08,0,0,HV2Y,0,HV2Y,-1,-1,-1,-1,-1,0,0,-48.21,127.14,251.65,251.65,16.35,43.42,39.02,30.32,-112.37,1.236107,92,20.75,40.87,8.05,-29.93,-244.94,16.35,35.31,-1.01,-24.83,-251.4,1.362499,99
24-09-2025,NYSE:EXK,Endeavour Silver Corporation Ordinary Shares (Canada),2147,14423185,6.71,7.4,-3.39,12.16,20.54,22.30,35.14,38.24,50.68,49.86,HVQ,0,0,0,HV2Y,-1,-1,-1,-1,-1,-5.37,-5.37,-5.37,54.17,134.92,134.92,17.9,25.42,20.34,36.97,30.57,1.235614,92,22.30,16.52,4.79,20.13,-1.64,17.9,10.96,-4.27,25.23,-8.1,1.071315,85
24-09-2025,NASDAQ:FUTU,Futu Holdings Limited - American Depositary Shares,23264,2286669,4.47,176.46,5.61,0.86,-2.84,-10.36,29.54,38.80,52.60,62.86,0,0,0,0,HV2Y,-1,-1,-1,-1,8,-9.39,-9.39,-9.39,46.66,135.88,169.28,-14.76,19.82,20.9,38.89,43.57,1.233713,92,-10.36,36.16,13.14,22.55,21.65,-14.76,30.6,4.08,27.65,15.19,0.98249,25
24-09-2025,NYSE:W,Wayfair Inc. Class A Common Stock,10753,3535355,3.97,82.93,-0.14,-4.14,-5.32,11.68,39.58,53.43,47.24,36.27,0,0,0,0,HV2Y,-1,-1,-1,8,-1,-8.03,-8.03,-8.03,65.5,243.54,243.54,7.28,29.86,35.53,33.53,16.98,1.233363,92,11.68,31.58,22.93,-13.28,-20.80,7.28,26.02,13.87,-8.18,-27.26,1.093636,89
24-09-2025,NYSE:ORCL,Oracle Corporation Common Stock,876555,34396750,4.63,308.46,-1.71,2.29,-6.44,23.68,31.69,50.10,45.28,45.54,0,HV2Y,HV2Y,HV2Y,0,-1,-1,-1,-1,-1,-6.05,-6.05,-6.05,46.72,151.15,151.15,19.28,21.97,32.2,31.57,26.25,1.233244,92,23.68,10.49,26.95,-9.65,0.47,19.28,4.93,17.89,-4.55,-5.99,1.069614,85
24-09-2025,NYSE:BABA,Alibaba Group Holding Limited American Depositary Shares each representing eight Ordinary share,390845,28185964,2.87,176.44,8.19,5.82,18.43,29.52,35.08,24.76,52.22,49.96,0,HVQ,0,HV2Y,HV2Y,-1,0,-1,-1,-1,0,0,0,69.93,77.56,119.1,25.12,25.36,6.86,38.51,30.67,1.232752,92,29.52,7.88,-15.89,36.49,-4.72,25.12,2.32,-24.95,41.59,-11.18,1.093483,89
24-09-2025,NYSE:BBW,"Build-A-Bear Workshop, Inc. Common Stock",957,504041,5.55,72.92,0.90,1.74,0.08,23.29,27.92,47.35,41.39,55.13,0,HVQ,0,0,0,-1,-1,5,-1,-1,-3.86,-3.86,-3.86,47.73,119.9,134.85,18.89,18.2,29.45,27.68,35.84,1.23257,92,23.29,6.04,26.96,-11.33,23.44,18.89,0.48,17.9,-6.23,16.98,1.043719,76
24-09-2025,NASDAQ:VMEO,"Vimeo, Inc. - Common Stock",1284,7138645,1.97,7.73,0.00,-0.13,-0.13,46.31,47.93,27.17,16.56,34.02,0,HV2Y,0,0,0,-1,-1,-1,-1,-1,-0.13,-0.13,-0.13,111.78,111.78,111.78,41.91,38.21,9.27,2.85,14.73,1.225631,92,46.31,3.01,-39.88,-14.56,20.93,41.91,-2.55,-48.94,-9.46,14.47,1.24129,98
24-09-2025,NASDAQ:GRRR,Gorilla Technology Group Inc. - Ordinary shares,435,1781554,6.79,19.2,-5.28,-4.53,7.50,9.58,-7.55,-39.43,33.67,79.27,0,0,HVY,HVY,2,12.06,-1,-1,-1,-1,-20.89,-35.14,-54.19,22.06,29.29,418.92,5.18,-17.27,-57.33,19.96,59.98,1.225057,92,9.58,-18.95,-29.64,52.43,68.75,5.18,-24.51,-38.7,57.53,62.29,0.9229,3
24-09-2025,NASDAQ:NIU,Niu Technologies - American Depositary Shares,342,598723,4.86,4.64,5.69,4.74,12.50,2.37,23.28,10.78,62.72,59.48,0,0,0,HV2Y,HV2Y,-1,-1,-1,-1,-1,-7.94,-7.94,-7.94,38.1,68.12,171.35,-2.03,13.56,-7.12,49.01,40.19,1.223053,92,2.37,21.41,-16.29,58.21,-8.67,-2.03,15.85,-25.35,63.31,-15.13,0.999871,44
24-09-2025,NYSE:OR,OR Royalties Inc. Common Shares,6942,1217512,2.94,36.89,-1.89,3.90,3.66,16.56,31.01,42.64,50.01,49.96,0,0,0,0,0,-1,-1,3,-1,-1,-1.89,-1.89,-1.89,47.38,91.74,105.86,12.16,21.29,24.74,36.3,30.67,1.222735,91,16.56,17.32,16.86,12.85,-0.11,12.16,11.76,7.8,17.95,-6.57,1.0437,76
24-09-2025,NASDAQ:RCAT,"Red Cat Holdings, Inc. - Common Stock",1225,11618375,9.06,10.38,-11.81,-8.57,17.92,2.99,31.79,40.66,12.48,69.85,0,0,HVQ,2,HV2Y,-1,-1,-1,-1,-1,-14.99,-14.99,-26.85,53.1,122.75,339.83,-1.41,22.07,22.76,-1.23,50.56,1.222525,91,2.99,29.69,12.99,-47.48,65.55,-1.41,24.13,3.93,-42.38,59.09,1.031871,71
24-09-2025,NYSE:GEV,GE Vernova Inc. Common Stock,171221,2847887,3.73,628.97,-0.70,2.25,-2.32,4.24,20.08,46.55,47.09,60.97,0,0,0,0,0,-1,-1,-1,-1,10,-5.35,-5.35,-5.35,25.13,131.68,156.24,-0.16,10.36,28.65,33.38,41.68,1.222468,91,4.24,16.54,33.12,1.01,26.24,-0.16,10.98,24.06,6.11,19.78,0.976739,20
24-09-2025,NASDAQ:EYPT,"EyePoint Pharmaceuticals, Inc. - Common Stock",970,933860,5.79,14.08,5.15,3.12,3.76,17.68,25.14,55.68,49.43,36.72,0,HVQ,0,0,0,-1,-1,-1,-1,-1,-0.78,-0.78,-0.78,49.63,240.92,240.92,13.28,15.42,37.78,35.72,17.43,1.22213,91,17.68,9.06,40.80,-14.10,-25.14,13.28,3.5,31.74,-9,-31.6,1.052849,79
24-09-2025,NASDAQ:TRVI,"Trevi Therapeutics, Inc. - Common Stock",1031,3414948,8.6,8.47,1.07,5.79,-13.58,14.05,32.94,21.96,51.00,59.39,0,0,0,0,HV2Y,-1,-1,-1,-1,-1,-13.13,-13.13,-13.13,54.84,60.42,240.16,9.65,23.22,4.06,37.29,40.1,1.221549,91,14.05,21.98,-16.37,37.22,17.11,9.65,16.42,-25.43,42.32,10.65,1.039424,74
24-09-2025,NASDAQ:CECO,CECO Environmental Corp. - Common Stock,1763,596892,5.12,49.89,-2.23,1.68,5.49,4.72,41.39,51.65,40.87,43.13,0,0,HVQ,0,0,-1,-1,-1,7,-1,-2.46,-2.46,-2.46,76.23,177.63,177.63,0.32,31.67,33.75,27.16,23.84,1.219795,91,4.72,38.49,17.51,-22.31,3.83,0.32,32.93,8.45,-17.21,-2.63,1.083968,88
24-09-2025,NASDAQ:HTZ,"Hertz Global Holdings, Inc - Common Stock",2166,6078149,6.28,6.97,0.14,11.19,16.07,20.09,-5.02,52.65,53.08,52.51,0,0,0,HV2Y,HV2Y,-1,-1,-1,-1,-1,-12.55,-19.42,-19.42,36.4,111.21,150.72,15.69,-14.74,34.75,39.37,33.22,1.219199,91,20.09,-31.42,54.92,0.91,-1.22,15.69,-36.98,45.86,6.01,-7.68,0.966961,14
24-09-2025,NASDAQ:AVAV,"AeroVironment, Inc. - Common Stock",15056,1195511,4.56,301.52,0.97,9.77,18.07,20.02,22.08,56.49,46.33,39.39,0,0,HV2Y,HV2Y,0,-1,0,-1,-1,20,0,0,0,33.37,170.06,170.06,15.62,12.36,38.59,32.62,20.1,1.21908,91,20.02,2.58,44.16,-23.35,-12.93,15.62,-2.98,35.1,-18.25,-19.39,1.04679,77
24-09-2025,NYSE:NET,"Cloudflare, Inc. Class A Common Stock",75819,2339027,3.51,217.57,-2.55,1.70,-2.48,9.97,12.62,41.40,50.09,62.10,0,0,0,0,0,-1,-1,-1,-1,3,-4.69,-4.69,-4.69,19.95,124.11,178.54,5.57,2.9,23.5,36.38,42.81,1.218969,91,9.97,2.94,32.94,14.84,24.07,5.57,-2.62,23.88,19.94,17.61,0.961546,11
24-09-2025,NYSE:MUX,McEwen Inc. Common Stock,786,1688825,4.96,14.53,-1.96,7.09,5.64,25.33,36.82,45.42,45.97,35.58,0,HVQ,0,0,HV2Y,-1,-1,5,-1,-1,-3.07,-3.07,-3.07,58.28,121.49,121.49,20.93,27.1,27.52,32.26,16.29,1.218512,91,25.33,15.39,13.62,1.01,-19.24,20.93,9.83,4.56,6.11,-25.7,1.104821,91
24-09-2025,NYSE:DQ,"DAQO New Energy Corp. American Depositary Shares, each representing five ordinary shares",1661,1517307,6.27,28.4,14.10,4.05,7.04,15.85,49.51,34.44,38.73,42.71,0,0,HVQ,0,HV2Y,-1,-1,-1,-1,-1,-2.77,-2.77,-2.77,98.05,122.92,122.92,11.45,39.79,16.54,25.02,23.42,1.217887,91,15.85,40.00,-29.85,6.55,6.49,11.45,34.44,-38.91,11.65,0.03,1.149071,95
24-09-2025,NYSE:SEI,"Solaris Energy Infrastructure, Inc. Class A Common Stock",2528,3075721,7.65,37.4,-4.10,11.07,21.47,23.48,26.71,36.50,28.96,64.01,0,0,0,HV2Y,HV2Y,-1,1,-1,-1,-1,-6.36,-6.36,-6.36,50.08,134.34,197.53,19.08,16.99,18.6,15.25,44.72,1.217859,91,23.48,4.23,13.35,-11.87,49.34,19.08,-1.33,4.29,-6.77,42.88,1.034322,72
24-09-2025,AMEX:VZLA,Vizsla Silver Corp. Common Shares,1345,3668997,5.05,3.91,-2.74,4.09,4.09,11.51,24.55,39.64,56.27,50.38,0,0,0,0,0,-1,-1,-1,-1,-1,-5.78,-5.78,-5.78,38.16,128.65,132.74,7.11,14.83,21.74,42.56,31.09,1.217748,91,11.51,14.74,20.00,27.54,-13.45,7.11,9.18,10.94,32.64,-19.91,1.014357,59
24-09-2025,NASDAQ:GDS,GDS Holdings Limited - American Depositary Shares,7791,3417810,5.15,40.67,8.08,1.30,17.63,18.34,29.36,33.51,52.64,51.93,HVQ,0,0,HV2Y,HV2Y,-1,-1,-1,-1,-1,0,0,-16.14,41.56,130.03,130.03,13.94,19.64,15.61,38.93,32.64,1.217083,91,18.34,13.49,5.88,28.77,-1.51,13.94,7.93,-3.18,33.87,-7.97,1.039494,74
24-09-2025,NASDAQ:ASTS,"AST SpaceMobile, Inc. - Class A Common Stock",19539,11296180,7.06,54.5,-0.55,24.42,31.05,8.24,8.31,47.61,57.80,51.38,0,0,2,2,HV2Y,-1,-1,-1,-1,-1,-9.26,-9.26,-9.26,47.66,171.55,207.56,3.84,-1.41,29.71,44.09,32.09,1.215909,91,8.24,0.08,42.87,19.44,-15.22,3.84,-5.48,33.81,24.54,-21.68,0.96888,15
24-09-2025,NYSE:TPR,"Tapestry, Inc. Common Stock",23605,3426056,2.72,113.42,-2.34,3.12,7.16,13.18,24.69,34.12,44.75,62.47,0,0,0,0,HV2Y,-1,3,-1,-1,10,-2.34,-2.34,-2.34,32.78,87.16,166.43,8.78,14.97,16.22,31.04,43.18,1.21573,91,13.18,13.25,12.53,16.14,32.06,8.78,7.69,3.47,21.24,25.6,0.999913,44
24-09-2025,NASDAQ:CAR,"Avis Budget Group, Inc. - Common Stock",5690,744215,3.34,161.68,1.44,5.28,3.65,5.26,-8.69,63.21,49.94,46.87,0,0,0,HV2Y,0,-1,-1,-1,-1,-1,-22.1,-22.1,-22.1,9.29,171.82,191.37,0.86,-18.41,45.31,36.23,27.58,1.215512,91,5.26,-14.73,66.15,-36.08,-6.13,0.86,-20.29,57.09,-30.98,-12.59,0.964709,13
24-09-2025,NYSE:ODV,Osisko Development Corp. Common Shares,761,1392049,5.66,3.19,-1.85,10.34,0.31,18.18,33.86,52.04,47.34,31.97,0,0,0,0,HV2Y,-1,-1,-1,-1,-1,-1.85,-1.85,-1.85,51.9,127.86,157.26,13.78,24.14,34.14,33.63,12.68,1.215371,91,18.18,19.16,27.49,-9.80,-29.17,13.78,13.6,18.43,-4.7,-35.63,1.086309,88
24-09-2025,NYSE:TTI,"Tetra Technologies, Inc. Common Stock",758,1305710,3.81,5.69,1.79,10.72,15.64,21.09,41.65,37.43,39.54,46.75,0,0,HV2Y,HV2Y,0,-1,-1,-1,-1,-1,0,0,0,76.16,167.14,167.14,16.69,31.93,19.53,25.83,27.46,1.213008,91,21.09,26.06,-7.23,3.37,11.92,16.69,20.5,-16.29,8.47,5.46,1.105021,91
24-09-2025,NASDAQ:UPXI,"Upexi, Inc. - Common Stock",363,5842487,9.62,6.16,-0.16,1.22,11.36,-23.38,45.94,60.23,32.95,34.45,0,0,2,HV2Y,HV2Y,-1,-1,-1,-1,-1,-28,-60.28,-60.28,136.92,204.95,204.95,-27.78,36.22,42.33,19.24,15.16,1.212451,91,-23.38,56.18,26.43,-68.57,2.23,-27.78,50.62,17.37,-63.47,-4.23,1.10569,91
24-09-2025,NASDAQ:FDMT,"4D Molecular Therapeutics, Inc. - Common Stock",394,628719,7.31,8.44,10.91,21.09,17.77,20.14,51.66,56.22,31.52,-41.00,0,0,HV2Y,0,0,-1,-1,-1,-1,-1,0,0,-29.08,127.49,236.25,236.25,15.74,41.94,38.32,17.81,-60.29,1.211016,91,20.14,39.47,9.44,-56.43,-105.88,15.74,33.91,0.38,-51.33,-112.34,1.271762,98
24-09-2025,NASDAQ:NTLA,"Intellia Therapeutics, Inc. - Common Stock",1906,6052627,7.92,17.76,3.98,30.12,36.43,35.92,46.17,50.84,31.98,-23.20,HVQ,0,0,0,0,-1,-1,-1,-1,-1,0,0,-18.83,89.34,182.8,182.8,31.52,36.45,32.94,18.27,-42.49,1.20998,91,35.92,15.99,8.68,-38.37,-81.13,31.52,10.43,-0.38,-33.27,-87.59,1.250479,98
24-09-2025,NASDAQ:CLPT,ClearPoint Neuro Inc. - Common Stock,548,900201,6.52,19.28,58.55,44.71,45.38,45.54,39.00,31.69,23.96,35.68,HV2Y,0,0,0,0,33.88,-1,-1,-1,-1,0,0,0,92.8,92.8,92.8,41.14,29.28,13.79,10.25,16.39,1.209433,91,45.54,-12.00,-11.99,-11.31,15.42,41.14,-17.56,-21.05,-6.21,8.96,1.180406,96
24-09-2025,AMEX:TGB,"Taseko Mines, Ltd. Common Stock",1286,3359499,3.91,4.06,8.56,9.85,16.01,20.44,28.08,37.93,52.96,44.33,0,0,HV2Y,HV2Y,HV2Y,-1,2,-1,-1,-1,0,0,0,39.04,138.82,138.82,16.04,18.36,20.03,39.25,25.04,1.207924,91,20.44,9.60,13.70,24.21,-18.32,16.04,4.04,4.64,29.31,-24.78,1.050043,78
24-09-2025,NYSE:NEM,Newmont Corporation,91688,12151619,2.38,83.47,-1.42,5.73,6.04,14.82,30.44,43.03,55.65,34.74,0,0,0,0,0,-1,-1,3,-1,-1,-1.42,-1.42,-1.42,47.06,88.93,125.59,10.42,20.72,25.13,41.94,15.45,1.207595,91,14.82,18.34,18.10,22.15,-47.14,10.42,12.78,9.04,27.25,-53.6,1.064972,83
24-09-2025,NASDAQ:SEZL,Sezzle Inc. - Common Stock,2935,880564,5.5,86.27,0.40,-2.58,-3.28,-6.99,-79.43,51.61,52.99,68.43,0,0,0,HV2Y,HV2Y,-1,-1,-1,-1,-1,-52.64,-52.64,-52.64,1.63,200.59,248.33,-11.39,-89.15,33.71,39.28,49.14,1.206443,91,-6.99,-67.70,73.03,2.86,32.85,-11.39,-73.26,63.97,7.96,26.39,0.836337,1
24-09-2025,NASDAQ:HNRG,Hallador Energy Company - Common Stock,813,492831,3.96,18.91,1.23,1.48,6.13,14.07,22.53,32.52,40.56,63.62,0,0,0,0,HV2Y,-1,-1,-1,-1,-1,-10.89,-10.89,-10.89,29.08,83.59,174.85,9.67,12.81,14.62,26.85,44.33,1.205315,91,14.07,9.85,12.90,11.91,38.79,9.67,4.29,3.84,17.01,32.33,0.995149,39
24-09-2025,NYSE:TE,T1 Energy Inc. Common Stock,371,2114217,9.02,2.2,19.57,19.55,15.00,26.36,42.27,33.64,17.73,54.09,HVQ,0,HVQ,0,HV2Y,-1,-1,-1,-1,-1,0,0,-27.39,89.66,126.78,131.51,21.96,32.55,15.74,4.02,34.8,1.203471,91,26.36,21.60,-14.96,-23.97,44.20,21.96,16.04,-24.02,-18.87,37.74,1.124934,93
24-09-2025,NYSE:NIO,"NIO Inc. American depositary shares, each  representing one Class A ordinary share",13326,93806800,5.61,7.12,2.74,-4.63,19.66,14.47,51.26,38.34,38.20,25.84,0,HVQ,HV2Y,0,HV2Y,-1,-1,-1,-1,-1,-4.43,-4.43,-4.43,108.8,126.75,126.75,10.07,41.54,20.44,24.49,6.55,1.202917,91,14.47,43.02,-26.51,-0.23,-20.00,10.07,37.46,-35.57,4.87,-26.46,1.17817,96
24-09-2025,NYSE:BTU,Peabody Energy Corporation Common Stock,3138,4933613,4.89,25.81,8.22,17.59,28.24,34.91,50.06,44.21,16.51,7.36,0,0,0,HV2Y,0,-1,-1,-1,-1,-1,0,0,-13.39,103.71,150.34,150.34,30.51,40.34,26.31,2.8,-11.93,1.200723,90,34.91,23.27,-11.71,-49.65,-10.95,30.51,17.71,-20.77,-44.55,-17.41,1.240704,98
24-09-2025,NASDAQ:PSKY,Paramount Skydance Corporation - Class B Common Stock,20356,12653302,6.82,19.12,-3.09,6.28,20.97,16.53,36.14,39.38,43.99,45.76,0,HV2Y,HV2Y,0,HV2Y,-1,-1,-1,-1,-1,-3.09,-3.09,-3.09,88.93,88.93,88.93,12.13,26.42,21.48,30.28,26.47,1.200176,90,16.53,23.50,5.08,7.59,3.17,12.13,17.94,-3.98,12.69,-3.29,1.070346,85
24-09-2025,NYSE:AEM,Agnico Eagle Mines Limited Common Stock,79335,3377263,2.54,162.39,0.74,6.15,5.94,15.48,25.80,35.85,52.12,49.61,0,0,0,HV2Y,0,-1,-1,4,-1,-1,0,0,0,39.85,63.24,113.7,11.08,16.08,17.95,38.41,30.32,1.200156,90,15.48,12.22,13.54,25.36,-5.23,11.08,6.66,4.48,30.46,-11.69,1.025062,67
24-09-2025,NYSE:RSI,"Rush Street Interactive, Inc. Class A Common Stock",4932,1427220,3.35,21.58,-1.91,1.95,2.36,2.69,33.27,48.01,39.11,51.99,0,0,HV2Y,0,0,-1,-1,-1,6,-1,-4.22,-4.22,-4.22,49.86,111.15,122.93,-1.71,23.55,30.11,25.4,32.7,1.199866,90,2.69,31.43,22.08,-17.11,21.16,-1.71,25.87,13.02,-12.01,14.7,1.034278,72
24-09-2025,NASDAQ:MRCY,Mercury Systems Inc - Common Stock,4450,603314,3.19,74.27,-1.42,0.61,3.46,8.47,32.50,37.32,47.46,51.66,0,HVQ,HVQ,0,0,-1,-1,7,-1,-1,-3.66,-3.66,-3.66,48.27,78.88,129.58,4.07,22.78,19.42,33.75,32.37,1.198997,90,8.47,26.26,7.14,16.18,8.00,4.07,20.7,-1.92,21.28,1.54,1.034078,72
24-09-2025,NASDAQ:INSM,Insmed Incorporated - Common Stock,29804,2227906,2.59,141,-3.01,-2.68,-3.50,8.99,25.64,44.30,50.77,47.37,0,0,HVY,HVY,HV2Y,-1,-1,-1,1,-1,-4.21,-4.21,-4.21,46.66,117.56,117.56,4.59,15.92,26.4,37.06,28.08,1.198729,90,8.99,18.29,25.09,11.62,-6.92,4.59,12.73,16.03,16.72,-13.38,1.017409,61
24-09-2025,NASDAQ:COGT,"Cogent Biosciences, Inc. - Common Stock",1851,1861274,4.45,13.25,2.40,6.72,3.77,11.02,46.64,47.92,41.13,17.13,0,0,HV2Y,0,0,-1,-1,-1,-1,-1,0,0,0,87.41,229.6,229.6,6.62,36.92,30.02,27.42,-2.16,1.197915,90,11.02,40.03,2.40,-13.04,-40.77,6.62,34.47,-6.66,-7.94,-47.23,1.152061,95
24-09-2025,NASDAQ:PAHC,Phibro Animal Health Corporation - Class A Common Stock,1550,418108,4.37,38.25,-0.44,-0.86,-7.66,16.50,35.29,43.76,42.98,41.75,0,HV2Y,0,0,HV2Y,-1,-1,-1,3,-1,-7.23,-7.23,-7.23,54.55,131.4,131.4,12.1,25.57,25.86,29.27,22.46,1.19677,90,16.50,22.51,13.09,-1.39,-2.15,12.1,16.95,4.03,3.71,-8.61,1.072557,86
24-09-2025,NASDAQ:BTDR,Bitdeer Technologies Group - Ordinary Shares,3709,5631708,8.87,17.52,5.73,3.31,22.15,25.11,38.70,37.27,-3.54,59.30,0,0,0,0,HV2Y,-1,-1,-1,-1,-1,-2.45,-2.45,-32.87,63.13,143.33,158.79,20.71,28.98,19.37,-17.25,40.01,1.195308,90,25.11,18.14,-2.33,-65.06,60.69,20.71,12.58,-11.39,-59.96,54.23,1.122033,93
24-09-2025,NASDAQ:SHLS,"Shoals Technologies Group, Inc. - Class A Common Stock",1289,5201037,6.99,7.7,6.94,6.10,10.65,11.69,36.75,55.58,41.04,20.39,0,0,0,0,HV2Y,-1,-1,-1,-1,-1,0,0,0,81.18,152.46,174.02,7.29,27.03,37.68,27.33,1.1,1.195004,90,11.69,28.38,29.77,-32.75,-35.02,7.29,22.82,20.71,-27.65,-41.48,1.105986,91
24-09-2025,NASDAQ:MU,"Micron Technology, Inc. - Common Stock",180974,26133206,3.49,161.71,-2.82,1.06,13.43,28.01,21.31,41.76,46.14,43.79,0,0,0,0,HV2Y,-1,-1,-1,-1,-1,-4.25,-4.25,-4.25,54.19,149.86,149.86,23.61,11.59,23.86,32.43,24.5,1.194832,90,28.01,-9.30,25.99,7.53,-4.37,23.61,-14.86,16.93,12.63,-10.83,1.045032,77
24-09-2025,NASDAQ:STNE,StoneCo Ltd. - Class A Common Share,5097,5082612,3.2,18.77,-1.98,-1.33,6.13,17.85,18.17,39.00,57.38,39.80,0,0,0,0,0,-1,-1,2,-1,-1,-3.25,-3.25,-3.25,49.32,79.96,139.11,13.45,8.45,21.1,43.67,20.51,1.194467,90,17.85,0.39,25.46,30.13,-41.25,13.45,-5.17,16.4,35.23,-47.71,1.026013,68
24-09-2025,NASDAQ:APEI,"American Public Education, Inc. - Common Stock",675,254183,3.82,36.93,1.34,3.36,7.53,16.52,19.42,37.64,42.73,58.27,0,0,0,0,0,-1,4,-1,-1,-1,0,0,0,31.75,67.94,171.54,12.12,9.7,19.74,29.02,38.98,1.19396,90,16.52,3.47,22.61,8.16,27.14,12.12,-2.09,13.55,13.26,20.68,0.99669,40
24-09-2025,NASDAQ:IRTC,"iRhythm Technologies, Inc. - Common Stock",5588,421224,3.01,173.93,-0.87,0.99,-4.67,4.74,12.91,38.71,49.60,59.75,0,0,0,0,HV2Y,-1,-1,-1,-1,-1,-7.02,-7.02,-7.02,31.48,79.61,204.77,0.34,3.19,20.81,35.89,40.46,1.193783,90,4.74,8.58,29.62,17.77,20.15,0.34,3.02,20.56,22.87,13.69,0.957735,10
24-09-2025,AMEX:DC,Dakota Gold Corp. Common Stock,516,1266431,5.74,4.59,-2.55,2.18,0.44,10.68,17.65,40.96,54.25,48.58,0,0,0,0,0,-1,-1,-1,-1,-1,-7.09,-7.09,-7.09,27.5,85.08,120.67,6.28,7.93,23.06,40.54,29.29,1.193366,90,10.68,7.80,28.31,22.51,-12.38,6.28,2.24,19.25,27.61,-18.84,0.995684,39
24-09-2025,NASDAQ:PLUG,"Plug Power, Inc. - Common Stock",2772,90453942,9.16,2.4,-5.14,16.67,40.00,30.42,54.58,36.25,4.17,19.17,HV2Y,0,HV2Y,HV2Y,HV2Y,-1,-1,-1,-1,-1,-9.43,-9.43,-23.81,120.18,243.15,243.15,26.02,44.86,18.35,-9.54,-0.12,1.192589,90,30.42,34.73,-40.37,-50.33,15.65,26.02,29.17,-49.43,-45.23,9.19,1.258756,98
24-09-2025,NASDAQ:LQDA,Liquidia Corporation - Common Stock,1889,2479484,4.92,21.94,-2.27,-13.95,-24.38,-19.64,38.01,28.90,51.73,54.65,0,0,0,0,HV2Y,-1,-1,-1,-1,-1,-24.91,-24.91,-24.91,82.83,82.99,123.42,-24.04,28.29,11,38.02,35.36,1.192248,90,-19.64,48.19,-14.71,32.12,6.04,-24.04,42.63,-23.77,37.22,-0.42,1.02518,67
24-09-2025,NYSE:TME,"Tencent Music Entertainment Group American Depositary Shares, each representing two Class A Ordinary Shares",34263,5421321,3.02,23.7,1.80,-11.22,-7.47,-8.52,20.97,39.87,50.25,58.40,0,0,0,0,0,-1,-1,-1,17,-1,-10.09,-10.09,-10.09,26.74,97.99,140.37,-12.92,11.25,21.97,36.54,39.11,1.191494,90,-8.52,27.18,23.92,17.26,16.37,-12.92,21.62,14.86,22.36,9.91,0.964518,13
24-09-2025,NASDAQ:ESPR,"Esperion Therapeutics, Inc. - Common Stock",490,6851498,6.62,2.43,-2.02,-11.93,-7.00,11.52,58.44,30.86,10.49,30.86,0,0,HVY,0,HV2Y,-1,-1,-1,-1,-1,-14.44,-14.44,-36.55,146.85,232.88,232.88,7.12,48.72,12.96,-3.22,11.57,1.191292,90,11.52,53.02,-66.34,-29.46,22.76,7.12,47.46,-75.4,-24.36,16.3,1.245194,98
24-09-2025,NYSE:SKE,Skeena Resources Limited Common Shares,2048,693318,4.28,17.8,-4.30,-2.87,-0.28,13.88,15.11,43.15,50.00,50.39,0,0,0,0,HV2Y,-1,-1,-1,-1,-1,-5.17,-5.17,-5.17,27.32,106.74,137.02,9.48,5.39,25.25,36.29,31.1,1.189106,90,13.88,1.44,33.02,12.06,0.79,9.48,-4.12,23.96,17.16,-5.67,0.991542,35
24-09-2025,NASDAQ:PONY,Pony AI Inc. - American Depositary Shares,7475,8350412,6.82,21.66,1.50,19.34,31.21,32.69,39.89,43.95,40.35,NA,0,0,0,0,0,-1,-1,-1,-1,-1,0,0,-8.26,78.42,420.67,420.67,28.29,30.17,26.05,26.64,0,1.188143,90,32.69,10.70,6.76,-6.43,NA,28.29,5.14,-2.3,-1.33,0,1.056828,81
24-09-2025,NASDAQ:MBX,"MBX Biosciences, Inc. - Common Stock",675,2072564,13.05,20.1,6.01,50.55,48.96,30.90,40.75,61.24,-0.85,-12.19,HV2Y,0,0,0,0,124,-1,-1,-1,-1,0,0,-22.63,106.26,247.15,247.15,26.5,31.03,43.34,-14.56,-31.48,1.187933,90,30.90,14.25,34.59,-160.21,-11.25,26.5,8.69,25.53,-155.11,-17.71,1.24659,98
24-09-2025,NYSE:SAN,"Banco Santander, S.A. Sponsored ADR (Spain)",152450,4399279,1.24,10.29,0.39,2.14,3.30,6.71,21.96,31.00,55.88,50.63,0,0,0,HV2Y,0,-1,-1,-1,-1,-1,0,0,0,28.14,79.9,130.72,2.31,12.24,13.1,42.17,31.34,1.187921,90,6.71,16.35,11.58,36.06,-11.89,2.31,10.79,2.52,41.16,-18.35,1.000488,45
24-09-2025,NYSE:SAND,Sandstorm Gold Ltd. Ordinary Shares (Canada),3456,4742849,2.42,11.79,-1.59,0.59,1.53,8.06,21.80,37.49,54.54,47.33,0,0,0,0,0,-1,-1,6,-1,-1,-2.96,-2.96,-2.96,30.56,72.87,119.96,3.66,12.08,19.59,40.83,28.04,1.187374,90,8.06,14.94,20.07,27.27,-15.86,3.66,9.38,11.01,32.37,-22.32,1.005303,50
24-09-2025,NASDAQ:NXT,Nextracker Inc. - Class A Common Stock,10766,1929758,4.44,72.76,3.12,5.57,7.11,7.11,20.89,37.86,53.49,49.62,0,0,0,2,0,-1,-1,-1,-1,-1,-0.52,-0.52,-0.52,35.24,96.65,132.53,2.71,11.17,19.96,39.78,30.33,1.187138,90,7.11,14.84,21.46,25.15,-8.33,2.71,9.28,12.4,30.25,-14.79,0.997162,41
24-09-2025,NASDAQ:SNDL,SNDL Inc. - Common Shares,662,3535354,4.98,2.57,2.80,2.72,8.17,6.61,52.53,40.08,32.68,22.57,0,0,HVY,0,HV2Y,-1,-1,-1,-1,-1,-4.46,-4.46,-4.46,112.4,112.4,112.4,2.21,42.81,22.18,18.97,3.28,1.186822,90,6.61,49.17,-26.23,-12.34,-15.03,2.21,43.61,-35.29,-7.24,-21.49,1.179326,96
24-09-2025,NYSE:GLW,Corning Incorporated Common Stock,68452,10204808,2.6,79.91,-1.35,3.79,6.23,16.43,35.69,38.69,41.11,44.31,0,0,HVQ,0,HV2Y,-1,5,2,-1,-1,-1.35,-1.35,-1.35,55.5,104.53,104.53,12.03,25.97,20.79,27.4,25.02,1.18672,90,16.43,23.05,4.67,3.94,5.44,12.03,17.49,-4.39,9.04,-1.02,1.070655,85
24-09-2025,NASDAQ:ENGN,enGene Holdings Inc. - Common Stock,357,356842,10.02,6.98,3.25,6.59,9.89,38.40,53.30,29.37,14.61,-3.30,0,0,HVQ,0,0,-1,5,-1,-1,-1,0,0,-28.99,114.11,142.36,142.36,34,43.58,11.47,0.9,-22.59,1.186326,90,38.40,24.19,-51.23,-20.89,-20.97,34,18.63,-60.29,-15.79,-27.43,1.285357,98
24-09-2025,NASDAQ:TERN,"Terns Pharmaceuticals, Inc. - Common Stock",689,1091371,6.23,7.87,4.79,5.97,5.08,14.99,48.41,57.81,23.13,-27.32,0,0,0,0,HV2Y,-1,-1,-1,-1,-1,-3.79,-3.79,-21.46,110.99,293.5,293.5,10.59,38.69,39.91,9.42,-46.61,1.186313,90,14.99,39.31,18.23,-82.23,-65.62,10.59,33.75,9.17,-77.13,-72.08,1.231136,97
24-09-2025,NASDAQ:HITI,High Tide Inc. - Common Shares,337,1188469,6.4,3.87,7.50,7.75,15.25,9.82,43.15,44.70,24.03,45.48,0,HVQ,HVQ,0,HV2Y,-1,-1,-1,-1,-1,-2.76,-2.76,-2.76,82.55,126.32,126.32,5.42,33.43,26.8,10.32,26.19,1.186288,90,9.82,36.96,2.73,-37.38,28.23,5.42,31.4,-6.33,-32.28,21.77,1.105586,91
24-09-2025,AMEX:DNN,Denison Mines Corp Ordinary Shares (Canada),2466,73054070,5.23,2.75,-2.48,7.64,10.91,24.36,35.64,46.55,29.45,38.55,0,0,HV2Y,HV2Y,HV2Y,-1,-1,-1,-1,-1,-2.48,-2.48,-2.48,62.72,139.13,139.13,19.96,25.92,28.65,15.74,19.26,1.186072,89,24.36,14.90,16.95,-31.97,12.89,19.96,9.34,7.89,-26.87,6.43,1.100943,90
24-09-2025,NYSE:HBM,Hudbay Minerals Inc. Ordinary Shares (Canada),5587,6652510,3.08,14.12,5.06,4.25,4.67,17.42,30.59,40.08,43.98,44.62,0,HV2Y,HV2Y,0,HV2Y,-1,-1,3,-1,-1,-0.63,-0.63,-0.63,55.85,131.86,131.86,13.02,20.87,22.18,30.27,25.33,1.185971,89,17.42,15.95,13.67,6.50,1.14,13.02,10.39,4.61,11.6,-5.32,1.051497,79
24-09-2025,NASDAQ:AIRS,"AirSculpt Technologies, Inc. - Common Stock",455,621700,7.61,7.23,6.01,21.02,14.25,10.10,28.91,62.10,19.09,34.58,0,0,0,HV2Y,0,-1,-1,-1,-1,-1,-0.96,-0.96,-16.71,52.53,354.72,354.72,5.7,19.19,44.2,5.38,15.29,1.185411,89,10.10,20.92,46.69,-113.50,19.15,5.7,15.36,37.63,-108.4,12.69,1.096998,90
24-09-2025,NYSE:WOLF,"Wolfspeed, Inc. Common Stock",347,47051959,15.42,2.22,10.45,-22.52,33.78,40.54,73.87,-177.48,-215.32,-264.86,0,0,HV2Y,0,HV2Y,-1,-1,-1,-1,-1,-25,-63.96,-86.3,456.67,456.67,456.67,36.14,64.15,-195.38,-229.03,-284.15,1.185395,89,40.54,56.06,-962.07,-13.64,-15.71,36.14,50.5,-971.13,-8.54,-22.17,2.279337,99
24-09-2025,NASDAQ:LYFT,"Lyft, Inc. - Class A Common Stock",8966,26881991,5.05,22.06,-0.09,-3.54,14.05,22.71,29.47,43.38,38.44,43.47,HVQ,0,0,HVY,0,15.8,2,-1,-1,-1,-3.42,-3.42,-3.42,64.5,121.26,121.26,18.31,19.75,25.48,24.73,24.18,1.185202,89,22.71,8.74,19.73,-8.73,8.17,18.31,3.18,10.67,-3.63,1.71,1.061608,82
24-09-2025,NASDAQ:MTSR,"Metsera, Inc. - Common Stock",5515,3397149,6.33,52.5,-0.94,37.45,30.48,37.92,49.24,44.46,NA,NA,0,0,0,0,0,57.71,-1,-1,-1,-1,-2.02,-2.02,-2.02,97,301.38,301.38,33.52,39.52,26.56,0,0,1.184586,89,37.92,18.23,-9.42,NA,NA,33.52,12.67,-18.48,0,0,1.106285,91
24-09-2025,NASDAQ:RYTM,"Rhythm Pharmaceuticals, Inc. - Common Stock",6437,646191,3.2,96.91,-1.81,0.84,-3.47,-2.36,35.72,45.40,42.75,45.52,0,0,HV2Y,HV2Y,HV2Y,-1,-1,-1,-1,-1,-7.33,-7.33,-7.33,57.72,106.41,106.41,-6.76,26,27.5,29.04,26.23,1.184307,89,-2.36,37.21,15.06,-4.86,4.83,-6.76,31.65,6,0.24,-1.63,1.042664,76
24-09-2025,NASDAQ:HOND,HCM II Acquisition Corp. - Class A Ordinary Shares,507,1313672,3.62,17.62,11.66,27.92,33.54,33.83,36.55,42.34,43.25,NA,0,0,0,0,0,9.68,0,-1,-1,-1,0,0,0,63,73.77,76.91,29.43,26.83,24.44,29.54,0,1.183811,89,33.83,4.12,9.12,1.57,NA,29.43,-1.44,0.06,6.67,0,1.040189,75
24-09-2025,NASDAQ:KE,"Kimball Electronics, Inc. - Common Stock",744,281398,3.29,30.72,-1.41,-1.95,1.24,6.74,37.70,43.91,40.82,41.44,0,0,0,0,0,-1,-1,-1,1,-1,-7.27,-7.27,-7.27,68.24,137.96,137.96,2.34,27.98,26.01,27.11,22.15,1.183598,89,6.74,33.19,9.98,-5.51,1.05,2.34,27.63,0.92,-0.41,-5.41,1.068313,85
24-09-2025,NYSE:APH,Amphenol Corporation Common Stock,150332,9746089,2.42,125.4,1.38,5.07,6.87,12.79,23.60,44.74,44.10,47.93,0,0,0,0,0,-1,3,-1,8,-1,0,0,0,30.9,112.22,112.22,8.39,13.88,26.84,30.39,28.64,1.182919,89,12.79,12.40,27.66,-1.15,6.86,8.39,6.84,18.6,3.95,0.4,1.017515,61
24-09-2025,NASDAQ:SKYT,"SkyWater Technology, Inc. - Common Stock",737,1565340,7.79,15.3,0.66,19.35,35.69,23.99,38.04,47.39,18.69,40.07,0,0,HVQ,0,HV2Y,-1,-1,-1,-1,-1,-1.16,-1.16,-4.73,74.26,161.54,161.54,19.59,28.32,29.49,4.98,20.78,1.182337,89,23.99,18.49,15.08,-54.53,26.29,19.59,12.93,6.02,-49.43,19.83,1.118785,92
24-09-2025,NASDAQ:USAR,"USA Rare Earth, Inc. - Common Stock",1623,5167149,7.28,16.66,-6.67,6.84,16.75,4.98,25.75,59.72,33.37,35.71,0,HV2Y,HV2Y,HV2Y,0,-1,-1,-1,-1,-1,-12.5,-12.5,-12.5,73.36,189.74,189.74,0.58,16.03,41.82,19.66,16.42,1.182251,89,4.98,21.86,45.76,-65.42,3.51,0.58,16.3,36.7,-60.32,-2.95,1.052992,79
24-09-2025,NASDAQ:ABCL,AbCellera Biologics Inc. - Common Shares,1425,4500940,6.45,4.9,1.45,2.65,13.47,10.41,24.90,47.14,45.10,44.08,0,0,HV2Y,HV2Y,HV2Y,-1,-1,-1,-1,-1,-4.85,-4.85,-4.85,42.86,153.89,153.89,6.01,15.18,29.24,31.39,24.79,1.182123,89,10.41,16.17,29.62,-3.86,-1.86,6.01,10.61,20.56,1.24,-8.32,1.023649,66
24-09-2025,AMEX:NAK,"Northern Dynasty Minerals, Ltd. Common Stock",601,4462847,5.72,1.09,16.69,24.77,25.15,19.72,-42.20,-9.17,56.34,68.81,0,0,0,HV2Y,HV2Y,-1,-1,-1,-1,-1,-52.61,-52.61,-52.61,46.64,46.64,251.5,15.32,-51.92,-27.07,42.63,49.52,1.181751,89,19.72,-77.14,23.23,60.01,28.56,15.32,-82.7,14.17,65.11,22.1,0.889665,1
24-09-2025,NASDAQ:AVAH,Aveanna Healthcare Holdings Inc. - Common Stock,1746,1328506,4.02,8.36,-0.36,3.35,1.20,11.12,41.87,34.21,45.93,33.97,0,0,HV2Y,HV2Y,HV2Y,-1,-1,-1,-1,-1,-1.18,-1.18,-1.18,123.53,123.53,127.17,6.72,32.15,16.31,32.22,14.68,1.18126,89,11.12,34.59,-13.17,17.82,-22.12,6.72,29.03,-22.23,22.92,-28.58,1.106124,91
24-09-2025,AMEX:URG,Ur Energy Inc Common Shares (Canada),595,8782555,5.7,1.63,-2.98,8.59,7.98,17.18,37.42,52.32,30.67,27.61,0,0,0,0,0,-1,-1,-1,-1,-1,-4.68,-4.68,-4.68,63,190.76,190.76,12.78,27.7,34.42,16.96,8.32,1.181186,89,17.18,24.44,23.80,-45.39,-4.42,12.78,18.88,14.74,-40.29,-10.88,1.110773,92
24-09-2025,AMEX:GAU,Galiano Gold Inc.,569,3569256,6.24,2.2,-1.79,-10.91,-8.18,4.09,40.91,43.64,43.64,32.27,0,0,0,HVY,HV2Y,-1,-1,-1,-1,-1,-16.03,-16.03,-16.03,78.86,113.59,113.59,-0.31,31.19,25.74,29.93,12.98,1.180328,89,4.09,38.39,4.62,0.00,-20.16,-0.31,32.83,-4.44,5.1,-26.62,1.09105,89
24-09-2025,NASDAQ:GCT,GigaCloud Technology Inc - Class A Ordinary Shares,1122,1161244,4.87,29.78,-1.91,0.24,5.24,5.64,36.50,46.57,40.50,38.55,0,0,HVQ,0,0,-1,-1,-1,-1,-1,-8.31,-8.31,-8.31,57.48,157.17,157.17,1.24,26.78,28.67,26.79,19.26,1.179501,89,5.64,32.70,15.86,-11.38,-3.27,1.24,27.14,6.8,-6.28,-9.73,1.066223,84
24-09-2025,AMEX:WRN,Western Copper and Gold Corporation Common Stock,369,610021,5.29,1.83,-1.08,9.29,14.75,27.87,33.33,33.88,44.81,31.69,0,0,0,0,0,-1,-1,-1,-1,-1,-1.08,-1.08,-1.08,52.5,101.1,101.1,23.47,23.61,15.98,31.1,12.4,1.178812,89,27.87,7.58,0.82,16.53,-23.76,23.47,2.02,-8.24,21.63,-30.22,1.101421,90
24-09-2025,NASDAQ:PPTA,Perpetua Resources Corp. - Common Shares,2029,2560352,5.34,18.86,-0.47,9.92,8.54,4.19,30.97,40.62,37.54,53.55,0,0,0,0,HV2Y,-1,-1,-1,-1,-1,-1.77,-1.77,-1.77,59.02,110.02,134.87,-0.21,21.25,22.72,23.83,34.26,1.177847,89,4.19,27.95,13.98,-5.18,25.64,-0.21,22.39,4.92,-0.08,19.18,1.02344,66
24-09-2025,NYSE:REVG,"REV Group, Inc. Common Stock",2813,1112321,3.93,57.64,-1.30,-2.64,-8.85,6.85,22.28,42.18,44.29,52.10,0,HVY,HVQ,0,0,-1,-1,-1,11,-1,-9.81,-9.81,-9.81,28.66,100,118.75,2.45,12.56,24.28,30.58,32.81,1.177424,89,6.85,16.56,25.60,3.66,14.01,2.45,11,16.54,8.76,7.55,0.998019,42
24-09-2025,NASDAQ:CNTA,Centessa Pharmaceuticals plc - American Depositary Shares,3126,1437004,6.4,23.97,2.70,8.84,5.26,29.08,43.97,34.04,26.78,30.83,0,HVQ,HVQ,0,0,-1,3,-1,-1,-1,0,0,0,83.82,123.81,123.81,24.68,34.25,16.14,13.07,11.54,1.177391,89,29.08,21.00,-17.72,-11.01,5.53,24.68,15.44,-26.78,-5.91,-0.93,1.157712,95
24-09-2025,NYSE:RERE,ATRenew Inc. American Depositary Shares (every three of which representing two Class A ordinary shares),958,1836399,5.97,4.68,7.34,8.97,10.68,4.06,31.84,35.68,41.24,52.99,0,0,HVY,0,0,-1,-1,-1,-1,-1,-1.06,-1.06,-1.06,50,134,134,-0.34,22.12,17.78,27.53,33.7,1.175734,89,4.06,28.95,5.64,8.64,20.00,-0.34,23.39,-3.42,13.74,13.54,1.024997,67
24-09-2025,NYSE:KSS,Kohl's Corporation Common Stock,1919,8490034,6.54,17.12,-0.93,-0.70,6.31,18.52,52.63,46.55,19.04,-9.11,0,0,HV2Y,0,0,-1,-1,-1,-1,-1,-1.5,-1.5,-18.86,111.1,179.28,179.28,14.12,42.91,28.65,5.33,-28.4,1.175392,89,18.52,41.86,-12.82,-51.48,-34.78,14.12,36.3,-21.88,-46.38,-41.24,1.236135,97
24-09-2025,NASDAQ:ATEC,"Alphatec Holdings, Inc. - Common Stock",2251,1946042,3.25,15.21,-1.81,3.35,-0.92,-4.14,26.10,32.15,41.81,60.36,0,0,HVQ,0,HV2Y,-1,-1,-1,-1,-1,-8.1,-8.1,-8.1,47.6,61.29,205.42,-8.54,16.38,14.25,28.1,41.07,1.175289,89,-4.14,29.04,8.19,14.24,31.86,-8.54,23.48,-0.87,19.34,25.4,0.98491,27
24-09-2025,NYSE:PSTG,"Pure Storage, Inc. Class A Common Stock",27885,4714571,3.82,84.85,-3.90,-1.11,4.36,30.41,35.26,37.57,26.53,40.22,0,HVY,0,0,0,-1,-1,2,-1,-1,-3.9,-3.9,-3.9,55.77,128.21,128.21,26.01,25.54,19.67,12.82,20.93,1.175033,89,30.41,6.98,3.57,-17.69,18.64,26.01,1.42,-5.49,-12.59,12.18,1.108979,91
24-09-2025,NYSE:LMND,"Lemonade, Inc. Common Stock",3948,2281063,5.92,53.43,-7.11,-4.45,7.95,0.37,23.08,31.46,28.69,65.67,0,0,HV2Y,0,2,-1,-1,-1,-1,-1,-12.35,-12.35,-12.35,47.27,112.7,241.41,-4.03,13.36,13.56,14.98,46.38,1.174485,89,0.37,22.79,10.90,-4.04,51.86,-4.03,17.23,1.84,1.06,45.4,0.982354,24
24-09-2025,NYSE:SPHR,Sphere Entertainment Co. Class A Common Stock,2129,1544452,5.14,59.13,2.73,-3.89,7.61,24.03,33.18,43.99,37.78,30.54,0,HV2Y,0,HV2Y,0,-1,-1,3,-1,-1,-3.74,-3.74,-3.74,52.79,143.53,143.53,19.63,23.46,26.09,24.07,11.25,1.174116,89,24.03,12.04,16.17,-11.08,-11.63,19.63,6.48,7.11,-5.98,-18.09,1.093951,89
24-09-2025,NYSE:SA,"Seabridge Gold, Inc. Ordinary Shares (Canada)",2165,1640552,4.41,21.2,-3.15,9.25,16.79,22.88,32.64,44.01,45.42,17.74,0,0,0,0,0,-1,-1,-1,-1,-1,-3.28,-3.28,-3.28,50.57,117.44,117.44,18.48,22.92,26.11,31.71,-1.55,1.173166,89,22.88,12.66,16.88,2.53,-50.73,18.48,7.1,7.82,7.63,-57.19,1.106653,91
24-09-2025,NASDAQ:RIGL,"Rigel Pharmaceuticals, Inc. - Common Stock",543,727437,6.07,30.28,-10.99,-13.01,-20.48,-34.54,38.47,37.55,43.16,54.56,0,0,HV2Y,0,HV2Y,-1,-1,-1,-1,-1,-27.89,-27.89,-27.89,64.39,86.22,122.16,-38.94,28.75,19.65,29.45,35.27,1.172933,88,-34.54,54.27,-1.50,8.99,20.05,-38.94,48.71,-10.56,14.09,13.59,1.013431,58
24-09-2025,NASDAQ:SEPN,"Septerna, Inc. - Common Stock",754,253612,5.4,16.91,5.29,14.90,12.95,29.27,36.55,63.93,-38.38,NA,0,0,0,0,0,-1,-1,-1,-1,-1,0,0,-37.58,60.89,236.85,236.85,24.87,26.83,46.03,-52.09,0,1.172319,88,29.27,10.28,43.15,-283.61,NA,24.87,4.72,34.09,-278.51,0,1.245541,98
24-09-2025,NASDAQ:MIRM,"Mirum Pharmaceuticals, Inc. - common stock",3731,805944,3.02,74.26,0.87,1.51,-0.84,3.30,32.49,36.63,44.61,47.54,0,0,HVY,0,HV2Y,-1,-1,-1,6,-1,-4.41,-4.41,-4.41,53.46,93.44,96.2,-1.1,22.77,18.73,30.9,28.25,1.17131,88,3.30,30.19,6.12,12.60,5.28,-1.1,24.63,-2.94,17.7,-1.18,1.032824,71
24-09-2025,NYSE:EGO,Eldorado Gold Corporation Ordinary Shares,5700,2044268,3.06,28.05,-1.96,3.67,4.42,16.83,26.99,40.86,46.63,37.47,0,0,0,0,0,-1,-1,3,-1,-1,-1.96,-1.96,-1.96,42.03,79.46,109.17,12.43,17.27,22.96,32.92,18.18,1.171204,88,16.83,12.22,18.99,9.76,-17.17,12.43,6.66,9.93,14.86,-23.63,1.047774,78
24-09-2025,NASDAQ:OLMA,"Olema Pharmaceuticals, Inc. - Common Stock",573,1309349,9.57,8.35,-5.01,7.19,6.47,33.05,43.11,49.82,30.66,-63.35,0,HVY,0,0,HV2Y,-1,-1,-1,-1,-1,-5.01,-5.01,-38.78,96.01,172.88,172.88,28.65,33.39,31.92,16.95,-82.64,1.170829,88,33.05,15.03,11.79,-38.19,-135.58,28.65,9.47,2.73,-33.09,-142.04,1.267408,98
24-09-2025,NYSE:TPB,"Turning Point Brands, Inc. Common Stock",1748,326550,3.34,96.99,-5.79,-5.12,-1.23,-0.19,24.71,39.28,39.46,56.77,0,0,HV2Y,HV2Y,HV2Y,-1,-1,-1,9,-1,-5.79,-5.79,-5.79,35.9,77.87,137.49,-4.59,14.99,21.38,25.75,37.48,1.170826,88,-0.19,24.85,19.35,0.29,28.59,-4.59,19.29,10.29,5.39,22.13,0.991357,34
24-09-2025,NASDAQ:AZ,A2Z Cust2Mate Solutions Corp. - Common Shares,352,401876,7.29,8.4,-1.98,2.26,4.17,-10.95,-16.61,13.21,18.10,76.93,0,0,HV2Y,HV2Y,HV2Y,-1,-1,-1,-1,-1,-29.41,-29.41,-29.41,6.46,25.94,357.89,-15.35,-26.33,-4.69,4.39,57.64,1.170592,88,-10.95,-5.10,25.57,5.62,71.84,-15.35,-10.66,16.51,10.72,65.38,0.879091,1
24-09-2025,NASDAQ:LRCX,Lam Research Corporation - Common Stock,161816,11746514,2.68,128.32,-2.74,5.00,16.33,21.07,25.17,39.47,44.51,39.75,0,0,0,HVY,0,-1,1,-1,-1,-1,-2.93,-2.93,-2.93,35.3,117.16,117.16,16.67,15.45,21.57,30.8,20.46,1.170081,88,21.07,5.19,19.11,8.32,-8.58,16.67,-0.37,10.05,13.42,-15.04,1.04644,77
24-09-2025,NASDAQ:GSAT,"Globalstar, Inc. - Common Stock",4525,1415263,6.68,35.72,-2.40,4.03,12.88,25.14,35.02,35.08,21.05,48.35,0,HVQ,0,0,HV2Y,-1,-1,-1,-1,-1,-5.85,-5.85,-5.85,54.36,103.13,131.2,20.74,25.3,17.18,7.34,29.06,1.168249,88,25.14,13.20,0.09,-21.60,34.57,20.74,7.64,-8.97,-16.5,28.11,1.090354,89
24-09-2025,NYSE:YSG,"Yatsen Holding Limited American Depositary Shares, each representing twenty (20) Class A Ordinary Shares",867,366256,5.87,9.01,-2.49,-10.77,-13.43,-9.88,-21.20,40.73,50.72,63.93,0,0,HVY,HVY,2,-1,-1,-1,-1,-1,-17.79,-17.79,-17.79,9.74,155.97,197.36,-14.28,-30.92,22.83,37.01,44.64,1.168112,88,-9.88,-10.30,51.10,16.85,26.80,-14.28,-15.86,42.04,21.95,20.34,0.877763,1
24-09-2025,NYSE:CVI,CVR Energy Inc. Common Stock,3503,2463564,4.53,34.85,-1.30,5.02,8.41,18.45,22.93,42.53,48.49,32.65,0,0,0,0,0,-1,-1,-1,-1,-1,-1.47,-1.47,-1.47,39.79,117,119.18,14.05,13.21,24.63,34.78,13.36,1.167114,88,18.45,5.49,25.43,10.38,-30.75,14.05,-0.07,16.37,15.48,-37.21,1.045784,77
24-09-2025,NASDAQ:TSSI,"TSS, Inc. - Common Stock",496,2991298,8.29,17.47,-4.80,13.05,8.64,14.88,-55.52,41.90,42.01,65.76,0,0,0,HV2Y,HV2Y,-1,-1,-1,-1,-1,-43.83,-43.83,-43.83,41.11,179.97,206.49,10.48,-65.24,24,28.3,46.47,1.166006,88,14.88,-82.72,62.64,0.20,40.95,10.48,-88.28,53.58,5.3,34.49,0.881913,1
24-09-2025,NYSE:BVN,Buenaventura Mining Company Inc.,5293,1424324,2.95,22.86,3.67,13.30,12.34,19.07,29.66,32.20,45.49,40.20,0,0,0,0,0,-1,-1,-1,1,-1,0,0,0,42.16,76.66,98.44,14.67,19.94,14.3,31.78,20.91,1.165446,88,19.07,13.08,3.61,19.61,-9.71,14.67,7.52,-5.45,24.71,-16.17,1.057593,81
24-09-2025,NASDAQ:AVGO,Broadcom Inc. - Common Stock,1602346,30482476,3.48,339.31,0.11,-2.02,-8.92,13.29,22.00,44.52,35.66,49.57,0,HVQ,0,0,HV2Y,-1,-1,-1,13,-1,-8.19,-8.19,-8.19,28.21,131.94,131.94,8.89,12.28,26.62,21.95,30.28,1.165145,88,13.29,10.05,28.86,-15.97,21.63,8.89,4.49,19.8,-10.87,15.17,1.015826,60
24-09-2025,NASDAQ:BIDU,"Baidu, Inc. - American Depositary Shares, each representing 8 ordinary share",45397,8354651,3.65,132.92,5.85,-3.69,19.05,30.84,34.81,28.24,35.62,35.12,HV2Y,0,0,0,HV2Y,-1,2,-1,-1,-1,-3.56,-3.56,-3.56,54.99,72.94,72.94,26.44,25.09,10.34,21.91,15.83,1.164281,88,30.84,5.74,-10.08,10.27,-0.77,26.44,0.18,-19.14,15.37,-7.23,1.11077,92
24-09-2025,AMEX:SVM,Silvercorp Metals Inc. Common Shares,1286,6538742,5.32,5.88,-3.61,12.24,15.14,22.62,30.44,30.78,49.49,27.72,0,0,0,0,0,-1,-1,-1,-1,-1,-3.76,-3.76,-3.76,44.47,82.61,104.17,18.22,20.72,12.88,35.78,8.43,1.163099,88,22.62,10.11,0.49,27.03,-43.10,18.22,4.55,-8.57,32.13,-49.56,1.087627,88
24-09-2025,NYSE:QD,"Qudian Inc. American Depositary Shares, each representing one Class A Ordinary Share",687,333113,4.29,4.15,-0.24,0.72,0.72,-10.12,31.08,35.66,39.04,55.90,0,0,HV2Y,0,0,-1,-1,-1,-1,-1,-17.33,-17.33,-17.33,45.61,92.13,128.02,-14.52,21.36,17.76,25.33,36.61,1.162958,88,-10.12,37.42,6.64,5.24,27.67,-14.52,31.86,-2.42,10.34,21.21,1.002801,47
24-09-2025,NYSE:NUS,"Nu Skin Enterprises, Inc. Common Stock",588,631022,4.95,11.87,-3.81,0.08,2.95,-1.26,34.88,42.29,42.12,40.52,0,0,0,0,0,-1,-1,-1,-1,-1,-7.55,-7.55,-7.55,53.56,116.61,116.61,-5.66,25.16,24.39,28.41,21.23,1.162759,88,-1.26,35.69,11.38,-0.29,-2.77,-5.66,30.13,2.32,4.81,-9.23,1.04634,77
24-09-2025,NYSE:DB,Deutsche Bank AG Common Stock,69979,2584175,1.44,35.95,-0.88,-1.45,-0.70,-2.75,18.55,29.76,52.38,52.93,0,0,0,0,0,-1,-1,-1,14,-1,-4.03,-4.03,-4.03,25.22,84.36,121.91,-7.15,8.83,11.86,38.67,33.64,1.161362,88,-2.75,20.74,13.76,32.20,1.17,-7.15,15.18,4.7,37.3,-5.29,0.973413,18
24-09-2025,NASDAQ:GEVO,"Gevo, Inc. - Common Stock",505,5367891,6.73,2.09,1.46,1.91,22.49,14.83,39.71,40.19,30.14,35.89,0,HV2Y,HV2Y,0,HV2Y,-1,-1,-1,-1,-1,0,0,-36.47,81.74,104.9,104.9,10.43,29.99,22.29,16.43,16.6,1.161221,88,14.83,29.21,0.79,-16.80,8.22,10.43,23.65,-8.27,-11.7,1.76,1.099952,90
24-09-2025,NASDAQ:RMNI,"Rimini Street, Inc. - Common Stock",426,273252,4.19,4.6,-1.08,1.96,2.83,8.48,16.09,18.26,45.43,60.43,0,0,HVQ,0,HV2Y,-1,-1,-1,-1,-1,-12.21,-12.21,-12.21,22.02,56.46,189.31,4.08,6.37,0.36,31.72,41.14,1.161094,88,8.48,8.31,2.59,33.24,27.49,4.08,2.75,-6.47,38.34,21.03,0.972956,17
24-09-2025,NASDAQ:CLSK,"CleanSpark, Inc. - Common Stock",4062,27031966,7.03,14.45,3.88,20.83,30.59,34.60,26.64,39.58,24.50,37.51,HVQ,0,0,0,0,-1,-1,-1,-1,-1,0,0,-18.04,59.14,115.03,115.03,30.2,16.92,21.68,10.79,18.22,1.160877,88,34.60,-12.17,17.64,-24.97,17.23,30.2,-17.73,8.58,-19.87,10.77,1.093103,89
24-09-2025,NASDAQ:EM,Smart Share Global Limited - American Depositary Shares,332,584725,2.17,1.35,3.05,0.00,-0.74,5.19,15.56,17.04,46.96,60.89,0,HVQ,HVQ,HV2Y,HV2Y,-1,-1,-1,-1,-1,-2.17,-2.17,-2.17,20.54,31.07,164.14,0.79,5.84,-0.86,33.25,41.6,1.160684,88,5.19,10.94,1.75,36.07,26.26,0.79,5.38,-7.31,41.17,19.8,0.966528,14
24-09-2025,NASDAQ:CMPS,COMPASS Pathways Plc - American Depository Shares,472,1739234,6.39,5.54,9.92,9.03,8.84,17.33,50.18,44.58,29.24,-30.87,0,0,0,0,0,-1,-1,-1,-1,-1,0,0,-23.59,108.27,135.74,135.74,12.93,40.46,26.68,15.53,-50.16,1.159662,88,17.33,39.74,-11.23,-27.69,-84.95,12.93,34.18,-20.29,-22.59,-91.41,1.236384,97
24-09-2025,NYSE:HRTG,"Heritage Insurance Holdings, Inc. Common Stock",763,534269,5.72,24.61,-9.79,-1.06,10.52,11.54,11.05,43.23,53.19,36.37,0,0,0,0,0,-1,-1,-1,-1,-1,-13.35,-13.35,-13.35,29.39,78.59,163.49,7.14,1.33,25.33,39.48,17.08,1.159469,88,11.54,-0.55,36.18,17.54,-35.94,7.14,-6.11,27.12,22.64,-42.4,1.00087,45
24-09-2025,NASDAQ:DMAC,DiaMedica Therapeutics Inc. - Common Stock,354,536244,6.41,6.85,-0.15,-0.29,-4.09,12.41,42.34,33.28,28.91,39.71,0,0,HV2Y,0,HV2Y,-1,-1,-1,-1,-1,-5.91,-5.91,-5.91,91.88,102.66,102.66,8.01,32.62,15.38,15.2,20.42,1.156977,88,12.41,34.17,-15.70,-6.56,15.20,8.01,28.61,-24.76,-1.46,8.74,1.105502,91
24-09-2025,AMEX:BTG,B2Gold Corp Common shares (Canada),6416,49935828,3.64,4.85,-1.62,10.72,10.52,18.56,25.98,34.64,49.69,30.31,0,0,0,0,0,-1,-1,-1,-1,-1,-1.62,-1.62,-1.62,46.08,83.71,110.87,14.16,16.26,16.74,35.98,11.02,1.156662,88,18.56,9.11,11.70,23.03,-38.52,14.16,3.55,2.64,28.13,-44.98,1.059303,82
24-09-2025,NASDAQ:ZIMV,ZimVie Inc. - Common Stock,533,671007,0.27,18.91,0.05,0.16,0.26,-0.26,52.62,37.97,28.50,12.48,0,0,HV2Y,0,HV2Y,-1,-1,-1,18,-1,-0.32,-0.32,-0.32,124.05,128.38,128.38,-4.66,42.9,20.07,14.79,-6.81,1.156524,88,-0.26,52.74,-30.92,-15.26,-22.41,-4.66,47.18,-39.98,-10.16,-28.87,1.18279,96
24-09-2025,NASDAQ:SIMO,"Silicon Motion Technology Corporation - American Depositary Shares, each representing four ordinary shares",3104,335829,3.77,92.44,1.19,4.31,9.45,15.97,22.70,40.76,42.42,40.53,0,0,0,HVY,0,-1,-1,6,-1,-1,-2.76,-2.76,-2.76,29.89,137.33,137.33,11.57,12.98,22.86,28.71,21.24,1.155231,88,15.97,8.01,23.37,2.79,-3.27,11.57,2.45,14.31,7.89,-9.73,1.028785,69
24-09-2025,NASDAQ:TSEM,Tower Semiconductor Ltd. - Ordinary Shares,7579,1433837,4.04,67.82,-1.04,0.03,0.25,15.11,36.83,42.69,25.46,37.61,0,0,HVQ,0,0,-1,-1,5,-1,-1,-2.49,-2.49,-2.49,59.88,128.74,128.74,10.71,27.11,24.79,11.75,18.32,1.154474,88,15.11,25.59,9.27,-30.05,16.30,10.71,20.03,0.21,-24.95,9.84,1.089219,89
24-09-2025,NASDAQ:INTR,Inter & Co. Inc. - Class A Common Shares,4041,2146134,2.68,9.19,-2.96,1.09,4.24,10.12,20.35,38.74,56.04,22.52,0,0,0,0,0,-1,-1,-1,-1,-1,-2.96,-2.96,-2.96,41.6,82.34,132.66,5.72,10.63,20.84,42.33,3.23,1.153778,87,10.12,11.38,23.09,28.24,-76.24,5.72,5.82,14.03,33.34,-82.7,1.046852,78
24-09-2025,NYSE:CVNA,Carvana Co. Class A Common Stock,80660,2406224,3.62,374.81,-0.87,-0.87,2.59,3.39,15.75,40.86,40.51,53.62,0,0,0,0,0,-1,-1,-1,-1,9,-4.36,-4.36,-4.36,22.3,130.55,130.55,-1.01,6.03,22.96,26.8,34.33,1.153597,87,3.39,12.80,29.80,-0.60,22.03,-1.01,7.24,20.74,4.5,15.57,0.975039,19
24-09-2025,NASDAQ:RITR,Reitar Logtech Holdings Limited - Ordinary shares,387,1293142,10.52,6.19,1.14,9.85,14.70,24.07,-4.68,55.90,36.35,34.25,0,0,0,0,HV2Y,-1,-1,-1,-1,-1,-4.48,-4.48,-25.06,87.01,136.26,158.02,19.67,-14.4,38,22.64,14.96,1.153109,87,24.07,-37.87,57.87,-44.32,-3.30,19.67,-43.43,48.81,-39.22,-9.76,1.013596,58
24-09-2025,NYSE:WWW,"Wolverine World Wide, Inc. Common Stock",2304,1739175,3.18,28.35,-2.31,-8.11,-8.92,-7.65,37.07,48.54,20.81,45.86,0,0,HVQ,0,HV2Y,-1,-1,-1,10,-1,-12.5,-12.5,-12.5,58.91,181.53,181.53,-12.05,27.35,30.64,7.1,26.57,1.152945,87,-7.65,41.55,18.22,-53.87,31.63,-12.05,35.99,9.16,-48.77,25.17,1.060661,82
24-09-2025,NYSE:MBI,MBIA Inc. Common Stock,384,425892,5.11,7.6,-2.44,8.68,2.63,-1.58,43.82,30.53,19.74,51.05,0,HVQ,HVQ,0,HV2Y,-1,-1,-1,-1,-1,-6.52,-6.52,-6.52,77.99,93.88,127.54,-5.98,34.1,12.63,6.03,31.76,1.152888,87,-1.58,44.69,-23.65,-15.53,39.02,-5.98,39.13,-32.71,-10.43,32.56,1.088686,89
24-09-2025,NASDAQ:MESO,Mesoblast Limited - American Depositary Shares,2086,321665,3.45,16.26,-0.31,7.32,4.31,3.38,35.12,13.22,23.06,61.93,0,0,HVQ,0,HV2Y,-1,-1,-1,-1,-1,-4.41,-4.41,-22.72,55.6,62.11,162.68,-1.02,25.4,-4.68,9.35,42.64,1.152771,87,3.38,32.85,-33.74,11.34,50.52,-1.02,27.29,-42.8,16.44,44.06,1.042373,76
24-09-2025,NYSE:IHS,IHS Holding Limited Ordinary Shares,2244,490925,3.32,6.73,-1.61,-2.82,-6.98,-10.40,15.75,20.51,54.23,55.72,0,0,0,0,HV2Y,-1,-1,-1,-1,-1,-11.56,-11.56,-11.56,23.49,54.36,160.85,-14.8,6.03,2.61,40.52,36.43,1.151492,87,-10.40,23.69,5.64,42.43,3.25,-14.8,18.13,-3.42,47.53,-3.21,0.956656,9
24-09-2025,NYSE:FTK,"Flotek Industries, Inc. Common Stock",398,433242,4.83,13.32,0.45,11.56,16.67,6.53,-7.66,34.76,44.74,60.14,0,0,0,HV2Y,HV2Y,-1,-1,-1,-1,-1,-10.36,-19.52,-19.52,20.65,113.12,187.69,2.13,-17.38,16.86,31.03,40.85,1.149829,87,6.53,-15.18,39.40,15.30,27.85,2.13,-20.74,30.34,20.4,21.39,0.921038,3
24-09-2025,NASDAQ:SITM,SiTime Corporation - Common Stock,7637,394302,4.76,293.69,-7.66,5.27,16.38,21.13,30.62,36.58,26.42,44.31,0,0,0,0,HV2Y,-1,1,-1,-1,-1,-7.66,-7.66,-7.66,54.44,151.47,151.47,16.73,20.9,18.68,12.71,25.02,1.149604,87,21.13,12.04,8.58,-16.01,24.30,16.73,6.48,-0.48,-10.91,17.84,1.065319,83
24-09-2025,NASDAQ:ALNY,"Alnylam Pharmaceuticals, Inc. - Common Stock",60083,1134374,2.54,454.41,-0.98,-1.50,-6.10,0.01,28.48,36.03,47.64,39.19,0,0,HVQ,0,HV2Y,-1,-1,-1,11,-1,-5.75,-5.75,-5.75,46.06,102.57,102.57,-4.39,18.76,18.13,33.93,19.9,1.14661,87,0.01,28.47,10.55,18.16,-16.14,-4.39,22.91,1.49,23.26,-22.6,1.025579,67
24-09-2025,NASDAQ:LRMR,"Larimar Therapeutics, Inc. - Common Stock",437,1775859,7.81,5.1,14.86,20.00,21.57,27.06,36.27,54.71,21.96,-38.63,HV2Y,0,HV2Y,0,0,-1,-1,-1,-1,-1,0,0,-45.1,77.08,198.25,198.25,22.66,26.55,36.81,8.25,-57.92,1.146536,87,27.06,12.63,28.92,-72.29,-77.64,22.66,7.07,19.86,-67.19,-84.1,1.200605,97
24-09-2025,NASDAQ:DAKT,"Daktronics, Inc. - Common Stock",1028,642669,4.02,21.19,-4.03,-7.27,0.99,20.34,31.81,40.02,20.06,42.76,0,HVQ,0,0,HV2Y,-1,-1,-1,-1,-1,-11.86,-11.86,-11.86,46.64,87.36,87.36,15.94,22.09,22.12,6.35,23.47,1.146199,87,20.34,14.40,12.04,-33.28,28.39,15.94,8.84,2.98,-28.18,21.93,1.075773,86
24-09-2025,NASDAQ:AVDL,Avadel Pharmaceuticals plc - Ordinary Share,1514,1524805,3.47,15.59,-1.39,-0.45,-1.41,5.00,39.45,47.40,35.15,14.05,0,0,0,0,0,-1,-1,-1,-1,-1,-3.94,-3.94,-4.36,76.96,136.57,136.57,0.6,29.73,29.5,21.44,-5.24,1.14619,87,5.00,36.26,13.14,-23.29,-32.54,0.6,30.7,4.08,-18.19,-39,1.109212,92
24-09-2025,NASDAQ:TVTX,"Travere Therapeutics, Inc. - Common Stock",2176,2996637,6.32,24.41,0.74,3.11,-11.88,29.41,38.78,13.93,28.72,37.69,0,HV2Y,0,0,HV2Y,-1,-1,-1,-1,-1,-10.62,-10.62,-10.62,67.13,80.95,80.95,25.01,29.06,-3.97,15.01,18.4,1.145695,87,29.41,13.26,-40.58,17.18,12.59,25.01,7.7,-49.64,22.28,6.13,1.129963,93
24-09-2025,NASDAQ:LAUR,"Laureate Education, Inc. - Common Stock",4493,984492,2.23,30.49,-0.85,2.53,8.95,11.84,26.04,33.85,40.37,44.77,0,0,0,0,0,-1,-1,5,-1,-1,-0.85,-0.85,-0.85,35.21,66.25,99.41,7.44,16.32,15.95,26.66,25.48,1.145302,87,11.84,16.11,10.55,9.87,7.37,7.44,10.55,1.49,14.97,0.91,1.02621,68
24-09-2025,NASDAQ:UPWK,Upwork Inc. - Common Stock,2642,3677356,4.26,19.92,1.32,8.94,20.13,25.15,32.83,30.22,18.47,46.23,0,0,0,0,HV2Y,-1,-1,2,-1,-1,-0.75,-0.75,-0.75,69.53,69.53,98.21,20.75,23.11,12.32,4.76,26.94,1.14503,87,25.15,10.26,-3.89,-16.83,34.05,20.75,4.7,-12.95,-11.73,27.59,1.083868,88
24-09-2025,NYSE:CCJ,Cameco Corporation Common Stock,36176,4783681,4.62,83.09,-4.37,1.54,4.36,9.77,14.03,46.47,36.32,46.56,0,0,HV2Y,HV2Y,0,-1,-1,-1,-1,-1,-4.37,-4.37,-4.37,17.91,126.53,126.53,5.37,4.31,28.57,22.61,27.27,1.144882,87,9.77,4.72,37.73,-18.95,16.08,5.37,-0.84,28.67,-13.85,9.62,0.9946,38
24-09-2025,NYSE:CMPO,"CompoSecure, Inc.  - Class A Common Stock",2052,1038263,3.59,20.04,-1.52,2.00,3.94,1.95,28.79,42.37,35.52,44.26,0,0,HVQ,0,HV2Y,-1,-1,-1,8,-1,-1.52,-1.52,-1.52,45.22,107.67,107.67,-2.45,19.07,24.47,21.81,24.97,1.144808,87,1.95,27.38,19.06,-11.88,13.55,-2.45,21.82,10,-6.78,7.09,1.025391,67
24-09-2025,NYSE:NRG,"NRG Energy, Inc. Common Stock",32028,2275248,3.27,165.58,-1.10,0.60,2.64,12.57,7.40,38.24,46.10,47.40,0,0,0,HVY,0,-1,6,-1,-1,-1,-4.79,-4.79,-4.79,14.37,98.04,98.04,8.17,-2.32,20.34,32.39,28.11,1.144318,87,12.57,-5.91,33.30,12.73,2.42,8.17,-11.47,24.24,17.83,-4.04,0.975235,19
24-09-2025,NASDAQ:DHC,Diversified Healthcare Trust  - Common Shares of Beneficial Interest,1111,1000828,4.53,4.42,-3.91,0.23,1.36,16.06,20.36,45.25,48.19,15.61,0,0,0,0,0,-1,-1,-1,-1,-1,-3.91,-3.91,-3.91,35.17,113.53,116.67,11.66,10.64,27.35,34.48,-3.68,1.143289,87,16.06,5.12,31.25,5.37,-62.88,11.66,-0.44,22.19,10.47,-69.34,1.059442,82
24-09-2025,NASDAQ:IHRT,"iHeartMedia, Inc. - Class A Common Stock",369,930388,9.01,2.7,-9.09,-6.30,20.37,17.04,36.30,32.22,28.89,39.63,0,HVQ,HVQ,0,HV2Y,-1,-1,-1,-1,-1,-13.18,-13.18,-13.18,68.75,174.59,174.59,12.64,26.58,14.32,15.18,20.34,1.143114,87,17.04,23.21,-6.40,-4.92,15.10,12.64,17.65,-15.46,0.18,8.64,1.08364,87
24-09-2025,NYSE:CGAU,Centerra Gold Inc. Common Shares,1988,2076388,3.03,9.78,-0.41,6.24,8.38,21.57,27.30,35.28,41.92,29.14,0,0,0,0,0,-1,-1,-1,-1,-1,-0.41,-0.41,-0.41,43.82,77.17,77.82,17.17,17.58,17.38,28.21,9.85,1.142883,87,21.57,7.30,10.97,10.27,-22.01,17.17,1.74,1.91,15.37,-28.47,1.067602,85
24-09-2025,NYSE:FSM,Fortuna Mining Corp. Common Shares,2585,20678098,4.26,8.42,-1.29,6.18,6.41,11.05,23.04,27.43,48.69,41.69,0,0,HVQ,HV2Y,HV2Y,-1,-1,-1,-1,-1,-1.29,-1.29,-1.29,35.37,62.24,100,6.65,13.32,9.53,34.98,22.4,1.142567,87,11.05,13.48,5.71,29.30,-13.66,6.65,7.92,-3.35,34.4,-20.12,1.021413,64
24-09-2025,NASDAQ:AUPH,Aurinia Pharmaceuticals Inc - Common Shares,1695,1545956,3.27,12.88,-0.92,4.50,5.12,5.78,37.66,32.69,29.81,44.10,0,0,HVY,0,0,-1,-1,-1,-1,-1,-1.45,-1.45,-1.45,72.42,78.89,90.81,1.38,27.94,14.79,16.1,24.81,1.141924,87,5.78,33.83,-7.97,-4.27,20.35,1.38,28.27,-17.03,0.83,13.89,1.066974,84
24-09-2025,NASDAQ:WGS,GeneDx Holdings Corp. - Class A Common Stock,3281,465768,4.6,114.22,-5.97,-11.99,-7.86,-6.70,22.14,11.93,34.07,64.63,0,0,0,0,HV2Y,-1,-1,-1,-1,-1,-13.82,-13.82,-13.82,46.68,102.66,210.04,-11.1,12.42,-5.97,20.36,45.34,1.141765,87,-6.70,27.03,-13.11,25.14,46.35,-11.1,21.47,-22.17,30.24,39.89,0.971812,17
24-09-2025,NYSE:SBH,"Sally Beauty Holdings, Inc. (Name to be changed from Sally Holdings, Inc.) Common Stock",1535,2635187,3.96,15.51,-1.02,1.35,5.67,12.89,43.33,44.17,23.53,12.83,0,0,0,0,HV2Y,-1,-1,5,-1,-1,-1.77,-1.77,-1.77,76.45,99.1,99.1,8.49,33.61,26.27,9.82,-6.46,1.141225,87,12.89,34.94,1.48,-36.95,-14.00,8.49,29.38,-7.58,-31.85,-20.46,1.143133,94
24-09-2025,NASDAQ:TIGO,Millicom International Cellular S.A. - Common Stock,7888,1225003,3.27,47.22,-6.09,-2.29,-1.59,-1.25,22.74,37.00,48.16,41.04,0,0,0,HV2Y,HV2Y,-1,-1,-1,11,-1,-6.09,-6.09,-6.09,31.09,75.21,98.07,-5.65,13.02,19.1,34.45,21.75,1.140181,87,-1.25,23.70,18.45,17.71,-13.73,-5.65,18.14,9.39,22.81,-20.19,1.002968,47
24-09-2025,NASDAQ:TEM,"Tempus AI, Inc. - Class A Common Stock",13764,9264960,6.87,79.23,-5.82,-9.11,1.35,4.20,17.37,26.08,58.31,31.30,0,0,0,HV2Y,HV2Y,-1,-1,-1,2,-1,-10.76,-10.76,-11.42,44.34,112.81,148.92,-0.2,7.65,8.18,44.6,12.01,1.139294,87,4.20,13.74,10.54,43.61,-64.79,-0.2,8.18,1.48,48.71,-71.25,1.021823,65
24-09-2025,AMEX:ORLA,Orla Mining Ltd. Common Shares,3441,3461638,5.16,10.56,-2.58,-8.81,-7.58,1.52,6.72,13.45,46.97,60.89,0,0,0,0,0,-1,-1,-1,-1,-1,-17.37,-17.37,-17.37,13.55,28.62,175,-2.88,-3,-4.45,33.26,41.6,1.138933,87,1.52,5.29,7.21,38.73,26.25,-2.88,-0.27,-1.85,43.83,19.79,0.940786,6
24-09-2025,NYSE:HMY,Harmony Gold Mining Company Limited,11556,8590134,4.32,17.25,-4.49,13.74,10.43,8.87,18.72,26.72,51.65,40.35,HV2Y,0,0,0,0,-1,-1,-1,-1,-1,-4.49,-4.49,-4.49,36.8,37.34,111.92,4.47,9,8.82,37.94,21.06,1.137336,86,8.87,10.81,9.84,34.02,-23.38,4.47,5.25,0.78,39.12,-29.84,1.009112,54
24-09-2025,NASDAQ:AEIS,"Advanced Energy Industries, Inc. - Common Stock",6430,392318,2.96,176.59,1.04,10.51,12.36,12.50,24.96,39.31,34.25,42.37,0,0,0,0,0,-1,-1,-1,17,-1,0,0,0,33.47,123.45,123.45,8.1,15.24,21.41,20.54,23.08,1.137124,86,12.50,14.24,19.12,-8.33,12.35,8.1,8.68,10.06,-3.23,5.89,1.029504,70
24-09-2025,NASDAQ:TREE,"LendingTree, Inc. - Common Stock",941,222502,3.33,69.11,-1.83,-9.64,-3.78,-1.03,48.23,20.49,43.35,13.04,0,0,0,0,HV2Y,-1,-1,6,-1,-1,-9.67,-9.67,-9.67,93.15,104.83,104.83,-5.43,38.51,2.59,29.64,-6.25,1.136248,86,-1.03,48.75,-53.58,28.75,-53.51,-5.43,43.19,-62.64,33.85,-59.97,1.164322,95
24-09-2025,NYSE:AGI,Alamos Gold Inc. Class A Common Shares,14021,4465562,2.94,33.79,1.47,6.45,3.76,15.95,23.50,24.03,46.55,39.92,0,0,0,0,0,-1,-1,-1,-1,-1,0,0,0,39.05,41.92,92.65,11.55,13.78,6.13,32.84,20.63,1.136179,86,15.95,8.98,0.70,29.65,-12.40,11.55,3.42,-8.36,34.75,-18.86,1.033595,72
24-09-2025,NYSE:BBVA,Banco Bilbao Vizcaya Argentaria S.A. Common Stock,109840,1142432,1.23,19.28,1.58,1.40,2.02,3.27,22.82,24.84,49.90,43.67,0,0,0,0,0,-1,-1,-1,11,-1,-0.16,-0.16,-0.16,30.89,62.02,108.43,-1.13,13.1,6.94,36.19,24.38,1.135758,86,3.27,20.21,2.62,33.33,-12.42,-1.13,14.65,-6.44,38.43,-18.88,1.008044,53
24-09-2025,NASDAQ:CENX,Century Aluminum Company - Common Stock,2413,1757690,4.5,25.85,-3.72,-2.13,13.46,13.77,33.11,28.05,30.14,44.80,0,0,HV2Y,HV2Y,0,-1,-1,-1,-1,-1,-6.24,-6.24,-6.24,49.51,88.69,88.69,9.37,23.39,10.15,16.43,25.51,1.134976,86,13.77,22.43,-7.58,2.90,20.99,9.37,16.87,-16.64,8,14.53,1.05865,81
24-09-2025,NYSE:FN,Fabrinet Ordinary Shares,13101,735072,4.35,366.66,-3.56,2.30,-1.61,14.83,22.03,39.28,39.25,36.85,0,0,0,0,0,-1,-1,-1,-1,-1,-5.86,-5.86,-5.86,32.35,114.38,114.38,10.43,12.31,21.38,25.54,17.56,1.134444,86,14.83,8.45,22.13,-0.05,-3.96,10.43,2.89,13.07,5.05,-10.42,1.029504,70
24-09-2025,NASDAQ:ILPT,Industrial Logistics Properties Trust - Common Shares of Beneficial Interest,406,374800,3.53,6.14,0.33,-3.75,-1.95,3.09,26.87,43.16,47.07,19.71,0,0,HVQ,0,HV2Y,-1,-1,-1,-1,-1,-4.81,-4.81,-4.81,36.75,144.62,144.62,-1.31,17.15,25.26,33.36,0.42,1.133127,86,3.09,24.54,22.27,6.88,-51.69,-1.31,18.98,13.21,11.98,-58.15,1.051718,79
24-09-2025,NASDAQ:SION,"Sionna Therapeutics, Inc. - Common Stock",1195,302246,10.1,27.08,1.31,17.95,13.33,11.15,44.72,52.25,NA,NA,0,0,0,0,0,-1,-1,-1,-1,-1,0,0,0,82.6,253.52,253.52,6.75,35,34.35,0,0,1.133111,86,11.15,37.78,13.63,NA,NA,6.75,32.22,4.57,0,0,1.006406,51
24-09-2025,NASDAQ:AQST,"Aquestive Therapeutics, Inc. - Common Stock",656,3467778,7.09,5.2,0.58,6.35,4.23,23.46,38.27,37.50,33.46,0.00,HV2Y,HV2Y,0,0,0,12.35,-1,-1,-1,-1,-8.29,-8.29,-8.29,61.99,134.23,134.23,19.06,28.55,19.6,19.75,-19.29,1.132874,86,23.46,19.35,-1.25,-6.46,-50.29,19.06,13.79,-10.31,-1.36,-56.75,1.147748,95
24-09-2025,NASDAQ:CORT,Corcept Therapeutics Incorporated - Common Stock,8834,904828,3.89,83.84,0.62,10.33,14.58,17.92,11.75,30.44,38.99,49.61,0,0,0,HV2Y,0,-1,-1,-1,-1,-1,0,-26.6,-26.6,24.82,53.47,98.44,13.52,2.03,12.54,25.28,30.32,1.132546,86,17.92,-7.51,21.18,12.29,17.40,13.52,-13.07,12.12,17.39,10.94,0.990775,34
24-09-2025,NASDAQ:TSHA,"Taysha Gene Therapies, Inc. - Common Stock",859,4147555,6.31,3.15,7.88,7.94,-3.17,7.30,22.54,43.81,41.27,31.75,0,HVQ,HVQ,0,HV2Y,-1,-1,-1,-1,-1,-6.25,-6.25,-6.25,36.36,178.76,178.76,2.9,12.82,25.91,27.56,12.46,1.131471,86,7.30,16.44,27.46,-4.52,-16.22,2.9,10.88,18.4,0.58,-22.68,1.027104,68
24-09-2025,NYSE:NPKI,NPK International Inc. Common Stock,940,662485,2.45,11.13,-0.71,3.41,4.31,7.28,23.63,47.17,34.95,32.88,0,0,0,0,0,-1,-1,8,-1,-1,-0.71,-0.71,-0.71,33.13,124.85,124.85,2.88,13.91,29.27,21.24,13.59,1.131062,86,7.28,17.64,30.82,-23.13,-3.18,2.88,12.08,21.76,-18.03,-9.64,1.032869,72
24-09-2025,NASDAQ:CORZ,"Core Scientific, Inc. - Common Stock",5195,12097620,4.26,17.01,0.06,4.35,6.00,19.58,27.69,49.09,14.87,29.57,0,0,HV2Y,0,HV2Y,-1,-1,-1,-1,-1,-5.5,-5.5,-6.69,38.29,166.2,166.2,15.18,17.97,31.19,1.16,10.28,1.130191,86,19.58,10.09,29.59,-67.21,17.27,15.18,4.53,20.53,-62.11,10.81,1.086403,88
24-09-2025,NASDAQ:FIVE,"Five Below, Inc. - Common Stock",8502,1606052,3.73,154.18,-0.42,3.63,5.31,8.88,16.90,50.05,30.11,38.12,0,0,0,0,0,-1,-1,-1,-1,-1,-0.81,-0.81,-0.81,20.33,176.56,176.56,4.48,7.18,32.15,16.4,18.83,1.129946,86,8.88,8.80,39.90,-39.92,11.45,4.48,3.24,30.84,-34.82,4.99,1.017918,62
24-09-2025,NASDAQ:ANIP,"ANI Pharmaceuticals, Inc. - Common Stock",2061,382724,2.45,95.33,-0.63,-2.33,-3.28,4.53,29.74,30.79,43.48,36.66,0,0,HVQ,0,0,-1,-1,-1,3,-1,-3.52,-3.52,-3.52,50.48,66.46,78.69,0.13,20.02,12.89,29.77,17.37,1.129304,86,4.53,26.40,1.49,18.34,-12.06,0.13,20.84,-7.57,23.44,-18.52,1.039199,74
24-09-2025,NASDAQ:BBIO,"BridgeBio Pharma, Inc. - Common Stock",9683,2459438,3.95,50.65,-1.65,-1.05,-4.56,6.63,12.38,27.46,48.25,47.21,0,0,0,0,HV2Y,-1,-1,-1,16,-1,-6.7,-6.7,-6.7,18.4,68.05,126.62,2.23,2.66,9.56,34.54,27.92,1.129147,86,6.63,6.15,17.21,28.66,-2.02,2.23,0.59,8.15,33.76,-8.48,0.977255,21
24-09-2025,NASDAQ:MDB,"MongoDB, Inc. - Class A Common Stock",25652,3915137,3.93,315.3,-1.15,-0.03,-6.21,30.72,34.42,36.99,22.30,11.69,0,HV2Y,0,0,0,-1,-1,-1,-1,-1,-5.84,-5.84,-9.95,56.87,116.18,116.18,26.32,24.7,19.09,8.59,-7.6,1.128335,86,30.72,5.35,3.92,-23.33,-13.65,26.32,-0.21,-5.14,-18.23,-20.11,1.135877,94
24-09-2025,NASDAQ:SRAD,Sportradar Group AG - Class A Ordinary Shares,9186,1680628,3.07,29.54,-1.80,2.06,-5.75,-6.74,9.11,22.71,43.77,58.97,0,0,0,HV2Y,HV2Y,-1,-1,-1,-1,-1,-7.08,-7.08,-7.08,10.02,45.37,149.49,-11.14,-0.61,4.81,30.06,39.68,1.127222,86,-6.74,14.84,14.97,27.24,27.03,-11.14,9.28,5.91,32.34,20.57,0.937196,5
24-09-2025,NYSE:SE,"Sea Limited American Depositary Shares, each representing one Class A Ordinary Share",109672,3526705,2.86,185.82,0.31,-0.58,-3.89,-0.93,16.15,29.88,39.92,53.87,0,HVY,HVY,0,0,-1,-1,-1,-1,27,-5.44,-5.44,-5.44,27.07,76.02,116.8,-5.33,6.43,11.98,26.21,34.58,1.126926,86,-0.93,16.92,16.37,14.32,23.23,-5.33,11.36,7.31,19.42,16.77,0.968085,14
24-09-2025,NASDAQ:SFIX,"Stitch Fix, Inc. - Class A Common Stock",736,2701391,5.14,5.64,3.30,2.66,-1.24,9.75,35.20,34.75,34.22,30.14,0,0,0,0,HV2Y,-1,-1,-1,-1,-1,-3.26,-3.26,-15.06,59.77,105.09,148.46,5.35,25.48,16.85,20.51,10.85,1.126861,86,9.75,28.19,-0.68,-0.82,-6.20,5.35,22.63,-9.74,4.28,-12.66,1.07562,86
24-09-2025,NASDAQ:MLCO,Melco Resorts & Entertainment Limited - American Depositary Shares,3736,2547916,2.73,9.54,-0.31,0.52,-1.99,0.63,27.04,42.87,34.91,37.42,0,0,HV2Y,0,0,-1,-1,-1,-1,-1,-5.82,-5.82,-5.82,37.07,106.94,106.94,-3.77,17.32,24.97,21.2,18.13,1.125633,86,0.63,26.58,21.70,-13.94,3.86,-3.77,21.02,12.64,-8.84,-2.6,1.026251,68
24-09-2025,NYSE:PAAS,Pan American Silver Corp. Common Stock,15357,7379600,3.2,36.39,-3.65,2.89,0.41,10.66,21.19,28.63,43.75,41.33,0,0,0,0,0,-1,-1,-1,1,-1,-3.65,-3.65,-3.65,34.68,69.33,82.5,6.26,11.47,10.73,30.04,22.04,1.125588,86,10.66,11.78,9.45,21.18,-4.30,6.26,6.22,0.39,26.28,-10.76,1.013887,58
24-09-2025,NASDAQ:GH,"Guardant Health, Inc. - Common Stock",7192,2504234,4.3,57.67,-3.43,0.83,1.91,-7.30,13.47,19.44,46.02,56.49,0,0,0,HV2Y,HV2Y,-1,-1,-1,-1,-1,-14.46,-14.46,-14.46,40.73,55.65,185.5,-11.7,3.75,1.54,32.31,37.2,1.125163,86,-7.30,19.36,6.89,33.00,19.40,-11.7,13.8,-2.17,38.1,12.94,0.951128,8
24-09-2025,NYSE:FNV,Franco-Nevada Corporation,40398,794393,2.34,209.64,-1.71,4.18,5.20,12.90,22.06,25.67,45.07,38.77,0,0,0,0,0,-1,-1,3,-1,-1,-2.12,-2.12,-2.12,35.78,46.56,85.1,8.5,12.34,7.77,31.36,19.48,1.124532,86,12.90,10.51,4.64,26.09,-11.46,8.5,4.95,-4.42,31.19,-17.92,1.024413,67
24-09-2025,NASDAQ:LGND,Ligand Pharmaceuticals Incorporated - Common Stock,3311,232005,2.48,168.96,-0.99,2.10,1.77,6.02,31.51,35.08,32.56,39.16,0,0,0,0,0,-1,-1,-1,2,-1,-1.06,-1.06,-1.06,50.11,74.78,74.78,1.62,21.79,17.18,18.85,19.87,1.124463,86,6.02,27.12,5.21,-3.88,9.78,1.62,21.56,-3.85,1.22,3.32,1.045607,77
24-09-2025,NASDAQ:ALMU,"Aeluma, Inc. - Common Stock",337,481683,12.06,18.27,-7.59,6.35,0.38,-8.32,23.43,66.61,NA,NA,0,0,0,0,0,-1,-1,-1,-1,-1,-24,-24,-24,38.41,199.51,199.51,-12.72,13.71,48.71,0,0,1.12437,86,-8.32,29.31,56.40,NA,NA,-12.72,23.75,47.34,0,0,0.882169,1
24-09-2025,NASDAQ:PI,"Impinj, Inc. - Common Stock",5371,628418,4.72,184.64,-0.18,-3.70,-2.90,4.80,41.49,50.38,22.75,-9.40,0,0,0,0,HV2Y,-1,-1,-1,6,-1,-8.04,-8.04,-22.61,70.9,195.24,195.24,0.4,31.77,32.48,9.04,-28.69,1.124259,86,4.80,38.54,15.20,-55.68,-41.62,0.4,32.98,6.14,-50.58,-48.08,1.149021,95
24-09-2025,NASDAQ:JOYY,JOYY Inc. - American Depositary Shares,3087,674911,3.46,61.48,2.28,-1.95,-2.41,14.54,17.83,31.64,40.00,42.65,0,HVQ,0,0,0,-1,-1,-1,-1,-1,-3.64,-3.64,-3.64,24.45,61.2,85.91,10.14,8.11,13.74,26.29,23.36,1.124151,86,14.54,3.84,16.81,12.23,4.42,10.14,-1.72,7.75,17.33,-2.04,1.008664,53
24-09-2025,NYSE:CALX,"Calix, Inc Common Stock",3999,540453,2.46,61.24,-1.98,-0.15,-2.87,3.97,19.28,39.84,43.39,36.15,0,0,0,0,0,-1,-1,-1,5,-1,-4.37,-4.37,-4.37,23.89,95.97,110.95,-0.43,9.56,21.94,29.68,16.86,1.123714,85,3.97,15.95,25.47,5.89,-12.78,-0.43,10.39,16.41,10.99,-19.24,1.006196,51
24-09-2025,NASDAQ:PAYS,"Paysign, Inc. - Common Stock",307,767859,5.01,5.64,-0.18,-1.42,8.51,3.37,-13.48,56.03,48.05,21.28,0,0,HVQ,HVY,HV2Y,-1,-1,-1,-1,-1,-34.11,-34.11,-34.11,10.37,190.72,190.72,-1.03,-23.2,38.13,34.34,1.99,1.123431,85,3.37,-17.43,61.25,-18.15,-51.54,-1.03,-22.99,52.19,-13.05,-58,0.97976,23
24-09-2025,NASDAQ:ODP,The ODP Corporation - Common Stock,837,998724,4.1,27.81,-0.18,22.04,26.93,25.78,35.81,47.32,12.55,-2.98,HV2Y,0,0,0,0,33.19,-1,-1,-1,-1,-0.18,-0.18,-12.77,64.56,130.22,130.22,21.38,26.09,29.42,-1.16,-22.27,1.123383,85,25.78,13.52,17.93,-66.01,-17.76,21.38,7.96,8.87,-60.91,-24.22,1.155952,95
24-09-2025,NASDAQ:SRTA,"Strata Critical Medical, Inc. - Class A Common Stock",424,999239,7.62,5.19,-6.65,-0.19,23.12,14.26,28.13,41.23,24.47,35.84,0,0,HVQ,0,2,-1,-1,-1,-1,-1,-11.58,-11.58,-11.58,39.14,106.77,106.77,9.86,18.41,23.33,10.76,16.55,1.122629,85,14.26,16.18,18.23,-28.52,15.05,9.86,10.62,9.17,-23.42,8.59,1.055914,80
24-09-2025,AMEX:DVS,Dolly Varden Silver Corporation Common Shares,381,665647,5.73,4.37,-3.96,4.81,6.64,19.91,25.17,30.47,42.36,24.94,0,0,0,0,0,-1,-1,-1,-1,-1,-6.02,-6.02,-6.02,36.14,90.3,90.3,15.51,15.45,12.57,28.65,5.65,1.122009,85,19.91,6.57,7.08,17.10,-30.21,15.51,1.01,-1.98,22.2,-36.67,1.063026,83
24-09-2025,NASDAQ:MAMA,"Mama's Creations, Inc. - Common Stock",438,414023,6.15,10.81,1.98,5.74,10.64,21.92,25.44,38.30,30.62,28.31,0,0,0,0,HV2Y,-1,-1,-1,-1,-1,-1.28,-1.28,-1.28,35.46,74.35,90.99,17.52,15.72,20.4,16.91,9.02,1.12164,85,21.92,4.50,17.25,-12.44,-3.33,17.52,-1.06,8.19,-7.34,-9.79,1.064436,83
24-09-2025,NYSE:ANET,"Arista Networks, Inc. Common Stock",179279,9936476,3.52,144.09,-0.90,1.34,1.51,7.52,34.09,39.27,25.00,34.19,0,0,HVQ,0,0,-1,-1,-1,9,-1,-5.85,-5.85,-5.85,51.72,123.85,123.85,3.12,24.37,21.37,11.29,14.9,1.120919,85,7.52,28.73,7.86,-23.49,12.25,3.12,23.17,-1.2,-18.39,5.79,1.067669,85
24-09-2025,NASDAQ:SCPH,scPharmaceuticals Inc. - Common Stock,302,1484236,0.65,5.63,-0.18,0.00,0.36,1.95,29.48,46.71,41.21,7.99,0,HV2Y,HV2Y,0,0,-1,-1,-1,-1,-1,-3.6,-3.6,-3.6,47.77,179.4,179.4,-2.45,19.76,28.81,27.5,-11.3,1.120726,85,1.95,28.08,24.43,-10.33,-56.50,-2.45,22.52,15.37,-5.23,-62.96,1.073085,86
24-09-2025,NYSE:BWXT,"BWX Technologies, Inc. Common Stock",15997,1120798,2.83,175.02,-1.69,3.79,5.08,6.96,19.52,40.16,35.46,41.24,0,0,HV2Y,0,0,-1,-1,-1,-1,-1,-3.84,-3.84,-3.84,28.27,96.12,96.12,2.56,9.8,22.26,21.75,21.95,1.120517,85,6.96,13.50,25.64,-7.85,8.96,2.56,7.94,16.58,-2.75,2.5,1.006395,51
24-09-2025,NASDAQ:MEDP,"Medpace Holdings, Inc. - Common Stock",13971,318308,2.41,497.32,0.24,-0.10,4.15,6.14,37.44,34.75,32.61,26.47,0,0,HV2Y,0,0,-1,-1,-1,1,-1,-0.92,-0.92,-0.92,62.1,79.39,79.39,1.74,27.72,16.85,18.9,7.18,1.12034,85,6.14,33.35,-4.30,-3.28,-9.12,1.74,27.79,-13.36,1.82,-15.58,1.084603,88
24-09-2025,NASDAQ:BTSG,"BrightSpring Health Services, Inc. - Common Stock",4824,3081525,3.89,27.23,-2.68,-0.62,-3.12,11.57,16.97,31.55,37.42,45.91,0,0,0,0,0,-1,-1,-1,1,-1,-3.03,-3.03,-3.03,40.65,74.33,86.63,7.17,7.25,13.65,23.71,26.62,1.119676,85,11.57,6.10,17.56,8.58,13.56,7.17,0.54,8.5,13.68,7.1,0.997965,42
24-09-2025,NASDAQ:INTC,Intel Corporation - Common Stock,145806,103819137,3.54,31.22,6.41,20.24,20.66,21.36,28.89,22.49,38.95,30.04,HV2Y,0,0,2,HV2Y,27.63,-1,-1,-1,-1,0,0,0,61.68,72.2,72.2,16.96,19.17,4.59,25.24,10.75,1.119657,85,21.36,9.57,-9.01,21.24,-14.59,16.96,4.01,-18.07,26.34,-21.05,1.073278,86
24-09-2025,NASDAQ:FLNC,"Fluence Energy, Inc. - Class A Common Stock",2040,5678079,8.38,11.18,9.50,33.45,39.53,33.18,44.63,51.52,-34.17,-92.84,HVQ,0,0,0,0,-1,-1,-1,-1,-1,0,0,-52.43,82.08,209.7,209.7,28.78,34.91,33.62,-47.88,-112.13,1.118983,85,33.18,17.14,12.44,-176.75,-43.73,28.78,11.58,3.38,-171.65,-50.19,1.324968,99
24-09-2025,NYSE:MTZ,"MasTec, Inc. Common Stock",16250,941599,3.1,205.94,-0.15,6.11,7.68,13.99,18.15,37.51,35.87,38.75,0,0,0,0,0,-1,0,-1,-1,11,-0.55,-0.55,-0.55,22.42,94.15,94.15,9.59,8.43,19.61,22.16,19.46,1.118533,85,13.99,4.84,23.65,-2.63,4.49,9.59,-0.72,14.59,2.47,-1.97,1.01521,59
24-09-2025,NYSE:ELAN,Elanco Animal Health Incorporated Common Stock,9315,10570574,3.05,18.75,1.13,1.71,2.24,5.12,26.61,43.95,36.96,24.96,0,0,0,0,HV2Y,-1,-1,-1,3,-1,-2.34,-2.34,-2.34,37.06,131.48,131.48,0.72,16.89,26.05,23.25,5.67,1.118496,85,5.12,22.65,23.62,-12.46,-19.04,0.72,17.09,14.56,-7.36,-25.5,1.04519,77
24-09-2025,NASDAQ:NTES,"NetEase, Inc. - American Depositary Shares, each representing 5 ordinary shares",93627,658769,1.61,150.14,-1.83,-6.13,2.92,9.68,11.31,33.57,38.85,47.45,0,0,0,0,0,-1,-1,-1,-1,17,-5.77,-5.77,-5.77,17.93,64.32,96.83,5.28,1.59,15.67,25.14,28.16,1.118443,85,9.68,1.80,25.10,7.95,14.06,5.28,-3.76,16.04,13.05,7.6,0.979197,22
24-09-2025,NASDAQ:TRS,TriMas Corporation - Common Stock,1571,527112,2.42,38.65,-2.35,-1.22,0.62,1.01,28.59,39.28,36.07,34.15,0,0,0,0,0,-1,-1,-1,4,-1,-3.42,-3.42,-3.42,40.04,94.22,94.22,-3.39,18.87,21.38,22.36,14.86,1.117796,85,1.01,27.86,14.96,-5.28,-2.99,-3.39,22.3,5.9,-0.18,-9.45,1.033817,72
24-09-2025,NASDAQ:HROW,"Harrow, Inc. - Common Stock",1772,579808,4.59,47.88,-1.99,9.88,18.82,21.97,34.11,39.58,28.09,5.97,0,0,0,0,HV2Y,-1,-1,-1,-1,-1,-1.99,-1.99,-16.7,56.78,115.68,115.68,17.57,24.39,21.68,14.38,-13.32,1.11778,85,21.97,15.55,8.30,-19.01,-30.76,17.57,9.99,-0.76,-13.91,-37.22,1.120114,93
24-09-2025,NASDAQ:GTX,Garrett Motion Inc. - Common Stock,2758,3386121,2.54,13.68,-2.22,3.95,3.44,3.44,27.41,35.60,33.48,40.79,0,0,0,0,0,-1,-1,-1,-1,-1,-2.22,-2.22,-2.22,37.76,86.38,86.38,-0.96,17.69,17.7,19.77,21.5,1.117376,85,3.44,24.83,11.28,-3.29,10.99,-0.96,19.27,2.22,1.81,4.53,1.025237,67
24-09-2025,NYSE:LAR,Lithium Argentina AG Common Shares,558,1799482,5.43,3.44,7.50,6.40,8.14,5.52,42.73,33.43,20.06,27.91,0,0,HV2Y,0,0,-1,-1,-1,-1,-1,-6.27,-6.27,-8.99,74.62,98.84,98.84,1.12,33.01,15.53,6.35,8.62,1.117173,85,5.52,39.38,-16.24,-20.09,9.82,1.12,33.82,-25.3,-14.99,3.36,1.112867,92
24-09-2025,NASDAQ:SATL,Satellogic Inc. - Class A Common Stock,392,2054454,6.73,3.71,-0.80,4.85,4.58,2.70,6.74,-5.39,11.86,70.08,0,0,0,0,HV2Y,-1,-1,-1,-1,-1,-3.13,-21.4,-21.73,13.8,22.04,295.73,-1.7,-2.98,-23.29,-1.85,50.79,1.117135,85,2.70,4.16,-13.01,16.37,66.06,-1.7,-1.4,-22.07,21.47,59.6,0.949651,8
24-09-2025,AMEX:IAUX,i-80 Gold Corp. Common Shares,763,6694336,5.81,0.9344,-1.71,2.10,2.08,19.80,30.64,30.40,48.50,-17.72,0,0,0,0,0,-1,-1,-1,-1,-1,-4.4,-4.4,-21.48,67.88,92.46,166.9,15.4,20.92,12.5,34.79,-37.01,1.117091,85,19.80,13.52,-0.34,26.00,-128.60,15.4,7.96,-9.4,31.1,-135.06,1.147548,94
24-09-2025,NASDAQ:LENZ,"LENZ Therapeutics, Inc. - Common Stock",1171,377385,5.01,41.04,1.26,-2.90,-1.63,3.31,28.07,35.60,26.22,45.44,0,0,HV2Y,0,0,-1,-1,-1,2,-1,-2.91,-2.91,-2.91,40.02,124.02,124.02,-1.09,18.35,17.7,12.51,26.15,1.116696,85,3.31,25.60,10.47,-14.57,26.06,-1.09,20.04,1.41,-9.47,19.6,1.025917,68
24-09-2025,NASDAQ:MDGL,"Madrigal Pharmaceuticals, Inc. - Common Stock",9514,335290,3.34,426.84,-3.72,2.20,-0.77,3.42,34.95,19.57,31.26,45.30,0,0,HVQ,0,HV2Y,-1,-1,-1,5,-1,-5.94,-5.94,-5.94,53.74,59.53,110.81,-0.98,25.23,1.67,17.55,26.01,1.116507,85,3.42,32.65,-23.65,14.53,20.42,-0.98,27.09,-32.71,19.63,13.96,1.052778,79
24-09-2025,NYSE:ATGE,Adtalem Global Education Inc. Common Stock,5223,379954,2.66,145.27,0.82,6.31,8.35,6.84,15.22,29.81,39.14,48.17,0,0,0,0,0,-1,-1,-1,2,-1,0,0,0,27.62,49.27,102.55,2.44,5.5,11.91,25.43,28.88,1.116457,85,6.84,8.99,17.21,13.30,14.83,2.44,3.43,8.15,18.4,8.37,0.983085,25
24-09-2025,NYSE:WPM,Wheaton Precious Metals Corp Common Shares (Canada),47806,2449431,2.58,105.31,-2.14,0.19,-0.13,9.32,15.20,27.89,45.97,40.56,0,0,0,0,0,-1,-1,-1,-1,8,-2.22,-2.22,-2.22,21.44,49.25,88.9,4.92,5.48,9.99,32.26,21.27,1.116422,85,9.32,6.49,14.96,25.07,-10.02,4.92,0.93,5.9,30.17,-16.48,0.99686,41
24-09-2025,NYSE:GE,GE Aerospace Common Stock,318450,4397169,2.14,300.3,-1.74,3.60,5.62,11.22,16.78,29.36,45.12,37.59,0,0,0,0,0,-1,1,-1,-1,0,-1.74,-1.74,-1.74,22.7,80.03,87.75,6.82,7.06,11.46,31.41,18.3,1.116214,85,11.22,6.27,15.11,22.31,-13.73,6.82,0.71,6.05,27.41,-20.19,1.007565,52
24-09-2025,NYSE:NUVB,Nuvation Bio Inc. Class A Common Stock,1112,6989666,7.68,3.24,0.62,-0.62,-2.47,11.11,41.98,40.12,16.98,13.58,0,0,0,0,HV2Y,-1,-1,-1,-1,-1,-16.92,-16.92,-16.92,72.34,95.18,95.18,6.71,32.26,22.22,3.27,-5.71,1.1161,85,11.11,34.72,-3.19,-38.66,-4.09,6.71,29.16,-12.25,-33.56,-10.55,1.133373,94
24-09-2025,NYSE:ADCT,ADC Therapeutics SA Common Shares,400,751480,5.39,3.38,-2.87,2.07,1.78,5.92,15.68,51.18,43.49,5.03,0,0,HVQ,2,HV2Y,-1,-1,-1,-1,-1,-4.52,-7.9,-7.9,28.03,207.27,207.27,1.52,5.96,33.28,29.78,-14.26,1.115916,85,5.92,10.38,42.11,-15.76,-68.06,1.52,4.82,33.05,-10.66,-74.52,1.04767,78
24-09-2025,NYSE:HWM,Howmet Aerospace Inc. Common Stock,76683,2156738,2.34,190.22,-1.74,2.54,3.38,9.98,7.43,27.60,42.51,48.77,0,0,0,0,HV2Y,-1,-1,-1,-1,28,-1.74,-1.74,-1.74,11.24,69.34,95.2,5.58,-2.29,9.7,28.8,29.48,1.115162,85,9.98,-2.83,21.79,20.60,10.88,5.58,-8.39,12.73,25.7,4.42,0.968083,14
24-09-2025,NYSE:DAN,Dana Incorporated Common Stock,2601,1570849,2.51,19.83,-0.90,-3.03,-4.79,-0.81,15.99,26.12,41.96,50.23,0,0,0,0,0,-1,-1,-1,6,-1,-6.68,-6.68,-6.68,29.02,91.04,158.54,-5.21,6.27,8.22,28.25,30.94,1.114507,84,-0.81,16.66,12.06,21.43,14.25,-5.21,11.1,3,26.53,7.79,0.97218,17
24-09-2025,NASDAQ:UTHR,United Therapeutics Corporation - Common Stock,19843,996193,3.41,438.75,1.08,7.99,9.63,30.40,34.82,27.81,17.91,19.54,0,HV2Y,0,0,HV2Y,-1,-1,-1,-1,-1,0,0,0,59.72,59.72,59.72,26,25.1,9.91,4.2,0.25,1.114262,84,30.40,6.36,-10.76,-13.71,1.99,26,0.8,-19.82,-8.61,-4.47,1.128975,93
24-09-2025,NASDAQ:KNSA,"Kiniksa Pharmaceuticals, Ltd. - Class A Ordinary Shares",2675,408536,2.69,36.09,-0.66,1.83,-0.39,8.45,21.36,35.74,43.23,28.96,0,0,0,0,HV2Y,-1,-1,-1,1,-1,-2.72,-2.72,-2.72,37.07,93.51,98.62,4.05,11.64,17.84,29.52,9.67,1.113293,84,8.45,14.10,18.29,11.64,-25.13,4.05,8.54,9.23,16.74,-31.59,1.026956,68
24-09-2025,NASDAQ:TSLA,"Tesla, Inc.  - Common Stock",1472344,91797291,3.78,442.79,3.98,3.82,21.45,21.72,26.03,34.93,1.50,46.19,0,0,0,0,HV2Y,-1,-1,-1,-1,-1,0,0,-7.73,50.64,99.58,107.25,17.32,16.31,17.03,-12.21,26.9,1.113284,84,21.72,5.50,12.03,-51.37,45.38,17.32,-0.06,2.97,-46.27,38.92,1.067416,84
24-09-2025,NYSE:AEO,"American Eagle Outfitters, Inc. Common Stock",3031,18544705,5.9,17.97,0.11,-10.57,-0.17,28.49,45.58,29.22,8.74,-11.57,0,HV2Y,HV2Y,0,0,-1,-1,-1,-1,-1,-9.61,-9.61,-19.74,86.8,93.02,93.02,24.09,35.86,11.32,-4.97,-30.86,1.11314,84,28.49,23.89,-30.06,-28.93,-22.26,24.09,18.33,-39.12,-23.83,-28.72,1.209597,97
24-09-2025,NASDAQ:ONC,BeOne Medicines Ltd. - American Depositary Shares,40885,347020,2.26,329.84,0.23,-0.72,4.82,6.43,19.01,24.06,47.03,38.76,0,0,0,0,0,-1,-1,-1,11,-1,-6.06,-6.06,-6.06,36.87,59.87,88.78,2.03,9.29,6.16,33.32,19.47,1.112792,84,6.43,13.45,6.23,30.24,-15.61,2.03,7.89,-2.83,35.34,-22.07,1.006742,51
24-09-2025,NYSE:BBBY,"Bed Bath & Beyond, Inc. Common Stock",527,2354386,7.4,9.18,2.00,-6.86,-12.42,-3.05,31.15,47.39,43.57,-12.75,0,0,0,0,0,-1,-1,-1,-1,-1,-18.98,-18.98,-18.98,45.25,149.46,149.46,-7.45,21.43,29.49,29.86,-32.04,1.112735,84,-3.05,33.19,23.58,-7.25,-99.81,-7.45,27.63,14.52,-2.15,-106.27,1.101418,90
24-09-2025,NYSE:CMP,Compass Minerals Intl Inc Common Stock,795,372149,3.49,19.06,2.58,5.93,5.40,-3.88,-2.26,49.79,40.61,40.50,0,0,0,0,HV2Y,-1,-1,-1,-1,-1,-15.06,-15.06,-15.06,6.3,108.99,108.99,-8.28,-11.98,31.89,26.9,21.21,1.112235,84,-3.88,1.57,50.90,-18.29,-0.18,-8.28,-3.99,41.84,-13.19,-6.64,0.953763,8
24-09-2025,NYSE:NVRI,Enviri Corporation Common Stock,967,1256408,3.34,11.99,-2.28,-4.00,0.83,5.92,30.19,41.37,38.87,12.43,0,0,0,0,0,-1,-1,6,-1,-1,-4.16,-4.16,-4.16,44.98,145.7,145.7,1.52,20.47,23.47,25.16,-6.86,1.111965,84,5.92,25.80,16.01,-4.27,-43.25,1.52,20.24,6.95,0.83,-49.71,1.072392,85
24-09-2025,NASDAQ:CVAC,CureVac N.V. - Ordinary Shares,1207,424521,0.75,5.36,0.00,0.00,-0.37,-0.75,-1.49,45.71,44.22,39.74,0,0,HV2Y,HV2Y,HV2Y,-1,-1,-1,-1,-1,-2.72,-4.29,-4.29,0.37,106.95,115.26,-5.15,-11.21,27.81,30.51,20.45,1.111762,84,-0.75,-0.74,46.51,-2.75,-8.03,-5.15,-6.3,37.45,2.35,-14.49,0.954554,9
24-09-2025,NYSE:TSM,Taiwan Semiconductor Manufacturing Company Ltd.,1145142,12296762,2.25,280.71,-0.71,6.38,7.22,16.07,20.65,35.56,30.66,37.99,0,0,0,0,HV2Y,-1,2,-1,-1,-1,-0.71,-0.71,-0.71,26.03,98.56,98.56,11.67,10.93,17.66,16.95,18.7,1.111448,84,16.07,5.45,18.78,-7.60,10.56,11.67,-0.11,9.72,-2.5,4.1,1.027549,69
24-09-2025,NASDAQ:AMBA,"Ambarella, Inc. - Ordinary Shares",3615,1291034,4.34,87.03,-2.00,9.07,2.75,17.34,28.54,36.10,19.86,35.92,0,HV2Y,0,0,HV2Y,-1,-1,6,-1,-1,-2,-2,-2,39.94,115.96,115.96,12.94,18.82,18.2,6.15,16.63,1.111372,84,17.34,13.55,10.58,-25.43,20.04,12.94,7.99,1.52,-20.33,13.58,1.062514,83
24-09-2025,NASDAQ:BZ,KANZHUN LIMITED - American Depository Shares,11247,3798362,2.66,23.49,1.38,-6.05,-3.28,2.51,25.29,15.24,41.55,46.57,0,0,0,0,HV2Y,-1,-1,-1,8,-1,-5.7,-5.7,-5.7,34.23,72.47,92.86,-1.89,15.57,-2.66,27.84,27.28,1.11094,84,2.51,23.36,-13.45,31.04,8.59,-1.89,17.8,-22.51,36.14,2.13,1.012642,57
24-09-2025,NASDAQ:LLYVK,Liberty Media Corporation - Series C Liberty Live Common Stock,8780,397165,2.21,95.56,-1.97,-4.30,-5.34,-0.29,17.87,27.69,29.42,54.99,0,0,0,0,0,-1,-1,-1,8,-1,-6.23,-6.23,-6.23,22.32,52.94,122.18,-4.69,8.15,9.79,15.71,35.7,1.110573,84,-0.29,18.11,11.95,2.39,36.23,-4.69,12.55,2.89,7.49,29.77,0.976463,20
24-09-2025,NASDAQ:NVMI,Nova Ltd. - Ordinary Shares,9055,634441,3.58,307.44,-1.11,3.58,9.53,17.13,16.94,34.50,36.61,34.82,0,0,0,0,0,-1,1,-1,-1,-1,-2.53,-2.53,-2.53,29.63,89.74,89.74,12.73,7.22,16.6,22.9,15.53,1.110183,84,17.13,-0.22,21.14,3.22,-2.83,12.73,-5.78,12.08,8.32,-9.29,1.021,64
24-09-2025,NASDAQ:NSSC,"NAPCO Security Technologies, Inc. - Common Stock",1548,524164,3.05,43.42,0.63,2.35,7.69,22.52,32.04,44.10,15.52,8.84,0,0,0,0,0,-1,-1,3,-1,-1,-0.55,-0.55,-0.55,47.59,119.07,119.07,18.12,22.32,26.2,1.81,-10.45,1.109835,84,22.52,12.28,17.76,-51.13,-7.91,18.12,6.72,8.7,-46.03,-14.37,1.118197,92
24-09-2025,NYSE:JBL,Jabil Inc. Common Stock,24177,1555595,2.64,225.28,-3.91,5.17,4.24,7.30,4.71,34.18,37.66,49.41,0,0,0,0,0,-1,-1,-1,-1,-1,-3.91,-3.91,-3.91,11.48,92.74,99.61,2.9,-5.01,16.28,23.95,30.12,1.109758,84,7.30,-2.79,30.92,5.29,18.86,2.9,-8.35,21.86,10.39,12.4,0.959727,10
24-09-2025,NYSE:ACHR,Archer Aviation Inc. Class A Common Stock,6263,31444083,4.67,10,4.71,8.90,15.70,3.30,-7.30,10.70,10.50,69.50,0,0,0,0,HV2Y,-1,-1,-1,-1,-1,-25.37,-25.37,-25.37,21.21,61.29,243.64,-1.1,-17.02,-7.2,-3.21,50.21,1.109607,84,3.30,-10.96,16.78,-0.22,65.92,-1.1,-16.52,7.72,4.88,59.46,0.921781,3
24-09-2025,NYSE:NGL,NGL ENERGY PARTNERS LP Common Units representing Limited Partner Interests,821,629279,4.4,6.42,-1.23,-2.65,8.88,19.16,33.96,27.10,25.70,28.82,0,0,0,0,0,-1,-1,-1,-1,-1,-7.76,-7.76,-7.76,60.5,129.29,129.29,14.76,24.24,9.2,11.99,9.53,1.109271,84,19.16,18.30,-10.38,-1.92,4.19,14.76,12.74,-19.44,3.18,-2.27,1.089624,89
24-09-2025,NASDAQ:KLAC,KLA Corporation  - Common Stock,141023,947629,2.37,1068.67,-0.24,7.37,12.73,17.70,16.40,32.45,41.78,28.99,0,0,0,HV2Y,0,-1,0,-1,-1,-1,-0.24,-0.24,-0.24,26.63,85.36,85.36,13.3,6.68,14.55,28.07,9.7,1.109075,84,17.70,-1.58,19.21,13.81,-21.97,13.3,-7.14,10.15,18.91,-28.43,1.027765,69
24-09-2025,AMEX:IE,Ivanhoe Electric Inc. Common Stock,1440,1353427,4.46,10.84,7.86,16.79,18.91,16.05,15.41,37.27,36.16,33.39,0,0,0,0,HV2Y,-1,-1,-1,-1,-1,-8.98,-8.98,-8.98,26.64,128.69,128.69,11.65,5.69,19.37,22.45,14.1,1.10812,84,16.05,-0.77,25.85,-1.76,-4.34,11.65,-6.33,16.79,3.34,-10.8,1.017743,62
24-09-2025,NASDAQ:FLEX,Flex Ltd. - Ordinary Shares,21611,3642371,2.36,57.58,-2.95,1.95,-0.82,7.99,14.87,36.09,34.61,42.81,0,0,0,0,0,-1,-1,-1,-1,-1,-2.95,-2.95,-2.95,18.75,115.82,115.82,3.59,5.15,18.19,20.9,23.52,1.106932,84,7.99,7.47,24.93,-2.31,12.54,3.59,1.91,15.87,2.79,6.08,0.992658,36
24-09-2025,NASDAQ:OCUL,"Ocular Therapeutix, Inc. - Common Stock",2185,2510583,4.81,12.56,2.53,3.14,-3.90,5.49,26.83,40.05,32.72,28.50,0,0,0,0,0,-1,-1,-1,-1,-1,-7.65,-7.65,-7.65,38.02,108.64,111.98,1.09,17.11,22.15,19.01,9.21,1.10643,84,5.49,22.58,18.06,-12.22,-6.27,1.09,17.02,9,-7.12,-12.73,1.041333,75
24-09-2025,NASDAQ:GOOGL,Alphabet Inc. - Class A Common Stock,2992537,40390123,2.17,247.14,-1.80,-0.97,3.22,15.64,30.94,30.99,23.72,33.81,0,0,0,0,0,-1,-1,2,-1,-1,-2.98,-2.98,-2.98,44.8,70.79,70.79,11.24,21.22,13.09,10.01,14.52,1.106394,84,15.64,18.14,0.07,-10.52,13.22,11.24,12.58,-8.99,-5.42,6.76,1.066764,84
24-09-2025,NYSE:TFPM,Triple Flag Precious Metals Corp. Common Shares,5724,723786,2.89,27.72,-2.57,-0.07,-1.91,5.45,14.32,29.87,44.52,39.21,0,0,0,0,0,-1,-1,-1,3,-1,-3.98,-3.98,-3.98,21.47,51.15,85.54,1.05,4.6,11.97,30.81,19.92,1.106374,84,5.45,9.39,18.15,20.88,-9.56,1.05,3.83,9.09,25.98,-16.02,0.990308,33
24-09-2025,NASDAQ:IBKR,"Interactive Brokers Group, Inc. - Class A Common Stock",109320,10333899,2.77,64.46,-1.57,3.29,3.03,2.64,18.93,30.42,32.60,48.41,0,0,0,HV2Y,HV2Y,-1,-1,-1,-1,-1,-4.69,-4.69,-4.69,23.34,78.7,93.84,-1.76,9.21,12.52,18.89,29.12,1.105968,84,2.64,16.73,14.18,3.13,23.46,-1.76,11.17,5.12,8.23,17,0.98904,31
24-09-2025,NASDAQ:TBPH,"Theravance Biopharma, Inc. - Ordinary Shares",708,488080,3.19,14.05,-0.14,0.00,2.92,1.81,24.70,33.74,30.75,42.99,0,0,HVQ,0,0,-1,-1,-1,-1,-1,-2.9,-2.9,-2.9,32.8,68.87,77.18,-2.59,14.98,15.84,17.04,23.7,1.105726,84,1.81,23.31,12.00,-4.51,17.68,-2.59,17.75,2.94,0.59,11.22,1.012449,57
24-09-2025,NASDAQ:GRAB,Grab Holdings Limited - Class A Ordinary Shares,25353,59964240,4.52,6.22,-1.58,1.93,14.79,19.45,26.21,27.01,20.90,41.48,HVQ,0,0,0,HV2Y,-1,-1,-1,-1,-1,-3.57,-3.57,-3.57,35.51,78.74,78.74,15.05,16.49,9.11,7.19,22.19,1.105705,84,19.45,8.38,1.09,-8.37,26.02,15.05,2.82,-7.97,-3.27,19.56,1.049983,78
24-09-2025,NASDAQ:CRVS,"Corvus Pharmaceuticals, Inc. - Common Stock",483,668704,6.04,6.48,5.88,10.65,8.49,15.90,36.42,39.35,21.45,8.80,0,0,0,0,HV2Y,-1,-1,-1,-1,-1,0,0,-32.22,67.88,129.79,129.79,11.5,26.7,21.45,7.74,-10.49,1.105604,84,15.90,24.40,4.61,-29.52,-16.11,11.5,18.84,-4.45,-24.42,-22.57,1.116915,92
24-09-2025,NASDAQ:FTAI,FTAI Aviation Ltd. - Common Stock,18275,1143185,3.27,178.17,-1.82,2.32,5.64,16.48,29.84,34.37,26.40,26.82,0,0,0,HV2Y,HV2Y,-1,-1,4,-1,-1,-2.05,-2.05,-2.05,62.33,105.03,112.64,12.08,20.12,16.47,12.69,7.53,1.105026,83,16.48,16.00,6.45,-12.14,0.57,12.08,10.44,-2.61,-7.04,-5.89,1.070706,85
24-09-2025,NYSE:YALA,"Yalla Group Limited American Depositary Shares, each representing one Class A Ordinary Share",1181,475447,2.96,7.58,1.47,-3.30,1.98,-2.90,10.16,29.02,46.17,44.85,0,0,0,HV2Y,HV2Y,-1,-1,-1,-1,-1,-16.52,-16.52,-16.52,13.47,62.66,94.86,-7.3,0.44,11.12,32.46,25.56,1.104974,83,-2.90,12.69,21.00,24.16,-2.45,-7.3,7.13,11.94,29.26,-8.91,0.96243,12
24-09-2025,NYSE:SVV,"Savers Value Village, Inc. Common Stock",2053,1911536,4.2,13.2,5.94,2.42,4.24,15.00,22.20,46.82,23.86,21.14,0,0,0,0,0,-1,-1,-1,-1,-1,0,0,0,34.42,91.3,99.4,10.6,12.48,28.92,10.15,1.85,1.104808,83,15.00,8.47,31.65,-43.16,-3.58,10.6,2.91,22.59,-38.06,-10.04,1.058932,82
24-09-2025,NASDAQ:NESR,National Energy Services Reunited Corp - Ordinary Shares,1011,808690,3.7,10.48,0.96,-0.57,4.20,17.84,44.47,22.81,20.61,7.92,0,0,0,0,0,-1,-1,-1,-1,-1,-0.57,-0.57,-0.57,80.07,90.89,90.89,13.44,34.75,4.91,6.9,-11.37,1.104784,83,17.84,32.40,-39.00,-2.84,-15.99,13.44,26.84,-48.06,2.26,-22.45,1.16315,95
24-09-2025,NASDAQ:NMRK,"Newmark Group, Inc. - Class A Common Stock",3327,1493947,2.88,18.83,-2.64,-2.02,0.05,2.34,38.40,32.34,32.08,19.17,0,0,0,0,0,-1,-1,8,-1,-1,-3.83,-3.83,-3.83,62.33,86.62,86.62,-2.06,28.68,14.44,18.37,-0.12,1.104397,83,2.34,36.92,-9.83,-0.39,-19.00,-2.06,31.36,-18.89,4.71,-25.46,1.092177,89
24-09-2025,NASDAQ:GOOG,Alphabet Inc. - Class C Capital Stock,2992805,25720085,2.16,247.83,-1.79,-0.82,3.34,15.60,30.80,30.28,23.46,33.57,0,0,0,0,HV2Y,-1,-1,2,-1,-1,-2.9,-2.9,-2.9,44.52,69.07,69.07,11.2,21.08,12.38,9.75,14.28,1.104048,83,15.60,18.01,-0.76,-9.79,13.21,11.2,12.45,-9.82,-4.69,6.75,1.066439,84
24-09-2025,NASDAQ:ROAD,"Construction Partners, Inc. - Common Stock",7236,436895,3.36,129,-2.95,2.30,3.98,6.11,17.75,37.52,28.78,43.78,0,0,0,0,0,-1,-1,-1,2,-1,-5.66,-5.66,-5.66,38.07,87.64,91.28,1.71,8.03,19.62,15.07,24.49,1.104,83,6.11,12.40,24.03,-13.98,21.05,1.71,6.84,14.97,-8.88,14.59,0.999623,44
24-09-2025,NYSE:NXE,Nexgen Energy Ltd. Common Shares,4958,8292510,4.73,8.68,-4.41,4.84,7.95,18.09,23.27,42.74,19.59,27.88,HVQ,0,0,HV2Y,0,-1,-1,-1,-1,-1,-4.41,-4.41,-4.41,34.99,113.79,113.79,13.69,13.55,24.84,5.88,8.59,1.103742,83,18.09,6.33,25.38,-40.44,10.32,13.69,0.77,16.32,-35.34,3.86,1.059405,82
24-09-2025,NASDAQ:GMAB,Genmab A/S - American Depositary Shares,17724,1472777,1.36,29.45,2.51,4.65,5.84,17.45,30.32,35.28,31.78,13.31,0,0,0,0,0,-1,-1,1,-1,-1,0,0,0,45.07,63.79,63.79,13.05,20.6,17.38,18.07,-5.98,1.103435,83,17.45,15.59,7.12,-5.40,-27.08,13.05,10.03,-1.94,-0.3,-33.54,1.087772,88
24-09-2025,NYSE:DY,"Dycom Industries, Inc. Common Stock",8007,390501,2.77,276.53,-2.13,5.41,6.24,8.31,14.09,41.70,38.74,29.23,0,0,0,0,0,-1,-1,-1,-1,19,-2.13,-2.13,-2.13,16.4,99,102.22,3.91,4.37,23.8,25.03,9.94,1.103344,83,8.31,6.31,32.13,-5.07,-15.53,3.91,0.75,23.07,0.03,-21.99,1.008792,53
24-09-2025,NYSE:DDD,3D Systems Corporation Common Stock,374,4393197,8.19,2.92,3.91,23.29,27.40,25.34,52.40,6.16,-21.58,11.64,0,0,0,0,0,-1,-1,-1,-1,-1,0,0,-38.14,110.07,113.14,113.14,20.94,42.68,-11.74,-35.29,-7.65,1.102797,83,25.34,36.24,-97.12,-29.56,27.32,20.94,30.68,-106.18,-24.46,20.86,1.256667,98
24-09-2025,NYSE:GDOT,"Green Dot Corporation Class A Common Stock, $0.001 par value",814,800618,4.23,14.69,-0.74,1.09,6.94,9.46,27.91,44.38,27.30,16.95,0,HVQ,0,HV2Y,HV2Y,-1,-1,-1,-1,-1,-3.67,-3.67,-3.67,52.39,119.25,131.7,5.06,18.19,26.48,13.59,-2.34,1.102164,83,9.46,20.38,22.85,-30.72,-14.23,5.06,14.82,13.79,-25.62,-20.69,1.067375,84
24-09-2025,NYSE:COUR,"Coursera, Inc. Common Stock",1932,2458504,4.07,11.8,0.25,4.07,11.10,5.59,27.88,38.22,28.81,31.19,0,0,HV2Y,0,HV2Y,-1,-1,-1,-1,-1,-7.09,-7.09,-7.09,45.86,91.25,91.25,1.19,18.16,20.32,15.1,11.9,1.101998,83,5.59,23.61,14.34,-15.23,3.33,1.19,18.05,5.28,-10.13,-3.13,1.042635,76
24-09-2025,NASDAQ:ATAT,Atour Lifestyle Holdings Limited - American Depositary Shares,5215,1336968,2.98,39.45,4.53,-0.96,0.66,11.03,18.68,26.59,30.75,46.21,0,0,0,0,0,-1,-1,-1,-1,-1,-1.57,-1.57,-1.57,22.97,77.62,85.91,6.63,8.96,8.69,17.04,26.92,1.101918,83,11.03,8.60,9.73,5.66,22.33,6.63,3.04,0.67,10.76,15.87,1.003055,47
24-09-2025,NASDAQ:SERV,Serve Robotics Inc. - Common Stock,769,11364598,9.13,12.84,-2.51,8.64,16.90,23.36,20.33,40.19,-4.05,41.74,HVQ,HVQ,0,0,HV2Y,-1,-1,-1,-1,-1,-8.15,-8.15,-43.98,38.81,150.29,150.29,18.96,10.61,22.29,-17.76,22.45,1.101865,83,23.36,-3.96,24.93,-73.96,44.01,18.96,-9.52,15.87,-68.86,37.55,1.068241,85
24-09-2025,NYSE:PBF,PBF Energy Inc. Class A Common Stock,3724,3938048,5.72,32.19,1.42,5.25,12.49,19.98,33.99,40.35,20.91,0.53,0,0,0,0,0,-1,-1,-1,-1,-1,0,0,-4.48,51.48,124.01,124.01,15.58,24.27,22.45,7.2,-18.76,1.101074,83,19.98,17.51,9.65,-32.60,-25.77,15.58,11.95,0.59,-27.5,-32.23,1.122718,93
24-09-2025,NASDAQ:POWL,"Powell Industries, Inc. - Common Stock",3544,208738,4.55,293.64,0.49,0.79,5.67,12.01,35.21,33.21,17.09,29.73,0,0,0,0,HV2Y,-1,-1,-1,11,-1,-3.5,-3.5,-16.67,54.34,84.24,88.76,7.61,25.49,15.31,3.38,10.44,1.101065,83,12.01,26.36,-3.07,-24.14,15.25,7.61,20.8,-12.13,-19.04,8.79,1.085528,88
24-09-2025,AMEX:NFGC,New Found Gold Corp Common Shares,510,1695030,6.55,2.1,-2.78,3.33,-1.90,19.05,30.95,46.67,25.71,-23.33,0,0,0,0,0,-1,-1,-1,-1,-1,-2.78,-2.78,-24.19,56.72,116.49,116.49,14.65,21.23,28.77,12,-42.62,1.100912,83,19.05,14.71,22.76,-39.29,-66.03,14.65,9.15,13.7,-34.19,-72.49,1.137022,94
24-09-2025,NASDAQ:SHOP,Shopify Inc. - Class A Subordinate Voting Shares,193438,5933985,3.18,148.83,-0.74,0.65,4.45,5.58,23.48,26.21,28.06,47.11,0,0,0,0,HV2Y,-1,-1,-1,14,-1,-5.28,-5.28,-5.28,32.75,93.56,93.56,1.18,13.76,8.31,14.35,27.82,1.100565,83,5.58,18.96,3.57,2.50,26.48,1.18,13.4,-5.49,7.6,20.02,1.009541,54
24-09-2025,NASDAQ:AFRM,"Affirm Holdings, Inc. - Class A Common Stock",26550,10269705,5.52,82.73,-8.20,-8.74,-6.88,3.92,20.63,36.49,23.44,45.63,0,HVQ,0,0,HV2Y,-1,-1,-1,15,-1,-10.25,-10.25,-10.25,29.16,131.41,131.41,-0.48,10.91,18.59,9.73,26.34,1.100438,83,3.92,17.40,19.98,-20.56,28.99,-0.48,11.84,10.92,-15.46,22.53,1.005386,50
24-09-2025,NYSE:LPL,"LG Display Co, Ltd AMERICAN DEPOSITORY SHARES",4755,594743,2.05,4.94,0.20,2.83,12.35,13.16,28.14,34.41,35.63,16.60,0,HVY,HVY,0,0,-1,-1,-1,-1,-1,-0.4,-0.4,-0.4,49.24,92.97,92.97,8.76,18.42,16.51,21.92,-2.69,1.100015,83,13.16,17.25,8.73,1.85,-29.56,8.76,11.69,-0.33,6.95,-36.02,1.069128,85
24-09-2025,NASDAQ:FROG,JFrog Ltd. - Ordinary shares,5852,1314806,3.06,50.13,-0.14,4.33,0.94,5.25,13.05,30.84,39.04,42.93,0,0,0,0,0,-1,-1,-1,-1,-1,-0.59,-0.59,-0.59,29.23,79.1,84.17,0.85,3.33,12.94,25.33,23.64,1.100008,83,5.25,8.23,20.46,11.85,6.38,0.85,2.67,11.4,16.95,-0.08,0.981899,24
24-09-2025,NASDAQ:CDZI,"Cadiz, Inc. - Common Stock",378,571236,5.56,4.61,0.44,12.80,21.91,22.78,32.75,26.68,11.28,32.54,0,0,0,0,HV2Y,-1,-1,-1,-1,-1,0,0,-15.34,58.97,94.51,94.51,18.38,23.03,8.78,-2.43,13.25,1.099779,83,22.78,12.92,-9.03,-21.01,23.96,18.38,7.36,-18.09,-15.91,17.5,1.094132,89
24-09-2025,NYSE:EFXT,Enerflex Ltd Common Shares,1331,392963,2.6,10.89,-1.45,1.47,5.42,10.28,28.65,26.63,13.59,47.11,0,0,0,0,0,-1,-1,-1,-1,-1,-1.45,-1.45,-1.45,40.15,69.89,89.06,5.88,18.93,8.73,-0.12,27.82,1.099727,83,10.28,20.47,-2.83,-17.77,38.79,5.88,14.91,-11.89,-12.67,32.33,1.042091,75
24-09-2025,NYSE:SCS,Steelcase Inc. Common Stock,1913,1737007,1.49,16.68,-1.13,-0.30,-0.24,1.74,36.33,36.57,26.14,22.54,0,0,HV2Y,0,0,-1,-1,-1,5,-1,-3.14,-3.14,-3.14,64.82,77.07,77.07,-2.66,26.61,18.67,12.43,3.25,1.099672,83,1.74,35.20,0.38,-16.45,-4.87,-2.66,29.64,-8.68,-11.35,-11.33,1.079476,87
24-09-2025,NASDAQ:MNMD,Mind Medicine (MindMed) Inc. - Common Shares,747,1226673,6.07,9.82,-1.31,2.55,4.99,-0.31,30.35,30.96,28.56,39.21,0,0,0,0,2,-1,-1,-1,-1,-1,-3.63,-3.63,-3.63,51.31,100.82,100.82,-4.71,20.63,13.06,14.85,19.92,1.099565,83,-0.31,30.56,0.88,-3.47,14.90,-4.71,25,-8.18,1.63,8.44,1.033892,72
24-09-2025,NYSE:KEP,Korea Electric Power Corporation Common Stock,16914,391993,1.34,13.32,-0.89,-1.20,-5.78,-3.53,-2.85,42.04,45.87,38.36,0,0,HV2Y,HV2Y,0,-1,-1,-1,-1,-1,-10.12,-10.12,-10.12,2.07,83.98,99.4,-7.93,-12.57,24.14,32.16,19.07,1.09948,83,-3.53,0.65,43.65,6.61,-13.87,-7.93,-4.91,34.59,11.71,-20.33,0.948355,7
24-09-2025,NYSE:NVT,nVent Electric plc Ordinary Shares,15655,1807126,2.52,97.27,-0.44,0.83,2.35,8.09,25.98,39.91,28.44,27.56,0,0,0,0,0,-1,-1,-1,7,-1,-2.97,-2.97,-2.97,35.1,115.2,115.2,3.69,16.26,22.01,14.73,8.27,1.099218,83,8.09,19.46,18.82,-19.09,-1.22,3.69,13.9,9.76,-13.99,-7.68,1.044635,76
24-09-2025,NASDAQ:SPNS,Sapiens International Corporation N.V. - Common Shares,2401,689449,0.29,42.95,0.05,-0.14,-0.14,0.40,33.18,36.46,35.81,16.32,0,HV2Y,HV2Y,0,0,-1,-1,-1,3,-1,-0.23,-0.23,-0.23,62.14,79.56,79.56,-4,23.46,18.56,22.1,-2.97,1.099141,83,0.40,32.91,4.91,-1.03,-30.36,-4,27.35,-4.15,4.07,-36.82,1.070254,85
24-09-2025,NYSE:FRO,Frontline Plc Ordinary Shares,5269,2651258,2.37,23.67,-1.46,-0.68,4.65,13.56,25.39,32.02,43.64,6.00,0,0,0,HV2Y,HV2Y,-1,-1,2,-1,-1,-1.46,-1.46,-7.83,44.24,84.49,84.49,9.16,15.67,14.12,29.93,-13.29,1.098863,83,13.56,13.69,8.89,17.09,-66.79,9.16,8.13,-0.17,22.19,-73.25,1.077753,87
24-09-2025,NYSE:AORT,"Artivion, Inc. Common Stock",1930,452622,2.78,41.1,0.00,3.75,-3.28,-9.08,24.31,39.25,32.38,38.83,0,0,0,HV2Y,HV2Y,-1,-1,-1,-1,-1,-8.32,-8.32,-8.32,35.69,85.22,85.22,-13.48,14.59,21.35,18.67,19.54,1.09874,82,-9.08,30.60,19.74,-11.29,9.54,-13.48,25.04,10.68,-6.19,3.08,1.004244,48
24-09-2025,NASDAQ:WYNN,"Wynn Resorts, Limited - Common Stock",13093,1863781,2.81,125.92,-1.25,2.10,2.40,6.00,27.01,31.68,29.87,36.70,0,0,0,0,HV2Y,-1,-1,-1,5,-1,-2.78,-2.78,-2.78,37,90.5,90.5,1.6,17.29,13.78,16.16,17.41,1.098526,82,6.00,22.35,6.40,-2.65,9.74,1.6,16.79,-2.66,2.45,3.28,1.032393,71
24-09-2025,NASDAQ:EZPW,"EZCORP, Inc. - Class A Non-Voting Common Stock",1102,799262,2.5,18.09,0.72,5.64,7.19,10.34,25.76,17.74,35.10,40.46,0,0,0,HVY,HVY,-1,-1,4,-1,-1,0,0,0,37.78,38.94,70.02,5.94,16.04,-0.16,21.39,21.17,1.097973,82,10.34,17.20,-10.80,21.10,8.26,5.94,11.64,-19.86,26.2,1.8,1.031319,71
24-09-2025,NASDAQ:PEGA,Pegasystems Inc. - Common Stock,10296,1376233,2.49,60.18,-0.30,2.76,6.20,12.23,15.97,37.05,21.79,43.38,0,0,0,HV2Y,0,-1,3,-1,-1,-1,-0.35,-0.35,-0.35,20.96,92.79,92.79,7.83,6.25,19.15,8.08,24.09,1.097545,82,12.23,4.26,25.08,-24.23,27.60,7.83,-1.3,16.02,-19.13,21.14,1.008721,53
24-09-2025,NASDAQ:HDSN,"Hudson Technologies, Inc. - Common Stock",433,267154,2.75,9.91,0.51,-1.92,-2.02,0.50,19.53,37.03,46.52,17.36,0,0,HVQ,0,0,-1,-1,-1,-1,-1,-5.08,-5.08,-5.08,25.6,88.76,88.76,-3.9,9.81,19.13,32.81,-1.93,1.09734,82,0.50,19.12,21.76,15.06,-54.53,-3.9,13.56,12.7,20.16,-60.99,1.028422,69
24-09-2025,NYSE:OPFI,OppFi Inc. Class A Common Stock,1005,945284,4.34,11.51,-1.96,-1.82,11.47,13.38,-25.54,6.69,37.27,61.95,0,0,0,HV2Y,HV2Y,-1,-1,-1,-1,-1,-21.22,-21.22,-32.05,20.15,45.33,162.79,8.98,-35.26,-11.21,23.56,42.66,1.097287,82,13.38,-44.93,25.67,32.77,39.34,8.98,-50.49,16.61,37.87,32.88,0.903376,2
24-09-2025,NYSE:HIPO,Hippo Holdings Inc. Common Stock,875,200209,3.98,34.97,-1.71,-5.78,-1.80,5.09,21.93,20.93,27.77,50.13,0,0,HV2Y,HV2Y,0,-1,-1,-1,1,-1,-6.77,-6.77,-6.77,37.89,70.34,113.1,0.69,12.21,3.03,14.06,30.84,1.097082,82,5.09,17.75,-1.28,8.64,30.96,0.69,12.19,-10.34,13.74,24.5,1.00124,45
24-09-2025,NYSE:XYF,"X Financial American Depositary Shares, each representing six Class A Ordinary Shares",610,208985,5.21,13.92,-4.59,-5.46,1.51,-12.50,-20.33,6.61,42.74,64.63,0,0,0,HV2Y,HV2Y,-1,-1,-1,-1,-1,-30.57,-30.57,-30.57,12.99,29.25,187.01,-16.9,-30.05,-11.29,29.03,45.34,1.096643,82,-12.50,-6.96,22.39,38.69,38.22,-16.9,-12.52,13.33,43.79,31.76,0.873353,1
24-09-2025,NASDAQ:UPB,"Upstream Bio, Inc. - Common Stock",903,623976,7.59,16.75,2.89,4.36,-6.27,0.12,34.99,54.45,0.84,NA,0,0,0,0,0,-1,-1,-1,-1,-1,-17.32,-17.32,-38.85,57.42,175.95,175.95,-4.28,25.27,36.55,-12.87,0,1.095893,82,0.12,34.91,29.94,-117.69,NA,-4.28,29.35,20.88,-112.59,0,1.057662,81
24-09-2025,NYSE:EBR,Centrais Electricas Brasileiras S A American Depositary Shares (Each representing one Common Share),22250,2021064,1.94,9.51,-1.25,3.26,10.73,15.88,24.61,22.92,40.27,23.66,0,0,0,0,0,-1,0,-1,-1,-1,-1.25,-1.25,-1.25,40.89,40.89,73.22,11.48,14.89,5.02,26.56,4.37,1.095818,82,15.88,10.38,-2.23,22.51,-27.82,11.48,4.82,-11.29,27.61,-34.28,1.055987,80
24-09-2025,NASDAQ:SRRK,Scholar Rock Holding Corporation - Common Stock,3241,2301812,6.02,33.72,-0.09,5.25,7.35,1.16,-6.20,1.30,-24.82,72.15,0,HVQ,HVQ,0,HV2Y,-1,-1,-1,-1,-1,-21.33,-21.33,-27.84,11.95,37.8,376.94,-3.24,-15.92,-16.6,-38.53,52.86,1.095441,82,1.16,-7.44,7.07,-26.47,77.69,-3.24,-13,-1.99,-21.37,71.23,0.942597,6
24-09-2025,NYSE:VST,Vistra Corp. Common Stock,68462,4581569,3.88,202.06,-1.07,-3.09,-3.54,5.93,7.79,34.77,32.10,46.61,0,0,0,0,0,-1,-1,-1,-1,-1,-7.28,-7.28,-7.28,11.02,106.04,106.04,1.53,-1.93,16.87,18.39,27.32,1.095123,82,5.93,1.98,29.26,-4.09,21.37,1.53,-3.58,20.2,1.01,14.91,0.969809,16
24-09-2025,NASDAQ:SUPN,"Supernus Pharmaceuticals, Inc. - Common Stock",2641,679516,2.53,47.1,0.58,4.88,1.89,5.67,33.67,29.83,24.06,32.44,0,0,HV2Y,0,0,-1,-1,-1,8,-1,0,0,0,51.16,55.5,57.31,1.27,23.95,11.93,10.35,13.15,1.095111,82,5.67,29.69,-5.79,-8.23,11.04,1.27,24.13,-14.85,-3.13,4.58,1.06336,83
24-09-2025,NASDAQ:ACLS,"Axcelis Technologies, Inc. - Common Stock",3053,527382,3.18,98.47,-1.96,8.79,15.63,17.45,29.28,41.56,27.93,-3.82,0,0,0,0,0,-1,0,-1,6,-1,-1.96,-1.96,-8.87,45.47,132.13,132.13,13.05,19.56,23.66,14.22,-23.11,1.094763,82,17.45,14.33,17.36,-23.32,-44.05,13.05,8.77,8.3,-18.22,-50.51,1.104366,91
24-09-2025,NASDAQ:URGN,UroGen Pharma Ltd. - Ordinary Shares,832,1246929,5.61,17.99,0.62,-0.61,-6.23,-2.83,23.74,36.63,40.47,24.74,0,0,HV2Y,HV2Y,HV2Y,-1,-1,-1,-1,-1,-16.01,-16.01,-16.01,38.81,357.76,357.76,-7.23,14.02,18.73,26.76,5.45,1.093489,82,-2.83,25.84,16.91,6.05,-26.42,-7.23,20.28,7.85,11.15,-32.88,1.024012,66
24-09-2025,NASDAQ:BASE,"Couchbase, Inc. - Common Stock",1354,1151414,0.22,24.51,0.04,0.37,0.33,0.57,0.41,40.84,37.74,42.43,0,0,HV2Y,HV2Y,0,-1,-1,-1,3,-1,0,-0.28,-0.28,1.62,82.37,86.1,-3.83,-9.31,22.94,24.03,23.14,1.093293,82,0.57,-0.16,40.60,-5.24,7.54,-3.83,-5.72,31.54,-0.14,1.08,0.954231,8
24-09-2025,NYSE:LTM,"LATAM Airlines Group S.A. American Depositary Shares (each representing two thousand (2,000) shares of Common Stock)",13807,1535907,2.82,45.97,-3.46,-5.22,-3.74,-5.31,15.14,30.37,40.03,42.96,0,0,0,0,0,-1,-1,-1,-1,-1,-10.58,-10.58,-10.58,17.84,68.27,83.95,-9.71,5.42,12.47,26.32,23.67,1.092449,82,-5.31,19.42,17.94,13.87,4.90,-9.71,13.86,8.88,18.97,-1.56,0.973867,18
24-09-2025,NASDAQ:DLO,DLocal Limited - Class A Common Shares,4361,3104696,4.02,14.6,-1.82,0.21,6.23,-0.34,24.73,33.73,21.99,44.11,0,HV2Y,HV2Y,0,0,-1,-1,-1,-1,-1,-6.77,-6.77,-6.77,45.85,85.28,85.28,-4.74,15.01,15.83,8.28,24.82,1.092425,82,-0.34,24.98,11.97,-17.73,28.36,-4.74,19.42,2.91,-12.63,21.9,1.01335,58
24-09-2025,NYSE:SBS,Companhia de saneamento Basico Do Estado De Sao Paulo - Sabesp American Depositary Shares (Each repstg 250 Common Shares),17066,1205185,1.82,24.58,-1.68,2.48,5.98,10.13,16.97,27.34,42.35,29.90,0,HVY,HVY,0,0,-1,2,2,-1,-1,-1.68,-1.68,-1.68,28.42,46.14,76.83,5.73,7.25,9.44,28.64,10.61,1.09224,82,10.13,7.61,12.49,20.66,-21.59,5.73,2.05,3.43,25.76,-28.05,1.015734,60
24-09-2025,NASDAQ:NAGE,"Niagen Bioscience, Inc. - Common Stock",759,866698,4.4,9.52,-6.67,-1.16,-0.84,-5.36,-40.86,21.01,43.17,61.87,0,0,0,0,HV2Y,-1,-1,-1,-1,-1,-33.93,-33.93,-33.93,5.31,75.65,192.92,-9.76,-50.58,3.11,29.46,42.58,1.092236,82,-5.36,-33.70,43.92,28.06,32.90,-9.76,-39.26,34.86,33.16,26.44,0.860338,1
24-09-2025,NYSE:WRBY,Warby Parker Inc. Class A Common Stock,3439,1572932,3.02,28.2,-0.32,5.14,4.22,7.23,22.73,28.51,13.97,49.36,0,0,0,HV2Y,HV2Y,-1,-1,-1,-1,-1,-1.26,-1.26,-1.26,31.96,101.43,101.43,2.83,13.01,10.61,0.26,30.07,1.092153,82,7.23,16.70,7.48,-20.34,41.14,2.83,11.14,-1.58,-15.24,34.68,1.015833,60
24-09-2025,NASDAQ:POET,POET Technologies Inc. - Common Shares,549,1838748,5.96,6.05,0.83,15.04,7.44,11.57,16.20,27.44,20.50,48.10,0,0,HVQ,0,HV2Y,-1,-1,-1,-1,-1,-18.68,-18.68,-20.29,23.47,88.47,92.68,7.17,6.48,9.54,6.79,28.81,1.089286,82,11.57,5.23,13.41,-9.57,34.72,7.17,-0.33,4.35,-4.47,28.26,1.000201,44
24-09-2025,NYSE:REX,REX American Resources Corporation,1019,273872,3,30.83,0.78,2.43,1.14,1.59,20.21,40.63,35.06,24.57,0,0,0,0,HV2Y,-1,-1,-1,7,-1,-3.82,-3.82,-3.82,26.59,76.22,76.22,-2.81,10.49,22.73,21.35,5.28,1.088871,82,1.59,18.92,25.59,-9.37,-16.16,-2.81,13.36,16.53,-4.27,-22.62,1.020469,64
24-09-2025,NYSE:CMRE,Costamare Inc. Common Stock $0.0001 par value,1526,425863,2.43,12.69,2.34,0.55,4.57,7.33,26.95,41.07,27.39,15.64,0,0,0,0,0,-1,-1,8,-1,-1,-0.31,-0.31,-0.31,41.31,150.08,150.08,2.93,17.23,23.17,13.68,-3.65,1.087638,82,7.33,21.17,19.33,-23.21,-16.18,2.93,15.61,10.27,-18.11,-22.64,1.059973,82
24-09-2025,NASDAQ:TIGR,UP Fintech Holding Limited - American Depositary Shares representing fifteen Class A Ordinary Shares,1766,6982209,6.61,10.24,3.02,-7.91,-9.37,-24.12,2.83,12.01,30.96,63.96,0,0,HVQ,0,HV2Y,-1,-1,-1,-1,-1,-21.17,-21.17,-21.17,12.28,54.33,177.51,-28.52,-6.89,-5.89,17.25,44.67,1.08741,82,-24.12,21.72,9.45,21.53,47.81,-28.52,16.16,0.39,26.63,41.35,0.9065,2
24-09-2025,NASDAQ:DASH,"DoorDash, Inc. - Common Stock",111387,3206088,2.68,260.74,-1.89,0.57,1.27,5.93,10.76,23.40,35.70,46.41,0,0,0,0,0,-1,-1,-1,-1,13,-3.78,-3.78,-3.78,12.06,59.81,86.9,1.53,1.04,5.5,21.99,27.12,1.087013,82,5.93,5.14,14.17,16.06,16.66,1.53,-0.42,5.11,21.16,10.2,0.973394,18
24-09-2025,NASDAQ:ARCT,Arcturus Therapeutics Holdings Inc. - Common Stock,555,582764,6.24,20.45,0.94,11.74,12.03,13.40,31.78,37.56,27.43,-0.78,0,HVY,HVY,0,HV2Y,-1,-1,-1,6,-1,-2.76,-2.76,-19.74,79.54,129.52,129.52,9,22.06,19.66,13.72,-20.07,1.086516,82,13.40,21.23,8.46,-16.21,-38.88,9,15.67,-0.6,-11.11,-45.34,1.10151,90
24-09-2025,NYSE:CX,"Cemex, S.A.B. de C.V. Sponsored ADR",13831,10345588,2.51,8.98,-1.75,-5.01,-2.23,1.22,24.94,30.07,37.42,28.29,0,0,0,0,HV2Y,-1,-1,-1,-1,-1,-5.97,-5.97,-5.97,33.23,78.88,78.88,-3.18,15.22,12.17,23.71,9,1.086426,82,1.22,24.01,6.82,10.51,-14.59,-3.18,18.45,-2.24,15.61,-21.05,1.027657,69
24-09-2025,NYSE:DINO,HF Sinclair Corporation Common Stock,9955,2400624,2.56,53.21,0.76,1.09,3.83,7.50,23.04,37.64,36.72,13.08,0,0,0,0,0,-1,-1,8,-1,-1,0,0,0,29.94,105.36,105.36,3.1,13.32,19.74,23.01,-6.21,1.086275,82,7.50,16.80,18.97,-1.48,-37.36,3.1,11.24,9.91,3.62,-43.82,1.048826,78
24-09-2025,NYSE:WT,"WisdomTree, Inc. Common Stock",2111,2822878,2.53,14.35,-2.18,3.62,4.46,8.43,24.18,35.05,26.83,29.69,0,0,0,0,0,-1,-1,-1,-1,-1,-2.18,-2.18,-2.18,31.89,87.09,87.09,4.03,14.46,17.15,13.12,10.4,1.086186,81,8.43,17.20,14.34,-12.66,3.90,4.03,11.64,5.28,-7.56,-2.56,1.035682,73
24-09-2025,NYSE:JBGS,JBG SMITH Properties Common Shares,1438,1310430,2.62,22.82,-2.06,-4.60,-1.80,8.90,26.99,31.07,33.65,20.90,0,0,0,0,0,-1,-1,-1,4,-1,-5.82,-5.82,-5.82,36.97,63.23,63.23,4.5,17.27,13.17,19.94,1.61,1.085924,81,8.90,19.87,5.58,3.75,-19.22,4.5,14.31,-3.48,8.85,-25.68,1.053183,79
24-09-2025,NYSE:BKD,Brookdale Senior Living Inc. Common Stock,2019,2877379,3.26,8.5,1.80,11.41,10.12,10.24,18.71,30.47,41.18,20.59,0,0,0,0,0,-1,-1,-1,-1,-1,0,0,0,27.06,65.69,88.47,5.84,8.99,12.57,27.47,1.3,1.085912,81,10.24,9.44,14.47,15.40,-35.00,5.84,3.88,5.41,20.5,-41.46,1.031873,71
24-09-2025,NASDAQ:TBBK,"The Bancorp, Inc. - Common Stock",3548,611892,2.82,77.02,-0.62,0.05,1.32,3.69,28.16,26.86,32.54,31.04,0,0,0,0,0,-1,-1,-1,3,-1,-3.24,-3.24,-3.24,39.2,88.17,88.17,-0.71,18.44,8.96,18.83,11.75,1.085758,81,3.69,25.41,-1.81,7.76,-2.21,-0.71,19.85,-10.87,12.86,-8.67,1.038907,74
24-09-2025,NYSE:MEG,"Montrose Environmental Group, Inc. Common Stock",986,456600,4.23,27.93,0.29,-5.01,-3.90,-5.12,22.63,44.93,41.42,-3.19,0,0,2,0,HV2Y,-1,-1,-1,-1,-1,-10.08,-10.08,-10.08,35.78,160.06,160.06,-9.52,12.91,27.03,27.71,-22.48,1.08533,81,-5.12,26.40,28.83,-6.37,-76.16,-9.52,20.84,19.77,-1.27,-82.62,1.056415,80
24-09-2025,NASDAQ:MGTX,MeiraGTx Holdings plc - Ordinary Shares,667,324770,5.31,8.29,1.72,11.58,9.65,8.56,21.11,6.03,29.55,49.58,0,0,0,HV2Y,HV2Y,-1,-1,-1,-1,-1,-6.75,-6.75,-6.75,27.93,78.86,106.22,4.16,11.39,-11.87,15.84,30.29,1.085135,81,8.56,13.72,-19.11,25.03,28.42,4.16,8.16,-28.17,30.13,21.96,1.007666,52
24-09-2025,NASDAQ:VSEC,VSE Corporation - Common Stock,3340,284984,3.77,161.55,-3.67,-2.94,-3.39,-2.24,15.91,22.45,36.87,45.94,0,0,0,0,HV2Y,-1,-1,-1,-1,19,-6.43,-6.43,-6.43,28.86,56.62,97.76,-6.64,6.19,4.55,23.16,26.65,1.084999,81,-2.24,17.76,7.77,18.60,14.36,-6.64,12.2,-1.29,23.7,7.9,0.976425,20
24-09-2025,NASDAQ:CRON,Cronos Group Inc. - Common Share,1038,2407292,3.8,2.71,2.65,4.80,6.64,4.43,30.26,32.47,31.00,20.66,0,0,HV2Y,0,HV2Y,-1,-1,-1,-1,-1,0,0,0,43.39,67.28,67.28,0.03,20.54,14.57,17.29,1.37,1.084869,81,4.43,27.03,3.17,-2.19,-14.97,0.03,21.47,-5.89,2.91,-21.43,1.058838,81
24-09-2025,NYSE:AHR,"American Healthcare REIT, Inc. Common Stock",7321,1539253,1.67,42.92,1.92,1.47,-0.02,1.05,15.19,29.05,36.21,40.80,0,0,0,0,0,-1,-1,-1,7,-1,-0.56,-0.56,-0.56,20.22,57.1,77.36,-3.35,5.47,11.15,22.5,21.51,1.084825,81,1.05,14.29,16.35,10.08,7.20,-3.35,8.73,7.29,15.18,0.74,0.984454,27
24-09-2025,NASDAQ:MRUS,Merus N.V. - Common Shares,5162,634776,3.58,68.25,0.04,0.11,1.64,3.68,21.05,31.16,38.33,27.22,0,0,0,HV2Y,HV2Y,-1,-1,-1,-1,-1,-2.22,-2.22,-2.22,30.42,95.61,95.61,-0.72,11.33,13.26,24.62,7.93,1.084144,81,3.68,18.04,12.81,10.41,-18.01,-0.72,12.48,3.75,15.51,-24.47,1.020175,63
24-09-2025,NASDAQ:BLBD,Blue Bird Corporation - Common Stock,1872,490917,2.8,59.04,-1.17,1.36,2.78,4.74,27.32,41.18,31.01,7.67,0,0,HVQ,0,HV2Y,-1,-1,-1,3,-1,-2.99,-2.99,-2.99,38.11,88.75,88.75,0.34,17.6,23.28,17.3,-11.62,1.084015,81,4.74,23.70,19.06,-17.28,-33.83,0.34,18.14,10,-12.18,-40.29,1.065399,84
24-09-2025,NASDAQ:PTGX,"Protagonist Therapeutics, Inc. - Common Stock",4103,1116359,4.48,65.95,1.37,10.20,12.45,13.75,17.45,22.59,40.05,28.23,0,0,0,0,0,-1,-1,-1,-1,-1,0,0,0,32.7,61.29,87.95,9.35,7.73,4.69,26.34,8.94,1.083849,81,13.75,4.29,6.23,22.55,-19.70,9.35,-1.27,-2.83,27.65,-26.16,1.02478,67
24-09-2025,NASDAQ:PENG,"Penguin Solutions, Inc. - Common Stock",1420,1005548,3.02,27.1,-1.70,3.03,5.39,9.70,24.80,28.75,32.25,27.31,0,0,HVQ,0,HV2Y,-1,4,-1,-1,-1,-2.87,-2.87,-2.87,36.8,86.51,86.51,5.3,15.08,10.85,18.54,8.02,1.083782,81,9.70,16.71,5.25,4.92,-7.30,5.3,11.15,-3.81,10.02,-13.76,1.039882,75
24-09-2025,NASDAQ:SANA,"Sana Biotechnology, Inc. - Common Stock",882,4188002,7.92,3.41,4.60,10.85,14.66,1.76,14.96,36.95,53.08,-24.63,0,0,0,HV2Y,HV2Y,-1,-1,-1,-1,-1,-33.66,-33.66,-33.66,24.91,154.48,154.48,-2.64,5.24,19.05,39.37,-43.92,1.083674,81,1.76,13.43,25.86,25.58,-165.62,-2.64,7.87,16.8,30.68,-172.08,1.09152,89
24-09-2025,NYSE:C,"Citigroup, Inc. Common Stock",187127,13384718,1.92,101.65,-1.31,-0.11,4.41,6.54,18.71,26.74,32.69,38.87,0,0,0,0,HV2Y,-1,3,-1,18,-1,-1.78,-1.78,-1.78,23.02,74.87,74.87,2.14,8.99,8.84,18.98,19.58,1.083656,81,6.54,13.02,9.88,8.12,9.18,2.14,7.46,0.82,13.22,2.72,1.003937,48
24-09-2025,NYSE:PUK,Prudential Public Limited Company Common Stock,35449,861921,1.27,27.73,0.54,-0.32,-0.25,3.50,9.56,22.65,43.53,39.42,0,0,0,0,0,-1,-1,-1,10,-1,-1.39,-1.39,-1.39,14.26,53.8,90.72,-0.9,-0.16,4.75,29.82,20.13,1.083609,81,3.50,6.28,14.47,26.99,-7.28,-0.9,0.72,5.41,32.09,-13.74,0.976264,20
24-09-2025,NASDAQ:CRSP,CRISPR Therapeutics AG - Common Shares,5553,2291053,4.82,61.05,0.48,3.24,15.14,11.33,21.93,33.02,33.85,21.08,0,0,0,HV2Y,HV2Y,-1,-1,-1,-1,-1,-10.41,-10.41,-10.41,30.73,95.24,95.24,6.93,12.21,15.12,20.14,1.79,1.0831,81,11.33,11.95,14.20,1.24,-19.30,6.93,6.39,5.14,6.34,-25.76,1.040711,75
24-09-2025,NASDAQ:CYBR,CyberArk Software Ltd. - Ordinary Shares,23953,817232,2.01,475.19,-1.35,-1.04,1.33,7.63,15.94,24.60,33.67,40.95,0,0,HV2Y,0,0,-1,-1,1,-1,-1,-3.24,-3.24,-3.24,26.78,55.3,73.36,3.23,6.22,6.7,19.96,21.66,1.083068,81,7.63,8.99,10.30,12.03,10.97,3.23,3.43,1.24,17.13,4.51,0.995412,39
24-09-2025,NASDAQ:CELH,"Celsius Holdings, Inc. - Common Stock",13383,5763948,3.67,51.88,1.71,-8.60,-8.37,-16.02,12.36,32.04,46.14,36.06,0,0,0,HV2Y,HV2Y,-1,-1,-1,-1,-1,-17.49,-17.49,-17.49,21.39,54.18,143.8,-20.42,2.64,14.14,32.43,16.77,1.082949,81,-16.02,24.46,22.45,20.76,-18.72,-20.42,18.9,13.39,25.86,-25.18,0.966051,14
24-09-2025,NASDAQ:BILI,Bilibili Inc. - American Depositary Shares,10651,3576571,2.8,26.27,1.94,-6.66,5.81,11.50,20.90,26.49,24.90,39.47,0,0,0,0,HV2Y,-1,-1,-1,-1,-1,-6.25,-6.25,-11.43,26.42,76.55,76.55,7.1,11.18,8.59,11.19,20.18,1.082793,81,11.50,10.62,7.07,-2.18,19.41,7.1,5.06,-1.99,2.92,12.95,1.019295,63
24-09-2025,NYSE:ERJ,Embraer S.A. Common Stock,11053,1320273,2.5,60.32,-0.66,5.98,1.54,7.31,12.30,18.95,39.36,41.81,0,0,HV2Y,HV2Y,HV2Y,-1,-1,-1,-1,-1,-1.15,-1.15,-1.15,27.28,49.23,85.77,2.91,2.58,1.05,25.65,22.52,1.082612,81,7.31,5.38,7.58,25.18,4.05,2.91,-0.18,-1.48,30.28,-2.41,0.984949,27
24-09-2025,NYSE:SNOW,Snowflake Inc. Common Stock,75407,8176509,3.47,222.57,-0.43,2.07,-1.47,12.53,0.47,26.84,26.22,50.46,0,HVQ,0,0,HV2Y,-1,-1,-1,-1,-1,-7.65,-7.65,-7.65,16.09,70.51,102.98,8.13,-9.25,8.94,12.51,31.17,1.082197,81,12.53,-13.79,26.49,-0.85,32.85,8.13,-19.35,17.43,4.25,26.39,0.96094,11
24-09-2025,NASDAQ:CGON,"CG Oncology, Inc. - Common stock",2797,1188284,6.08,36.68,-0.05,-2.84,8.32,30.70,28.95,24.92,23.61,-6.32,0,0,0,HV2Y,0,-1,4,-1,-1,-1,-5.51,-5.51,-8.16,53.18,135.28,135.28,26.3,19.23,7.02,9.9,-25.61,1.082057,81,30.70,-2.52,-5.68,-1.74,-39.19,26.3,-8.08,-14.74,3.36,-45.65,1.129868,93
24-09-2025,NYSE:ECG,"Everus Construction Group, Inc. Common Stock",4071,420371,3.38,79.81,-1.88,1.24,2.81,5.26,22.64,51.66,19.06,NA,0,0,0,0,0,-1,-1,-1,15,-1,-3.27,-3.27,-3.27,29.27,137.53,137.53,0.86,12.92,33.76,5.35,0,1.081786,81,5.26,18.34,37.51,-67.44,NA,0.86,12.78,28.45,-62.34,0,0.983984,26
24-09-2025,NASDAQ:DSGN,"Design Therapeutics, Inc. - Common Stock",367,202237,8.14,6.44,6.98,7.61,4.81,19.25,38.66,28.73,6.99,8.70,0,HVQ,HVQ,0,HV2Y,-1,-1,-1,-1,-1,-3.01,-3.01,-14.13,91.1,130.82,130.82,14.85,28.94,10.83,-6.72,-10.59,1.081737,81,19.25,24.04,-16.20,-30.50,1.84,14.85,18.48,-25.26,-25.4,-4.62,1.135704,94
24-09-2025,NYSE:TEL,TE Connectivity plc Ordinary Shares,63694,1647776,1.71,215.56,-1.87,0.80,2.42,4.84,22.12,30.04,33.25,31.29,0,0,HVY,0,0,-1,-1,-1,7,-1,-1.87,-1.87,-1.87,29.18,76.69,76.69,0.44,12.4,12.14,19.54,12,1.081356,81,4.84,18.16,10.17,4.58,-2.93,0.44,12.6,1.11,9.68,-9.39,1.020031,63
24-09-2025,NASDAQ:MGNI,"Magnite, Inc. - Common Stock",3248,3305682,5.38,22.81,-2.73,-4.56,-4.73,-11.05,9.21,40.68,31.08,43.18,HVQ,0,0,0,HV2Y,-1,-1,-1,-1,-1,-13.99,-13.99,-13.99,10.14,153.44,153.44,-15.45,-0.51,22.78,17.37,23.89,1.080926,81,-11.05,18.24,34.67,-16.19,17.56,-15.45,12.68,25.61,-11.09,11.1,0.960421,11
24-09-2025,NYSE:BBD,Banco Bradesco Sa American Depositary Shares,33225,43343426,2.19,3.34,-1.47,0.90,6.59,10.18,10.48,31.14,43.71,21.26,0,0,0,HV2Y,0,-1,2,-1,-1,-1,-1.47,-1.47,-1.47,21.45,65.35,80.54,5.78,0.76,13.24,30,1.97,1.080779,81,10.18,0.33,23.08,18.26,-39.89,5.78,-5.23,14.02,23.36,-46.35,1.011513,56
24-09-2025,NYSE:RKT,"Rocket Companies, Inc. Class A Common Stock",41228,25115001,4.97,19.59,-0.15,-8.01,-6.69,4.39,26.85,31.70,40.63,3.88,0,0,0,0,HV2Y,-1,-1,-1,-1,-1,-7.42,-7.42,-7.42,47.18,76.33,90.56,-0.01,17.13,13.8,26.92,-15.41,1.079457,81,4.39,23.49,6.63,13.08,-61.91,-0.01,17.93,-2.43,18.18,-68.37,1.069145,85
24-09-2025,NASDAQ:CAMT,Camtek Ltd. - Ordinary Shares,4899,597820,4.34,102.5,-2.50,13.17,20.77,19.43,19.91,34.88,17.42,27.47,0,0,0,0,HV2Y,4.27,-1,-1,-1,-1,-2.5,-2.5,-4.33,33.59,102.73,102.73,15.03,10.19,16.98,3.71,8.18,1.079288,81,19.43,0.59,18.69,-26.80,12.17,15.03,-4.97,9.63,-21.7,5.71,1.047774,78
24-09-2025,NYSE:XPEV,"XPeng Inc. American depositary shares, each representing two Class A ordinary shares",20539,7290882,2.63,21.27,0.38,-1.55,5.50,-8.46,9.73,1.22,40.24,54.87,0,HVQ,HVQ,0,0,-1,-1,-1,-1,-1,-12.58,-12.58,-19.25,22.24,29.54,122.49,-12.86,0.01,-16.68,26.53,35.58,1.079233,80,-8.46,16.78,-9.43,39.50,24.47,-12.86,11.22,-18.49,44.6,18.01,0.948704,7
24-09-2025,NYSE:HLIO,"Helios Technologies, Inc. Common Stock",1755,221385,2.68,52.95,-1.53,-1.30,-3.55,-3.19,40.47,35.09,11.86,16.37,0,0,HV2Y,0,0,-1,-1,-1,9,-1,-5.26,-5.26,-5.92,67.99,105.95,105.95,-7.59,30.75,17.19,-1.85,-2.92,1.079206,80,-3.19,42.31,-9.04,-35.79,5.12,-7.59,36.75,-18.1,-30.69,-1.34,1.104455,91
24-09-2025,NYSE:ESE,ESCO Technologies Inc. Common Stock,5472,254857,2.53,211.9,-1.84,0.02,3.07,8.57,10.18,22.26,37.02,41.01,0,0,0,0,0,-1,-1,7,-1,-1,-2.69,-2.69,-2.69,14.4,51.51,75.59,4.17,0.46,4.36,23.31,21.72,1.07884,80,8.57,1.77,13.45,18.98,6.33,4.17,-3.79,4.39,24.08,-0.13,0.982035,24
24-09-2025,NYSE:RCL,Royal Caribbean Cruises Ltd. Common Stock,88830,1926411,3,327.03,-1.08,1.21,-4.42,-5.49,13.05,31.19,29.44,46.78,0,0,0,HV2Y,HV2Y,-1,-1,-1,-1,-1,-10.61,-10.61,-10.61,15.01,83.8,88.86,-9.89,3.33,13.29,15.73,27.49,1.078718,80,-5.49,17.58,20.86,-2.55,24.58,-9.89,12.02,11.8,2.55,18.12,0.96726,14
24-09-2025,NASDAQ:ORGO,Organogenesis Holdings Inc.  - Class A,622,838891,4.39,4.9,2.94,5.71,0.82,4.69,27.76,-6.53,36.53,42.24,0,0,0,HV2Y,HV2Y,-1,-1,-1,-1,-1,-4.85,-8.24,-21.1,38.42,84.21,84.21,0.29,18.04,-24.43,22.82,22.95,1.078417,80,4.69,24.20,-47.46,40.42,9.00,0.29,18.64,-56.52,45.52,2.54,1.042213,76
24-09-2025,NYSE:M,Macy's Inc Common Stock,4667,12997006,3.63,17.38,1.46,-0.12,1.96,23.65,36.59,21.86,8.80,11.97,0,HV2Y,0,0,0,-1,-1,-1,-1,-1,-1.31,-1.31,-3.98,57.71,73.45,73.45,19.25,26.87,3.96,-4.91,-7.32,1.078368,80,23.65,16.96,-23.23,-16.72,3.47,19.25,11.4,-32.29,-11.62,-2.99,1.13087,93
24-09-2025,NYSE:PRO,"PROS Holdings, Inc. Common Stock",1102,1922147,3.2,22.91,0.26,30.82,34.00,32.91,34.66,7.55,1.05,18.77,HV2Y,0,0,0,0,39.98,-1,-1,-1,-1,-0.48,-0.48,-16.36,62.48,63.88,63.88,28.51,24.94,-10.35,-12.66,-0.52,1.077471,80,32.91,2.60,-41.48,-7.03,17.91,28.51,-2.96,-50.54,-1.93,11.45,1.144159,94
24-09-2025,NASDAQ:IQ,"iQIYI, Inc. - American Depositary Shares",2552,18385169,4.32,2.7,1.89,1.11,3.70,10.74,35.19,18.15,24.81,22.22,0,HV2Y,HV2Y,HV2Y,HV2Y,-1,-1,-1,-1,-1,-3.23,-3.23,-15.36,54.29,76.47,76.47,6.34,25.47,0.25,11.1,2.93,1.077082,80,10.74,27.39,-26.29,8.14,-3.45,6.34,21.83,-35.35,13.24,-9.91,1.089472,89
24-09-2025,NYSE:VIK,Viking Holdings Ltd Ordinary Shares,26698,1930202,2.24,60.21,-1.70,-2.84,-4.50,0.27,14.85,31.44,27.44,42.82,0,0,0,0,0,-1,-1,-1,-1,-1,-7.82,-7.82,-7.82,17.44,76.36,76.57,-4.13,5.13,13.54,13.73,23.53,1.076045,80,0.27,14.62,19.49,-5.84,21.19,-4.13,9.06,10.43,-0.74,14.73,0.983562,26
24-09-2025,NASDAQ:HCSG,"Healthcare Services Group, Inc. - Common Stock",1201,681275,2.77,16.58,3.43,6.15,4.61,6.57,11.28,37.52,31.00,31.54,0,0,0,0,0,-1,-1,-1,-1,-1,0,0,0,30.65,76.95,76.95,2.17,1.56,19.62,17.29,12.25,1.075668,80,6.57,5.04,29.57,-10.42,0.79,2.17,-0.52,20.51,-5.32,-5.67,0.996472,40
24-09-2025,NYSE:GENI,Genius Sports Limited Ordinary Shares,3316,4696003,3.34,13.11,-0.46,6.33,4.20,1.37,23.80,15.48,33.49,40.05,0,0,0,0,HV2Y,-1,-1,-1,-1,-1,-3.25,-3.25,-3.25,34.6,51.21,94.51,-3.03,14.08,-2.42,19.78,20.76,1.07554,80,1.37,22.74,-10.91,21.30,9.86,-3.03,17.18,-19.97,26.4,3.4,1.013239,57
24-09-2025,NYSE:TIMB,TIM S.A. American Depositary Shares (Each representing 5 Common Shares),10614,502023,1.45,21.64,-1.77,-0.42,4.11,1.94,13.91,30.08,44.36,21.67,0,0,0,0,0,-1,-1,-1,8,-1,-1.77,-1.77,-1.77,21.78,49.76,89.49,-2.46,4.19,12.18,30.65,2.38,1.075429,80,1.94,12.21,18.79,20.42,-40.78,-2.46,6.65,9.73,25.52,-47.24,1.007951,52
24-09-2025,NYSE:ZH,"Zhihu Inc. American Depositary Shares, each representing three (3) Class A Ordinary Shares",464,391215,4.6,5.22,6.10,-0.57,1.92,8.05,26.05,11.69,30.46,37.93,0,0,0,HV2Y,HV2Y,-1,-1,-1,-1,-1,-3.69,-3.69,-9.84,36.29,56.29,64.67,3.65,16.33,-6.21,16.75,18.64,1.075316,80,8.05,19.58,-19.43,21.26,10.74,3.65,14.02,-28.49,26.36,4.28,1.034041,72
24-09-2025,NYSE:AAP,Advance Auto Parts Inc.,3662,1560727,3.48,60.11,-0.08,-5.19,0.95,3.86,19.71,35.80,28.51,29.41,0,0,0,HV2Y,0,-1,-1,-1,-1,-1,-9.61,-9.61,-9.61,29.88,98.32,98.32,-0.54,9.99,17.9,14.8,10.12,1.075263,80,3.86,16.49,20.04,-11.35,1.26,-0.54,10.93,10.98,-6.25,-5.2,1.016083,60
24-09-2025,AMEX:BRBS,"Blue Ridge Bankshares, Inc. Common Stock",400,353589,2.72,4.34,0.70,4.38,4.84,7.14,24.65,23.04,27.88,34.79,0,0,HV2Y,0,0,-1,-1,-1,-1,-1,0,0,0,32.72,43.71,61.94,2.74,14.93,5.14,14.17,15.5,1.075168,80,7.14,18.86,-2.14,6.29,9.58,2.74,13.3,-11.2,11.39,3.12,1.02848,69
24-09-2025,NYSE:SGI,Somnigroup International Inc. Common Stock,17230,2012597,1.88,82.09,-2.78,-3.61,-3.62,-0.69,19.87,29.95,32.96,34.50,0,0,0,0,0,-1,-1,-1,5,-1,-5.81,-5.81,-5.81,24.79,50.71,72.24,-5.09,10.15,12.05,19.25,15.21,1.07472,80,-0.69,20.42,12.59,4.30,2.29,-5.09,14.86,3.53,9.4,-4.17,1.002703,47
24-09-2025,NASDAQ:GPRE,"Green Plains, Inc. - Common Stock",632,2543750,5.93,9.64,4.10,0.31,-0.41,2.39,40.15,47.61,4.36,-37.86,0,0,0,0,0,-1,-1,-1,-1,-1,-13.54,-13.54,-28.86,69.42,192.12,192.12,-2.01,30.43,29.71,-9.35,-57.15,1.07447,80,2.39,38.68,12.48,-82.57,-44.14,-2.01,33.12,3.42,-77.47,-50.6,1.168587,96
24-09-2025,NASDAQ:HALO,"Halozyme Therapeutics, Inc. - Common Stock",8847,2028556,2.38,75.64,-2.49,-0.22,-0.21,4.53,30.83,14.28,37.44,21.68,0,0,0,HV2Y,HV2Y,-1,-1,10,-1,-1,-3.37,-3.37,-3.37,45.41,57.88,77.68,0.13,21.11,-3.62,23.73,2.39,1.074044,80,4.53,27.54,-23.93,27.02,-25.19,0.13,21.98,-32.99,32.12,-31.65,1.066209,84
24-09-2025,NASDAQ:SANM,Sanmina Corporation - Common Stock,6030,673834,2.81,113.17,-3.68,-2.67,-8.34,-2.01,15.83,30.56,32.07,39.00,0,0,HVY,0,0,-1,-1,-1,-1,-1,-8.62,-8.62,-8.62,18.81,68.16,73.87,-6.41,6.11,12.66,18.36,19.71,1.073556,80,-2.01,17.49,17.50,2.16,10.21,-6.41,11.93,8.44,7.26,3.75,0.985441,28
24-09-2025,AMEX:HYLN,Hyliion Holdings Corp. Class A Common Stock,393,1105896,7.4,2.24,4.67,20.98,26.79,21.43,40.18,28.13,-12.95,8.04,0,0,0,0,HV2Y,-1,-1,-1,-1,-1,0,0,-41.67,69.7,96.49,96.49,17.03,30.46,10.23,-26.66,-11.25,1.073533,80,21.43,23.86,-20.15,-57.14,18.58,17.03,18.3,-29.21,-52.04,12.12,1.159099,95
24-09-2025,NYSE:BCS,Barclays PLC Common Stock,73617,8562395,1.34,20.72,-1.19,-0.24,1.11,1.54,12.31,21.57,37.64,41.02,0,0,0,0,0,-1,-1,-1,10,-1,-1.57,-1.57,-1.57,15.88,63.28,78.01,-2.86,2.59,3.67,23.93,21.73,1.073306,80,1.54,10.93,10.57,20.49,5.42,-2.86,5.37,1.51,25.59,-1.04,0.977598,21
24-09-2025,NYSE:PBI,Pitney Bowes Inc. Common Stock,2064,2953059,2.83,11.99,0.25,5.50,5.17,-3.25,11.76,21.02,40.37,41.53,0,0,0,HV2Y,HV2Y,-1,-1,-1,-1,-1,-6.25,-6.25,-6.25,13.33,53.52,77.89,-7.65,2.04,3.12,26.66,22.24,1.07326,80,-3.25,14.54,10.49,24.50,1.96,-7.65,8.98,1.43,29.6,-4.5,0.970054,16
24-09-2025,NASDAQ:TILE,"Interface, Inc. - Common Stock",1673,520854,3.04,28.66,-2.95,-1.81,4.43,6.91,28.54,29.55,13.99,33.81,0,0,0,0,0,-1,-1,-1,3,-1,-4.08,-4.08,-4.08,40.56,61.1,64.05,2.51,18.82,11.65,0.28,14.52,1.073203,80,6.91,23.24,1.42,-22.09,23.04,2.51,17.68,-7.64,-16.99,16.58,1.048572,78
24-09-2025,NASDAQ:BBNX,"Beta Bionics, Inc. - Common Stock",988,1043762,6.49,22.73,-0.61,-1.67,-9.41,23.23,35.02,33.04,NA,NA,0,0,0,0,0,-1,-1,-1,-1,-1,-13.93,-13.93,-13.93,81.4,134.09,134.09,18.83,25.3,15.14,0,0,1.073117,80,23.23,15.36,-3.05,NA,NA,18.83,9.8,-12.11,0,0,1.009343,54
24-09-2025,NYSE:CIB,Grupo Cibest S.A. American Depositary Shares each representing four Preferred Shares,13874,331263,1.9,52.46,-0.23,0.82,-2.15,5.38,13.84,16.36,39.21,38.70,0,0,0,0,0,-1,-1,-1,0,-1,-2.11,-2.11,-2.11,20.82,45.28,69.44,0.98,4.12,-1.54,25.5,19.41,1.072841,80,5.38,8.94,2.92,27.32,-0.85,0.98,3.38,-6.14,32.42,-7.31,0.990543,33
24-09-2025,NYSE:KRMN,Karman Holdings Inc. Common Stock,8854,1707621,4.05,66.91,-2.62,4.18,7.01,20.73,26.93,44.12,NA,NA,0,0,0,0,0,-1,2,-1,-1,-1,-2.62,-2.62,-2.62,48.99,149.94,149.94,16.33,17.21,26.22,0,0,1.07263,80,20.73,7.82,23.52,NA,NA,16.33,2.26,14.46,0,0,0.960203,11
24-09-2025,NYSE:MIR,"Mirion Technologies, Inc. Class A Common Stock",5140,5976143,4.76,21.97,-10.69,-3.32,2.87,5.74,2.14,29.13,20.03,51.39,0,0,0,0,0,-1,-1,-1,-1,-1,-10.69,-10.69,-10.69,11.02,72.99,109.04,1.34,-7.58,11.23,6.32,32.1,1.07231,80,5.74,-3.81,27.58,-12.85,39.21,1.34,-9.37,18.52,-7.75,32.75,0.957586,9
24-09-2025,NASDAQ:EU,enCore Energy Corp. - Common Stock,584,4295662,6.68,3.12,0.97,17.31,25.00,26.92,20.83,50.32,-8.33,-22.12,0,0,0,0,0,-1,-1,-1,-1,-1,-1.27,-1.27,-29.09,46.14,168.97,168.97,22.52,11.11,32.42,-22.04,-41.41,1.072088,80,26.92,-8.33,37.25,-118.06,-12.72,22.52,-13.89,28.19,-112.96,-19.18,1.146694,94
24-09-2025,NASDAQ:OTEX,Open Text Corporation - Common Shares,9705,1899956,2.67,38.16,2.83,3.83,7.99,15.57,25.00,28.83,28.14,14.15,0,0,0,0,0,-1,1,2,-1,-1,0,0,0,36.63,65.63,65.63,11.17,15.28,10.93,14.43,-5.14,1.071641,80,15.57,11.17,5.10,-0.96,-19.47,11.17,5.61,-3.96,4.14,-25.93,1.064083,83
24-09-2025,NYSE:DOCS,"Doximity, Inc. Class A Common Stock",13912,1346507,2.37,74.27,0.50,2.15,7.10,10.60,18.98,11.04,25.70,44.96,0,0,0,0,HV2Y,-1,-1,5,-1,-1,0,0,-10.67,29.55,46.46,81.68,6.2,9.26,-6.86,11.99,25.67,1.071372,79,10.60,9.38,-9.81,16.48,25.92,6.2,3.82,-18.87,21.58,19.46,1.007834,52
24-09-2025,NYSE:TIXT,TELUS International (Cda) Inc. Subordinate Voting Shares,1254,2552966,1.1,4.5,0.67,-0.22,0.22,14.22,17.56,39.33,20.67,20.67,0,HV2Y,HV2Y,HV2Y,0,-1,-1,-1,-1,-1,-0.66,-0.66,-0.66,25.7,104.55,104.55,9.82,7.84,21.43,6.96,1.38,1.071287,79,14.22,3.89,26.42,-30.77,0.00,9.82,-1.67,17.36,-25.67,-6.46,1.039809,75
24-09-2025,NASDAQ:LINC,Lincoln Educational Services Corporation - Common Stock,702,381013,3.69,22.21,2.49,4.41,14.45,11.53,-2.75,29.31,30.39,43.85,0,0,0,HV2Y,HV2Y,-1,-1,-1,-1,-1,-9.35,-9.35,-9.35,18.08,44.97,92.63,7.13,-12.47,11.41,16.68,24.56,1.070917,79,11.53,-16.13,31.20,1.53,19.34,7.13,-21.69,22.14,6.63,12.88,0.959335,10
24-09-2025,NYSE:GOOS,Canada Goose Holdings Inc. Subordinate Voting Shares,1312,1482288,3.73,13.52,-0.59,-3.62,-7.91,12.80,14.87,37.06,27.22,22.26,0,HVQ,0,HV2Y,HV2Y,-1,-1,-1,-1,-1,-11.29,-11.29,-11.29,23.47,96.51,96.51,8.4,5.15,19.16,13.51,2.97,1.070802,79,12.80,2.37,26.06,-15.63,-6.81,8.4,-3.19,17,-10.53,-13.27,1.024964,67
24-09-2025,NYSE:WNS,WNS (Holdings) Limited Ordinary Shares,3261,1068223,0.2,76.09,0.09,-0.14,0.76,0.76,24.50,14.84,40.16,28.19,0,0,HV2Y,0,0,-1,-1,9,-1,-1,-0.14,-0.14,-0.14,32.45,42.06,76.26,-3.64,14.78,-3.06,26.45,8.9,1.069913,79,0.76,23.92,-12.79,29.74,-20.01,-3.64,18.36,-21.85,34.84,-26.47,1.030456,70
24-09-2025,NYSE:GS,"Goldman Sachs Group, Inc. (The) Common Stock",239885,1767607,1.93,792.43,-1.72,-0.23,2.88,6.77,15.47,26.06,30.09,37.10,0,0,0,0,HV2Y,-1,-1,-1,15,-1,-1.72,-1.72,-1.72,18.3,71.44,71.44,2.37,5.75,8.16,16.38,17.81,1.069675,79,6.77,9.33,12.53,5.45,10.03,2.37,3.77,3.47,10.55,3.57,0.997804,42
24-09-2025,NASDAQ:GRPN,"Groupon, Inc. - Common Stock",916,1427946,4.55,22.66,1.48,3.31,-0.04,-15.45,-57.72,19.51,54.37,52.12,0,0,0,HV2Y,HV2Y,-1,-1,-1,-1,-1,-39.36,-39.36,-39.36,3.42,35.04,179.06,-19.85,-67.44,1.61,40.66,32.83,1.069622,79,-15.45,-36.62,48.96,43.31,-4.93,-19.85,-42.18,39.9,48.41,-11.39,0.8512,1
24-09-2025,NYSE:RL,Ralph Lauren Corporation Common Stock,18906,640211,2.61,312.01,0.44,1.89,-0.18,7.89,11.90,25.73,28.70,40.61,0,0,0,0,0,-1,-1,-1,-1,-1,-2.72,-2.72,-2.72,14.67,71.11,71.11,3.49,2.18,7.83,14.99,21.32,1.069425,79,7.89,4.36,15.69,4.00,16.70,3.49,-1.2,6.63,9.1,10.24,0.987072,29
24-09-2025,NYSE:IVZ,Invesco Ltd Common Stock,9891,4192198,2.14,22.18,-1.11,0.05,0.09,2.52,31.24,28.00,24.35,22.59,0,0,HV2Y,HV2Y,HV2Y,-1,-1,-1,9,-1,-2.08,-2.08,-2.08,45.44,82.7,82.7,-1.88,21.52,10.1,10.64,3.3,1.06914,79,2.52,29.46,-4.72,-5.07,-2.32,-1.88,23.9,-13.78,0.03,-8.78,1.058802,81
24-09-2025,NYSE:ING,"ING Group, N.V. Common Stock",77102,2603298,1.25,25.75,0.16,1.59,3.81,5.09,17.28,21.20,40.16,27.53,0,0,0,0,0,-1,-1,-1,12,-1,0,0,0,20.89,54.93,70.64,0.69,7.56,3.3,26.45,8.24,1.068637,79,5.09,12.85,4.74,24.05,-21.09,0.69,7.29,-4.32,29.15,-27.55,1.012394,57
24-09-2025,NASDAQ:ROIV,Roivant Sciences Ltd. - Common Shares,10038,9396670,3.26,14.7,-0.27,-3.95,6.33,20.82,22.45,27.41,21.77,18.57,0,0,0,0,0,-1,-1,2,-1,-1,-3.8,-3.8,-3.8,36.87,61.89,61.89,16.42,12.73,9.51,8.06,-0.72,1.068615,79,20.82,2.06,6.40,-7.78,-4.09,16.42,-3.5,-2.66,-2.68,-10.55,1.061731,82
24-09-2025,NYSE:KAR,"OPENLANE, Inc. Common Stock",3007,871765,2.45,28.29,0.11,-0.85,-3.61,-2.62,19.30,25.34,28.28,41.22,0,0,HVQ,0,0,-1,-1,-1,-1,-1,-4.49,-4.49,-4.49,23.92,61.01,82.16,-7.02,9.58,7.44,14.57,21.93,1.068571,79,-2.62,21.36,7.49,3.93,18.04,-7.02,15.8,-1.57,9.03,11.58,0.992361,36
24-09-2025,NYSE:CW,Curtiss-Wright Corporation Common Stock,19266,250551,2.73,511.34,-1.32,2.66,3.10,6.34,6.81,33.61,31.27,35.76,0,0,0,0,0,-1,-1,-1,-1,18,-1.43,-1.43,-1.43,8.24,80.57,80.57,1.94,-2.91,15.71,17.56,16.47,1.068527,79,6.34,0.50,28.75,-3.52,6.53,1.94,-5.06,19.69,1.58,0.07,0.979939,23
24-09-2025,NYSE:BAP,Credicorp Ltd. Common Stock,21165,366398,2.2,266.11,0.21,-4.58,0.73,5.30,18.29,25.82,32.29,32.58,0,0,0,0,0,-1,-1,-1,3,-1,-4.38,-4.38,-4.38,22.39,56.64,56.64,0.9,8.57,7.92,18.58,13.29,1.0685,79,5.30,13.72,9.21,8.73,0.43,0.9,8.16,0.15,13.83,-6.03,1.007965,52
24-09-2025,NYSE:EME,"EMCOR Group, Inc. Common Stock",28048,991750,2.89,626.57,-2.81,1.57,-1.25,2.78,19.79,34.20,25.90,30.48,0,0,0,0,0,-1,-1,-1,-1,-1,-4.46,-4.46,-4.46,24.67,83.2,83.2,-1.62,10.07,16.3,12.19,11.19,1.068436,79,2.78,17.50,17.97,-12.62,6.18,-1.62,11.94,8.91,-7.52,-0.28,1.014036,59
24-09-2025,NASDAQ:FTDR,"Frontdoor, Inc. - Common Stock",4844,700740,2.96,66.5,-1.87,-0.06,4.74,9.70,12.98,42.86,16.68,26.99,0,0,0,0,HV2Y,-1,-1,-1,-1,-1,-2.26,-2.26,-2.26,21.17,78.05,79.39,5.3,3.26,24.96,2.97,7.7,1.068043,79,9.70,3.63,34.34,-45.82,12.38,5.3,-1.93,25.28,-40.72,5.92,1.021681,64
24-09-2025,NYSE:VRT,"Vertiv Holdings, LLC Class A Common Stock",54080,7361524,4.5,141.62,-0.69,3.38,3.45,11.72,14.11,35.33,18.49,33.24,0,0,0,0,0,-1,-1,-1,-1,-1,-6.8,-6.8,-7.73,17.31,138.38,138.38,7.32,4.39,17.43,4.78,13.95,1.067294,79,11.72,2.70,24.71,-26.05,18.10,7.32,-2.86,15.65,-20.95,11.64,1.013666,58
24-09-2025,NASDAQ:ARQ,"Arq, Inc. - Common Stock",307,310624,4.49,7.19,-0.14,0.00,3.06,-2.36,30.74,36.86,8.07,29.07,0,0,0,0,0,-1,-1,-1,-1,-1,-6.99,-6.99,-9.22,44.38,106.61,106.61,-6.76,21.02,18.96,-5.64,9.78,1.067237,79,-2.36,32.34,8.84,-45.59,22.84,-6.76,26.78,-0.22,-40.49,16.38,1.056095,80
24-09-2025,NASDAQ:SIGA,SIGA Technologies Inc. - Common Stock,638,513531,3.7,8.91,-1.66,2.81,2.13,2.36,27.72,33.89,32.32,5.39,0,0,HVQ,0,HV2Y,-1,-1,-1,-1,-1,-6.01,-6.01,-6.01,38.35,70.69,70.69,-2.04,18,15.99,18.61,-13.9,1.067063,79,2.36,25.98,8.54,-2.38,-39.80,-2.04,20.42,-0.52,2.72,-46.26,1.063812,83
24-09-2025,NYSE:CLF,Cleveland-Cliffs Inc. Common Stock,5803,19435448,4.52,11.73,2.00,3.75,3.07,10.49,39.98,19.86,20.46,-0.34,0,0,HV2Y,HV2Y,HV2Y,-1,-1,-1,-1,-1,-1.35,-1.35,-15.85,66.62,101.2,101.2,6.09,30.26,1.96,6.75,-19.63,1.067038,79,10.49,32.95,-33.52,0.74,-26.15,6.09,27.39,-42.58,5.84,-32.61,1.133842,94
24-09-2025,NASDAQ:WB,Weibo Corporation - American Depositary Shares,3015,1432765,3.15,12.52,4.16,-1.92,2.72,7.75,22.28,20.85,21.33,39.06,0,HVQ,HVQ,0,2,-1,-1,-1,-1,-1,-1.88,-1.88,-1.88,31.79,70.57,70.57,3.35,12.56,2.95,7.62,19.77,1.066395,79,7.75,15.76,-1.85,0.61,22.54,3.35,10.2,-10.91,5.71,16.08,1.019405,63
24-09-2025,NYSE:GNK,Genco Shipping & Trading Limited Ordinary Shares New (Marshall Islands),816,701759,2.44,18.99,-1.40,2.32,5.32,10.95,28.91,29.12,28.17,5.37,0,0,0,0,0,-1,-1,4,-1,-1,-1.4,-1.4,-2.62,45.29,67.17,67.17,6.55,19.19,11.22,14.46,-13.92,1.065988,79,10.95,20.17,0.30,-1.34,-31.74,6.55,14.61,-8.76,3.76,-38.2,1.079155,87
24-09-2025,NASDAQ:PINC,"Premier, Inc. - Class A Common Stock",2294,2127834,2.43,27.79,-0.57,4.35,3.56,7.52,21.37,31.81,22.60,28.43,0,0,0,0,0,-1,-1,-1,2,-1,-1.63,-1.63,-1.63,33.09,46.73,59.16,3.12,11.65,13.91,8.89,9.14,1.065581,79,7.52,14.98,13.27,-13.51,7.53,3.12,9.42,4.21,-8.41,1.07,1.027497,69
24-09-2025,NASDAQ:FSLR,"First Solar, Inc. - Common Stock",23505,2211450,3.91,219.17,1.59,3.86,7.02,9.00,30.33,40.02,19.75,-9.60,0,0,0,HV2Y,HV2Y,-1,-1,-1,8,-1,-0.07,-0.07,-14.3,44.06,82.07,82.07,4.6,20.61,22.12,6.04,-28.89,1.065421,79,9.00,23.44,13.91,-33.79,-36.57,4.6,17.88,4.85,-28.69,-43.03,1.099605,90
24-09-2025,NASDAQ:UAL,"United Airlines Holdings, Inc. - Common Stock",32823,5415117,3.18,101.39,-2.63,-4.06,-6.04,-0.94,24.32,22.18,5.75,48.55,0,0,0,0,HV2Y,-1,-1,-1,-1,-1,-7.29,-7.29,-8.26,32.14,80.57,94.35,-5.34,14.6,4.28,-7.96,29.26,1.065349,79,-0.94,25.02,-2.83,-21.12,45.41,-5.34,19.46,-11.89,-16.02,38.95,1.014838,59
24-09-2025,NYSE:GTN,"Gray Media, Inc. Common Stock",629,1173696,4.34,5.79,-1.03,4.49,2.07,-4.32,21.93,16.93,48.01,13.13,0,HVQ,0,0,0,-1,-1,-1,-1,-1,-7.21,-7.21,-7.21,40.19,80.94,94.95,-8.72,12.21,-0.97,34.3,-6.16,1.065227,79,-4.32,25.17,-6.42,37.42,-67.11,-8.72,19.61,-15.48,42.52,-73.57,1.041784,75
24-09-2025,NYSE:EVR,Evercore Inc. Class A Common Stock,13141,465627,2.55,340.47,-4.00,-2.31,2.30,6.50,21.56,36.21,20.53,24.59,0,0,0,0,HV2Y,-1,-1,-1,13,-1,-6.15,-6.15,-6.15,27.49,107.9,107.9,2.1,11.84,18.31,6.82,5.3,1.065088,79,6.50,16.11,18.67,-24.58,5.11,2.1,10.55,9.61,-19.48,-1.35,1.03311,72
24-09-2025,NASDAQ:LXEO,"Lexeo Therapeutics, Inc. - Common Stock",353,725334,7.82,6.54,22.24,18.04,20.49,28.75,35.93,32.11,7.65,-64.83,HVQ,0,0,HV2Y,HV2Y,-1,-1,-1,-1,-1,0,0,-41.19,78.2,265.36,265.36,24.35,26.21,14.21,-6.06,-84.12,1.064989,79,28.75,10.09,-5.97,-36.04,-78.48,24.35,4.53,-15.03,-30.94,-84.94,1.203022,97
24-09-2025,NYSE:GSL,Global Ship Lease Inc New Class A Common Shares,1141,303206,1.87,32.05,-0.84,-1.31,2.37,7.74,18.41,27.15,33.82,23.93,0,0,0,0,0,-1,-1,-1,8,-1,-3.06,-3.06,-3.06,22.56,75.62,75.62,3.34,8.69,9.25,20.11,4.64,1.06493,79,7.74,11.57,10.71,9.16,-14.95,3.34,6.01,1.65,14.26,-21.41,1.021365,64
24-09-2025,NYSE:THC,Tenet Healthcare Corporation Common Stock,17372,1247809,2.94,196.63,1.84,6.69,2.47,8.34,14.05,33.49,36.07,16.00,0,0,0,0,HV2Y,-1,-1,-1,3,-1,0,0,0,32.52,78.09,78.09,3.94,4.33,15.59,22.36,-3.29,1.064857,79,8.34,6.23,22.62,3.88,-31.39,3.94,0.67,13.56,8.98,-37.85,1.021016,64
24-09-2025,NYSE:DNA,"Ginkgo Bioworks Holdings, Inc. Class A Common Stock",683,1575529,7.54,11.53,-6.64,3.99,10.75,-4.51,19.17,38.25,24.20,30.53,0,0,0,0,HV2Y,-1,-1,-1,-1,-1,-22.62,-22.62,-29.52,23.71,107,107,-8.91,9.45,20.35,10.49,11.24,1.064678,78,-4.51,22.66,23.61,-22.75,8.35,-8.91,17.1,14.55,-17.65,1.89,1.006259,51
24-09-2025,NYSE:AMG,"Affiliated Managers Group, Inc. Common Stock",6740,220751,2.05,241.85,-0.89,2.92,4.09,6.99,22.83,28.96,26.20,25.68,0,0,0,0,0,-1,7,2,-1,-1,-1.02,-1.02,-1.02,29.59,68.71,68.71,2.59,13.11,11.06,12.49,6.39,1.064394,78,6.99,17.03,7.94,-3.89,-0.70,2.59,11.47,-1.12,1.21,-7.16,1.032101,71
24-09-2025,NASDAQ:ABUS,Arbutus Biopharma Corporation - Common Stock,861,1611142,5.66,4.46,0.68,1.35,2.91,19.51,24.44,23.99,28.48,7.17,0,0,0,0,HV2Y,-1,-1,-1,-1,-1,-8.98,-8.98,-8.98,44.34,54.86,54.86,15.11,14.72,6.09,14.77,-12.12,1.064342,78,19.51,6.13,-0.59,5.90,-29.78,15.11,0.57,-9.65,11,-36.24,1.076669,86
24-09-2025,NASDAQ:KYMR,"Kymera Therapeutics, Inc. - Common Stock",3754,846590,4.61,52.5,3.20,8.34,17.18,20.34,11.49,39.39,25.45,5.16,0,0,HV2Y,HV2Y,HV2Y,-1,-1,-1,-1,-1,0,0,0,39.33,149.41,149.41,15.94,1.77,21.49,11.74,-14.13,1.064328,78,20.34,-11.12,31.53,-23.00,-27.21,15.94,-16.68,22.47,-17.9,-33.67,1.049643,78
24-09-2025,NYSE:ADNT,Adient plc Ordinary Shares,1976,1074966,3.12,24.45,-0.49,1.19,1.60,-1.68,20.61,42.90,29.37,7.61,0,0,0,0,0,-1,-1,-1,-1,-1,-4.34,-4.34,-4.34,26.36,136.46,136.46,-6.08,10.89,25,15.66,-11.68,1.064086,78,-1.68,21.92,28.08,-23.71,-30.80,-6.08,16.36,19.02,-18.61,-37.26,1.03835,74
24-09-2025,NASDAQ:PRDO,Perdoceo Education Corporation - Common Stock,2330,552283,2.27,35.87,0.53,1.53,7.11,7.83,10.59,29.75,25.56,38.03,0,0,0,0,0,-1,-1,-1,2,-1,-0.03,-0.03,-0.03,27.74,47.98,74.04,3.43,0.87,11.85,11.85,18.74,1.063951,78,7.83,2.99,21.42,-5.95,16.74,3.43,-2.57,12.36,-0.85,10.28,0.988559,31
24-09-2025,NASDAQ:CGNX,Cognex Corporation - Common Stock,7643,2030518,2.11,45.52,-1.96,3.16,2.46,3.30,32.38,31.35,20.76,12.70,0,0,0,HV2Y,0,-1,-1,-1,4,-1,-2.19,-2.19,-2.19,47.89,95.62,95.62,-1.1,22.66,13.45,7.05,-6.59,1.063347,78,3.30,30.08,-1.53,-15.42,-10.17,-1.1,24.52,-10.59,-10.32,-16.63,1.074857,86
24-09-2025,NASDAQ:EBAY,eBay Inc. - Common Stock,42666,5537240,2.22,93.36,2.53,3.64,2.22,-5.56,20.18,28.98,31.50,32.82,0,0,HVQ,0,0,-1,-1,-1,-1,6,-7.35,-7.35,-7.35,26.71,56.85,62.34,-9.96,10.46,11.08,17.79,13.53,1.063069,78,-5.56,24.38,11.03,3.54,1.92,-9.96,18.82,1.97,8.64,-4.54,0.999915,44
24-09-2025,NASDAQ:LYTS,LSI Industries Inc. - Common Stock,714,239694,3.06,23.36,-0.55,2.05,3.47,3.34,29.41,23.59,18.49,31.34,0,HVQ,HVQ,HV2Y,HV2Y,-1,-1,-1,1,-1,-1.97,-1.97,-5.5,41.66,59.45,59.45,-1.06,19.69,5.69,4.78,12.05,1.06295,78,3.34,26.97,-8.25,-6.67,15.76,-1.06,21.41,-17.31,-1.57,9.3,1.046214,77
24-09-2025,NYSE:VLO,Valero Energy Corporation Common Stock,53069,3072510,2.64,170.83,0.26,4.19,7.22,13.89,20.55,22.73,30.38,21.29,0,0,0,0,0,-1,-1,3,-1,-1,0,0,0,29.64,63.18,63.18,9.49,10.83,4.83,16.67,2,1.06222,78,13.89,7.74,2.74,9.90,-13.06,9.49,2.18,-6.32,15,-19.52,1.039878,75
24-09-2025,NASDAQ:NAMS,NewAmsterdam Pharma Company N.V. - Ordinary Shares,3014,998668,5.44,26.76,0.34,8.48,-0.52,7.70,31.50,12.52,4.86,40.51,0,0,0,0,HV2Y,-1,-1,-1,-1,-1,-1.07,-1.07,-1.07,47.76,79.6,79.6,3.3,21.78,-5.38,-8.85,21.22,1.061535,78,7.70,25.79,-27.71,-8.76,37.47,3.3,20.23,-36.77,-3.66,31.01,1.060156,82
24-09-2025,NYSE:LC,LendingClub Corporation Common Stock,1916,1392551,3.26,16.7,-2.51,-3.11,2.87,1.14,30.42,31.50,2.40,33.05,0,0,0,0,HV2Y,-1,-1,-1,6,-1,-5.49,-5.49,-6.76,43.72,95.09,95.09,-3.26,20.7,13.6,-11.31,13.76,1.061091,78,1.14,29.62,1.55,-42.48,31.41,-3.26,24.06,-7.51,-37.38,24.95,1.056815,81
24-09-2025,NASDAQ:MYRG,"MYR Group, Inc. - Common Stock",2940,204284,3.59,189.4,3.20,6.53,5.88,2.22,5.41,31.91,18.42,46.33,0,0,0,0,0,-1,-1,-1,-1,-1,-5.47,-5.47,-5.47,8.97,85.96,92.19,-2.18,-4.31,14.01,4.71,27.04,1.061072,78,2.22,3.27,28.01,-19.80,34.20,-2.18,-2.29,18.95,-14.7,27.74,0.966607,14
24-09-2025,NASDAQ:CHRW,"C.H. Robinson Worldwide, Inc. - Common Stock",15742,1798221,2.07,133.3,-0.70,-1.34,4.25,5.17,30.45,24.98,21.23,21.83,0,0,0,0,0,-1,-1,-1,1,-1,-2.76,-2.76,-2.76,43.78,53.28,53.28,0.77,20.73,7.08,7.52,2.54,1.060822,78,5.17,26.66,-7.86,-5.00,0.76,0.77,21.1,-16.92,0.1,-5.7,1.060653,82
24-09-2025,NYSE:RYAM,Rayonier Advanced Materials Inc. Common Stock,458,705155,4.65,6.84,-1.30,-1.61,12.28,21.49,44.74,16.96,-8.33,-17.98,0,HVQ,HVQ,0,HV2Y,-1,5,-1,-1,-1,-4.07,-4.07,-31.6,88.43,88.43,88.43,17.09,35.02,-0.94,-22.04,-37.27,1.060737,78,21.49,29.61,-50.26,-30.46,-8.91,17.09,24.05,-59.32,-25.36,-15.37,1.199633,97
24-09-2025,NYSE:BWA,BorgWarner Inc. Common Stock,9381,2343285,1.77,43.35,-0.82,-1.91,0.42,-0.05,23.53,31.95,27.38,22.95,0,0,0,0,0,-1,-1,-1,5,-1,-2.45,-2.45,-2.45,30.77,74.52,74.52,-4.45,13.81,14.05,13.67,3.66,1.060461,78,-0.05,23.56,11.01,-6.71,-6.10,-4.45,18,1.95,-1.61,-12.56,1.028002,69
24-09-2025,NASDAQ:AXGN,"Axogen, Inc. - Common Stock",800,985398,3.57,17.39,0.52,3.28,7.59,14.95,41.06,-9.20,14.61,19.03,0,0,0,0,HV2Y,-1,-1,-1,-1,-1,-1.19,-8.43,-13.53,69.66,87.19,87.19,10.55,31.34,-27.1,0.9,-0.26,1.059949,78,14.95,30.70,-85.27,21.80,5.19,10.55,25.14,-94.33,26.9,-1.27,1.148167,95
24-09-2025,NYSE:KN,Knowles Corporation Common Stock,2006,641271,2.2,23.36,0.91,4.97,7.83,8.60,24.70,30.82,16.35,25.00,0,0,0,0,0,-1,-1,-1,3,-1,0,0,0,33.33,83.07,83.07,4.2,14.98,12.92,2.64,5.71,1.059566,78,8.60,17.61,8.13,-20.92,10.34,4.2,12.05,-0.93,-15.82,3.88,1.044808,77
24-09-2025,NYSE:IMAX,Imax Corporation Common Stock,1736,1078431,2.7,32.27,-1.07,-0.37,3.78,14.29,16.67,15.84,22.99,37.65,0,0,0,0,0,-1,-1,3,-1,-1,-1.47,-1.47,-1.47,31.66,50.51,68.78,9.89,6.95,-2.06,9.28,18.36,1.059435,78,14.29,2.78,-1.00,8.51,19.03,9.89,-2.78,-10.06,13.61,12.57,1.013942,59
24-09-2025,NASDAQ:CEG,Constellation Energy Corporation - Common Stock,105946,2242282,3.45,339.13,0.74,5.26,5.64,8.39,7.07,33.10,33.60,24.81,0,0,0,0,HV2Y,-1,-1,-1,-1,-1,-4.44,-4.44,-4.44,13.49,98.37,98.37,3.99,-2.65,15.2,19.89,5.52,1.059036,78,8.39,-1.44,28.01,0.75,-13.24,3.99,-7,18.95,5.85,-19.7,0.994873,38
24-09-2025,NYSE:ARLO,"Arlo Technologies, Inc. Common Stock",1780,1431992,3.61,17.05,-5.23,-6.22,0.76,0.35,1.70,38.06,32.84,31.26,0,0,0,0,0,-1,-1,-1,-1,-1,-8.04,-8.04,-8.04,8.46,102.73,102.73,-4.05,-8.02,20.16,19.13,11.97,1.059025,78,0.35,1.35,36.99,-8.43,-2.36,-4.05,-4.21,27.93,-3.33,-8.82,0.968809,15
24-09-2025,NASDAQ:CG,The Carlyle Group Inc. - Common Stock,23149,2786211,2.86,64,-4.76,-5.58,-2.52,0.52,23.23,27.30,23.39,31.75,0,0,0,HV2Y,0,-1,-1,-1,15,-1,-7.71,-7.71,-7.71,30.27,84.01,84.01,-3.88,13.51,9.4,9.68,12.46,1.058703,78,0.52,22.84,5.29,-5.37,10.91,-3.88,17.28,-3.77,-0.27,4.45,1.019249,63
24-09-2025,NASDAQ:VC,Visteon Corporation - Common Stock,3297,292060,2.49,120.87,-2.69,-3.42,-3.87,-4.36,24.35,32.12,29.27,21.15,0,0,0,0,0,-1,-1,-1,14,-1,-6.13,-6.13,-6.13,32.19,80.3,80.3,-8.76,14.63,14.22,15.56,1.86,1.058519,78,-4.36,27.51,10.27,-4.19,-11.48,-8.76,21.95,1.21,0.91,-17.94,1.027093,68
24-09-2025,NYSE:NU,Nu Holdings Ltd. Class A Ordinary Shares,77147,44556136,2.62,16.01,-0.87,0.31,3.12,11.12,17.36,28.92,35.48,8.62,0,0,0,0,0,-1,-1,4,-1,-1,-1.78,-1.78,-1.78,34.31,66.77,66.77,6.72,7.64,11.02,21.77,-10.67,1.058469,78,11.12,7.03,13.98,9.23,-41.63,6.72,1.47,4.92,14.33,-48.09,1.041451,75
24-09-2025,NASDAQ:PTCT,"PTC Therapeutics, Inc. - Common Stock",4727,1348508,3.98,59.5,-1.75,-1.93,1.97,17.14,17.83,5.43,23.95,38.42,0,0,0,0,0,-1,-1,-1,-1,-1,-5.38,-5.38,-5.38,37.41,64.41,70.05,12.74,8.11,-12.47,10.24,19.13,1.058162,78,17.14,0.83,-15.10,19.58,19.03,12.74,-4.73,-24.16,24.68,12.57,1.023623,66
24-09-2025,NASDAQ:ARDX,"Ardelyx, Inc. - Common Stock",1482,3005353,3.1,6.15,0.00,-0.65,-7.97,1.46,40.98,15.61,23.74,0.33,0,0,0,0,HV2Y,-1,-1,-1,-1,-1,-7.93,-7.93,-11.26,69.42,87.5,87.5,-2.94,31.26,-2.29,10.03,-18.96,1.058108,78,1.46,40.10,-42.98,9.63,-30.70,-2.94,34.54,-52.04,14.73,-37.16,1.128523,93
24-09-2025,NYSE:CWK,Cushman & Wakefield plc Ordinary Shares,3658,2037001,2.57,15.8,-3.72,-5.32,-1.14,-1.20,32.09,32.53,18.04,15.00,0,0,0,0,0,-1,-1,-1,-1,-1,-6.34,-6.34,-6.34,47.25,100,100,-5.6,22.37,14.63,4.33,-4.29,1.058069,78,-1.20,32.90,0.65,-21.48,-3.71,-5.6,27.34,-8.41,-16.38,-10.17,1.066944,84
24-09-2025,NYSE:APTV,Aptiv PLC Ordinary Shares,18518,2381105,2.34,85.46,0.08,2.74,3.88,8.23,19.90,25.22,33.71,17.48,0,0,0,0,HV2Y,-1,-1,6,-1,-1,0,0,0,31.92,78.34,78.34,3.83,10.18,7.32,20,-1.81,1.057974,78,8.23,12.72,6.63,11.36,-24.48,3.83,7.16,-2.43,16.46,-30.94,1.03361,72
24-09-2025,NYSE:SHCO,Soho House & Co Inc. Class A Common Stock,1727,607528,0.28,8.85,0.00,-0.11,0.00,0.45,17.74,25.42,18.42,42.15,0,HV2Y,HV2Y,0,HV2Y,-1,-1,-1,-1,-1,-0.78,-0.78,-0.78,40.25,78.43,87.9,-3.95,8.02,7.52,4.71,22.86,1.057589,78,0.45,17.37,9.34,-9.39,29.09,-3.95,11.81,0.28,-4.29,22.63,0.994903,38
24-09-2025,NASDAQ:AMKR,"Amkor Technology, Inc. - Common Stock",7255,2449478,3.15,29.58,0.17,8.59,15.92,18.56,29.14,32.79,13.62,-7.00,0,0,0,0,HV2Y,-1,2,-1,-1,-1,0,0,-7.3,41.13,98.79,98.79,14.16,19.42,14.89,-0.09,-26.29,1.057343,77,18.56,12.99,5.15,-28.52,-23.87,14.16,7.43,-3.91,-23.42,-30.33,1.10618,91
24-09-2025,NYSE:CVS,CVS Health Corporation Common Stock,96875,7503104,2.32,76.38,-0.16,3.12,3.16,6.77,13.11,12.96,42.68,24.71,0,0,0,0,0,-1,-1,-1,3,-1,-0.16,-0.16,-0.16,30.01,30.01,74.46,2.37,3.39,-4.94,28.97,5.42,1.056631,77,6.77,6.80,-0.17,34.15,-31.36,2.37,1.24,-9.23,39.25,-37.82,1.01069,55
24-09-2025,NYSE:SPOT,Spotify Technology S.A. Ordinary Shares,143656,1284190,2.79,708.65,-1.43,0.21,0.64,1.96,-3.90,13.09,35.91,48.47,0,0,0,0,HV2Y,-1,-1,-1,-1,35,-8.67,-8.67,-8.67,14.3,40.8,95.25,-2.44,-13.62,-4.81,22.2,29.18,1.056475,77,1.96,-5.97,16.35,26.26,19.59,-2.44,-11.53,7.29,31.36,13.13,0.93561,5
24-09-2025,NYSE:LEVI,Levi Strauss & Co Class A Common Stock,9183,2281778,2.06,23.21,0.52,2.20,6.46,7.67,22.15,30.68,28.26,13.14,0,0,HVY,0,HV2Y,-1,-1,-1,3,-1,0,0,0,28.44,86.88,86.88,3.27,12.43,12.78,14.55,-6.15,1.056404,77,7.67,15.68,10.96,-3.48,-21.08,3.27,10.12,1.9,1.62,-27.54,1.04382,76
24-09-2025,NYSE:HPE,Hewlett Packard Enterprise Company Common Stock,32274,25725308,2.73,24.46,-0.97,-1.10,0.08,7.77,24.41,32.46,14.60,23.10,0,0,0,0,HV2Y,-1,-1,4,-1,-1,-3.09,-3.09,-3.09,33.15,95.52,95.52,3.37,14.69,14.56,0.89,3.81,1.056352,77,7.77,18.04,10.65,-26.45,9.96,3.37,12.48,1.59,-21.35,3.5,1.045833,77
24-09-2025,NASDAQ:MPWR,"Monolithic Power Systems, Inc. - Common Stock",43507,507285,2.89,908.45,-0.64,3.39,5.86,7.77,20.43,30.32,35.15,1.89,0,0,0,0,0,-1,-1,-1,-1,9,-1.56,-1.56,-3.81,27.73,99.58,99.58,3.37,10.71,12.42,21.44,-17.4,1.055562,77,7.77,13.73,12.43,6.92,-51.29,3.37,8.17,3.37,12.02,-57.75,1.052681,79
24-09-2025,NYSE:BKE,"Buckle, Inc. (The) Common Stock",3012,599738,2.48,58.87,-2.08,-2.73,-1.58,5.05,24.70,32.10,14.39,25.51,0,0,0,0,0,-1,-1,-1,2,-1,-4.4,-4.4,-4.4,32.8,74.33,74.33,0.65,14.98,14.2,0.68,6.22,1.055405,77,5.05,20.70,9.84,-26.09,13.00,0.65,15.14,0.78,-20.99,6.54,1.040766,75
24-09-2025,NASDAQ:CYRX,"CryoPort, Inc. - Common Stock",479,651395,6.34,9.56,-2.55,7.22,-0.31,7.85,25.31,34.73,19.04,10.98,0,0,HV2Y,0,0,-1,-1,-1,-1,-1,-7.63,-7.63,-7.63,42.47,93.13,103.4,3.45,15.59,16.83,5.33,-8.31,1.055388,77,7.85,18.96,12.61,-24.04,-9.95,3.45,13.4,3.55,-18.94,-16.41,1.058921,82
24-09-2025,NYSE:BMO,Bank Of Montreal Common Stock,91916,674559,1.37,128.31,-1.80,-1.11,1.56,11.33,16.89,23.51,24.70,29.93,0,0,0,0,0,-1,-1,1,-1,-1,-1.8,-1.8,-1.8,20.32,46.57,46.57,6.93,7.17,5.61,10.99,10.64,1.055017,77,11.33,6.27,7.96,1.56,6.94,6.93,0.71,-1.1,6.66,0.48,1.016745,61
24-09-2025,NYSE:AAMI,Acadian Asset Management Inc. Common Stock,1706,425919,3.65,48.44,-0.74,-0.12,3.92,-1.11,31.77,45.19,NA,NA,0,0,0,0,0,-1,-1,-1,14,-1,-5.52,-5.52,-5.52,46.57,110.98,110.98,-5.51,22.05,27.29,0,0,1.054995,77,-1.11,32.52,19.67,NA,NA,-5.51,26.96,10.61,0,0,0.941845,6
24-09-2025,NYSE:MFG,"Mizuho Financial Group, Inc. Sponosred ADR (Japan)",83018,2137987,1.28,6.79,0.74,3.39,1.18,3.39,18.85,13.70,28.28,38.59,0,0,0,0,0,-1,-1,-1,-1,-1,0,0,0,25.28,59.76,70.18,-1.01,9.13,-4.2,14.57,19.3,1.054953,77,3.39,16.01,-6.35,16.89,14.37,-1.01,10.45,-15.41,21.99,7.91,1.002479,46
24-09-2025,NYSE:BK,The Bank of New York Mellon Corporation Common Stock,76244,3081738,1.74,108.11,-0.51,1.02,3.80,4.62,16.75,21.15,29.32,33.57,0,0,0,0,0,-1,-1,-1,11,-1,-1.23,-1.23,-1.23,20.12,47.47,52.65,0.22,7.03,3.25,15.61,14.28,1.054893,77,4.62,12.72,5.28,10.37,6.01,0.22,7.16,-3.78,15.47,-0.45,1.002073,46
24-09-2025,NASDAQ:PCT,"PureCycle Technologies, Inc. - Common stock",2429,2240107,4.96,13.49,-2.95,2.30,2.22,5.71,-2.82,42.25,23.13,31.36,0,0,HV2Y,HV2Y,HV2Y,-1,-1,-1,-1,-1,-20.27,-20.27,-20.27,10.48,142.41,142.41,1.31,-12.54,24.35,9.42,12.07,1.054791,77,5.71,-9.04,43.84,-33.12,10.70,1.31,-14.6,34.78,-28.02,4.24,0.976089,20
24-09-2025,NASDAQ:IDXX,"IDEXX Laboratories, Inc. - Common Stock",50177,424999,2.23,627.17,-3.27,-2.18,-1.72,-2.26,15.43,33.41,34.78,19.20,0,0,HV2Y,HV2Y,0,-1,-1,-1,-1,6,-8.14,-8.14,-8.14,21.87,73.71,73.71,-6.66,5.71,15.51,21.07,-0.09,1.054483,77,-2.26,17.30,21.26,2.07,-23.89,-6.66,11.74,12.2,7.17,-30.35,1.00657,51
24-09-2025,NASDAQ:LSCC,Lattice Semiconductor Corporation - Common Stock,9877,2913647,3.41,72.15,-3.00,7.25,8.29,10.30,29.58,13.01,19.25,26.79,0,0,0,0,0,-1,-1,-1,5,-1,-3.43,-3.43,-3.43,48.06,90.67,90.67,5.9,19.86,-4.89,5.54,7.5,1.054321,77,10.30,21.49,-23.52,7.17,9.34,5.9,15.93,-32.58,12.27,2.88,1.06256,83
24-09-2025,NYSE:IBP,"Installed Building Products, Inc. Common Stock",6963,429406,3.29,254.8,-0.94,-1.52,-4.35,-7.30,30.83,30.07,30.54,6.13,0,0,HV2Y,0,0,-1,-1,-1,15,-1,-8.83,-8.83,-8.83,44.57,65.47,65.47,-11.7,21.11,12.17,16.83,-13.16,1.054264,77,-7.30,35.54,-1.10,0.67,-35.14,-11.7,29.98,-10.16,5.77,-41.6,1.062342,83
24-09-2025,NYSE:STNG,Scorpio Tankers Inc. Common Shares,2963,1112209,2.83,58.08,-1.41,-3.74,1.53,16.17,29.53,32.64,18.66,-17.53,0,HVY,HVQ,0,0,-1,-1,4,-1,-1,-4.55,-4.55,-21.84,48.43,82.3,82.3,11.77,19.81,14.74,4.95,-36.82,1.053885,77,16.17,15.94,4.42,-20.76,-44.50,11.77,10.38,-4.64,-15.66,-50.96,1.112016,92
24-09-2025,NASDAQ:EVGO,EVgo Inc. - Common Stock,1445,3611955,5.58,4.7,3.98,4.68,18.72,15.32,19.79,39.36,8.94,10.64,0,0,0,0,HV2Y,-1,-1,-1,-1,-1,0,0,-47.43,42.42,95.02,98.31,10.92,10.07,21.46,-4.77,-8.65,1.053865,77,15.32,5.28,24.40,-50.18,1.87,10.92,-0.28,15.34,-45.08,-4.59,1.063001,83
24-09-2025,NYSE:UGP,Ultrapar Participacoes S.A. (New) American Depositary Shares (Each representing one Common Share),4400,1593940,2.52,3.97,-1.24,0.50,4.53,16.12,22.17,20.15,33.25,3.02,0,0,0,0,0,-1,-1,-1,-1,-1,-1.24,-1.24,-1.24,40.28,43.84,55.08,11.72,12.45,2.25,19.54,-16.27,1.053739,77,16.12,7.21,-2.59,16.40,-45.28,11.72,1.65,-11.65,21.5,-51.74,1.069826,85
24-09-2025,NASDAQ:NVDA,NVIDIA Corporation - Common Stock,4300371,194042754,2.6,176.97,-0.82,3.77,-0.20,-1.60,12.80,31.80,26.16,34.45,0,0,0,0,0,-1,-1,-1,-1,-1,-3.62,-3.62,-3.62,15.44,87.65,87.65,-6,3.08,13.9,12.45,15.16,1.053713,77,-1.60,14.18,21.79,-8.28,11.23,-6,8.62,12.73,-3.18,4.77,0.985385,28
24-09-2025,NYSE:MCY,Mercury General Corporation Common Stock,4533,225198,2.03,81.84,0.42,5.11,4.85,6.65,21.90,30.78,16.68,26.63,0,0,0,0,0,-1,-1,-1,2,-1,-0.3,-0.3,-0.3,28.04,66.88,73.46,2.25,12.18,12.88,2.97,7.34,1.053697,77,6.65,16.34,11.37,-20.37,11.94,2.25,10.78,2.31,-15.27,5.48,1.03161,71
24-09-2025,NYSE:HSBC,"HSBC Holdings, plc. Common Stock",242182,1342713,0.9,69.89,-0.44,0.31,2.17,6.68,12.59,16.48,31.11,36.80,0,0,0,0,0,-1,0,-1,5,-1,-0.44,-0.44,-0.44,15.96,49.72,59.46,2.28,2.87,-1.42,17.4,17.51,1.053531,77,6.68,6.33,4.45,17.51,8.27,2.28,0.77,-4.61,22.61,1.81,0.990733,34
24-09-2025,NASDAQ:COIN,"Coinbase Global, Inc. - Class A Common Stock",82675,8321645,3.97,321.77,0.53,0.38,2.00,4.90,-10.44,36.53,14.87,47.14,0,0,0,HV2Y,HV2Y,-1,-1,-1,-1,-1,-23.35,-23.35,-23.35,7.98,112.43,112.43,0.5,-20.16,18.63,1.16,27.85,1.053293,77,4.90,-16.13,42.53,-34.12,37.91,0.5,-21.69,33.47,-29.02,31.45,0.948491,7
24-09-2025,NYSE:UNFI,"United Natural Foods, Inc. Common Stock",1766,995510,3.19,29.16,-1.12,-4.15,2.50,5.83,25.69,7.34,10.12,44.17,0,0,0,0,HV2Y,-1,-1,-1,-1,-1,-5.36,-7.58,-15.16,35.75,36.9,79.12,1.43,15.97,-10.56,-3.59,24.88,1.053208,77,5.83,21.09,-24.69,3.00,37.89,1.43,15.53,-33.75,8.1,31.43,1.030268,70
24-09-2025,NASDAQ:TER,"Teradyne, Inc. - Common Stock",21190,4238750,3.54,133.21,-1.09,14.18,11.55,12.12,32.29,32.48,6.02,3.20,0,0,HV2Y,0,HV2Y,-1,-1,-1,16,-1,-1.46,-1.46,-4.85,48.14,96.01,96.01,7.72,22.57,14.58,-7.69,-16.09,1.053155,77,12.12,22.95,0.28,-39.18,-3.00,7.72,17.39,-8.78,-34.08,-9.46,1.101114,90
24-09-2025,NYSE:KLG,WK Kellogg Co Common Stock,1988,1236111,0.2,23,0.04,0.09,0.00,0.09,32.83,19.30,22.26,20.87,0,0,HV2Y,0,0,-1,-1,-1,-1,-1,-2.21,-2.21,-2.21,48.87,48.87,49.25,-4.31,23.11,1.4,8.55,1.58,1.053116,77,0.09,32.77,-20.13,3.66,-1.79,-4.31,27.21,-29.19,8.76,-8.25,1.06532,83
24-09-2025,NYSE:VIV,Telefonica Brasil S.A. American Depositary Shares (Each representing One Common Share),20302,645642,1.37,12.51,-1.18,-2.00,2.16,-2.32,14.07,31.25,36.53,20.06,0,0,0,0,0,-1,-1,-1,-1,-1,-2.27,-2.27,-2.27,16.37,51.09,66.8,-6.72,4.35,13.35,22.82,0.77,1.052781,77,-2.32,16.02,20.00,7.67,-25.94,-6.72,10.46,10.94,12.77,-32.4,1.001946,46
24-09-2025,AMEX:IMO,Imperial Oil Limited Common Stock,47820,406954,2.07,93.94,0.33,-0.60,2.63,6.48,14.75,21.93,33.46,26.92,0,0,0,0,0,-1,-1,-1,15,-1,-1.28,-1.28,-1.28,18.39,55.99,55.99,2.08,5.03,4.03,19.75,7.63,1.052687,77,6.48,8.84,8.42,14.77,-9.82,2.08,3.28,-0.64,19.87,-16.28,1.006402,51
24-09-2025,NYSE:TV,Grupo Televisa S.A.B. Common Stock,1323,1145626,4.09,2.69,-3.58,-5.20,-3.35,7.43,8.92,31.97,33.83,19.33,0,0,0,0,0,-1,-1,-1,-1,-1,-8.19,-8.19,-8.19,29.33,68.12,68.12,3.03,-0.8,14.07,20.12,0.04,1.052322,77,7.43,1.61,25.31,2.73,-21.91,3.03,-3.95,16.25,7.83,-28.37,1.003239,47
24-09-2025,NYSE:MATV,"Mativ Holdings, Inc. Common Stock",627,545521,3.79,11.47,-2.38,-7.59,-6.28,-6.80,43.33,43.07,-1.22,-57.02,0,0,2,0,0,-1,-1,-1,-1,-1,-9.97,-9.97,-36.31,83.23,150.44,150.44,-11.2,33.61,25.17,-14.93,-76.31,1.051772,77,-6.80,46.94,-0.46,-77.79,-55.12,-11.2,41.38,-9.52,-72.69,-61.58,1.184513,96
24-09-2025,NYSE:NATL,NCR Atleos Corporation Common Stock,2893,641612,2.57,39.31,0.05,0.08,1.32,-0.99,24.27,30.35,19.03,27.09,0,0,0,0,HV2Y,-1,-1,-1,11,-1,-2.46,-2.46,-2.46,48.68,70.25,70.25,-5.39,14.55,12.45,5.32,7.8,1.051646,76,-0.99,25.01,8.03,-16.25,9.96,-5.39,19.45,-1.03,-11.15,3.5,1.027348,68
24-09-2025,NASDAQ:SMTC,Semtech Corporation - Common Stock,5192,1632450,3.58,59.83,-2.38,-3.99,-3.16,14.76,25.64,33.03,-6.27,23.12,0,HVQ,0,0,HV2Y,-1,-1,-1,-1,-1,-4.47,-4.47,-22.45,40.46,145.81,145.81,10.36,15.92,15.13,-19.98,3.83,1.051545,76,14.76,12.76,9.93,-58.67,27.65,10.36,7.2,0.87,-53.57,21.19,1.074923,86
24-09-2025,NYSE:YOU,"Clear Secure, Inc. Class A Common Stock",4885,1644571,3.19,36.75,-0.86,-0.33,1.25,1.96,26.78,25.14,30.31,10.61,0,0,0,0,0,-1,-1,-1,4,-1,-3.37,-3.37,-4.42,36.57,53.38,66.14,-2.44,17.06,7.24,16.6,-8.68,1.050873,76,1.96,25.31,-2.23,6.91,-28.27,-2.44,19.75,-11.29,12.01,-34.73,1.053819,80
24-09-2025,NASDAQ:UNIT,Uniti Group Inc. - Common Stock,1591,3614954,6.13,6.41,-3.90,-3.12,-6.86,2.03,34.95,21.84,13.10,18.56,0,0,0,0,HV2Y,-1,-1,-1,-1,-1,-20.77,-20.77,-20.77,53.72,58.08,58.08,-2.37,25.23,3.94,-0.61,-0.73,1.050797,76,2.03,33.60,-20.14,-11.18,6.28,-2.37,28.04,-29.2,-6.08,-0.18,1.080638,87
24-09-2025,NYSE:PAGS,PagSeguro Digital Ltd. Class A Common Shares,3411,5513974,3.8,10.35,1.67,-2.80,10.72,16.81,6.86,20.19,39.52,12.46,0,0,0,0,0,-1,-1,-1,-1,-1,-3.63,-3.63,-3.63,33.55,36.01,67.21,12.41,-2.86,2.29,25.81,-6.83,1.050775,76,16.81,-11.96,14.32,24.21,-44.73,12.41,-17.52,5.26,29.31,-51.19,1.02314,66
24-09-2025,NYSE:FTI,TechnipFMC plc Ordinary Share,16252,8563641,2.62,39.54,-0.73,0.81,-3.41,7.84,13.83,23.14,27.59,31.16,0,0,0,0,0,-1,-1,-1,-1,-1,-3.3,-3.3,-3.3,22.83,70.58,70.58,3.44,4.11,5.24,13.88,11.87,1.050664,76,7.84,6.50,10.80,5.79,4.92,3.44,0.94,1.74,10.89,-1.54,1.001564,45
24-09-2025,NYSE:NFG,National Fuel Gas Company Common Stock,8332,511180,1.59,92.2,3.04,4.61,5.50,5.93,9.28,15.04,35.65,34.60,0,0,0,0,0,-1,-1,-1,-1,17,0,0,0,12.18,26.3,56.56,1.53,-0.44,-2.86,21.94,15.31,1.050652,76,5.93,3.56,6.35,24.26,-1.63,1.53,-2,-2.71,29.36,-8.09,0.984384,27
24-09-2025,NASDAQ:AKBA,"Akebia Therapeutics, Inc. - Common Stock",734,3767869,4.54,2.83,1.43,0.00,-6.01,-12.72,-29.68,27.92,37.81,51.59,0,0,0,0,0,-1,-1,-1,-1,-1,-29.43,-29.43,-29.43,1.43,82.58,121.09,-17.12,-39.4,10.02,24.1,32.3,1.050621,76,-12.72,-15.05,44.41,13.73,22.16,-17.12,-20.61,35.35,18.83,15.7,0.880189,1
24-09-2025,NYSE:UBS,UBS Group AG Registered Ordinary Shares,132389,1506878,1.04,41.53,-1.31,0.24,3.42,3.23,22.35,18.93,28.22,28.00,0,0,0,0,0,-1,-1,-1,4,-1,-2.01,-2.01,-2.01,28.78,59,59,-1.17,12.63,1.03,14.51,8.71,1.050477,76,3.23,19.76,-4.40,11.46,-0.30,-1.17,14.2,-13.46,16.56,-6.76,1.023024,65
24-09-2025,NASDAQ:ASLE,AerSale Corporation - Common Stock,398,445754,3.54,8.43,0.72,1.19,0.47,-5.46,30.13,-0.24,27.40,36.89,0,0,0,0,0,-1,-1,-1,-1,-1,-6.33,-6.33,-6.33,48.15,48.15,85.27,-9.86,20.41,-18.14,13.69,17.6,1.050444,76,-5.46,33.75,-43.46,27.57,13.07,-9.86,28.19,-52.52,32.67,6.61,1.040189,75
24-09-2025,NASDAQ:URBN,"Urban Outfitters, Inc. - Common Stock",6386,2361500,4.07,71.2,-1.18,1.56,0.93,-7.44,3.19,25.32,24.52,48.36,0,0,0,0,0,-1,-1,-1,-1,-1,-10.77,-10.77,-10.77,6.52,64.66,103.66,-11.84,-6.53,7.42,10.81,29.07,1.050147,76,-7.44,9.90,22.86,-1.07,31.58,-11.84,4.34,13.8,4.03,25.12,0.942424,6
24-09-2025,NASDAQ:ZUMZ,Zumiez Inc. - Common Stock,344,306790,4.24,20.04,0.65,-2.35,-3.69,17.71,36.43,24.00,5.19,-10.98,0,HVQ,0,0,0,-1,-1,7,-1,-1,-5.96,-5.96,-14.18,57.3,73.06,73.06,13.31,26.71,6.1,-8.52,-30.27,1.04992,76,17.71,22.74,-19.54,-24.75,-17.05,13.31,17.18,-28.6,-19.65,-23.51,1.137674,94
24-09-2025,NYSE:TKO,"TKO Group Holdings, Inc. Class A Common Stock",38824,1273126,2.49,195.79,-3.21,-2.86,0.34,6.16,10.65,21.04,26.56,37.72,0,0,0,0,0,-1,-1,-1,1,-1,-4.25,-4.25,-4.25,25.82,40.9,70.25,1.76,0.93,3.14,12.85,18.43,1.049871,76,6.16,4.78,11.63,6.99,15.20,1.76,-0.78,2.57,12.09,8.74,0.984679,27
24-09-2025,NYSE:CAT,"Caterpillar, Inc. Common Stock",220087,2691972,2.06,469.79,-0.31,4.07,9.98,7.98,20.91,27.07,23.29,21.49,0,0,0,0,0,-1,-1,-1,-1,-1,-0.49,-0.49,-0.49,26.43,71.49,71.49,3.58,11.19,9.17,9.58,2.2,1.049841,76,7.98,14.05,7.79,-5.18,-2.34,3.58,8.49,-1.27,-0.08,-8.8,1.032091,71
24-09-2025,NYSE:MT,Arcelor Mittal NY Registry Shares NEW,29688,1182497,1.59,35.82,-0.33,3.96,3.99,5.30,13.43,11.92,35.32,33.08,0,0,0,HV2Y,HV2Y,-1,-1,-1,-1,-1,-0.33,-0.33,-0.33,17.87,52.62,64.16,0.9,3.71,-5.98,21.61,13.79,1.049492,76,5.30,8.58,-1.74,26.56,-3.45,0.9,3.02,-10.8,31.66,-9.91,0.996393,40
24-09-2025,NASDAQ:AAOI,"Applied Optoelectronics, Inc. - Common Stock",1665,5116940,8.22,28.06,-8.12,-3.10,15.47,11.65,17.00,20.60,-21.06,49.39,0,0,HVQ,0,0,-1,-1,-1,-1,-1,-8.12,-8.12,-36.27,34.52,179.2,179.2,7.25,7.28,2.7,-34.77,30.1,1.049201,76,11.65,6.05,4.34,-52.47,58.20,7.25,0.49,-4.72,-47.37,51.74,1.029327,70
24-09-2025,NYSE:BWLP,BW LPG Limited Common Shares,2365,399952,1.79,15.66,0.38,-1.09,-0.45,-2.11,23.18,25.99,35.50,10.41,0,0,0,HV2Y,HV2Y,-1,-1,-1,-1,-1,-4.45,-4.45,-4.45,32.38,84.24,84.24,-6.51,13.46,8.09,21.79,-8.88,1.049179,76,-2.11,24.77,3.66,12.86,-38.91,-6.51,19.21,-5.4,17.96,-45.37,1.038543,74
24-09-2025,NASDAQ:ASML,ASML Holding N.V. - New York Registry Shares,375404,1662358,1.86,946.94,-1.72,7.89,16.24,20.33,13.91,23.25,24.99,16.02,0,0,0,0,0,-1,0,-1,-1,-1,-1.72,-1.72,-1.72,37.31,59.05,59.05,15.93,4.19,5.35,11.28,-3.27,1.048533,76,20.33,-8.06,10.86,2.27,-11.97,15.93,-13.62,1.8,7.37,-18.43,1.038252,74
24-09-2025,NASDAQ:ALHC,"Alignment Healthcare, Inc. - Common Stock",3444,4479224,3.95,17.04,-0.29,2.93,3.29,7.04,17.37,-2.46,36.85,33.16,0,0,0,0,0,-1,-1,-1,-1,-1,-0.29,-13.85,-13.85,46.39,46.39,70.4,2.64,7.65,-20.36,23.14,13.87,1.048402,76,7.04,11.11,-24.01,38.37,-5.86,2.64,5.55,-33.07,43.47,-12.32,1.016478,61
24-09-2025,NASDAQ:TCOM,Trip.com Group Limited - American Depositary Shares,50513,3484289,2.27,76.55,-0.21,-0.31,5.29,13.87,22.44,16.83,5.20,36.43,0,HVQ,0,0,HV2Y,-1,2,2,-1,-1,-2.51,-2.51,-2.51,30.54,46.62,57.32,9.47,12.72,-1.07,-8.51,17.14,1.048287,76,13.87,9.95,-7.24,-13.98,32.95,9.47,4.39,-16.3,-8.88,26.49,1.038831,74
24-09-2025,NYSE:MNTN,"MNTN, Inc. Class A Common Stock",1331,668575,5.34,18.33,1.21,-9.49,-5.51,-15.28,-20.79,38.08,38.63,40.43,0,0,0,HV2Y,0,-1,-1,-1,-1,-1,-41.75,-41.75,-41.75,1.21,1733,1733,-19.68,-30.51,20.18,24.92,21.14,1.048196,76,-15.28,-4.78,48.74,0.88,2.93,-19.68,-10.34,39.68,5.98,-3.53,0.906422,2
24-09-2025,NYSE:SONY,Sony Group Corporation American Depositary Shares,181672,3834017,1.1,29.34,-1.41,0.61,2.35,4.16,15.06,13.91,29.58,36.54,0,0,0,0,0,-1,-1,-1,4,-1,-2.43,-2.43,-2.43,22.66,38.14,67.37,-0.24,5.34,-3.99,15.87,17.25,1.048182,76,4.16,11.38,-1.36,18.21,9.88,-0.24,5.82,-10.42,23.31,3.42,0.994591,38
24-09-2025,NASDAQ:GLUE,"Monte Rosa Therapeutics, Inc. - Common Stock",409,2339019,6.72,6.62,4.58,3.93,27.49,30.66,27.95,14.35,1.66,2.11,HVQ,0,0,0,HV2Y,50.1,-1,-1,-1,-1,-4.47,-4.47,-36.1,58,78.92,78.92,26.26,18.23,-3.55,-12.05,-17.18,1.048034,76,30.66,-3.92,-18.87,-14.81,0.46,26.26,-9.48,-27.93,-9.71,-6,1.120664,93
24-09-2025,NYSE:ERO,Ero Copper Corp. Common Shares,1939,875198,3.62,18.72,7.90,10.74,13.14,23.66,15.44,25.27,30.45,-12.18,0,0,0,0,0,-1,-1,-1,-1,-1,0,0,-19,44.22,93.99,93.99,19.26,5.72,7.37,16.74,-31.47,1.047844,76,23.66,-10.78,11.62,6.93,-61.29,19.26,-16.34,2.56,12.03,-67.75,1.079525,87
24-09-2025,NASDAQ:SLDB,Solid Biosciences Inc. - Common Stock,486,1054560,6.64,6.24,17.07,12.34,16.03,10.26,24.04,28.04,35.74,-25.96,0,0,0,HV2Y,HV2Y,-1,-1,-1,-1,-1,-11.74,-11.74,-20.61,35.65,147.62,147.62,5.86,14.32,10.14,22.03,-45.25,1.047684,76,10.26,15.36,5.27,10.69,-96.01,5.86,9.8,-3.79,15.79,-102.47,1.099882,90
24-09-2025,NYSE:LU,"Lufax Holding Ltd American Depositary Shares, each representing two (2) Ordinary Shares",2429,2233403,4.55,3.4,-0.29,7.65,13.82,8.53,17.65,9.71,29.12,33.24,0,0,0,0,2,-1,-1,-1,-1,-1,-0.58,-0.58,-18.07,27.82,44.07,50.44,4.13,7.93,-8.19,15.41,13.95,1.047664,76,8.53,9.97,-9.64,21.50,5.81,4.13,4.41,-18.7,26.6,-0.65,1.012663,57
24-09-2025,NYSE:CCL,Carnival Corporation Common Stock,39559,17692660,2.7,30.37,-1.11,-2.70,-3.26,-2.90,16.10,30.00,17.09,37.44,0,0,0,0,0,-1,-1,-1,-1,-1,-6.53,-6.53,-6.53,19.19,84.84,84.84,-7.3,6.38,12.1,3.38,18.15,1.047434,76,-2.90,18.46,16.56,-18.44,24.54,-7.3,12.9,7.5,-13.34,18.08,0.992872,36
24-09-2025,NYSE:SCCO,Southern Copper Corporation Common Stock,97057,1622724,2.94,119.5,8.38,10.56,14.56,18.82,19.57,16.75,25.09,16.15,HVQ,0,0,0,0,5.38,-1,-1,-1,-1,0,0,0,33.32,61.18,61.18,14.42,9.85,-1.15,11.38,-3.14,1.047327,76,18.82,0.93,-3.51,10.02,-11.94,14.42,-4.63,-12.57,15.12,-18.4,1.051191,79
24-09-2025,NASDAQ:ZS,"Zscaler, Inc. - Common Stock",45024,1994493,3.14,284.42,-1.68,1.74,1.98,5.19,-9.69,24.15,35.58,39.28,0,0,HVQ,0,0,-1,-1,-1,-1,-1,-10.14,-10.14,-10.14,6.25,62.83,70.32,0.79,-19.41,6.25,21.87,19.99,1.047086,76,5.19,-15.69,30.85,15.07,5.73,0.79,-21.25,21.79,20.17,-0.73,0.94105,6
24-09-2025,NYSE:CUK,Carnival Plc ADS ADS,39982,1509571,2.59,27.54,-1.43,-2.51,-3.78,-3.85,15.90,30.65,17.10,37.36,0,0,0,0,0,-1,-1,-1,-1,-1,-6.87,-6.87,-6.87,18.91,86.59,86.59,-8.25,6.18,12.75,3.39,18.07,1.047044,75,-3.85,19.02,17.53,-19.53,24.44,-8.25,13.46,8.47,-14.43,17.98,0.991607,35
24-09-2025,NYSE:MOD,Modine Manufacturing Company Common Stock,7416,826814,4.16,141.28,-3.33,-7.93,-7.23,2.24,27.56,34.01,16.46,9.17,0,0,HV2Y,0,0,-1,-1,-1,11,-1,-10.9,-10.9,-10.9,56.94,103.87,103.87,-2.16,17.84,16.11,2.75,-10.12,1.046928,75,2.24,25.91,8.90,-26.59,-8.73,-2.16,20.35,-0.16,-21.49,-15.19,1.060871,82
24-09-2025,NYSE:NGVT,Ingevity Corporation Common Stock,2017,244596,2.92,55.31,-1.46,-2.30,-3.22,-2.82,23.76,22.13,26.32,27.61,0,0,HVQ,0,0,-1,-1,-1,-1,-1,-8.94,-8.94,-8.94,36.91,85.11,85.11,-7.22,14.04,4.23,12.61,8.32,1.046848,75,-2.82,25.85,-2.13,5.39,1.74,-7.22,20.29,-11.19,10.49,-4.72,1.020238,63
24-09-2025,NYSE:CPNG,"Coupang, Inc. Class A Common Stock",58411,18246855,2.36,32.04,-0.62,-4.65,-0.25,10.92,9.99,26.97,29.06,23.28,0,HVY,0,0,0,-1,-1,-1,-1,-1,-4.44,-4.44,-4.44,15.79,62.15,62.15,6.52,0.27,9.07,15.35,3.99,1.046713,75,10.92,-1.05,18.86,2.86,-8.14,6.52,-6.61,9.8,7.96,-14.6,1.005325,50
24-09-2025,NASDAQ:EXPE,"Expedia Group, Inc. - Common Stock",26949,1488976,2.32,217.83,-1.53,-3.37,1.07,2.06,23.91,18.81,17.64,33.88,0,0,0,0,0,-1,-1,-1,1,-1,-4.56,-4.56,-4.56,31.42,59.43,59.43,-2.34,14.19,0.91,3.93,14.59,1.045985,75,2.06,22.31,-6.70,-1.44,19.71,-2.34,16.75,-15.76,3.66,13.25,1.02308,65
24-09-2025,NYSE:IFS,Intercorp Financial Services Inc. Common Shares,4684,203522,2.24,40.57,0.15,-2.59,-2.81,3.03,10.80,15.43,28.67,39.59,0,0,0,0,0,-1,-1,-1,-1,-1,-3.34,-3.34,-3.34,13.61,36.78,65.52,-1.37,1.08,-2.47,14.96,20.3,1.045965,75,3.03,8.01,5.19,15.65,15.31,-1.37,2.45,-3.87,20.75,8.85,0.978639,22
24-09-2025,NYSE:VIPS,"Vipshop Holdings Limited American Depositary Shares, each representing two ordinary shares",8997,2578666,2.16,18.47,1.21,-2.27,2.76,8.18,19.82,13.05,27.72,28.86,0,0,0,0,0,-1,-1,-1,0,-1,-2.22,-2.22,-2.22,24.71,50.28,50.28,3.78,10.1,-4.85,14.01,9.57,1.0458,75,8.18,12.68,-8.44,16.87,1.57,3.78,7.12,-17.5,21.97,-4.89,1.022308,65
24-09-2025,NYSE:AWI,Armstrong World Industries Inc Common Stock,8348,346332,1.64,192.97,-0.99,-0.50,-1.41,-1.70,17.39,24.34,26.49,31.96,0,0,HV2Y,0,0,-1,-1,-1,13,-1,-3.09,-3.09,-3.09,21.05,53.03,53.03,-6.1,7.67,6.44,12.78,12.67,1.045789,75,-1.70,18.77,8.41,2.84,7.44,-6.1,13.21,-0.65,7.94,0.98,0.997915,42
24-09-2025,NASDAQ:IMTX,Immatics N.V. - Ordinary Shares,891,867987,5.66,7.33,2.95,17.74,20.74,28.65,25.51,36.15,6.14,-64.80,0,0,0,0,HV2Y,-1,-1,-1,-1,-1,0,0,-39.32,44.01,109.43,109.43,24.25,15.79,18.25,-7.57,-84.09,1.045472,75,28.65,-4.40,14.29,-47.01,-75.58,24.25,-9.96,5.23,-41.91,-82.04,1.165605,96
24-09-2025,NASDAQ:DOOO,BRP Inc. - Common Subordinate Voting Shares,4438,363574,3.08,60.77,0.70,-5.25,-5.76,5.51,21.89,41.52,14.81,-1.23,0,HV2Y,0,0,0,-1,-1,-1,10,-1,-11.1,-11.1,-11.1,28.02,87.33,87.33,1.11,12.17,23.62,1.1,-20.52,1.045423,75,5.51,17.33,25.13,-45.67,-18.83,1.11,11.77,16.07,-40.57,-25.29,1.062813,83
24-09-2025,NASDAQ:SNEX,StoneX Group Inc. - Common Stock,4664,572005,3.13,95.01,-1.23,0.80,-1.25,-3.17,7.48,14.10,33.98,41.40,0,0,0,0,0,-1,-1,-1,-1,27,-9.13,-9.13,-9.13,15.95,36.53,76.77,-7.57,-2.24,-3.8,20.27,22.11,1.045343,75,-3.17,10.32,7.16,23.13,11.24,-7.57,4.76,-1.9,28.23,4.78,0.960857,11
24-09-2025,NYSE:GTLS,"Chart Industries, Inc. Common Stock",8971,1209525,0.37,199.6,0.09,-0.19,0.23,0.99,24.24,19.18,9.42,38.66,0,0,HV2Y,0,HV2Y,-1,-1,-1,5,-1,-0.19,-0.19,-8.59,32,73.44,73.44,-3.41,14.52,1.28,-4.29,19.37,1.045106,75,0.99,23.49,-6.69,-12.07,32.28,-3.41,17.93,-15.75,-6.97,25.82,1.022296,65
24-09-2025,NASDAQ:PHAT,"Phathom Pharmaceuticals, Inc. - Common Stock",831,1143708,6.16,11.71,-1.60,6.06,-5.21,1.20,18.19,45.43,33.22,-57.39,0,0,HV2Y,HV2Y,0,-1,-1,-1,-1,-1,-9.15,-9.15,-38.17,49.55,411.35,411.35,-3.2,8.47,27.53,19.51,-76.68,1.045053,75,1.20,17.20,33.30,-22.38,-135.68,-3.2,11.64,24.24,-17.28,-142.14,1.109405,92
24-09-2025,NASDAQ:VBTX,"Veritex Holdings, Inc. - Common Stock",1846,1033289,1.92,33.69,0.30,-1.25,-1.48,1.28,24.70,25.85,20.84,22.41,0,0,HV2Y,0,0,-1,-1,-1,15,-1,-3.13,-3.13,-3.13,32.79,62.21,62.21,-3.12,14.98,7.95,7.13,3.12,1.044567,75,1.28,23.72,1.54,-6.77,1.99,-3.12,18.16,-7.52,-1.67,-4.47,1.034409,72
24-09-2025,NYSE:MS,Morgan Stanley Common Stock,252029,5425611,1.87,157.88,-1.79,0.30,2.38,6.48,12.77,20.70,23.68,35.10,0,0,0,0,0,-1,-1,-1,19,-1,-1.79,-1.79,-1.79,14.64,58.15,58.15,2.08,3.05,2.8,9.97,15.81,1.044273,75,6.48,6.73,9.09,3.75,14.96,2.08,1.17,0.03,8.85,8.5,0.993657,37
24-09-2025,NYSE:SIG,Signet Jewelers Limited Common Shares,3962,1131324,3.42,96.75,1.55,2.33,5.43,11.97,17.75,37.72,17.85,1.83,0,0,0,0,0,-1,-1,-1,-1,-1,-0.12,-0.12,-7.09,30.2,90.57,108.42,7.57,8.03,19.82,4.14,-17.46,1.044145,75,11.97,6.56,24.28,-31.90,-19.50,7.57,1,15.22,-26.8,-25.96,1.053761,80
24-09-2025,NYSE:UBER,"Uber Technologies, Inc. Common Stock",203912,18989406,3.06,97.78,-0.02,4.94,3.65,2.68,7.04,22.67,38.42,24.38,0,0,0,0,0,-1,-1,-1,-1,19,-1.62,-1.62,-1.62,12.51,51.32,63.16,-1.72,-2.68,4.77,24.71,5.09,1.044125,75,2.68,4.48,16.82,20.37,-22.80,-1.72,-1.08,7.76,25.47,-29.26,0.986701,29
24-09-2025,NYSE:FSS,Federal Signal Corporation Common Stock,7375,427248,2.26,121.32,-2.54,-3.06,-3.77,-4.33,15.28,34.81,24.36,24.52,0,0,HV2Y,0,0,-1,-1,-1,-1,-1,-6.53,-6.53,-6.53,18.04,75.24,75.24,-8.73,5.56,16.91,10.65,5.23,1.043458,75,-4.33,18.80,23.05,-16.03,0.22,-8.73,13.24,13.99,-10.93,-6.24,1.000149,44
24-09-2025,NASDAQ:CLNE,Clean Energy Fuels Corp. - Common Stock,590,1301535,4.53,2.69,1.13,2.23,4.83,4.83,31.97,38.29,5.95,-12.64,0,0,0,0,0,-1,-1,-1,-1,-1,0,0,-24.65,46.99,103.79,103.79,0.43,22.25,20.39,-7.76,-31.93,1.043341,75,4.83,28.52,9.29,-52.41,-19.76,0.43,22.96,0.23,-47.31,-26.22,1.105582,91
24-09-2025,NASDAQ:CASY,"Caseys General Stores, Inc. - Common Stock",20340,456280,2.45,547.05,-0.73,-1.51,1.56,9.22,7.66,23.70,25.21,32.73,0,0,HVQ,0,HV2Y,-1,-1,-1,-1,-1,-2.52,-2.52,-2.52,10.62,31.56,49.2,4.82,-2.06,5.8,11.5,13.44,1.043084,75,9.22,-1.72,17.36,1.98,10.06,4.82,-7.28,8.3,7.08,3.6,0.987823,30
24-09-2025,NASDAQ:BKR,Baker Hughes Company - Common Stock,49166,6072559,2.42,49.87,1.92,6.80,5.92,10.91,24.64,9.40,20.19,27.73,0,0,HVY,0,0,-1,-1,-1,-1,-1,0,0,0,32.7,42.49,43.43,6.51,14.92,-8.5,6.48,8.44,1.043048,75,10.91,15.42,-20.22,11.91,9.45,6.51,9.86,-29.28,17.01,2.99,1.044975,77
24-09-2025,NASDAQ:STAA,STAAR Surgical Company - Common Stock,1327,793531,1.68,26.77,0.83,-1.46,-3.32,-2.69,37.54,34.78,6.69,-13.52,0,0,HV2Y,0,HV2Y,-1,-1,-1,-1,-1,-6.3,-6.3,-28.1,61.17,77.4,77.4,-7.09,27.82,16.88,-7.02,-32.81,1.042737,75,-2.69,39.18,-4.43,-43.07,-21.66,-7.09,33.62,-13.49,-37.97,-28.12,1.117471,92
24-09-2025,NYSE:ELF,"e.l.f. Beauty, Inc. Common Stock",7309,1848506,4.98,128.82,-5.33,-13.42,-4.36,11.55,2.62,49.46,-0.21,12.35,0,0,0,0,HV2Y,-1,-1,-1,-1,-1,-12.17,-12.17,-12.17,28.92,157.9,157.9,7.15,-7.1,31.56,-13.92,-6.94,1.042606,75,11.55,-10.10,48.11,-98.29,12.53,7.15,-15.66,39.05,-93.19,6.07,1.042821,76
24-09-2025,NYSE:MLI,"Mueller Industries, Inc. Common Stock",11028,904548,1.93,99.62,-2.05,0.86,2.06,5.04,22.53,20.48,20.21,27.16,0,0,0,0,0,-1,-1,-1,0,-1,-2.05,-2.05,-2.05,29.07,45.54,45.54,0.64,12.81,2.58,6.5,7.87,1.042535,75,5.04,18.41,-2.64,-0.34,8.72,0.64,12.85,-11.7,4.76,2.26,1.027836,69
24-09-2025,NYSE:MPC,Marathon Petroleum Corporation Common Stock,58706,2015160,2.34,193.1,1.17,4.36,5.91,10.83,14.19,22.79,31.82,14.87,0,0,0,0,0,-1,-1,8,-1,-1,0,0,0,21.76,62.88,62.88,6.43,4.47,4.89,18.11,-4.42,1.042534,75,10.83,3.77,10.02,11.70,-24.87,6.43,-1.79,0.96,16.8,-31.33,1.024341,66
24-09-2025,NYSE:ITUB,Itau Unibanco Banco Holding SA American Depositary Shares (Each repstg 500 Preferred shares),74727,28257158,1.97,7.29,-1.62,0.27,3.43,5.76,9.60,22.09,37.40,18.82,0,0,0,0,0,-1,-1,-1,-1,-1,-1.62,-1.62,-1.62,17.96,39.12,64.66,1.36,-0.12,4.19,23.69,-0.47,1.042294,75,5.76,4.08,13.81,19.65,-29.68,1.36,-1.48,4.75,24.75,-36.14,1.002959,47
24-09-2025,NYSE:GCO,Genesco Inc. Common Stock,345,212828,5.38,31.93,0.41,-8.33,-3.01,10.87,35.58,29.25,-27.12,14.94,0,0,0,0,0,-1,-1,-1,4,-1,-9.44,-9.44,-27.42,62.16,85.64,85.64,6.47,25.86,11.35,-40.83,-4.35,1.041897,75,10.87,27.72,-9.82,-79.68,33.09,6.47,22.16,-18.88,-74.58,26.63,1.125493,93
24-09-2025,NYSE:MOS,Mosaic Company (The) Common Stock,11403,3902521,2.35,35.93,5.77,4.93,7.01,7.79,1.28,24.35,33.54,28.86,0,0,0,0,0,-1,-1,-1,-1,-1,-4.97,-4.97,-4.97,16.17,57.86,57.86,3.39,-8.44,6.45,19.83,9.57,1.041879,75,7.79,-7.06,23.37,12.14,-7.04,3.39,-12.62,14.31,17.24,-13.5,0.975743,19
24-09-2025,NASDAQ:EXTR,"Extreme Networks, Inc. - Common Stock",2836,1416142,2.76,21.45,-1.88,-3.78,-4.24,3.54,17.06,29.14,17.39,28.58,0,0,HVQ,0,0,-1,-1,-1,2,-1,-6.13,-6.13,-6.13,27.83,97.88,97.88,-0.86,7.34,11.24,3.68,9.29,1.041673,75,3.54,14.02,14.56,-16.58,13.54,-0.86,8.46,5.5,-11.48,7.08,1.01089,55
24-09-2025,NYSE:TNK,Teekay Tankers Ltd.,1856,585178,2.69,53.7,-1.47,-3.07,3.45,11.30,17.99,28.72,30.71,-3.85,0,0,0,0,0,-1,-1,5,-1,-1,-4.04,-4.04,-13.54,28.72,55.79,55.79,6.9,8.27,10.82,17,-23.14,1.041554,75,11.30,7.54,13.08,2.80,-49.88,6.9,1.98,4.02,7.9,-56.34,1.055354,80
24-09-2025,NYSE:COHR,Coherent Corp. Common Stock,16596,4121515,4.4,106.52,-2.53,2.92,2.84,15.04,19.61,28.99,9.71,18.31,0,0,0,0,0,-1,-1,-1,-1,-1,-8.61,-8.61,-8.61,24.4,110.6,110.6,10.64,9.89,11.09,-4,-0.98,1.041525,74,15.04,5.38,11.67,-27.15,9.52,10.64,-0.18,2.61,-22.05,3.06,1.047602,78
24-09-2025,NASDAQ:ARRY,"Array Technologies, Inc. - Common Stock",1217,6960105,6.71,7.97,3.91,1.88,-2.76,-16.94,21.71,29.36,33.00,19.57,0,0,0,0,0,-1,-1,-1,-1,-1,-16.63,-16.63,-16.63,45.44,100.25,100.25,-21.34,11.99,11.46,19.29,0.28,1.041251,74,-16.94,33.05,9.78,5.15,-20.04,-21.34,27.49,0.72,10.25,-26.5,1.007525,52
24-09-2025,NYSE:STVN,Stevanato Group S.p.A. Ordinary Shares,7360,469201,5.31,26.97,0.90,0.15,4.19,18.46,6.38,21.73,20.88,28.59,0,0,0,0,HV2Y,-1,-1,-1,-1,-1,-3.51,-3.51,-3.51,24.57,45.23,56.17,14.06,-3.34,3.83,7.17,9.3,1.041211,74,18.46,-14.82,16.40,-1.09,9.75,14.06,-20.38,7.34,4.01,3.29,1.005154,49
24-09-2025,NYSE:PGRE,"Paramount Group, Inc. Common Stock",1441,6854427,2.69,6.54,0.31,0.15,-10.70,-3.06,7.34,36.09,29.05,23.24,0,0,0,HV2Y,0,-1,-1,-1,-1,-1,-13.38,-13.38,-13.38,8.46,65.99,65.99,-7.46,-2.38,18.19,15.34,3.95,1.041129,74,-3.06,10.09,31.02,-11.00,-8.19,-7.46,4.53,21.96,-5.9,-14.65,0.984082,26
24-09-2025,NASDAQ:PSNL,"Personalis, Inc. - Common Stock",537,864922,5.82,6.06,-0.82,5.45,11.06,22.44,0.50,40.59,13.20,5.28,0,0,0,0,HV2Y,-1,-1,-1,-1,-1,-19.25,-19.25,-19.25,37.57,102,102,18.04,-9.22,22.69,-0.51,-14.01,1.041073,74,22.44,-28.30,40.30,-46.11,-9.13,18.04,-33.86,31.24,-41.01,-15.59,1.037404,73
24-09-2025,NASDAQ:SONO,"Sonos, Inc. - Common Stock",1831,1778040,2.71,15.15,-2.45,0.40,3.10,11.82,29.04,23.30,4.88,16.57,0,HVQ,0,0,0,-1,-1,2,-1,-1,-2.7,-2.7,-2.7,46.24,96.75,96.75,7.42,19.32,5.4,-8.83,-2.72,1.040891,74,11.82,19.54,-8.09,-24.01,12.28,7.42,13.98,-17.15,-18.91,5.82,1.07506,86
24-09-2025,NYSE:ENVA,"Enova International, Inc. Common Stock",3097,329358,2.93,123.8,-1.23,0.43,6.89,7.42,16.24,17.51,23.27,31.40,0,0,0,0,0,-1,-1,-1,-1,-1,-2.76,-2.76,-2.76,23.11,44.1,53.81,3.02,6.52,-0.39,9.56,12.11,1.04073,74,7.42,9.53,1.51,6.98,10.59,3.02,3.97,-7.55,12.08,4.13,1.007893,52
24-09-2025,NYSE:HCC,"Warrior Met Coal, Inc. Common Stock",3279,799218,3.58,62.37,0.48,-1.38,5.92,3.64,34.05,21.66,10.44,11.67,0,0,0,0,0,-1,-1,-1,-1,-1,-2.32,-2.32,-16.6,51.64,53.39,53.39,-0.76,24.33,3.76,-3.27,-7.62,1.040608,74,3.64,31.56,-18.79,-14.33,1.38,-0.76,26,-27.85,-9.23,-5.08,1.085379,88
24-09-2025,NASDAQ:MKSI,MKS Inc. - Common Stock,8324,1436230,3.68,123.94,-3.56,3.63,10.76,14.30,20.40,27.21,17.28,11.34,HVQ,0,0,0,0,-1,2,-1,-1,-1,-4.6,-4.6,-4.6,38.3,110.85,110.85,9.9,10.68,9.31,3.57,-7.95,1.040516,74,14.30,7.12,8.56,-13.65,-7.18,9.9,1.56,-0.5,-8.55,-13.64,1.051244,79
24-09-2025,NYSE:URI,"United Rentals, Inc. Common Stock",60209,529177,2.21,935.78,-2.04,0.51,-0.96,-0.40,21.33,30.18,24.03,16.26,0,0,0,HVY,0,-1,-1,-1,13,-1,-4.05,-4.05,-4.05,27.11,69.54,69.54,-4.8,11.61,12.28,10.32,-3.03,1.040493,74,-0.40,21.64,11.25,-8.81,-10.22,-4.8,16.08,2.19,-3.71,-16.68,1.027718,69
24-09-2025,NASDAQ:BPOP,"Popular, Inc. - Common Stock",8589,591157,1.83,127.09,0.47,1.52,1.68,3.33,15.00,26.73,28.73,20.89,0,0,0,0,0,-1,-1,-1,4,-1,-0.7,-0.7,-0.7,17.64,55.69,55.69,-1.07,5.28,8.83,15.02,1.6,1.040399,74,3.33,12.07,13.80,2.73,-11.00,-1.07,6.51,4.74,7.83,-17.46,1.009132,54
24-09-2025,NYSE:TR,"Tootsie Roll Industries, Inc. Common Stock",3281,227276,2.42,41.02,0.39,-1.41,3.83,2.17,18.45,25.09,24.92,24.19,0,0,0,0,0,-1,-1,-1,15,-1,-1.39,-1.39,-1.39,22.74,38.11,44.84,-2.23,8.73,7.19,11.21,4.9,1.040389,74,2.17,16.65,8.13,-0.22,-0.98,-2.23,11.09,-0.93,4.88,-7.44,1.013807,58
24-09-2025,NASDAQ:LE,"Lands' End, Inc. - Common Stock",462,372131,5.32,15.14,-1.82,-1.98,1.72,11.36,30.38,28.60,13.61,-8.98,0,0,0,HV2Y,HV2Y,-1,-1,-1,-1,-1,-3.99,-3.99,-23.54,43.92,96.62,96.62,6.96,20.66,10.7,-0.1,-28.27,1.040278,74,11.36,21.46,-2.56,-21.00,-26.15,6.96,15.9,-11.62,-15.9,-32.61,1.098813,90
24-09-2025,NYSE:CM,Canadian Imperial Bank of Commerce Common Stock,74997,1297458,1.38,80.69,-1.21,0.56,2.29,10.03,13.01,28.12,20.96,23.56,0,0,0,0,0,-1,2,1,-1,-1,-1.21,-1.21,-1.21,15.8,47.78,47.78,5.63,3.29,10.22,7.25,4.27,1.040232,74,10.03,3.32,17.37,-9.97,3.29,5.63,-2.24,8.31,-4.87,-3.17,1.012635,57
24-09-2025,NASDAQ:RIVN,"Rivian Automotive, Inc. - Class A Common Stock",19160,53572941,5.77,15.79,1.67,10.64,11.91,16.97,12.86,21.72,17.29,25.84,0,0,0,0,HV2Y,-1,-1,-1,-1,-1,0,-6.68,-6.68,35.65,46.2,62.62,12.57,3.14,3.82,3.58,6.55,1.039788,74,16.97,-4.96,10.17,-5.66,10.34,12.57,-10.52,1.11,-0.56,3.88,1.021154,64
24-09-2025,NYSE:CMI,Cummins Inc. Common Stock,57592,831323,2.01,417.98,-1.46,1.48,3.04,5.23,23.74,20.84,16.34,26.25,0,0,0,0,0,-1,-1,-1,7,-1,-1.97,-1.97,-1.97,31.13,56.48,56.48,0.83,14.02,2.94,2.63,6.96,1.039735,74,5.23,19.53,-3.80,-5.69,11.86,0.83,13.97,-12.86,-0.59,5.4,1.033954,72
24-09-2025,NYSE:EAF,GrafTech International Ltd. Common Stock,342,331717,9.58,13.25,-1.85,9.06,41.74,24.53,21.51,18.49,-29.06,33.37,0,0,0,0,0,-1,-1,-1,-1,-1,-19.21,-19.21,-41.37,71.63,138.05,138.05,20.13,11.79,0.59,-42.77,14.08,1.039694,74,24.53,-4.00,-3.85,-58.33,48.37,20.13,-9.56,-12.91,-53.23,41.91,1.081211,87
24-09-2025,NASDAQ:RNA,"Avidity Biosciences, Inc. - Common Stock",6304,4039849,6.2,43.21,2.15,7.29,-7.38,-4.77,30.80,25.71,28.14,-2.94,0,0,HVY,0,HV2Y,-1,-1,-1,-1,-1,-14.2,-14.2,-17.7,52.15,79.44,79.44,-9.17,21.08,7.81,14.43,-22.23,1.039478,74,-4.77,33.95,-7.36,3.27,-43.25,-9.17,28.39,-16.42,8.37,-49.71,1.074252,86
24-09-2025,NASDAQ:EPSM,Epsium Enterprise Limited - Class A Ordinary Shares,470,475547,47.81,35.01,2.82,-9.40,-15.42,29.11,32.70,NA,NA,NA,0,0,0,0,0,-1,-1,-1,-1,-1,-74.63,-74.63,-74.63,164.63,656.34,656.34,24.71,22.98,0,0,0,1.0392,74,29.11,5.08,NA,NA,NA,24.71,-0.48,0,0,0,1.013512,58
24-09-2025,NASDAQ:LZ,"LegalZoom.com, Inc. - Common Stock",1905,2249528,3.16,10.57,-1.40,-0.95,3.60,-4.07,18.83,11.45,26.68,37.37,0,0,HVY,0,0,-1,-1,-1,-1,-1,-5.46,-5.46,-5.46,27.35,59.91,66.98,-8.47,9.11,-6.45,12.97,18.08,1.039142,74,-4.07,22.00,-9.09,17.20,14.58,-8.47,16.44,-18.15,22.3,8.12,0.995217,39
24-09-2025,NYSE:ALLE,Allegion plc Ordinary Shares,15052,920236,1.74,177.44,-0.21,0.23,4.21,2.93,19.07,26.40,25.34,18.99,0,0,0,0,0,-1,-1,-1,5,-1,-1.05,-1.05,-1.05,24.24,49.71,49.71,-1.47,9.35,8.5,11.63,-0.3,1.039027,74,2.93,16.62,9.07,-1.45,-8.51,-1.47,11.06,0.01,3.65,-14.97,1.021786,64
24-09-2025,NYSE:LYG,Lloyds Banking Group Plc American Depositary Shares,65700,5874543,1.2,4.47,0.00,-2.24,-0.22,-2.01,6.49,13.87,40.04,30.43,0,0,0,0,0,-1,-1,-1,-1,-1,-3.46,-3.46,-3.46,10.92,34.64,73.26,-6.41,-3.23,-4.03,26.33,11.14,1.038702,74,-2.01,8.33,7.89,30.39,-16.04,-6.41,2.77,-1.17,35.49,-22.5,0.974113,18
24-09-2025,NASDAQ:ARQT,"Arcutis Biotherapeutics, Inc. - Common stock",2074,1648112,4.14,17.3,-1.70,0.92,-1.56,9.31,16.36,1.10,18.44,41.33,0,0,0,0,0,-1,-1,-1,-1,-1,-3.51,-3.51,-3.51,29.2,37.41,108.18,4.91,6.64,-16.8,4.73,22.04,1.03807,74,9.31,7.78,-18.24,17.53,28.07,4.91,2.22,-27.3,22.63,21.61,1.005873,50
24-09-2025,NYSE:INSW,"International Seaways, Inc. Common Stock",2346,547016,2.32,47.53,-1.68,-3.16,2.78,6.73,19.00,28.87,31.71,-5.70,0,0,0,HV2Y,HV2Y,-1,-1,7,-1,-1,-3.24,-3.24,-12.47,30.29,65.26,65.26,2.33,9.28,10.97,18,-24.99,1.037665,74,6.73,13.15,12.18,3.99,-54.78,2.33,7.59,3.12,9.09,-61.24,1.053774,80
24-09-2025,NYSE:PFGC,Performance Food Group Company Common Stock,16366,1632237,1.9,104.56,0.05,-3.98,0.30,2.58,18.20,26.55,19.22,26.35,0,0,0,0,0,-1,-1,-1,-1,-1,-3.83,-3.83,-3.83,22.25,45.99,45.99,-1.82,8.48,8.65,5.51,7.06,1.037648,74,2.58,16.03,10.21,-9.97,8.82,-1.82,10.47,1.15,-4.87,2.36,1.013252,57
24-09-2025,NASDAQ:TMDX,"TransMedics Group, Inc. - Common Stock",4003,1054933,4.91,117.43,-2.57,-2.03,8.21,2.09,-9.50,39.72,48.45,-40.51,0,0,0,0,HV2Y,-1,-1,-1,-1,-1,-12.37,-17.91,-28.83,13.34,74.54,107,-2.31,-19.22,21.82,34.74,-59.8,1.037374,74,2.09,-11.84,44.94,14.49,-172.59,-2.31,-17.4,35.88,19.59,-179.05,1.057731,81
24-09-2025,NASDAQ:ULTA,"Ulta Beauty, Inc. - Common Stock",24016,909322,2.97,535.61,2.10,1.27,3.76,2.10,14.29,30.78,20.55,24.94,0,0,HVQ,0,HV2Y,-1,-1,-1,-1,4,0,0,0,17.03,63.29,70.32,-2.3,4.57,12.88,6.84,5.65,1.037253,74,2.10,12.45,19.24,-14.77,5.53,-2.3,6.89,10.18,-9.67,-0.93,1.004501,49
24-09-2025,NYSE:ALV,"Autoliv, Inc. Common Stock",9590,552106,1.55,126.78,0.67,1.39,0.77,2.02,11.71,27.23,27.82,23.85,0,0,0,0,0,-1,-1,-1,-1,-1,-0.68,-0.68,-0.68,14.93,65.14,65.14,-2.38,1.99,9.33,14.11,4.56,1.036441,74,2.02,9.89,17.57,0.81,-5.50,-2.38,4.33,8.51,5.91,-11.96,0.996325,40
24-09-2025,NYSE:AZZ,AZZ Inc.,3346,253844,2.63,111.47,-1.58,-1.69,-3.54,-3.34,18.52,22.59,26.82,26.55,0,0,0,0,0,-1,-1,-1,-1,-1,-6.75,-6.75,-6.75,22.72,47.49,47.49,-7.74,8.8,4.69,13.11,7.26,1.036406,74,-3.34,21.15,5.00,5.47,-0.38,-7.74,15.59,-4.06,10.57,-6.84,1.004534,49
24-09-2025,NYSE:JPM,JP Morgan Chase & Co. Common Stock,861828,8459929,1.65,313.42,0.22,0.53,4.11,5.91,9.37,19.87,25.67,32.65,0,0,0,0,0,-1,4,-1,-1,2,-0.43,-0.43,-0.43,10.84,49.05,52.72,1.51,-0.35,1.97,11.96,13.36,1.036381,73,5.91,3.68,11.59,7.24,9.39,1.51,-1.88,2.53,12.34,2.93,0.986492,29
24-09-2025,NYSE:TAC,TransAlta Corporation Ordinary Shares,4043,1041484,2.48,13.64,0.15,3.67,7.04,10.85,20.38,28.01,-1.98,28.15,0,0,0,0,0,-1,4,-1,-1,-1,-1.59,-1.59,-5.54,30.9,67.16,67.16,6.45,10.66,10.11,-15.69,8.86,1.036275,73,10.85,10.69,9.58,-41.65,29.55,6.45,5.13,0.52,-36.55,23.09,1.041751,75
24-09-2025,NASDAQ:QSI,Quantum-Si Incorporated - Class A Common Stock,326,10006642,9.51,1.61,0.63,21.74,30.43,29.19,-25.47,12.42,19.88,39.33,HVQ,0,0,2,HV2Y,-1,-1,-1,-1,-1,-24.77,-24.77,-62.47,61,61,154.34,24.79,-35.19,-5.48,6.17,20.04,1.036238,73,29.19,-77.19,30.20,8.51,24.28,24.79,-82.75,21.14,13.61,17.82,0.963572,12
24-09-2025,NASDAQ:CRWD,"CrowdStrike Holdings, Inc. - Class A Common Stock",119537,4157411,3.51,476.33,-1.61,6.47,10.80,12.07,-3.73,19.18,26.31,37.05,HVQ,0,0,0,0,-1,-1,-1,-1,-1,-7.35,-7.35,-7.35,15.49,48.1,73.12,7.67,-13.45,1.28,12.6,17.76,1.036159,73,12.07,-17.97,22.09,8.81,14.58,7.67,-23.53,13.03,13.91,8.12,0.964176,13
24-09-2025,NASDAQ:VRSN,"VeriSign, Inc. - Common Stock",26646,720550,1.6,285.26,-0.48,-0.88,0.62,6.62,0.99,13.83,32.19,36.47,0,0,0,0,0,-1,-1,-1,-1,35,-6.77,-6.77,-6.77,8.46,21.65,61.46,2.22,-8.73,-4.07,18.48,17.18,1.036087,73,6.62,-6.03,12.97,21.31,6.32,2.22,-11.59,3.91,26.41,-0.14,0.964848,13
24-09-2025,NASDAQ:RDNT,"RadNet, Inc. - Common Stock",5810,659833,2.82,75.54,-2.20,0.45,5.59,7.88,25.73,32.88,5.51,8.21,0,0,HV2Y,0,0,-1,-1,7,-1,-1,-2.2,-2.2,-12.55,43.8,59.5,64.5,3.48,16.01,14.98,-8.2,-11.08,1.036032,73,7.88,19.38,9.63,-40.79,2.86,3.48,13.82,0.57,-35.69,-3.6,1.067482,84
24-09-2025,NYSE:PWR,"Quanta Services, Inc. Common Stock",59355,932939,2.6,402.87,3.42,6.67,3.15,6.10,7.15,31.43,19.93,27.80,0,0,0,0,0,-1,-1,-1,-1,28,-4.46,-4.46,-4.46,8.21,68.23,70.2,1.7,-2.57,13.53,6.22,8.51,1.035858,73,6.10,1.12,26.15,-16.77,9.83,1.7,-4.44,17.09,-11.67,3.37,0.99135,34
24-09-2025,NASDAQ:PCRX,"Pacira BioSciences, Inc. - Common Stock",1170,649530,3.32,26.05,-0.61,-0.08,-2.15,2.65,8.21,5.80,24.88,44.22,0,0,0,0,HV2Y,-1,-1,-1,-1,-1,-4.3,-4.3,-4.4,23.52,23.52,87.28,-1.75,-1.51,-12.1,11.17,24.93,1.03578,73,2.65,5.72,-2.63,20.25,25.75,-1.75,0.16,-11.69,25.35,19.29,0.969284,15
24-09-2025,NYSE:PRA,ProAssurance Corporation Common Stock,1227,371907,0.4,23.87,0.04,0.34,0.71,0.08,4.27,2.47,33.68,42.65,0,0,0,HV2Y,HV2Y,-1,-1,-1,-1,-1,-0.71,-0.71,-0.71,4.56,4.83,74.36,-4.32,-5.45,-15.43,19.97,23.36,1.035504,73,0.08,4.19,-1.88,32.00,13.52,-4.32,-1.37,-10.94,37.1,7.06,0.958732,10
24-09-2025,NASDAQ:ARGX,argenx SE - American Depositary Shares,45326,376531,1.94,729.76,-0.63,-0.63,-4.54,7.19,23.19,17.02,14.21,26.96,0,0,0,0,HV2Y,-1,-1,-1,4,-1,-4.98,-4.98,-4.98,35.48,37.1,40.4,2.79,13.47,-0.88,0.5,7.67,1.034982,73,7.19,17.24,-8.03,-3.39,14.86,2.79,11.68,-17.09,1.71,8.4,1.034968,72
24-09-2025,NASDAQ:MVIS,"MicroVision, Inc. - Common Stock",406,4633386,5.27,1.35,1.50,12.59,17.78,20.00,21.48,-12.59,29.77,16.30,0,0,0,HV2Y,HV2Y,-1,-1,-1,-1,-1,-10,-11.18,-25.82,28.57,28.57,66.67,15.6,11.76,-30.49,16.06,-2.99,1.034795,73,20.00,1.85,-43.40,37.63,-19.19,15.6,-3.71,-52.46,42.73,-25.65,1.073179,86
24-09-2025,NYSE:UP,Wheels Up Experience Inc. Class A Common Stock,1405,11789949,15.43,2.01,-12.61,-8.96,-4.98,-18.91,31.84,44.28,10.45,-17.41,0,HV2Y,HV2Y,0,HV2Y,-1,-1,-1,-1,-1,-39.09,-39.09,-39.09,87.85,167.96,167.96,-23.31,22.12,26.38,-3.26,-36.7,1.034591,73,-18.91,42.68,18.25,-60.71,-31.11,-23.31,37.12,9.19,-55.61,-37.57,1.087151,88
24-09-2025,NASDAQ:NN,NextNav Inc. - Common stock,2155,1631534,6.09,16.19,-4.43,-7.66,-1.91,-1.39,7.72,16.99,-3.52,52.50,0,0,0,0,0,-1,-1,-1,-1,-1,-9.75,-9.75,-10.06,17.75,47.72,131.62,-5.79,-2,-0.91,-17.23,33.21,1.034064,73,-1.39,8.99,10.04,-24.70,54.12,-5.79,3.43,0.98,-19.6,47.66,0.9704,16
24-09-2025,NYSE:MYE,"Myers Industries, Inc. Common Stock",626,233663,2.48,16.73,0.24,4.06,3.89,1.49,12.31,28.57,30.66,15.06,0,0,0,0,0,-1,-1,-1,-1,-1,-1.24,-1.24,-1.24,15.46,83.24,83.24,-2.91,2.59,10.67,16.95,-4.23,1.033945,73,1.49,10.98,18.54,2.93,-22.50,-2.91,5.42,9.48,8.03,-28.96,1.006556,51
24-09-2025,NYSE:MUFG,"Mitsubishi UFJ Financial Group, Inc. Common Stock",181526,3329045,1.06,15.94,-0.44,2.13,1.25,2.95,14.55,8.09,27.85,34.50,0,0,0,0,0,-1,-1,-1,5,-1,-0.69,-0.69,-0.69,19.94,47.73,60.2,-1.45,4.83,-9.81,14.14,15.21,1.033612,73,2.95,11.96,-7.56,21.50,9.22,-1.45,6.4,-16.62,26.6,2.76,0.995124,39
24-09-2025,NASDAQ:RLAY,"Relay Therapeutics, Inc. - Common Stock",779,1462452,6.13,4.52,1.57,9.51,10.18,22.35,27.88,34.51,5.75,-65.93,0,0,0,0,HV2Y,-1,-1,-1,-1,-1,-3,-3,-39.73,40.37,126,126,17.95,18.16,16.61,-7.96,-85.22,1.03347,73,22.35,7.12,9.20,-43.92,-76.06,17.95,1.56,0.14,-38.82,-82.52,1.159056,95
24-09-2025,NYSE:CTOS,"Custom Truck One Source, Inc. Common Stock",1355,779370,4.03,5.98,-1.64,6.35,4.52,0.67,17.73,12.88,18.06,37.96,0,0,0,0,0,-1,-1,-1,-1,-1,-3.39,-3.39,-3.39,22.04,76.4,92.28,-3.73,8.01,-5.02,4.35,18.67,1.033416,73,0.67,17.17,-5.89,5.95,24.29,-3.73,11.61,-14.95,11.05,17.83,0.998615,43
24-09-2025,NYSE:SHG,Shinhan Financial Group Co Ltd American Depositary Shares,23654,228004,1.17,48.71,-2.07,-2.67,-0.33,1.89,8.85,31.31,30.75,14.00,0,0,0,0,0,-1,-1,-1,-1,-1,-4.97,-4.97,-4.97,10.3,67.73,67.73,-2.51,-0.87,13.41,17.04,-5.29,1.033053,73,1.89,7.09,24.64,-0.81,-24.19,-2.51,1.53,15.58,4.29,-30.65,1.000912,45
24-09-2025,NYSE:LDOS,"Leidos Holdings, Inc. Common Stock",24043,833881,1.83,187.4,0.15,1.92,3.75,3.09,17.84,27.29,23.59,16.19,0,0,0,0,0,-1,-1,-1,18,-1,-0.25,-0.25,-6.95,21.72,41.01,47.77,-1.31,8.12,9.39,9.88,-3.1,1.033043,73,3.09,15.22,11.50,-5.10,-9.68,-1.31,9.66,2.44,0,-16.14,1.021647,64
24-09-2025,NYSE:AL,Air Lease Corporation Class A Common Stock,7102,3298409,0.57,63.51,0.00,-0.08,-0.14,5.46,10.11,22.06,25.92,27.74,0,0,0,0,0,-1,-1,7,-1,-1,-1.2,-1.2,-1.2,16.85,56.97,56.97,1.06,0.39,4.16,12.21,8.45,1.033019,73,5.46,4.91,13.29,4.95,2.47,1.06,-0.65,4.23,10.05,-3.99,0.992639,36
24-09-2025,NYSE:ENIC,Enel Chile S.A. American Depositary Shares (Each representing 50 shares of Common Stock),5360,588958,2.29,3.87,0.00,0.52,6.20,10.59,8.27,12.66,26.87,31.52,0,0,0,0,0,-1,4,-1,-1,-1,0,-2.52,-2.52,24.04,33.91,48.85,6.19,-1.45,-5.24,13.16,12.23,1.033014,73,10.59,-2.60,4.79,16.27,6.36,6.19,-8.16,-4.27,21.37,-0.1,0.992058,35
24-09-2025,NYSE:SSL,Sasol Ltd. American Depositary Shares,3927,1280705,1.92,6.19,0.98,-9.37,-15.19,-12.76,29.08,34.25,25.36,-10.66,0,HVQ,0,HV2Y,HV2Y,-1,-1,-1,-1,-1,-13.43,-13.43,-14.97,41,111.26,111.26,-17.16,19.36,16.35,11.65,-29.95,1.032773,73,-12.76,37.11,7.29,-13.51,-48.27,-17.16,31.55,-1.77,-8.41,-54.73,1.067111,84
24-09-2025,NASDAQ:SVRA,"Savara, Inc. - Common Stock",607,1597546,4.72,3.51,0.86,-2.56,-9.12,10.54,37.61,21.08,7.98,-27.92,0,0,0,0,HV2Y,-1,-1,-1,-1,-1,-8.83,-8.83,-23.86,71.22,80.93,80.93,6.14,27.89,3.18,-5.73,-47.21,1.032279,73,10.54,30.25,-26.48,-16.61,-39.01,6.14,24.69,-35.54,-11.51,-45.47,1.144547,94
24-09-2025,NASDAQ:INCY,Incyte Corporation - Common Stock,16434,1814164,2.09,84.16,-0.45,-0.76,-2.48,-0.71,19.74,26.24,20.32,21.89,0,0,0,0,HV2Y,-1,-1,-1,10,-1,-3.22,-3.22,-3.22,25.11,52.55,52.55,-5.11,10.02,8.34,6.61,2.6,1.03194,73,-0.71,20.30,8.10,-8.02,1.97,-5.11,14.74,-0.96,-2.92,-4.49,1.017212,61
24-09-2025,NASDAQ:LOPE,"Grand Canyon Education, Inc. - Common Stock",5931,224282,2.14,211.17,-0.69,1.11,4.11,3.84,12.17,18.44,22.71,32.39,0,0,HV2Y,0,HV2Y,-1,-1,-1,5,-1,-0.69,-0.69,-0.69,26.31,30.05,60.11,-0.56,2.45,0.54,9,13.1,1.031398,73,3.84,8.67,7.14,5.23,12.52,-0.56,3.11,-1.92,10.33,6.06,0.991277,34
24-09-2025,NASDAQ:VECO,Veeco Instruments Inc. - Common Stock,1761,980277,3.04,29.27,-1.11,7.24,13.80,14.69,29.31,25.83,5.74,-7.96,0,0,0,0,0,-1,1,-1,5,-1,-1.11,-1.11,-13.56,46.79,68.7,68.7,10.29,19.59,7.93,-7.97,-27.25,1.031315,73,14.69,17.14,-4.93,-27.08,-14.53,10.29,11.58,-13.99,-21.98,-20.99,1.100272,90
24-09-2025,NYSE:MSGE,Madison Square Garden Entertainment Corp. Class A Common Stock,2143,392759,2.59,45.16,-1.91,0.55,5.34,13.06,11.76,26.35,26.44,6.71,0,0,0,0,0,-1,3,-1,-1,-1,-1.91,-1.91,-1.91,24.3,56.26,56.26,8.66,2.04,8.45,12.73,-12.58,1.031278,73,13.06,-1.50,16.54,0.12,-26.82,8.66,-7.06,7.48,5.22,-33.28,1.029748,70
24-09-2025,NYSE:TD,Toronto Dominion Bank (The) Common Stock,133384,1960669,1.62,78.13,-0.79,-0.35,2.91,5.59,7.85,21.99,34.01,17.37,0,0,0,0,0,-1,-1,-1,-1,2,-1.45,-1.45,-1.45,8.51,40.24,51.53,1.19,-1.87,4.09,20.3,-1.92,1.031255,73,5.59,2.39,15.35,15.41,-25.21,1.19,-3.17,6.29,20.51,-31.67,0.999149,43
24-09-2025,NYSE:LVWR,"LiveWire Group, Inc. Common Stock",937,255260,10.24,4.6,-5.74,-16.30,1.09,20.00,-11.30,56.74,-13.70,-34.78,0,0,HV2Y,HV2Y,0,-1,-1,-1,-1,-1,-18,-38.5,-38.5,46.96,360,360,15.6,-21.02,38.84,-27.41,-54.07,1.031119,73,20.00,-39.13,61.13,-162.81,-18.55,15.6,-44.69,52.07,-157.71,-25.01,1.109334,92
24-09-2025,NASDAQ:VIAV,Viavi Solutions Inc. - Common Stock,2748,2823221,2.09,12.31,-0.81,0.89,3.33,10.40,19.98,4.87,16.82,31.93,0,0,0,HV2Y,HV2Y,-1,-1,1,-1,-1,-0.81,-0.81,-3.83,26.13,36.93,46.9,6,10.26,-13.03,3.11,12.64,1.03079,73,10.40,10.70,-18.88,12.55,18.16,6,5.14,-27.94,17.65,11.7,1.026442,68
24-09-2025,NYSE:TUYA,"Tuya Inc. American Depositary Shares, each representing one Class A Ordinary Share",1544,1874408,4.61,2.58,5.31,-0.39,2.33,0.78,9.30,-32.17,29.46,49.61,0,0,0,HV2Y,HV2Y,-1,-1,-1,-1,-1,-8.19,-24.78,-36.45,12.66,36.51,98.46,-3.62,-0.42,-50.07,15.75,30.32,1.030617,72,0.78,8.59,-45.73,46.63,28.57,-3.62,3.03,-54.79,51.73,22.11,0.980879,24
24-09-2025,NYSE:UTI,Universal Technical Institute Inc Common Stock,1666,672458,3.21,30.61,5.55,9.64,11.30,13.43,-8.10,10.72,16.96,46.23,0,0,0,0,0,-1,-1,-1,-1,-1,-11.33,-14.74,-14.74,20.04,21.23,101.38,9.03,-17.82,-7.18,3.25,26.94,1.030594,72,13.43,-24.87,17.41,6.99,35.25,9.03,-30.43,8.35,12.09,28.79,0.951852,8
24-09-2025,NYSE:GVA,Granite Construction Incorporated Common Stock,4772,496988,1.99,108.99,-1.29,1.28,0.50,-0.60,16.95,27.19,17.42,26.34,0,0,0,0,0,-1,-1,-1,-1,-1,-2.07,-2.07,-2.07,20.4,51.61,53.55,-5,7.23,9.29,3.71,7.05,1.030462,72,-0.60,17.44,12.33,-13.41,10.80,-5,11.88,3.27,-8.31,4.34,1.006626,51
24-09-2025,NYSE:ORN,"Orion Group Holdings, Inc. Common",343,477375,4.54,8.64,-1.37,8.91,14.12,19.44,-5.21,33.33,11.69,23.50,0,0,0,0,0,-1,-1,-1,-1,-1,-10,-10,-10,31.51,71.77,71.77,15.04,-14.93,15.43,-2.02,4.21,1.030118,72,19.44,-30.60,36.63,-32.47,13.37,15.04,-36.16,27.57,-27.37,6.91,0.999407,43
24-09-2025,NYSE:CAE,CAE Inc. Ordinary Shares,9247,611483,1.84,28.83,0.80,6.73,8.67,7.35,8.67,11.38,20.85,38.12,0,0,0,0,0,-1,-1,-1,-1,-1,-3.77,-3.77,-3.77,10.08,36.89,63.81,2.95,-1.05,-6.52,7.14,18.83,1.030043,72,7.35,1.42,2.96,10.68,21.82,2.95,-4.14,-6.1,15.78,15.36,0.98276,25
24-09-2025,NASDAQ:LOGI,Logitech International S.A. - Registered Shares,15353,421247,1.44,108.79,-2.30,-2.79,0.45,6.54,18.72,15.02,25.49,20.21,0,0,0,0,0,-1,-1,3,-1,-1,-3.79,-3.79,-3.79,23.04,65.91,65.91,2.14,9,-2.88,11.78,0.92,1.029744,72,6.54,13.03,-4.56,12.32,-7.08,2.14,7.47,-13.62,17.42,-13.54,1.024889,67
24-09-2025,NASDAQ:FCFS,"FirstCash Holdings, Inc. - Common Stock",6666,251488,1.7,150.25,0.96,1.92,3.14,1.79,10.48,21.07,31.47,21.88,0,0,0,0,0,-1,-1,-1,6,-1,-0.38,-0.38,-0.38,25.12,27.33,49.44,-2.61,0.76,3.17,17.76,2.59,1.02928,72,1.79,8.84,11.84,13.17,-13.98,-2.61,3.28,2.78,18.27,-20.44,0.994662,38
24-09-2025,NASDAQ:PSMT,"PriceSmart, Inc. - Common Stock",3611,228406,2.53,117.41,0.25,0.53,5.46,7.44,10.22,27.10,20.00,23.10,0,0,0,0,0,-1,-1,-1,-1,22,-0.58,-0.58,-0.58,15.1,42.97,42.97,3.04,0.5,9.2,6.29,3.81,1.029045,72,7.44,3.01,18.80,-9.74,3.88,3.04,-2.55,9.74,-4.64,-2.58,1.002502,46
24-09-2025,NASDAQ:TARS,"Tarsus Pharmaceuticals, Inc. - Common Stock",2333,741897,3.82,55.26,-0.67,6.46,1.68,-2.44,27.25,7.11,5.90,37.55,0,0,0,0,HV2Y,-1,-1,-1,-1,-1,-6.1,-6.1,-6.1,42.35,42.35,71.24,-6.84,17.53,-10.79,-7.81,18.26,1.028976,72,-2.44,28.99,-27.69,-1.31,33.63,-6.84,23.43,-36.75,3.79,27.17,1.032723,71
24-09-2025,NYSE:BCO,Brinks Company (The) Common Stock,4847,308527,1.89,116.34,0.52,1.10,1.80,3.68,23.73,24.61,23.29,2.93,0,0,0,0,0,-1,-1,-1,2,-1,-1,-1,-1,36.57,41.77,41.77,-0.72,14.01,6.71,9.58,-16.36,1.028908,72,3.68,20.82,1.15,-1.76,-26.53,-0.72,15.26,-7.91,3.34,-32.99,1.052616,79
24-09-2025,NYSE:AS,"Amer Sports, Inc. Ordinary Shares",18908,4392659,3.64,34.14,-0.47,-8.64,-7.53,-19.19,-9.29,15.64,19.45,55.65,0,0,0,HV2Y,0,-1,-1,-1,-1,-1,-17.7,-17.7,-17.7,0,62.8,128.67,-23.59,-19.01,-2.26,5.74,36.36,1.028605,72,-19.19,8.31,22.81,4.51,44.95,-23.59,2.75,13.75,9.61,38.49,0.901803,2
24-09-2025,NYSE:HII,"Huntington Ingalls Industries, Inc. Common Stock",10890,470411,1.84,277.51,0.54,1.82,2.01,2.45,15.28,25.68,32.40,3.60,0,0,0,0,0,-1,-1,-1,-1,1,-0.48,-0.48,-0.48,18.03,51.39,73.72,-1.95,5.56,7.78,18.69,-15.69,1.028516,72,2.45,13.15,12.28,9.04,-42.59,-1.95,7.59,3.22,14.14,-49.05,1.027749,69
24-09-2025,NYSE:RTX,RTX Corporation Common Stock,216014,4109422,1.55,161.38,0.52,1.90,3.95,3.17,12.39,15.94,28.45,26.79,0,0,0,0,0,-1,-1,-1,-1,9,0,0,0,14.15,41.87,41.87,-1.23,2.67,-1.96,14.74,7.5,1.028484,72,3.17,9.53,4.05,14.89,-2.33,-1.23,3.97,-5.01,19.99,-8.79,0.996082,40
24-09-2025,NASDAQ:XP,XP Inc. - Class A Common Stock,10123,7545301,3.1,19.21,-1.44,-3.85,2.86,12.96,-0.31,23.74,37.01,4.58,0,0,0,0,0,-1,-1,-1,-1,-1,-4.9,-6.84,-6.84,20.06,51.38,73.85,8.56,-10.03,5.84,23.3,-14.71,1.028368,72,12.96,-15.25,23.98,17.41,-51.49,8.56,-20.81,14.92,22.51,-57.95,1.009619,54
24-09-2025,NYSE:CFG,"Citizens Financial Group, Inc. Common Stock",22926,4228507,1.9,53.15,0.08,1.66,2.52,4.63,18.87,20.47,20.13,21.64,0,0,0,0,0,-1,-1,-1,6,-1,-0.91,-0.91,-0.91,23.26,55.09,55.09,0.23,9.15,2.57,6.42,2.35,1.028322,72,4.63,14.93,1.97,-0.43,1.88,0.23,9.37,-7.09,4.67,-4.58,1.021235,64
24-09-2025,NYSE:CUBI,"Customers Bancorp, Inc Common Stock",2227,450047,2.48,65.83,-0.78,-1.76,-4.44,-4.44,13.40,20.40,28.63,27.54,0,0,0,0,0,-1,-1,-1,-1,-1,-9.11,-9.11,-9.11,15.47,53.99,53.99,-8.84,3.68,2.5,14.92,8.25,1.027988,72,-4.44,17.08,8.09,10.34,-1.53,-8.84,11.52,-0.97,15.44,-7.99,0.988271,30
24-09-2025,NASDAQ:ADEA,Adeia Inc.  - Common Stock,1842,521652,2.89,16.87,-0.47,7.71,9.01,8.00,16.89,17.72,18.44,24.96,0,0,0,0,0,-1,-1,-1,-1,-1,-0.47,-0.47,-2.09,36.71,50.22,50.22,3.6,7.17,-0.18,4.73,5.67,1.027781,72,8.00,9.66,1.00,0.86,7.99,3.6,4.1,-8.06,5.96,1.53,1.017556,61
24-09-2025,NYSE:MCK,McKesson Corporation Common Stock,94604,716229,1.9,760.58,2.60,8.99,7.14,10.74,5.54,12.75,23.84,33.21,0,0,0,0,0,-1,-1,-1,-1,-1,0,0,0,15.41,16.51,58.77,6.34,-4.18,-5.15,10.13,13.92,1.027781,72,10.74,-5.82,7.63,12.72,12.30,6.34,-11.38,-1.43,17.82,5.84,0.984609,27
24-09-2025,NYSE:TIC,Acuren Corporation Common Stock,2792,3443854,5.12,13.92,-3.33,21.41,18.75,23.85,25.29,17.24,NA,NA,0,0,0,0,0,-1,-1,-1,-1,-1,-3.33,-3.33,-3.33,51.14,53.64,53.64,19.45,15.57,-0.66,0,0,1.027631,72,23.85,1.89,-10.77,NA,NA,19.45,-3.67,-19.83,0,0,0.992553,36
24-09-2025,NASDAQ:AKRO,"Akero Therapeutics, Inc. - Common Stock",3796,1219962,4.3,47.84,3.08,10.95,6.73,-2.91,-12.71,5.77,39.99,41.47,0,0,0,HV2Y,HV2Y,-1,-1,-1,-1,-1,-15,-15,-16.89,13.42,40.54,118.75,-7.31,-22.43,-12.13,26.28,22.18,1.027154,72,-2.91,-9.53,16.39,36.31,2.47,-7.31,-15.09,7.33,41.41,-3.99,0.924318,4
24-09-2025,NYSE:BN,Brookfield Corporation Class A Limited Voting Shares,114922,2687793,2.42,69.68,-2.64,0.47,3.77,6.86,13.61,20.58,20.36,25.11,0,0,0,0,0,-1,-1,-1,-1,-1,-4.19,-4.19,-4.19,15.75,55.92,55.92,2.46,3.89,2.68,6.65,5.82,1.027075,72,6.86,7.24,8.07,-0.27,5.97,2.46,1.68,-0.99,4.83,-0.49,1.006609,51
24-09-2025,NYSE:SYF,Synchrony Financial Common Stock,27767,3127224,2.2,74.63,-0.15,-0.25,-0.15,0.84,13.00,25.16,13.88,32.23,0,0,0,0,HV2Y,-1,-1,-1,-1,-1,-2.9,-2.9,-2.9,14.94,70.35,70.35,-3.56,3.28,7.26,0.17,12.94,1.026919,72,0.84,12.26,13.98,-15.08,21.30,-3.56,6.7,4.92,-9.98,14.84,0.993875,37
24-09-2025,NYSE:CANG,"Cango Inc. American Depositary Shares,  each representing two (2) Class A Ordinary Shares",787,562509,5.91,4.39,-1.13,-2.28,-5.92,-14.12,0.91,4.33,-31.21,63.33,0,0,0,0,HV2Y,-1,-1,-1,-1,-1,-20.18,-20.18,-45.13,0.92,28.74,174.37,-18.52,-8.81,-13.57,-44.92,44.04,1.026362,72,-14.12,13.17,3.45,-37.14,72.05,-18.52,7.61,-5.61,-32.04,65.59,0.950754,8
24-09-2025,NYSE:PLYM,"Plymouth Industrial REIT, Inc. Common Stock",971,886079,1.67,21.95,1.86,0.36,-1.05,3.87,26.51,23.74,20.73,-2.69,0,HV2Y,HV2Y,0,0,-1,-1,-1,-1,-1,-2.01,-2.01,-3.9,54.04,63.08,63.08,-0.53,16.79,5.84,7.02,-21.98,1.026322,72,3.87,23.55,-3.78,-3.94,-29.54,-0.53,17.99,-12.84,1.16,-36,1.067407,84
24-09-2025,NYSE:ACM,AECOM Common Stock,17145,1103867,1.97,129.99,-2.21,1.73,4.38,5.39,13.56,26.29,17.74,22.12,0,0,0,0,0,-1,-1,-1,0,-1,-2.26,-2.26,-2.26,17.04,49.09,49.09,0.99,3.84,8.39,4.03,2.83,1.026155,72,5.39,8.64,14.72,-11.59,5.32,0.99,3.08,5.66,-6.49,-1.14,1.009005,53
24-09-2025,NASDAQ:PTON,"Peloton Interactive, Inc. - Common Stock",3364,10471033,5.25,8.25,2.74,1.45,4.85,8.97,20.48,11.64,-11.88,40.61,0,0,0,0,HV2Y,-1,-1,-1,-1,-1,-5.39,-5.39,-21.95,33.5,65,90.09,4.57,10.76,-6.26,-25.59,21.32,1.026079,72,8.97,12.65,-11.13,-26.61,46.91,4.57,7.09,-20.19,-21.51,40.45,1.031109,71
24-09-2025,NASDAQ:CYTK,"Cytokinetics, Incorporated - Common Stock",5778,3358056,5.28,48.29,-0.54,1.51,-7.68,23.36,31.44,7.74,3.21,-11.35,0,HVY,0,0,0,-1,-1,-1,-1,-1,-9.43,-9.43,-17.62,46.16,61.83,61.83,18.96,21.72,-10.16,-10.5,-30.64,1.026063,72,23.36,10.54,-34.55,-4.92,-15.04,18.96,4.98,-43.61,0.18,-21.5,1.128905,93
24-09-2025,NYSE:LHX,"L3Harris Technologies, Inc. Common Stock",53135,995110,1.45,284,-0.77,0.75,2.94,2.76,12.72,25.15,25.83,17.88,0,0,0,0,0,-1,-1,-1,21,-1,-0.77,-0.77,-0.77,15.07,41.85,45.9,-1.64,3,7.25,12.12,-1.41,1.026034,72,2.76,10.25,14.25,0.90,-10.71,-1.64,4.69,5.19,6,-17.17,1.005575,50
24-09-2025,NYSE:BB,BlackBerry Limited Common Stock,2539,8272501,3.31,4.27,0.00,6.09,11.48,12.18,-14.05,-1.64,30.21,44.26,0,0,0,0,HV2Y,-1,-1,-1,-1,-1,-12.32,-12.32,-29.65,19.27,48.78,89.78,7.78,-23.77,-19.54,16.5,24.97,1.026014,72,12.18,-29.87,10.88,31.34,20.13,7.78,-35.43,1.82,36.44,13.67,0.93964,6
24-09-2025,NASDAQ:CDNS,"Cadence Design Systems, Inc. - Common Stock",97268,1900588,2.71,356.96,-2.55,2.71,5.16,3.30,16.65,24.61,15.99,23.31,0,0,0,0,HV2Y,-1,-1,-1,-1,-1,-4.4,-4.4,-4.4,19.97,54.1,54.1,-1.1,6.93,6.71,2.28,4.02,1.025349,71,3.30,13.81,9.55,-11.43,8.71,-1.1,8.25,0.49,-6.33,2.25,1.013289,58
24-09-2025,NYSE:BSAC,Banco Santander - Chile ADS,12503,294221,1.93,26.53,-0.56,2.26,2.60,10.48,8.07,11.16,29.06,24.73,0,0,0,0,0,-1,-1,-1,-1,-1,-0.56,-0.56,-0.56,15.95,26.76,45.45,6.08,-1.65,-6.74,15.35,5.44,1.025185,71,10.48,-2.69,3.36,20.15,-6.11,6.08,-8.25,-5.7,25.25,-12.57,0.998711,43
24-09-2025,NASDAQ:BZAI,"Blaize Holdings, Inc. - Common Stock",407,2378875,9.07,3.97,5.87,14.36,15.87,2.77,35.77,21.41,NA,NA,0,0,0,0,0,-1,-1,-1,-1,-1,-20.44,-20.44,-69.67,68.94,97.51,97.51,-1.63,26.05,3.51,0,0,1.025126,71,2.77,33.94,-22.35,NA,NA,-1.63,28.38,-31.41,0,0,0.994381,38
24-09-2025,NASDAQ:FER,Ferrovial SE - Ordinary Shares,40788,440394,1.24,56.79,-0.92,-2.13,0.81,3.84,7.99,21.22,26.80,25.39,0,0,0,0,0,-1,-1,-1,-1,-1,-3.02,-3.02,-3.02,11.14,39.74,48.9,-0.56,-1.73,3.32,13.09,6.1,1.0251,71,3.84,4.32,14.37,7.09,-1.92,-0.56,-1.24,5.31,12.19,-8.38,0.987743,30
24-09-2025,NYSE:LYV,"Live Nation Entertainment, Inc. Common Stock",37594,2284282,2.04,162.08,-1.25,-4.50,-5.44,-2.32,9.80,21.63,18.44,36.06,0,0,0,0,0,-1,-1,-1,-1,-1,-6.88,-6.88,-6.88,12.9,36.42,56.39,-6.72,0.08,3.73,4.73,16.77,1.0251,71,-2.32,11.85,13.11,-4.07,21.60,-6.72,6.29,4.05,1.03,15.14,0.975994,20
24-09-2025,AMEX:GGN,"GAMCO Global Gold, Natural Resources & Income Trust",800,554776,1.08,5.12,-0.39,2.93,3.71,9.57,15.23,15.33,25.98,16.41,0,0,0,0,0,-1,-1,-1,-1,-1,-0.39,-0.39,-0.39,18.79,33.33,36.17,5.17,5.51,-2.57,12.27,-2.88,1.025086,71,9.57,6.26,0.12,12.57,-12.93,5.17,0.7,-8.94,17.67,-19.39,1.023128,65
24-09-2025,NYSE:GNW,Genworth Financial Inc Common Stock,3690,4404185,1.97,8.99,-0.33,4.56,4.89,3.89,14.02,20.69,22.58,23.47,0,0,HV2Y,HV2Y,0,-1,-1,-1,-1,-1,-0.44,-0.44,-0.44,23.83,46.9,46.9,-0.51,4.3,2.79,8.87,4.18,1.02492,71,3.89,10.53,7.76,2.38,1.15,-0.51,4.97,-1.3,7.48,-5.31,1.004738,49
24-09-2025,NASDAQ:TTWO,"Take-Two Interactive Software, Inc. - Common Stock",45033,1512623,2.22,244.12,-2.85,-2.62,0.03,5.03,1.02,10.72,25.70,39.05,0,0,0,HV2Y,HV2Y,-1,-1,-1,-1,34,-2.99,-2.99,-2.99,12.31,25.46,65.33,0.63,-8.7,-7.18,11.99,19.76,1.024879,71,5.03,-4.23,9.80,16.78,17.97,0.63,-9.79,0.74,21.88,11.51,0.960689,11
24-09-2025,NYSE:RBRK,"Rubrik, Inc. Class A Common Stock",15623,5559418,5.37,79.12,-2.87,6.61,-2.02,-11.01,-14.46,6.12,15.34,57.92,0,0,0,0,0,-1,-1,-1,-1,-1,-19.68,-20.67,-20.67,7.08,52.83,152.3,-15.41,-24.18,-11.78,1.63,38.63,1.024769,71,-11.01,-3.11,17.98,9.83,50.30,-15.41,-8.67,8.92,14.93,43.84,0.899942,2
24-09-2025,NYSE:AEG,Aegon Ltd. New York Registry Shares,12674,4729532,1.02,8.03,1.52,4.23,5.23,0.87,14.07,16.81,29.27,21.79,0,0,0,0,0,-1,-1,-1,-1,-1,0,0,0,16.72,45.74,45.74,-3.53,4.35,-1.09,15.56,2.5,1.024516,71,0.87,13.32,3.19,14.97,-10.56,-3.53,7.76,-5.87,20.07,-17.02,1.002665,46
24-09-2025,NYSE:BNS,Bank Nova Scotia Halifax Pfd 3 Ordinary Shares,79617,1902498,1.1,64.08,-0.45,-0.87,0.31,10.55,15.32,23.92,16.64,15.62,0,0,0,0,0,-1,-1,3,-1,-1,-1.31,-1.31,-1.31,18.1,43.81,43.81,6.15,5.6,6.02,2.93,-3.67,1.024394,71,10.55,5.34,10.15,-9.58,-1.22,6.15,-0.22,1.09,-4.48,-7.68,1.026574,68
24-09-2025,NYSE:HLLY,Holley Inc. Common Stock,388,1055774,6.32,3.22,-3.59,-2.48,7.14,-19.25,38.20,19.25,14.91,3.73,0,0,0,0,0,-1,-1,-1,-1,-1,-20.88,-20.88,-20.88,61.81,81.92,81.92,-23.65,28.48,1.35,1.2,-15.56,1.024349,71,-19.25,48.18,-30.65,-5.38,-13.14,-23.65,42.62,-39.71,-0.28,-19.6,1.086612,88
24-09-2025,NYSE:FHI,"Federated Hermes, Inc. Common Stock",3992,681370,1.78,51.47,-1.87,-2.10,-2.60,-3.15,15.50,19.93,20.79,30.10,0,0,0,0,0,-1,-1,-1,-1,-1,-4.86,-4.86,-4.86,18.35,43.57,43.57,-7.55,5.78,2.03,7.08,10.81,1.024334,71,-3.15,18.08,5.24,1.07,11.75,-7.55,12.52,-3.82,6.17,5.29,0.993946,37
24-09-2025,NASDAQ:PAX,Patria Investments Limited - Class A Common Shares,2355,614777,2.25,14.77,-3.34,-1.29,3.93,10.02,7.72,20.11,23.19,23.63,0,0,0,0,0,-1,-1,-1,-1,-1,-3.34,-3.34,-3.34,12.75,52.58,52.58,5.62,-2,2.21,9.48,4.34,1.024202,71,10.02,-2.56,13.43,3.86,0.57,5.62,-8.12,4.37,8.96,-5.89,0.997937,42
24-09-2025,NASDAQ:ACAD,ACADIA Pharmaceuticals Inc. - Common Stock,3587,2283521,3.16,23.6,-3.79,-1.53,-5.25,-9.07,5.04,26.99,28.35,30.42,0,0,0,0,0,-1,-1,-1,-1,-1,-11.18,-11.18,-11.18,13.03,67.38,67.38,-13.47,-4.68,9.09,14.64,11.13,1.024191,71,-9.07,12.94,23.11,1.86,2.90,-13.47,7.38,14.05,6.96,-3.56,0.96173,11
24-09-2025,NASDAQ:RGLD,"Royal Gold, Inc. - Common Stock",12472,986131,2.4,189.46,-1.28,0.72,1.73,7.87,6.75,15.43,29.22,24.20,0,0,0,0,0,-1,-1,6,-1,-1,-3.05,-3.05,-3.05,25.12,25.12,44.57,3.47,-2.97,-2.47,15.51,4.91,1.02395,71,7.87,-1.22,9.31,16.31,-7.09,3.47,-6.78,0.25,21.41,-13.55,0.991802,35
24-09-2025,NASDAQ:KMTS,"Kestra Medical Technologies, Ltd. - Common Stock",1266,374815,8.38,24.61,-4.39,3.58,26.09,28.00,28.16,-2.44,NA,NA,0,0,0,0,0,-1,-1,-1,-1,-1,-4.39,-4.39,-4.39,70.19,70.19,70.19,23.6,18.44,-20.34,0,0,1.023733,71,28.00,0.23,-42.59,NA,NA,23.6,-5.33,-51.65,0,0,1.036063,73
24-09-2025,NYSE:OIS,"Oil States International, Inc. Common Stock",370,453201,3.7,6.11,0.99,6.55,7.86,10.80,14.24,10.31,25.20,21.11,0,0,0,0,0,-1,-1,-1,-1,-1,0,0,0,25.2,88,88,6.4,4.52,-7.59,11.49,1.82,1.023725,71,10.80,3.85,-4.58,16.61,-5.47,6.4,-1.71,-13.64,21.71,-11.93,1.018362,62
24-09-2025,NYSE:FIGS,"FIGS, Inc. Class A Common Stock",1107,2070146,4.17,6.78,-1.02,-7.52,-0.59,-1.92,16.52,30.97,17.55,16.67,0,0,0,0,0,-1,-1,-1,-1,-1,-8.87,-8.87,-8.87,20.21,87.29,87.29,-6.32,6.8,13.07,3.84,-2.62,1.023505,71,-1.92,18.09,17.31,-19.44,-1.07,-6.32,12.53,8.25,-14.34,-7.53,1.01399,59
24-09-2025,NYSE:SNN,"Smith & Nephew SNATS, Inc. Common Stock",15707,702002,1.01,35.84,-0.72,-4.10,-5.92,-3.66,16.57,20.68,30.83,14.70,0,0,0,0,0,-1,-1,-1,12,-1,-7.39,-7.39,-7.39,22.2,43.53,50.02,-8.06,6.85,2.78,17.12,-4.59,1.023402,71,-3.66,19.52,4.92,12.80,-23.32,-8.06,13.96,-4.14,17.9,-29.78,1.011373,56
24-09-2025,NYSE:APG,APi Group Corporation Common Stock,14255,2635213,1.91,34.41,-2.49,-1.86,-1.10,-3.92,1.71,25.60,28.24,30.64,0,0,0,0,0,-1,-1,-1,-1,-1,-5.31,-5.31,-5.31,3.99,60.29,63.91,-8.32,-8.01,7.7,14.53,11.35,1.023377,71,-3.92,5.43,24.31,3.54,3.35,-8.32,-0.13,15.25,8.64,-3.11,0.960111,10
24-09-2025,NASDAQ:ETSY,"Etsy, Inc. - Common Stock",6348,5687050,4.25,64.05,2.26,5.36,9.73,10.40,17.17,25.34,10.79,15.83,0,0,0,0,0,-1,-1,-1,-1,-1,-8.62,-8.62,-8.62,27.69,56.99,56.99,6,7.45,7.44,-2.92,-3.46,1.023073,71,10.40,7.56,9.86,-19.49,5.65,6,2,0.8,-14.39,-0.81,1.033339,72
24-09-2025,NYSE:CPA,"Copa Holdings, S.A. Class A Common Stock",4918,252579,2.1,119.45,-2.36,1.40,3.78,2.80,11.78,19.46,25.83,23.37,0,0,0,0,0,-1,-1,-1,-1,3,-2.36,-2.36,-2.36,13.35,43.71,43.71,-1.6,2.06,1.56,12.12,4.08,1.023031,71,2.80,9.24,8.70,7.91,-3.31,-1.6,3.68,-0.36,13.01,-9.77,0.99735,41
24-09-2025,NYSE:TEN,Tsakos Energy Navigation Ltd Common Shares,699,502660,3.03,23.2,-0.98,-0.26,7.28,6.51,13.32,28.28,30.09,-7.93,0,0,0,0,0,-1,-1,-1,-1,-1,-0.98,-0.98,-12.98,22.82,67.99,67.99,2.11,3.6,10.38,16.38,-27.22,1.022826,71,6.51,7.28,17.26,2.52,-54.38,2.11,1.72,8.2,7.62,-60.84,1.040039,75
24-09-2025,NYSE:PFSI,"PennyMac Financial Services, Inc. Common Stock",6377,443223,2.56,123.32,0.15,-2.30,2.42,11.17,20.90,16.87,18.83,9.34,0,0,0,0,0,-1,-1,3,-1,-1,-3,-3,-3,32.4,38.13,38.13,6.77,11.18,-1.03,5.12,-9.95,1.022815,71,11.17,10.95,-5.08,2.35,-11.69,6.77,5.39,-14.14,7.45,-18.15,1.048466,78
24-09-2025,NASDAQ:LILAK,Liberty Latin America Ltd. - Class C Common Stock,1645,1221430,3.1,8.24,-1.32,2.55,6.43,-0.18,29.25,21.48,24.51,-14.68,0,0,0,0,0,-1,-1,-1,-1,-1,-2.6,-2.6,-19.53,41.34,81.5,81.5,-4.58,19.53,3.58,10.8,-33.97,1.022498,71,-0.18,29.38,-10.98,3.86,-51.93,-4.58,23.82,-20.04,8.96,-58.39,1.084782,88
24-09-2025,NYSE:AXL,"American Axle & Manufacturing Holdings, Inc. Common Stock",718,4056041,3.85,6.05,0.83,-3.47,1.98,2.81,31.90,25.62,2.64,-0.83,0,0,HVY,0,0,-1,-1,-1,-1,-1,-4.12,-4.12,-12.06,48.28,95.16,95.16,-1.59,22.18,7.72,-11.07,-20.12,1.022382,71,2.81,29.93,-9.22,-30.89,-3.57,-1.59,24.37,-18.28,-25.79,-10.03,1.088072,88
24-09-2025,NASDAQ:FFIV,"F5, Inc. - Common Stock",18640,442372,2.08,324.47,-0.07,0.20,-0.68,2.70,9.26,15.23,22.82,32.43,0,0,0,0,HV2Y,-1,-1,-1,14,-1,-3.02,-3.02,-3.02,12.24,35.62,51.93,-1.7,-0.46,-2.67,9.11,13.14,1.02216,71,2.70,6.74,6.58,8.96,12.45,-1.7,1.18,-2.48,14.06,5.99,0.982587,25
24-09-2025,NASDAQ:RRR,"Red Rock Resorts, Inc. - Class A Common Stock",6435,625965,2.26,61,-0.94,0.61,-0.84,-1.52,15.49,26.82,25.57,12.44,0,0,0,0,0,-1,-1,-1,-1,-1,-3.13,-3.13,-3.13,19.16,62.23,62.23,-5.92,5.77,8.92,11.86,-6.85,1.022156,71,-1.52,16.76,13.40,-1.70,-17.64,-5.92,11.2,4.34,3.4,-24.1,1.012979,57
24-09-2025,NYSE:PHIN,PHINIA Inc. Common Stock,2253,465152,2.28,57.9,-0.14,-1.04,-0.12,-1.97,24.75,21.55,17.94,13.59,0,0,0,0,0,-1,-1,-1,8,-1,-2.74,-2.74,-2.74,32.89,53.83,53.83,-6.37,15.03,3.65,4.23,-5.7,1.022011,71,-1.97,26.20,-4.25,-4.60,-5.30,-6.37,20.64,-13.31,0.5,-11.76,1.039082,74
24-09-2025,NYSE:HGTY,"Hagerty, Inc. Class A Common Stock",4176,238608,3.49,12.21,-0.65,-6.63,-2.13,11.30,17.77,23.34,13.02,12.69,0,0,HV2Y,0,0,-1,-1,5,-1,-1,-6.22,-6.22,-6.22,30.73,46.4,46.4,6.9,8.05,5.44,-0.69,-6.6,1.021935,70,11.30,7.29,6.77,-13.46,-0.38,6.9,1.73,-2.29,-8.36,-6.84,1.037759,74
24-09-2025,NYSE:RCUS,"Arcus Biosciences, Inc. Common Stock",1331,844671,4.92,12.51,0.97,3.84,6.31,18.86,31.10,32.85,-23.58,-31.73,0,0,0,0,0,-1,-1,6,-1,-1,-0.08,-0.08,-32.16,57.36,82.1,82.1,14.46,21.38,14.95,-37.29,-51.02,1.021869,70,18.86,15.07,2.55,-84.05,-6.60,14.46,9.51,-6.51,-78.95,-13.06,1.149193,95
24-09-2025,NYSE:SB,"Safe Bulkers, Inc Common Stock ($0.001 par value)",479,349992,2.18,4.68,2.41,2.56,4.27,7.48,21.37,20.30,25.21,-3.42,0,0,0,0,0,-1,-1,-1,-1,-1,0,0,-9.65,29.64,53.44,53.44,3.08,11.65,2.4,11.5,-22.71,1.021734,70,7.48,15.01,-1.36,6.17,-38.29,3.08,9.45,-10.42,11.27,-44.75,1.057047,81
24-09-2025,NASDAQ:FBNC,First Bancorp - Common Stock,2209,219047,2.1,53.28,0.11,0.36,-2.74,-1.30,20.87,22.79,18.26,18.13,0,0,0,0,HV2Y,-1,-1,-1,11,-1,-4.09,-4.09,-4.09,26.38,47.92,47.92,-5.7,11.15,4.89,4.55,-1.16,1.021708,70,-1.30,21.88,2.42,-5.86,-0.16,-5.7,16.32,-6.64,-0.76,-6.62,1.023337,66
24-09-2025,NASDAQ:COCO,"The Vita Coco Company, Inc. - Common Stock",2290,1199389,3.74,40.3,-2.16,-4.96,4.37,15.29,11.46,12.03,11.56,29.31,0,0,0,0,0,-1,-1,-1,-1,-1,-4.73,-4.73,-4.73,24.77,49.26,49.26,10.89,1.74,-5.87,-2.15,10.02,1.021606,70,15.29,-4.51,0.64,-0.54,20.06,10.89,-10.07,-8.42,4.56,13.6,1.012552,57
24-09-2025,NYSE:WELL,Welltower Inc. Common Stock,115254,3433998,1.57,170.97,-0.92,2.96,1.68,3.55,10.26,13.34,27.60,26.73,0,0,0,0,0,-1,-1,-1,-1,19,-0.92,-0.92,-0.92,13.44,25.26,38.88,-0.85,0.54,-4.56,13.89,7.44,1.021451,70,3.55,6.96,3.43,16.46,-1.20,-0.85,1.4,-5.63,21.56,-7.66,0.991573,35
24-09-2025,NYSE:GES,"Guess?, Inc. Common Stock",872,692001,0.48,16.74,-0.48,0.24,0.48,-0.36,28.26,30.17,15.65,-15.17,0,HV2Y,HV2Y,0,0,-1,-1,-1,-1,-1,-1.01,-1.01,-16.84,40.2,93.3,93.3,-4.76,18.54,12.27,1.94,-34.46,1.021323,70,-0.36,28.51,2.66,-20.79,-36.54,-4.76,22.95,-6.4,-15.69,-43,1.080263,87
24-09-2025,NASDAQ:NFLX,"Netflix, Inc. - Common Stock",511590,2900756,2.16,1203.95,-1.19,-2.04,-3.63,-1.17,-5.92,17.17,25.08,41.77,0,0,0,0,0,-1,-1,-1,-1,-1,-10.09,-10.09,-10.09,4.89,40.67,75.08,-5.57,-15.64,-0.73,11.37,22.48,1.021181,70,-1.17,-4.69,21.80,9.55,22.28,-5.57,-10.25,12.74,14.65,15.82,0.937196,5
24-09-2025,NYSE:LPG,Dorian LPG Ltd. Common Stock,1359,548224,2.31,31.86,-0.87,-0.53,0.85,0.41,20.56,27.37,27.28,-8.57,0,0,0,0,0,-1,-1,-1,11,-1,-2.57,-2.57,-12.35,30.68,83.74,83.74,-3.99,10.84,9.47,13.57,-27.86,1.02113,70,0.41,20.23,8.57,-0.13,-49.29,-3.99,14.67,-0.49,4.97,-55.75,1.050973,79
24-09-2025,NYSE:UWMC,UWM Holdings Corporation Class A Common Stock,10300,8296428,3.88,6.44,0.63,-4.35,-5.59,11.65,35.71,11.96,12.27,-30.75,0,HVQ,2,HV2Y,0,-1,-1,-1,-1,-1,-6.8,-6.8,-25.38,61.4,63.45,63.45,7.25,25.99,-5.94,-1.44,-50.04,1.020821,70,11.65,27.24,-36.96,0.35,-49.03,7.25,21.68,-46.02,5.45,-55.49,1.142258,94
24-09-2025,NYSE:CCO,"Clear Channel Outdoor Holdings, Inc. Common Stock",755,4163376,5.78,1.52,0.00,8.55,16.45,17.11,23.68,23.03,7.89,-8.55,0,0,0,0,0,-1,-1,-1,-1,-1,0,0,-8.43,49.02,78.82,78.82,12.71,13.96,5.13,-5.82,-27.84,1.020776,70,17.11,7.94,-0.86,-19.66,-17.86,12.71,2.38,-9.92,-14.56,-24.32,1.084108,88
24-09-2025,NYSE:BTI,"British American Tobacco  Industries, p.l.c. Common Stock ADR",114911,4383438,1.24,52.38,-1.52,-6.97,-7.41,-10.35,8.82,22.28,29.61,28.52,0,0,0,0,0,-1,-1,-1,-1,-1,-11.62,-11.62,-11.62,12.19,32.84,52.93,-14.75,-0.9,4.38,15.9,9.23,1.020623,70,-10.35,17.37,14.76,9.43,-1.55,-14.75,11.81,5.7,14.53,-8.01,0.96978,16
24-09-2025,NASDAQ:SNDX,"Syndax Pharmaceuticals, Inc. - Common Stock",1293,1989568,4.94,15.01,1.08,1.73,-4.80,-4.33,40.71,10.46,14.39,-21.72,0,0,HV2Y,0,HV2Y,-1,-1,-1,-1,-1,-11.91,-11.91,-31.18,71.94,71.94,71.94,-8.73,30.99,-7.44,0.68,-41.01,1.020608,70,-4.33,43.17,-51.01,4.39,-42.18,-8.73,37.61,-60.07,9.49,-48.64,1.140611,94
24-09-2025,NYSE:GL,Globe Life Inc. Common Stock,11608,508949,1.74,143.3,-2.22,0.35,2.99,2.73,15.27,9.35,26.09,25.85,0,0,0,0,HV2Y,-1,-1,-1,15,-1,-2.22,-2.22,-2.22,21.85,26.49,38.47,-1.67,5.55,-8.55,12.38,6.56,1.020532,70,2.73,12.89,-6.98,18.47,-0.33,-1.67,7.33,-16.04,23.57,-6.79,1.005264,49
24-09-2025,NYSE:GWRE,"Guidewire Software, Inc. Common Stock",20006,925581,2.85,236.67,-2.18,-4.34,-6.92,10.69,0.28,16.23,27.30,26.25,0,HVQ,0,0,HV2Y,-1,-1,-1,-1,-1,-9.63,-9.63,-9.63,13.85,37.02,41.94,6.29,-9.44,-1.67,13.59,6.96,1.020277,70,10.69,-11.66,15.99,13.22,-1.44,6.29,-17.22,6.93,18.32,-7.9,0.980147,23
24-09-2025,NYSE:CVE,Cenovus Energy Inc Common Stock,32054,18352788,2.89,17.81,2.65,2.08,4.27,6.23,23.41,19.37,19.43,3.93,0,0,0,HVY,0,-1,-1,-1,-1,-1,0,0,-3,30.96,68.34,68.34,1.83,13.69,1.47,5.72,-15.36,1.020176,70,6.23,18.32,-5.28,0.07,-19.23,1.83,12.76,-14.34,5.17,-25.69,1.054007,80
24-09-2025,NYSE:COF,Capital One Financial Corporation Common Stock,143469,2968055,1.99,224.34,0.59,-0.57,0.41,1.44,7.27,18.68,21.70,32.12,0,0,0,0,0,-1,-1,-1,-1,-1,-2.35,-2.35,-2.35,8.23,48.99,54.5,-2.96,-2.45,0.78,7.99,12.83,1.019948,70,1.44,5.91,12.30,3.72,13.31,-2.96,0.35,3.24,8.82,6.85,0.976976,20
24-09-2025,NYSE:GIL,"Gildan Activewear, Inc. Class A Sub. Vot. Common Stock",8471,968147,2.2,56.83,-0.94,4.52,4.58,3.80,17.58,20.57,17.70,19.55,0,HVY,HVY,0,0,-1,-1,-1,-1,-1,-0.94,-0.94,-0.94,21.33,50.82,50.82,-0.6,7.86,2.67,3.99,0.26,1.019796,70,3.80,14.32,3.63,-3.61,2.25,-0.6,8.76,-5.43,1.49,-4.21,1.018785,62
24-09-2025,NYSE:JCI,Johnson Controls International plc Ordinary Share,69718,4193236,2.18,106.54,-1.62,-0.82,-1.18,0.13,2.99,20.84,26.12,30.45,0,0,0,0,0,-1,-1,-1,-1,29,-4.65,-4.65,-4.65,3.2,49.76,49.76,-4.27,-6.73,2.94,12.41,11.16,1.01935,70,0.13,2.87,18.39,6.68,5.86,-4.27,-2.69,9.33,11.78,-0.6,0.967143,14
24-09-2025,NYSE:AX,"Axos Financial, Inc. Common Stock",4949,353960,2.25,87.61,-0.96,0.01,-4.83,-2.92,14.23,24.93,18.82,24.42,0,0,0,0,0,-1,-1,-1,-1,-1,-5.09,-5.09,-5.09,16.6,55.45,55.45,-7.32,4.51,7.03,5.11,5.13,1.019293,70,-2.92,16.67,12.47,-8.13,6.89,-7.32,11.11,3.41,-3.03,0.43,0.997354,41
24-09-2025,NASDAQ:SSYS,"Stratasys, Ltd. - Common Stock",992,1110535,4.43,11.66,-0.26,15.61,15.95,6.35,7.72,12.26,18.01,34.99,0,HV2Y,HV2Y,HV2Y,HV2Y,-1,-1,-1,-1,-1,-0.68,-0.68,-9.26,26.46,33.72,66.45,1.95,-2,-5.64,4.3,15.7,1.019276,70,6.35,1.47,4.93,6.55,20.71,1.95,-4.09,-4.13,11.65,14.25,0.982632,25
24-09-2025,NASDAQ:BRY,Berry Corporation (bry) - Common Stock,310,2526990,4.52,4,1.78,-2.75,19.00,22.00,30.00,16.00,5.00,-35.25,HV2Y,0,0,0,0,13.75,-1,-1,-1,-1,-2.68,-2.68,-28.32,44.4,84.33,84.33,17.6,20.28,-1.9,-8.71,-54.54,1.019094,70,22.00,10.26,-20.00,-13.10,-42.37,17.6,4.7,-29.06,-8,-48.83,1.137157,94
24-09-2025,NYSE:OSK,Oshkosh Corporation (Holding Company)Common Stock,8264,670662,2.24,129.13,-1.83,-3.66,-5.82,-10.32,14.93,23.24,27.06,22.13,0,0,0,HV2Y,HV2Y,-1,-1,-1,-1,-1,-9.98,-9.98,-9.98,17.55,63.1,63.1,-14.72,5.21,5.34,13.35,2.84,1.019062,70,-10.32,22.89,9.77,4.97,-6.75,-14.72,17.33,0.71,10.07,-13.21,0.991598,35
24-09-2025,NYSE:MD,"Pediatrix Medical Group, Inc. Common Stock",1440,753739,2.42,16.53,0.30,2.12,-0.24,-3.21,17.54,11.49,13.79,36.12,0,0,0,0,0,-1,-1,-1,-1,-1,-3.95,-3.95,-4.06,37.98,37.98,57.73,-7.61,7.82,-6.41,0.08,16.83,1.019023,70,-3.21,20.11,-7.34,2.60,25.89,-7.61,14.55,-16.4,7.7,19.43,0.996566,40
24-09-2025,NYSE:HG,"Hamilton Insurance Group, Ltd. Class B Common Shares",2442,455024,2.35,24.56,-0.04,4.07,3.99,4.48,14.58,12.74,22.80,24.59,0,0,0,0,0,-1,-1,-1,-1,-1,-0.12,-0.12,-0.12,19.63,40.66,44.13,0.08,4.86,-5.16,9.09,5.3,1.018834,70,4.48,10.57,-2.14,11.53,2.32,0.08,5.01,-11.2,16.63,-4.14,1.006264,51
24-09-2025,NASDAQ:ASND,Ascendis Pharma A/S - American Depositary Shares,11746,395008,3.04,193.28,-0.36,-3.26,-2.68,1.51,10.49,16.68,28.74,21.74,0,0,0,2,HV2Y,-1,-1,-1,-1,-1,-6.13,-6.13,-6.13,18.34,40.66,61.75,-2.89,0.77,-1.22,15.03,2.45,1.018763,70,1.51,9.12,6.91,14.47,-9.82,-2.89,3.56,-2.15,19.57,-16.28,0.994368,38
24-09-2025,NASDAQ:AMAT,"Applied Materials, Inc. - Common Stock",160476,8570987,2.31,200.87,0.17,13.61,18.60,19.11,10.30,22.86,17.63,2.07,0,0,0,HV2Y,0,-1,1,-1,-1,-1,0,0,-6.09,28.56,58.23,58.23,14.71,0.58,4.96,3.92,-17.22,1.018697,70,19.11,-10.89,14.00,-6.78,-18.89,14.71,-16.45,4.94,-1.68,-25.35,1.040376,75
24-09-2025,NASDAQ:BEAM,Beam Therapeutics Inc. - Common Stock,2386,3021870,7.37,23.59,-0.59,4.83,15.73,30.31,28.95,1.57,-13.82,-8.73,0,HVQ,0,0,0,-1,4,-1,-1,-1,-6.02,-6.02,-30.8,47.35,62.24,62.24,25.91,19.23,-16.33,-27.53,-28.02,1.018625,70,30.31,-1.95,-38.54,-15.63,4.47,25.91,-7.51,-47.6,-10.53,-1.99,1.136953,94
24-09-2025,NYSE:SPIR,"Spire Global, Inc. Class A Common Stock",381,467468,5.15,11.68,-2.67,14.30,23.46,23.46,16.01,20.89,-7.28,11.99,0,0,0,2,2,-1,-1,-1,-1,-1,-6.49,-6.49,-43.79,35.19,56.15,56.15,19.06,6.29,2.99,-20.99,-7.3,1.018132,70,23.46,-9.73,5.81,-35.61,17.96,19.06,-15.29,-3.25,-30.51,11.5,1.063144,83
24-09-2025,NASDAQ:DRS,"Leonardo DRS, Inc. - Common Stock",11324,959028,2.66,42.55,-1.28,2.37,3.31,3.57,-2.16,19.27,24.91,33.23,0,0,0,0,0,-1,-1,-1,-1,-1,-12.16,-12.16,-12.16,5.5,41.13,56.66,-0.83,-11.88,1.37,11.2,13.94,1.017859,69,3.57,-5.95,20.98,6.99,11.08,-0.83,-11.51,11.92,12.09,4.62,0.958745,10
24-09-2025,NASDAQ:ROKU,"Roku, Inc. - Class A Common Stock",14469,3291468,3.45,98.21,-0.80,-0.13,3.33,4.30,14.85,16.78,20.14,22.59,0,0,0,0,0,-1,-1,-1,-1,-1,-3.51,-3.51,-3.51,22.79,78.24,78.24,-0.1,5.13,-1.12,6.43,3.3,1.01765,69,4.30,11.02,2.27,4.04,3.07,-0.1,5.46,-6.79,9.14,-3.39,1.008576,53
24-09-2025,NASDAQ:ORLY,"O'Reilly Automotive, Inc. - Common Stock",87794,4867291,1.64,103.47,-0.25,-1.04,-1.59,0.97,15.11,11.38,21.76,28.54,0,0,0,0,0,-1,-1,-1,10,-1,-4.03,-4.03,-4.03,17.79,18.01,39.94,-3.43,5.39,-6.52,8.05,9.25,1.017626,69,0.97,14.28,-4.39,11.71,8.67,-3.43,8.72,-13.45,16.81,2.21,0.999647,44
24-09-2025,NYSE:ORA,"Ormat Technologies, Inc. Common Stock",5638,492795,1.67,92.84,-1.00,0.32,1.93,0.20,8.07,23.29,27.70,18.64,0,0,0,0,0,-1,-1,-1,-1,4,-2.12,-2.12,-2.12,10.84,39.82,48.62,-4.2,-1.65,5.39,13.99,-0.65,1.017181,69,0.20,7.88,16.56,5.76,-12.53,-4.2,2.32,7.5,10.86,-18.99,0.990296,33
24-09-2025,NYSE:CSTM,Constellium SE Ordinary Shares (France),2085,1186501,3.89,14.94,-1.19,-2.01,3.01,4.28,12.85,24.56,32.33,-8.57,0,0,0,0,0,-1,-1,-1,-1,-1,-8.68,-8.68,-11.28,14.75,94.03,94.03,-0.12,3.13,6.66,18.62,-27.86,1.017087,69,4.28,8.95,13.44,10.29,-60.44,-0.12,3.39,4.38,15.39,-66.9,1.037271,73
24-09-2025,NYSE:DHT,"DHT Holdings, Inc.",2020,1993676,2.55,12.58,-1.33,-2.94,3.97,8.35,10.33,13.59,29.33,14.23,0,0,0,0,0,-1,-1,6,-1,-1,-2.86,-2.86,-2.86,17.35,33.12,41.51,3.95,0.61,-4.31,15.62,-5.06,1.017003,69,8.35,2.17,3.63,18.22,-21.37,3.95,-3.39,-5.43,23.32,-27.83,1.011663,56
24-09-2025,AMEX:OBE,Obsidian Energy Ltd. Common Shares,446,307219,3.65,6.64,2.79,4.22,6.33,8.43,17.62,9.94,25.60,11.90,0,0,0,HV2Y,HV2Y,-1,-1,-1,-1,-1,0,0,0,23.88,68.1,68.1,4.03,7.9,-7.96,11.89,-7.39,1.016845,69,8.43,10.03,-9.32,17.39,-18.42,4.03,4.47,-18.38,22.49,-24.88,1.033729,72
24-09-2025,NASDAQ:ORIC,"Oric Pharmaceuticals, Inc. - Common Stock",1016,1353211,5.4,10.46,-0.19,-0.57,-0.57,8.03,2.20,35.47,26.48,-7.55,0,0,HV2Y,HV2Y,0,-1,-1,-1,-1,-1,-11.36,-11.36,-16.59,13.7,145.83,145.83,3.63,-7.52,17.57,12.77,-26.84,1.016773,69,8.03,-6.34,34.02,-13.93,-46.29,3.63,-11.9,24.96,-8.83,-52.75,1.019741,63
24-09-2025,NYSE:YMM,Full Truck Alliance Co. Ltd. American Depositary Shares (each representing 20 Class A Ordinary Shares),13646,8673252,2.6,13.15,0.08,-5.55,-1.83,2.36,8.21,1.22,16.96,42.21,0,0,0,0,HV2Y,-1,-1,-1,-1,-1,-5.26,-5.26,-5.26,23.36,35.99,73.03,-2.04,-1.51,-16.68,3.25,22.92,1.016632,69,2.36,6.00,-7.62,15.94,30.40,-2.04,0.44,-16.68,21.04,23.94,0.973506,18
24-09-2025,NASDAQ:IMNM,"Immunome, Inc. - Common Stock",975,1478145,8.09,11.2,6.06,19.73,19.64,11.43,22.50,37.95,1.07,-33.84,0,0,0,0,0,-1,-1,-1,-1,-1,-2.18,-2.18,-25.28,33.33,101.44,101.44,7.03,12.78,20.05,-12.64,-53.13,1.016626,69,11.43,12.50,19.93,-59.42,-35.29,7.03,6.94,10.87,-54.32,-41.75,1.101427,90
24-09-2025,NYSE:NAT,Nordic American Tankers Limited Common Stock,699,2493803,3.02,3.3,-1.49,-0.30,3.33,8.79,17.58,23.03,25.15,-9.70,0,0,0,0,0,-1,-1,-1,-1,-1,-1.49,-1.49,-13.39,26.44,49.32,49.32,4.39,7.86,5.13,11.44,-28.99,1.016383,69,8.79,9.63,6.62,2.76,-46.56,4.39,4.07,-2.44,7.86,-53.02,1.053917,80
24-09-2025,NYSE:RY,Royal Bank Of Canada Common Stock,206927,963296,1.07,147.28,-0.52,0.64,2.13,7.50,13.04,20.80,18.71,17.22,0,0,0,0,0,-1,-1,5,-1,-1,-0.89,-0.89,-0.89,15,35.92,35.92,3.1,3.32,2.9,5,-2.07,1.016342,69,7.50,5.99,8.92,-2.63,-1.84,3.1,0.43,-0.14,2.47,-8.3,1.013708,58
24-09-2025,NYSE:NIQ,NIQ Global Intelligence plc Ordinary Shares,4658,1255029,3.65,15.79,-5.45,-16.85,-8.61,-6.46,20.30,21.88,20.84,17.29,0,0,HV2Y,0,0,-1,-1,-1,-1,-1,-20.01,-20.01,-20.01,25.47,28.37,32.69,-10.86,10.58,3.98,7.13,-2,1.016208,69,-6.46,25.13,1.99,-1.34,-4.48,-10.86,19.57,-7.07,3.76,-10.94,1.015957,60
24-09-2025,NYSE:EHC,Encompass Health Corporation Common Stock,12673,646369,1.6,125.82,-0.75,1.22,0.97,2.89,4.09,19.83,25.43,26.36,0,0,0,0,0,-1,-1,-1,5,-1,-0.77,-0.77,-0.77,17.45,30.9,38.19,-1.51,-5.63,1.93,11.72,7.07,1.016123,69,2.89,1.24,16.41,6.98,1.26,-1.51,-4.32,7.35,12.08,-5.2,0.976983,20
24-09-2025,NYSE:JKS,JinkoSolar Holding Company Limited American Depositary Shares (each representing 4 Common Shares),1209,614465,4.7,25.51,5.76,0.67,4.70,6.74,19.68,18.86,5.84,22.62,0,0,HVQ,0,HV2Y,-1,-1,-1,-1,-1,-3.08,-3.08,-22.15,24.5,83.79,83.79,2.34,9.96,0.96,-7.87,3.33,1.016096,69,6.74,13.87,-1.02,-16.04,17.82,2.34,8.31,-10.08,-10.94,11.36,1.029992,70
24-09-2025,NYSE:COR,"Cencora, Inc. Common Stock",59784,1745890,2.08,308.36,1.97,6.25,3.90,6.51,5.20,12.93,26.62,26.02,0,0,0,0,0,-1,-1,-1,-1,-1,0,0,0,10.76,14.85,40.48,2.11,-4.52,-4.97,12.91,6.73,1.015478,69,6.51,-1.39,8.16,15.72,-0.81,2.11,-6.95,-0.9,20.82,-7.27,0.984533,27
24-09-2025,NASDAQ:HTHT,H World Group Limited - American Depositary Shares,11610,2211481,2.35,39.97,4.50,4.38,7.26,10.81,14.81,6.60,17.01,25.42,0,0,0,0,0,-1,-1,8,-1,-1,0,0,-4.22,31.14,31.14,34.9,6.41,5.09,-11.3,3.3,6.13,1.01537,69,10.81,4.49,-9.63,11.14,10.13,6.41,-1.07,-18.69,16.24,3.67,1.016867,61
24-09-2025,NYSE:ATI,ATI Inc. Common Stock,10614,1656493,2.99,77.01,-1.38,-1.86,0.81,4.99,-7.77,29.57,29.58,17.10,0,0,0,0,HV2Y,-1,-1,-1,-1,-1,-19.38,-19.38,-19.38,7.95,83.49,83.49,0.59,-17.49,11.67,15.87,-2.19,1.015319,69,4.99,-13.42,34.64,0.02,-17.72,0.59,-18.98,25.58,5.12,-24.18,0.969934,16
24-09-2025,NYSE:WSM,"Williams-Sonoma, Inc. Common Stock (DE)",24406,1247894,2.83,200.39,0.00,1.89,-1.14,1.21,20.70,15.58,10.38,25.74,0,0,0,0,0,-1,-1,-1,-1,-1,-4.67,-4.67,-7.96,26.11,45.61,55.18,-3.19,10.98,-2.32,-3.33,6.45,1.015261,69,1.21,19.73,-6.46,-6.16,17.14,-3.19,14.17,-15.52,-1.06,10.68,1.021222,64
24-09-2025,NYSE:YEXT,"Yext, Inc. Common Stock",1073,1165200,2.3,8.71,-1.47,-0.57,2.64,-3.90,5.05,24.34,26.98,23.88,0,0,HV2Y,HV2Y,HV2Y,-1,-1,-1,-1,-1,-4.91,-4.91,-4.91,12.68,55.26,55.26,-8.3,-4.67,6.44,13.27,4.59,1.014805,69,-3.90,8.62,20.31,3.49,-4.25,-8.3,3.06,11.25,8.59,-10.71,0.973687,18
24-09-2025,NASDAQ:DGII,Digi International Inc. - Common Stock,1376,225137,3.01,37.06,-1.41,2.05,7.85,9.61,7.47,19.59,12.98,27.33,0,0,0,0,0,-1,-1,-1,-1,-1,-2.76,-2.76,-2.76,19.01,60.22,60.22,5.21,-2.25,1.69,-0.73,8.04,1.014803,69,9.61,-2.36,13.09,-8.22,16.50,5.21,-7.92,4.03,-3.12,10.04,0.995881,40
24-09-2025,NYSE:TNL,Travel   Leisure Co. Common  Stock,3920,635674,1.92,60.38,-1.03,-1.13,-1.89,-2.72,16.51,19.77,15.58,26.30,0,0,0,0,0,-1,-1,-1,-1,-1,-4.84,-4.84,-4.84,19.78,55.7,55.7,-7.12,6.79,1.87,1.87,7.01,1.014749,69,-2.72,18.72,3.91,-5.22,12.69,-7.12,13.16,-5.15,-0.12,6.23,1.002114,46
24-09-2025,NYSE:ULS,UL Solutions Inc. Class A Common Stock,13560,740384,2.56,67.5,-1.93,0.06,3.13,7.21,-4.62,18.89,26.74,28.15,0,0,0,0,0,-1,-1,-1,-1,-1,-7.75,-7.75,-7.75,7.78,27.17,39.18,2.81,-14.34,0.99,13.03,8.86,1.014741,69,7.21,-12.76,22.47,9.68,1.92,2.81,-18.32,13.41,14.78,-4.54,0.964105,13
24-09-2025,NASDAQ:TASK,"TaskUs, Inc. - Class A Common Stock",1620,590157,1.49,18.03,1.75,2.44,4.77,3.44,6.66,25.46,10.76,29.95,0,0,0,HV2Y,0,-1,-1,-1,26,-1,-0.99,-0.99,-4.8,7.77,55.83,55.83,-0.96,-3.06,7.56,-2.95,10.66,1.014712,69,3.44,3.33,20.14,-19.72,21.50,-0.96,-2.23,11.08,-14.62,15.04,0.986106,28
24-09-2025,NASDAQ:KALV,"KalVista Pharmaceuticals, Inc. - Common Stock",653,1075920,6.49,12.93,-0.69,-3.48,-19.03,-0.46,9.67,3.33,37.43,18.87,0,0,HV2Y,0,0,-1,-1,-1,-1,-1,-19.24,-19.24,-19.24,14.37,25.29,74.73,-4.86,-0.05,-14.57,23.72,-0.42,1.014469,69,-0.46,10.08,-7.02,35.28,-29.67,-4.86,4.52,-16.08,40.38,-36.13,0.99942,43
24-09-2025,NYSE:NSC,Norfolk Southern Corporation Common Stock,65808,1935317,1.44,293.32,0.42,5.22,7.15,5.43,12.99,20.22,21.38,15.50,0,0,0,0,0,-1,-1,-1,-1,-1,0,0,0,14.93,42.15,42.15,1.03,3.27,2.32,7.67,-3.79,1.014447,69,5.43,8.00,8.31,1.45,-7.48,1.03,2.44,-0.75,6.55,-13.94,1.011876,56
24-09-2025,NYSE:VLRS,"Controladora Vuela Compania de Aviacion, S.A.B. de C.V. American Depositary Shares, each representing ten (10) Ordinary Participation Certificates",801,478613,3.05,6.68,-2.62,1.35,7.19,9.58,35.18,16.02,-21.26,3.44,0,0,0,0,0,-1,-1,-1,-1,-1,-3.19,-3.19,-25.2,54.27,86.07,86.07,5.18,25.46,-1.88,-34.97,-15.85,1.014007,69,9.58,28.31,-29.56,-44.39,20.37,5.18,22.75,-38.62,-39.29,13.91,1.118311,92
24-09-2025,NASDAQ:LILA,Liberty Latin America Ltd. - Class A Common Stock,1640,383687,3.17,8.07,-1.59,1.98,6.20,-0.12,29.24,18.59,22.43,-18.59,0,0,0,0,0,-1,-1,-1,-1,-1,-2.77,-2.77,-22.4,41.33,79.33,79.33,-4.52,19.52,0.69,8.72,-37.88,1.013933,69,-0.12,29.33,-15.06,4.72,-52.88,-4.52,23.77,-24.12,9.82,-59.34,1.088342,88
24-09-2025,NASDAQ:SHC,Sotera Health Company - Common Stock,4457,2605910,3.13,15.69,-1.94,-3.57,-0.32,-4.46,29.00,23.96,15.42,-6.18,0,0,HVQ,0,0,-1,-1,-1,-1,-1,-4.91,-4.91,-6.77,42.51,60.1,60.1,-8.86,19.28,6.06,1.71,-25.47,1.013797,69,-4.46,32.03,-7.09,-11.23,-25.55,-8.86,26.47,-16.15,-6.13,-32.01,1.069244,85
24-09-2025,NASDAQ:NTRS,Northern Trust Corporation - Common Stock,24767,1148626,1.98,129.51,-0.77,0.04,1.89,-0.85,4.41,21.55,22.39,29.04,0,0,HV2Y,HV2Y,0,-1,-1,-1,-1,-1,-2.05,-2.05,-2.05,5.32,53.36,53.36,-5.25,-5.31,3.65,8.68,9.75,1.013614,69,-0.85,5.21,17.93,1.07,8.57,-5.25,-0.35,8.87,6.17,2.11,0.971065,16
24-09-2025,AMEX:VENU,Venu Holding Corporation Common Stock,586,288324,5.71,13.44,4.27,6.25,11.46,-8.93,12.95,33.41,26.93,NA,0,0,0,0,0,-1,-1,-1,-1,-1,-25.75,-25.75,-25.75,18.73,84.36,84.36,-13.33,3.23,15.51,13.22,0,1.013434,68,-8.93,20.08,23.50,-9.72,NA,-13.33,14.52,14.44,-4.62,0,0.911341,3
24-09-2025,NYSE:KRC,Kilroy Realty Corporation Common Stock,5295,1470129,2.08,43.68,-1.47,-0.09,3.62,7.33,21.89,19.71,10.92,8.45,0,0,0,0,0,-1,-1,3,-1,-1,-1.71,-1.71,-1.71,28.02,54.24,54.24,2.93,12.17,1.81,-2.79,-10.84,1.013002,68,7.33,15.71,-2.78,-10.95,-2.78,2.93,10.15,-11.84,-5.85,-9.24,1.047575,78
24-09-2025,NYSE:CRC,California Resources Corporation Common Stock,4697,1196475,3.37,56.12,1.93,-3.03,5.88,11.08,19.78,21.61,9.16,5.83,0,0,0,0,0,-1,-1,-1,-1,-1,-2.94,-2.94,-5.82,24.66,73.21,73.21,6.68,10.06,3.71,-4.55,-13.46,1.012962,68,11.08,9.78,2.29,-15.89,-3.67,6.68,4.22,-6.77,-10.79,-10.13,1.049603,78
24-09-2025,NASDAQ:FAST,Fastenal Company - Common Stock,54559,6005682,1.96,47.54,-0.94,0.88,-0.90,-5.74,13.50,18.92,22.14,25.59,0,0,0,0,0,-1,-1,-1,-1,-1,-5.66,-5.66,-5.66,15.61,33.54,35.85,-10.14,3.78,1.02,8.43,6.3,1.012801,68,-5.74,18.20,6.26,3.97,4.43,-10.14,12.64,-2.8,9.07,-2.03,0.989655,32
24-09-2025,NASDAQ:PDD,PDD Holdings Inc. - American Depositary Shares,178485,9912714,2.42,130.96,1.90,-2.98,4.80,2.10,18.19,4.36,22.88,23.72,0,0,0,0,0,-1,-1,-1,2,-1,-2.89,-2.89,-15.11,27.88,48.23,48.23,-2.3,8.47,-13.54,9.17,4.43,1.012722,68,2.10,16.43,-16.90,19.36,1.09,-2.3,10.87,-25.96,24.46,-5.37,1.016415,61
24-09-2025,NYSE:EBS,Emergent BioSolutions Inc. Common Stock,442,970378,4.58,8.29,1.34,6.03,3.86,-10.98,18.94,33.66,2.77,20.99,0,0,0,0,HV2Y,-1,-1,-1,-1,-1,-11.05,-11.05,-30.74,47.25,94.6,94.6,-15.38,9.22,15.76,-10.94,1.7,1.01264,68,-10.98,26.96,18.15,-46.55,18.73,-15.38,21.4,9.09,-41.45,12.27,1.016541,61
24-09-2025,NASDAQ:TRIP,"TripAdvisor, Inc. - Common Stock",1971,2600820,4.63,16.97,-7.42,-9.07,-4.66,-0.35,26.34,9.66,18.15,12.20,0,0,0,0,0,-1,-1,-1,-1,-1,-11.34,-11.34,-11.34,35.76,59.04,59.04,-4.75,16.62,-8.24,4.44,-7.09,1.012449,68,-0.35,26.60,-22.64,9.39,-7.27,-4.75,21.04,-31.7,14.49,-13.73,1.049851,78
24-09-2025,NYSE:R,"Ryder System, Inc. Common Stock",7529,277528,1.89,184.58,-1.11,-0.01,-1.02,0.26,15.55,21.51,15.67,20.90,0,0,0,0,0,-1,-1,-1,17,-1,-2.63,-2.63,-2.63,18.41,41.83,41.83,-4.14,5.83,3.61,1.96,1.61,1.01241,68,0.26,15.33,7.06,-7.45,6.21,-4.14,9.77,-2,-2.35,-0.25,1.008026,53
24-09-2025,NYSE:NMR,Nomura Holdings Inc ADR American Depositary Shares,21827,402914,1.15,7.35,-1.61,-1.90,-1.50,0.68,15.51,9.39,22.59,24.90,0,0,0,0,0,-1,-1,-1,-1,-1,-2.78,-2.78,-2.78,18.36,48.48,48.48,-3.72,5.79,-8.51,8.88,5.61,1.012279,68,0.68,14.93,-7.25,14.56,2.99,-3.72,9.37,-16.31,19.66,-3.47,1.004204,48
24-09-2025,NYSE:LNC,Lincoln National Corporation Common Stock,7727,2087269,2.35,40.76,0.52,3.43,-1.94,-2.80,19.21,7.53,24.68,21.66,0,0,0,0,0,-1,-1,-1,-1,-1,-5.84,-5.84,-5.84,23.78,40.79,40.79,-7.2,9.49,-10.37,10.97,2.37,1.011907,68,-2.80,21.41,-14.45,18.55,-4.01,-7.2,15.85,-23.51,23.65,-10.47,1.014677,59
24-09-2025,NYSE:LRN,"Stride, Inc. Common Stock",6309,811814,3.48,144.61,1.64,4.20,-9.27,-15.05,2.16,12.09,26.64,41.20,0,0,0,0,HV2Y,-1,-1,-1,-1,-1,-14.84,-14.84,-14.84,12.77,16.2,125.81,-19.45,-7.56,-5.81,12.93,21.91,1.011831,68,-15.05,14.96,10.14,16.56,19.84,-19.45,9.4,1.08,21.66,13.38,0.937938,5
24-09-2025,NASDAQ:ADTN,"ADTRAN Holdings, Inc. - Common Stock",755,2371180,4.66,9.56,-0.93,7.32,-8.47,4.08,9.21,1.36,15.06,38.91,0,0,0,0,HV2Y,-1,-1,-1,-1,-1,-9.9,-9.9,-19.19,18.17,33.15,70.11,-0.32,-0.51,-16.54,1.35,19.62,1.011556,68,4.08,5.34,-8.64,13.89,28.08,-0.32,-0.22,-17.7,18.99,21.62,0.981626,24
24-09-2025,NASDAQ:CSIQ,Canadian Solar Inc. - Common Shares,867,2064794,6.81,12.95,4.69,4.86,16.41,12.05,16.45,24.63,16.91,-8.49,0,0,0,HV2Y,HV2Y,-1,-1,-1,-1,-1,-8.09,-8.09,-25.87,36.17,91.57,91.57,7.65,6.73,6.73,3.2,-27.78,1.011348,68,12.05,5.00,9.80,-10.25,-30.58,7.65,-0.56,0.74,-5.15,-37.04,1.053559,80
24-09-2025,NASDAQ:AIIO,Robo.ai Inc. - Class B Ordinary Shares,593,7723377,25.38,1.84,8.24,7.61,14.67,39.67,NA,NA,NA,NA,0,0,0,0,0,NA,-1,-1,-1,-1,-5.64,-5.64,-5.64,70.37,70.37,70.37,35.27,0,0,0,0,1.011295,68,39.67,NA,NA,NA,NA,35.27,0,0,0,0,1.070528,85
24-09-2025,NYSE:WFC,Wells Fargo & Company Common Stock,269441,14996291,2.13,84.11,-0.31,1.94,4.53,4.66,5.99,11.73,18.14,33.08,0,0,0,0,HV2Y,-1,-1,-1,-1,-1,-1.23,-1.23,-1.23,9.16,37.93,56.89,0.26,-3.73,-6.17,4.43,13.79,1.011262,68,4.66,1.40,6.11,7.26,18.24,0.26,-4.16,-2.95,12.36,11.78,0.978029,21
24-09-2025,NASDAQ:VRNS,"Varonis Systems, Inc. - Common Stock",6511,1446631,2.76,58.11,-0.33,1.98,3.08,0.26,13.70,27.65,22.47,3.84,0,0,0,0,HV2Y,-1,-1,-1,-1,-1,-2.87,-2.87,-3.12,17.22,53.08,53.08,-4.14,3.98,9.75,8.76,-15.45,1.011074,68,0.26,13.47,16.17,-7.16,-24.04,-4.14,7.91,7.11,-2.06,-30.5,1.01919,63
24-09-2025,NASDAQ:AMD,"Advanced Micro Devices, Inc. - Common Stock",261083,44488158,3.22,160.9,0.69,0.27,3.16,-4.26,13.97,29.24,24.54,2.59,0,0,0,0,0,-1,-1,-1,-1,-1,-12.75,-12.75,-12.75,19.36,105.73,105.73,-8.66,4.25,11.34,10.83,-16.7,1.010905,68,-4.26,17.48,17.76,-6.64,-29.10,-8.66,11.92,8.7,-1.54,-35.56,1.016191,60
24-09-2025,NYSE:ITT,ITT Inc. Common Stock,13729,417729,2.05,176.01,-0.77,-1.96,1.11,3.56,12.06,20.76,19.02,17.90,0,0,0,0,0,-1,-1,-1,11,-1,-3.76,-3.76,-3.76,13.72,56.22,56.22,-0.84,2.34,2.86,5.31,-1.39,1.01071,68,3.56,8.82,9.89,-2.19,-1.39,-0.84,3.26,0.83,2.91,-7.85,1.005096,49
24-09-2025,NASDAQ:BTBT,"Bit Digital, Inc. - Ordinary Share",1013,25003475,6.71,3.15,1.94,3.81,5.87,11.75,25.40,24.76,-7.62,-0.63,0,0,HV2Y,0,HV2Y,-1,-1,-1,-1,-1,-21.45,-21.45,-42.93,58.29,82.08,82.08,7.35,15.68,6.86,-21.33,-19.92,1.010466,68,11.75,15.47,-0.85,-43.04,6.49,7.35,9.91,-9.91,-37.94,0.03,1.080933,87
24-09-2025,NASDAQ:VLY,Valley National Bancorp - Common Stock,6023,8730119,2.37,10.76,-0.46,0.37,0.46,4.65,18.40,15.33,16.26,15.80,0,0,0,0,0,-1,-1,-1,-1,-1,-3.06,-3.06,-3.06,22.55,36.72,36.72,0.25,8.68,-2.57,2.55,-3.49,1.010351,68,4.65,14.42,-3.76,1.10,-0.55,0.25,8.86,-12.82,6.2,-7.01,1.025834,67
24-09-2025,NYSE:AN,"AutoNation, Inc. Common Stock",8315,458603,1.8,220.41,0.49,0.23,-2.08,0.73,8.79,20.51,24.14,19.09,0,0,0,0,0,-1,-1,-1,7,-1,-2.98,-2.98,-2.98,16.45,41.55,41.77,-3.67,-0.93,2.61,10.43,-0.2,1.010242,68,0.73,8.12,12.84,4.57,-6.65,-3.67,2.56,3.78,9.67,-13.11,0.991903,35
24-09-2025,NYSE:ABCB,Ameris Bancorp Common Stock,5124,440088,1.9,75,-0.16,1.65,2.16,3.95,15.64,20.89,17.23,13.15,0,0,0,0,0,-1,-1,-1,1,-1,-1.85,-1.85,-1.85,18.76,47.96,47.96,-0.45,5.92,2.99,3.52,-6.14,1.010152,68,3.95,12.17,6.23,-4.64,-4.93,-0.45,6.61,-2.83,0.46,-11.39,1.019492,63
24-09-2025,NYSE:GEL,"Genesis Energy, L.P. Common Units",2028,469311,2.67,16.56,0.61,1.21,-0.12,-2.72,0.97,3.20,40.10,22.10,0,0,0,0,0,-1,-1,-1,-1,-1,-5.26,-5.26,-5.26,5.14,32.48,66.94,-7.12,-8.75,-14.7,26.39,2.81,1.009843,68,-2.72,3.59,2.26,38.12,-30.04,-7.12,-1.97,-6.8,43.22,-36.5,0.974486,19
24-09-2025,NASDAQ:ANGO,"AngioDynamics, Inc. - Common Stock",436,371278,3.04,10.79,0.56,2.87,-2.04,12.42,6.30,6.58,17.24,28.64,0,0,0,HV2Y,HV2Y,-1,-1,-1,-1,-1,-2,-3.14,-16.62,28.45,28.45,83.5,8.02,-3.42,-11.32,3.53,9.35,1.00981,68,12.42,-6.98,0.30,11.41,13.77,8.02,-12.54,-8.76,16.51,7.31,0.994708,38
24-09-2025,NYSE:CRH,CRH PLC Ordinary Shares,75741,3777536,1.82,112.6,-1.31,1.20,1.19,0.01,21.25,12.42,17.35,17.50,0,0,0,0,0,-1,-1,-1,17,-1,-1.85,-1.85,-1.85,26.99,40.14,40.14,-4.39,11.53,-5.48,3.64,-1.79,1.009649,68,0.01,21.25,-11.21,5.63,0.18,-4.39,15.69,-20.27,10.73,-6.28,1.027286,68
24-09-2025,NYSE:ECVT,Ecovyst Inc. Common Stock,1008,1921971,3.03,8.81,-0.34,-4.99,-4.31,-3.06,4.43,27.70,17.14,26.22,0,0,0,0,0,-1,-1,-1,-1,-1,-5.98,-5.98,-5.98,15.92,65.29,65.29,-7.46,-5.29,9.8,3.43,6.93,1.009553,68,-3.06,7.27,24.35,-14.60,10.96,-7.46,1.71,15.29,-9.5,4.5,0.974692,19
24-09-2025,NYSE:HLI,"Houlihan Lokey, Inc. Class A Common Stock",14460,432180,2.15,205.58,-1.73,0.57,2.26,4.49,11.86,18.31,15.97,22.03,0,0,0,0,0,-1,-1,-1,-1,-1,-1.73,-1.73,-1.73,14.24,45.19,45.19,0.09,2.14,0.41,2.26,2.74,1.009357,68,4.49,7.72,7.31,-2.86,7.20,0.09,2.16,-1.75,2.24,0.74,1.002467,46
24-09-2025,NASDAQ:AIP,"Arteris, Inc.  - Common Stock",429,520079,4.89,10.25,-1.82,10.93,14.93,2.73,12.00,21.46,8.88,26.54,0,0,HV2Y,0,HV2Y,-1,-1,-1,-1,-1,-21.15,-21.15,-21.15,19.32,83.36,83.36,-1.67,2.28,3.56,-4.83,7.25,1.009313,68,2.73,9.53,10.75,-16.02,19.38,-1.67,3.97,1.69,-10.92,12.92,0.999727,44
24-09-2025,NASDAQ:META,"Meta Platforms, Inc. - Class A Common Stock",1910749,10676014,1.93,760.66,0.70,-1.98,1.14,0.97,6.83,17.66,21.70,26.20,0,0,0,0,0,-1,-1,-1,-1,-1,-3.71,-3.71,-3.71,9.41,56.95,56.95,-3.43,-2.89,-0.24,7.99,6.91,1.009273,68,0.97,5.92,11.62,4.91,5.75,-3.43,0.36,2.56,10.01,-0.71,0.980914,24
24-09-2025,NASDAQ:WWD,"Woodward, Inc. - Common Stock",14244,559290,2.07,237.54,-0.64,0.02,-0.52,-3.56,-2.47,18.72,29.22,29.26,0,0,0,0,0,-1,-1,-1,-1,-1,-10.73,-10.73,-10.73,0.09,51.02,51.02,-7.96,-12.19,0.82,15.51,9.97,1.009203,67,-3.56,1.05,20.68,12.92,0.06,-7.96,-4.51,11.62,18.02,-6.4,0.952848,8
24-09-2025,NYSE:GM,General Motors Company Common Stock,57049,7248275,1.83,59.92,2.29,1.99,4.31,2.74,19.68,12.23,15.99,18.42,0,0,0,0,0,-1,-1,-1,4,-1,0,0,-0.47,24.5,41.05,41.05,-1.66,9.96,-5.67,2.28,-0.87,1.009162,67,2.74,17.42,-9.27,4.28,2.90,-1.66,11.86,-18.33,9.38,-3.56,1.025143,67
24-09-2025,NYSE:ZGN,Ermenegildo Zegna N.V. Ordinary Shares,3886,910405,2.77,9.5,-0.73,1.58,6.42,13.68,7.26,24.42,12.84,10.84,0,0,0,0,HV2Y,-1,-1,-1,-1,-1,-1.86,-1.86,-3.46,23.22,53.72,53.72,9.28,-2.46,6.52,-0.87,-8.45,1.009133,67,13.68,-7.44,18.50,-15.32,-2.29,9.28,-13,9.44,-10.22,-8.75,1.017445,61
24-09-2025,NYSE:ETR,Entergy Corporation Common Stock,40887,2559752,1.58,91.59,0.81,3.72,3.44,2.64,11.21,9.47,18.67,29.44,0,0,0,0,HV2Y,-1,-1,-1,-1,-1,-0.03,-0.03,-0.03,13.17,15.92,41.93,-1.76,1.49,-8.43,4.96,10.15,1.00896,67,2.64,8.80,-1.97,10.17,13.24,-1.76,3.24,-11.03,15.27,6.78,0.991258,34
24-09-2025,NYSE:AYI,Acuity Inc. Common Stock,10448,247075,2.48,340.93,0.73,0.36,3.12,4.30,15.67,19.21,11.17,20.15,0,0,0,0,HV2Y,-1,-1,-1,4,-1,-1.04,-1.04,-1.04,18.76,52.67,52.67,-0.1,5.95,1.31,-2.54,0.86,1.008849,67,4.30,11.89,4.19,-9.95,10.11,-0.1,6.33,-4.87,-4.85,3.65,1.015232,59
24-09-2025,NYSE:MMS,"Maximus, Inc. Common Stock",4947,640135,2.02,87.8,0.29,-0.77,0.23,2.05,20.25,24.28,17.77,-2.48,0,0,0,0,0,-1,-1,-1,4,-1,-2.54,-2.54,-5.75,25.63,33.96,36.46,-2.35,10.53,6.38,4.06,-21.77,1.008772,67,2.05,18.58,5.06,-8.60,-24.63,-2.35,13.02,-4,-3.5,-31.09,1.044536,76
24-09-2025,NYSE:ENS,EnerSys Common Stock,4109,355657,2.17,109.68,-0.62,1.72,4.57,7.50,22.68,11.04,15.65,6.87,0,0,0,0,HV2Y,-1,6,-1,1,-1,-2.09,-2.09,-2.09,29.34,39.68,39.68,3.1,12.96,-6.86,1.94,-12.42,1.008721,67,7.50,16.41,-15.06,5.19,-10.41,3.1,10.85,-24.12,10.29,-16.87,1.051787,79
24-09-2025,NASDAQ:CLMT,"Calumet, Inc - Common Stock",1606,810512,4.5,18.51,0.00,-1.38,4.59,11.40,15.99,33.93,-9.67,2.76,0,0,0,0,HV2Y,-1,-1,3,-1,-1,-3.89,-3.89,-21.5,39.91,105.9,105.9,7,6.27,16.03,-23.38,-16.53,1.0085,67,11.40,5.18,21.35,-65.99,11.33,7,-0.38,12.29,-60.89,4.87,1.058883,81
24-09-2025,NYSE:NCLH,Norwegian Cruise Line Holdings Ltd. Ordinary Shares,11402,16306263,3.32,25.23,-1.33,-0.59,-0.79,2.34,24.61,18.87,-0.71,17.20,0,0,HVY,0,0,-1,-1,-1,-1,-1,-6.35,-6.35,-13.21,32.65,62.77,62.77,-2.06,14.89,0.97,-14.42,-2.09,1.008405,67,2.34,22.81,-7.62,-24.13,17.79,-2.06,17.25,-16.68,-19.03,11.33,1.046831,78
24-09-2025,NYSE:GRDN,"Guardian Pharmacy Services, Inc. Class A Common Stock",1659,430055,4.4,26.21,2.14,-3.66,-10.57,-0.08,22.51,22.43,16.67,NA,0,0,0,0,0,-1,-1,-1,-1,-1,-13.5,-13.5,-13.5,31.84,33.25,63.81,-4.48,12.79,4.53,2.96,0,1.008329,67,-0.08,22.57,-0.10,-7.43,NA,-4.48,17.01,-9.16,-2.33,0,0.957358,9
24-09-2025,NASDAQ:GRFS,"Grifols, S.A. - American Depositary Shares",8665,489886,1.82,9.86,0.10,1.12,0.10,0.41,13.69,23.43,21.70,9.23,0,0,0,0,0,-1,-1,-1,-1,-1,-9.12,-9.12,-9.12,15.86,51.93,51.93,-3.99,3.97,5.53,7.99,-10.06,1.00829,67,0.41,13.34,11.28,-2.25,-15.93,-3.99,7.78,2.22,2.85,-22.39,1.013333,58
24-09-2025,NASDAQ:LX,LexinFintech Holdings Ltd. - American Depositary Shares,949,2892896,3.47,5.64,0.00,-3.90,-2.48,-15.43,-35.99,-87.59,-3.37,69.68,0,0,0,0,HV2Y,-1,-1,-1,-1,-1,-26.47,-50.66,-50.66,1.26,1.26,237.72,-19.83,-45.71,-105.49,-17.08,50.39,1.008179,67,-15.43,-17.82,-37.94,44.90,70.67,-19.83,-23.38,-47,50,64.21,0.881507,1
24-09-2025,NASDAQ:NBIX,"Neurocrine Biosciences, Inc. - Common Stock",14547,799822,2.33,146.67,0.18,2.69,3.70,8.65,12.88,20.79,7.98,19.31,0,0,0,0,0,-1,-1,-1,2,-1,0,0,-4.32,18.3,67.55,67.55,4.25,3.16,2.89,-5.73,0.02,1.008121,67,8.65,4.63,9.08,-16.16,12.31,4.25,-0.93,0.02,-11.06,5.85,1.016192,60
24-09-2025,NASDAQ:ENVX,Enovix Corporation - Common Stock,2027,8842491,5.59,10.31,-1.15,9.70,11.25,-0.97,15.42,15.23,22.11,18.04,0,0,HVQ,0,HV2Y,-1,-1,-1,-1,-1,-35.28,-35.28,-35.28,28.88,88.83,88.83,-5.37,5.7,-2.67,8.4,-1.25,1.007983,67,-0.97,16.23,-0.23,8.12,-5.23,-5.37,10.67,-9.29,13.22,-11.69,1.007614,52
24-09-2025,NYSE:CXW,"CoreCivic, Inc. Common Stock",2273,939855,2.48,21.54,1.46,4.04,5.62,4.64,6.69,5.99,2.51,42.57,0,0,0,0,HV2Y,-1,-1,-1,-1,-1,-4.39,-6.59,-10.03,9.9,13.01,74.13,0.24,-3.03,-11.91,-11.2,23.28,1.007796,67,4.64,2.14,-0.75,-3.70,41.10,0.24,-3.42,-9.81,1.4,34.64,0.97745,21
24-09-2025,NYSE:MNSO,"MINISO Group Holding Limited American Depositary Shares, each representing four Ordinary Shares",7409,794800,1.97,23.15,-1.61,-8.12,-9.33,-10.63,22.85,21.21,-0.82,28.90,0,0,0,0,0,-1,-1,-1,7,-1,-13.07,-13.07,-16,31.83,61.77,72.76,-15.03,13.13,3.31,-14.53,9.61,1.007683,67,-10.63,30.26,-2.13,-27.96,29.48,-15.03,24.7,-11.19,-22.86,23.02,1.018129,62
24-09-2025,NASDAQ:CRUS,"Cirrus Logic, Inc. - Common Stock",6487,585759,2.77,126.37,-0.85,5.70,10.84,8.20,14.87,18.76,20.74,2.58,0,0,0,0,0,-1,-1,-1,5,-1,-0.85,-0.85,-0.85,29.94,63.21,63.21,3.8,5.15,0.86,7.03,-16.71,1.007445,67,8.20,7.27,4.57,2.44,-22.91,3.8,1.71,-4.49,7.54,-29.37,1.032781,71
24-09-2025,NYSE:ZK,ZEEKR Intelligent Technology Holding Limited American Depositary Shares (each representing ten (10) Ordinary Shares),7398,758894,1.82,28.76,-0.42,-7.82,-2.09,-4.10,8.48,9.04,5.04,43.64,0,0,0,0,2,-1,-1,-1,-1,-1,-8.76,-8.76,-12.42,12.78,56.47,77.42,-8.5,-1.24,-8.86,-8.67,24.35,1.007429,67,-4.10,12.09,0.61,-4.40,40.64,-8.5,6.53,-8.45,0.7,34.18,0.968923,15
24-09-2025,NYSE:FHN,First Horizon Corporation Common Stock,11572,12028236,2.06,22.79,0.75,0.57,0.48,1.27,10.75,13.25,15.45,29.93,0,0,0,0,HV2Y,-1,-1,-1,-1,-1,-1.89,-1.89,-1.89,12.05,40.59,52.75,-3.13,1.03,-4.65,1.74,10.64,1.007407,67,1.27,9.60,2.80,2.53,17.13,-3.13,4.04,-6.26,7.63,10.67,0.988376,30
24-09-2025,NYSE:RJF,"Raymond James Financial, Inc. Common Stock",34276,1096900,1.98,171.91,-2.22,1.07,3.03,3.50,11.74,15.24,12.24,27.69,0,0,0,0,0,-1,-1,-1,-1,-1,-2.22,-2.22,-2.22,13.3,39.03,40.38,-0.9,2.02,-2.66,-1.47,8.4,1.00719,67,3.50,8.54,3.97,-3.53,17.60,-0.9,2.98,-5.09,1.57,11.14,0.996701,41
24-09-2025,NASDAQ:PODD,Insulet Corporation - Common Stock,23016,615327,2.88,326.97,-0.25,1.45,-3.25,-0.62,6.34,16.59,21.53,27.64,0,0,0,HV2Y,0,-1,-1,-1,-1,-1,-7.33,-7.33,-7.33,17.91,37.05,43.54,-5.02,-3.38,-1.31,7.82,8.35,1.007151,67,-0.62,6.92,10.95,5.92,7.79,-5.02,1.36,1.89,11.02,1.33,0.976442,20
24-09-2025,NYSE:BORR,Borr Drilling Limited Common Shares,823,4366217,5.05,3.09,1.64,1.29,0.00,8.41,40.78,23.95,-18.45,-81.88,0,HVQ,0,0,0,-1,-1,-1,-1,-1,-2.52,-2.52,-46.07,68.85,91.93,91.93,4.01,31.06,6.05,-32.16,-101.17,1.007095,67,8.41,35.34,-28.42,-55.74,-53.55,4.01,29.78,-37.48,-50.64,-60.01,1.198281,96
24-09-2025,NASDAQ:APPF,"AppFolio, Inc. - Class A Common Stock",10027,221923,2.11,280.36,-1.69,1.46,0.27,1.80,17.04,21.32,10.35,17.31,0,0,0,0,0,-1,-1,-1,-1,-1,-12.73,-12.73,-12.73,23.33,46.01,46.01,-2.6,7.32,3.42,-3.36,-1.98,1.006872,67,1.80,15.52,5.15,-13.94,7.77,-2.6,9.96,-3.91,-8.84,1.31,1.018716,62
24-09-2025,NASDAQ:HIMX,"Himax Technologies, Inc. - American depositary shares, each of which represents two ordinary shares.",1516,1033131,3.35,8.79,1.15,3.98,3.75,11.60,-4.78,5.46,13.88,38.79,0,0,0,0,HV2Y,-1,-1,-1,-1,-1,-9.94,-9.94,-31.6,22.77,49.24,71.01,7.2,-14.5,-12.44,0.17,19.5,1.006805,67,11.60,-18.53,9.77,8.90,28.93,7.2,-24.09,0.71,14,22.47,0.962172,11
24-09-2025,NYSE:HCA,"HCA Healthcare, Inc. Common Stock",97486,1278889,2.61,416.62,1.75,4.14,5.34,3.32,10.18,19.24,28.59,2.87,0,0,0,0,0,-1,-1,-1,-1,-1,-0.99,-0.99,-0.99,24.62,31.17,40.42,-1.08,0.46,1.34,14.88,-16.42,1.00602,67,3.32,7.10,10.08,11.57,-36.01,-1.08,1.54,1.02,16.67,-42.47,1.015453,60
24-09-2025,NYSE:JLL,Jones Lang LaSalle Incorporated Common Stock,14383,409875,1.96,303.56,-3.09,-4.42,-1.17,-0.31,19.46,14.45,18.66,13.56,0,0,0,0,0,-1,-1,-1,1,-1,-5.04,-5.04,-5.04,24.16,48.39,48.39,-4.71,9.74,-3.45,4.95,-5.73,1.005889,67,-0.31,19.70,-6.21,4.91,-6.26,-4.71,14.14,-15.27,10.01,-12.72,1.024468,67
24-09-2025,NASDAQ:ODD,ODDITY Tech Ltd. - Class A Ordinary Shares,3272,412179,2.99,58.6,-4.04,-6.57,-6.42,-1.74,-20.49,23.12,22.15,39.28,0,0,0,HV2Y,0,-1,-1,-1,-1,-1,-22.9,-24.24,-24.24,1.52,54.74,66.38,-6.14,-30.21,5.22,8.44,19.99,1.005811,67,-1.74,-18.43,36.20,-1.27,22.01,-6.14,-23.99,27.14,3.83,15.55,0.919496,3
24-09-2025,NYSE:AMR,"Alpha Metallurgical Resources, Inc. Common Stock",2163,299483,4.14,163.24,0.86,3.38,15.02,13.36,36.08,20.70,-27.61,-30.33,0,0,0,0,0,-1,-1,-1,-1,-1,-1.97,-1.97,-35.15,64.13,64.13,64.13,8.96,26.36,2.8,-41.32,-49.62,1.005769,67,13.36,26.22,-24.07,-60.92,-2.13,8.96,20.66,-33.13,-55.82,-8.59,1.153218,95
24-09-2025,NASDAQ:EH,EHang Holdings Limited - ADS,1249,1769917,4.33,18.67,7.36,9.05,15.85,4.71,9.16,-19.34,24.91,36.21,0,0,0,2,HV2Y,-1,-1,-1,-1,-1,-6.6,-16.39,-29.41,19.83,29.29,58.62,0.31,-0.56,-37.24,11.2,16.92,1.005681,67,4.71,4.67,-31.37,37.07,15.05,0.31,-0.89,-40.43,42.17,8.59,0.991688,35
24-09-2025,NASDAQ:TH,Target Hospitality Corp. - Common Stock,912,382411,3.3,9.14,5.79,5.91,3.94,2.95,22.54,32.93,-4.38,-4.81,0,0,0,0,HV2Y,-1,-1,-1,-1,-1,0,0,-15.84,29.1,49.1,80.99,-1.45,12.82,15.03,-18.09,-24.1,1.005519,67,2.95,20.18,13.42,-55.63,-0.42,-1.45,14.62,4.36,-50.53,-6.88,1.065796,84
24-09-2025,NYSE:AXP,American Express Company Common Stock,236934,2881187,1.96,340.48,-0.29,1.32,5.03,7.25,9.37,17.97,13.92,21.00,0,0,0,0,0,-1,-1,-1,-1,-1,-0.35,-0.35,-0.35,15.7,47.15,47.15,2.85,-0.35,0.07,0.21,1.71,1.005443,66,7.25,2.28,9.50,-4.94,8.22,2.85,-3.28,0.44,0.16,1.76,1.001607,45
24-09-2025,NASDAQ:APA,APA Corporation - Common Stock,8737,7450802,4,23.99,1.61,-2.17,9.71,9.80,24.22,13.13,13.13,-5.71,0,0,0,0,0,-1,-1,-1,3,-1,-2.12,-2.12,-11.38,34.78,70.99,70.99,5.4,14.5,-4.77,-0.58,-25,1.005422,66,9.80,15.99,-14.63,0.00,-21.69,5.4,10.43,-23.69,5.1,-28.15,1.070908,85
24-09-2025,NASDAQ:FOXA,Fox Corporation - Class A Common Stock,25382,4110704,2.46,60.16,-2.35,1.56,4.94,0.65,6.93,8.64,18.82,33.16,0,0,0,0,0,-1,-1,-1,-1,-1,-3.71,-3.71,-3.71,11.68,27.43,49.61,-3.75,-2.79,-9.26,5.11,13.87,1.005397,66,0.65,6.32,1.84,11.14,17.67,-3.75,0.76,-7.22,16.24,11.21,0.974884,19
24-09-2025,NYSE:VMI,"Valmont Industries, Inc. Common Stock",7270,208286,2.4,368.32,-2.17,-1.15,-2.53,-1.48,11.76,18.70,16.89,23.41,0,0,0,0,HV2Y,-1,-1,-1,-1,-1,-4.75,-4.75,-4.75,13.33,39.59,39.59,-5.88,2.04,0.8,3.18,4.12,1.00519,66,-1.48,13.05,7.87,-2.23,7.85,-5.88,7.49,-1.19,2.87,1.39,0.993177,36
24-09-2025,NASDAQ:MELI,"MercadoLibre, Inc. - Common Stock",127300,377646,2.77,2510.97,0.67,2.57,6.45,4.11,-1.18,12.73,33.65,16.22,0,0,0,0,0,-1,-1,-1,-1,-1,-3.93,-3.93,-3.93,9.55,39.91,50.72,-0.29,-10.9,-5.17,19.94,-3.07,1.005091,66,4.11,-5.51,13.75,23.97,-26.28,-0.29,-11.07,4.69,29.07,-32.74,0.97992,23
24-09-2025,NYSE:PVH,PVH Corp. Common Stock,4308,1339169,3.41,89.52,2.01,6.10,8.80,8.85,29.08,25.40,-15.77,-8.50,0,0,0,0,0,-1,-1,-1,-1,-1,0,0,-20.68,41,47.97,47.97,4.45,19.36,7.5,-29.48,-27.79,1.004914,66,8.85,22.19,-5.18,-55.20,6.28,4.45,16.63,-14.24,-50.1,-0.18,1.099505,90
24-09-2025,NYSE:JBI,"Janus International Group, Inc. Common Stock",1393,747800,2.72,10.03,-0.50,-1.40,-0.40,-4.59,17.95,21.64,25.42,-0.70,0,0,0,0,0,-1,-1,-1,-1,-1,-6.09,-6.09,-6.09,23.22,65.51,65.51,-8.99,8.23,3.74,11.71,-19.99,1.004863,66,-4.59,21.54,4.50,4.83,-35.03,-8.99,15.98,-4.56,9.93,-41.49,1.02874,69
24-09-2025,NASDAQ:CTLP,"Cantaloupe, Inc. - Common Stock",775,2331109,0.6,10.56,-0.28,-2.65,-1.89,-2.75,-4.26,25.19,11.84,36.17,0,0,HV2Y,HV2Y,0,-1,-1,-1,-1,-1,-4.95,-4.95,-5.29,0,45.86,56.68,-7.15,-13.98,7.29,-1.87,16.88,1.00481,66,-2.75,-1.47,28.25,-17.85,27.60,-7.15,-7.03,19.19,-12.75,21.14,0.951369,8
24-09-2025,NYSE:TGNA,TEGNA Inc,3344,2709726,0.7,20.77,-0.43,-0.87,-0.87,-2.46,19.02,8.76,12.71,27.01,0,0,HVQ,0,0,-1,-1,-1,12,-1,-2.4,-2.4,-2.4,38.1,38.1,40.43,-6.86,9.3,-9.14,-1,7.72,1.004801,66,-2.46,20.96,-12.66,4.33,16.38,-6.86,15.4,-21.72,9.43,9.92,1.010345,55
24-09-2025,NYSE:ASX,"ASE Technology Holding Co., Ltd. American Depositary Shares (each representing Two Common Shares)",25010,6852032,1.55,11.54,-1.37,2.08,2.08,14.38,8.06,15.42,14.12,14.38,0,0,0,HV2Y,0,-1,2,-1,-1,-1,-1.45,-1.45,-1.45,21.47,55.53,55.53,9.98,-1.66,-2.48,0.41,-4.91,1.004476,66,14.38,-7.39,8.01,-1.54,0.30,9.98,-12.95,-1.05,3.56,-6.16,1.014993,59
24-09-2025,NYSE:THO,"Thor Industries, Inc. Common Stock",5772,830421,2.88,108.49,6.10,4.15,1.39,-2.10,20.27,26.14,11.27,4.59,0,HVQ,0,0,0,-1,-1,-1,-1,-1,-3.42,-3.42,-6.13,25.42,67.35,67.35,-6.5,10.55,8.24,-2.44,-14.7,1.004465,66,-2.10,21.91,7.36,-20.13,-7.53,-6.5,16.35,-1.7,-15.03,-13.99,1.034735,72
24-09-2025,NYSE:BCH,Banco De Chile ADS,15539,351395,2.08,30.62,0.03,2.74,1.57,6.63,3.79,11.56,25.83,20.31,0,0,0,0,0,-1,-1,-1,-1,-1,-1.13,-3.38,-3.38,12.08,25.7,38.24,2.23,-5.93,-6.34,12.12,1.02,1.004403,66,6.63,-3.04,8.08,16.14,-7.44,2.23,-8.6,-0.98,21.24,-13.9,0.987417,30
24-09-2025,NASDAQ:DLTR,"Dollar Tree, Inc. - Common Stock",19561,5459358,3.17,95.9,1.32,-1.96,-3.08,-16.58,-3.70,29.99,27.99,25.20,0,0,0,0,0,-1,-1,-1,-1,-1,-18.15,-18.15,-18.15,1.5,42.84,56.67,-20.98,-13.42,12.09,14.28,5.91,1.004112,66,-16.58,11.05,32.49,-2.86,-3.87,-20.98,5.49,23.43,2.24,-10.33,0.944432,6
24-09-2025,NASDAQ:ENSG,"The Ensign Group, Inc. - Common Stock",9827,367505,2.04,170.32,2.13,2.57,2.45,0.21,10.45,23.67,20.67,11.43,0,0,0,0,0,-1,-1,-1,-1,-1,-2.18,-2.18,-2.18,24.9,42.02,42.02,-4.19,0.73,5.77,6.96,-7.86,1.004048,66,0.21,10.26,14.76,-3.93,-11.65,-4.19,4.7,5.7,1.17,-18.11,1.003171,47
24-09-2025,NYSE:SNX,TD SYNNEX Corporation Common Stock,12398,745826,1.66,150.34,-1.01,1.24,-0.90,1.13,8.35,15.79,21.85,21.49,0,0,0,0,0,-1,-1,-1,-1,-1,-2.11,-2.11,-2.11,11.54,56.91,56.91,-3.27,-1.37,-2.11,8.14,2.2,1.00383,66,1.13,7.30,8.12,7.20,-0.46,-3.27,1.74,-0.94,12.3,-6.92,0.988968,31
24-09-2025,NASDAQ:CARG,"CarGurus, Inc. - Class A Common Stock",3757,1122938,2.32,37.85,1.42,2.91,6.47,9.88,14.27,16.12,4.68,19.82,0,0,0,0,0,-1,-1,3,-1,-1,0,0,-6.66,30.02,50.26,50.26,5.48,4.55,-1.78,-9.03,0.53,1.00376,66,9.88,4.87,2.16,-13.64,15.88,5.48,-0.69,-6.9,-8.54,9.42,1.021497,64
24-09-2025,NYSE:ABBV,AbbVie Inc. Common Stock,388625,5149658,1.43,222.61,0.01,2.85,5.48,5.40,16.65,6.04,22.28,13.02,0,0,0,0,0,-1,-1,-1,2,-1,0,0,0,22.11,30.82,34.92,1,6.93,-11.86,8.57,-6.27,1.003649,66,5.40,11.89,-12.73,17.28,-11.91,1,6.33,-21.79,22.38,-18.37,1.025849,67
24-09-2025,NYSE:NWG,"NatWest Group plc American Depositary Shares, (each representing two (2) Ordinary Shares)",55956,3507185,1.28,13.9,-0.22,-3.74,-2.95,-10.72,0.43,12.45,27.55,34.68,0,0,0,0,0,-1,-1,-1,-1,-1,-9.68,-9.68,-9.68,6.84,31.5,58.49,-15.12,-9.29,-5.45,13.84,15.39,1.003598,66,-10.72,10.07,12.07,17.26,9.83,-15.12,4.51,3.01,22.36,3.37,0.945099,7
24-09-2025,NYSE:AM,Antero Midstream Corporation Common Stock,9312,2582948,1.7,19.14,2.08,4.34,4.60,7.52,3.34,6.01,25.71,23.82,0,0,0,0,0,-1,-1,-1,-1,-1,0,0,0,13.46,20.53,34.6,3.12,-6.38,-11.89,12,4.53,1.003456,66,7.52,-4.52,2.76,20.96,-2.53,3.12,-10.08,-6.3,26.06,-8.99,0.984899,27
24-09-2025,NYSE:LUMN,"Lumen Technologies, Inc. Common Stock",5808,21132349,8.66,5.66,-2.41,1.24,-8.48,17.14,24.20,22.26,-7.07,-17.67,0,0,0,0,HV2Y,-1,-1,-1,-1,-1,-9,-9,-44.07,52.97,84.36,84.36,12.74,14.48,4.36,-20.78,-36.96,1.003431,66,17.14,8.53,-2.56,-37.73,-9.90,12.74,2.97,-11.62,-32.63,-16.36,1.09649,90
24-09-2025,NYSE:WRB,W.R. Berkley Corporation Common Stock,28375,1758463,1.59,74.81,0.90,2.27,3.56,4.92,4.02,13.89,22.43,23.21,0,0,0,0,0,-1,-1,-1,-1,-1,0,-0.48,-0.48,10.37,16.38,32.67,0.52,-5.7,-4.01,8.72,3.92,1.003424,66,4.92,-0.94,10.28,9.92,1.00,0.52,-6.5,1.22,15.02,-5.46,0.982565,25
24-09-2025,NYSE:ATMU,Atmus Filtration Technologies Inc. Common Stock,3672,783288,2.26,44.7,-1.56,-2.53,-1.81,1.10,19.06,14.09,13.24,16.89,0,0,0,0,0,-1,-1,-1,3,-1,-4.28,-4.28,-4.28,24.76,41.19,41.19,-3.3,9.34,-3.81,-0.47,-2.4,1.003417,66,1.10,18.16,-6.14,-0.99,4.20,-3.3,12.6,-15.2,4.11,-2.26,1.022746,65
24-09-2025,NYSE:DHI,"D.R. Horton, Inc. Common Stock",49921,3558970,2.64,167.45,0.71,-1.51,-5.18,-0.90,23.98,22.66,18.04,-14.60,0,0,HV2Y,0,0,-1,-1,-1,8,-1,-9.01,-9.01,-13.93,31.69,45.48,45.48,-5.3,14.26,4.76,4.33,-33.89,1.00331,66,-0.90,24.66,-1.74,-5.97,-39.82,-5.3,19.1,-10.8,-0.87,-46.28,1.063334,83
24-09-2025,NYSE:BAC,Bank of America Corporation Common Stock,382939,38274206,1.62,51.7,0.00,0.58,3.04,4.29,9.38,16.29,16.09,22.11,0,0,0,0,HV2Y,-1,-1,-1,5,-1,-1.05,-1.05,-1.05,15.09,50.33,50.33,-0.11,-0.34,-1.61,2.38,2.82,1.00329,66,4.29,5.32,7.62,-0.23,7.17,-0.11,-0.24,-1.44,4.87,0.71,0.995842,40
24-09-2025,NASDAQ:ALGM,"Allegro MicroSystems, Inc. - Common Stock",5749,1556716,3.25,31.41,-0.03,4.08,1.56,-2.29,-3.66,13.44,33.01,24.26,0,0,0,0,0,-1,-1,-1,-1,-1,-16.26,-16.26,-16.26,5.4,90.02,90.02,-6.69,-13.38,-4.46,19.3,4.97,1.003171,66,-2.29,-1.34,16.49,22.62,-13.07,-6.69,-6.9,7.43,27.72,-19.53,0.957914,10
24-09-2025,NYSE:RGR,"Sturm, Ruger & Company, Inc. Common Stock",682,260457,2.68,42.19,-0.42,7.04,13.98,17.09,15.74,6.64,16.50,1.14,0,0,0,0,0,-1,0,-1,-1,-1,-0.42,-0.42,-0.68,32.88,32.88,32.88,12.69,6.02,-11.26,2.79,-18.15,1.003141,66,17.09,-1.63,-10.80,10.56,-18.39,12.69,-7.19,-19.86,15.66,-24.85,1.051645,79
24-09-2025,NYSE:CBRE,CBRE Group Inc Common Stock Class A,46752,1539783,1.78,157.12,-3.66,-4.59,-3.50,-5.00,13.94,14.86,20.03,22.61,0,0,0,0,0,-1,-1,-1,8,-1,-5.29,-5.29,-5.29,16.2,37.9,37.9,-9.4,4.22,-3.04,6.32,3.32,1.003052,66,-5.00,18.04,1.07,6.07,3.22,-9.4,12.48,-7.99,11.17,-3.24,0.99477,38
24-09-2025,NASDAQ:WYFI,"WhiteFiber, Inc. - Ordinary Shares",993,1256288,10.39,26.25,-6.48,20.19,10.17,36.91,NA,NA,NA,NA,0,0,0,0,0,NA,-1,-1,3,-1,-6.48,-6.48,-6.48,78.45,78.45,78.45,32.51,0,0,0,0,1.002825,66,36.91,NA,NA,NA,NA,32.51,0,0,0,0,1.061562,82
24-09-2025,NYSE:AER,AerCap Holdings N.V. Ordinary Shares,21313,1606858,1.85,122.29,-0.06,1.73,0.74,2.33,5.14,15.26,24.89,19.63,0,0,0,0,0,-1,-1,-1,-1,-1,-1.71,-1.71,-1.71,14.02,37.45,37.45,-2.07,-4.58,-2.64,11.18,0.34,1.002529,66,2.33,2.87,10.67,11.37,-7.00,-2.07,-2.69,1.61,16.47,-13.46,0.98497,27
24-09-2025,AMEX:UTG,Reaves Utility Income Fund Common Shares of Beneficial Interest,3414,227945,1.24,38.84,0.13,2.24,3.37,2.86,8.70,16.19,20.67,18.82,0,0,0,0,0,-1,-1,-1,-1,-1,-0.56,-0.56,-0.56,9.53,33.56,33.56,-1.54,-1.02,-1.71,6.96,-0.47,1.002405,65,2.86,6.02,8.21,5.35,-2.34,-1.54,0.46,-0.85,10.45,-8.8,0.994636,38
24-09-2025,NYSE:LVS,Las Vegas Sands Corp. Common Stock,36375,5470968,2.11,52.99,-0.15,0.53,-2.85,-6.10,19.04,24.00,3.23,20.78,0,0,0,0,0,-1,-1,-1,-1,-1,-8.18,-8.18,-8.18,23.52,72.61,72.61,-10.5,9.32,6.1,-10.48,1.49,1.002172,65,-6.10,23.69,6.13,-27.34,18.14,-10.5,18.13,-2.93,-22.24,11.68,1.01609,60
24-09-2025,NASDAQ:AAPL,Apple Inc. - Common Stock,3744379,59758940,1.84,254.43,-0.64,6.40,7.89,10.48,21.28,13.25,2.51,10.05,0,0,0,0,0,-1,-1,-1,4,-1,-0.64,-0.64,-1.77,27.02,47.56,47.56,6.08,11.56,-4.65,-11.2,-9.24,1.002134,65,10.48,12.06,-10.20,-12.38,7.73,6.08,6.5,-19.26,-7.28,1.27,1.050908,79
24-09-2025,NYSE:TDY,Teledyne Technologies Incorporated Common Stock,26441,258728,1.56,563.92,-0.70,2.31,3.36,4.04,11.83,9.16,17.55,23.37,0,0,0,0,0,-1,-1,-1,-1,-1,-0.7,-0.7,-0.7,13.41,29.48,30.5,-0.36,2.11,-8.74,3.84,4.08,1.002088,65,4.04,8.11,-3.02,9.23,7.06,-0.36,2.55,-12.08,14.33,0.6,1.000386,44
24-09-2025,NASDAQ:AMRX,"Amneal Pharmaceuticals, Inc. - Class A Common Stock",3050,1705639,2.58,9.84,-1.60,1.02,-0.51,2.54,17.38,9.65,21.85,10.47,0,0,0,0,0,-1,-1,-1,-1,-1,-2.48,-2.48,-2.48,25.83,41.18,41.18,-1.86,7.66,-8.25,8.14,-8.82,1.001881,65,2.54,15.22,-9.35,13.50,-14.56,-1.86,9.66,-18.41,18.6,-21.02,1.025653,67
24-09-2025,NASDAQ:XEL,Xcel Energy Inc. - Common Stock,46090,5370225,1.74,77.93,6.69,7.55,7.21,6.29,13.61,12.83,14.47,17.71,0,0,0,0,0,-1,-1,-1,-1,-1,0,0,0,15.76,18.71,25.37,1.89,3.89,-5.07,0.76,-1.58,1.001679,65,6.29,7.82,-0.91,1.88,3.78,1.89,2.26,-9.97,6.98,-2.68,1.013341,58
24-09-2025,NYSE:CNP,"CenterPoint Energy, Inc (Holding Co) Common Stock",25468,4815484,1.49,39.01,0.54,2.46,3.13,3.36,6.95,9.69,18.58,27.79,0,0,0,0,0,-1,-1,-1,-1,-1,-0.38,-0.38,-0.38,9.06,10.73,38.48,-1.04,-2.77,-8.21,4.87,8.5,1.001662,65,3.36,3.71,2.95,9.85,11.30,-1.04,-1.85,-6.11,14.95,4.84,0.983273,26
24-09-2025,NYSE:SPXC,"SPX Technologies, Inc. Common Stock",9013,266845,2.28,182.39,-2.78,-1.38,-3.08,-3.60,11.48,23.51,21.48,10.87,0,0,0,0,0,-1,-1,-1,-1,6,-10.73,-10.73,-10.73,12.96,51.16,51.16,-8,1.76,5.61,7.77,-8.42,1.001608,65,-3.60,14.55,13.59,-2.65,-13.52,-8,8.99,4.53,2.45,-19.98,1.001502,45
24-09-2025,NYSE:CAH,"Cardinal Health, Inc. Common Stock",36913,2228221,1.93,154.58,-0.03,3.82,3.42,5.52,-5.93,14.12,24.31,27.65,0,0,0,0,0,-1,-1,-1,-1,-1,-7.99,-7.99,-7.99,5.85,23.66,43.28,1.12,-15.65,-3.78,10.6,8.36,1.001256,65,5.52,-12.13,18.93,11.86,4.41,1.12,-17.69,9.87,16.96,-2.05,0.959587,10
24-09-2025,NASDAQ:NTCT,"NetScout Systems, Inc. - Common Stock",1861,657968,2.03,25.89,-0.46,2.09,3.28,10.62,4.52,16.03,16.18,18.42,0,0,0,0,0,-1,-1,5,-1,-1,-0.65,-0.65,-0.65,24.65,34.63,34.63,6.22,-5.2,-1.87,2.47,-0.87,1.001111,65,10.62,-6.83,12.06,0.18,2.67,6.22,-12.39,3,5.28,-3.79,0.997179,41
24-09-2025,NYSE:GRMN,Garmin Ltd. Common Stock (Switzerland),45513,950615,1.74,236.44,-0.40,0.96,0.20,1.57,13.91,7.56,13.12,27.68,0,0,0,0,0,-1,-1,-1,-1,-1,-2.22,-2.22,-2.27,16.16,36.17,46.33,-2.83,4.19,-10.34,-0.59,8.39,1.001077,65,1.57,12.54,-7.38,6.02,16.76,-2.83,6.98,-16.44,11.12,10.3,0.999924,44
24-09-2025,NYSE:HAFN,Hafnia Limited Common Shares,3129,1299746,2.4,6.19,0.16,-2.58,0.65,4.52,15.51,28.92,17.61,-19.22,0,0,0,0,0,-1,-1,-1,-1,-1,-2.52,-2.52,-17.9,24.05,69.59,69.59,0.12,5.79,11.02,3.9,-38.51,1.000889,65,4.52,11.51,15.87,-15.91,-44.71,0.12,5.95,6.81,-10.81,-51.17,1.050965,79
24-09-2025,NYSE:VNT,Vontier Corporation Common Stock,6202,829566,1.64,42.28,-1.49,-0.69,-1.49,-2.01,12.91,18.85,13.95,21.38,0,0,0,0,0,-1,-1,-1,14,-1,-3.27,-3.27,-3.27,14.83,50.78,50.78,-6.41,3.19,0.95,0.24,2.09,1.000809,65,-2.01,14.63,6.82,-6.03,8.63,-6.41,9.07,-2.24,-0.93,2.17,0.998026,42
24-09-2025,NYSE:BOOT,"Boot Barn Holdings, Inc. Common Stock",5139,494307,3.69,168.18,-2.02,-6.51,-9.17,-2.78,10.13,34.87,13.02,0.22,0,0,0,0,0,-1,-1,-1,-1,-1,-11.89,-11.89,-11.89,11.27,88.69,88.69,-7.18,0.41,16.97,-0.69,-19.07,1.000661,65,-2.78,12.57,27.53,-33.55,-14.72,-7.18,7.01,18.47,-28.45,-21.18,1.015933,60
24-09-2025,NYSE:FERG,Ferguson Enterprises Inc. Common Stock,44650,2392805,2.56,226.44,-3.00,0.87,1.02,-2.67,3.11,27.14,22.82,13.21,0,0,0,0,0,-1,-1,-1,-1,-1,-4.99,-4.99,-4.99,7.01,52.98,52.98,-7.07,-6.61,9.24,9.11,-6.08,1.000487,65,-2.67,5.63,24.80,-5.92,-12.45,-7.07,0.07,15.74,-0.82,-18.91,0.982856,25
24-09-2025,NYSE:TK,Teekay Corporation Ltd. Common Stock,742,476609,2.25,8.7,-0.68,0.69,2.87,7.70,-0.34,24.37,27.70,-1.72,0,0,0,0,0,-1,-1,-1,-1,-1,-1.47,-6.15,-9.38,20.83,48.72,48.72,3.3,-10.06,6.47,13.99,-21.01,1.000305,65,7.70,-8.72,24.63,4.41,-40.70,3.3,-14.28,15.57,9.51,-47.16,1.004164,48
24-09-2025,NYSE:RIG,Transocean Ltd (Switzerland) Common Stock,3433,29143522,4.83,3.64,2.82,6.59,10.99,14.84,27.47,13.74,2.47,-24.73,0,0,0,0,0,-1,-1,-1,-1,-1,0,0,-22.06,42.75,70.89,70.89,10.44,17.75,-4.16,-11.24,-44.02,1.000268,65,14.84,14.84,-18.94,-13.06,-27.89,10.44,9.28,-28,-7.96,-34.35,1.10597,91
24-09-2025,NASDAQ:OLLI,"Ollie's Bargain Outlet Holdings, Inc. - Common Stock",8257,1221413,3.42,134.68,2.39,-1.77,3.68,3.36,2.38,21.02,12.66,26.50,0,0,0,0,HV2Y,-1,-1,-1,-1,-1,-4.35,-4.35,-4.35,9.38,30.14,53.81,-1.04,-7.34,3.12,-1.05,7.21,1.000265,65,3.36,-1.01,19.09,-10.59,15.85,-1.04,-6.57,10.03,-5.49,9.39,0.977403,21
24-09-2025,NYSE:NOC,Northrop Grumman Corporation Common Stock,83944,718640,1.52,586.27,1.59,1.57,1.09,-0.08,16.95,13.59,20.32,10.43,0,0,0,0,0,-1,-1,-1,-1,-1,-1.83,-1.83,-1.83,20.4,28.48,35.26,-4.48,7.23,-4.31,6.61,-8.86,1.000084,65,-0.08,17.01,-4.05,7.79,-12.42,-4.48,11.45,-13.11,12.89,-18.88,1.020305,64
24-09-2025,NYSE:ALLY,Ally Financial Inc. Common Stock,12919,3124443,2.03,42.68,-1.84,-1.45,2.98,4.92,11.08,11.25,18.91,18.09,0,0,0,0,0,-1,-1,6,-1,-1,-4.26,-4.26,-4.26,15.51,41.84,41.84,0.52,1.36,-6.65,5.2,-1.2,0.999981,65,4.92,6.48,0.18,8.63,-1.01,0.52,0.92,-8.88,13.73,-7.47,1.004137,48
24-09-2025,NYSE:ENB,Enbridge Inc Common Stock,108982,2964110,1.05,49.98,0.77,1.74,2.78,4.76,11.00,11.12,18.55,18.93,0,0,0,0,0,-1,-1,6,-1,-1,0,0,0,14.14,21.64,23.71,0.36,1.28,-6.78,4.84,-0.36,0.999975,65,4.76,6.55,0.13,8.35,0.47,0.36,0.99,-8.93,13.45,-5.99,1.002988,47
24-09-2025,NYSE:VAL,Valaris Limited Common Shares,3618,1138502,3.47,50.8,0.63,-3.19,-3.70,3.11,17.28,22.17,19.45,-8.88,0,0,0,0,0,-1,-1,-1,-1,-1,-4.13,-4.13,-10.75,21.36,75.54,75.54,-1.29,7.56,4.27,5.74,-28.17,0.999944,65,3.11,14.63,5.90,-3.49,-35.17,-1.29,9.07,-3.16,1.61,-41.63,1.043017,76
24-09-2025,NASDAQ:VREX,Varex Imaging Corporation - Common Stock,509,358597,4.1,12.26,0.91,5.38,10.60,7.01,33.69,-0.41,-17.29,11.99,0,0,2,0,0,-1,-1,-1,-1,-1,-0.65,-0.65,-26.5,76.15,78.2,78.2,2.61,23.97,-18.31,-31,-7.3,0.999786,65,7.01,28.68,-51.41,-16.82,24.97,2.61,23.12,-60.47,-11.72,18.51,1.101885,91
24-09-2025,NYSE:BTE,Baytex Energy Corp Common Shares,1921,23735195,4.45,2.5,1.63,-2.00,4.80,14.40,26.80,7.60,10.80,-25.60,0,0,0,HV2Y,0,-1,-1,-1,-1,-1,-4.21,-4.21,-25.37,39.66,68.92,68.92,10,17.08,-10.3,-2.91,-44.89,0.999231,65,14.40,14.49,-26.23,3.46,-40.81,10,8.93,-35.29,8.56,-47.27,1.105261,91
24-09-2025,NYSE:AIR,AAR Corp. Common Stock,2935,438924,2.53,78.35,1.89,3.32,5.65,3.23,13.41,10.70,22.67,11.23,0,0,HV2Y,0,0,-1,-1,-1,-1,-1,-7.93,-7.93,-7.93,16.49,61.35,61.35,-1.17,3.69,-7.2,8.96,-8.06,0.999097,65,3.23,10.52,-3.14,13.41,-14.79,-1.17,4.96,-12.2,18.51,-21.25,1.014576,59
24-09-2025,NYSE:TRP,TC Energy Corporation Common Stock,55692,1818187,1.35,53.55,0.45,2.15,2.99,5.19,12.27,8.76,15.35,21.45,0,0,0,0,0,-1,-1,-1,1,-1,0,0,0,14.96,20.39,27.3,0.79,2.55,-9.14,1.64,2.16,0.999017,65,5.19,7.47,-4.00,7.22,7.20,0.79,1.91,-13.06,12.32,0.74,1.005138,49
24-09-2025,NASDAQ:VRDN,"Viridian Therapeutics, Inc.  - Common Stock",1592,755946,4.8,19.5,-0.31,4.51,-1.64,4.77,24.62,24.10,3.95,-14.36,0,0,0,0,HV2Y,-1,-1,-1,-1,-1,-3.51,-3.51,-24.15,39.48,76.95,76.95,0.37,14.9,6.2,-9.76,-33.65,0.998994,65,4.77,20.84,-0.68,-26.55,-19.06,0.37,15.28,-9.74,-21.45,-25.52,1.07349,86
24-09-2025,NASDAQ:SBLK,Star Bulk Carriers Corp. - Common Shares,2277,1259947,2.18,19.87,0.40,0.40,1.86,3.32,13.84,18.44,25.92,-8.66,0,0,0,0,0,-1,-1,-1,-1,-1,0,0,-16.12,16.27,56.95,56.95,-1.08,4.12,0.54,12.21,-27.95,0.998767,65,3.32,10.88,5.34,9.16,-46.67,-1.08,5.32,-3.72,14.26,-53.13,1.035386,73
24-09-2025,NYSE:BA,Boeing Company (The) Common Stock,162650,7085926,2.14,215.1,-0.57,0.22,-5.77,-5.47,7.53,15.11,17.69,28.74,0,0,0,0,0,-1,-1,-1,-1,-1,-9.39,-9.39,-9.39,8.14,57.48,57.48,-9.87,-2.19,-2.79,3.98,9.45,0.998325,65,-5.47,12.33,8.20,3.04,13.42,-9.87,6.77,-0.86,8.14,6.96,0.973183,18
24-09-2025,NYSE:SXT,Sensient Technologies Corporation Common Stock,4210,489968,2.97,99.14,-1.28,-1.70,-7.11,-14.11,0.54,26.05,26.37,21.81,0,0,0,HV2Y,0,-1,-1,-1,-1,-1,-17.91,-17.91,-17.91,1.03,44.2,47.29,-18.51,-9.18,8.15,12.66,2.52,0.998305,65,-14.11,12.84,25.65,0.42,-6.19,-18.51,7.28,16.59,5.52,-12.65,0.956621,9
24-09-2025,NYSE:DTM,"DT Midstream, Inc. Common Stock",11228,832408,2.02,110.52,0.05,2.80,3.12,8.78,3.36,9.05,11.75,29.59,0,0,0,0,0,-1,-1,-1,-1,-1,0,0,-2.84,11.44,26.7,42.13,4.38,-6.36,-8.85,-1.96,10.3,0.998245,64,8.78,-5.94,5.89,2.97,20.21,4.38,-11.5,-3.17,8.07,13.75,0.982735,25
24-09-2025,NYSE:BYD,Boyd Gaming Corporation Common Stock,6768,826632,1.8,84.41,-0.81,1.86,-1.02,-2.18,7.46,19.09,15.70,24.14,0,0,0,0,0,-1,-1,-1,-1,-1,-3.29,-3.29,-3.29,8.54,38.83,38.83,-6.58,-2.26,1.19,1.99,4.85,0.998223,64,-2.18,9.44,12.56,-4.19,10.02,-6.58,3.88,3.5,0.91,3.56,0.981863,24
24-09-2025,NASDAQ:ROOT,"Root, Inc. - Common Stock",1442,448702,4.93,93.37,-5.22,-2.06,-1.94,5.76,-31.02,-80.52,23.83,57.55,0,0,0,2,HV2Y,-1,-1,-1,-1,-1,-28.9,-44.61,-47.45,7.62,7.62,148.66,1.36,-40.74,-98.42,10.12,38.26,0.998069,64,5.76,-39.03,-37.79,57.81,44.26,1.36,-44.59,-46.85,62.91,37.8,0.917329,3
24-09-2025,NYSE:JXN,Jackson Financial Inc. Class A Common Stock,7121,768810,2.51,102.24,0.06,5.33,5.25,4.43,15.33,13.27,15.56,11.87,0,0,0,0,0,-1,-1,-1,-1,-1,-0.22,-0.22,-10.11,21.63,45.33,45.33,0.03,5.61,-4.63,1.85,-7.42,0.99806,64,4.43,11.40,-2.43,2.64,-4.37,0.03,5.84,-11.49,7.74,-10.83,1.020378,64
24-09-2025,NYSE:GTES,Gates Industrial Corporation plc Ordinary Shares,6270,2346386,2.59,24.34,-4.14,-3.45,-3.94,-5.14,7.15,17.54,16.89,27.20,0,0,0,0,0,-1,-1,-1,-1,-1,-6.89,-6.89,-6.89,7.7,56.43,56.43,-9.54,-2.57,-0.36,3.18,7.91,0.997954,64,-5.14,11.68,11.19,-0.80,12.41,-9.54,6.12,2.13,4.3,5.95,0.974483,18
24-09-2025,NYSE:ROK,"Rockwell Automation, Inc. Common Stock",38507,779983,1.93,342.48,-0.07,-0.64,0.90,-2.19,5.84,20.33,16.49,23.62,0,0,0,0,0,-1,-1,-1,-1,-1,-4.47,-4.47,-4.47,6.21,56.4,56.4,-6.59,-3.88,2.43,2.78,4.33,0.997905,64,-2.19,7.86,15.39,-4.82,8.53,-6.59,2.3,6.33,0.28,2.07,0.978758,22
24-09-2025,NYSE:CRS,Carpenter Technology Corporation Common Stock,11635,962374,2.93,233.39,-2.34,-4.48,-5.87,-3.53,-13.12,16.25,27.34,32.88,0,0,0,0,HV2Y,-1,-1,-1,-1,-1,-18.8,-18.8,-18.8,0,54.26,56.11,-7.93,-22.84,-1.65,13.63,13.59,0.997904,64,-3.53,-9.26,25.96,13.24,7.63,-7.93,-14.82,16.9,18.34,1.17,0.931066,4
24-09-2025,NASDAQ:MNKD,MannKind Corporation - Common Stock,1635,6008647,5.33,5.33,-0.37,-1.13,-4.50,26.83,27.77,2.06,-18.20,-23.83,0,HV2Y,0,0,HV2Y,-1,-1,-1,-1,-1,-7.14,-7.14,-28.36,55.85,55.85,55.85,22.43,18.05,-15.84,-31.91,-43.12,0.997855,64,26.83,1.28,-35.58,-20.69,-4.76,22.43,-4.28,-44.64,-15.59,-11.22,1.134322,94
24-09-2025,NYSE:L,Loews Corporation Common Stock,20589,820175,1.21,99.26,1.29,2.49,3.16,3.64,10.44,10.15,17.73,20.87,0,0,0,0,0,-1,-1,-1,-1,-1,0,0,0,11.65,22.71,29.77,-0.76,0.72,-7.75,4.02,1.58,0.99784,64,3.64,7.06,-0.33,8.44,3.82,-0.76,1.5,-9.39,13.54,-2.64,0.998425,43
24-09-2025,NASDAQ:RPRX,Royalty Pharma plc - Class A Ordinary Shares,20862,6013142,2.36,35.77,-1.30,0.36,-1.15,-0.62,-0.39,5.62,32.12,23.01,0,0,0,HV2Y,HV2Y,-1,-1,-1,-1,-1,-5.64,-5.64,-5.64,1.76,15.95,47.32,-5.02,-10.11,-12.28,18.41,3.72,0.997812,64,-0.62,0.22,5.99,28.08,-13.43,-5.02,-5.34,-3.07,33.18,-19.89,0.968444,15
24-09-2025,NASDAQ:PLAB,"Photronics, Inc. - Common Stock",1450,943681,3.35,24.57,-0.65,4.72,10.42,10.18,22.79,12.25,0.65,4.88,0,0,0,0,0,-1,-1,-1,4,-1,-1.96,-1.96,-12.44,31.11,47.04,47.04,5.78,13.07,-5.65,-13.06,-14.41,0.997739,64,10.18,14.05,-13.65,-13.22,4.26,5.78,8.49,-22.71,-8.12,-2.2,1.059815,82
24-09-2025,NYSE:LH,Labcorp Holdings Inc. Common Stock,23214,449707,1.59,279.35,-0.21,1.17,2.29,1.16,7.39,16.07,18.75,20.45,0,0,0,0,0,-1,-1,-1,-1,-1,-0.21,-0.21,-0.21,14.94,31.63,31.74,-3.24,-2.33,-1.83,5.04,1.16,0.997717,64,1.16,6.31,9.37,3.19,2.09,-3.24,0.75,0.31,8.29,-4.37,0.988102,30
24-09-2025,NASDAQ:NTAP,"NetApp, Inc. - Common Stock",24603,2513623,2.56,123.25,-0.15,-0.54,-0.23,9.93,14.66,23.42,5.41,0.84,0,0,0,0,0,-1,-1,-1,2,-1,-2.46,-2.46,-5.99,21.91,61.96,61.96,5.53,4.94,5.52,-8.3,-18.45,0.997691,64,9.93,5.25,10.26,-23.51,-4.84,5.53,-0.31,1.2,-18.41,-11.3,1.039143,74
24-09-2025,NYSE:DELL,Dell Technologies Inc. Class C Common Stock,88814,7725764,2.89,132.09,-1.67,1.32,5.78,0.82,8.80,25.16,15.24,11.05,0,0,0,0,0,-1,-1,-1,-1,-1,-6.74,-6.74,-8.4,9.65,84.41,84.41,-3.58,-0.92,7.26,1.53,-8.24,0.997604,64,0.82,8.05,17.93,-13.25,-4.95,-3.58,2.49,8.87,-8.15,-11.41,1.001786,46
24-09-2025,NASDAQ:CSGS,"CSG Systems International, Inc. - Common Stock",1887,247789,2.04,65.59,-0.29,-0.21,3.69,3.37,2.84,7.39,21.56,27.43,0,0,0,0,0,-1,-1,-1,-1,-1,-2.12,-2.12,-2.12,7.93,16.07,40.78,-1.03,-6.88,-10.51,7.85,8.14,0.997446,64,3.37,-0.55,4.69,15.29,7.48,-1.03,-6.11,-4.37,20.39,1.02,0.974278,18
24-09-2025,NYSE:FSLY,"Fastly, Inc. Class A Common Stock",1247,3714689,5.08,8.46,-1.17,-2.01,13.00,14.30,19.03,16.78,-17.97,14.54,0,0,0,0,0,-1,-1,-1,-1,-1,-5.47,-5.47,-25.4,33.02,69.2,69.2,9.9,9.31,-1.12,-31.68,-4.75,0.997387,64,14.30,5.52,-2.77,-41.76,27.56,9.9,-0.04,-11.83,-36.66,21.1,1.057012,81
24-09-2025,NASDAQ:ULCC,"Frontier Group Holdings, Inc. - Common Stock",1173,4238090,6.8,5.14,-0.96,-5.45,0.00,14.98,29.57,-3.89,-25.10,15.18,0,HV2Y,HV2Y,0,0,-1,-1,-1,-1,-1,-8.38,-8.38,-48.91,55.29,72.48,72.48,10.58,19.85,-21.79,-38.81,-4.11,0.997175,64,14.98,17.16,-47.51,-20.41,32.19,10.58,11.6,-56.57,-15.31,25.73,1.097825,90
24-09-2025,NASDAQ:PGNY,"Progyny, Inc. - Common Stock",1866,1062034,2.96,21.7,1.07,0.32,-4.29,-6.64,3.64,0.97,34.61,23.41,0,0,0,0,0,-1,-1,-1,-1,-1,-10.59,-10.59,-10.59,3.78,5.75,58.74,-11.04,-6.08,-16.93,20.9,4.12,0.997114,64,-6.64,9.64,-2.77,33.97,-17.12,-11.04,4.08,-11.83,39.07,-23.58,0.971889,17
24-09-2025,NYSE:NTR,Nutrien Ltd. Common Shares,28776,2954148,1.87,59.03,4.72,4.32,2.74,1.29,0.66,15.06,25.39,20.28,0,0,0,0,0,-1,-1,-1,-1,-1,-4.96,-6.14,-6.14,6,25.92,34.04,-3.11,-9.06,-2.84,11.68,0.99,0.99693,64,1.29,-0.63,14.50,12.17,-6.86,-3.11,-6.19,5.44,17.27,-13.32,0.973654,18
24-09-2025,NYSE:WMB,"Williams Companies, Inc. (The) Common Stock",76763,6406180,2,62.86,2.39,6.11,6.52,9.59,3.45,3.10,16.37,27.81,0,0,0,0,0,-1,-1,-1,-1,-1,-0.02,-0.02,-0.02,11.22,15.7,40.5,5.19,-6.27,-14.8,2.66,8.52,0.996664,64,9.59,-6.79,-0.36,13.69,13.68,5.19,-12.35,-9.42,18.79,7.22,0.985065,28
24-09-2025,NYSE:NXDR,"Nextdoor Holdings, Inc. Class A Common Stock",836,1801470,4.54,2.16,-2.70,-2.31,7.87,6.48,28.24,21.30,-7.87,-12.96,0,0,0,0,0,-1,-1,-1,-1,-1,-6.49,-6.49,-23.94,39.35,58.82,58.82,2.08,18.52,3.4,-21.58,-32.25,0.996657,64,6.48,23.27,-9.68,-37.06,-4.72,2.08,17.71,-18.74,-31.96,-11.18,1.090396,89
24-09-2025,NASDAQ:ADSK,"Autodesk, Inc. - Common Stock",68910,1924418,1.96,324.86,0.14,1.95,-0.10,10.66,6.36,17.14,9.86,16.96,0,HVQ,0,0,0,-1,-1,-1,-1,-1,-0.59,-0.59,-0.59,15.86,36.02,36.02,6.26,-3.36,-0.76,-3.85,-2.33,0.996519,64,10.66,-4.81,11.51,-8.78,7.88,6.26,-10.37,2.45,-3.68,1.42,1.004162,48
24-09-2025,NASDAQ:LECO,"Lincoln Electric Holdings, Inc. - Common Shares",12895,316144,2.16,233.66,-1.11,-0.27,-3.64,-5.21,11.49,15.97,18.73,20.63,0,0,0,0,0,-1,-1,-1,-1,-1,-5.69,-5.69,-5.69,12.98,39.77,39.77,-9.61,1.77,-1.93,5.02,1.34,0.996461,64,-5.21,15.87,5.06,3.29,2.34,-9.61,10.31,-4,8.39,-4.12,0.99018,33
24-09-2025,NYSE:QUAD,"Quad Graphics, Inc Class A Common Stock",330,207717,3.38,6.54,-0.15,-3.52,0.92,1.99,16.36,16.51,-17.43,31.80,0,0,HV2Y,HV2Y,HV2Y,-1,-1,-1,-1,-1,-4.53,-4.53,-25.6,28.99,37.68,46.64,-2.41,6.64,-1.39,-31.14,12.51,0.996415,64,1.99,14.66,0.18,-40.66,41.93,-2.41,9.1,-8.88,-35.56,35.47,1.019833,63
24-09-2025,NYSE:HMC,"Honda Motor Company, Ltd. Common Stock",45974,694683,0.85,33.49,-1.15,-1.88,-1.58,-2.33,14.63,10.03,29.23,2.30,0,0,HVQ,HV2Y,HV2Y,-1,-1,-1,-1,-1,-3.9,-3.9,-3.9,17.14,33.96,41.31,-6.73,4.91,-7.87,15.52,-16.99,0.996379,64,-2.33,16.57,-5.39,21.34,-38.06,-6.73,11.01,-14.45,26.44,-44.52,1.022013,65
24-09-2025,NYSE:BX,Blackstone Inc. Common Stock,218714,3502939,2.41,178.08,-3.69,-3.11,-0.08,4.82,19.38,15.09,5.15,11.21,0,0,0,0,0,-1,-1,-1,-1,-1,-5.62,-5.62,-10.54,24.04,48.31,48.31,0.42,9.66,-2.81,-8.56,-8.08,0.996281,64,4.82,15.30,-5.32,-11.71,6.39,0.42,9.74,-14.38,-6.61,-0.07,1.035188,72
24-09-2025,NYSE:CRK,"Comstock Resources, Inc. Common Stock",5627,2640023,4.28,19.2,2.02,10.68,17.45,20.31,-47.55,-5.52,19.37,43.65,0,0,0,0,0,-1,-1,-1,-1,-1,-33.24,-37.54,-37.54,27.74,27.74,77.45,15.91,-57.27,-23.42,5.66,24.36,0.996257,64,20.31,-85.16,28.49,23.59,30.10,15.91,-90.72,19.43,28.69,23.64,0.913467,3
24-09-2025,NYSE:TJX,"TJX Companies, Inc. (The) Common Stock",156301,4693922,1.22,140.44,0.52,0.28,0.41,3.52,12.79,14.64,13.70,16.03,0,0,0,0,0,-1,-1,-1,3,-1,-0.52,-0.52,-0.52,15.73,18.81,25.25,-0.88,3.07,-3.26,-0.01,-3.26,0.996243,64,3.52,9.61,2.12,-1.10,2.70,-0.88,4.05,-6.94,4,-3.76,1.008962,53
24-09-2025,NASDAQ:STEP,StepStone Group Inc. - Class A Common Stock,7701,722329,2.99,65.23,-3.15,7.82,6.09,5.78,15.87,12.37,10.58,13.83,0,0,0,0,0,-1,-1,-1,-1,-1,-3.15,-3.15,-5.9,18.86,53.63,53.63,1.38,6.15,-5.53,-3.13,-5.46,0.996132,64,5.78,10.71,-4.15,-2.05,3.63,1.38,5.15,-13.21,3.05,-2.83,1.022784,65
24-09-2025,NYSE:MGA,"Magna International, Inc. Common Stock",12970,1593618,1.73,46.03,-0.39,-1.56,0.52,-0.30,18.49,19.16,10.32,8.76,0,0,0,0,0,-1,-1,-1,3,-1,-2.75,-2.75,-2.75,22.68,49.35,49.35,-4.7,8.77,1.26,-3.39,-10.53,0.996129,63,-0.30,18.74,0.83,-10.94,-1.74,-4.7,13.18,-8.23,-5.84,-8.2,1.026925,68
24-09-2025,NASDAQ:AXSM,"Axsome Therapeutics, Inc. - Common Stock",5927,586150,2.93,118.77,0.49,1.81,-4.50,2.07,12.69,-1.34,24.44,19.31,0,0,0,HV2Y,HV2Y,-1,-1,-1,-1,-1,-8.14,-8.14,-13.78,18.31,24.17,48.37,-2.33,2.97,-19.24,10.73,0.02,0.996059,63,2.07,10.84,-16.07,25.44,-6.80,-2.33,5.28,-25.13,30.54,-13.26,1.006722,51
24-09-2025,NYSE:PII,Polaris Inc. Common Stock,3217,1206812,3.77,57.22,2.18,0.12,-2.32,-0.24,31.34,27.26,0.51,-47.38,0,0,0,0,0,-1,-1,-1,-1,-1,-4.55,-4.55,-32.64,45.64,78.98,78.98,-4.64,21.62,9.36,-13.2,-66.67,0.996029,63,-0.24,31.50,-5.93,-36.79,-48.13,-4.64,25.94,-14.99,-31.69,-54.59,1.118015,92
24-09-2025,NASDAQ:HONE,"HarborOne Bancorp, Inc. - Common Stock",578,238414,2.16,13.4,-0.15,1.49,4.70,6.57,15.07,20.52,10.07,3.13,0,0,0,HV2Y,0,-1,-1,7,-1,-1,-1.11,-1.11,-1.11,17.75,47.9,47.9,2.17,5.35,2.62,-3.64,-16.16,0.995961,63,6.57,9.11,6.41,-13.15,-7.72,2.17,3.55,-2.65,-8.05,-14.18,1.0314,71
24-09-2025,NASDAQ:MNST,Monster Beverage Corporation - Common Stock,63399,5163596,1.98,64.93,0.70,-2.45,3.23,4.05,4.20,10.92,21.61,21.18,0,0,0,0,0,-1,-1,-1,-1,-1,-2.39,-2.39,-2.39,10.71,18.03,40.66,-0.35,-5.52,-6.98,7.9,1.89,0.995923,63,4.05,0.16,7.01,12.00,-0.55,-0.35,-5.4,-2.05,17.1,-7.01,0.983811,26
24-09-2025,NYSE:HEI.A,Heico Corporation Common Stock,38428,226530,2.31,249.68,-1.13,-0.28,-0.62,3.99,0.33,13.69,25.98,17.06,0,0,0,0,0,-1,-1,-1,-1,27,-5.38,-5.38,-5.38,4.99,34.13,41.15,-0.41,-9.39,-4.21,12.27,-2.23,0.995791,63,3.99,-3.81,13.40,14.25,-12.05,-0.41,-9.37,4.34,19.35,-18.51,0.979758,22
24-09-2025,NYSE:INVX,"Innovex International, Inc. Common Stock",1217,333571,3.45,17.7,0.06,4.46,5.59,4.24,14.12,-2.09,27.12,10.45,0,0,0,0,0,-1,-1,-1,-1,-1,0,-3.8,-7.33,16.45,31.5,41.15,-0.16,4.4,-19.99,13.41,-8.84,0.995786,63,4.24,10.32,-18.88,28.61,-22.87,-0.16,4.76,-27.94,33.71,-29.33,1.023561,66
24-09-2025,NYSE:IDA,"IDACORP, Inc. Common Stock",6939,348511,1.23,128.43,0.50,2.45,2.62,1.14,11.62,12.72,15.13,20.41,0,0,0,0,0,-1,-1,-1,-1,-1,0,0,0,13.14,15.69,28.29,-3.26,1.9,-5.18,1.42,1.12,0.995646,63,1.14,10.59,1.25,2.76,6.22,-3.26,5.03,-7.81,7.86,-0.24,0.998809,43
24-09-2025,NYSE:WMT,Walmart Inc. Common Stock,819051,16009063,1.53,102.73,0.20,-1.50,2.26,6.48,5.32,17.49,9.08,23.04,0,0,0,0,0,-1,-1,-1,-1,-1,-1.48,-1.48,-2.21,8.82,25.6,29.94,2.08,-4.4,-0.41,-4.63,3.75,0.995628,63,6.48,-1.24,12.85,-10.19,15.35,2.08,-6.8,3.79,-5.09,8.89,0.991043,34
24-09-2025,NYSE:E,ENI S.p.A. Common Stock,53352,240590,0.99,35.49,1.26,1.21,0.54,-0.28,9.97,13.24,25.84,9.69,0,0,0,0,0,-1,-1,-1,16,-1,-1.22,-1.22,-1.22,11.08,40.89,40.89,-4.68,0.25,-4.66,12.13,-9.6,0.99558,63,-0.28,10.23,3.63,14.52,-21.77,-4.68,4.67,-5.43,19.62,-28.23,1.003004,47
24-09-2025,NYSE:HLF,Herbalife Ltd. Common Shares,926,1584822,3.84,8.98,-0.66,-3.67,-3.45,-5.35,8.24,8.46,28.06,19.60,0,0,0,HV2Y,HV2Y,-1,-1,-1,-1,-1,-17.08,-17.08,-17.08,8.98,43.91,75.73,-9.75,-1.48,-9.44,14.35,0.31,0.995579,63,-5.35,12.90,0.24,21.41,-11.76,-9.75,7.34,-8.82,26.51,-18.22,0.984024,26
24-09-2025,NYSE:DCI,"Donaldson Company, Inc. Common Stock",9313,796801,2.13,79.93,-1.32,-0.89,-0.31,5.74,13.64,14.56,14.58,9.55,0,HVQ,0,0,0,-1,-1,-1,1,-1,-2.69,-2.69,-2.69,15.79,35.06,35.06,1.34,3.92,-3.34,0.87,-9.74,0.99532,63,5.74,8.38,1.07,0.01,-5.89,1.34,2.82,-7.99,5.11,-12.35,1.019694,63
24-09-2025,NASDAQ:VOD,Vodafone Group Plc - American Depositary Shares each representing ten Ordinary Shares,27338,4592886,1.09,11.33,-0.26,-2.91,-2.82,-4.77,8.47,17.48,26.04,11.65,0,0,0,0,0,-1,-1,-1,-1,-1,-6.05,-6.05,-6.05,9.26,38.34,40.75,-9.17,-1.25,-0.42,12.33,-7.64,0.995316,63,-4.77,12.64,9.84,10.37,-19.45,-9.17,7.08,0.78,15.47,-25.91,0.991968,35
24-09-2025,NYSE:CTRE,"CareTrust REIT, Inc. Common Stock",7757,2093391,1.66,34.28,-1.32,0.00,1.25,0.35,11.00,15.90,20.62,11.55,0,0,0,0,0,-1,-1,-1,18,-1,-1.32,-1.32,-1.32,13.17,28.63,37.51,-4.05,1.28,-2,6.91,-7.74,0.995175,63,0.35,10.69,5.51,5.62,-11.43,-4.05,5.13,-3.55,10.72,-17.89,1.003771,48
24-09-2025,NASDAQ:BAND,Bandwidth Inc. - Class A Common Stock,528,298552,4.59,17.53,0.06,-4.34,13.41,16.43,17.63,14.20,-2.57,1.71,0,0,0,0,0,-1,-1,-1,-1,-1,-4.16,-4.16,-19.73,33.82,53.1,53.1,12.03,7.91,-3.7,-16.28,-17.58,0.995145,63,16.43,1.43,-4.16,-19.55,4.17,12.03,-4.13,-13.22,-14.45,-2.29,1.057398,81
24-09-2025,NYSE:KTB,"Kontoor Brands, Inc. Common Stock",4524,668432,2.86,81.4,1.70,0.71,5.11,6.23,22.01,21.29,-5.98,3.29,0,0,0,0,0,-1,-1,-1,2,-1,-3.2,-3.2,-14.88,48.46,55.88,55.88,1.83,12.29,3.39,-19.69,-16,0.995095,63,6.23,16.83,-0.93,-34.65,8.75,1.83,11.27,-9.99,-29.55,2.29,1.05663,81
24-09-2025,NYSE:PHM,"PulteGroup, Inc. Common Stock",25826,2071757,2.65,130.9,0.65,-2.44,-3.45,-1.05,20.89,19.54,16.81,-8.37,0,0,0,0,0,-1,-1,-1,9,-1,-7.44,-7.44,-12.17,26.4,42.25,42.25,-5.45,11.17,1.64,3.1,-27.66,0.995066,63,-1.05,21.71,-1.70,-3.39,-30.28,-5.45,16.15,-10.76,1.71,-36.74,1.047431,78
24-09-2025,NYSE:WS,"Worthington Steel, Inc. Common Shares",1728,298697,3.07,33.97,2.78,2.59,5.83,2.30,22.70,22.46,4.45,-6.06,0,0,0,0,0,-1,-1,-1,-1,-1,0,0,-26.98,29.36,50.44,50.44,-2.1,12.98,4.56,-9.26,-25.35,0.994997,63,2.30,20.88,-0.30,-23.23,-11.00,-2.1,15.32,-9.36,-18.13,-17.46,1.056953,81
24-09-2025,NYSE:MO,"Altria Group, Inc.",109411,8271754,1.44,65.13,0.40,-0.58,-1.69,-2.95,9.50,12.93,18.64,22.63,0,0,0,0,0,-1,-1,-1,-1,-1,-3.77,-3.77,-3.77,12.78,17.22,32.76,-7.35,-0.22,-4.97,4.93,3.34,0.994772,63,-2.95,12.10,3.78,6.56,4.91,-7.35,6.54,-5.28,11.66,-1.55,0.986061,28
24-09-2025,NYSE:SCHW,Charles Schwab Corporation (The) Common Stock,167672,10268790,2.11,92.37,-1.64,0.30,0.14,-4.14,2.78,12.58,20.30,29.21,0,0,0,0,0,-1,-1,-1,-1,-1,-6.4,-6.4,-6.4,3.28,33.75,45.81,-8.54,-6.94,-5.32,6.59,9.92,0.994687,63,-4.14,6.64,10.08,8.83,11.18,-8.54,1.08,1.02,13.93,4.72,0.963177,12
24-09-2025,NYSE:STT,State Street Corporation Common Stock,32046,1723871,1.7,112.96,0.01,1.12,1.94,-1.73,7.62,18.09,15.53,21.65,0,0,0,0,0,-1,-1,-1,-1,-1,-2.47,-2.47,-2.47,10.73,49.95,49.95,-6.13,-2.1,0.19,1.82,2.36,0.994595,63,-1.73,9.19,11.34,-3.13,7.25,-6.13,3.63,2.28,1.97,0.79,0.984832,27
24-09-2025,NASDAQ:GSM,Ferroglobe PLC - Ordinary Shares,821,878690,3.29,4.4,5.52,6.59,5.00,1.59,19.77,13.41,14.09,4.55,0,0,0,0,0,-1,-1,-1,-1,-1,-7.37,-7.37,-11.29,24.65,43.32,43.32,-2.81,10.05,-4.49,0.38,-14.74,0.994563,63,1.59,18.48,-7.93,0.79,-11.11,-2.81,12.92,-16.99,5.89,-17.57,1.03611,73
24-09-2025,NYSE:TLK,"PT Telekomunikasi Indonesia, Tbk",18961,502965,1.23,19.08,-1.80,-5.08,-0.58,-5.50,16.61,26.21,18.61,-7.86,0,0,0,0,0,-1,-1,-1,-1,-1,-6.42,-6.42,-8.58,19.92,44.11,44.11,-9.9,6.89,8.31,4.9,-27.15,0.994274,63,-5.50,20.96,11.50,-10.30,-32.52,-9.9,15.4,2.44,-5.2,-38.98,1.030478,70
24-09-2025,NYSE:ZETA,Zeta Global Holdings Corp. Class A Common Stock,4896,6763799,5.02,20.57,-4.55,-0.19,8.31,4.23,26.98,23.53,7.29,-40.69,0,0,HVQ,0,HV2Y,-1,-1,-1,-1,-1,-6.84,-6.84,-44.01,46.93,86.66,86.66,-0.17,17.26,5.63,-6.42,-59.98,0.994116,63,4.23,23.76,-4.73,-21.23,-51.76,-0.17,18.2,-13.79,-16.13,-58.22,1.101228,90
24-09-2025,NASDAQ:NXST,"Nexstar Media Group, Inc. - Common Stock",6042,322218,2.64,199.3,-1.37,-3.32,0.97,-3.77,14.31,9.18,21.22,16.51,0,0,0,0,0,-1,-1,-1,-1,-1,-5.68,-5.68,-5.68,16.69,37.75,37.75,-8.17,4.59,-8.72,7.51,-2.78,0.993874,63,-3.77,17.42,-5.98,13.25,-5.98,-8.17,11.86,-15.04,18.35,-12.44,1.003492,47
24-09-2025,NASDAQ:AXON,"Axon Enterprise, Inc. - Common Stock",54798,557968,3.21,698.02,-10.23,-7.71,-7.10,-9.38,-12.47,17.31,11.80,43.66,0,0,0,0,HV2Y,-1,-1,-1,-1,-1,-19.86,-19.86,-19.86,0,40.41,77.5,-13.78,-22.19,-0.59,-1.91,24.37,0.99386,63,-9.38,-2.82,26.48,-6.67,36.12,-13.78,-8.38,17.42,-1.57,29.66,0.920945,3
24-09-2025,NYSE:WCC,"WESCO International, Inc. Common Stock",10107,686382,2.55,207.7,-1.17,-3.17,-3.42,-8.08,12.31,19.59,15.68,19.14,0,0,0,0,0,-1,-1,-1,-1,-1,-8.58,-8.58,-8.58,14.04,56.33,56.33,-12.48,2.59,1.69,1.97,-0.15,0.993853,63,-8.08,18.87,8.30,-4.87,4.11,-12.48,13.31,-0.76,0.23,-2.35,0.991307,34
24-09-2025,NASDAQ:TRMK,Trustmark Corporation - Common Stock,2437,283531,1.82,40.37,-0.05,1.49,0.62,0.57,12.48,12.88,14.19,18.95,0,0,0,0,0,-1,-1,-1,9,-1,-1.68,-1.68,-1.68,14.27,31.11,31.11,-3.83,2.76,-5.02,0.48,-0.34,0.993809,63,0.57,11.98,0.45,1.51,5.54,-3.83,6.42,-8.61,6.61,-0.92,1.001747,46
24-09-2025,NYSE:VMC,Vulcan Materials Company (Holding Company) Common Stock,38819,731319,1.76,293.81,-1.27,0.53,-0.21,1.19,13.33,17.98,11.19,14.21,0,0,0,0,0,-1,-1,-1,-1,-1,-2.6,-2.6,-2.6,15.38,29.72,33.01,-3.21,3.61,0.08,-2.52,-5.08,0.9937,63,1.19,12.28,5.36,-8.27,3.40,-3.21,6.72,-3.7,-3.17,-3.06,1.00972,54
24-09-2025,NYSE:CADE,Cadence Bank Common Stock,6812,2194327,1.98,37.28,-0.08,1.15,0.03,0.83,15.88,16.44,9.42,14.19,0,0,0,0,HV2Y,-1,-1,-1,-1,-1,-2.2,-2.2,-5.12,18.88,41.11,41.11,-3.57,6.16,-1.46,-4.29,-5.1,0.993684,63,0.83,15.17,0.67,-8.41,5.27,-3.57,9.61,-8.39,-3.31,-1.19,1.016377,61
24-09-2025,NASDAQ:IRON,"Disc Medicine, Inc. - Common Stock",2169,342159,3.9,62.39,0.37,2.17,3.93,4.78,13.58,15.39,-0.90,22.89,0,0,0,0,0,-1,-1,-1,-1,-1,-0.38,-0.38,-7.53,22.02,82,82,0.38,3.86,-2.51,-14.61,3.6,0.99364,62,4.78,9.25,2.09,-19.25,23.57,0.38,3.69,-6.97,-14.15,17.11,1.01221,56
24-09-2025,NYSE:EDD,"Morgan Stanley Emerging Markets Domestic Debt Fund, Inc. Common Stock",362,385818,1.49,5.6,-0.36,-1.07,3.75,5.36,6.96,13.39,22.32,9.64,0,0,0,0,0,-1,-1,-1,-1,-1,-1.41,-1.41,-1.41,12.68,28.44,28.74,0.96,-2.76,-4.51,8.61,-9.65,0.99345,62,5.36,1.70,6.91,10.31,-16.32,0.96,-3.86,-2.15,15.41,-22.78,1.002668,47
24-09-2025,NASDAQ:DBX,"Dropbox, Inc. - Class A Common Stock",8201,3553664,2.23,31.36,1.95,-1.02,2.07,9.17,8.99,13.14,5.01,21.24,0,0,0,0,0,-1,-1,-1,-1,-1,-2.52,-2.52,-5.74,20.02,23.37,27.74,4.77,-0.73,-4.76,-8.7,1.95,0.99338,62,9.17,-0.19,4.56,-9.36,17.09,4.77,-5.75,-4.5,-4.26,10.63,1.00539,50
24-09-2025,NYSE:JBTM,JBT Marel Corporation Common Stock,7084,645406,2.43,136.31,-1.16,0.95,-0.15,-7.26,13.45,6.33,9.32,33.09,0,0,0,0,HV2Y,-1,-1,-1,-1,-1,-7.71,-7.71,-7.71,15.55,48.84,49.46,-11.66,3.73,-11.57,-4.39,13.8,0.993333,62,-7.26,19.31,-8.23,3.20,26.21,-11.66,13.75,-17.29,8.3,19.75,0.984977,27
24-09-2025,NYSE:HEI,Heico Corporation Common Stock,38469,365300,2.21,316.7,-1.02,-0.08,0.05,3.59,-0.01,14.48,24.95,16.07,0,0,0,0,0,-1,-1,-1,-1,30,-6.18,-6.18,-6.18,4.01,33.95,44.22,-0.81,-9.73,-3.42,11.24,-3.22,0.993249,62,3.59,-3.73,14.49,12.24,-11.83,-0.81,-9.29,5.43,17.34,-18.29,0.979439,22
24-09-2025,NASDAQ:HWC,Hancock Whitney Corporation - Common Stock,5326,847396,1.77,62.84,-0.02,-0.45,-0.51,0.25,11.03,14.34,15.26,18.16,0,0,0,0,0,-1,-1,-1,-1,-1,-2.29,-2.29,-2.29,12.39,36.46,36.46,-4.15,1.31,-3.56,1.55,-1.13,0.993212,62,0.25,10.80,3.72,1.08,3.42,-4.15,5.24,-5.34,6.18,-3.04,0.998162,42
24-09-2025,NYSE:SMFG,Sumitomo Mitsui Financial Group Inc Unsponsored American Depositary Shares (Japan),109290,2097824,1.01,16.92,-0.24,1.83,0.47,1.30,11.88,3.96,16.25,23.94,0,0,0,0,0,-1,-1,-1,-1,-1,-1.23,-1.23,-1.23,16.45,38.35,39.03,-3.1,2.16,-13.94,2.54,4.65,0.993055,62,1.30,10.72,-8.99,12.80,9.17,-3.1,5.16,-18.05,17.9,2.71,0.9974,41
24-09-2025,NASDAQ:WIX,Wix.com Ltd. - Ordinary Shares,10102,2215127,4.81,181.46,1.98,0.26,9.60,27.05,11.95,4.49,-19.82,11.47,0,HV2Y,0,0,HV2Y,-1,-1,-1,-1,-1,-1.51,-4.3,-26.46,57.2,57.2,57.2,22.65,2.23,-13.41,-33.53,-7.82,0.993054,62,27.05,-20.70,-8.47,-25.46,26.12,22.65,-26.26,-17.53,-20.36,19.66,1.061844,83
24-09-2025,NYSE:CC,Chemours Company (The) Common Stock,2449,3046769,4.34,16.36,-0.79,-4.95,0.49,7.03,30.32,13.51,-6.78,-14.30,0,0,0,0,0,-1,-1,-1,-1,-1,-6.67,-6.67,-25.43,43.51,74.04,74.04,2.63,20.6,-4.39,-20.49,-33.59,0.992934,62,7.03,25.05,-24.12,-23.46,-7.04,2.63,19.49,-33.18,-18.36,-13.5,1.098768,90
24-09-2025,NYSE:VALE,VALE S.A.  American Depositary Shares Each Representing one common share,46503,24831939,1.45,10.83,-1.10,-0.46,3.05,6.09,16.34,6.83,18.93,3.97,0,0,0,0,0,-1,-1,2,-1,-1,-1.1,-1.1,-8.22,19.54,31.11,31.11,1.69,6.62,-11.07,5.22,-15.32,0.992862,62,6.09,10.91,-11.37,12.98,-18.45,1.69,5.35,-20.43,18.08,-24.91,1.033681,72
24-09-2025,NYSE:BLD,TopBuild Corp. Common Stock,11072,343366,2.57,393.46,-1.17,-4.78,-6.15,-9.18,18.81,20.40,21.48,-3.21,0,0,0,0,0,-1,-1,-1,-1,-1,-11.24,-11.24,-11.24,23.16,42.59,42.59,-13.58,9.09,2.5,7.77,-22.5,0.992842,62,-9.18,25.63,1.96,1.36,-31.44,-13.58,20.07,-7.1,6.46,-37.9,1.027912,69
24-09-2025,NASDAQ:QRVO,"Qorvo, Inc. - Common Stock",8642,2399897,3.06,93.27,-0.62,6.00,4.37,1.23,11.29,18.91,26.24,-9.64,0,0,0,0,0,-1,-1,-1,-1,-1,-3.16,-3.16,-11.14,12.73,83.57,83.57,-3.17,1.57,1.01,12.53,-28.93,0.992791,62,1.23,10.18,8.59,9.03,-48.63,-3.17,4.62,-0.47,14.13,-55.09,1.027316,68
24-09-2025,NYSE:ES,Eversource Energy (D/B/A) Common Stock,25644,3371377,2.31,69.1,-0.46,8.39,7.37,8.26,9.61,14.59,19.10,2.84,0,0,0,0,0,-1,-1,-1,-1,-1,-0.46,-0.46,-0.46,10.63,27.37,27.37,3.86,-0.11,-3.31,5.39,-16.45,0.992733,62,8.26,1.47,5.51,5.29,-20.11,3.86,-4.09,-3.55,10.39,-26.57,1.019066,62
24-09-2025,NASDAQ:FOX,Fox Corporation - Class B Common Stock,25464,2638957,2.4,54.3,-2.04,1.34,4.60,-0.63,5.38,6.34,15.34,31.34,0,0,0,0,0,-1,-1,-1,-1,-1,-4.42,-4.42,-4.42,10.68,23.94,45.65,-5.03,-4.34,-11.56,1.63,12.05,0.99273,62,-0.63,5.97,1.01,9.61,18.90,-5.03,0.41,-8.05,14.71,12.44,0.972243,17
24-09-2025,NYSE:FBK,FB Financial Corporation Common Stock,2947,329586,1.96,54.72,0.24,3.49,2.83,3.29,18.68,12.17,6.73,12.57,0,0,0,0,0,-1,-1,-1,8,-1,0,0,-5.21,22.97,37.04,37.04,-1.11,8.96,-5.73,-6.98,-6.72,0.99258,62,3.29,15.91,-8.00,-6.20,6.27,-1.11,10.35,-17.06,-1.1,-0.19,1.029452,70
24-09-2025,NYSE:J,Jacobs Solutions Inc. Common Stock,17627,657832,1.6,147.46,-0.27,0.11,1.86,0.24,13.16,17.02,10.01,16.70,0,0,0,0,0,-1,-1,-1,16,-1,-3.1,-3.1,-3.1,15.15,34.47,34.47,-4.16,3.44,-0.88,-3.7,-2.59,0.992376,62,0.24,12.94,4.45,-8.45,7.42,-4.16,7.38,-4.61,-3.35,0.96,1.006191,51
24-09-2025,NYSE:RF,Regions Financial Corporation Common Stock,23789,19274173,1.95,26.66,-0.26,-1.01,-1.43,0.04,14.14,15.90,13.09,13.32,0,0,0,0,0,-1,-1,-1,-1,-1,-2.74,-2.74,-2.95,16.47,45.37,45.37,-4.36,4.42,-2,-0.62,-5.97,0.992303,62,0.04,14.11,2.05,-3.35,0.26,-4.36,8.55,-7.01,1.75,-6.2,1.010546,55
24-09-2025,NYSE:GD,General Dynamics Corporation Common Stock,87052,1028852,1.12,323.62,0.13,-0.51,0.18,1.15,11.65,17.33,19.57,5.18,0,0,0,0,0,-1,-1,-1,8,-1,-1.82,-1.82,-1.82,13.19,30.66,33.76,-3.25,1.93,-0.57,5.86,-14.11,0.992106,62,1.15,10.62,6.43,2.71,-17.90,-3.25,5.06,-2.63,7.81,-24.36,1.012329,57
24-09-2025,NASDAQ:GILD,"Gilead Sciences, Inc. - Common Stock",141043,6696715,2.01,113.67,-0.64,1.24,-1.39,-0.42,6.81,5.08,19.86,26.15,0,0,0,0,HV2Y,-1,-1,-1,-1,-1,-5.64,-5.64,-5.64,7.31,17.29,38.27,-4.82,-2.91,-12.82,6.15,6.86,0.991991,62,-0.42,7.20,-1.85,15.57,7.85,-4.82,1.64,-10.91,20.67,1.39,0.980023,23
24-09-2025,NASDAQ:FLGT,"Fulgent Genetics, Inc. - Common Stock",676,238476,2.6,22.1,0.73,0.32,1.45,2.58,11.45,22.85,15.16,0.54,0,0,0,0,0,-1,-1,-1,-1,-1,-1.73,-1.73,-2.56,28.64,31.16,44.63,-1.82,1.73,4.95,1.45,-18.75,0.991878,62,2.58,9.10,12.88,-9.97,-17.23,-1.82,3.54,3.82,-4.87,-23.69,1.018733,62
24-09-2025,NASDAQ:OPRA,Opera Limited - American Depositary Shares,1685,791060,3.77,19.18,1.91,-1.20,-2.61,16.16,4.43,5.37,3.02,24.09,0,0,0,0,HV2Y,-1,-1,-1,-1,-1,-5.66,-5.66,-12.26,24.55,39.09,39.09,11.76,-5.29,-12.53,-10.69,4.8,0.991839,62,16.16,-13.99,0.98,-2.48,21.72,11.76,-19.55,-8.08,2.62,15.26,1.003962,48
24-09-2025,NASDAQ:PTC,PTC Inc. - Common Stock,24390,875616,1.88,203.6,-0.21,-0.19,-0.44,-5.28,17.19,20.04,8.09,13.61,0,0,0,0,0,-1,-1,-1,-1,-1,-5.97,-5.97,-5.97,20.76,48.9,48.9,-9.68,7.47,2.14,-5.62,-5.68,0.99159,62,-5.28,21.34,3.44,-14.94,6.00,-9.68,15.78,-5.62,-9.84,-0.46,1.014181,59
24-09-2025,NYSE:MTUS,Metallus Inc. Common Shares,702,328517,2.96,16.79,2.00,1.85,1.07,0.77,11.97,19.00,13.88,10.07,0,0,0,0,0,-1,-1,-1,-1,-1,-5.41,-5.41,-5.41,13.6,46.64,46.64,-3.63,2.25,1.1,0.17,-9.22,0.99147,62,0.77,11.28,7.98,-6.32,-4.43,-3.63,5.72,-1.08,-1.22,-10.89,1.008836,53
24-09-2025,NASDAQ:NTGR,"NETGEAR, Inc. - Common Stock",833,293252,2.3,28.73,0.00,0.35,1.25,6.02,0.84,13.68,7.03,29.45,0,0,0,0,HV2Y,-1,-1,-1,-1,-1,-4.99,-8.06,-8.06,27.69,43.87,50.73,1.62,-8.88,-4.22,-6.68,10.16,0.991336,62,6.02,-5.52,12.95,-7.70,24.11,1.62,-11.08,3.89,-2.6,17.65,0.97574,19
24-09-2025,NYSE:ETN,"Eaton Corporation, PLC Ordinary Shares",144901,2368652,2.22,372.21,1.00,2.38,2.68,7.11,8.02,19.40,9.83,11.18,0,0,0,0,0,-1,-1,-1,-1,-1,-5.23,-5.23,-5.23,8.72,50.99,50.99,2.71,-1.7,1.5,-3.88,-8.11,0.99101,62,7.11,0.99,12.37,-11.88,1.50,2.71,-4.57,3.31,-6.78,-4.96,1.007914,52
24-09-2025,NASDAQ:CRCT,"Cricut, Inc. - Class A common stock",1434,642291,3.51,6.75,-0.74,2.07,7.56,12.74,1.33,24.00,10.37,3.56,0,0,0,0,HV2Y,-1,-1,-1,-1,-1,-6.38,-6.38,-6.38,45.47,64.43,64.43,8.34,-8.39,6.1,-3.34,-15.73,0.990974,62,12.74,-13.07,22.97,-17.93,-7.60,8.34,-18.63,13.91,-12.83,-14.06,1.010213,55
24-09-2025,NYSE:MLM,"Martin Marietta Materials, Inc. Common Stock",36594,370479,1.8,606.8,-1.40,-0.48,-1.64,0.38,11.93,19.53,13.35,9.97,0,0,0,0,0,-1,-1,-1,16,-1,-3.85,-3.85,-3.85,13.54,34.1,34.1,-4.02,2.21,1.63,-0.36,-9.32,0.990947,62,0.38,11.59,8.63,-7.67,-3.90,-4.02,6.03,-0.43,-2.57,-10.36,1.008493,53
24-09-2025,NYSE:MRC,MRC Global Inc. Common Stock,1245,817958,2.7,14.63,0.07,1.85,0.55,-1.03,11.35,17.22,13.81,14.90,0,0,HV2Y,0,0,-1,-1,-1,-1,-1,-4.63,-4.63,-4.63,14.39,54.65,54.65,-5.43,1.63,-0.68,0.1,-4.39,0.990624,62,-1.03,12.25,6.63,-4.13,1.27,-5.43,6.69,-2.43,0.97,-5.19,1.000672,45
24-09-2025,NYSE:SU,Suncor Energy  Inc. Common Stock,51454,4723392,2.07,42.41,0.21,-1.04,0.35,4.81,10.47,9.27,18.39,12.26,0,0,0,0,0,-1,-1,-1,-1,-1,-1.42,-1.42,-1.42,13.24,34.46,34.46,0.41,0.75,-8.63,4.68,-7.03,0.990609,62,4.81,5.95,-1.34,10.06,-7.51,0.41,0.39,-10.4,15.16,-13.97,1.007947,52
24-09-2025,NASDAQ:PDFS,"PDF Solutions, Inc. - Common Stock",1005,326188,3.63,25.46,-1.93,21.21,24.08,21.88,17.79,17.05,-11.78,-17.05,0,0,0,0,0,-1,-1,-1,-1,-1,-1.93,-1.93,-23.45,34.21,55.15,55.15,17.48,8.07,-0.85,-25.49,-36.34,0.990444,61,21.88,-5.23,-0.91,-34.75,-4.71,17.48,-10.79,-9.97,-29.65,-11.17,1.084958,88
24-09-2025,NYSE:DBRG,"DigitalBridge Group, Inc.",2333,2149576,3.41,12.27,-0.24,3.99,8.96,7.66,16.06,24.53,9.05,-18.26,0,0,0,HV2Y,HV2Y,-1,-1,-1,-1,-1,-0.41,-0.41,-27.22,20.29,80.44,80.44,3.26,6.34,6.63,-4.66,-37.55,0.990399,61,7.66,9.09,10.10,-20.52,-30.02,3.26,3.53,1.04,-15.42,-36.48,1.054407,80
24-09-2025,NASDAQ:RNW,ReNew Energy Global plc - Class A Shares,2797,748649,2.07,7.71,-1.78,-0.26,0.65,-1.43,12.84,19.07,9.60,14.92,0,0,HVQ,0,0,-1,-1,-1,-1,-1,-1.78,-1.78,-1.78,14.73,37.43,47.7,-5.83,3.12,1.17,-4.11,-4.37,0.99027,61,-1.43,14.07,7.14,-11.70,5.88,-5.83,8.51,-1.92,-6.6,-0.58,1.005265,49
24-09-2025,NYSE:ICL,ICL Group Ltd. Ordinary Shares,7925,611944,1.64,6.14,1.49,1.14,-1.79,-4.07,-9.61,6.51,21.01,38.11,0,0,0,0,0,-1,-1,-1,-1,-1,-16.01,-16.01,-16.01,3.54,14.77,61.58,-8.47,-19.33,-11.39,7.3,18.82,0.990268,61,-4.07,-5.32,14.71,15.51,21.65,-8.47,-10.88,5.65,20.61,15.19,0.931315,4
24-09-2025,NASDAQ:MARA,"MARA Holdings, Inc. - Common Stock",6535,66823493,6.03,17.64,-0.40,1.70,10.09,12.70,15.08,19.22,-15.48,11.90,0,0,0,0,2,-1,-1,-1,-1,-1,-11.67,-11.67,-35.67,17.76,67.68,67.68,8.3,5.36,1.32,-29.19,-7.39,0.990171,61,12.70,2.73,4.87,-42.95,23.71,8.3,-2.83,-4.19,-37.85,17.25,1.044514,76
24-09-2025,NASDAQ:SMCI,"Super Micro Computer, Inc. - Common Stock",27455,27130620,3.87,46.2,-1.68,2.81,4.96,4.61,-0.89,12.03,32.38,1.02,0,0,0,2,HV2Y,-1,-1,-1,-1,-1,-23.9,-23.9,-23.9,15.38,56.56,156.52,0.21,-10.61,-5.87,18.67,-18.27,0.99016,61,4.61,-5.76,12.81,23.13,-46.37,0.21,-11.32,3.75,28.23,-52.83,0.997395,41
24-09-2025,NYSE:DGX,Quest Diagnostics Incorporated Common Stock,20891,693250,1.44,186.82,-0.08,2.45,3.58,4.37,4.37,11.33,18.90,18.11,0,0,0,0,0,-1,-1,-1,-1,-1,-0.08,-0.08,-0.08,12.26,16.91,27.17,-0.03,-5.35,-6.57,5.19,-1.18,0.990143,61,4.37,0.01,7.27,8.54,-0.97,-0.03,-5.55,-1.79,13.64,-7.43,0.987549,30
24-09-2025,NASDAQ:WFRD,Weatherford International plc - Ordinary shares,4849,885206,3.74,67.5,0.25,5.51,5.47,8.18,29.23,18.79,-1.57,-41.88,0,0,0,0,0,-1,-1,-1,-1,-1,0,0,-29.72,41.3,72.33,72.33,3.78,19.51,0.89,-15.28,-61.17,0.990083,61,8.18,22.93,-14.76,-25.06,-39.69,3.78,17.37,-23.82,-19.96,-46.15,1.115204,92
24-09-2025,NYSE:GATX,GATX Corporation Common Stock,6176,219932,1.98,173.49,-1.86,2.51,2.91,4.99,11.59,8.34,9.62,20.42,0,0,HVQ,0,0,-1,-1,9,-1,-1,-1.86,-1.86,-1.86,16.26,22.81,35.01,0.59,1.87,-9.56,-4.09,1.13,0.990043,61,4.99,6.95,-3.68,1.40,11.95,0.59,1.39,-12.74,6.5,5.49,1.005021,49
24-09-2025,NYSE:CIG,Comp En De Mn Cemig ADS American Depositary Shares,6815,2351715,1.77,2.13,0.47,0.47,4.69,7.04,12.68,14.08,13.62,4.69,0,0,0,0,0,-1,-1,-1,-1,-1,0,0,0,17.68,31.48,31.48,2.64,2.96,-3.82,-0.09,-14.6,0.990024,61,7.04,6.06,1.61,-0.55,-10.33,2.64,0.5,-7.45,4.55,-16.79,1.023263,66
24-09-2025,NASDAQ:VICR,Vicor Corporation - Common Stock,2372,280830,3.03,52.81,-1.88,1.14,5.15,4.00,12.80,-3.39,7.06,29.86,0,0,HV2Y,0,0,-1,-1,-1,-1,-1,-3.49,-3.49,-18.39,20.45,34,42.58,-0.4,3.08,-21.29,-6.65,10.57,0.989856,61,4.00,9.17,-18.57,10.11,24.53,-0.4,3.61,-27.63,15.21,18.07,1.001626,46
24-09-2025,NYSE:ADM,Archer-Daniels-Midland Company Common Stock,29539,3624954,2.22,60.7,1.40,-2.72,-2.45,-3.66,12.80,24.33,17.87,-2.88,0,0,0,0,0,-1,-1,-1,-1,-1,-5.47,-5.47,-5.47,16.78,45.25,45.25,-8.06,3.08,6.43,4.16,-22.17,0.989627,61,-3.66,15.88,13.23,-8.53,-25.28,-8.06,10.32,4.17,-3.43,-31.74,1.01769,62
24-09-2025,NASDAQ:MSFT,Microsoft Corporation - Common Stock,3792030,20546751,1.43,510.15,0.18,0.03,1.92,1.15,3.50,22.54,14.33,14.68,0,0,0,0,0,-1,-1,-1,-1,23,-4.76,-4.76,-4.76,3.88,43.88,43.88,-3.25,-6.22,4.64,0.62,-4.61,0.989613,61,1.15,2.38,19.73,-10.60,0.40,-3.25,-3.18,10.67,-5.5,-6.06,0.986941,29
24-09-2025,NASDAQ:SCHL,Scholastic Corporation - Common Stock,661,416760,4.21,26.3,1.39,-3.46,0.04,1.63,18.97,28.33,5.55,-19.39,0,0,0,HVY,HVY,-1,-1,-1,-1,-1,-4.5,-4.5,-17.92,25.36,66.04,66.04,-2.77,9.25,10.43,-8.16,-38.68,0.989507,61,1.63,17.63,11.54,-31.78,-26.41,-2.77,12.07,2.48,-26.68,-32.87,1.057324,81
24-09-2025,NYSE:PDM,"Piedmont Realty Trust, Inc. Class A Common Stock",1128,857397,2.47,8.92,-1.55,1.91,2.47,8.63,20.40,17.15,4.48,-10.87,0,0,0,0,0,-1,-1,-1,-1,-1,-1.55,-1.55,-19.42,25.63,55.13,55.13,4.23,10.68,-0.75,-9.23,-30.16,0.989347,61,8.63,12.88,-4.08,-15.29,-16.08,4.23,7.32,-13.14,-10.19,-22.54,1.061287,82
24-09-2025,NASDAQ:MSTR,Strategy Inc - Class A Common Stock,91675,10507814,4.01,323.31,-1.36,-1.98,-0.97,-6.15,-20.22,-5.72,-0.97,55.22,0,0,0,0,HV2Y,-1,-1,-1,-1,-1,-29.08,-29.08,-31.77,0,35.87,123.31,-10.55,-29.94,-23.62,-14.68,35.93,0.989271,61,-6.15,-13.25,12.06,4.49,55.65,-10.55,-18.81,3,9.59,49.19,0.905637,2
24-09-2025,NYSE:ATO,Atmos Energy Corporation Common Stock,26771,849905,1.29,166.77,0.26,1.99,1.71,0.79,8.42,11.05,17.27,18.11,0,0,0,0,0,-1,-1,-1,-1,-1,-0.86,-0.86,-0.86,10.07,14.97,22.26,-3.61,-1.3,-6.85,3.56,-1.18,0.988876,61,0.79,7.69,2.87,6.99,1.02,-3.61,2.13,-6.19,12.09,-5.44,0.992265,36
24-09-2025,NASDAQ:INDI,"indie Semiconductor, Inc. - Class A Common Stock",856,3757004,5.2,3.96,-0.50,5.05,-0.51,-15.66,3.28,43.69,-4.55,8.33,0,0,0,0,HV2Y,-1,-1,-1,-1,-1,-19.51,-19.51,-27.74,11.86,147.5,147.5,-20.06,-6.44,25.79,-18.26,-10.96,0.988876,61,-15.66,16.38,41.78,-85.65,12.32,-20.06,10.82,32.72,-80.55,5.86,1.005503,50
24-09-2025,NYSE:CMA,Comerica Incorporated Common Stock,8859,1684007,2.41,68.93,0.23,-0.96,-0.46,0.38,16.05,11.84,12.94,10.79,0,0,0,0,0,-1,-1,-1,-1,-1,-2.98,-2.98,-5.22,19.11,36.71,36.71,-4.02,6.33,-6.06,-0.77,-8.5,0.988855,61,0.38,15.73,-5.01,1.25,-2.47,-4.02,10.17,-14.07,6.35,-8.93,1.018393,62
24-09-2025,NYSE:BEPC,Brookfield Renewable Corporation Brookfield Renewable Corporation Class A Subordinate Voting Shares,4981,775945,1.97,34.38,0.67,1.31,1.95,2.47,5.79,15.53,19.49,11.66,0,0,0,0,0,-1,-1,-1,-1,-1,-6.96,-6.96,-6.96,6.14,40.38,40.38,-1.93,-3.93,-2.37,5.78,-7.63,0.988694,61,2.47,3.40,10.34,4.68,-9.72,-1.93,-2.16,1.28,9.78,-16.18,0.994144,37
24-09-2025,NYSE:ASC,Ardmore Shipping Corporation Common Stock,514,529081,2.83,12.65,0.24,-5.06,2.53,9.41,20.32,21.03,10.75,-38.26,0,0,0,0,HV2Y,-1,-1,5,-1,-1,-4.82,-4.82,-31.95,31.77,48.65,48.65,5.01,10.6,3.13,-2.96,-57.55,0.988612,61,9.41,12.04,0.89,-13.01,-54.92,5.01,6.48,-8.17,-7.91,-61.38,1.084807,88
24-09-2025,NASDAQ:CNXC,Concentrix Corporation - Common Stock,3504,702271,3.7,55.6,0.93,0.20,7.12,7.84,2.57,18.74,27.37,-13.99,0,0,0,HV2Y,HV2Y,-1,-1,-1,-1,-1,-10.32,-14.51,-14.51,21.03,23.06,49.22,3.44,-7.15,0.84,13.66,-33.28,0.988572,61,7.84,-5.72,16.60,10.62,-56.96,3.44,-11.28,7.54,15.72,-63.42,1.021691,64
24-09-2025,NYSE:TDS,"Telephone and Data Systems, Inc. Common Shares",4031,1097733,2.68,37.32,-0.21,-2.73,-3.70,-3.35,5.98,-2.68,9.59,38.45,0,0,HVQ,0,HV2Y,-1,-1,-1,-1,-1,-8.35,-8.35,-8.35,8.77,17.58,63.25,-7.75,-3.74,-20.58,-4.12,19.16,0.988439,61,-3.35,9.02,-9.20,11.95,31.92,-7.75,3.46,-18.26,17.05,25.46,0.966999,14
24-09-2025,NYSE:DG,Dollar General Corporation Common Stock,23001,3462523,2.88,104.5,0.80,-1.57,-1.89,-7.51,-7.91,20.98,29.29,17.69,0,0,HVQ,0,0,-1,-1,-1,-1,-1,-10.16,-10.16,-10.16,2.59,26.54,52.69,-11.91,-17.63,3.08,15.58,-1.6,0.988391,61,-7.51,-0.37,26.77,10.52,-16.40,-11.91,-5.93,17.71,15.62,-22.86,0.951389,8
24-09-2025,NASDAQ:TRMB,Trimble Inc. - Common Stock,19009,1354455,2.02,79.88,-2.63,0.30,-0.35,-1.94,7.21,11.77,11.44,26.68,0,0,0,0,0,-1,-1,-1,-1,-1,-6.29,-6.29,-6.29,7.77,44.92,44.92,-6.34,-2.51,-6.13,-2.27,7.39,0.988299,61,-1.94,8.98,4.91,-0.37,17.20,-6.34,3.42,-4.15,4.73,10.74,0.979769,23
24-09-2025,NASDAQ:EVRG,"Evergy, Inc. - Common Stock",16965,2112981,1.25,73.71,0.57,2.65,2.85,2.79,7.49,10.23,17.88,16.36,0,0,0,0,0,-1,-1,-1,-1,-1,0,0,0,8.83,15.06,24.81,-1.61,-2.23,-7.67,4.17,-2.93,0.98812,61,2.79,4.83,2.96,8.52,-1.85,-1.61,-0.73,-6.1,13.62,-8.31,0.994204,37
24-09-2025,NYSE:BANC,"Banc of California, Inc. Common Stock",2633,2188979,2,16.71,1.21,1.62,-0.66,1.86,17.06,13.11,8.08,9.93,0,0,0,0,0,-1,-1,-1,-1,-1,-1.99,-1.99,-5.97,20.56,38.56,38.56,-2.54,7.34,-4.79,-5.63,-9.36,0.987951,61,1.86,15.49,-4.76,-5.79,2.02,-2.54,9.93,-13.82,-0.69,-4.44,1.024603,67
24-09-2025,NYSE:HMN,Horace Mann Educators Corporation Common Stock,1862,244444,1.72,45.76,-0.80,0.00,-1.75,1.20,7.76,7.78,13.83,24.06,0,0,0,0,0,-1,-1,-1,-1,-1,-3.85,-3.85,-3.85,13.92,17.82,33.18,-3.2,-1.96,-10.12,0.12,4.77,0.987949,61,1.20,6.64,0.02,6.56,11.87,-3.2,1.08,-9.04,11.66,5.41,0.986604,29
24-09-2025,NYSE:SRE,DBA Sempra Common Stock,56948,4782317,1.97,87.28,1.43,5.30,6.04,6.40,14.05,20.82,1.58,4.70,0,0,0,0,0,-1,-1,-1,-1,-1,0,0,-7.9,17.72,36.85,36.85,2,4.33,2.92,-12.13,-14.59,0.987823,61,6.40,8.17,7.88,-24.29,3.17,2,2.61,-1.18,-19.19,-3.29,1.029738,70
24-09-2025,NYSE:OMF,"OneMain Holdings, Inc. Common Stock",7148,797550,2.04,60.13,-0.46,-0.58,-1.05,-0.08,7.62,14.32,14.88,18.36,0,0,0,0,0,-1,-1,-1,-1,-1,-3.96,-3.96,-3.96,8.24,48.76,48.76,-4.48,-2.1,-3.58,1.17,-0.93,0.987734,60,-0.08,7.69,7.25,0.66,4.08,-4.48,2.13,-1.81,5.76,-2.38,0.98942,32
24-09-2025,NYSE:PSX,Phillips 66 Common Stock,55199,2729735,2.38,136.59,3.26,2.53,3.79,5.18,12.42,8.13,19.21,4.85,0,0,0,0,0,-1,-1,-1,-1,-1,0,0,-1.68,15.39,47.08,47.08,0.78,2.7,-9.77,5.5,-14.44,0.987657,60,5.18,7.64,-4.90,12.06,-17.78,0.78,2.08,-13.96,17.16,-24.24,1.020476,64
24-09-2025,NYSE:PH,Parker-Hannifin Corporation Common Stock,94751,581656,1.77,748.76,-1.50,1.37,-2.21,-0.21,10.05,13.01,14.62,16.69,0,0,0,0,0,-1,-1,-1,-1,-1,-2.72,-2.72,-2.72,11.17,44.76,44.76,-4.61,0.33,-4.89,0.91,-2.6,0.987561,60,-0.21,10.23,3.29,1.86,2.42,-4.61,4.67,-5.77,6.96,-4.04,0.996517,40
24-09-2025,NYSE:SQM,Sociedad Quimica y Minera S.A. Common Stock,12196,1157272,3.17,43.72,1.16,0.85,4.28,-6.70,21.61,2.31,13.91,15.62,0,0,HV2Y,HV2Y,0,-1,-1,-1,-1,-1,-6.86,-6.86,-6.86,27.58,45.59,45.59,-11.1,11.89,-15.59,0.2,-3.67,0.987466,60,-6.70,26.54,-24.63,11.87,1.99,-11.1,20.98,-33.69,16.97,-4.47,1.025103,67
24-09-2025,NASDAQ:LIVN,LivaNova PLC - Ordinary Shares,2906,567608,2.42,53.23,-1.35,-2.44,-6.18,-5.86,13.83,25.00,10.78,4.66,0,0,0,HVY,0,-1,-1,-1,-1,-1,-9.35,-9.35,-9.35,29.42,57.25,57.25,-10.26,4.11,7.1,-2.93,-14.63,0.98732,60,-5.86,18.60,12.97,-18.96,-6.86,-10.26,13.04,3.91,-13.86,-13.32,1.012481,57
24-09-2025,NYSE:MODG,Topgolf Callaway Brands Corp. Common Stock,1688,2102416,3.73,9.18,0.88,0.22,-0.98,-5.45,14.16,25.60,20.59,-16.56,0,0,0,0,0,-1,-1,-1,-1,-1,-8.11,-8.11,-16.55,16.5,64.81,64.81,-9.85,4.44,7.7,6.88,-35.85,0.987088,60,-5.45,18.60,13.32,-6.73,-46.78,-9.85,13.04,4.26,-1.63,-53.24,1.03222,71
24-09-2025,NYSE:JHG,Janus Henderson Group plc Ordinary Shares,6916,1076954,1.93,44.34,-0.40,-0.43,-0.59,0.61,15.52,14.43,5.95,13.87,0,0,0,0,0,-1,-1,-1,16,-1,-2.27,-2.27,-3.48,18.37,50.46,50.46,-3.79,5.8,-3.47,-7.76,-5.42,0.9869,60,0.61,15.00,-1.28,-9.91,8.42,-3.79,9.44,-10.34,-4.81,1.96,1.016118,60
24-09-2025,NYSE:MRP,"Millrose Properties, Inc. Class A Common Stock",5336,1171328,2.09,34.44,-0.49,0.78,-1.36,-0.81,18.93,24.16,NA,NA,0,0,0,0,0,-1,-1,-1,11,-1,-2.99,-2.99,-2.99,25.19,53,62.3,-5.21,9.21,6.26,0,0,0.986856,60,-0.81,19.59,6.45,NA,NA,-5.21,14.03,-2.61,0,0,0.924951,4
24-09-2025,NASDAQ:GTM,ZoomInfo Technologies Inc. - Common Stock,3667,4548292,4.21,11.51,-3.36,-4.34,0.96,9.12,15.38,3.39,8.95,10.60,0,0,0,0,0,-1,-1,-1,-1,-1,-5.66,-5.66,-12,20.65,55.33,55.33,4.72,5.66,-14.51,-4.76,-8.69,0.986641,60,9.12,6.88,-14.17,5.76,1.81,4.72,1.32,-23.23,10.86,-4.65,1.030028,70
24-09-2025,NYSE:WBS,Webster Financial Corporation Common Stock,9998,1386738,2.23,60.16,-0.91,-0.81,-2.49,-1.61,11.77,12.45,10.02,20.16,0,0,0,0,HV2Y,-1,-1,-1,-1,-1,-4.39,-4.39,-4.39,13.34,44.06,44.06,-6.01,2.05,-5.45,-3.69,0.87,0.986638,60,-1.61,13.17,0.77,-2.77,11.27,-6.01,7.61,-8.29,2.33,4.81,0.997109,41
24-09-2025,NASDAQ:UXIN,Uxin Limited - American Depositary Shares,732,273771,9.41,3.58,0.85,1.40,7.82,-16.48,-4.75,-14.25,-5.59,55.73,0,HVQ,HVQ,0,HV2Y,-1,-1,-1,-1,-1,-30.35,-31.02,-51.29,11.53,11.53,125.87,-20.88,-14.47,-32.15,-19.3,36.44,0.986345,60,-16.48,10.07,-9.07,7.58,58.07,-20.88,4.51,-18.13,12.68,51.61,0.924313,4
24-09-2025,NASDAQ:CRMD,CorMedix Inc. - Common Stock,877,4742809,6.12,11.24,-1.75,1.07,-13.79,-22.15,-33.19,34.70,21.09,34.34,0,0,0,HV2Y,HV2Y,-1,-1,-1,-1,-1,-24.92,-32.13,-32.13,11.62,91.81,91.81,-26.55,-42.91,16.8,7.38,15.05,0.986136,60,-22.15,-9.03,50.97,-20.84,16.80,-26.55,-14.59,41.91,-15.74,10.34,0.897437,2
24-09-2025,NYSE:MHO,"M/I Homes, Inc. Common Stock",3836,302094,2.78,145.36,0.91,-4.53,-4.16,-0.50,24.44,18.82,6.16,-16.66,0,0,0,0,0,-1,-1,-1,6,-1,-7.54,-7.54,-16.9,32.35,39.9,39.9,-4.9,14.72,0.92,-7.55,-35.95,0.98599,60,-0.50,24.82,-7.45,-15.58,-24.33,-4.9,19.26,-16.51,-10.48,-30.79,1.066574,84
24-09-2025,NASDAQ:PRVA,"Privia Health Group, Inc. - Common Stock",2865,888521,2.52,23.34,-0.60,4.84,2.83,8.31,6.81,2.53,13.75,19.67,0,0,0,0,0,-1,-1,-1,-1,-1,-1.06,-6.9,-9.15,23.75,23.75,38.76,3.91,-2.91,-15.37,0.04,0.38,0.985919,60,8.31,-1.64,-4.60,11.52,6.86,3.91,-7.2,-13.66,16.62,0.4,0.998382,43
24-09-2025,NYSE:VEEV,Veeva Systems Inc. Class A Common Stock,45557,1556598,2.36,277.94,-0.32,1.21,1.20,-2.60,-0.56,13.43,20.96,22.69,0,0,HV2Y,HV2Y,0,-1,-1,-1,-1,-1,-5.33,-5.33,-5.33,3.25,32.74,37.72,-7,-10.28,-4.47,7.25,3.4,0.9858,60,-2.60,1.99,13.91,8.70,2.18,-7,-3.57,4.85,13.8,-4.28,0.964185,13
24-09-2025,NYSE:WEC,"WEC Energy Group, Inc. Common Stock",36055,2110160,1.25,112.02,0.23,2.46,2.35,4.52,8.17,6.88,16.75,15.44,0,0,0,0,0,-1,-1,-1,-1,-1,0,0,0,8.89,9.57,21.6,0.12,-1.55,-11.02,3.04,-3.85,0.985683,60,4.52,3.82,-1.40,10.59,-1.57,0.12,-1.74,-10.46,15.69,-8.03,0.99926,43
24-09-2025,NASDAQ:LIND,Lindblad Expeditions Holdings Inc.  - Common Stock,712,454898,3.68,13,0.31,0.38,-0.62,-14.92,14.77,20.08,7.46,21.08,0,0,HVQ,0,HV2Y,-1,-1,-1,-1,-1,-13.33,-13.33,-13.33,17.33,66.88,66.88,-19.32,5.05,2.18,-6.25,1.79,0.985398,60,-14.92,25.84,6.23,-15.78,14.71,-19.32,20.28,-2.83,-10.68,8.25,0.991935,35
24-09-2025,NYSE:GPC,Genuine Parts Company Common Stock,19280,1413190,1.88,138.61,-0.04,-0.45,-0.63,-0.46,14.04,14.95,17.31,1.15,0,0,0,0,HV2Y,-1,-1,-1,18,-1,-2.91,-2.91,-3.5,16.42,31.33,31.33,-4.86,4.32,-2.95,3.6,-18.14,0.985314,60,-0.46,14.43,1.06,2.77,-19.54,-4.86,8.87,-8,7.87,-26,1.020018,63
24-09-2025,NYSE:VSCO,Victorias Secret & Co. Common Stock,2056,3434449,5.23,25.65,-0.16,-5.30,-0.04,15.17,26.39,19.81,-65.38,0.23,0,0,0,0,0,-1,-1,-1,3,-1,-7.4,-7.4,-47.34,44.92,72.49,72.49,10.77,16.67,1.91,-79.09,-19.06,0.985275,60,15.17,13.24,-8.95,-106.22,39.67,10.77,7.68,-18.01,-101.12,33.21,1.125907,93
24-09-2025,NASDAQ:TGTX,"TG Therapeutics, Inc. - Common Stock",5618,2274572,3.82,35.41,-0.45,9.52,10.12,19.43,-5.22,-20.87,12.60,30.39,0,0,0,0,HV2Y,-1,-1,-1,-1,-1,-9.65,-22.19,-22.19,34.18,34.18,66.17,15.03,-14.94,-38.77,-1.11,11.1,0.985101,60,19.43,-30.60,-14.87,27.69,20.36,15.03,-36.16,-23.93,32.79,13.9,0.98669,29
24-09-2025,NASDAQ:FWONK,Liberty Media Corporation - Series C Liberty Formula One Common Stock,34995,949580,2.35,104.78,1.67,2.63,5.64,2.24,0.94,14.32,9.67,25.82,0,0,0,0,0,-1,-1,-1,-1,-1,-0.47,-0.47,-0.47,10.1,35.74,40.85,-2.16,-8.78,-3.58,-4.04,6.53,0.98506,60,2.24,-1.34,13.51,-5.42,17.88,-2.16,-6.9,4.45,-0.32,11.42,0.972954,17
24-09-2025,NYSE:TEX,Terex Corporation Common Stock,3397,784175,3.09,51.78,-0.10,-1.58,-1.49,1.24,10.97,21.88,12.71,-0.15,0,0,0,0,0,-1,-1,-1,-1,-1,-3.25,-3.25,-11.65,12.32,60.76,60.76,-3.16,1.25,3.98,-1,-19.44,0.985026,60,1.24,9.86,12.26,-11.74,-14.73,-3.16,4.3,3.2,-6.64,-21.19,1.016478,61
24-09-2025,NASDAQ:IAS,Integral Ad Science Holding Corp. - Common Stock,1693,3853823,2.67,10.19,20.45,17.62,16.98,11.78,21.88,10.89,-2.26,-9.52,HV2Y,0,0,0,0,20.27,-1,-1,-1,-1,0,0,-19.89,29.97,59.72,59.72,7.38,12.16,-7.01,-15.97,-28.81,0.98489,60,11.78,11.46,-14.07,-14.76,-7.10,7.38,5.9,-23.13,-9.66,-13.56,1.070576,85
24-09-2025,NASDAQ:ERAS,"Erasca, Inc. - Common Stock",542,1229336,7.01,1.91,7.91,12.57,18.85,16.75,27.75,22.51,-28.27,-51.31,0,0,0,0,HV2Y,-1,-1,-1,-1,-1,0,0,-40.87,51.59,80.19,80.19,12.35,18.03,4.61,-41.98,-70.6,0.984813,60,16.75,13.21,-7.25,-65.54,-17.96,12.35,7.65,-16.31,-60.44,-24.42,1.137908,94
24-09-2025,NYSE:RBA,"RB Global, Inc. Common Stock",20546,1161979,1.67,110.7,-1.81,-6.70,-4.96,-3.93,5.46,9.20,17.92,23.75,0,0,0,0,HV2Y,-1,-1,-1,-1,7,-6.9,-6.9,-6.9,5.77,23.49,40.64,-8.33,-4.26,-8.7,4.21,4.46,0.984763,60,-3.93,9.03,3.96,9.61,7.10,-8.33,3.47,-5.1,14.71,0.64,0.97466,19
24-09-2025,NYSE:CDRE,"Cadre Holdings, Inc. Common Stock",1472,292246,3.06,36.2,-2.08,9.25,12.98,16.38,12.68,13.48,1.24,-5.00,0,0,0,0,0,-1,4,-1,-1,-1,-2.08,-2.08,-10,27.29,28.51,28.51,11.98,2.96,-4.42,-12.47,-24.29,0.984752,60,16.38,-4.43,0.92,-14.14,-6.32,11.98,-9.99,-8.14,-9.04,-12.78,1.047526,78
24-09-2025,NASDAQ:EWBC,"East West Bancorp, Inc. - Common Stock",14576,1058763,2.36,105.76,-0.52,-1.67,-2.11,1.29,6.55,12.04,10.30,21.93,0,0,0,0,0,-1,-1,-1,-1,-1,-3.59,-3.59,-4.92,8.57,48.89,48.89,-3.11,-3.17,-5.86,-3.41,2.64,0.984445,60,1.29,5.34,5.87,-1.98,12.97,-3.11,-0.22,-3.19,3.12,6.51,0.986503,29
24-09-2025,NASDAQ:SBCF,Seacoast Banking Corporation of Florida - Common Stock,2679,564381,2.21,30.49,-0.29,-0.33,-1.08,-1.54,14.33,13.18,12.63,10.07,0,0,0,0,HV2Y,-1,-1,-1,-1,-1,-3.67,-3.67,-3.67,16.73,38.53,38.53,-5.94,4.61,-4.72,-1.08,-9.22,0.984326,60,-1.54,15.63,-1.34,-0.64,-2.93,-5.94,10.07,-10.4,4.46,-9.39,1.011907,56
24-09-2025,NASDAQ:RVMD,"Revolution Medicines, Inc. - Common Stock",8139,2234833,4.33,43.54,-1.50,-0.62,7.10,18.08,11.78,11.69,0.57,-4.32,0,0,0,0,0,-1,-1,-1,-1,-1,-6.47,-6.47,-28.15,25.48,39.87,39.87,13.68,2.06,-6.21,-13.14,-23.61,0.984243,60,18.08,-7.68,-0.10,-12.59,-4.92,13.68,-13.24,-9.16,-7.49,-11.38,1.04764,78
24-09-2025,NYSE:JNJ,Johnson & Johnson Common Stock,425529,8142341,1.27,176.69,0.06,-0.29,0.51,-0.97,13.82,8.87,18.74,7.09,0,0,0,0,0,-1,-1,-1,15,-1,-1.45,-1.45,-1.45,16.24,20.72,24.38,-5.37,4.1,-9.03,5.03,-12.2,0.984235,60,-0.97,14.65,-5.74,10.83,-14.33,-5.37,9.09,-14.8,15.93,-20.79,1.014064,59
24-09-2025,NASDAQ:EBC,"Eastern Bankshares, Inc. - Common Stock",3792,1920306,2.37,17.93,-0.39,2.12,5.47,7.70,17.23,6.53,6.36,5.74,0,0,0,0,0,-1,-1,6,-1,-1,-1.21,-1.21,-6.37,20.82,26.45,26.45,3.3,7.51,-11.37,-7.35,-13.55,0.984068,59,7.70,10.33,-12.94,-0.18,-0.66,3.3,4.77,-22,4.92,-7.12,1.037105,73
24-09-2025,NYSE:BDC,Belden Inc Common Stock,5090,269048,2.28,128.47,-2.12,1.38,-1.14,-1.72,10.89,17.51,10.79,12.49,0,0,0,0,0,-1,-1,-1,-1,-1,-3.76,-3.76,-3.76,12.22,47.5,47.5,-6.12,1.17,-0.39,-2.92,-6.8,0.984013,59,-1.72,12.40,7.42,-8.14,1.90,-6.12,6.84,-1.64,-3.04,-4.56,1.001438,45
24-09-2025,NASDAQ:OZK,Bank OZK - Common Stock,5801,905838,2.1,51.14,-0.87,-1.60,-2.17,-1.25,9.01,11.50,15.08,16.39,0,0,0,0,0,-1,-1,-1,-1,-1,-3.76,-3.76,-3.76,9.91,36.08,36.08,-5.65,-0.71,-6.4,1.37,-2.9,0.983478,59,-1.25,10.14,2.73,4.04,1.54,-5.65,4.58,-6.33,9.14,-4.92,0.992924,36
24-09-2025,NYSE:GCI,"Gannett Co., Inc. Common Stock",635,1148030,3.5,4.33,1.17,1.39,5.31,6.93,20.32,28.18,-13.39,-20.55,0,0,0,0,HV2Y,-1,-1,-1,-1,-1,-1.14,-1.14,-25.47,25.51,64.02,64.02,2.53,10.6,10.28,-27.1,-39.84,0.983432,59,6.93,14.39,9.86,-57.88,-6.31,2.53,8.83,0.8,-52.78,-12.77,1.076204,86
24-09-2025,NYSE:MUR,Murphy Oil Corporation Common Stock,4138,2432253,3.97,28.99,3.35,7.14,10.07,15.90,22.32,4.31,2.93,-22.87,0,0,0,0,0,-1,-1,-1,-1,-1,0,-0.75,-19.67,31,47.76,47.76,11.5,12.6,-13.59,-10.78,-42.16,0.98323,59,15.90,7.63,-23.18,-1.44,-26.58,11.5,2.07,-32.24,3.66,-33.04,1.089146,89
24-09-2025,NYSE:ORI,Old Republic International Corporation Common Stock,10269,1266930,1.55,41.33,0.61,4.04,3.36,4.23,9.75,6.92,13.65,14.54,0,0,0,0,0,-1,-1,-1,-1,-1,0,0,0,15.64,17.25,23.52,-0.17,0.03,-10.98,-0.06,-4.75,0.983186,59,4.23,5.76,-3.14,7.23,1.04,-0.17,0.2,-12.2,12.33,-5.42,1.003726,48
24-09-2025,NYSE:BLK,"BlackRock, Inc. Common Stock",184070,506354,1.56,1127.98,-0.33,-0.34,2.22,-0.81,9.74,13.70,9.90,17.66,0,0,0,0,0,-1,-1,-1,-1,-1,-2.77,-2.77,-2.77,10.79,38.28,38.28,-5.21,0.02,-4.2,-3.81,-1.63,0.983137,59,-0.81,10.47,4.38,-4.40,8.61,-5.21,4.91,-4.68,0.7,2.15,0.995192,39
24-09-2025,NYSE:DKS,Dick's Sporting Goods Inc Common Stock,20647,2267764,3.46,230.24,0.67,3.23,1.38,1.04,19.36,9.69,5.49,7.70,0,0,0,0,0,-1,-1,-1,-1,-1,-0.3,-0.3,-7.92,24.01,37.69,37.69,-3.36,9.64,-8.21,-8.22,-11.59,0.983119,59,1.04,18.51,-12.00,-4.64,2.33,-3.36,12.95,-21.06,0.46,-4.13,1.032876,72
24-09-2025,NASDAQ:API,"Agora, Inc. - ADS",356,537309,4.63,3.81,-1.55,2.36,4.99,7.35,1.84,-22.31,-19.69,48.29,0,0,0,0,HV2Y,-1,-1,-1,-1,-1,-8.85,-18.24,-42.71,15.45,45.98,93.4,2.95,-7.88,-40.21,-33.4,29,0.983024,59,7.35,-5.95,-24.60,2.15,56.80,2.95,-11.51,-33.66,7.25,50.34,0.978626,21
24-09-2025,NYSE:XPRO,Expro Group Holdings N.V. Common Stock,1428,1091289,3.72,12.35,2.15,2.11,0.65,-0.57,31.26,13.44,6.07,-45.59,0,0,HV2Y,0,0,-1,-1,-1,-1,-1,-1.67,-1.67,-31.31,49.33,78.73,78.73,-4.97,21.54,-4.46,-7.64,-64.88,0.982962,59,-0.57,31.64,-25.91,-8.51,-55.00,-4.97,26.08,-34.97,-3.41,-61.46,1.115332,92
24-09-2025,NASDAQ:ACLX,"Arcellx, Inc. - Common Stock",4367,537714,3.73,79.15,1.19,2.27,8.98,9.94,19.96,8.43,4.70,-7.93,0,0,0,0,0,-1,-1,-1,-1,-1,-1.04,-1.04,-25.7,24.94,49.91,49.91,5.54,10.24,-9.47,-9.01,-27.22,0.98291,59,9.94,11.13,-14.41,-4.07,-13.26,5.54,5.57,-23.47,1.03,-19.72,1.059533,82
24-09-2025,NYSE:CMC,Commercial Metals Company Common Stock,6385,1046010,2.54,57.04,0.05,-2.52,-2.24,-1.72,13.78,14.92,13.17,6.61,0,0,0,0,0,-1,-1,-1,-1,-1,-4.6,-4.6,-9.92,16.62,45.51,45.51,-6.12,4.06,-2.98,-0.54,-12.68,0.982866,59,-1.72,15.24,1.32,-2.06,-7.55,-6.12,9.68,-7.74,3.04,-14.01,1.013123,57
24-09-2025,NYSE:BSTZ,BlackRock Science and Technology Term Trust Common Shares of Beneficial Interest,1590,256629,1.32,22.19,-1.60,1.22,-1.67,3.11,9.15,13.38,8.16,15.46,0,0,0,0,0,-1,-1,-1,-1,-1,-1.9,-1.9,-1.9,10.07,37.66,37.66,-1.29,-0.57,-4.52,-5.55,-3.83,0.982697,59,3.11,6.23,4.66,-6.04,7.95,-1.29,0.67,-4.4,-0.94,1.49,1.000918,45
24-09-2025,NYSE:OSCR,"Oscar Health, Inc. Class A Common Stock",4113,17221742,6.2,18.44,3.83,3.63,-5.64,9.38,-4.07,23.05,26.79,-24.35,0,0,HV2Y,HV2Y,0,-1,-1,-1,-1,-1,-13.99,-13.99,-19.58,37.41,58.97,58.97,4.98,-13.79,5.15,13.08,-43.64,0.982689,59,9.38,-14.84,26.06,4.86,-69.85,4.98,-20.4,17,9.96,-76.31,1.02224,65
24-09-2025,NYSE:MTG,MGIC Investment Corporation Common Stock,6575,2298451,1.6,28.52,0.88,1.82,0.53,2.10,3.68,14.83,18.23,11.01,0,0,0,0,0,-1,-1,-1,8,-1,-1.38,-1.38,-1.38,13.81,27.15,27.15,-2.3,-6.04,-3.07,4.52,-8.28,0.982593,59,2.10,1.61,11.58,3.99,-8.83,-2.3,-3.95,2.52,9.09,-15.29,0.989669,32
24-09-2025,NYSE:TOL,"Toll Brothers, Inc. Common Stock",13224,1719122,2.55,137.2,0.45,-2.16,-4.37,-1.03,18.87,19.15,9.77,-9.65,0,0,0,0,0,-1,-1,-1,15,-1,-7.3,-7.3,-18.24,23.26,51.6,51.6,-5.43,9.15,1.25,-3.94,-28.94,0.98251,59,-1.03,19.70,0.35,-11.61,-21.52,-5.43,14.14,-8.71,-6.51,-27.98,1.042423,76
24-09-2025,NYSE:CTRI,"Centuri Holdings, Inc. Common Stock",1889,3165785,3.47,21.31,-1.43,-7.23,-6.85,6.57,-3.14,17.55,6.85,22.01,0,0,0,0,0,-1,-1,-1,-1,-1,-8.07,-8.07,-12.77,7.03,40.38,40.38,2.17,-12.86,-0.35,-6.86,2.72,0.982324,59,6.57,-10.40,20.06,-12.98,16.27,2.17,-15.96,11,-7.88,9.81,0.975927,19
24-09-2025,NASDAQ:DOCU,"DocuSign, Inc. - Common Stock",16895,3583304,3.02,84.01,-0.95,-0.61,6.18,11.99,10.71,-6.40,-12.07,31.00,0,0,0,0,0,-1,3,-1,-1,-1,-1.18,-10.48,-21.48,25.13,25.13,44.92,7.59,0.99,-24.3,-25.78,11.71,0.982153,59,11.99,-1.45,-19.17,-5.32,38.43,7.59,-7.01,-28.23,-0.22,31.97,1.013577,58
24-09-2025,NASDAQ:TRMD,TORM plc - Class A Common Stock,2144,738872,2.31,22,-0.90,-5.59,-2.41,5.82,20.55,18.11,18.32,-59.59,0,0,0,0,0,-1,-1,-1,7,-1,-5.98,-5.98,-37.78,32.05,57.48,57.48,1.42,10.83,0.21,4.61,-78.88,0.98215,59,5.82,15.64,-3.06,0.25,-95.38,1.42,10.08,-12.12,5.35,-101.84,1.102018,91
24-09-2025,NASDAQ:PATK,"Patrick Industries, Inc. - Common Stock",3463,255698,2.59,104.06,-1.51,-1.98,-7.29,-10.50,13.60,16.26,19.74,5.85,0,0,0,0,0,-1,-1,-1,-1,-1,-10.32,-10.32,-10.32,15.74,40,40,-14.9,3.88,-1.64,6.03,-13.44,0.982095,59,-10.50,21.81,3.08,4.15,-17.31,-14.9,16.25,-5.98,9.25,-23.77,1.003491,47
24-09-2025,NYSE:WTTR,"Select Water Solutions, Inc. Class A common stock",1305,1309930,4.09,10.76,1.41,11.25,17.75,22.77,20.17,-1.39,-15.71,-6.23,0,0,0,0,0,-1,1,-1,-1,-1,0,-1.37,-28.27,36.03,47.4,47.4,18.37,10.45,-19.29,-29.42,-25.52,0.982089,59,22.77,-3.37,-27.01,-14.12,8.19,18.37,-8.93,-36.07,-9.02,1.73,1.086417,88
24-09-2025,NYSE:EQT,EQT Corporation Common Stock,33125,8120854,3.03,53.08,4.18,5.82,3.60,2.39,-9.70,-2.20,19.65,34.38,0,0,0,0,0,-1,-1,-1,-1,-1,-10.32,-12.18,-12.18,7.91,15.12,52.4,-2.01,-19.42,-20.1,5.94,15.09,0.981962,59,2.39,-12.39,6.83,21.38,18.34,-2.01,-17.95,-2.23,26.48,11.88,0.943276,6
24-09-2025,NASDAQ:OMDA,"Omada Health, Inc. - Common Stock",1324,510723,5.29,23,-1.88,2.04,6.17,8.70,23.74,NA,NA,NA,0,0,0,0,0,-1,-1,-1,-1,-1,-5.27,-5.27,-5.27,36.5,54.88,54.88,4.3,14.02,0,0,0,0.981961,59,8.70,16.48,NA,NA,NA,4.3,10.92,0,0,0,0.95292,8
24-09-2025,NASDAQ:ZION,Zions Bancorporation N.A. - Common Stock,8401,1530494,2.46,56.91,-0.66,-1.04,-1.88,1.76,11.91,10.37,8.00,15.67,0,0,0,0,0,-1,-1,-1,-1,-1,-3.79,-3.79,-7.81,13.52,37.5,37.5,-2.64,2.19,-7.53,-5.71,-3.62,0.981952,59,1.76,10.34,-1.76,-2.65,8.35,-2.64,4.78,-10.82,2.45,1.89,1.005762,50
24-09-2025,NASDAQ:HAS,"Hasbro, Inc. - Common Stock",10550,1482137,2.04,75.23,0.55,1.74,-3.23,-7.75,4.72,18.86,24.88,5.34,0,0,0,0,0,-1,-1,-1,-1,-1,-8.09,-8.09,-8.09,4.95,48.35,48.35,-12.15,-5,0.96,11.17,-13.95,0.98191,59,-7.75,11.57,14.84,7.42,-26.01,-12.15,6.01,5.78,12.52,-32.47,0.986467,29
24-09-2025,NASDAQ:QCOM,QUALCOMM Incorporated - Common Stock,187260,7892254,2.11,173.55,2.37,4.78,8.41,9.87,10.15,7.72,13.34,2.67,0,0,0,0,HV2Y,-1,-1,-1,-1,-1,0,0,-2.52,19,39.22,39.22,5.47,0.43,-10.18,-0.37,-16.62,0.981815,59,9.87,0.31,-2.71,6.09,-12.31,5.47,-5.25,-11.77,11.19,-18.77,1.022931,65
24-09-2025,NASDAQ:MLTX,MoonLake Immunotherapeutics - Class A Ordinary Shares,3465,780743,5.2,53.945,2.67,5.13,-0.47,-1.27,12.19,26.46,3.83,-0.18,0,0,HV2Y,HV2Y,0,-1,-1,-1,-1,-1,-11.74,-11.74,-11.74,15.74,64.29,64.29,-5.67,2.47,8.56,-9.88,-19.47,0.981778,59,-1.27,13.29,16.26,-30.78,-4.16,-5.67,7.73,7.2,-25.68,-10.62,1.020481,64
24-09-2025,NASDAQ:IMCR,Immunocore Holdings plc - American Depositary Shares,1734,279450,4.49,34.27,-0.44,2.49,-6.23,4.90,6.59,14.44,17.07,3.18,0,0,0,0,0,-1,-1,-1,-1,-1,-7.88,-11.33,-11.33,10.12,39.71,39.71,0.5,-3.13,-3.46,3.36,-16.11,0.981681,59,4.90,1.78,8.40,3.07,-16.75,0.5,-3.78,-0.66,8.17,-23.21,1.006808,51
24-09-2025,NASDAQ:GPCR,Structure Therapeutics Inc. - American Depositary Shares,1382,1250291,6.39,25.63,6.75,15.53,18.49,27.55,14.98,20.64,-16.93,-63.56,0,0,0,0,HV2Y,-1,-1,-1,-1,-1,0,-6.95,-41.78,58.21,81.13,81.13,23.15,5.26,2.74,-30.64,-82.85,0.981659,59,27.55,-17.34,6.65,-47.35,-39.87,23.15,-22.9,-2.41,-42.25,-46.33,1.122811,93
24-09-2025,NYSE:BP,BP p.l.c. Common Stock,90126,7176347,1.54,35.21,1.35,2.58,1.28,0.68,13.89,2.61,19.31,7.30,0,0,0,0,0,-1,-1,-1,-1,-1,-0.4,-0.4,-0.4,17.64,34.85,34.85,-3.72,4.17,-15.29,5.6,-11.99,0.981398,58,0.68,13.30,-13.09,17.15,-14.89,-3.72,7.74,-22.15,22.25,-21.35,1.017537,61
24-09-2025,NYSE:WMS,"Advanced Drainage Systems, Inc. Common Stock",10749,830538,3.17,138.25,-4.21,-1.71,-1.99,-5.11,16.04,19.53,17.08,-10.27,0,0,HV2Y,0,0,-1,-1,-1,-1,-1,-6.9,-6.9,-15.45,24.67,42.84,42.84,-9.51,6.32,1.63,3.37,-29.56,0.981266,58,-5.11,20.12,4.16,-3.04,-32.99,-9.51,14.56,-4.9,2.06,-39.45,1.030314,70
24-09-2025,NASDAQ:WMG,Warner Music Group Corp. - Class A Common Stock,17429,1700410,1.89,33.435,0.38,0.67,-1.21,-1.90,21.67,2.83,8.09,8.96,0,0,0,0,0,-1,-1,-1,-1,-1,-2.35,-2.35,-7.89,27.66,29.04,29.04,-6.3,11.95,-15.07,-5.62,-10.33,0.981082,58,-1.90,23.13,-24.05,5.42,0.94,-6.3,17.57,-33.11,10.52,-5.52,1.036541,73
24-09-2025,NASDAQ:TCBI,"Texas Capital Bancshares, Inc. - Common Stock",3935,420782,2.19,86.01,0.37,0.86,-1.42,-0.17,10.38,10.65,10.73,16.29,0,0,0,0,HV2Y,-1,-1,-1,-1,-1,-4.15,-4.15,-4.15,11.59,40.45,40.45,-4.57,0.66,-7.25,-2.98,-3,0.981017,58,-0.17,10.54,0.30,0.09,6.23,-4.57,4.98,-8.76,5.19,-0.23,0.998362,42
24-09-2025,NYSE:USFD,US Foods Holding Corp. Common Stock,17376,1901548,1.72,77.17,-0.61,-2.10,-0.84,-0.43,1.27,15.51,13.36,20.20,0,0,0,0,0,-1,-1,-1,-1,-1,-8.87,-8.87,-8.87,1.29,27.62,28.27,-4.83,-8.45,-2.39,-0.35,0.91,0.980843,58,-0.43,1.69,14.42,-2.55,7.90,-4.83,-3.87,5.36,2.55,1.44,0.974132,18
24-09-2025,NASDAQ:OSW,OneSpaWorld Holdings Limited - Common Shares,2196,654797,3.12,21.38,-1.20,-2.43,-1.92,-4.96,8.19,15.15,7.62,22.26,0,0,0,0,0,-1,-1,-1,-1,-1,-6.9,-6.9,-6.96,8.91,42.53,42.53,-9.36,-1.53,-2.75,-6.09,2.97,0.980796,58,-4.96,12.52,7.59,-8.88,15.85,-9.36,6.96,-1.47,-3.78,9.39,0.983745,26
24-09-2025,NASDAQ:IPGP,IPG Photonics Corporation - Common Stock,3346,259463,2.72,79.24,-3.14,-2.25,-2.95,-3.12,14.45,16.19,6.04,11.35,0,0,0,0,0,-1,-1,-1,-1,-1,-6.75,-6.75,-7.59,16.89,59.5,59.5,-7.52,4.73,-1.71,-7.67,-7.94,0.9807,58,-3.12,17.04,2.04,-12.11,5.64,-7.52,11.48,-7.02,-7.01,-0.82,1.010887,55
24-09-2025,NYSE:DAY,"Dayforce, Inc. Common Stock",10861,2565062,0.53,68.83,0.01,0.61,-0.09,-0.96,20.09,12.54,-7.51,14.41,0,0,0,0,0,-1,-1,-1,-1,-1,-1.35,-1.35,-15.86,37.88,39.53,39.53,-5.36,10.37,-5.36,-21.22,-4.88,0.980548,58,-0.96,20.85,-9.45,-22.92,20.39,-5.36,15.29,-18.51,-17.82,13.93,1.032023,71
24-09-2025,NYSE:T,AT&T Inc.,202499,30210187,1.61,28.32,-1.63,-4.31,-3.11,-1.48,1.41,3.57,20.30,23.94,0,0,0,0,0,-1,-1,-1,-1,-1,-4.39,-4.39,-4.39,5.12,7.56,33.46,-5.88,-8.31,-14.33,6.59,4.65,0.980356,58,-1.48,2.85,2.18,17.36,4.56,-5.88,-2.71,-6.88,22.46,-1.9,0.968873,15
24-09-2025,NYSE:WPC,W. P. Carey Inc. REIT,14832,1120902,1.27,67.32,-0.61,-0.92,-0.21,2.17,6.94,8.47,20.62,7.55,0,0,0,0,0,-1,-1,-1,9,-1,-2.01,-2.01,-2.01,9.84,19.96,25.97,-2.23,-2.78,-9.43,6.91,-11.74,0.980292,58,2.17,4.87,1.64,13.27,-16.47,-2.23,-0.69,-7.42,18.37,-22.93,1.00047,44
24-09-2025,NYSE:SPG,"Simon Property Group, Inc. Common Stock",60116,2050134,1.56,183.13,-0.54,0.86,2.13,3.67,14.05,9.49,7.57,9.05,0,0,0,0,0,-1,-1,-1,4,-1,-0.54,-0.54,-2.48,16.35,30.46,30.46,-0.73,4.33,-8.41,-6.14,-10.24,0.980265,58,3.67,10.78,-5.31,-2.11,1.60,-0.73,5.22,-14.37,2.99,-4.86,1.019369,63
24-09-2025,NYSE:EPR,EPR Properties Common Stock,4352,1139205,2.01,56.17,-1.77,-0.82,1.89,4.08,-2.39,9.01,23.14,13.28,0,0,0,0,0,-1,-1,-1,-1,-1,-8.23,-8.23,-8.23,6.83,29.04,30.11,-0.32,-12.11,-8.89,9.43,-6.01,0.980169,58,4.08,-6.74,11.13,15.54,-12.83,-0.32,-12.3,2.07,20.64,-19.29,0.978025,21
24-09-2025,NYSE:MDT,Medtronic plc. Ordinary Shares,122804,7179679,1.76,95.74,0.82,1.21,3.57,3.86,10.20,7.47,16.45,6.68,0,0,0,0,0,-1,-1,-1,-1,-1,0,0,0,11.36,18.67,20.26,-0.54,0.48,-10.43,2.74,-12.61,0.980165,58,3.86,6.59,-3.05,9.71,-11.69,-0.54,1.03,-12.11,14.81,-18.15,1.011138,56
24-09-2025,NYSE:OII,"Oceaneering International, Inc. Common Stock",2523,636608,3.16,25.18,-0.67,3.65,2.94,4.53,19.02,12.59,3.73,-3.34,0,0,0,0,0,-1,-1,-1,7,-1,-0.67,-0.67,-17.66,23.49,57.87,57.87,0.13,9.3,-5.31,-9.98,-22.63,0.980139,58,4.53,15.18,-7.95,-10.13,-7.34,0.13,9.62,-17.01,-5.03,-13.8,1.045214,77
24-09-2025,NYSE:BAM,Brookfield Asset Management Inc Class A Limited Voting Shares,95352,2302617,2.59,59.11,-3.45,0.73,5.80,-1.67,8.00,12.47,8.27,20.74,0,0,0,0,0,-1,-1,-1,-1,-1,-6.46,-6.46,-6.46,8.7,37.79,37.79,-6.07,-1.72,-5.43,-5.44,1.45,0.980072,58,-1.67,9.52,4.85,-4.79,13.59,-6.07,3.96,-4.21,0.31,7.13,0.987789,30
24-09-2025,NYSE:RMD,ResMed Inc. Common Stock,40145,987199,1.86,274.19,-0.52,0.90,1.36,-4.23,5.94,19.29,15.54,10.67,0,0,0,0,HV2Y,-1,-1,-1,-1,15,-6.65,-6.65,-6.65,8.8,34.05,34.05,-8.63,-3.78,1.39,1.83,-8.62,0.980063,58,-4.23,9.76,14.20,-4.65,-5.77,-8.63,4.2,5.14,0.45,-12.23,0.988005,30
24-09-2025,NYSE:HBI,Hanesbrands Inc. Common Stock,2307,5945017,2.26,6.52,-0.46,3.83,3.99,4.29,30.98,9.36,-24.23,-7.06,0,HVY,HVY,0,0,-1,-1,-1,-1,-1,-0.46,-0.46,-26.82,60.2,60.2,60.2,-0.11,21.26,-8.54,-37.94,-26.35,0.980022,58,4.29,27.88,-31.33,-37.06,13.83,-0.11,22.32,-40.39,-31.96,7.37,1.099198,90
24-09-2025,NYSE:SOBO,South Bow Corporation Common Shares,5972,729434,1.45,28.68,1.88,1.15,3.17,4.99,10.25,8.58,18.34,NA,0,0,0,0,0,-1,-1,-1,-1,-1,0,0,0,11.68,31.38,31.38,0.59,0.53,-9.32,4.63,0,0.979982,58,4.99,5.54,-1.86,10.68,NA,0.59,-0.02,-10.92,15.78,0,0.928,4
24-09-2025,NYSE:DAL,"Delta Air Lines, Inc. Common Stock",37682,7696860,2.87,57.71,-1.77,-1.92,-6.38,-4.68,16.29,15.66,-4.63,18.66,0,0,HV2Y,HV2Y,0,-1,-1,-1,-1,-1,-6.87,-6.87,-16.43,19.46,60.84,60.84,-9.08,6.57,-2.24,-18.34,-0.63,0.979635,58,-4.68,20.03,-0.75,-24.06,22.26,-9.08,14.47,-9.81,-18.96,15.8,1.012697,57
24-09-2025,NYSE:XYL,Xylem Inc. Common Stock New,34433,1226515,1.62,141.46,-1.15,0.33,2.64,-0.86,9.88,12.99,17.69,4.70,0,0,0,0,0,-1,-1,-1,-1,-1,-2.19,-2.19,-2.19,10.96,37.53,37.53,-5.26,0.16,-4.91,3.98,-14.59,0.979522,58,-0.86,10.64,3.45,5.41,-15.79,-5.26,5.08,-5.61,10.51,-22.25,1.00575,50
24-09-2025,NYSE:GNRC,Generac Holdlings Inc. Common Stock,9820,982214,3.12,167.36,0.35,-8.32,-10.55,-15.49,16.69,18.64,6.72,15.30,0,0,HVY,0,0,-1,-1,-1,-1,-1,-17.5,-17.5,-17.5,20.04,64.21,64.21,-19.89,6.97,0.74,-6.99,-3.99,0.979491,58,-15.49,27.87,2.33,-14.65,9.20,-19.89,22.31,-6.73,-9.55,2.74,1.001245,45
24-09-2025,NASDAQ:RYAAY,"Ryanair Holdings plc - American Depositary Shares, each representing five Ordinary Shares",29193,1108655,1.48,56.69,-0.42,-1.61,-3.67,-15.56,0.83,19.70,21.52,19.75,0,0,0,0,0,-1,-1,-1,-1,-1,-15.03,-15.03,-15.03,2.72,44.58,44.58,-19.96,-8.89,1.8,7.81,0.46,0.979455,58,-15.56,14.18,19.03,2.26,-2.26,-19.96,8.62,9.97,7.36,-8.72,0.956839,9
24-09-2025,NASDAQ:RGNX,REGENXBIO Inc. - Common Stock,482,452308,5.86,9.54,6.83,5.35,-0.31,5.97,10.48,13.94,22.33,-22.54,0,0,0,0,0,-1,-1,-1,-1,-1,-3.54,-8.27,-18.39,27.88,79.66,79.66,1.57,0.76,-3.96,8.62,-41.83,0.979435,58,5.97,4.79,3.86,9.74,-57.76,1.57,-0.77,-5.2,14.84,-64.22,1.042618,76
24-09-2025,NASDAQ:ATRC,"AtriCure, Inc. - Common Stock",1794,442016,4.26,36.09,-1.50,2.99,2.60,-4.85,10.58,3.44,16.74,19.59,0,0,HVY,0,0,-1,-1,-1,-1,-1,-4.7,-4.7,-14.88,23.43,24.15,33.57,-9.25,0.86,-14.46,3.03,0.3,0.979319,58,-4.85,14.72,-8.00,13.77,3.43,-9.25,9.16,-17.06,18.87,-3.03,0.990583,33
24-09-2025,NASDAQ:AMCX,AMC Networks Inc. - Class A Common Stock,351,446385,3.84,7.93,0.63,-3.40,2.27,10.47,24.46,13.75,-17.65,-12.11,0,0,HVQ,0,0,-1,-1,-1,-1,-1,-5.6,-5.6,-23.82,40.85,42.88,42.88,6.07,14.74,-4.15,-31.36,-31.4,0.979154,58,10.47,15.63,-14.19,-36.40,4.72,6.07,10.07,-23.25,-31.3,-1.74,1.084004,88
24-09-2025,NYSE:NI,NiSource Inc Common Stock,19955,5047483,2.07,42.38,1.95,6.54,3.89,-0.68,6.25,6.54,15.36,19.58,0,0,0,0,0,-1,-1,-1,-1,-1,-2.19,-2.19,-2.19,8.67,14.2,25.61,-5.08,-3.47,-11.36,1.65,0.29,0.979099,58,-0.68,6.89,0.30,9.44,4.99,-5.08,1.33,-8.76,14.54,-1.47,0.984479,27
24-09-2025,NASDAQ:MQ,"Marqeta, Inc. - Class A Common Stock",2465,3724588,2.56,5.5,-1.08,-5.45,-7.27,-12.18,-5.27,19.82,31.82,6.36,0,0,0,0,0,-1,-1,-1,-1,-1,-19.47,-19.47,-19.47,0,48.25,60.82,-16.58,-14.99,1.92,18.11,-12.93,0.979071,58,-12.18,6.16,23.83,14.97,-37.33,-16.58,0.6,14.77,20.07,-43.79,0.963702,12
24-09-2025,NYSE:HSY,The Hershey Company Common Stock,38698,1364959,1.85,190.89,0.08,-0.10,2.77,5.35,12.23,13.44,11.50,-2.38,0,0,0,0,HV2Y,-1,-1,-1,-1,-1,-1.32,-1.32,-2.32,17.87,26.17,31.88,0.95,2.51,-4.46,-2.21,-21.67,0.979049,58,5.35,7.27,1.38,-2.25,-15.68,0.95,1.71,-7.68,2.85,-22.14,1.025812,67
24-09-2025,NYSE:LAZ,"Lazard, Inc. Common Stock",5187,869085,2.7,54.97,-2.07,-1.16,-1.24,-3.26,14.81,14.81,8.15,8.37,0,0,0,0,0,-1,-1,-1,-1,-1,-4.81,-4.81,-9.9,17.38,64.53,64.53,-7.66,5.09,-3.09,-5.56,-10.92,0.978963,58,-3.26,17.49,0.00,-7.82,0.24,-7.66,11.93,-9.06,-2.72,-6.22,1.01339,58
24-09-2025,NASDAQ:NVAX,"Novavax, Inc. - Common Stock",1403,5247888,4.66,8.64,-0.35,2.89,7.87,12.96,25.00,12.50,-0.46,-49.42,0,0,0,HVY,HV2Y,-1,-1,-1,-1,-1,-11.02,-11.02,-41.14,37.14,59.12,59.12,8.56,15.28,-5.4,-14.17,-68.71,0.978931,58,12.96,13.83,-16.67,-14.81,-48.73,8.56,8.27,-25.73,-9.71,-55.19,1.112245,92
24-09-2025,NYSE:COMP,"Compass, Inc. Class A Common Stock",4250,10355100,4.58,7.93,-0.13,-19.29,-15.89,-20.18,20.81,-18.92,24.59,21.94,0,0,0,HV2Y,HV2Y,-1,-1,-1,-1,-1,-18.16,-18.16,-22.56,28.94,36.72,48.22,-24.58,11.09,-36.82,10.88,2.65,0.978911,57,-20.18,34.10,-50.16,36.59,-3.51,-24.58,28.54,-59.22,41.69,-9.97,1.015291,59
24-09-2025,NYSE:SR,Spire Inc. Common Stock,4651,494673,1.54,78.79,0.55,3.46,3.13,2.83,7.44,2.55,16.80,15.52,0,0,0,0,0,-1,-1,-1,-1,-1,0,-0.35,-0.35,8.18,10.92,26.59,-1.57,-2.28,-15.35,3.09,-3.77,0.978797,57,2.83,4.74,-5.28,14.63,-1.54,-1.57,-0.82,-14.34,19.73,-8,0.995798,40
24-09-2025,NYSE:GBTG,"Global Business Travel Group, Inc. Class A Common Stock",3947,999164,2.37,8.24,0.12,0.61,3.76,0.85,24.88,7.77,-13.11,9.22,0,0,0,0,0,-1,-1,-1,-1,-1,-1.2,-1.2,-13.81,35.3,41.34,41.34,-3.55,15.16,-10.13,-26.82,-10.07,0.978692,57,0.85,24.24,-22.78,-22.63,19.74,-3.55,18.68,-31.84,-17.53,13.28,1.055876,80
24-09-2025,NASDAQ:SWIM,"Latham Group, Inc. - Common Stock",885,593380,3.42,7.59,0.26,-2.11,-3.03,-7.64,17.39,9.22,7.64,15.42,0,0,0,0,HV2Y,-1,-1,-1,-1,-1,-8,-8,-9.1,23.41,60.81,60.81,-12.04,7.67,-8.68,-6.07,-3.87,0.978619,57,-7.64,23.26,-9.89,-1.74,8.42,-12.04,17.7,-18.95,3.36,1.96,1.010284,55
24-09-2025,NYSE:AIT,"Applied Industrial Technologies, Inc. Common Stock",9791,215658,2.2,264.9,-0.22,0.88,1.24,-0.83,11.33,11.45,7.72,15.42,0,0,0,0,0,-1,-1,-1,-1,-1,-3.92,-3.92,-5.56,17.94,28.57,28.57,-5.23,1.61,-6.45,-5.99,-3.87,0.978615,57,-0.83,12.06,0.13,-4.21,8.35,-5.23,6.5,-8.93,0.89,1.89,1.00132,45
24-09-2025,NYSE:FNB,F.N.B. Corporation Common Stock,5786,8342605,1.94,16.11,0.00,-0.87,-1.68,-2.05,11.42,13.59,10.61,11.17,0,0,0,0,HV2Y,-1,-1,-1,-1,-1,-4.05,-4.05,-6.82,12.89,40.33,40.33,-6.45,1.7,-4.31,-3.1,-8.12,0.978581,57,-2.05,13.20,2.45,-3.45,0.62,-6.45,7.64,-6.61,1.65,-5.84,1.003068,47
24-09-2025,NASDAQ:NRIM,Northrim BanCorp Inc - Common Stock,498,200370,2.46,22.56,-0.35,0.84,-1.97,-4.83,-0.31,17.29,14.53,21.20,0,0,0,0,0,-1,-1,-1,-1,-1,-8.9,-8.9,-8.9,11.6,32.96,40.85,-9.23,-10.03,-0.61,0.82,1.91,0.978572,57,-4.83,4.31,17.54,-3.34,7.81,-9.23,-1.25,8.48,1.76,1.35,0.965039,13
24-09-2025,NASDAQ:CMPR,Cimpress plc - Ordinary Shares,1515,238284,4.51,61.87,-0.16,-0.50,4.65,0.16,24.66,31.53,-19.12,-36.87,0,0,0,0,0,-1,-1,-1,10,-1,-2.52,-2.52,-27.99,42.79,57.71,57.71,-4.24,14.94,13.63,-32.83,-56.16,0.978563,57,0.16,24.54,9.12,-73.98,-14.90,-4.24,18.98,0.06,-68.88,-21.36,1.09709,90
24-09-2025,NASDAQ:FIBK,"First Interstate BancSystem, Inc. - Common Stock",3467,1010030,2.21,33.06,-0.57,1.88,2.84,3.72,14.85,11.37,4.66,6.29,0,0,0,0,0,-1,-1,-1,1,-1,-2.3,-2.3,-6.79,17.44,38.56,38.56,-0.68,5.13,-6.53,-9.05,-13,0.978556,57,3.72,11.56,-4.09,-7.58,1.71,-0.68,6,-13.15,-2.48,-4.75,1.024377,66
24-09-2025,NYSE:CXT,"Crane NXT, Co. Common Stock",3592,497338,3.12,62.56,-3.41,9.19,2.75,0.10,12.60,15.36,8.95,5.69,HVQ,0,0,0,0,-1,-1,-1,-1,-1,-3.41,-3.41,-5.98,16.46,47.48,47.48,-4.3,2.88,-2.54,-4.76,-13.6,0.978528,57,0.10,12.51,3.16,-7.57,-3.58,-4.3,6.95,-5.9,-2.47,-10.04,1.01362,58
24-09-2025,NYSE:TXNM,"TXNM Energy, Inc. Common Stock",5991,860211,0.48,56.85,-0.07,0.42,-0.04,0.16,1.02,5.00,16.08,24.38,0,0,0,0,0,-1,-1,-1,-1,31,-0.89,-0.89,-0.89,1.05,16.14,34.46,-4.24,-8.7,-12.9,2.37,5.09,0.978423,57,0.16,0.86,4.02,11.66,9.89,-4.24,-4.7,-5.04,16.76,3.43,0.969766,16
24-09-2025,NASDAQ:BHF,"Brighthouse Financial, Inc. - Common Stock",3098,1648240,4.84,54.21,1.29,15.24,10.07,13.69,2.40,-9.20,13.98,18.72,HV2Y,0,0,HV2Y,HV2Y,-1,-1,-1,-1,-1,-5.87,-11.35,-13.91,25.02,25.02,25.02,9.29,-7.32,-27.1,0.27,-0.57,0.978413,57,13.69,-13.08,-11.89,21.23,5.51,9.29,-18.64,-20.95,26.33,-0.95,0.999678,44
24-09-2025,NYSE:QXO,"QXO, Inc. Common Stock",12959,7934797,4.15,19.24,-2.93,-8.84,-11.64,-8.58,-13.36,27.96,16.22,21.62,0,0,0,0,HV2Y,-1,-1,-1,-1,-1,-13.49,-20.23,-20.23,2.23,57.7,60.2,-12.98,-23.08,10.06,2.51,2.33,0.978383,57,-8.58,-4.40,36.45,-16.31,6.45,-12.98,-9.96,27.39,-11.21,-0.01,0.942648,6
24-09-2025,NASDAQ:EMBC,Embecta Corp. - Common Stock,854,525515,3.44,14.6,0.21,-3.15,-2.53,2.33,31.99,13.36,-36.78,-6.92,0,0,HVY,0,HV2Y,-1,-1,-1,-1,-1,-4.64,-4.64,-30.24,57.33,57.33,57.33,-2.07,22.27,-4.54,-50.49,-26.21,0.978277,57,2.33,30.36,-27.39,-57.87,21.83,-2.07,24.8,-36.45,-52.77,15.37,1.107906,91
24-09-2025,NYSE:PM,Philip Morris International Inc Common Stock,253724,5832873,2.11,163,-0.47,-2.02,-1.42,-2.68,-10.18,6.62,25.05,25.90,0,0,0,0,0,-1,-1,-1,-1,-1,-11.06,-11.87,-11.87,3.31,9.23,39.14,-7.08,-19.9,-11.28,11.34,6.61,0.978243,57,-2.68,-7.31,15.25,19.74,1.13,-7.08,-12.87,6.19,24.84,-5.33,0.94343,6
24-09-2025,NASDAQ:GNTX,Gentex Corporation - Common Stock,6209,1981685,1.8,28.29,-0.39,-2.72,0.95,0.71,23.58,13.33,-2.97,-5.16,0,0,0,0,0,-1,-1,-1,7,-1,-2.65,-2.65,-9.73,30.85,35.81,35.81,-3.69,13.86,-4.57,-16.68,-24.45,0.978118,57,0.71,23.03,-13.41,-18.80,-2.13,-3.69,17.47,-22.47,-13.7,-8.59,1.057699,81
24-09-2025,NASDAQ:NTNX,"Nutanix, Inc. - Class A Common Stock",20041,6376531,3.24,74.76,-1.75,-3.88,-3.20,9.07,1.79,-0.21,14.53,18.65,0,0,0,0,0,-1,-1,-1,-1,-1,-7.84,-10,-10,13.17,28.52,32.41,4.67,-7.93,-18.11,0.82,-0.64,0.978042,57,9.07,-8.00,-2.04,14.71,4.82,4.67,-13.56,-11.1,19.81,-1.64,0.989258,32
24-09-2025,NASDAQ:SLNO,"Soleno Therapeutics, Inc. - Common Stock",3428,2390582,7.28,64.5,13.46,20.96,6.95,-3.12,-33.01,22.40,29.92,19.98,0,0,0,HV2Y,HV2Y,-1,-1,-1,-1,-1,-27.11,-27.11,-27.11,29.75,31.71,51.62,-7.52,-42.73,4.5,16.21,0.69,0.977981,57,-3.12,-28.99,41.66,9.69,-14.18,-7.52,-34.55,32.6,14.79,-20.64,0.92086,3
24-09-2025,NYSE:MAX,"MediaAlpha, Inc. Class A Common Stock",834,721199,4.5,12.28,0.08,-7.08,-6.11,16.53,11.73,18.16,8.71,-43.16,0,0,0,0,0,-1,-1,-1,-1,-1,-8.43,-8.43,-40.76,28.45,63.95,63.95,12.13,2.01,0.26,-5,-62.45,0.977944,57,16.53,-5.76,7.29,-11.54,-56.82,12.13,-11.32,-1.77,-6.44,-63.28,1.075964,86
24-09-2025,NASDAQ:EGHT,8x8 Inc - Common stock,303,654746,5.29,2.22,-3.90,8.11,5.86,13.51,18.92,0.00,-21.17,14.86,0,0,0,0,0,-1,-1,-1,-1,-1,-3.9,-3.9,-36.02,26.86,40.51,40.51,9.11,9.2,-17.9,-34.88,-4.43,0.977932,57,13.51,6.25,-23.33,-21.17,29.74,9.11,0.69,-32.39,-16.07,23.28,1.053838,80
24-09-2025,NASDAQ:GLDD,Great Lakes Dredge & Dock Corporation - Common Stock,821,448926,2.49,12.07,-0.25,0.83,0.75,2.49,0.25,23.86,4.31,13.42,0,0,0,0,HV2Y,-1,-1,-1,-1,-1,-1.63,-2.27,-5.18,14.62,50.12,57.37,-1.91,-9.47,5.96,-9.4,-5.87,0.977914,57,2.49,-2.29,23.67,-25.68,9.52,-1.91,-7.85,14.61,-20.58,3.06,0.987341,30
24-09-2025,NASDAQ:SHOO,"Steven Madden, Ltd. - Common Stock",2384,1737062,3.62,32.82,-0.33,1.01,7.07,14.59,28.85,16.94,-30.23,-44.64,0,0,0,HVY,0,-1,-1,1,-1,-1,-1.03,-1.03,-33.96,40.56,67.96,67.96,10.19,19.13,-0.96,-43.94,-63.93,0.97788,57,14.59,16.70,-16.75,-56.79,-11.07,10.19,11.14,-25.81,-51.69,-17.53,1.132344,93
24-09-2025,NASDAQ:CVLT,"Commvault Systems, Inc. - Common Stock",8168,857807,3.47,183.72,-4.21,-3.11,3.96,3.41,5.61,5.30,13.87,17.19,0,0,0,0,HV2Y,-1,-1,-1,-1,-1,-5.98,-5.98,-5.98,12.42,31.84,38.91,-0.99,-4.11,-12.6,0.16,-2.1,0.977826,57,3.41,2.27,-0.33,9.05,3.85,-0.99,-3.29,-9.39,14.15,-2.61,0.990511,33
24-09-2025,NYSE:PNR,Pentair plc. Ordinary Share,17869,1108044,1.9,109,-0.99,-0.42,-0.24,0.98,7.28,16.33,7.36,13.03,0,0,0,0,0,-1,-1,-1,-1,-1,-3.19,-3.19,-3.19,8.33,43.1,43.1,-3.42,-2.44,-1.57,-6.35,-6.26,0.977761,57,0.98,6.37,9.76,-10.72,6.12,-3.42,0.81,0.7,-5.62,-0.34,0.996446,40
24-09-2025,NASDAQ:WTW,Willis Towers Watson Public Limited Company - Ordinary Shares,33508,537433,1.73,343.5,0.78,3.25,3.87,2.05,13.02,1.62,9.46,16.06,0,0,0,0,0,-1,-1,-1,-1,-1,0,0,0,14.97,16.06,19.27,-2.35,3.3,-16.28,-4.25,-3.23,0.977699,57,2.05,11.20,-13.10,7.97,7.28,-2.35,5.64,-22.16,13.07,0.82,1.009344,54
24-09-2025,NYSE:EL,"Estee Lauder Companies, Inc. (The) Common Stock",30709,2854371,2.7,85.33,-2.72,-3.33,-2.46,-3.93,9.11,22.56,12.46,0.38,0,0,0,0,0,-1,-1,-1,-1,-1,-10.42,-10.42,-15.33,10.02,70.46,70.46,-8.33,-0.61,4.66,-1.25,-18.91,0.977483,57,-3.93,12.54,14.80,-13.04,-13.80,-8.33,6.98,5.74,-7.94,-20.26,1.005644,50
24-09-2025,NASDAQ:IDYA,"IDEAYA Biosciences, Inc. - Common Stock",2250,1342205,5.01,25.67,-1.00,4.79,3.74,3.74,14.26,29.84,3.43,-36.35,0,0,0,0,HV2Y,-1,-1,-1,-1,-1,-5.49,-5.49,-26.66,22.12,77.03,77.03,-0.66,4.54,11.94,-10.28,-55.64,0.977433,57,3.74,10.93,18.17,-37.65,-41.19,-0.66,5.37,9.11,-32.55,-47.65,1.061984,83
24-09-2025,NYSE:GAB,"Gabelli Equity Trust, Inc. (The) Common Stock",1917,602311,1.09,6.18,-0.96,1.62,0.32,2.91,7.28,9.87,13.27,11.00,0,0,0,0,0,-1,-1,-1,-1,-1,-2.22,-2.22,-2.22,7.85,24.35,24.35,-1.49,-2.44,-8.03,-0.44,-8.29,0.977282,57,2.91,4.50,2.79,3.77,-2.61,-1.49,-1.06,-6.27,8.87,-9.07,0.998886,43
24-09-2025,NYSE:AFG,"American Financial Group, Inc. Common Stock",12046,517492,1.65,143.53,0.86,3.38,3.59,6.21,12.12,10.88,6.19,4.81,0,0,0,0,0,-1,-1,-1,0,-1,0,0,-3.72,17.24,22.78,22.78,1.81,2.4,-7.02,-7.52,-14.48,0.977246,57,6.21,6.30,-1.42,-5.25,-1.48,1.81,0.74,-10.48,-0.15,-7.94,1.021332,64
24-09-2025,NYSE:D,"Dominion Energy, Inc. Common Stock",52077,5036613,1.58,61.02,-0.16,2.33,2.62,1.36,9.54,13.39,13.16,5.06,0,0,0,0,0,-1,-1,-1,-1,-1,-1.74,-1.74,-1.74,10.58,22.88,22.88,-3.04,-0.18,-4.51,-0.55,-14.23,0.97717,56,1.36,8.29,4.26,-0.26,-9.32,-3.04,2.73,-4.8,4.84,-15.78,1.007411,52
24-09-2025,NYSE:GRBK,"Green Brick Partners, Inc. Common Stock",3072,237505,2.63,70.52,0.93,-1.80,-3.12,0.45,11.60,15.73,19.61,-13.60,0,0,0,0,0,-1,-1,-1,-1,-1,-6.29,-6.29,-15.82,13.85,31.84,31.84,-3.95,1.88,-2.17,5.9,-32.89,0.97715,56,0.45,11.20,4.67,4.61,-41.31,-3.95,5.64,-4.39,9.71,-47.77,1.028616,69
24-09-2025,NYSE:EVTL,Vertical Aerospace Ltd. Ordinary Shares,576,1540338,7.86,5.85,-5.95,18.80,16.92,12.14,11.45,32.31,-31.62,-12.82,0,0,HV2Y,HV2Y,HV2Y,-1,-1,-1,-1,-1,-17.14,-17.14,-62.26,29.71,103.13,103.13,7.74,1.73,14.41,-45.33,-32.11,0.977134,56,12.14,-0.78,23.55,-94.44,14.29,7.74,-6.34,14.49,-89.34,7.83,1.073045,86
24-09-2025,NYSE:AMBP,Ardagh Metal Packaging S.A. Ordinary Shares,2343,1253959,2.76,3.85,-1.53,6.23,8.83,2.08,-10.91,24.68,21.04,4.16,0,0,0,0,0,-1,-1,-1,-1,-1,-18.78,-18.78,-18.78,9.69,48.08,53.39,-2.32,-20.63,6.78,7.33,-15.13,0.977075,56,2.08,-13.26,32.08,-4.83,-21.38,-2.32,-18.82,23.02,0.27,-27.84,0.971941,17
24-09-2025,NYSE:RCI,"Rogers Communication, Inc. Common Stock",18791,897603,1.52,34.64,-1.93,-3.20,-2.28,-2.48,15.99,20.96,12.27,-16.51,0,0,0,0,0,-1,-1,-1,16,-1,-3.72,-3.72,-14.66,19.12,47.15,47.15,-6.88,6.27,3.06,-1.44,-35.8,0.977066,56,-2.48,18.03,5.91,-10.99,-32.81,-6.88,12.47,-3.15,-5.89,-39.27,1.038492,74
24-09-2025,NYSE:DOCN,"DigitalOcean Holdings, Inc. Common Stock",3306,2722140,4.25,36.32,-1.73,0.19,5.86,14.43,23.38,-4.57,2.40,-19.03,0,0,HVY,0,HV2Y,-1,-1,-1,-1,-1,-3.69,-4.37,-22.21,41.1,41.1,41.1,10.03,13.66,-22.47,-11.31,-38.32,0.977033,56,14.43,10.46,-36.47,6.66,-21.95,10.03,4.9,-45.53,11.76,-28.41,1.089862,89
24-09-2025,NYSE:F,Ford Motor Company Common Stock,46286,51810576,1.85,11.63,-0.85,-0.26,1.81,-1.63,9.89,11.52,16.25,6.45,0,0,0,0,0,-1,-1,-1,-1,-1,-2.35,-2.35,-2.35,10.97,33.83,33.83,-6.03,0.17,-6.38,2.54,-12.84,0.976761,56,-1.63,11.34,1.81,5.34,-11.70,-6.03,5.78,-7.25,10.44,-18.16,1.003277,47
24-09-2025,NYSE:HHH,Howard Hughes Holdings Inc. Common Stock,4728,358426,1.77,79.59,-1.22,-3.30,1.02,5.64,17.11,4.87,5.36,3.18,0,0,0,HV2Y,HV2Y,-1,-1,-1,1,-1,-4.88,-4.88,-8.39,20.65,25.56,25.56,1.24,7.39,-13.03,-8.35,-16.11,0.976701,56,5.64,12.16,-14.76,0.52,-2.31,1.24,6.6,-23.82,5.62,-8.77,1.036177,73
24-09-2025,NASDAQ:JAZZ,Jazz Pharmaceuticals plc - Ordinary Shares,7861,697537,2.44,129.59,0.15,0.04,2.08,3.86,17.34,-4.37,5.20,14.53,0,0,0,0,0,-1,-1,-1,-1,-1,-1.62,-4.18,-10.11,22.34,32.53,32.53,-0.54,7.62,-22.27,-8.51,-4.76,0.976644,56,3.86,14.02,-26.26,9.17,9.84,-0.54,8.46,-35.32,14.27,3.38,1.027601,69
24-09-2025,NYSE:CF,"CF Industries Holdings, Inc. Common Stock",14845,2702339,2.27,91.65,5.18,8.14,5.18,5.98,0.27,18.13,8.54,10.95,0,0,0,0,0,-1,-1,-1,-1,-1,-7.19,-10.57,-10.57,13.27,33.85,33.85,1.58,-9.45,0.23,-5.17,-8.34,0.976595,56,5.98,-6.07,17.91,-11.72,2.64,1.58,-11.63,8.85,-6.62,-3.82,0.990092,33
24-09-2025,NYSE:FBP,First BanCorp. New Common Stock,3551,993506,1.94,22.13,0.64,1.94,0.95,-0.18,7.05,12.25,17.26,6.64,0,0,0,0,0,-1,-1,-1,-1,-1,-1.6,-1.6,-1.6,8.91,31.41,31.41,-4.58,-2.67,-5.65,3.55,-12.65,0.976578,56,-0.18,7.22,5.59,5.72,-12.83,-4.58,1.66,-3.47,10.82,-19.29,0.998098,42
24-09-2025,NYSE:TDW,Tidewater Inc. Common Stock,2788,663240,3.48,56.34,1.99,-1.26,-6.50,-6.14,20.31,22.77,13.60,-34.33,0,0,HVY,0,HV2Y,-1,-1,-1,-1,-1,-10.84,-10.84,-27.19,25.48,74.59,74.59,-10.54,10.59,4.87,-0.11,-53.62,0.976545,56,-6.14,24.92,3.10,-11.88,-55.46,-10.54,19.36,-5.96,-6.78,-61.92,1.062313,83
24-09-2025,NYSE:IBM,International Business Machines Corporation Common Stock,249209,4362618,1.97,267.53,-1.73,3.16,3.98,10.50,-8.80,6.59,16.30,18.63,0,0,0,0,0,-1,-1,-1,-1,-1,-9.24,-9.24,-9.24,13.95,21.04,30.57,6.1,-18.52,-11.31,2.59,-0.66,0.976476,56,10.50,-21.56,14.14,10.40,2.78,6.1,-27.12,5.08,15.5,-3.68,0.970424,16
24-09-2025,NYSE:HIG,"The Hartford Insurance Group, Inc. Common Stock",37072,1500596,1.39,131.85,0.03,0.91,0.46,-0.59,5.91,7.88,18.80,11.78,0,0,0,0,0,-1,-1,-1,-1,-1,-2.12,-2.12,-2.12,10.12,20.05,24.02,-4.99,-3.81,-10.02,5.09,-7.51,0.976412,56,-0.59,6.47,2.09,11.86,-8.65,-4.99,0.91,-6.97,16.96,-15.11,0.990595,33
24-09-2025,NASDAQ:CSCO,"Cisco Systems, Inc. - Common Stock",266129,18514332,1.55,67.32,-0.33,-0.59,-1.20,0.27,-1.29,9.40,14.39,22.80,0,0,0,0,0,-1,-1,-1,-1,-1,-6.23,-6.23,-6.23,1.69,26.57,29.54,-4.13,-11.01,-8.5,0.68,3.51,0.976233,56,0.27,-1.56,10.56,5.51,9.82,-4.13,-7.12,1.5,10.61,3.36,0.966768,14
24-09-2025,NASDAQ:CHEF,"The Chefs' Warehouse, Inc. - Common Stock",2423,450865,3.2,59.44,-3.66,-13.46,-8.41,-9.57,-7.34,9.86,18.51,31.61,0,0,0,HV2Y,HV2Y,-1,-1,-1,-1,-1,-13.3,-13.3,-13.3,0,21.11,54.11,-13.97,-17.06,-8.04,4.8,12.32,0.976194,56,-9.57,2.04,16.02,9.59,16.08,-13.97,-3.52,6.96,14.69,9.62,0.935856,5
24-09-2025,NASDAQ:ECX,ECARX Holdings Inc. - Class A Ordinary shares,789,1907791,6.37,2.11,0.96,-2.37,18.48,19.91,9.00,-36.02,18.96,4.74,0,0,0,HV2Y,HV2Y,-1,4,-1,-1,-1,-6.22,-26.48,-35.08,67.46,156.32,156.32,15.51,-0.72,-53.92,5.25,-14.55,0.976025,56,19.91,-13.61,-49.48,40.42,-17.54,15.51,-19.17,-58.54,45.52,-24,1.053033,79
24-09-2025,NYSE:PNC,"PNC Financial Services Group, Inc. (The) Common Stock",80368,1568352,1.67,204.08,0.08,0.15,1.07,1.66,10.57,13.33,6.88,8.68,0,0,0,0,0,-1,-1,-1,-1,-1,-1.62,-1.62,-5.08,11.82,36.27,36.27,-2.74,0.85,-4.57,-6.83,-10.61,0.97553,56,1.66,9.06,3.08,-7.43,1.93,-2.74,3.5,-5.98,-2.33,-4.53,1.008237,53
24-09-2025,NASDAQ:EA,Electronic Arts Inc. - Common Stock,41872,2727907,2.06,167.35,-3.86,-3.73,-1.74,-3.23,5.69,13.65,11.63,16.61,0,0,0,0,0,-1,-1,-1,-1,-1,-6.51,-6.51,-6.51,13.23,26.27,43.61,-7.63,-4.03,-4.25,-2.08,-2.68,0.975521,56,-3.23,8.65,8.44,-2.35,5.64,-7.63,3.09,-0.62,2.75,-0.82,0.983344,26
24-09-2025,NASDAQ:CHW,Calamos Global Dynamic Income Fund - Closed End Fund,486,206433,1.1,7.56,-0.66,0.79,2.12,4.10,7.80,11.90,10.19,7.54,0,0,0,0,0,-1,-1,-1,-1,-1,-0.92,-0.92,-0.92,8.46,35.24,35.24,-0.3,-1.92,-6,-3.52,-11.75,0.975394,56,4.10,3.86,4.45,-1.95,-2.95,-0.3,-1.7,-4.61,3.15,-9.41,1.004988,49
24-09-2025,NYSE:GME,GameStop Corporation Common Stock,11751,10997654,3.19,26.25,-2.05,0.57,7.16,13.60,10.29,3.24,-10.48,16.76,0,0,0,0,HV2Y,-1,2,-1,-1,-1,-2.05,-25.02,-25.02,18.78,24.41,28.05,9.2,0.57,-14.66,-24.19,-2.53,0.975349,56,13.60,-3.84,-7.86,-14.17,24.66,9.2,-9.4,-16.92,-9.07,18.2,1.023624,66
24-09-2025,NYSE:TEVA,Teva Pharmaceutical Industries Limited American Depositary Shares,20891,10069227,2.84,19.27,-0.93,4.62,-1.56,5.97,11.78,18.53,-10.59,9.13,0,0,0,0,HV2Y,-1,-1,-1,-1,-1,-3.31,-3.31,-15.37,25.29,50.31,50.31,1.57,2.06,0.63,-24.3,-10.16,0.975295,56,5.97,6.18,7.65,-35.73,17.83,1.57,0.62,-1.41,-30.63,11.37,1.024647,67
24-09-2025,NYSE:MAIN,Main Street Capital Corporation Common Stock,5622,598171,1.67,62.87,-2.19,-4.64,-6.11,-1.80,7.27,6.09,11.07,20.47,0,0,0,0,0,-1,-1,-1,-1,-1,-6.91,-6.91,-6.91,7.84,27.91,27.91,-6.2,-2.45,-11.81,-2.64,1.18,0.975092,56,-1.80,8.91,-1.27,5.30,10.57,-6.2,3.35,-10.33,10.4,4.11,0.985385,28
24-09-2025,NASDAQ:CLOV,"Clover Health Investments, Corp.  - Class A Common stock",1650,5144124,4.19,3.22,-0.92,4.66,6.21,17.86,14.91,-20.19,0.93,9.63,0,0,0,0,2,-1,-1,-1,-1,-1,-5.57,-16.8,-33.2,47.71,47.71,47.71,13.46,5.19,-38.09,-12.78,-9.66,0.974833,56,17.86,-3.59,-41.24,17.57,8.78,13.46,-9.15,-50.3,22.67,2.32,1.051726,79
24-09-2025,NASDAQ:INDB,Independent Bank Corp. - Common Stock,3510,313438,2.79,70.44,-0.16,-0.01,1.60,-0.17,12.29,7.47,7.01,13.98,0,0,0,0,0,-1,-1,-1,-1,-1,-3.29,-3.29,-6.04,14.02,31.37,31.37,-4.57,2.57,-10.43,-6.7,-5.31,0.974809,56,-0.17,12.44,-5.50,-0.49,7.50,-4.57,6.88,-14.56,4.61,1.04,1.005958,50
24-09-2025,NASDAQ:WTFC,Wintrust Financial Corporation - Common Stock,8820,419404,1.99,131.73,-0.96,-1.72,-4.01,-1.73,7.89,11.95,6.84,17.82,0,0,0,0,0,-1,-1,-1,-1,-1,-5.78,-5.78,-5.78,8.56,38.42,38.42,-6.13,-1.83,-5.95,-6.87,-1.47,0.974782,56,-1.73,9.45,4.41,-5.80,11.78,-6.13,3.89,-4.65,-0.7,5.32,0.990156,33
24-09-2025,NASDAQ:MTCH,"Match Group, Inc. - Common Stock",8686,3953426,2.42,36.1,-2.27,-4.13,-4.99,-2.99,14.52,13.38,12.35,-0.55,0,0,0,0,HV2Y,-1,-1,-1,14,-1,-6.89,-6.89,-6.89,18.67,33.56,33.56,-7.39,4.8,-4.52,-1.36,-19.84,0.974685,56,-2.99,17.00,-1.33,-1.18,-14.73,-7.39,11.44,-10.39,3.92,-21.19,1.019713,63
24-09-2025,NYSE:WOW,"WideOpenWest, Inc. Common Stock",442,1011600,0.72,5.16,-0.19,0.19,0.58,1.55,20.35,2.13,7.36,0.19,0,HV2Y,HV2Y,0,HV2Y,-1,-1,-1,-1,-1,-1.15,-1.15,-9.15,62.78,62.78,62.78,-2.85,10.63,-15.77,-6.35,-19.1,0.974573,56,1.55,19.09,-22.87,5.35,-7.74,-2.85,13.53,-31.93,10.45,-14.2,1.043656,76
24-09-2025,NYSE:VVX,"V2X, Inc. Common Stock",1771,395278,3.36,55.86,-1.15,-2.40,1.63,-3.46,16.42,8.95,12.21,2.26,0,0,0,0,0,-1,-1,-1,-1,-1,-9.63,-9.63,-18.83,19.64,27.65,32.84,-7.86,6.7,-8.95,-1.5,-17.03,0.974542,56,-3.46,19.21,-8.93,3.58,-11.34,-7.86,13.65,-17.99,8.68,-17.8,1.022409,65
24-09-2025,NASDAQ:SSNC,"SS&C Technologies Holdings, Inc. - Common Stock",21474,1014664,1.73,87.93,-0.99,-1.02,-0.60,-1.65,8.47,5.25,15.54,14.10,0,0,0,0,0,-1,-1,-1,-1,-1,-2.52,-2.52,-2.52,9.26,22.19,25.74,-6.05,-1.25,-12.65,1.83,-5.19,0.974472,56,-1.65,9.96,-3.52,10.85,-1.70,-6.05,4.4,-12.58,15.95,-8.16,0.993559,37
24-09-2025,NASDAQ:PERI,Perion Network Ltd - Ordinary Shares,429,262884,2.54,9.53,-0.31,0.31,3.36,2.41,-4.09,15.32,14.17,16.05,0,0,0,0,0,-1,-1,-1,-1,-1,-16.62,-16.62,-16.62,8.54,34.6,34.6,-1.99,-13.81,-2.58,0.46,-3.24,0.974463,55,2.41,-6.67,18.65,-1.36,2.20,-1.99,-12.23,9.59,3.74,-4.26,0.97081,16
24-09-2025,NYSE:NTST,NetSTREIT Corp. Common Stock,1716,1324147,1.91,17.5,-1.80,-4.80,-4.17,-5.49,5.94,12.51,20.91,7.09,0,0,0,0,0,-1,-1,-1,-1,-1,-7.7,-7.7,-7.7,6.32,19.78,28.3,-9.89,-3.78,-5.39,7.2,-12.2,0.974444,55,-5.49,10.83,6.99,9.60,-17.49,-9.89,5.27,-2.07,14.7,-23.95,0.989205,31
24-09-2025,NASDAQ:ALGT,Allegiant Travel Company - Common Stock,1124,371886,4.81,61.98,0.87,-2.37,1.97,2.23,12.84,9.28,-30.45,30.53,0,0,0,0,0,-1,-1,-1,-1,-1,-5.86,-5.86,-41.14,28.8,51.54,51.54,-2.17,3.12,-8.62,-44.16,11.24,0.974419,55,2.23,10.86,-4.09,-43.78,46.74,-2.17,5.3,-13.15,-38.68,40.28,1.017006,61
24-09-2025,NYSE:SF,Stifel Financial Corporation Common Stock,11476,759842,1.95,112.32,-1.84,-1.51,-0.73,-2.51,8.83,9.29,8.95,17.67,0,0,0,0,0,-1,-1,-1,-1,-1,-3.51,-3.51,-4.59,9.69,46.84,46.84,-6.91,-0.89,-8.61,-4.76,-1.62,0.974388,55,-2.51,11.06,0.51,-0.38,9.58,-6.91,5.5,-8.55,4.72,3.12,0.990941,34
24-09-2025,NASDAQ:DDOG,"Datadog, Inc. - Class A Common Stock",47628,4722406,2.96,136.57,-0.67,1.71,-1.87,6.00,4.63,19.03,-7.59,15.97,0,0,HV2Y,0,0,-1,-1,-1,-1,-1,-11.98,-11.98,-19.02,9.68,56.98,56.98,1.6,-5.09,1.13,-21.3,-3.32,0.974376,55,6.00,-1.45,15.10,-32.87,21.89,1.6,-7.01,6.04,-27.77,15.43,1.002249,46
24-09-2025,NASDAQ:EVCM,EverCommerce Inc. - Common Stock,2116,227828,2.93,11.67,0.26,-1.20,2.57,2.31,13.71,10.03,4.20,7.71,0,0,0,0,0,-1,-1,-1,-1,-1,-3.91,-3.91,-4.5,16.93,25.21,30.39,-2.09,3.99,-7.87,-9.51,-11.58,0.974352,55,2.31,11.67,-4.27,-6.48,3.67,-2.09,6.11,-13.33,-1.38,-2.79,1.018364,62
24-09-2025,NASDAQ:STLD,"Steel Dynamics, Inc. - Common Stock",20074,1300326,2.78,136.37,-0.23,-0.35,2.68,2.27,5.79,6.14,15.46,12.13,0,0,0,0,0,-1,-1,-1,-1,-1,-2.48,-2.48,-11.63,12.37,24.87,24.87,-2.13,-3.93,-11.76,1.75,-7.16,0.974327,55,2.27,3.60,0.37,9.93,-3.94,-2.13,-1.96,-8.69,15.03,-10.4,0.993672,37
24-09-2025,NYSE:NVGS,Navigator Holdings Ltd. Ordinary Shares (Marshall Islands),1135,260676,2.02,16.39,-1.15,-2.32,-0.43,0.12,9.88,16.17,9.95,2.68,0,0,0,0,0,-1,-1,-1,-1,-1,-2.73,-2.73,-4.21,15.83,50.09,50.09,-4.28,0.16,-1.73,-3.76,-16.61,0.974163,55,0.12,9.77,6.97,-7.42,-8.06,-4.28,4.21,-2.09,-2.32,-14.52,1.009293,54
24-09-2025,NYSE:WAL,Western Alliance Bancorporation Common Stock (DE),9825,1161316,2.58,89.02,-0.68,0.18,0.27,2.45,15.19,9.50,6.92,1.49,0,0,0,0,0,-1,-1,-1,6,-1,-2.7,-2.7,-7.37,17.91,45.93,45.93,-1.95,5.47,-8.4,-6.79,-17.8,0.974053,55,2.45,13.06,-6.70,-2.86,-5.83,-1.95,7.5,-15.76,2.24,-12.29,1.027052,68
24-09-2025,NASDAQ:VITL,"Vital Farms, Inc. - Common Stock",1872,1063900,4.11,41.9,-3.74,-6.92,-12.42,-23.39,10.36,22.53,7.54,20.21,0,0,0,0,HV2Y,-1,-1,-1,-1,-1,-20.05,-20.05,-20.05,18.8,40.98,48.95,-27.79,0.64,4.63,-6.17,0.92,0.974036,55,-23.39,27.35,13.58,-19.35,13.71,-27.79,21.79,4.52,-14.25,7.25,0.974881,19
24-09-2025,NYSE:KEY,KeyCorp Common Stock,20582,28876302,1.97,18.77,0.16,0.32,-2.45,-1.33,10.66,11.72,10.44,8.79,0,0,0,0,HV2Y,-1,-1,-1,-1,-1,-3.2,-3.2,-6.01,11.93,41.87,41.87,-5.73,0.94,-6.18,-3.27,-10.5,0.974015,55,-1.33,11.83,1.19,-1.45,-1.84,-5.73,6.27,-7.87,3.65,-8.3,1.003919,48
24-09-2025,NYSE:KEYS,Keysight Technologies Inc. Common Stock,29973,983186,1.74,174.41,-1.96,0.86,2.41,5.21,5.90,9.14,8.35,12.61,0,0,0,0,0,-1,-1,-1,-1,-1,-2.1,-2.1,-5.78,10.03,37.31,37.31,0.81,-3.82,-8.76,-5.36,-6.68,0.974005,55,5.21,0.73,3.44,-0.87,4.65,0.81,-4.83,-5.62,4.23,-1.81,0.998085,42
24-09-2025,NYSE:GXO,"GXO Logistics, Inc. Common Stock",5834,915170,2.66,50.96,1.07,0.94,1.20,-4.36,6.10,20.96,16.09,-1.08,0,0,HVQ,0,HV2Y,-1,-1,-1,-1,-1,-6.65,-6.65,-19.12,6.5,61.62,61.62,-8.76,-3.62,3.06,2.38,-20.37,0.973802,55,-4.36,10.02,15.82,-6.16,-20.46,-8.76,4.46,6.76,-1.06,-26.92,0.9989,43
24-09-2025,NYSE:SYY,Sysco Corporation Common Stock,39127,2924509,1.67,81.82,-0.49,-0.78,1.99,3.04,8.27,13.97,6.44,8.10,0,0,0,0,0,-1,-1,-1,-1,-1,-0.84,-0.84,-0.84,9.78,20.32,20.32,-1.36,-1.45,-3.93,-7.27,-11.19,0.973764,55,3.04,5.40,6.21,-8.75,1.78,-1.36,-0.16,-2.85,-3.65,-4.68,1.005126,49
24-09-2025,NASDAQ:CCCX,Churchill Capital Corp X - Class A Ordinary Shares,703,1754457,2.04,13.5,6.55,18.37,24.00,25.11,NA,NA,NA,NA,0,0,0,0,0,-1,0,-1,-1,-1,0,0,0,33.66,33.66,33.66,20.71,0,0,0,0,0.973642,55,25.11,NA,NA,NA,NA,20.71,0,0,0,0,1.03067,71
24-09-2025,NASDAQ:UMBF,UMB Financial Corporation - Common Stock,9016,512831,2.48,118.74,-0.96,-1.52,-2.74,-1.53,13.60,11.53,4.67,10.10,0,0,0,0,0,-1,-1,-1,-1,-1,-5.45,-5.45,-6.94,15.74,37.43,37.43,-5.93,3.88,-6.37,-9.04,-9.19,0.973629,55,-1.53,14.91,-2.40,-7.76,5.70,-5.93,9.35,-11.46,-2.66,-0.76,1.01137,56
24-09-2025,NASDAQ:EXEL,"Exelixis, Inc. - Common Stock",10475,2656112,2.58,38.91,-2.26,-3.93,3.11,2.60,-11.87,3.08,13.44,32.10,0,0,0,HV2Y,HV2Y,-1,-1,-1,-1,-1,-15.69,-15.89,-15.89,7.43,14.01,53.25,-1.8,-21.59,-14.82,-0.27,12.81,0.973622,55,2.60,-14.85,13.37,10.69,21.56,-1.8,-20.41,4.31,15.79,15.1,0.942565,6
24-09-2025,NYSE:HTH,Hilltop Holdings Inc.,2140,430455,1.97,33.97,0.47,-0.09,-2.36,-1.74,12.07,9.01,15.10,3.39,0,0,0,0,HV2Y,-1,-1,-1,-1,-1,-4.95,-4.95,-4.95,14.88,21.54,25.12,-6.14,2.35,-8.89,1.39,-15.9,0.973609,55,-1.74,13.57,-3.48,6.70,-13.80,-6.14,8.01,-12.54,11.8,-20.26,1.011525,56
24-09-2025,NYSE:TRV,"The Travelers Companies, Inc. Common Stock",62286,1111976,1.53,276.66,0.14,0.59,1.57,1.56,5.73,6.22,14.08,13.78,0,0,0,0,0,-1,-1,-1,-1,-1,-0.99,-0.99,-0.99,10.39,18.32,22.43,-2.84,-3.99,-11.68,0.37,-5.51,0.973452,55,1.56,4.23,0.52,8.38,-0.34,-2.84,-1.33,-8.54,13.48,-6.8,0.991236,34
24-09-2025,NYSE:FTS,Fortis Inc. Common Shares,24918,535368,0.97,49.48,0.28,0.89,0.99,-1.46,5.82,10.27,16.81,9.70,0,0,0,0,0,-1,-1,-1,-1,-1,-2.69,-2.69,-2.69,6.18,11.44,22.2,-5.86,-3.9,-7.63,3.1,-9.59,0.973431,55,-1.46,7.17,4.72,7.30,-8.55,-5.86,1.61,-4.34,12.4,-15.01,0.991019,34
24-09-2025,NYSE:NWN,Northwest Natural Holding Company Common Stock,1785,243587,1.47,43.6,0.05,3.33,4.89,5.23,9.08,6.01,9.15,9.45,0,0,0,0,0,-1,-1,-1,-1,-1,0,-1.16,-1.16,10.44,10.44,13.81,0.83,-0.64,-11.89,-4.56,-9.84,0.973367,55,5.23,4.07,-3.38,3.34,0.33,0.83,-1.49,-12.44,8.44,-6.13,1.008173,53
24-09-2025,NYSE:NVS,Novartis AG Common Stock,234395,1075096,0.81,123,0.15,0.43,-2.89,-1.66,4.07,10.26,21.33,5.74,0,0,0,0,0,-1,-1,-1,-1,-1,-5.19,-5.19,-5.19,8.37,20.64,27.11,-6.06,-5.65,-7.64,7.62,-13.55,0.973298,55,-1.66,5.63,6.46,12.33,-19.81,-6.06,0.07,-2.6,17.43,-26.27,0.990866,34
24-09-2025,NYSE:FDP,"Fresh Del Monte Produce, Inc. Common Stock",1670,337269,2.14,34.81,-2.00,-2.53,-1.61,-5.54,8.76,16.12,5.11,16.17,0,0,0,0,0,-1,-1,-1,-1,-1,-11.72,-11.72,-11.72,9.6,19.21,21.71,-9.94,-0.96,-1.78,-8.6,-3.12,0.973194,55,-5.54,13.55,8.06,-13.12,11.66,-9.94,7.99,-1,-8.02,5.2,0.990316,33
24-09-2025,NYSE:ESNT,Essent Group Ltd. Common Shares,6337,663128,1.62,64.31,0.06,1.18,1.51,1.96,6.28,10.95,17.73,1.23,0,0,0,0,0,-1,-1,-1,3,-1,-1.79,-1.79,-1.79,15.48,21.85,21.96,-2.44,-3.44,-6.95,4.02,-18.06,0.973179,55,1.96,4.41,4.98,7.61,-20.05,-2.44,-1.15,-4.08,12.71,-26.51,1.003947,48
24-09-2025,NASDAQ:HBAN,Huntington Bancshares Incorporated - Common Stock,25462,27663459,1.93,17.37,0.12,-0.98,-1.67,0.46,6.28,11.80,8.41,14.45,0,0,0,0,0,-1,-1,-1,-1,-1,-2.85,-2.85,-4.56,9.45,39.07,39.07,-3.94,-3.44,-6.1,-5.3,-4.84,0.973119,55,0.46,5.84,5.90,-3.85,6.60,-3.94,0.28,-3.16,1.25,0.14,0.991392,34
24-09-2025,NYSE:STM,STMicroelectronics N.V. Common Stock,25940,6528695,2.34,29.02,1.26,6.31,11.13,5.89,-3.17,17.16,15.64,3.72,0,0,0,0,0,-1,-1,-1,-1,-1,-13.14,-13.14,-13.14,17.16,63.22,63.22,1.49,-12.89,-0.74,1.93,-15.57,0.973011,55,5.89,-9.63,19.71,-1.83,-14.13,1.49,-15.19,10.65,3.27,-20.59,0.988165,30
24-09-2025,NYSE:TM,Toyota Motor Corporation Common Stock,261648,255544,0.76,198.09,-1.28,-1.66,0.36,-0.14,14.61,2.56,12.06,7.08,0,0,HV2Y,HV2Y,HV2Y,-1,-1,-1,-1,-1,-2.32,-2.32,-2.32,18.01,24.88,24.88,-4.54,4.89,-15.34,-1.65,-12.21,0.972993,55,-0.14,14.73,-14.11,9.74,-5.66,-4.54,9.17,-23.17,14.84,-12.12,1.018167,62
24-09-2025,NYSE:MC,Moelis & Company Class A Common Stock,5871,601032,2.7,72.74,-3.19,-3.70,-0.76,1.03,15.09,13.50,1.40,3.53,0,0,0,0,HV2Y,-1,-1,-1,-1,-1,-6.44,-6.44,-10.42,17.78,48.87,48.87,-3.37,5.37,-4.4,-12.31,-15.76,0.97295,55,1.03,14.21,-1.88,-13.99,2.16,-3.37,8.65,-10.94,-8.89,-4.3,1.024608,67
24-09-2025,NASDAQ:CEVA,"CEVA, Inc. - Common Stock",634,326962,3.98,26.55,0.84,6.55,13.45,13.94,17.68,-5.88,-16.46,12.96,0,0,0,0,0,-1,3,-1,-1,-1,0,-5.55,-30.93,28.26,41.68,41.68,9.54,7.96,-23.78,-30.17,-6.33,0.972821,55,13.94,4.35,-28.62,-10.00,25.26,9.54,-1.21,-37.68,-4.9,18.8,1.050479,78
24-09-2025,NASDAQ:CLDX,"Celldex Therapeutics, Inc. - Common Stock",1700,1429452,5.22,25.6,5.65,4.45,2.50,14.34,16.17,21.29,0.86,-61.09,0,0,0,0,0,-1,-1,-1,-1,-1,-1.23,-1.23,-37.92,27.94,69.2,69.2,9.94,6.45,3.39,-12.85,-80.38,0.972802,54,14.34,2.14,6.10,-25.96,-62.49,9.94,-3.42,-2.96,-20.86,-68.95,1.0973,90
24-09-2025,NYSE:RYI,Ryerson Holding Corporation Common Stock,743,226054,3.1,23.06,2.13,1.30,4.81,0.61,10.23,-1.26,14.18,14.35,0,0,0,0,0,-1,-1,-1,-1,-1,-6.07,-6.07,-11.72,11.94,20.17,30.8,-3.79,0.51,-19.16,0.47,-4.94,0.972747,54,0.61,9.69,-12.80,15.25,0.20,-3.79,4.13,-21.86,20.35,-6.26,1.001795,46
24-09-2025,NYSE:AGCO,AGCO Corporation Common Stock,8004,786766,2.49,109.67,0.19,-1.35,1.88,-6.46,6.87,13.47,14.17,12.62,0,0,HVQ,0,0,-1,-1,-1,-1,-1,-7.04,-7.04,-7.04,9.14,44.74,44.74,-10.86,-2.85,-4.43,0.46,-6.67,0.972349,54,-6.46,12.51,7.09,0.81,-1.81,-10.86,6.95,-1.97,5.91,-8.27,0.985328,28
24-09-2025,NYSE:EMR,Emerson Electric Company Common Stock,74245,2977364,2,131.92,0.35,0.70,-1.33,-0.35,1.88,12.60,7.25,20.29,0,0,0,0,0,-1,-1,-1,-1,-1,-11.84,-11.84,-11.84,2.24,40.12,40.12,-4.75,-7.84,-5.3,-6.46,1,0.972323,54,-0.35,2.22,10.92,-6.11,14.05,-4.75,-3.34,1.86,-1.01,7.59,0.976561,20
24-09-2025,NYSE:GOTU,Gaotu Techedu Inc. American Depositary Shares,826,797389,4.18,3.4,0.00,-5.00,-4.41,-11.18,-10.29,7.35,32.06,17.94,0,0,0,0,0,-1,-1,-1,-1,-1,-14.79,-15.84,-22.2,0,30.77,80.85,-15.58,-20.01,-10.55,18.35,-1.35,0.972225,54,-11.18,0.79,16.00,26.67,-20.78,-15.58,-4.77,6.94,31.77,-27.24,0.943723,6
24-09-2025,NYSE:OGS,"ONE Gas, Inc. Common Stock",4696,383328,1.43,78.27,1.15,3.83,4.28,3.69,8.11,6.95,13.04,6.04,0,0,0,0,0,-1,-1,-1,-1,-1,0,-3.82,-3.82,9.33,9.33,16.89,-0.71,-1.61,-10.95,-0.67,-13.25,0.972148,54,3.69,4.59,-1.27,6.55,-8.05,-0.71,-0.97,-10.33,11.65,-14.51,1.006266,51
24-09-2025,NYSE:ATUS,"Altice USA, Inc. Class A Common Stock",1190,3913900,6.06,2.54,-3.05,0.79,8.66,6.69,17.72,-8.66,-0.79,13.78,0,0,0,0,0,-1,-1,-1,-1,-1,-13.9,-13.9,-18.33,23.9,27.64,27.64,2.29,8,-26.56,-14.5,-5.51,0.972048,54,6.69,11.81,-32.06,7.25,14.45,2.29,6.25,-41.12,12.35,7.99,1.035454,73
24-09-2025,NYSE:ABT,Abbott Laboratories Common Stock,233030,5355867,1.74,135.89,-0.53,2.30,2.90,2.43,-1.61,6.39,17.63,16.00,0,0,0,0,0,-1,-1,-1,-1,-1,-1.59,-1.59,-3.09,12.76,12.76,22.31,-1.97,-11.33,-11.51,3.92,-3.29,0.97196,54,2.43,-4.14,7.87,12.01,-1.98,-1.97,-9.7,-1.19,17.11,-8.44,0.974585,19
24-09-2025,NASDAQ:TCMD,"Tactile Systems Technology, Inc. - Common Stock",311,203539,2.78,13.94,-1.62,1.72,4.88,6.74,25.97,3.95,-21.59,-1.65,0,0,0,0,0,-1,-1,8,-1,-1,-1.62,-4.39,-28.66,46.43,47.98,47.98,2.34,16.25,-13.95,-35.3,-20.94,0.971596,54,6.74,20.62,-29.75,-26.59,16.40,2.34,15.06,-38.81,-21.49,9.94,1.078116,87
24-09-2025,NYSE:ADT,ADT Inc. Common Stock,6670,10312113,1.84,8.58,-1.83,-1.17,-0.23,-2.68,2.21,5.83,20.40,14.10,0,0,0,0,0,-1,-1,-1,-1,-1,-3.05,-3.05,-3.05,3.75,13.79,27.87,-7.08,-7.51,-12.07,6.69,-5.19,0.971587,54,-2.68,4.77,3.69,15.47,-7.91,-7.08,-0.79,-5.37,20.57,-14.37,0.978057,21
24-09-2025,NYSE:ARI,"Apollo Commercial Real Estate Finance, Inc",1459,852661,1.62,10.45,-0.48,-0.57,-5.45,1.63,6.60,6.22,15.98,7.66,0,0,0,0,0,-1,-1,-1,-1,-1,-5.17,-5.17,-5.17,8.63,30.95,30.95,-2.77,-3.12,-11.68,2.27,-11.63,0.97145,54,1.63,5.06,-0.41,10.41,-9.91,-2.77,-0.5,-9.47,15.51,-16.37,0.998692,43
24-09-2025,NYSE:FE,FirstEnergy Corp. Common Stock,25452,3203612,1.12,44.08,0.64,1.45,1.91,1.00,9.44,13.91,11.16,0.18,0,0,0,0,0,-1,-1,-1,-1,-1,0,0,-0.97,10.87,16.15,16.15,-3.4,-0.28,-3.99,-2.55,-19.11,0.971433,54,1.00,8.52,4.93,-3.19,-12.36,-3.4,2.96,-4.13,1.91,-18.82,1.010999,56
24-09-2025,NASDAQ:FOLD,"Amicus Therapeutics, Inc. - Common Stock",2574,4745807,3.73,8.35,2.33,4.55,4.91,10.42,32.22,-3.23,-16.53,-35.21,0,0,0,0,HV2Y,-1,-1,-1,-1,-1,-2.57,-3.13,-30.47,47.53,48.05,48.05,6.02,22.5,-21.13,-30.24,-54.5,0.971167,54,10.42,24.33,-52.30,-12.88,-16.03,6.02,18.77,-61.36,-7.78,-22.49,1.130664,93
24-09-2025,NYSE:SWX,"Southwest Gas Holdings, Inc. Common Stock (DE)",5710,413825,1.64,79.33,-0.09,0.28,0.72,3.35,6.97,8.04,12.30,6.79,0,0,0,0,0,-1,-1,-1,-1,-1,-0.75,-0.75,-0.75,8.85,18.56,18.56,-1.05,-2.75,-9.86,-1.41,-12.5,0.971011,54,3.35,3.74,1.15,4.63,-6.28,-1.05,-1.82,-7.91,9.73,-12.74,1.002417,46
24-09-2025,NYSE:XYZ,"Block, Inc. Class A Common Stock,",46627,5608876,2.91,76.49,-0.07,1.02,3.58,-3.39,15.27,19.82,-14.58,11.81,0,0,0,0,0,-1,-1,-1,-1,-1,-5.31,-5.31,-22.67,18.02,64.39,64.39,-7.79,5.55,1.92,-28.29,-7.48,0.970891,54,-3.39,18.05,5.37,-42.90,23.03,-7.79,12.49,-3.69,-37.8,16.57,1.022844,65
24-09-2025,NYSE:ASB,Associated Banc-Corp Common Stock,4279,1402349,2.11,25.8,-0.15,-0.47,-1.86,-2.17,7.02,10.47,8.14,15.93,0,0,0,0,HV2Y,-1,-1,-1,-1,-1,-4.48,-4.48,-8.32,8.49,36.44,36.44,-6.57,-2.7,-7.43,-5.57,-3.36,0.970889,54,-2.17,8.99,3.71,-2.60,8.48,-6.57,3.43,-5.35,2.5,2.02,0.988656,31
24-09-2025,NYSE:PPL,PPL Corporation Common Stock,26992,4479663,1.28,36.5,0.52,2.44,1.95,-0.03,8.22,6.63,12.27,11.07,0,0,0,0,0,-1,-1,-1,-1,-1,-1.97,-1.97,-1.97,8.96,9.12,15.98,-4.43,-1.5,-11.27,-1.44,-8.22,0.970872,54,-0.03,8.24,-1.73,6.04,-1.37,-4.43,2.68,-10.79,11.14,-7.83,0.997534,41
24-09-2025,NASDAQ:KLIC,"Kulicke and Soffa Industries, Inc. - Common Stock",2164,583526,2.68,41.5,-2.47,0.48,8.51,9.86,15.83,12.17,-13.42,-0.14,0,0,0,0,0,-1,-1,-1,5,-1,-3.56,-3.56,-17.89,29.24,50.09,50.09,5.46,6.11,-5.73,-27.13,-19.43,0.970767,54,9.86,6.63,-4.35,-29.14,11.71,5.46,1.07,-13.41,-24.04,5.25,1.046285,77
24-09-2025,NYSE:ADX,Adams Diversified Equity Fund Inc.,2664,231891,0.73,22.41,-0.18,1.38,2.72,3.39,5.35,13.48,10.53,4.02,0,0,0,0,0,-1,-1,-1,-1,-1,-0.18,-0.18,-0.53,5.96,30.98,30.98,-1.01,-4.37,-4.42,-3.18,-15.27,0.970476,54,3.39,2.03,8.58,-3.40,-7.28,-1.01,-3.53,-0.48,1.7,-13.74,1.001466,45
24-09-2025,NASDAQ:ADI,"Analog Devices, Inc. - Common Stock",122305,2858850,1.84,246.78,-0.23,1.09,-0.57,-2.20,4.78,13.96,15.81,5.40,0,0,0,HV2Y,0,-1,-1,-1,-1,-1,-3.46,-3.46,-3.46,11.83,49.93,49.93,-6.6,-4.94,-3.94,2.1,-13.89,0.970446,54,-2.20,6.83,9.63,2.15,-12.36,-6.6,1.27,0.57,7.25,-18.82,0.991728,35
24-09-2025,NYSE:SN,"SharkNinja, Inc. Ordinary Shares",15192,1240176,2.81,107.64,-1.84,-5.86,-7.80,-7.58,13.26,14.92,11.58,1.74,0,0,0,0,HV2Y,-1,-1,-1,-1,-1,-11.2,-11.2,-11.2,15.28,63.99,63.99,-11.98,3.54,-2.98,-2.13,-17.55,0.970378,54,-7.58,19.37,1.92,-3.93,-11.13,-11.98,13.81,-7.14,1.17,-17.59,1.009391,54
24-09-2025,NYSE:NVST,Envista Holdings Corporation Common Stock,3415,1813840,2.67,20.55,-1.39,-2.09,-1.07,-2.77,5.84,15.09,12.26,7.54,0,0,0,0,0,-1,-1,-1,-1,-1,-5.39,-5.39,-7.97,8.79,39.23,39.23,-7.17,-3.88,-2.81,-1.45,-11.75,0.970238,54,-2.77,8.38,9.82,-3.32,-5.38,-7.17,2.82,0.76,1.78,-11.84,0.991909,35
24-09-2025,NASDAQ:BOKF,BOK Financial Corporation - Common Stock,7126,213630,1.98,112.02,1.15,1.70,1.46,1.57,15.14,6.76,3.43,5.53,0,0,0,0,0,-1,-1,-1,-1,-1,-0.95,-0.95,-6.39,17.84,27.5,27.5,-2.83,5.42,-11.14,-10.28,-13.76,0.970107,54,1.57,13.79,-9.88,-3.57,2.17,-2.83,8.23,-18.94,1.53,-4.29,1.023272,66
24-09-2025,NYSE:UNM,Unum Group Common Stock,13085,1722764,1.94,76.83,0.17,2.25,4.05,9.98,-1.56,-8.08,7.64,25.35,0,0,0,0,0,-1,-1,-1,-1,-1,-6.44,-7.48,-7.81,12.08,12.08,33.97,5.58,-11.28,-25.98,-6.07,6.06,0.970088,54,9.98,-12.83,-6.42,14.55,19.18,5.58,-18.39,-15.48,19.65,12.72,0.979756,22
24-09-2025,NYSE:HD,"Home Depot, Inc. (The) Common Stock",407880,3878187,1.38,409.77,-0.28,-1.76,-0.84,0.21,11.69,11.90,6.04,4.86,0,0,0,0,0,-1,-1,-1,3,-1,-3.22,-3.22,-5.01,14.65,22.23,22.23,-4.19,1.97,-6,-7.67,-14.43,0.970073,54,0.21,11.50,0.24,-6.66,-1.26,-4.19,5.94,-8.82,-1.56,-7.72,1.012329,56
24-09-2025,NYSE:ATHM,"Autohome Inc. American Depositary Shares, each representing four class A ordinary shares.",3593,260267,2.33,29.33,2.34,-2.01,2.15,0.72,12.55,5.15,11.18,4.16,0,0,0,0,0,-1,-1,-1,-1,-1,-1.97,-1.97,-14.84,14.35,23.18,23.18,-3.68,2.83,-12.75,-2.53,-15.13,0.969851,54,0.72,11.92,-8.46,6.36,-7.91,-3.68,6.36,-17.52,11.46,-14.37,1.015523,60
24-09-2025,NYSE:DLX,Deluxe Corporation Common Stock,875,312918,2.44,19.5,1.14,-0.10,2.00,-2.00,19.64,18.97,-14.87,0.56,0,0,HVQ,0,0,-1,-1,-1,-1,-1,-2.89,-2.89,-19.29,25.08,42.96,42.96,-6.4,9.92,1.07,-28.58,-18.73,0.969694,54,-2.00,21.22,-0.83,-41.77,13.44,-6.4,15.66,-9.89,-36.67,6.98,1.043911,76
24-09-2025,NYSE:VNO,Vornado Realty Trust Common Stock,8010,2033899,2.54,40.92,-1.89,-0.68,1.17,7.62,12.29,3.91,2.17,5.18,0,0,0,0,0,-1,-1,-1,-1,-1,-4.77,-4.77,-10.58,14.02,28.92,28.92,3.22,2.57,-13.99,-11.54,-14.11,0.969461,54,7.62,5.05,-9.56,-1.81,3.07,3.22,-0.51,-18.62,3.29,-3.39,1.024299,66
24-09-2025,NYSE:MSM,"MSC Industrial Direct Company, Inc. Common Stock",4951,514113,1.99,88.92,-2.14,-2.61,-3.01,-1.96,7.91,10.99,13.38,5.69,0,0,0,0,0,-1,-1,-1,-1,-1,-4.28,-4.28,-4.28,8.58,26.76,26.76,-6.36,-1.81,-6.91,-0.33,-13.6,0.969216,54,-1.96,9.67,3.35,2.69,-8.88,-6.36,4.11,-5.71,7.79,-15.34,0.998813,43
24-09-2025,NASDAQ:SWIN,Solowin Holdings - Class A Ordinary Share,485,1628469,14.4,2.59,0.78,-11.58,-12.74,-37.84,-11.58,31.66,31.66,4.25,0,0,0,2,HV2Y,-1,-1,-1,-1,-1,-47.78,-47.78,-47.78,1.17,83.69,119.49,-42.24,-21.3,13.76,17.95,-15.04,0.969153,54,-37.84,19.05,38.75,0.00,-40.11,-42.24,13.49,29.69,5.1,-46.57,0.938645,5
24-09-2025,NASDAQ:TKNO,"Alpha Teknova, Inc. - Common Stock",303,236459,8.24,5.67,9.67,22.40,30.16,20.99,8.47,3.17,-27.69,10.05,0,0,0,0,HV2Y,-1,-1,-1,-1,-1,0,-19.69,-41.91,43.18,43.18,43.18,16.59,-1.25,-14.73,-41.4,-9.24,0.969088,53,20.99,-15.85,-5.78,-31.88,29.56,16.59,-21.41,-14.84,-26.78,23.1,1.044153,76
24-09-2025,NASDAQ:PLSE,"Pulse Biosciences, Inc - Common Stock",1189,236362,5.49,17.67,-0.17,7.92,16.41,6.68,13.36,10.30,-0.68,-1.13,HVQ,HVQ,0,0,HV2Y,-1,-1,-1,-1,-1,-4.59,-8.3,-28.05,21.69,22.03,22.03,2.28,3.64,-7.6,-14.39,-20.42,0.968892,53,6.68,7.16,-3.53,-12.24,-0.45,2.28,1.6,-12.59,-7.14,-6.91,1.031098,71
24-09-2025,NASDAQ:AIOT,"PowerFleet, Inc. - Common Stock",711,1655097,4.86,5.57,3.34,5.57,11.13,15.26,17.95,-11.31,-14.09,8.08,0,0,0,0,0,-1,4,-1,-1,-1,0,-10.16,-34.55,46.58,46.58,46.58,10.86,8.23,-29.21,-27.8,-11.21,0.968821,53,15.26,3.18,-35.67,-2.50,19.43,10.86,-2.38,-44.73,2.6,12.97,1.057151,81
24-09-2025,NYSE:LNG,"Cheniere Energy, Inc. Common Stock",51999,1640142,1.9,236.61,0.72,0.55,-0.18,-1.16,0.12,1.95,12.96,23.65,0,0,0,0,0,-1,-1,-1,-1,-1,-3.14,-3.16,-6.72,6.26,19.95,32.73,-5.56,-9.6,-15.95,-0.75,4.36,0.968788,53,-1.16,1.27,1.83,11.23,12.28,-5.56,-4.29,-7.23,16.33,5.82,0.967532,14
24-09-2025,NYSE:LXU,"LSB Industries, Inc. Common Stock",589,336985,3.88,8.19,2.37,0.61,0.73,-1.83,6.59,17.34,7.20,6.11,0,0,0,0,0,-1,-1,-1,-1,-1,-5.97,-5.97,-14.33,14.39,64.46,64.46,-6.23,-3.13,-0.56,-6.51,-13.18,0.968674,53,-1.83,8.27,11.50,-12.26,-1.18,-6.23,2.71,2.44,-7.16,-7.64,0.997246,41
24-09-2025,NASDAQ:ROST,"Ross Stores, Inc. - Common Stock",48599,2595807,1.84,149.43,2.57,1.85,0.13,1.33,14.82,14.25,1.10,-3.27,0,0,0,0,0,-1,-1,-1,-1,-1,-2.21,-3.13,-4.58,18.01,19.14,21.19,-3.07,5.1,-3.65,-12.61,-22.56,0.968654,53,1.33,13.68,-0.67,-15.34,-4.41,-3.07,8.12,-9.73,-10.24,-10.87,1.029519,70
24-09-2025,NYSE:THG,Hanover Insurance Group Inc,6264,236413,1.63,175.13,-0.19,0.12,-1.72,1.11,5.41,1.41,12.36,16.14,0,0,0,0,0,-1,-1,-1,-1,-1,-3.83,-3.83,-3.83,8.05,16.24,20.94,-3.29,-4.31,-16.49,-1.35,-3.15,0.968649,53,1.11,4.35,-4.23,11.10,4.32,-3.29,-1.21,-13.29,16.2,-2.14,0.988504,31
24-09-2025,NYSE:PFS,"Provident Financial Services, Inc Common Stock",2555,589523,1.95,19.56,-0.36,-0.87,-1.48,-0.72,13.60,10.84,4.70,3.58,0,0,0,0,0,-1,-1,-1,-1,-1,-3.74,-3.74,-10.52,15.74,33.15,33.15,-5.12,3.88,-7.06,-9.01,-15.71,0.968606,53,-0.72,14.21,-3.20,-6.88,-1.18,-5.12,8.65,-12.26,-1.78,-7.64,1.017389,61
24-09-2025,NASDAQ:FITB,Fifth Third Bancorp - Common Stock,29897,4509262,1.71,45.17,0.07,-1.64,-0.75,1.79,9.94,11.07,6.44,4.27,0,0,0,0,0,-1,-1,-1,-1,-1,-2.4,-2.4,-6.75,11.04,35.56,35.56,-2.61,0.22,-6.83,-7.27,-15.02,0.968436,53,1.79,8.30,1.25,-5.20,-2.32,-2.61,2.74,-7.81,-0.1,-8.78,1.010253,55
24-09-2025,NYSE:VTR,"Ventas, Inc. Common Stock",31938,2839343,1.59,68.48,-0.09,1.66,-1.12,1.11,7.26,1.24,15.70,9.21,0,0,0,0,0,-1,-1,-1,-1,-1,-1.96,-2.28,-2.82,9.11,9.66,20.35,-3.29,-2.46,-16.66,1.99,-10.08,0.968293,53,1.11,6.22,-6.49,14.64,-7.69,-3.29,0.66,-15.55,19.74,-14.15,0.998923,43
24-09-2025,NYSE:JEF,Jefferies Financial Group Inc. Common Stock,13761,1650913,2.67,66.71,-2.10,0.27,1.69,6.85,16.17,7.51,-12.82,6.96,0,0,0,0,0,-1,-1,-1,3,-1,-5.19,-5.19,-18.4,22.02,62.47,62.47,2.45,6.45,-10.39,-26.53,-12.33,0.968193,53,6.85,10.01,-10.34,-21.98,17.53,2.45,4.45,-19.4,-16.88,11.07,1.037127,73
24-09-2025,NYSE:AEE,Ameren Corporation Common Stock,27271,1389277,1.16,100.91,1.84,2.33,1.69,-1.03,4.50,2.08,13.85,17.13,0,0,0,0,0,-1,-1,-1,-1,-1,-2.28,-2.28,-2.66,6.22,7.09,20.68,-5.43,-5.22,-15.82,0.14,-2.16,0.968165,53,-1.03,5.47,-2.53,12.02,3.81,-5.43,-0.09,-11.59,17.12,-2.65,0.982732,25
24-09-2025,NYSE:STEL,"Stellar Bancorp, Inc. Common Stock",1561,268168,2.13,30.4,0.23,-1.22,-2.96,-1.18,9.14,9.11,6.35,11.91,0,0,0,0,0,-1,-1,-1,-1,-1,-5.33,-5.33,-5.33,10.07,22.19,24.23,-5.58,-0.58,-8.79,-7.36,-7.38,0.968079,53,-1.18,10.21,-0.04,-3.04,5.94,-5.58,4.65,-9.1,2.06,-0.52,0.998466,43
24-09-2025,NASDAQ:CERT,"Certara, Inc. - Common Stock",1841,1801983,3.63,11.46,-1.21,-0.44,10.56,5.67,5.24,9.95,7.94,4.89,0,0,0,HV2Y,0,-1,-1,-1,-1,-1,-2.8,-20.8,-20.8,20.25,26.63,26.63,1.27,-4.48,-7.95,-5.77,-14.4,0.967638,53,5.67,-0.46,4.97,-2.23,-3.32,1.27,-6.02,-4.09,2.87,-9.78,1.003561,47
24-09-2025,NYSE:MMM,3M Company Common Stock,82345,2830658,2.08,154.6,-1.08,-0.36,0.67,-0.81,4.43,0.71,17.77,12.83,0,0,0,0,HV2Y,-1,-1,-1,-1,-1,-3.5,-3.5,-3.5,7.06,22.61,23.93,-5.21,-5.29,-17.19,4.06,-6.46,0.96752,53,-0.81,5.20,-3.89,17.18,-6.01,-5.21,-0.36,-12.95,22.28,-12.47,0.986907,29
24-09-2025,NYSE:PCOR,"Procore Technologies, Inc. Common Stock",10922,1517934,3.02,72.72,-1.65,0.22,5.91,8.61,7.16,0.51,-3.80,18.19,0,0,0,0,0,-1,-1,-1,-1,-1,-5.11,-5.11,-17.67,18.01,29.26,29.26,4.21,-2.56,-17.39,-17.51,-1.1,0.967506,53,8.61,-1.58,-7.17,-4.33,21.18,4.21,-7.14,-16.23,0.77,14.72,1.004631,49
24-09-2025,NYSE:TFC,Truist Financial Corporation Common Stock,59172,8432349,1.85,45.89,0.42,1.11,1.68,0.35,9.78,8.48,7.28,7.78,0,0,0,0,HV2Y,-1,-1,-1,-1,-1,-2.51,-2.51,-4.69,10.85,31.91,31.91,-4.05,0.06,-9.42,-6.43,-11.51,0.967456,53,0.35,9.47,-1.45,-1.31,0.54,-4.05,3.91,-10.51,3.79,-5.92,1.005038,49
24-09-2025,NYSE:FLS,Flowserve Corporation Common Stock,7241,2188991,2.28,55.37,-1.84,-1.57,-1.54,4.14,12.28,5.29,-5.02,13.49,0,0,0,0,0,-1,-1,-1,-1,-1,-4.04,-4.04,-14.49,14,40.21,40.21,-0.26,2.56,-12.61,-18.73,-5.8,0.967452,53,4.14,8.49,-7.96,-10.89,17.63,-0.26,2.93,-17.02,-5.79,11.17,1.015089,59
24-09-2025,NASDAQ:BMBL,Bumble Inc. - common stock,686,3418490,4.7,6.6,-3.65,-5.00,0.61,2.88,1.21,28.64,-15.00,7.73,0,0,0,0,0,-1,-1,-1,-1,-1,-22.99,-22.99,-27.31,8.73,80.82,80.82,-1.52,-8.51,10.74,-28.71,-11.56,0.967385,53,2.88,-1.72,27.76,-61.15,19.76,-1.52,-7.28,18.7,-56.05,13.3,1.008626,53
24-09-2025,NYSE:BRC,Brady Corporation Common Stock,3655,235382,2.52,77.61,-1.65,-3.48,-0.93,1.29,13.65,8.96,2.64,3.65,0,0,0,0,0,-1,-1,-1,4,-1,-6.21,-6.21,-6.21,15.8,20.66,20.66,-3.11,3.93,-8.94,-11.07,-15.64,0.96737,53,1.29,12.52,-5.43,-6.93,1.03,-3.11,6.96,-14.49,-1.83,-5.43,1.020298,64
24-09-2025,NYSE:KT,KT Corporation Common Stock,8581,1532894,1.42,19.49,0.41,-3.08,-1.28,-7.59,-2.21,9.03,17.29,20.83,0,0,0,0,0,-1,-1,-1,-1,-1,-8.84,-8.84,-8.84,0.52,16.64,31.78,-11.99,-11.93,-8.87,3.58,1.54,0.967361,53,-7.59,5.01,10.99,9.08,4.28,-11.99,-0.55,1.93,14.18,-2.18,0.957261,9
24-09-2025,NASDAQ:CRWV,"CoreWeave, Inc. - Class A Common Stock",65176,32023899,7.47,133.4,1.92,9.40,12.19,30.75,-19.57,NA,NA,NA,0,0,0,0,0,-1,4,-1,-1,-1,-19.25,-27.33,-27.33,52.49,276.68,276.68,26.35,-29.29,0,0,0,0.967228,53,30.75,-72.66,NA,NA,NA,26.35,-78.22,0,0,0,0.937324,5
24-09-2025,NYSE:SPR,"Spirit Aerosystems Holdings, Inc. Common Stock",4524,1021779,2.03,38.53,-0.93,-0.08,-5.32,-4.18,4.62,7.86,13.91,14.04,0,0,0,0,0,-1,-1,-1,-1,-1,-8.06,-8.06,-8.06,4.84,32.72,32.72,-8.58,-5.1,-10.04,0.2,-5.25,0.967087,53,-4.18,8.45,3.40,6.56,0.15,-8.58,2.89,-5.66,11.66,-6.31,0.981501,24
24-09-2025,NYSE:NHI,"National Health Investors, Inc. Common Stock",3801,206306,1.71,79.47,-0.74,1.52,1.79,3.35,9.76,7.12,13.38,-4.69,0,0,0,0,0,-1,-1,-1,6,-1,-0.74,-0.74,-6.19,14.38,15.61,20.79,-1.05,0.04,-10.78,-0.33,-23.98,0.966914,53,3.35,6.64,-2.93,6.73,-20.86,-1.05,1.08,-11.99,11.83,-27.32,1.019054,62
24-09-2025,NYSE:CTVA,"Corteva, Inc. Common Stock",47272,4598365,2.05,69.61,0.19,-1.48,-3.12,-5.73,-5.21,11.15,19.32,17.28,0,0,0,0,0,-1,-1,-1,-1,-1,-9.74,-9.74,-9.74,0.19,25.38,26.08,-10.13,-14.93,-6.75,5.61,-2.01,0.966837,53,-5.73,0.49,15.55,9.20,-2.53,-10.13,-5.07,6.49,14.3,-8.99,0.956828,9
24-09-2025,NYSE:SMWB,Similarweb Ltd. Ordinary Shares,810,475504,4.54,9.78,1.56,0.41,-0.82,6.24,22.80,6.95,-43.87,11.25,0,0,0,0,0,-1,-1,-1,-1,-1,-5.96,-5.96,-43.99,42.36,50.46,50.46,1.84,13.08,-10.95,-57.58,-8.04,0.966807,53,6.24,17.67,-20.53,-54.62,38.31,1.84,12.11,-29.59,-49.52,31.85,1.070577,85
24-09-2025,NASDAQ:ZM,"Zoom Communications, Inc. - Class A Common Stock",24844,3194861,2.15,83.01,0.52,-3.96,-0.92,2.00,7.70,5.88,-1.25,18.65,0,HVQ,HVQ,0,HV2Y,-1,-1,-1,-1,-1,-4.4,-4.4,-6.76,18.98,24.45,24.45,-2.4,-2.02,-12.02,-14.96,-0.64,0.966761,53,2.00,5.81,-1.97,-7.58,19.65,-2.4,0.25,-11.03,-2.48,13.19,0.995726,39
24-09-2025,NYSE:BEN,"Franklin Resources, Inc. Common Stock",12243,3683524,1.85,23.58,-1.87,-2.67,-3.10,-7.55,1.57,15.06,15.31,11.75,0,0,0,0,0,-1,-1,-1,-1,-1,-9.41,-9.41,-9.41,1.59,41.54,41.54,-11.95,-8.15,-2.84,1.6,-7.54,0.96674,53,-7.55,8.48,13.70,0.30,-4.21,-11.95,2.92,4.64,5.4,-10.67,0.973503,18
24-09-2025,NYSE:AOD,abrdn Total Dynamic Dividend Fund Common Shares of Beneficial Interest,990,483341,0.65,9.39,-1.16,0.21,1.92,3.09,7.24,7.77,10.22,4.37,0,0,0,0,0,-1,-1,-1,-1,-1,-1.16,-1.16,-1.16,8.18,26.55,26.55,-1.31,-2.48,-10.13,-3.49,-14.92,0.966721,53,3.09,4.29,0.57,2.66,-6.52,-1.31,-1.27,-8.49,7.76,-12.98,1.004847,49
24-09-2025,NYSE:TAL,TAL Education Group American Depositary Shares,6564,3710897,2.72,11.09,2.78,-2.34,5.59,2.61,3.07,-17.49,12.08,27.32,0,0,0,0,HV2Y,-1,-1,-1,-1,-1,-5.05,-19.11,-25.02,12.93,27.03,37.59,-1.79,-6.65,-35.39,-1.63,8.03,0.966717,52,2.61,0.46,-21.21,25.17,17.33,-1.79,-5.1,-30.27,30.27,10.87,0.980149,23
24-09-2025,NYSE:OVV,Ovintiv Inc. (DE),10999,3122059,3.04,42.79,2.27,1.94,-0.19,3.62,11.19,-2.36,11.80,5.30,0,0,0,0,0,-1,-1,-1,-1,-1,-0.28,-3.06,-8.39,12.61,37.24,37.24,-0.78,1.47,-20.26,-1.91,-13.99,0.966571,52,3.62,7.86,-15.26,13.84,-7.37,-0.78,2.3,-24.32,18.94,-13.83,1.016143,60
24-09-2025,NASDAQ:CINF,Cincinnati Financial Corporation - Common Stock,24163,433223,1.35,154.52,0.05,0.03,1.43,0.78,6.99,5.64,7.95,12.87,0,0,0,0,0,-1,-1,-1,-1,-1,-1.49,-1.49,-3.52,7.51,22.05,22.05,-3.62,-2.73,-12.26,-5.76,-6.42,0.966484,52,0.78,6.26,-1.45,2.45,5.34,-3.62,0.7,-10.51,7.55,-1.12,0.994645,38
24-09-2025,NYSE:USB,U.S. Bancorp Common Stock,76533,10223912,1.74,49.18,-0.34,-0.87,-0.04,2.07,8.87,11.14,3.60,6.45,0,0,0,0,0,-1,-1,-1,4,-1,-2.44,-2.44,-8.35,11.93,35.11,35.11,-2.33,-0.85,-6.76,-10.11,-12.84,0.966447,52,2.07,6.94,2.50,-8.49,2.95,-2.33,1.38,-6.56,-3.39,-3.51,1.00685,51
24-09-2025,NYSE:UHS,"Universal Health Services, Inc. Common Stock",12706,710242,2.36,199.7,2.56,6.16,6.83,7.92,12.02,6.91,11.97,-19.19,0,0,0,0,HV2Y,-1,-1,-1,3,-1,0,0,-17.32,28.88,28.88,28.88,3.52,2.3,-10.99,-1.74,-38.48,0.966386,52,7.92,4.45,-5.82,5.44,-35.39,3.52,-1.11,-14.88,10.54,-41.85,1.043331,76
24-09-2025,NYSE:DTE,DTE Energy Company Common Stock,28805,1013227,1.12,138.76,0.57,2.63,2.25,0.25,5.69,3.07,14.88,9.85,0,0,0,0,0,-1,-1,-1,-1,-1,-1.93,-1.93,-1.93,6.53,8.93,18.56,-4.15,-4.03,-14.83,1.17,-9.44,0.966349,52,0.25,5.45,-2.77,12.19,-5.91,-4.15,-0.11,-11.83,17.29,-12.37,0.993205,36
24-09-2025,NASDAQ:CFFN,"Capitol Federal Financial, Inc. - Common Stock",851,666113,1.86,6.41,-0.16,1.25,-0.62,0.62,7.49,11.54,6.08,7.49,0,0,0,0,0,-1,-1,-1,-1,-1,-2.29,-2.29,-10.72,11.87,27.44,27.44,-3.78,-2.23,-6.36,-7.63,-11.8,0.966305,52,0.62,6.91,4.38,-6.17,1.50,-3.78,1.35,-4.68,-1.07,-4.96,1.000432,44
24-09-2025,NASDAQ:MXL,"MaxLinear, Inc - Common Stock",1400,1174119,4.29,16.08,-2.72,-0.50,1.87,-3.42,14.74,17.91,-19.34,13.37,0,0,HV2Y,0,0,-1,-1,-1,-1,-1,-7.11,-7.11,-35.47,17.29,75.74,75.74,-7.82,5.02,0.01,-33.05,-5.92,0.96621,52,-3.42,17.56,3.72,-45.38,27.41,-7.82,12,-5.34,-40.28,20.95,1.022216,65
24-09-2025,NYSE:LOW,"Lowe's Companies, Inc. Common Stock",144317,2734621,1.54,257.33,-0.95,-4.13,-3.58,-0.60,14.23,10.35,4.98,-1.09,0,0,0,0,0,-1,-1,-1,4,-1,-5.75,-5.75,-9.41,19.68,22.06,22.06,-5,4.51,-7.55,-8.73,-20.38,0.966136,52,-0.60,14.74,-4.53,-6.00,-6.39,-5,9.18,-13.59,-0.9,-12.85,1.022842,65
24-09-2025,NASDAQ:APPN,Appian Corporation - Class A Common Stock,2403,973753,3.49,33.35,-1.01,7.14,1.89,10.61,13.49,5.04,-5.10,-1.20,0,0,HV2Y,0,0,-1,-1,-1,-1,-1,-1.01,-1.01,-19.75,23.75,29.41,29.41,6.21,3.77,-12.86,-18.81,-20.49,0.966107,52,10.61,3.22,-9.77,-10.67,3.71,6.21,-2.34,-18.83,-5.57,-2.75,1.038126,74
24-09-2025,NASDAQ:RUSHA,"Rush Enterprises, Inc. - Class A Common Stock",4534,334388,2.27,58.09,-0.41,3.98,2.38,-0.15,12.65,4.15,4.63,9.52,0,0,0,0,0,-1,-1,-1,-1,-1,-1.46,-1.46,-10.05,15.19,21.55,21.55,-4.55,2.93,-13.75,-9.08,-9.77,0.966098,52,-0.15,12.79,-9.74,0.50,5.13,-4.55,7.23,-18.8,5.6,-1.33,1.011117,56
24-09-2025,NYSE:OHI,"Omega Healthcare Investors, Inc. Common Stock",12290,1899784,1.32,41.41,-0.60,-0.53,-3.45,-1.50,11.52,9.44,8.69,2.41,0,0,0,0,0,-1,-1,-1,7,-1,-4.45,-4.45,-4.45,14.11,16.48,16.48,-5.9,1.8,-8.46,-5.02,-16.88,0.966003,52,-1.50,12.82,-2.35,-0.83,-6.88,-5.9,7.26,-11.41,4.27,-13.34,1.01133,56
24-09-2025,NYSE:BEKE,KE Holdings Inc American Depositary Shares (each representing three Class A Ordinary Shares),22685,5947984,2.39,19.22,2.62,-5.93,-3.59,2.08,4.63,-6.04,4.99,25.23,0,0,0,0,HV2Y,-1,-1,-1,-1,-1,-5.6,-12.95,-25.5,9.77,9.77,33.75,-2.32,-5.09,-23.94,-8.72,5.94,0.965928,52,2.08,2.60,-11.18,10.40,21.30,-2.32,-2.96,-20.24,15.5,14.84,0.982712,25
24-09-2025,NYSE:SNA,Snap-On Incorporated Common Stock,17708,301257,1.73,339.47,-0.20,2.39,4.51,3.10,9.52,1.05,0.53,16.58,0,0,0,0,0,-1,-1,-1,-1,-1,-0.2,-0.8,-8.58,10.53,16.11,19.87,-1.3,-0.2,-16.85,-13.18,-2.71,0.965734,52,3.10,6.63,-9.37,-0.52,16.13,-1.3,1.07,-18.43,4.58,9.67,1.00277,47
24-09-2025,NYSE:AROC,"Archrock, Inc. Common Stock",4520,1646549,2.54,25.71,0.51,7.27,3.81,6.57,4.51,-5.87,6.53,18.71,0,0,0,0,0,-1,-1,-1,-1,-1,0,-5.55,-15.26,16.86,22.43,29.07,2.17,-5.21,-23.77,-7.18,-0.58,0.965523,52,6.57,-2.21,-10.88,11.72,13.03,2.17,-7.77,-19.94,16.82,6.57,0.993357,37
24-09-2025,NYSE:RDN,Radian Group Inc. Common Stock,4925,1174405,1.84,36.36,0.47,4.48,3.96,4.32,1.84,10.01,12.73,3.49,0,0,0,0,0,-1,-1,-1,-1,-1,-2.34,-2.34,-2.34,11.5,19.29,19.29,-0.08,-7.88,-7.89,-0.98,-15.8,0.965503,52,4.32,-2.59,8.32,3.03,-10.59,-0.08,-8.15,-0.74,8.13,-17.05,0.995144,39
24-09-2025,NYSE:BXP,"BXP, Inc. Common Stock",12067,2154329,2.67,75.46,-0.96,-1.29,2.11,7.66,11.69,9.21,2.82,-7.37,0,0,0,0,0,-1,-1,-1,-1,-1,-4.4,-4.4,-15.89,21.49,32.71,32.71,3.26,1.97,-8.69,-10.89,-26.66,0.965484,52,7.66,4.36,-2.81,-7.04,-10.49,3.26,-1.2,-11.87,-1.94,-16.95,1.032129,71
24-09-2025,NASDAQ:PENN,"PENN Entertainment, Inc. - Common Stock",2875,3203164,2.77,19.69,-0.25,3.96,-2.08,-0.96,11.63,11.99,7.72,-1.98,0,0,0,0,0,-1,-1,-1,-1,-1,-3.81,-3.81,-13.37,17.2,43.2,43.2,-5.36,1.91,-5.91,-5.99,-21.27,0.965345,52,-0.96,12.47,0.40,-4.85,-10.51,-5.36,6.91,-8.66,0.25,-16.97,1.015946,60
24-09-2025,NYSE:PBA,Pembina Pipeline Corp. Ordinary Shares (Canada),23510,1264472,1.43,40.47,0.72,2.30,4.32,6.57,9.34,0.99,10.87,-0.30,0,0,0,0,0,-1,-1,-1,-1,-1,0,-1,-6.64,14,15.1,15.2,2.17,-0.38,-16.91,-2.84,-19.59,0.96531,52,6.57,2.96,-9.21,9.98,-12.53,2.17,-2.6,-18.27,15.08,-18.99,1.019277,63
24-09-2025,NYSE:TALO,"Talos Energy, Inc. Common Stock",1747,2369771,3.48,10,3.31,4.50,1.40,3.00,15.80,7.60,8.40,-14.60,0,0,0,0,0,-1,-1,-1,-1,-1,0,0,-16.46,28.37,56.74,56.74,-1.4,6.08,-10.3,-5.31,-33.89,0.965301,52,3.00,13.20,-9.74,0.87,-25.11,-1.4,7.64,-18.8,5.97,-31.57,1.042544,76
24-09-2025,NASDAQ:AAON,"AAON, Inc. - Common Stock",7418,1107071,4.09,94.26,1.42,10.90,17.08,8.78,22.29,11.33,-30.03,-8.69,0,0,0,0,0,-1,-1,-1,-1,-1,0,-11.8,-33.03,30.78,31.32,31.32,4.38,12.57,-6.57,-43.74,-27.98,0.965188,52,8.78,14.81,-14.10,-46.65,16.42,4.38,9.25,-23.16,-41.55,9.96,1.076989,87
24-09-2025,NYSE:FLUT,Flutter Entertainment plc Ordinary Shares,49267,1639332,2.07,279.77,-1.52,0.28,-4.09,-7.22,4.21,13.81,6.59,17.12,0,0,0,0,HV2Y,-1,-1,-1,-1,-1,-9.34,-9.34,-9.34,4.4,35.6,35.6,-11.62,-5.51,-4.09,-7.12,-2.17,0.965099,52,-7.22,10.67,10.02,-8.39,11.28,-11.62,5.11,0.96,-3.29,4.82,0.976532,20
24-09-2025,NYSE:FMS,Fresenius Medical Care AG American Depositary Shares (Each representing 1/2 of an Ordinary Share),15050,380812,1.25,25.83,0.54,1.01,3.76,2.09,-7.36,5.34,12.97,21.60,0,0,0,0,0,-1,-1,-1,-1,-1,-10.22,-13.47,-13.47,9.82,14.49,35.16,-2.31,-17.08,-12.56,-0.74,2.31,0.965078,52,2.09,-9.65,11.83,8.06,9.92,-2.31,-15.21,2.77,13.16,3.46,0.958804,10
24-09-2025,NYSE:DUK,Duke Energy Corporation (Holding Company) Common Stock,96145,2553674,1.16,123.64,0.44,2.05,1.85,0.43,6.22,6.11,13.39,5.88,0,0,0,0,0,-1,-1,-1,-1,-1,-1.82,-1.82,-1.82,6.63,9.94,16.91,-3.97,-3.5,-11.79,-0.32,-13.41,0.965074,52,0.43,5.82,-0.11,7.75,-8.68,-3.97,0.26,-9.17,12.85,-15.14,0.997764,42
24-09-2025,NASDAQ:Z,"Zillow Group, Inc. - Class C Capital Stock",19001,2812993,3.3,79,-0.29,-14.33,-8.49,-10.05,13.35,6.89,5.46,15.08,0,0,0,0,0,-1,-1,-1,-1,-1,-12.53,-12.53,-12.53,15.41,31.03,35.46,-14.45,3.63,-11.01,-8.25,-4.21,0.965017,52,-10.05,21.27,-7.47,-1.54,10.18,-14.45,15.71,-16.53,3.56,3.72,0.997215,41
24-09-2025,NASDAQ:LNT,Alliant Energy Corporation - Common Stock,16824,1641105,1.2,65.47,0.97,2.46,2.26,-1.08,8.22,5.15,11.01,8.78,0,0,0,0,0,-1,-1,-1,-1,-1,-2.24,-2.24,-2.24,8.95,11.36,16.41,-5.48,-1.5,-12.75,-2.7,-10.51,0.964984,52,-1.08,9.20,-3.34,6.18,-2.51,-5.48,3.64,-12.4,11.28,-8.97,0.998354,42
24-09-2025,NYSE:BFH,"Bread Financial Holdings, Inc. Common Stock",2832,618661,2.71,60.71,-0.56,-1.83,-5.53,-3.52,7.86,15.02,-1.17,13.57,0,0,0,0,0,-1,-1,-1,-1,-1,-9.36,-9.36,-9.36,8.53,44.96,44.96,-7.92,-1.86,-2.88,-14.88,-5.72,0.964974,52,-3.52,10.99,7.78,-19.05,14.57,-7.92,5.43,-1.28,-13.95,8.11,0.994493,38
24-09-2025,NASDAQ:WRD,WeRide Inc. - American Depositary Shares,3198,6699015,5.27,11.39,1.33,8.52,18.00,15.72,30.99,-41.44,-32.31,NA,0,0,0,0,0,-1,-1,-1,-1,-1,-1.47,-29.3,-71.81,49.08,75.5,75.5,11.32,21.27,-59.34,-46.02,0,0.964792,52,15.72,18.12,-104.96,6.46,NA,11.32,12.56,-114.02,11.56,0,1.078869,87
24-09-2025,NASDAQ:PANW,"Palo Alto Networks, Inc. - Common Stock",134248,5729841,2.13,200.7,-1.25,-1.21,1.68,8.05,-1.79,5.36,5.65,15.27,0,0,0,0,0,-1,-1,-1,-1,-1,-3.6,-3.6,-3.64,20.14,31.66,31.66,3.65,-11.51,-12.54,-8.06,-4.02,0.96479,52,8.05,-10.70,7.02,0.31,10.19,3.65,-16.26,-2.04,5.41,3.73,0.98394,26
24-09-2025,NASDAQ:ACT,"Enact Holdings, Inc. - Common Stock",5708,478844,1.86,38.53,0.21,2.08,0.26,-0.55,2.84,10.54,15.39,4.00,0,0,0,0,0,-1,-1,-1,-1,-1,-1.78,-1.78,-1.78,12.04,20.75,23.69,-4.95,-6.88,-7.36,1.68,-15.29,0.96468,52,-0.55,3.37,7.92,5.43,-13.47,-4.95,-2.19,-1.14,10.53,-19.93,0.990594,33
24-09-2025,NYSE:AHL,Aspen Insurance Holdings Limited Class A Ordinary Shares,3352,1194618,0.59,36.73,0.11,0.33,0.35,7.30,15.22,NA,NA,NA,0,0,0,0,0,-1,-1,7,-1,-1,0,0,0,33.52,33.52,33.52,2.9,5.5,0,0,0,0.964637,51,7.30,8.55,NA,NA,NA,2.9,2.99,0,0,0,0.934582,5
24-09-2025,NASDAQ:KURA,"Kura Oncology, Inc. - Common Stock",727,1719592,6.1,8.38,1.70,3.46,2.51,8.71,30.79,15.04,-7.04,-150.00,0,HVQ,HVQ,0,0,-1,-1,-1,-1,-1,-5.04,-5.04,-60,51.26,51.26,51.26,4.31,21.07,-2.86,-20.75,-169.29,0.964622,51,8.71,24.18,-22.76,-25.98,-133.56,4.31,18.62,-31.82,-20.88,-140.02,1.197286,96
24-09-2025,NASDAQ:NWSA,News Corporation - Class A Common Stock,17672,4288470,2.04,30.23,-1.14,0.00,4.83,0.30,2.75,9.16,8.67,12.87,0,0,0,0,0,-1,-1,-1,-1,-1,-1.88,-1.88,-1.88,6.52,26.12,26.12,-4.1,-6.97,-8.74,-5.04,-6.42,0.964479,51,0.30,2.46,6.60,-0.55,4.60,-4.1,-3.1,-2.46,4.55,-1.86,0.984417,27
24-09-2025,NYSE:TRTX,"TPG RE Finance Trust, Inc. Common Stock",711,777928,1.89,9.06,0.11,-2.10,-4.53,-1.21,13.02,6.18,6.07,4.30,0,0,0,0,0,-1,-1,-1,-1,-1,-6.79,-6.79,-6.79,17.97,33.24,33.24,-5.61,3.3,-11.72,-7.64,-14.99,0.96439,51,-1.21,14.07,-7.87,-0.12,-1.88,-5.61,8.51,-16.93,4.98,-8.34,1.014548,59
24-09-2025,NASDAQ:FFIC,Flushing Financial Corporation - Common Stock,470,221958,2.16,13.92,-0.57,-0.14,1.08,4.17,17.24,6.32,-2.37,-4.81,0,0,0,0,0,-1,-1,-1,-1,-1,-3.27,-3.27,-23.52,20.83,27.71,27.71,-0.23,7.52,-11.58,-16.08,-24.1,0.964295,51,4.17,13.64,-13.19,-9.28,-2.39,-0.23,8.08,-22.25,-4.18,-8.85,1.041568,75
24-09-2025,NYSE:STE,STERIS plc (Ireland) Ordinary Shares,24228,558084,1.7,245.99,-1.30,-1.14,0.88,-1.01,2.28,9.84,16.93,3.66,0,0,0,0,0,-1,-1,-1,-1,-1,-2.55,-2.6,-2.6,11.2,17.95,21.5,-5.41,-7.44,-8.06,3.22,-15.63,0.964292,51,-1.01,3.26,7.73,7.86,-15.97,-5.41,-2.3,-1.33,12.96,-22.43,0.98921,32
24-09-2025,NYSE:HGV,Hilton Grand Vacations Inc. Common Stock,3844,881262,2.38,43.17,-1.08,-3.64,-4.82,-7.07,5.98,10.03,10.47,13.92,0,0,0,0,0,-1,-1,-1,-1,-1,-16.53,-16.53,-16.53,6.36,35.75,35.75,-11.47,-3.74,-7.87,-3.24,-5.37,0.964204,51,-7.07,12.18,4.31,0.49,3.86,-11.47,6.62,-4.75,5.59,-2.6,0.981893,24
24-09-2025,NYSE:XHR,"Xenia Hotels & Resorts, Inc. Common Stock",1384,918148,2.16,14.39,-0.42,-1.18,-0.35,3.41,14.11,13.83,-4.10,-5.35,0,0,0,0,0,-1,-1,-1,-1,-1,-2.97,-2.97,-11.99,16.42,56.07,56.07,-0.99,4.39,-4.07,-17.81,-24.64,0.964119,51,3.41,11.08,-0.32,-20.81,-1.20,-0.99,5.52,-9.38,-15.71,-7.66,1.033056,72
24-09-2025,NYSE:SDRL,Seadrill Limited Common Shares,1997,822501,3.88,32.21,1.58,-4.91,-0.84,2.51,19.59,22.07,-12.33,-29.65,0,0,0,0,0,-1,-1,-1,-1,-1,-5.35,-5.35,-23.49,25.14,71.88,71.88,-1.89,9.87,4.17,-26.04,-48.94,0.964108,51,2.51,17.52,3.09,-44.14,-15.42,-1.89,11.96,-5.97,-39.04,-21.88,1.0695,85
24-09-2025,NASDAQ:EXC,Exelon Corporation - Common Stock,44672,5403140,1.38,44.23,0.00,2.26,2.06,-0.84,4.39,3.32,15.92,8.95,0,0,0,0,0,-1,-1,-1,-1,-1,-2.88,-6.63,-6.63,4.59,4.81,22.11,-5.24,-5.33,-14.58,2.21,-10.34,0.964045,51,-0.84,5.18,-1.11,13.03,-8.28,-5.24,-0.38,-10.17,18.13,-14.74,0.989686,32
24-09-2025,NASDAQ:TPG,TPG Inc. - Class A Common Stock,22861,1465480,2.59,60.5,-6.00,-3.50,0.88,0.28,14.03,13.14,-5.75,2.94,0,0,0,0,0,-1,-1,-1,-1,-1,-6.71,-6.71,-15.14,16.32,52.47,52.47,-4.12,4.31,-4.76,-19.46,-16.35,0.963919,51,0.28,13.79,-1.04,-21.75,8.22,-4.12,8.23,-10.1,-16.65,1.76,1.023367,66
24-09-2025,NASDAQ:COLL,"Collegium Pharmaceutical, Inc. - Common Stock",1108,446144,3.1,35.16,0.74,-1.08,-7.25,-10.27,15.27,14.25,13.42,-11.12,0,0,0,0,0,-1,-1,-1,-1,-1,-11.19,-11.19,-16.01,18.9,42.52,42.52,-14.67,5.55,-3.65,-0.29,-30.41,0.963906,51,-10.27,23.16,-1.21,-0.96,-28.35,-14.67,17.6,-10.27,4.14,-34.81,1.022896,65
24-09-2025,NYSE:HR,Healthcare Realty Trust Incorporated Common Stock,6276,4705145,1.77,17.71,-0.78,-1.41,-3.50,3.33,11.86,6.44,5.70,-1.30,0,0,0,0,0,-1,-1,-1,-1,-1,-5.19,-5.19,-5.19,15.3,24.89,24.89,-1.07,2.14,-11.46,-8.01,-20.59,0.963887,51,3.33,8.82,-6.15,-0.78,-7.43,-1.07,3.26,-15.21,4.32,-13.89,1.021615,64
24-09-2025,NYSE:RVT,"Royce Small-Cap Trust, Inc. Common Stock",1952,253591,1.34,16.2,-0.74,0.99,-0.62,1.30,8.46,9.20,6.11,4.69,0,0,0,0,0,-1,-1,-1,-1,-1,-1.82,-1.82,-4.14,9.24,29.6,29.6,-3.1,-1.26,-8.7,-7.6,-14.6,0.963854,51,1.30,7.25,0.81,-3.40,-1.51,-3.1,1.69,-8.25,1.7,-7.97,1.005619,50
24-09-2025,NYSE:MIAX,"Miami International Holdings, Inc. Common Stock",3402,696388,5.9,41.65,5.18,8.43,11.62,20.07,NA,NA,NA,NA,0,0,0,0,0,NA,-1,6,-1,-1,0,0,0,35.49,35.49,35.49,15.67,0,0,0,0,0.963809,51,20.07,NA,NA,NA,NA,15.67,0,0,0,0,1.02026,64
24-09-2025,NYSE:SO,Southern Company (The) Common Stock,103855,4363374,1.11,94.41,0.74,2.94,3.02,1.36,4.25,7.08,13.38,4.99,0,0,0,0,0,-1,-1,-1,-1,-1,-1.66,-1.66,-1.66,4.49,11.19,16.61,-3.04,-5.47,-10.82,-0.33,-14.3,0.963796,51,1.36,2.93,2.95,6.78,-9.68,-3.04,-2.63,-6.11,11.88,-16.14,0.995151,39
24-09-2025,NASDAQ:ZG,"Zillow Group, Inc. - Class A Common Stock",19063,653422,3.16,76.49,0.03,-13.43,-7.87,-9.56,12.39,5.78,6.34,14.96,0,0,0,0,0,-1,-1,-1,-1,-1,-11.84,-11.84,-11.84,14.15,28.68,36.39,-13.96,2.67,-12.12,-7.37,-4.33,0.963686,51,-9.56,20.04,-7.55,0.60,9.20,-13.96,14.48,-16.61,5.7,2.74,0.99511,39
24-09-2025,NASDAQ:FTRE,Fortrea Holdings Inc. - Common Stock,860,1831442,6.4,9.47,1.07,-8.87,-5.70,6.44,45.25,7.71,-95.35,-152.38,0,0,0,0,0,-1,-1,-1,-1,-1,-18.57,-18.57,-60.38,112.81,133.25,133.25,2.04,35.53,-10.19,-109.06,-171.67,0.963654,51,6.44,41.48,-68.56,-111.67,-29.19,2.04,35.92,-77.62,-106.57,-35.65,1.277567,98
24-09-2025,NYSE:NGG,"National Grid Transco, PLC National Grid PLC (NEW) American Depositary Shares",69683,549867,0.95,71.15,-0.29,0.00,0.66,0.93,-2.92,11.47,18.93,2.25,0,0,0,0,0,-1,-1,-1,-1,-1,-4.38,-4.87,-4.87,4.66,13.4,26.76,-3.47,-12.64,-6.43,5.22,-17.04,0.96355,51,0.93,-3.89,13.98,8.43,-20.58,-3.47,-9.45,4.92,13.53,-27.04,0.982721,25
24-09-2025,NYSE:ROL,"Rollins, Inc. Common Stock",27193,1688032,1.62,56.11,1.28,-0.05,-0.46,-0.94,-0.05,6.74,16.22,10.62,0,0,0,0,0,-1,-1,-1,-1,-1,-4.31,-4.31,-4.31,1.93,10.78,22.91,-5.34,-9.77,-11.16,2.51,-8.67,0.963383,51,-0.94,0.88,6.79,10.17,-6.68,-5.34,-4.68,-2.27,15.27,-13.14,0.978267,21
24-09-2025,NYSE:EC,Ecopetrol S.A. American Depositary Shares,19328,1708706,2.21,9.63,2.56,3.22,1.97,4.15,3.12,-7.06,20.87,5.19,0,0,0,0,0,-1,-1,-1,-1,-1,0,-9.41,-11.97,16.16,22.21,30.84,-0.25,-6.6,-24.96,7.16,-14.1,0.963306,51,4.15,-1.08,-10.50,26.09,-19.82,-0.25,-6.64,-19.56,31.19,-26.28,0.999753,44
24-09-2025,NYSE:VOYA,"Voya Financial, Inc. Common Stock",7292,847480,1.89,75.63,-0.70,-0.53,-0.09,-0.33,9.47,7.71,11.75,-1.31,0,0,0,HV2Y,0,-1,-1,-1,-1,-1,-2.56,-2.56,-9.86,12.36,39.36,39.36,-4.73,-0.25,-10.19,-1.96,-20.6,0.96312,51,-0.33,9.77,-1.94,4.38,-14.80,-4.73,4.21,-11,9.48,-21.26,1.010601,55
24-09-2025,NASDAQ:NTRA,"Natera, Inc. - Common Stock",22496,999454,3.06,163.91,-5.16,-7.03,-3.59,0.88,-0.15,5.69,3.55,22.04,0,0,0,0,0,-1,-1,-1,-1,-1,-9.5,-9.5,-9.5,22.63,23.96,39.3,-3.52,-9.87,-12.21,-10.16,2.75,0.963094,51,0.88,-1.04,5.84,-2.27,19.17,-3.52,-6.6,-3.22,2.83,12.71,0.972806,17
24-09-2025,NASDAQ:UCTT,"Ultra Clean Holdings, Inc. - Common Stock",1255,363455,3.9,27.67,-3.25,6.36,11.13,14.82,19.70,11.42,-26.35,-24.68,0,0,0,0,0,-1,2,-1,-1,-1,-5.82,-5.82,-32.4,27.92,55.1,55.1,10.42,9.98,-6.48,-40.06,-43.97,0.963061,51,14.82,5.73,-10.31,-42.64,1.32,10.42,0.17,-19.37,-37.54,-5.14,1.085893,88
24-09-2025,NYSE:GBCI,"Glacier Bancorp, Inc. Common Stock",5803,699513,2.18,48.95,-0.81,1.51,0.82,1.74,12.44,7.58,-1.23,5.54,0,0,0,0,0,-1,-1,-1,-1,-1,-2.35,-2.35,-16.88,14.32,29.33,29.33,-2.66,2.72,-10.32,-14.94,-13.75,0.962959,51,1.74,10.89,-5.55,-9.53,6.68,-2.66,5.33,-14.61,-4.43,0.22,1.017059,61
24-09-2025,NASDAQ:ARHS,"Arhaus, Inc. - Class A Common Stock",1506,1843228,3.87,10.68,-3.44,-4.96,-3.84,-12.36,20.22,11.33,14.93,-23.03,0,0,0,0,0,-1,-1,-1,-1,-1,-16.56,-16.56,-19.76,32.34,51.27,51.27,-16.76,10.5,-6.57,1.22,-42.32,0.962921,51,-12.36,29.00,-11.15,4.07,-44.63,-16.76,23.44,-20.21,9.17,-51.09,1.046201,77
24-09-2025,NYSE:FLG,"Flagstar Financial, Inc. Common Stock",4875,4596218,2.56,11.73,0.51,-2.98,-7.59,-7.08,8.87,-2.90,23.53,2.47,0,0,0,0,0,-1,-1,-1,-1,-1,-9.77,-9.77,-11.27,10.66,18.01,32.09,-11.48,-0.85,-20.8,9.82,-16.82,0.962752,51,-7.08,14.89,-12.91,25.68,-27.54,-11.48,9.33,-21.97,30.78,-34,1.002439,46
24-09-2025,NASDAQ:KYIV,Kyivstar Group Ltd. - Common Shares,2934,832948,6.9,12.29,4.33,12.86,11.64,-3.91,12.04,-2.93,18.80,NA,0,0,0,0,0,-1,-1,-1,-1,-1,-18.98,-18.98,-18.98,18.29,18.29,23.52,-8.31,2.32,-20.83,5.09,0,0.962675,51,-3.91,15.35,-17.02,21.11,NA,-8.31,9.79,-26.08,26.21,0,0.923763,3
24-09-2025,NYSE:BNL,"Broadstone Net Lease, Inc. Common Stock",3461,1329280,1.32,18.06,-1.31,-2.10,-3.10,-0.89,10.80,6.98,12.18,-3.71,0,0,0,0,0,-1,-1,-1,6,-1,-3.83,-3.83,-4.7,14.67,22.69,22.69,-5.29,1.08,-10.92,-1.53,-23,0.962555,51,-0.89,11.58,-4.28,5.60,-18.10,-5.29,6.02,-13.34,10.7,-24.56,1.015379,60
24-09-2025,NYSE:MHK,"Mohawk Industries, Inc. Common Stock",7944,764291,2.45,127.86,0.02,-2.67,-5.86,-3.28,19.75,9.22,8.63,-23.26,0,0,0,0,HV2Y,-1,-1,-1,8,-1,-8.51,-8.51,-20.71,24.61,30.48,30.48,-7.68,10.03,-8.68,-5.08,-42.55,0.962311,50,-3.28,22.30,-13.12,-0.65,-34.91,-7.68,16.74,-22.18,4.45,-41.37,1.053516,79
24-09-2025,NYSE:HUBB,Hubbell Inc Common Stock,22912,494112,2.35,431.16,-0.94,-0.49,-2.59,-1.48,7.45,17.98,1.53,1.19,0,0,0,0,0,-1,-1,-1,-1,-1,-4.38,-4.38,-8.68,8.04,36.47,36.47,-5.88,-2.27,0.08,-12.18,-18.1,0.962212,50,-1.48,8.80,11.39,-20.06,-0.34,-5.88,3.24,2.33,-14.96,-6.8,1.005107,49
24-09-2025,NASDAQ:TRIN,Trinity Capital Inc. - Common Stock,1111,764391,1.26,15.8,-2.11,-1.84,-1.96,0.06,9.94,-2.25,9.11,10.63,0,0,0,0,0,-1,-1,-1,7,-1,-4.07,-4.07,-4.59,12.54,16.78,20.52,-4.34,0.22,-20.15,-4.6,-8.66,0.962178,50,0.06,9.88,-13.53,11.11,1.67,-4.34,4.32,-22.59,16.21,-4.79,1.003781,48
24-09-2025,NYSE:FLNG,FLEX LNG Ltd. Ordinary Shares,1347,590727,2.24,25.36,0.83,1.70,0.08,-5.76,7.45,11.24,16.68,-3.08,0,0,0,0,0,-1,-1,-1,-1,-1,-7.48,-7.48,-7.48,15.85,25.48,25.48,-10.16,-2.27,-6.66,2.97,-22.37,0.962152,50,-5.76,12.49,4.09,6.13,-23.71,-10.16,6.93,-4.97,11.23,-30.17,1.001179,45
24-09-2025,NASDAQ:ZLAB,Zai Lab Limited - American Depositary Shares,3625,909543,4.03,32.49,1.31,-0.28,12.59,-4.74,-13.76,-8.96,19.30,32.75,HVQ,0,0,0,HV2Y,-1,-1,-1,-1,-1,-19.8,-24.49,-24.49,14.4,33.59,59.73,-9.14,-23.48,-26.86,5.59,13.46,0.962022,50,-4.74,-8.61,4.22,25.93,16.67,-9.14,-14.17,-4.84,31.03,10.21,0.930194,4
24-09-2025,NASDAQ:NWE,"NorthWestern Energy Group, Inc.  - Common Stock",3526,364466,1.43,57.43,1.09,2.66,1.51,-0.68,11.54,4.84,8.58,1.67,0,0,0,0,0,-1,-1,-1,-1,-1,-1.8,-3.5,-3.5,13.05,13.05,13.86,-5.08,1.82,-13.06,-5.13,-17.62,0.961961,50,-0.68,12.14,-7.58,3.93,-7.56,-5.08,6.58,-16.64,9.03,-14.02,1.013277,57
24-09-2025,NYSE:HLT,Hilton Worldwide Holdings Inc. Common Stock,61896,1572714,1.76,263.17,-0.20,-1.23,-3.77,-4.14,3.59,10.83,6.62,14.64,0,0,0,HV2Y,0,-1,-1,-1,-1,-1,-5.56,-5.56,-5.56,3.72,30.75,30.75,-8.54,-6.13,-7.07,-7.09,-4.65,0.961927,50,-4.14,7.43,7.51,-4.72,8.59,-8.54,1.87,-1.55,0.38,2.13,0.980111,23
24-09-2025,NYSE:CVX,Chevron Corporation Common Stock,325904,7739056,1.61,159.18,1.12,-0.57,0.87,0.62,10.02,-4.25,11.33,8.48,0,0,0,0,0,-1,-1,-1,-1,-1,-1.64,-5.54,-5.54,11.17,19.03,19.03,-3.78,0.3,-22.15,-2.38,-10.81,0.961815,50,0.62,9.46,-15.86,14.94,-3.21,-3.78,3.9,-24.92,20.04,-9.67,1.006918,52
24-09-2025,NASDAQ:CCEP,Coca-Cola Europacific Partners plc - Ordinary Shares,41360,1979845,1.72,89.76,0.43,-0.85,1.05,0.12,-2.01,6.26,16.77,9.66,0,0,0,0,0,-1,-1,-1,-1,-1,-10.39,-10.39,-10.39,3.57,9.68,21.77,-4.28,-11.73,-11.64,3.06,-9.63,0.961748,50,0.12,-2.13,8.10,11.21,-8.54,-4.28,-7.69,-0.96,16.31,-15,0.976549,20
24-09-2025,NYSE:MTB,M&T Bank Corporation Common Stock,31168,1039959,1.88,199.44,-0.59,0.42,0.64,0.78,4.12,8.25,7.03,9.97,0,0,0,0,0,-1,-1,-1,-1,-1,-2.26,-2.26,-10.14,8.54,27.37,27.37,-3.62,-5.6,-9.65,-6.68,-9.32,0.961697,50,0.78,3.37,4.31,-1.33,3.16,-3.62,-2.19,-4.75,3.77,-3.3,0.99056,33
24-09-2025,NASDAQ:BSY,"Bentley Systems, Incorporated - Class B Common Stock",15874,1487780,2.06,52.28,-0.44,-0.88,-0.71,-3.19,-0.27,19.89,8.68,4.19,0,0,0,0,0,-1,-1,-1,-1,-1,-10.97,-10.97,-10.97,1.08,35.37,35.37,-7.59,-9.99,1.99,-5.03,-15.1,0.961692,50,-3.19,2.84,20.11,-13.99,-4.92,-7.59,-2.72,11.05,-8.89,-11.38,0.98341,26
24-09-2025,NASDAQ:CATY,Cathay General Bancorp - Common Stock,3355,439278,2.04,48.56,0.12,-0.14,-1.43,-2.02,7.74,9.43,3.17,10.67,0,0,0,0,0,-1,-1,-1,-1,-1,-3.69,-3.69,-9.82,8.44,30.12,30.12,-6.42,-1.98,-8.47,-10.54,-8.62,0.96153,50,-2.02,9.57,1.83,-6.91,7.74,-6.42,4.01,-7.23,-1.81,1.28,0.995795,40
24-09-2025,NYSE:O,Realty Income Corporation Common Stock,54447,5475908,1.22,59.98,0.72,0.45,0.88,2.95,4.83,7.22,13.70,-2.75,0,0,0,0,0,-1,-1,-1,-1,-1,-0.71,-0.71,-7.31,6.86,14.75,16.08,-1.45,-4.89,-10.68,-0.01,-22.04,0.961432,50,2.95,1.94,2.51,6.99,-19.07,-1.45,-3.62,-6.55,12.09,-25.53,1.005179,49
24-09-2025,NYSE:GOLF,Acushnet Holdings Corp. Common Stock,4383,353155,2.3,74.72,0.34,1.10,0.37,-6.06,4.15,10.28,7.32,15.19,0,0,0,0,0,-1,-1,-1,-1,-1,-11.47,-11.47,-11.47,4.33,32.79,32.79,-10.46,-5.57,-7.62,-6.39,-4.1,0.961232,50,-6.06,9.63,6.39,-3.30,8.49,-10.46,4.07,-2.67,1.8,2.03,0.978511,21
24-09-2025,NYSE:MSGS,Madison Square Garden Sports Corp. Class A Common Stock (New),5218,224525,2.06,217.25,0.62,-1.04,5.51,8.67,5.30,8.92,-3.01,4.71,0,0,0,0,0,-1,3,-1,-1,-1,-1.03,-1.03,-7.89,12.77,23.71,23.71,4.27,-4.42,-8.98,-16.72,-14.58,0.961189,50,8.67,-3.69,3.82,-13.10,7.49,4.27,-9.25,-5.24,-8,1.03,1.010345,55
24-09-2025,NYSE:RIO,Rio Tinto Plc Common Stock,108441,2902378,1.3,63.87,0.47,1.38,2.77,2.41,11.21,1.66,8.05,0.47,0,0,0,0,0,-1,-1,-1,-1,-1,-1.16,-1.16,-10.33,12.63,22.08,22.08,-1.99,1.49,-16.24,-5.66,-18.82,0.960975,50,2.41,9.02,-10.76,6.50,-8.24,-1.99,3.46,-19.82,11.6,-14.7,1.017677,61
24-09-2025,NASDAQ:WOOF,"Petco Health and Wellness Company, Inc. - Class A Common Stock",944,4624598,5.78,3.37,-1.32,-2.97,-6.23,0.89,18.10,26.71,-16.62,-35.91,0,0,0,HV2Y,HV2Y,-1,-1,-1,-1,-1,-22.71,-22.71,-41.59,22.1,40.42,42.19,-3.51,8.38,8.81,-30.33,-55.2,0.960967,50,0.89,17.37,10.51,-59.11,-16.54,-3.51,11.81,1.45,-54.01,-23,1.071986,85
24-09-2025,NASDAQ:NWS,News Corporation - Class B Common Stock,17786,1761844,1.99,33.59,-0.50,1.31,6.04,-3.33,-0.39,8.07,9.32,17.59,0,0,0,0,0,-1,-1,-1,-1,-1,-4.49,-4.49,-4.49,6.43,22.55,24.27,-7.73,-10.11,-9.83,-4.39,-1.7,0.960797,50,-3.33,2.85,8.42,1.36,9.13,-7.73,-2.71,-0.64,6.46,2.67,0.969503,15
24-09-2025,NYSE:LXP,LXP Industrial Trust Common Stock (Maryland REIT),2763,3082452,1.76,9.24,-1.07,1.19,2.27,4.76,9.20,5.19,11.04,-9.42,0,0,0,0,0,-1,-1,-1,-1,-1,-1.07,-1.07,-9.5,19.23,27.98,27.98,0.36,-0.52,-12.71,-2.67,-28.71,0.960745,50,4.76,4.66,-4.41,6.16,-22.99,0.36,-0.9,-13.47,11.26,-29.45,1.023458,66
24-09-2025,NYSE:GSK,GSK plc American Depositary Shares (Each representing two Ordinary Shares),81291,3906314,1.36,40.18,-0.84,-0.45,-0.80,1.34,4.73,3.98,16.80,-1.54,0,0,0,0,0,-1,-1,-1,-1,-1,-3.13,-5.44,-5.44,10.99,19.58,25.25,-3.06,-4.99,-13.92,3.09,-20.83,0.960699,50,1.34,3.43,-0.78,13.35,-22.05,-3.06,-2.13,-9.84,18.45,-28.51,1.00251,46
24-09-2025,NYSE:DNOW,DNOW Inc. Common Stock,1660,1008818,2.72,15.5,0.19,1.94,1.35,-1.03,5.81,-9.42,14.52,16.00,0,0,0,0,0,-1,-1,-1,-1,-1,-4.32,-10.46,-11.88,13.55,13.55,33.16,-5.43,-3.91,-27.32,0.81,-3.29,0.960677,50,-1.03,6.77,-16.16,21.88,1.74,-5.43,1.21,-25.22,26.98,-4.72,0.989336,32
24-09-2025,NYSE:UGI,UGI Corporation Common Stock,7060,2040448,1.49,32.85,-0.33,-0.03,-4.57,-6.91,-8.71,0.06,17.47,26.85,0,0,0,0,HV2Y,-1,-1,-1,-1,-1,-11.55,-11.55,-11.55,0.18,8.85,41.35,-11.31,-18.43,-17.84,3.76,7.56,0.960656,50,-6.91,-1.68,8.06,17.42,11.36,-11.31,-7.24,-1,22.52,4.9,0.940823,6
24-09-2025,NYSE:MTAL,MAC Copper Limited Ordinary Shares,1007,1350734,0.2,12.2,0.00,0.00,0.16,0.66,1.31,13.36,13.85,-3.11,0,0,HVQ,0,HV2Y,-1,-1,7,-1,-1,-0.08,-1.69,-13.6,1.92,55.41,55.41,-3.74,-8.41,-4.54,0.14,-22.4,0.960438,50,0.66,0.66,12.21,0.57,-19.70,-3.74,-4.9,3.15,5.67,-26.16,0.995221,39
24-09-2025,NYSE:BHP,BHP Group Limited American Depositary Shares (Each representing two Ordinary Shares),134724,2844370,1.34,53.5,0.39,0.62,0.47,-4.24,12.64,7.20,8.52,-0.54,0,0,0,HV2Y,0,-1,-1,-1,-1,-1,-4.67,-4.67,-14.3,14.46,33.02,33.02,-8.64,2.92,-10.7,-5.19,-19.83,0.960196,50,-4.24,16.19,-6.23,1.43,-9.91,-8.64,10.63,-15.29,6.53,-16.37,1.013563,58
24-09-2025,NYSE:RACE,Ferrari N.V. Common Shares,113625,317811,1.3,480.6,-1.21,2.20,1.45,2.72,1.14,9.70,11.51,2.09,0,0,0,0,0,-1,-1,-1,-1,-1,-7.16,-7.16,-7.16,10.17,20.8,20.8,-1.68,-8.58,-8.2,-2.2,-17.2,0.959996,50,2.72,-1.62,8.66,2.00,-10.64,-1.68,-7.18,-0.4,7.1,-17.1,0.992758,36
24-09-2025,NASDAQ:IBOC,International Bancshares Corporation - Common Stock,4311,219691,1.93,69.35,-0.10,0.01,-2.16,-4.21,5.78,6.49,9.36,11.23,0,0,0,0,0,-1,-1,-1,-1,-1,-4.58,-4.58,-7.67,6.14,22.96,22.96,-8.61,-3.94,-11.41,-4.35,-8.06,0.959909,50,-4.21,9.59,0.75,3.07,2.07,-8.61,4.03,-8.31,8.17,-4.39,0.986961,29
24-09-2025,NYSE:GAP,"Gap, Inc. (The) Common Stock",8486,12392303,4.02,22.87,0.04,0.26,-5.25,5.99,6.17,5.73,-4.42,11.15,0,0,0,0,HV2Y,-1,-1,-1,-1,-1,-5.61,-20.84,-20.84,21.39,29.65,29.65,1.59,-3.55,-12.17,-18.13,-8.14,0.959897,50,5.99,0.19,-0.47,-10.76,14.91,1.59,-5.37,-9.53,-5.66,8.45,1.003869,48
24-09-2025,NYSE:TEF,Telefonica SA Common Stock,29188,589783,0.94,5.08,-1.17,-5.71,-4.33,-5.91,-1.57,10.24,20.28,4.92,0,0,0,0,0,-1,-1,-1,-1,-1,-11.03,-11.03,-11.03,0,16.25,30.59,-10.31,-11.29,-7.66,6.57,-14.37,0.959897,50,-5.91,4.09,11.63,11.18,-19.26,-10.31,-1.47,2.57,16.28,-25.72,0.974939,19
24-09-2025,NASDAQ:CRSR,"Corsair Gaming, Inc. - Common Stock",917,678764,3.58,8.65,-2.37,1.62,-1.27,-2.89,-7.86,-16.07,25.20,23.01,0,0,0,HV2Y,HV2Y,-1,-1,-1,-1,-1,-11.37,-13.84,-30.97,5.49,49.4,49.4,-7.29,-17.58,-33.97,11.49,3.72,0.959852,50,-2.89,-4.83,-7.61,35.56,-2.94,-7.29,-10.39,-16.67,40.66,-9.4,0.954711,9
24-09-2025,NYSE:KMI,"Kinder Morgan, Inc. Common Stock",61818,12049460,1.62,27.82,1.27,0.90,1.58,4.82,-1.76,-3.63,5.68,21.68,0,0,0,0,0,-1,-1,-1,-1,-1,-5.37,-5.37,-10.89,6.06,10.35,28.32,0.42,-11.48,-21.53,-8.03,2.39,0.959818,50,4.82,-6.91,-1.84,8.98,16.96,0.42,-12.47,-10.9,14.08,10.5,0.974558,19
24-09-2025,NYSE:UMC,United Microelectronics Corporation (NEW) Common Stock,18165,4749234,1.2,7.48,1.49,7.75,8.56,10.96,-2.41,10.16,12.83,-12.17,0,0,0,HV2Y,HV2Y,-1,-1,-1,-1,-1,-4.83,-10.1,-15.38,13.68,22.22,31.46,6.56,-12.13,-7.74,-0.88,-31.46,0.959797,49,10.96,-15.02,12.27,2.98,-28.68,6.56,-20.58,3.21,8.08,-35.14,1.009608,54
24-09-2025,NYSE:KODK,Eastman Kodak Company Common New,506,975426,3.65,6.24,-1.73,2.88,7.85,4.81,8.97,-3.04,-10.26,20.35,0,0,0,0,2,-1,-1,-1,-1,-1,-16.35,-16.35,-22.77,14.92,17.74,38.67,0.41,-0.75,-20.94,-23.97,1.06,0.959777,49,4.81,4.38,-13.20,-7.00,27.76,0.41,-1.18,-22.26,-1.9,21.3,1.004534,49
24-09-2025,NASDAQ:HST,"Host Hotels & Resorts, Inc. - Common Stock",11984,9704954,1.91,17.37,-0.34,-0.86,-1.27,2.71,10.77,14.80,-1.50,-7.83,0,0,0,0,0,-1,-1,-1,-1,-1,-1.75,-1.75,-8.91,13.75,36.77,36.77,-1.69,1.05,-3.1,-15.21,-27.12,0.959719,49,2.71,8.28,4.52,-19.12,-6.24,-1.69,2.72,-4.54,-14.02,-12.7,1.024836,67
24-09-2025,NYSE:ETW,Eaton Vance Corporation Eaton Vance Tax-Managed Global Buy-Write Opportunites Fund Common Shares of Beneficial Interest,973,252597,0.66,9.01,-0.44,-0.11,-0.67,1.33,5.77,6.10,7.21,6.33,0,0,0,0,0,-1,-1,-1,-1,-1,-0.88,-0.88,-0.88,6.12,25.14,25.14,-3.07,-3.95,-11.8,-6.5,-12.96,0.959612,49,1.33,4.50,0.35,1.18,-0.96,-3.07,-1.06,-8.71,6.28,-7.42,0.997832,42
24-09-2025,NASDAQ:CNOB,"ConnectOne Bancorp, Inc. - Common Stock",1263,308430,2.35,25.16,0.36,0.28,1.03,0.52,10.29,5.68,7.83,-1.19,0,0,0,0,HV2Y,-1,-1,-1,-1,-1,-4.12,-4.12,-12.21,13.13,20.1,20.1,-3.88,0.57,-12.22,-5.88,-20.48,0.959534,49,0.52,9.83,-5.14,2.28,-9.79,-3.88,4.27,-14.2,7.38,-16.25,1.013781,58
24-09-2025,NASDAQ:SEIC,SEI Investments Company - Common Stock,10628,793283,1.71,85.97,-0.24,-0.79,-1.06,-4.26,-1.02,8.96,5.23,20.79,0,0,0,0,0,-1,-1,-1,-1,-1,-8.35,-8.35,-8.35,0,29.38,29.38,-8.66,-10.74,-8.94,-8.48,1.5,0.959473,49,-4.26,3.10,9.88,-4.09,16.41,-8.66,-2.46,0.82,1.01,9.95,0.965718,13
24-09-2025,NASDAQ:ACIW,"ACI Worldwide, Inc. - Common Stock",5395,993016,2.41,52.36,-1.02,5.69,2.16,5.83,12.07,-3.95,0.88,5.54,0,0,0,0,0,-1,-1,-1,-1,-1,-1.02,-8.41,-11.55,28.52,28.52,28.52,1.43,2.35,-21.85,-12.83,-13.75,0.959459,49,5.83,6.63,-18.22,4.65,4.70,1.43,1.07,-27.28,9.75,-1.76,1.022092,65
24-09-2025,NASDAQ:ITRI,"Itron, Inc. - Common Stock",5628,746458,2.18,123.11,-1.29,4.22,3.92,-0.76,-6.61,12.09,12.28,12.91,0,0,0,0,0,-1,-1,-1,-1,-1,-11.06,-11.06,-11.06,4.8,33.76,33.76,-5.16,-16.33,-5.81,-1.43,-6.38,0.959422,49,-0.76,-5.80,17.54,0.22,0.71,-5.16,-11.36,8.48,5.32,-5.75,0.964701,13
24-09-2025,NASDAQ:BULL,Webull Corporation - Class A Ordinary Shares,6908,11506782,5.51,13.97,-0.21,9.74,6.94,-7.09,21.83,NA,NA,NA,0,0,0,0,0,-1,-1,-1,-1,-1,-21.25,-77.79,-77.79,28.99,34.59,34.59,-11.49,12.11,0,0,0,0.95937,49,-7.09,27.01,NA,NA,NA,-11.49,21.45,0,0,0,0.929006,4
24-09-2025,NYSE:ATEN,"A10 Networks, Inc. Common Stock",1316,755974,2.29,18.24,0.00,3.23,4.50,5.54,-3.95,2.36,-0.88,23.14,0,0,0,0,0,-1,-1,-1,-1,-1,-9.43,-9.43,-15.87,7.36,22.5,32.85,1.14,-13.67,-15.54,-14.59,3.85,0.959245,49,5.54,-10.04,6.07,-3.31,23.80,1.14,-15.6,-2.99,1.79,17.34,0.971718,17
24-09-2025,NYSE:EGY,"VAALCO Energy, Inc.  Common Stock",448,702509,3.45,4.3,0.94,2.09,7.21,9.30,15.35,10.93,0.23,-36.51,0,0,0,0,0,-1,-1,-1,-1,-1,0,0,-32.6,21.81,38.71,38.71,4.9,5.63,-6.97,-13.48,-55.8,0.959114,49,9.30,6.67,-5.22,-12.01,-36.83,4.9,1.11,-14.28,-6.91,-43.29,1.066548,84
24-09-2025,NASDAQ:CAKE,The Cheesecake Factory Incorporated - Common Stock,2736,1297368,2.24,54.93,0.90,0.96,-6.77,-12.18,-8.83,7.52,11.65,29.49,0,0,0,0,HV2Y,-1,-1,-1,-1,-1,-19.82,-19.82,-19.82,1.93,24.19,41.94,-16.58,-18.55,-10.38,-2.06,10.2,0.959062,49,-12.18,2.99,15.02,4.47,20.19,-16.58,-2.57,5.96,9.57,13.73,0.9339,5
24-09-2025,NYSE:EXG,Eaton Vance Tax-Managed Global Diversified Equity Income Fund Common Shares of Beneficial Interest,2756,427145,0.74,8.97,-0.44,0.11,-0.33,1.56,4.01,6.58,8.70,5.69,0,0,0,0,0,-1,-1,-1,-1,-1,-1.21,-1.21,-1.21,4.91,24.76,24.76,-2.84,-5.71,-11.32,-5.01,-13.6,0.95898,49,1.56,2.49,2.67,2.27,-3.30,-2.84,-3.07,-6.39,7.37,-9.76,0.99451,38
24-09-2025,NASDAQ:AVDX,"AvidXchange Holdings, Inc. - Common Stock",2062,1465671,0.14,9.93,0.00,-0.20,0.00,0.10,1.31,12.79,-7.05,18.63,0,0,0,HV2Y,0,-1,-1,-1,-1,-1,-0.2,-0.2,-14.32,1.43,37.73,44.12,-4.3,-8.41,-5.11,-20.76,-0.66,0.958795,49,0.10,1.21,11.63,-22.75,23.99,-4.3,-4.35,2.57,-17.65,17.53,0.982797,25
24-09-2025,NASDAQ:DEFT,"Defi Technologies, Inc. - Common Stock",886,6492421,6.6,2.61,6.10,0.77,18.39,16.09,-10.34,-7.28,3.45,18.01,0,0,HV2Y,0,HV2Y,-1,-1,-1,-1,-1,-25,-38.59,-38.59,31.82,48.72,71.71,11.69,-20.06,-25.18,-10.26,-1.28,0.95869,49,16.09,-31.51,2.78,10.00,15.08,11.69,-37.07,-6.28,15.1,8.62,0.979083,22
24-09-2025,NYSE:EQH,"Equitable Holdings, Inc. Common Stock",15753,3038595,2.16,52.59,-2.68,-1.79,-0.25,-0.55,-3.46,-3.25,14.47,19.93,0,0,0,0,0,-1,-1,-1,-1,-1,-6.26,-6.26,-6.26,4.99,19.58,26.45,-4.95,-13.18,-21.15,0.76,0.64,0.958628,49,-0.55,-2.89,0.20,17.16,6.38,-4.95,-8.45,-8.86,22.26,-0.08,0.964629,13
24-09-2025,NYSE:SPNT,SiriusPoint Ltd. Common Shares,2054,1113254,2.41,17.59,0.63,-2.10,-5.97,-4.72,-10.06,6.20,18.19,18.99,0,0,0,0,0,-1,-1,-1,-1,-1,-15.76,-15.76,-15.76,0.63,16.03,36.15,-9.12,-19.78,-11.7,4.48,-0.3,0.958543,49,-4.72,-5.10,14.77,12.79,0.97,-9.12,-10.66,5.71,17.89,-5.49,0.947754,7
24-09-2025,NYSE:CR,Crane Company Common Stock,10300,340525,2.3,178.99,-1.52,-0.93,-2.08,-7.21,-3.51,10.39,14.78,14.84,0,0,0,0,0,-1,-1,-1,-1,-1,-9.81,-9.81,-9.81,0,34.79,34.79,-11.61,-13.23,-7.51,1.07,-4.45,0.958535,49,-7.21,3.45,13.43,4.90,0.07,-11.61,-2.11,4.37,10,-6.39,0.960784,11
24-09-2025,NYSE:REXR,"Rexford Industrial Realty, Inc. Common Stock",9995,3126406,1.91,41.76,-1.11,-1.25,-2.27,3.98,14.25,5.15,9.08,-22.44,0,0,0,0,0,-1,-1,-1,5,-1,-4.07,-4.07,-19.72,17.87,32.28,32.28,-0.42,4.53,-12.75,-4.63,-41.73,0.958475,49,3.98,10.70,-10.61,4.14,-34.66,-0.42,5.14,-19.67,9.24,-41.12,1.046187,77
24-09-2025,NYSE:NYT,New York Times Company (The) Common Stock,9344,1546079,1.58,57.39,-0.97,-1.90,-0.31,-3.78,3.66,14.38,7.18,5.05,0,0,HV2Y,0,0,-1,-1,-1,-1,-1,-7.36,-7.36,-7.36,11.59,26.49,26.49,-8.18,-6.06,-3.52,-6.53,-14.24,0.958437,49,-3.78,7.17,11.12,-8.40,-2.29,-8.18,1.61,2.06,-3.3,-8.75,0.988746,31
24-09-2025,NYSE:CNQ,Canadian Natural Resources Limited Common Stock,68469,7495463,2.33,32.78,1.99,0.06,4.82,5.28,4.30,5.06,9.98,-1.89,0,0,0,0,0,-1,-1,-1,-1,-1,-0.46,-3.62,-12.82,11.84,30.39,30.39,0.88,-5.42,-12.84,-3.73,-21.18,0.958354,49,5.28,-1.03,0.80,5.17,-13.18,0.88,-6.59,-8.26,10.27,-19.64,1.006268,51
24-09-2025,NASDAQ:CSX,CSX Corporation - Common Stock,63050,14974313,1.85,33.82,-0.73,3.10,5.23,2.99,3.93,12.68,6.62,-3.28,0,0,0,0,0,-1,-1,-1,-1,-1,-7.39,-7.39,-8.3,5.52,26.71,26.71,-1.41,-5.79,-5.22,-7.09,-22.57,0.958303,49,2.99,0.98,9.11,-6.94,-10.61,-1.41,-4.58,0.05,-1.84,-17.07,1.00407,48
24-09-2025,NYSE:OUT,OUTFRONT Media Inc. Common Stock,3140,1457357,2.52,18.28,-2.66,-2.52,-1.91,-2.95,13.57,10.07,1.41,-2.29,0,0,0,0,0,-1,-1,-1,-1,-1,-4.69,-4.69,-7.84,15.7,37.86,37.86,-7.35,3.85,-7.83,-12.3,-21.58,0.958214,49,-2.95,16.05,-4.05,-9.62,-3.75,-7.35,10.49,-13.11,-4.52,-10.21,1.019687,63
24-09-2025,NYSE:INFA,Informatica Inc. Class A Common Stock,8667,2915104,0.21,24.85,0.16,0.16,0.24,0.32,2.41,24.27,-5.15,-2.54,0,0,0,0,0,-1,-1,-1,14,-1,-0.4,-0.4,-9.27,2.64,56.68,56.68,-4.08,-7.31,6.37,-18.86,-21.83,0.958202,49,0.32,2.10,22.39,-38.84,2.49,-4.08,-3.46,13.33,-33.74,-3.97,1.00506,49
24-09-2025,NYSE:BKU,"BankUnited, Inc. Common Stock",2886,751134,2.35,38.37,0.03,0.57,-0.63,-0.47,9.62,7.32,2.50,4.43,0,0,0,0,0,-1,-1,-1,-1,-1,-2.98,-2.98,-11.18,10.64,30.16,30.16,-4.87,-0.1,-10.58,-11.21,-14.86,0.958166,49,-0.47,10.04,-2.54,-5.20,1.98,-4.87,4.48,-11.6,-0.1,-4.48,1.007019,52
24-09-2025,NYSE:PACK,Ranpak Holdings Corp Class A Common Stock,438,897147,5.99,5.19,-0.57,9.83,6.94,6.94,32.56,-8.09,-37.57,-22.74,0,HVQ,0,HV2Y,HV2Y,-1,-1,-1,-1,-1,-6.82,-7.49,-38.43,49.57,72.43,72.43,2.54,22.84,-25.99,-51.28,-42.03,0.958148,49,6.94,27.54,-60.29,-27.27,10.78,2.54,21.98,-69.35,-22.17,4.32,1.125916,93
24-09-2025,NYSE:HNGE,"Hinge Health, Inc. Class A Common Stock",4254,1224913,5.46,54.23,-9.07,-4.63,-3.56,-1.55,17.89,NA,NA,NA,0,0,0,0,0,-1,-1,-1,-1,-1,-10.44,-10.44,-10.44,25.91,55.61,55.61,-5.95,8.17,0,0,0,0.958137,49,-1.55,19.14,NA,NA,NA,-5.95,13.58,0,0,0,0.927701,4
24-09-2025,NASDAQ:FORM,"FormFactor, Inc. - Common Stock",2802,816085,3.27,36.33,-2.05,12.55,18.97,19.60,5.17,13.43,-16.82,-20.95,0,0,0,0,HV2Y,-1,1,-1,-1,-1,-3.63,-3.63,-25.43,31.54,56.73,56.73,15.2,-4.55,-4.47,-30.53,-40.24,0.958099,49,19.60,-17.94,8.71,-34.94,-3.53,15.2,-23.5,-0.35,-29.84,-9.99,1.051427,79
24-09-2025,NASDAQ:ERII,"Energy Recovery, Inc. - Common Stock",813,454038,2.61,15.28,1.46,4.45,4.52,5.17,20.62,-8.64,0.79,-11.58,0,0,0,0,HV2Y,-1,-1,-1,-1,-1,0,-7.95,-23.33,25.97,34.39,34.39,0.77,10.9,-26.54,-12.92,-30.87,0.958046,49,5.17,16.29,-36.85,8.67,-12.47,0.77,10.73,-45.91,13.77,-18.93,1.061697,82
24-09-2025,NYSE:GNL,"Global Net Lease, Inc. Common Stock",1783,1304209,1.68,8.04,-0.37,-0.50,-1.99,3.73,8.83,1.12,12.69,-7.84,0,0,0,0,0,-1,-1,-1,-1,-1,-3.48,-3.48,-8.22,17.37,17.89,17.89,-0.67,-0.89,-16.78,-1.02,-27.13,0.95803,48,3.73,5.30,-8.46,11.70,-23.50,-0.67,-0.26,-17.52,16.8,-29.96,1.020612,64
24-09-2025,NYSE:TMHC,Taylor Morrison Home Corporation Common Stock,6563,1109861,2.49,66.4,0.64,-2.70,-4.95,-2.41,9.59,8.40,10.78,-5.23,0,0,0,0,0,-1,-1,-1,-1,-1,-7.65,-7.65,-11.23,12.01,23.12,23.12,-6.81,-0.13,-9.5,-2.93,-24.52,0.958025,48,-2.41,11.72,-1.32,2.60,-17.94,-6.81,6.16,-10.38,7.7,-24.4,1.011623,56
24-09-2025,NYSE:FCF,First Commonwealth Financial Corporation Common Stock,1819,604401,1.91,17.4,-0.29,0.06,-0.92,-0.92,9.08,9.77,3.51,1.55,0,0,0,0,0,-1,-1,-1,-1,-1,-3.44,-3.44,-10.36,9.99,23.58,23.58,-5.32,-0.64,-8.13,-10.2,-17.74,0.958006,48,-0.92,9.91,0.76,-6.94,-2.03,-5.32,4.35,-8.3,-1.84,-8.49,1.007286,52
24-09-2025,NYSE:SSB,SouthState Bank Corporation Common Stock,10145,780032,2.14,100.24,-0.06,-0.98,-1.16,1.05,11.38,5.80,1.31,1.46,0,0,0,0,HV2Y,-1,-1,-1,-1,-1,-3.2,-3.2,-10.44,12.84,24.38,24.38,-3.35,1.66,-12.1,-12.4,-17.83,0.957865,48,1.05,10.44,-6.30,-4.77,0.15,-3.35,4.88,-15.36,0.33,-6.31,1.015869,60
24-09-2025,NYSE:GFF,Griffon Corporation Common Stock,3542,332669,2.53,76.08,-1.21,0.42,-2.93,0.39,6.32,2.22,5.36,10.78,0,0,0,0,0,-1,-1,-1,-1,-1,-7.95,-7.95,-10.66,11.93,17.53,20.99,-4.01,-3.4,-15.68,-8.35,-8.51,0.957778,48,0.39,5.95,-4.38,3.21,5.72,-4.01,0.39,-13.44,8.31,-0.74,0.994806,38
24-09-2025,NASDAQ:MITK,"Mitek Systems, Inc. - Common Stock",465,373324,2.9,10.19,-0.39,2.85,2.36,1.77,4.61,11.58,-8.93,14.13,0,0,0,0,HV2Y,-1,-1,-1,-1,-1,-3.41,-3.41,-11,15.8,43.32,43.32,-2.63,-5.11,-6.32,-22.64,-5.16,0.957763,48,1.77,2.90,7.30,-23.20,21.17,-2.63,-2.66,-1.76,-18.1,14.71,0.995459,39
24-09-2025,NYSE:YUM,"Yum! Brands, Inc.",41478,1969607,1.71,149.45,0.01,0.80,2.30,1.71,1.52,-4.25,12.77,13.21,0,0,0,0,0,-1,-1,-1,-1,-1,-1.9,-7.43,-8.05,7.13,8.02,21.26,-2.69,-8.2,-22.15,-0.94,-6.08,0.957619,48,1.71,-0.20,-5.86,16.33,0.50,-2.69,-5.76,-14.92,21.43,-5.96,0.983836,26
24-09-2025,NYSE:FFWM,First Foundation Inc. Common Stock,478,640642,2.83,5.8,1.22,-0.52,-1.90,-0.34,13.28,18.28,-3.28,-16.72,0,0,0,0,0,-1,-1,-1,-1,-1,-4.76,-4.76,-29.7,21.34,25.81,26.64,-4.74,3.56,0.38,-16.99,-36.01,0.957604,48,-0.34,13.57,5.77,-26.37,-13.02,-4.74,8.01,-3.29,-21.27,-19.48,1.035208,72
24-09-2025,NYSE:OI,"O-I Glass, Inc. Common Stock",2040,1515423,2.78,13.24,-0.75,4.83,4.53,0.08,-14.73,10.50,24.85,1.89,0,0,0,0,0,-1,-1,-1,-1,-1,-16.2,-16.2,-16.2,6.17,37.63,37.63,-4.32,-24.45,-7.4,11.14,-17.4,0.957544,48,0.08,-14.81,21.99,16.03,-30.55,-4.32,-20.37,12.93,21.13,-37.01,0.963185,12
24-09-2025,NYSE:ALB,Albemarle Corporation Common Stock,9601,3852198,4.14,80.12,-0.32,-1.02,9.41,-1.52,24.89,3.21,-13.01,-11.50,0,0,0,HVY,0,-1,-1,-1,-1,-1,-8.62,-8.62,-28.01,33.13,57.84,57.84,-5.92,15.17,-14.69,-26.72,-30.79,0.9575,48,-1.52,26.01,-28.86,-16.75,1.34,-5.92,20.45,-37.92,-11.65,-5.12,1.066814,84
24-09-2025,NASDAQ:MEOH,Methanex Corporation - Common Stock,3026,465073,2.88,39.13,0.10,-0.13,1.66,9.53,13.70,5.78,-17.35,-1.07,0,0,0,0,0,-1,-1,9,-1,-1,-1.71,-1.71,-27.01,20.55,51.26,51.26,5.13,3.98,-12.12,-31.06,-20.36,0.9575,48,9.53,4.60,-9.18,-24.55,13.87,5.13,-0.96,-18.24,-19.45,7.41,1.040763,75
24-09-2025,NYSE:OGE,OGE Energy Corp Common Stock,9125,1096249,1.29,45.31,1.16,2.65,3.02,0.35,3.44,2.14,9.60,10.15,0,0,0,0,0,-1,-1,-1,-1,-1,-1.29,-2.31,-2.31,4.26,7.29,14.27,-4.05,-6.28,-15.76,-4.11,-9.14,0.957445,48,0.35,3.10,-1.35,7.62,0.61,-4.05,-2.46,-10.41,12.72,-5.85,0.988172,30
24-09-2025,NASDAQ:HLMN,Hillman Solutions Corp. - Common Stock,1838,952166,2.84,9.3,-0.21,-2.37,-5.16,-7.63,26.99,2.90,-7.53,-14.19,0,0,HV2Y,0,0,-1,-1,-1,-1,-1,-10.14,-10.14,-19.41,36.97,39.64,39.64,-12.03,17.27,-15,-21.24,-33.48,0.95738,48,-7.63,32.17,-32.99,-10.74,-6.20,-12.03,26.61,-42.05,-5.64,-12.66,1.068599,85
24-09-2025,NYSE:PHG,Koninklijke Philips N.V. NY Registry Shares,26622,639421,1.02,27.4,-1.44,-1.90,-3.18,-0.73,12.70,7.04,8.65,-11.61,0,0,HVQ,0,HV2Y,-1,-1,-1,5,-1,-4.26,-4.26,-16.31,14.93,26.44,26.44,-5.13,2.98,-10.86,-5.06,-30.9,0.957272,48,-0.73,13.33,-6.48,1.73,-22.17,-5.13,7.77,-15.54,6.83,-28.63,1.026865,68
24-09-2025,NYSE:PKG,Packaging Corporation of America Common Stock,19374,712303,1.78,215.32,0.75,1.50,1.05,1.44,13.23,7.69,-5.64,1.12,0,0,0,0,0,-1,-1,-1,-1,-1,-2.24,-2.24,-13.47,15.24,22.36,22.36,-2.96,3.51,-10.21,-19.35,-18.17,0.957226,48,1.44,11.96,-6.38,-14.44,6.40,-2.96,6.4,-15.44,-9.34,-0.06,1.023128,65
24-09-2025,NYSE:WK,Workiva Inc. Class A Common Stock,4699,822082,3.28,83.88,0.61,2.97,9.85,6.33,22.31,-3.45,-32.78,5.63,0,0,HV2Y,0,0,-1,-1,-1,-1,-1,-0.5,-3.33,-26.92,31.41,35.49,35.49,1.93,12.59,-21.35,-46.49,-13.66,0.957172,48,6.33,17.05,-33.14,-28.36,28.93,1.93,11.49,-42.2,-23.26,22.47,1.06484,83
24-09-2025,NYSE:ALL,Allstate Corporation (The) Common Stock,55181,1419927,1.62,207.73,0.62,5.50,3.66,1.06,5.62,0.21,8.90,8.21,0,0,0,0,0,-1,-1,-1,-1,-1,-2.76,-2.76,-2.76,8.79,15.07,15.07,-3.34,-4.1,-17.69,-4.81,-11.08,0.95711,48,1.06,4.61,-5.74,8.71,-0.76,-3.34,-0.95,-14.8,13.81,-7.22,0.995895,40
24-09-2025,NASDAQ:AMPL,"Amplitude, Inc. - Class A Common Stock",1556,1703265,4.18,11.74,-4.55,5.88,2.90,1.62,-3.83,-0.51,5.28,22.91,0,0,0,HV2Y,HV2Y,-1,-1,-1,-1,-1,-11.66,-11.66,-18.7,9.11,52.27,52.27,-2.78,-13.55,-18.41,-8.43,3.62,0.957059,48,1.62,-5.54,3.20,5.76,18.62,-2.78,-11.1,-5.86,10.86,12.16,0.96511,13
24-09-2025,NYSE:TWLO,Twilio Inc. Class A Common Stock,15840,2544374,3.05,103.24,-0.18,-0.28,-0.98,-1.31,-16.06,-2.57,-2.70,38.76,0,0,0,0,0,-1,-1,-1,-1,-1,-22.2,-22.2,-30.41,11.68,26.92,64.76,-5.71,-25.78,-20.47,-16.41,19.47,0.956972,48,-1.31,-14.56,11.63,-0.13,40.38,-5.71,-20.12,2.57,4.97,33.92,0.930599,4
24-09-2025,NASDAQ:AEP,"American Electric Power Company, Inc. - Common Stock",58228,3133959,1.36,108.14,1.02,1.20,-0.20,-5.44,4.49,3.66,15.93,5.92,0,0,0,0,0,-1,-1,-1,-1,-1,-5.97,-5.97,-5.97,6.64,9.69,19.73,-9.84,-5.23,-14.24,2.22,-13.37,0.956961,48,-5.44,9.42,-0.87,12.74,-11.91,-9.84,3.86,-9.93,17.84,-18.37,0.987217,29
24-09-2025,NASDAQ:WAY,Waystar Holding Corp. - Common Stock,6454,3987299,2.87,37.04,-1.93,-4.18,-9.34,3.08,-5.29,-5.05,4.18,26.21,0,HVQ,0,0,0,-1,-1,-1,-1,-1,-9.42,-10.01,-18.32,9.23,9.23,38.21,-1.32,-15.01,-22.95,-9.53,6.92,0.956855,48,3.08,-8.64,0.23,8.79,22.99,-1.32,-14.2,-8.83,13.89,16.53,0.962055,11
24-09-2025,NASDAQ:TBLA,Taboola.com Ltd. - Ordinary Shares,1056,1234438,2.4,3.56,1.14,1.12,4.78,5.34,-0.28,16.01,-8.15,8.71,0,0,0,0,0,-1,-1,-1,-1,-1,-5.32,-5.32,-16.43,12.3,40.16,40.16,0.94,-10,-1.89,-21.86,-10.58,0.956847,48,5.34,-5.93,16.25,-28.76,15.58,0.94,-11.49,7.19,-23.66,9.12,0.995104,39
24-09-2025,NASDAQ:NDAQ,"Nasdaq, Inc. - Common Stock",50006,4135898,1.78,87.15,-1.46,-6.83,-8.62,-8.23,-1.03,10.88,11.21,14.76,0,0,0,0,0,-1,-1,-1,-1,-1,-10.1,-10.1,-10.1,0,31.25,31.25,-12.63,-10.75,-7.02,-2.5,-4.53,0.956837,48,-8.23,6.65,11.79,0.37,3.99,-12.63,1.09,2.73,5.47,-2.47,0.965055,13
24-09-2025,NASDAQ:CSGP,"CoStar Group, Inc. - Common Stock",35608,2526088,2.25,84.05,-1.48,-4.54,-2.68,-7.69,3.32,4.54,16.91,7.95,0,0,0,0,0,-1,-1,-1,-1,-1,-13.2,-13.2,-13.2,4.54,15.74,21.3,-12.09,-6.4,-13.36,3.2,-11.34,0.956729,48,-7.69,10.22,1.27,12.95,-10.78,-12.09,4.66,-7.79,18.05,-17.24,0.980321,23
24-09-2025,NYSE:TTAM,Titan America SA Common Shares,2743,279838,2.94,14.88,-1.46,-1.81,-2.82,-4.91,14.58,8.40,NA,NA,0,0,0,0,0,-1,-1,-1,-1,-1,-7.35,-7.35,-10.9,21.47,35.77,35.77,-9.31,4.86,-9.5,0,0,0.956454,48,-4.91,18.58,-7.24,NA,NA,-9.31,13.02,-16.3,0,0,0.924246,4
24-09-2025,NASDAQ:ALDX,"Aldeyra Therapeutics, Inc. - Common Stock",300,839103,5,5.11,3.23,2.94,-12.72,-13.70,34.44,-29.35,4.50,-18.20,0,0,0,0,HV2Y,-1,-1,-1,-1,-1,-13.24,-23.5,-26.79,52.54,259.86,259.86,-18.1,24.72,-47.25,-9.21,-37.49,0.956277,48,-13.70,42.34,-97.31,26.17,-23.77,-18.1,36.78,-106.37,31.27,-30.23,1.118485,92
24-09-2025,NYSE:PSN,Parsons Corporation Common Stock,8615,1173262,2.79,80.67,0.67,-2.74,7.33,1.20,15.07,23.69,-17.89,-23.83,HVQ,0,0,0,0,-1,-1,-1,-1,-1,-2.67,-2.67,-28.81,17.75,37.01,45.75,-3.2,5.35,5.79,-31.6,-43.12,0.956119,48,1.20,14.04,10.14,-54.48,-5.04,-3.2,8.48,1.08,-49.38,-11.5,1.054775,80
24-09-2025,NASDAQ:TYRA,"Tyra Biosciences, Inc. - Common Stock",680,220434,5.46,12.76,0.24,4.78,6.66,5.96,24.53,19.20,-13.64,-90.91,0,0,0,0,0,-1,-1,-1,-1,-1,-1.01,-1.01,-55.4,40.22,80.74,80.74,1.56,14.81,1.3,-27.35,-110.2,0.956083,48,5.96,19.75,-7.06,-40.64,-68.00,1.56,14.19,-16.12,-35.54,-74.46,1.128967,93
24-09-2025,NASDAQ:FWRD,Forward Air Corporation - Common Stock,854,560116,4.63,27.72,1.20,3.57,-6.96,-7.43,18.98,24.57,-11.36,-29.65,0,0,0,0,0,-1,-1,-1,-1,-1,-14.1,-14.1,-30.98,23.42,164,164,-11.83,9.26,6.67,-25.07,-48.94,0.956007,48,-7.43,24.58,6.90,-47.63,-16.42,-11.83,19.02,-2.16,-42.53,-22.88,1.057054,81
24-09-2025,NYSE:EQNR,Equinor ASA,63769,3657008,1.59,25.69,2.80,3.93,2.96,2.92,2.30,0.27,13.39,3.23,0,0,0,0,0,-1,-1,-1,-1,-1,-5.2,-8.51,-8.51,8.4,16.56,17.41,-1.48,-7.42,-17.63,-0.32,-16.06,0.955938,48,2.92,-0.64,-2.07,13.15,-11.73,-1.48,-6.2,-11.13,18.25,-18.19,0.994944,38
24-09-2025,NYSE:FIHL,Fidelis Insurance Holdings Limited Common Shares,1839,533950,2.09,17.54,1.15,2.51,2.74,2.28,10.26,8.78,-1.31,-2.22,0,0,0,0,0,-1,-1,-1,-1,-1,-1.24,-1.52,-15.1,17.96,17.96,21.72,-2.12,0.54,-9.12,-15.02,-21.51,0.955846,47,2.28,8.17,-1.65,-11.06,-0.90,-2.12,2.61,-10.71,-5.96,-7.36,1.017908,62
24-09-2025,NASDAQ:AVO,"Mission Produce, Inc. - Common Stock",879,648232,3.39,12.44,-0.96,-2.81,5.63,-0.96,3.38,21.30,0.96,-6.91,0,0,0,HV2Y,HV2Y,-1,-1,-1,-1,-1,-4.89,-4.89,-13.91,6.14,27.72,27.72,-5.36,-6.34,3.4,-12.75,-26.2,0.955838,47,-0.96,4.30,18.55,-25.84,-7.95,-5.36,-1.26,9.49,-20.74,-14.41,1.004559,49
24-09-2025,NYSE:FMX,Fomento Economico Mexicano S.A.B. de C.V. Common Stock,20189,888078,2.52,97.82,-0.50,4.90,11.30,9.93,-3.03,0.74,13.40,-1.97,0,0,0,0,0,-1,-1,-1,-1,-1,-7.88,-9.29,-9.29,16.91,16.91,20.42,5.53,-12.75,-17.16,-0.31,-21.26,0.955821,47,9.93,-14.38,3.65,12.76,-17.75,5.53,-19.94,-5.41,17.86,-24.21,0.99817,42
24-09-2025,NYSE:CNR,"Core Natural Resources, Inc. Common Stock",4270,627534,3.43,82.95,7.35,7.05,12.48,12.15,19.01,8.08,-30.55,-17.34,0,0,0,0,0,-1,-1,-1,-1,-1,-0.88,-0.88,-37.79,27.09,30.18,30.18,7.75,9.29,-9.82,-44.26,-36.63,0.955749,47,12.15,7.81,-13.50,-42.02,10.12,7.75,2.25,-22.56,-36.92,3.66,1.075887,86
24-09-2025,NYSE:HE,"Hawaiian Electric Industries, Inc. Common Stock",1957,2115304,2.6,11.34,-1.31,-6.88,-6.08,-8.20,7.94,4.50,14.46,3.26,0,0,0,0,HV2Y,-1,-1,-1,-1,-1,-12.5,-12.5,-12.5,8.62,21.15,38.63,-12.6,-1.78,-13.4,0.75,-16.03,0.95573,47,-8.20,14.91,-3.74,10.43,-13.09,-12.6,9.35,-12.8,15.53,-19.55,0.994411,38
24-09-2025,NYSE:VYX,NCR Voyix Corporation Common Stock,1780,1278288,3.09,12.88,-0.23,0.78,2.95,-5.20,10.02,22.83,-8.15,-6.60,0,0,0,0,0,-1,-1,-1,-1,-1,-11.96,-11.96,-15.32,11.13,65.13,65.13,-9.6,0.3,4.93,-21.86,-25.89,0.955382,47,-5.20,14.46,14.24,-40.14,1.44,-9.6,8.9,5.18,-35.04,-5.02,1.018213,62
24-09-2025,NYSE:MDU,"MDU Resources Group, Inc. Common Stock (Holding Company)",3506,2003028,1.93,17.16,-0.23,7.63,4.31,4.84,6.00,2.04,-4.78,11.97,0,0,0,0,0,-1,-1,-1,-1,-1,-3.05,-3.38,-14.88,8.26,10,15.16,0.44,-3.72,-15.86,-18.49,-7.32,0.955376,47,4.84,1.22,-4.22,-6.96,15.99,0.44,-4.34,-13.28,-1.86,9.53,1.001202,45
24-09-2025,NYSE:AUB,Atlantic Union Bankshares Corporation Common Stock,5083,961164,2.15,35.67,-0.34,1.26,1.29,2.13,13.68,9.34,-4.15,-8.24,0,0,0,0,0,-1,-1,-1,5,-1,-2.43,-2.43,-18.09,15.85,49.56,49.56,-2.27,3.96,-8.56,-17.86,-27.53,0.955356,47,2.13,11.80,-5.03,-14.87,-3.93,-2.27,6.24,-14.09,-9.77,-10.39,1.031645,71
24-09-2025,NYSE:MA,Mastercard Incorporated Common Stock,514211,2627313,1.61,568.81,-0.20,-5.24,-1.86,-4.29,3.36,4.16,8.00,13.37,0,0,0,0,0,-1,-1,-1,-1,-1,-5.03,-5.03,-5.03,4.21,18.52,18.52,-8.69,-6.36,-13.74,-5.71,-5.92,0.955212,47,-4.29,7.33,0.83,4.01,5.84,-8.69,1.77,-8.23,9.11,-0.62,0.979902,23
24-09-2025,NYSE:SHEL,Shell PLC American Depositary Shares (each representing two (2) Ordinary Shares),207167,4219567,1.15,72.12,0.81,0.98,-0.73,-2.36,3.72,0.12,15.72,4.71,0,0,0,0,0,-1,-1,-1,-1,-1,-2.45,-2.45,-2.45,3.86,20.7,20.7,-6.76,-6,-17.78,2.01,-14.58,0.955118,47,-2.36,5.93,-3.73,15.62,-13.06,-6.76,0.37,-12.79,20.72,-19.52,0.990534,33
24-09-2025,NASDAQ:CME,CME Group Inc. - Class A Common Stock,95295,1835387,1.51,264.43,0.94,0.77,1.71,-2.63,-3.25,0.90,10.44,19.39,0,0,0,0,0,-1,-1,-1,-1,-1,-7.9,-9.04,-9.04,2.16,4.78,24.05,-7.03,-12.97,-17,-3.27,0.1,0.954929,47,-2.63,-0.60,4.02,9.63,9.99,-7.03,-6.16,-5.04,14.73,3.53,0.962916,12
24-09-2025,NASDAQ:ESTA,Establishment Labs Holdings Inc. - Common Shares,1207,235745,4.82,41.66,-2.18,6.14,8.95,2.40,9.99,0.24,6.53,-1.90,0,0,0,0,HV2Y,-1,-1,-1,-1,-1,-9.65,-9.65,-14.65,23.91,52.54,52.54,-2,0.27,-17.66,-7.18,-21.19,0.954909,47,2.40,7.77,-10.83,6.30,-9.01,-2,2.21,-19.89,11.4,-15.47,1.016568,61
24-09-2025,NYSE:VG,"Venture Global, Inc. Class A common stock",35278,9275023,4.08,14.53,-0.27,3.99,3.85,8.12,-11.22,21.06,NA,NA,0,0,0,0,0,-1,-1,-1,-1,-1,-18.74,-23.57,-39.46,20.38,107.57,107.57,3.72,-20.94,3.16,0,0,0.954831,47,8.12,-21.05,29.02,NA,NA,3.72,-26.61,19.96,0,0,0.875989,1
24-09-2025,NYSE:TXT,Textron Inc. Common Stock,14748,1388257,1.9,82.76,-0.30,0.06,2.10,2.42,4.20,9.81,8.39,-6.22,0,0,0,0,0,-1,-1,-1,-1,-1,-5.1,-5.1,-8.37,7.45,36.3,36.3,-1.98,-5.52,-8.09,-5.32,-25.51,0.954769,47,2.42,1.83,5.85,-1.58,-15.95,-1.98,-3.73,-3.21,3.52,-22.41,1.005831,50
24-09-2025,NASDAQ:CLBT,Cellebrite DI Ltd. - Ordinary Shares,4421,2021014,3.25,18.46,3.42,6.50,7.37,14.25,12.03,-11.65,-15.33,5.74,0,HV2Y,HV2Y,0,0,-1,-1,6,-1,-1,0,-10.43,-29,36.54,36.54,36.54,9.85,2.31,-29.55,-29.04,-13.55,0.95472,47,14.25,-2.59,-26.91,-3.30,18.27,9.85,-8.15,-35.97,1.8,11.81,1.039246,74
24-09-2025,NYSE:MPW,"Medical Properties Trust, Inc. common stock",2981,10145437,3.57,4.87,-1.81,-1.85,5.34,10.06,8.62,-26.69,22.79,-18.28,0,0,0,0,0,-1,-1,-1,-1,-1,-5.07,-21.58,-21.58,22.36,22.36,30.91,5.66,-1.1,-44.59,9.08,-37.57,0.954649,47,10.06,-1.60,-38.65,39.06,-53.19,5.66,-7.16,-47.71,44.16,-59.65,1.053821,80
24-09-2025,NYSE:NBR,Nabors Industries Ltd.,643,486796,5.42,40.84,-0.05,0.81,-3.99,12.39,32.84,-6.61,-34.16,-64.84,0,HVQ,0,0,HV2Y,-1,-1,-1,-1,-1,-3.91,-7.77,-51.6,48.89,66.02,66.02,7.99,23.12,-24.51,-47.87,-84.13,0.954643,47,12.39,23.34,-58.73,-25.84,-22.87,7.99,17.78,-67.79,-20.74,-29.33,1.157312,95
24-09-2025,NASDAQ:BBOT,"BridgeBio Oncology Therapeutics, Inc. - Common Stock",954,389372,11.26,11.38,1.20,5.18,11.69,14.67,NA,NA,NA,NA,0,0,0,0,0,NA,-1,-1,-1,-1,-5.87,-5.87,-5.87,28.73,28.73,28.73,10.27,0,0,0,0,0.954564,47,14.67,NA,NA,NA,NA,10.27,0,0,0,0,1.010475,55
24-09-2025,NASDAQ:ONB,Old National Bancorp - Common Stock,8640,3534567,2.48,22.05,-0.90,0.32,-2.00,-2.31,4.54,2.63,4.49,13.65,0,0,0,0,HV2Y,-1,-1,-1,-1,-1,-6.05,-6.05,-9.82,8.09,22.84,22.91,-6.71,-5.18,-15.27,-9.22,-5.64,0.954515,47,-2.31,6.69,-2.00,1.91,9.59,-6.71,1.13,-11.06,7.01,3.13,0.985245,28
24-09-2025,NASDAQ:INTU,Intuit Inc. - Common Stock,193711,2087802,1.97,694.79,-0.63,4.62,5.55,5.44,-9.08,10.95,8.32,7.17,0,0,0,HV2Y,HV2Y,-1,-1,-1,-1,-1,-13.95,-13.95,-13.95,7.55,27.7,27.7,1.04,-18.8,-6.95,-5.39,-12.12,0.954369,47,5.44,-15.36,18.36,-2.95,-1.26,1.04,-20.92,9.3,2.15,-7.72,0.973634,18
24-09-2025,NASDAQ:VCYT,"Veracyte, Inc. - Common Stock",2571,1018399,3.91,32.68,-4.30,2.60,5.69,9.58,19.06,-3.09,-19.55,-6.58,0,0,0,0,HV2Y,-1,-1,-1,1,-1,-4.3,-4.3,-29.17,41.9,41.9,41.9,5.18,9.34,-20.99,-33.26,-25.87,0.95421,47,9.58,10.49,-27.37,-15.97,10.85,5.18,4.93,-36.43,-10.87,4.39,1.060893,82
24-09-2025,NYSE:BDJ,Blackrock Enhanced Equity Dividend Trust,1596,343843,0.59,9,-0.22,0.22,-1.11,0.11,3.22,3.11,10.00,5.33,0,0,0,0,0,-1,-1,-1,-1,-1,-1.1,-1.1,-1.1,3.45,18.42,18.42,-4.29,-6.5,-14.79,-3.71,-13.96,0.954153,47,0.11,3.11,-0.11,7.11,-5.19,-4.29,-2.45,-9.17,12.21,-11.65,0.991255,34
24-09-2025,NASDAQ:LPLA,LPL Financial Holdings Inc. - Common Stock,26656,998182,2.88,333.18,-2.14,-0.90,-2.61,-8.18,-8.33,-2.81,1.65,35.31,0,0,0,0,0,-1,-1,-1,-1,-1,-16.5,-16.5,-16.5,0.06,17.6,54.59,-12.58,-18.05,-20.71,-12.06,16.02,0.954054,47,-8.18,-0.14,5.10,4.34,34.23,-12.58,-5.7,-3.96,9.44,27.77,0.936784,5
24-09-2025,NASDAQ:EVER,"EverQuote, Inc. - Class A Common Stock",863,481746,3.72,23.63,0.25,-2.71,1.61,1.78,-0.42,-25.73,27.17,5.59,0,0,0,HV2Y,HV2Y,-1,-1,-1,-1,-1,-8.64,-20.46,-20.46,4.51,16.92,40.65,-2.62,-10.14,-43.63,13.46,-13.7,0.954012,47,1.78,-2.24,-25.20,42.07,-29.63,-2.62,-7.8,-34.26,47.17,-36.09,0.998305,42
24-09-2025,NASDAQ:GO,Grocery Outlet Holding Corp. - Common Stock,1526,2654844,3.6,15.55,1.77,-8.23,-12.93,-19.55,16.59,21.48,-6.75,-2.70,0,0,HV2Y,0,0,-1,-1,-1,-1,-1,-16.67,-16.67,-26.82,25.2,27.35,41.49,-23.95,6.87,3.58,-20.46,-21.99,0.95396,47,-19.55,30.23,5.86,-35.95,3.80,-23.95,24.67,-3.2,-30.85,-2.66,1.016817,61
24-09-2025,NASDAQ:EXE,Expand Energy Corporation - Common Stock,24553,3304634,2.6,103.1,2.36,3.32,6.43,8.23,-15.50,-6.51,8.52,23.90,0,0,0,0,0,-1,-1,-1,-1,-1,-13.42,-15.86,-15.86,10.82,10.82,31.77,3.83,-25.22,-24.41,-5.19,4.61,0.953893,47,8.23,-25.85,7.78,14.11,16.82,3.83,-31.41,-1.28,19.21,10.36,0.952274,8
24-09-2025,NASDAQ:ARM,Arm Holdings plc - American Depositary Shares,149308,4623571,3.36,144.3,2.35,-6.29,-6.82,4.52,-9.02,13.87,8.45,3.74,0,0,0,0,0,-1,-1,-1,-1,-1,-12.79,-12.79,-19.8,10.02,68.14,68.14,0.12,-18.74,-4.03,-5.26,-15.55,0.95379,47,4.52,-14.17,21.00,-6.29,-5.15,0.12,-19.73,11.94,-1.19,-11.61,0.975925,19
24-09-2025,NYSE:WOR,"Worthington Enterprises, Inc. Common Shares",2653,283857,2.73,53.29,-11.57,-14.58,-21.30,-25.24,-15.12,21.88,22.65,13.91,0,0,0,0,0,-1,-1,-1,-1,-1,-20.92,-20.92,-20.92,0,28.01,39.5,-29.64,-24.84,3.98,8.94,-5.38,0.953752,47,-25.24,8.08,32.14,0.98,-11.31,-29.64,2.52,23.08,6.08,-17.77,0.927757,4
24-09-2025,NYSE:ARIS,"Aris Water Solutions, Inc. Class A Common Stock",1453,964081,1.27,24.53,1.36,1.67,1.63,2.73,4.24,-35.87,2.53,30.17,0,0,HV2Y,0,HV2Y,-1,-1,-1,9,-1,-0.24,-26.84,-26.84,24.58,24.58,62.99,-1.67,-5.48,-53.77,-11.18,10.88,0.953734,47,2.73,1.55,-41.89,28.26,28.36,-1.67,-4.01,-50.95,33.36,21.9,0.988912,31
24-09-2025,NASDAQ:UPST,"Upstart Holdings, Inc. - Common stock",5832,7122653,5.88,60.61,-2.84,-12.39,-2.99,-14.09,-3.02,9.26,-10.92,34.43,0,0,0,0,HV2Y,-1,-1,-1,-1,-1,-27.96,-27.96,-31.72,0,74.17,74.17,-18.49,-12.74,-8.64,-24.63,15.14,0.953721,46,-14.09,9.70,11.92,-22.24,40.89,-18.49,4.14,2.86,-17.14,34.43,0.94891,7
24-09-2025,NASDAQ:LBTYA,Liberty Global Ltd. - Class A Common Shares,3958,1712816,2.29,11.52,-0.17,-2.26,-0.17,-0.95,15.19,0.00,-8.59,7.75,0,0,0,0,0,-1,-1,-1,-1,-1,-3.6,-3.6,-18.47,18.15,26.87,26.87,-5.35,5.47,-17.9,-22.3,-11.54,0.953709,46,-0.95,15.99,-17.91,-8.59,15.05,-5.35,10.43,-26.97,-3.49,8.59,1.021964,65
24-09-2025,NASDAQ:TSCO,Tractor Supply Company - Common Stock,30393,4421609,1.92,57.35,-2.07,-3.05,-1.92,-7.27,7.93,7.88,7.92,4.14,0,0,0,0,0,-1,-1,-1,-1,-1,-8.46,-8.46,-8.46,10.91,19.83,19.83,-11.67,-1.79,-10.02,-5.79,-15.15,0.953679,46,-7.27,14.17,-0.06,0.05,-4.11,-11.67,8.61,-9.12,5.15,-10.57,0.994544,38
24-09-2025,NASDAQ:PWP,Perella Weinberg Partners - Class A Common Stock,1891,1100329,3.89,21.62,-3.18,-2.50,-1.06,-0.51,9.99,4.90,-5.92,9.25,0,0,0,0,0,-1,-1,-1,-1,-1,-6.57,-6.57,-18.14,13.08,39.94,39.94,-4.91,0.27,-13,-19.63,-10.04,0.953638,46,-0.51,10.45,-5.65,-11.38,14.32,-4.91,4.89,-14.71,-6.28,7.86,1.006424,51
24-09-2025,NASDAQ:VCTR,"Victory Capital Holdings, Inc. - Common Stock",4396,713133,2.47,65.82,-1.20,-2.19,-4.21,-8.22,4.42,5.53,4.91,16.21,0,0,HVY,0,0,-1,-1,-1,-1,-1,-9.43,-9.43,-9.43,4.63,28.35,28.35,-12.62,-5.3,-12.37,-8.8,-3.08,0.953572,46,-8.22,11.68,1.16,-0.66,11.89,-12.62,6.12,-7.9,4.44,5.43,0.976284,20
24-09-2025,NASDAQ:HBNC,"Horizon Bancorp, Inc. - Common Stock",830,323694,2.38,16.2,-0.31,0.43,-1.05,3.33,7.04,4.88,0.12,2.65,0,0,0,0,0,-1,-1,-1,-1,-1,-4.03,-4.03,-13.65,7.93,25.39,25.39,-1.07,-2.68,-13.02,-13.59,-16.64,0.953549,46,3.33,3.83,-2.32,-5.00,2.53,-1.07,-1.73,-11.38,0.1,-3.93,1.007288,52
24-09-2025,NASDAQ:SFD,"Smithfield Foods, Inc. - Common Stock",9466,2037230,2.39,24.08,-0.12,-1.04,-0.33,-6.60,4.24,20.51,NA,NA,0,0,0,0,0,-1,-1,-1,-1,-1,-7.17,-7.17,-7.17,4.42,27.07,29.39,-11,-5.48,2.61,0,0,0.95351,46,-6.60,10.17,17.00,NA,NA,-11,4.61,7.94,0,0,0.885749,1
24-09-2025,NYSE:DLR,"Digital Realty Trust, Inc. Common Stock",59384,1666325,2.04,172,-1.22,0.49,-1.10,3.57,-0.15,11.97,-2.80,7.73,0,0,0,0,0,-1,-1,-1,-1,-1,-4.46,-4.46,-12.11,6.69,26.37,26.37,-0.83,-9.87,-5.93,-16.51,-11.56,0.953392,46,3.57,-3.85,12.09,-16.77,10.24,-0.83,-9.41,3.03,-11.67,3.78,0.990054,33
24-09-2025,NYSE:BIPC,Brookfield Infrastructure Corporation Brookfield Infrastructure Corporation,4850,577620,1.93,40.75,-0.17,0.79,1.52,2.43,-0.44,10.60,10.36,-4.17,0,0,0,0,0,-1,-1,-1,-1,-1,-5.58,-5.58,-9.28,6.04,24.5,24.5,-1.97,-10.16,-7.3,-3.35,-23.46,0.953205,46,2.43,-2.94,10.99,-0.27,-16.21,-1.97,-8.5,1.93,4.83,-22.67,0.994488,38
24-09-2025,NASDAQ:OFIX,Orthofix Medical Inc.  - Common Stock,585,381656,3.34,14.8,0.34,-0.95,3.72,2.03,26.55,-11.55,-16.15,-9.53,0,0,0,0,HV2Y,-1,-1,-1,-1,-1,-4.39,-10.36,-26.07,39.23,43.2,43.2,-2.37,16.83,-29.45,-29.86,-28.82,0.95319,46,2.03,25.03,-51.89,-4.12,5.70,-2.37,19.47,-60.95,0.98,-0.76,1.080717,87
24-09-2025,NASDAQ:AMZN,"Amazon.com, Inc. - Common Stock",2348520,42985068,1.87,220.71,-3.04,-6.04,-7.94,-3.68,3.60,7.91,0.09,13.97,0,0,0,0,0,-1,-1,-1,-1,-1,-7.36,-7.36,-8.82,4.28,31.91,31.91,-8.08,-6.12,-9.99,-13.62,-5.32,0.953158,46,-3.68,7.02,4.47,-8.49,13.90,-8.08,1.46,-4.59,-3.39,7.44,0.982599,25
24-09-2025,NYSE:ONTO,Onto Innovation Inc. Common Stock,6418,1630107,3.7,130.96,-4.22,11.42,19.03,17.29,25.90,-5.96,-27.90,-52.65,0,0,0,0,0,-1,1,-1,-1,-1,-4.22,-5.62,-41.78,45.51,47.98,47.98,12.89,16.18,-23.86,-41.61,-71.94,0.953113,46,17.29,10.41,-42.99,-20.71,-19.35,12.89,4.85,-52.05,-15.61,-25.81,1.12777,93
24-09-2025,NYSE:DNP,"DNP Select Income Fund, Inc. Common Stock",3693,533349,0.72,9.99,0.10,0.60,0.00,1.10,2.20,3.40,11.71,1.30,0,0,0,0,0,-1,-1,-1,-1,-1,-0.1,-0.1,-0.5,3.52,12.37,13.27,-3.3,-7.52,-14.5,-2,-17.99,0.953057,46,1.10,1.11,1.23,8.60,-11.79,-3.3,-4.45,-7.83,13.7,-18.25,0.99361,37
24-09-2025,NYSE:HASI,"HA Sustainable Infrastructure Capital, Inc. Common Stock",3671,968467,1.89,29.63,0.82,5.16,6.38,4.25,10.56,-0.37,10.93,-16.94,0,0,0,0,HV2Y,-1,-1,-1,-1,-1,0,-0.37,-17.1,21.53,30.36,30.36,-0.15,0.84,-18.27,-2.78,-36.23,0.953042,46,4.25,6.59,-12.23,11.26,-31.30,-0.15,1.03,-21.29,16.36,-37.76,1.033359,72
24-09-2025,NYSE:UCB,"United Community Banks, Inc. Common Stock",3817,597299,1.91,31.42,0.06,-0.45,-3.56,-3.95,7.61,8.82,1.18,5.98,0,0,0,0,0,-1,-1,-1,-1,-1,-6.71,-6.71,-9.4,8.23,33.14,33.14,-8.35,-2.11,-9.08,-12.53,-13.31,0.952997,46,-3.95,11.11,1.31,-8.38,4.86,-8.35,5.55,-7.75,-3.28,-1.6,0.997204,41
24-09-2025,NYSE:LOAR,Loar Holdings Inc. Common Stock,7238,905319,2.99,77.31,-1.67,-1.82,-2.63,8.38,-8.41,11.31,4.42,3.69,0,0,0,0,0,-1,-1,-1,-1,-1,-12.13,-22.29,-22.29,14.33,17.19,21.84,3.98,-18.13,-6.59,-9.29,-15.6,0.952991,46,8.38,-18.33,18.18,-7.76,-0.77,3.98,-23.89,9.12,-2.66,-7.23,0.982479,25
24-09-2025,NASDAQ:TBCH,Turtle Beach Corporation - Common Stock,308,219205,3.04,15.55,-1.21,3.28,3.60,0.13,10.68,5.59,-3.92,3.60,0,0,0,0,0,-1,-1,-1,-1,-1,-3.54,-3.54,-19.26,20.45,67.38,67.38,-4.27,0.96,-12.31,-17.63,-15.69,0.952963,46,0.13,10.56,-5.69,-10.08,7.24,-4.27,5,-14.75,-4.98,0.78,1.012423,57
24-09-2025,NYSE:CHWY,"Chewy, Inc. Class A Common Stock",15514,9597527,3.57,37.4,-2.25,-2.14,6.12,-6.26,-13.98,10.13,13.16,20.45,0,0,0,0,HV2Y,-1,-1,-1,-1,-1,-13.88,-22.42,-22.42,9.13,19.83,41.08,-10.66,-23.7,-7.77,-0.55,1.16,0.952894,46,-6.26,-7.27,21.16,3.36,8.41,-10.66,-12.83,12.1,8.46,1.95,0.939297,5
24-09-2025,NYSE:BEP,Brookfield Renewable Partners L.P. Limited Partnership Units,7246,397241,1.95,25.53,1.23,0.63,1.53,1.72,0.59,8.42,11.52,-4.00,0,0,0,0,HV2Y,-1,-1,-1,-1,-1,-7.43,-7.43,-11.63,4.98,26.64,27.46,-2.68,-9.13,-9.48,-2.19,-23.29,0.952681,46,1.72,-1.16,7.88,3.38,-17.53,-2.68,-6.72,-1.18,8.48,-23.99,0.995368,39
24-09-2025,NASDAQ:ECPG,Encore Capital Group Inc - Common Stock,994,340068,2.95,43.19,-4.68,-3.38,0.09,2.34,9.72,17.30,-9.77,-11.09,0,0,0,0,0,-1,-1,-1,1,-1,-6.29,-6.29,-15.73,20.07,59.2,59.2,-2.06,0,-0.6,-23.48,-30.38,0.952679,46,2.34,7.56,8.39,-32.73,-1.20,-2.06,2,-0.67,-27.63,-7.66,1.027449,69
24-09-2025,NASDAQ:HTFL,"Heartflow, Inc. - Common Stock",2876,390647,9.49,34.49,-3.85,7.92,2.93,13.48,NA,NA,NA,NA,0,0,0,0,0,NA,-1,-1,-1,-1,-3.85,-3.85,-3.85,19.97,19.97,19.97,9.08,0,0,0,0,0.952677,46,13.48,NA,NA,NA,NA,9.08,0,0,0,0,1.008477,53
24-09-2025,NYSE:XPO,"XPO, Inc. Common Stock",15322,1076086,3.21,130.11,-2.38,0.29,-0.14,-3.50,4.67,14.67,-11.84,13.53,0,0,0,HV2Y,0,-1,-1,-1,-1,-1,-5.93,-5.93,-17.76,9.53,42.26,42.26,-7.9,-5.05,-3.23,-25.55,-5.76,0.952622,46,-3.50,7.90,10.49,-31.07,22.69,-7.9,2.34,1.43,-25.97,16.23,0.992063,35
24-09-2025,NYSE:LOB,"Live Oak Bancshares, Inc. Common Stock",1637,304252,2.54,35.8,-0.61,-1.68,-2.54,-5.31,18.13,21.90,-7.96,-36.56,0,0,0,0,0,-1,-1,-1,-1,-1,-7.54,-7.54,-28.71,22.14,54.51,54.51,-9.71,8.41,4,-21.67,-55.85,0.952585,46,-5.31,22.25,4.61,-38.23,-26.49,-9.71,16.69,-4.45,-33.13,-32.95,1.059119,82
24-09-2025,NYSE:BURL,"Burlington Stores, Inc. Common Stock",16841,1158542,2.82,267.17,2.76,1.60,-4.67,-4.94,15.38,8.30,-5.22,-1.58,0,0,0,0,HV2Y,-1,-1,-1,-1,-1,-11.34,-11.34,-11.34,18.17,23.82,23.82,-9.34,5.66,-9.6,-18.93,-20.87,0.952451,46,-4.94,19.36,-8.36,-14.75,3.46,-9.34,13.8,-17.42,-9.65,-3,1.023282,66
24-09-2025,NYSE:HOG,"Harley-Davidson, Inc. Common Stock",3510,1755627,3.02,28.88,0.21,-3.15,-3.98,0.10,19.49,11.43,-4.47,-33.59,0,0,HV2Y,0,0,-1,-1,-1,-1,-1,-6.93,-6.93,-26.64,25.84,38.71,38.71,-4.3,9.77,-6.47,-18.18,-52.88,0.952312,46,0.10,19.41,-10.02,-17.94,-27.88,-4.3,13.85,-19.08,-12.84,-34.34,1.064165,83
24-09-2025,NYSE:BILL,"BILL Holdings, Inc. Common Stock",5304,5229393,4.42,52.19,-2.41,0.48,-1.42,21.33,14.16,3.62,-69.46,-3.97,0,HVQ,0,0,0,-1,-1,-1,-1,-1,-2.41,-2.41,-46.42,33.75,38.03,38.03,16.93,4.44,-14.28,-83.17,-23.26,0.95229,46,21.33,-9.11,-12.28,-75.83,38.65,16.93,-14.67,-21.34,-70.73,32.19,1.090707,89
24-09-2025,NYSE:PAG,"Penske Automotive Group, Inc. Common Stock",11486,209880,1.82,173.91,-0.45,-2.24,-5.93,-7.55,-0.26,11.47,9.72,8.87,0,0,0,0,0,-1,-1,-1,-1,-1,-7.65,-7.65,-7.65,5.97,23.89,23.89,-11.95,-9.98,-6.43,-3.99,-10.42,0.952188,46,-7.55,6.77,11.70,-1.97,-0.95,-11.95,1.21,2.64,3.13,-7.41,0.972484,17
24-09-2025,NYSE:CNO,"CNO Financial Group, Inc. Common Stock",3821,876989,1.78,39.42,-0.66,0.99,0.48,1.07,4.97,-7.20,8.63,10.32,0,0,0,0,0,-1,-1,-1,-1,-1,-2.45,-6.96,-6.96,11.07,11.07,15.94,-3.33,-4.75,-25.1,-5.08,-8.97,0.952137,46,1.07,3.95,-12.81,14.77,1.86,-3.33,-1.61,-21.87,19.87,-4.6,0.99394,37
24-09-2025,NYSE:NE,Noble Corporation plc A Ordinary Shares,4647,3945658,3.66,29.26,3.39,-3.38,-3.76,2.32,7.45,17.36,1.40,-22.49,0,0,0,0,HV2Y,-1,-1,-1,-1,-1,-7.41,-7.41,-22.78,13.85,58.94,58.94,-2.08,-2.27,-0.54,-12.31,-41.78,0.952131,46,2.32,5.25,10.71,-19.31,-24.23,-2.08,-0.31,1.65,-14.21,-30.69,1.027528,69
24-09-2025,NYSE:PLNT,"Planet Fitness, Inc. Common Stock",8696,1164931,2.42,103.24,3.87,4.46,1.70,-1.58,-2.17,3.33,3.93,18.31,0,0,0,0,0,-1,-1,-1,-1,-1,-9.08,-9.08,-9.08,4.66,13.98,31.52,-5.98,-11.89,-14.57,-9.78,-0.98,0.95205,46,-1.58,-0.58,5.38,0.62,14.96,-5.98,-6.14,-3.68,5.72,8.5,0.968361,15
24-09-2025,NYSE:SEE,Sealed Air Corporation Common Stock,4889,1472535,2.33,33.24,-0.81,-1.59,1.29,2.89,6.92,11.73,-2.20,-5.57,0,0,0,0,HV2Y,-1,-1,-1,-1,-1,-3.32,-3.32,-10.88,16.75,38.91,38.91,-1.51,-2.8,-6.17,-15.91,-24.86,0.952048,45,2.89,4.15,5.17,-15.78,-3.30,-1.51,-1.41,-3.89,-10.68,-9.76,1.013706,58
24-09-2025,NASDAQ:FYBR,"Frontier Communications Parent, Inc. - Common Stock",9344,3704330,0.42,37.33,0.16,-0.16,-0.05,1.13,2.68,4.23,6.91,4.50,0,0,0,0,HV2Y,-1,-1,-1,5,-1,-0.53,-0.53,-0.53,2.84,5.13,9.31,-3.27,-7.04,-13.67,-6.8,-14.79,0.952006,45,1.13,1.57,1.60,2.80,-2.59,-3.27,-3.99,-7.46,7.9,-9.05,0.992137,35
24-09-2025,NASDAQ:OTTR,Otter Tail Corporation - Common Stock,3457,209591,1.53,82.5,-1.17,-0.28,-0.79,-2.98,5.54,3.52,9.14,3.87,0,0,0,0,0,-1,-1,-1,-1,-1,-4.04,-4.04,-4.04,9.58,10.56,13.9,-7.38,-4.18,-14.38,-4.57,-15.42,0.951965,45,-2.98,8.27,-2.14,5.83,-5.80,-7.38,2.71,-11.2,10.93,-12.26,0.993994,37
24-09-2025,NYSE:KKR,KKR & Co. Inc. Common Stock,122897,3457261,2.88,137.94,-6.32,-4.68,-0.98,-0.56,6.60,11.43,-4.05,3.41,0,0,0,0,HV2Y,-1,-1,-1,-1,-1,-9.35,-9.35,-17.44,7.06,48.66,48.66,-4.96,-3.12,-6.47,-17.76,-15.88,0.951917,45,-0.56,7.12,5.17,-17.47,7.18,-4.96,1.56,-3.89,-12.37,0.72,1.002582,46
24-09-2025,NYSE:OFG,OFG Bancorp Common Stock,1974,245806,1.68,44.35,0.09,1.49,0.54,-0.38,4.28,7.17,7.55,-0.74,0,0,0,0,0,-1,-1,-1,-1,-1,-2.46,-2.46,-5.07,6.3,27.52,27.52,-4.78,-5.44,-10.73,-6.16,-20.03,0.951736,45,-0.38,4.65,3.02,0.41,-8.98,-4.78,-0.91,-6.04,5.51,-15.44,0.997962,42
24-09-2025,NYSE:AXS,Axis Capital Holdings Limited Common Stock,7549,646861,1.82,96.57,1.49,1.71,-0.54,-1.58,-4.06,-2.13,9.28,19.32,0,0,0,0,0,-1,-1,-1,-1,-1,-6.98,-9.69,-9.69,3.47,10.71,23.95,-5.98,-13.78,-20.03,-4.43,0.03,0.951537,45,-1.58,-2.44,1.85,11.17,11.07,-5.98,-8,-7.21,16.27,4.61,0.962969,12
24-09-2025,NASDAQ:MATW,Matthews International Corporation - Class A Common Stock,760,202412,3,24.69,-1.28,-1.26,-0.12,0.97,11.58,6.24,-12.23,5.39,0,0,0,0,0,-1,-1,-1,-1,-1,-4.63,-4.63,-21.72,13.1,31.33,31.33,-3.43,1.86,-11.66,-25.94,-13.9,0.951443,45,0.97,10.72,-6.05,-19.70,15.70,-3.43,5.16,-15.11,-14.6,9.24,1.017258,61
24-09-2025,NASDAQ:AZN,AstraZeneca PLC - American Depositary Shares,235926,3676992,1.26,75.36,-0.80,-3.09,-7.23,-5.71,7.54,3.07,14.49,-4.01,0,0,0,0,0,-1,-1,-1,-1,-1,-8.22,-8.22,-8.22,9.66,16.17,19.24,-10.11,-2.18,-14.83,0.78,-23.3,0.951433,45,-5.71,12.53,-4.84,11.79,-21.63,-10.11,6.97,-13.9,16.89,-28.09,1.002647,46
24-09-2025,NYSE:HP,"Helmerich & Payne, Inc. Common Stock",2208,1837879,4.36,22.2,1.83,6.13,6.04,15.45,30.27,-15.32,-36.49,-46.94,0,0,0,0,0,-1,-1,-1,-1,-1,0,-17.1,-39.69,46.44,46.44,46.44,11.05,20.55,-33.22,-50.2,-66.23,0.951422,45,15.45,17.53,-65.37,-18.36,-7.66,11.05,11.97,-74.43,-13.26,-14.12,1.143639,94
24-09-2025,NASDAQ:JD,"JD.com, Inc. - American Depositary Shares",47553,21500541,3.04,34.83,5.74,-1.18,4.34,8.15,5.43,-19.06,-3.10,18.03,0,0,0,0,HV2Y,-1,-1,-1,-1,-1,-1.55,-18.79,-26.02,14.61,14.61,22,3.75,-4.29,-36.96,-16.81,-1.26,0.951412,45,8.15,-2.97,-25.90,13.41,20.50,3.75,-8.53,-34.96,18.51,14.04,1.002884,47
24-09-2025,NYSE:PBR,Petroleo Brasileiro S.A. Petrobras ADS,81125,20294118,2.03,13.45,2.20,3.94,5.13,9.14,8.77,-6.10,3.72,-7.06,0,0,0,0,0,-1,-1,-1,-1,-1,0,-6.98,-12.26,13.6,21.06,21.06,4.74,-0.95,-24,-9.99,-26.35,0.9513,45,9.14,-0.41,-16.30,9.25,-11.20,4.74,-5.97,-25.36,14.35,-17.66,1.027955,69
24-09-2025,NYSE:AME,"AMETEK, Inc.",42997,1102279,1.57,186.68,-0.94,-0.32,-0.43,-0.14,3.99,4.21,3.17,7.73,0,0,0,0,0,-1,-1,-1,-1,-1,-2.79,-2.79,-5.42,5.8,23.29,23.29,-4.54,-5.73,-13.69,-10.54,-11.56,0.951298,45,-0.14,4.12,0.23,-1.08,4.71,-4.54,-1.44,-8.83,4.02,-1.75,0.991406,34
24-09-2025,NYSE:ACA,"Arcosa, Inc. Common Stock",4606,225426,2.14,95.86,0.22,1.85,0.30,-3.61,8.18,14.62,-5.12,0.62,0,0,0,0,HV2Y,-1,-1,-1,-1,-1,-4.36,-4.36,-14.08,14.58,35.66,35.66,-8.01,-1.54,-3.28,-18.83,-18.67,0.951255,45,-3.61,11.38,7.01,-23.12,5.46,-8.01,5.82,-2.05,-18.02,-1,1.005805,50
24-09-2025,NASDAQ:LIN,Linde plc - Ordinary Shares,222324,1848754,1.4,474.13,-1.21,-1.21,0.30,-0.78,2.94,3.52,11.50,0.47,0,0,0,0,0,-1,-1,-1,-1,-1,-1.96,-1.96,-2.53,3.2,14.71,14.83,-5.18,-6.78,-14.38,-2.21,-18.82,0.951041,45,-0.78,3.69,0.60,8.28,-12.47,-5.18,-1.87,-8.46,13.38,-18.93,0.993559,37
24-09-2025,NYSE:RRC,Range Resources Corporation Common Stock,8773,3180585,2.74,36.83,3.05,3.50,5.40,9.31,-11.49,-8.99,10.02,16.89,0,0,0,0,0,-1,-1,-1,-1,-1,-10.63,-14.8,-14.8,12.32,14.74,23.72,4.91,-21.21,-26.89,-3.69,-2.4,0.95104,45,9.31,-22.93,2.24,17.44,7.63,4.91,-28.49,-6.82,22.54,1.17,0.96647,14
24-09-2025,NYSE:AIZ,"Assurant, Inc. Common Stock",10858,388855,1.72,212.5,0.62,3.32,0.66,-1.61,6.81,1.44,2.29,8.70,0,0,0,0,0,-1,-1,-1,-1,-1,-2.83,-2.83,-7.08,15.14,18.23,18.23,-6.01,-2.91,-16.46,-11.42,-10.59,0.95095,45,-1.61,8.29,-5.77,0.86,6.56,-6.01,2.73,-14.83,5.96,0.1,0.995673,39
24-09-2025,NYSE:MPLX,MPLX LP Common Units Representing Limited Partner Interests,52095,1350224,1.32,51.12,1.97,0.22,2.54,1.55,-1.64,-4.38,9.74,13.54,0,0,0,0,0,-1,-1,-1,-1,-1,-3.02,-5.4,-6.46,3.44,9.51,16.79,-2.85,-11.36,-22.28,-3.97,-5.75,0.950785,45,1.55,-3.24,-2.69,13.53,4.20,-2.85,-8.8,-11.75,18.63,-2.26,0.976651,20
24-09-2025,NYSE:AMTM,"Amentum Holdings, Inc. Common Stock",5497,1662194,2.93,22.56,-1.10,-0.40,-5.10,-10.55,1.20,17.24,9.88,NA,0,0,0,0,0,-1,-1,-1,-1,-1,-14.96,-14.96,-32.46,1.44,37.31,37.31,-14.95,-8.52,-0.66,-3.83,0,0.950748,45,-10.55,10.63,16.24,-8.89,NA,-14.95,5.07,7.18,-3.79,0,0.898354,2
24-09-2025,NYSE:BY,"Byline Bancorp, Inc. Common Stock",1297,247480,2.04,28.27,0.00,-0.28,-1.91,-1.59,8.95,5.77,-2.19,4.56,0,0,0,0,0,-1,-1,-1,-1,-1,-3.97,-3.97,-11.82,10.91,21.59,21.59,-5.99,-0.77,-12.13,-15.9,-14.73,0.950725,45,-1.59,10.38,-3.50,-8.45,6.61,-5.99,4.82,-12.56,-3.35,0.15,1.004857,49
24-09-2025,NYSE:EXPD,"Expeditors International of Washington, Inc. Common Stock",16419,1224600,1.79,120.98,-0.12,-3.28,-0.30,0.52,7.19,2.20,6.81,-1.82,0,0,0,0,0,-1,-1,-1,-1,-1,-3.18,-3.18,-7.93,8.63,17.64,17.64,-3.88,-2.53,-15.7,-6.9,-21.11,0.9507,45,0.52,6.71,-5.38,4.72,-9.26,-3.88,1.15,-14.44,9.82,-15.72,1.006881,51
24-09-2025,NASDAQ:ORKA,"Oruka Therapeutics, Inc. - Common Stock",572,365353,7.74,15.27,-1.86,-6.16,-3.27,4.98,23.84,21.48,-35.95,-63.72,0,0,0,0,HV2Y,18.93,-1,-1,-1,-1,-10.96,-10.96,-49.92,37.82,125.22,125.22,0.58,14.12,3.58,-49.66,-83.01,0.95062,45,4.98,19.85,-3.10,-73.14,-20.42,0.58,14.29,-12.16,-68.04,-26.88,1.115528,92
24-09-2025,NYSE:ZTR,Virtus Total Return Fund Inc.,350,204479,0.97,6.3,0.00,0.95,0.63,-0.79,2.22,6.51,7.62,2.70,0,0,0,0,0,-1,-1,-1,-1,-1,-1.25,-1.25,-1.25,3.62,18.2,18.2,-5.19,-7.5,-11.39,-6.09,-16.59,0.950589,45,-0.79,2.99,4.38,1.19,-5.33,-5.19,-2.57,-4.68,6.29,-11.79,0.990174,33
24-09-2025,NYSE:LMT,Lockheed Martin Corporation Common Stock,113522,1381134,1.51,486.25,-0.09,2.70,4.60,7.92,5.73,9.09,1.36,-17.62,0,0,0,0,0,-1,-1,-1,-1,-1,-0.09,-0.09,-20.91,18.38,18.38,18.38,3.52,-3.99,-8.81,-12.35,-36.91,0.950423,45,7.92,-2.38,3.56,-8.50,-19.23,3.52,-7.94,-5.5,-3.4,-25.69,1.025913,68
24-09-2025,NYSE:ECL,Ecolab Inc. Common Stock,75728,1367558,1.33,267,0.45,0.61,-0.78,-4.25,0.20,5.92,11.79,5.83,0,0,0,0,0,-1,-1,-1,-1,-1,-6.47,-6.47,-6.47,2.93,18.32,18.32,-8.65,-9.52,-11.98,-1.92,-13.46,0.950349,45,-4.25,4.28,5.73,6.24,-6.75,-8.65,-1.28,-3.33,11.34,-13.21,0.979068,22
24-09-2025,NYSE:PATH,"UiPath, Inc. Class A Common Stock",6542,14249319,3.69,12.32,-1.68,4.06,5.76,10.47,-1.22,7.95,-3.41,-1.38,0,0,0,0,0,-1,-1,-1,-1,-1,-7.58,-7.58,-20.52,18.01,25.84,25.84,6.07,-10.94,-9.95,-17.12,-20.67,0.950148,45,10.47,-13.06,9.06,-12.35,1.96,6.07,-18.62,0,-7.25,-4.5,1.003569,47
24-09-2025,NYSE:DIS,Walt Disney Company (The) Common Stock,203940,8409485,1.74,113.43,1.05,-2.35,-2.08,-3.77,-5.28,10.42,1.82,17.35,0,0,0,0,0,-1,-1,-1,-1,-1,-8.53,-8.53,-8.53,1.05,38.8,38.8,-8.17,-15,-7.48,-11.89,-1.94,0.950105,45,-3.77,-1.45,14.91,-9.61,15.82,-8.17,-7.01,5.85,-4.51,9.36,0.962178,11
24-09-2025,NYSE:BRK.B,Berkshire Hathaway Inc. New Common Stock,1071590,4227208,1.21,497.09,0.61,0.96,1.41,2.19,2.19,-6.39,9.61,8.40,0,0,0,0,0,-1,-1,-1,-1,-1,-1.94,-7.91,-7.91,8.27,8.27,12.39,-2.21,-7.53,-24.29,-4.1,-10.89,0.949917,45,2.19,-0.01,-8.77,15.04,-1.33,-2.21,-5.57,-17.83,20.14,-7.79,0.990314,33
24-09-2025,NASDAQ:DH,Definitive Healthcare Corp. - Class A Common Stock,559,312268,4.67,3.92,-6.00,-4.34,-1.53,-1.79,2.04,25.77,-5.61,-14.80,0,0,0,0,0,-1,-1,-1,-1,-1,-8.84,-8.84,-29.37,11.36,60,60,-6.19,-7.68,7.87,-19.32,-34.09,0.94986,45,-1.79,3.76,24.22,-42.27,-8.70,-6.19,-1.8,15.16,-37.17,-15.16,1.011689,56
24-09-2025,NYSE:RNST,Renasant Corporation Common Stock,3520,546866,2.25,37.05,-0.96,-1.86,-4.29,-5.24,3.91,3.62,6.50,9.85,0,0,0,0,0,-1,-1,-1,-1,-1,-6.84,-6.84,-6.84,4.31,33.85,33.85,-9.64,-5.81,-14.28,-7.21,-9.44,0.949836,45,-5.24,8.69,-0.31,3.00,3.58,-9.64,3.13,-9.37,8.1,-2.88,0.98311,25
24-09-2025,NYSE:NUV,"Nuveen Municipal Value Fund, Inc. Common Stock",1868,458506,0.55,8.97,-0.33,0.45,0.89,3.90,4.35,1.78,5.13,-1.00,0,0,0,0,0,-1,-1,-1,-1,-1,-0.33,-0.33,-1.97,6.03,6.41,6.41,-0.5,-5.37,-16.12,-8.58,-20.29,0.949736,44,3.90,0.46,-2.68,3.41,-6.46,-0.5,-5.1,-11.74,8.51,-12.92,1.004017,48
24-09-2025,NASDAQ:COLB,"Columbia Banking System, Inc. - Common Stock",7823,6553016,2.75,26.15,-0.91,1.26,-0.27,-2.87,12.35,2.22,-0.96,1.34,0,0,0,0,0,-1,-1,-1,-1,-1,-4.25,-4.25,-18.31,14.09,26.27,26.27,-7.27,2.63,-15.68,-14.67,-17.95,0.94971,44,-2.87,14.80,-11.56,-3.25,2.27,-7.27,9.24,-20.62,1.85,-4.19,1.014317,59
24-09-2025,NYSE:ALK,"Alaska Air Group, Inc. Common Stock",6100,2976765,3.48,54.14,-1.17,-6.39,-15.05,-9.90,8.46,0.00,-15.33,26.93,0,0,0,0,HV2Y,-1,-1,-1,-1,-1,-15.22,-15.22,-29.32,11.26,32.02,36.86,-14.3,-1.26,-17.9,-29.04,7.64,0.949708,44,-9.90,16.71,-9.24,-15.33,36.64,-14.3,11.15,-18.3,-10.23,30.18,0.983579,26
24-09-2025,NYSE:PLD,"Prologis, Inc. Common Stock",108778,3501357,1.89,112.86,-1.38,-0.91,1.67,1.10,7.16,3.22,10.15,-11.17,0,0,0,HV2Y,0,-1,-1,-1,-1,-1,-2.16,-2.16,-11.11,8.44,25.74,25.74,-3.3,-2.56,-14.68,-3.56,-30.46,0.949694,44,1.10,6.13,-4.25,7.17,-23.74,-3.3,0.57,-13.31,12.27,-30.2,1.0152,59
24-09-2025,NASDAQ:SBRA,"Sabra Health Care REIT, Inc. - Common Stock",4494,2151524,1.76,18.64,-0.53,-0.32,-1.56,-3.27,1.98,7.99,10.25,0.00,0,0,0,0,0,-1,-1,-1,-1,-1,-4.99,-4.99,-5.24,3.79,13.87,17.38,-7.67,-7.74,-9.91,-3.46,-19.29,0.949578,44,-3.27,5.09,6.13,2.45,-11.42,-7.67,-0.47,-2.93,7.55,-17.88,0.988838,31
24-09-2025,NYSE:LUV,Southwest Airlines Company Common Stock,17363,9056809,2.94,33.06,-0.84,2.84,5.90,1.63,5.20,-4.87,0.85,12.16,0,0,0,HV2Y,HV2Y,-1,-1,-1,-1,-1,-12.31,-12.31,-12.31,13.76,37.52,37.52,-2.77,-4.52,-22.77,-12.86,-7.13,0.949428,44,1.63,3.63,-10.63,5.45,11.41,-2.77,-1.93,-19.69,10.55,4.95,0.994061,37
24-09-2025,NASDAQ:AMRK,"A-Mark Precious Metals, Inc. - Common Stock",658,431775,4.37,27.04,-0.22,-2.40,9.58,10.95,20.82,-4.70,-0.04,-60.61,0,0,0,0,HV2Y,-1,-1,-1,-1,-1,-2.35,-4.82,-39.9,31.45,37.05,37.05,6.55,11.1,-22.6,-13.75,-79.9,0.949402,44,10.95,11.09,-32.23,4.45,-60.55,6.55,5.53,-41.29,9.55,-67.01,1.105892,91
24-09-2025,NYSE:HAL,Halliburton Company Common Stock,20838,13109728,3.39,24.44,0.70,8.96,7.53,8.59,17.10,-5.11,-5.44,-20.58,0,0,0,0,0,-1,-1,-1,-1,-1,0,-4.9,-23.6,20.63,26.9,26.9,4.19,7.38,-23.01,-19.15,-39.87,0.949394,44,8.59,9.31,-26.80,-0.31,-14.36,4.19,3.75,-35.86,4.79,-20.82,1.060463,82
24-09-2025,NYSE:AWF,Alliancebernstein Global High Income Fund,978,200970,0.54,11.32,-0.18,-0.27,0.44,0.71,3.09,4.42,6.71,0.97,0,0,0,0,0,-1,-1,-1,-1,-1,-0.79,-0.79,-0.79,4.33,16.34,16.34,-3.69,-6.63,-13.48,-7,-18.32,0.949384,44,0.71,2.40,1.37,2.40,-6.16,-3.69,-3.16,-7.69,7.5,-12.62,0.995337,39
24-09-2025,NASDAQ:NXPI,NXP Semiconductors N.V. - Common Stock,57396,2291621,2.55,227.66,0.90,2.53,3.68,-3.96,5.00,7.17,8.96,-1.85,0,0,0,HV2Y,0,-1,-1,-1,-1,-1,-4.77,-4.77,-10.92,10.97,48.31,48.31,-8.36,-4.72,-10.73,-4.75,-21.14,0.94926,44,-3.96,8.62,2.29,1.92,-11.87,-8.36,3.06,-6.77,7.02,-18.33,0.996172,40
24-09-2025,NYSE:XOM,Exxon Mobil Corporation Common Stock,488398,16259423,1.59,114.56,0.54,-0.64,1.80,2.46,5.40,-1.77,7.90,-0.62,0,0,0,0,0,-1,-1,-1,-1,-1,-0.75,-3.76,-8.62,8.25,14.64,14.64,-1.94,-4.32,-19.67,-5.81,-19.91,0.949253,44,2.46,3.02,-7.59,9.50,-9.25,-1.94,-2.54,-16.65,14.6,-15.71,1.004594,49
24-09-2025,NYSE:CRBG,Corebridge Financial Inc. Common Stock,17662,3439348,2.28,32.8,-1.50,3.57,-1.19,-5.58,-0.82,-1.34,11.31,15.00,0,0,0,0,0,-1,-1,-1,-1,-1,-8.74,-8.74,-8.74,4.59,29.08,29.08,-9.98,-10.54,-19.24,-2.4,-4.29,0.949062,44,-5.58,4.50,-0.51,12.48,4.16,-9.98,-1.06,-9.57,17.58,-2.3,0.968217,15
24-09-2025,NASDAQ:RUM,Rumble Inc. - Class A Common Stock,3273,2443831,3.87,7.53,0.00,0.13,4.38,-0.40,-13.68,-6.64,3.45,30.81,0,0,0,0,0,-1,-1,-1,-1,-1,-24.85,-28.69,-53.72,5.91,8.5,49.11,-4.8,-23.4,-24.54,-10.26,11.52,0.948998,44,-0.40,-13.23,6.19,9.46,28.34,-4.8,-18.79,-2.87,14.56,21.88,0.939266,5
24-09-2025,NASDAQ:HQY,"HealthEquity, Inc. - Common Stock",8121,1278698,2.94,94.26,0.44,2.10,2.92,7.26,-10.30,4.32,-0.53,15.63,0,0,0,0,HV2Y,-1,-1,-1,-1,-1,-10.13,-16.63,-17.68,7.82,22.78,22.78,2.86,-20.02,-13.58,-14.24,-3.66,0.948944,44,7.26,-18.93,13.25,-5.07,16.07,2.86,-24.49,4.19,0.03,9.61,0.968325,15
24-09-2025,AMEX:CLM,"Cornerstone Strategic Investment Fund, Inc. Common Shares",2068,1498386,0.71,8.18,0.00,0.86,0.00,0.61,2.69,6.23,-1.34,8.07,0,0,0,0,0,-1,-1,-1,-1,-1,-1.56,-1.56,-11.18,2.89,22.82,22.82,-3.79,-7.03,-11.67,-15.05,-11.22,0.948924,44,0.61,2.09,3.64,-8.08,9.29,-3.79,-3.47,-5.42,-2.98,2.83,0.990338,33
24-09-2025,NYSE:MLNK,"MeridianLink, Inc. Common Stock",1475,455023,0.34,19.93,-0.10,-0.30,0.15,0.25,19.12,3.16,-5.82,-19.97,0,0,HV2Y,0,0,-1,-1,-1,4,-1,-0.35,-0.35,-19.05,28,28,28,-4.15,9.4,-14.74,-19.53,-39.26,0.948882,44,0.25,18.91,-19.73,-9.27,-13.37,-4.15,13.35,-28.79,-4.17,-19.83,1.053767,80
24-09-2025,NYSE:NLY,Annaly Capital Management Inc. Common Stock,13458,8299119,1.41,20.8,-0.76,-5.29,-6.25,-1.20,7.50,-2.84,9.76,-0.38,0,0,0,0,0,-1,-1,-1,-1,-1,-6.6,-6.6,-6.6,10.52,20.23,20.23,-5.6,-2.22,-20.74,-3.95,-19.67,0.948878,44,-1.20,8.60,-11.17,12.25,-11.24,-5.6,3.04,-20.23,17.35,-17.7,1.005176,49
24-09-2025,NYSE:CMBT,CMB.TECH NV Ordinary Shares,2916,3937841,3.46,10.05,-1.47,5.97,5.67,13.93,7.96,3.08,8.86,-56.52,0,0,0,0,0,-1,-1,-1,-1,-1,-1.47,-1.47,-42.83,27.05,27.86,27.86,9.53,-1.76,-14.82,-4.85,-75.81,0.948722,44,13.93,-6.94,-5.30,5.95,-71.72,9.53,-12.5,-14.36,11.05,-78.18,1.072559,86
24-09-2025,NASDAQ:MNRO,"Monro, Inc.  - Common Stock",551,835288,3.83,18.39,1.27,1.79,8.05,5.22,25.39,12.78,-37.09,-45.24,0,0,HVQ,0,0,-1,-1,-1,2,-1,0,0,-38.25,40.7,50.49,50.49,0.82,15.67,-5.12,-50.8,-64.53,0.948696,44,5.22,21.29,-16.91,-57.17,-5.95,0.82,15.73,-25.97,-52.07,-12.41,1.106641,91
24-09-2025,NYSE:PDI,PIMCO Dynamic Income Fund Common Stock,7499,2434288,0.62,19.74,-0.35,0.46,-1.42,2.03,4.76,-0.56,7.14,0.15,0,0,0,0,0,-1,-1,-1,10,-1,-1.64,-1.64,-5.32,5,15.98,15.98,-2.37,-4.96,-18.46,-6.57,-19.14,0.948674,44,2.03,2.79,-5.59,7.66,-7.53,-2.37,-2.77,-14.65,12.76,-13.99,1.00174,46
24-09-2025,NYSE:MSI,"Motorola Solutions, Inc. Common Stock",75826,914944,1.62,455.13,-3.31,-4.99,-5.84,-1.22,7.94,5.70,-1.91,2.76,0,0,0,0,0,-1,-1,-1,-1,-1,-7.17,-7.17,-9.8,11.35,15.3,15.3,-5.62,-1.78,-12.2,-15.62,-16.53,0.94854,44,-1.22,9.05,-2.43,-8.07,4.58,-5.62,3.49,-11.49,-2.97,-1.88,1.00407,48
24-09-2025,NYSE:APO,"Apollo Global Management, Inc. (New) Common Stock",78920,3487310,2.57,144.89,0.65,3.34,7.23,7.38,3.44,-2.42,-15.56,16.06,0,0,0,0,0,-1,-1,-1,-1,-1,-7.15,-7.15,-18.88,10.14,33.32,33.32,2.98,-6.28,-20.32,-29.27,-3.23,0.948401,44,7.38,-4.25,-6.07,-12.83,27.37,2.98,-9.81,-15.13,-7.73,20.91,0.999515,44
24-09-2025,NYSE:IRM,Iron Mountain Incorporated (Delaware)Common Stock REIT,30743,1595112,2.51,101.23,-2.75,1.73,3.75,9.33,-1.43,13.20,-0.39,-13.96,0,0,0,0,0,-1,5,-1,-1,-1,-3.09,-3.82,-21,13.16,31.59,31.59,4.93,-11.15,-4.7,-14.1,-33.25,0.948372,44,9.33,-11.86,14.42,-15.65,-13.52,4.93,-17.42,5.36,-10.55,-19.98,1.01127,56
24-09-2025,NYSE:MGY,Magnolia Oil & Gas Corporation Class A Common Stock,4744,2413455,2.88,24.86,1.59,0.72,2.29,1.97,7.96,-1.97,6.92,-4.59,0,0,0,0,0,-1,-1,-1,-1,-1,-1.51,-3.34,-13.65,10.59,26.84,26.84,-2.43,-1.76,-19.87,-6.79,-23.88,0.948356,44,1.97,6.11,-10.80,8.72,-12.36,-2.43,0.55,-19.86,13.82,-18.82,1.013363,58
24-09-2025,NASDAQ:LI,Li Auto Inc. - American Depositary Shares,25051,5975068,3.12,25.43,1.60,-4.95,5.78,5.62,-10.54,-2.40,8.18,15.30,0,0,0,0,0,-1,-1,-1,-1,-1,-20.03,-20.03,-22.74,12.52,28.5,28.5,1.22,-20.26,-20.3,-5.53,-3.99,0.948323,44,5.62,-17.13,7.36,10.33,7.75,1.22,-22.69,-1.7,15.43,1.29,0.963721,12
24-09-2025,NASDAQ:EXAS,Exact Sciences Corporation - Common Stock,10057,2791518,3.06,53.12,1.35,1.39,-3.11,14.04,2.26,14.02,-5.63,-31.95,0,0,0,0,0,-1,-1,-1,-1,-1,-5.14,-8.54,-26.15,29.85,31.78,31.78,9.64,-7.46,-3.88,-19.34,-51.24,0.948271,44,14.04,-13.71,12.04,-22.86,-24.92,9.64,-19.27,2.98,-17.76,-31.38,1.04012,75
24-09-2025,NYSE:HIW,"Highwoods Properties, Inc. Common Stock",3429,1194511,1.83,31.32,-1.29,-1.56,-1.56,3.99,1.47,6.61,6.23,-6.16,0,0,0,0,0,-1,-1,-1,-1,-1,-3.3,-3.3,-13.89,10.59,23.75,23.75,-0.41,-8.25,-11.29,-7.48,-25.45,0.948219,44,3.99,-2.63,5.22,-0.41,-13.21,-0.41,-8.19,-3.84,4.69,-19.67,1.001832,46
24-09-2025,NYSE:TDOC,"Teladoc Health, Inc. Common Stock",1484,4606025,3.88,8.4,0.36,5.95,10.83,8.69,9.88,-2.86,-6.79,-4.17,0,0,0,2,HV2Y,-1,-1,-1,-1,-1,-5.08,-5.08,-41.38,23.89,29.03,29.03,4.29,0.16,-20.76,-20.5,-23.46,0.948129,44,8.69,1.30,-14.13,-3.82,2.45,4.29,-4.26,-23.19,1.28,-4.01,1.028255,69
24-09-2025,NASDAQ:ATXS,"Astria Therapeutics, Inc. - Common Stock",410,415864,7.22,7.27,-2.42,-1.65,-3.03,11.69,22.28,14.03,-29.99,-74.00,0,0,0,0,0,-1,-1,-1,-1,-1,-7.27,-7.27,-42.53,35.63,93.87,93.87,7.29,12.56,-3.87,-43.7,-93.29,0.948107,44,11.69,11.99,-10.62,-51.20,-33.86,7.29,6.43,-19.68,-46.1,-40.32,1.119665,92
24-09-2025,NYSE:INGM,Ingram Micro Holding Corporation Common Stock,4819,241740,2.28,20.52,-2.43,-1.36,-0.63,4.48,1.12,4.34,3.56,NA,0,0,0,0,0,-1,-1,-1,-1,-1,-6.04,-6.04,-16.82,9.38,40.45,40.45,0.08,-8.6,-13.56,-10.15,0,0.948005,44,4.48,-3.52,3.25,-0.82,NA,0.08,-9.08,-5.81,4.28,0,0.920114,3
24-09-2025,NYSE:BLND,"Blend Labs, Inc. Class A Common Stock",978,3446353,6.51,3.77,-4.07,-12.73,-9.55,5.04,14.85,2.92,-17.51,-5.04,0,0,0,0,HV2Y,-1,-1,-1,-1,-1,-13.73,-13.73,-29.53,38.1,38.1,38.1,0.64,5.13,-14.98,-31.22,-24.33,0.947965,43,5.04,10.34,-14.02,-21.04,10.61,0.64,4.78,-23.08,-15.94,4.15,1.039815,75
24-09-2025,NASDAQ:HTBK,Heritage Commerce Corp - Common Stock,620,339299,1.82,10.09,0.20,0.00,-1.68,-0.10,4.66,4.66,4.86,-0.40,0,0,0,0,0,-1,-1,-1,-1,-1,-5.61,-5.61,-8.02,9.08,22.3,22.3,-4.5,-5.06,-13.24,-8.85,-19.69,0.947958,43,-0.10,4.75,0.00,0.21,-5.52,-4.5,-0.81,-9.06,5.31,-11.98,0.999043,43
24-09-2025,NYSE:TU,Telus Corporation Ordinary Shares,24253,3567244,1.24,15.8,-0.19,-1.71,-0.19,-4.43,-0.82,11.90,12.97,-5.95,0,0,0,0,0,-1,-1,-1,-1,-1,-4.99,-4.99,-5.84,1.28,14.33,17.47,-8.83,-10.54,-6,-0.74,-25.24,0.947864,43,-4.43,3.45,12.62,1.22,-21.75,-8.83,-2.11,3.56,6.32,-28.21,0.987108,29
24-09-2025,NASDAQ:SCSC,"ScanSource, Inc. - Common Stock",975,277035,2.85,44.54,0.56,1.35,2.78,0.46,6.24,18.55,-11.25,-8.19,0,0,0,0,0,-1,-1,-1,-1,-1,-1.89,-1.89,-16.14,17.89,50.32,50.32,-3.94,-3.48,0.65,-24.96,-27.48,0.947831,43,0.46,5.81,13.12,-36.58,2.74,-3.94,0.25,4.06,-31.48,-3.72,1.016276,60
24-09-2025,NYSE:FAF,First American Corporation (New) Common Stock,6643,754748,2.02,65.26,-0.12,-2.41,-1.46,-1.70,8.34,-0.67,5.68,0.41,0,0,0,0,0,-1,-1,-1,-1,-1,-4.21,-4.21,-7.6,19.24,20.61,20.61,-6.1,-1.38,-18.57,-8.03,-18.88,0.947816,43,-1.70,9.87,-9.83,6.32,-5.59,-6.1,4.31,-18.89,11.42,-12.05,1.005572,50
24-09-2025,NASDAQ:GSRT,GSR III Acquisition Corp. - Ordinary Shares,305,1171743,1.04,10.83,0.84,4.34,4.34,4.25,1.20,7.57,NA,NA,0,0,0,0,0,-1,-1,-1,-1,-1,-2.96,-4.07,-4.07,4.84,8.3,9.84,-0.15,-8.52,-10.33,0,0,0.947774,43,4.25,-3.18,6.45,NA,NA,-0.15,-8.74,-2.61,0,0,0.904058,2
24-09-2025,NYSE:GGB,Gerdau S.A. Common Stock,6129,12434471,2.33,3.11,-1.58,-0.96,0.32,2.25,8.68,3.22,0.00,-4.82,0,0,0,0,0,-1,-1,-1,-1,-1,-2.81,-2.81,-13.85,9.51,35.22,35.22,-2.15,-1.04,-14.68,-13.71,-24.11,0.947761,43,2.25,6.58,-5.99,-3.32,-4.82,-2.15,1.02,-15.05,1.78,-11.28,1.015446,60
24-09-2025,NYSE:ESI,Element Solutions Inc. Common Stock,6123,2129054,2.33,25.34,-1.90,-3.99,-1.89,-1.30,10.66,1.70,0.08,-1.07,0,0,0,0,HV2Y,-1,-1,-1,-1,-1,-6.11,-6.11,-13.6,11.93,44.8,44.8,-5.7,0.94,-16.2,-13.63,-20.36,0.94764,43,-1.30,11.80,-10.03,-1.65,-1.15,-5.7,6.24,-19.09,3.45,-7.61,1.013318,58
24-09-2025,NYSE:CMS,CMS Energy Corporation Common Stock,21450,1975891,1.23,71.66,0.24,1.79,0.61,-0.78,4.31,-0.53,8.23,2.54,0,0,0,0,0,-1,-1,-1,-1,-1,-4.03,-5.1,-5.1,4.51,4.51,10.26,-5.18,-5.41,-18.43,-5.48,-16.75,0.947564,43,-0.78,5.05,-5.06,8.72,-6.20,-5.18,-0.51,-14.12,13.82,-12.66,0.995259,39
24-09-2025,NASDAQ:DKNG,DraftKings Inc. - Class A Common Stock,21323,8236631,2.89,42.95,-0.74,0.72,-6.29,-9.22,0.49,9.31,8.27,8.54,0,0,0,HV2Y,HV2Y,-1,-1,-1,-1,-1,-10.95,-10.95,-19.7,5.84,35.62,35.62,-13.62,-9.23,-8.59,-5.44,-10.75,0.9475,43,-9.22,8.89,8.87,-1.16,0.30,-13.62,3.33,-0.19,3.94,-6.16,0.972476,17
24-09-2025,NASDAQ:GCMG,GCM Grosvenor Inc. - Class A Common Stock,2436,604694,1.8,12.5,-2.95,-3.04,-2.40,-3.52,7.92,-6.88,5.04,10.08,0,0,0,0,0,-1,-1,-1,-1,-1,-4.73,-6.99,-13.25,9.65,9.65,12.61,-7.92,-1.8,-24.78,-8.67,-9.21,0.947483,43,-3.52,11.05,-16.07,11.15,5.31,-7.92,5.49,-25.13,16.25,-1.15,0.995961,40
24-09-2025,NYSE:KVYO,"Klaviyo, Inc. Series A Common Stock",10577,2210957,3.46,35.26,0.71,4.57,11.60,10.47,7.09,2.61,-21.33,3.46,0,0,0,0,0,-1,-1,-1,-1,-1,-1.84,-5.97,-28.32,18.64,44.21,44.21,6.07,-2.63,-15.29,-35.04,-15.83,0.947371,43,10.47,-3.77,-4.82,-24.58,20.43,6.07,-9.33,-13.88,-19.48,13.97,1.023388,66
24-09-2025,NYSE:SKT,Tanger Inc. Common Stock,3789,915470,1.69,33.16,-0.96,-2.41,-2.93,-0.18,9.59,0.90,-3.59,3.77,0,0,0,0,0,-1,-1,-1,-1,-1,-4.66,-4.66,-10.62,12.33,15.1,15.1,-4.58,-0.13,-17,-17.3,-15.52,0.947313,43,-0.18,9.75,-9.61,-4.53,7.10,-4.58,4.19,-18.67,0.57,0.64,1.009071,54
24-09-2025,NYSE:MWA,MUELLER WATER PRODUCTS Common Stock,3896,1228357,2.51,24.93,-1.54,-1.52,1.04,-7.82,5.01,-6.70,8.26,15.52,0,0,0,0,HV2Y,-1,-1,-1,-1,-1,-8.98,-8.98,-11.72,5.28,9.25,18.38,-12.22,-4.71,-24.6,-5.45,-3.77,0.947277,43,-7.82,11.90,-12.33,14.02,7.91,-12.22,6.34,-21.39,19.12,1.45,0.979429,22
24-09-2025,NASDAQ:SKYW,"SkyWest, Inc. - Common Stock",4155,390326,2.9,102.91,-0.18,-0.70,-5.08,-17.95,3.71,8.50,0.52,20.43,0,0,0,0,0,-1,-1,-1,-1,-1,-16.82,-16.82,-16.82,3.86,29.59,29.59,-22.35,-6.01,-9.4,-13.19,1.14,0.947215,43,-17.95,18.36,4.98,-8.73,20.01,-22.35,12.8,-4.08,-3.63,13.55,0.963561,12
24-09-2025,NYSE:NUE,Nucor Corporation Common Stock,31309,1753890,2.43,136.4,0.84,-4.69,-4.02,-9.64,6.00,6.48,15.12,-7.27,0,0,0,0,HV2Y,-1,-1,-1,-1,-1,-9.27,-9.27,-18.68,6.39,32.14,32.14,-14.04,-3.72,-11.42,1.41,-26.56,0.947147,43,-9.64,14.27,0.51,9.23,-26.37,-14.04,8.71,-8.55,14.33,-32.83,0.997366,41
24-09-2025,NASDAQ:TFSL,TFS Financial Corporation - Common Stock,3742,456986,1.75,13.33,-0.37,1.20,-0.53,-4.20,3.38,7.73,5.63,2.10,0,0,0,0,HV2Y,-1,-1,-1,-1,-1,-6.32,-6.32,-8.26,5.71,14.72,14.72,-8.6,-6.34,-10.17,-8.08,-17.19,0.947072,43,-4.20,7.27,4.50,-2.28,-3.74,-8.6,1.71,-4.56,2.82,-10.2,0.989388,32
24-09-2025,NYSE:LAD,"Lithia Motors, Inc. Common Stock",8599,280992,2.39,335.42,0.36,0.69,-0.49,3.56,1.21,4.78,-7.41,10.65,0,0,0,0,HV2Y,-1,-1,-1,-1,-1,-5.94,-5.94,-14.93,17.91,23.34,23.34,-0.84,-8.51,-13.12,-21.12,-8.64,0.947026,43,3.56,-2.44,3.62,-12.81,16.82,-0.84,-8,-5.44,-7.71,10.36,0.990758,34
24-09-2025,NYSE:BKH,Black Hills Corporation Common Stock,4358,497174,1.33,60.04,0.91,2.58,2.20,-0.35,7.30,2.03,3.31,-1.07,0,0,0,0,0,-1,-1,-1,-1,-1,-2.56,-2.77,-7.15,7.87,7.87,7.87,-4.75,-2.42,-15.87,-10.4,-20.36,0.947019,43,-0.35,7.62,-5.68,1.31,-4.53,-4.75,2.06,-14.74,6.41,-10.99,1.00565,50
24-09-2025,NYSE:CDP,COPT Defense Properties Common Shares of Beneficial Interest,6710,1125038,1.8,29.45,-0.98,-3.40,-3.63,2.44,5.60,8.08,-4.11,-1.87,0,0,0,0,0,-1,-1,-1,-1,-1,-4.75,-4.75,-10.89,7.95,19.18,19.18,-1.96,-4.12,-9.82,-17.82,-21.16,0.947012,43,2.44,3.24,2.63,-13.26,2.15,-1.96,-2.32,-6.43,-8.16,-4.31,1.007255,52
24-09-2025,NASDAQ:TMUS,"T-Mobile US, Inc. - Common Stock",268300,4050033,1.84,238.4,-0.46,-0.44,-0.83,-5.60,3.15,-8.54,8.56,16.34,0,0,0,0,0,-1,-1,-1,-1,-1,-7.96,-11.22,-12.62,5.48,7.88,19.53,-10,-6.57,-26.44,-5.15,-2.95,0.946991,43,-5.60,8.28,-12.06,15.75,8.51,-10,2.72,-21.12,20.85,2.05,0.977164,21
24-09-2025,NYSE:PEB,Pebblebrook Hotel Trust Common Shares of Beneficial Interest,1364,3233461,3.14,11.41,-0.78,-3.42,-0.44,7.01,16.83,8.24,-19.11,-25.42,0,0,0,0,0,-1,-1,-1,-1,-1,-6.55,-6.55,-23.63,21.51,47.99,47.99,2.61,7.11,-9.66,-32.82,-44.71,0.946936,43,7.01,10.56,-10.33,-29.80,-5.30,2.61,5,-19.39,-24.7,-11.76,1.06221,83
24-09-2025,NYSE:V,Visa Inc.,652501,5775150,1.51,338.68,-0.01,-2.22,0.17,-2.99,-1.94,-1.75,7.03,15.92,0,0,0,0,0,-1,-1,-1,-1,-1,-5.62,-9.28,-9.28,1.98,9.86,25.61,-7.39,-11.66,-19.65,-6.68,-3.37,0.946892,43,-2.99,1.02,0.19,8.63,9.56,-7.39,-4.54,-8.87,13.73,3.1,0.968533,15
24-09-2025,NYSE:VLTO,Veralto Corp Common Stock,26213,1272049,1.51,105.63,0.23,-1.05,-0.36,-1.44,5.17,7.46,4.07,-3.64,0,0,0,0,0,-1,-1,-1,-1,-1,-3.75,-3.75,-7.02,5.45,23.8,23.8,-5.84,-4.55,-10.44,-9.64,-22.93,0.946787,43,-1.44,6.51,2.42,-3.66,-8.03,-5.84,0.95,-6.64,1.44,-14.49,1.001233,45
24-09-2025,NYSE:PBR.A,Petroleo Brasileiro S.A. Petrobras American Depositary Shares representing Preferred Shares,81125,6683294,1.71,12.26,1.07,2.61,4.49,7.59,8.24,-6.20,1.55,-6.61,0,0,0,0,0,-1,-1,-1,-1,-1,0,-6.84,-12.37,12.37,18.23,18.23,3.19,-1.48,-24.1,-12.16,-25.9,0.94672,43,7.59,0.71,-15.73,7.30,-8.29,3.19,-4.85,-24.79,12.4,-14.75,1.023908,66
24-09-2025,NYSE:APAM,Artisan Partners Asset Management Inc. Class A Common Stock,3570,422879,1.9,44.96,-1.08,-0.11,-3.40,-3.91,2.76,7.67,4.00,4.25,0,0,0,0,0,-1,-1,-1,-1,-1,-6.99,-6.99,-8.56,2.84,32.82,32.82,-8.31,-6.96,-10.23,-9.71,-15.04,0.946703,43,-3.91,6.42,5.05,-3.97,0.25,-8.31,0.86,-4.01,1.13,-6.21,0.986934,29
24-09-2025,NASDAQ:TOWN,Towne Bank - Common Stock,2897,355066,1.79,35.74,0.45,1.68,-0.62,-2.77,5.40,1.99,4.45,4.34,0,0,0,0,0,-1,-1,-1,-1,-1,-5.05,-5.05,-5.05,5.71,17.57,17.57,-7.17,-4.32,-15.91,-9.26,-14.95,0.946636,43,-2.77,7.95,-3.61,2.51,-0.12,-7.17,2.39,-12.67,7.61,-6.58,0.99397,37
24-09-2025,NASDAQ:OSBC,"Old Second Bancorp, Inc. - Common Stock",932,317702,1.96,17.7,-0.90,-1.19,-3.33,-2.66,2.54,4.46,2.37,8.19,0,0,0,0,HV2Y,-1,-1,-1,-1,-1,-7.23,-7.23,-8.76,6.88,22.49,22.49,-7.06,-7.18,-13.44,-11.34,-11.1,0.946562,43,-2.66,5.06,1.97,-2.19,5.96,-7.06,-0.5,-7.09,2.91,-0.5,0.985001,28
24-09-2025,NYSE:SJM,The J.M. Smucker Company Common Stock,11770,2668539,2.58,110.32,2.14,4.65,0.26,-1.11,13.23,-0.93,1.22,-7.63,0,0,0,0,0,-1,-1,-1,-1,-1,-2.54,-6.92,-9.37,15.36,16.85,16.85,-5.51,3.51,-18.83,-12.49,-26.92,0.94629,43,-1.11,14.19,-16.33,2.14,-8.97,-5.51,8.63,-25.39,7.24,-15.43,1.02564,67
24-09-2025,NYSE:AQN,Algonquin Power & Utilities Corp. Common Shares,4155,3772047,1.31,5.44,0.00,-1.29,-3.12,-6.99,-5.51,5.33,20.59,-0.37,0,0,HV2Y,HV2Y,0,-1,-1,-1,-1,-1,-10.97,-12.54,-12.54,0,19.3,27.4,-11.39,-15.23,-12.57,6.88,-19.66,0.946289,42,-6.99,1.37,10.28,16.12,-26.39,-11.39,-4.19,1.22,21.22,-32.85,0.971403,16
24-09-2025,NYSE:BFLY,"Butterfly Network, Inc. Class A Common Stock",521,4702690,8,2.07,1.47,21.26,27.54,25.12,4.83,-31.40,-43.48,13.53,0,0,0,0,HV2Y,-1,-1,-1,-1,-1,-4.61,-23.9,-57.05,55.64,55.64,55.64,20.72,-4.89,-49.3,-57.19,-5.76,0.946237,42,25.12,-27.10,-38.07,-9.19,39.73,20.72,-32.66,-47.13,-4.09,33.27,1.048399,78
24-09-2025,NYSE:PAYC,"Paycom Software, Inc. Common Stock",12584,642917,2.18,217.42,-1.02,1.24,-1.59,-6.14,-2.47,-2.77,4.80,21.70,0,0,0,0,0,-1,-1,-1,-1,-1,-8.95,-18.17,-18.17,1.92,12.61,35.94,-10.54,-12.19,-20.67,-8.91,2.41,0.946237,42,-6.14,3.46,-0.29,7.36,17.75,-10.54,-2.1,-9.35,12.46,11.29,0.959778,10
24-09-2025,NYSE:PRKS,United Parks & Resorts Inc. Common Stock,2817,1233451,2.97,51.2,-1.42,1.19,1.74,-2.97,11.70,5.39,-4.73,-1.91,0,0,0,0,0,-1,-1,-1,-1,-1,-5.93,-5.93,-15.08,13.25,32.95,32.95,-7.37,1.98,-12.51,-18.44,-21.2,0.946235,42,-2.97,14.25,-7.14,-10.69,2.69,-7.37,8.69,-16.2,-5.59,-3.77,1.015474,60
24-09-2025,NYSE:AOS,A.O. Smith Corporation Common Stock,10084,1097384,1.85,72.17,-0.12,-2.00,0.24,-2.00,10.02,8.04,4.52,-16.79,0,0,0,0,0,-1,-1,-1,-1,-1,-2.87,-2.87,-20.33,11.6,21.03,21.03,-6.4,0.3,-9.86,-9.19,-36.08,0.94613,42,-2.00,11.78,-2.20,-3.83,-22.32,-6.4,6.22,-11.26,1.27,-28.78,1.022333,65
24-09-2025,NASDAQ:EMPD,Empery Digital Inc. - Common stock,369,953938,5.67,7.94,2.72,4.53,10.71,9.07,NA,NA,NA,NA,0,0,0,0,0,NA,-1,-1,-1,-1,-40.75,-40.75,-40.75,15.74,15.74,15.74,4.67,0,0,0,0,0.946123,42,9.07,NA,NA,NA,NA,4.67,0,0,0,0,1.001539,45
24-09-2025,NYSE:TAK,Takeda Pharmaceutical Company Limited American Depositary Shares (each representing 1/2 of a share of Common Stock),47846,2888105,1.01,14.96,-0.66,-0.87,-2.21,-0.74,-0.07,-0.53,13.03,1.07,0,0,0,0,0,-1,-1,-1,-1,-1,-3.61,-3.61,-3.61,10,10,16.06,-5.14,-9.79,-18.43,-0.68,-18.22,0.946122,42,-0.74,0.66,-0.47,13.50,-13.76,-5.14,-4.9,-9.53,18.6,-20.22,0.987153,29
24-09-2025,NYSE:ABEV,Ambev S.A. American Depositary Shares (Each representing 1 Common Share),37088,42090108,2.03,2.32,2.20,-1.72,4.31,3.88,-3.45,0.86,12.93,-3.02,0,0,0,0,0,-1,-1,-1,-1,-1,-6.83,-9.02,-9.38,7.91,7.91,31.07,-0.52,-13.17,-17.04,-0.78,-22.31,0.946097,42,3.88,-7.62,4.17,12.17,-18.32,-0.52,-13.18,-4.89,17.27,-24.78,0.989523,32
24-09-2025,NASDAQ:SWKS,"Skyworks Solutions, Inc. - Common Stock",11972,2809890,2.97,80.66,-0.74,7.65,8.75,4.84,7.92,15.42,-9.42,-21.20,0,0,0,0,0,-1,-1,-1,-1,-1,-2.78,-2.78,-19.4,19.46,63.94,63.94,0.44,-1.8,-2.48,-23.13,-40.49,0.94607,42,4.84,3.24,8.15,-29.38,-10.76,0.44,-2.32,-0.91,-24.28,-17.22,1.032491,71
24-09-2025,NASDAQ:MRVL,"Marvell Technology, Inc. - Common Stock",69046,28941783,3.86,80.09,7.33,11.37,16.22,8.91,5.19,10.51,-36.23,7.77,0,0,0,0,HV2Y,-1,-1,-1,-1,-1,-2.02,-2.02,-36.47,28.53,62.19,62.19,4.51,-4.53,-7.39,-49.94,-11.52,0.946067,42,8.91,-4.08,5.61,-52.24,32.30,4.51,-9.64,-3.45,-47.14,25.84,1.024483,67
24-09-2025,NYSE:PAY,"Paymentus Holdings, Inc. Class A Common Stock",3967,969140,3.76,31.67,-2.16,-10.93,-11.05,-19.36,-6.57,10.55,-4.04,30.79,0,0,0,0,HV2Y,-1,-1,-1,-1,-1,-18.65,-20.51,-20.51,13.88,31.25,59.79,-23.76,-16.29,-7.35,-17.75,11.5,0.945971,42,-19.36,10.71,16.06,-16.31,33.47,-23.76,5.15,7,-11.21,27.01,0.936915,5
24-09-2025,NYSE:PEN,"Penumbra, Inc. Common Stock",9892,495880,2.85,253.65,-0.19,-1.04,-7.23,-4.15,0.17,-11.74,3.99,23.12,0,0,0,0,0,-1,-1,-1,-1,-1,-11.65,-15.39,-16.5,11.67,11.67,35.72,-8.55,-9.55,-29.64,-9.72,3.83,0.945914,42,-4.15,4.15,-11.93,14.08,19.92,-8.55,-1.41,-20.99,19.18,13.46,0.96785,14
24-09-2025,NYSE:LTC,"LTC Properties, Inc. Common Stock",1633,345600,1.29,36.08,1.78,1.50,-1.30,0.28,4.13,3.46,3.52,0.22,0,0,0,0,0,-1,-1,-1,-1,-1,-1.96,-1.96,-8.52,5.99,9.9,9.9,-4.12,-5.59,-14.44,-10.19,-19.07,0.945904,42,0.28,3.86,-0.69,0.06,-3.42,-4.12,-1.7,-9.75,5.16,-9.88,0.997965,42
24-09-2025,NASDAQ:MCHP,Microchip Technology Incorporated - Common Stock,35538,7765028,3.07,65.85,1.76,0.11,1.69,-4.10,-8.73,20.49,14.97,-16.95,0,0,0,HV2Y,0,-1,-1,-1,-1,-1,-12.5,-12.5,-18.29,8.04,86.33,86.33,-8.5,-18.45,2.59,1.26,-36.24,0.945802,42,-4.10,-4.45,26.87,-6.93,-37.54,-8.5,-10.01,17.81,-1.83,-44,0.985003,28
24-09-2025,NYSE:VGM,Invesco Trust for Investment Grade Municipals Common Stock (DE),547,216107,0.7,10.04,-0.40,-0.10,0.50,4.68,5.48,0.20,2.19,-4.78,0,0,0,0,0,-1,-1,-1,-1,-1,-0.4,-0.79,-5.28,6.92,6.92,6.92,0.28,-4.24,-17.7,-11.52,-24.07,0.945779,42,4.68,0.84,-5.58,2.00,-7.13,0.28,-4.72,-14.64,7.1,-13.59,1.010842,55
24-09-2025,NYSE:AES,The AES Corporation Common Stock,9513,9513819,2.7,13.14,0.08,3.35,3.20,-2.66,20.32,1.98,4.87,-43.84,0,0,0,HV2Y,HV2Y,-1,-1,-1,-1,-1,-5.74,-5.74,-35.08,25.5,36.45,36.45,-7.06,10.6,-15.92,-8.84,-63.13,0.94571,42,-2.66,22.39,-23.02,2.95,-51.20,-7.06,16.83,-32.08,8.05,-57.66,1.072888,86
24-09-2025,NYSE:WST,"West Pharmaceutical Services, Inc. Common Stock",18692,632174,2.36,259.94,3.64,1.27,1.82,4.90,14.97,13.13,-25.80,-18.55,0,0,0,0,0,-1,-1,-1,-1,-1,-6.86,-6.86,-25.28,23.73,36.53,36.53,0.5,5.25,-4.77,-39.51,-37.84,0.945686,42,4.90,10.59,-2.16,-44.82,5.77,0.5,5.03,-11.22,-39.72,-0.69,1.053739,80
24-09-2025,NYSE:DEC,Diversified Energy Company plc Ordinary Shares,1116,540219,2.32,14.48,0.98,3.04,-8.70,-12.22,-2.07,9.12,-2.00,21.89,0,0,0,0,0,-1,-1,-1,-1,-1,-12.82,-12.82,-17.3,3.65,36.22,36.22,-16.62,-11.79,-8.78,-15.71,2.6,0.94562,42,-12.22,9.05,10.96,-12.23,23.43,-16.62,3.49,1.9,-7.13,16.97,0.956952,9
24-09-2025,NYSE:CCK,"Crown Holdings, Inc.",11199,1334280,1.86,96.23,1.57,1.26,1.75,-4.13,-7.99,9.44,14.54,2.63,0,0,0,0,0,-1,-1,-1,-1,-1,-11,-11,-11,4.38,22.63,22.63,-8.53,-17.71,-8.46,0.83,-16.66,0.945524,42,-4.13,-3.71,16.14,5.63,-13.93,-8.53,-9.27,7.08,10.73,-20.39,0.966653,14
24-09-2025,NYSE:LEA,Lear Corporation Common Stock,5410,710069,2.43,101.68,-1.37,-4.13,-6.54,-7.82,8.77,5.68,8.35,-6.24,0,0,0,0,0,-1,-1,-1,-1,-1,-9.82,-9.82,-9.82,9.62,35.25,35.25,-12.22,-0.95,-12.22,-5.36,-25.53,0.945501,42,-7.82,15.39,-3.39,2.83,-15.91,-12.22,9.83,-12.45,7.93,-22.37,1.004423,48
24-09-2025,NASDAQ:VCIC,Vine Hill Capital Investment Corp. - Class A Ordinary Shares,314,202365,0.73,10.72,0.66,0.65,1.59,0.02,4.38,6.44,NA,NA,0,0,0,0,0,-1,-1,-1,-1,-1,0,0,0,4.59,6.88,7.63,-4.38,-5.34,-11.46,0,0,0.945483,42,0.02,4.36,2.15,NA,NA,-4.38,-1.2,-6.91,0,0,0.906494,2
24-09-2025,NYSE:TECK,Teck Resources Ltd Ordinary Shares,19561,8132276,3.48,40.01,3.60,0.87,-1.10,16.75,4.40,-6.80,0.05,-22.24,0,HV2Y,0,0,0,-1,-1,-1,-1,-1,-4.6,-6.37,-25.07,27.95,37.73,37.73,12.35,-5.32,-24.7,-13.66,-41.53,0.945427,42,16.75,-14.83,-11.71,6.41,-22.31,12.35,-20.39,-20.77,11.51,-28.77,1.040905,75
24-09-2025,NYSE:BRX,Brixmor Property Group Inc. Common Stock,8427,2007094,1.38,27.29,-0.87,-1.87,-1.83,-0.84,6.71,4.73,0.73,-1.65,0,0,0,0,0,-1,-1,-1,-1,-1,-3.23,-3.23,-10.14,7.99,18.34,18.34,-5.24,-3.01,-13.17,-12.98,-20.94,0.945418,42,-0.84,7.49,-2.12,-4.19,-2.40,-5.24,1.93,-11.18,0.91,-8.86,1.004307,48
24-09-2025,NYSE:SSD,"Simpson Manufacturing Company, Inc. Common Stock",7347,250440,2.06,176.54,-1.58,-3.28,-8.42,-10.53,11.07,9.31,4.46,-7.21,0,0,0,0,0,-1,-1,-1,-1,-1,-10.42,-10.42,-10.42,13.67,26.27,26.27,-14.93,1.35,-8.59,-9.25,-26.5,0.945393,42,-10.53,19.55,-1.99,-5.34,-12.21,-14.93,13.99,-11.05,-0.24,-18.67,1.00823,53
24-09-2025,NYSE:JPC,Nuveen Preferred & Income Opportunities Fund,2914,954702,0.45,8.18,0.37,-0.98,-0.49,1.22,2.69,2.81,4.28,0.12,0,0,0,0,0,-1,-1,-1,-1,-1,-1.33,-1.33,-1.33,2.76,16.03,16.03,-3.18,-7.03,-15.09,-9.43,-19.17,0.945255,42,1.22,1.49,0.13,1.51,-4.34,-3.18,-4.07,-8.93,6.61,-10.8,0.995963,40
24-09-2025,NYSE:IQI,Invesco Quality Municipal Income Trust Common Stock,524,228428,0.72,9.83,-0.81,-1.02,-0.31,4.17,5.39,1.22,1.93,-5.39,0,0,0,0,0,-1,-1,-1,-1,-1,-1.7,-1.7,-6.38,8.5,8.5,8.5,-0.23,-4.33,-16.68,-11.78,-24.68,0.945252,42,4.17,1.27,-4.41,0.72,-7.47,-0.23,-4.29,-13.47,5.82,-13.93,1.01037,55
24-09-2025,NYSE:POR,Portland General Electric Co Common Stock,4793,1089757,1.43,43.75,1.32,3.31,3.45,2.88,8.66,2.72,-0.37,-9.03,0,0,0,0,0,-1,-1,-1,-1,-1,0,-2.23,-10.71,10.12,10.12,10.12,-1.52,-1.06,-15.18,-14.08,-28.32,0.945202,42,2.88,5.95,-6.51,-3.17,-8.63,-1.52,0.39,-15.57,1.93,-15.09,1.019384,63
24-09-2025,NYSE:AMBC,"Ambac Financial Group, Inc. Common Stock",431,530406,3.17,9.24,0.98,5.09,1.19,6.39,22.73,3.68,-32.25,-26.73,0,0,0,0,HV2Y,-1,-1,-1,-1,-1,0,0,-31.81,33.14,41.5,41.5,1.99,13.01,-14.22,-45.96,-46.02,0.945198,42,6.39,17.46,-24.65,-37.30,4.17,1.99,11.9,-33.71,-32.2,-2.29,1.084538,88
24-09-2025,NASDAQ:SYNA,Synaptics Incorporated - Common Stock,2740,374007,2.84,70.88,-1.02,-1.45,2.51,0.69,7.79,7.93,-5.50,-4.09,0,0,0,0,0,-1,-1,-1,-1,-1,-4.67,-4.67,-19.34,18.73,65.14,65.14,-3.71,-1.93,-9.97,-19.21,-23.38,0.945175,42,0.69,7.15,0.15,-14.59,1.34,-3.71,1.59,-8.91,-9.49,-5.12,1.012014,56
24-09-2025,NYSE:HXL,Hexcel Corporation Common Stock,4867,883429,2.1,61.17,-1.13,-1.45,-1.21,-1.96,8.91,4.53,-3.09,0.11,0,0,0,0,0,-1,-1,-1,-1,-1,-5.72,-5.72,-13.47,9.78,28.81,28.81,-6.36,-0.81,-13.37,-16.8,-19.18,0.94516,42,-1.96,10.66,-4.81,-7.98,3.11,-6.36,5.1,-13.87,-2.88,-3.35,1.007688,52
24-09-2025,NASDAQ:LBTYK,Liberty Global Ltd. - Class C Common Shares,3958,936477,2.5,11.66,-0.17,-2.49,-0.43,-0.94,13.98,-2.40,-12.61,5.15,0,0,0,0,0,-1,-1,-1,-1,-1,-3.95,-4.5,-20.41,16.25,25.11,25.11,-5.34,4.26,-20.3,-26.32,-14.14,0.945098,41,-0.94,14.78,-19.04,-9.97,15.77,-5.34,9.22,-28.1,-4.87,9.31,1.021559,64
24-09-2025,NASDAQ:PZZA,"Papa John's International, Inc. - Common Stock",1516,1132929,3.89,46.27,0.96,0.30,-7.50,-4.21,-3.41,12.30,13.77,-8.28,0,0,0,HV2Y,HV2Y,-1,-1,-1,-1,-1,-8.21,-10.66,-20.51,15.44,51.95,51.95,-8.61,-13.13,-5.6,0.06,-27.57,0.945055,41,-4.21,0.77,15.19,1.68,-25.56,-8.61,-4.79,6.13,6.78,-32.02,0.98449,27
24-09-2025,NYSE:BKV,BKV Corporation Common Stock,1945,282895,3.16,22.96,4.84,3.92,3.57,2.00,-3.44,8.58,4.97,NA,0,0,0,0,0,-1,-1,-1,-1,-1,-6.32,-6.32,-13.33,16.67,44.4,44.4,-2.4,-13.16,-9.32,-8.74,0,0.944923,41,2.00,-5.56,11.62,-3.95,NA,-2.4,-11.12,2.56,1.15,0,0.906796,2
24-09-2025,NYSE:PPT,Putnam Premier Income Trust Common Stock,356,223488,0.8,3.715,-0.40,-0.94,0.40,0.40,1.75,3.36,6.06,-0.40,0,0,0,0,0,-1,-1,-1,-1,-1,-0.93,-0.93,-0.93,3.48,7.68,7.68,-4,-7.97,-14.54,-7.65,-19.69,0.944865,41,0.40,1.35,1.64,2.79,-6.88,-4,-4.21,-7.42,7.89,-13.34,0.993179,36
24-09-2025,NASDAQ:AGIO,"Agios Pharmaceuticals, Inc. - Common Stock",2168,808415,4.23,37.87,-0.84,3.04,4.54,-2.46,11.75,14.68,-3.04,-25.11,0,0,0,0,HV2Y,-1,-1,-1,-1,-1,-6.75,-6.75,-38.56,15.77,54.38,54.38,-6.86,2.03,-3.22,-16.75,-44.4,0.944822,41,-2.46,13.87,3.32,-20.77,-21.42,-6.86,8.31,-5.74,-15.67,-27.88,1.033705,72
24-09-2025,NYSE:EAT,"Brinker International, Inc. Common Stock",6094,1282413,3.75,136.96,-1.24,-5.41,-12.84,-10.87,-28.99,-15.33,4.11,44.03,0,0,0,0,0,-1,-1,-1,-1,-1,-25.57,-25.57,-27.59,0.45,6.43,81.19,-15.27,-38.71,-33.23,-9.6,24.74,0.94455,41,-10.87,-16.35,10.60,16.85,41.64,-15.27,-21.91,1.54,21.95,35.18,0.894641,1
24-09-2025,NYSE:NZF,Nuveen Municipal Credit Income Fund,2416,568719,0.81,12.41,-0.48,0.64,-0.24,3.87,4.75,1.69,1.61,-4.83,0,0,0,0,0,-1,-1,-1,-1,-1,-0.48,-0.48,-5.27,7.45,9.44,9.44,-0.53,-4.97,-16.21,-12.1,-24.12,0.94452,41,3.87,0.92,-3.21,-0.08,-6.55,-0.53,-4.64,-12.27,5.02,-13.01,1.00807,53
24-09-2025,NYSE:PCN,Pimco Corporate & Income Strategy Fund Common Stock,860,347011,0.6,13.45,0.07,1.12,1.12,4.24,6.10,-1.41,0.97,-3.49,0,0,0,0,0,-1,-1,1,-1,-1,0,-1.54,-5.94,7.43,14.37,14.37,-0.16,-3.62,-19.31,-12.74,-22.78,0.94452,41,4.24,1.94,-8.00,2.35,-4.50,-0.16,-3.62,-17.06,7.45,-10.96,1.010942,55
24-09-2025,NYSE:LTH,"Life Time Group Holdings, Inc. Common Stock",6129,2112180,2.53,27.86,-0.25,0.18,-2.30,-1.47,-4.63,-16.91,20.14,10.37,0,0,0,0,0,-1,-1,-1,-1,-1,-8.51,-15.5,-16.16,7.86,7.86,27.33,-5.87,-14.35,-34.81,6.43,-8.92,0.944515,41,-1.47,-3.11,-11.73,31.69,-12.22,-5.87,-8.67,-20.79,36.79,-18.68,0.973742,18
24-09-2025,NASDAQ:PFG,Principal Financial Group Inc - Common Stock,18231,1264829,1.99,81.84,-0.68,1.20,2.16,1.91,5.84,-4.68,8.14,-4.61,0,0,0,0,0,-1,-1,-1,-1,-1,-1.34,-5.05,-10.32,8.35,17.65,17.65,-2.49,-3.88,-22.58,-5.57,-23.9,0.944492,41,1.91,4.01,-11.17,12.24,-13.87,-2.49,-1.55,-20.23,17.34,-20.33,1.008646,53
24-09-2025,NASDAQ:ENTG,"Entegris, Inc. - Common Stock",14173,2664737,3.85,93.49,-2.38,1.49,15.04,7.21,12.13,-0.78,-4.73,-18.34,0,0,0,0,0,-1,-1,-1,-1,-1,-2.58,-2.58,-19.83,29.79,48.59,48.59,2.81,2.41,-18.68,-18.44,-37.63,0.944486,41,7.21,5.30,-14.69,-3.92,-13.00,2.81,-0.26,-23.75,1.18,-19.46,1.041637,75
24-09-2025,NASDAQ:LUNR,"Intuitive Machines, Inc. - Class A Common Stock",1785,6048471,5.06,9.99,-3.57,7.11,16.92,11.31,-0.50,7.91,-27.93,8.41,0,0,0,0,HV2Y,-1,-1,-1,-1,-1,-25.28,-25.28,-56.7,20.36,45.41,54.17,6.91,-10.22,-9.99,-41.64,-10.88,0.944395,41,11.31,-13.32,8.37,-38.91,28.40,6.91,-18.88,-0.69,-33.81,21.94,1.00973,54
24-09-2025,NYSE:AFL,AFLAC Incorporated Common Stock,58462,2683363,1.54,108.23,0.77,0.55,1.80,-0.21,3.76,-1.31,7.26,0.33,0,0,0,0,0,-1,-1,-1,-1,-1,-0.92,-3.75,-6.1,10.34,10.34,10.34,-4.61,-5.96,-19.21,-6.45,-18.96,0.944369,41,-0.21,3.96,-5.27,8.46,-7.47,-4.61,-1.6,-14.33,13.56,-13.93,0.996558,40
24-09-2025,NASDAQ:ZVRA,"Zevra Therapeutics, Inc.  - Common Stock",502,1802906,5.46,8.95,10.36,18.10,10.84,-4.58,-4.25,8.94,4.58,9.94,HVY,0,HVQ,0,HV2Y,-1,-1,-1,-1,-1,-30.02,-30.02,-30.02,23.79,36.43,36.43,-8.98,-13.97,-8.96,-9.13,-9.35,0.944291,41,-4.58,0.32,12.65,-4.79,5.62,-8.98,-5.24,3.59,0.31,-0.84,0.96778,14
24-09-2025,NYSE:WIW,Western Asset Inflation-Linked Opportunities & Income Fund,544,254028,0.77,8.88,-0.11,-1.35,-0.11,-0.68,2.14,1.69,6.25,1.35,0,0,0,0,0,-1,-1,-1,-1,-1,-1.44,-1.44,-1.44,2.66,5.71,8.16,-5.08,-7.58,-16.21,-7.46,-17.94,0.944061,41,-0.68,2.80,-0.46,4.64,-5.23,-5.08,-2.76,-9.52,9.74,-11.69,0.991341,34
24-09-2025,NASDAQ:EXPI,"eXp World Holdings, Inc. - Common Stock",1728,1051423,3.53,10.99,1.20,-1.46,-1.73,-0.82,16.83,7.19,-5.55,-27.66,0,0,0,HV2Y,HV2Y,-1,-1,-1,-1,-1,-5.18,-5.18,-25.59,20.77,47.32,47.32,-5.22,7.11,-10.71,-19.26,-46.95,0.944016,41,-0.82,17.51,-11.60,-13.73,-20.95,-5.22,11.95,-20.66,-8.63,-27.41,1.050691,78
24-09-2025,NYSE:RSKD,Riskified Ltd. Class A Ordinary Shares,769,595090,3.38,4.83,2.33,5.18,5.59,4.97,-1.24,1.04,4.97,-0.62,0,0,0,0,HV2Y,-1,-1,-1,-1,-1,-13.9,-13.9,-18.14,16.11,18.38,18.38,0.57,-10.96,-16.86,-8.74,-19.91,0.943847,41,4.97,-6.54,2.25,3.97,-5.88,0.57,-12.1,-6.81,9.07,-12.34,0.993133,36
24-09-2025,NASDAQ:MTSI,"MACOM Technology Solutions Holdings, Inc. - Common Stock",9433,1135923,2.95,126.66,-1.66,-4.11,-3.98,-0.02,-9.88,11.38,-8.11,18.13,0,0,0,0,0,-1,-1,-1,-1,-1,-11.61,-11.61,-14.87,7.02,44.52,44.52,-4.42,-19.6,-6.52,-21.82,-1.16,0.943837,41,-0.02,-9.85,19.35,-22.00,24.27,-4.42,-15.41,10.29,-16.9,17.81,0.962351,11
24-09-2025,NYSE:MCD,McDonald's Corporation Common Stock,217171,3190952,1.28,304.33,0.38,-0.21,-0.53,-2.99,6.17,-0.85,4.63,2.46,0,0,0,0,0,-1,-1,-1,-1,-1,-3.99,-5.26,-5.28,6.58,6.58,8.79,-7.39,-3.55,-18.75,-9.08,-16.83,0.943815,41,-2.99,8.90,-7.48,5.44,-2.27,-7.39,3.34,-16.54,10.54,-8.73,0.997204,41
24-09-2025,NYSE:CBU,"Community Financial System, Inc. Common Stock",3168,287650,2.3,59.94,-0.51,0.32,1.33,-1.25,6.84,2.79,-1.97,1.99,0,0,0,0,0,-1,-1,-1,-1,-1,-3.4,-3.4,-16.11,16.48,17.81,17.81,-5.65,-2.88,-15.11,-15.68,-17.3,0.943792,41,-1.25,7.99,-4.35,-4.89,3.88,-5.65,2.43,-13.41,0.21,-2.58,1.001882,46
24-09-2025,NYSE:ELME,Elme Communities Common Stock,1479,897532,1.21,16.7,-0.48,-0.30,-2.40,-1.80,6.29,-2.87,10.96,-6.53,0,0,HV2Y,0,0,-1,-1,-1,-1,-1,-3.02,-4.02,-7.22,10.74,13.68,16.62,-6.2,-3.43,-20.77,-2.75,-25.82,0.943734,41,-1.80,7.94,-9.78,13.45,-19.64,-6.2,2.38,-18.84,18.55,-26.1,1.006715,51
24-09-2025,NASDAQ:CHY,Calamos Convertible and High Income Fund - Closed End Fund,908,203408,0.8,11.34,-0.96,1.32,1.76,3.44,5.11,7.50,-5.82,-5.11,0,0,0,0,0,-1,4,-1,-1,-1,-0.96,-0.96,-9.71,5.49,23.53,23.53,-0.96,-4.61,-10.4,-19.53,-24.4,0.943649,41,3.44,1.74,2.51,-14.39,0.67,-0.96,-3.82,-6.55,-9.29,-5.79,1.01007,55
24-09-2025,NASDAQ:ERIC,Ericsson - American Depositary Shares each representing 1 underlying Class B share,28032,10734034,1.23,8.2,-1.44,2.44,2.93,3.29,-1.59,-0.49,1.83,7.68,0,0,0,0,0,-1,-1,-1,-1,-1,-4.09,-7.45,-7.87,13.89,21.12,21.12,-1.11,-11.31,-18.39,-11.88,-11.61,0.943588,41,3.29,-5.04,1.08,2.31,5.96,-1.11,-10.6,-7.98,7.41,-0.5,0.984134,26
24-09-2025,NASDAQ:PRAX,"Praxis Precision Medicines, Inc. - Common Stock",1031,467217,6.97,48.97,0.76,10.09,17.85,4.15,11.52,26.77,-48.74,-25.61,0,0,0,0,HV2Y,-1,-1,-1,-1,-1,-17.31,-17.31,-46.05,29.88,72.01,72.01,-0.25,1.8,8.87,-62.45,-44.9,0.94354,41,4.15,7.69,17.24,-103.12,15.55,-0.25,2.13,8.18,-98.02,9.09,1.073448,86
24-09-2025,NYSE:NJR,NewJersey Resources Corporation Common Stock,4758,619533,1.48,47.37,0.23,2.03,1.06,0.11,6.27,-1.10,2.83,-0.57,0,0,0,0,0,-1,-1,-1,-1,-1,-1.13,-5.2,-8.22,6.69,7.1,7.1,-4.29,-3.45,-19,-10.88,-19.86,0.943507,41,0.11,6.17,-7.86,3.88,-3.50,-4.29,0.61,-16.92,8.98,-9.96,1.003647,48
24-09-2025,NYSE:BTZ,BlackRock Credit Allocation Income Trust,1035,240669,0.76,11.01,-0.72,-0.36,-1.18,0.45,1.73,2.54,5.63,-0.82,0,0,0,0,0,-1,-1,-1,-1,-1,-1.26,-1.26,-2.39,1.85,11.66,11.66,-3.95,-7.99,-15.36,-8.08,-20.11,0.943504,41,0.45,1.28,0.83,3.17,-6.83,-3.95,-4.28,-8.23,8.27,-13.29,0.993551,37
24-09-2025,NYSE:MFC,Manulife Financial Corporation Common Stock,52604,1894770,1.64,30.97,-0.39,-0.19,0.32,2.94,-1.00,-1.42,2.87,7.10,0,0,0,0,0,-1,-1,-1,-1,-1,-4.24,-4.53,-5.78,3.58,15,15,-1.46,-10.72,-19.32,-10.84,-12.19,0.943486,41,2.94,-4.06,-0.42,4.23,4.36,-1.46,-9.62,-9.48,9.33,-2.1,0.98519,28
24-09-2025,AMEX:CRF,"Cornerstone Total Return Fund, Inc. (The) Common Stock",940,922672,0.71,7.95,0.13,0.75,0.38,1.76,4.78,6.04,-6.54,1.13,0,0,0,0,0,-1,-1,-1,-1,-1,-0.62,-0.62,-17.7,5.02,23.45,23.45,-2.64,-4.94,-11.86,-20.25,-18.16,0.943469,41,1.76,3.07,1.32,-13.39,7.20,-2.64,-2.49,-7.74,-8.29,0.74,1.002732,47
24-09-2025,NYSE:KGS,"Kodiak Gas Services, Inc. Common Stock",3076,2152439,2.68,35.49,1.26,7.04,6.82,3.24,4.56,-9.75,-9.72,16.65,0,0,0,0,0,-1,-1,-1,-1,-1,-3.74,-8.88,-28.53,14.12,17.4,23.44,-1.16,-5.16,-27.65,-23.43,-2.64,0.943468,41,3.24,1.37,-15.00,0.03,24.04,-1.16,-4.19,-24.06,5.13,17.58,0.99439,38
24-09-2025,NYSE:SD,"SandRidge Energy, Inc. Common Stock",423,268723,2.51,11.51,1.77,-2.00,-1.48,-2.17,4.26,2.78,8.77,-6.17,0,0,0,0,0,-1,-1,-1,-1,-1,-4.88,-4.88,-11.12,15.1,26.9,26.9,-6.57,-5.46,-15.12,-4.94,-25.46,0.943317,40,-2.17,6.29,-1.54,6.17,-16.38,-6.57,0.73,-10.6,11.27,-22.84,1.000229,44
24-09-2025,NYSE:LION,Lionsgate Studios Corp Common Shares,1977,2804046,4.53,6.83,2.25,-4.98,3.22,5.42,14.79,-18.01,-5.27,-2.34,HV2Y,0,0,HVY,0,-1,-1,-1,-1,-1,-10.84,-16.2,-24.11,22.18,22.18,22.18,1.02,5.07,-35.91,-18.98,-21.63,0.94326,40,5.42,9.91,-38.49,10.79,2.78,1.02,4.35,-47.55,15.89,-3.68,1.039656,74
24-09-2025,NYSE:VET,Vermilion Energy Inc. Common (Canada),1270,953405,3.39,8.26,2.48,5.93,7.38,8.11,11.26,-0.36,-7.26,-17.68,0,0,0,0,0,-1,-1,-1,-1,-1,-3.84,-3.84,-23.8,16.83,52.12,52.12,3.71,1.54,-18.26,-20.97,-36.97,0.943246,40,8.11,3.43,-13.10,-6.88,-9.71,3.71,-2.13,-22.16,-1.78,-16.17,1.0403,75
24-09-2025,NYSE:PRI,"Primerica, Inc. Common Stock",8859,222260,2.23,273.51,-4.23,0.94,1.36,2.54,3.58,-6.22,2.44,5.45,0,0,0,0,0,-1,-1,-1,-1,-1,-4.23,-5.89,-10.3,7.07,11.92,11.92,-1.86,-6.14,-24.12,-11.27,-13.84,0.943149,40,2.54,1.07,-10.16,8.15,3.09,-1.86,-4.49,-19.22,13.25,-3.37,0.996468,40
24-09-2025,NASDAQ:OCFC,OceanFirst Financial Corp. - Common Stock,1032,288161,2.68,17.99,0.33,0.67,-0.06,-0.61,4.56,4.39,1.06,-1.22,0,0,0,0,0,-1,-1,-1,-1,-1,-5.37,-5.37,-15.42,10.23,21.88,21.88,-5.01,-5.16,-13.51,-12.65,-20.51,0.943125,40,-0.61,5.14,-0.17,-3.49,-2.30,-5.01,-0.42,-9.23,1.61,-8.76,0.999242,43
24-09-2025,NYSE:RNG,"RingCentral, Inc. Class A Common Stock",2777,1781376,3.33,30.67,0.39,-2.84,0.13,-1.83,11.93,9.23,-21.16,1.14,0,0,0,0,0,-1,-1,-1,-1,-1,-5.46,-5.46,-26.66,29.85,42.58,42.58,-6.23,2.21,-8.67,-34.87,-18.15,0.943048,40,-1.83,13.51,-3.07,-33.48,18.41,-6.23,7.95,-12.13,-28.38,11.95,1.021726,64
24-09-2025,NASDAQ:EGBN,"Eagle Bancorp, Inc. - Common Stock",647,505502,2.81,21.32,0.28,3.89,7.97,9.19,13.91,-1.50,-24.53,-7.46,0,0,0,0,0,-1,-1,5,-1,-1,-1.57,-1.57,-28.93,33.58,33.58,33.58,4.79,4.19,-19.4,-38.24,-26.75,0.942989,40,9.19,5.19,-17.90,-22.69,13.71,4.79,-0.37,-26.96,-17.59,7.25,1.046659,77
24-09-2025,NYSE:DVN,Devon Energy Corporation Common Stock,22351,7253342,2.81,35.21,2.12,-0.57,-0.88,-1.59,8.75,-5.00,13.32,-15.85,0,0,0,0,0,-1,-1,-1,-1,-1,-3.32,-7.15,-18.04,10.9,31.38,31.38,-5.99,-0.97,-22.9,-0.39,-35.14,0.942928,40,-1.59,10.18,-15.06,17.45,-33.65,-5.99,4.62,-24.12,22.55,-40.11,1.022028,65
24-09-2025,NYSE:NOAH,Noah Holdings Limited American Depositary Shares,807,375302,3.9,11.49,2.77,-1.39,-3.57,-6.53,-5.83,1.83,-0.35,22.89,0,0,0,0,0,-1,-1,-1,-1,-1,-8.74,-8.74,-19.82,3.33,45.26,45.26,-10.93,-15.55,-16.07,-14.06,3.6,0.942924,40,-6.53,0.65,7.24,-2.22,23.16,-10.93,-4.91,-1.82,2.88,16.7,0.953293,8
24-09-2025,NASDAQ:MOMO,Hello Group Inc.  - American Depositary Shares,1169,1137900,3.29,7.58,3.41,-1.98,0.13,-9.76,-12.40,15.96,3.69,15.70,0,0,HVY,HVY,0,-1,-1,-1,-1,-1,-16.89,-16.89,-16.89,3.41,43.83,43.83,-14.16,-22.12,-1.94,-10.02,-3.59,0.942918,40,-9.76,-2.40,25.23,-14.60,12.47,-14.16,-7.96,16.17,-9.5,6.01,0.946114,7
24-09-2025,NASDAQ:GEN,Gen Digital Inc. - Common Stock,17916,3681215,1.64,29.09,0.48,1.48,-0.55,-7.01,0.03,4.92,5.64,8.97,0,0,0,0,0,-1,-1,-1,-1,-1,-9.55,-9.55,-9.55,2.9,23.79,23.79,-11.41,-9.69,-12.98,-8.07,-10.32,0.942881,40,-7.01,6.59,4.88,0.76,3.53,-11.41,1.03,-4.18,5.86,-2.93,0.973642,18
24-09-2025,NASDAQ:GLNG,Golar LNG Limited - Common Shares,4315,1321667,2.64,41.24,2.23,3.18,-1.12,-7.35,0.36,2.16,-0.63,17.29,0,0,0,0,0,-1,-1,-1,-1,-1,-9.48,-9.48,-9.48,5.31,34.33,34.33,-11.75,-9.36,-15.74,-14.34,-2,0.942848,40,-7.35,7.18,1.80,-2.85,17.81,-11.75,1.62,-7.26,2.25,11.35,0.968893,15
24-09-2025,NYSE:PRG,"PROG Holdings, Inc. Common Stock",1365,419063,2.46,34.52,0.23,-2.46,-1.54,-0.29,16.11,20.80,-20.77,-43.37,0,0,0,0,HV2Y,-1,-1,-1,7,-1,-5.03,-5.03,-31.32,22.41,43.71,43.71,-4.69,6.39,2.9,-34.48,-62.66,0.942774,40,-0.29,16.35,5.59,-52.49,-18.71,-4.69,10.79,-3.47,-47.39,-25.17,1.06706,84
24-09-2025,NYSE:SILA,"Sila Realty Trust, Inc. Common Stock",1398,280645,1.63,25.06,-1.10,-1.56,-0.72,1.24,4.83,-3.15,4.39,-0.56,0,0,0,0,0,-1,-1,-1,-1,-1,-3.98,-7.9,-7.9,7.09,7.09,8.39,-3.16,-4.89,-21.05,-9.32,-19.85,0.942729,40,1.24,3.64,-8.39,7.31,-5.18,-3.16,-1.92,-17.45,12.41,-11.64,1.0018,46
24-09-2025,NYSE:EPD,Enterprise Products Partners L.P. Common Stock,68638,3635078,1.18,31.7,0.76,-1.17,0.16,0.03,3.00,-5.68,3.69,7.51,0,0,0,0,0,-1,-1,-1,-1,-1,-1.37,-7.36,-7.93,3.12,9.5,10.61,-4.37,-6.72,-23.58,-10.02,-11.78,0.942549,40,0.03,2.97,-8.94,8.87,3.96,-4.37,-2.59,-18,13.97,-2.5,0.990194,33
24-09-2025,NYSE:RNR,RenaissanceRe Holdings Ltd. Common Stock,11786,461001,1.83,250.42,2.30,3.78,4.76,1.99,3.83,4.51,0.82,-5.29,0,0,0,0,0,-1,-1,-1,-1,-1,0,-1.39,-12.89,7.96,13.64,13.64,-2.41,-5.89,-13.39,-12.89,-24.58,0.942513,40,1.99,1.87,0.71,-3.87,-6.16,-2.41,-3.69,-8.35,1.23,-12.62,1.003941,48
24-09-2025,NASDAQ:UBSI,"United Bankshares, Inc. - Common Stock",5316,592542,1.73,37.53,1.02,0.99,-0.80,-1.63,3.86,6.50,0.11,-0.83,0,0,0,0,0,-1,-1,-1,-1,-1,-3.1,-3.1,-13.31,7.14,19.14,19.14,-6.03,-5.86,-11.4,-13.6,-20.12,0.942499,40,-1.63,5.40,2.74,-6.84,-0.93,-6.03,-0.16,-6.32,-1.74,-7.39,0.996437,40
24-09-2025,NASDAQ:GLBE,Global-E Online Ltd. - ordinary shares,6323,1569765,3.32,37.32,1.19,4.29,1.88,12.67,14.04,-2.52,-43.41,-1.96,0,0,0,0,HV2Y,-1,-1,-1,-1,-1,-0.88,-11.96,-40.61,21.96,27.9,27.9,8.27,4.32,-20.42,-57.12,-21.25,0.942404,40,12.67,1.56,-19.26,-39.88,28.91,8.27,-4,-28.32,-34.78,22.45,1.057104,81
24-09-2025,NASDAQ:FHB,"First Hawaiian, Inc. - Common Stock",3134,972270,1.95,25.15,0.36,-0.87,-1.67,-0.64,3.54,0.64,-0.20,5.37,0,0,0,0,0,-1,-1,-1,-1,-1,-4.84,-4.84,-11.13,6.3,18.97,18.97,-5.04,-6.18,-17.26,-13.91,-13.92,0.942358,40,-0.64,4.15,-3.01,-0.84,5.56,-5.04,-1.41,-12.07,4.26,-0.9,0.992173,35
24-09-2025,NASDAQ:NDSN,Nordson Corporation - Common Stock,12536,288990,1.84,223.12,-0.76,-0.23,-0.27,-1.20,4.66,7.70,6.36,-14.55,0,0,0,0,0,-1,-1,-1,-1,-1,-2.13,-2.13,-15.6,6.63,33.2,33.2,-5.6,-5.06,-10.2,-7.35,-33.84,0.942278,40,-1.20,5.79,3.19,-1.46,-22.32,-5.6,0.23,-5.87,3.64,-28.78,1.008855,53
24-09-2025,NASDAQ:WSBC,"WesBanco, Inc. - Common Stock",3105,616179,2.02,32.35,1.16,3.71,1.02,-0.03,3.71,0.31,-1.51,5.66,0,0,0,0,0,-1,-1,-1,-1,-1,-4.01,-4.01,-12.76,9.88,20.75,20.75,-4.43,-6.01,-17.59,-15.22,-13.63,0.942174,40,-0.03,3.74,-3.53,-1.83,7.06,-4.43,-1.82,-12.59,3.27,0.6,0.993332,37
24-09-2025,NYSE:TT,Trane Technologies plc,89916,1425534,2.12,404.09,-0.26,1.27,-3.27,-3.85,-5.80,9.92,6.73,4.74,0,0,0,0,0,-1,-1,-1,-1,-1,-14.49,-14.49,-14.49,1.29,28.2,28.2,-8.25,-15.52,-7.98,-6.98,-14.55,0.942137,40,-3.85,-1.88,14.86,-3.54,-2.13,-8.25,-7.44,5.8,1.56,-8.59,0.969636,16
24-09-2025,NASDAQ:OPK,"Opko Health, Inc. - Common Stock",1175,2505310,3.6,1.48,2.78,6.08,4.73,6.08,14.19,-21.62,-6.08,0.00,0,0,0,HV2Y,HV2Y,-1,-1,-1,-1,-1,-1.99,-17.78,-23.71,24.37,24.37,24.37,1.68,4.47,-39.52,-19.79,-19.29,0.942129,40,6.08,8.63,-41.73,12.78,5.73,1.68,3.07,-50.79,17.88,-0.73,1.038469,74
24-09-2025,NYSE:TTE,TotalEnergies SE,138109,1298728,1.16,62.47,1.45,2.05,0.43,-0.42,2.29,-1.68,14.10,-10.60,0,0,0,0,0,-1,-1,-1,-1,-1,-2.44,-4.16,-10.04,5.59,17.05,17.05,-4.82,-7.43,-19.58,0.39,-29.89,0.942085,40,-0.42,2.69,-4.06,15.52,-28.76,-4.82,-2.87,-13.12,20.62,-35.22,1.003007,47
24-09-2025,NASDAQ:MRX,Marex Group plc - Ordinary Shares,2356,1090756,3.14,33.07,-2.62,-1.33,-4.32,-9.95,-18.57,-6.38,12.91,29.42,0,0,0,0,0,-1,-1,-1,-1,-1,-18.24,-31.57,-31.57,1.47,1.47,46.2,-14.35,-28.29,-24.28,-0.8,10.13,0.94205,40,-9.95,-7.84,10.28,18.14,18.96,-14.35,-13.4,1.22,23.24,12.5,0.919998,3
24-09-2025,NASDAQ:FFBC,First Financial Bancorp. - Common Stock,2486,531590,2.01,25.96,0.54,1.58,-0.73,-2.08,7.28,2.31,-3.31,1.96,0,0,0,0,0,-1,-1,-1,-1,-1,-3.1,-3.1,-14.44,10.23,17.73,17.73,-6.48,-2.44,-15.59,-17.02,-17.33,0.941984,40,-2.08,9.17,-5.36,-5.76,5.11,-6.48,3.61,-14.42,-0.66,-1.35,1.00223,46
24-09-2025,NASDAQ:KRYS,"Krystal Biotech, Inc. - Common Stock",4689,357798,3.61,162,-1.80,4.91,15.15,9.40,12.04,-18.70,0.72,-13.69,0,0,0,0,0,-1,-1,-1,-1,-1,-2.07,-15.76,-18.84,20.05,31.32,31.32,5,2.32,-36.6,-12.99,-32.98,0.941855,40,9.40,2.91,-34.95,16.37,-14.51,5,-2.65,-44.01,21.47,-20.97,1.045811,77
24-09-2025,NASDAQ:THRM,Gentherm Inc - Common Stock,1067,205131,2.98,34.95,0.69,-1.69,-0.26,-5.18,20.54,11.24,-10.53,-38.97,0,0,0,0,0,-1,-1,-1,-1,-1,-5.97,-5.97,-28.31,25.86,49.87,49.87,-9.58,10.82,-6.66,-24.24,-58.26,0.941841,40,-5.18,24.46,-11.70,-24.53,-25.73,-9.58,18.9,-20.76,-19.43,-32.19,1.065544,84
24-09-2025,NASDAQ:BRZE,"Braze, Inc. - Class A Common Stock",3571,2903358,4.56,32.13,-0.03,0.62,6.38,19.02,17.52,-21.82,-36.94,-13.26,0,HV2Y,0,0,0,-1,-1,-1,-1,-1,-1.59,-17.91,-31.96,33.26,33.26,33.26,14.62,7.8,-39.72,-50.65,-32.55,0.941813,40,19.02,-1.84,-47.70,-12.42,17.30,14.62,-7.4,-56.76,-7.32,10.84,1.083715,88
24-09-2025,NYSE:FNF,"Fidelity National Financial, Inc. Common Stock",16257,1274021,1.8,59.83,0.98,1.84,0.60,-0.99,7.67,-9.09,7.76,-1.87,0,0,0,0,0,-1,-1,-1,-1,-1,-2.03,-10.15,-10.15,16.81,16.81,16.81,-5.39,-2.05,-26.99,-5.95,-21.16,0.941812,40,-0.99,8.57,-18.16,15.44,-10.44,-5.39,3.01,-27.22,20.54,-16.9,1.008367,53
24-09-2025,NYSE:CNK,"Cinemark Holdings Inc Cinemark Holdings, Inc. Common Stock",3287,4097849,2.66,28.57,-1.45,1.12,4.94,8.44,-5.74,10.40,-9.80,0.88,0,0,0,0,0,-1,-1,-1,-1,-1,-6.97,-15.4,-20.68,15.16,16.42,20.35,4.04,-15.46,-7.5,-23.51,-18.41,0.941701,39,8.44,-15.48,15.26,-22.54,9.72,4.04,-21.04,6.2,-17.44,3.26,0.992974,36
24-09-2025,NASDAQ:BUSE,First Busey Corporation - Common Stock,2148,565647,1.97,24.12,-0.78,-1.58,-2.16,0.87,4.85,8.04,0.25,-11.61,0,0,0,0,0,-1,-1,-1,-1,-1,-4.06,-4.06,-12.45,9.24,25.63,25.63,-3.53,-4.87,-9.86,-13.46,-30.9,0.941522,39,0.87,4.02,3.36,-8.48,-11.89,-3.53,-1.54,-5.7,-3.38,-18.35,1.00985,54
24-09-2025,NYSE:NAD,Nuveen Quality Municipal Income Fund Common Stock,2740,767861,0.73,11.64,-0.85,-0.95,-1.63,3.01,4.21,0.77,1.55,-5.50,0,0,0,0,0,-1,-1,-1,-1,-1,-1.61,-1.61,-6.2,5.43,7.98,7.98,-1.39,-5.51,-17.13,-12.16,-24.79,0.941498,39,3.01,1.24,-3.59,0.78,-7.16,-1.39,-4.32,-12.65,5.88,-13.62,1.006215,51
24-09-2025,NASDAQ:MDXG,"MiMedx Group, Inc - Common Stock",1049,530582,2.74,7.09,-0.28,2.12,2.82,0.14,15.94,-11.42,-28.07,13.54,0,0,HVQ,0,HV2Y,-1,-1,-1,-1,-1,-3.01,-10.25,-27.28,19.36,22.03,28.68,-4.26,6.22,-29.32,-41.78,-5.75,0.941458,39,0.14,15.82,-32.55,-14.94,32.49,-4.26,10.26,-41.61,-9.84,26.03,1.029826,70
24-09-2025,NYSE:NEE,"NextEra Energy, Inc. Common Stock",152038,10032262,1.94,73.83,2.09,4.77,3.78,-2.02,4.73,7.10,5.50,-12.10,0,0,0,0,0,-1,-1,-1,-1,-1,-4.78,-4.78,-13.58,6.35,15.16,15.16,-6.42,-4.99,-10.8,-8.21,-31.39,0.941402,39,-2.02,6.61,2.49,-1.72,-18.62,-6.42,1.05,-6.57,3.38,-25.08,1.006046,51
24-09-2025,NASDAQ:IMXI,"International Money Express, Inc. - Common Stock",423,360410,0.8,14.26,-0.49,-1.54,-1.54,-1.33,28.89,5.54,-45.79,-34.92,0,0,HV2Y,0,0,-1,-1,-1,-1,-1,-4.3,-4.3,-34.8,63.72,63.72,63.72,-5.73,19.17,-12.36,-59.5,-54.21,0.941372,39,-1.33,29.83,-32.84,-54.34,7.46,-5.73,24.27,-41.9,-49.24,1,1.107754,91
24-09-2025,NYSE:KNTK,Kinetik Holdings Inc. Class A Common Stock,7506,1635369,3.32,46.35,1.80,4.79,9.30,12.32,9.60,-14.65,-17.73,1.14,0,0,0,0,0,-1,-1,-1,-1,-1,0,-13.9,-30.27,16.66,16.66,16.66,7.92,-0.12,-32.55,-31.44,-18.15,0.941338,39,12.32,-3.10,-26.83,-2.69,16.03,7.92,-8.66,-35.89,2.41,9.57,1.033366,72
24-09-2025,NYSE:ITW,Illinois Tool Works Inc. Common Stock,75662,828407,1.33,259.56,-0.64,-1.12,-1.15,-2.77,5.34,1.76,0.56,2.02,0,0,0,0,0,-1,-1,-1,-1,-1,-3.66,-3.66,-6.8,5.65,18.84,18.84,-7.17,-4.38,-16.14,-13.15,-17.27,0.941293,39,-2.77,7.89,-3.79,-1.22,1.47,-7.17,2.33,-12.85,3.88,-4.99,0.996106,40
24-09-2025,NASDAQ:SAIL,"SailPoint, Inc. - Common Stock",12341,3006481,4.75,22.17,-0.85,4.78,10.65,8.25,-4.60,1.67,NA,NA,0,0,0,0,0,-1,-1,-1,-1,-1,-6.1,-8.62,-13.74,20.88,41.66,41.66,3.85,-14.32,-16.23,0,0,0.941234,39,8.25,-14.01,5.99,NA,NA,3.85,-19.57,-3.07,0,0,0.903151,2
24-09-2025,NYSE:JBS,JBS N.V. Class A Common Shares,15963,5552814,2.29,15.13,-0.33,-3.11,-3.83,-3.44,8.33,NA,NA,NA,0,0,0,0,0,-1,-1,-1,-1,-1,-8.47,-8.47,-8.47,16.56,16.56,16.56,-7.84,-1.39,0,0,0,0.941205,39,-3.44,11.37,NA,NA,NA,-7.84,5.81,0,0,0,0.909777,2
24-09-2025,NYSE:VKQ,Invesco Municipal Trust Common Stock,531,263299,0.73,9.56,-0.42,-0.31,0.52,5.13,5.13,-0.94,-0.63,-7.32,0,0,0,0,0,-1,-1,-1,-1,-1,-0.62,-2.05,-7.09,6.82,6.82,6.82,0.73,-4.59,-18.84,-14.34,-26.61,0.941042,39,5.13,0.00,-6.39,0.31,-6.65,0.73,-5.56,-15.45,5.41,-13.11,1.01277,57
24-09-2025,NYSE:KYN,"Kayne Anderson Energy Infrastructure Fund, Inc.",2065,324611,1.33,12.31,0.82,-0.16,1.54,0.81,-1.38,-5.04,4.06,9.67,0,0,0,0,0,-1,-1,-1,-1,-1,-3.22,-5.23,-10.01,1.65,17.35,17.35,-3.59,-11.1,-22.94,-9.65,-9.62,0.940881,39,0.81,-2.21,-3.61,8.66,5.84,-3.59,-7.77,-12.67,13.76,-0.62,0.979826,23
24-09-2025,NYSE:OXY,Occidental Petroleum Corporation Common Stock,46160,8283410,2.55,46.89,1.01,-0.64,1.24,1.04,9.53,-4.52,3.26,-10.13,0,0,0,0,0,-1,-1,-1,-1,-1,-2.41,-5.75,-16.13,11.62,29.85,29.85,-3.36,-0.19,-22.42,-10.45,-29.42,0.940791,39,1.04,8.58,-15.54,7.45,-13.84,-3.36,3.02,-24.6,12.55,-20.3,1.020815,64
24-09-2025,NYSE:SAP,SAP  SE ADS,311844,2050598,1.49,268.85,1.35,2.76,3.10,-0.52,-9.09,-4.23,8.61,14.89,0,0,0,0,0,-1,-1,-1,-1,-1,-13.81,-13.81,-13.81,6.51,13.19,23.25,-4.92,-18.81,-22.13,-5.1,-4.4,0.940783,39,-0.52,-8.52,4.45,12.33,6.87,-4.92,-14.08,-4.61,17.43,0.41,0.958639,10
24-09-2025,NYSE:WES,"Western Midstream Partners, LP Common Units Representing Limited Partner Interests",14948,1119478,1.45,39.2,1.71,2.27,2.35,2.12,3.83,-5.08,2.68,1.15,0,0,0,0,0,-1,-1,-1,-1,-1,-4.81,-5.79,-8.6,4.53,12.03,12.03,-2.28,-5.89,-22.98,-11.03,-18.14,0.940763,39,2.12,1.75,-9.26,7.38,-1.57,-2.28,-3.81,-18.32,12.48,-8.03,0.999594,44
24-09-2025,NASDAQ:NMIH,NMI Holdings Inc - Common Stock,3071,373734,1.97,39.59,1.02,2.42,-0.10,-0.05,-5.61,8.87,7.60,-3.16,0,0,0,0,0,-1,-1,-1,-1,-1,-8.25,-8.25,-8.25,6.45,20.74,20.74,-4.45,-15.33,-9.03,-6.11,-22.45,0.940751,39,-0.05,-5.55,13.70,-1.39,-11.65,-4.45,-11.11,4.64,3.71,-18.11,0.980558,23
24-09-2025,NYSE:PFN,PIMCO Income Strategy Fund II,707,325976,0.58,7.55,-0.26,-0.40,-1.06,-0.13,2.78,0.13,2.91,0.66,0,0,0,0,0,-1,-1,-1,-1,-1,-1.56,-1.56,-2.2,2.86,9.9,9.9,-4.53,-6.94,-17.77,-10.8,-18.63,0.940692,39,-0.13,2.91,-2.72,2.79,-2.32,-4.53,-2.65,-11.78,7.89,-8.78,0.994251,37
24-09-2025,NASDAQ:TTAN,"ServiceTitan, Inc. - Class A Common Stock",9653,1838787,3.86,103.85,-3.80,-9.76,-10.22,2.01,-0.30,6.72,-2.21,NA,0,0,0,0,0,-1,-1,-1,-1,-1,-13.18,-19.73,-19.73,5.41,22.08,26.12,-2.39,-10.02,-11.18,-15.92,0,0.940646,39,2.01,-2.36,7.00,-9.58,NA,-2.39,-7.92,-2.06,-4.48,0,0.919423,3
24-09-2025,NYSE:SCI,Service Corporation International Common Stock,11368,1034451,1.92,81.06,-0.38,1.65,3.59,1.43,1.60,3.03,-1.80,1.92,0,0,0,0,0,-1,-1,-1,-1,-1,-1.41,-1.41,-8.51,7.18,10.17,10.45,-2.97,-8.12,-14.87,-15.51,-17.37,0.940562,39,1.43,0.18,1.45,-4.99,3.66,-2.97,-5.38,-7.61,0.11,-2.8,0.993361,37
24-09-2025,NASDAQ:QLYS,"Qualys, Inc. - Common Stock",4914,313507,2.21,136.15,0.95,2.89,3.39,2.69,-3.70,4.72,-4.74,8.62,0,0,0,0,HV2Y,-1,-1,-1,-1,-1,-9.28,-9.28,-14.49,6.46,18.18,18.18,-1.71,-13.42,-13.18,-18.45,-10.67,0.940494,39,2.69,-6.57,8.12,-9.92,12.76,-1.71,-12.13,-0.94,-4.82,6.3,0.980308,23
24-09-2025,NYSE:GEO,Geo Group Inc (The) REIT,3013,2408800,3.33,21.5,0.99,-0.51,0.93,2.19,-7.49,-35.02,-30.23,42.47,0,0,0,0,HV2Y,-1,-1,-1,-1,-1,-18.75,-32.11,-39.18,6.17,6.17,73.81,-2.21,-17.21,-52.92,-43.94,23.18,0.940485,39,2.19,-9.89,-25.62,3.55,55.82,-2.21,-15.45,-34.68,8.65,49.36,0.961044,11
24-09-2025,NYSE:CLH,"Clean Harbors, Inc. Common Stock",12497,363651,1.92,233.01,-1.33,-1.43,-0.59,-4.85,1.96,13.85,-0.25,-5.95,0,0,0,0,0,-1,-1,-1,-1,-1,-6.96,-6.96,-11.53,3.17,27.96,27.96,-9.25,-7.76,-4.05,-13.96,-25.24,0.940404,39,-4.85,6.49,12.13,-16.37,-5.68,-9.25,0.93,3.07,-11.27,-12.14,0.993845,37
24-09-2025,NYSE:NEA,Nuveen AMT-Free Quality Municipal Income Fund Common Shares of Beneficial Interest Par Value $.01,3411,1008557,0.75,11.28,-1.14,-0.35,-0.80,2.75,4.08,0.35,0.89,-5.05,0,0,0,0,0,-1,-1,7,-1,-1,-1.31,-1.31,-6.23,6.21,9.62,9.62,-1.65,-5.64,-17.55,-12.82,-24.34,0.940393,39,2.75,1.37,-3.88,0.53,-5.99,-1.65,-4.19,-12.94,5.63,-12.45,1.005303,50
24-09-2025,NASDAQ:XENE,Xenon Pharmaceuticals Inc. - Common Shares,2821,654554,2.83,36.59,-1.93,-0.30,-1.42,-4.24,13.20,4.62,-6.31,-9.73,0,0,0,0,0,-1,-1,-1,-1,-1,-6.9,-6.9,-20,20.76,29.61,29.61,-8.64,3.48,-13.28,-20.02,-29.02,0.940381,39,-4.24,16.73,-9.89,-11.46,-3.21,-8.64,11.17,-18.95,-6.36,-9.67,1.02385,66
24-09-2025,NASDAQ:EXLS,"ExlService Holdings, Inc. - Common Stock",7048,1463583,2.07,43.64,1.11,2.45,2.13,-0.50,0.99,-8.16,-2.75,16.32,0,0,0,0,0,-1,-1,-1,-1,-1,-3.94,-9.98,-15.75,5.41,5.41,19.5,-4.9,-8.73,-26.06,-16.46,-2.97,0.94036,39,-0.50,1.48,-9.23,5.00,18.55,-4.9,-4.08,-18.29,10.1,12.09,0.979717,22
24-09-2025,NASDAQ:AEBI,Aebi Schmidt Holding AG - Common Stock,973,323029,5.65,12.85,-5.38,2.57,8.40,4.75,NA,NA,NA,NA,0,0,0,0,0,-1,-1,-1,-1,-1,-84.57,-84.57,-84.57,38.77,38.77,38.77,0.35,0,0,0,0,0.940296,39,4.75,NA,NA,NA,NA,0.35,0,0,0,0,0.995371,39
24-09-2025,NASDAQ:TITN,Titan Machinery Inc. - Common Stock,401,227599,4.12,17.16,-4.56,-10.90,-15.79,-19.00,-10.20,-4.78,22.55,17.77,0,0,0,0,0,-1,-1,-1,-1,-1,-20.56,-20.56,-20.56,0,21.36,30.1,-23.4,-19.92,-22.68,8.84,-1.52,0.940247,39,-19.00,7.39,4.92,26.08,-6.17,-23.4,1.83,-4.14,31.18,-12.63,0.935768,5
24-09-2025,NYSE:BRSL,"Brightstar Lottery PLC Trading under the Legal Name to begin at the market open on July 21, 2025. Ordinary Shares",3252,1548405,2.09,17.17,0.76,3.44,3.79,4.54,NA,NA,NA,NA,0,0,0,0,0,-1,-1,-1,5,-1,-5.35,-5.35,-5.35,20.15,20.15,20.15,0.14,0,0,0,0,0.940033,39,4.54,NA,NA,NA,NA,0.14,0,0,0,0,0.995093,38
24-09-2025,NASDAQ:CSTL,"Castle Biosciences, Inc. - Common stock",658,448977,5,22.67,-3.78,3.75,-1.19,9.26,14.12,8.07,-19.50,-38.82,0,0,HV2Y,0,HV2Y,-1,-1,-1,-1,-1,-8.03,-8.03,-34.61,54.74,54.74,54.74,4.86,4.4,-9.83,-33.21,-58.11,0.939839,39,9.26,5.35,-7.04,-29.99,-16.17,4.86,-0.21,-16.1,-24.89,-22.63,1.066199,84
24-09-2025,NYSE:PHK,Pimco High Income Fund,842,709874,0.69,4.92,0.20,0.00,-1.42,0.41,2.64,0.61,1.42,0.00,0,0,0,0,0,-1,-1,-1,-1,-1,-1.99,-1.99,-4.65,2.93,11.06,11.06,-3.99,-7.08,-17.29,-12.29,-19.29,0.939803,38,0.41,2.24,-2.09,0.82,-1.44,-3.99,-3.32,-11.15,5.92,-7.9,0.995238,39
24-09-2025,NYSE:TSLX,"Sixth Street Specialty Lending, Inc. Common Stock",2135,376584,1.45,22.65,-2.37,-3.31,-7.68,-6.23,-2.25,0.13,8.17,9.45,0,0,0,0,0,-1,-1,-1,-1,-1,-9.76,-9.76,-9.76,0,18.22,18.22,-10.63,-11.97,-17.77,-5.54,-9.84,0.939751,38,-6.23,3.74,2.33,8.05,1.39,-10.63,-1.82,-6.73,13.15,-5.07,0.969222,15
24-09-2025,NYSE:NOK,Nokia Corporation Sponsored American Depositary Shares,25902,28654550,1.72,4.74,-2.27,0.84,3.59,8.44,-9.07,-12.45,6.54,9.70,0,0,0,0,HV2Y,-1,-1,-1,-1,-1,-9.37,-12.71,-12.71,17.04,17.04,17.04,4.04,-18.79,-30.35,-7.17,-9.59,0.939729,38,8.44,-19.12,-3.09,16.89,3.39,4.04,-24.68,-12.15,21.99,-3.07,0.975872,19
24-09-2025,NASDAQ:CHI,Calamos Convertible Opportunities and Income Fund - Closed End Fund,853,215427,0.87,10.82,-1.28,1.57,1.85,4.34,4.90,6.56,-8.78,-8.23,0,0,0,0,0,-1,2,-1,-1,-1,-1.28,-1.28,-11.82,6.29,25.09,25.09,-0.06,-4.82,-11.34,-22.49,-27.52,0.939611,38,4.34,0.58,1.75,-16.42,0.51,-0.06,-4.98,-7.31,-11.32,-5.95,1.013512,58
24-09-2025,NYSE:MUC,"Blackrock MuniHoldings California Quality Fund, Inc.  Common Stock",1015,276954,0.89,10.69,-0.83,-1.22,-1.03,4.77,3.74,-0.75,0.61,-8.14,0,0,0,0,0,-1,-1,-1,-1,-1,-1.38,-1.75,-7.84,6.69,6.69,6.69,0.37,-5.98,-18.65,-13.1,-27.43,0.939485,38,4.77,-1.08,-4.66,1.35,-8.80,0.37,-6.64,-13.72,6.45,-15.26,1.009611,54
24-09-2025,NYSE:SID,Companhia Siderurgica Nacional S.A. Common Stock,1988,1736762,3.44,1.53,1.32,-0.65,4.58,11.76,13.73,-15.03,0.00,-35.95,0,0,0,0,0,-1,-1,-1,-1,-1,-4.97,-13.56,-38.06,22.4,22.4,22.4,7.36,4.01,-32.93,-13.71,-55.24,0.939415,38,11.76,2.22,-33.33,13.07,-35.95,7.36,-3.34,-42.39,18.17,-42.41,1.069577,85
24-09-2025,NASDAQ:NEWT,"NewtekOne, Inc. - Common Stock",316,204375,2.53,12.01,-1.23,-0.17,3.66,-2.33,9.41,-3.50,-5.00,2.91,0,0,0,0,0,-1,-1,-1,-1,-1,-4.15,-4.15,-22.32,10.39,25.89,25.89,-6.73,-0.31,-21.4,-18.71,-16.38,0.939396,38,-2.33,11.47,-14.25,-1.45,7.53,-6.73,5.91,-23.31,3.65,1.07,1.007229,52
24-09-2025,NYSE:MSA,MSA Safety Incorporated Common Stock,6638,266803,1.84,169.59,-1.45,0.37,0.15,-1.79,0.90,10.00,1.22,-6.73,0,0,0,0,0,-1,-1,-1,-1,-1,-5.8,-5.8,-6.97,1.35,30.24,30.24,-6.19,-8.82,-7.9,-12.49,-26.02,0.939162,38,-1.79,2.64,9.18,-9.76,-8.05,-6.19,-2.92,0.12,-4.66,-14.51,0.994635,38
24-09-2025,NASDAQ:CSWC,Capital Southwest Corporation - Common Stock,1248,547149,1.37,22.44,-1.58,-0.67,-1.16,0.22,5.17,-0.18,7.09,-13.01,0,0,0,0,0,-1,-1,-1,-1,-1,-3.81,-3.81,-13.19,5.45,24.74,24.74,-4.18,-4.55,-18.08,-6.62,-32.3,0.939123,38,0.22,4.96,-5.64,7.25,-21.63,-4.18,-0.6,-14.7,12.35,-28.09,1.010878,55
24-09-2025,NYSE:TRGP,"Targa Resources, Inc. Common Stock",37054,1456194,2.73,172.19,1.20,3.29,5.10,6.39,0.99,-19.39,-0.20,11.24,0,0,0,0,0,-1,-1,-1,-1,-1,-2.08,-16.3,-20.73,7.27,9.45,17.69,1.99,-8.73,-37.29,-13.91,-8.05,0.939059,38,6.39,-5.78,-20.58,16.07,11.42,1.99,-11.34,-29.64,21.17,4.96,0.994315,38
24-09-2025,NYSE:PFL,PIMCO Income Strategy Fund Shares of Beneficial Interest,382,210643,0.69,8.49,-0.35,0.00,-0.82,0.47,2.36,-0.82,2.24,0.00,0,0,0,0,0,-1,-1,-1,-1,-1,-0.93,-1.28,-3.19,2.91,9.41,9.41,-3.93,-7.36,-18.72,-11.47,-19.29,0.939049,38,0.47,1.89,-3.26,3.04,-2.29,-3.93,-3.67,-12.32,8.14,-8.75,0.994665,38
24-09-2025,NYSE:RSG,"Republic Services, Inc. Common Stock",70998,1134075,1.31,227.4,-0.06,0.50,-0.49,-2.12,-7.25,-4.57,10.31,11.44,0,0,0,0,0,-1,-1,-1,-1,-1,-7.79,-11.88,-11.88,0.92,0.92,14.85,-6.52,-16.97,-22.47,-3.4,-7.85,0.939037,38,-2.12,-5.02,2.50,14.23,1.26,-6.52,-10.58,-6.56,19.33,-5.2,0.962876,12
24-09-2025,NASDAQ:WSFS,WSFS Financial Corporation - Common Stock,3063,335818,2.17,54.73,-0.42,0.09,-2.87,-4.84,0.69,3.11,3.87,4.18,0,0,0,0,0,-1,-1,-1,-1,-1,-7.5,-7.5,-10.41,2.61,19.24,19.24,-9.24,-9.03,-14.79,-9.84,-15.11,0.938873,38,-4.84,5.28,2.43,0.79,0.32,-9.24,-0.28,-6.63,5.89,-6.14,0.981335,24
24-09-2025,NYSE:SNV,Synovus Financial Corp. Common Stock,6883,1840603,2.4,49.59,-0.40,-3.69,-3.61,-2.42,-1.29,1.94,-0.18,9.26,0,0,0,0,0,-1,-1,-1,-1,-1,-16.8,-16.8,-16.8,6.53,29.58,29.58,-6.82,-11.01,-15.96,-13.89,-10.03,0.938841,38,-2.42,1.10,3.19,-2.16,9.42,-6.82,-4.46,-5.87,2.94,2.96,0.976834,20
24-09-2025,NASDAQ:TMCI,"Treace Medical Concepts, Inc. - Common Stock",428,322078,5.05,6.78,-0.29,-3.83,-3.24,-10.18,11.95,-25.37,-1.77,19.76,0,0,0,0,HV2Y,-1,-1,-1,-1,-1,-11.95,-20.98,-35.67,26.97,26.97,45.49,-14.58,2.23,-43.27,-15.48,0.47,0.93883,38,-10.18,20.08,-42.38,18.82,21.16,-14.58,14.52,-51.44,23.92,14.7,0.999253,43
24-09-2025,NYSE:VZ,Verizon Communications Inc. Common Stock,182061,17559654,1.21,43.18,-0.39,-2.39,-0.72,-2.43,2.45,-0.72,7.43,-2.66,0,0,0,0,0,-1,-1,-1,-1,-1,-4.17,-5.35,-7.12,5.73,5.73,14.2,-6.83,-7.27,-18.62,-6.28,-21.95,0.938807,38,-2.43,4.77,-3.25,8.09,-10.91,-6.83,-0.79,-12.31,13.19,-17.37,0.993287,37
24-09-2025,NYSE:BLSH,Bullish Ordinary Shares,10185,4675139,8.75,67.59,-2.73,19.59,22.15,3.57,NA,NA,NA,NA,0,0,0,0,0,NA,-1,-1,-1,-1,-9.43,-9.43,-9.43,37.91,37.91,37.91,-0.83,0,0,0,0,0.938794,38,3.57,NA,NA,NA,NA,-0.83,0,0,0,0,0.99378,37
24-09-2025,NASDAQ:DIOD,Diodes Incorporated - Common Stock,2554,487143,2.92,54.99,0.20,1.33,4.47,-0.49,4.93,14.84,-13.29,-9.33,0,0,0,0,0,-1,-1,-1,-1,-1,-4.8,-4.8,-17.06,16.58,60.51,60.51,-4.89,-4.79,-3.06,-27,-28.62,0.938632,38,-0.49,5.39,10.42,-33.03,3.50,-4.89,-0.17,1.36,-27.93,-2.96,1.011988,56
24-09-2025,NYSE:VMO,Invesco Municipal Opportunity Trust Common Stock,645,368926,0.66,9.51,-0.52,-0.42,0.63,3.26,4.73,-0.42,0.00,-8.10,0,0,0,0,0,-1,-1,-1,-1,-1,-0.63,-0.73,-7.94,6.85,6.85,6.85,-1.14,-4.99,-18.32,-13.71,-27.39,0.93862,38,3.26,1.52,-5.41,0.42,-8.10,-1.14,-4.04,-14.47,5.52,-14.56,1.009842,54
24-09-2025,NYSE:DFH,"Dream Finders Homes, Inc. Class A Common Stock",2488,321746,4.28,26.79,-0.41,-5.08,-8.40,-8.36,9.63,9.78,11.53,-36.80,0,0,0,0,HV2Y,-1,-1,-1,-1,-1,-13.55,-13.55,-26.92,10.66,31.32,31.32,-12.76,-0.09,-8.12,-2.18,-56.09,0.938578,38,-8.36,16.60,0.17,1.94,-54.64,-12.76,11.04,-8.89,7.04,-61.1,1.031557,71
24-09-2025,NYSE:TOST,"Toast, Inc. Class A Common Stock",21880,9525828,3.32,37.53,-1.13,-8.31,-6.31,-15.75,-10.58,3.14,4.26,26.17,0,0,0,0,0,-1,-1,-1,-1,-1,-23.87,-23.87,-23.87,0,24.98,38.54,-20.15,-20.3,-14.76,-9.45,6.88,0.938541,38,-15.75,4.47,12.41,1.16,22.88,-20.15,-1.09,3.35,6.26,16.42,0.931842,4
24-09-2025,NYSE:DE,Deere & Company Common Stock,126768,1477670,1.96,468.94,-0.58,-0.04,-0.51,-4.04,-8.06,-2.13,9.02,13.45,0,0,0,0,0,-1,-1,-1,-1,-1,-10.57,-11.77,-11.77,0.05,13.55,20.41,-8.44,-17.78,-20.03,-4.69,-5.84,0.938513,38,-4.04,-3.86,5.49,10.92,4.86,-8.44,-9.42,-3.57,16.02,-1.6,0.957371,9
24-09-2025,NYSE:NVG,Nuveen AMT-Free Municipal Credit Income Fund,2626,593730,0.83,12.22,-0.65,-0.41,-1.06,4.66,3.52,-0.98,0.65,-8.92,0,0,0,0,0,-1,-1,-1,-1,-1,-1.45,-1.85,-9.62,6.17,7.67,7.67,0.26,-6.2,-18.88,-13.06,-28.21,0.938454,38,4.66,-1.20,-4.66,1.62,-9.64,0.26,-6.76,-13.72,6.72,-16.1,1.009553,54
24-09-2025,NYSE:RTO,Rentokil Initial plc American Depositary Shares (each representing five (5) Ordinary Shares),12172,755035,1.7,24.1,0.46,-2.82,-5.23,0.83,2.57,5.60,-4.90,-1.66,0,0,0,0,0,-1,-1,-1,-1,-1,-7.09,-7.09,-10.84,5.66,21.17,21.17,-3.57,-7.15,-12.3,-18.61,-20.95,0.938428,38,0.83,1.76,3.11,-11.12,3.09,-3.57,-3.8,-5.95,-6.02,-3.37,0.998154,42
24-09-2025,NYSE:MYI,"Blackrock MuniYield Quality Fund III, Inc Common Stock",732,205750,0.73,10.95,-0.54,-0.55,-0.09,3.74,4.84,-0.55,-0.09,-9.50,0,0,0,0,0,-1,-1,-1,-1,-1,-1.08,-1.08,-8.83,7.25,7.25,7.25,-0.66,-4.88,-18.45,-13.8,-28.79,0.938361,38,3.74,1.14,-5.66,0.45,-9.40,-0.66,-4.42,-14.72,5.55,-15.86,1.011788,56
24-09-2025,NASDAQ:CGNT,Cognyte Software Ltd. - Ordinary Shares,607,326382,3.62,8.43,0.00,1.19,2.02,-3.32,-8.42,1.54,-3.20,20.40,0,0,0,0,0,-1,-1,-1,-1,-1,-11.54,-25.99,-25.99,2.06,8.08,30.7,-7.72,-18.14,-16.36,-16.91,1.11,0.938354,38,-3.32,-4.94,9.19,-4.82,22.87,-7.72,-10.5,0.13,0.28,16.41,0.954874,9
24-09-2025,NYSE:IVT,InvenTrust Properties Corp. Common Stock,2286,451862,1.62,29.06,-1.32,-1.65,-1.00,-1.17,6.33,-0.58,-1.72,-1.24,0,0,0,0,0,-1,-1,-1,-1,-1,-3.33,-3.33,-7.16,8.84,11.9,11.9,-5.57,-3.39,-18.48,-15.43,-20.53,0.938304,38,-1.17,7.41,-7.38,-1.13,0.47,-5.57,1.85,-16.44,3.97,-5.99,1.003154,47
24-09-2025,NASDAQ:WAFD,"WaFd, Inc. - Common Stock",2446,466929,1.99,31.04,0.32,-0.19,-0.84,-1.03,6.96,7.70,-2.93,-13.40,0,0,0,0,0,-1,-1,-1,-1,-1,-2.85,-2.85,-18.44,7.52,26.8,26.8,-5.43,-2.76,-10.2,-16.64,-32.69,0.938228,38,-1.03,7.91,0.80,-11.52,-10.17,-5.43,2.35,-8.26,-6.42,-16.63,1.014022,59
24-09-2025,NASDAQ:LAMR,Lamar Advertising Company - Class A Common Stock,12585,548057,1.66,123.02,-1.05,-2.91,-2.91,-2.10,3.06,8.32,0.59,-8.55,0,0,0,0,0,-1,-1,-1,-1,-1,-4.5,-4.5,-10.93,6.99,20.2,20.2,-6.5,-6.66,-9.58,-13.12,-27.84,0.938141,38,-2.10,5.05,5.43,-8.42,-9.20,-6.5,-0.51,-3.63,-3.32,-15.66,0.999987,44
24-09-2025,NASDAQ:AVT,"Avnet, Inc. - Common Stock",4410,1175058,1.91,52.84,-0.32,1.00,-2.08,-4.28,1.44,7.65,-0.13,0.08,0,0,0,0,0,-1,-1,-1,-1,-1,-6.15,-6.15,-8.41,6.83,27.29,27.29,-8.68,-8.28,-10.25,-13.84,-19.21,0.938102,38,-4.28,5.48,6.30,-8.42,0.21,-8.68,-0.08,-2.76,-3.32,-6.25,0.987625,30
24-09-2025,NYSE:DD,"DuPont de Nemours, Inc. Common Stock",31743,3100971,2.14,75.81,-2.14,-1.28,-0.38,-1.52,10.32,-0.84,-1.37,-9.93,0,0,0,0,0,-1,-1,-1,-1,-1,-3.13,-3.13,-15.33,11.5,37.51,37.51,-5.92,0.6,-18.74,-15.08,-29.22,0.938041,37,-1.52,11.66,-12.44,-0.52,-8.45,-5.92,6.1,-21.5,4.58,-14.91,1.019071,62
24-09-2025,NYSE:ARES,Ares Management Corporation Class A Common Stock,36327,1310681,2.68,168.23,-7.13,-6.34,-6.36,-5.88,-0.34,7.49,-1.69,6.88,0,0,0,0,0,-1,-1,-1,-1,-1,-12.73,-12.73,-15.13,0,42.52,42.52,-10.28,-10.06,-10.41,-15.4,-12.41,0.938022,37,-5.88,5.24,7.80,-9.93,8.43,-10.28,-0.32,-1.26,-4.83,1.97,0.977504,21
24-09-2025,NYSE:HIX,Western Asset High Income Fund II Inc. Common Stock,393,340051,0.65,4.33,-0.69,-1.15,-0.46,0.69,1.62,2.31,1.62,-3.70,0,0,0,0,0,-1,-1,-1,-1,-1,-1.59,-1.59,-4.42,2.36,15.47,15.47,-3.71,-8.1,-15.59,-12.09,-22.99,0.937988,37,0.69,0.93,0.70,-0.71,-5.40,-3.71,-4.63,-8.36,4.39,-11.86,0.996112,40
24-09-2025,NASDAQ:OSPN,OneSpan Inc. - Common Stock,618,466925,2.47,16.12,1.00,2.05,6.45,11.54,-0.50,-2.30,-12.16,-0.68,0,0,0,0,0,-1,-1,-1,-1,-1,-10.69,-10.69,-20.32,26.83,26.83,26.83,7.14,-10.22,-20.2,-25.87,-19.97,0.93796,37,11.54,-13.60,-1.79,-9.64,10.23,7.14,-19.16,-10.85,-4.54,3.77,1.00703,52
24-09-2025,NYSE:RITM,Rithm Capital Corp. Common Stock,6236,6154668,1.78,11.68,-0.68,-6.68,-7.02,-6.93,3.68,0.00,8.65,-1.71,0,0,0,0,0,-1,-1,-1,-1,-1,-7.45,-7.45,-7.45,3.82,22.05,22.05,-11.33,-6.04,-17.9,-5.06,-21,0.937924,37,-6.93,9.93,-3.82,8.65,-11.34,-11.33,4.37,-12.88,13.75,-17.8,0.990152,33
24-09-2025,NASDAQ:FRME,First Merchants Corporation - Common Stock,2282,272242,2.13,39.53,-0.10,-0.81,-1.75,-3.85,6.07,-3.31,-2.10,5.64,0,0,0,0,0,-1,-1,-1,-1,-1,-5.61,-5.61,-12.64,6.64,15.82,15.82,-8.25,-3.65,-21.21,-15.81,-13.65,0.937586,37,-3.85,9.55,-9.99,1.18,7.58,-8.25,3.99,-19.05,6.28,1.12,0.994629,38
24-09-2025,NYSE:ST,Sensata Technologies Holding plc Ordinary Shares,4433,1314281,2.86,30.44,-0.85,-2.17,-3.45,-8.67,4.20,8.51,10.25,-16.13,0,0,0,0,0,-1,-1,-1,-1,-1,-9.19,-9.19,-17.69,4.39,72.07,72.07,-13.07,-5.52,-9.39,-3.46,-35.42,0.937487,37,-8.67,11.85,4.49,1.90,-29.39,-13.07,6.29,-4.57,7,-35.85,1.001039,45
24-09-2025,NASDAQ:STRC,Strategy Inc - Variable Rate Series A Perpetual Stretch Preferred Stock,92943,557791,0.62,97.5,0.10,0.25,0.10,2.46,NA,NA,NA,NA,0,0,0,0,0,NA,-1,-1,7,-1,-0.56,-0.56,-0.56,10.05,10.05,10.05,-1.94,0,0,0,0,0.937422,37,2.46,NA,NA,NA,NA,-1.94,0,0,0,0,0.992329,36
24-09-2025,NASDAQ:NEXN,Nexxen International Ltd. - Ordinary Shares,592,373106,3.27,9.28,0.54,-0.11,-3.02,-8.51,-6.90,15.73,-4.53,10.13,0,0,0,0,HV2Y,-1,-1,-1,-1,-1,-19.58,-24.68,-24.68,0.98,23.73,29.79,-12.91,-16.62,-2.17,-18.24,-9.16,0.9374,37,-8.51,1.49,21.17,-24.04,14.02,-12.91,-4.07,12.11,-18.94,7.56,0.963614,12
24-09-2025,NASDAQ:TROW,"T. Rowe Price Group, Inc. - Common Stock",22730,1617680,2.04,103.45,-1.16,-1.36,-3.08,-3.88,8.22,7.71,-9.20,-4.68,0,0,0,0,0,-1,-1,-1,-1,-1,-7.24,-7.24,-17.03,8.95,28.88,28.88,-8.28,-1.5,-10.19,-22.91,-23.97,0.937384,37,-3.88,11.64,-0.55,-18.33,4.14,-8.28,6.08,-9.61,-13.23,-2.32,1.00893,53
24-09-2025,NYSE:BR,"Broadridge Financial Solutions, Inc. Common Stock",27644,660994,1.59,236.01,-1.18,-3.86,-5.97,-8.76,-0.91,-0.39,5.01,11.77,0,0,0,0,0,-1,-1,-1,-1,-1,-11.57,-11.57,-11.57,0.97,8.65,13.35,-13.16,-10.63,-18.29,-8.7,-7.52,0.937357,37,-8.76,7.22,0.51,5.39,7.12,-13.16,1.66,-8.55,10.49,0.66,0.967743,14
24-09-2025,NYSE:A,"Agilent Technologies, Inc. Common Stock",35262,1910499,2.22,125.94,-0.31,-0.99,-0.25,3.42,6.59,3.15,-5.61,-12.71,0,0,0,0,0,-1,-1,-1,-1,-1,-2.18,-2.18,-17.47,12.41,26.84,26.84,-0.98,-3.13,-14.75,-19.32,-32,0.937266,37,3.42,3.28,-3.68,-9.05,-6.72,-0.98,-2.28,-12.74,-3.95,-13.18,1.018321,62
24-09-2025,NYSE:OOMA,"Ooma, Inc. Common Stock",351,216385,3.21,12.7,-0.47,-2.76,1.50,5.67,2.36,-9.61,-13.46,12.28,0,0,0,0,HV2Y,-1,-1,-1,-1,-1,-4.22,-8.76,-20.82,15.66,15.66,15.66,1.27,-7.36,-27.51,-27.17,-7.01,0.937266,37,5.67,-3.51,-12.26,-3.52,22.69,1.27,-9.07,-21.32,1.58,16.23,0.996452,40
24-09-2025,NASDAQ:SVC,Service Properties Trust - Shares of Beneficial Interest,458,1386016,4.35,2.75,0.00,-0.73,-2.18,0.73,13.45,-0.36,15.27,-78.18,0,0,0,0,0,-1,-1,-1,-1,-1,-9.54,-9.54,-44.22,20.61,54.49,54.49,-3.67,3.73,-18.26,1.56,-97.47,0.937181,37,0.73,12.82,-15.97,15.58,-110.30,-3.67,7.26,-25.03,20.68,-116.76,1.091504,89
24-09-2025,NASDAQ:SLAB,"Silicon Laboratories, Inc. - Common Stock",4332,235407,2.73,132,-1.13,-3.16,-0.17,-7.74,-12.58,6.80,6.19,15.33,0,0,0,HV2Y,0,-1,-1,-1,-1,-1,-14,-14,-16.82,6.66,53.19,53.19,-12.14,-22.3,-11.1,-7.52,-3.96,0.937074,37,-7.74,-4.49,17.21,-0.65,9.75,-12.14,-10.05,8.15,4.45,3.29,0.944935,7
24-09-2025,NYSE:KBH,KB Home Common Stock,4245,1398305,2.62,62.38,-0.05,-4.25,-5.11,-2.20,17.04,6.11,-5.50,-39.84,0,0,0,0,0,-1,-1,-1,11,-1,-8.22,-8.22,-29.27,20.54,24.39,24.39,-6.6,7.32,-11.79,-19.21,-59.13,0.93705,37,-2.20,18.82,-13.18,-12.36,-32.55,-6.6,13.26,-22.24,-7.26,-39.01,1.058205,81
24-09-2025,NASDAQ:SWBI,"Smith & Wesson Brands, Inc. - Common Stock",419,1300669,4.16,9.46,-1.77,0.42,0.74,13.11,9.20,-0.74,-7.72,-41.44,0,0,0,0,0,-1,-1,-1,-1,-1,-1.77,-13.05,-32.91,22.22,22.22,22.22,8.71,-0.52,-18.64,-21.43,-60.73,0.936935,37,13.11,-4.50,-10.94,-6.93,-31.31,8.71,-10.06,-20,-1.83,-37.77,1.059077,82
24-09-2025,AMEX:EVV,Eaton Vance Limited Duration Income Fund Common Shares of Beneficial Interest,1184,307932,0.72,10.21,0.20,0.20,-1.08,-0.88,0.69,0.39,4.02,-1.76,0,0,0,0,0,-1,-1,-1,-1,-1,-1.78,-1.78,-2.85,1.79,10.38,10.38,-5.28,-9.03,-17.51,-9.69,-21.05,0.936788,37,-0.88,1.55,-0.30,3.64,-6.02,-5.28,-4.01,-9.36,8.74,-12.48,0.990555,33
24-09-2025,NASDAQ:AGNC,AGNC Investment Corp. - Common Stock,10219,21181575,1.47,9.81,0.93,-3.26,-5.50,-0.71,5.10,-3.26,5.10,-7.65,0,0,0,0,0,-1,-1,-1,-1,-1,-5.4,-5.4,-7.45,6.75,20.81,20.81,-5.11,-4.62,-21.16,-8.61,-26.94,0.936751,37,-0.71,5.77,-8.81,8.09,-13.43,-5.11,0.21,-17.87,13.19,-19.89,1.005551,50
24-09-2025,NASDAQ:CHKP,Check Point Software Technologies Ltd. - Ordinary Shares,22036,736375,2.01,203.34,1.11,3.34,4.48,7.68,-7.67,-13.40,8.03,4.55,0,0,0,0,0,-1,-1,-1,-1,-1,-12.06,-12.91,-12.91,12.51,12.51,19.49,3.28,-17.39,-31.3,-5.68,-14.74,0.936697,37,7.68,-16.63,-5.32,18.90,-3.79,3.28,-22.19,-14.38,24,-10.25,0.981751,24
24-09-2025,NASDAQ:FLYW,Flywire Corporation - Voting Common Stock,1612,2204089,3.91,13.18,1.00,-2.66,-0.38,2.58,13.81,22.53,-55.31,-25.64,0,0,0,0,0,-1,-1,-1,-1,-1,-4.08,-4.08,-43.43,27.59,56.53,56.53,-1.82,4.09,4.63,-69.02,-44.93,0.936643,37,2.58,11.53,10.12,-100.49,19.10,-1.82,5.97,1.06,-95.39,12.64,1.076339,86
24-09-2025,NASDAQ:KROS,"Keros Therapeutics, Inc. - common stock",640,334793,3.03,15.75,0.38,0.83,0.63,6.29,13.33,28.32,-7.43,-254.29,0,0,0,0,0,-1,-1,-1,-1,-1,-1.81,-1.81,-77.5,18.07,64.92,64.92,1.89,3.61,10.42,-21.14,-273.58,0.936623,37,6.29,7.52,17.29,-49.87,-229.79,1.89,1.96,8.23,-44.77,-236.25,1.215204,97
24-09-2025,NASDAQ:CAN,Canaan Inc. - American Depositary Shares,347,30859414,6.16,0.887,19.83,8.69,14.85,16.57,30.98,-21.76,-160.43,-13.87,0,0,HV2Y,HV2Y,2,-1,-1,-1,-1,-1,-9.31,-17.87,-71.29,49.18,53.57,53.57,12.17,21.26,-39.66,-174.14,-33.16,0.936594,37,16.57,17.27,-76.41,-113.89,56.28,12.17,11.71,-85.47,-108.79,49.82,1.19224,96
24-09-2025,NYSE:KR,Kroger Company (The) Common Stock,43439,8716743,2.05,65.55,0.31,-2.15,-2.26,-7.00,-10.18,1.85,7.00,15.50,0,0,0,0,0,-1,-1,-1,-1,-1,-11.84,-11.84,-11.84,1.6,1.88,18.73,-11.4,-19.9,-16.05,-6.71,-3.79,0.936592,37,-7.00,-2.97,10.91,5.25,9.14,-11.4,-8.53,1.85,10.35,2.68,0.948926,7
24-09-2025,NYSE:MAS,Masco Corporation Common Stock,14986,2338148,1.97,71.58,0.00,-1.24,-2.22,-4.08,11.72,1.66,-1.55,-14.71,0,0,0,0,0,-1,-1,-1,-1,-1,-5.9,-5.9,-16.49,13.28,21.88,21.88,-8.48,2,-16.24,-15.26,-34,0.936552,37,-4.08,15.18,-11.39,-3.27,-12.96,-8.48,9.62,-20.45,1.83,-19.42,1.023085,65
24-09-2025,NYSE:AR,Antero Resources Corporation Common Stock,10479,4576930,3.02,33.92,1.74,4.89,3.15,9.64,-21.05,-22.11,9.02,19.10,0,0,0,0,0,-1,-1,-1,-1,-1,-17.63,-22.52,-22.52,13.56,13.56,32.81,5.24,-30.77,-40.01,-4.69,-0.19,0.936478,37,9.64,-33.96,-0.88,25.49,11.08,5.24,-39.52,-9.94,30.59,4.62,0.951368,8
24-09-2025,NYSE:UNP,Union Pacific Corporation Common Stock,136613,5036692,1.69,230.36,1.04,5.73,6.59,3.06,1.54,-2.36,3.13,-6.52,0,0,0,0,0,-1,-1,-1,-1,-1,-2.87,-3.4,-9.46,7.19,10.61,10.61,-1.34,-8.18,-20.26,-10.58,-25.81,0.936452,37,3.06,-1.56,-3.96,5.36,-9.97,-1.34,-7.12,-13.02,10.46,-16.43,1.001223,45
24-09-2025,NASDAQ:AGYS,"Agilysys, Inc. - Common Stock",2923,205919,2.82,105.91,-0.97,-1.60,-2.11,-4.36,-8.74,26.86,-21.98,1.23,0,0,0,0,0,-1,-1,-1,-1,-1,-11.29,-11.29,-25.28,2.08,61.06,61.06,-8.76,-18.46,8.96,-35.69,-18.06,0.936369,37,-4.36,-4.20,32.74,-66.78,19.03,-8.76,-9.76,23.68,-61.68,12.57,0.989446,32
24-09-2025,NYSE:BRSP,"BrightSpire Capital, Inc. Class A Common Stock",740,701108,1.81,5.68,-0.18,-0.18,-3.87,-0.18,8.45,-2.82,-3.87,-5.28,0,0,0,0,0,-1,-1,-1,-1,-1,-4.38,-4.38,-11.66,15.68,32.09,32.09,-4.58,-1.27,-20.72,-17.58,-24.57,0.936247,37,-0.18,8.61,-12.31,-1.03,-1.36,-4.58,3.05,-21.37,4.07,-7.82,1.012953,57
24-09-2025,NYSE:BSX,Boston Scientific Corporation Common Stock,145301,9886633,1.96,98.06,0.38,-0.45,-7.31,-7.19,-6.35,-5.12,9.59,14.42,0,0,0,0,0,-1,-1,-1,-1,-1,-9.32,-9.32,-9.32,1.06,9.32,18.03,-11.59,-16.07,-23.02,-4.12,-4.87,0.936158,36,-7.19,0.78,1.16,13.99,5.35,-11.59,-4.78,-7.9,19.09,-1.11,0.956449,9
24-09-2025,NYSE:VICI,VICI Properties Inc. Common Stock,34049,8671600,1.19,31.89,-0.13,-2.23,-3.92,-5.05,-1.16,0.78,11.35,-3.70,0,0,0,0,0,-1,-1,-1,-1,-1,-6.01,-6.01,-6.01,1.46,8.43,13.05,-9.45,-10.88,-17.12,-2.36,-22.99,0.936137,36,-5.05,3.70,1.92,10.65,-16.98,-9.45,-1.86,-7.14,15.75,-23.44,0.983562,26
24-09-2025,NYSE:SUI,"Sun Communities, Inc. Common Stock",16143,904688,1.62,127.98,-0.78,-0.38,-0.34,1.42,0.77,-0.15,6.32,-9.92,0,0,0,0,0,-1,-1,-1,-1,-1,-2.51,-3.23,-9.03,9.76,11.66,11.66,-2.98,-8.95,-18.05,-7.39,-29.21,0.936131,36,1.42,-0.67,-0.92,6.46,-17.34,-2.98,-6.23,-9.98,11.56,-23.8,1.000017,44
24-09-2025,NYSE:HOMB,"Home BancShares, Inc. Common Stock",5631,1108645,2.09,28.57,-0.56,-2.00,-3.29,-4.03,1.37,0.28,1.61,3.99,0,0,0,0,0,-1,-1,-1,-1,-1,-5.37,-5.37,-10.97,3.7,14.05,14.05,-8.43,-8.35,-17.62,-12.1,-15.3,0.936052,36,-4.03,5.18,-1.10,1.33,2.42,-8.43,-0.38,-10.16,6.43,-4.04,0.984138,27
24-09-2025,NYSE:WTRG,"Essential Utilities, Inc. Common Stock",10602,2123384,1.61,37.8,0.72,1.30,-0.45,-3.41,1.88,-0.26,4.29,-0.53,0,0,0,0,0,-1,-1,-1,-1,-1,-5.1,-8.67,-8.67,2.91,2.91,12.87,-7.81,-7.84,-18.16,-9.42,-19.82,0.935932,36,-3.41,5.12,-2.18,4.54,-5.03,-7.81,-0.44,-11.24,9.64,-11.49,0.989189,31
24-09-2025,NYSE:RYN,Rayonier Inc. REIT Common Stock,3988,1129670,1.81,26.19,1.24,1.79,0.04,-2.33,14.74,-4.89,0.15,-21.69,0,0,0,0,0,-1,-1,-1,-1,-1,-3.39,-6.53,-19.07,18.4,18.4,18.4,-6.73,5.02,-22.79,-13.56,-40.98,0.935832,36,-2.33,16.68,-23.02,4.81,-21.87,-6.73,11.12,-32.08,9.91,-28.33,1.039761,74
24-09-2025,NASDAQ:FULT,Fulton Financial Corporation - Common Stock,3414,1431366,2.1,18.75,-0.85,-1.65,-2.77,-4.69,5.12,2.40,-3.47,1.39,0,0,0,0,0,-1,-1,-1,-1,-1,-5.59,-5.59,-14.73,6.72,23.93,23.93,-9.09,-4.6,-15.5,-17.18,-17.9,0.935798,36,-4.69,9.37,-2.87,-6.01,4.69,-9.09,3.81,-11.93,-0.91,-1.77,0.994542,38
24-09-2025,NASDAQ:RBBN,Ribbon Communications Inc.  - Common Stock,685,621405,3.37,3.87,-1.28,0.52,-2.07,-1.55,-4.65,-9.30,-4.65,21.19,0,0,0,HV2Y,HV2Y,-1,-1,-1,-1,-1,-8.94,-8.94,-24.71,8.1,26.89,26.89,-5.95,-14.37,-27.2,-18.36,1.9,0.93575,36,-1.55,-3.05,-4.44,4.26,24.69,-5.95,-8.61,-13.5,9.36,18.23,0.96367,12
24-09-2025,NYSE:JOE,St. Joe Company (The) Common Stock,2839,229202,2.46,49.02,-1.92,-4.98,-2.45,-2.51,2.92,4.63,10.65,-23.01,0,0,0,0,0,-1,-1,-1,-1,-1,-6.88,-6.88,-18.87,3,20.09,20.09,-6.91,-6.8,-13.27,-3.06,-42.3,0.93573,36,-2.51,5.29,1.77,6.31,-37.67,-6.91,-0.27,-7.29,11.41,-44.13,1.010856,55
24-09-2025,NASDAQ:CVBF,CVB Financial Corporation - Common Stock,2700,685210,2.09,19.59,0.05,0.15,-3.78,-2.25,1.89,3.32,-8.68,6.84,0,0,0,0,0,-1,-1,-1,-1,-1,-7.55,-7.55,-18.37,6.64,19.38,19.38,-6.65,-7.83,-14.58,-22.39,-12.45,0.935581,36,-2.25,4.04,1.46,-12.41,14.28,-6.65,-1.52,-7.6,-7.31,7.82,0.987757,30
24-09-2025,NASDAQ:ANAB,"AnaptysBio, Inc. - Common Stock",620,576326,6.39,20.95,-2.10,7.40,-5.63,3.48,-11.31,10.69,26.78,-79.14,0,0,0,HV2Y,HV2Y,-1,-1,-1,-1,-1,-22.41,-22.41,-45.56,7.99,29,69.29,-0.92,-21.03,-7.21,13.07,-98.43,0.93555,36,3.48,-15.33,19.77,18.01,-144.65,-0.92,-20.89,10.71,23.11,-151.11,1.055725,80
24-09-2025,NASDAQ:AVXL,Anavex Life Sciences Corp. - Common Stock,725,1082631,5.64,8.44,-0.82,-4.03,-5.15,-11.37,-11.49,-13.27,-0.36,33.18,0,0,0,HV2Y,HV2Y,-1,-1,-1,-1,-1,-37.06,-37.06,-37.3,0,14.52,65.17,-15.77,-21.21,-31.17,-14.07,13.89,0.93543,36,-11.37,-0.11,-1.59,11.40,33.41,-15.77,-5.67,-10.65,16.5,26.95,0.930556,4
24-09-2025,NYSE:WM,"Waste Management, Inc. Common Stock",88389,1587941,1.34,219.42,0.55,1.71,0.79,-2.11,-4.17,-3.49,6.33,6.98,0,0,0,0,0,-1,-1,-1,-1,-1,-7.46,-9.37,-9.37,2.59,2.59,9.41,-6.51,-13.89,-21.39,-7.38,-12.31,0.935417,36,-2.11,-2.03,0.66,9.49,0.70,-6.51,-7.59,-8.4,14.59,-5.76,0.972405,17
24-09-2025,NASDAQ:MAR,Marriott International - Class A Common Stock,71160,1312671,1.86,262.14,0.11,0.03,-0.11,-2.46,-1.47,5.97,-6.44,6.77,0,0,0,0,0,-1,-1,-1,-1,-1,-7.33,-7.33,-13.9,2.66,24.17,24.17,-6.86,-11.19,-11.93,-20.15,-12.52,0.935313,36,-2.46,0.97,7.33,-13.20,12.41,-6.86,-4.59,-1.73,-8.1,5.95,0.980315,23
24-09-2025,NASDAQ:FDUS,Fidus Investment Corporation - Closed End Fund,722,246243,1.21,20.4,0.34,-3.33,-4.51,-4.17,2.89,-2.01,0.59,4.26,0,0,0,0,0,-1,-1,-1,-1,-1,-7.23,-7.23,-12.71,2.98,17.78,17.78,-8.57,-6.83,-19.91,-13.12,-15.03,0.935276,36,-4.17,6.78,-5.05,2.55,3.70,-8.57,1.22,-14.11,7.65,-2.76,0.987366,30
24-09-2025,NASDAQ:GIII,"G-III Apparel Group, LTD. - Common Stock",1136,752613,3.31,26.9,0.94,-1.12,0.78,0.71,19.14,-0.78,-25.17,-17.88,0,0,0,0,0,-1,-1,-1,-1,-1,-2.64,-7.53,-25.48,23.68,30.96,30.96,-3.69,9.42,-18.68,-38.88,-37.17,0.935259,36,0.71,18.57,-24.64,-24.20,5.82,-3.69,13.01,-33.7,-19.1,-0.64,1.057322,81
24-09-2025,NYSE:UE,Urban Edge Properties Common Shares of Beneficial Interest,2564,980559,1.76,19.95,-2.11,-2.86,-5.36,-3.56,7.72,4.81,-6.67,-6.12,0,0,0,0,0,-1,-1,-1,-1,-1,-5.94,-5.94,-15.47,8.37,22.39,22.39,-7.96,-2,-13.09,-20.38,-25.41,0.935216,36,-3.56,10.89,-3.15,-12.06,0.52,-7.96,5.33,-12.21,-6.96,-5.94,1.008083,53
24-09-2025,NASDAQ:VRRM,Verra Mobility Corporation - Class A Common Stock,3886,858848,2.32,24.36,0.00,1.07,0.41,-2.46,-2.67,13.51,2.96,-14.12,0,0,0,0,0,-1,-1,-1,-1,-1,-5.03,-5.03,-12.84,3.7,20.65,23.28,-6.86,-12.39,-4.39,-10.75,-33.41,0.935216,36,-2.46,-0.20,15.75,-12.20,-17.60,-6.86,-5.76,6.69,-7.1,-24.06,0.992999,36
24-09-2025,NASDAQ:TALK,"Talkspace, Inc. - Common Stock",447,1073885,3.44,2.67,1.14,4.87,4.49,0.56,-1.12,-6.37,-12.73,17.98,0,0,0,0,HV2Y,-1,-1,-1,-1,-1,-4.64,-21.7,-35.97,17.62,17.62,34.17,-3.84,-10.84,-24.27,-26.44,-1.31,0.935068,36,0.56,-1.69,-5.19,-5.99,27.24,-3.84,-7.25,-14.25,-0.89,20.78,0.977991,21
24-09-2025,NYSE:BOX,"Box, Inc. Class A Common Stock",4683,2269878,2.28,32.32,-0.15,-1.30,-1.18,2.78,-5.63,4.86,0.80,-2.07,0,0,HVY,HVY,0,-1,-1,-1,-1,-1,-5.41,-16.16,-16.16,4.16,13.72,13.72,-1.62,-15.35,-13.04,-12.91,-21.36,0.935008,36,2.78,-8.66,9.93,-4.26,-2.90,-1.62,-14.22,0.87,0.84,-9.36,0.983403,26
24-09-2025,NYSE:EW,Edwards Lifesciences Corporation Common Stock,43833,4216715,1.98,74.66,0.12,-0.72,-4.85,-8.30,-3.09,4.58,0.98,10.49,0,0,0,0,0,-1,-1,-1,-1,-1,-8.76,-8.76,-8.76,1.23,11.32,15.68,-12.7,-12.81,-13.32,-12.73,-8.8,0.934957,36,-8.30,4.81,7.44,-3.78,9.60,-12.7,-0.75,-1.62,1.32,3.14,0.965716,13
24-09-2025,NASDAQ:CEPF,"Cantor Equity Partners IV, Inc. - Class A Ordinary Shares",581,239252,0.58,10.17,-0.20,0.05,0.59,0.39,NA,NA,NA,NA,0,0,0,0,0,NA,-1,-1,-1,-1,-0.2,-0.2,-0.2,0.69,0.69,0.69,-4.01,0,0,0,0,0.934936,36,0.39,NA,NA,NA,NA,-4.01,0,0,0,0,0.989696,32
24-09-2025,NYSE:WAB,Westinghouse Air Brake Technologies Corporation Common Stock,32876,1122387,2.2,192.31,-1.13,3.46,1.41,-0.52,-5.96,1.41,1.43,6.81,0,0,0,0,HV2Y,-1,-1,-1,-1,-1,-10.29,-10.29,-10.29,3.59,20.03,20.03,-4.92,-15.68,-16.49,-12.28,-12.48,0.934775,36,-0.52,-5.41,6.95,0.02,5.45,-4.92,-10.97,-2.11,5.12,-1.01,0.97153,17
24-09-2025,NYSE:ED,"Consolidated Edison, Inc. Common Stock",35636,2352219,1.33,98.81,0.26,2.44,1.75,-1.15,0.77,-6.82,9.86,-4.59,0,0,0,0,0,-1,-1,-1,-1,-1,-6.22,-12.79,-12.79,3.39,3.39,12.28,-5.55,-8.95,-24.72,-3.85,-23.88,0.934689,36,-1.15,1.90,-7.65,15.61,-16.03,-5.55,-3.66,-16.71,20.71,-22.49,0.993757,37
24-09-2025,NASDAQ:WDAY,"Workday, Inc. - Class A Common Stock",64483,3684819,2.63,241.51,0.50,2.75,6.22,7.50,3.33,-4.69,-10.48,-2.81,0,0,0,0,0,-1,-1,-1,-1,-1,-0.47,-12.09,-13.72,13.02,14.75,14.75,3.1,-6.39,-22.59,-24.19,-22.1,0.934643,36,7.50,-4.51,-8.30,-5.54,6.95,3.1,-10.07,-17.36,-0.44,0.49,1.010321,55
24-09-2025,NYSE:MTW,"Manitowoc Company, Inc. (The) Common Stock",354,288242,3.09,9.99,-0.20,0.10,-0.70,-1.00,-17.02,4.50,12.21,4.10,0,0,0,0,HV2Y,-1,-1,-1,-1,-1,-25.39,-25.39,-25.39,9.3,37.98,37.98,-5.4,-26.74,-13.4,-1.5,-15.19,0.934561,36,-1.00,-15.86,18.39,8.07,-9.24,-5.4,-21.42,9.33,13.17,-15.7,0.953948,8
24-09-2025,NYSE:SMA,"SmartStop Self Storage REIT, Inc. Common Stock",1462,419139,2.32,36.45,-1.49,-6.04,-3.90,0.19,-0.14,NA,NA,NA,0,0,0,0,0,-1,-1,-1,-1,-1,-6.51,-6.51,-6.51,7.65,16.75,16.75,-4.21,-9.86,0,0,0,0.93454,36,0.19,-0.33,NA,NA,NA,-4.21,-5.89,0,0,0,0.902721,2
24-09-2025,NASDAQ:ADAM,"Adamas Trust, Inc. - Common Stock",660,769651,2.35,7.31,0.97,0.96,0.27,NA,NA,NA,NA,NA,0,0,0,0,0,NA,-1,-1,-1,-1,-1.35,-1.35,-1.35,3.54,3.54,3.54,0,0,0,0,0,0.934475,36,NA,NA,NA,NA,NA,0,0,0,0,0,0.989208,32
24-09-2025,NYSE:ANGX,"Angel Studios, Inc. Class A Common Stock",436,1048189,56.05,5,-13.64,-160.20,-442.00,NA,NA,NA,NA,NA,0,0,0,0,0,NA,-1,-1,-1,-1,-88.64,-88.64,-88.64,0,0,0,0,0,0,0,0,0.934475,36,NA,NA,NA,NA,NA,0,0,0,0,0,0.989208,32
24-09-2025,NYSE:BBT,Beacon Financial Corporation Common stock,2057,1093579,2.94,24.41,-1.73,-2.54,-7.09,NA,NA,NA,NA,NA,0,0,0,0,0,NA,-1,-1,-1,-1,-9.02,-9.02,-9.02,0,0,0,0,0,0,0,0,0.934475,35,NA,NA,NA,NA,NA,0,0,0,0,0,0.989208,32
24-09-2025,NASDAQ:BRBI,BRBI BR Partners S.A. - ADSs,785,392796,0,16.53,-31.12,NA,NA,NA,NA,NA,NA,NA,0,0,0,0,0,NA,0,-1,-1,-1,NA,NA,NA,0,0,0,0,0,0,0,0,0.934475,35,NA,NA,NA,NA,NA,0,0,0,0,0,0.989208,32
24-09-2025,NASDAQ:BRCB,"Black Rock Coffee Bar, Inc. - Class A Common Stock",1247,1359289,9.09,25,-2.23,-11.00,NA,NA,NA,NA,NA,NA,0,0,0,0,0,NA,4,-1,-1,-1,-10.2,-10.2,-10.2,0,0,0,0,0,0,0,0,0.934475,35,NA,NA,NA,NA,NA,0,0,0,0,0,0.989208,32
24-09-2025,NASDAQ:ELVR,Sayona Mining Limited - American Depository Shares,366,241692,6.97,21.6,1.50,14.12,12.69,NA,NA,NA,NA,NA,0,0,0,0,0,NA,-1,-1,-1,-1,-5.35,-5.35,-5.35,34.08,34.08,34.08,0,0,0,0,0,0.934475,35,NA,NA,NA,NA,NA,0,0,0,0,0,0.989208,32
24-09-2025,NASDAQ:FIGR,"Figure Technology Solutions, Inc. - Class A Common Stock",8612,10445515,16.11,40.69,2.75,8.65,NA,NA,NA,NA,NA,NA,0,0,0,0,0,NA,-1,-1,-1,-1,-9.5,-9.5,-9.5,30.79,30.79,30.79,0,0,0,0,0,0.934475,35,NA,NA,NA,NA,NA,0,0,0,0,0,0.989208,32
24-09-2025,NASDAQ:GEMI,"Gemini Space Station, Inc. - Class A Common Stock",2850,10478122,15.87,24.28,-0.29,-1.03,NA,NA,NA,NA,NA,NA,0,0,0,0,0,NA,4,-1,-1,-1,-25.34,-25.34,-25.34,3.63,3.63,3.63,0,0,0,0,0,0.934475,35,NA,NA,NA,NA,NA,0,0,0,0,0,0.989208,32
24-09-2025,NYSE:KLAR,Klarna Group plc Ordinary Shares,16169,9232737,7.97,42.86,-0.44,-5.83,-6.91,NA,NA,NA,NA,NA,0,0,0,0,0,NA,-1,-1,-1,-1,-6.46,-6.46,-6.46,0.28,0.28,0.28,0,0,0,0,0,0.934475,35,NA,NA,NA,NA,NA,0,0,0,0,0,0.989208,32
24-09-2025,NASDAQ:KOYNU,CSLM Digital Asset Acquisition Corp III - Units,310,965337,0.28,10.13,0.10,0.54,0.99,NA,NA,NA,NA,NA,0,0,0,0,0,NA,-1,5,-1,-1,-0.1,-0.1,-0.1,1.3,1.3,1.3,0,0,0,0,0,0.934475,35,NA,NA,NA,NA,NA,0,0,0,0,0,0.989208,32
24-09-2025,NASDAQ:LBRX,LB Pharmaceuticals Inc - Common Stock,337,583443,11.56,15,0.67,-8.73,NA,NA,NA,NA,NA,NA,0,0,0,0,0,NA,-1,-1,-1,-1,-13.29,-13.29,-13.29,0.67,0.67,0.67,0,0,0,0,0,0.934475,35,NA,NA,NA,NA,NA,0,0,0,0,0,0.989208,32
24-09-2025,NASDAQ:LGN,Legence Corp. - Class A Common stock,3447,2310149,9.45,33.88,1.44,10.48,NA,NA,NA,NA,NA,NA,0,0,0,0,0,NA,2,-1,-1,-1,0,0,0,14,14,14,0,0,0,0,0,0.934475,35,NA,NA,NA,NA,NA,0,0,0,0,0,0.989208,31
24-09-2025,NASDAQ:MBVIU,M3-Brigade Acquisition VI Corp. - Units,348,1002444,0.21,10.11,0.10,0.54,0.99,NA,NA,NA,NA,NA,0,0,0,0,0,NA,-1,4,-1,-1,0,0,0,1.1,1.1,1.1,0,0,0,0,0,0.934475,35,NA,NA,NA,NA,NA,0,0,0,0,0,0.989208,31
24-09-2025,NASDAQ:MCHB,Mechanics Bancorp - Class A Common Stock,2957,276247,4.49,13.45,2.36,2.38,0.22,NA,NA,NA,NA,NA,0,0,0,0,0,NA,-1,-1,-1,-1,-99.97,-99.97,-99.97,5.16,5.16,5.16,0,0,0,0,0,0.934475,35,NA,NA,NA,NA,NA,0,0,0,0,0,0.989208,31
24-09-2025,NASDAQ:NTSK,"Netskope, Inc. - Class A Common Stock",8933,13401898,11.68,23.38,-2.99,NA,NA,NA,NA,NA,NA,NA,0,0,0,0,0,NA,0,-1,-1,-1,-9.34,-9.34,-9.34,3.96,3.96,3.96,0,0,0,0,0,0.934475,35,NA,NA,NA,NA,NA,0,0,0,0,0,0.989208,31
24-09-2025,AMEX:PMI,"Picard Medical, Inc. Common Stock",573,2909514,12.1,7.77,-0.38,2.45,16.60,NA,NA,NA,NA,NA,0,0,0,0,0,NA,-1,-1,-1,-1,-0.38,-0.38,-0.38,69.28,69.28,69.28,0,0,0,0,0,0.934475,35,NA,NA,NA,NA,NA,0,0,0,0,0,0.989208,31
24-09-2025,NASDAQ:PTRN,Pattern Group Inc. - Series A Common Stock,2369,6365137,0,13.46,-3.93,NA,NA,NA,NA,NA,NA,NA,0,0,0,0,0,NA,0,-1,-1,-1,NA,NA,NA,0,0,0,0,0,0,0,0,0.934475,35,NA,NA,NA,NA,NA,0,0,0,0,0,0.989208,31
24-09-2025,NYSE:STUB,"StubHub Holdings, Inc. Class A Common Stock",6407,16165198,13.77,17.42,-7.34,-26.29,NA,NA,NA,NA,NA,NA,0,0,0,0,0,NA,1,-1,-1,-1,-20.82,-20.82,-20.82,0.06,0.06,0.06,0,0,0,0,0,0.934475,35,NA,NA,NA,NA,NA,0,0,0,0,0,0.989208,31
24-09-2025,NASDAQ:THH,TryHard Holdings Limited - Ordinary Shares,392,260881,21.64,7.84,11.84,-5.48,27.30,NA,NA,NA,NA,NA,0,0,0,0,0,NA,-1,-1,-1,-1,-5.2,-5.2,-5.2,72.31,72.31,72.31,0,0,0,0,0,0.934475,35,NA,NA,NA,NA,NA,0,0,0,0,0,0.989208,31
24-09-2025,NYSE:SLG,SL Green Realty Corp Common Stock,4678,1081552,2.86,61,-1.07,-1.18,0.87,7.93,4.18,3.05,-9.49,-18.02,0,0,0,0,0,-1,-1,-1,-1,-1,-7.11,-7.49,-24.81,17.22,27.35,27.35,3.53,-5.54,-14.85,-23.2,-37.31,0.934422,35,7.93,-4.08,-1.18,-12.94,-7.79,3.53,-9.64,-10.24,-7.84,-14.25,1.023254,66
24-09-2025,NYSE:EVAC,EQV Ventures Acquisition Corp. II Class A Ordinary Shares,587,224531,0.17,9.945,0.05,0.00,0.25,-0.05,NA,NA,NA,NA,0,0,0,0,0,NA,-1,-1,-1,-1,-0.35,-0.35,-0.35,0.25,0.25,0.25,-4.45,0,0,0,0,0.934416,35,-0.05,NA,NA,NA,NA,-4.45,0,0,0,0,0.989146,31
24-09-2025,NYSE:NAC,Nuveen California Quality Municipal Income Fund,1644,494499,0.71,11.29,-0.62,-1.06,-2.57,0.71,1.77,-0.35,1.15,-5.58,0,0,0,0,0,-1,-1,-1,-1,-1,-2.5,-2.5,-5.76,3.58,7.42,7.42,-3.69,-7.95,-18.25,-12.56,-24.87,0.934375,35,0.71,1.07,-2.16,1.50,-6.81,-3.69,-4.49,-11.22,6.6,-13.27,0.997947,42
24-09-2025,NASDAQ:GTEN,"Gores Holdings X, Inc. - Class A ordinary shares",460,213811,0.38,10.21,-0.15,0.29,0.29,0.34,-0.49,NA,NA,NA,0,0,0,0,0,-1,-1,-1,-1,-1,-2.3,-2.3,-2.3,0.79,0.79,0.79,-4.06,-10.21,0,0,0,0.934307,35,0.34,-0.84,NA,NA,NA,-4.06,-6.4,0,0,0,0.902475,2
24-09-2025,NYSE:ETD,Ethan Allen Interiors Inc. Common Stock,735,279727,1.98,28.87,-0.41,-1.14,-1.49,-4.30,5.06,3.81,1.94,-10.29,0,0,0,0,0,-1,-1,-1,-1,-1,-5.28,-5.28,-9.58,5.33,14.29,14.29,-8.7,-4.66,-14.09,-11.77,-29.58,0.934205,35,-4.30,8.97,-1.31,-1.94,-12.47,-8.7,3.41,-10.37,3.16,-18.93,1.002773,47
24-09-2025,NASDAQ:JAMF,Jamf Holding Corp. - Common Stock,1476,2404229,4.75,11.11,3.25,-3.24,11.97,23.13,18.09,-19.17,-32.67,-66.43,0,0,0,0,0,-1,-1,-1,-1,-1,-3.89,-16.09,-40.59,55.6,55.6,55.6,18.73,8.37,-37.07,-46.38,-85.72,0.934163,35,23.13,-6.56,-45.49,-11.33,-25.44,18.73,-12.12,-54.55,-6.23,-31.9,1.12179,93
24-09-2025,NYSE:HIO,"Western Asset High Income Opportunity Fund, Inc. Common Stock",378,258295,0.68,3.95,-0.75,-2.28,-0.25,1.01,0.25,-2.03,1.01,-1.52,0,0,0,0,0,-1,-1,-1,-1,-1,-2.23,-2.23,-4.36,1.02,11.27,11.27,-3.39,-9.47,-19.93,-12.7,-20.81,0.934131,35,1.01,-0.77,-2.28,2.98,-2.56,-3.39,-6.33,-11.34,8.08,-9.02,0.992084,35
24-09-2025,NYSE:MIN,MFS Intermediate Income Trust Common Stock,305,282405,0.66,2.67,-0.37,-1.12,-1.50,0.37,0.00,-0.37,1.50,-2.62,0,0,0,0,0,-1,-1,-1,-1,-1,-1.84,-1.84,-3.61,1.14,1.52,1.91,-4.03,-9.72,-18.27,-12.21,-21.91,0.934062,35,0.37,-0.38,-0.37,1.87,-4.18,-4.03,-5.94,-9.43,6.97,-10.64,0.991485,35
24-09-2025,NYSE:BC,Brunswick Corporation Common Stock,4094,700594,2.88,62.67,0.19,-3.61,-3.27,-4.01,12.53,10.28,-6.65,-32.34,0,0,0,0,0,-1,-1,-1,-1,-1,-6.25,-6.25,-27.09,14.32,49.46,49.46,-8.41,2.81,-7.62,-20.36,-51.63,0.933838,35,-4.01,15.89,-2.57,-18.87,-24.09,-8.41,10.33,-11.63,-13.77,-30.55,1.038582,74
24-09-2025,NYSE:ALEX,"Alexander & Baldwin, Inc. Common Stock REIT Holding Company",1333,503563,1.59,18.32,-0.11,0.16,-2.57,-3.93,2.24,5.40,2.02,-8.13,0,0,0,0,0,-1,-1,-1,-1,-1,-5.76,-5.76,-7.8,4.81,14.5,14.5,-8.33,-7.48,-12.5,-11.69,-27.42,0.933816,35,-3.93,5.93,3.24,-3.58,-10.36,-8.33,0.37,-5.82,1.52,-16.82,0.995344,39
24-09-2025,NYSE:MET,"MetLife, Inc. Common Stock",53628,3751950,1.89,80.64,0.40,2.43,1.75,-0.24,1.90,-3.84,0.66,-0.26,0,0,0,0,0,-1,-1,-1,-1,-1,-1.36,-3.92,-8.62,9.24,17.86,17.86,-4.64,-7.82,-21.74,-13.05,-19.55,0.933791,35,-0.24,2.13,-5.85,4.33,-0.92,-4.64,-3.43,-14.91,9.43,-7.38,0.993308,37
24-09-2025,NYSE:NRK,Nuveen New York AMT-Free Quality Municipal Income Fund,880,318559,0.79,10.04,-0.50,0.20,2.09,6.08,3.19,-3.09,-3.09,-11.55,0,0,0,0,0,-1,3,-1,-1,-1,-0.5,-3.37,-10.83,7.73,7.73,7.73,1.68,-6.53,-20.99,-16.8,-30.84,0.933719,35,6.08,-3.08,-6.48,0.00,-8.21,1.68,-8.64,-15.54,5.1,-14.67,1.012981,57
24-09-2025,NASDAQ:CART,Maplebear Inc. - Common Stock,11183,4757665,3.17,42.45,0.02,-5.72,-10.69,-0.71,-2.07,1.34,0.90,0.73,0,0,0,0,0,-1,-1,-1,-1,-1,-18,-18,-20.13,2.29,14.36,14.36,-5.11,-11.79,-16.56,-12.81,-18.56,0.933649,35,-0.71,-1.36,3.35,-0.45,-0.17,-5.11,-6.92,-5.71,4.65,-6.63,0.983449,26
24-09-2025,NASDAQ:MTRX,Matrix Service Company - Common Stock,367,319919,4.79,13.09,0.31,2.90,6.26,-15.20,-3.06,0.38,7.41,13.75,0,0,0,0,0,-1,-1,-1,-1,-1,-17.26,-17.26,-17.26,6.68,30.51,30.51,-19.6,-12.78,-17.52,-6.3,-5.54,0.933628,34,-15.20,10.54,3.34,7.06,6.85,-19.6,4.98,-5.72,12.16,0.39,0.95515,9
24-09-2025,NYSE:LUXE,"LuxExperience B.V. American Depositary Shares, each representing one Ordinary Share",703,231039,6.27,8.17,-0.97,-8.69,-12.97,-3.79,2.82,NA,NA,NA,0,0,0,0,0,-1,-1,-1,-1,-1,-16.03,-19.27,-19.27,11.16,12.07,12.07,-8.19,-6.9,0,0,0,0.933588,34,-3.79,6.37,NA,NA,NA,-8.19,0.81,0,0,0,0.901714,2
24-09-2025,NYSE:HTGC,"Hercules Capital, Inc. Common Stock",3430,868291,1.21,18.88,-1.46,-1.80,-2.38,-1.06,4.87,-3.23,-0.74,-3.71,0,0,0,0,0,-1,-1,-1,-1,-1,-3.33,-3.62,-14.18,5.12,16.26,16.26,-5.46,-4.85,-21.13,-14.45,-23,0.933567,34,-1.06,5.87,-8.52,2.41,-2.94,-5.46,0.31,-17.58,7.51,-9.4,1.001717,46
24-09-2025,NASDAQ:REG,Regency Centers Corporation - Common Stock,26031,1169292,1.4,71.38,-0.14,2.27,-0.99,-0.76,1.89,-1.12,-1.46,-0.29,0,0,0,0,0,-1,-1,-1,-1,-1,-3.29,-4.5,-8.18,4.02,9.01,9.01,-5.16,-7.83,-19.02,-15.17,-19.58,0.933564,34,-0.76,2.63,-3.07,-0.33,1.15,-5.16,-2.93,-12.13,4.77,-5.31,0.992759,36
24-09-2025,NASDAQ:COST,Costco Wholesale Corporation - Common Stock,419206,2068933,1.26,945.27,0.18,-1.88,-1.17,0.39,-4.37,1.59,-1.01,4.05,0,0,0,0,0,-1,-1,-1,-1,-1,-4.96,-10.56,-12.22,1.91,4.09,8.21,-4.01,-14.09,-16.31,-14.72,-15.24,0.933508,34,0.39,-4.77,5.70,-2.64,5.01,-4.01,-10.33,-3.36,2.46,-1.45,0.97815,21
24-09-2025,NYSE:EFX,"Equifax, Inc. Common Stock",31869,998341,2.63,257.43,-0.06,-1.90,4.61,2.59,-0.23,5.48,1.46,-16.18,0,0,0,0,0,-1,-1,-1,-1,-1,-3.12,-8.24,-14.28,10,25.27,25.27,-1.81,-9.95,-12.42,-12.25,-35.47,0.933505,34,2.59,-2.90,5.70,-4.25,-17.91,-1.81,-8.46,-3.36,0.85,-24.37,1.004241,48
24-09-2025,NYSE:LADR,Ladder Capital Corp Class A Common Stock,1438,634828,1.23,11.28,0.00,-0.35,-4.17,-1.33,4.88,-2.57,0.71,-6.47,0,0,0,0,0,-1,-1,-1,-1,-1,-4.49,-4.49,-6.31,5.13,14.4,14.4,-5.73,-4.84,-20.47,-13,-25.76,0.933204,34,-1.33,6.12,-7.83,3.20,-7.23,-5.73,0.56,-16.89,8.3,-13.69,1.003297,47
24-09-2025,NYSE:KW,Kennedy-Wilson Holdings Inc. Common Stock,1162,796420,2.85,8.43,-2.09,-2.14,-5.46,0.00,20.52,-3.68,-18.39,-29.30,0,0,0,0,0,-1,-1,-1,-1,-1,-7.36,-7.36,-27.95,25.82,38.88,38.88,-4.4,10.8,-21.58,-32.1,-48.59,0.933155,34,0.00,20.52,-30.45,-14.19,-9.22,-4.4,14.96,-39.51,-9.09,-15.68,1.06661,84
24-09-2025,NYSE:ESTC,Elastic N.V. Ordinary Shares,9125,2478234,3.94,85.87,-1.08,-1.46,-4.73,8.04,5.69,-19.27,-20.78,11.04,0,0,0,0,0,-1,-1,-1,-1,-1,-6.97,-16.16,-27.08,18.38,18.38,18.38,3.64,-4.03,-37.17,-34.49,-8.25,0.933154,34,8.04,-2.55,-26.48,-1.26,26.34,3.64,-8.11,-35.54,3.84,19.88,1.011942,56
24-09-2025,NASDAQ:AMWD,American Woodmark Corporation - Common Stock,958,202690,3.57,66.1,1.00,-4.75,1.95,-1.63,20.65,7.59,-22.63,-44.60,0,0,HVQ,0,0,-1,-1,-1,-1,-1,-5.08,-5.08,-35.79,30.02,31.49,31.49,-6.03,10.93,-10.31,-36.34,-63.89,0.933009,34,-1.63,21.93,-16.45,-32.71,-17.91,-6.03,16.37,-25.51,-27.61,-24.37,1.075245,86
24-09-2025,NYSE:CYH,"Community Health Systems, Inc. Common Stock",448,1558191,4.36,3.2,1.27,7.81,8.75,15.00,-5.31,12.19,5.00,-84.38,0,0,0,HVY,2,-1,-1,-1,-1,-1,-17.53,-26.44,-48.55,31.15,33.89,33.89,10.6,-15.03,-5.71,-8.71,-103.67,0.932774,34,15.00,-23.90,16.62,-8.19,-94.08,10.6,-29.46,7.56,-3.09,-100.54,1.067291,84
24-09-2025,NYSE:SOLV,Solventum Corporation Common Stock,12453,1113298,2.09,71.82,-2.14,-3.13,0.84,-1.29,-4.36,-4.33,6.99,2.60,0,0,0,0,0,-1,-1,-1,-1,-1,-8.51,-8.51,-14.54,1.5,13.98,13.98,-5.69,-14.08,-22.23,-6.72,-16.69,0.932728,34,-1.29,-3.02,0.03,10.85,-4.72,-5.69,-8.58,-9.03,15.95,-11.18,0.976548,20
24-09-2025,NYSE:YETI,"YETI Holdings, Inc. Common Stock",2825,1549821,3.03,34.78,0.20,-1.75,-1.78,-2.10,12.85,2.65,-13.94,-14.35,0,0,0,0,0,-1,-1,-1,-1,-1,-12.39,-12.39,-22.37,15.97,29.1,29.1,-6.5,3.13,-15.25,-27.65,-33.64,0.932721,34,-2.10,14.64,-11.71,-17.04,-0.35,-6.5,9.08,-20.77,-11.94,-6.81,1.030051,70
24-09-2025,NYSE:INN,"Summit Hotel Properties, Inc. Common Stock",696,780922,2.86,5.67,-0.70,-1.94,0.71,5.64,12.52,0.35,-17.99,-23.46,0,0,0,0,0,-1,-1,-1,-1,-1,-5.18,-5.18,-20.59,14.31,51.6,51.6,1.24,2.8,-17.55,-31.7,-42.75,0.932688,34,5.64,7.29,-13.91,-18.41,-4.63,1.24,1.73,-22.97,-13.31,-11.09,1.045715,77
24-09-2025,NYSE:FR,"First Industrial Realty Trust, Inc. Common Stock",7078,945813,1.79,51.13,-1.39,-1.15,0.08,-0.29,4.89,-5.81,2.99,-8.57,0,0,0,0,0,-1,-1,-1,-1,-1,-2.87,-6.03,-11.83,7.46,18.71,18.71,-4.69,-4.83,-23.71,-10.72,-27.86,0.932641,34,-0.29,5.17,-11.25,8.32,-11.92,-4.69,-0.39,-20.31,13.42,-18.38,1.00658,51
24-09-2025,NYSE:CURB,Curbline Properties Corp. Common Stock,2378,582131,2.32,22.36,-1.06,-0.36,0.04,0.27,-0.85,-5.28,3.22,NA,0,0,0,0,0,-1,-1,-1,-1,-1,-4.32,-10.38,-11.45,2.15,3.9,12.64,-4.13,-10.57,-23.18,-10.49,0,0.932426,34,0.27,-1.12,-4.39,8.07,NA,-4.13,-6.68,-13.45,13.17,0,0.911122,2
24-09-2025,NYSE:KFY,Korn Ferry Common Stock,3756,515365,2.42,71.7,-1.02,-0.98,-1.42,-6.30,-2.52,5.08,7.11,-4.34,0,0,0,0,0,-1,-1,-1,-1,-1,-6.23,-6.23,-9.7,3.84,20.54,20.54,-10.7,-12.24,-12.82,-6.6,-23.63,0.932392,34,-6.30,3.56,7.41,2.15,-12.33,-10.7,-2,-1.65,7.25,-18.79,0.979702,22
24-09-2025,NYSE:TKR,Timken Company (The) Common Stock,5270,745796,2.32,75.67,-1.41,-1.90,-0.96,-4.73,3.46,-0.99,6.49,-9.14,0,0,0,0,0,-1,-1,-1,-1,-1,-7.37,-7.37,-13.26,4.3,31.97,31.97,-9.13,-6.26,-18.89,-7.22,-28.43,0.932387,34,-4.73,7.82,-4.61,7.41,-16.72,-9.13,2.26,-13.67,12.51,-23.18,0.998043,42
24-09-2025,NYSE:ROG,Rogers Corporation Common Stock,1444,207103,3.05,79.71,1.76,-2.67,0.45,1.51,14.13,11.15,-27.29,-29.51,0,0,0,0,0,-1,-1,-1,4,-1,-5.04,-5.04,-29.47,23.05,51.28,51.28,-2.89,4.41,-6.75,-41,-48.8,0.932243,34,1.51,12.81,-3.46,-43.26,-1.74,-2.89,7.25,-12.52,-38.16,-8.2,1.053178,79
24-09-2025,NYSE:PML,Pimco Municipal Income Fund II Common Shares of Beneficial Interest,979,629978,0.95,7.76,-0.51,-0.39,2.96,7.09,5.28,-4.64,-3.48,-19.20,0,0,0,0,0,-1,-1,-1,-1,-1,-0.51,-4.67,-18.49,9.14,9.14,9.14,2.69,-4.44,-22.54,-17.19,-38.49,0.932237,34,7.09,-1.94,-10.48,1.11,-15.19,2.69,-7.5,-19.54,6.21,-21.65,1.024919,67
24-09-2025,NASDAQ:AOSL,Alpha and Omega Semiconductor Limited - Common Shares,904,237225,4.32,29.91,-2.54,4.75,6.75,3.58,15.05,9.80,-41.96,-20.63,0,0,0,0,HV2Y,-1,-1,-1,-1,-1,-2.54,-2.54,-39.16,21.14,84.06,84.06,-0.82,5.33,-8.1,-55.67,-39.92,0.932222,34,3.58,11.89,-6.18,-57.38,15.03,-0.82,6.33,-15.24,-52.28,8.57,1.059556,82
24-09-2025,NYSE:AJG,Arthur J. Gallagher & Co. Common Stock,78087,1415724,1.7,304.36,1.43,4.24,1.93,0.39,-7.10,-10.94,8.50,7.28,0,0,0,0,0,-1,-1,-1,-1,-1,-6.63,-12.73,-12.73,7.1,7.1,10.32,-4.01,-16.82,-28.84,-5.21,-12.01,0.932219,34,0.39,-7.52,-3.59,17.53,-1.33,-4.01,-13.08,-12.65,22.63,-7.79,0.970415,16
24-09-2025,NYSE:CFR,"Cullen/Frost Bankers, Inc. Common Stock",8079,408289,1.93,125.59,0.08,-0.48,-0.36,-3.97,-1.20,0.20,-4.53,9.04,0,0,0,0,0,-1,-1,-1,-1,-1,-9.48,-9.48,-13.42,2.94,18.71,18.71,-8.37,-10.92,-17.7,-18.24,-10.25,0.932214,34,-3.97,2.66,1.38,-4.74,12.98,-8.37,-2.9,-7.68,0.36,6.52,0.976297,20
24-09-2025,NYSE:ACEL,"Accel Entertainment, Inc.",947,299881,2.14,11.23,0.90,2.76,1.16,-3.47,-4.45,9.44,3.65,-7.66,0,0,0,0,0,-1,-1,-1,-1,-1,-13.55,-13.55,-13.55,6.95,17.35,17.35,-7.87,-14.17,-8.46,-10.06,-26.95,0.93221,34,-3.47,-0.95,13.30,-6.39,-11.74,-7.87,-6.51,4.24,-1.29,-18.2,0.982516,25
24-09-2025,NYSE:SFBS,"ServisFirst Bancshares, Inc. Common Stock",4525,250833,2.12,82.85,-0.59,-0.72,-1.67,-6.58,7.52,-1.28,-2.72,-1.99,0,0,0,0,HV2Y,-1,-1,-1,-1,-1,-7.16,-7.16,-16.31,8.13,20.98,20.98,-10.98,-2.2,-19.18,-16.43,-21.28,0.9322,34,-6.58,13.23,-9.51,-1.42,0.71,-10.98,7.67,-18.57,3.68,-5.75,1.00057,45
24-09-2025,NYSE:STWD,"STARWOOD PROPERTY TRUST, INC. Starwood Property Trust Inc.",7365,2657820,1.1,19.97,-0.45,-1.55,-3.71,-0.90,-1.40,-0.35,4.56,-4.96,0,0,0,0,0,-1,-1,-1,-1,-1,-4.77,-4.77,-4.77,3.1,15.57,15.57,-5.3,-11.12,-18.25,-9.15,-24.25,0.932124,34,-0.90,-0.50,1.04,4.89,-9.97,-5.3,-6.06,-8.02,9.99,-16.43,0.988659,31
24-09-2025,NYSE:RPM,RPM International Inc. Common Stock,15177,705335,1.84,118.3,-1.05,-3.96,-5.33,-6.28,7.86,2.14,-6.00,-3.89,0,0,HVQ,0,0,-1,-1,-1,-1,-1,-7.74,-7.74,-15.66,8.53,22,22,-10.68,-1.86,-15.76,-19.71,-23.18,0.932072,34,-6.28,13.31,-6.21,-8.32,1.99,-10.68,7.75,-15.27,-3.22,-4.47,1.003548,47
24-09-2025,NASDAQ:CALM,"Cal-Maine Foods, Inc. - Common Stock",4715,796704,2.89,97.22,0.38,-6.48,-12.63,-18.73,-2.18,3.28,-7.35,23.13,0,0,HVY,0,0,-1,-1,-1,-1,-1,-18.41,-18.41,-18.41,0.38,7.82,32.92,-23.13,-11.9,-14.62,-21.06,3.84,0.931823,34,-18.73,13.94,5.35,-11.00,28.40,-23.13,8.38,-3.71,-5.9,21.94,0.950889,8
24-09-2025,NYSE:GPOR,Gulfport Energy Corporation Common Shares,3057,296315,2.8,174.09,1.77,0.16,1.36,3.66,-15.93,-8.75,4.33,14.45,0,0,0,0,0,-1,-1,-1,-1,-1,-15.18,-15.72,-15.72,6.28,9.75,26.53,-0.74,-25.65,-26.65,-9.38,-4.84,0.931817,34,3.66,-20.33,6.19,12.03,10.58,-0.74,-25.89,-2.87,17.13,4.12,0.953296,8
24-09-2025,NASDAQ:LFMD,"LifeMD, Inc. - Common Stock",303,1106912,4.33,6.4,1.27,5.00,7.03,3.28,-100.62,6.25,23.44,23.28,0,0,0,HV2Y,HV2Y,-1,-1,-1,-1,-1,-53.45,-57.5,-57.5,10.34,32.78,56.86,-1.12,-110.34,-11.65,9.73,3.99,0.931601,33,3.28,-107.43,53.27,18.33,-0.20,-1.12,-112.99,44.21,23.43,-6.66,0.869559,1
24-09-2025,NASDAQ:RTAC,Renatus Tactical Acquisition Corp I - Class A Ordinary Shares,339,216161,1.76,10.88,0.55,0.28,2.67,0.28,-2.85,NA,NA,NA,0,0,0,0,0,-1,-1,-1,-1,-1,-12.96,-12.96,-12.96,3.62,3.62,3.62,-4.12,-12.57,0,0,0,0.931561,33,0.28,-3.13,NA,NA,NA,-4.12,-8.69,0,0,0,0.899569,2
24-09-2025,NYSE:ENR,"Energizer Holdings, Inc. Common Stock",1808,871425,2.93,26.48,1.30,-11.97,-7.25,-5.85,24.81,-10.57,-34.44,-9.78,0,0,HV2Y,0,HV2Y,-1,-1,-1,-1,-1,-11.32,-11.64,-32.77,33,33.54,33.54,-10.25,15.09,-28.47,-48.15,-29.07,0.93155,33,-5.85,28.97,-47.06,-21.58,18.34,-10.25,23.41,-56.12,-16.48,11.88,1.068982,85
24-09-2025,NYSE:GFL,"GFL Environmental Inc. Subordinate voting shares, no par value",16881,1300242,2.04,46.46,0.93,-0.39,-1.96,-6.48,-6.95,-4.65,2.97,15.48,0,0,0,0,HV2Y,-1,-1,-1,-1,-1,-8.96,-9.93,-9.93,1.07,8.22,18.31,-10.88,-16.67,-22.55,-10.74,-3.81,0.931477,33,-6.48,-0.44,2.15,7.28,12.89,-10.88,-6,-6.91,12.38,6.43,0.955919,9
24-09-2025,NYSE:NGVC,"Natural Grocers by Vitamin Cottage, Inc. Common Stock",840,263838,3.47,36.61,1.13,0.22,0.85,-11.12,-1.99,-5.52,-6.97,22.67,0,0,0,HV2Y,0,-1,-1,-1,-1,-1,-10.88,-38.72,-38.72,2.06,2.06,43.29,-15.52,-11.71,-23.42,-20.68,3.38,0.931452,33,-11.12,8.21,-3.45,-1.37,27.71,-15.52,2.65,-12.51,3.73,21.25,0.958042,10
24-09-2025,NASDAQ:MDLZ,"Mondelez International, Inc. - Class A Common Stock",83317,7259001,1.7,64.39,0.89,2.42,3.29,3.77,-4.49,-0.47,7.95,-15.36,0,0,0,0,0,-1,-1,-1,-1,-1,-8.99,-8.99,-13.65,5.73,5.73,14.74,-0.63,-14.21,-18.37,-5.76,-34.65,0.931391,33,3.77,-8.59,3.85,8.38,-25.32,-0.63,-14.15,-5.21,13.48,-31.78,0.996951,41
24-09-2025,NASDAQ:KRNY,Kearny Financial - Common Stock,428,381972,2.54,6.61,1.07,2.12,0.00,0.76,5.14,2.42,-12.25,-5.30,0,0,0,0,0,-1,-1,-1,-1,-1,-4.89,-4.89,-22.05,12.99,16.78,16.78,-3.64,-4.58,-15.48,-25.96,-24.59,0.931277,33,0.76,4.42,-2.87,-15.04,6.20,-3.64,-1.14,-11.93,-9.94,-0.26,1.007758,52
24-09-2025,NASDAQ:INVA,"Innoviva, Inc. - Common Stock",1194,743826,2.46,18.94,-0.84,-2.32,-4.91,-4.33,-8.13,8.24,5.33,-2.22,0,0,0,0,0,-1,-1,-1,-1,-1,-9.46,-13.12,-13.12,4.24,10.76,10.76,-8.73,-17.85,-9.66,-8.38,-21.51,0.931268,33,-4.33,-3.64,15.14,-3.16,-7.98,-8.73,-9.2,6.08,1.94,-14.44,0.970334,16
24-09-2025,NYSE:AWP,abrdn Global Premier Properties Fund Common Shares of Beneficial Interest,343,366843,1.08,3.93,-1.01,-2.54,-1.78,-1.78,0.76,3.82,3.05,-12.72,0,0,0,0,0,-1,-1,-1,-1,-1,-3.2,-3.2,-14.94,3.69,17.31,17.31,-6.18,-8.96,-14.08,-10.66,-32.01,0.931239,33,-1.78,2.50,3.08,-0.79,-16.27,-6.18,-3.06,-5.98,4.31,-22.73,0.998092,42
24-09-2025,NYSE:BDN,Brandywine Realty Trust Common Stock,785,2014695,2.6,4.49,-0.66,0.45,2.45,7.80,7.57,-0.45,-18.93,-15.37,0,0,0,0,0,-1,-1,-1,-1,-1,-1.97,-1.97,-31.24,17.85,28.29,28.29,3.4,-2.15,-18.35,-32.64,-34.66,0.931206,33,7.80,-0.24,-8.67,-18.40,3.00,3.4,-5.8,-17.73,-13.3,-3.46,1.031007,71
24-09-2025,NYSE:SLF,Sun Life Financial Inc. Common Stock,33177,482845,1.21,59,-1.17,-0.12,0.54,1.58,-10.00,2.34,0.49,4.08,0,0,0,0,0,-1,-1,-1,-1,-1,-11.21,-11.21,-11.21,4.35,10.51,10.51,-2.82,-19.72,-15.56,-13.22,-15.21,0.931073,33,1.58,-11.76,11.22,-1.89,3.61,-2.82,-17.32,2.16,3.21,-2.85,0.969197,15
24-09-2025,NYSE:ALE,"Allete, Inc.",3718,636351,0.84,63.98,0.05,2.39,0.75,-0.94,0.17,-2.72,-0.59,0.17,0,0,0,0,0,-1,-1,-1,-1,-1,-3.72,-3.72,-3.72,2.45,2.45,2.45,-5.34,-9.55,-20.62,-14.3,-19.12,0.931064,33,-0.94,1.10,-2.90,2.07,0.76,-5.34,-4.46,-11.96,7.17,-5.7,0.988423,31
24-09-2025,NYSE:VVV,Valvoline Inc. Common Stock,4741,1644998,2.07,37.3,-0.27,-8.69,-5.55,-5.28,0.86,6.57,2.76,-10.48,0,0,0,0,0,-1,-1,-1,-1,-1,-8.29,-8.29,-14.08,6.51,18.49,18.49,-9.68,-8.86,-11.33,-10.95,-29.77,0.931046,33,-5.28,5.83,5.76,-4.07,-13.62,-9.68,0.27,-3.3,1.03,-20.08,0.992721,36
24-09-2025,NYSE:UVV,Universal Corporation Common Stock,1365,228117,1.8,54.84,-0.05,-2.77,-1.20,-1.90,-6.58,1.97,0.71,4.69,0,0,HVY,HVY,0,-1,-1,-1,-1,-1,-7.86,-16.13,-16.13,6.16,7.87,10.41,-6.3,-16.3,-15.93,-13,-14.6,0.930761,33,-1.90,-4.60,8.02,-1.28,4.00,-6.3,-10.16,-1.04,3.82,-2.46,0.970465,16
24-09-2025,NYSE:H,Hyatt Hotels Corporation Class A Common Stock,13426,751460,2.29,140.07,1.14,-0.69,-1.42,-0.98,2.12,10.25,-10.76,-10.58,0,0,0,0,0,-1,-1,-1,-1,-1,-8,-8,-15.79,3.75,34.4,34.4,-5.38,-7.6,-7.65,-24.47,-29.87,0.930565,33,-0.98,3.07,8.31,-23.41,0.16,-5.38,-2.49,-0.75,-18.31,-6.3,1.003642,47
24-09-2025,NYSE:HDB,HDFC Bank Limited Common Stock,165586,3366805,1.38,34.46,-0.58,-4.38,-2.21,-5.64,-10.21,4.40,6.67,4.63,0,0,0,0,0,-1,-1,-1,-1,-1,-12.69,-12.69,-12.69,0,8.06,18.7,-10.04,-19.93,-13.5,-7.04,-14.66,0.930417,33,-5.64,-4.33,13.26,2.38,-2.19,-10.04,-9.89,4.2,7.48,-8.65,0.959231,10
24-09-2025,NYSE:PEG,Public Service Enterprise Group Incorporated Common Stock,41124,2533781,1.51,82.4,0.23,2.39,0.83,-0.24,-0.42,1.19,-0.96,-5.29,0,0,0,0,0,-1,-1,-1,-1,-1,-8.59,-8.59,-12.81,3.01,6.83,6.83,-4.64,-10.14,-16.71,-14.67,-24.58,0.930384,33,-0.24,-0.18,1.61,-2.17,-4.29,-4.64,-5.74,-7.45,2.93,-10.75,0.99206,35
24-09-2025,NYSE:ARW,"Arrow Electronics, Inc. Common Stock",6228,553232,1.88,120.93,-0.09,1.53,-5.07,-6.67,-5.02,11.44,4.56,-8.86,0,0,0,0,0,-1,-1,-1,-1,-1,-9.24,-9.24,-11.82,5.47,33.89,33.89,-11.07,-14.74,-6.46,-9.15,-28.15,0.930353,33,-6.67,1.54,15.67,-7.77,-14.05,-11.07,-4.02,6.61,-2.67,-20.51,0.979159,22
24-09-2025,NYSE:BLCO,Bausch + Lomb Corporation Common Shares,5312,502359,2.35,15.01,-0.46,-0.73,0.07,3.20,18.92,-5.86,-19.59,-32.98,0,0,0,0,HV2Y,-1,-1,-1,-1,-1,-3.29,-5.54,-28.28,24.36,37.71,37.71,-1.2,9.2,-23.76,-33.3,-52.27,0.930291,33,3.20,16.24,-30.57,-12.96,-11.20,-1.2,10.68,-39.63,-7.86,-17.66,1.068135,85
24-09-2025,NYSE:LSPD,Lightspeed Commerce Inc. Subordinate Voting Shares,1632,458573,2.75,12.07,0.17,-4.97,3.40,-0.41,5.88,15.99,-27.75,-14.42,0,0,0,0,HV2Y,-1,-1,-1,-1,-1,-12.73,-12.73,-35.8,6.25,53.56,53.56,-4.81,-3.84,-1.91,-41.46,-33.71,0.930262,33,-0.41,6.27,10.74,-52.07,10.44,-4.81,0.71,1.68,-46.97,3.98,1.024455,67
24-09-2025,NYSE:VFC,V.F. Corporation Common Stock,5789,8135620,4.36,14.82,-0.07,0.40,-1.01,7.76,22.74,-11.13,-46.22,-25.84,0,0,0,0,0,-1,-1,-1,-1,-1,-4.76,-10.02,-44.97,29.43,52.16,52.16,3.36,13.02,-29.03,-59.93,-45.13,0.93025,33,7.76,16.24,-43.84,-31.57,13.94,3.36,10.68,-52.9,-26.47,7.48,1.090941,89
24-09-2025,NYSE:UL,Unilever PLC Common Stock,147626,2336545,0.97,60.09,-0.81,-3.88,-4.48,-3.28,-2.00,3.33,4.23,-7.19,0,0,0,0,0,-1,-1,-1,-1,-1,-7.57,-8.16,-8.18,2.84,3.78,9.81,-7.68,-11.72,-14.57,-9.48,-26.48,0.930203,33,-3.28,1.24,5.22,0.93,-11.92,-7.68,-4.32,-3.84,6.03,-18.38,0.986382,29
24-09-2025,NYSE:ICE,Intercontinental Exchange Inc. Common Stock,96196,2996858,1.42,168.05,-0.02,-2.50,-2.49,-6.60,-7.43,-4.51,11.76,4.89,0,0,0,0,0,-1,-1,-1,-1,-1,-10.83,-10.83,-10.83,0,10.84,17.68,-11,-17.15,-22.41,-1.95,-14.4,0.930135,33,-6.60,-0.78,2.71,15.57,-7.79,-11,-6.34,-6.35,20.67,-14.25,0.962961,12
24-09-2025,NYSE:VTS,"Vitesse Energy, Inc. Common Stock",932,404412,2.44,24.14,2.46,-1.12,-7.17,-9.73,7.29,-1.57,0.12,-2.98,0,0,0,0,0,-1,-1,-1,-1,-1,-9.99,-9.99,-14.43,9.28,22.6,22.6,-14.13,-2.43,-19.47,-13.59,-22.27,0.930103,33,-9.73,15.52,-9.56,1.67,-3.11,-14.13,9.96,-18.62,6.77,-9.57,0.9971,41
24-09-2025,NYSE:EFC,Ellington Financial Inc. Common Stock,1304,1585041,1.42,12.97,-0.61,-2.00,-4.78,-6.86,0.15,-3.24,7.09,-1.08,0,0,0,0,0,-1,-1,-1,-1,-1,-7.49,-7.49,-9.62,2.45,12.49,12.49,-11.26,-9.57,-21.14,-6.62,-20.37,0.930084,33,-6.86,6.57,-3.40,10.01,-8.80,-11.26,1.01,-12.46,15.11,-15.26,0.982264,24
24-09-2025,NYSE:CNX,CNX Resources Corporation Common Stock,4463,1847298,2.58,31.56,4.09,1.93,7.22,8.62,-5.54,0.19,-11.98,-1.01,0,0,0,0,0,-1,-1,-1,-1,-1,-10.34,-10.34,-23.19,12.27,12.27,15.27,4.22,-15.26,-17.71,-25.69,-20.3,0.930061,33,8.62,-15.50,5.43,-12.19,9.79,4.22,-21.06,-3.63,-7.09,3.33,0.992958,36
24-09-2025,NYSE:PINS,"Pinterest, Inc. Class A Common Stock",22438,9442815,3.18,33,-6.44,-10.58,-6.94,-7.61,-7.09,-4.94,10.27,7.94,0,0,0,0,HV2Y,-1,-1,-1,-1,-1,-15.75,-15.75,-17.5,0,36.31,36.31,-12.01,-16.81,-22.84,-3.44,-11.35,0.930041,33,-7.61,0.48,2.01,14.50,-2.60,-12.01,-5.08,-7.05,19.6,-9.06,0.959924,10
24-09-2025,NASDAQ:COHU,"Cohu, Inc. - Common Stock",957,558605,3.74,20.51,-9.96,-6.97,-1.90,1.17,5.02,16.48,-24.57,-20.87,0,0,0,0,0,-1,-1,-1,-1,-1,-11.86,-11.86,-28.21,14.84,53.86,53.86,-3.23,-4.7,-1.42,-38.28,-40.16,0.929938,33,1.17,3.90,12.06,-49.15,2.97,-3.23,-1.66,3,-44.05,-3.49,1.027107,68
24-09-2025,NYSE:NKE,"Nike, Inc. Common Stock",105185,12471637,2.15,71.22,0.41,-1.53,-4.25,-11.16,14.59,6.57,-8.26,-21.48,0,0,HVQ,0,0,-1,-1,-1,-1,-1,-10.12,-10.12,-20.37,17.08,33.7,33.7,-15.56,4.87,-11.33,-21.97,-40.77,0.929818,33,-11.16,23.17,-9.39,-15.87,-12.22,-15.56,17.61,-18.45,-10.77,-18.68,1.028837,69
24-09-2025,NYSE:RAL,Ralliant Corporation Common Stock,4948,1131308,3.41,43.89,-0.39,4.56,4.42,3.49,-8.23,NA,NA,NA,0,0,0,0,0,-1,-1,-1,-1,-1,-17.16,-17.16,-17.16,6.4,6.4,6.4,-0.91,-17.95,0,0,0,0.929816,33,3.49,-12.13,NA,NA,NA,-0.91,-17.69,0,0,0,0.897721,2
24-09-2025,NYSE:MGM,MGM Resorts International Common Stock,9404,4557464,2.76,34.55,-0.63,-2.14,-4.05,-10.33,1.94,7.26,3.21,-7.99,0,0,0,0,0,-1,-1,-1,-1,-1,-13.13,-13.13,-17.72,2.25,33.97,33.97,-14.73,-7.78,-10.64,-10.5,-27.28,0.92978,32,-10.33,11.12,5.43,-4.37,-11.57,-14.73,5.56,-3.63,0.73,-18.03,0.987741,30
24-09-2025,NYSE:RQI,Cohen & Steers Quality Income Realty Fund Inc Common Shares,1676,366621,1.16,12.37,-0.80,-0.89,-0.97,-0.97,0.08,0.16,3.72,-11.08,0,0,0,0,0,-1,-1,-1,-1,-1,-2.52,-2.68,-12.83,2.32,14.33,14.33,-5.37,-9.64,-17.74,-9.99,-30.37,0.929749,32,-0.97,1.04,0.08,3.56,-15.37,-5.37,-4.52,-8.98,8.66,-21.83,0.996366,40
24-09-2025,NASDAQ:REAX,"The Real Brokerage, Inc. - Common Shares",976,2557633,4.14,4.69,-6.01,-7.68,-7.46,-6.82,8.53,3.62,1.71,-22.17,0,HVY,HVY,0,HV2Y,-1,-1,-1,-1,-1,-12.83,-12.83,-27.85,22.14,22.14,22.14,-11.22,-1.19,-14.28,-12,-41.46,0.929679,32,-6.82,14.37,-5.36,-1.99,-24.30,-11.22,8.81,-14.42,3.11,-30.76,1.017228,61
24-09-2025,NASDAQ:PAA,"Plains All American Pipeline, L.P. - Common Units representing Limited Partner Interests",12505,2267783,1.64,17.78,3.55,2.08,2.19,1.69,-0.96,-13.50,4.50,0.17,0,0,0,0,0,-1,-1,-1,-1,-1,-6.08,-12.76,-15.17,5.33,10.92,10.92,-2.71,-10.68,-31.4,-9.21,-19.12,0.92962,32,1.69,-2.69,-12.42,15.86,-4.53,-2.71,-8.25,-21.48,20.96,-10.99,0.990552,33
24-09-2025,NYSE:NNN,"NNN REIT, Inc. Common Stock",7950,1275476,1.32,42,-0.26,-1.36,-1.62,-0.07,-1.88,1.52,5.31,-13.79,0,0,0,0,0,-1,-1,-1,-1,-1,-4.76,-4.76,-14.91,3.24,11.82,11.82,-4.47,-11.6,-16.38,-8.4,-33.08,0.929593,32,-0.07,-1.81,3.34,3.84,-20.17,-4.47,-7.37,-5.72,8.94,-26.63,0.995578,39
24-09-2025,NYSE:BIO,"Bio-Rad Laboratories, Inc. Class A Common Stock",7486,219953,2.68,276.62,-1.93,-1.33,-0.10,-7.50,12.88,10.60,-17.83,-19.30,0,0,0,0,0,-1,-1,-1,-1,-1,-8.95,-8.95,-26.09,14.79,27.73,27.73,-11.9,3.16,-7.3,-31.54,-38.59,0.929579,32,-7.50,18.96,-2.63,-31.79,-1.25,-11.9,13.4,-11.69,-26.69,-7.71,1.029587,70
24-09-2025,NYSE:MH,"McGraw Hill, Inc. Common Stock",2643,747460,4.72,13.84,-0.36,-1.30,-4.48,-4.48,NA,NA,NA,NA,0,0,0,0,0,NA,-1,-1,-1,-1,-18.59,-18.59,-18.59,6.87,6.87,6.87,-8.88,0,0,0,0,0.929466,32,-4.48,NA,NA,NA,NA,-8.88,0,0,0,0,0.983907,26
24-09-2025,NASDAQ:NRDS,"NerdWallet, Inc. - Class A Common Stock",825,529784,3.42,10.85,-0.64,-2.30,4.42,4.88,-0.18,13.00,-17.33,-18.62,0,0,0,0,HV2Y,-1,-1,-1,-1,-1,-4.66,-8.44,-32.19,18.19,39.1,39.1,0.48,-9.9,-4.9,-31.04,-37.91,0.929396,32,4.88,-5.33,13.16,-34.85,-1.10,0.48,-10.89,4.1,-29.75,-7.56,1.014926,59
24-09-2025,NYSE:USAC,"USA Compression Partners, LP Common Units Representing Limited Partner Interests",2916,322939,2.46,23.77,2.15,-2.82,2.65,-1.22,-1.14,-16.70,7.15,4.12,0,0,0,0,0,-1,-1,-1,-1,-1,-4.73,-14.31,-18.71,4.3,7.46,10.35,-5.62,-10.86,-34.6,-6.56,-15.17,0.929365,32,-1.22,0.08,-15.39,20.44,-3.26,-5.62,-5.48,-24.45,25.54,-9.72,0.984379,27
24-09-2025,NYSE:CB,Chubb Limited  Common Stock,110940,1913871,1.28,278.26,0.86,2.16,0.29,1.38,-1.64,-4.72,1.83,-4.46,0,0,0,0,0,-1,-1,-1,-1,-1,-3.96,-8,-8,4.61,4.61,7.97,-3.02,-11.36,-22.62,-11.88,-23.75,0.92908,32,1.38,-3.06,-3.03,6.26,-6.41,-3.02,-8.62,-12.09,11.36,-12.87,0.99091,34
24-09-2025,NYSE:DSU,"Blackrock Debt Strategies Fund, Inc. Common Stock",577,266649,0.58,10.52,-0.57,0.29,-0.57,-0.67,-0.19,-0.38,-1.14,-4.85,0,0,0,0,0,-1,-1,-1,-1,-1,-1.22,-1.22,-5.23,0.38,15.22,15.22,-5.07,-9.91,-18.28,-14.85,-24.14,0.929008,32,-0.67,0.47,-0.19,-0.76,-3.67,-5.07,-5.09,-9.25,4.34,-10.13,0.991696,35
24-09-2025,NYSE:NOW,"ServiceNow, Inc. Common Stock",194141,1556780,2.68,933.37,0.61,-1.82,1.05,5.72,-7.69,7.71,-15.16,-0.43,0,0,0,0,HV2Y,-1,-1,-1,-1,-1,-10.66,-10.66,-20.25,9.7,29.34,29.34,1.32,-17.41,-10.19,-28.87,-19.72,0.928996,32,5.72,-14.23,14.30,-24.78,12.79,1.32,-19.79,5.24,-19.68,6.33,0.987465,30
24-09-2025,NASDAQ:MYGN,"Myriad Genetics, Inc. - Common Stock",718,1630600,5.73,7.72,0.26,4.15,10.62,23.70,33.68,-26.04,-70.60,-258.03,0,0,HV2Y,0,HV2Y,-1,-1,-1,-1,-1,-1.53,-20.66,-72.07,101.04,101.04,101.04,19.3,23.96,-43.94,-84.31,-277.32,0.928846,32,23.70,13.07,-90.04,-35.35,-109.87,19.3,7.51,-99.1,-30.25,-116.33,1.280467,98
24-09-2025,NYSE:DSL,DoubleLine Income Solutions Fund Common Shares of Beneficial Interests,1377,391210,0.7,12.29,-0.49,-0.98,-2.44,-0.08,0.90,-2.85,-0.57,-5.86,0,0,0,0,0,-1,-1,-1,-1,-1,-3,-3,-5.9,2.5,10.22,10.22,-4.48,-8.82,-20.75,-14.28,-25.15,0.928829,32,-0.08,0.98,-3.78,2.22,-5.26,-4.48,-4.58,-12.84,7.32,-11.72,0.995478,39
24-09-2025,NYSE:HAYW,"Hayward Holdings, Inc. Common Stock",3186,2862279,2.41,14.7,-1.08,-2.79,-6.80,-10.75,6.12,2.04,-4.35,-0.34,0,0,0,0,0,-1,-1,-1,-1,-1,-11.23,-11.23,-11.45,6.75,29.86,29.86,-15.15,-3.6,-15.86,-18.06,-19.63,0.928811,32,-10.75,15.23,-4.35,-6.53,3.85,-15.15,9.67,-13.41,-1.43,-2.61,0.991832,35
24-09-2025,NYSE:DOC,"Healthpeak Properties, Inc. Common Stock",13410,6611777,1.76,18.65,-1.27,2.36,3.75,5.36,7.18,-8.10,-5.95,-18.02,0,0,0,0,0,-1,-1,-1,-1,-1,-2.1,-8.17,-19.33,11.21,11.21,11.21,0.96,-2.54,-26,-19.66,-37.31,0.928718,32,5.36,1.93,-16.46,1.98,-11.39,0.96,-3.63,-25.52,7.08,-17.85,1.026767,68
24-09-2025,NASDAQ:GLIBK,"GCI Liberty, Inc. - Series C GCI Group Common Stock",1032,294202,3.06,35.925,0.88,2.55,-0.15,-5.22,NA,NA,NA,NA,0,0,0,0,0,-1,-1,-1,-1,-1,-6.93,-6.93,-6.93,16.45,16.45,16.45,-9.62,0,0,0,0,0.92868,32,-5.22,NA,NA,NA,NA,-9.62,0,0,0,0,0.983075,25
24-09-2025,NASDAQ:RXT,"Rackspace Technology, Inc. - Common Stock",364,1131716,6.83,1.52,4.11,5.26,7.24,21.05,18.42,-17.11,-47.37,-55.92,0,0,0,0,0,-1,-1,-1,-1,-1,-3.18,-14.61,-49.83,33.33,47.57,47.57,16.65,8.7,-35.01,-61.08,-75.21,0.928638,32,21.05,-3.33,-43.55,-25.84,-5.80,16.65,-8.89,-52.61,-20.74,-12.26,1.114471,92
24-09-2025,NASDAQ:SNCY,"Sun Country Airlines Holdings, Inc. - Common Stock",658,1111011,4.65,12.35,-1.04,-2.27,-6.15,-0.81,7.77,-9.80,-19.68,7.85,0,0,0,0,0,-1,-1,-1,-1,-1,-9.52,-9.52,-32.03,19.9,50.43,50.43,-5.21,-1.95,-27.7,-33.39,-11.44,0.928616,32,-0.81,8.51,-19.05,-9.00,23.00,-5.21,2.95,-28.11,-3.9,16.54,1.005848,50
24-09-2025,NYSE:GOF,Guggenheim Strategic Opportunities Fund Common Shares of Beneficial Interest,2430,1008593,0.57,14.95,-0.07,0.47,-0.74,0.67,1.34,-5.89,-0.87,-4.55,0,0,0,0,0,-1,-1,-1,-1,-1,-1.32,-5.56,-6.74,1.36,8.81,8.81,-3.73,-8.38,-23.79,-14.58,-23.84,0.928545,32,0.67,0.67,-7.32,4.74,-3.65,-3.73,-4.89,-16.38,9.84,-10.11,0.99666,40
24-09-2025,NYSE:CAAP,Corporacion America Airports SA Common Shares,3120,247660,3.24,19.13,2.03,1.73,-5.02,-8.89,-3.61,0.47,2.56,6.80,0,0,0,0,0,-1,-1,-1,-1,-1,-13.98,-13.98,-13.98,6.28,19.79,19.79,-13.29,-13.33,-17.43,-11.15,-12.49,0.928521,32,-8.89,4.85,3.94,2.10,4.35,-13.29,-0.71,-5.12,7.2,-2.11,0.966363,14
24-09-2025,NASDAQ:PAGP,"Plains GP Holdings, L.P. - Class A Shares representing limited partner interests",3743,1146310,1.57,18.93,2.71,1.43,1.85,0.63,-0.74,-13.68,4.49,0.05,0,0,0,0,0,-1,-1,-1,-1,-1,-5.73,-12.68,-14.46,4.47,9.8,10.06,-3.77,-10.46,-31.58,-9.22,-19.24,0.928402,32,0.63,-1.38,-12.85,15.99,-4.65,-3.77,-6.94,-21.91,21.09,-11.11,0.989821,32
24-09-2025,NYSE:MSCI,MSCI Inc. Common Stock,43821,774591,2.15,566.42,-0.44,-2.16,0.57,-1.29,-0.63,-1.45,-6.03,2.65,0,0,0,0,0,-1,-1,-1,-1,-1,-3.67,-3.67,-10.94,7.59,11.82,11.82,-5.69,-10.35,-19.35,-19.74,-16.64,0.928348,32,-1.29,0.65,-0.81,-4.52,8.19,-5.69,-4.91,-9.87,0.58,1.73,0.9854,28
24-09-2025,NYSE:NMZ,"Nuveen Municipal High Income Opportunity Fund Common Stock, $0.01 par value, per share",1207,357846,0.91,10.45,-0.38,-1.63,-0.48,3.73,2.30,-5.07,-3.92,-10.05,0,0,0,0,0,-1,-1,-1,-1,-1,-1.88,-4.83,-10.99,5.88,7.18,7.18,-0.67,-7.42,-22.97,-17.63,-29.34,0.928316,32,3.73,-1.49,-7.54,1.09,-5.89,-0.67,-7.05,-16.6,6.19,-12.35,1.006862,51
24-09-2025,NASDAQ:SIRI,SiriusXM Holdings Inc. - Common Stock,7604,3107175,2.53,22.58,-2.04,-2.39,-5.45,-2.21,0.58,-7.35,8.86,-10.50,0,0,0,0,0,-1,-1,-1,-1,-1,-7.8,-7.8,-21.43,7.78,16.75,16.75,-6.61,-9.14,-25.25,-4.85,-29.79,0.92831,32,-2.21,2.73,-7.97,15.10,-21.23,-6.61,-2.83,-17.03,20.2,-27.69,0.996832,41
24-09-2025,NYSE:AGO,Assured Guaranty Ltd. Common Stock,4042,343722,1.48,83.69,0.14,3.64,1.96,1.41,-3.86,-4.88,-2.49,3.05,0,0,0,0,0,-1,-1,-1,-1,-1,-4.41,-7.2,-12.34,4.08,9.31,9.31,-2.99,-13.58,-22.78,-16.2,-16.24,0.928223,32,1.41,-5.34,-0.98,2.28,5.40,-2.99,-10.9,-10.04,7.38,-1.06,0.981251,24
24-09-2025,NYSE:GGG,Graco Inc. Common Stock,13937,672453,1.46,84.11,-1.00,-0.82,-0.82,-3.25,-1.40,-0.17,-0.76,-0.57,0,0,0,0,0,-1,-1,-1,-1,-1,-5.29,-5.29,-8.86,1.85,13.63,13.63,-7.65,-11.12,-18.07,-14.47,-19.86,0.928035,32,-3.25,1.78,1.22,-0.59,0.19,-7.65,-3.78,-7.84,4.51,-6.27,0.982928,25
24-09-2025,NASDAQ:BGC,"BGC Group, Inc. - Class A Common Stock",4511,2853290,2.45,9.51,-0.94,-1.79,-5.47,-5.99,-3.15,-3.58,9.25,-2.63,0,0,0,0,0,-1,-1,-1,-1,-1,-12.35,-12.35,-17.23,2.59,26.8,26.8,-10.39,-12.87,-21.48,-4.46,-21.92,0.928017,32,-5.99,2.68,-0.41,12.39,-13.09,-10.39,-2.88,-9.47,17.49,-19.55,0.977781,21
24-09-2025,NYSE:PX,"P10, Inc. Class A Common Stock",1241,450686,2.89,11.29,-4.08,-3.81,-7.71,-10.89,13.20,-8.59,-12.67,3.99,0,0,0,0,0,-1,-1,-1,-1,-1,-11.93,-11.93,-20.32,15.2,26.71,26.71,-15.29,3.48,-26.49,-26.38,-15.3,0.928007,32,-10.89,21.73,-25.10,-3.75,14.78,-15.29,16.17,-34.16,1.35,8.32,1.00987,54
24-09-2025,NYSE:QGEN,Qiagen N.V. Common Shares,9760,1461741,1.46,45.07,-1.18,-0.78,-2.09,-8.50,-5.28,11.98,-1.15,-2.47,0,0,0,0,0,-1,-1,-1,-1,-1,-12.98,-12.98,-12.98,0,17.8,19.17,-12.9,-15,-5.92,-14.86,-21.76,0.927982,31,-8.50,2.97,16.40,-14.91,-1.31,-12.9,-2.59,7.34,-9.81,-7.77,0.973009,17
24-09-2025,NYSE:KIM,Kimco Realty Corporation (HC) Common Stock,14831,3808654,1.39,21.63,-1.23,-1.48,-3.10,-2.64,3.70,2.03,-6.38,-7.44,0,0,0,0,0,-1,-1,-1,-1,-1,-5.09,-5.09,-16.1,4.29,15.67,15.67,-7.04,-6.02,-15.87,-20.09,-26.73,0.9279,31,-2.64,6.17,-1.73,-8.59,-1.00,-7.04,0.61,-10.79,-3.49,-7.46,1.000454,44
24-09-2025,NASDAQ:SLM,SLM Corporation - Common Stock,5929,2983607,2.72,28.44,1.64,1.13,-1.30,-10.79,-13.64,-5.63,3.41,22.40,0,0,0,0,0,-1,-1,-1,-1,-1,-17.33,-17.33,-17.33,2.08,14.49,33.08,-15.19,-23.36,-23.53,-10.3,3.11,0.927832,31,-10.79,-2.57,7.05,8.56,19.66,-15.19,-8.13,-2.01,13.66,13.2,0.934222,5
24-09-2025,NASDAQ:CAI,"Caris Life Sciences, Inc. - Common Stock",8560,552474,4.87,30.44,-5.17,-10.15,-9.72,-26.41,13.17,NA,NA,NA,0,0,0,0,0,-1,-1,-1,-1,-1,-22.54,-22.54,-22.54,15.79,17.35,17.35,-30.81,3.45,0,0,0,0.927791,31,-26.41,31.31,NA,NA,NA,-30.81,25.75,0,0,0,0.895577,2
24-09-2025,NYSE:BSM,"Black Stone Minerals, L.P. Common units representing limited partner interests",2820,570444,1.67,13.31,0.76,2.48,7.44,7.59,3.98,-14.58,-4.13,-12.25,0,0,0,0,0,-1,2,-1,-1,-1,-0.75,-13.35,-14.62,11.66,11.66,11.66,3.19,-5.74,-32.48,-17.84,-31.54,0.927617,31,7.59,-3.90,-19.33,9.11,-7.79,3.19,-9.46,-28.39,14.21,-14.25,1.01911,63
24-09-2025,NYSE:DEI,"Douglas Emmett, Inc. Common Stock",2694,1545486,2.37,15.82,-1.68,-1.77,-3.73,2.02,7.71,-5.25,-12.77,-8.91,0,0,0,0,0,-1,-1,-1,-1,-1,-6.45,-6.45,-22.15,12.52,20.86,20.86,-2.38,-2.01,-23.15,-26.48,-28.2,0.927577,31,2.02,5.81,-14.04,-7.15,3.42,-2.38,0.25,-23.1,-2.05,-3.04,1.017896,62
24-09-2025,NASDAQ:BL,"BlackLine, Inc. - Common Stock",3330,680782,2.74,53.81,-1.03,-1.91,0.28,1.49,-4.39,5.85,-16.17,3.40,0,0,0,0,0,-1,-1,-1,-1,-1,-6.92,-7.57,-18.02,11.99,27.3,27.3,-2.91,-14.11,-12.05,-29.88,-15.89,0.927501,31,1.49,-5.96,9.81,-23.39,16.85,-2.91,-11.52,0.75,-18.29,10.39,0.985137,28
24-09-2025,NYSE:QSR,Restaurant Brands International Inc. Common Shares,29329,3257910,1.46,64.49,0.53,0.93,3.99,2.73,-0.57,-3.24,-1.60,-8.98,0,0,0,0,0,-1,-1,-1,-1,-1,-9.6,-10.43,-12.25,4.25,7.43,7.43,-1.67,-10.29,-21.14,-15.31,-28.27,0.92746,31,2.73,-3.40,-2.65,1.59,-7.26,-1.67,-8.96,-11.71,6.69,-13.72,0.998279,42
24-09-2025,NYSE:ARMK,Aramark Common Stock,9883,2068915,1.94,37.6,-0.97,0.37,-1.49,-4.97,-9.41,9.23,0.51,-0.40,0,0,0,0,0,-1,-1,-1,-1,-1,-14.84,-14.84,-14.84,0.37,23.72,23.72,-9.37,-19.13,-8.67,-13.2,-19.69,0.927339,31,-4.97,-4.23,17.04,-9.61,-0.91,-9.37,-9.79,7.98,-4.51,-7.37,0.966954,14
24-09-2025,NYSE:BIP,Brookfield Infrastructure Partners LP Limited Partnership Units,20346,573410,1.91,31.19,-1.08,1.47,1.92,1.31,-6.06,3.37,0.61,-8.34,0,0,0,0,0,-1,-1,-1,-1,-1,-8.45,-8.45,-14.36,4.63,15.56,15.56,-3.09,-15.78,-14.53,-13.1,-27.63,0.927314,31,1.31,-7.47,8.89,-2.85,-9.00,-3.09,-13.03,-0.17,2.25,-15.46,0.985245,28
24-09-2025,NASDAQ:NWBI,"Northwest Bancshares, Inc. - Common Stock",1825,876626,2.01,12.48,0.48,1.12,-0.08,-0.24,-0.40,3.13,-5.53,-7.61,0,0,0,0,0,-1,-1,-1,-1,-1,-7.76,-7.76,-18.32,8.52,14.5,14.5,-4.64,-10.12,-14.77,-19.24,-26.9,0.927125,31,-0.24,-0.16,3.51,-8.93,-1.97,-4.64,-5.72,-5.55,-3.83,-8.43,0.994576,38
24-09-2025,NASDAQ:AMGN,Amgen Inc. - Common Stock,150321,2553672,1.74,286.81,0.28,4.79,2.38,-2.41,3.25,-9.61,9.77,-17.13,0,0,0,0,HV2Y,-1,-1,-1,-1,-1,-7.25,-8.77,-14.99,5.03,9.35,10.91,-6.81,-6.47,-27.51,-3.94,-36.42,0.927084,31,-2.41,5.53,-13.29,17.69,-29.82,-6.81,-0.03,-22.35,22.79,-36.28,1.008775,53
24-09-2025,NYSE:WEX,WEX Inc. common stock,5531,372418,2.71,161.42,1.47,-3.67,-5.05,-5.83,10.38,4.55,-3.74,-28.31,0,0,0,0,0,-1,-1,-1,-1,-1,-8.42,-8.42,-25.48,11.59,42.26,42.26,-10.23,0.66,-13.35,-17.45,-47.6,0.927063,31,-5.83,15.32,-6.51,-8.68,-23.68,-10.23,9.76,-15.57,-3.58,-30.14,1.027442,68
24-09-2025,NYSE:LUCK,Lucky Strike Entertainment Corporation Class A Common Stock,1401,282723,4.64,9.99,0.60,2.60,3.90,-5.71,8.61,-1.40,-2.40,-15.02,0,0,0,0,0,-1,-1,-1,-1,-1,-11.12,-11.12,-22.62,9.42,25.82,25.82,-10.11,-1.11,-19.3,-16.11,-34.31,0.926975,31,-5.71,13.54,-10.95,-0.99,-12.32,-10.11,7.98,-20.01,4.11,-18.78,1.013654,58
24-09-2025,NYSE:EVEX,"Eve Holding, Inc. Common Stock",1222,1448957,5.33,4.06,-3.79,9.85,9.36,0.00,-32.76,6.90,-13.79,26.35,0,0,HVQ,HV2Y,HV2Y,-1,-1,-1,-1,-1,-45.94,-45.94,-45.94,10.93,27.27,51.49,-4.4,-42.48,-11,-27.5,7.06,0.926878,31,0.00,-32.76,29.87,-22.22,35.28,-4.4,-38.32,20.81,-17.12,28.82,0.925902,4
24-09-2025,NYSE:EG,"Everest Group, Ltd. Common Stock",14493,371159,2.03,345.54,2.25,3.44,1.59,1.22,2.63,-4.84,-1.11,-12.14,0,0,0,0,0,-1,-1,-1,-1,-1,-1.1,-5.98,-15.11,5.98,5.98,5.98,-3.18,-7.09,-22.74,-14.82,-31.43,0.926823,31,1.22,1.43,-7.67,3.56,-10.92,-3.18,-4.13,-16.73,8.66,-17.38,1.005741,50
24-09-2025,NASDAQ:CTAS,Cintas Corporation - Common Stock,80612,2228208,1.74,200.04,-0.27,0.03,-0.68,-5.91,-9.60,3.29,8.62,-2.06,0,0,0,0,HV2Y,-1,-1,-1,-1,-1,-11.59,-12.13,-12.13,0.38,5.22,9.86,-10.31,-19.32,-14.61,-5.09,-21.35,0.926811,31,-5.91,-3.48,11.76,5.52,-11.69,-10.31,-9.04,2.7,10.62,-18.15,0.965203,13
24-09-2025,NYSE:ET,Energy Transfer LP Common Units,59729,10655491,1.24,17.4,1.69,-0.75,-0.11,-0.69,-1.55,-8.51,-5.00,6.90,0,0,0,0,0,-1,-1,-1,-1,-1,-4.4,-8.08,-17.46,1.69,11.18,11.18,-5.09,-11.27,-26.41,-18.71,-12.39,0.926778,31,-0.69,-0.86,-6.85,3.23,11.33,-5.09,-6.42,-15.91,8.33,4.87,0.981197,24
24-09-2025,NASDAQ:RWAY,Runway Growth Finance Corp. - Common Stock,371,234688,1.77,10.25,-0.10,-0.59,-2.34,-3.90,-1.85,-2.63,0.00,1.27,0,0,0,0,0,-1,-1,-1,-1,-1,-9.37,-9.37,-11.87,0.29,18.63,18.63,-8.3,-11.57,-20.53,-13.71,-18.02,0.926763,31,-3.90,1.97,-0.77,2.57,1.27,-8.3,-3.59,-9.83,7.67,-5.19,0.979815,23
24-09-2025,NYSE:WMK,"Weis Markets, Inc. Common Stock",1763,207955,2.62,71.24,0.84,-1.09,1.91,-3.35,-3.26,-4.18,1.42,2.57,0,0,0,0,0,-1,-1,-1,-1,-1,-9.04,-19.81,-19.81,2.74,2.74,13.28,-7.75,-12.98,-22.08,-12.29,-16.72,0.92674,31,-3.35,0.10,-0.90,5.38,1.17,-7.75,-5.46,-9.96,10.48,-5.29,0.976552,20
24-09-2025,NYSE:HUM,Humana Inc. Common Stock,31508,2006101,3.73,261.97,1.41,-2.83,-4.43,-13.45,8.96,-4.50,10.00,-18.49,0,0,HVQ,0,0,-1,-1,-1,-1,-1,-16.04,-16.04,-18.02,18.86,18.86,18.86,-17.85,-0.76,-22.4,-3.71,-37.78,0.926739,31,-13.45,19.75,-14.78,13.88,-31.65,-17.85,14.19,-23.84,18.98,-38.11,1.010981,55
24-09-2025,NASDAQ:HOLX,"Hologic, Inc. - Common Stock",14769,2159396,2.78,66.4,-1.83,-2.71,1.35,-1.10,3.21,8.43,-6.57,-22.58,0,0,HV2Y,HV2Y,0,-1,-1,-1,-1,-1,-3.74,-3.74,-20.69,4.96,25.92,25.92,-5.5,-6.51,-9.47,-20.28,-41.87,0.926661,31,-1.10,4.26,5.40,-16.38,-15.02,-5.5,-1.3,-3.66,-11.28,-21.48,1.012613,57
24-09-2025,NYSE:DIN,"Dine Brands Global, Inc. Common Stock",387,580863,3.61,25.19,2.86,3.33,6.91,12.39,-2.30,2.50,-19.49,-17.55,0,0,0,0,0,-1,-1,-1,-1,-1,-6.08,-9.45,-30.01,23.42,34.2,34.2,7.99,-12.02,-15.4,-33.2,-36.84,0.926656,31,12.39,-16.76,4.70,-22.56,1.63,7.99,-22.32,-4.36,-17.46,-4.83,1.018158,62
24-09-2025,NYSE:TTC,Toro Company (The) Common Stock,7482,922954,2.36,76.45,-0.86,-3.51,-2.67,-7.82,7.90,2.71,-6.07,-11.05,0,0,0,0,0,-1,-1,-1,-1,-1,-7.38,-7.38,-13.56,8.67,20.37,20.37,-12.22,-1.82,-15.19,-19.78,-30.34,0.926642,31,-7.82,14.58,-5.64,-9.02,-4.70,-12.22,9.02,-14.7,-3.92,-11.16,1.007019,52
24-09-2025,NYSE:PR,Permian Resources Corporation Class A Common Stock,11385,13719658,3.65,13.67,0.51,0.80,-4.02,-3.51,-0.29,-4.24,1.10,-1.68,0,0,0,0,0,-1,-1,-1,-1,-1,-5.79,-8.44,-15.67,5.23,31.95,31.95,-7.91,-10.01,-22.14,-12.61,-20.97,0.926591,31,-3.51,3.11,-3.94,5.12,-2.81,-7.91,-2.45,-13,10.22,-9.27,0.985713,28
24-09-2025,NYSE:EHAB,"Enhabit, Inc. Common Stock",420,402161,3.11,8.28,2.60,6.76,2.66,2.54,-13.53,-6.76,7.00,2.78,0,0,0,0,0,-1,-1,-1,-1,-1,-14.11,-23.33,-23.33,26.99,26.99,26.99,-1.86,-23.25,-24.66,-6.71,-16.51,0.926578,31,2.54,-16.48,5.96,12.90,-4.55,-1.86,-22.04,-3.1,18,-11.01,0.964747,13
24-09-2025,NYSE:AWK,"American Water Works Company, Inc. Common Stock",27574,1152301,1.55,136.41,-0.56,0.23,-1.53,-5.86,-2.67,-2.02,9.22,-7.93,0,0,0,0,0,-1,-1,-1,-1,-1,-7.2,-10.23,-10.23,1.01,1.94,12.73,-10.26,-12.39,-19.92,-4.49,-27.22,0.926516,31,-5.86,3.01,0.64,11.02,-18.90,-10.26,-2.55,-8.42,16.12,-25.36,0.983087,25
24-09-2025,NYSE:SYK,Stryker Corporation Common Stock,141920,1166298,1.6,371.22,-0.62,-1.52,-3.17,-5.30,-5.66,-0.44,3.79,1.73,0,0,0,0,0,-1,-1,-1,-1,-1,-8.01,-8.01,-8.01,0,10.03,10.03,-9.7,-15.38,-18.34,-9.92,-17.56,0.926436,31,-5.30,-0.35,4.94,4.22,-2.15,-9.7,-5.91,-4.12,9.32,-8.61,0.970035,16
24-09-2025,AMEX:SENS,"Senseonics Holdings, Inc. Common Stock",383,6168907,4.62,0.47,1.89,4.79,6.72,3.02,-6.68,-61.00,5.96,23.38,0,0,0,HV2Y,HV2Y,-1,-1,-1,-1,-1,-19.52,-39.1,-64.12,8.27,8.27,84.82,-1.38,-16.4,-78.9,-7.75,4.09,0.926388,31,3.02,-10.00,-50.92,41.59,18.53,-1.38,-15.56,-59.98,46.69,12.07,0.979645,22
24-09-2025,NASDAQ:ARLP,"Alliance Resource Partners, L.P. - Common Units Representing Limited Partnership Interests",3125,349543,2.05,24.33,2.18,3.12,6.58,6.04,-3.45,-9.17,-6.54,0.12,0,0,0,0,0,-1,-1,-1,-1,-1,-13.11,-13.11,-16.79,7.94,7.94,7.94,1.64,-13.17,-27.07,-20.25,-19.17,0.926293,31,6.04,-10.10,-5.52,2.41,6.25,1.64,-15.66,-14.58,7.51,-0.21,0.99109,34
24-09-2025,NASDAQ:BLFS,"BioLife Solutions, Inc. - Common Stock",1155,398271,3.27,24.11,-2.59,-6.12,-9.87,-6.39,11.36,-7.09,-8.30,-6.89,0,0,0,0,HV2Y,-1,-1,-1,-1,-1,-9.84,-9.84,-15.37,16.81,16.81,17.78,-10.79,1.64,-24.99,-22.01,-26.18,0.926245,30,-6.39,16.69,-20.82,-1.12,1.30,-10.79,11.13,-29.88,3.98,-5.16,1.015669,60
24-09-2025,NYSE:AMRZ,Amrize Ltd Ordinary Shares,26880,5380210,2.25,50.26,-0.51,-8.62,-8.20,-1.95,-5.45,NA,NA,NA,0,0,0,0,0,-1,-1,-1,-1,-1,-9.65,-9.65,-9.65,7.74,7.74,7.74,-6.35,-15.17,0,0,0,0.926202,30,-1.95,-3.43,NA,NA,NA,-6.35,-8.99,0,0,0,0.893895,1
24-09-2025,NYSE:KIO,KKR Income Opportunities Fund Common Shares,527,216462,0.66,12.62,-0.39,-0.40,-0.08,0.95,1.27,2.06,-3.25,-17.12,0,0,0,0,0,-1,-1,-1,-1,-1,-1.64,-1.64,-16.09,2.27,14.83,14.83,-3.45,-8.45,-15.84,-16.96,-36.41,0.926,30,0.95,0.32,0.80,-5.42,-13.43,-3.45,-5.24,-8.26,-0.32,-19.89,1.005945,50
24-09-2025,NYSE:BZH,"Beazer Homes USA, Inc. Common Stock",729,404777,3.19,24.53,0.41,-3.79,-3.95,-4.65,10.68,11.70,-13.33,-35.79,0,0,0,0,0,-1,-1,-1,-1,-1,-6.8,-6.8,-31.35,13.04,36.73,36.73,-9.05,0.96,-6.2,-27.04,-55.08,0.925998,30,-4.65,14.65,1.14,-28.35,-19.82,-9.05,9.09,-7.92,-23.25,-26.28,1.036757,73
24-09-2025,NYSE:FRT,Federal Realty Investment Trust Common Stock,8693,616247,1.4,99.13,-0.93,-0.16,-1.33,-0.02,5.47,1.41,-10.51,-14.02,0,0,0,0,0,-1,-1,-1,-1,-1,-3.45,-3.45,-15.66,9.4,18.63,18.63,-4.42,-4.25,-16.49,-24.22,-33.31,0.925982,30,-0.02,5.49,-4.29,-12.09,-3.18,-4.42,-0.07,-13.35,-6.99,-9.64,1.012874,57
24-09-2025,NYSE:COP,ConocoPhillips Common Stock,119436,6754078,2.39,95.63,2.31,1.89,1.37,-2.67,6.93,-7.24,0.47,-14.89,0,0,0,0,0,-1,-1,-1,-1,-1,-3.39,-9.87,-16.64,7.45,15.69,15.69,-7.07,-2.79,-25.14,-13.24,-34.18,0.925928,30,-2.67,9.35,-15.22,7.19,-15.43,-7.07,3.79,-24.28,12.29,-21.89,1.013616,58
24-09-2025,NASDAQ:SBGI,"Sinclair, Inc. - Class A Common Stock",1013,499695,3.08,14.55,-1.12,1.99,7.90,1.17,7.22,-14.71,-10.86,-0.82,0,HV2Y,HV2Y,0,HV2Y,-1,-1,-1,-1,-1,-6.91,-13.24,-20.58,22.01,22.01,22.01,-3.23,-2.5,-32.61,-24.57,-20.11,0.925874,30,1.17,6.12,-23.63,3.36,9.05,-3.23,0.56,-32.69,8.46,2.59,1.011121,56
24-09-2025,NYSE:SHO,"Sunstone Hotel Investors, Inc. Sunstone Hotel Investors, Inc. Common Shares",1835,2484169,2.36,9.64,-0.21,-1.04,3.42,2.07,10.48,-1.35,-25.31,-11.51,0,0,0,0,HV2Y,-1,-1,-1,-1,-1,-2.82,-2.82,-22.13,11.7,24.87,24.87,-2.33,0.76,-19.25,-39.02,-30.8,0.925779,30,2.07,8.58,-13.21,-23.64,11.01,-2.33,3.02,-22.27,-18.54,4.55,1.03003,70
24-09-2025,NYSE:RS,"Reliance, Inc. Common Stock",14954,299999,2.07,284.34,0.47,-1.49,-2.80,-3.51,-8.69,-3.12,7.08,1.15,0,0,0,0,0,-1,-1,-1,-1,-1,-17.26,-17.26,-17.26,0.47,8.49,8.49,-7.91,-18.41,-21.02,-6.63,-18.14,0.925744,30,-3.51,-5.00,5.12,9.90,-6.39,-7.91,-10.56,-3.94,15,-12.85,0.966871,14
24-09-2025,NASDAQ:NCNO,"nCino, Inc. - Common Stock",3310,2566759,3.83,28.58,-2.52,-7.17,-4.90,0.73,8.61,-2.80,-20.85,-6.51,0,HVQ,0,0,HV2Y,-1,-1,-1,-1,-1,-12.57,-12.57,-32.97,9.42,33.24,33.24,-3.67,-1.11,-20.7,-34.56,-25.8,0.925722,30,0.73,7.93,-12.48,-17.56,11.87,-3.67,2.37,-21.54,-12.46,5.41,1.018967,62
24-09-2025,NYSE:BOH,Bank of Hawaii Corporation Common Stock,2629,400911,2.05,66.12,0.09,-1.23,-2.75,-2.72,-1.15,-5.46,-3.16,3.31,0,0,0,0,0,-1,-1,-1,-1,-1,-7.04,-7.04,-17.87,7.78,10.16,10.16,-7.12,-10.87,-23.36,-16.87,-15.98,0.925714,30,-2.72,1.53,-4.26,2.18,6.27,-7.12,-4.03,-13.32,7.28,-0.19,0.981672,24
24-09-2025,NYSE:NBHC,National Bank Holdings Corporation Common Stock,1472,374793,2.4,38.93,-0.38,0.18,1.05,-0.67,4.55,-1.21,-9.53,-8.63,0,0,0,0,0,-1,-1,-1,-1,-1,-6.37,-6.37,-24.02,7.96,14.77,14.77,-5.07,-5.17,-19.11,-23.24,-27.92,0.925606,30,-0.67,5.18,-6.03,-8.22,0.82,-5.07,-0.38,-15.09,-3.12,-5.64,1.006004,50
24-09-2025,NYSE:CP,Canadian Pacific Kansas City Limited Common Shares,67985,2530117,1.6,74.06,-0.09,-1.66,-0.59,0.90,-5.20,2.27,4.00,-15.93,0,0,0,0,0,-1,-1,-1,-1,-1,-10.13,-10.13,-14.27,1.62,10.29,10.29,-3.5,-14.92,-15.63,-9.71,-35.22,0.925439,30,0.90,-6.16,7.10,1.77,-20.76,-3.5,-11.72,-1.96,6.87,-27.22,0.991954,35
24-09-2025,NASDAQ:NUVL,"Nuvalent, Inc. - Class A Common Stock",5735,426193,4.21,79.54,-1.90,1.13,1.31,6.90,0.57,5.73,-6.41,-35.78,0,0,0,0,HV2Y,-1,-1,-1,-1,-1,-7.18,-7.18,-26.35,10.23,34.09,34.09,2.5,-9.15,-12.17,-20.12,-55.07,0.925377,30,6.90,-6.81,5.20,-12.88,-27.60,2.5,-12.37,-3.86,-7.78,-34.06,1.026209,68
24-09-2025,NYSE:G,Genpact Limited Common Stock,7440,1935662,1.94,42.69,3.97,2.16,-0.73,-6.47,2.27,-18.48,0.91,9.39,0,0,0,0,0,-1,-1,-1,-1,-1,-7.46,-15.88,-23.14,3.97,5.02,11.84,-10.87,-7.45,-36.38,-12.8,-9.9,0.925362,30,-6.47,8.21,-21.24,16.37,8.56,-10.87,2.65,-30.3,21.47,2.1,0.982438,25
24-09-2025,NYSE:FPI,Farmland Partners Inc. Common Stock,481,323788,1.59,10.93,0.37,0.09,2.38,0.09,-3.02,-1.10,-10.70,4.03,0,0,0,0,0,-1,-1,-1,-1,-1,-5.69,-7.29,-14.34,4.39,11.53,11.53,-4.31,-12.74,-19,-24.41,-15.26,0.925304,30,0.09,-3.11,1.87,-9.50,13.31,-4.31,-8.67,-7.19,-4.4,6.85,0.982437,25
24-09-2025,NYSE:ZTO,"ZTO Express (Cayman) Inc. American Depositary Shares, each representing one Class A ordinary share.",14615,1600808,1.79,18.93,2.21,-0.85,-1.90,-0.05,5.76,-4.70,-4.17,-15.43,0,0,0,0,HV2Y,-1,-1,-1,-1,-1,-8.68,-8.68,-29.86,7.25,14.66,14.66,-4.45,-3.96,-22.6,-17.88,-34.72,0.925236,30,-0.05,5.81,-11.10,0.50,-10.80,-4.45,0.25,-20.16,5.6,-17.26,1.013881,58
24-09-2025,NASDAQ:OKTA,"Okta, Inc. - Class A Common Stock",15843,4068275,3.29,89.87,-2.53,-0.14,-0.38,-1.65,-9.28,-29.88,9.10,15.71,0,0,0,0,0,-1,-1,-1,-1,-1,-11.11,-29.4,-29.4,1.54,1.54,25.15,-6.05,-19,-47.78,-4.61,-3.58,0.925105,30,-1.65,-7.51,-18.85,30.01,7.27,-6.05,-13.07,-27.91,35.11,0.81,0.961646,11
24-09-2025,NYSE:SITE,"SiteOne Landscape Supply, Inc. Common Stock",5826,537068,2.79,130.59,-2.55,-4.06,-9.68,-10.56,7.87,2.37,-1.83,-14.24,0,0,HV2Y,0,0,-1,-1,-1,-1,-1,-14.63,-14.63,-16.45,8.54,24.62,24.62,-14.96,-1.85,-15.53,-15.54,-33.53,0.925084,30,-10.56,16.67,-5.97,-4.31,-12.18,-14.96,11.11,-15.03,0.79,-18.64,1.005895,50
24-09-2025,NASDAQ:STKL,"SunOpta, Inc. - Common Stock",732,476883,3.08,6.06,-0.33,-4.46,-2.64,-5.12,2.48,15.68,-23.76,-10.07,0,0,0,0,HV2Y,-1,-1,-1,-1,-1,-9.96,-9.96,-23.19,16.76,63.34,63.34,-9.52,-7.24,-2.22,-37.47,-29.36,0.924847,30,-5.12,7.22,13.54,-46.77,11.07,-9.52,1.66,4.48,-41.67,4.61,1.006885,51
24-09-2025,NYSE:PNW,Pinnacle West Capital Corporation Common Stock,10407,930600,1.17,87.14,0.06,1.18,-0.55,-3.26,-1.84,-5.01,2.91,-3.60,0,0,0,0,0,-1,-1,-1,-1,-1,-7.74,-8.69,-8.69,1.48,1.48,6.58,-7.66,-11.56,-22.91,-10.8,-22.89,0.924794,30,-3.26,1.38,-3.12,7.55,-6.71,-7.66,-4.18,-12.18,12.65,-13.17,0.984223,27
24-09-2025,NYSE:BRW,Saba Capital Income & Opportunities Fund SBI,348,258018,1.31,7.72,-5.62,-4.15,-5.96,-8.42,-2.20,-1.30,-0.13,4.15,0,0,0,0,0,-1,-1,-1,-1,-1,-8.75,-8.75,-8.75,0,10.29,10.29,-12.82,-11.92,-19.2,-13.84,-15.14,0.924766,30,-8.42,5.73,0.89,1.15,4.27,-12.82,0.17,-8.17,6.25,-2.19,0.97201,17
24-09-2025,NYSE:IQV,"IQVIA Holdings, Inc. Common Stock",30811,1165315,2.57,181.24,-2.79,-3.01,-1.45,-3.74,12.43,-0.08,-5.67,-33.59,0,0,HV2Y,HV2Y,0,-1,-1,-1,-1,-1,-9.75,-9.75,-25.14,15.09,32.29,32.29,-8.14,2.71,-17.98,-19.38,-52.88,0.924765,30,-3.74,15.59,-14.29,-5.58,-26.42,-8.14,10.03,-23.35,-0.48,-32.88,1.039107,74
24-09-2025,NASDAQ:MANH,"Manhattan Associates, Inc. - Common Stock",12847,556026,2.47,212.45,-0.59,-1.18,0.07,-1.14,9.87,15.49,-32.99,-29.88,0,0,0,0,0,-1,-1,-1,-1,-1,-6.8,-6.8,-31.42,10.95,47.64,47.64,-5.54,0.15,-2.41,-46.7,-49.17,0.924524,30,-1.14,10.89,6.23,-57.36,2.34,-5.54,5.33,-2.83,-52.26,-4.12,1.04388,76
24-09-2025,NYSE:CWEN.A,"Clearway Energy, Inc. Class A Common Stock",5728,243298,1.67,27.2,0.93,2.46,0.77,-3.64,-10.04,-5.15,10.63,-1.43,0,0,0,0,0,-1,-1,-1,-1,-1,-12.48,-12.48,-12.48,2.53,9.02,16.94,-8.04,-19.76,-23.05,-3.08,-20.72,0.924445,30,-3.64,-6.17,4.44,15.00,-13.49,-8.04,-11.73,-4.62,20.1,-19.95,0.966768,14
24-09-2025,NASDAQ:GTLB,GitLab Inc. - Class A Common Stock,7877,6395041,4.28,47.23,-3.30,-6.78,-3.77,4.23,9.82,-12.49,-17.85,-10.21,0,0,0,0,0,-1,-1,-1,-1,-1,-6.35,-11.6,-35.42,21.66,21.66,21.66,-0.17,0.1,-30.39,-31.56,-29.5,0.924411,30,4.23,5.84,-24.75,-4.76,6.49,-0.17,0.28,-33.81,0.34,0.03,1.028877,69
24-09-2025,NYSE:SUZ,Suzano S.A. American Depositary Shares (each representing One Ordinary Share),11857,1406419,1.49,9.36,-1.68,-2.35,-0.75,-5.56,0.96,-0.64,-5.34,-0.85,0,0,0,0,0,-1,-1,-1,-1,-1,-7.42,-7.42,-14.36,4.82,10.38,10.38,-9.96,-8.76,-18.54,-19.05,-20.14,0.9242,30,-5.56,6.17,-1.62,-4.67,4.26,-9.96,0.61,-10.68,0.43,-2.2,0.986184,29
24-09-2025,NYSE:RAMP,"LiveRamp Holdings, Inc. Common Stock",1849,648715,2.6,28.18,1.15,4.97,5.78,2.48,-15.19,2.41,-7.70,7.77,0,0,0,0,0,-1,-1,-1,-1,-1,-17.6,-17.6,-20.86,9.39,19.66,19.66,-1.92,-24.91,-15.49,-21.41,-11.52,0.92413,30,2.48,-18.12,15.28,-10.36,14.37,-1.92,-23.68,6.22,-5.26,7.91,0.96114,11
24-09-2025,NYSE:AVA,Avista Corporation Common Stock,2975,633546,1.29,36.68,-0.22,1.74,1.23,-0.33,-2.40,-8.10,2.24,-4.44,0,0,0,0,0,-1,-1,-1,-1,-1,-4.4,-13.55,-13.55,3.18,3.18,4.2,-4.73,-12.12,-26,-11.47,-23.73,0.92412,30,-0.33,-2.07,-5.56,9.56,-6.83,-4.73,-7.63,-14.62,14.66,-13.29,0.98752,30
24-09-2025,NASDAQ:SHEN,Shenandoah Telecommunications Co - Common Stock,725,362891,3.56,13.21,-2.72,-6.96,-0.45,-0.15,-5.68,4.16,3.79,-18.02,0,0,0,0,0,-1,-1,-1,-1,-1,-15.86,-15.86,-15.86,11.2,19.66,25.81,-4.55,-15.4,-13.74,-9.92,-37.31,0.924092,29,-0.15,-5.52,9.31,-0.39,-22.66,-4.55,-11.08,0.25,4.71,-29.12,0.991471,35
24-09-2025,NYSE:IPG,"Interpublic Group of Companies, Inc. (The) Common Stock",9633,5268618,2.15,26.3,0.84,0.15,1.29,-3.16,8.33,0.04,-8.86,-18.29,0,0,0,0,0,-1,-1,-1,-1,-1,-3.52,-3.52,-17.97,9.49,16.06,16.06,-7.56,-1.39,-17.86,-22.57,-37.58,0.924052,29,-3.16,11.13,-9.04,-8.90,-8.66,-7.56,5.57,-18.1,-3.8,-15.12,1.018614,62
24-09-2025,NYSE:TKC,Turkcell Iletisim Hizmetleri AS Common Stock,5133,2916895,1.91,6.09,-0.16,3.61,9.69,0.16,3.12,-1.97,-5.58,-14.12,0,0,0,0,0,-1,-1,-1,-1,-1,-2.25,-6.16,-19.66,12.15,12.15,12.15,-4.24,-6.6,-19.87,-19.29,-33.41,0.923852,29,0.16,2.96,-5.25,-3.54,-8.09,-4.24,-2.6,-14.31,1.56,-14.55,1.007008,52
24-09-2025,NASDAQ:PEP,"PepsiCo, Inc. - Common Stock",194642,8067697,1.73,142.17,0.19,0.66,-0.34,-4.24,9.95,-2.37,-6.54,-20.41,0,0,0,0,0,-1,-1,-1,-1,-1,-6.57,-6.57,-19.27,11.05,11.05,11.05,-8.64,0.23,-20.27,-20.25,-39.7,0.923842,29,-4.24,13.62,-13.69,-4.07,-13.01,-8.64,8.06,-22.75,1.03,-19.47,1.02287,65
24-09-2025,NYSE:MCO,Moody's Corporation Common Stock,85179,781285,1.86,474.8,-0.42,-7.79,-6.59,-7.41,-1.44,-0.51,2.68,-4.18,0,0,0,HV2Y,0,-1,-1,-1,-1,-1,-8.92,-8.92,-9.99,0,19.69,19.69,-11.81,-11.16,-18.41,-11.03,-23.47,0.923768,29,-7.41,5.56,0.92,3.17,-7.05,-11.81,0,-8.14,8.27,-13.51,0.980605,23
24-09-2025,NYSE:WD,"Walker & Dunlop, Inc Common Stock",2846,257353,2.44,83.54,-0.39,-2.11,-3.10,-3.67,17.38,-3.79,-15.30,-32.94,0,0,0,0,0,-1,-1,-1,-1,-1,-4.63,-4.63,-28.17,21.04,26.58,26.58,-8.07,7.66,-21.69,-29.01,-52.23,0.923703,29,-3.67,20.31,-25.63,-11.08,-15.30,-8.07,14.75,-34.69,-5.98,-21.76,1.053969,80
24-09-2025,NYSE:HUYA,"HUYA Inc. American depositary shares, each  representing one Class A ordinary share",745,1743761,5.07,3.38,0.90,-4.73,1.48,2.07,-9.47,1.48,11.24,-26.63,0,0,2,0,HV2Y,-1,-1,-1,-1,-1,-13.11,-17.56,-45.75,45.69,45.69,45.69,-2.33,-19.19,-16.42,-2.47,-45.92,0.92369,29,2.07,-11.78,10.00,9.91,-42.67,-2.33,-17.34,0.94,15.01,-49.13,0.995551,39
24-09-2025,NASDAQ:FLY,Firefly Aerospace Inc. - Common Stock,5944,933151,4.82,40.56,-3.29,-6.90,-5.45,-10.27,NA,NA,NA,NA,0,0,0,0,0,NA,-1,-1,-1,-1,-32.79,-32.79,-32.79,0,0,0,-14.67,0,0,0,0,0.923597,29,-10.27,NA,NA,NA,NA,-14.67,0,0,0,0,0.977693,21
24-09-2025,NYSE:HI,Hillenbrand Inc Common Stock,1696,459112,3.71,24.06,-1.88,-0.08,-3.12,-5.40,16.38,-7.73,-20.82,-13.05,0,HVQ,HVY,0,0,-1,-1,-1,-1,-1,-8.83,-8.83,-31.9,22.82,29.22,29.22,-9.8,6.66,-25.63,-34.53,-32.34,0.923325,29,-5.40,20.67,-28.84,-12.15,6.43,-9.8,15.11,-37.9,-7.05,-0.03,1.037807,74
24-09-2025,NYSE:HKD,AMTD Digital Inc. American Depositary Shares (every five of which represent two Class A Ordinary Shares),480,510060,6.21,2,2.56,8.50,8.50,18.00,10.50,-12.50,-29.00,-49.00,0,HVQ,HVQ,0,HV2Y,-1,-1,-1,-1,-1,0,-23.95,-61.69,25.79,25.79,25.79,13.6,0.78,-30.4,-42.71,-68.29,0.923304,29,18.00,-9.15,-25.70,-14.67,-15.50,13.6,-14.71,-34.76,-9.57,-21.96,1.077298,87
24-09-2025,NYSE:ARE,"Alexandria Real Estate Equities, Inc. Common Stock",15042,1267731,2.02,85.89,-1.24,0.87,2.20,6.37,14.22,-11.75,-13.27,-41.17,0,0,0,0,0,-1,-1,3,-1,-1,-1.78,-10.65,-30.96,19.52,26.63,26.63,1.97,4.5,-29.65,-26.98,-60.46,0.923161,29,6.37,8.38,-30.27,-1.36,-24.63,1.97,2.82,-39.33,3.74,-31.09,1.063759,83
24-09-2025,NYSE:TS,Tenaris S.A. American Depositary Shares,19159,1991699,1.94,34.68,-1.59,-1.87,-2.57,-4.18,-2.39,-16.15,-6.40,14.91,0,0,0,0,0,-1,-1,-1,-1,-1,-10.73,-13.9,-13.9,0.06,12.93,17.96,-8.58,-12.11,-34.05,-20.11,-4.38,0.923048,29,-4.18,1.72,-13.43,8.39,20.03,-8.58,-3.84,-22.49,13.49,13.57,0.970861,16
24-09-2025,NYSE:RDY,Dr. Reddy's Laboratories Ltd Common Stock,12285,782494,1.13,14.44,-0.48,-2.91,-0.97,-0.14,-7.34,6.86,-4.71,-8.78,0,0,0,0,0,-1,-1,-1,-1,-1,-6.84,-10.7,-10.7,8.33,16.83,16.83,-4.54,-17.06,-11.04,-18.42,-28.07,0.923009,29,-0.14,-7.19,13.23,-12.42,-3.89,-4.54,-12.75,4.17,-7.32,-10.35,0.982766,25
24-09-2025,NYSE:IBN,ICICI Bank Limited Common Stock,112136,4750842,0.92,30.97,-1.21,-5.26,-2.20,-4.39,-6.20,-1.74,2.91,-1.32,0,0,0,0,0,-1,-1,-1,-1,-1,-10,-10,-10,0,2.69,12.41,-8.79,-15.92,-19.64,-10.8,-20.61,0.922872,29,-4.39,-1.73,4.20,4.57,-4.36,-8.79,-7.29,-4.86,9.67,-10.82,0.972433,17
24-09-2025,NYSE:WDS,"Woodside Energy Group Limited American Depositary Shares, each representing one Ordinary Share",28616,777935,1.32,15.34,1.39,-5.48,-7.76,-13.82,-1.04,5.02,6.32,-9.52,0,0,0,0,0,-1,-1,-1,-1,-1,-13.24,-13.24,-16.27,1.72,33.39,33.39,-18.22,-10.76,-12.88,-7.39,-28.81,0.922836,29,-13.82,11.23,6.00,1.37,-16.91,-18.22,5.67,-3.06,6.47,-23.37,0.979082,22
24-09-2025,NYSE:ACP,abrdn Income Credit Strategies Fund Common Shares,731,510025,0.53,5.83,-1.52,-1.20,-1.20,-1.03,0.34,-3.77,-0.17,-12.52,0,0,0,0,0,-1,-1,-1,-1,-1,-2.51,-3.64,-12.2,0.34,12.77,12.77,-5.43,-9.38,-21.67,-13.88,-31.81,0.922775,29,-1.03,1.36,-4.13,3.47,-12.33,-5.43,-4.2,-13.19,8.57,-18.79,0.998092,42
24-09-2025,NYSE:DRH,Diamondrock Hospitality Company Common Stock,1677,2907192,1.95,8.1,-0.49,-0.37,-3.46,-3.58,6.05,2.47,-13.95,-11.73,0,0,0,0,0,-1,-1,-1,-1,-1,-5.81,-5.81,-16.84,7,26.56,26.56,-7.98,-3.67,-15.43,-27.66,-31.02,0.922661,29,-3.58,9.30,-3.81,-16.84,1.95,-7.98,3.74,-12.87,-11.74,-4.51,1.00932,54
24-09-2025,NYSE:FLR,Fluor Corporation Common Stock,7073,3609252,3.5,43.75,-0.64,7.79,5.46,5.71,-13.71,11.45,-14.47,-7.86,0,0,HVQ,0,0,-1,-1,-1,-1,-1,-22.93,-22.93,-25.76,9.4,41.77,41.77,1.31,-23.43,-6.45,-28.18,-27.15,0.922597,29,5.71,-20.61,22.13,-29.27,5.77,1.31,-26.17,13.07,-24.17,-0.69,0.983689,26
24-09-2025,NYSE:KO,Coca-Cola Company (The) Common Stock,285979,18553779,1.18,66.45,-0.39,-0.89,-2.06,-3.73,-4.79,-3.55,6.02,-7.81,0,0,0,0,0,-1,-1,-1,-1,-1,-7.28,-10.08,-10.08,0.36,0.36,9.27,-8.13,-14.51,-21.45,-7.69,-27.1,0.922293,29,-3.73,-1.02,1.18,9.24,-14.72,-8.13,-6.58,-7.88,14.34,-21.18,0.981011,24
24-09-2025,NYSE:NMAX,"Newsmax, Inc. Class B Common Stock",1665,725703,4.19,12.9,-1.68,0.31,4.65,-15.58,2.95,NA,NA,NA,0,0,0,0,0,-1,-1,-1,-1,-1,-18.77,-94.46,-94.46,12.37,12.37,12.37,-19.98,-6.77,0,0,0,0.922273,29,-15.58,16.03,NA,NA,NA,-19.98,10.47,0,0,0,0.889736,1
24-09-2025,NASDAQ:PCAR,PACCAR Inc. - Common Stock,50877,2727965,2.34,96.89,-0.88,-4.10,-1.83,-3.74,2.84,-2.43,-10.96,-2.08,0,0,0,0,0,-1,-1,-1,-1,-1,-5.8,-5.8,-18.17,4.28,12.14,12.14,-8.14,-6.88,-20.33,-24.67,-21.37,0.922235,29,-3.74,6.34,-5.42,-8.33,8.00,-8.14,0.78,-14.48,-3.23,1.54,0.994334,38
24-09-2025,NYSE:ASAN,"Asana, Inc. Class A Common Stock",3345,4731256,4.52,14.16,-0.35,2.97,6.21,0.07,8.69,-8.83,-57.98,15.82,0,0,0,0,HV2Y,-1,-1,-1,-1,-1,-7.75,-25.47,-48.55,10.62,10.62,26.77,-4.33,-1.03,-26.73,-71.69,-3.47,0.922198,29,0.07,8.62,-19.18,-45.17,46.71,-4.33,3.06,-28.24,-40.07,40.25,1.022095,65
24-09-2025,NASDAQ:HOPE,"Hope Bancorp, Inc. - Common Stock",1400,657563,2.1,10.92,1.20,0.73,-0.82,-0.73,3.75,2.84,-10.62,-17.67,0,0,0,0,0,-1,-1,-1,-1,-1,-6.35,-6.35,-23.9,12.46,19.87,19.87,-5.13,-5.97,-15.06,-24.33,-36.96,0.922193,29,-0.73,4.45,-0.95,-13.85,-6.37,-5.13,-1.11,-10.01,-8.75,-12.83,1.010678,55
24-09-2025,NASDAQ:BATRK,"Atlanta Braves Holdings, Inc. - Series C Common Stock",2585,348570,1.53,41.12,-0.51,-1.24,-1.65,-8.29,-11.99,3.48,7.17,-0.32,0,0,0,0,0,-1,-1,-1,-1,-1,-12.14,-12.14,-12.14,0,13.84,13.91,-12.69,-21.71,-14.42,-6.54,-19.61,0.922069,29,-8.29,-3.41,13.81,3.83,-8.07,-12.69,-8.97,4.75,8.93,-14.53,0.957219,9
24-09-2025,NYSE:CUZ,Cousins Properties Incorporated Common Stock,4807,1689308,1.9,28.61,-0.03,-1.05,-2.10,0.91,-4.05,-4.89,-4.26,-2.59,0,0,0,0,0,-1,-1,-1,-1,-1,-4.95,-6.29,-10.43,7.84,13.76,13.76,-3.49,-13.77,-22.79,-17.97,-21.88,0.922069,29,0.91,-5.01,-0.81,0.60,1.61,-3.49,-10.57,-9.87,5.7,-4.85,0.984509,27
24-09-2025,NYSE:MBC,"MasterBrand, Inc. Common Stock",1709,1613384,3.61,12.96,-0.61,-2.39,1.08,-1.85,17.05,-4.09,-12.73,-45.60,0,0,HVY,0,0,-1,-1,-1,-1,-1,-5.61,-5.61,-32.5,20.56,32.24,32.24,-6.25,7.33,-21.99,-26.44,-64.89,0.921967,29,-1.85,18.56,-25.49,-8.30,-29.16,-6.25,13,-34.55,-3.2,-35.62,1.063261,83
24-09-2025,NASDAQ:FELE,"Franklin Electric Co., Inc. - Common Stock",4167,234011,2.06,93.68,-1.38,-0.78,-0.90,-5.04,5.37,-4.43,-5.38,-9.19,0,0,0,0,0,-1,-1,-1,-1,-1,-5.94,-5.94,-15.14,5.68,11.25,11.25,-9.44,-4.35,-22.33,-19.09,-28.48,0.921964,29,-5.04,9.91,-10.36,-0.91,-3.62,-9.44,4.35,-19.42,4.19,-10.08,1.002739,47
24-09-2025,NASDAQ:CRNX,"Crinetics Pharmaceuticals, Inc. - Common Stock",3313,1340834,4.5,35.18,-1.90,2.79,0.51,14.47,13.56,0.31,-49.91,-51.08,0,0,0,0,0,-1,-1,-1,-1,-1,-3.62,-3.62,-42.03,31.02,37.64,37.64,10.07,3.84,-17.59,-63.62,-70.37,0.921892,29,14.47,-1.06,-15.32,-50.38,-0.78,10.07,-6.62,-24.38,-45.28,-7.24,1.086972,88
24-09-2025,NYSE:LB,LandBridge Company LLC Class A Shares Representing Limited Liability Company Interests,4169,383843,4.12,54.46,-4.87,4.72,3.78,4.33,-21.56,-45.39,-0.55,28.99,0,0,0,0,0,-1,-1,-1,-1,-1,-19.41,-35.55,-35.55,7.12,7.12,40.83,-0.07,-31.28,-63.29,-14.26,9.7,0.921693,29,4.33,-27.06,-19.61,30.84,29.38,-0.07,-32.62,-28.67,35.94,22.92,0.941358,6
24-09-2025,NYSE:CWT,California Water Service Group Common Stock,2726,318820,1.67,45.76,0.13,1.18,0.17,-2.19,0.26,0.42,-0.35,-17.99,0,0,0,0,0,-1,-1,-1,-1,-1,-3.85,-10.9,-16.22,3.25,3.25,9.26,-6.59,-9.46,-17.48,-14.06,-37.28,0.921656,29,-2.19,2.40,0.15,-0.77,-17.57,-6.59,-3.16,-8.91,4.33,-24.03,1.000459,44
24-09-2025,NASDAQ:JCAP,"Jefferson Capital, Inc. - Common Stock",1006,271099,4.39,17.26,-0.06,-4.06,-4.52,-12.86,NA,NA,NA,NA,0,0,0,0,0,-1,-1,-1,-1,-1,-12.34,-12.34,-12.34,6.08,6.08,6.08,-17.26,0,0,0,0,0.921163,28,-12.86,NA,NA,NA,NA,-17.26,0,0,0,0,0.975116,19
24-09-2025,NYSE:EXP,Eagle Materials Inc Common Stock,7354,371230,2.67,226.63,-0.86,-1.50,-1.86,-4.46,11.34,-0.92,-10.40,-26.93,0,0,0,0,0,-1,-1,-1,-1,-1,-6.45,-6.45,-28.12,12.79,17.01,17.01,-8.86,1.62,-18.82,-24.11,-46.22,0.921106,28,-4.46,15.13,-13.83,-9.39,-14.98,-8.86,9.57,-22.89,-4.29,-21.44,1.030954,71
24-09-2025,NYSE:STAG,"Stag Industrial, Inc. Common Stock",6712,1417298,1.58,34.64,-1.62,-2.14,-3.32,-5.08,-2.63,-0.38,4.10,-12.85,0,0,0,0,0,-1,-1,-1,-1,-1,-6.3,-6.43,-12.3,1.05,15.16,15.16,-9.48,-12.35,-18.28,-9.61,-32.14,0.921048,28,-5.08,2.34,2.19,4.46,-17.67,-9.48,-3.22,-6.87,9.56,-24.13,0.987416,30
24-09-2025,NYSE:ABR,Arbor Realty Trust Common Stock,2285,2218571,2.02,11.88,1.19,2.86,0.34,0.42,11.20,-2.95,-15.82,-27.61,0,0,0,0,HV2Y,-1,-1,-1,-1,-1,-2.38,-2.86,-24.14,13.68,33.18,33.18,-3.98,1.48,-20.85,-29.53,-46.9,0.921019,28,0.42,10.82,-15.92,-12.51,-10.17,-3.98,5.26,-24.98,-7.41,-16.63,1.037479,73
24-09-2025,NASDAQ:AVPT,"AvePoint, Inc. - Class A Common Stock",3238,1327688,2.96,15.28,-1.93,-1.05,-3.08,-0.07,-23.17,0.33,-16.10,21.86,0,0,0,0,0,-1,-1,-1,-1,-1,-20.87,-23.56,-23.56,6.63,14.63,32.41,-4.47,-32.89,-17.57,-29.81,2.57,0.920962,28,-0.07,-23.09,19.08,-16.48,32.69,-4.47,-28.65,10.02,-11.38,26.23,0.939366,6
24-09-2025,NYSE:BXMT,"Blackstone Mortgage Trust, Inc. Common Stock",3241,1219055,1.67,18.76,-0.69,-3.09,-6.08,-2.99,-4.42,-8.16,5.49,-5.70,0,0,0,0,0,-1,-1,-1,-1,-1,-6.76,-7.54,-10.96,1.52,9.26,9.39,-7.39,-14.14,-26.06,-8.22,-24.99,0.920943,28,-2.99,-1.40,-3.57,12.62,-11.84,-7.39,-6.96,-12.63,17.72,-18.3,0.981345,24
24-09-2025,NYSE:AMP,"Ameriprise Financial, Inc. Common Stock",46371,527696,1.88,494.13,-0.05,1.62,0.16,-4.61,-5.51,-2.84,-6.03,6.15,0,0,0,0,0,-1,-1,-1,-1,-1,-9.26,-9.26,-14.08,1.65,17.04,17.04,-9.01,-15.23,-20.74,-19.74,-13.14,0.920914,28,-4.61,-0.86,2.53,-3.11,11.49,-9.01,-6.42,-6.53,1.99,5.03,0.969278,15
24-09-2025,NYSE:AA,Alcoa Corporation Common Stock,8086,6030030,3.48,31.53,-3.37,-6.18,0.82,-0.48,8.66,-6.15,-18.33,-10.75,0,0,0,0,0,-1,-1,-1,-1,-1,-6.16,-6.47,-33.51,11.93,39.7,39.7,-4.88,-1.06,-24.05,-32.04,-30.04,0.920784,28,-0.48,9.09,-16.22,-11.47,6.41,-4.88,3.53,-25.28,-6.37,-0.05,1.019557,63
24-09-2025,NYSE:BUD,Anheuser-Busch Inbev SA Sponsored ADR (Belgium),117073,2410005,1.02,59.49,0.66,1.13,0.87,-5.97,-15.26,-3.71,15.78,-6.12,0,0,0,0,0,-1,-1,-1,-1,-1,-15.64,-17.03,-17.03,4.19,4.19,28.91,-10.37,-24.98,-21.61,2.07,-25.41,0.920784,28,-5.97,-8.77,10.02,18.80,-26.01,-10.37,-14.33,0.96,23.9,-32.47,0.960221,11
24-09-2025,NYSE:IGR,CBRE Global Real Estate Income Fund Common Shares of Beneficial Interest,721,507310,1.45,5.06,-1.75,-2.77,0.20,1.78,-1.98,-1.58,1.58,-24.11,0,0,0,0,0,-1,-1,-1,-1,-1,-5.6,-5.6,-22.98,5.2,16.86,16.86,-2.62,-11.7,-19.48,-12.13,-43.4,0.920752,28,1.78,-3.82,0.39,3.11,-26.10,-2.62,-9.38,-8.67,8.21,-32.56,1.005388,50
24-09-2025,NYSE:THR,"Thermon Group Holdings, Inc. Common Stock",901,273297,3.31,27.25,-0.22,3.27,8.33,4.29,0.62,-11.12,-6.75,-10.06,0,0,0,0,0,-1,-1,-1,-1,-1,-6.42,-10.69,-15.69,13.07,15.47,15.47,-0.11,-9.1,-29.02,-20.46,-29.35,0.920691,28,4.29,-3.83,-11.82,3.93,-3.09,-0.11,-9.39,-20.88,9.03,-9.55,1.004654,49
24-09-2025,NYSE:EGP,"EastGroup Properties, Inc. Common Stock",8963,424789,1.87,165.07,-1.78,-0.53,0.96,-1.99,-1.72,-6.14,3.83,-13.18,0,0,0,0,0,-1,-1,-1,-1,-1,-2.83,-7.2,-13.41,3.52,13.62,13.62,-6.39,-11.44,-24.04,-9.88,-32.47,0.920586,28,-1.99,0.27,-4.34,9.39,-17.70,-6.39,-5.29,-13.4,14.49,-24.16,0.993455,37
24-09-2025,NYSE:SHW,Sherwin-Williams Company (The) Common Stock,85511,1802411,1.74,342.96,-0.43,-2.11,-4.22,-7.01,-0.19,0.52,0.17,-10.37,0,0,0,0,0,-1,-1,-1,-1,-1,-8.6,-8.6,-14.2,3.65,9.39,9.39,-11.41,-9.91,-17.38,-13.54,-29.66,0.920585,28,-7.01,6.37,0.72,-0.36,-10.56,-11.41,0.81,-8.34,4.74,-17.02,0.988392,31
24-09-2025,NYSE:AD,"Array Digital Infrastructure, Inc. Common Shares",4137,225775,2.18,48.37,-0.04,-3.37,-6.00,-13.52,NA,NA,NA,NA,0,0,0,0,0,NA,-1,-1,-1,-1,-37.19,-37.19,-37.19,0.06,0.06,0.06,-17.92,0,0,0,0,0.920562,28,-13.52,NA,NA,NA,NA,-17.92,0,0,0,0,0.974481,18
24-09-2025,NYSE:FDX,FedEx Corporation Common Stock,55155,2492586,2.17,233.75,0.02,3.41,3.45,0.32,5.03,-3.13,-18.02,-8.94,0,0,0,0,HV2Y,-1,-1,-1,-1,-1,-3.89,-4.66,-23.4,7.67,18.01,18.01,-4.08,-4.69,-21.03,-31.73,-28.23,0.920314,28,0.32,4.72,-8.59,-14.44,7.70,-4.08,-0.84,-17.65,-9.34,1.24,1.010372,55
24-09-2025,NYSE:RRX,Regal Rexnord Corporation Common Stock,9490,742302,3.18,142.98,-0.90,1.85,1.08,-7.01,-0.45,12.66,-9.12,-18.67,0,0,0,0,0,-1,-1,-1,-1,-1,-10.59,-10.59,-21.53,3.65,52.01,52.01,-11.41,-10.17,-5.24,-22.83,-37.96,0.920288,28,-7.01,6.12,13.05,-24.94,-8.75,-11.41,0.56,3.99,-19.84,-15.21,0.997326,41
24-09-2025,NYSE:ADC,Agree Realty Corporation Common Stock,7906,895010,1.24,71.44,0.82,-0.87,-1.22,-2.37,-4.84,-5.98,1.15,-3.77,0,0,0,0,0,-1,-1,-1,-1,-1,-4.81,-9.71,-9.71,0.82,1.08,4.51,-6.77,-14.56,-23.88,-12.56,-23.06,0.920174,28,-2.37,-2.42,-1.08,6.72,-4.97,-6.77,-7.98,-10.14,11.82,-11.43,0.979443,22
24-09-2025,NYSE:OTF,Blue Owl Technology Finance Corp. Common Stock,6657,784429,2.67,14.25,0.64,-8.35,-2.04,-4.77,-8.56,NA,NA,NA,0,0,0,0,0,-1,-1,-1,-1,-1,-9.52,-13.95,-13.95,0.64,0.64,0.64,-9.17,-18.28,0,0,0,0.919943,28,-4.77,-3.62,NA,NA,NA,-9.17,-9.18,0,0,0,0.887269,1
24-09-2025,NYSE:CSAN,Cosan S.A. ADS,2237,2700887,4.38,4.99,4.61,-19.24,-8.22,19.64,1.00,-8.22,-9.22,-80.36,0,0,0,0,0,-1,-1,-1,-1,-1,-16.13,-18.99,-49.6,30.97,30.97,30.97,15.24,-8.72,-26.12,-22.93,-99.65,0.919867,28,19.64,-23.19,-9.31,-0.93,-65.14,15.24,-28.75,-18.37,4.17,-71.6,1.077866,87
24-09-2025,NYSE:LEN,Lennar Corporation Class A Common Stock,32362,4290686,2.82,125.69,1.98,-5.79,-8.66,-7.25,12.67,6.33,-10.11,-44.95,0,0,0,0,0,-1,-1,-1,-1,-1,-11.73,-11.73,-33.47,16.67,22.31,22.31,-11.65,2.95,-11.57,-23.82,-64.24,0.919799,28,-7.25,18.57,-7.26,-17.55,-31.64,-11.65,13.01,-16.32,-12.45,-38.1,1.043731,76
24-09-2025,NASDAQ:ADP,"Automatic Data Processing, Inc. - Common Stock",118070,1915250,1.69,289.215,-1.51,0.18,-2.77,-6.48,-7.67,-3.35,0.25,3.98,0,0,0,0,0,-1,-1,-1,-1,-1,-7.12,-11.5,-11.5,0.18,4.5,5.99,-10.88,-17.39,-21.25,-13.46,-15.31,0.919511,28,-6.48,-1.12,4.02,3.48,3.75,-10.88,-6.68,-5.04,8.58,-2.71,0.96361,12
24-09-2025,NYSE:WSR,Whitestone REIT Common Shares,1310,213861,1.58,12.77,-0.62,0.39,-0.63,-0.55,4.46,-12.06,-11.59,-3.76,0,0,0,0,0,-1,-1,-1,-1,-1,-3.11,-12.65,-16.1,8.22,8.22,8.22,-4.95,-5.26,-29.96,-25.3,-23.05,0.919465,28,-0.55,4.98,-17.30,0.42,7.02,-4.95,-0.58,-26.36,5.52,0.56,1.003712,48
24-09-2025,NASDAQ:AAL,"American Airlines Group, Inc. - Common Stock",7878,86175379,3.24,12.19,-1.14,-1.80,-4.68,-11.16,6.73,2.95,-35.11,8.86,0,0,HVQ,0,0,-1,-1,-1,-1,-1,-10.04,-10.04,-34.67,10.52,34.4,34.4,-15.56,-2.99,-14.95,-48.82,-10.43,0.919228,28,-11.16,16.09,-4.05,-39.22,32.54,-15.56,10.53,-13.11,-34.12,26.08,0.999022,43
24-09-2025,NYSE:CWEN,"Clearway Energy, Inc. Class C Common Stock",5725,1013652,1.76,28.55,0.88,2.31,0.42,-4.27,-10.82,-6.55,9.21,-3.68,0,0,0,0,0,-1,-1,-1,-1,-1,-13.43,-13.43,-13.43,2.37,6.77,15.92,-8.67,-20.54,-24.45,-4.5,-22.97,0.919064,28,-4.27,-6.28,3.86,14.79,-14.20,-8.67,-11.84,-5.2,19.89,-20.66,0.966456,14
24-09-2025,NYSE:SKM,"SK Telecom Co., Ltd. Common Stock",8360,363985,0.78,21.59,-1.24,-2.73,-0.56,-2.22,-5.97,1.39,-0.83,-10.75,0,0,0,0,0,-1,-1,-1,-1,-1,-9.25,-9.25,-11.77,0.56,7.95,7.95,-6.62,-15.69,-16.51,-14.54,-30.04,0.919024,28,-2.22,-3.67,6.95,-2.25,-9.83,-6.62,-9.23,-2.11,2.85,-16.29,0.982777,25
24-09-2025,NASDAQ:PLMR,"Palomar Holdings, Inc. - Common stock",3134,294550,2.72,117.03,0.76,1.69,-1.43,-4.43,-29.25,-15.47,11.30,18.82,0,0,0,0,0,-1,-1,-1,-1,-1,-24.13,-33.38,-33.38,4.25,4.25,32.42,-8.83,-38.97,-33.37,-2.41,-0.47,0.918779,28,-4.43,-23.76,10.66,23.18,8.48,-8.83,-29.32,1.6,28.28,2.02,0.920395,3
24-09-2025,NASDAQ:AUR,"Aurora Innovation, Inc.  - Class A Common Stock",10740,17269253,4.8,5.82,-5.06,-1.20,6.53,-2.23,9.11,-34.54,-23.37,14.09,0,0,0,HV2Y,HV2Y,-1,-1,-1,-1,-1,-11.28,-28.5,-42.89,15.25,15.25,16.63,-6.63,-0.61,-52.44,-37.08,-5.2,0.918642,28,-2.23,11.09,-48.02,8.30,30.36,-6.63,5.53,-57.08,13.4,23.9,1.010744,55
24-09-2025,NYSE:JQC,Nuveen Credit Strategies Income Fund Shares of Beneficial Interest,724,644667,0.76,5.32,-0.37,-0.56,-3.38,-4.32,-0.38,-0.94,-6.95,-6.95,0,0,0,0,0,-1,-1,-1,-1,-1,-4.49,-4.49,-10.29,0,10.14,10.14,-8.72,-10.1,-18.84,-20.66,-26.24,0.918561,28,-4.32,3.78,-0.56,-5.96,0.00,-8.72,-1.78,-9.62,-0.86,-6.46,0.989265,32
24-09-2025,NASDAQ:HSIC,"Henry Schein, Inc. - Common Stock",8216,1604569,2.38,67.75,-2.11,0.56,0.50,-1.06,-7.44,-2.41,-1.77,-5.02,0,0,0,0,0,-1,-1,-1,-1,-1,-9.27,-9.27,-17.29,4.5,8.05,8.05,-5.46,-17.16,-20.31,-15.48,-24.31,0.918465,28,-1.06,-6.31,4.68,0.62,-3.19,-5.46,-11.87,-4.38,5.72,-9.65,0.977122,20
24-09-2025,NYSE:SXC,"SunCoke Energy, Inc. Common Stock",687,827511,2.52,8.12,2.92,3.57,4.56,8.00,4.56,-14.16,-35.34,-0.49,0,0,0,0,0,-1,-1,-1,-1,-1,-8.04,-17.14,-36.16,12.31,12.31,12.31,3.6,-5.16,-32.06,-49.05,-19.78,0.918375,27,8.00,-3.75,-19.61,-18.55,25.75,3.6,-9.31,-28.67,-13.45,19.29,1.019802,63
24-09-2025,NASDAQ:ANNX,"Annexon, Inc. - common stock",310,1899429,7.33,2.91,-2.35,8.93,27.15,20.62,15.81,7.22,-70.10,-141.41,0,0,0,0,HV2Y,-1,-1,-1,-1,-1,-2.35,-2.35,-61.86,41.95,110.87,110.87,16.22,6.09,-10.68,-83.81,-160.7,0.918354,27,20.62,-6.06,-10.20,-83.33,-41.92,16.22,-11.62,-19.26,-78.23,-48.38,1.156604,95
24-09-2025,NASDAQ:ROCK,"Gibraltar Industries, Inc. - Common Stock",1800,225803,3.24,61,-0.27,3.30,0.52,-6.30,2.39,-3.26,0.67,-17.00,0,0,0,0,0,-1,-1,-1,-1,-1,-8.6,-8.6,-17.56,5.01,21.51,21.51,-10.7,-7.33,-21.16,-13.04,-36.29,0.918208,27,-6.30,8.17,-5.79,3.81,-17.79,-10.7,2.61,-14.85,8.91,-24.25,0.999835,44
24-09-2025,NYSE:AON,Aon plc Class A Ordinary Shares (Ireland),76276,1231832,1.58,353.07,-0.11,-0.99,-3.77,-6.24,-2.16,-11.35,0.14,1.73,0,0,0,0,0,-1,-1,-1,-1,-1,-5.92,-11.63,-13.74,0.62,5.13,5.13,-10.64,-11.88,-29.25,-13.57,-17.56,0.91816,27,-6.24,3.84,-9.00,10.32,1.59,-10.64,-1.72,-18.06,15.42,-4.87,0.977017,20
24-09-2025,NASDAQ:COKE,"Coca-Cola Consolidated, Inc. - Common Stock",9939,637832,2.46,114.39,-0.28,-3.62,-6.11,-1.91,5.89,-13.40,-6.80,-10.52,0,0,0,0,HV2Y,-1,-1,-1,-1,-1,-7.86,-19.22,-21.57,6.26,8.2,8.2,-6.31,-3.83,-31.3,-20.51,-29.81,0.918065,27,-1.91,7.65,-20.50,5.82,-3.49,-6.31,2.09,-29.56,10.92,-9.95,1.009929,54
24-09-2025,NYSE:TPH,"Tri Pointe Homes, Inc. Common Stock",2951,1017411,2.55,33.72,0.69,-3.59,-4.03,-5.72,7.80,4.30,-8.54,-32.65,0,0,0,0,0,-1,-1,-1,-1,-1,-9.21,-9.21,-27.78,9.48,16.44,16.44,-10.12,-1.92,-13.6,-22.25,-51.94,0.918021,27,-5.72,12.79,-3.80,-13.42,-22.21,-10.12,7.23,-12.86,-8.32,-28.67,1.024353,66
24-09-2025,NYSE:CMTG,"Claros Mortgage Trust, Inc. Common Stock",508,725654,5.21,3.7,1.93,1.89,-2.97,6.49,19.46,-9.19,-11.08,-117.30,0,0,0,HV2Y,HV2Y,-1,-1,-1,-1,-1,-6.33,-8.42,-53.98,32.62,64.44,67.42,2.09,9.74,-27.09,-24.79,-136.59,0.917929,27,6.49,13.87,-35.57,-1.73,-95.62,2.09,8.31,-44.63,3.37,-102.08,1.13089,93
24-09-2025,NYSE:EDU,"New Oriental Education & Technology Group, Inc. Sponsored ADR representing 10 Ordinary Share (Cayman Islands)",8544,967189,2.45,50.98,0.20,-6.63,-8.45,6.92,-7.14,8.85,-17.77,-23.09,0,0,0,0,0,-1,-1,-1,-1,-1,-7.8,-8.14,-36.75,15.57,23.68,23.68,2.52,-16.86,-9.05,-31.48,-42.38,0.917831,27,6.92,-15.11,14.92,-29.20,-4.51,2.52,-20.67,5.86,-24.1,-10.97,1.005876,50
24-09-2025,NYSE:CIM,Chimera Investment Corporation Common Stock,1112,607362,1.77,13.69,-0.22,-2.19,-5.70,-1.97,-1.61,2.78,-3.07,-21.62,0,0,0,0,0,-1,-1,-1,-1,-1,-7.12,-7.12,-17.78,3.56,30.75,30.75,-6.37,-11.33,-15.12,-16.78,-40.91,0.917809,27,-1.97,0.36,4.31,-6.01,-18.00,-6.37,-5.2,-4.75,-0.91,-24.46,0.999685,44
24-09-2025,NYSE:CON,"Concentra Group Holdings Parent, Inc. Common Stock",2649,1121473,2.82,20.67,-0.39,-0.53,-4.64,-13.30,0.68,-2.13,5.37,-10.60,0,0,0,0,0,-1,-1,-1,-1,-1,-13.15,-13.15,-13.15,6.11,6.11,7.15,-17.7,-9.04,-20.03,-8.34,-29.89,0.917777,27,-13.30,12.34,-2.83,7.34,-16.87,-17.7,6.78,-11.89,12.44,-23.33,0.984139,27
24-09-2025,NYSE:VRE,"Veris Residential, Inc. Common Stock",1463,751033,2.07,15.22,-2.81,-0.92,-4.99,0.59,4.20,-8.94,-7.62,-16.69,0,0,0,0,0,-1,-1,-1,-1,-1,-6.22,-11.05,-18.08,10.77,10.77,10.77,-3.81,-5.52,-26.84,-21.33,-35.98,0.917776,27,0.59,3.64,-13.72,1.21,-8.42,-3.81,-1.92,-22.78,6.31,-14.88,1.012451,57
24-09-2025,NYSE:HPQ,HP Inc. Common Stock,25704,10121662,2.54,27.5,-3.61,-1.45,-3.16,0.00,10.80,-4.76,-18.04,-26.40,0,0,0,0,HV2Y,-1,-1,-1,-1,-1,-6.3,-6.3,-30.03,12.47,25.69,25.69,-4.4,1.08,-22.66,-31.75,-45.69,0.917767,27,0.00,10.80,-17.45,-12.67,-7.09,-4.4,5.24,-26.51,-7.57,-13.55,1.035505,73
24-09-2025,NYSE:VAC,Marriott Vacations Worldwide Corporation Common Stock,2514,431406,2.92,72.64,-0.22,-4.27,-5.13,-6.80,1.20,7.67,-24.02,-2.55,0,0,0,0,0,-1,-1,-1,-1,-1,-14.39,-14.39,-26.81,2.99,42.82,42.82,-11.2,-8.52,-10.23,-37.73,-21.84,0.917665,27,-6.80,7.49,6.55,-34.32,17.32,-11.2,1.93,-2.51,-29.22,10.86,0.994026,37
24-09-2025,NYSE:LCII,LCI Industries,2342,264415,2.36,96.61,-0.21,-2.11,-5.47,-11.43,7.58,7.01,-8.82,-25.10,0,0,0,0,0,-1,-1,-1,-1,-1,-10.53,-10.53,-23.75,8.2,28.69,28.69,-15.83,-2.14,-10.89,-22.53,-44.39,0.917544,27,-11.43,17.06,-0.62,-17.02,-14.96,-15.83,11.5,-9.68,-11.92,-21.42,1.013029,57
24-09-2025,NYSE:AKR,Acadia Realty Trust Common Stock,2646,1578140,1.75,20.2,0.55,0.25,3.96,0.79,6.19,-6.39,-19.31,-12.28,0,0,0,0,0,-1,-1,-1,-1,-1,-0.83,-6,-22.55,11.79,15.49,15.49,-3.61,-3.53,-24.29,-33.02,-31.57,0.917308,27,0.79,5.44,-13.40,-12.15,5.89,-3.61,-0.12,-22.46,-7.05,-0.57,1.016094,60
24-09-2025,NYSE:PNNT,PennantPark Investment Corporation Common Stock,444,522230,1.52,6.69,-1.62,-1.64,-7.47,-6.88,-0.15,-6.73,-2.24,-3.89,0,0,0,0,0,-1,-1,-1,-1,-1,-10.08,-10.08,-10.08,0,13.2,13.2,-11.28,-9.87,-24.63,-15.95,-23.18,0.917217,27,-6.88,6.29,-6.57,4.20,-1.61,-11.28,0.73,-15.63,9.3,-8.07,0.984309,27
24-09-2025,NYSE:SWK,"Stanley Black & Decker, Inc. Common Stock",11623,2228248,2.76,75.09,-0.24,-4.12,-2.50,-1.84,11.77,-7.16,-5.78,-42.40,0,0,0,HV2Y,0,-1,-1,-1,-1,-1,-5.57,-6.69,-31.82,13.34,34.43,34.43,-6.24,2.05,-25.06,-19.49,-61.69,0.917149,27,-1.84,13.36,-21.46,1.29,-34.62,-6.24,7.8,-30.52,6.39,-41.08,1.046622,77
24-09-2025,NASDAQ:BIIB,Biogen Inc. - Common Stock,20184,1689681,2.95,137.67,-1.18,-5.23,-3.59,0.95,7.53,-1.08,-7.06,-44.81,0,0,0,0,0,-1,-1,-1,-1,-1,-7.5,-7.5,-30.94,12.22,21.42,21.42,-3.45,-2.19,-18.98,-20.77,-64.1,0.917147,27,0.95,6.64,-9.31,-5.91,-35.26,-3.45,1.08,-18.37,-0.81,-41.72,1.039794,74
24-09-2025,NYSE:BBY,"Best Buy Co., Inc. Common Stock",15583,3894006,3.06,74.17,1.59,-0.47,-3.29,-0.20,8.32,-0.61,-14.87,-31.19,0,0,0,0,HV2Y,-1,-1,-1,-1,-1,-5.47,-5.47,-28.2,15.67,32.05,32.05,-4.6,-1.4,-18.51,-28.58,-50.48,0.917099,27,-0.20,8.50,-9.74,-14.18,-14.20,-4.6,2.94,-18.8,-9.08,-20.66,1.031413,71
24-09-2025,NASDAQ:PRTA,Prothena Corporation plc - Ordinary Shares,502,814578,4.37,9.32,12.15,13.52,10.89,10.09,35.73,-35.73,-71.78,-131.87,0,0,0,0,HV2Y,-1,-1,-1,-1,-1,0,-30.29,-57.67,55.59,103.49,103.49,5.69,26.01,-53.63,-85.49,-151.16,0.916964,27,10.09,28.52,-111.19,-26.56,-34.98,5.69,22.96,-120.25,-21.46,-41.44,1.216997,97
24-09-2025,NYSE:IRS,IRSA Inversiones Y Representaciones S.A. Global Depositary Shares (Each representing ten shares of Common Stock),989,349965,6.06,13.24,4.66,9.14,1.81,-10.80,-5.74,-2.49,-13.60,14.41,0,0,0,0,0,-1,-1,-1,-1,-1,-19.02,-19.02,-24.13,14.93,15.13,21.07,-15.2,-15.46,-20.39,-27.31,-4.88,0.916774,27,-10.80,4.57,3.07,-10.83,24.65,-15.2,-0.99,-5.99,-5.73,18.19,0.958869,10
24-09-2025,NYSE:MTH,Meritage Homes Corporation Common Stock,5196,886512,2.96,73.02,0.03,-3.34,-7.60,-7.23,9.93,0.15,-4.02,-39.23,0,0,0,0,0,-1,-1,-1,-1,-1,-11.84,-11.84,-29.07,11.02,16.94,16.94,-11.63,0.21,-17.75,-17.73,-58.52,0.916691,27,-7.23,16.00,-10.86,-4.18,-33.85,-11.63,10.44,-19.92,0.92,-40.31,1.032625,71
24-09-2025,NASDAQ:LCID,"Lucid Group, Inc. - Common Stock",7061,12800289,6.79,22.98,3.33,11.40,15.40,9.49,6.88,-5.74,-14.45,-51.87,0,0,HV2Y,0,HV2Y,-1,-1,-1,-1,-1,-26.58,-26.58,-35.99,42.2,42.2,42.2,5.09,-2.84,-23.64,-28.16,-71.16,0.91664,27,9.49,-2.88,-13.55,-8.23,-32.70,5.09,-8.44,-22.61,-3.13,-39.16,1.054411,80
24-09-2025,NYSE:KRP,Kimbell Royalty Partners Common Units Representing Limited Partner Interests,1701,474795,2.14,13.9,1.02,4.10,0.94,-0.22,0.72,-1.73,-10.65,-15.11,0,0,0,0,0,-1,-1,-1,-1,-1,-7.7,-7.7,-17.41,6.27,20.03,20.03,-4.62,-9,-19.63,-24.36,-34.4,0.916614,27,-0.22,0.93,-2.46,-8.77,-4.03,-4.62,-4.63,-11.52,-3.67,-10.49,1.002552,46
24-09-2025,NYSE:K,Kellanova Common Stock,26757,3217670,0.65,76.96,-0.09,-2.20,-2.70,-3.90,-1.16,-7.06,-4.39,-5.00,0,0,0,0,0,-1,-1,-1,-1,-1,-4.04,-7.14,-7.17,0,0,0,-8.3,-10.88,-24.96,-18.1,-24.29,0.916589,27,-3.90,2.64,-5.83,2.49,-0.59,-8.3,-2.92,-14.89,7.59,-7.05,0.986483,29
24-09-2025,NASDAQ:SLRC,SLR Investment Corp. - Closed End Fund,843,205128,1.35,15.46,-1.40,-3.30,-7.50,-4.92,-3.23,-10.54,-3.62,2.59,0,0,0,0,0,-1,-1,-1,-1,-1,-7.98,-10.17,-13.24,0,8.95,8.95,-9.32,-12.95,-28.44,-17.33,-16.7,0.916547,27,-4.92,1.60,-7.08,6.26,5.99,-9.32,-3.96,-16.14,11.36,-0.47,0.975804,19
24-09-2025,NYSE:KD,"Kyndryl Holdings, Inc. Common Stock",7288,2145657,2.54,31.53,-0.10,-0.86,-2.76,1.21,-30.89,-10.91,-8.40,24.26,0,0,0,0,HV2Y,-1,-1,-1,-1,-1,-27.37,-27.37,-27.43,8.95,13.54,40.57,-3.19,-40.61,-28.81,-22.11,4.97,0.916401,27,1.21,-32.49,15.27,2.26,30.13,-3.19,-38.05,6.21,7.36,23.67,0.924009,4
24-09-2025,NYSE:PD,"PagerDuty, Inc. Common Stock",1513,2549122,4.39,16.23,1.18,1.91,1.79,-0.62,10.97,-20.76,-14.91,-11.28,0,0,0,0,0,-1,-1,-1,-1,-1,-5.47,-17.19,-25.03,12.32,16.59,16.59,-5.02,1.25,-38.66,-28.62,-30.57,0.916378,27,-0.62,11.51,-35.64,4.85,3.16,-5.02,5.95,-44.7,9.95,-3.3,1.027989,69
24-09-2025,NYSE:CNA,CNA Financial Corporation Common Stock,12453,506485,1.51,46.01,0.74,-0.30,-2.93,-6.35,1.30,-8.24,-3.59,-5.46,0,0,0,0,0,-1,-1,-1,-1,-1,-7.14,-9.78,-9.78,6.19,6.19,6.19,-10.75,-8.42,-26.14,-17.3,-24.75,0.916368,27,-6.35,7.19,-9.67,4.30,-1.80,-10.75,1.63,-18.73,9.4,-8.26,0.98945,32
24-09-2025,NASDAQ:SKWD,"Skyward Specialty Insurance Group, Inc. - Common Stock",1939,564162,3.11,47.88,1.46,2.38,0.52,-1.69,-17.42,-11.68,-4.22,15.66,0,0,0,0,0,-1,-1,-1,-1,-1,-17.15,-26.34,-26.34,5.16,5.16,18.57,-6.09,-27.14,-29.58,-17.93,-3.63,0.916362,27,-1.69,-15.47,4.89,6.68,19.08,-6.09,-21.03,-4.17,11.78,12.62,0.944641,7
24-09-2025,NYSE:AIG,"American International Group, Inc. New Common Stock",43157,5303119,1.49,76.7,0.22,0.47,-2.32,-8.71,-11.42,-9.78,8.74,3.66,0,0,0,0,0,-1,-1,-1,-1,-1,-10.68,-12.56,-12.56,0.47,0.47,9.57,-13.11,-21.14,-27.68,-4.97,-15.63,0.916351,26,-8.71,-2.49,1.47,16.86,-5.56,-13.11,-8.05,-7.59,21.96,-12.02,0.954877,9
24-09-2025,NASDAQ:VTRS,Viatris Inc. - Common Stock,11321,11433577,2.3,9.71,1.15,0.93,-5.46,-8.65,8.44,7.83,-24.92,-17.30,0,0,0,0,0,-1,-1,-1,-1,-1,-9.17,-9.17,-27.37,11.1,33.75,33.75,-13.05,-1.28,-10.07,-38.63,-36.59,0.916242,26,-8.65,15.73,-0.67,-35.53,6.10,-13.05,10.17,-9.73,-30.43,-0.36,1.01758,61
24-09-2025,NASDAQ:PCH,PotlatchDeltic Corporation - Common Stock,3092,513020,2.36,39.99,-0.05,-1.00,-3.93,-8.55,3.30,-10.70,3.98,-14.05,0,0,0,0,0,-1,-1,-1,-1,-1,-9.61,-11.37,-15.53,4.22,7.62,7.62,-12.95,-6.42,-28.6,-9.73,-33.34,0.916104,26,-8.55,10.92,-14.48,13.26,-18.78,-12.95,5.36,-23.54,18.36,-25.24,0.998675,43
24-09-2025,NASDAQ:STGW,Stagwell Inc. - Class A Common Stock,1402,1112738,3.68,5.42,0.56,3.87,0.55,-3.51,20.85,-14.58,-26.94,-33.21,0,0,0,0,HV2Y,-1,-1,-1,-1,-1,-5.9,-12.72,-33.09,26.34,30.29,30.29,-7.91,11.13,-32.48,-40.65,-52.5,0.91606,26,-3.51,23.53,-44.76,-10.79,-4.94,-7.91,17.97,-53.82,-5.69,-11.4,1.069334,85
24-09-2025,NYSE:JFR,Nuveen Floating Rate Income Fund Common Stock,1099,570949,0.6,8.19,-0.12,-0.85,-2.32,-2.93,-2.20,-3.17,-6.84,-7.57,0,0,0,0,0,-1,-1,-1,-1,-1,-4.55,-4.55,-11.17,0,9.05,9.05,-7.33,-11.92,-21.07,-20.55,-26.86,0.915956,26,-2.93,0.71,-0.96,-3.55,-0.69,-7.33,-4.85,-10.02,1.55,-7.15,0.987438,30
24-09-2025,NYSE:USA,Liberty All-Star Equity Fund Common Stock,1910,1184312,0.97,6.46,-0.31,-0.31,-1.55,-2.17,-3.72,-3.41,-5.57,-7.59,0,0,0,0,0,-1,-1,-1,-1,-1,-6.92,-6.92,-13.4,0.47,9.49,9.49,-6.57,-13.44,-21.31,-19.28,-26.88,0.915862,26,-2.17,-1.52,0.30,-2.10,-1.91,-6.57,-7.08,-8.76,3,-8.37,0.985126,28
24-09-2025,NYSE:SAM,"Boston Beer Company, Inc. (The) Common Stock",2403,243378,2.54,220.67,2.17,-2.15,0.49,1.53,14.71,-6.01,-39.84,-22.17,0,0,0,0,HV2Y,-1,-1,-1,-1,-1,-2.78,-11.64,-31.8,17.97,17.97,17.97,-2.87,4.99,-23.91,-53.55,-41.46,0.915778,26,1.53,13.39,-24.30,-31.91,12.63,-2.87,7.83,-33.36,-26.81,6.17,1.051728,79
24-09-2025,NYSE:BHK,Blackrock Core Bond Trust,534,342082,0.74,9.86,0.10,-0.51,0.00,2.13,1.42,-8.82,-5.48,-20.79,0,0,0,0,0,-1,-1,-1,-1,-1,-0.8,-10.36,-18.11,4.67,4.67,4.67,-2.27,-8.3,-26.72,-19.19,-40.08,0.91576,26,2.13,-0.73,-10.39,3.08,-14.52,-2.27,-6.29,-19.45,8.18,-20.98,1.010784,55
24-09-2025,NYSE:NABL,"N-able, Inc. Common Stock",1527,767779,2.86,8.16,0.25,0.37,-0.49,3.92,4.90,10.66,-19.85,-58.33,0,0,0,0,HV2Y,-1,-1,-1,-1,-1,-3.43,-3.43,-37.52,12.4,31.19,31.19,-0.48,-4.82,-7.24,-33.56,-77.62,0.915657,26,3.92,1.02,6.06,-34.16,-32.11,-0.48,-4.54,-3,-29.06,-38.57,1.048771,78
24-09-2025,NYSE:FUL,H. B. Fuller Company Common Stock,3198,454531,2.39,59.27,-0.59,-2.46,-4.08,-3.10,5.58,9.18,-16.50,-37.34,0,0,0,0,0,-1,-1,-1,-1,-1,-7.48,-7.48,-27.8,6.6,22.38,22.38,-7.5,-4.14,-8.72,-30.21,-56.63,0.915495,26,-3.10,8.43,3.81,-28.27,-17.89,-7.5,2.87,-5.25,-23.17,-24.35,1.027247,68
24-09-2025,NYSE:AMBQ,"Ambiq Micro, Inc. Common Stock",573,245688,7.05,32.2,0.44,-7.70,-13.63,-19.47,NA,NA,NA,NA,0,0,0,0,0,NA,-1,-1,-1,-1,-26.57,-26.57,-26.57,3.17,3.17,3.17,-23.87,0,0,0,0,0.915437,26,-19.47,NA,NA,NA,NA,-23.87,0,0,0,0,0.969055,15
24-09-2025,NASDAQ:SFNC,Simmons First National Corporation - Common Stock,2842,773388,1.85,19.64,-0.51,-0.66,-4.53,-4.84,4.99,-5.65,-12.68,-9.98,0,0,0,0,HV2Y,-1,-1,-1,-1,-1,-7.18,-7.18,-23.07,5.25,12.94,12.94,-9.24,-4.73,-23.55,-26.39,-29.27,0.915286,26,-4.84,9.37,-11.20,-6.65,2.39,-9.24,3.81,-20.26,-1.55,-4.07,1.003671,48
24-09-2025,NYSE:PK,Park Hotels & Resorts Inc. Common Stock,2329,3286927,2.66,11.56,-0.77,-3.63,-2.34,-0.95,11.42,1.73,-25.17,-34.95,0,0,0,HV2Y,0,-1,-1,-1,-1,-1,-4.7,-4.7,-26.93,13.67,30.62,30.62,-5.35,1.7,-16.17,-38.88,-54.24,0.915276,26,-0.95,12.25,-10.94,-27.38,-7.81,-5.35,6.69,-20,-22.28,-14.27,1.042939,76
24-09-2025,NASDAQ:JBLU,JetBlue Airways Corporation - Common Stock,1847,18723557,4.73,5.08,0.59,0.20,0.00,-3.35,17.13,-9.45,-43.50,-12.60,0,0,0,0,0,-1,-1,-1,-1,-1,-7.47,-8.63,-37.21,20.67,48.32,48.32,-7.75,7.41,-27.35,-57.21,-31.89,0.915142,26,-3.35,19.81,-32.07,-31.12,21.54,-7.75,14.25,-41.13,-26.02,15.08,1.049466,78
24-09-2025,NASDAQ:DRVN,Driven Brands Holdings Inc. - Common Stock,2665,1108533,2.96,16.22,-0.31,-5.24,-12.64,-14.67,-6.10,-6.10,0.55,8.51,0,0,0,0,0,-1,-1,-1,-1,-1,-15.56,-15.56,-15.56,0,8.21,19.62,-19.07,-15.82,-24,-13.16,-10.78,0.915079,26,-14.67,7.47,0.00,6.28,8.00,-19.07,1.91,-9.06,11.38,1.54,0.954908,9
24-09-2025,NASDAQ:PECO,"Phillips Edison & Company, Inc. - Common Stock",4812,832798,1.53,34.26,-1.47,-2.48,-3.77,-0.70,-0.64,-4.06,-9.60,-12.00,0,0,0,0,0,-1,-1,-1,-1,-1,-5.23,-8.22,-13.92,3.69,3.69,3.69,-5.1,-10.36,-21.96,-23.31,-31.29,0.915057,26,-0.70,0.06,-3.39,-5.33,-2.18,-5.1,-5.5,-12.45,-0.23,-8.64,0.996729,41
24-09-2025,NASDAQ:HON,Honeywell International Inc. - Common Stock,132439,4399272,1.43,208.6,-0.34,-1.48,-1.49,-5.76,-6.32,-1.69,-8.76,2.52,0,0,0,0,0,-1,-1,-1,-1,-1,-13.23,-13.23,-13.23,0,14.08,14.08,-10.16,-16.04,-19.59,-22.47,-16.77,0.915033,26,-5.76,-0.53,4.36,-6.96,10.37,-10.16,-6.09,-4.7,-1.86,3.91,0.969678,16
24-09-2025,NYSE:EE,"Excelerate Energy, Inc. Class A Common Stock",2893,342301,2.75,25.37,1.44,5.44,6.50,4.14,-12.65,-24.99,-14.39,17.86,0,0,0,0,0,-1,-1,-1,-1,-1,-13.97,-20.3,-21.65,10.26,10.26,21.74,-0.26,-22.37,-42.89,-28.1,-1.43,0.915,26,4.14,-17.52,-10.95,8.48,28.19,-0.26,-23.08,-20.01,13.58,21.73,0.961883,11
24-09-2025,NYSE:TRNO,Terreno Realty Corporation Common Stock,6037,750139,2.08,57.25,-2.04,-1.14,-0.17,-1.07,2.13,-10.08,-2.39,-19.44,0,0,0,0,0,-1,-1,-1,-1,-1,-3.1,-10.5,-17.29,8,11.86,11.86,-5.47,-7.59,-27.98,-16.1,-38.73,0.914981,26,-1.07,3.16,-12.48,6.98,-16.65,-5.47,-2.4,-21.54,12.08,-23.11,1.007704,52
24-09-2025,NYSE:MTX,Minerals Technologies Inc. Common Stock,1934,250220,2.56,61.63,-0.39,-3.05,-2.27,-3.80,11.70,-5.68,-23.17,-18.53,0,0,0,0,0,-1,-1,-1,-1,-1,-5.84,-5.84,-27.15,13.25,21.01,21.01,-8.2,1.98,-23.58,-36.88,-37.82,0.914946,26,-3.80,14.93,-19.68,-16.55,3.77,-8.2,9.37,-28.74,-11.45,-2.69,1.029633,70
24-09-2025,NASDAQ:NICE,NICE Ltd - American Depositary Shares each representing one Ordinary Share,9340,622550,2.32,152.21,2.20,2.22,6.69,7.59,-8.75,-4.46,-15.34,-8.33,0,0,0,0,0,-1,-1,-1,-1,-1,-11.5,-14.64,-23.58,19.05,19.05,19.05,3.19,-18.47,-22.36,-29.05,-27.62,0.914919,26,7.59,-17.69,3.94,-10.42,6.08,3.19,-23.25,-5.12,-5.32,-0.38,0.990513,33
24-09-2025,NYSE:BUR,Burford Capital Limited Ordinary Shares,2698,1450732,2.57,12.33,-2.14,-3.97,-1.22,-12.33,9.33,-13.54,-4.95,-8.03,0,0,HVQ,0,0,-1,-1,-1,-1,-1,-16.91,-16.91,-20.96,10.29,13.02,13.02,-16.73,-0.39,-31.44,-18.66,-27.32,0.914853,26,-12.33,19.28,-25.22,7.57,-2.94,-16.73,13.72,-34.28,12.67,-9.4,1.005815,50
24-09-2025,NYSE:DX,"Dynex Capital, Inc. Common Stock",1572,5439577,1.46,12.05,-0.41,-3.49,-5.48,-3.24,0.25,-12.86,-3.15,-6.89,0,0,0,0,0,-1,-1,-1,-1,-1,-6.81,-11.4,-16.44,1.69,8.27,8.27,-7.64,-9.47,-30.76,-16.86,-26.18,0.914769,26,-3.24,3.38,-13.14,8.60,-3.62,-7.64,-2.18,-22.2,13.7,-10.08,0.992257,35
24-09-2025,NASDAQ:CBSH,"Commerce Bancshares, Inc. - Common Stock",7873,1001040,1.79,59,0.60,-0.42,-1.56,-5.36,-3.47,-6.53,-6.59,0.08,0,0,0,0,0,-1,-1,-1,-1,-1,-10.75,-10.75,-16.69,0.67,6.46,8.61,-9.76,-13.19,-24.43,-20.3,-19.21,0.914604,26,-5.36,1.79,-2.95,-0.06,6.26,-9.76,-3.77,-12.01,5.04,-0.2,0.976732,20
24-09-2025,NYSE:ZBH,"Zimmer Biomet Holdings, Inc. Common Stock",19608,1391682,1.98,98.98,-1.31,-0.95,-3.35,-8.43,6.25,-11.52,-6.90,-7.52,0,0,0,0,0,-1,-1,-1,-1,-1,-8.11,-12.55,-12.55,9.23,9.72,9.72,-12.83,-3.47,-29.42,-20.61,-26.81,0.914567,26,-8.43,13.54,-18.96,4.14,-0.58,-12.83,7.98,-28.02,9.24,-7.04,1.0011,45
24-09-2025,NYSE:RVLV,"Revolve Group, Inc. Class A Common Stock",1616,1077662,3.95,22.67,-1.05,-5.43,-3.48,2.12,10.94,-2.82,-48.92,-12.40,0,0,0,0,0,-1,-1,-1,-1,-1,-5.89,-5.89,-41.57,18.75,32.81,32.81,-2.28,1.22,-20.72,-62.63,-31.69,0.914515,26,2.12,9.01,-15.45,-44.83,24.53,-2.28,3.45,-24.51,-39.73,18.07,1.041055,75
24-09-2025,NYSE:ARDT,"Ardent Health, Inc. Common Stock",1923,388326,3.49,13.44,1.66,4.61,3.05,5.58,2.38,2.46,-19.42,-36.01,0,0,0,0,0,-1,-1,-1,-1,-1,-7.25,-12.78,-33.43,31.51,31.51,31.51,1.18,-7.34,-15.44,-33.13,-55.3,0.914432,26,5.58,-3.39,0.08,-22.43,-13.89,1.18,-8.95,-8.98,-17.33,-20.35,1.029185,70
24-09-2025,NASDAQ:VERA,"Vera Therapeutics, Inc. - Class A Common Stock",1668,1801576,5.09,26.14,0.69,6.12,6.81,18.36,10.83,-3.10,-60.86,-63.66,0,0,HV2Y,HV2Y,0,-1,-1,-1,-1,-1,-0.76,-18.3,-47.46,35.79,38.6,38.6,13.96,1.11,-21,-74.57,-82.95,0.914275,26,18.36,-9.23,-15.62,-56.03,-1.74,13.96,-14.79,-24.68,-50.93,-8.2,1.095334,89
24-09-2025,NASDAQ:POOL,Pool Corporation - Common Stock,11595,541060,2.5,310.71,-0.71,-4.06,-2.72,-3.45,4.04,-4.80,-9.73,-17.27,0,0,0,0,0,-1,-1,-1,-1,-1,-6.87,-6.87,-20.34,6.6,9.02,9.02,-7.85,-5.68,-22.7,-23.44,-36.56,0.914174,26,-3.45,7.24,-9.21,-4.70,-6.87,-7.85,1.68,-18.27,0.4,-13.33,1.007424,52
24-09-2025,NYSE:POST,"Post Holdings, Inc. Common Stock",5793,762886,1.86,106.64,2.11,3.53,1.79,-5.33,-0.78,-4.36,-7.25,-7.36,0,0,0,0,0,-1,-1,-1,-1,-1,-6.49,-9.98,-11.66,4.18,4.18,4.18,-9.73,-10.5,-22.26,-20.96,-26.65,0.913917,25,-5.33,4.32,-3.55,-2.77,-0.10,-9.73,-1.24,-12.61,2.33,-6.56,0.98755,30
24-09-2025,NYSE:EOG,"EOG Resources, Inc. Common Stock",63717,2774815,2.26,116.7,0.89,-2.69,-3.05,-4.05,-2.67,-9.15,-1.30,-7.99,0,0,0,0,0,-1,-1,-1,-1,-1,-7.45,-10.21,-15.47,1.12,11.56,11.56,-8.45,-12.39,-27.05,-15.01,-27.28,0.913788,25,-4.05,1.33,-6.31,7.19,-6.61,-8.45,-4.23,-15.37,12.29,-13.07,0.98531,28
24-09-2025,NYSE:GRND,Grindr Inc. Common Stock,3062,1876210,3.21,15.95,-0.56,2.57,3.20,2.13,-38.18,-13.92,-5.64,25.02,0,0,0,0,HV2Y,-1,-1,-1,-1,-1,-29.74,-35.5,-35.5,5.56,5.56,36.09,-2.27,-47.9,-31.82,-19.35,5.73,0.913767,25,2.13,-41.19,17.56,7.26,29.02,-2.27,-46.75,8.5,12.36,22.56,0.914718,3
24-09-2025,NYSE:TMO,Thermo Fisher Scientific Inc Common Stock,176722,1838235,2.31,468,-0.37,-0.99,-1.82,-4.86,12.25,-9.90,-10.40,-31.13,0,0,HV2Y,0,0,-1,-1,-1,-1,-1,-6.4,-9.01,-24.43,15.57,19.92,19.92,-9.26,2.53,-27.8,-24.11,-50.42,0.913662,25,-4.86,16.32,-25.25,-0.46,-18.77,-9.26,10.76,-34.31,4.64,-25.23,1.036924,73
24-09-2025,NASDAQ:DPZ,Domino's Pizza Inc - Common Stock,14440,623791,1.96,425.3,0.33,-3.04,-5.94,-8.31,-6.54,-8.22,-0.55,2.56,0,0,0,0,0,-1,-1,-1,-1,-1,-12.41,-14.52,-14.52,0.33,0.33,5.71,-12.71,-16.26,-26.12,-14.26,-16.73,0.913514,25,-8.31,1.63,-1.58,7.09,3.09,-12.71,-3.93,-10.64,12.19,-3.37,0.965057,13
24-09-2025,NYSE:HZO,"MarineMax, Inc.  (FL) Common Stock",558,363692,4.17,26,1.17,1.19,2.35,-6.81,3.23,10.31,-10.85,-37.19,0,0,0,0,HV2Y,-1,-1,-1,-1,-1,-7.37,-7.37,-28.22,17.17,47.23,47.23,-11.21,-6.49,-7.59,-24.56,-56.48,0.913326,25,-6.81,9.40,7.31,-23.58,-23.77,-11.21,3.84,-1.75,-18.48,-30.23,1.017173,61
24-09-2025,NYSE:EVTC,"Evertec, Inc. Common Stock",2165,332369,1.9,33.84,0.98,0.33,1.06,-7.24,-7.27,-10.37,0.71,2.42,0,0,0,0,0,-1,-1,-1,-1,-1,-10.14,-11.81,-11.81,3.27,6.11,6.45,-11.64,-16.99,-28.27,-13,-16.87,0.913313,25,-7.24,-0.03,-2.89,10.04,1.73,-11.64,-5.59,-11.95,15.14,-4.73,0.965013,13
24-09-2025,NYSE:BHE,"Benchmark Electronics, Inc. Common Stock",1421,295278,2.34,39.58,-1.17,0.73,-0.86,-3.28,2.40,-2.65,-16.04,-11.12,0,0,0,0,0,-1,-1,-1,-1,-1,-4.53,-4.53,-23.63,4.96,21.67,21.67,-7.68,-7.32,-20.55,-29.75,-30.41,0.913203,25,-3.28,5.50,-5.18,-13.04,4.25,-7.68,-0.06,-14.24,-7.94,-2.21,1.000939,45
24-09-2025,NYSE:YUMC,"Yum China Holdings, Inc. Common Stock",15888,1888777,1.74,43.09,1.25,-3.71,-2.95,-9.14,-3.20,-18.94,-13.65,17.54,0,0,0,0,HV2Y,-1,-1,-1,-1,-1,-12.2,-19.13,-19.74,1.25,4.16,21.28,-13.54,-12.92,-36.84,-27.36,-1.75,0.91314,25,-9.14,5.44,-15.25,4.45,27.45,-13.54,-0.12,-24.31,9.55,20.99,0.963996,12
24-09-2025,NYSE:RGA,"Reinsurance Group of America, Incorporated Common Stock",12626,542001,1.95,191.03,1.66,2.64,-0.31,-0.04,-2.30,-5.41,-7.16,-14.97,0,0,0,0,0,-1,-1,-1,-1,-1,-4.12,-8.91,-17.64,7.87,13.49,13.49,-4.44,-12.02,-23.31,-20.87,-34.26,0.913019,25,-0.04,-2.26,-3.04,-1.66,-7.28,-4.44,-7.82,-12.1,3.44,-13.74,0.995853,40
24-09-2025,NYSE:PACS,"PACS Group, Inc. Common Stock",2022,1571387,8.02,13.03,0.85,13.89,40.83,9.52,1.77,12.82,-0.31,-212.89,HVQ,0,HVQ,0,0,7.26,-1,-1,-1,-1,-2.47,-2.47,-69.66,69,69,69,5.12,-7.95,-5.08,-14.02,-232.18,0.912942,25,9.52,-8.57,11.25,-15.05,-211.94,5.12,-14.13,2.19,-9.95,-218.4,1.164963,95
24-09-2025,NYSE:UTF,"Cohen & Steers Infrastructure Fund, Inc Common Stock",2369,491239,1.37,24.24,-0.98,-2.02,-7.63,-10.97,-8.87,-1.69,4.29,-4.70,0,0,0,0,0,-1,-1,-1,-1,-1,-10.55,-10.55,-10.55,1,7.11,7.11,-15.37,-18.59,-19.59,-9.42,-23.99,0.912565,25,-10.97,1.90,6.59,5.88,-9.40,-15.37,-3.66,-2.47,10.98,-15.86,0.96308,12
24-09-2025,NYSE:GEF,Greif Inc. Class A Common Stock,2890,243515,2.34,59.4,-0.42,-1.04,-2.51,-11.94,-9.93,7.31,-1.77,-5.94,0,0,HV2Y,HV2Y,0,-1,-1,-1,-1,-1,-14.9,-14.9,-17.67,0,21.2,21.2,-16.34,-19.65,-10.59,-15.48,-25.23,0.912558,25,-11.94,1.79,15.68,-9.79,-4.10,-16.34,-3.77,6.62,-4.69,-10.56,0.962794,12
24-09-2025,NASDAQ:CHRD,Chord Energy Corporation - Common Stock,5973,927684,2.89,104.32,2.24,-0.99,-2.14,-2.61,6.38,-7.94,-5.84,-31.07,0,0,0,0,0,-1,-1,-1,-1,-1,-8.6,-8.6,-24.29,7.71,27.17,27.17,-7.01,-3.34,-25.84,-19.55,-50.36,0.912336,25,-2.61,8.76,-15.30,1.94,-23.84,-7.01,3.2,-24.36,7.04,-30.3,1.023742,66
24-09-2025,NASDAQ:FANG,"Diamondback Energy, Inc. - Common Stock",41863,2078379,2.81,144.61,1.71,2.86,3.44,-0.46,4.54,-11.75,-5.84,-25.16,0,0,0,0,0,-1,-1,-1,-1,-1,-5.17,-11.33,-27.51,7.49,21.27,21.27,-4.86,-5.18,-29.65,-19.55,-44.45,0.912302,25,-0.46,4.98,-17.07,5.28,-18.25,-4.86,-0.58,-26.13,10.38,-24.71,1.018273,62
24-09-2025,NYSE:EQR,Equity Residential Common Shares of Beneficial Interest,25083,1937961,1.64,65.16,-0.79,0.81,-1.07,0.55,-0.74,-9.01,-6.65,-17.53,0,0,0,HV2Y,0,-1,-1,-1,-1,-1,-4.65,-9.15,-15.9,4.59,5.4,5.4,-3.85,-10.46,-26.91,-20.36,-36.82,0.911965,25,0.55,-1.30,-8.21,2.17,-10.20,-3.85,-6.86,-17.27,7.27,-16.66,1.001791,46
24-09-2025,NYSE:FINV,FinVolution Group American Depositary Shares,1949,1836629,3.25,7.69,0.00,-3.64,0.65,-21.33,-27.05,-26.27,11.57,29.39,0,0,0,HV2Y,HV2Y,-1,-1,-1,-1,-1,-27.45,-27.45,-28.26,2.81,9.39,41.62,-25.73,-36.77,-44.17,-2.14,10.1,0.911936,25,-21.33,-4.72,0.61,29.97,20.15,-25.73,-10.28,-8.45,35.07,13.69,0.899729,2
24-09-2025,NYSE:TRU,TransUnion Common Stock,16965,4128358,3.29,87.09,-1.29,-5.29,-2.97,-2.72,-1.63,-0.65,-6.73,-20.73,0,0,0,0,HV2Y,-1,-1,-1,-1,-1,-12.23,-12.23,-19.86,1.27,25.74,25.74,-7.12,-11.35,-18.55,-20.44,-40.02,0.911787,25,-2.72,1.06,0.96,-6.03,-13.11,-7.12,-4.5,-8.1,-0.93,-19.57,0.998071,42
24-09-2025,NYSE:WH,"Wyndham Hotels & Resorts, Inc. Common Stock",6293,879817,2.32,82.42,-0.21,-1.43,-2.18,-6.14,3.54,-12.07,-20.98,3.66,0,0,0,0,0,-1,-1,-1,-1,-1,-10.41,-10.77,-26.35,3.67,5.03,6.78,-10.54,-6.18,-29.97,-34.69,-15.63,0.911688,25,-6.14,9.12,-16.19,-7.95,20.37,-10.54,3.56,-25.25,-2.85,13.91,0.992376,36
24-09-2025,NYSE:ACCO,Acco Brands Corporation Common Stock,366,543974,2.52,4.08,0.99,2.21,1.96,1.72,14.71,-8.82,-33.82,-33.82,0,0,0,0,0,-1,-1,-1,-1,-1,-2.86,-9.53,-35.44,18.6,21.07,21.07,-2.68,4.99,-26.72,-47.53,-53.11,0.911643,25,1.72,13.22,-27.59,-22.97,0.00,-2.68,7.66,-36.65,-17.87,-6.46,1.056448,81
24-09-2025,NASDAQ:ABNB,"Airbnb, Inc. - Class A Common Stock",76486,5102722,2.11,123.5,-1.55,1.49,-0.25,-5.20,-7.00,-5.12,-3.27,-4.25,0,0,0,0,0,-1,-1,-1,-1,-1,-13.13,-13.13,-23.49,4.4,16.85,16.85,-9.6,-16.72,-23.02,-16.98,-23.54,0.911628,25,-5.20,-1.72,1.76,1.76,-0.95,-9.6,-7.28,-7.3,6.86,-7.41,0.972662,17
24-09-2025,NYSE:KRG,Kite Realty Group Trust Common Stock,4879,1941461,1.5,22.13,-0.27,0.45,-2.08,-1.13,-0.95,-1.76,-10.66,-18.98,0,0,0,0,0,-1,-1,-1,-1,-1,-4.86,-5.02,-20.54,5.68,13.31,13.31,-5.53,-10.67,-19.66,-24.37,-38.27,0.911597,25,-1.13,0.18,-0.81,-8.75,-7.51,-5.53,-5.38,-9.87,-3.65,-13.97,1.000508,45
24-09-2025,NASDAQ:MIDD,The Middleby Corporation - Common Stock,6815,774402,2.58,134.47,0.36,0.39,-2.57,-1.23,-7.04,-16.49,1.30,-5.09,0,0,0,HV2Y,HV2Y,-1,-1,-1,-1,-1,-10.45,-14.42,-22.22,13.67,13.67,13.67,-5.63,-16.76,-34.39,-12.41,-24.38,0.911482,25,-1.23,-5.74,-8.83,15.28,-6.47,-5.63,-11.3,-17.89,20.38,-12.93,0.978797,22
24-09-2025,NYSE:CPRI,Capri Holdings Limited Ordinary Shares,2406,2747312,4.24,20.21,-1.17,-7.97,-5.74,-5.54,15.98,-3.91,-3.81,-89.46,0,0,0,0,0,-1,-1,-1,-1,-1,-8.26,-8.26,-53.16,19.02,61.94,61.94,-9.94,6.26,-21.81,-17.52,-108.75,0.911391,25,-5.54,20.39,-23.67,0.10,-82.51,-9.94,14.83,-32.73,5.2,-88.97,1.087859,88
24-09-2025,NYSE:SON,Sonoco Products Company Common Stock,4446,1038862,2.12,45.08,-1.23,-5.12,-2.17,-3.93,3.37,-2.95,-11.25,-20.98,0,0,0,0,0,-1,-1,-1,-1,-1,-7.4,-7.4,-17.87,3.49,11.03,11.03,-8.33,-6.35,-20.85,-24.96,-40.27,0.911372,25,-3.93,7.02,-6.54,-8.06,-8.75,-8.33,1.46,-15.6,-2.96,-15.21,1.007984,52
24-09-2025,NASDAQ:GLPI,"Gaming and Leisure Properties, Inc. - Common Stock",13123,2260582,1.38,45.74,-1.36,-3.59,-5.05,-4.66,-1.42,-10.89,-1.57,-11.28,0,0,0,0,0,-1,-1,-1,-1,-1,-5.55,-10.28,-11.46,0.44,0.44,0.44,-9.06,-11.14,-28.79,-15.28,-30.57,0.91124,25,-4.66,3.09,-9.33,8.40,-9.56,-9.06,-2.47,-18.39,13.5,-16.02,0.989873,32
24-09-2025,NYSE:OMC,Omnicom Group Inc. Common Stock,14930,3105637,2.19,77.07,1.04,0.61,1.39,-2.70,8.28,-4.31,-14.04,-32.74,0,0,0,0,0,-1,-1,-1,-1,-1,-3.28,-7.04,-26.94,9.46,11.34,11.34,-7.1,-1.44,-22.21,-27.75,-52.03,0.911219,25,-2.70,10.69,-13.72,-9.33,-16.40,-7.1,5.13,-22.78,-4.23,-22.86,1.029235,70
24-09-2025,NYSE:APD,"Air Products and Chemicals, Inc. Common Stock",60597,831816,1.84,276.58,-3.79,-3.03,-3.82,-8.21,-1.60,-6.10,-6.77,-4.03,0,0,0,0,0,-1,-1,-1,-1,-1,-7.59,-7.59,-18.19,0,11.25,11.25,-12.61,-11.32,-24,-20.48,-23.32,0.91117,25,-8.21,6.11,-4.43,-0.63,2.57,-12.61,0.55,-13.49,4.47,-3.89,0.980354,23
24-09-2025,NASDAQ:FUFU,BitFuFu Inc. - Class A Ordinary Shares,610,301756,5.95,3.74,2.75,-9.36,-3.48,-2.41,15.24,-47.06,-35.83,8.02,0,0,0,0,0,-1,-1,-1,-1,-1,-12.82,-32.12,-37.56,22.02,24.67,24.67,-6.81,5.52,-64.96,-49.54,-11.27,0.911112,25,-2.41,17.23,-73.50,7.64,32.28,-6.81,11.67,-82.56,12.74,25.82,1.041595,75
24-09-2025,NYSE:MAC,Macerich Company (The) Common Stock,4327,1825838,2.35,16.67,-2.63,-5.88,-7.50,-8.22,5.10,-4.56,-19.50,-5.88,0,0,0,0,0,-1,-1,-1,-1,-1,-11.09,-11.09,-24.6,5.37,25.91,25.91,-12.62,-4.62,-22.46,-33.21,-25.17,0.911083,25,-8.22,12.31,-10.18,-14.29,11.40,-12.62,6.75,-19.24,-9.19,4.94,0.999181,43
24-09-2025,NYSE:AAT,"American Assets Trust, Inc. Common Stock",1277,334363,1.92,20.89,0.67,0.57,3.59,1.87,4.36,1.72,-24.03,-31.02,0,0,0,0,0,-1,-1,-1,-1,-1,-2.02,-2.02,-27.14,11.71,20.82,20.82,-2.53,-5.36,-16.18,-37.74,-50.31,0.911016,24,1.87,2.54,-2.75,-26.21,-5.63,-2.53,-3.02,-11.81,-21.11,-12.09,1.026438,68
24-09-2025,NYSE:BG,Bunge Limited Common Shares,15803,2037075,2.76,78.99,0.68,-1.80,-4.24,-11.60,-4.09,7.01,1.35,-25.08,0,0,0,0,0,-1,-1,-1,-1,-1,-10.39,-10.39,-20.16,8.21,13.64,14.36,-16,-13.81,-10.89,-12.36,-44.37,0.910985,24,-11.60,6.73,10.67,-6.09,-26.80,-16,1.17,1.61,-0.99,-33.26,0.987417,30
24-09-2025,NASDAQ:KELYA,"Kelly Services, Inc. - Class A Common Stock",459,321179,3.49,12.93,-3.79,-7.66,-1.93,-10.83,12.92,-1.93,-0.70,-63.81,0,0,0,0,0,-1,-1,-1,-1,-1,-11.68,-11.68,-41.89,14.83,17.01,17.01,-15.23,3.2,-19.83,-14.41,-83.1,0.910971,24,-10.83,21.42,-17.05,1.21,-62.67,-15.23,15.86,-26.11,6.31,-69.13,1.055673,80
24-09-2025,NYSE:SARO,"StandardAero, Inc. Common Stock",8756,1504913,2.63,26.18,-2.75,-5.12,-2.98,-2.79,-15.20,-11.99,4.47,NA,0,0,0,0,0,-1,-1,-1,-1,-1,-17.28,-17.28,-20.59,0,17.77,17.77,-7.19,-24.92,-29.89,-9.24,0,0.91096,24,-2.79,-12.08,2.79,14.70,NA,-7.19,-17.64,-6.27,19.8,0,0.880212,1
24-09-2025,NASDAQ:GEHC,GE HealthCare Technologies Inc. - Common Stock,33776,3506952,2.48,73.98,-0.83,-3.58,-2.72,-0.82,1.66,-11.46,-4.66,-22.03,0,0,0,0,0,-1,-1,-1,-1,-1,-6.01,-10.28,-21.17,5.91,25.92,25.92,-5.22,-8.06,-29.36,-18.37,-41.32,0.910789,24,-0.82,2.47,-13.35,6.10,-16.60,-5.22,-3.09,-22.41,11.2,-23.06,1.008873,53
24-09-2025,NYSE:IR,Ingersoll Rand Inc. Common Stock,32158,3743863,2.3,80.91,-0.50,2.36,0.83,1.52,-2.93,-1.80,-12.79,-19.60,0,0,0,0,0,-1,-1,-1,-1,-1,-9.11,-9.11,-23.2,7.91,21.21,21.21,-2.88,-12.65,-19.7,-26.5,-38.89,0.910745,24,1.52,-4.52,1.09,-10.79,-6.04,-2.88,-10.08,-7.97,-5.69,-12.5,1.000473,44
24-09-2025,NASDAQ:BLKB,"Blackbaud, Inc. - Common Stock",3148,347240,2.49,64.9,-1.70,-6.52,-5.67,-0.49,1.36,4.27,-17.40,-30.57,0,0,0,0,0,-1,-1,-1,-1,-1,-9.37,-9.37,-25.81,5.79,9.93,9.93,-4.89,-8.36,-13.63,-31.11,-49.86,0.910627,24,-0.49,1.84,2.95,-22.63,-11.22,-4.89,-3.72,-6.11,-17.53,-17.68,1.015659,60
24-09-2025,NYSE:SNAP,Snap Inc. Class A Common Stock,13890,118106472,4.44,8.22,-2.38,2.80,14.23,14.84,2.31,-17.15,-37.47,-22.26,0,0,0,0,0,-1,-1,-1,-1,-1,-20.58,-20.58,-36.08,17.6,17.6,17.6,10.44,-7.41,-35.05,-51.18,-41.55,0.910576,24,14.84,-14.71,-19.93,-17.34,11.06,10.44,-20.27,-28.99,-12.24,4.6,1.037734,73
24-09-2025,NASDAQ:REYN,Reynolds Consumer Products Inc. - Common Stock,4852,1534443,2.04,23.07,0.22,0.52,1.13,-0.74,8.11,-0.74,-19.03,-39.45,0,0,0,0,0,-1,-1,-1,-1,-1,-3.03,-4.43,-28.29,8.82,9.54,9.54,-5.14,-1.61,-18.64,-32.74,-58.74,0.910428,24,-0.74,8.78,-9.62,-18.16,-17.15,-5.14,3.22,-18.68,-13.06,-23.61,1.035982,73
24-09-2025,NASDAQ:SDGR,"Schrodinger, Inc. - Common Stock",1403,1017033,3.56,19.06,0.00,0.16,4.77,-2.52,-7.87,-12.54,-1.26,-4.14,0,0,0,HVY,0,-1,-1,-1,-1,-1,-17.24,-28.59,-28.59,5.01,6.07,12.25,-6.92,-17.59,-30.44,-14.97,-23.43,0.910167,24,-2.52,-5.22,-4.33,10.02,-2.85,-6.92,-10.78,-13.39,15.12,-9.31,0.974335,18
24-09-2025,NASDAQ:ZBRA,Zebra Technologies Corporation - Class A Common Stock,15685,471598,2.24,308.48,-1.77,-2.87,0.74,-3.59,1.76,5.66,-24.93,-18.89,0,0,0,0,0,-1,-1,-1,-1,-1,-9.63,-9.63,-26.75,1.94,44.46,44.46,-7.99,-7.96,-12.24,-38.64,-38.18,0.909976,24,-3.59,5.16,3.97,-32.42,4.83,-7.99,-0.4,-5.09,-27.32,-1.63,1.008183,53
24-09-2025,NYSE:BJ,"BJ's Wholesale Club Holdings, Inc. Common Stock",12320,2150104,2,93.51,-2.59,-6.15,-4.20,-1.94,-21.64,-17.08,-0.52,13.39,0,0,0,0,0,-1,-1,-1,-1,-1,-18.15,-22.04,-22.04,0,0,15.46,-6.34,-31.36,-34.98,-14.23,-5.9,0.909953,24,-1.94,-19.33,3.75,14.14,13.84,-6.34,-24.89,-5.31,19.24,7.38,0.939102,5
24-09-2025,NASDAQ:DSGX,The Descartes Systems Group Inc. - Common Stock,8427,505170,2.51,98.06,-2.57,-1.98,-7.97,-1.25,-2.59,-7.63,-16.27,-4.57,0,0,0,0,0,-1,-1,-1,-1,-1,-9.03,-16.14,-19.95,0.22,4.15,4.15,-5.65,-12.31,-25.53,-29.98,-23.86,0.909782,24,-1.25,-1.32,-4.91,-8.03,10.06,-5.65,-6.88,-13.97,-2.93,3.6,0.988287,30
24-09-2025,NASDAQ:UPBD,"Upbound Group, Inc. - Common Stock",1440,743701,3.04,24.88,-1.07,-7.52,-1.17,-1.33,1.37,0.32,-18.21,-21.91,0,0,0,0,0,-1,-1,-1,-1,-1,-9.03,-9.03,-28.93,20.57,25.03,25.03,-5.73,-8.35,-17.58,-31.92,-41.2,0.90964,24,-1.33,2.66,-1.06,-18.59,-3.13,-5.73,-2.9,-10.12,-13.49,-9.59,1.00863,53
24-09-2025,NYSE:BBDC,"Barings BDC, Inc. Common Stock",942,573372,1.44,8.96,-0.99,-1.79,-5.47,-8.71,-0.45,-7.70,-3.46,-10.16,0,0,0,0,0,-1,-1,-1,-1,-1,-9.49,-9.49,-16.88,0,13.56,13.56,-13.11,-10.17,-25.6,-17.17,-29.45,0.909558,24,-8.71,7.60,-7.22,3.94,-6.47,-13.11,2.04,-16.28,9.04,-12.93,0.986401,29
24-09-2025,NASDAQ:ARCC,Ares Capital Corporation - Closed End Fund,14411,4457367,1.38,20.43,-1.59,-3.23,-9.40,-8.08,-5.53,-9.20,-3.43,-0.88,0,0,0,0,0,-1,-1,-1,-1,-1,-12.13,-12.13,-14.2,0,8.04,8.04,-12.48,-15.25,-27.1,-17.14,-20.17,0.909412,24,-8.08,2.36,-3.48,5.29,2.46,-12.48,-3.2,-12.54,10.39,-4,0.970094,16
24-09-2025,NYSE:BCE,"BCE, Inc. Common Stock",21560,2859423,1.52,23.12,-0.52,-1.60,-4.41,-9.08,5.10,2.55,0.04,-51.56,0,0,0,0,0,-1,-1,-1,-1,-1,-10.18,-10.18,-34.3,6.06,10.78,10.78,-13.48,-4.62,-15.35,-13.67,-70.85,0.909365,24,-9.08,13.01,-2.69,-2.57,-51.62,-13.48,7.45,-11.75,2.53,-58.08,1.028417,69
24-09-2025,NYSE:GETY,"Getty Images Holdings, Inc. Class A Common Stock",821,520208,4.64,1.98,-1.49,-1.01,6.06,2.02,13.64,-4.04,-15.66,-82.83,0,0,0,HV2Y,HV2Y,-1,-1,-1,-1,-1,-7.48,-7.48,-55.1,19.28,46.67,46.67,-2.38,3.92,-21.94,-29.37,-102.12,0.909331,24,2.02,11.86,-20.47,-11.17,-58.08,-2.38,6.3,-29.53,-6.07,-64.54,1.081751,87
24-09-2025,NYSE:FIG,"Figma, Inc. Class A Common Stock",27040,10272199,6.41,55.21,-5.02,0.78,7.52,-27.51,NA,NA,NA,NA,0,0,0,0,0,NA,-1,-1,-1,-1,-54.75,-54.75,-54.75,8.13,8.13,8.13,-31.91,0,0,0,0,0.909271,24,-27.51,NA,NA,NA,NA,-31.91,0,0,0,0,0.962528,12
24-09-2025,NYSE:ARCO,Arcos Dorados Holdings Inc. Class A Shares,1504,1297922,2.56,7.14,2.29,5.04,1.96,2.80,-6.58,-12.89,-2.52,-16.95,0,HVQ,0,0,0,-1,-1,-1,-1,-1,-10.41,-13.45,-28.53,9.17,9.17,9.17,-1.6,-16.3,-30.79,-16.23,-36.24,0.909127,24,2.80,-9.65,-5.91,9.18,-14.07,-1.6,-15.21,-14.97,14.28,-20.53,0.992746,36
24-09-2025,NYSE:BIT,BlackRock Multi-Sector Income Trust Common Shares of Beneficial Interest,579,543949,1.03,13.53,0.30,1.18,-3.10,-1.03,-6.87,-7.32,-5.40,-11.23,0,0,0,0,0,-1,-1,-1,-1,-1,-9.13,-9.13,-10.99,1.2,3.2,3.2,-5.43,-16.59,-25.22,-19.11,-30.52,0.908927,24,-1.03,-5.78,-0.41,1.79,-5.54,-5.43,-11.34,-9.47,6.89,-12,0.982908,25
24-09-2025,NYSE:LLY,Eli Lilly and Company Common Stock,702129,3242650,2.02,741.85,-0.69,-2.46,-1.72,6.27,-6.80,-14.90,-2.11,-24.22,0,0,0,0,HV2Y,-1,-1,-1,-1,-1,-8.72,-17.48,-20.41,18.57,18.57,18.57,1.87,-16.52,-32.8,-15.82,-43.51,0.908895,24,6.27,-13.95,-7.58,11.12,-21.64,1.87,-19.51,-16.64,16.22,-28.1,1.002596,46
24-09-2025,NASDAQ:BNTX,BioNTech SE - American Depositary Shares,23624,1307359,3.66,99.75,1.51,1.60,-1.25,-5.33,-5.06,2.71,-11.62,-12.56,0,HVQ,0,0,HV2Y,-1,-1,-1,-1,-1,-13.49,-17.25,-21.38,3.67,15.12,15.12,-9.73,-14.78,-15.19,-25.33,-31.85,0.908874,24,-5.33,0.26,7.40,-14.72,-0.84,-9.73,-5.3,-1.66,-9.62,-7.3,0.983959,26
24-09-2025,NYSE:DLB,Dolby Laboratories Common Stock,6863,509598,1.6,71.61,-0.76,0.22,0.94,-3.57,-3.48,-13.81,-8.18,-2.30,0,0,0,0,HV2Y,-1,-1,-1,-1,-1,-6.75,-12.39,-17.99,2.17,3.24,3.24,-7.97,-13.2,-31.71,-21.89,-21.59,0.908832,24,-3.57,0.09,-9.99,4.94,5.43,-7.97,-5.47,-19.05,10.04,-1.03,0.981117,24
24-09-2025,NASDAQ:CENTA,Central Garden & Pet Company - Class A Common Stock Nonvoting,1951,377405,2.47,30.42,0.10,-5.62,-8.12,-7.50,-1.81,-1.58,-12.43,-7.92,0,0,0,0,0,-1,-1,-1,-1,-1,-18.38,-18.38,-18.38,0.1,2.87,8.14,-11.9,-11.53,-19.48,-26.14,-27.21,0.908803,24,-7.50,5.29,0.23,-10.68,4.01,-11.9,-0.27,-8.83,-5.58,-2.45,0.984467,27
24-09-2025,NYSE:LW,"Lamb Weston Holdings, Inc. Common Stock",7493,1380449,2.59,53.77,-1.01,-3.50,-3.91,-4.11,1.41,1.41,-16.24,-21.70,0,0,0,0,0,-1,-1,-1,-1,-1,-11.65,-11.65,-34.68,11.93,11.93,11.93,-8.51,-8.31,-16.49,-29.95,-40.99,0.908791,24,-4.11,5.31,0.00,-17.90,-4.70,-8.51,-0.25,-9.06,-12.8,-11.16,1.005085,49
24-09-2025,NYSE:TSN,"Tyson Foods, Inc. Common Stock",18994,2566285,1.62,54.46,1.13,0.62,-1.76,-5.51,-0.33,-10.08,-6.87,-10.43,0,0,0,0,0,-1,-1,-1,-1,-1,-5.6,-14.65,-15.62,4.13,4.13,4.13,-9.91,-10.05,-27.98,-20.58,-29.72,0.908629,24,-5.51,4.91,-9.72,2.92,-3.33,-9.91,-0.65,-18.78,8.02,-9.79,0.990703,34
24-09-2025,NYSE:OTIS,Otis Worldwide Corporation Common Stock,34824,3016543,1.42,88.73,-0.44,-1.03,1.24,2.11,-8.90,-14.28,-4.67,-7.65,0,0,0,0,0,-1,-1,-1,-1,-1,-12.21,-14.93,-16.3,4.47,4.47,4.47,-2.29,-18.62,-32.18,-18.38,-26.94,0.908596,24,2.11,-11.25,-4.94,8.41,-2.85,-2.29,-16.81,-14,13.51,-9.31,0.98087,24
24-09-2025,NYSE:CTRA,Coterra Energy Inc. Common Stock,18125,6363209,2.13,23.75,1.19,-2.65,-2.61,-0.46,-9.77,-23.41,0.34,0.38,0,0,0,0,0,-1,-1,-1,-1,-1,-8.9,-18.97,-20.38,2.86,5.09,5.09,-4.86,-19.49,-41.31,-13.37,-18.91,0.908573,24,-0.46,-9.26,-12.43,19.24,0.04,-4.86,-14.82,-21.49,24.34,-6.42,0.971705,17
24-09-2025,NYSE:RELX,RELX PLC PLC American Depositary Shares (Each representing One Ordinary Share),84672,1498252,1.16,46.37,-0.22,-1.55,2.67,-3.06,-14.45,-8.69,1.27,-3.49,0,0,0,0,0,-1,-1,-1,-1,-1,-14.67,-16.69,-16.69,2.75,2.75,4.32,-7.46,-24.17,-26.59,-12.44,-22.78,0.908407,23,-3.06,-11.05,5.03,9.17,-4.83,-7.46,-16.61,-4.03,14.27,-11.29,0.961216,11
24-09-2025,NYSE:PGR,Progressive Corporation (The) Common Stock,140690,2669577,1.61,240,0.58,-1.50,-2.67,-1.70,-8.20,-14.35,0.12,-8.02,0,0,0,0,0,-1,-1,-1,-1,-1,-10.07,-16.88,-17.59,0.58,0.58,1.86,-6.1,-17.92,-32.25,-13.59,-27.31,0.908308,23,-1.70,-6.38,-5.68,12.65,-8.15,-6.1,-11.94,-14.74,17.75,-14.61,0.977783,21
24-09-2025,NYSE:WKC,World Kinect Corporation Common Stock,1461,1000755,2.25,26.3,-0.72,0.42,3.35,-1.06,-3.84,-8.06,-4.14,-19.39,0,0,0,0,0,-1,-1,-1,-1,-1,-11.24,-11.24,-16.24,5.88,13.51,13.51,-5.46,-13.56,-25.96,-17.85,-38.68,0.908187,23,-1.06,-2.75,-4.06,3.62,-14.64,-5.46,-8.31,-13.12,8.72,-21.1,0.994576,38
24-09-2025,NASDAQ:SGRY,"Surgery Partners, Inc. - Common Stock",2805,1350138,2.33,21.88,0.51,0.41,1.92,-5.30,0.78,-10.56,10.37,-48.86,0,0,0,HV2Y,HV2Y,-1,-1,-1,-1,-1,-8.22,-9.55,-33.76,4.14,13.37,13.37,-9.7,-8.94,-28.46,-3.34,-68.15,0.908162,23,-5.30,5.77,-11.42,18.93,-66.09,-9.7,0.21,-20.48,24.03,-72.55,1.026482,68
24-09-2025,NASDAQ:VRNT,Verint Systems Inc. - Common Stock,1221,2052110,0.29,20.24,-0.20,-0.35,-0.44,0.20,10.62,-7.71,-34.83,-23.96,0,0,HV2Y,0,HV2Y,-1,-1,-1,-1,-1,-9.12,-9.12,-36.67,11.89,39.11,39.11,-4.2,0.9,-25.61,-48.54,-43.25,0.908066,23,0.20,10.45,-20.51,-25.18,8.06,-4.2,4.89,-29.57,-20.08,1.6,1.037717,73
24-09-2025,NASDAQ:DCTH,"Delcath Systems, Inc. - Common Stock",386,546818,4.26,11.03,0.27,-1.54,-0.82,1.27,-26.38,-29.28,-1.36,18.40,0,0,0,0,HV2Y,-1,-1,-1,-1,-1,-21.49,-39.06,-39.06,10.19,10.19,34.84,-3.13,-36.1,-47.18,-15.07,-0.89,0.907783,23,1.27,-28.01,-2.30,21.60,19.50,-3.13,-33.57,-11.36,26.7,13.04,0.933811,5
24-09-2025,NYSE:S,"SentinelOne, Inc. Class A Common Stock",6068,7500618,3.51,18.19,-1.46,-0.93,1.92,8.85,2.47,-10.94,-22.76,-34.14,0,0,HV2Y,0,HV2Y,-1,-1,-1,-1,-1,-8.04,-10.57,-36.58,15.05,15.05,15.05,4.45,-7.25,-28.84,-36.47,-53.43,0.90772,23,8.85,-7.00,-13.75,-10.65,-9.27,4.45,-12.56,-22.81,-5.55,-15.73,1.032356,71
24-09-2025,NASDAQ:INMD,InMode Ltd.  - Ordinary Shares,1040,938060,2.87,14.95,0.07,0.13,-0.47,2.54,4.95,-23.21,-14.98,-16.52,0,0,0,0,0,-1,-1,-1,-1,-1,-2.67,-18.84,-23.45,9.44,12.58,12.58,-1.86,-4.77,-41.11,-28.69,-35.81,0.907608,23,2.54,2.47,-29.63,6.68,-1.34,-1.86,-3.09,-38.69,11.78,-7.8,1.019729,63
24-09-2025,NYSE:SPGI,S&P Global Inc. Common Stock,149823,1418715,1.78,490.74,-1.21,-10.87,-10.02,-12.42,-6.23,-4.57,0.85,-6.71,0,0,0,0,0,-1,-1,-1,-1,-1,-13.01,-13.01,-13.01,0,11.96,11.96,-16.82,-15.95,-22.47,-12.86,-26,0.907447,23,-12.42,5.51,1.56,5.18,-7.63,-16.82,-0.05,-7.5,10.28,-14.09,0.968123,15
24-09-2025,NYSE:CI,The Cigna Group Common Stock,77791,1430950,1.75,291.43,0.47,-1.77,-3.78,-3.20,-8.43,-8.72,5.71,-22.20,0,0,0,0,0,-1,-1,-1,-1,-1,-12.85,-14.3,-18.73,11.14,11.14,11.14,-7.6,-18.15,-26.62,-8,-41.49,0.907425,23,-3.20,-5.07,-0.27,13.27,-29.60,-7.6,-10.63,-9.33,18.37,-36.06,0.986464,29
24-09-2025,NYSE:DRI,"Darden Restaurants, Inc. Common Stock",21758,1464518,1.77,186.61,0.05,-11.89,-13.32,-9.98,-16.53,-11.02,1.70,8.81,0,0,0,0,HV2Y,-1,-1,-1,-1,-1,-15.28,-17.35,-17.35,1.02,1.02,19.68,-14.38,-26.25,-28.92,-12.01,-10.48,0.90737,23,-9.98,-5.95,4.73,11.45,7.23,-14.38,-11.51,-4.33,16.55,0.77,0.941065,6
24-09-2025,NYSE:WCN,"Waste Connections, Inc. Common Shares",44349,1212827,1.42,172.25,0.13,-0.64,-2.30,-5.77,-7.80,-11.99,-1.09,-4.01,0,0,0,0,0,-1,-1,-1,-1,-1,-10.21,-13.85,-13.85,0.13,0.13,1.39,-10.17,-17.52,-29.89,-14.8,-23.3,0.907318,23,-5.77,-1.92,-3.89,9.73,-2.88,-10.17,-7.48,-12.95,14.83,-9.34,0.970601,16
24-09-2025,NYSE:CNNE,"Cannae Holdings, Inc. Common Stock",1027,746212,2.27,18.33,-1.45,-6.22,-2.29,-1.25,-11.67,-5.78,-7.42,-5.35,0,0,0,0,0,-1,-1,-1,-1,-1,-16.34,-16.34,-16.34,2.92,13.85,13.85,-5.65,-21.39,-23.68,-21.13,-24.64,0.907141,23,-1.25,-10.29,5.28,-1.55,1.93,-5.65,-15.85,-3.78,3.55,-4.53,0.97009,16
24-09-2025,NASDAQ:EQIX,"Equinix, Inc. - Common Stock",78612,482900,1.76,789.79,-1.68,1.39,1.16,0.94,-4.37,-6.51,-16.69,-11.07,0,0,0,0,0,-1,-1,-1,-1,-1,-4.19,-13.63,-19.82,5.94,6.72,6.72,-3.46,-14.09,-24.41,-30.4,-30.36,0.907014,23,0.94,-5.36,-2.05,-9.55,4.81,-3.46,-10.92,-11.11,-4.45,-1.65,0.991672,35
24-09-2025,NASDAQ:ARKO,ARKO Corp. - Common Stock,542,561338,3.69,4.81,-0.82,-3.74,-3.74,-3.33,7.28,13.31,-42.00,-43.66,0,0,0,0,HV2Y,-1,-1,-1,-1,-1,-7.32,-9.07,-38.49,23.02,31.78,31.78,-7.73,-2.44,-4.59,-55.71,-62.95,0.906948,23,-3.33,10.26,6.50,-63.79,-1.17,-7.73,4.7,-2.56,-58.69,-7.63,1.045385,77
24-09-2025,NYSE:SUN,Sunoco LP Common Units representing limited partner interests,7574,400415,1.41,49.5,1.52,-0.87,-2.06,-4.65,-3.94,-15.94,-3.17,-6.46,0,0,0,0,0,-1,-1,-1,-1,-1,-10.5,-16.39,-16.46,2.23,2.23,2.23,-9.05,-13.66,-33.84,-16.88,-25.75,0.90685,23,-4.65,0.68,-11.55,11.01,-3.19,-9.05,-4.88,-20.61,16.11,-9.65,0.98186,24
24-09-2025,NASDAQ:LMB,"Limbach Holdings, Inc. - Common Stock",1100,222383,5.34,94.6,-0.33,-9.57,-9.09,-25.00,-43.02,13.37,6.24,15.41,0,0,0,0,0,-1,-1,-1,-1,-1,-36.74,-36.74,-36.74,0,36.51,37.26,-29.4,-52.74,-4.53,-7.47,-3.88,0.906805,23,-25.00,-14.42,39.43,-8.24,9.79,-29.4,-19.98,30.37,-3.14,3.33,0.893022,1
24-09-2025,NYSE:SW,Smurfit WestRock plc Ordinary Shares,22511,4311152,2.57,43.25,-1.28,-1.83,-4.67,-6.20,1.78,-5.36,-18.34,-9.62,0,0,0,0,0,-1,-1,-1,-1,-1,-11.46,-11.46,-23.64,3.1,13.25,13.25,-10.6,-7.94,-23.26,-32.05,-28.91,0.906795,23,-6.20,7.51,-7.27,-12.31,7.37,-10.6,1.95,-16.33,-7.21,0.91,0.995721,39
24-09-2025,NYSE:PSA,Public Storage Common Stock,49530,878728,1.52,280.71,-0.56,-1.22,-2.84,-3.25,-3.11,-3.01,-3.07,-28.86,0,0,0,0,0,-1,-1,-1,-1,-1,-5.83,-9.38,-23.1,3.22,5.41,5.41,-7.65,-12.83,-20.91,-16.78,-48.15,0.906753,23,-3.25,0.14,0.10,-0.06,-25.02,-7.65,-5.42,-8.96,5.04,-31.48,1.000113,44
24-09-2025,NASDAQ:RGEN,Repligen Corporation - Common Stock,7005,821010,3.87,124.51,0.45,4.11,3.44,2.61,0.39,-14.01,-17.69,-14.83,0,0,0,0,HV2Y,-1,-1,-1,-1,-1,-7.08,-14.27,-28.54,11.74,14.34,14.34,-1.79,-9.33,-31.91,-31.4,-34.12,0.906679,23,2.61,-2.28,-14.46,-3.23,2.44,-1.79,-7.84,-23.52,1.87,-4.02,1.006516,51
24-09-2025,NASDAQ:DOX,Amdocs Limited - Ordinary Shares,9129,854518,1.69,83,-0.25,-1.30,-1.07,-5.06,-9.23,-8.94,-3.80,-3.87,0,0,0,0,0,-1,-1,-1,-1,-1,-10.39,-11.78,-11.78,0,3.16,3.16,-9.46,-18.95,-26.84,-17.51,-23.16,0.90667,23,-5.06,-3.97,0.26,4.72,-0.07,-9.46,-9.53,-8.8,9.82,-6.53,0.96854,15
24-09-2025,NASDAQ:OPCH,"Option Care Health, Inc. - Common Stock",4463,1915820,2.56,27.5,-0.72,-1.93,-4.36,-2.04,-15.60,-27.93,17.78,-16.00,0,0,0,0,0,-1,-1,-1,-1,-1,-15.33,-21.88,-21.88,1.03,1.03,26.49,-6.44,-25.32,-45.83,4.07,-35.29,0.906547,23,-2.04,-13.29,-10.66,35.73,-41.09,-6.44,-18.85,-19.72,40.83,-47.55,0.978841,22
24-09-2025,NYSE:BROS,Dutch Bros Inc. Class A Common Stock,8899,3710154,4.3,54.09,-2.28,-7.14,-20.23,-28.75,-26.73,-29.21,3.27,35.44,0,0,HVQ,0,HV2Y,-1,-1,-1,-1,-1,-27.14,-27.14,-36.64,0,5.29,76.07,-33.15,-36.45,-47.11,-10.44,16.15,0.906508,23,-28.75,1.57,-1.95,25.14,33.26,-33.15,-3.99,-11.01,30.24,26.8,0.890774,1
24-09-2025,NYSE:HNI,HNI Corporation Common Stock,2043,707919,2.23,44.56,-2.02,-0.45,-0.65,0.27,-7.97,1.01,-14.30,-17.37,0,0,0,0,0,-1,-1,-1,-1,-1,-15.12,-15.12,-22.49,3.2,10.68,10.68,-4.13,-17.69,-16.89,-28.01,-36.66,0.906406,23,0.27,-8.26,8.31,-15.46,-2.69,-4.13,-13.82,-0.75,-10.36,-9.15,0.9886,31
24-09-2025,NYSE:PFE,"Pfizer, Inc. Common Stock",136965,45995397,1.77,24.09,-0.17,0.17,-1.99,-4.36,-0.71,-6.06,-6.97,-22.13,0,0,0,0,0,-1,-1,-1,-1,-1,-6.92,-6.92,-20.21,3.43,11.58,11.58,-8.76,-10.43,-23.96,-20.68,-41.42,0.906077,23,-4.36,3.50,-5.32,-0.86,-14.16,-8.76,-2.06,-14.38,4.24,-20.62,0.999034,43
24-09-2025,NYSE:TDG,Transdigm Group Incorporated Common Stock,73255,381925,2.11,1300,0.05,1.85,0.98,-6.92,-12.10,-7.24,3.07,-8.31,0,0,0,0,0,-1,-1,-1,-1,-1,-19.79,-19.79,-19.79,2.28,5.54,5.54,-11.32,-21.82,-25.14,-10.64,-27.6,0.906,23,-6.92,-4.84,4.33,9.61,-11.74,-11.32,-10.4,-4.73,14.71,-18.2,0.964501,13
24-09-2025,NYSE:MTDR,Matador Resources Company Common Stock,5892,1482050,3.29,47.33,1.11,-0.36,-4.46,-4.35,-0.97,-10.54,-11.11,-10.29,0,0,0,0,0,-1,-1,-1,-1,-1,-9.93,-9.93,-25.78,4.18,29.07,29.07,-8.75,-10.69,-28.44,-24.82,-29.58,0.905963,23,-4.35,3.24,-9.48,-0.52,0.74,-8.75,-2.32,-18.54,4.58,-5.72,0.990962,34
24-09-2025,NASDAQ:VNOM,"Viper Energy, Inc.  - Class A Common Stock",12940,1910890,3,39.6,2.88,4.39,0.93,0.38,3.86,-14.07,-21.16,-15.30,0,0,0,0,0,-1,-1,-1,-1,-1,-1.76,-13.8,-29.97,8.4,8.49,8.49,-4.02,-5.86,-31.97,-34.87,-34.59,0.905947,23,0.38,3.50,-18.65,-6.22,4.84,-4.02,-2.06,-27.71,-1.12,-1.62,1.012588,57
24-09-2025,NASDAQ:XNCR,"Xencor, Inc. - Common Stock",747,1189854,5.26,10.47,1.45,11.65,20.15,23.50,18.24,-12.89,-129.32,-101.24,HVQ,0,0,0,HV2Y,-1,-1,-1,-1,-1,0,-11.42,-60.99,49.57,49.57,49.57,19.1,8.52,-30.79,-143.03,-120.53,0.905704,23,23.50,-6.87,-38.08,-103.13,12.24,19.1,-12.43,-47.14,-98.03,5.78,1.167919,96
24-09-2025,NASDAQ:HLIT,Harmonic Inc. - Common Stock,1125,871646,2.66,9.89,-2.66,-1.42,0.51,5.46,6.47,-2.63,-34.07,-42.06,0,0,0,0,0,-1,-1,-1,-1,-1,-5.72,-5.72,-33.27,18.44,19.88,19.88,1.06,-3.25,-20.53,-47.78,-61.35,0.905676,23,5.46,1.07,-9.73,-30.64,-5.96,1.06,-4.49,-18.79,-25.54,-12.42,1.044268,76
24-09-2025,NASDAQ:ACGL,Arch Capital Group Ltd. - Common Stock,33873,2140255,1.68,88.46,0.49,1.22,-1.30,-5.60,-2.84,-6.27,-0.28,-25.96,0,0,0,0,0,-1,-1,-1,-1,-1,-5.43,-8.75,-22.98,3.33,4.08,4.08,-10,-12.56,-24.17,-13.99,-45.25,0.905562,22,-5.60,2.61,-3.34,5.64,-25.60,-10,-2.95,-12.4,10.74,-32.06,0.99625,40
24-09-2025,NASDAQ:SGML,Sigma Lithium Corporation - common shares,729,2285103,5.9,6.55,7.38,11.30,16.34,6.11,34.66,-78.63,-66.41,-74.20,0,HV2Y,HVY,0,0,-1,-1,-1,-1,-1,-9.28,-44.02,-55.92,53.04,53.04,53.04,1.71,24.94,-96.53,-80.12,-93.49,0.905549,22,6.11,30.41,-173.36,6.84,-4.68,1.71,24.85,-182.42,11.94,-11.14,1.210442,97
24-09-2025,NYSE:LEG,"Leggett & Platt, Incorporated Common Stock",1218,1877958,3.71,9,-1.32,-3.22,-10.89,-7.44,-1.78,10.89,-9.11,-46.44,0,0,0,0,0,-1,-1,-1,-1,-1,-15.01,-15.01,-36.26,11.39,37.2,37.2,-11.84,-11.5,-7.01,-22.82,-65.73,0.905277,22,-7.44,5.27,12.45,-22.44,-34.22,-11.84,-0.29,3.39,-17.34,-40.68,1.01252,57
24-09-2025,NYSE:FBRT,"Franklin BSP Realty Trust, Inc. Common Stock",920,472950,1.55,11.19,0.09,-0.71,-3.49,-0.71,2.86,-16.53,-11.08,-21.09,0,0,0,0,0,-1,-1,-1,-1,-1,-4.11,-14.71,-17.42,11.01,11.01,11.01,-5.11,-6.86,-34.43,-24.79,-40.38,0.90512,22,-0.71,3.55,-19.96,4.68,-9.01,-5.11,-2.01,-29.02,9.78,-15.47,1.011886,56
24-09-2025,NASDAQ:LAB,Standard BioTools Inc. - Common Stock,500,1165659,5.86,1.31,-5.07,-3.05,2.29,5.34,4.58,11.45,-51.53,-53.44,0,0,HVQ,0,0,-1,-1,-1,-1,-1,-10.88,-10.88,-42.04,10.08,42.14,42.14,0.94,-5.14,-6.45,-65.24,-72.73,0.905036,22,5.34,-0.81,7.20,-71.12,-1.26,0.94,-6.37,-1.86,-66.02,-7.72,1.058385,81
24-09-2025,NYSE:SKY,"Champion Homes, Inc. Common Stock",4194,749592,2.83,74.2,-0.60,-3.02,0.09,-1.05,16.85,-31.90,-28.50,-25.08,0,0,0,0,0,-1,-1,-1,-1,-1,-5.89,-24.19,-31.88,21.84,22.99,22.99,-5.45,7.13,-49.8,-42.21,-44.37,0.904959,22,-1.05,17.71,-58.62,2.57,2.66,-5.45,12.15,-67.68,7.67,-3.8,1.059509,82
24-09-2025,NYSE:NOV,NOV Inc. Common Stock,4891,3563704,3.39,13.17,0.77,1.97,0.76,0.08,2.58,-17.39,-6.76,-28.32,0,0,0,0,0,-1,-1,-1,-1,-1,-6.99,-14.81,-22.07,10.86,18.54,18.54,-4.32,-7.14,-35.29,-20.47,-47.61,0.904903,22,0.08,2.51,-20.50,9.06,-20.20,-4.32,-3.05,-29.56,14.16,-26.66,1.017469,61
24-09-2025,NYSE:KBR,"KBR, Inc. Common Stock",6379,1218318,2.23,49.51,3.49,1.43,-0.61,-2.99,2.93,-3.88,-15.86,-28.42,0,0,0,0,0,-1,-1,-1,-1,-1,-4.07,-11.78,-31.26,8.77,8.77,8.77,-7.39,-6.79,-21.78,-29.57,-47.71,0.904856,22,-2.99,5.75,-7.01,-11.53,-10.84,-7.39,0.19,-16.07,-6.43,-17.3,1.013444,58
24-09-2025,NASDAQ:HLNE,Hamilton Lane Incorporated - Class A Common Stock,7955,394590,2.86,142.78,-4.75,-2.35,-4.53,-8.07,0.18,-10.39,-6.04,-14.34,0,0,0,0,0,-1,-1,-1,-1,-1,-11.25,-18.64,-29.18,0.46,12.74,12.74,-12.47,-9.54,-28.29,-19.75,-33.63,0.90483,22,-8.07,7.63,-10.59,3.94,-7.83,-12.47,2.07,-19.65,9.04,-14.29,0.991763,35
24-09-2025,NYSE:OC,Owens Corning Inc Common Stock New,11990,1017539,2.69,143.37,-0.84,-1.88,-6.80,-7.08,5.11,-4.14,-18.23,-21.50,0,0,0,0,0,-1,-1,-1,-1,-1,-9.08,-9.08,-31.99,5.39,13.5,13.5,-11.48,-4.61,-22.04,-31.94,-40.79,0.904789,22,-7.08,11.39,-9.75,-13.53,-2.77,-11.48,5.83,-18.81,-8.43,-9.23,1.0099,54
24-09-2025,NYSE:PG,Procter & Gamble Company (The) Common Stock,356737,7025703,1.32,152.42,-0.05,-5.19,-3.23,-2.45,-4.30,-6.84,-11.00,-14.30,0,0,0,0,0,-1,-1,-1,-1,-1,-5.46,-11.58,-15.18,1.3,1.3,1.3,-6.85,-14.02,-24.74,-24.71,-33.59,0.90476,22,-2.45,-1.81,-2.44,-3.89,-2.97,-6.85,-7.37,-11.5,1.21,-9.43,0.988848,31
24-09-2025,NYSE:BHC,Bausch Health Companies Inc. Common Stock,2459,2011529,3.26,6.65,-0.89,-2.71,-7.52,-9.77,4.06,-5.26,-11.13,-20.75,0,0,0,0,0,-1,-1,-1,-1,-1,-20.26,-20.26,-32,16.46,53.94,53.94,-14.17,-5.66,-23.16,-24.84,-40.04,0.904697,22,-9.77,12.60,-9.72,-5.57,-8.66,-14.17,7.04,-18.78,-0.47,-15.12,1.00309,47
24-09-2025,NYSE:KREF,KKR Real Estate Finance Trust Inc. Common Stock,626,766046,1.83,9.5,0.00,-0.21,-3.16,0.42,5.05,-18.53,-8.53,-32.74,0,0,0,0,0,-1,-1,-1,-1,-1,-3.75,-15.63,-25.78,8.32,10.47,10.47,-3.98,-4.67,-36.43,-22.24,-52.03,0.904695,22,0.42,4.65,-24.83,8.44,-22.31,-3.98,-0.91,-33.89,13.54,-28.77,1.027054,68
24-09-2025,NASDAQ:OLED,Universal Display Corporation - Common Stock,6984,839091,2.79,146.93,-0.06,7.14,6.65,2.72,-6.21,-3.65,-2.49,-43.91,0,0,0,0,0,-1,-1,-1,-1,-1,-8.99,-8.99,-31.45,9.52,37.83,37.83,-1.68,-15.93,-21.55,-16.2,-63.2,0.904663,22,2.72,-9.18,2.40,1.12,-40.41,-1.68,-14.74,-6.66,6.22,-46.87,1.012369,57
24-09-2025,NASDAQ:MMYT,MakeMyTrip Limited - Ordinary Shares,9253,880214,3.24,97.25,0.57,0.26,1.65,-5.15,2.23,-11.13,-16.20,-11.54,0,0,0,0,0,-1,-1,-1,-1,-1,-5.77,-14.1,-19.27,7.03,11.63,14.48,-9.55,-7.49,-29.03,-29.91,-30.83,0.904585,22,-5.15,7.02,-13.66,-4.56,4.01,-9.55,1.46,-22.72,0.54,-2.45,0.998772,43
24-09-2025,NASDAQ:NNDM,Nano Dimension Ltd. - American Depositary Shares,341,2449271,5.02,1.59,1.92,6.92,10.06,10.69,9.43,-8.81,-56.60,-39.62,0,0,0,0,HV2Y,-1,-1,-1,-1,-1,-3.05,-10.67,-40.67,19.55,19.55,19.55,6.29,-0.29,-26.71,-70.31,-58.91,0.904566,22,10.69,-1.41,-20.14,-43.93,10.84,6.29,-6.97,-29.2,-38.83,4.38,1.064303,83
24-09-2025,NASDAQ:FFIN,"First Financial Bankshares, Inc. - Common Stock",4898,525796,2.17,34.23,-0.44,-2.25,-5.32,-7.65,-4.85,-6.63,-5.14,-11.31,0,0,0,0,0,-1,-1,-1,-1,-1,-9.87,-9.87,-20.49,1.81,9.36,9.36,-12.05,-14.57,-24.53,-18.85,-30.6,0.904564,22,-7.65,2.61,-1.70,1.40,-5.86,-12.05,-2.95,-10.76,6.5,-12.32,0.979309,22
24-09-2025,NASDAQ:ANDE,"The Andersons, Inc. - Common Stock",1351,496706,2.76,38.6,0.57,-3.89,-3.52,-6.09,4.69,-11.14,-6.22,-29.82,0,0,0,0,0,-1,-1,-1,-1,-1,-6.97,-12.03,-23.12,11.46,22.5,22.5,-10.49,-5.03,-29.04,-19.93,-49.11,0.904438,22,-6.09,10.16,-16.61,4.43,-22.22,-10.49,4.6,-25.67,9.53,-28.68,1.015222,59
24-09-2025,NYSE:GPN,Global Payments Inc. Common Stock,21134,2414496,2.07,87.11,1.16,2.02,2.33,-1.96,10.78,-13.55,-26.94,-27.07,0,0,0,0,0,-1,-1,-1,-1,-1,-3.22,-12.82,-27.03,12.24,29.11,29.11,-6.36,1.06,-31.45,-40.65,-46.36,0.904299,22,-1.96,12.50,-27.26,-11.80,-0.10,-6.36,6.94,-36.32,-6.7,-6.56,1.035652,73
24-09-2025,NYSE:ABM,ABM Industries Incorporated Common Stock,2771,751603,2.6,45.31,-1.09,1.17,-1.28,-9.60,0.60,-4.90,-11.06,-14.39,0,0,0,0,0,-1,-1,-1,-1,-1,-8.76,-14.06,-22.69,1.93,7.27,7.27,-14,-9.12,-22.8,-24.77,-33.68,0.904166,22,-9.60,9.30,-5.53,-5.87,-3.00,-14,3.74,-14.59,-0.77,-9.46,0.99121,34
24-09-2025,NASDAQ:TXN,Texas Instruments Incorporated - Common Stock,167677,7713805,2.11,184.435,1.32,2.24,0.23,-11.68,-11.36,0.25,-0.02,-10.23,0,0,0,HV2Y,0,-1,-1,-1,-1,-1,-16.64,-16.64,-16.64,3.83,26.66,26.66,-16.08,-21.08,-17.65,-13.73,-29.52,0.904037,22,-11.68,0.29,10.42,-0.27,-10.21,-16.08,-5.27,1.36,4.83,-16.67,0.962455,12
24-09-2025,NASDAQ:SMMT,Summit Therapeutics Inc.  - Common Stock,15228,5723312,6.7,20.5,7.05,11.76,14.12,-28.15,-3.76,1.27,10.24,-18.98,0,0,0,2,HV2Y,-1,-1,-1,-1,-1,-30.08,-44.14,-44.14,16.44,23.2,23.2,-32.55,-13.48,-16.63,-3.47,-38.27,0.903794,22,-28.15,19.03,4.84,9.09,-32.55,-32.55,13.47,-4.22,14.19,-39.01,0.969665,16
24-09-2025,NASDAQ:IBRX,"ImmunityBio, Inc. - Common Stock",2363,10531050,5.47,2.5,-3.47,-10.40,-2.80,10.00,-10.40,-9.60,-6.80,-40.80,0,HVQ,0,0,HV2Y,-1,-1,-1,-1,-1,-16.94,-27.33,-59.48,11.61,32.28,32.28,5.6,-20.12,-27.5,-20.51,-60.09,0.903772,22,10.00,-22.67,0.72,2.55,-31.84,5.6,-28.23,-8.34,7.65,-38.3,1.012079,56
24-09-2025,NYSE:PSO,"Pearson, Plc Common Stock",8947,517213,0.9,13.88,0.14,-1.44,-1.15,-6.41,-4.25,-14.48,-13.98,2.02,0,0,0,0,0,-1,-1,-1,-1,-1,-8.08,-16.59,-21.8,0.14,0.14,4.36,-10.81,-13.97,-32.38,-27.69,-17.27,0.903746,22,-6.41,2.03,-9.81,0.44,14.03,-10.81,-3.53,-18.87,5.54,7.57,0.974417,18
24-09-2025,NASDAQ:CCCS,CCC Intelligent Solutions Holdings Inc. - Common Stock,6057,5183206,2.07,9.3,-0.53,-4.41,-3.23,-4.84,1.40,1.18,-26.77,-18.06,0,0,0,0,0,-1,-1,-1,-1,-1,-7.28,-7.28,-27.06,1.42,12.32,12.32,-9.24,-8.32,-16.72,-40.48,-37.35,0.903726,22,-4.84,5.95,-0.22,-28.29,6.87,-9.24,0.39,-9.28,-23.19,0.41,1.004834,49
24-09-2025,NASDAQ:KMB,Kimberly-Clark Corporation - Common Stock,41117,2365173,1.59,123.93,0.09,-1.34,-3.29,-5.50,-3.41,-10.54,-6.07,-13.57,0,0,0,0,0,-1,-1,-1,-1,-1,-9.39,-14.66,-15.92,0.09,0.09,0.09,-9.9,-13.13,-28.44,-19.78,-32.86,0.903687,22,-5.50,1.99,-6.90,4.04,-7.07,-9.9,-3.57,-15.96,9.14,-13.53,0.986406,29
24-09-2025,NYSE:BNED,"Barnes & Noble Education, Inc Common Stock",321,336998,4.23,9.44,0.11,6.67,10.38,10.70,-24.58,-9.53,-17.69,-3.71,0,0,0,0,HV2Y,-1,-1,-1,-1,-1,-21.14,-22.5,-28.92,15.97,15.97,15.97,6.3,-34.3,-27.43,-31.4,-23,0.903512,22,10.70,-39.50,12.07,-7.45,11.88,6.3,-45.06,3.01,-2.35,5.42,0.966809,14
24-09-2025,NASDAQ:ASO,"Academy Sports and Outdoors, Inc. - Common Stock",3207,1928360,3.66,48.14,0.82,3.24,-0.15,-11.86,7.62,-3.93,-15.48,-25.34,0,0,0,0,0,-1,-1,-1,-1,-1,-15.35,-15.35,-21.34,8.25,41.17,41.17,-16.26,-2.1,-21.83,-29.19,-44.63,0.903511,22,-11.86,17.42,-12.50,-11.11,-8.54,-16.26,11.86,-21.56,-6.01,-15,1.013082,57
24-09-2025,NASDAQ:ANGI,Angi Inc. - Class A Common Stock,736,843225,3.66,16.6,-2.81,-4.52,-9.04,-9.94,6.33,-0.30,1.20,-71.08,0,0,0,HV2Y,HV2Y,-1,-1,-1,-1,-1,-12.17,-12.17,-42.36,8.85,48.21,48.21,-14.34,-3.39,-18.2,-12.51,-90.37,0.903433,22,-9.94,14.79,-7.07,1.50,-73.17,-14.34,9.23,-16.13,6.6,-79.63,1.045487,77
24-09-2025,NYSE:SLB,Schlumberger N.V. Common Stock,51695,18111334,2.8,34.61,0.35,-0.52,-4.48,-3.00,4.13,-22.16,-6.65,-22.54,0,0,0,0,0,-1,-1,-1,-1,-1,-7.24,-18.41,-24.08,6.92,8.33,8.33,-7.4,-5.59,-40.06,-20.36,-41.83,0.903283,21,-3.00,6.93,-27.43,12.70,-14.90,-7.4,1.37,-36.49,17.8,-21.36,1.014731,59
24-09-2025,NYSE:CPT,Camden Property Trust Common Stock,15293,847063,1.69,107.2,-0.78,0.68,-1.54,-1.56,-5.47,-13.09,-4.96,-16.80,0,0,0,0,0,-1,-1,-1,-1,-1,-7.34,-12.7,-15.61,3.03,3.03,3.03,-5.96,-15.19,-30.99,-18.67,-36.09,0.903219,21,-1.56,-3.85,-7.23,7.18,-11.28,-5.96,-9.41,-16.29,12.28,-17.74,0.989306,32
24-09-2025,NYSE:TRN,"Trinity Industries, Inc. Common Stock",2249,546048,2.36,27.82,-1.42,0.29,-1.33,-2.26,5.32,-6.36,-27.17,-22.93,0,0,0,0,0,-1,-1,-1,-1,-1,-4.17,-5.98,-29.48,19.4,19.4,19.4,-6.66,-4.4,-24.26,-40.88,-42.22,0.903014,21,-2.26,7.42,-12.34,-19.57,3.34,-6.66,1.86,-21.4,-14.47,-3.12,1.01856,62
24-09-2025,NYSE:MAA,"Mid-America Apartment Communities, Inc. Common Stock",16521,723133,1.62,140.43,-0.49,0.63,-0.73,-1.14,-3.90,-16.10,-6.41,-15.69,0,0,0,0,0,-1,-1,-1,-1,-1,-8.34,-16.41,-17.84,1.48,1.48,1.48,-5.54,-13.62,-34,-20.12,-34.98,0.903004,21,-1.14,-2.73,-11.74,8.35,-8.72,-5.54,-8.29,-20.8,13.45,-15.18,0.992577,36
24-09-2025,NYSE:FVRR,"Fiverr International Ltd. Ordinary Shares, no par value",923,750830,3.72,25.05,-2.26,2.79,7.23,6.39,-16.01,-5.79,-27.74,-1.64,0,0,0,0,0,-1,-1,-1,-1,-1,-15.66,-25.84,-29.34,17.22,17.22,17.22,1.99,-25.73,-23.69,-41.45,-20.93,0.902965,21,6.39,-23.92,8.81,-20.75,20.44,1.99,-29.48,-0.25,-15.65,13.98,0.975759,19
24-09-2025,NYSE:RWT,"Redwood Trust, Inc. Common Stock",749,1026769,2.2,5.86,1.03,-2.90,-5.80,-2.22,2.39,-5.12,-13.31,-35.32,0,0,0,0,0,-1,-1,-1,-1,-1,-8.01,-8.01,-26.1,7.33,18.38,18.38,-6.62,-7.33,-23.02,-27.02,-54.61,0.902916,21,-2.22,4.51,-7.69,-7.79,-19.43,-6.62,-1.05,-16.75,-2.69,-25.89,1.017368,61
24-09-2025,NYSE:EXR,Extra Space Storage Inc Common Stock,29408,1077756,1.65,137.66,-0.64,-4.01,-5.33,-1.84,-5.65,-5.03,-3.41,-31.05,0,0,0,0,0,-1,-1,-1,-1,-1,-9.96,-10.02,-24.83,2.46,8.73,8.73,-6.24,-15.37,-22.93,-17.12,-50.34,0.902898,21,-1.84,-3.74,0.58,1.55,-26.74,-6.24,-9.3,-8.48,6.65,-33.2,0.998352,42
24-09-2025,NASDAQ:KHC,The Kraft Heinz Company - Common Stock,31649,17642016,2.27,26.74,0.68,3.78,0.34,-3.55,3.78,-8.83,-12.57,-30.74,0,0,0,0,0,-1,-1,-1,-1,-1,-7.6,-13.21,-25.72,4.41,4.41,4.41,-7.95,-5.94,-26.73,-26.28,-50.03,0.902815,21,-3.55,7.08,-13.10,-3.44,-16.15,-7.95,1.52,-22.16,1.66,-22.61,1.01611,60
24-09-2025,NYSE:ESS,"Essex Property Trust, Inc. Common Stock",17250,393084,1.62,264.59,-1.21,-0.62,0.36,-0.33,-6.54,-14.52,-5.45,-15.73,0,0,0,0,0,-1,-1,-1,-1,-1,-9.57,-13.87,-15.7,4.96,4.96,4.96,-4.73,-16.26,-32.42,-19.16,-35.02,0.9028,21,-0.33,-6.19,-7.49,7.92,-9.75,-4.73,-11.75,-16.55,13.02,-16.21,0.988069,30
24-09-2025,NASDAQ:FTNT,"Fortinet, Inc. - Common Stock",64060,6719174,2.13,83.6,-1.96,3.96,4.93,7.13,-24.03,-22.12,-13.46,8.16,0,0,0,0,0,-1,-1,-1,-1,-1,-22.34,-23.08,-27.03,12.38,12.38,12.38,2.73,-33.75,-40.02,-27.17,-11.13,0.902528,21,7.13,-33.55,1.54,7.09,19.05,2.73,-39.11,-7.52,12.19,12.59,0.953135,8
24-09-2025,NASDAQ:CMRC,"Commerce.com, Inc. - Series 1 Common Stock",405,863495,4.79,5.02,-0.20,1.20,9.96,4.58,3.78,-21.12,-24.30,-20.52,0,0,0,0,0,-1,-1,-1,-1,-1,-5.1,-17.43,-35.23,20.67,20.67,20.67,0.18,-5.94,-39.02,-38.01,-39.81,0.902505,21,4.58,-0.84,-25.88,-2.63,3.04,0.18,-6.4,-34.94,2.47,-3.42,1.022429,65
24-09-2025,NASDAQ:GBDC,"Golub Capital BDC, Inc. - Closed End Fund",3668,1235950,1.29,13.77,-1.71,-2.47,-6.97,-6.39,-4.72,-11.26,-8.13,-8.13,0,0,0,0,0,-1,-1,-1,-1,-1,-11.05,-11.05,-13.72,0,5.68,5.68,-10.79,-14.44,-29.16,-21.84,-27.42,0.902498,21,-6.39,1.57,-6.24,2.81,0.00,-10.79,-3.99,-15.3,7.91,-6.46,0.97918,22
24-09-2025,NYSE:HUBS,"HubSpot, Inc. Common Stock",27155,752651,2.74,515.35,0.43,1.56,5.08,9.20,-5.44,-21.69,-36.31,-2.24,0,0,0,0,0,-1,6,-1,-1,-1,-8.12,-23.34,-37.13,22.47,22.47,22.47,4.8,-15.16,-39.59,-50.02,-21.53,0.902409,21,9.20,-16.12,-15.41,-12.01,24.99,4.8,-21.68,-24.47,-6.91,18.53,1.000564,45
24-09-2025,NYSE:MCS,Marcus Corporation (The) Common Stock,478,222721,2.56,15.63,0.32,-1.73,0.96,0.96,-6.78,-9.92,-37.17,4.99,0,0,0,0,0,-1,-1,-1,-1,-1,-13.6,-16.46,-32.48,6.91,6.91,6.91,-3.44,-16.5,-27.82,-50.88,-14.3,0.902334,21,0.96,-7.82,-2.94,-24.80,30.74,-3.44,-13.38,-12,-19.7,24.28,0.983753,26
24-09-2025,NYSE:VSH,"Vishay Intertechnology, Inc. Common Stock",2065,1261388,2.71,15.23,0.13,0.33,-0.39,-0.46,-2.17,-11.36,-11.69,-21.27,0,0,0,0,0,-1,-1,-1,-1,-1,-14.82,-14.82,-21.54,10.68,44.09,44.09,-4.86,-11.89,-29.26,-25.4,-40.56,0.902272,21,-0.46,-1.70,-9.00,-0.29,-8.58,-4.86,-7.26,-18.06,4.81,-15.04,1.000431,44
24-09-2025,NASDAQ:ON,ON Semiconductor Corporation - Common Stock,20833,7573024,3.43,50.94,1.03,2.24,5.52,-0.02,-5.50,11.05,-27.21,-36.57,0,0,0,HV2Y,HV2Y,-1,-1,-1,-1,-1,-18.43,-18.43,-31.81,8.43,59.44,59.44,-4.42,-15.22,-6.85,-40.92,-55.86,0.902268,21,-0.02,-5.48,15.69,-43.01,-7.36,-4.42,-11.04,6.63,-37.91,-13.82,1.011857,56
24-09-2025,NASDAQ:MBUU,"Malibu Boats, Inc. - Common Stock",624,263801,4,32.415,1.49,-2.61,0.97,-20.41,2.55,9.02,-15.38,-22.07,0,0,0,0,0,-1,-1,-1,-1,-1,-17.98,-17.98,-28.44,3.43,28.78,28.78,-24.81,-7.17,-8.88,-29.09,-41.36,0.902267,21,-20.41,19.06,6.65,-26.82,-5.80,-24.81,13.5,-2.41,-21.72,-12.26,0.993248,36
24-09-2025,NYSE:RHP,"Ryman Hospitality Properties, Inc. (REIT)",5947,630808,2.02,93.2,-1.26,-3.50,-7.90,-4.00,-6.03,-1.61,-12.69,-17.78,0,0,0,0,0,-1,-1,-1,-1,-1,-10.77,-10.77,-21.58,1.58,18.2,18.2,-8.4,-15.75,-19.51,-26.4,-37.07,0.902252,21,-4.00,-1.95,4.17,-10.91,-4.51,-8.4,-7.51,-4.89,-5.81,-10.97,0.986599,29
24-09-2025,NYSE:DT,"Dynatrace, Inc. Common Stock",14511,3528742,2.6,48.13,0.75,0.15,0.98,-0.58,-13.63,-6.34,-11.28,-6.69,0,0,0,0,0,-1,-1,-1,-1,-1,-15.02,-15.02,-22.89,4.54,16.79,16.79,-4.98,-23.35,-24.24,-24.99,-25.98,0.902231,21,-0.58,-12.97,6.42,-4.65,4.13,-4.98,-18.53,-2.64,0.45,-2.33,0.96907,15
24-09-2025,NASDAQ:HTO,H2O America  - Common Stock,1710,231379,1.86,48.45,-0.68,-0.14,-2.21,-3.38,-7.33,-5.63,-5.37,-20.50,0,0,0,0,0,-1,-1,-1,-1,-1,-9.2,-14.7,-19.76,1.4,1.4,6.55,-7.78,-17.05,-23.53,-19.08,-39.79,0.902229,21,-3.38,-3.81,1.58,0.25,-14.36,-7.78,-9.37,-7.48,5.35,-20.82,0.985786,28
24-09-2025,NASDAQ:FWRG,"First Watch Restaurant Group, Inc. - Common Stock",961,1117254,3.5,15.74,0.38,-5.02,-12.33,-21.28,4.38,-9.85,-15.95,1.91,0,0,0,0,0,-1,-1,-1,-1,-1,-17.89,-21.65,-29.19,4.58,5.5,18.35,-25.68,-5.34,-27.75,-29.66,-17.38,0.902118,21,-21.28,21.16,-14.88,-5.55,15.40,-25.68,15.6,-23.94,-0.45,8.94,0.979444,22
24-09-2025,NYSE:ELS,"Equity Lifestyle Properties, Inc. Common Stock",11689,1712647,1.55,59.86,-0.76,-1.25,-0.89,0.08,-4.24,-11.68,-10.56,-19.96,0,0,0,0,0,-1,-1,-1,-1,-1,-4.39,-12,-18.15,2.45,2.45,2.45,-4.32,-13.96,-29.58,-24.27,-39.25,0.901797,21,0.08,-4.33,-7.13,1.00,-8.51,-4.32,-9.89,-16.19,6.1,-14.97,0.995895,40
24-09-2025,NASDAQ:QNST,"QuinStreet, Inc. - Common Stock",937,552054,3.23,16.31,0.87,-0.67,3.00,4.60,5.27,-18.64,-30.59,-22.38,0,0,0,0,0,-1,-1,-1,-1,-1,-4.73,-15.71,-35.2,12.41,12.41,12.41,0.2,-4.45,-36.54,-44.3,-41.67,0.901789,21,4.60,0.71,-25.24,-10.08,6.29,0.2,-4.85,-34.3,-4.98,-0.17,1.027956,69
24-09-2025,NYSE:AVB,"AvalonBay Communities, Inc. Common Stock",27679,851282,1.45,192.77,-0.84,0.12,0.07,0.26,-4.38,-10.32,-12.65,-19.34,0,0,0,0,0,-1,-1,-1,-1,-1,-5.74,-10.59,-18.94,5.5,5.5,5.5,-4.14,-14.1,-28.22,-26.36,-38.63,0.901682,21,0.26,-4.65,-5.69,-2.12,-5.94,-4.14,-10.21,-14.75,2.98,-12.4,0.995497,39
24-09-2025,NYSE:TDC,Teradata Corporation Common Stock,2119,965016,2.47,22.42,0.45,2.72,6.16,6.78,3.75,-6.42,-43.76,-29.66,0,0,0,0,0,-1,-1,-1,-1,-1,-3.4,-6.04,-32.83,11.49,16.77,16.77,2.38,-5.97,-24.32,-57.47,-48.95,0.901661,21,6.78,-3.25,-10.57,-35.08,9.80,2.38,-8.81,-19.63,-29.98,3.34,1.035248,73
24-09-2025,NYSE:GWW,"W.W. Grainger, Inc. Common Stock",45581,312795,2.15,952.93,-2.34,-4.72,-4.32,-6.35,-7.44,-3.91,-13.50,-8.32,0,0,0,0,0,-1,-1,-1,-1,-1,-10.06,-13.5,-21.95,2.2,3.59,3.59,-10.75,-17.16,-21.81,-27.21,-27.61,0.901221,21,-6.35,-1.03,3.29,-9.23,4.56,-10.75,-6.59,-5.77,-4.13,-1.9,0.975012,19
24-09-2025,NYSE:CNM,"Core & Main, Inc. Class A Common Stock",9808,3882520,2.9,49.89,-2.65,1.60,2.67,-28.96,-18.06,0.74,-0.48,12.99,0,0,0,0,0,-1,-1,-1,-1,-1,-25.52,-25.52,-25.52,2.74,12.04,19.04,-33.36,-27.78,-17.16,-14.19,-6.3,0.901054,21,-28.96,8.46,15.93,-1.23,13.41,-33.36,2.9,6.87,3.87,6.95,0.919859,3
24-09-2025,NYSE:CUBE,CubeSmart Common Shares,9142,1812424,1.66,39.75,-0.85,-3.70,-2.44,-1.64,-5.99,-3.32,-5.01,-35.70,0,0,0,0,0,-1,-1,-1,-1,-1,-8.28,-9,-26.69,2.69,10.79,10.79,-6.04,-15.71,-21.22,-18.72,-54.99,0.901033,21,-1.64,-4.28,2.52,-1.63,-29.23,-6.04,-9.84,-6.54,3.47,-35.69,1.001152,45
24-09-2025,NASDAQ:SBUX,Starbucks Corporation - Common Stock,95790,9088295,2.01,84.27,-1.66,1.25,1.65,-1.83,-8.10,-13.78,-5.33,-13.98,0,0,0,0,HV2Y,-1,-1,-1,-1,-1,-13.07,-15.23,-27.23,2.89,5.75,5.75,-6.23,-17.82,-31.68,-19.04,-33.27,0.900988,21,-1.83,-6.16,-5.25,7.43,-8.21,-6.23,-11.72,-14.31,12.53,-14.67,0.981926,24
24-09-2025,NYSE:CRCL,"Circle Internet Group, Inc. Class A Common Stock",30451,11366372,7.79,131.58,0.47,0.41,13.60,4.82,-50.95,NA,NA,NA,0,0,0,0,0,-1,-1,-1,-1,-1,-44.03,-50.06,-50.06,17,58.09,58.09,0.42,-60.67,0,0,0,0.900961,21,4.82,-58.59,NA,NA,NA,0.42,-64.15,0,0,0,0.867176,1
24-09-2025,NASDAQ:UDMY,"Udemy, Inc. - Common Stock",1054,1792796,3.61,7.01,-0.99,-2.43,4.85,-0.29,1.14,-24.11,-10.70,-18.12,0,0,0,0,0,-1,-1,-1,-1,-1,-7.88,-19.43,-30.59,7.19,21.28,21.28,-4.69,-8.58,-42.01,-24.41,-37.41,0.900955,20,-0.29,1.42,-25.54,10.80,-6.70,-4.69,-4.14,-34.6,15.9,-13.16,1.008011,52
24-09-2025,NYSE:CCS,"Century Communities, Inc. Common Stock",1887,382044,3.14,63.58,0.14,-5.96,-5.46,-4.62,13.40,-9.53,-17.90,-62.43,0,0,0,0,0,-1,-1,-1,-1,-1,-8.91,-8.91,-38.61,15.47,24.57,24.57,-9.02,3.68,-27.43,-31.61,-81.72,0.900922,20,-4.62,17.23,-26.48,-7.64,-37.77,-9.02,11.67,-35.54,-2.54,-44.23,1.060429,82
24-09-2025,NYSE:CRGY,Crescent Energy Company Class A Common Stock,2439,6044912,4.76,9.58,5.39,8.56,9.19,0.42,10.23,-20.67,-37.06,-19.42,0,0,0,0,0,-1,-1,-1,-1,-1,-3.62,-17.13,-42.77,16.55,31.41,31.41,-3.98,0.51,-38.57,-50.77,-38.71,0.900768,20,0.42,9.85,-34.42,-13.58,12.87,-3.98,4.29,-43.48,-8.48,6.41,1.035815,73
24-09-2025,NYSE:CXM,"Sprinklr, Inc. Class A Common Stock",1931,2674186,3.58,7.91,0.51,0.51,2.53,-8.85,-3.92,-14.54,-15.68,2.15,0,0,0,0,0,-1,-1,-1,-1,-1,-15.4,-15.4,-16.03,2.59,14.97,14.97,-13.25,-13.64,-32.44,-29.39,-17.14,0.900652,20,-8.85,4.53,-10.22,-0.99,15.41,-13.25,-1.03,-19.28,4.11,8.95,0.972764,17
24-09-2025,NYSE:AWR,American States Water Company Common Stock,2766,281335,1.33,71.83,-0.14,0.11,-1.82,-4.05,-7.50,-3.65,-10.62,-17.53,0,0,0,0,0,-1,-1,-1,-1,-1,-7.9,-11.65,-17.66,0.49,0.49,1.4,-8.45,-17.22,-21.55,-24.33,-36.82,0.900592,20,-4.05,-3.32,3.59,-6.73,-6.24,-8.45,-8.88,-5.47,-1.63,-12.7,0.983114,26
24-09-2025,NYSE:DOLE,Dole plc Ordinary Shares,1271,1528262,2.02,13.36,-0.07,-1.65,-0.75,-10.85,-2.32,-3.37,-3.37,-26.05,0,0,0,0,0,-1,-1,-1,-1,-1,-10.64,-12.05,-20.99,0,0.38,8.53,-15.25,-12.04,-21.27,-17.08,-45.34,0.900578,20,-10.85,7.70,-1.02,0.00,-21.94,-15.25,2.14,-10.08,5.1,-28.4,0.991462,35
24-09-2025,NYSE:VOYG,"Voyager Technologies, Inc. Class A Common Stock",1798,876476,6.03,30.49,-4.27,5.77,6.92,0.85,-42.77,NA,NA,NA,0,0,0,0,0,-1,-1,-1,-1,-1,-37.71,-46.02,-46.02,10.31,10.31,10.31,-3.55,-52.49,0,0,0,0.900487,20,0.85,-44.00,NA,NA,NA,-3.55,-49.56,0,0,0,0.866675,1
24-09-2025,NYSE:TBBB,BBB Foods Inc. Class A Common Shares,2948,450127,3.36,25.69,-0.70,-2.34,2.53,-1.28,-5.88,-4.48,-13.66,-22.11,0,0,0,0,0,-1,-1,-1,-1,-1,-8.32,-17.69,-24.99,5.55,5.55,6.6,-5.68,-15.6,-22.38,-27.37,-41.4,0.900486,20,-1.28,-4.53,1.32,-8.79,-7.43,-5.68,-10.09,-7.74,-3.69,-13.89,0.992754,36
24-09-2025,NASDAQ:BCRX,"BioCryst Pharmaceuticals, Inc. - Common Stock",1631,2630007,2.67,7.77,-0.64,0.90,-3.09,-7.98,-25.35,-3.86,4.89,-4.38,0,0,0,HV2Y,HV2Y,-1,-1,-1,-1,-1,-20.23,-30.56,-30.56,0.91,21.22,21.22,-12.38,-35.07,-21.76,-8.82,-23.67,0.900443,20,-7.98,-16.09,17.15,8.43,-9.74,-12.38,-21.65,8.09,13.53,-16.2,0.940155,6
24-09-2025,NASDAQ:PAYX,"Paychex, Inc. - Common Stock",46208,2661796,1.73,128.27,-0.80,-3.27,-3.74,-7.98,-7.54,-12.36,-7.44,-3.89,0,0,0,0,0,-1,-1,-1,-1,-1,-13.33,-19.72,-19.72,0,0,0,-12.38,-17.26,-30.26,-21.15,-23.18,0.900376,20,-7.98,0.40,-4.49,4.38,3.30,-12.38,-5.16,-13.55,9.48,-3.16,0.969046,15
24-09-2025,NYSE:GRNT,"Granite Ridge Resources, Inc. Common Stock",732,517993,3.3,5.58,0.90,1.08,3.41,-2.33,-16.31,-9.68,-0.72,-11.65,0,0,0,HV2Y,HV2Y,-1,-1,-1,-1,-1,-16.22,-16.22,-19.01,16.49,18.98,18.98,-6.73,-26.03,-27.58,-14.43,-30.94,0.900328,20,-2.33,-13.66,5.70,8.17,-10.85,-6.73,-19.22,-3.36,13.27,-17.31,0.965102,13
24-09-2025,NYSE:MFA,"MFA Financial, Inc.",985,1588582,1.94,9.65,0.63,-2.18,-5.60,-4.25,1.55,-12.23,-6.01,-34.82,0,0,0,0,0,-1,-1,-1,-1,-1,-7.21,-10.9,-25.83,6.16,18.12,18.12,-8.65,-8.17,-30.13,-19.72,-54.11,0.899913,20,-4.25,5.57,-14.00,5.54,-27.17,-8.65,0.01,-23.06,10.64,-33.63,1.013605,58
24-09-2025,NASDAQ:MRVI,"Maravai LifeSciences Holdings, Inc. - Class A common stock",695,1204628,6.5,2.72,-0.73,-3.31,4.41,11.76,16.54,15.44,-99.63,-210.29,0,0,0,0,0,-1,-1,-1,-1,-1,-5.88,-5.88,-68,34.32,58.14,58.14,7.36,6.82,-2.46,-113.34,-229.58,0.89983,20,11.76,5.42,-1.32,-136.09,-55.43,7.36,-0.14,-10.38,-130.99,-61.89,1.190268,96
24-09-2025,NYSE:APLE,"Apple Hospitality REIT, Inc. Common Shares",2922,2570927,1.83,12.33,0.57,-1.62,-2.35,-4.38,4.46,-8.52,-23.68,-23.11,0,0,0,HV2Y,0,-1,-1,-1,-1,-1,-6.38,-7.85,-24.45,6.94,15.67,15.67,-8.78,-5.26,-26.42,-37.39,-42.4,0.899796,20,-4.38,8.47,-13.58,-13.98,0.46,-8.78,2.91,-22.64,-8.88,-6,1.013306,58
24-09-2025,NASDAQ:MFIC,MidCap Financial Investment Corporation - Closed End Fund,1127,460193,1.7,12.06,-0.17,-0.33,-3.57,-8.04,-2.90,-8.37,-10.86,-13.76,0,0,0,0,0,-1,-1,-1,-1,-1,-10.33,-10.33,-18.01,0,15.19,15.19,-12.44,-12.62,-26.27,-24.57,-33.05,0.899675,20,-8.04,4.76,-5.32,-2.30,-2.62,-12.44,-0.8,-14.38,2.8,-9.08,0.985048,28
24-09-2025,NASDAQ:NAVI,Navient Corporation - Common Stock,1292,881617,2.72,12.99,0.54,-0.92,-0.08,-4.23,-9.01,-1.00,-9.39,-22.17,0,0,0,0,0,-1,-1,-1,-1,-1,-16.68,-16.68,-18.15,4.67,20.72,20.72,-8.63,-18.73,-18.9,-23.1,-41.46,0.899529,20,-4.23,-4.58,7.34,-8.31,-11.68,-8.63,-10.14,-1.72,-3.21,-18.14,0.983469,26
24-09-2025,NASDAQ:CPB,The Campbell's Company - Common Stock,10051,6805062,2.6,33.73,-0.06,2.37,0.71,3.59,7.56,-13.19,-23.27,-51.82,0,0,0,0,0,-1,-1,-1,-1,-1,-0.88,-15.51,-34.13,10.92,10.92,10.92,-0.81,-2.16,-31.09,-36.98,-71.11,0.899484,20,3.59,4.12,-22.45,-8.91,-23.16,-0.81,-1.44,-31.51,-3.81,-29.62,1.048244,78
24-09-2025,NYSE:ESAB,ESAB Corporation Common Stock,6564,503084,2.5,108.14,-1.20,-1.29,-5.05,-6.68,-9.73,-13.53,-12.93,2.35,0,0,0,0,0,-1,-1,-1,-1,-1,-19.4,-19.4,-19.94,0,3.5,6.28,-11.08,-19.45,-31.43,-26.64,-16.94,0.89939,20,-6.68,-2.86,-3.46,0.53,13.53,-11.08,-8.42,-12.52,5.63,7.07,0.963011,12
24-09-2025,NYSE:SSTK,"Shutterstock, Inc. Common Stock",738,215985,3.43,20.81,0.82,-3.51,3.12,-2.11,10.86,7.64,-43.97,-69.77,0,0,0,HV2Y,HV2Y,-1,-1,-1,-1,-1,-5.5,-5.5,-41.43,14.53,43.02,43.02,-6.51,1.14,-10.26,-57.68,-89.06,0.899275,20,-2.11,12.71,-3.61,-55.88,-17.92,-6.51,7.15,-12.67,-50.78,-24.38,1.066503,84
24-09-2025,NYSE:EPRT,"Essential Properties Realty Trust, Inc. Common Stock",5981,1840179,1.57,29.48,-2.06,-1.49,-0.71,-5.53,-8.04,-9.91,-4.55,-15.67,0,0,0,0,0,-1,-1,-1,-1,-1,-8.28,-10.88,-14.53,0.24,3.62,3.62,-9.93,-17.76,-27.81,-18.26,-34.96,0.899243,20,-5.53,-2.38,-1.73,4.88,-10.64,-9.93,-7.94,-10.79,9.98,-17.1,0.978698,22
24-09-2025,NYSE:WLY,"John Wiley & Sons, Inc. Common Stock",2133,410194,2.75,40.11,-0.64,-2.89,-3.39,-1.15,-8.05,-10.45,-10.60,-16.11,0,0,HVY,HVY,HVY,-1,-1,-1,-1,-1,-11.26,-11.85,-24.51,5.86,8.32,8.32,-5.55,-17.77,-28.35,-24.31,-35.4,0.899155,20,-1.15,-6.83,-2.22,-0.14,-4.98,-5.55,-12.39,-11.28,4.96,-11.44,0.984322,27
24-09-2025,NYSE:WGO,"Winnebago Industries, Inc. Common Stock",970,514569,3.36,34.6,4.37,4.62,1.73,-5.23,18.38,0.58,-50.09,-70.84,0,0,0,0,0,-1,-1,-1,-1,-1,-5.95,-7.93,-46.85,22.52,22.52,22.52,-9.63,8.66,-17.32,-63.8,-90.13,0.899102,20,-5.23,22.44,-21.81,-50.96,-13.83,-9.63,16.88,-30.87,-45.86,-20.29,1.084155,88
24-09-2025,NASDAQ:TXG,"10x Genomics, Inc. - Common Stock",1501,2316425,4.45,12.06,-3.44,-6.63,-4.39,-16.67,3.32,19.15,-12.85,-88.06,0,0,0,0,0,-1,-1,-1,-1,-1,-17.62,-17.62,-47.5,4.51,68.91,68.91,-21.07,-6.4,1.25,-26.56,-107.35,0.899037,20,-16.67,17.13,16.38,-39.59,-66.64,-21.07,11.57,7.32,-34.49,-73.1,1.045317,77
24-09-2025,NYSE:PRU,"Prudential Financial, Inc. Common Stock",36369,1584441,1.7,103.32,0.18,0.30,-2.27,-5.60,-2.13,-10.69,-11.76,-17.46,0,0,0,0,0,-1,-1,-1,-1,-1,-5.98,-10.62,-20.23,2.62,8.62,8.62,-10,-11.85,-28.59,-25.47,-36.75,0.898925,20,-5.60,3.29,-8.38,-0.97,-5.10,-10,-2.27,-17.44,4.13,-11.56,0.991944,35
24-09-2025,NYSE:CINT,CI&T Inc Class A Common Shares,722,318385,4.12,5.42,0.56,-4.06,7.38,2.95,-6.27,-16.79,-10.89,-21.59,0,0,0,0,0,-1,-1,-1,-1,-1,-10.86,-18.5,-29.06,11.52,17.06,17.06,-1.45,-15.99,-34.69,-24.6,-40.88,0.898908,20,2.95,-9.51,-9.90,5.06,-9.65,-1.45,-15.07,-18.96,10.16,-16.11,0.99702,41
24-09-2025,NYSE:CCI,Crown Castle Inc. Common Stock,41087,3983090,1.96,93.71,-0.68,-1.16,-0.34,-9.88,-8.65,-7.19,3.18,-23.07,0,0,0,0,0,-1,-1,-1,-1,-1,-17.73,-17.73,-21.32,0.81,0.81,11.12,-14.28,-18.37,-25.09,-10.53,-42.36,0.898727,20,-9.88,1.12,1.35,9.68,-27.11,-14.28,-4.44,-7.71,14.78,-33.57,0.978815,22
24-09-2025,NASDAQ:IAC,IAC Inc. - Common Stock,2775,1285177,2.81,34.62,-0.52,-6.82,-3.81,-3.12,-5.11,-17.04,1.13,-28.73,0,0,0,0,HV2Y,-1,-1,-1,-1,-1,-16.92,-16.92,-23.36,1.97,12.11,12.11,-7.52,-14.83,-34.94,-12.58,-48.02,0.898648,20,-3.12,-1.93,-11.34,15.52,-30.20,-7.52,-7.49,-20.4,20.62,-36.66,0.998246,42
24-09-2025,NYSE:ORC,"Orchid Island Capital, Inc. Common Stock",1024,4894837,1.72,6.96,-0.71,-2.87,-2.59,-2.01,-0.72,-16.95,-12.64,-19.97,0,0,0,0,0,-1,-1,-1,-1,-1,-6.07,-14.5,-21.97,1.75,15.04,15.04,-6.41,-10.44,-34.85,-26.35,-39.26,0.89864,20,-2.01,1.27,-16.12,3.69,-6.51,-6.41,-4.29,-25.18,8.79,-12.97,1.001477,45
24-09-2025,NYSE:CIVI,"Civitas Resources, Inc. Common Stock",3087,2871452,4.45,33.31,0.24,3.18,-1.47,-3.54,14.65,-9.10,-28.46,-63.04,0,0,0,0,0,-1,-1,-1,-1,-1,-10.86,-10.86,-39.35,21.04,37.19,37.19,-7.94,4.93,-27,-42.17,-82.33,0.898496,20,-3.54,17.57,-27.82,-17.75,-26.92,-7.94,12.01,-36.88,-12.65,-33.38,1.065621,84
24-09-2025,NYSE:IOT,Samsara Inc. Class A Common Stock,21190,7457791,4.04,36.94,-3.83,-5.22,-4.90,6.88,-4.63,-15.35,-15.51,-33.70,0,0,0,0,0,-1,-1,-1,-1,-1,-12.24,-22.62,-39.4,14.65,14.65,14.65,2.48,-14.35,-33.25,-29.22,-52.99,0.898404,19,6.88,-12.35,-10.25,-0.14,-15.75,2.48,-17.91,-19.31,4.96,-22.21,1.013542,58
24-09-2025,NYSE:ONON,On Holding AG Class A Ordinary Shares,14942,5013111,2.65,45.76,-0.22,4.20,6.36,0.37,-12.50,-4.83,-20.50,-9.16,0,0,0,0,0,-1,-1,-1,-1,-1,-15.82,-24.59,-28.07,7.24,21.54,21.54,-4.03,-22.22,-22.73,-34.21,-28.45,0.898376,19,0.37,-12.92,6.82,-14.95,9.41,-4.03,-18.48,-2.24,-9.85,2.95,0.975983,20
24-09-2025,NASDAQ:ALRM,"Alarm.com Holdings, Inc. - Common Stock",2593,409383,2.07,54.13,-3.08,-2.44,-3.93,-9.29,-6.78,-6.04,-19.23,-1.46,0,0,0,0,0,-1,-1,-1,-1,-1,-8.5,-10.79,-21.33,1.37,9.71,9.71,-13.69,-16.5,-23.94,-32.94,-20.75,0.898272,19,-9.29,2.30,0.69,-12.44,14.91,-13.69,-3.26,-8.37,-7.34,8.45,0.969953,16
24-09-2025,NASDAQ:AHCO,AdaptHealth Corp.  - Common Stock,1211,1041266,3.49,8.97,1.36,-2.79,-2.90,-7.13,2.34,-15.83,-7.80,-25.98,0,0,0,0,0,-1,-1,-1,-1,-1,-11.28,-17.25,-21.18,2.51,22.37,22.37,-11.53,-7.38,-33.73,-21.51,-45.27,0.89795,19,-7.13,8.84,-18.61,6.93,-16.86,-11.53,3.28,-27.67,12.03,-23.32,1.006551,51
24-09-2025,NYSE:CLB,Core Laboratories Inc. Common Stock,586,600478,4.42,12.49,1.63,0.08,1.52,11.21,8.97,-24.42,-41.15,-48.76,0,0,0,0,0,-1,-1,-1,-1,-1,-6.51,-19.63,-42.2,28.23,28.23,28.23,6.81,-0.75,-42.32,-54.86,-68.05,0.897868,19,11.21,-2.52,-36.68,-13.45,-5.39,6.81,-8.08,-45.74,-8.35,-11.85,1.064382,83
24-09-2025,NYSE:PB,"Prosperity Bancshares, Inc. Common Stock",6213,1125218,1.85,65.4,0.43,-0.64,-2.94,-5.64,-5.72,-10.17,-13.32,-11.01,0,0,0,0,0,-1,-1,-1,-1,-1,-12.46,-12.46,-23.12,0.43,2.57,2.57,-10.04,-15.44,-28.07,-27.03,-30.3,0.89781,19,-5.64,-0.07,-4.21,-2.86,2.04,-10.04,-5.63,-13.27,2.24,-4.42,0.980522,23
24-09-2025,NASDAQ:SIGI,"Selective Insurance Group, Inc. - Common Stock",4797,586845,1.97,78.83,0.65,1.79,1.04,1.95,-6.96,-13.70,-18.74,-14.47,0,0,0,0,0,-1,-1,-1,-1,-1,-13.29,-15.08,-22.78,5.11,5.11,5.11,-2.45,-16.68,-31.6,-32.45,-33.76,0.897572,19,1.95,-9.09,-6.30,-4.43,3.59,-2.45,-14.65,-15.36,0.67,-2.87,0.990235,33
24-09-2025,NYSE:MANU,Manchester United Ltd. Class A Ordinary Shares,2624,439478,3.65,15.22,0.79,-1.05,-8.08,-13.27,-20.96,9.99,-12.22,-4.93,0,0,HVY,HVY,0,-1,-1,-1,-1,-1,-17.33,-20.89,-20.89,0.79,24.65,24.65,-17.67,-30.68,-7.91,-25.93,-24.22,0.897424,19,-13.27,-6.79,25.58,-24.67,6.50,-17.67,-12.35,16.52,-19.57,0.04,0.947683,7
24-09-2025,NASDAQ:ICLR,ICON plc - Ordinary Shares,13026,1075802,3.72,167.49,-1.70,-4.61,1.22,-2.54,12.88,-6.88,-22.16,-80.95,0,0,HVQ,0,0,-1,-1,-1,-1,-1,-14.11,-14.11,-44.74,19.95,32.28,32.28,-6.94,3.16,-24.78,-35.87,-100.24,0.8974,19,-2.54,15.05,-22.69,-14.29,-48.12,-6.94,9.49,-31.75,-9.19,-54.58,1.072144,85
24-09-2025,NASDAQ:TTEK,"Tetra Tech, Inc. - Common Stock",8840,2323151,2.3,33.64,-1.87,-7.34,-6.00,-8.03,-6.99,12.49,-19.80,-37.07,0,0,0,0,0,-1,-1,-1,-1,-1,-12.25,-12.25,-33.41,0,20.1,20.1,-12.43,-16.71,-5.41,-33.51,-56.36,0.897367,19,-8.03,0.96,18.20,-36.89,-14.42,-12.43,-4.6,9.14,-31.79,-20.88,0.99882,43
24-09-2025,NYSE:AIV,Apartment Investment and Management Company Common Stock,1102,1771088,2,7.74,-0.51,-1.42,0.65,-0.39,-10.85,-12.27,-6.07,-20.03,0,0,0,0,0,-1,-1,-1,-1,-1,-12.15,-12.54,-17.48,4.31,6.91,6.91,-4.79,-20.57,-30.17,-19.78,-39.32,0.897275,19,-0.39,-10.42,-1.28,5.52,-13.15,-4.79,-15.98,-10.34,10.62,-19.61,0.982714,25
24-09-2025,NASDAQ:DYN,"Dyne Therapeutics, Inc. - Common Stock",1874,2410687,5.26,13.17,-0.15,0.15,-0.84,1.29,20.88,13.44,-84.51,-177.83,0,0,HV2Y,0,0,-1,-1,-1,-1,-1,-7.38,-10.89,-64.01,61,93.39,93.39,-3.11,11.16,-4.46,-98.22,-197.12,0.897215,19,1.29,19.85,-9.40,-113.16,-50.58,-3.11,14.29,-18.46,-108.06,-57.04,1.167066,96
24-09-2025,NYSE:PAM,Pampa Energia S.A.,3668,490016,4.97,66.15,2.10,9.21,5.97,-0.29,-5.65,-27.09,-28.45,6.49,0,0,0,0,0,-1,-1,-1,-1,-1,-19.97,-22.24,-30.28,16.98,16.98,16.98,-4.69,-15.37,-44.99,-42.16,-12.8,0.89721,19,-0.29,-5.35,-20.29,-1.07,27.20,-4.69,-10.91,-29.35,4.03,20.74,0.980547,23
24-09-2025,NASDAQ:SUIG,Sui Group Holdings Limited - Common Stock,342,1893900,11.64,4.16,6.67,2.40,-4.09,-46.88,NA,NA,NA,NA,0,0,0,0,0,NA,-1,-1,-1,-1,-41.65,-41.65,-41.65,6.67,6.67,6.67,-51.28,0,0,0,0,0.897195,19,-46.88,NA,NA,NA,NA,-51.28,0,0,0,0,0.949745,8
24-09-2025,NASDAQ:SNPS,"Synopsys, Inc. - Common Stock",86947,4595622,4.33,468.09,-4.53,9.12,17.16,-27.54,-4.10,2.32,-5.40,-8.24,0,0,0,0,0,7.27,-1,-1,-1,-1,-27.47,-27.47,-27.47,20.71,22.89,22.89,-31.94,-13.82,-15.58,-19.11,-27.53,0.897076,19,-27.54,18.38,6.16,-7.90,-2.70,-31.94,12.82,-2.9,-2.8,-9.16,0.961143,11
24-09-2025,NYSE:IP,International Paper Company Common Stock,24419,3785655,2.24,46.25,-0.26,-1.49,-0.48,-6.79,-0.32,-21.64,-16.41,-5.32,0,0,0,0,0,-1,-1,-1,-1,-1,-16.94,-17.79,-23.03,1.49,5.38,5.38,-11.19,-10.04,-39.54,-30.12,-24.61,0.897056,19,-6.79,6.05,-21.25,4.30,9.53,-11.19,0.49,-30.31,9.4,3.07,0.988548,31
24-09-2025,NYSE:OLN,Olin Corporation Common Stock,2689,2666560,4.19,23.46,3.39,-7.16,-8.74,2.17,15.43,-5.41,-42.50,-87.98,0,0,0,0,0,-1,-1,-1,-1,-1,-12.89,-12.89,-52.09,28.69,30.62,30.62,-2.23,5.71,-23.31,-56.21,-107.27,0.896997,19,2.17,13.55,-24.65,-35.18,-31.92,-2.23,7.99,-33.71,-30.08,-38.38,1.089981,89
24-09-2025,NASDAQ:ROP,"Roper Technologies, Inc. - Common Stock",54418,885149,1.49,505.68,0.34,-0.79,-1.49,-4.87,-12.11,-14.51,-3.18,-10.35,0,0,0,0,0,-1,-1,-1,-1,-1,-11.75,-14.66,-14.84,0.64,0.64,0.64,-9.27,-21.83,-32.41,-16.89,-29.64,0.896975,19,-4.87,-6.91,-2.14,9.90,-6.96,-9.27,-12.47,-11.2,15,-13.42,0.968553,15
24-09-2025,NYSE:EPAC,Enerpac Tool Group Corp. Common Stock,2182,405453,2.49,40.46,-0.71,-4.40,-4.62,-7.61,-6.72,-16.21,-10.90,-3.61,0,0,0,0,0,-1,-1,-1,-1,-1,-8.34,-13.95,-21.54,9.5,9.5,9.5,-12.01,-16.44,-34.11,-24.61,-22.9,0.896969,19,-7.61,0.83,-8.89,4.57,6.57,-12.01,-4.73,-17.95,9.67,0.11,0.971534,17
24-09-2025,NASDAQ:KSPI,Joint Stock Company Kaspi.kz - American Depository Shares,16904,390333,2.86,84.38,-0.21,-5.64,-0.81,-9.65,2.65,-14.08,-15.86,-15.07,0,0,0,0,0,-1,-1,-1,-1,-1,-13.64,-13.64,-26.97,10.79,10.79,10.79,-14.05,-7.07,-31.98,-29.57,-34.36,0.89692,19,-9.65,11.22,-17.19,-1.56,0.68,-14.05,5.66,-26.25,3.54,-5.78,0.997428,41
24-09-2025,NYSE:MMC,"Marsh & McLennan Companies, Inc. Common Stock",98158,2277788,1.53,199.66,1.11,1.13,0.45,-3.68,-8.34,-18.51,-5.35,-11.97,0,0,0,0,0,-1,-1,-1,-1,-1,-8.68,-18.26,-18.26,1.79,1.79,1.79,-8.08,-18.06,-36.41,-19.06,-31.26,0.896919,19,-3.68,-4.49,-9.39,11.10,-6.28,-8.08,-10.05,-18.45,16.2,-12.74,0.978473,21
24-09-2025,NYSE:BDX,"Becton, Dickinson and Company Common Stock",53327,1594838,1.71,186.05,-0.25,-0.82,-1.28,-4.62,8.14,-22.59,-20.31,-25.50,0,0,0,0,0,-1,-1,-1,-1,-1,-6.82,-18.78,-25.31,9.46,12.66,12.66,-9.02,-1.58,-40.49,-34.02,-44.79,0.896557,19,-4.62,12.20,-33.46,1.86,-4.32,-9.02,6.64,-42.52,6.96,-10.78,1.025259,67
24-09-2025,NASDAQ:SLDE,"Slide Insurance Holdings, Inc. - Common Stock",1764,1443064,6.46,14.06,-4.16,9.39,4.34,1.56,-51.64,NA,NA,NA,0,0,0,0,0,-1,-1,-1,-1,-1,-35.09,-39.66,-39.66,10.36,10.36,10.36,-2.84,-61.36,0,0,0,0.896555,19,1.56,-54.05,NA,NA,NA,-2.84,-59.61,0,0,0,0.862512,1
24-09-2025,NASDAQ:SIBN,"SI-BONE, Inc. - Common Stock",613,375128,3.65,14.22,-0.28,-3.45,-10.13,-12.87,-26.02,-3.23,8.23,-8.23,0,0,0,0,0,-1,-1,-1,-1,-1,-24.44,-28.15,-28.15,0,8.97,17.04,-17.27,-35.74,-21.13,-5.48,-27.52,0.896479,19,-12.87,-11.65,18.08,11.10,-17.93,-17.27,-17.21,9.02,16.2,-24.39,0.937622,5
24-09-2025,NASDAQ:LEGN,Legend Biotech Corporation - American Depositary Shares,6078,1137536,3.46,32.88,-0.15,-4.84,-1.79,-5.23,-1.67,-6.60,-3.47,-47.60,0,0,0,0,HV2Y,-1,-1,-1,-1,-1,-25.81,-25.81,-34.58,0,18.74,18.74,-9.63,-11.39,-24.5,-17.18,-66.89,0.896342,19,-5.23,3.38,-4.85,2.94,-42.65,-9.63,-2.18,-13.91,8.04,-49.11,1.014321,59
24-09-2025,NYSE:PMT,PennyMac Mortgage Investment Trust Common Shares of Beneficial Interest,1046,717506,1.62,12.06,0.33,-1.49,-2.65,-1.58,-4.98,-21.48,-7.38,-18.24,0,0,0,0,0,-1,-1,-1,-1,-1,-8.84,-18.35,-18.35,2.29,2.29,2.29,-5.98,-14.7,-39.38,-21.09,-37.53,0.896239,19,-1.58,-3.35,-15.72,11.60,-10.12,-5.98,-8.91,-24.78,16.7,-16.58,0.992497,36
24-09-2025,NYSE:ALSN,"Allison Transmission Holdings, Inc. Common Stock",7260,936068,2.11,87.38,-1.13,-0.34,-1.37,-2.21,-6.92,-14.79,-22.28,-4.13,0,0,0,0,0,-1,-1,-1,-1,-1,-10.77,-17.78,-27.4,2.1,3.52,3.52,-6.61,-16.64,-32.69,-35.99,-23.42,0.896174,19,-2.21,-4.61,-7.35,-6.53,14.84,-6.61,-10.17,-16.41,-1.43,8.38,0.979534,22
24-09-2025,NASDAQ:TRUP,"Trupanion, Inc. - Common Stock",1823,451655,2.98,42.41,-4.01,-6.34,-1.77,-8.06,-30.28,10.87,-16.88,-0.92,0,0,0,0,0,-1,-1,-1,-1,-1,-24.59,-24.87,-24.87,0,28.87,30.9,-12.46,-40,-7.03,-30.59,-20.21,0.896135,19,-8.06,-20.55,31.58,-31.14,13.66,-12.46,-26.11,22.52,-26.04,7.2,0.940726,6
24-09-2025,NYSE:INGR,Ingredion Incorporated Common Stock,7840,574389,1.52,122.16,0.05,-1.45,-3.10,-4.80,-9.72,-8.45,-13.61,-10.49,0,0,0,0,0,-1,-1,-1,-1,-1,-11.61,-13.33,-21.12,0.06,0.06,0.06,-9.2,-19.44,-26.35,-27.32,-29.78,0.895957,19,-4.80,-4.70,1.16,-4.76,2.74,-9.2,-10.26,-7.9,0.34,-3.72,0.973666,18
24-09-2025,NASDAQ:ALKS,Alkermes plc - Ordinary Shares,4591,2232642,3.59,27.75,0.43,1.30,-0.36,-7.21,-5.77,-25.37,-8.36,-2.16,0,0,0,0,0,-1,-1,-1,-1,-1,-8.9,-20.24,-22.92,6.2,6.2,7.98,-11.61,-15.49,-43.27,-22.07,-21.45,0.895916,19,-7.21,1.34,-18.53,13.57,5.72,-11.61,-4.22,-27.59,18.67,-0.74,0.974211,18
24-09-2025,NASDAQ:LFST,"LifeStance Health Group, Inc. - Common Stock",2104,2123979,3.68,5.41,1.12,4.81,4.44,0.37,8.50,-25.14,-30.31,-25.88,0,0,HVY,0,0,-1,-1,-1,-1,-1,-3.91,-21.71,-33.78,42.74,42.74,42.74,-4.03,-1.22,-43.04,-44.02,-45.17,0.895908,18,0.37,8.16,-36.77,-4.14,3.40,-4.03,2.6,-45.83,0.96,-3.06,1.034037,72
24-09-2025,NYSE:UNH,UnitedHealth Group Incorporated Common Stock (DE),318625,13944731,2.84,351.81,1.18,2.90,1.43,13.35,14.15,-45.94,-39.07,-63.44,0,0,0,0,0,-1,-1,-1,-1,-1,-0.51,-41.31,-43.73,47.96,47.96,47.96,8.95,4.43,-63.84,-52.78,-82.73,0.895808,18,13.35,0.93,-70.00,4.71,-17.53,8.95,-4.63,-79.06,9.81,-23.99,1.098151,90
24-09-2025,NASDAQ:NEXT,NextDecade Corporation - Common Stock,1843,5566910,7.77,7.035,1.66,7.18,-14.93,-48.26,-22.39,-31.63,6.75,32.91,0,0,HV2Y,HV2Y,HV2Y,-1,-1,-1,-1,-1,-41.37,-41.37,-41.37,9.07,23.86,51.62,-52.66,-32.11,-49.53,-6.96,13.62,0.895734,18,-48.26,17.45,-7.55,29.16,28.05,-52.66,11.89,-16.61,34.26,21.59,0.886828,1
24-09-2025,NYSE:DVA,DaVita Inc. Common Stock,9554,855282,2.03,133.62,0.59,4.21,1.02,-2.78,-5.04,-12.84,-10.42,-22.74,0,0,0,0,0,-1,-1,-1,-1,-1,-11.7,-14.08,-24.66,4.64,4.64,4.64,-7.18,-14.76,-30.74,-24.13,-42.03,0.895707,18,-2.78,-2.21,-7.42,2.15,-11.16,-7.18,-7.77,-16.48,7.25,-17.62,0.992773,36
24-09-2025,NYSE:CWH,"Camping World Holdings, Inc. Class A Common Stock",1767,2065263,3.97,17.3,0.29,0.12,2.54,-2.08,-2.72,-1.50,-17.28,-40.75,0,0,0,0,0,-1,-1,-1,-1,-1,-9.47,-9.8,-31.32,25,48.12,48.12,-6.48,-12.44,-19.4,-30.99,-60.04,0.895452,18,-2.08,-0.62,1.18,-15.55,-20.01,-6.48,-6.18,-7.88,-10.45,-26.47,1.010696,55
24-09-2025,NYSE:VIRT,"Virtu Financial, Inc. Class A Common Stock",5387,1218192,2.61,35.24,0.63,0.20,-9.56,-20.29,-22.28,-13.00,1.93,12.17,0,0,0,0,HV2Y,-1,-1,-1,-1,-1,-21.9,-21.9,-21.9,1.06,7.37,15.69,-24.69,-32,-30.9,-11.78,-7.12,0.895411,18,-20.29,-1.65,7.59,13.21,10.45,-24.69,-7.21,-1.47,18.31,3.99,0.920074,3
24-09-2025,NYSE:THQ,abrdn Healthcare Opportunities Fund Shares of Beneficial Interest,713,220956,1.2,17.12,-0.70,0.88,0.93,2.10,-6.37,-19.51,-7.59,-28.86,0,0,0,0,0,-1,-1,-1,-1,-1,-8.11,-17.05,-24.18,12.19,12.19,12.19,-2.3,-16.09,-37.41,-21.3,-48.15,0.895179,18,2.10,-8.65,-12.36,9.97,-19.76,-2.3,-14.21,-21.42,15.07,-26.22,1.001188,45
24-09-2025,NYSE:HPP,"Hudson Pacific Properties, Inc. Common Stock",1049,6091915,4.61,2.67,-2.20,-4.12,-8.61,0.00,-0.75,-9.36,2.25,-91.39,0,0,HV2Y,HV2Y,HV2Y,-1,-1,-1,-1,-1,-13.03,-13.31,-47.75,10.79,43.55,43.55,-4.4,-10.47,-27.26,-11.46,-110.68,0.89502,18,0.00,-0.75,-8.55,10.62,-95.79,-4.4,-6.31,-17.61,15.72,-102.25,1.057564,81
24-09-2025,NYSE:AMT,American Tower Corporation (REIT) Common Stock,90972,3316203,2.16,194.28,0.55,-0.23,-0.16,-9.06,-15.25,-9.53,4.85,-19.57,0,0,0,0,0,-1,-1,-1,-1,-1,-16.38,-16.38,-17.84,0.92,0.92,12,-13.46,-24.97,-27.43,-8.86,-38.86,0.894896,18,-9.06,-5.68,4.96,13.13,-25.67,-13.46,-11.24,-4.1,18.23,-32.13,0.965959,14
24-09-2025,NYSE:CNH,CNH Industrial N.V. Common Shares,13596,12686174,2.33,10.87,-0.82,0.18,-3.40,-12.51,-15.92,-14.35,-1.20,0.37,0,0,0,0,0,-1,-1,-1,-1,-1,-21.23,-21.23,-21.23,0.18,5.33,8.16,-16.91,-25.64,-32.25,-14.91,-18.92,0.894478,18,-12.51,-3.03,1.35,11.50,1.55,-16.91,-8.59,-7.71,16.6,-4.91,0.946208,7
24-09-2025,NYSE:ESRT,"Empire State Realty Trust, Inc. Class A Common Stock",1281,1408742,2.59,7.66,1.46,1.96,-0.26,1.96,1.17,-3.79,-31.33,-43.73,0,0,0,0,0,-1,-1,-1,-1,-1,-7.93,-12.06,-32.98,7.13,12.81,12.81,-2.44,-8.55,-21.69,-45.04,-63.02,0.894382,18,1.96,-0.80,-5.02,-26.54,-9.44,-2.44,-6.36,-14.08,-21.44,-15.9,1.027472,69
24-09-2025,NYSE:EIX,Edison International Common Stock,21181,3398292,2.84,55.04,-0.54,-0.94,-0.96,0.98,8.41,-4.02,-41.59,-55.21,0,0,0,0,0,-1,-1,-1,-1,-1,-2.32,-8.14,-37.71,9.18,13.91,13.91,-3.42,-1.31,-21.92,-55.3,-74.5,0.894256,18,0.98,7.50,-13.57,-36.12,-9.62,-3.42,1.94,-22.63,-31.02,-16.08,1.051941,79
24-09-2025,NASDAQ:CCRN,"Cross Country Healthcare, Inc. - Common Stock",433,402017,5.22,13.23,0.76,0.83,-4.91,-4.23,1.36,-13.08,-35.45,-9.83,0,0,0,0,HV2Y,-1,-1,-1,-1,-1,-6.5,-12.44,-27.51,10.16,10.16,34.86,-8.63,-8.36,-30.98,-49.16,-29.12,0.894216,18,-4.23,5.37,-14.64,-19.79,18.92,-8.63,-0.19,-23.7,-14.69,12.46,1.001652,46
24-09-2025,NYSE:GTY,Getty Realty Corporation Common Stock,1545,307790,1.31,27.02,-1.03,-2.85,-4.40,-5.70,-4.59,-12.84,-11.99,-18.36,0,0,0,0,0,-1,-1,-1,-1,-1,-6.41,-13.34,-18.88,0.86,0.86,0.86,-10.1,-14.31,-30.74,-25.7,-37.65,0.89412,18,-5.70,1.05,-7.89,0.75,-5.68,-10.1,-4.51,-16.95,5.85,-12.14,0.987509,30
24-09-2025,NASDAQ:PNFP,"Pinnacle Financial Partners, Inc. - Common Stock",7376,1120334,2.18,95.09,0.01,-1.94,-2.73,-1.06,-12.39,-15.88,-16.68,-5.15,0,0,0,0,0,-1,-1,-1,-1,-1,-20.51,-20.51,-26.78,10.4,10.4,10.4,-5.46,-22.11,-33.78,-30.39,-24.44,0.894044,18,-1.06,-11.21,-3.11,-0.69,9.88,-5.46,-16.77,-12.17,4.41,3.42,0.970236,16
24-09-2025,NASDAQ:PYPL,"PayPal Holdings, Inc. - Common Stock",64832,11052539,2.21,67.86,0.82,-1.12,3.27,-2.39,-7.68,-4.42,-27.88,-13.12,0,0,0,0,0,-1,-1,-1,-1,-1,-13.24,-13.24,-26.09,3.38,18.2,18.2,-6.79,-17.4,-22.32,-41.59,-32.41,0.894008,18,-2.39,-5.17,3.02,-22.47,11.55,-6.79,-10.73,-6.04,-17.37,5.09,0.985771,28
24-09-2025,NYSE:FCN,"FTI Consulting, Inc. Common Stock",5197,336550,2.07,160.6,1.65,-1.49,-0.64,-3.90,-0.67,-0.43,-21.67,-41.41,0,0,0,0,0,-1,-1,-1,-1,-1,-7.8,-7.8,-30.48,1.65,5.06,5.06,-8.3,-10.39,-18.33,-35.38,-60.7,0.893881,18,-3.90,3.11,0.24,-21.15,-16.22,-8.3,-2.45,-8.82,-16.05,-22.68,1.013889,58
24-09-2025,NASDAQ:PCTY,Paylocity Holding Corporation - Common Stock,9110,541015,2.14,165.16,-0.31,-0.13,-2.47,-8.91,-6.26,-17.88,-18.79,1.56,0,0,0,0,HV2Y,-1,-1,-1,-1,-1,-13.24,-17.85,-24.19,0.57,0.57,2.34,-13.31,-15.98,-35.78,-32.5,-17.73,0.893808,18,-8.91,2.43,-10.93,-0.78,17.14,-13.31,-3.13,-19.99,4.32,10.68,0.969227,15
24-09-2025,NYSE:PPG,"PPG Industries, Inc. Common Stock",23807,1754875,1.95,105.48,-0.72,-2.48,-3.13,-6.31,-7.38,-5.93,-13.31,-19.93,0,0,0,0,0,-1,-1,-1,-1,-1,-11.41,-11.41,-21.61,1,15.08,15.08,-10.71,-17.1,-23.83,-27.02,-39.22,0.893682,18,-6.31,-1.00,1.34,-6.96,-5.84,-10.71,-6.56,-7.72,-1.86,-12.3,0.982569,25
24-09-2025,NASDAQ:VIR,"Vir Biotechnology, Inc. - Common Stock",731,1576655,6.45,5.26,1.74,8.75,2.47,16.73,1.33,-32.13,-40.11,-47.53,0,HVQ,0,HV2Y,HV2Y,-1,-1,-1,-1,-1,-11.3,-24.32,-57.85,22.9,22.9,22.9,12.33,-8.39,-50.03,-53.82,-66.82,0.893647,18,16.73,-18.49,-33.91,-6.04,-5.29,12.33,-24.05,-42.97,-0.94,-11.75,1.054228,80
24-09-2025,NASDAQ:PRTH,"Priority Technology Holdings, Inc. - Common Stock",571,410637,3.49,7.15,-1.79,-2.24,-5.31,-15.94,-9.51,-6.29,-20.84,5.59,0,0,0,HV2Y,HV2Y,-1,-1,-1,-1,-1,-16.47,-17.53,-41.82,6.08,16.26,41.58,-20.34,-19.23,-24.19,-34.55,-13.7,0.893478,18,-15.94,5.55,2.94,-13.68,21.88,-20.34,-0.01,-6.12,-8.58,15.42,0.954538,9
24-09-2025,NYSE:CNI,Canadian National Railway Company Common Stock,57520,1857019,1.57,92.15,-0.09,-2.72,-0.28,-3.01,-10.02,-6.73,-9.19,-27.04,0,0,0,0,0,-1,-1,-1,-1,-1,-13.56,-14.78,-21.85,0.15,0.15,0.15,-7.41,-19.74,-24.63,-22.9,-46.33,0.893475,18,-3.01,-6.81,2.99,-2.31,-16.35,-7.41,-12.37,-6.07,2.79,-22.81,0.985882,28
24-09-2025,NASDAQ:SNY,Sanofi - American Depositary Shares,114148,3118203,1.39,46.4,-1.02,-1.23,-1.64,-8.04,-3.02,-19.50,-2.37,-24.20,0,0,0,0,0,-1,-1,-1,-1,-1,-9.64,-16.88,-21.91,2.36,2.36,2.36,-12.44,-12.74,-37.4,-16.08,-43.49,0.893466,18,-8.04,4.65,-16.00,14.34,-21.33,-12.44,-0.91,-25.06,19.44,-27.79,0.993651,37
24-09-2025,NYSE:HESM,Hess Midstream LP Class A Representing Limited Partner Interests,7405,1691018,1.83,35.25,0.95,-11.32,-12.11,-16.62,-7.18,-21.73,-1.73,-0.91,0,0,0,0,0,-1,-1,-1,-1,-1,-19.02,-19.02,-19.67,0.95,0.95,3.07,-21.02,-16.9,-39.63,-15.44,-20.2,0.893384,18,-16.62,8.10,-13.58,16.43,0.81,-21.02,2.54,-22.64,21.53,-5.65,0.960234,11
24-09-2025,NASDAQ:MASI,Masimo Corporation - Common Stock,7628,660214,2.77,140.42,0.04,-0.58,-3.85,-3.37,-20.57,-20.85,-21.07,13.53,0,0,0,0,HV2Y,-1,-1,-1,-1,-1,-18.05,-18.35,-26.34,2.67,2.67,15.65,-7.77,-30.29,-38.75,-34.78,-5.76,0.893374,18,-3.37,-16.64,-0.24,-0.18,28.58,-7.77,-22.2,-9.3,4.92,22.12,0.943242,6
24-09-2025,NYSE:OBDC,Blue Owl Capital Corporation Common Stock,6838,3224541,1.5,13.38,-1.40,-2.69,-5.75,-5.46,-8.00,-13.38,-13.30,-11.73,0,0,0,0,0,-1,-1,-1,-1,-1,-11.39,-12.61,-14.45,0,7.21,7.21,-9.86,-17.72,-31.28,-27.01,-31.02,0.893173,18,-5.46,-2.41,-4.98,0.07,1.39,-9.86,-7.97,-14.04,5.17,-5.07,0.976883,20
24-09-2025,NASDAQ:MAT,"Mattel, Inc. - Common Stock",5516,2950596,2.08,17.12,0.41,-0.70,-4.73,-6.78,-11.92,-14.95,-4.03,-12.32,0,0,0,0,HV2Y,-1,-1,-1,-1,-1,-16.69,-16.69,-21.97,1.54,17.66,17.66,-11.18,-21.64,-32.85,-17.74,-31.61,0.893131,18,-6.78,-4.81,-2.71,9.50,-7.97,-11.18,-10.37,-11.77,14.6,-14.43,0.968236,15
24-09-2025,NYSE:CLX,Clorox Company (The) Common Stock,15054,2059070,1.87,123.08,2.24,-1.88,-0.20,3.00,2.92,-15.18,-33.35,-32.70,0,0,0,0,0,-1,-1,-1,-1,-1,-6.35,-17.22,-27.49,4.6,4.6,4.6,-1.4,-6.8,-33.08,-47.06,-51.99,0.893108,18,3.00,-0.08,-18.65,-15.78,0.49,-1.4,-5.64,-27.71,-10.68,-5.97,1.026193,68
24-09-2025,NYSE:CARS,Cars.com Inc. Common Stock,761,729017,3.27,12.38,-1.82,-7.67,-7.19,-4.44,6.54,1.13,-40.87,-45.15,0,0,0,0,0,-1,-1,-1,-1,-1,-10.22,-10.22,-38.41,8.79,23.18,23.18,-8.84,-3.18,-16.77,-54.58,-64.44,0.893093,18,-4.44,10.52,-5.79,-42.48,-3.04,-8.84,4.96,-14.85,-37.38,-9.5,1.036644,73
24-09-2025,NYSE:FND,"Floor & Decor Holdings, Inc. Common Stock",8559,2071667,3.35,79.48,-3.05,-9.69,-7.01,-4.39,4.38,-4.40,-22.61,-50.50,0,HVQ,0,0,0,-1,-1,-1,-1,-1,-12.1,-12.1,-35.99,5.55,18.59,18.59,-8.79,-5.34,-22.3,-36.32,-69.79,0.892865,17,-4.39,8.40,-9.18,-17.44,-22.75,-8.79,2.84,-18.24,-12.34,-29.21,1.02959,70
24-09-2025,NYSE:AMH,American Homes 4 Rent Common Shares of Beneficial Interest,12433,2849178,1.65,33.52,0.54,0.48,-3.34,-6.68,-9.40,-10.65,-7.28,-18.79,0,0,0,0,0,-1,-1,-1,-1,-1,-8.76,-14.73,-16.12,0.72,2.2,2.2,-11.08,-19.12,-28.55,-20.99,-38.08,0.892617,17,-6.68,-2.54,-1.15,3.05,-10.73,-11.08,-8.1,-10.21,8.15,-17.19,0.977159,20
24-09-2025,NYSE:TGLS,Tecnoglass Inc. Ordinary Shares,3154,312194,2.54,67.13,-2.67,-3.59,-6.47,-7.88,-11.29,-10.14,-18.13,-2.26,0,0,0,0,HV2Y,-1,-1,-1,-1,-1,-19.18,-24.08,-24.08,0,7.07,7.07,-12.28,-21.01,-28.04,-31.84,-21.55,0.89246,17,-7.88,-3.16,1.03,-7.25,13.43,-12.28,-8.72,-8.03,-2.15,6.97,0.963049,12
24-09-2025,NASDAQ:ILMN,"Illumina, Inc. - Common Stock",14511,1408580,3.32,94.41,-4.99,-6.84,-1.14,-5.56,1.25,7.29,-41.93,-38.97,0,0,0,0,0,-1,-1,-1,-1,-1,-14.08,-14.08,-39.15,1.27,34.3,34.3,-9.96,-8.47,-10.61,-55.64,-58.26,0.892416,17,-5.56,6.45,6.11,-53.09,2.09,-9.96,0.89,-2.95,-47.99,-4.37,1.02337,66
24-09-2025,NYSE:RES,"RPC, Inc. Common Stock",1048,1402830,3.61,4.75,1.28,4.00,2.32,0.21,1.89,-17.68,-18.95,-38.32,0,0,0,0,0,-1,-1,-1,-1,-1,-11.87,-16.96,-33.47,8.45,10.47,10.47,-4.19,-7.83,-35.58,-32.66,-57.61,0.89225,17,0.21,1.69,-19.96,-1.07,-16.28,-4.19,-3.87,-29.02,4.03,-22.74,1.022141,65
24-09-2025,NYSE:DOV,Dover Corporation Common Stock,22941,899495,1.71,167.29,-1.06,-2.49,-4.99,-7.90,-7.63,-11.03,-12.94,-13.05,0,0,0,HV2Y,0,-1,-1,-1,-1,-1,-12.37,-12.37,-18.99,0,10.69,10.69,-12.3,-17.35,-28.93,-26.65,-32.34,0.89206,17,-7.90,0.25,-3.16,-1.72,-0.10,-12.3,-5.31,-12.22,3.38,-6.56,0.975687,19
24-09-2025,NYSE:FLOC,Flowco Holdings Inc. Class A Common Stock,1434,298369,3.68,15.83,0.89,-1.64,-0.88,-0.76,-9.67,-62.35,NA,NA,0,0,0,0,0,-1,-1,-1,-1,-1,-21.2,-39.07,-47.67,5.6,5.6,5.6,-5.16,-19.39,-80.25,0,0,0.891899,17,-0.76,-8.84,-48.04,NA,NA,-5.16,-14.4,-57.1,0,0,0.932407,4
24-09-2025,NYSE:DEA,"Easterly Government Properties, Inc. Common Stock",1045,560106,2.24,22.73,-1.30,-2.16,-2.42,0.92,3.17,-14.94,-20.22,-49.58,0,0,0,0,0,-1,-1,-1,-1,-1,-3.89,-14.23,-37.17,4.22,13.79,13.79,-3.48,-6.55,-32.84,-33.93,-68.87,0.891778,17,0.92,2.26,-18.70,-4.59,-24.43,-3.48,-3.3,-27.76,0.51,-30.89,1.032688,71
24-09-2025,NYSE:GIS,"General Mills, Inc. Common Stock",27263,6578800,1.79,51.11,1.09,3.78,2.15,3.48,0.84,-13.07,-25.24,-45.78,0,0,0,0,0,-1,-1,-1,-1,-1,-5.05,-16.17,-31.51,5.51,5.51,5.51,-0.92,-8.88,-30.97,-38.95,-65.07,0.89174,17,3.48,-2.74,-14.03,-10.76,-16.40,-0.92,-8.3,-23.09,-5.66,-22.86,1.028348,69
24-09-2025,NASDAQ:BYRN,"Byrna Technologies, Inc. - Common Stock",463,490888,6.2,20.39,-7.57,-0.59,-1.72,-3.14,-50.22,9.81,-39.53,16.63,0,0,0,0,HV2Y,-1,-1,-1,-1,-1,-39.24,-39.24,-40.36,7.66,36.3,46.06,-7.54,-59.94,-8.09,-53.24,-2.66,0.891572,17,-3.14,-45.65,39.96,-54.70,40.25,-7.54,-51.21,30.9,-49.6,33.79,0.927009,4
24-09-2025,NYSE:TYL,"Tyler Technologies, Inc. Common Stock",22621,326049,1.83,522.89,-1.04,-2.58,-4.40,-6.13,-11.16,-10.98,-13.52,-10.50,0,0,0,0,HV2Y,-1,-1,-1,-1,-1,-14.53,-14.53,-19.15,0,0.23,0.23,-10.53,-20.88,-28.88,-27.23,-29.79,0.891508,17,-6.13,-4.74,0.16,-2.29,2.66,-10.53,-10.3,-8.9,2.81,-3.8,0.969519,16
24-09-2025,NYSE:XFLT,XAI Octagon Floating Rate & Alternative Income Trust Common Shares of Beneficial Interest,410,535281,1.26,5.37,-0.37,-0.37,-4.84,-0.93,-3.72,-11.73,-21.97,-26.07,0,0,0,0,0,-1,-1,-1,-1,-1,-5.95,-10.5,-24.9,1.13,2.29,2.29,-5.33,-13.44,-29.63,-35.68,-45.36,0.891393,17,-0.93,-2.77,-7.72,-9.17,-3.36,-5.33,-8.33,-16.78,-4.07,-9.82,1.000736,45
24-09-2025,NYSE:ZIM,ZIM Integrated Shipping Services Ltd. Ordinary Shares,1750,4407103,3.13,14.53,0.97,-1.65,9.15,2.68,-5.71,-4.61,-26.50,-38.06,0,0,HVQ,0,HV2Y,-1,-1,-1,-1,-1,-18.42,-24.99,-46.21,10.08,24.08,24.08,-1.72,-15.43,-22.51,-40.21,-57.35,0.891332,17,2.68,-8.63,1.04,-20.92,-9.14,-1.72,-14.19,-8.02,-15.82,-15.6,1.009925,54
24-09-2025,NYSE:MUSA,Murphy USA Inc. Common Stock,7588,317062,2.88,393.31,0.24,-1.19,4.35,5.34,-3.30,-15.57,-33.66,-26.23,0,0,0,0,0,-1,-1,-1,-1,-1,-9.67,-24.4,-29.19,8.7,8.7,8.7,0.94,-13.02,-33.47,-47.37,-45.52,0.891169,17,5.34,-9.12,-11.89,-15.65,5.56,0.94,-14.68,-20.95,-10.55,-0.9,1.011951,56
24-09-2025,NASDAQ:REGN,"Regeneron Pharmaceuticals, Inc. - Common Stock",61153,979239,2.44,576.98,1.60,-1.48,3.67,0.80,9.83,-9.91,-22.75,-98.45,0,0,0,0,0,-1,-1,-1,-1,-1,-3.63,-9.87,-49.61,10.9,19.44,19.44,-3.6,0.11,-27.81,-36.46,-117.74,0.890846,17,0.80,9.10,-21.88,-11.69,-61.67,-3.6,3.54,-30.94,-6.59,-68.13,1.078484,87
24-09-2025,NASDAQ:HUBG,"Hub Group, Inc. - Class A Common Stock",2120,725278,3,34.63,-3.08,-6.30,-4.45,-5.75,4.19,-8.92,-30.15,-31.85,0,0,0,0,0,-1,-1,-1,-1,-1,-7.85,-8.94,-34.91,4.37,10.67,10.67,-10.15,-5.53,-26.82,-43.86,-51.14,0.890663,17,-5.75,9.39,-13.68,-19.49,-1.31,-10.15,3.83,-22.74,-14.39,-7.77,1.017573,61
24-09-2025,NASDAQ:PNTG,"The Pennant Group, Inc. - Common Stock",861,330117,3.26,24.9,1.63,2.17,1.20,1.04,-17.07,0.28,-9.64,-43.29,0,0,HVQ,0,0,-1,-1,-1,-1,-1,-16.58,-17.6,-32.48,12.82,12.82,12.82,-3.36,-26.79,-17.62,-23.35,-62.58,0.890544,17,1.04,-18.30,14.82,-9.95,-30.70,-3.36,-23.86,5.76,-4.85,-37.16,0.991041,34
24-09-2025,NYSE:CION,CION Investment Corporation Common Stock,504,333810,1.9,9.68,-0.72,-2.17,-2.79,-10.85,3.51,-13.53,-19.73,-23.97,0,0,0,0,0,-1,-1,-1,-1,-1,-10.87,-11.92,-22.87,3.64,11.52,11.52,-15.25,-6.21,-31.43,-33.44,-43.26,0.890525,17,-10.85,12.95,-17.67,-5.46,-3.54,-15.25,7.39,-26.73,-0.36,-10,1.00425,48
24-09-2025,NASDAQ:TXRH,"Texas Roadhouse, Inc. - Common Stock",10748,1180611,1.81,161.75,1.32,-1.58,-2.68,-9.28,-13.76,-9.74,-13.05,-4.92,0,0,0,0,0,-1,-1,-1,-1,-1,-15.37,-19.04,-21.2,2.22,5.57,5.57,-13.68,-23.48,-27.64,-26.76,-24.21,0.890443,17,-9.28,-4.10,3.54,-3.02,7.19,-13.68,-9.66,-5.52,2.08,0.73,0.957966,10
24-09-2025,NYSE:SOC,Sable Offshore Corp. Common Stock,2165,4943535,8.58,21.76,-11.15,-12.55,-13.01,-28.86,-0.46,-21.05,-2.30,-2.02,0,0,HV2Y,0,HV2Y,-1,-1,-1,-1,-1,-31.33,-34.1,-34.1,8.47,31.01,31.01,-33.26,-10.18,-38.95,-16.01,-21.31,0.890336,17,-28.86,22.04,-20.49,15.49,0.27,-33.26,16.48,-29.55,20.59,-6.19,0.96508,13
24-09-2025,NYSE:HRB,"H&R Block, Inc. Common Stock",6624,1799576,2.22,49.45,-0.74,-3.82,-1.56,-4.87,-10.27,-6.29,-8.98,-30.35,0,0,0,0,HV2Y,-1,-1,-1,-1,-1,-12.88,-21.56,-23.29,0.16,0.16,0.16,-9.27,-19.99,-24.19,-22.69,-49.64,0.89027,17,-4.87,-5.15,3.61,-2.53,-19.61,-9.27,-10.71,-5.45,2.57,-26.07,0.985558,28
24-09-2025,NASDAQ:ZD,"Ziff Davis, Inc. - Common Stock",1493,506862,3.52,36.42,-0.65,-5.33,-0.47,-3.98,14.09,-15.05,-53.65,-40.01,0,0,HVQ,0,0,-1,-1,-1,-1,-1,-7.09,-13.08,-39.29,23.5,23.5,23.5,-8.38,4.37,-32.95,-67.36,-59.3,0.889882,17,-3.98,17.38,-33.91,-33.56,8.88,-8.38,11.82,-42.97,-28.46,2.42,1.056552,81
24-09-2025,NYSE:YELP,Yelp Inc. Common Stock,1983,842493,1.71,31.44,0.19,-1.02,0.76,-2.64,-7.16,-19.53,-21.82,-9.03,0,0,0,0,0,-1,-1,-1,-1,-1,-10.83,-23.19,-23.78,3.15,3.15,3.15,-7.04,-16.88,-37.43,-35.53,-28.32,0.889858,17,-2.64,-4.40,-11.55,-1.92,10.50,-7.04,-9.96,-20.61,3.18,4.04,0.981635,24
24-09-2025,NASDAQ:CPRX,"Catalyst Pharmaceuticals, Inc. - Common Stock",2411,1685286,3.09,19.7,-0.40,-1.62,-0.20,-4.67,-9.34,-30.56,-8.93,-5.53,0,0,0,0,0,-1,-1,-1,-1,-1,-11.34,-25.12,-25.12,0.33,0.33,0.87,-9.07,-19.06,-48.46,-22.64,-24.82,0.889766,17,-4.67,-4.46,-19.41,16.56,3.12,-9.07,-10.02,-28.47,21.66,-3.34,0.973273,18
24-09-2025,NASDAQ:DUOL,"Duolingo, Inc. - Class A Common Stock",13800,1945924,5.7,301.17,0.56,7.31,5.07,-6.73,-32.05,-13.06,-11.31,10.90,0,0,HV2Y,0,0,-1,-1,-1,-1,-1,-26.77,-44.3,-44.3,11.06,11.06,12.23,-11.13,-41.77,-30.96,-25.02,-8.39,0.889586,17,-6.73,-23.72,14.38,1.55,19.95,-11.13,-29.28,5.32,6.65,13.49,0.922814,3
24-09-2025,NYSE:KMT,Kennametal Inc. Common Stock,1586,871474,2.35,20.86,-1.14,1.10,-0.43,-3.12,-8.96,-6.57,-19.75,-23.30,0,0,0,0,HV2Y,-1,-1,-1,-1,-1,-18.83,-18.83,-33.21,4.46,18.93,18.93,-7.52,-18.68,-24.47,-33.46,-42.59,0.889567,17,-3.12,-5.67,2.20,-12.37,-2.96,-7.52,-11.23,-6.86,-7.27,-9.42,0.9863,29
24-09-2025,NASDAQ:FRSH,Freshworks Inc. - Class A Common Stock,3722,3832958,3.3,12.77,-0.47,0.39,-1.80,-6.26,-14.41,-28.82,-20.60,11.28,0,0,0,0,0,-1,-1,-1,-1,-1,-16.86,-22.37,-35.34,3.82,5.8,17.37,-10.66,-24.13,-46.72,-34.31,-8.01,0.889529,17,-6.26,-7.66,-12.59,6.38,26.43,-10.66,-13.22,-21.65,11.48,19.97,0.952114,8
24-09-2025,NYSE:GBX,"Greenbrier Companies, Inc. (The) Common Stock",1400,280665,2.45,45.34,-1.24,-0.20,-1.48,-1.92,0.18,-18.59,-37.05,-12.97,0,0,HV2Y,0,0,-1,-1,-1,-1,-1,-20.33,-20.33,-35.87,3.12,14.41,14.41,-6.32,-9.54,-36.49,-50.76,-32.26,0.889511,17,-1.92,2.06,-18.80,-15.57,17.57,-6.32,-3.5,-27.86,-10.47,11.11,1.003809,48
24-09-2025,NASDAQ:SCVL,"Shoe Carnival, Inc. - Common Stock",604,549914,4.08,22.08,-0.72,-5.03,-7.97,-1.18,14.63,1.22,-53.99,-105.66,0,HVQ,0,0,HV2Y,-1,-1,-1,-1,-1,-14.72,-14.72,-51.38,18.01,31.82,31.82,-5.58,4.91,-16.68,-67.7,-124.95,0.889469,17,-1.18,15.62,-15.70,-55.89,-33.56,-5.58,10.06,-24.76,-50.79,-40.02,1.095824,90
24-09-2025,NASDAQ:SYRE,"Spyre Therapeutics, Inc. - Common Stock",1027,556732,4.94,17,6.12,11.47,4.82,2.47,7.53,-6.82,-36.06,-77.47,0,0,0,0,0,-1,-1,-1,-1,-1,-4.55,-8.41,-57.04,14.71,44.07,44.07,-1.93,-2.19,-24.72,-49.77,-96.76,0.889458,17,2.47,5.19,-15.52,-27.37,-30.44,-1.93,-0.37,-24.58,-22.27,-36.9,1.062113,83
24-09-2025,NASDAQ:AIRO,"AIRO Group Holdings, Inc. - Common Stock",611,1179864,6.07,19.66,-2.43,-0.86,2.59,-24.31,-23.45,NA,NA,NA,0,0,0,0,0,-1,-1,-1,-1,-1,-31.74,-36.58,-36.58,2.88,2.88,2.88,-28.71,-33.17,0,0,0,0.889441,16,-24.31,0.70,NA,NA,NA,-28.71,-4.86,0,0,0,0.854982,1
24-09-2025,NYSE:PCG,Pacific Gas & Electric Co. Common Stock,32220,24700669,3.23,14.66,-0.48,-2.93,-4.09,-1.71,5.93,-16.37,-32.47,-36.97,0,0,0,0,0,-1,-1,-1,-1,-1,-6.8,-17.96,-32.22,12.77,12.77,12.77,-6.11,-3.79,-34.27,-46.18,-56.26,0.889424,16,-1.71,7.51,-23.71,-13.83,-3.40,-6.11,1.95,-32.77,-8.73,-9.86,1.029956,70
24-09-2025,NYSE:LBRT,Liberty Energy Inc. Class A common stock,2028,4582766,5.51,12.52,2.62,13.10,13.02,9.98,8.95,-23.88,-45.93,-67.09,0,0,HV2Y,0,0,-1,-1,-1,-1,-1,-5.51,-22.81,-45.85,24.95,25.2,25.2,5.58,-0.77,-41.78,-59.64,-86.38,0.889268,16,9.98,-1.15,-36.05,-17.79,-14.50,5.58,-6.71,-45.11,-12.69,-20.96,1.07244,86
24-09-2025,NYSE:SM,SM Energy Company Common Stock,3142,1889303,4.22,27.33,3.13,-0.37,0.07,-3.81,9.70,-11.71,-34.54,-51.96,0,0,0,0,0,-1,-1,-1,-1,-1,-5.69,-11.24,-40.63,10.74,34.04,34.04,-8.21,-0.02,-29.61,-48.25,-71.25,0.889209,16,-3.81,13.01,-23.70,-20.44,-12.95,-8.21,7.45,-32.76,-15.34,-19.41,1.045764,77
24-09-2025,NASDAQ:IEP,Icahn Enterprises L.P. - Depositary Units representing Limited Partner Interests,4691,519454,1.67,8.18,-0.12,0.12,-1.71,-2.32,2.20,-13.45,-13.57,-58.19,0,0,0,0,0,-1,-1,-1,-1,-1,-15.45,-16.1,-47.19,2.25,4.8,4.8,-6.72,-7.52,-31.35,-27.28,-77.48,0.889208,16,-2.32,4.42,-16.00,-0.11,-39.29,-6.72,-1.14,-25.06,4.99,-45.75,1.032275,71
24-09-2025,NYSE:BCSF,"Bain Capital Specialty Finance, Inc. Common Stock",935,335377,1.6,14.42,-0.62,-1.60,-7.35,-6.80,-2.77,-17.20,-17.55,-17.82,0,0,0,0,0,-1,-1,-1,-1,-1,-8.85,-14.67,-24.38,0,4.72,4.72,-11.2,-12.49,-35.1,-31.26,-37.11,0.889083,16,-6.80,3.77,-14.04,-0.30,-0.24,-11.2,-1.79,-23.1,4.8,-6.7,0.990581,33
24-09-2025,NASDAQ:MBLY,Mobileye Global Inc. - Class A Common Stock,11473,4949447,3.52,13.97,-1.55,-2.00,0.64,1.15,-28.27,-18.68,-26.84,11.38,0,0,0,0,HV2Y,-1,-1,-1,-1,-1,-26.78,-26.78,-36.05,3.48,18.69,18.69,-3.25,-37.99,-36.58,-40.55,-7.91,0.888906,16,1.15,-29.76,7.48,-6.88,30.14,-3.25,-35.32,-1.58,-1.78,23.68,0.940507,6
24-09-2025,NYSE:VVR,Invesco Senior Income Trust Common Stock (DE),528,1287009,1.48,3.41,-0.87,-3.52,-4.99,-6.16,-9.09,-10.85,-12.32,-21.11,0,0,0,0,0,-1,-1,-1,-1,-1,-10.97,-10.97,-18.23,0,3.02,3.02,-10.56,-18.81,-28.75,-26.03,-40.4,0.888776,16,-6.16,-2.76,-1.61,-1.32,-7.83,-10.56,-8.32,-10.67,3.78,-14.29,0.980083,23
24-09-2025,NASDAQ:CDW,CDW Corporation - Common Stock,21031,1474380,2.45,160.47,-2.50,-4.25,-6.42,-3.73,-10.82,-5.02,-7.98,-40.40,0,0,0,0,0,-1,-1,-1,-1,-1,-12.23,-15.84,-29.81,0.2,11.06,11.06,-8.13,-20.54,-22.92,-21.69,-59.69,0.88875,16,-3.73,-6.83,5.24,-2.82,-30.02,-8.13,-12.39,-3.82,2.28,-36.48,0.992874,36
24-09-2025,NYSE:FTV,Fortive Corporation Common Stock,16294,3840804,2.07,48.16,-0.58,0.27,0.85,-0.73,-9.63,-18.84,-14.57,-19.42,0,0,0,0,0,-1,-1,-1,-1,-1,-10.72,-15.85,-22.96,3.46,3.46,3.46,-5.13,-19.35,-36.74,-28.28,-38.71,0.888614,16,-0.73,-8.84,-8.40,3.59,-4.23,-5.13,-14.4,-17.46,8.69,-10.69,0.984761,27
24-09-2025,NYSE:CL,Colgate-Palmolive Company Common Stock,65571,5394436,1.72,81.13,1.22,-1.34,-2.55,-3.61,-8.22,-10.43,-14.53,-27.03,0,0,0,0,0,-1,-1,-1,-1,-1,-13.07,-15.49,-21.85,2.23,2.23,2.23,-8.01,-17.94,-28.33,-28.24,-46.32,0.88852,16,-3.61,-4.45,-2.04,-3.72,-10.91,-8.01,-10.01,-11.1,1.38,-17.37,0.988583,31
24-09-2025,NASDAQ:LAND,Gladstone Land Corporation - Common Stock,337,421436,2.12,9.34,0.21,3.64,5.03,3.00,-8.46,-11.46,-12.53,-48.93,0,0,0,0,0,-1,-1,-1,-1,-1,-13.52,-13.52,-33.76,7.98,7.98,7.98,-1.4,-18.18,-29.36,-26.24,-68.22,0.888442,16,3.00,-11.81,-2.76,-0.96,-32.35,-1.4,-17.37,-11.82,4.14,-38.81,1.010611,55
24-09-2025,NASDAQ:PPC,Pilgrim's Pride Corporation - Common Stock,9813,1645150,2.46,41.31,1.65,-2.44,-4.82,-9.08,-8.71,-23.63,-15.06,-1.11,0,0,0,0,0,-1,-1,-1,-1,-1,-18.05,-26.57,-26.57,1.65,1.65,1.65,-13.48,-18.43,-41.53,-28.77,-20.4,0.888292,16,-9.08,0.33,-13.72,6.93,12.12,-13.48,-5.23,-22.78,12.03,5.66,0.965887,13
24-09-2025,NASDAQ:LOCO,"El Pollo Loco Holdings, Inc. - Common Stock",301,208056,2.46,10.04,0.80,1.10,-0.70,-4.38,-7.67,-3.69,-16.43,-36.75,0,0,0,0,HV2Y,-1,-1,-1,-1,-1,-12.47,-12.47,-27.14,1.41,13.06,13.06,-8.78,-17.39,-21.59,-30.14,-56.04,0.887967,16,-4.38,-3.15,3.70,-12.30,-17.45,-8.78,-8.71,-5.36,-7.2,-23.91,0.995596,39
24-09-2025,NASDAQ:ETOR,eToro Group Ltd. - Class A Common Shares,3552,849558,4.34,42.43,-3.04,-1.15,-0.47,-5.44,-53.22,NA,NA,NA,0,0,0,0,0,-1,-1,-1,-1,-1,-37.01,-44.15,-44.15,0,0,0,-9.84,-62.94,0,0,0,0.887872,16,-5.44,-45.31,NA,NA,NA,-9.84,-50.87,0,0,0,0.85332,1
24-09-2025,NYSE:INR,"Infinity Natural Resources, Inc. Class A Common Stock",850,326425,3.84,13.97,2.80,3.01,-0.57,-1.72,-28.35,-29.99,NA,NA,0,0,0,0,0,-1,-1,-1,-1,-1,-25.33,-28.58,-36.18,8.46,8.46,8.46,-6.12,-38.07,-47.89,0,0,0.887838,16,-1.72,-26.18,-1.28,NA,NA,-6.12,-31.74,-10.34,0,0,0.874365,1
24-09-2025,NASDAQ:APLS,"Apellis Pharmaceuticals, Inc. - Common Stock",2874,2149999,3.74,23.19,-1.28,-2.72,-15.74,-20.61,19.75,-4.61,-46.70,-58.39,0,0,0,0,HV2Y,-1,-1,-1,-1,-1,-19.06,-19.06,-36.86,33.97,41.75,41.75,-25.01,10.03,-22.51,-60.41,-77.68,0.887787,16,-20.61,33.46,-30.36,-40.23,-7.97,-25.01,27.9,-39.42,-35.13,-14.43,1.065518,84
24-09-2025,NYSE:RLJ,RLJ Lodging Trust Common Shares of Beneficial Interest $0.01 par value,1129,2188801,2.46,7.47,0.54,-1.87,-2.01,-1.47,1.87,-11.91,-35.48,-32.40,0,0,0,0,0,-1,-1,-1,-1,-1,-5.32,-10.65,-30.06,7.48,17.64,17.64,-5.87,-7.85,-29.81,-49.19,-51.69,0.887745,16,-1.47,3.30,-14.05,-21.05,2.27,-5.87,-2.26,-23.11,-15.95,-4.19,1.018474,62
24-09-2025,NASDAQ:GT,The Goodyear Tire & Rubber Company - Common Stock,2323,7109894,2.46,8.12,-1.46,-5.05,-5.42,-4.68,-27.83,-15.02,-5.79,-1.60,0,0,0,HVY,HVY,-1,-1,-1,-1,-1,-29.7,-31.99,-31.99,0,0,1.37,-9.08,-37.55,-32.92,-19.5,-20.89,0.887562,16,-4.68,-22.12,10.02,8.03,3.96,-9.08,-27.68,0.96,13.13,-2.5,0.938199,5
24-09-2025,NYSE:CTO,"CTO Realty Growth, Inc. Common Stock",530,290916,1.53,16.23,0.93,-0.86,-4.87,-3.94,-5.36,-17.87,-19.65,-18.11,0,0,0,0,HV2Y,-1,-1,-1,-1,-1,-8.56,-16.51,-21.52,0.93,0.93,0.93,-8.34,-15.08,-35.77,-33.36,-37.4,0.887525,16,-3.94,-1.36,-11.87,-1.52,1.29,-8.34,-6.92,-20.93,3.58,-5.17,0.988859,31
24-09-2025,NYSE:CLDT,Chatham Lodging Trust (REIT) Common Shares of Beneficial Interest,346,322152,2.09,7.02,-0.71,1.14,-1.42,-8.26,-0.43,-5.27,-28.21,-28.49,0,0,0,0,0,-1,-1,-1,-1,-1,-9.65,-9.65,-28.95,5.56,14.89,14.89,-12.66,-10.15,-23.17,-41.92,-47.78,0.887441,16,-8.26,7.24,-4.82,-21.79,-0.22,-12.66,1.68,-13.88,-16.69,-6.68,1.002442,46
24-09-2025,NYSE:EIG,Employers Holdings Inc Common Stock,990,219087,1.56,42.1,0.00,-0.33,0.83,-2.33,-9.48,-19.29,-20.05,-12.19,0,0,0,0,0,-1,-1,-1,-1,-1,-11.87,-18.01,-21.88,7.59,7.59,7.59,-6.73,-19.2,-37.19,-33.76,-31.48,0.887217,16,-2.33,-6.99,-8.96,-0.64,6.55,-6.73,-12.55,-18.02,4.46,0.09,0.97914,22
24-09-2025,NASDAQ:CGC,Canopy Growth Corporation - Common Shares,480,21776480,9.15,1.42,8.40,4.23,2.11,-1.41,13.38,22.54,-90.85,-226.76,0,0,HVY,0,HV2Y,-1,-1,-1,-1,-1,-24.47,-26.42,-74.6,39.22,71.46,71.46,-5.81,3.66,4.64,-104.56,-246.05,0.887123,16,-1.41,14.58,10.57,-146.36,-71.22,-5.81,9.02,1.51,-141.26,-77.68,1.176966,96
24-09-2025,NYSE:CPAY,"Corpay, Inc. Common Stock",20918,410098,2.24,296.23,-0.59,-4.86,-2.89,-8.88,-10.21,-21.07,-14.47,-3.71,0,0,0,0,0,-1,-1,-1,-1,-1,-13.92,-17.41,-23.96,0,4.65,4.65,-13.28,-19.93,-38.97,-28.18,-23,0.887058,16,-8.88,-1.22,-9.86,5.46,9.40,-13.28,-6.78,-18.92,10.56,2.94,0.964508,13
24-09-2025,NASDAQ:FA,First Advantage Corporation - Common Stock,2622,737429,3.43,15.07,1.96,-3.38,-4.58,-10.62,-9.69,7.03,-23.29,-31.12,0,0,0,0,0,-1,-1,-1,-1,-1,-18.1,-18.93,-25.76,1.96,16.01,19.04,-15.02,-19.41,-10.87,-37,-50.41,0.887051,16,-10.62,0.84,15.25,-32.62,-6.35,-15.02,-4.72,6.19,-27.52,-12.81,0.986169,29
24-09-2025,NYSE:FCPT,"Four Corners Property Trust, Inc. Common Stock",2579,672866,1.51,24.43,-1.05,-4.01,-5.20,-5.08,-10.27,-16.05,-9.46,-21.94,0,0,0,0,0,-1,-1,-1,-1,-1,-10.51,-14.88,-18.32,0,0,0,-9.48,-19.99,-33.95,-23.17,-41.23,0.886969,16,-5.08,-4.95,-5.23,5.68,-11.41,-9.48,-10.51,-14.29,10.78,-17.87,0.979791,23
24-09-2025,NYSE:TGS,Transportadora de Gas del Sur SA TGS Common Stock,3513,749929,5.93,23.16,2.93,4.75,-0.73,-12.87,-15.41,-22.50,-18.74,11.61,0,0,0,0,HV2Y,-1,-1,-1,-1,-1,-22.83,-27.35,-30.35,15.11,15.11,26.28,-17.27,-25.13,-40.4,-32.45,-7.68,0.886847,16,-12.87,-2.26,-6.14,3.07,25.56,-17.27,-7.82,-15.2,8.17,19.1,0.942288,6
24-09-2025,NYSE:MTN,"Vail Resorts, Inc. Common Stock",5531,677444,2.64,148.88,1.28,-0.15,2.96,-8.03,-4.06,-8.03,-22.06,-24.26,0,0,HVQ,0,0,-1,-1,-1,-1,-1,-12.23,-12.23,-23.82,3.87,13.29,13.29,-12.43,-13.78,-25.93,-35.77,-43.55,0.88669,16,-8.03,3.67,-3.81,-12.99,-1.80,-12.43,-1.89,-12.87,-7.89,-8.26,0.991071,34
24-09-2025,NYSE:GSBD,"Goldman Sachs BDC, Inc. Common Stock",1250,610624,1.35,10.95,-0.99,-2.74,-3.29,-3.29,-6.03,-12.79,-16.71,-31.05,0,0,0,0,0,-1,-1,-1,-1,-1,-8.52,-11.34,-24.17,0,11.17,11.17,-7.69,-15.75,-30.69,-30.42,-50.34,0.886533,16,-3.29,-2.65,-6.37,-3.48,-12.28,-7.69,-8.21,-15.43,1.62,-18.74,0.995888,40
24-09-2025,NASDAQ:CHYM,"Chime Financial, Inc. - Class A Common Stock",8568,3042159,4.75,23.05,-3.39,-2.17,-0.91,-16.57,-37.05,NA,NA,NA,0,0,0,0,0,-1,-1,-1,-1,-1,-36.33,-37.89,-37.89,0.26,0.26,0.26,-20.97,-46.77,0,0,0,0.88629,15,-16.57,-17.57,NA,NA,NA,-20.97,-23.13,0,0,0,0.851646,1
24-09-2025,NYSE:TFII,TFI International Inc. Common Shares,7546,270281,2.31,90.89,-2.45,-2.96,-2.00,-4.13,4.13,7.95,-56.36,-59.92,0,0,0,0,0,-1,-1,-1,-1,-1,-6.1,-6.1,-40.95,7.65,23.24,23.24,-8.53,-5.59,-9.95,-70.07,-79.21,0.886205,15,-4.13,7.92,3.99,-69.88,-2.27,-8.53,2.36,-5.07,-64.78,-8.73,1.048343,78
24-09-2025,NASDAQ:CTSH,Cognizant Technology Solutions Corporation - Class A Common Stock,33387,4515421,2.26,68.36,1.02,-2.44,-1.17,-5.56,-12.61,-15.30,-16.28,-10.65,0,0,0,0,0,-1,-1,-1,-1,-1,-15.58,-16.44,-24.63,2.12,2.84,2.84,-9.96,-22.33,-33.2,-29.99,-29.94,0.886198,15,-5.56,-6.68,-2.39,-0.85,4.84,-9.96,-12.24,-11.45,4.25,-1.62,0.968062,14
24-09-2025,NYSE:SMG,Scotts Miracle-Gro Company (The) Common Stock,3312,642431,2.6,57.36,-0.54,-4.38,-5.68,-8.21,-12.12,1.10,-17.31,-28.80,0,0,0,0,0,-1,-1,-1,-1,-1,-18.15,-18.15,-38.63,0,18.98,18.98,-12.61,-21.84,-16.8,-31.02,-48.09,0.886158,15,-8.21,-3.61,11.79,-18.61,-9.79,-12.61,-9.17,2.73,-13.51,-16.25,0.979638,22
24-09-2025,NYSE:DAR,Darling Ingredients Inc. Common Stock,4916,2484610,3.64,31.08,-1.43,-6.56,-0.71,-15.64,-20.08,4.54,-8.20,-18.24,0,0,HVY,HVY,0,-1,-1,-1,-1,-1,-21.22,-21.22,-27.8,4.51,12.49,12.49,-20.04,-29.8,-13.36,-21.91,-37.53,0.886021,15,-15.64,-3.84,20.50,-13.35,-9.28,-20.04,-9.4,11.44,-8.25,-15.74,0.952506,8
24-09-2025,NASDAQ:VFS,VinFast Auto Ltd. - Ordinary Shares,7508,607909,2.55,3.21,1.26,-0.93,-0.62,-9.03,-9.35,-3.12,-28.04,-14.02,0,0,0,0,HV2Y,-1,-1,-1,-1,-1,-14.4,-14.4,-36.69,1.26,19.78,19.78,-13.43,-19.07,-21.02,-41.75,-33.31,0.88582,15,-9.03,-0.29,5.70,-24.17,10.95,-13.43,-5.85,-3.36,-19.07,4.49,0.976259,20
24-09-2025,NASDAQ:CRESY,"Cresud S.A.C.I.F. y A. - American Depositary Shares, each representing ten shares of Common Stock",595,398738,5.02,9.61,2.23,4.89,6.66,-9.37,-11.55,-18.83,-29.97,6.97,0,0,0,0,0,-1,-1,-1,-1,-1,-19.58,-22.56,-32.23,12.79,12.79,12.79,-13.77,-21.27,-36.73,-43.68,-12.32,0.885816,15,-9.37,-2.00,-6.53,-9.37,28.42,-13.77,-7.56,-15.59,-4.27,21.96,0.958491,10
24-09-2025,NYSE:FCX,"Freeport-McMoRan, Inc. Common Stock",54086,16770378,3.19,37.67,-16.95,-19.70,-19.14,-15.98,-10.46,-14.18,-1.51,-18.21,0,0,0,0,0,-1,-1,-1,-1,-1,-20.21,-20.21,-27.43,0,29.23,29.23,-20.38,-20.18,-32.08,-15.22,-37.5,0.885152,15,-15.98,4.76,-3.36,11.09,-16.45,-20.38,-0.8,-12.42,16.19,-22.91,0.965978,14
24-09-2025,NASDAQ:MNDY,monday.com Ltd. - Ordinary Shares,10784,1381579,3.99,212.4,-1.40,11.30,11.80,17.42,-40.47,-30.58,-5.79,-31.91,0,0,0,HV2Y,HV2Y,-1,-1,-1,-1,-1,-32.46,-32.46,-35.23,23.88,23.88,23.88,13.02,-50.19,-48.48,-19.5,-51.2,0.884896,15,17.42,-70.11,7.04,18.99,-24.69,13.02,-75.67,-2.02,24.09,-31.15,0.975465,19
24-09-2025,NYSE:TWI,"Titan International, Inc. (DE) Common Stock",486,548144,3.9,7.6,0.80,-12.63,-12.37,-20.53,-21.32,-16.05,7.50,-6.84,0,0,0,0,0,-1,-1,-1,-1,-1,-30.02,-30.02,-30.02,0.8,21.21,21.21,-24.93,-31.04,-33.95,-6.21,-26.13,0.884889,15,-20.53,-0.66,4.34,20.29,-15.50,-24.93,-6.22,-4.72,25.39,-21.96,0.936606,5
24-09-2025,NASDAQ:BCAX,Bicara Therapeutics Inc. - Common Stock,611,350844,4.68,11.19,6.57,1.97,-6.61,-1.16,20.11,-16.44,-48.35,-128.87,0,0,0,0,0,-1,-1,-1,-1,-1,-10.19,-28.54,-57.45,28.47,28.47,28.47,-5.56,10.39,-34.34,-62.06,-148.16,0.884875,15,-1.16,21.02,-45.75,-27.40,-54.28,-5.56,15.46,-54.81,-22.3,-60.74,1.122491,93
24-09-2025,NASDAQ:TRI,Thomson Reuters Corp - Common Shares,71077,1316198,1.87,157.71,-1.92,-7.29,-8.10,-12.03,-24.11,-9.35,-3.21,-7.45,0,0,0,0,0,-1,-1,-1,-1,-1,-26.38,-26.38,-26.38,0,0,2.1,-16.43,-33.83,-27.25,-16.92,-26.74,0.884848,15,-12.03,-10.78,11.89,5.61,-4.10,-16.43,-16.34,2.83,10.71,-10.56,0.939809,6
24-09-2025,NASDAQ:ADBE,Adobe Inc. - Common Stock,149857,5627743,2.82,361.78,-0.63,2.50,2.13,-0.09,-5.68,-9.04,-21.98,-45.51,0,0,0,0,0,-1,-1,-1,-1,-1,-7.73,-14,-34.57,8.43,8.43,8.43,-4.49,-15.4,-26.94,-35.69,-64.8,0.884661,15,-0.09,-5.59,-3.17,-11.87,-19.29,-4.49,-11.15,-12.23,-6.77,-25.75,1.009789,54
24-09-2025,NASDAQ:NMFC,New Mountain Finance Corporation - Common Stock,1030,658100,1.59,9.68,0.10,-0.10,-8.16,-6.82,-7.13,-14.57,-15.50,-23.45,0,0,0,0,0,-1,-1,-1,-1,-1,-10.7,-12.95,-19.47,0.1,6.26,6.26,-11.22,-16.85,-32.47,-29.21,-42.74,0.884567,15,-6.82,-0.29,-6.94,-0.81,-6.89,-11.22,-5.85,-16,4.29,-13.35,0.98491,27
24-09-2025,NYSE:CRM,"Salesforce, Inc. Common Stock",234087,10623256,2.45,245.89,0.54,1.50,1.35,-0.81,-8.89,-17.37,-36.74,-8.50,0,0,0,0,0,-1,-1,-1,-1,-1,-10.14,-15.55,-33.16,6.14,6.14,6.14,-5.21,-18.61,-35.27,-50.45,-27.79,0.884435,15,-0.81,-8.02,-7.79,-16.50,20.65,-5.21,-13.58,-16.85,-11.4,14.19,0.983822,26
24-09-2025,NASDAQ:CNDT,Conduent Incorporated - Common Stock,431,911204,3.72,2.73,-1.80,-2.56,-2.56,-0.73,4.76,-7.69,-58.61,-37.36,0,0,0,0,HV2Y,-1,-1,-1,-1,-1,-7.77,-7.77,-38.24,12.35,38.58,38.58,-5.13,-4.96,-25.59,-72.32,-56.65,0.884348,15,-0.73,5.45,-13.08,-47.28,13.39,-5.13,-0.11,-22.14,-42.18,6.93,1.036795,73
24-09-2025,NYSE:GPRK,Geopark Ltd Common Shares,337,1247205,4.14,6.56,5.47,-0.61,1.37,1.98,-2.29,-25.46,-41.62,-15.24,0,0,0,0,0,-1,-1,-1,-1,-1,-9.52,-20.29,-42.46,9.88,12.33,12.33,-2.42,-12.01,-43.36,-55.33,-34.53,0.884334,15,1.98,-4.35,-22.65,-12.88,18.62,-2.42,-9.91,-31.71,-7.78,12.16,1.005883,50
24-09-2025,NASDAQ:ELVN,"Enliven Therapeutics, Inc.  - Common Stock",1137,622496,5.72,19.2,0.05,0.94,-0.10,-3.88,-11.98,-11.04,-19.11,-20.78,0,0,HVY,HVY,HV2Y,-1,-1,-1,-1,-1,-17.74,-17.74,-35.03,8.54,28.77,28.77,-8.28,-21.7,-28.94,-32.82,-40.07,0.884305,15,-3.88,-7.80,0.84,-7.27,-1.40,-8.28,-13.36,-8.22,-2.17,-7.86,0.977968,21
24-09-2025,NYSE:HLX,"Helix Energy Solutions Group, Inc. Common Stock",983,1353458,3.85,6.69,1.67,5.23,6.13,5.08,6.13,-28.70,-34.83,-54.41,0,0,0,0,0,-1,-1,-1,-1,-1,-3.88,-24.49,-41.11,17.37,17.37,17.37,0.68,-3.59,-46.6,-48.54,-73.7,0.884304,15,5.08,1.10,-37.10,-4.76,-14.52,0.68,-4.46,-46.16,0.34,-20.98,1.050912,79
24-09-2025,NYSE:BIRK,Birkenstock Holding plc Ordinary Shares,8338,1949879,2.84,45.34,-1.67,-0.66,-3.40,-16.10,-9.18,-4.04,-27.02,-5.49,0,0,0,0,HV2Y,-1,-1,-1,-1,-1,-15.09,-21.42,-27.07,0,7.88,7.88,-20.5,-18.9,-21.94,-40.73,-24.78,0.884246,15,-16.10,5.97,4.71,-22.09,16.95,-20.5,0.41,-4.35,-16.99,10.49,0.964142,13
24-09-2025,NASDAQ:OCSL,Oaktree Specialty Lending Corporation - Closed End Fund,1142,644085,1.5,12.96,0.08,-3.47,-6.02,-5.32,-4.63,-21.37,-17.13,-23.07,0,0,0,0,0,-1,-1,-1,-1,-1,-11.72,-17.87,-22.02,0.08,0.15,0.15,-9.72,-14.35,-39.27,-30.84,-42.36,0.883906,15,-5.32,0.66,-16.00,3.50,-5.07,-9.72,-4.9,-25.06,8.6,-11.53,0.992075,35
24-09-2025,NYSE:INVH,Invitation Homes Inc. Common Stock,18200,4446590,1.72,29.21,-1.62,-1.47,-2.74,-5.44,-12.84,-16.64,-8.59,-23.38,0,0,0,0,0,-1,-1,-1,-1,-1,-11.38,-17.65,-19.97,0,0,0,-9.84,-22.56,-34.54,-22.3,-42.67,0.883739,15,-5.44,-7.01,-3.37,6.90,-13.62,-9.84,-12.57,-12.43,12,-20.08,0.975805,19
24-09-2025,NYSE:LII,"Lennox International, Inc. Common Stock",18350,391974,2.64,522.44,-1.55,-4.50,-6.96,-9.21,-8.14,-12.53,-18.65,-17.25,0,0,0,0,0,-1,-1,-1,-1,-1,-21.38,-21.38,-22.99,0,2.69,2.69,-13.61,-17.86,-30.43,-32.36,-36.54,0.883564,15,-9.21,0.97,-4.06,-5.44,1.18,-13.61,-4.59,-13.12,-0.34,-5.28,0.976814,20
24-09-2025,NYSE:CRL,"Charles River Laboratories International, Inc. Common Stock",7355,881248,3.56,149.45,-0.53,-2.19,-2.56,-9.81,-0.51,-7.96,-21.88,-37.70,0,0,0,0,0,-1,-1,-1,-1,-1,-16.5,-16.5,-32.28,0.48,49.82,49.82,-14.21,-10.23,-25.86,-35.59,-56.99,0.883552,15,-9.81,8.47,-7.42,-12.89,-12.98,-14.21,2.91,-16.48,-7.79,-19.44,1.004743,49
24-09-2025,NYSE:NOG,"Northern Oil and Gas, Inc. Common Stock",2627,1638480,3.59,26.92,1.66,3.90,4.23,5.05,-6.69,-13.82,-33.80,-37.85,0,0,0,0,0,-1,-1,-1,-1,-1,-13.36,-16.29,-38.1,16.39,30.68,30.68,0.65,-16.41,-31.72,-47.51,-57.14,0.88354,15,5.05,-12.36,-6.69,-17.56,-3.03,0.65,-17.92,-15.75,-12.46,-9.49,1.011268,56
24-09-2025,NYSE:UDR,"UDR, Inc. Common Stock",12429,2500847,1.76,37.07,-1.17,-0.65,-3.02,-5.07,-8.20,-18.91,-14.43,-23.06,0,0,0,0,0,-1,-1,-1,-1,-1,-10.39,-18.28,-20.02,0,0,0,-9.47,-17.92,-36.81,-28.14,-42.35,0.883533,15,-5.07,-2.98,-9.90,3.77,-7.54,-9.47,-8.54,-18.96,8.87,-14,0.984773,27
24-09-2025,NASDAQ:ICUI,"ICU Medical, Inc. - Common Stock",3123,281964,3.26,126.53,-2.59,-2.03,-5.56,0.57,-4.38,-18.45,-21.08,-39.68,0,0,0,0,0,-1,-1,-1,-1,-1,-7.82,-16.23,-31.17,17.05,17.05,17.05,-3.83,-14.1,-36.35,-34.79,-58.97,0.88336,15,0.57,-4.98,-13.49,-2.22,-15.37,-3.83,-10.54,-22.55,2.88,-21.83,1.009718,54
24-09-2025,NYSE:MNR,Mach Natural Resources LP Common Units representing Limited Partner Interests,1570,236697,2.44,13.27,1.61,-3.01,-3.62,-4.90,-8.06,-15.90,-16.88,-24.79,0,0,0,0,0,-1,-1,-1,-1,-1,-14.77,-15.85,-27.49,2.31,2.31,2.31,-9.3,-17.78,-33.8,-30.59,-44.08,0.883354,15,-4.90,-3.02,-7.25,-0.85,-6.77,-9.3,-8.58,-16.31,4.25,-13.23,0.98624,29
24-09-2025,NYSE:CBT,Cabot Corporation Common Stock,4038,329753,2.28,75.9,-0.73,-1.41,-4.31,-7.46,1.08,-10.54,-22.28,-45.28,0,0,0,0,HV2Y,-1,-1,-1,-1,-1,-8.49,-10.02,-35.13,5.42,5.42,5.42,-11.86,-8.64,-28.44,-35.99,-64.57,0.883105,15,-7.46,7.95,-11.75,-10.62,-18.81,-11.86,2.39,-20.81,-5.52,-25.27,1.015295,60
24-09-2025,NASDAQ:AKAM,"Akamai Technologies, Inc. - Common Stock",10930,1876271,2.17,75.27,-1.84,-1.47,-3.84,-3.15,-6.36,-9.96,-25.04,-32.11,0,0,0,0,0,-1,-1,-1,-1,-1,-6.79,-11.9,-29.44,6.72,10.35,10.35,-7.55,-16.08,-27.86,-38.75,-51.4,0.8831,15,-3.15,-3.12,-3.38,-13.71,-5.65,-7.55,-8.68,-12.44,-8.61,-12.11,0.997028,41
24-09-2025,NYSE:IVR,INVESCO MORTGAGE CAPITAL INC Common Stock,485,1645083,1.63,7.27,-0.55,-4.54,-6.88,-6.60,-6.60,-18.57,-13.48,-26.27,0,0,0,0,0,-1,-1,-1,-1,-1,-9.91,-15.66,-22.58,0.55,14.85,14.85,-11,-16.32,-36.47,-27.19,-45.56,0.882905,14,-6.60,0.00,-11.23,4.29,-11.27,-11,-5.56,-20.29,9.39,-17.73,0.988256,30
24-09-2025,NYSE:AVY,Avery Dennison Corporation Common Stock,12650,644868,1.65,162.22,-0.67,-1.68,-1.55,-8.35,-8.86,-8.30,-14.82,-30.43,0,0,0,0,0,-1,-1,-1,-1,-1,-12.14,-12.14,-27.04,0,1.65,1.65,-12.75,-18.58,-26.2,-28.53,-49.72,0.882786,14,-8.35,-0.47,0.52,-6.02,-13.59,-12.75,-6.03,-8.54,-0.92,-20.05,0.984455,27
24-09-2025,NASDAQ:GOGO,Gogo Inc. - Common Stock,1139,2027263,4.33,8.52,-4.80,-5.52,-19.37,-30.52,-69.95,-1.17,8.92,19.13,0,0,0,HV2Y,HV2Y,-1,-1,-1,-1,-1,-48.49,-48.49,-48.49,0,28.7,35.24,-34.92,-79.67,-19.07,-4.79,-0.16,0.882724,14,-30.52,-30.22,40.47,9.98,11.21,-34.92,-35.78,31.41,15.08,4.75,0.85742,1
24-09-2025,NYSE:GIB,CGI Inc. Common Stock,20242,281125,1.65,91.73,0.97,-0.77,-1.17,-4.35,-12.83,-10.23,-18.85,-22.93,0,0,0,0,0,-1,-1,-1,-1,-1,-13.62,-16.3,-25.08,0.97,0.97,0.97,-8.75,-22.55,-28.13,-32.56,-42.22,0.882698,14,-4.35,-8.13,2.31,-7.82,-3.43,-8.75,-13.69,-6.75,-2.72,-9.89,0.97731,21
24-09-2025,NASDAQ:EWTX,"Edgewise Therapeutics, Inc. - Common Stock",1748,952226,5.79,16.59,9.94,16.27,11.57,13.80,13.62,-37.43,-85.65,-70.46,0,0,0,0,HV2Y,-1,-1,-1,-1,-1,0,-29.22,-54.7,31.56,45.27,45.27,9.4,3.9,-55.33,-99.36,-89.75,0.882637,14,13.80,-0.21,-59.11,-35.09,8.18,9.4,-5.77,-68.17,-29.99,1.72,1.103971,91
24-09-2025,NASDAQ:APGE,"Apogee Therapeutics, Inc. - Common Stock",2290,542451,4.45,38.13,0.45,3.38,-0.87,-0.37,-14.21,-7.11,-17.20,-38.87,0,0,0,0,0,-1,-1,-1,-1,-1,-19.66,-19.66,-37.61,10.04,32.44,32.44,-4.77,-23.93,-25.01,-30.91,-58.16,0.882466,14,-0.37,-13.80,6.22,-9.43,-18.48,-4.77,-19.36,-2.84,-4.33,-24.94,0.989853,32
24-09-2025,NASDAQ:DJT,Trump Media & Technology Group Corp. - Common Stock,4710,7020547,3,17,-2.69,0.47,0.71,-1.29,-4.35,-34.53,-108.29,20.29,0,0,0,0,HV2Y,-1,-1,-1,-1,-1,-14.4,-35.56,-67,4.62,4.62,39.92,-5.69,-14.07,-52.43,-122,1,0.882456,14,-1.29,-3.02,-28.92,-54.83,61.73,-5.69,-8.58,-37.98,-49.73,55.27,1.00916,54
24-09-2025,NYSE:XIFR,"XPLR Infrastructure, LP Common Units representing limited partner interests",1891,1295188,2.96,10.06,2.44,1.49,2.78,-1.89,18.69,2.39,-73.96,-168.69,0,0,0,0,0,-1,-1,-1,-1,-1,-5.09,-5.09,-64.21,22.98,26.38,26.38,-6.29,8.97,-15.51,-87.67,-187.98,0.88239,14,-1.89,20.20,-20.05,-78.21,-54.46,-6.29,14.64,-29.11,-73.11,-60.92,1.140784,94
24-09-2025,NASDAQ:ASTH,Astrana Health Inc. - Common Stock,1402,365665,4.16,28.08,1.59,-3.56,-3.60,-6.59,10.83,-9.65,-24.96,-102.99,0,0,HV2Y,0,HV2Y,-1,-1,-1,-1,-1,-12.14,-17.53,-55.1,30.85,30.85,30.85,-10.99,1.11,-27.55,-38.67,-122.28,0.882345,14,-6.59,16.34,-22.96,-13.97,-62.44,-10.99,10.78,-32.02,-8.87,-68.9,1.074865,86
24-09-2025,NASDAQ:PSNY,Polestar Automotive Holding UK Limited - Class A ADS,2094,6807941,7.47,0.9873,0.70,0.22,3.22,-9.39,-12.43,-12.43,5.09,-53.96,0,HVY,0,0,HV2Y,-1,-1,-1,-1,-1,-27.93,-27.93,-46.05,4.66,12.86,15.18,-13.79,-22.15,-30.33,-8.62,-73.25,0.882325,14,-9.39,-2.78,0.00,15.59,-62.22,-13.79,-8.34,-9.06,20.69,-68.68,0.997598,41
24-09-2025,NYSE:BRO,"Brown & Brown, Inc. Common Stock",30748,2504820,1.68,93.22,1.12,1.08,0.77,-3.75,-16.26,-30.22,-9.74,-8.36,0,0,0,0,0,-1,-1,-1,-1,-1,-15.92,-25.08,-25.08,2.57,2.57,2.57,-8.15,-25.98,-48.12,-23.45,-27.65,0.882271,14,-3.75,-12.06,-12.00,15.73,1.26,-8.15,-17.62,-21.06,20.83,-5.2,0.963281,12
24-09-2025,NASDAQ:RPAY,Repay Holdings Corporation - Class A Common Stock,464,748270,4.19,5.34,0.19,-5.81,-5.99,-7.30,12.17,-9.74,-47.75,-62.17,0,0,0,0,0,-1,-1,-1,-1,-1,-10.4,-10.4,-40.67,15.09,43.94,43.94,-11.7,2.45,-27.64,-61.46,-81.46,0.882162,14,-7.30,18.15,-24.95,-34.64,-9.76,-11.7,12.59,-34.01,-29.54,-16.22,1.056747,81
24-09-2025,NYSE:AMC,"AMC Entertainment Holdings, Inc. Class A Common Stock",1498,12549563,3.14,2.96,-1.33,2.03,5.07,0.34,-1.35,-4.05,-36.82,-59.12,0,0,HVQ,0,HV2Y,-1,-1,-1,-1,-1,-16.38,-26.18,-43.08,9.23,12.12,12.12,-4.06,-11.07,-21.95,-50.53,-78.41,0.882081,14,0.34,-1.69,-2.67,-31.49,-16.30,-4.06,-7.25,-11.73,-26.39,-22.76,1.029637,70
24-09-2025,NYSE:BFAM,Bright Horizons Family Solutions Inc. Common Stock,6115,641710,2.01,107.52,-0.85,-1.59,-3.93,-12.57,-12.70,-16.16,1.27,-29.33,0,0,HVQ,0,HV2Y,-1,-1,-1,-1,-1,-14.05,-18.24,-23.58,0,0,3.38,-16.97,-22.42,-34.06,-12.44,-48.62,0.882047,14,-12.57,-0.12,-3.06,15.01,-31.00,-16.97,-5.68,-12.12,20.11,-37.46,0.974122,18
24-09-2025,NASDAQ:HTLD,"Heartland Express, Inc. - Common Stock",660,678152,2.86,8.52,0.35,1.41,0.59,-0.94,-1.64,-10.21,-35.80,-40.85,0,0,0,0,0,-1,-1,-1,-1,-1,-10.03,-10.03,-33.28,13.15,15.6,15.6,-5.34,-11.36,-28.11,-49.51,-60.14,0.882045,14,-0.94,-0.70,-8.43,-23.22,-3.72,-5.34,-6.26,-17.49,-18.12,-10.18,1.016208,60
24-09-2025,NYSE:ANF,Abercrombie & Fitch Company Common Stock,4193,2117989,4.4,87.27,-0.57,0.63,-9.00,-12.82,8.79,9.09,-66.04,-59.64,0,0,HV2Y,HV2Y,HV2Y,-1,-1,-1,-1,-1,-15.57,-15.57,-46.72,9.8,30.37,30.37,-17.22,-0.93,-8.81,-79.75,-78.93,0.881923,14,-12.82,19.15,0.33,-82.63,3.85,-17.22,13.59,-8.73,-77.53,-2.61,1.055453,80
24-09-2025,NYSE:RDW,Redwire Corporation Common Stock,1347,5853335,5.85,9.35,1.41,15.83,11.98,4.39,-71.34,-25.78,-35.83,29.09,0,0,0,HV2Y,HV2Y,-1,-1,-1,-1,-1,-51.83,-54.55,-63.56,18.81,24.5,46.32,-0.01,-81.06,-43.68,-49.54,9.8,0.881626,14,4.39,-79.19,26.59,-7.99,47.80,-0.01,-84.75,17.53,-2.89,41.34,0.891838,1
24-09-2025,NASDAQ:ABL,"Abacus Global Management, Inc. - Class A Common Stock",586,866061,4.58,6.08,-0.65,-9.70,-4.77,-7.89,10.36,-23.68,-24.18,-62.66,0,0,0,0,0,-1,-1,-1,-1,-1,-14.97,-32.14,-42.75,31.03,31.03,31.03,-12.29,0.64,-41.58,-37.89,-81.95,0.880853,14,-7.89,16.92,-37.98,-0.40,-30.99,-12.29,11.36,-47.04,4.7,-37.45,1.050669,78
24-09-2025,NASDAQ:DVAX,Dynavax Technologies Corporation - Common Stock,1168,1919183,3.02,9.96,3.86,3.92,2.41,-4.32,1.00,-40.36,-28.11,-13.96,0,0,0,0,0,-1,-1,-1,-1,-1,-12.32,-28.76,-30.83,6.41,6.41,6.41,-8.72,-8.72,-58.26,-41.82,-33.25,0.880787,14,-4.32,5.10,-41.78,8.73,11.05,-8.72,-0.46,-50.84,13.83,4.59,1.005761,50
24-09-2025,NYSE:DECK,Deckers Outdoor Corporation Common Stock,16500,2590703,2.78,111.23,-0.71,-6.70,-2.61,-1.62,9.16,-10.55,-84.55,-35.51,0,0,0,0,0,-1,-1,-1,-1,-1,-10.23,-14.02,-50.15,16.69,16.69,16.69,-6.02,-0.56,-28.45,-98.26,-54.8,0.88076,14,-1.62,10.61,-21.70,-66.94,26.57,-6.02,5.05,-30.76,-61.84,20.11,1.056717,81
24-09-2025,NYSE:WY,Weyerhaeuser Company Common Stock,17590,4389473,2.24,24.61,0.94,0.49,-1.99,-7.68,-5.93,-18.65,-10.56,-35.07,0,0,0,0,0,-1,-1,-1,-1,-1,-8.27,-16.83,-27.32,2.12,2.12,2.12,-12.08,-15.65,-36.55,-24.27,-54.36,0.88074,14,-7.68,1.62,-12.01,6.82,-22.16,-12.08,-3.94,-21.07,11.92,-28.62,0.994399,38
24-09-2025,NYSE:UHAL.B,U-Haul Holding Company Series N Non-Voting Common Stock,10160,418318,2.54,51.19,-0.39,-0.29,-2.40,-1.95,-5.80,-15.14,-21.76,-39.21,0,0,0,0,0,-1,-1,-1,-1,-1,-9.83,-16,-30.08,1.23,1.23,1.23,-6.35,-15.52,-33.04,-35.47,-58.5,0.880726,14,-1.95,-3.77,-8.83,-5.75,-14.33,-6.35,-9.33,-17.89,-0.65,-20.79,1.003305,47
24-09-2025,NASDAQ:ISRG,"Intuitive Surgical, Inc. - Common Stock",159160,2510109,2.53,443.99,-0.84,2.33,-1.35,-5.51,-17.49,-17.08,-18.00,-9.51,0,0,0,HV2Y,0,-1,-1,-1,-1,-1,-18.45,-21.55,-27.27,2.38,2.38,2.38,-9.91,-27.21,-34.98,-31.71,-28.8,0.880508,14,-5.51,-11.35,0.35,-0.79,7.20,-9.91,-16.91,-8.71,4.31,0.74,0.959391,10
24-09-2025,NYSE:IRT,"Independence Realty Trust, Inc. Common Stock",4100,2496657,1.92,16.7,-2.34,-1.38,-4.07,-4.67,-4.25,-25.63,-19.22,-25.27,0,0,0,0,0,-1,-1,-1,-1,-1,-7.79,-21.89,-24.13,0,0,0,-9.07,-13.97,-43.53,-32.93,-44.56,0.880498,14,-4.67,0.40,-20.51,5.10,-5.07,-9.07,-5.16,-29.57,10.2,-11.53,0.995746,40
24-09-2025,NASDAQ:OMCL,"Omnicell, Inc. - Common Stock",1418,534118,3,30.88,-0.39,-0.97,-3.17,-7.16,6.93,-11.63,-43.75,-44.49,0,0,0,0,HV2Y,-1,-1,-1,-1,-1,-8.15,-12.92,-41.79,14.88,25.38,25.38,-11.56,-2.79,-29.53,-57.46,-63.78,0.880388,14,-7.16,13.15,-19.94,-28.78,-0.52,-11.56,7.59,-29,-23.68,-6.98,1.032708,71
24-09-2025,NYSE:MRK,"Merck & Company, Inc. Common Stock (new)",198998,12380414,1.7,79.67,-0.36,-1.85,-5.47,-7.08,0.00,-10.29,-24.92,-47.07,0,0,0,0,0,-1,-1,-1,-1,-1,-8.81,-11.24,-32,1.98,8.44,8.44,-11.48,-9.72,-28.19,-38.63,-66.36,0.880382,14,-7.08,6.61,-10.29,-13.26,-17.74,-11.48,1.05,-19.35,-8.16,-24.2,1.014575,59
24-09-2025,NASDAQ:SBAC,SBA Communications Corporation - Class A Common Stock,21349,1599909,2.46,195.23,-1.81,-2.13,0.85,-13.49,-19.18,-9.77,-1.54,-22.66,0,0,0,0,0,-1,-1,-1,-1,-1,-18.43,-19.79,-21.69,2.03,2.03,2.03,-17.89,-28.9,-27.67,-15.25,-41.95,0.880319,14,-13.49,-5.01,7.89,7.50,-20.80,-17.89,-10.57,-1.17,12.6,-27.26,0.956713,9
24-09-2025,NYSE:SFL,SFL Corporation Ltd,1039,1121146,1.98,7.83,-0.89,-3.32,-4.85,-4.09,-9.32,-4.47,-24.14,-42.91,0,0,0,0,0,-1,-1,-1,-1,-1,-17.41,-17.41,-33.42,2.89,10.28,10.28,-8.49,-19.04,-22.37,-37.85,-62.2,0.879485,14,-4.09,-5.03,4.44,-18.83,-15.12,-8.49,-10.59,-4.62,-13.73,-21.58,0.997481,41
24-09-2025,NASDAQ:DXCM,"DexCom, Inc. - Common Stock",26470,6162439,3.91,67.5,-1.03,-13.24,-12.59,-12.53,-25.45,-8.96,-12.33,-4.34,0,0,0,0,0,-1,-1,-1,-1,-1,-24.61,-24.61,-25.62,0.07,12.82,12.82,-16.93,-35.17,-26.86,-26.04,-23.63,0.879152,14,-12.53,-11.48,13.14,-3.09,7.11,-16.93,-17.04,4.08,2.01,0.65,0.936371,5
24-09-2025,NASDAQ:ALMS,Alumis Inc. - Common Stock,431,538678,5.47,4.1,-1.20,-1.46,-4.15,-18.05,26.59,7.93,-105.61,-177.32,0,0,0,0,0,-1,-1,-1,-1,-1,-16.67,-59.29,-68.41,39.93,46.43,46.43,-22.45,16.87,-9.97,-119.32,-196.61,0.879143,13,-18.05,37.81,-25.42,-123.31,-34.88,-22.45,32.25,-34.48,-118.21,-41.34,1.169686,96
24-09-2025,NYSE:HLN,Haleon plc American Depositary Shares (Each representing two Ordinary Shares),39892,8877272,1.27,8.87,-0.67,-5.98,-10.82,-9.13,-18.38,-13.19,-9.36,-18.60,0,0,0,0,0,-1,-1,-1,-1,-1,-15.52,-22.26,-22.26,0,0,0,-13.53,-28.1,-31.09,-23.07,-37.89,0.87905,13,-9.13,-8.47,4.38,3.39,-8.45,-13.53,-14.03,-4.68,8.49,-14.91,0.959215,10
24-09-2025,NASDAQ:CPRT,"Copart, Inc. - Common Stock",43889,8493952,2.29,45.39,0.24,-2.71,-6.90,-6.61,-6.06,-22.47,-28.77,-13.33,0,0,0,0,0,-1,-1,-1,-1,-1,-9.17,-28.9,-28.9,0.24,0.24,0.24,-11.01,-15.78,-40.37,-42.48,-32.62,0.879044,13,-6.61,0.52,-15.48,-5.14,11.99,-11.01,-5.04,-24.54,-0.04,5.53,0.983429,26
24-09-2025,NYSE:DFIN,"Donnelley Financial Solutions, Inc. Common Stock",1384,268832,2.49,50.34,-1.04,-6.06,-7.43,-11.44,-21.53,9.32,-20.60,-33.09,0,0,0,0,0,-1,-1,-1,-1,-1,-23.17,-23.17,-27.38,0,31.5,31.5,-15.84,-31.25,-8.58,-34.31,-52.38,0.878792,13,-11.44,-9.06,25.38,-32.99,-10.36,-15.84,-14.62,16.32,-27.89,-16.82,0.968874,15
24-09-2025,NYSE:UTZ,Utz Brands Inc Class A Common Stock,1759,800593,2.5,12.43,-0.16,-0.08,-4.75,-7.32,-1.77,-9.98,-27.67,-41.91,0,0,0,0,0,-1,-1,-1,-1,-1,-14.22,-14.22,-31.02,0,6.97,6.97,-11.72,-11.49,-27.88,-41.38,-61.2,0.878634,13,-7.32,5.17,-8.06,-16.09,-11.15,-11.72,-0.39,-17.12,-10.99,-17.61,1.007806,52
24-09-2025,NYSE:AHH,"Armada Hoffler Properties, Inc. Common Stock",733,540698,2.11,7.23,-0.41,-3.32,-0.14,1.38,2.07,-9.27,-42.32,-69.43,0,0,0,0,0,-1,-1,-1,-1,-1,-4.37,-8.48,-40.98,8.07,13.5,13.5,-3.02,-7.65,-27.17,-56.03,-88.72,0.878617,13,1.38,0.70,-11.58,-30.25,-19.05,-3.02,-4.86,-20.64,-25.15,-25.51,1.043905,76
24-09-2025,NYSE:PHR,"Phreesia, Inc. Common Stock",1418,1247912,4.71,23.66,-0.59,1.61,-7.10,-28.44,-16.69,-18.77,-0.76,0.30,0,0,0,0,0,-1,-1,-1,-1,-1,-27.31,-27.31,-27.31,1.63,1.76,31.15,-32.84,-26.41,-36.67,-14.47,-18.99,0.878566,13,-28.44,9.15,-1.77,15.16,1.05,-32.84,3.59,-10.83,20.26,-5.41,0.931771,4
24-09-2025,NYSE:VTLE,"Vital Energy, Inc. Common Stock, par value $0.01 per share",711,1430686,5.38,18.37,7.24,10.83,9.04,1.58,8.93,-21.61,-51.82,-61.89,0,HV2Y,HV2Y,0,0,-1,-1,-1,-1,-1,-9.91,-18.21,-49.71,28.01,41.31,41.31,-2.82,-0.79,-39.51,-65.53,-81.18,0.878563,13,1.58,7.47,-33.53,-24.84,-6.63,-2.82,1.91,-42.59,-19.74,-13.09,1.058761,81
24-09-2025,NASDAQ:JKHY,"Jack Henry & Associates, Inc. - Common Stock",11040,876816,1.6,151.5,0.99,-5.47,-5.02,-6.72,-17.53,-15.37,-16.17,-14.58,0,0,0,0,0,-1,-1,-1,-1,-1,-16.8,-18.56,-20.8,0.99,0.99,0.99,-11.12,-27.25,-33.27,-29.88,-33.87,0.878508,13,-6.72,-10.13,1.84,-0.69,1.36,-11.12,-15.69,-7.22,4.41,-5.1,0.960972,11
24-09-2025,NYSE:ACI,"Albertsons Companies, Inc. Class A Common Stock",9920,5932620,1.77,17.58,-0.79,-4.95,-6.54,-11.04,-23.38,-18.32,-7.79,-5.57,0,0,0,0,0,-1,-1,-1,-1,-1,-22.69,-23.26,-23.26,0,0,0,-15.44,-33.1,-36.22,-21.5,-24.86,0.878461,13,-11.04,-11.12,4.10,8.89,2.06,-15.44,-16.68,-4.96,13.99,-4.4,0.940712,6
24-09-2025,NASDAQ:SMLR,"Semler Scientific, Inc. - Common Stock",468,1190737,6,31.62,-3.18,12.46,11.39,5.06,-29.79,-34.03,-93.99,26.22,HV2Y,0,HVQ,2,HV2Y,18.63,-1,-1,-1,-1,-31.22,-31.22,-57.69,14.23,14.23,41.79,0.66,-39.51,-51.93,-107.7,6.93,0.878416,13,5.06,-36.71,-3.27,-44.74,61.97,0.66,-42.27,-12.33,-39.64,55.51,0.962993,12
24-09-2025,NASDAQ:FIVN,"Five9, Inc. - Common Stock",1995,1817824,3.73,25.82,-0.81,-0.46,2.09,-3.41,-3.06,-18.98,-60.65,-7.55,0,0,0,0,0,-1,-1,-1,-1,-1,-11.45,-15.95,-40.52,7.36,19.87,19.87,-7.81,-12.78,-36.88,-74.36,-26.84,0.878324,13,-3.41,0.34,-15.45,-35.03,33.05,-7.81,-5.22,-24.51,-29.93,26.59,1.000626,45
24-09-2025,NYSE:SAFE,Safehold Inc. New Common Stock,1157,376290,3.08,15.6,-3.23,-5.19,-2.82,-2.63,3.01,-14.04,-26.67,-72.76,0,0,0,0,0,-1,-1,-1,-1,-1,-6.81,-16.67,-42.56,13.87,13.87,13.87,-7.03,-6.71,-31.94,-40.38,-92.05,0.878316,13,-2.63,5.50,-17.58,-11.07,-36.39,-7.03,-0.06,-26.64,-5.97,-42.85,1.04168,75
24-09-2025,NYSE:PFLT,PennantPark Floating Rate Capital Ltd. Common Stock,927,1000241,1.47,9.34,-1.27,-4.71,-8.67,-7.92,-8.99,-21.63,-14.67,-22.70,0,0,0,0,0,-1,-1,-1,-1,-1,-13.68,-18.21,-21.45,0,1.74,1.74,-12.32,-18.71,-39.53,-28.38,-41.99,0.878297,13,-7.92,-0.99,-11.59,5.72,-7.00,-12.32,-6.55,-20.65,10.82,-13.46,0.980203,23
24-09-2025,NYSE:ARX,Accelerant Holdings Class A Common Shares,3394,1589872,7.68,15.43,-3.32,-6.74,-27.35,-93.45,NA,NA,NA,NA,0,0,0,0,0,NA,-1,-1,-1,-1,-48.65,-48.65,-48.65,0,0,0,-97.85,0,0,0,0,0.878046,13,-93.45,NA,NA,NA,NA,-97.85,0,0,0,0,0.929474,4
24-09-2025,NYSE:NCDL,Nuveen Churchill Direct Lending Corp. Common Stock,730,204756,1.67,14.61,-1.22,-2.19,-7.05,-8.35,-11.57,-18.00,-15.20,-20.88,0,0,0,0,0,-1,-1,-1,-1,-1,-14.66,-16.32,-18.01,0,0,0,-12.75,-21.29,-35.9,-28.91,-40.17,0.877998,13,-8.35,-2.97,-5.77,2.38,-4.93,-12.75,-8.53,-14.83,7.48,-11.39,0.97345,18
24-09-2025,NASDAQ:FOXF,Fox Factory Holding Corp. - Common Stock,1061,460187,3.38,25.38,-0.78,-2.52,-10.32,-18.87,2.44,-0.35,-16.94,-69.46,0,0,0,0,0,-1,-1,-1,-1,-1,-16.54,-16.54,-41.92,2.5,38.16,38.16,-23.27,-7.28,-18.25,-30.65,-88.75,0.877991,13,-18.87,17.93,-2.87,-16.53,-44.91,-23.27,12.37,-11.93,-11.43,-51.37,1.022782,65
24-09-2025,NASDAQ:CFLT,"Confluent, Inc. - Class A Common Stock",6805,7217946,4.13,19.74,-0.70,0.81,-1.37,9.83,-21.02,-36.22,-44.33,-3.14,0,0,0,HVY,HVY,-1,-1,-1,-1,-1,-27.82,-27.82,-47.57,24.07,24.07,24.07,5.43,-30.74,-54.12,-58.04,-22.43,0.877926,13,9.83,-34.21,-12.56,-5.95,28.54,5.43,-39.77,-21.62,-0.85,22.08,0.976053,20
24-09-2025,NASDAQ:CZR,"Caesars Entertainment, Inc. - Common Stock",5478,9118624,3.98,26.34,-0.23,3.45,2.70,-1.56,-8.58,-4.56,-25.55,-57.37,0,0,0,0,HV2Y,-1,-1,-1,-1,-1,-16.41,-16.41,-42.17,9.75,13.63,13.63,-5.96,-18.3,-22.46,-39.26,-76.66,0.877703,13,-1.56,-6.92,3.71,-20.08,-25.34,-5.96,-12.48,-5.35,-14.98,-31.8,1.010514,55
24-09-2025,NASDAQ:IART,Integra LifeSciences Holdings Corporation - Common Stock,1084,1230797,4.44,13.91,-0.43,-6.40,-10.64,-2.59,14.67,-59.45,-56.07,-25.09,0,0,0,0,0,-1,-1,-1,-1,-1,-13.01,-37.29,-47.9,24.98,24.98,24.98,-6.99,4.95,-77.35,-69.78,-44.38,0.877681,13,-2.59,16.82,-86.86,2.12,19.85,-6.99,11.26,-95.92,7.22,13.39,1.065957,84
24-09-2025,NYSE:GMRE,Global Medical REIT Inc. Common Stock,484,206102,3.05,33.57,-6.93,-13.20,-13.79,-9.17,3.04,-24.81,-18.41,-44.77,0,0,0,0,0,-1,-1,-1,-1,-1,-13.14,-23.27,-32.45,3.77,8.99,8.99,-13.57,-6.68,-42.71,-32.12,-64.06,0.877676,13,-9.17,11.19,-28.73,5.13,-22.26,-13.57,5.63,-37.79,10.23,-28.72,1.019631,63
24-09-2025,NYSE:ATKR,Atkore Inc. Common Stock,2054,612452,2.63,61.04,0.56,2.03,0.56,3.59,-14.66,-5.18,-35.52,-42.56,0,0,0,0,0,-1,-1,-1,-1,-1,-23.36,-23.36,-41.56,13.35,17.34,17.34,-0.81,-24.38,-23.08,-49.23,-61.85,0.877505,13,3.59,-18.93,8.27,-28.85,-5.20,-0.81,-24.49,-0.79,-23.75,-11.66,0.999663,44
24-09-2025,NYSE:BALL,Ball Corporation Common Stock,13259,2312340,1.93,48.72,0.41,-0.66,-2.77,-8.81,-16.48,-3.41,-13.63,-36.10,0,0,0,0,0,-1,-1,-1,-1,-1,-18.39,-18.39,-28.26,0.41,8.41,8.41,-13.21,-26.2,-21.31,-27.34,-55.39,0.8774,13,-8.81,-7.06,11.22,-9.88,-19.78,-13.21,-12.62,2.16,-4.78,-26.24,0.97522,19
24-09-2025,NYSE:RLI,RLI Corp. Common Stock (DE),5956,586226,1.51,64.86,0.15,-0.85,-2.14,-4.26,-9.88,-20.26,-27.31,-17.65,0,0,0,0,0,-1,-1,-1,-1,-1,-10.19,-19.75,-28.29,0.39,0.39,0.39,-8.66,-19.6,-38.16,-41.02,-36.94,0.877369,13,-4.26,-5.40,-9.44,-5.87,7.59,-8.66,-10.96,-18.5,-0.77,1.13,0.980661,23
24-09-2025,NYSE:OGN,Organon & Co. Common Stock,2706,3866393,3.96,10.41,-1.23,-0.38,1.44,12.97,3.94,-41.40,-38.71,-87.22,0,0,0,0,0,-1,-1,-1,-1,-1,-4.06,-30.09,-47.21,23.93,29.48,29.48,8.57,-5.78,-59.3,-52.42,-106.51,0.877257,13,12.97,-10.38,-47.20,1.90,-34.97,8.57,-15.94,-56.26,7,-41.43,1.077857,87
24-09-2025,NYSE:LZB,La-Z-Boy Incorporated Common Stock,1415,573492,2.2,34.33,-0.09,1.63,-1.19,-6.67,-8.01,-15.18,-23.91,-26.57,0,0,0,0,HV2Y,-1,-1,-1,-1,-1,-14.24,-22.47,-28.51,1.9,1.9,1.9,-11.07,-17.73,-33.08,-37.62,-45.86,0.877242,13,-6.67,-1.26,-6.63,-7.59,-2.14,-11.07,-6.82,-15.69,-2.49,-8.6,0.986202,29
24-09-2025,NYSE:AVNT,Avient Corporation Common Stock,3088,507188,2.51,33.73,-1.92,-6.40,-8.15,-11.65,2.82,-17.02,-23.60,-42.60,0,0,0,0,0,-1,-1,-1,-1,-1,-10.91,-14.54,-36.56,6.84,16.59,16.59,-16.05,-6.9,-34.92,-37.31,-61.89,0.877229,13,-11.65,12.96,-20.41,-5.62,-15.38,-16.05,7.4,-29.47,-0.52,-21.84,1.013829,58
24-09-2025,NASDAQ:ACTG,Acacia Research Corporation - Common Stock,322,200682,3.88,3.28,-1.20,-3.66,2.44,-1.83,-11.28,-3.66,-31.40,-42.68,0,0,0,0,0,-1,-1,-1,-1,-1,-17.38,-17.38,-31.52,4.13,15.49,15.49,-6.23,-21,-21.56,-45.11,-61.97,0.877143,13,-1.83,-9.28,6.85,-26.76,-8.58,-6.23,-14.84,-2.21,-21.66,-15.04,0.998059,42
24-09-2025,NYSE:BV,"BrightView Holdings, Inc. Common Stock",1249,957806,2.72,13.16,-0.45,-1.37,-5.24,-11.17,-20.44,-0.61,-20.67,-19.45,0,0,0,0,HV2Y,-1,-1,-1,-1,-1,-21.9,-22.31,-29.74,0,7.87,7.87,-15.57,-30.16,-18.51,-34.38,-38.74,0.877001,13,-11.17,-8.34,16.47,-19.94,1.01,-15.57,-13.9,7.41,-14.84,-5.45,0.958057,10
24-09-2025,NYSE:CHD,"Church & Dwight Company, Inc. Common Stock",21160,2036694,1.75,86.86,-0.38,-5.92,-7.07,-6.78,-9.66,-20.57,-21.86,-19.04,0,0,0,0,0,-1,-1,-1,-1,-1,-12.34,-21.58,-23.27,0.21,0.21,0.21,-11.18,-19.38,-38.47,-35.57,-38.33,0.876936,13,-6.78,-2.70,-9.95,-1.07,2.31,-11.18,-8.26,-19.01,4.03,-4.15,0.978287,21
24-09-2025,NYSE:ATR,"AptarGroup, Inc. Common Stock",8663,449547,1.67,131.5,-0.39,-2.40,-3.61,-6.13,-17.06,-11.95,-20.81,-18.56,0,0,0,0,0,-1,-1,-1,-1,-1,-18.74,-18.74,-25.35,0,0,0,-10.53,-26.78,-29.85,-34.52,-37.85,0.876922,12,-6.13,-10.30,4.37,-7.92,1.86,-10.53,-15.86,-4.69,-2.82,-4.6,0.965744,13
24-09-2025,NASDAQ:JBHT,"J.B. Hunt Transport Services, Inc. - Common Stock",12862,1149237,2.45,132.87,0.67,-1.24,-3.06,-7.44,-7.43,-12.85,-26.51,-27.20,0,0,0,0,0,-1,-1,-1,-1,-1,-14.09,-14.09,-32.62,1.7,6.53,6.53,-11.84,-17.15,-30.75,-40.22,-46.49,0.876876,12,-7.44,0.01,-5.05,-12.10,-0.54,-11.84,-5.55,-14.11,-7,-7,0.98735,30
24-09-2025,NYSE:NPWR,NET Power Inc. Class A Common Stock,618,981457,7.81,2.82,-3.42,20.57,25.89,9.93,20.21,-2.84,-221.28,-146.10,0,0,0,0,HV2Y,-1,-1,-1,-1,-1,-15.32,-15.32,-78.78,34.93,88,88,5.53,10.49,-20.74,-234.99,-165.39,0.876764,12,9.93,11.42,-28.89,-212.41,23.40,5.53,5.86,-37.95,-207.31,16.94,1.225665,97
24-09-2025,NYSE:FOUR,"Shift4 Payments, Inc. Class A Common Stock",7157,1471322,2.85,80.93,-3.40,-7.28,-5.77,-11.75,-19.18,-7.12,-25.12,-7.38,0,0,0,0,0,-1,-1,-1,-1,-1,-24.23,-24.23,-35.6,0,11.63,11.63,-16.15,-28.9,-25.02,-38.83,-26.67,0.876732,12,-11.75,-6.65,10.12,-16.81,14.18,-16.15,-12.21,1.06,-11.71,7.72,0.951576,8
24-09-2025,NYSE:MATX,"Matson, Inc. Common Stock",3309,332144,2.31,104.08,-1.14,-1.95,1.00,0.10,-4.52,-26.99,-31.37,-29.44,0,0,0,0,0,-1,-1,-1,-1,-1,-10.51,-21.69,-37.81,2.37,11.78,11.78,-4.3,-14.24,-44.89,-45.08,-48.73,0.876697,12,0.10,-4.62,-21.50,-3.45,1.47,-4.3,-10.18,-30.56,1.65,-4.99,1.004491,48
24-09-2025,NASDAQ:PACB,"Pacific Biosciences of California, Inc. - Common Stock",375,5664180,5.53,1.25,-3.10,1.60,2.40,-5.60,2.40,-4.80,-54.40,-46.00,0,0,0,0,0,-1,-1,-1,-1,-1,-26.04,-26.04,-52.83,6.84,37.33,37.33,-10,-7.32,-22.7,-68.11,-65.29,0.876517,12,-5.60,7.58,-7.38,-47.33,5.44,-10,2.02,-16.44,-42.23,-1.02,1.029006,70
24-09-2025,NASDAQ:CBRL,"Cracker Barrel Old Country Store, Inc. - Common Stock",976,2009374,4.91,43.81,-0.50,-13.19,-12.23,-23.86,-40.74,8.47,-18.99,5.11,0,HVY,0,0,0,-1,-1,-1,-1,-1,-39.03,-39.03,-39.03,0.71,24.78,24.78,-28.26,-50.46,-9.43,-32.7,-14.18,0.876446,12,-23.86,-13.63,34.97,-30.00,20.26,-28.26,-19.19,25.91,-24.9,13.8,0.910262,2
24-09-2025,NASDAQ:AMPH,"Amphastar Pharmaceuticals, Inc. - Common Stock",1249,469540,3.08,27.41,-1.72,1.50,-7.00,-11.27,10.32,-3.83,-43.93,-82.74,0,HVQ,HVQ,0,0,-1,-1,-1,-1,-1,-11.04,-11.04,-48.67,32.93,32.93,32.93,-15.67,0.6,-21.73,-57.64,-102.03,0.876384,12,-11.27,19.41,-15.79,-38.62,-26.97,-15.67,13.85,-24.85,-33.52,-33.43,1.058014,81
24-09-2025,NASDAQ:CMCSA,Comcast Corporation - Class A Common Stock,116711,24438181,2.02,31.61,-0.03,-2.59,-5.92,-7.59,-10.22,-16.86,-18.32,-26.89,0,0,0,0,0,-1,-1,-1,-1,-1,-12.99,-15.41,-29.97,0.64,0.64,0.64,-11.99,-19.94,-34.76,-32.03,-46.18,0.876094,12,-7.59,-2.44,-6.03,-1.25,-7.25,-11.99,-8,-15.09,3.85,-13.71,0.98069,23
24-09-2025,NYSE:AXTA,Axalta Coating Systems Ltd. Common Shares,6159,2592423,2.33,28.44,-2.57,-7.24,-8.79,-10.16,-4.29,-20.18,-21.10,-26.83,0,0,0,0,HV2Y,-1,-1,-1,-1,-1,-12.17,-16.79,-31.12,2.23,2.23,2.23,-14.56,-14.01,-38.08,-34.81,-46.12,0.876093,12,-10.16,5.33,-15.24,-0.76,-4.73,-14.56,-0.23,-24.3,4.34,-11.19,0.990076,33
24-09-2025,NASDAQ:MMSI,"Merit Medical Systems, Inc. - Common Stock",4920,685627,2.19,83.08,-0.76,0.46,-6.87,-6.11,-11.52,-26.07,-15.88,-19.84,0,0,0,0,0,-1,-1,-1,-1,-1,-13.47,-22.38,-24.67,0.47,0.47,0.47,-10.51,-21.24,-43.97,-29.59,-39.13,0.875965,12,-6.11,-5.09,-13.05,8.09,-3.42,-10.51,-10.65,-22.11,13.19,-9.88,0.976142,20
24-09-2025,NASDAQ:GOOD,Gladstone Commercial Corporation - Real Estate Investment Trust,681,461006,1.52,12.67,-1.09,-2.21,-1.42,-4.10,-10.81,-16.57,-26.36,-24.63,0,0,0,0,0,-1,-1,-1,-1,-1,-13.34,-15.93,-28.26,0,0,0,-8.5,-20.53,-34.47,-40.07,-43.92,0.87594,12,-4.10,-6.44,-5.20,-8.40,1.37,-8.5,-12,-14.26,-3.3,-5.09,0.983015,25
24-09-2025,NASDAQ:NCMI,"National CineMedia, Inc. - Common Stock",445,428241,3.77,4.75,-0.63,0.00,5.05,5.68,-3.58,-24.21,-41.89,-44.21,0,0,0,0,0,-1,-1,-1,-1,-1,-6.86,-21.49,-36.24,12.56,12.56,12.56,1.28,-13.3,-42.11,-55.6,-63.5,0.875913,12,5.68,-9.82,-19.92,-14.24,-1.63,1.28,-15.38,-28.98,-9.14,-8.09,1.023163,66
24-09-2025,NASDAQ:SAIC,Science Applications International Corporation - Common Stock,4603,650316,2.64,100.01,1.44,-2.78,-3.10,-18.69,-7.59,-8.46,-10.10,-35.47,0,0,0,HV2Y,HV2Y,-1,-1,-1,-1,-1,-17.07,-18.96,-35.1,1.44,1.44,4.43,-23.09,-17.31,-26.36,-23.81,-54.76,0.875616,12,-18.69,9.35,-0.81,-1.51,-23.04,-23.09,3.79,-9.87,3.59,-29.5,0.980119,23
24-09-2025,NASDAQ:NEO,"NeoGenomics, Inc. - Common Stock",1017,3013218,5.86,7.87,-3.20,-3.05,4.96,18.04,8.77,-26.56,-108.39,-106.86,0,0,0,0,0,-1,-1,-1,-1,-1,-10.67,-23.37,-57.71,62.6,62.6,62.6,13.64,-0.95,-44.46,-122.1,-126.15,0.875525,12,18.04,-11.32,-38.72,-64.66,0.73,13.64,-16.88,-47.78,-59.56,-5.73,1.11725,92
24-09-2025,NASDAQ:ADV,Advantage Solutions Inc.  - Class A Common Stock,567,728032,5.56,1.75,0.57,-7.43,-9.14,-8.00,14.57,5.71,-78.29,-128.57,0,0,HVQ,0,0,-1,-1,-1,-1,-1,-10.71,-10.71,-56.25,34.62,60.55,60.55,-12.4,4.85,-12.19,-92,-147.86,0.875375,12,-8.00,20.90,-10.37,-89.09,-28.21,-12.4,15.34,-19.43,-83.99,-34.67,1.108153,91
24-09-2025,NYSE:MSDL,Morgan Stanley Direct Lending Fund Common Stock,1485,676584,1.3,16.91,-1.11,-3.19,-4.55,-4.26,-13.01,-22.53,-22.06,-19.22,0,0,0,0,0,-1,-1,-1,-1,-1,-14.55,-18.97,-21.75,0,0,0,-8.66,-22.73,-40.43,-35.77,-38.51,0.875146,12,-4.26,-8.39,-8.42,0.39,2.33,-8.66,-13.95,-17.48,5.49,-4.13,0.975156,19
24-09-2025,NYSE:INFY,Infosys Limited American Depositary Shares,70050,20445396,2.06,17.03,0.89,-3.82,0.29,-1.76,-8.69,-10.57,-37.52,-34.17,0,0,0,0,HV2Y,-1,-1,-1,-1,-1,-10.18,-10.18,-27.28,6.57,6.57,6.57,-6.16,-18.41,-28.47,-51.23,-53.46,0.875136,12,-1.76,-6.81,-1.73,-24.38,2.43,-6.16,-12.37,-10.79,-19.28,-4.03,0.997971,42
24-09-2025,NYSE:TNET,"TriNet Group, Inc. Common Stock",3306,368383,2.63,68.03,0.13,-0.04,0.04,-0.79,-7.26,-15.33,-30.19,-42.28,0,0,0,0,0,-1,-1,-1,-1,-1,-9.52,-21.31,-30.72,8.28,8.28,8.28,-5.19,-16.98,-33.23,-43.9,-61.57,0.87499,12,-0.79,-6.42,-7.52,-12.89,-9.28,-5.19,-11.98,-16.58,-7.79,-15.74,1.004414,48
24-09-2025,NYSE:BMY,Bristol-Myers Squibb Company Common Stock,89885,11986296,1.92,44.16,-1.67,-4.51,-6.77,-6.75,-5.71,-34.04,-27.49,-11.89,0,0,0,0,0,-1,-1,-1,-1,-1,-9.84,-27.59,-30.03,1.96,1.96,1.96,-11.15,-15.43,-51.94,-41.2,-31.18,0.874943,12,-6.75,0.98,-26.80,4.88,12.24,-11.15,-4.58,-35.86,9.98,5.78,0.984607,27
24-09-2025,NYSE:WFG,West Fraser Timber Co. Ltd Common stock,5458,218530,2.42,69.21,0.00,-5.14,-7.04,-8.44,-6.66,-12.76,-22.31,-37.42,0,0,0,0,0,-1,-1,-1,-1,-1,-11.22,-12.14,-31.57,0,0,0,-12.84,-16.38,-30.66,-36.02,-56.71,0.874839,12,-8.44,1.64,-5.72,-8.47,-12.36,-12.84,-3.92,-14.78,-3.37,-18.82,0.993311,37
24-09-2025,NASDAQ:LNW,"Light & Wonder, Inc.  - Common Stock",7112,1099871,2.69,84.72,-2.94,-4.05,-4.52,-10.62,-11.52,-26.88,-2.15,-32.87,0,0,0,0,0,-1,-1,-1,-1,-1,-16.21,-21.18,-24.81,8.8,8.89,8.89,-15.02,-21.24,-44.78,-15.86,-52.16,0.874811,12,-10.62,-0.81,-13.77,19.49,-30.08,-15.02,-6.37,-22.83,24.59,-36.54,0.981925,24
24-09-2025,NASDAQ:QFIN,"Qfin Holdings, Inc.  - American Depositary Shares",3928,1758463,3.46,31.17,-1.05,1.32,9.72,0.32,-45.01,-41.90,-21.62,17.36,0,0,0,0,0,-1,-1,-1,-1,-1,-31.04,-35.22,-35.22,10.89,10.89,21,-4.08,-54.73,-59.8,-35.33,-1.93,0.874631,12,0.32,-45.48,2.15,14.29,32.05,-4.08,-51.04,-6.91,19.39,25.59,0.913222,3
24-09-2025,NYSE:KBDC,"Kayne Anderson BDC, Inc. Common Stock",979,323532,1.75,13.81,-0.43,-3.55,-9.85,-7.89,-13.54,-20.49,-18.97,-17.60,0,0,0,0,0,-1,-1,-1,-1,-1,-14.96,-17.4,-22.94,0,0,0,-12.29,-23.26,-38.39,-32.68,-36.89,0.874567,12,-7.89,-5.23,-6.12,1.26,1.16,-12.29,-10.79,-15.18,6.36,-5.3,0.968765,15
24-09-2025,NASDAQ:GFS,GlobalFoundries Inc. - Ordinary Share,18329,2750458,2.76,33.15,0.24,2.87,3.95,-3.86,-16.35,-17.68,-24.59,-18.88,0,0,0,0,0,-1,-1,-1,-1,-1,-20.43,-20.43,-29.15,4.84,9.15,9.15,-8.26,-26.07,-35.58,-38.3,-38.17,0.874166,12,-3.86,-12.02,-1.14,-5.87,4.58,-8.26,-17.58,-10.2,-0.77,-1.88,0.969909,16
24-09-2025,NASDAQ:CHDN,"Churchill Downs, Incorporated - Common Stock",6873,628472,2.44,98.01,1.27,1.95,1.47,-5.33,-1.73,-15.32,-35.45,-40.48,0,0,0,0,0,-1,-1,-1,-1,-1,-13.84,-13.84,-33.53,2.84,11.39,11.39,-9.73,-11.45,-33.22,-49.16,-59.77,0.874119,12,-5.33,3.41,-13.36,-17.45,-3.71,-9.73,-2.15,-22.42,-12.35,-10.17,1.010266,55
24-09-2025,NASDAQ:VRTX,Vertex Pharmaceuticals Incorporated - Common Stock,96562,1565980,1.8,376.62,-0.82,-2.80,-3.17,-3.27,-18.37,-35.16,-5.32,-23.45,0,0,0,0,0,-1,-1,-1,-1,-1,-21.46,-26.08,-27.12,2.75,2.75,2.75,-7.67,-28.09,-53.06,-19.03,-42.74,0.873935,12,-3.27,-14.62,-14.18,22.08,-17.21,-7.67,-20.18,-23.24,27.18,-23.67,0.972032,17
24-09-2025,NYSE:ENOV,Enovis Corporation Common Stock,1787,1006279,3.48,31.26,0.32,-2.78,2.56,0.86,-2.78,-26.04,-35.92,-39.70,0,0,0,0,0,-1,-1,-1,-1,-1,-13.02,-20.66,-36.63,21.45,21.45,21.45,-3.54,-12.5,-43.94,-49.63,-58.99,0.873909,12,0.86,-3.68,-22.63,-7.84,-2.78,-3.54,-9.24,-31.69,-2.74,-9.24,1.015371,60
24-09-2025,NYSE:ZTS,Zoetis Inc. Class A Common Stock,62786,2601954,1.99,141.67,-0.66,-3.71,-5.47,-9.54,-10.98,-13.86,-15.42,-35.98,0,0,0,0,0,-1,-1,-1,-1,-1,-11.01,-16.81,-27.49,0,0,0,-13.94,-20.7,-31.76,-29.13,-55.27,0.873318,12,-9.54,-1.31,-2.59,-1.38,-17.81,-13.94,-6.87,-11.65,3.72,-24.27,0.982843,25
24-09-2025,NASDAQ:PRAA,"PRA Group, Inc. - Common Stock",620,289074,3.07,15.87,-3.47,-5.23,-5.23,-8.63,6.49,-31.88,-33.46,-39.26,0,0,0,0,HV2Y,-1,-1,-1,-1,-1,-8.48,-27.73,-35.8,7.59,19.5,19.5,-13.03,-3.23,-49.78,-47.17,-58.55,0.873275,11,-8.63,13.92,-41.04,-1.19,-4.34,-13.03,8.36,-50.1,3.91,-10.8,1.027741,69
24-09-2025,NYSE:IEX,IDEX Corporation Common Stock,12028,724508,1.96,159.76,0.23,0.11,-0.26,-3.89,-9.23,-15.40,-31.61,-30.65,0,0,0,0,0,-1,-1,-1,-1,-1,-13.96,-16.48,-32.32,1.42,1.42,1.42,-8.29,-18.95,-33.3,-45.32,-49.94,0.873235,11,-3.89,-5.13,-5.66,-14.04,0.73,-8.29,-10.69,-14.72,-8.94,-5.73,0.99064,34
24-09-2025,NASDAQ:ALVO,Alvotech - Ordinary Shares,2589,370804,2.9,8.7,8.61,8.51,6.78,2.87,-5.98,-32.87,-37.59,-28.51,HV2Y,0,0,0,0,4.24,-1,-1,-1,-1,-11.31,-25.39,-35.65,11.25,11.25,11.25,-1.53,-15.7,-50.77,-51.3,-47.8,0.873229,11,2.87,-9.11,-25.38,-3.55,6.60,-1.53,-14.67,-34.44,1.55,0.14,1.006034,51
24-09-2025,NASDAQ:SAIA,"Saia, Inc. - Common Stock",7993,511029,3.76,300.08,-0.75,-2.69,-2.44,-2.86,9.99,-26.13,-64.93,-45.55,0,0,0,0,0,-1,-1,-1,-1,-1,-10.05,-20.72,-47.27,11.1,26.8,26.8,-7.26,0.27,-44.03,-78.64,-64.84,0.873133,11,-2.86,12.50,-40.13,-30.76,11.75,-7.26,6.94,-49.19,-25.66,5.29,1.052152,79
24-09-2025,NYSE:CSL,Carlisle Companies Incorporated Common Stock,14189,614793,3.47,331.9,-1.15,-0.63,-13.84,-18.30,-12.02,-5.20,-13.85,-31.66,0,0,0,0,0,-1,-1,-1,-1,-1,-23.72,-23.72,-30.99,0.12,4.67,4.67,-22.7,-21.74,-23.1,-27.56,-50.95,0.87303,11,-18.30,5.31,6.09,-8.23,-15.64,-22.7,-0.25,-2.97,-3.13,-22.1,0.970268,16
24-09-2025,NASDAQ:BMRN,BioMarin Pharmaceutical Inc. - Common Stock,10325,1978363,2.57,53.77,0.67,-1.12,-1.36,-8.80,-0.69,-33.03,-20.89,-31.47,0,0,0,0,0,-1,-1,-1,-1,-1,-13.18,-26.17,-26.17,1.19,1.19,1.19,-13.2,-10.41,-50.93,-34.6,-50.76,0.873028,11,-8.80,7.45,-32.12,9.13,-8.75,-13.2,1.89,-41.18,14.23,-15.21,1.00476,49
24-09-2025,NASDAQ:EEFT,"Euronet Worldwide, Inc. - Common Stock",3604,898218,2.03,87.91,0.62,-1.04,-2.28,-9.14,-14.98,-23.48,-17.28,-14.50,0,0,0,0,0,-1,-1,-1,-1,-1,-18.12,-22.02,-22.02,0.62,0.62,0.62,-13.54,-24.7,-41.38,-30.99,-33.79,0.873002,11,-9.14,-5.35,-7.39,5.02,2.37,-13.54,-10.91,-16.45,10.12,-4.09,0.963037,12
24-09-2025,NYSE:FBIN,"Fortune Brands Innovations, Inc. Common Stock",6470,1565697,2.69,53.9,-0.42,-5.58,-8.96,-11.08,4.64,-16.49,-27.20,-60.61,0,0,0,0,0,-1,-1,-1,-1,-1,-12.36,-14.16,-40.12,5.07,11.92,11.92,-15.48,-5.08,-34.39,-40.91,-79.9,0.872998,11,-11.08,14.15,-22.16,-9.19,-26.27,-15.48,8.59,-31.22,-4.09,-32.73,1.029516,70
24-09-2025,NYSE:OWL,Blue Owl Capital Inc. Class A Common Stock,26791,8972438,2.91,17.29,-7.24,-7.29,-7.63,-7.58,-10.06,-25.22,-33.60,-8.62,0,0,0,0,0,-1,-1,-1,-1,-1,-16.88,-20.14,-35.19,0,8.74,8.74,-11.98,-19.78,-43.12,-47.31,-27.91,0.872975,11,-7.58,-2.31,-13.77,-6.70,18.70,-11.98,-7.87,-22.83,-1.6,12.24,0.973033,17
24-09-2025,NYSE:TWO,Two Harbors Investment Corp,1022,1650977,1.87,9.83,0.20,-2.03,-3.36,0.20,-6.10,-38.35,-16.99,-41.81,0,0,0,0,0,-1,-1,-1,-1,-1,-10.8,-27.72,-30.68,2.72,2.72,2.72,-4.2,-15.82,-56.25,-30.7,-61.1,0.87279,11,0.20,-6.32,-30.39,15.44,-21.22,-4.2,-11.88,-39.45,20.54,-27.68,1.01103,56
24-09-2025,NYSE:BXSL,Blackstone Secured Lending Fund Common Shares of Beneficial Interest,6232,2002546,1.57,27.07,-0.77,-1.74,-6.28,-9.31,-15.96,-23.86,-17.62,-12.30,0,0,0,0,0,-1,-1,-1,-1,-1,-16.84,-19.27,-21.54,0,0.71,0.71,-13.71,-25.68,-41.76,-31.33,-31.59,0.872771,11,-9.31,-6.08,-6.82,5.04,4.52,-13.71,-11.64,-15.88,10.14,-1.94,0.959843,10
24-09-2025,NASDAQ:RXRX,"Recursion Pharmaceuticals, Inc. - Class A Common Stock",2121,22418439,5.61,4.88,1.46,3.48,6.97,1.02,-5.74,-33.81,-24.80,-39.34,0,0,0,HV2Y,HV2Y,-1,-1,-1,-1,-1,-25.38,-25.38,-55.11,7.96,22.92,22.92,-3.38,-15.46,-51.71,-38.51,-58.63,0.87265,11,1.02,-6.83,-26.55,6.74,-11.66,-3.38,-12.39,-35.61,11.84,-18.12,1.009577,54
24-09-2025,NYSE:ASPN,"Aspen Aerogels, Inc. Common Stock",575,1520831,5.68,6.98,-1.97,5.44,10.17,0.72,17.91,-2.44,-71.78,-293.41,0,0,0,0,HV2Y,-1,-1,-1,-1,-1,-15.5,-15.5,-75.54,21.82,61.95,61.95,-3.68,8.19,-20.34,-85.49,-312.7,0.872419,11,0.72,17.32,-24.78,-67.69,-129.02,-3.68,11.76,-33.84,-62.59,-135.48,1.19284,96
24-09-2025,NYSE:FICO,Fair Isaac Corporation Common Stock,37042,305375,3.15,1543.18,0.55,-0.56,0.83,7.73,-22.70,-24.40,-32.51,-25.37,0,0,0,0,0,-1,-1,-1,-1,-1,-18.5,-30.05,-35.23,17.69,17.69,17.69,3.33,-32.42,-42.3,-46.22,-44.66,0.872376,11,7.73,-32.98,-1.38,-6.52,5.39,3.33,-38.54,-10.44,-1.42,-1.07,0.979539,22
24-09-2025,NYSE:WIT,Wipro Limited Common Stock,29443,6739521,1.76,2.72,-0.37,-5.88,-3.31,-4.04,-13.24,-15.44,-36.40,-18.93,0,0,0,0,0,-1,-1,-1,-1,-1,-12.54,-13.38,-27.85,3.62,3.62,3.62,-8.44,-22.96,-33.34,-50.11,-38.22,0.872368,11,-4.04,-8.83,-1.95,-18.15,12.80,-8.44,-14.39,-11.01,-13.05,6.34,0.977849,21
24-09-2025,NASDAQ:VRSK,"Verisk Analytics, Inc. - Common Stock",33944,1198154,1.91,242.95,0.27,-2.77,-8.16,-9.93,-25.20,-18.44,-13.43,-9.01,0,0,0,0,0,-1,-1,-1,-1,-1,-22.37,-24.39,-24.39,0.27,0.27,0.27,-14.33,-34.92,-36.34,-27.14,-28.3,0.872205,11,-9.93,-13.89,5.40,4.23,3.89,-14.33,-19.45,-3.66,9.33,-2.57,0.941932,6
24-09-2025,NYSE:XPOF,"Xponential Fitness, Inc. Class A Common Stock",392,592351,4.76,8.05,0.63,-0.99,-4.10,-5.59,3.98,-1.61,-71.30,-58.14,0,0,0,0,0,-1,-1,-1,-1,-1,-26.88,-26.88,-56.42,13.54,13.54,13.54,-9.99,-5.74,-19.51,-85.01,-77.43,0.872026,11,-5.59,9.06,-5.82,-68.58,7.69,-9.99,3.5,-14.88,-63.48,1.23,1.046478,77
24-09-2025,NASDAQ:RELY,"Remitly Global, Inc. - Common stock",3359,3648832,3.59,16.29,-1.99,-7.00,-15.84,-15.04,-20.38,-29.04,-32.66,13.26,0,0,HV2Y,0,0,-1,-1,-1,-1,-1,-19.56,-33.48,-39.98,3.17,3.17,28.37,-19.44,-30.1,-46.94,-46.37,-6.03,0.871612,11,-15.04,-4.64,-7.19,-2.81,34.61,-19.44,-10.2,-16.25,2.29,28.15,0.935081,5
24-09-2025,NASDAQ:ABSI,Absci Corporation - Common Stock,372,4290391,6.29,2.6,-3.35,-3.85,2.31,-1.15,-8.08,-19.23,-16.92,-65.77,0,0,HVQ,0,HV2Y,-1,-1,-1,-1,-1,-28.37,-28.37,-55.33,11.11,16.33,16.33,-5.55,-17.8,-37.13,-30.63,-85.06,0.871584,11,-1.15,-6.84,-10.32,1.94,-41.78,-5.55,-12.4,-19.38,7.04,-48.24,1.016809,61
24-09-2025,NASDAQ:ADMA,ADMA Biologics Inc - Common Stock,3737,3505631,3.29,15.98,-0.31,1.81,-2.57,-11.39,-11.70,-27.16,-10.76,-23.53,0,0,0,0,HV2Y,-1,-1,-1,-1,-1,-19.74,-34.8,-34.8,4.44,4.44,4.44,-15.79,-21.42,-45.06,-24.47,-42.82,0.871535,11,-11.39,-0.28,-13.84,12.89,-11.53,-15.79,-5.84,-22.9,17.99,-17.99,0.972979,17
24-09-2025,NYSE:WAT,Waters Corporation Common Stock,17420,708836,2.94,292.65,-2.20,-3.77,-0.13,-2.15,-19.60,-25.93,-23.23,-15.00,0,0,0,0,HV2Y,-1,-1,-1,-1,-1,-18.03,-21.03,-29.87,5.38,5.38,5.38,-6.55,-29.32,-43.83,-36.94,-34.29,0.871477,11,-2.15,-17.08,-5.29,2.14,6.67,-6.55,-22.64,-14.35,7.24,0.21,0.964111,13
24-09-2025,NYSE:CHH,"Choice Hotels International, Inc. Common Stock",5129,421445,2.27,110.86,2.24,-0.23,-1.47,-7.63,-13.32,-19.50,-26.92,-17.29,0,0,0,0,0,-1,-1,-1,-1,-1,-18.06,-18.06,-28.92,2.52,2.52,2.52,-12.03,-23.04,-37.4,-40.63,-36.58,0.871442,11,-7.63,-5.29,-5.45,-6.20,7.58,-12.03,-10.85,-14.51,-1.1,1.12,0.970368,16
24-09-2025,NYSE:BAH,Booz Allen Hamilton Holding Corporation Common Stock,12236,1762264,2.3,99.28,0.97,-2.32,-3.24,-10.23,-2.07,-7.09,-29.59,-59.04,0,0,0,0,0,-1,-1,-1,-1,-1,-14.38,-23.45,-46.62,0.97,0.97,0.97,-14.63,-11.79,-24.99,-43.3,-78.33,0.871154,11,-10.23,7.40,-4.91,-21.01,-22.72,-14.63,1.84,-13.97,-15.91,-29.18,1.014511,59
24-09-2025,NASDAQ:PAYO,Payoneer Global Inc. - Common Stock,2331,3231875,3.11,6.47,-1.52,-4.79,0.00,-4.79,-4.48,-20.25,-55.64,-17.16,0,0,0,0,HV2Y,-1,-1,-1,-1,-1,-12.8,-16.84,-41.45,3.03,9.66,9.66,-9.19,-14.2,-38.15,-69.35,-36.45,0.87086,11,-4.79,0.29,-15.09,-29.43,24.73,-9.19,-5.27,-24.15,-24.33,18.27,0.998442,43
24-09-2025,NASDAQ:ALKT,"Alkami Technology, Inc. - Common Stock",2632,1223216,3.17,25.63,0.95,-0.23,0.27,1.37,-20.21,-7.45,-48.03,-25.05,0,0,0,0,0,-1,-1,-1,-1,-1,-16.81,-17.83,-39.29,27.39,27.39,27.39,-3.03,-29.93,-25.35,-61.74,-44.34,0.870213,11,1.37,-21.87,10.61,-37.76,15.52,-3.03,-27.43,1.55,-32.66,9.06,0.982113,24
24-09-2025,NYSE:WSO,"Watsco, Inc. Common Stock",15913,508532,2.59,390.65,-1.24,0.80,0.13,-4.44,-8.43,-32.58,-24.30,-25.33,0,0,0,0,0,-1,-1,-1,-1,-1,-20.27,-24.97,-31.32,2.28,2.28,2.28,-8.84,-18.15,-50.48,-38.01,-44.62,0.870174,11,-4.44,-3.82,-22.27,6.25,-0.83,-8.84,-9.38,-31.33,11.35,-7.29,0.988817,31
24-09-2025,NYSE:LPX,Louisiana-Pacific Corporation Common Stock,5807,753784,2.72,83.39,-3.14,-8.33,-14.41,-18.80,-4.94,-14.11,-23.68,-26.57,0,0,0,0,0,-1,-1,-1,-1,-1,-18.84,-18.84,-30.66,0,2.75,2.75,-23.2,-14.66,-32.01,-37.39,-45.86,0.870002,11,-18.80,11.67,-8.74,-8.39,-2.34,-23.2,6.11,-17.8,-3.29,-8.8,0.980375,23
24-09-2025,NYSE:YPF,YPF Sociedad Anonima Common Stock,11224,3377704,5.47,27.73,1.02,1.77,-3.28,-8.55,-19.22,-35.85,-49.37,14.71,0,0,0,0,0,-1,-1,-1,-1,-1,-23.4,-26.39,-39.76,16.17,16.17,30.74,-12.95,-28.94,-53.75,-63.08,-4.58,0.869935,11,-8.55,-9.83,-13.94,-9.95,42.90,-12.95,-15.39,-23,-4.85,36.44,0.948394,7
24-09-2025,NASDAQ:OLPX,"Olaplex Holdings, Inc. - Common Stock",914,936887,4.69,1.37,-1.44,-5.11,-2.92,-12.41,-10.95,8.03,-32.12,-64.23,0,HVQ,0,0,0,-1,-1,-1,-1,-1,-18.45,-18.45,-41.7,6.2,30.48,30.48,-16.81,-20.67,-9.87,-45.83,-83.52,0.869903,11,-12.41,1.30,17.11,-43.65,-24.31,-16.81,-4.26,8.05,-38.55,-30.77,1.004368,48
24-09-2025,NYSE:HRI,Herc Holdings Inc. Common Stock,4082,453756,4.8,122.82,-0.95,-3.96,-8.53,-7.27,-3.02,-16.45,-49.57,-26.50,0,0,0,0,HV2Y,-1,-1,-1,-1,-1,-18.05,-18.05,-48.67,11.15,20.01,20.01,-11.67,-12.74,-34.35,-63.28,-45.79,0.869798,10,-7.27,3.96,-13.04,-28.43,15.42,-11.67,-1.6,-22.1,-23.33,8.96,1.001659,46
24-09-2025,NYSE:BAK,Braskem SA ADR,1270,710115,3.62,3.21,4.56,-5.30,-2.49,-0.31,0.31,-14.95,-26.17,-113.71,0,0,HVY,HVY,0,-1,-1,-1,-1,-1,-12.53,-22.28,-57.43,13.03,13.03,13.03,-4.71,-9.41,-32.85,-39.88,-133,0.869591,10,-0.31,0.62,-15.31,-9.76,-69.38,-4.71,-4.94,-24.37,-4.66,-75.84,1.062384,83
24-09-2025,NASDAQ:WERN,"Werner Enterprises, Inc. - Common Stock",1583,672518,2.71,26.45,-0.82,-4.46,-4.76,-9.45,-2.53,-13.31,-37.50,-40.45,0,0,0,0,0,-1,-1,-1,-1,-1,-11.77,-12.07,-36.72,1.61,7.26,7.26,-13.85,-12.25,-31.21,-51.21,-59.74,0.86941,10,-9.45,6.32,-10.51,-21.35,-2.14,-13.85,0.76,-19.57,-16.25,-8.6,1.004646,49
24-09-2025,NYSE:RYAN,"Ryan Specialty Holdings, Inc. Class A Common Stock",14567,1851909,2.5,55.24,1.40,3.33,7.71,-5.09,-21.49,-31.30,-14.32,-15.01,0,0,0,0,0,-1,-1,-1,-1,-1,-18.75,-27.25,-27.25,8.36,8.36,8.36,-9.49,-31.21,-49.2,-28.03,-34.3,0.869281,10,-5.09,-15.61,-8.08,12.93,-0.60,-9.49,-21.17,-17.14,18.03,-7.06,0.957595,10
24-09-2025,NYSE:AVNS,"Avanos Medical, Inc. Common Stock",561,620025,3.44,12.1,1.00,1.98,0.66,4.13,-1.40,-16.78,-36.69,-99.50,0,0,0,0,0,-1,-1,-1,-1,-1,-4.87,-16.67,-49.88,22.35,22.35,22.35,-0.27,-11.12,-34.68,-50.4,-118.79,0.869239,10,4.13,-5.78,-15.16,-17.06,-45.95,-0.27,-11.34,-24.22,-11.96,-52.41,1.054799,80
24-09-2025,NYSE:AMCR,Amcor plc Ordinary Shares,18421,22875866,1.61,8.09,-1.94,-3.71,-1.24,-7.66,-13.47,-18.05,-16.69,-37.33,0,0,0,0,0,-1,-1,-1,-1,-1,-18.61,-18.61,-28.85,0,0,0,-12.06,-23.19,-35.95,-30.4,-56.62,0.869046,10,-7.66,-5.40,-4.03,1.15,-17.69,-12.06,-10.96,-13.09,6.25,-24.15,0.981341,24
24-09-2025,NYSE:BLDR,"Builders FirstSource, Inc. Common Stock",13183,1952455,3.54,119.25,-1.62,-8.41,-17.61,-19.00,2.76,-9.73,-22.68,-65.82,0,0,0,0,0,-1,-1,-1,-1,-1,-20.08,-20.08,-39.85,2.84,12.89,12.89,-23.4,-6.96,-27.63,-36.39,-85.11,0.868955,10,-19.00,18.29,-12.84,-11.80,-35.17,-23.4,12.73,-21.9,-6.7,-41.63,1.020393,64
24-09-2025,NYSE:CHE,Chemed Corp,6659,200197,2.1,456.98,0.68,-0.08,1.37,0.21,-20.90,-33.33,-14.18,-27.37,0,0,0,0,0,-1,-1,-1,-1,-1,-18.3,-26.2,-26.2,10.84,10.84,10.84,-4.19,-30.62,-51.23,-27.89,-46.66,0.868874,10,0.21,-21.16,-10.28,14.36,-11.55,-4.19,-26.72,-19.34,19.46,-18.01,0.973133,18
24-09-2025,NYSE:ELV,"Elevance Health, Inc. Common Stock",73494,2080145,2.53,326.38,0.82,5.48,6.01,3.79,-14.55,-29.75,-12.29,-65.41,0,0,0,0,0,-1,-1,-1,-1,-1,-17.53,-27.9,-39.54,18.83,18.83,18.83,-0.61,-24.27,-47.65,-26,-84.7,0.868837,10,3.79,-19.06,-13.27,13.46,-47.31,-0.61,-24.62,-22.33,18.56,-53.77,1.013316,58
24-09-2025,NASDAQ:XPEL,"XPEL, Inc. - Common Stock",899,253666,4.28,32.48,-2.90,-2.49,-10.10,-17.73,-9.39,-4.00,-28.45,-31.71,0,0,0,0,0,-1,-1,-1,-1,-1,-17.44,-17.44,-30.18,3.14,31.39,31.39,-22.13,-19.11,-21.9,-42.16,-51,0.868722,10,-17.73,7.09,4.93,-23.51,-2.54,-22.13,1.53,-4.13,-18.41,-9,0.977935,21
24-09-2025,NYSE:UMH,"UMH Properties, Inc. Common Stock",1272,780628,1.85,14.93,-0.33,-1.00,-0.80,-5.76,-11.05,-22.57,-24.05,-32.22,0,0,0,0,0,-1,-1,-1,-1,-1,-13.9,-20.67,-25.13,1.15,1.15,1.15,-10.16,-20.77,-40.47,-37.76,-51.51,0.868503,10,-5.76,-5.00,-10.37,-1.20,-6.59,-10.16,-10.56,-19.43,3.9,-13.05,0.985075,28
24-09-2025,NYSE:MKC,"McCormick & Company, Incorporated Common Stock",17499,2449480,2.09,65.2,1.40,-2.47,-5.18,-8.22,-12.94,-23.05,-20.00,-27.29,0,0,0,0,HV2Y,-1,-1,-1,-1,-1,-15.95,-20.79,-23.05,1.4,1.4,1.4,-12.62,-22.66,-40.95,-33.71,-46.58,0.868244,10,-8.22,-4.37,-8.95,2.48,-6.07,-12.62,-9.93,-18.01,7.58,-12.53,0.975747,19
24-09-2025,NYSE:ALC,Alcon Inc. Ordinary Shares,37478,1926196,1.5,75.2,-3.07,-3.24,-4.91,-9.07,-15.97,-22.81,-12.69,-30.76,0,0,0,HV2Y,0,-1,-1,-1,-1,-1,-18.46,-23.5,-24.85,0,0,0,-13.47,-25.69,-40.71,-26.4,-50.05,0.8678,10,-9.07,-6.33,-5.89,8.24,-16.04,-13.47,-11.89,-14.95,13.34,-22.5,0.971765,17
24-09-2025,NASDAQ:THRY,"Thryv Holdings, Inc. - Common Stock",530,471806,3.96,12.07,-0.82,-0.91,-3.98,-11.76,0.75,-25.02,-23.36,-51.53,0,0,0,0,0,-1,-1,-1,-1,-1,-12.85,-20.01,-40.01,2.64,17.76,17.76,-16.16,-8.97,-42.92,-37.07,-70.82,0.867372,10,-11.76,11.19,-25.96,1.33,-22.83,-16.16,5.63,-35.02,6.43,-29.29,1.015385,60
24-09-2025,NYSE:ITGR,Integer Holdings Corporation Common Stock,3608,424229,2.2,102.97,-0.18,0.27,0.49,-5.65,-17.32,-15.68,-29.06,-25.60,0,0,0,0,0,-1,-1,-1,-1,-1,-16.26,-18.88,-28.67,2.77,2.77,2.77,-10.05,-27.04,-33.58,-42.77,-44.89,0.867205,10,-5.65,-11.04,1.39,-11.56,2.68,-10.05,-16.6,-7.67,-6.46,-3.78,0.971157,16
24-09-2025,NYSE:WU,Western Union Company (The) Common Stock,2635,8673938,2.05,8.16,0.49,-2.21,-3.55,-3.43,-4.29,-28.06,-31.13,-43.87,0,0,0,0,0,-1,-1,-1,-1,-1,-7.69,-23.24,-33.06,3.03,3.03,3.03,-7.83,-14.01,-45.96,-44.84,-63.16,0.867095,10,-3.43,-0.83,-22.80,-2.39,-9.72,-7.83,-6.39,-31.86,2.71,-16.18,1.009034,54
24-09-2025,NASDAQ:CWST,"Casella Waste Systems, Inc. - Class A Common Stock",5761,531819,2.21,90.74,1.53,3.58,-0.85,-8.94,-26.10,-24.23,-16.15,-10.02,0,0,0,0,0,-1,-1,-1,-1,-1,-22.12,-24.62,-24.62,4.67,4.67,4.67,-13.34,-35.82,-42.13,-29.86,-29.31,0.867019,10,-8.94,-15.75,1.48,6.51,5.28,-13.34,-21.31,-7.58,11.61,-1.18,0.942645,6
24-09-2025,NYSE:TFX,Teleflex Incorporated Common Stock,5449,642661,2.4,123.29,0.97,-1.89,-5.68,-3.46,3.36,-12.95,-41.77,-96.69,0,0,0,0,0,-1,-1,-1,-1,-1,-6.95,-12.8,-50.15,12.3,12.3,12.3,-7.86,-6.36,-30.85,-55.48,-115.98,0.866715,10,-3.46,6.59,-16.87,-25.52,-38.74,-7.86,1.03,-25.93,-20.42,-45.2,1.054808,80
24-09-2025,NASDAQ:CHA,"Chagee Holdings Limited - American Depositary Shares, each representing 1 Class A ordinary share",3096,1376601,4.35,16.97,0.59,-4.83,-0.24,-31.88,-51.15,NA,NA,NA,0,0,0,0,0,-1,-1,-1,-1,-1,-40.97,-52.45,-52.45,2.54,2.54,2.54,-36.28,-60.87,0,0,0,0.866709,10,-31.88,-14.61,NA,NA,NA,-36.28,-20.17,0,0,0,0.830918,1
24-09-2025,NYSE:DHR,Danaher Corporation Common Stock,133121,3685396,2.27,185.91,-2.01,-3.78,-3.59,-11.74,-8.12,-14.25,-21.65,-46.65,0,0,0,0,0,-1,-1,-1,-1,-1,-12.39,-12.47,-33.13,0,6.45,6.45,-16.14,-17.84,-32.15,-35.36,-65.94,0.866393,10,-11.74,3.24,-5.67,-6.48,-20.55,-16.14,-2.32,-14.73,-1.38,-27.01,0.992698,36
24-09-2025,NYSE:TAP,Molson Coors Beverage Company Class B Common Stock,8999,2572510,2.1,45.31,2.77,-3.42,-8.25,-13.90,-4.26,-29.68,-29.44,-20.26,0,0,0,0,0,-1,-1,-1,-1,-1,-14.2,-27.46,-29.07,2.77,2.77,2.77,-18.3,-13.98,-47.58,-43.15,-39.55,0.866322,10,-13.90,8.47,-24.39,0.19,7.09,-18.3,2.91,-33.45,5.29,0.63,0.984746,27
24-09-2025,NASDAQ:TENB,"Tenable Holdings, Inc. - Common Stock",3623,1406708,2.6,29.92,-0.66,0.37,-0.07,-0.30,-12.03,-22.93,-36.83,-34.93,0,0,0,0,HV2Y,-1,-1,-1,-1,-1,-15.62,-18.65,-32.76,4.69,4.69,4.69,-4.7,-21.75,-40.83,-50.54,-54.22,0.866177,10,-0.30,-11.70,-9.73,-11.31,1.39,-4.7,-17.26,-18.79,-6.21,-5.07,0.992732,36
24-09-2025,NASDAQ:AURA,"Aura Biosciences, Inc. - Common Stock",383,269995,4.93,6.17,-0.80,1.13,-4.38,-5.67,-6.48,-14.75,-31.44,-55.11,0,0,0,0,0,-1,-1,-1,-1,-1,-14.66,-14.66,-47.44,3.35,25.92,25.92,-10.07,-16.2,-32.65,-45.15,-74.4,0.866124,10,-5.67,-0.77,-7.76,-14.55,-18.00,-10.07,-6.33,-16.82,-9.45,-24.46,1.007709,52
24-09-2025,NYSE:KMPR,Kemper Corporation,3249,910122,1.87,51.78,0.54,-1.68,-2.28,-2.20,-21.63,-30.63,-23.97,-16.90,0,0,0,0,0,-1,-1,-1,-1,-1,-20.02,-24.74,-28.18,6.94,6.94,6.94,-6.6,-31.35,-48.53,-37.68,-36.19,0.866074,10,-2.20,-19.01,-7.40,5.10,5.70,-6.6,-24.57,-16.46,10.2,-0.76,0.962315,11
24-09-2025,NASDAQ:NWL,Newell Brands Inc. - Common Stock,2288,7254507,3.75,5.46,1.30,-5.13,-11.17,-6.59,6.23,-20.51,-81.50,-36.26,0,0,0,0,0,-1,-1,-1,-1,-1,-14.55,-17.02,-53.05,14.71,21.87,21.87,-10.99,-3.49,-38.41,-95.21,-55.55,0.86572,10,-6.59,12.03,-28.52,-50.61,24.92,-10.99,6.47,-37.58,-45.51,18.46,1.039765,74
24-09-2025,NYSE:OKE,"ONEOK, Inc. Common Stock",46394,3511943,2.1,73.67,1.47,1.10,0.43,-1.03,-8.85,-38.97,-32.56,-27.56,0,0,0,0,0,-1,-1,-1,-1,-1,-11.74,-28.04,-37.06,3.24,3.24,3.24,-5.43,-18.57,-56.87,-46.27,-46.85,0.865629,10,-1.03,-7.74,-27.67,4.61,3.78,-5.43,-13.3,-36.73,9.71,-2.68,0.99505,38
24-09-2025,NASDAQ:UFPI,"UFP Industries, Inc. - Common Stock",5623,377398,2.53,93.11,-1.41,-4.31,-7.10,-13.85,-6.58,-18.13,-22.03,-40.48,0,0,0,0,0,-1,-1,-1,-1,-1,-14.18,-15.55,-33.02,0,0,0,-18.25,-16.3,-36.03,-35.74,-59.77,0.865542,10,-13.85,6.39,-10.83,-3.30,-15.12,-18.25,0.83,-19.89,1.8,-21.58,0.989974,33
24-09-2025,NASDAQ:CGBD,"Carlyle Secured Lending, Inc. - Closed End Fund",951,435628,1.64,13.05,-1.51,-2.07,-5.29,-4.98,-6.21,-27.82,-37.39,-31.03,0,0,0,0,0,-1,-1,-1,-1,-1,-8.1,-22.83,-29.69,0,0,0,-9.38,-15.93,-45.72,-51.1,-50.32,0.865458,10,-4.98,-1.17,-20.35,-7.49,4.63,-9.38,-6.73,-29.41,-2.39,-1.83,0.996778,41
24-09-2025,NYSE:PSFE,Paysafe Limited Common Shares,779,264837,3.5,13.24,-0.15,-5.51,-5.29,-5.14,4.31,-35.20,-30.59,-67.75,0,HVQ,0,0,0,-1,-1,-1,-1,-1,-9.81,-26.03,-48.52,16.55,16.55,16.55,-9.54,-5.41,-53.1,-44.3,-87.04,0.865278,10,-5.14,8.98,-41.28,3.41,-28.46,-9.54,3.42,-50.34,8.51,-34.92,1.042622,76
24-09-2025,NYSE:BBWI,"Bath & Body Works, Inc.",5522,8308721,3.97,26.78,0.83,3.92,-5.15,-16.24,-7.58,-20.24,-44.06,-9.34,0,0,0,0,0,-1,-1,-1,-1,-1,-20.42,-21.3,-34.81,6.74,6.74,6.74,-20.64,-17.3,-38.14,-57.77,-28.63,0.865165,10,-16.24,7.45,-11.77,-19.81,24.11,-20.64,1.89,-20.83,-14.71,17.65,0.972668,17
24-09-2025,NYSE:JELD,"JELD-WEN Holding, Inc. Common Stock",445,1803590,5.25,5.21,-1.51,-12.48,-20.73,-22.26,26.30,-16.51,-62.76,-204.41,0,0,0,0,HV2Y,-1,-1,-1,-1,-1,-22.93,-22.93,-67.88,36.03,55.06,55.06,-26.66,16.58,-34.41,-76.47,-223.7,0.8647,9,-22.26,39.72,-58.07,-39.70,-87.03,-26.66,34.16,-67.13,-34.6,-93.49,1.160004,95
24-09-2025,NASDAQ:GLAD,Gladstone Capital Corporation - Closed End Fund,499,228524,2.11,22.36,-2.36,-4.20,-3.71,-16.95,-18.20,-24.19,-23.66,-4.92,0,0,0,0,0,-1,-1,-1,-1,-1,-23.42,-23.42,-26.18,0,0,0,-21.35,-27.92,-42.09,-37.37,-24.21,0.864698,9,-16.95,-1.07,-5.07,0.43,15.15,-21.35,-6.63,-14.13,5.53,8.69,0.945018,7
24-09-2025,NYSE:QTWO,"Q2 Holdings, Inc. Common Stock",4605,1780931,3.01,73.75,-3.91,-12.53,-11.34,-4.83,-26.10,-14.52,-39.74,-10.58,0,0,0,0,HV2Y,-1,-1,-1,-1,-1,-22.34,-22.59,-33.47,0.5,7.32,7.32,-9.23,-35.82,-32.42,-53.45,-29.87,0.864591,9,-4.83,-20.29,9.18,-22.02,20.87,-9.23,-25.85,0.12,-16.92,14.41,0.953549,8
24-09-2025,NYSE:RH,RH Common Stock,3986,1251209,4.74,212.62,-2.66,-7.94,-7.67,-8.51,12.07,-18.94,-82.49,-61.92,0,0,0,0,HV2Y,-1,-1,-1,-1,-1,-15.29,-15.93,-53.22,13.73,45.97,45.97,-12.91,2.35,-36.84,-96.2,-81.21,0.864563,9,-8.51,18.97,-35.28,-53.43,11.27,-12.91,13.41,-44.34,-48.33,4.81,1.064902,83
24-09-2025,NASDAQ:ARCB,ArcBest Corporation - Common Stock,1577,291725,3.62,69.38,-0.52,-0.97,-1.89,-7.91,-6.77,-5.81,-40.65,-58.33,0,0,0,0,HV2Y,-1,-1,-1,-1,-1,-19.52,-19.52,-43.08,1.18,22.3,22.3,-12.31,-16.49,-23.71,-54.36,-77.62,0.864559,9,-7.91,1.06,0.90,-32.92,-12.57,-12.31,-4.5,-8.16,-27.82,-19.03,1.009341,54
24-09-2025,NASDAQ:EXPO,"Exponent, Inc. - Common Stock",3483,494205,2.33,68.96,0.12,-0.04,-0.61,-2.68,-8.70,-16.08,-31.84,-60.63,0,0,0,0,0,-1,-1,-1,-1,-1,-11.13,-16.14,-40.18,0.92,0.92,0.92,-7.08,-18.42,-33.98,-45.55,-79.92,0.864542,9,-2.68,-5.86,-6.79,-13.58,-21.83,-7.08,-11.42,-15.85,-8.48,-28.29,1.009909,54
24-09-2025,NYSE:STLA,Stellantis N.V. Common Shares,36083,15350940,2.59,9.63,-2.63,-0.52,9.14,-3.12,-2.39,-28.76,-33.33,-55.76,0,0,HV2Y,HV2Y,0,-1,-1,-1,-1,-1,-7.14,-22.34,-40.04,10.18,12.9,12.9,-7.52,-12.11,-46.66,-47.04,-75.05,0.864423,9,-3.12,0.70,-25.76,-3.55,-16.82,-7.52,-4.86,-34.82,1.55,-23.28,1.020438,64
24-09-2025,NYSE:SNDR,"Schneider National, Inc. Common Stock",3784,897698,2.42,21.59,-1.77,-7.87,-10.47,-14.91,-10.79,-8.15,-36.08,-29.04,0,0,0,0,0,-1,-1,-1,-1,-1,-19.8,-19.8,-35.76,0,2.52,2.52,-19.31,-20.51,-26.05,-49.79,-48.33,0.86432,9,-14.91,3.59,2.38,-25.82,5.17,-19.31,-1.97,-6.68,-20.72,-1.29,0.977567,21
24-09-2025,NASDAQ:LBRDK,Liberty Broadband Corporation - Class C Common Stock,8677,1187115,2.83,60.47,-1.35,-2.07,0.12,-3.61,-46.56,-33.61,-19.85,6.62,0,0,0,0,0,-1,-1,-1,-1,-1,-35.92,-36.23,-36.3,3.72,3.72,7.09,-8.01,-56.28,-51.51,-33.56,-12.67,0.864158,9,-3.61,-41.46,8.83,10.30,22.09,-8.01,-47.02,-0.23,15.4,15.63,0.91268,3
24-09-2025,NYSE:EVH,"Evolent Health, Inc Class A Common Stock",1129,3011830,5.26,9.61,14.54,11.13,4.37,-0.94,-11.45,2.91,-16.34,-223.00,0,0,HVQ,0,HV2Y,-1,-1,-1,-1,-1,-18.49,-18.49,-69.04,14.68,33.29,33.29,-5.34,-21.17,-14.99,-30.05,-242.29,0.863978,9,-0.94,-10.41,12.89,-19.83,-177.64,-5.34,-15.97,3.83,-14.73,-184.1,1.113162,92
24-09-2025,NASDAQ:TONX,TON Strategy Company - Common Stock,427,927967,12.85,7.06,1.29,-0.42,-17.00,-188.67,3.40,22.52,15.01,-109.63,0,0,HVQ,0,HV2Y,-1,-1,-1,-1,-1,-68.55,-68.55,-68.55,3.82,75.19,75.19,-193.07,-6.32,4.62,1.3,-128.92,0.863801,9,-188.67,66.54,19.79,-9.69,-146.67,-193.07,60.98,10.73,-4.59,-153.13,1.01281,57
24-09-2025,NYSE:DEO,Diageo plc Common Stock,53445,1194810,1.23,95.46,-0.90,-3.76,-9.26,-19.04,-4.61,-10.20,-33.29,-39.36,0,0,0,0,0,-1,-1,-1,-1,-1,-17.23,-17.53,-32.19,0,0,0,-23.44,-14.33,-28.1,-47,-58.65,0.862855,9,-19.04,12.13,-5.35,-20.95,-4.55,-23.44,6.57,-14.41,-15.85,-11.01,0.990117,33
24-09-2025,NYSE:KNX,Knight-Swift Transportation Holdings Inc.,6357,2540251,2.96,39.17,-0.71,-6.51,-6.33,-11.16,-12.38,-13.10,-33.47,-33.29,0,0,0,0,0,-1,-1,-1,-1,-1,-18.77,-18.77,-34.28,0,2.65,2.65,-15.56,-22.1,-31,-47.18,-52.58,0.862404,9,-11.16,-1.10,-0.64,-18.01,0.13,-15.56,-6.66,-9.7,-12.91,-6.33,0.979217,22
24-09-2025,NASDAQ:TECH,Bio-Techne Corp - Common Stock,7967,2424830,3.5,51.22,-3.21,-0.59,0.51,-10.72,-1.31,-17.10,-39.38,-52.87,0,0,0,0,HV2Y,-1,-1,-1,-1,-1,-12.86,-14.6,-35.92,2.71,9.77,9.77,-15.12,-11.03,-35,-53.09,-72.16,0.862376,9,-10.72,8.50,-15.59,-19.02,-9.68,-15.12,2.94,-24.65,-13.92,-16.14,1.012783,57
24-09-2025,NYSE:BRCC,BRC Inc. Class A Common Stock,390,891095,5.69,1.57,1.29,-9.55,2.55,-1.27,17.83,-35.03,-84.08,-114.65,0,0,HVQ,0,HV2Y,-1,-1,-1,-1,-1,-22.66,-33.76,-55.14,26.61,26.61,26.61,-5.67,8.11,-52.93,-97.79,-133.94,0.862365,9,-1.27,18.87,-64.34,-36.32,-16.61,-5.67,13.31,-73.4,-31.22,-23.07,1.113943,92
24-09-2025,NASDAQ:BJRI,"BJ's Restaurants, Inc. - Common Stock",678,544672,2.86,30.63,-0.07,2.22,-2.02,-9.86,-43.32,-16.19,-14.66,-7.18,0,0,0,HV2Y,0,-1,-1,-1,-1,-1,-34.52,-34.52,-34.52,2.96,2.96,2.96,-14.26,-53.04,-34.09,-28.37,-26.47,0.862137,9,-9.86,-30.46,18.93,1.32,6.52,-14.26,-36.02,9.87,6.42,0.06,0.918369,3
24-09-2025,NYSE:CARR,Carrier Global Corporation Common Stock,50202,6096429,2.61,58.99,-1.26,-2.93,-5.95,-11.88,-22.78,-15.46,-13.05,-35.48,0,0,0,0,0,-1,-1,-1,-1,-1,-26.93,-26.93,-28.64,0,6.19,6.19,-16.28,-32.5,-33.36,-26.76,-54.77,0.861649,9,-11.88,-9.74,5.96,2.08,-19.84,-16.28,-15.3,-3.1,7.18,-26.3,0.960881,11
24-09-2025,NASDAQ:COO,"The Cooper Companies, Inc.  - Common Stock",13589,3661012,2.86,68.35,1.26,5.90,1.01,-7.51,-1.74,-22.46,-34.50,-61.65,0,0,0,0,0,-1,-1,-1,-1,-1,-10.89,-19.57,-38.14,6.27,6.27,6.27,-11.91,-11.46,-40.36,-48.21,-80.94,0.861622,9,-7.51,5.36,-20.36,-9.83,-20.19,-11.91,-0.2,-29.42,-4.73,-26.65,1.019574,63
24-09-2025,NYSE:WHD,"Cactus, Inc. Class A Common Stock",3221,705071,3.59,40.35,-0.64,0.27,-2.68,-3.22,-7.66,-16.95,-41.09,-57.27,0,0,0,0,HV2Y,-1,-1,-1,-1,-1,-15.8,-15.8,-41.93,5.71,15.12,15.12,-7.62,-17.38,-34.85,-54.8,-76.56,0.861332,9,-3.22,-4.30,-8.63,-20.64,-11.47,-7.62,-9.86,-17.69,-15.54,-17.93,1.0104,55
24-09-2025,NYSE:SHAK,"Shake Shack, Inc. Class A Common Stock",4067,1203556,3.03,95.28,-2.79,-3.89,-2.31,-9.63,-40.53,-0.12,-36.05,-12.24,0,0,0,HVY,HVY,-1,-1,-1,-1,-1,-32.92,-32.92,-32.92,0,25.62,25.62,-14.03,-50.25,-18.02,-49.76,-31.53,0.861116,9,-9.63,-28.18,28.76,-35.89,17.50,-14.03,-33.74,19.7,-30.79,11.04,0.935867,5
24-09-2025,NASDAQ:FIZZ,National Beverage Corp. - Common Stock,3437,256673,2.37,36.71,-1.05,-4.58,-7.06,-18.14,-17.84,-9.45,-25.03,-26.18,0,0,0,0,HV2Y,-1,-1,-1,-1,-1,-23.02,-23.02,-26.62,0,0,0,-22.54,-27.56,-27.35,-38.74,-45.47,0.860878,9,-18.14,0.25,7.12,-14.24,-0.92,-22.54,-5.31,-1.94,-9.14,-7.38,0.958337,10
24-09-2025,NYSE:GDDY,GoDaddy Inc. Class A Common Stock,19836,1549517,2.36,143.27,0.20,-0.57,-1.19,-1.86,-23.80,-28.56,-41.65,-12.06,0,0,0,0,0,-1,-1,-1,-1,-1,-20.44,-25.52,-33.16,7.44,7.44,7.44,-6.26,-33.52,-46.46,-55.36,-31.35,0.86013,9,-1.86,-21.54,-3.85,-10.18,20.89,-6.26,-27.1,-12.91,-5.08,14.43,0.959816,10
24-09-2025,NYSE:VTEX,VTEX Class A Common Shares,822,1283180,3.29,4.52,-0.66,-1.11,10.84,9.73,-43.14,-8.85,-29.20,-63.27,0,0,0,0,0,-1,-1,-1,-1,-1,-33.14,-33.14,-39.33,14.14,14.14,14.14,5.33,-52.86,-26.75,-42.91,-82.56,0.859577,9,9.73,-58.58,23.96,-18.70,-26.37,5.33,-64.14,14.9,-13.6,-32.83,0.980289,23
24-09-2025,NYSE:WNC,Wabash National Corporation Common Stock,430,387314,3.75,10.51,-1.87,-4.57,-7.14,-6.28,0.19,-6.18,-62.70,-84.40,0,0,0,0,0,-1,-1,-1,-1,-1,-10.09,-11.9,-48.12,10.28,52.1,52.1,-10.68,-9.53,-24.08,-76.41,-103.69,0.859445,9,-6.28,6.09,-6.39,-53.23,-13.33,-10.68,0.53,-15.45,-48.13,-19.79,1.043628,76
24-09-2025,NASDAQ:VKTX,"Viking Therapeutics, Inc. - Common Stock",2994,5525363,5.88,26.63,6.65,13.29,2.85,2.93,-1.73,-5.07,-55.80,-164.63,0,0,0,0,0,-1,-1,-1,-1,-1,-36.73,-36.73,-65.87,15.33,33.28,33.28,-1.47,-11.45,-22.97,-69.51,-183.92,0.859184,9,2.93,-4.80,-3.29,-48.28,-69.85,-1.47,-10.36,-12.35,-43.18,-76.31,1.087297,88
24-09-2025,NYSE:RC,Ready Capital Corporation Common Stock,689,2368523,3.61,4.25,1.43,0.00,3.29,5.41,-5.18,-15.29,-67.06,-87.53,0,0,0,0,0,-1,-1,-1,-1,-1,-8.8,-17.48,-46.68,14.56,14.56,14.56,1.01,-14.9,-33.19,-80.77,-106.82,0.859028,9,5.41,-11.19,-9.62,-44.90,-12.25,1.01,-16.75,-18.68,-39.8,-18.71,1.046476,77
24-09-2025,NASDAQ:IMVT,"Immunovant, Inc.  - Common Stock",2695,1875544,5.34,15.46,3.76,2.26,-4.79,3.69,-1.88,-17.66,-65.98,-89.07,0,0,0,0,0,-1,-1,-1,-1,-1,-16.84,-17.72,-50.8,5.24,16.15,16.15,-0.71,-11.6,-35.56,-79.69,-108.36,0.859004,9,3.69,-5.78,-15.49,-41.07,-13.91,-0.71,-11.34,-24.55,-35.97,-20.37,1.050942,79
24-09-2025,NYSE:BF.B,Brown Forman Inc Class B Common Stock,13013,3811867,2.99,27.64,2.26,0.76,1.34,-12.30,5.72,-21.92,-49.64,-67.76,0,0,0,0,0,-1,-1,-1,-1,-1,-11.58,-23.41,-44.21,6.06,7.76,7.76,-16.7,-4,-39.82,-63.35,-87.05,0.858625,9,-12.30,16.04,-29.32,-22.73,-12.11,-16.7,10.48,-38.38,-17.63,-18.57,1.037197,73
24-09-2025,NASDAQ:LKQ,LKQ Corporation - Common Stock,7819,3073693,2.01,30.39,0.00,-2.37,-5.59,-4.31,-21.55,-34.19,-18.46,-31.66,0,0,0,0,0,-1,-1,-1,-1,-1,-22.49,-29.94,-31.01,3.93,3.93,3.93,-8.71,-31.27,-52.09,-32.17,-50.95,0.85851,9,-4.31,-16.53,-10.40,11.72,-11.14,-8.71,-22.09,-19.46,16.82,-17.6,0.96929,15
24-09-2025,NASDAQ:ALTS,ALT5 Sigma Corporation - Common Stock,416,13836793,13.58,3.77,0.00,2.12,-6.37,-74.27,-161.80,-30.24,6.63,45.62,0,HV2Y,HVQ,2,0,-1,-1,-1,-1,-1,-61.8,-63.24,-63.24,2.45,2.45,123.08,-78.67,-171.52,-48.14,-7.08,26.33,0.858127,8,-74.27,-50.23,50.25,28.31,41.76,-78.67,-55.79,41.19,33.41,35.3,0.761106,1
24-09-2025,NASDAQ:BNC,CEA Industries Inc. - Common Stock,341,844541,15.06,7.91,-0.63,-81.04,-114.54,-189.13,NA,NA,NA,NA,0,0,0,0,0,NA,-1,-1,-1,-1,-72.12,-72.12,-72.12,1.41,1.41,1.41,-193.53,0,0,0,0,0.858066,8,-189.13,NA,NA,NA,NA,-193.53,0,0,0,0,0.908324,2
24-09-2025,NYSE:EPAM,"EPAM Systems, Inc. Common Stock",8713,898289,3.26,156.43,1.55,1.90,2.13,-10.28,-10.66,-14.42,-57.77,-25.93,0,0,0,0,0,-1,-1,-1,-1,-1,-14.66,-16.3,-41.55,4.75,9.14,9.14,-14.68,-20.38,-32.32,-71.48,-45.22,0.857658,8,-10.28,-0.34,-3.40,-37.88,20.18,-14.68,-5.9,-12.46,-32.78,13.72,0.986541,29
24-09-2025,NYSE:NSA,National Storage Affiliates Trust Common Shares of Beneficial Interest,4029,1121316,1.83,29.74,-0.20,-3.23,-7.40,-6.66,-8.17,-26.56,-25.08,-63.32,0,0,0,0,0,-1,-1,-1,-1,-1,-10.69,-24.52,-39.47,1.02,1.02,1.02,-11.06,-17.89,-44.46,-38.79,-82.61,0.85763,8,-6.66,-1.42,-17.00,1.17,-30.56,-11.06,-6.98,-26.06,6.27,-37.02,1.008531,53
24-09-2025,NASDAQ:TEAM,Atlassian Corporation  - Class A Common Stock,42978,2347350,3.14,163.83,-1.12,-5.14,-6.40,-2.95,-21.08,-44.19,-53.35,0.46,0,0,0,0,HV2Y,-1,-1,-1,-1,-1,-25.83,-30.65,-49.27,3.69,3.69,3.69,-7.35,-30.8,-62.09,-67.06,-18.83,0.857608,8,-2.95,-17.60,-19.09,-6.35,35.09,-7.35,-23.16,-28.15,-1.25,28.63,0.960124,10
24-09-2025,NYSE:PBH,Prestige Consumer Healthcare Inc. Common Stock,3113,597952,2.23,63.25,0.43,-0.90,-2.83,-3.81,-29.23,-34.39,-24.36,-15.46,0,0,0,0,0,-1,-1,-1,-1,-1,-22.62,-29,-29,0.44,0.44,0.44,-8.21,-38.95,-52.29,-38.07,-34.75,0.857437,8,-3.81,-24.49,-3.99,7.46,7.16,-8.21,-30.05,-13.05,12.56,0.7,0.948385,7
24-09-2025,NASDAQ:CDNA,"CareDx, Inc. - Common Stock",802,1615934,5.04,15.06,-3.28,5.05,11.49,15.34,-26.89,-26.69,-36.45,-96.75,0,0,0,0,HV2Y,-1,-1,-1,-1,-1,-27,-27,-53.23,30.16,30.16,30.16,10.94,-36.61,-44.59,-50.16,-116.04,0.857347,8,15.34,-49.88,0.16,-7.70,-44.18,10.94,-55.44,-8.9,-2.6,-50.64,1.024719,67
24-09-2025,NASDAQ:IOSP,Innospec Inc. - Common Stock,1952,204846,2.41,78.6,-0.87,-2.57,-5.70,-10.20,-6.23,-23.87,-38.89,-42.42,0,0,0,0,0,-1,-1,-1,-1,-1,-12,-19.99,-37.07,0.45,0.45,0.45,-14.6,-15.95,-41.77,-52.6,-61.71,0.857279,8,-10.20,3.60,-16.60,-12.13,-2.54,-14.6,-1.96,-25.66,-7.03,-9,0.997252,41
24-09-2025,NASDAQ:ODFL,"Old Dominion Freight Line, Inc. - Common Stock",29646,1940223,2.85,141.06,1.23,-0.52,-3.72,-10.22,-13.68,-18.81,-33.09,-37.51,0,0,0,0,0,-1,-1,-1,-1,-1,-17.57,-19.88,-39.16,1.53,1.53,1.53,-14.62,-23.4,-36.71,-46.8,-56.8,0.8572,8,-10.22,-3.14,-4.52,-12.02,-3.32,-14.62,-8.7,-13.58,-6.92,-9.78,0.979649,22
24-09-2025,NYSE:BGS,"B&G Foods, Inc. Common Stock",368,2841295,3.28,4.6,2.68,1.30,0.00,2.17,7.61,-43.48,-57.61,-99.57,0,0,0,0,0,-1,-1,-1,-1,-1,-2.54,-34.94,-50.75,15,15,15,-2.23,-2.11,-61.38,-71.32,-118.86,0.857059,8,2.17,5.56,-55.29,-9.85,-26.62,-2.23,0,-64.35,-4.75,-33.08,1.078274,87
24-09-2025,NYSE:DXC,DXC Technology Company Common Stock,2495,1809155,3.02,13.94,1.98,-0.36,-2.01,-1.08,-7.46,-22.60,-54.16,-53.08,0,0,0,0,0,-1,-1,-1,-1,-1,-14.16,-20.93,-38.94,8.48,8.48,8.48,-5.48,-17.18,-40.5,-67.87,-72.37,0.85702,8,-1.08,-6.32,-14.09,-25.75,0.70,-5.48,-11.88,-23.15,-20.65,-5.76,1.013266,57
24-09-2025,NYSE:SLGN,Silgan Holdings Inc. Common Stock,4514,1176286,1.66,42.19,0.43,-2.39,-4.38,-9.91,-29.32,-18.46,-23.06,-21.76,0,0,0,0,0,-1,-1,-1,-1,-1,-25.67,-25.67,-26.66,0.43,0.43,0.43,-14.31,-39.04,-36.36,-36.77,-41.05,0.856869,8,-9.91,-17.66,8.39,-3.88,1.06,-14.31,-23.22,-0.67,1.22,-5.4,0.945335,7
24-09-2025,NASDAQ:GDRX,"GoodRx Holdings, Inc. - Class A Common Stock",1386,2333699,4.06,3.99,-1.24,-2.76,-3.26,-6.52,-23.06,-14.04,-12.53,-73.18,0,HV2Y,HV2Y,0,0,-1,-1,-1,-1,-1,-22.07,-22.07,-43.72,14.99,14.99,14.99,-10.92,-32.78,-31.94,-26.24,-92.47,0.856656,8,-6.52,-15.53,7.33,1.32,-53.90,-10.92,-21.09,-1.73,6.42,-60.36,0.990974,34
24-09-2025,NASDAQ:TW,Tradeweb Markets Inc. - Class A Common Stock,26180,1690045,2.12,110.72,-0.83,-5.86,-7.04,-13.99,-30.10,-31.45,-17.71,-7.91,0,0,0,0,0,-1,-1,-1,-1,-1,-24.37,-25.7,-25.7,0,0,0,-18.39,-39.82,-49.35,-31.42,-27.2,0.856107,8,-13.99,-14.14,-1.03,10.45,8.33,-18.39,-19.7,-10.09,15.55,1.87,0.931095,4
24-09-2025,NASDAQ:HNST,"The Honest Company, Inc. - Common Stock",427,3282258,3.67,3.84,0.00,-4.04,1.30,-3.13,-25.52,-32.03,-71.35,3.65,0,0,0,0,HV2Y,-1,-1,-1,-1,-1,-25.44,-30.31,-55.19,4.92,4.92,14.29,-7.53,-35.24,-49.93,-85.06,-15.64,0.855952,8,-3.13,-21.72,-5.19,-29.78,43.77,-7.53,-27.28,-14.25,-24.68,37.31,0.958116,10
24-09-2025,NASDAQ:MLKN,"MillerKnoll, Inc. - Common Stock",1150,532047,3.67,16.96,-10.83,-18.16,-19.22,-29.13,-3.89,-9.73,-35.61,-38.53,0,0,HVQ,0,0,-1,-1,-1,-1,-1,-23.57,-23.57,-34.49,0,9.63,9.63,-33.53,-13.61,-27.63,-49.32,-57.82,0.855534,8,-29.13,19.54,-5.62,-23.59,-2.15,-33.53,13.98,-14.68,-18.49,-8.61,0.983562,26
24-09-2025,NYSE:WLK,Westlake Corporation Common Stock,10116,1022021,3.35,78.88,-1.03,-10.24,-7.85,-10.59,5.03,-27.64,-43.65,-82.91,0,0,0,0,0,-1,-1,-1,-1,-1,-12.94,-23.36,-47.51,5.3,12.96,12.96,-14.99,-4.69,-45.54,-57.36,-102.2,0.855165,8,-10.59,14.12,-34.40,-12.54,-27.33,-14.99,8.56,-43.46,-7.44,-33.79,1.044837,77
24-09-2025,NYSE:FIS,"Fidelity National Information Services, Inc. Common Stock",33500,4593522,2.1,64.13,1.20,-4.71,-3.49,-10.84,-25.88,-15.66,-24.96,-31.08,0,0,0,0,0,-1,-1,-1,-1,-1,-22.13,-22.13,-29.49,1.2,1.2,1.2,-15.24,-35.6,-33.56,-38.67,-50.37,0.855014,8,-10.84,-13.58,8.13,-8.05,-4.89,-15.24,-19.14,-0.93,-2.95,-11.35,0.955255,9
24-09-2025,NYSE:CLW,Clearwater Paper Corporation Common Stock,339,201744,3.22,21.05,-1.41,-2.33,-0.90,-2.76,-31.45,-22.00,-17.39,-45.70,0,0,0,0,0,-1,-1,-1,-1,-1,-31.74,-31.74,-35.69,0.05,0.05,0.05,-7.16,-41.17,-39.9,-31.1,-64.99,0.85456,8,-2.76,-27.92,7.19,3.78,-24.12,-7.16,-33.48,-1.87,8.88,-30.58,0.96471,13
24-09-2025,NYSE:ECC,Eagle Point Credit Company Inc. Common Stock,797,1794073,2.16,6.58,-0.75,-5.47,-7.14,-6.99,-14.44,-22.49,-32.37,-48.33,0,0,0,0,0,-1,-1,-1,-1,-1,-15.64,-20.82,-34.07,5.62,5.62,5.62,-11.39,-24.16,-40.39,-46.08,-67.62,0.85426,8,-6.99,-6.96,-7.04,-8.06,-12.06,-11.39,-12.52,-16.1,-2.96,-18.52,0.987545,30
24-09-2025,NYSE:AGRO,Adecoagro S.A. Common Shares,825,469125,2.4,8.1,-1.10,-1.36,2.10,-8.40,-14.20,-36.30,-19.88,-43.70,0,0,0,0,0,-1,-1,-1,-1,-1,-15.27,-30.71,-31.18,2.53,2.53,2.53,-12.8,-23.92,-54.2,-33.59,-62.99,0.854258,8,-8.40,-5.35,-19.35,12.05,-19.88,-12.8,-10.91,-28.41,17.15,-26.34,0.985328,28
24-09-2025,NYSE:CLVT,Clarivate Plc Ordinary Shares,2575,3425010,3.57,3.83,-3.04,-6.79,-10.70,-17.49,-8.36,-6.53,-27.94,-81.20,0,0,0,0,0,-1,-1,-1,-1,-1,-15.45,-15.45,-46.06,5.8,23.55,23.55,-21.89,-18.08,-24.43,-41.65,-100.49,0.853803,8,-17.49,7.78,1.69,-20.10,-41.63,-21.89,2.22,-7.37,-15,-48.09,1.008087,53
24-09-2025,NYSE:PRGO,Perrigo Company plc Ordinary Shares,2943,1784239,2.38,21.39,1.33,1.22,-3.41,-11.17,-24.45,-27.16,-20.29,-26.83,0,0,0,HVY,HVY,-1,-1,-1,-1,-1,-24.76,-24.76,-27.42,2.79,2.79,2.79,-15.57,-34.17,-45.06,-34,-46.12,0.8537,8,-11.17,-11.94,-2.18,5.40,-5.44,-15.57,-17.5,-11.24,10.5,-11.9,0.953732,8
24-09-2025,NYSE:BOW,Bowhead Specialty Holdings Inc. Common Stock,909,303255,2.66,27.73,-0.04,-1.51,-4.51,-10.67,-30.22,-47.46,-23.69,-2.06,0,0,0,0,0,-1,-1,-1,-1,-1,-26.11,-34.21,-34.21,0.18,0.18,0.18,-15.07,-39.94,-65.36,-37.4,-21.35,0.852711,8,-10.67,-17.66,-13.24,16.12,17.49,-15.07,-23.22,-22.3,21.22,11.03,0.933117,4
24-09-2025,NASDAQ:SFM,"Sprouts Farmers Market, Inc. - Common Stock",11311,2034865,2.55,115.74,-3.05,-6.58,-15.86,-25.55,-42.23,-29.34,-16.37,8.67,0,0,0,0,HV2Y,-1,-1,-1,-1,-1,-31.76,-35.53,-35.53,0,0,9.5,-29.95,-51.95,-47.24,-30.08,-10.62,0.852625,8,-25.55,-13.29,9.06,10.03,21.52,-29.95,-18.85,0,15.13,15.06,0.894839,2
24-09-2025,NASDAQ:PTEN,"Patterson-UTI Energy, Inc. - Common Stock",2126,8188504,4.53,5.52,0.55,0.72,0.91,-4.35,-4.17,-53.80,-32.07,-51.63,0,0,0,0,0,-1,-1,-1,-1,-1,-16.36,-35.59,-41.59,4.35,4.35,4.35,-8.75,-13.89,-71.7,-45.78,-70.92,0.852614,8,-4.35,0.17,-47.65,14.13,-14.81,-8.75,-5.39,-56.71,19.23,-21.27,1.019113,63
24-09-2025,NYSE:HRL,Hormel Foods Corporation Common Stock,13590,5165362,2.13,24.71,1.10,-0.73,-1.05,-16.84,-20.76,-16.59,-27.80,-28.57,0,0,0,0,0,-1,-1,-1,-1,-1,-21.66,-21.66,-26.35,1.65,1.65,1.65,-21.24,-30.48,-34.49,-41.51,-47.86,0.852563,8,-16.84,-3.36,3.45,-9.61,-0.60,-21.24,-8.92,-5.61,-4.51,-7.06,0.955914,9
24-09-2025,NYSE:GMED,"Globus Medical, Inc. Class A Common Stock",7468,1195905,2.25,55.3,-2.56,-1.66,-5.68,-10.99,-5.23,-38.57,-48.17,-27.74,0,0,0,0,HV2Y,-1,-1,-1,-1,-1,-11.93,-27.84,-40.74,6.57,6.57,6.57,-15.39,-14.95,-56.47,-61.88,-47.03,0.85254,8,-10.99,5.20,-31.69,-6.93,13.79,-15.39,-0.36,-40.75,-1.83,7.33,0.994014,37
24-09-2025,NASDAQ:FLWS,"1-800-FLOWERS.COM, Inc. - Class A Common Stock",309,511180,5.94,4.85,-3.77,-8.25,-5.57,-10.93,-1.44,-22.27,-47.84,-64.33,0,0,HV2Y,0,0,-1,-1,-1,-1,-1,-30.12,-30.12,-46.64,0,8.02,8.02,-15.33,-11.16,-40.17,-61.55,-83.62,0.85252,8,-10.93,8.55,-20.53,-20.91,-11.16,-15.33,2.99,-29.59,-15.81,-17.62,1.019414,63
24-09-2025,NASDAQ:DAWN,"Day One Biopharmaceuticals, Inc. - Common Stock",704,1012038,3.75,6.87,0.44,-1.75,-5.68,-1.46,6.26,-20.52,-81.37,-115.14,0,0,0,0,HV2Y,-1,-1,-1,-1,-1,-9.49,-17.03,-58.08,18.45,18.45,18.45,-5.86,-3.46,-38.42,-95.08,-134.43,0.852482,8,-1.46,7.60,-28.57,-50.48,-18.62,-5.86,2.04,-37.63,-45.38,-25.08,1.077931,87
24-09-2025,NASDAQ:MKTX,"MarketAxess Holdings, Inc. - Common Stock",6690,1152445,2.27,179.04,-0.04,-2.51,-3.12,-6.21,-24.64,-19.20,-27.63,-43.69,0,0,0,0,0,-1,-1,-1,-1,-1,-19.84,-22.52,-39.02,0.4,0.4,0.4,-10.61,-34.36,-37.1,-41.34,-62.98,0.852371,7,-6.21,-17.36,4.36,-7.07,-12.59,-10.61,-22.92,-4.7,-1.97,-19.05,0.969217,15
24-09-2025,NASDAQ:LSTR,"Landstar System, Inc. - Common Stock",4257,399936,2.64,122.85,1.80,-2.23,-5.61,-8.21,-12.33,-21.51,-41.64,-46.19,0,0,0,0,0,-1,-1,-1,-1,-1,-16.17,-19.14,-36.28,1.8,1.8,1.8,-12.61,-22.05,-39.41,-55.35,-65.48,0.852134,7,-8.21,-3.81,-8.17,-16.57,-3.21,-12.61,-9.37,-17.23,-11.47,-9.67,0.99005,33
24-09-2025,NASDAQ:AZTA,"Azenta, Inc. - Common Stock",1366,592114,3.63,29.81,-1.32,-2.18,1.78,-3.19,-2.35,-24.62,-66.05,-65.28,0,0,0,0,0,-1,-1,-1,-1,-1,-13.54,-19.76,-45.55,10.82,19.1,19.1,-7.59,-12.07,-42.52,-79.76,-84.57,0.851825,7,-3.19,0.81,-21.76,-33.24,0.46,-7.59,-4.75,-30.82,-28.14,-6,1.029819,70
24-09-2025,NYSE:VIST,"Vista Energy S.A.B. de C.V. American Depositary Shares, each representing one series A share, with no par value",3552,1566159,4.51,38.05,1.90,3.63,-0.32,-2.21,-27.10,-27.02,-41.71,-24.57,0,0,0,HV2Y,HV2Y,-1,-1,-1,-1,-1,-22.3,-28.28,-36.05,12.91,12.91,12.91,-6.61,-36.82,-44.92,-55.42,-43.86,0.851766,7,-2.21,-24.35,0.06,-11.57,12.09,-6.61,-29.91,-9,-6.47,5.63,0.961162,11
24-09-2025,NYSE:DDL,Dingdong (Cayman) Limited American Depositary Shares (each two representing three Ordinary Shares),440,708152,4.33,2.09,2.96,-4.78,-1.91,-8.13,0.96,-36.84,-90.91,-25.84,0,0,0,0,HV2Y,-1,-1,-1,-1,-1,-12.18,-26.92,-55.34,3.47,7.18,7.18,-12.53,-8.76,-54.74,-104.62,-45.13,0.851476,7,-8.13,8.41,-38.16,-39.51,34.09,-12.53,2.85,-47.22,-34.41,27.63,1.023046,65
24-09-2025,NYSE:CAL,"Caleres, Inc. Common Stock",472,1031367,5.12,13.94,0.14,-9.04,-11.76,-9.61,11.26,-23.96,-61.05,-140.10,0,0,0,0,0,-1,-1,-1,-1,-1,-11.49,-22.17,-58.9,14.08,14.08,14.08,-14.01,1.54,-41.86,-74.76,-159.39,0.851362,7,-9.61,19.04,-39.69,-29.92,-49.09,-14.01,13.48,-48.75,-24.82,-55.55,1.090729,89
24-09-2025,NYSE:ASIX,AdvanSix Inc. Common Stock,526,216993,3.07,19.61,0.93,-6.63,-5.25,-5.25,-20.40,-15.35,-44.16,-44.52,0,0,0,0,0,-1,-1,-1,-1,-1,-22.46,-22.46,-40.34,8.76,8.76,8.76,-9.65,-30.12,-33.25,-57.87,-63.81,0.851338,7,-5.25,-14.39,4.19,-24.98,-0.25,-9.65,-19.95,-4.87,-19.88,-6.71,0.980263,23
24-09-2025,NYSE:ASH,Ashland Inc. Common Stock,2253,531263,2.62,49.3,-0.14,-3.65,-7.59,-14.10,-1.30,-15.48,-45.94,-77.12,0,0,0,0,0,-1,-1,-1,-1,-1,-12.9,-17.49,-43.84,0,5.95,5.95,-18.5,-11.02,-33.38,-59.65,-96.41,0.85133,7,-14.10,11.22,-14.00,-26.38,-21.36,-18.5,5.66,-23.06,-21.28,-27.82,1.023145,66
24-09-2025,NYSE:BF.A,Brown Forman Inc Class A Common Stock,12926,288405,2.9,27.14,1.57,-2.87,-2.69,-14.96,1.66,-22.18,-49.71,-66.43,0,0,0,0,0,-1,-1,-1,-1,-1,-13.43,-24.34,-44.1,1.8,3.27,3.27,-19.36,-8.06,-40.08,-63.42,-85.72,0.851276,7,-14.96,14.46,-24.24,-22.53,-11.17,-19.36,8.9,-33.3,-17.43,-17.63,1.023973,66
24-09-2025,NYSE:BMI,"Badger Meter, Inc. Common Stock",5078,398145,2.62,172.32,-1.77,-0.20,-2.99,-7.40,-40.66,-13.60,-26.78,-25.97,0,0,0,0,HV2Y,-1,-1,-1,-1,-1,-30.22,-32.2,-32.2,0,0.94,0.94,-11.8,-50.38,-31.5,-40.49,-45.26,0.851155,7,-7.40,-30.97,19.24,-11.60,0.64,-11.8,-36.53,10.18,-6.5,-5.82,0.937859,5
24-09-2025,NASDAQ:AVBP,"ArriVent BioPharma, Inc. - Common Stock",725,362976,5.92,17.86,-2.24,1.96,-5.66,-8.34,-27.66,-6.33,-43.62,-38.91,0,0,0,0,0,-1,-1,-1,-1,-1,-22.04,-29.74,-49.87,5.37,9.57,9.57,-12.74,-37.38,-24.23,-57.33,-58.2,0.85084,7,-8.34,-17.83,16.71,-35.07,3.27,-12.74,-23.39,7.65,-29.97,-3.19,0.966358,14
24-09-2025,NASDAQ:INTA,"Intapp, Inc. - Common Stock",3504,746401,3.34,42.67,-1.84,-5.27,-4.29,-2.18,-17.18,-50.41,-51.42,-14.83,0,HV2Y,HV2Y,0,HV2Y,-1,-1,-1,-1,-1,-17.34,-33.52,-42.42,19.73,19.73,19.73,-6.58,-26.9,-68.31,-65.13,-34.12,0.850635,7,-2.18,-14.68,-28.36,-0.67,24.16,-6.58,-20.24,-37.42,4.43,17.7,0.975646,19
24-09-2025,NYSE:ARR,"ARMOUR Residential REIT, Inc.",1602,3460799,1.83,14.13,-0.70,-5.73,-9.41,-6.37,-16.63,-28.52,-31.07,-48.05,0,0,0,0,0,-1,-1,-1,-1,-1,-16.54,-22.19,-32.46,0.57,1.15,1.15,-10.77,-26.35,-46.42,-44.78,-67.34,0.850549,7,-6.37,-9.65,-10.19,-1.98,-12.96,-10.77,-15.21,-19.25,3.12,-19.42,0.984326,27
24-09-2025,NYSE:RVTY,"Revvity, Inc. Common Stock",9807,1321493,3.12,84.49,-1.42,-1.07,2.36,-9.05,-15.63,-27.09,-30.83,-45.45,0,0,0,0,0,-1,-1,-1,-1,-1,-18.5,-21.32,-33.86,2.41,2.41,2.41,-13.45,-25.35,-44.99,-44.54,-64.74,0.850384,7,-9.05,-6.03,-9.91,-2.94,-11.17,-13.45,-11.59,-18.97,2.16,-17.63,0.981635,24
24-09-2025,NASDAQ:KRUS,"Kura Sushi USA, Inc. - Class A Common Stock",768,258317,5.18,63.54,-2.42,-19.89,-25.12,-23.78,-27.75,7.81,-47.50,-32.15,0,0,0,0,0,-1,-1,-1,-1,-1,-33.7,-33.7,-40.57,0,53.26,53.26,-28.18,-37.47,-10.09,-61.21,-51.44,0.850203,7,-23.78,-3.20,27.83,-59.99,10.40,-28.18,-8.76,18.77,-54.89,3.94,0.95871,10
24-09-2025,NASDAQ:WING,Wingstop Inc. - Common Stock,7067,882113,4.26,253.07,-0.39,-1.57,-10.90,-26.47,-40.71,13.04,-14.74,-65.92,0,0,0,0,0,-1,-1,-1,-1,-1,-32.93,-33.66,-40.86,0,20.37,22.26,-30.87,-50.43,-4.86,-28.45,-85.21,0.850139,7,-26.47,-11.25,38.20,-31.93,-44.61,-30.87,-16.81,29.14,-26.83,-51.07,0.95523,9
24-09-2025,NASDAQ:IPAR,"Interparfums, Inc. - Common Stock",3237,278331,2.67,100.78,-1.17,-2.69,-7.07,-14.11,-32.09,-17.64,-29.31,-18.57,0,0,0,0,0,-1,-1,-1,-1,-1,-27.26,-28.77,-30.28,0,1.08,1.08,-18.51,-41.81,-35.54,-43.02,-37.86,0.849883,7,-14.11,-15.76,10.94,-9.92,8.31,-18.51,-21.32,1.88,-4.82,1.85,0.936832,5
24-09-2025,NASDAQ:BVS,Bioventus Inc. - Class A Common Stock,570,300594,3.85,6.89,-0.43,-0.58,-1.60,-7.98,2.90,-36.87,-52.69,-71.99,0,0,0,0,HV2Y,-1,-1,-1,-1,-1,-9.82,-27.55,-49.74,12.21,12.21,12.21,-12.38,-6.82,-54.77,-66.4,-91.28,0.849758,7,-7.98,10.08,-40.96,-11.56,-12.64,-12.38,4.52,-50.02,-6.46,-19.1,1.038599,74
24-09-2025,NASDAQ:BCYC,Bicycle Therapeutics plc - American Depositary Shares,491,245775,5.28,7.58,6.91,8.71,7.65,6.07,6.33,-16.75,-97.89,-235.22,0,0,0,0,HV2Y,-1,-1,-1,-1,-1,-12.97,-18.49,-72.45,10.5,18.81,18.81,1.67,-3.39,-34.65,-111.6,-254.51,0.848559,7,6.07,0.28,-24.65,-69.49,-69.40,1.67,-5.28,-33.71,-64.39,-75.86,1.138528,94
24-09-2025,NYSE:RXO,"RXO, Inc. Common Stock",2511,2233610,4.67,15.31,-5.20,-10.52,-9.21,-5.94,-2.68,-24.82,-62.18,-69.50,0,0,0,0,HV2Y,-1,-1,-1,-1,-1,-14.47,-21.69,-52.01,7.44,21.7,21.7,-10.34,-12.4,-42.72,-75.89,-88.79,0.848529,7,-5.94,3.08,-21.56,-29.93,-4.51,-10.34,-2.48,-30.62,-24.83,-10.97,1.026966,68
24-09-2025,NYSE:SCL,Stepan Company Common Stock,1076,207342,2.87,47.56,0.76,-2.75,-1.05,-6.29,-14.72,-20.19,-42.75,-59.50,0,0,0,0,0,-1,-1,-1,-1,-1,-20.4,-20.4,-41.34,0.76,5.08,5.08,-10.69,-24.44,-38.09,-56.46,-78.79,0.848215,7,-6.29,-7.93,-4.77,-18.77,-11.74,-10.69,-13.49,-13.83,-13.67,-18.2,0.995112,39
24-09-2025,NYSE:CNS,Cohen & Steers Inc Common Stock,3398,289934,2.18,66.64,-1.00,-4.07,-6.68,-14.86,-13.70,-21.44,-36.06,-42.75,0,0,0,0,HV2Y,-1,-1,-1,-1,-1,-14.68,-20.2,-37.49,0,0,0,-19.26,-23.42,-39.34,-49.77,-62.04,0.848193,7,-14.86,1.01,-6.81,-12.04,-4.92,-19.26,-4.55,-15.87,-6.94,-11.38,0.978276,21
24-09-2025,NYSE:CNMD,CONMED Corporation Common Stock,1502,360263,2.94,48.51,-0.08,-4.06,-8.86,-11.89,-8.04,-23.03,-44.30,-55.10,0,0,0,HVY,0,-1,-1,-1,-1,-1,-13.08,-20.12,-37.44,1.83,1.83,1.83,-16.29,-17.76,-40.93,-58.01,-74.39,0.84806,7,-11.89,3.45,-13.87,-17.29,-7.49,-16.29,-2.11,-22.93,-12.19,-13.95,0.99939,43
24-09-2025,NYSE:KMX,CarMax Inc,8562,3063414,3.1,57.05,-0.95,-3.65,-3.75,-4.93,-18.32,-30.17,-47.64,-33.39,0,0,0,0,0,-1,-1,-1,-1,-1,-20.29,-31.07,-36.04,4.37,4.37,4.37,-9.33,-28.04,-48.07,-61.35,-52.68,0.848028,7,-4.93,-12.76,-10.01,-13.43,9.65,-9.33,-18.32,-19.07,-8.33,3.19,0.977389,21
24-09-2025,NYSE:PUMP,ProPetro Holding Corp. Common Stock,553,3728273,5.28,5.32,4.52,10.34,8.65,6.77,-12.22,-42.86,-68.23,-54.89,0,0,0,0,0,-1,-1,-1,-1,-1,-19.88,-30,-51.9,17.7,17.7,17.7,2.37,-21.94,-60.76,-81.94,-74.18,0.847705,7,6.77,-20.36,-27.30,-17.76,7.93,2.37,-25.92,-36.36,-12.66,1.47,1.017842,62
24-09-2025,NYSE:WHR,Whirlpool Corporation Common Stock,4451,1195474,2.91,79.64,-0.36,-8.55,-17.72,-17.55,-18.14,-17.82,-43.13,-28.59,0,0,0,0,0,-1,-1,-1,-1,-1,-27.99,-27.99,-40.18,0,5.19,5.19,-21.95,-27.86,-35.72,-56.84,-47.88,0.846505,7,-17.55,-0.50,0.28,-21.49,10.16,-21.95,-6.06,-8.78,-16.39,3.7,0.962575,12
24-09-2025,NYSE:SPB,"Spectrum Brands Holdings, Inc. Common Stock",1278,415166,2.91,52.81,1.91,0.09,-1.89,-7.92,1.61,-32.19,-62.01,-77.11,0,0,0,0,HV2Y,-1,-1,-1,-1,-1,-12.38,-26.19,-44.93,1.91,2.09,2.09,-12.32,-8.11,-50.09,-75.72,-96.4,0.846095,7,-7.92,8.83,-34.35,-22.56,-9.32,-12.32,3.27,-43.41,-17.46,-15.78,1.038335,74
24-09-2025,NASDAQ:MCW,"Mister Car Wash, Inc. - Common Stock",1748,1406874,2.72,5.34,-1.48,-2.06,-1.12,-10.30,-15.17,-56.74,-31.84,-22.47,0,0,0,0,0,-1,-1,-1,-1,-1,-21.7,-36.95,-37.1,0.38,0.38,0.38,-14.7,-24.89,-74.64,-45.55,-41.76,0.845978,7,-10.30,-4.41,-36.10,15.89,7.10,-14.7,-9.97,-45.16,20.99,0.64,0.973598,18
24-09-2025,NASDAQ:TCPC,BlackRock TCP Capital Corp. - Closed End Fund,530,669566,1.99,6.23,-0.16,-6.26,-13.64,-13.32,-19.58,-27.13,-36.12,-33.55,0,0,0,0,0,-1,-1,-1,-1,-1,-21.14,-22.61,-34.7,0,0,0,-17.72,-29.3,-45.03,-49.83,-52.84,0.844865,7,-13.32,-5.52,-6.31,-7.07,1.89,-17.72,-11.08,-15.37,-1.97,-4.57,0.964603,13
24-09-2025,NYSE:CRI,"Carter's, Inc. Common Stock",1078,1386194,3.95,29.6,0.30,-5.91,3.45,9.90,-2.06,-40.91,-84.53,-126.59,0,0,0,0,0,-1,-1,-1,-1,-1,-12.76,-29.72,-56.14,25.16,25.16,25.16,5.5,-11.78,-58.81,-98.24,-145.88,0.844599,6,9.90,-13.27,-38.07,-30.95,-22.79,5.5,-18.83,-47.13,-25.85,-29.25,1.076947,86
24-09-2025,NASDAQ:QDEL,QuidelOrtho Corporation - Common Stock,1812,1208499,4.53,26.69,-2.73,-7.64,-3.52,-3.60,-5.32,-32.45,-61.22,-70.10,0,0,0,0,0,-1,-1,-1,-1,-1,-15.46,-28.67,-43.94,17.01,17.01,17.01,-8,-15.04,-50.35,-74.93,-89.39,0.844554,6,-3.60,-1.66,-25.76,-21.73,-5.51,-8,-7.22,-34.82,-16.63,-11.97,1.023853,66
24-09-2025,NYSE:OXM,"Oxford Industries, Inc. Common Stock",635,608246,4.78,42.73,-0.84,-8.19,5.43,-7.25,12.80,-43.69,-90.69,-102.53,HV2Y,0,0,0,0,16.46,-1,-1,-1,-1,-17.16,-31.68,-51.47,15.58,15.58,15.58,-11.65,3.08,-61.59,-104.4,-121.82,0.844493,6,-7.25,18.70,-64.79,-32.70,-6.21,-11.65,13.14,-73.85,-27.6,-12.67,1.087989,88
24-09-2025,NYSE:TREX,"Trex Company, Inc. Common Stock",5441,1725824,3.43,50.74,-2.89,-6.11,-18.25,-25.31,-9.01,-22.25,-39.81,-36.28,0,0,0,0,0,-1,-1,-1,-1,-1,-25.92,-25.92,-36.48,0,0.44,0.44,-29.71,-18.73,-40.15,-53.52,-55.57,0.84441,6,-25.31,13.01,-12.15,-14.36,2.52,-29.71,7.45,-21.21,-9.26,-3.94,0.975097,19
24-09-2025,NASDAQ:WVE,Wave Life Sciences Ltd. - Ordinary Shares,1071,2329102,5.51,6.73,-1.46,-1.04,-9.81,-47.70,-1.78,-40.27,-95.99,15.60,0,0,0,0,HV2Y,-1,-1,-1,-1,-1,-33.69,-33.69,-59.06,3.54,22.81,26.03,-52.1,-11.5,-58.17,-109.7,-3.69,0.844143,6,-47.70,31.09,-37.81,-39.72,56.94,-52.1,25.53,-46.87,-34.62,50.48,0.971979,17
24-09-2025,NYSE:TGT,Target Corporation Common Stock,40128,8313984,1.86,88.31,1.45,-0.70,-2.80,-9.99,-9.50,-19.35,-47.70,-75.23,0,0,0,0,HV2Y,-1,-1,-1,-1,-1,-17.8,-17.8,-45.04,2.02,2.02,2.02,-14.39,-19.22,-37.25,-61.41,-94.52,0.84398,6,-9.99,0.44,-9.00,-23.75,-18.65,-14.39,-5.12,-18.06,-18.65,-25.11,1.009428,54
24-09-2025,NASDAQ:CTKB,"Cytek Biosciences, Inc. - Common Stock",434,936563,5.71,3.41,-8.09,-14.96,-9.68,-20.53,2.35,-20.23,-81.52,-49.27,0,0,HVQ,0,0,-1,-1,-1,-1,-1,-18.23,-18.23,-53.92,10,40.91,40.91,-24.93,-7.37,-38.13,-95.23,-68.56,0.843771,6,-20.53,18.98,-23.12,-50.98,17.77,-24.93,13.42,-32.18,-45.88,11.31,1.022072,65
24-09-2025,NYSE:TEO,Telecom Argentina SA,3309,345278,6.16,7.6,2.29,5.53,0.53,-14.47,-15.39,-41.58,-54.61,-12.24,0,0,0,0,0,-1,-1,-1,-1,-1,-28.03,-33.33,-46.4,16.56,16.56,16.56,-18.87,-25.11,-59.48,-68.32,-31.53,0.843589,6,-14.47,-0.80,-22.69,-9.20,27.40,-18.87,-6.36,-31.75,-4.1,20.94,0.964351,13
24-09-2025,NASDAQ:BLMN,"Bloomin' Brands, Inc. - Common Stock",632,2137647,3.89,7.43,4.94,9.83,7.27,3.77,-18.71,-9.96,-60.43,-124.63,0,0,0,0,0,-1,-1,-1,-1,-1,-29.51,-29.51,-56.4,19.74,19.74,19.74,-0.63,-28.43,-27.86,-74.14,-143.92,0.843549,6,3.77,-23.36,7.37,-45.90,-40.02,-0.63,-28.92,-1.69,-40.8,-46.48,1.037602,73
24-09-2025,NYSE:SEM,Select Medical Holdings Corporation Common Stock,1571,969865,2.79,12.67,0.96,3.16,1.66,-4.03,-17.68,-34.73,-44.12,-48.77,0,0,0,0,HV2Y,-1,-1,-1,-1,-1,-17.03,-31.18,-41.48,7.65,7.65,7.65,-8.43,-27.4,-52.63,-57.83,-68.06,0.843323,6,-4.03,-13.13,-14.49,-6.97,-3.23,-8.43,-18.69,-23.55,-1.87,-9.69,0.986814,29
24-09-2025,NYSE:IFF,"International Flavors & Fragrances, Inc. Common Stock",16028,2275454,1.95,62.54,0.24,-1.28,-3.10,-7.36,-18.69,-22.99,-37.42,-63.46,0,0,0,0,0,-1,-1,-1,-1,-1,-19.26,-21.16,-41.04,0.55,0.55,0.55,-11.76,-28.41,-40.89,-51.13,-82.75,0.843316,6,-7.36,-10.56,-3.62,-11.73,-18.96,-11.76,-16.12,-12.68,-6.63,-25.42,0.988613,31
24-09-2025,NASDAQ:MRNA,"Moderna, Inc. - Common Stock",10069,12980774,4.91,25.88,0.35,3.40,6.07,2.05,-3.79,-30.80,-52.86,-153.83,0,0,0,0,HV2Y,-1,-1,-1,-1,-1,-25.35,-25.35,-61.27,10.08,10.08,10.08,-2.35,-13.51,-48.7,-66.57,-173.12,0.842654,6,2.05,-5.96,-26.02,-16.87,-66.05,-2.35,-11.52,-35.08,-11.77,-72.51,1.073412,86
24-09-2025,NYSE:CAG,"ConAgra Brands, Inc. Common Stock",8847,9936362,2.26,18.53,1.81,-1.94,-4.48,-3.40,-10.36,-36.81,-44.68,-74.31,0,0,0,0,0,-1,-1,-1,-1,-1,-12.35,-30.81,-43.37,1.81,1.81,1.81,-7.8,-20.08,-54.71,-58.39,-93.6,0.842538,6,-3.40,-6.73,-23.96,-5.76,-20.48,-7.8,-12.29,-33.02,-0.66,-26.94,1.01445,59
24-09-2025,NYSE:UPS,"United Parcel Service, Inc. Common Stock",71111,8629036,1.96,83.9,-0.60,-0.33,0.06,-4.58,-18.44,-31.05,-46.19,-53.28,0,0,0,0,0,-1,-1,-1,-1,-1,-20.5,-24.42,-39.36,0.06,0.06,0.06,-8.98,-28.16,-48.95,-59.9,-72.57,0.841611,6,-4.58,-13.26,-10.65,-11.55,-4.85,-8.98,-18.82,-19.71,-6.45,-11.31,0.987359,30
24-09-2025,NYSE:SLQT,"SelectQuote, Inc. Common Stock",356,1190673,5.29,2.06,-0.96,0.97,4.85,-22.33,-11.65,-83.50,-45.63,3.88,0,HVQ,HVQ,HV2Y,HV2Y,-1,-1,-1,-1,-1,-23.42,-45.5,-65.95,18.39,18.39,18.39,-26.73,-21.37,-101.4,-59.34,-15.41,0.840969,6,-22.33,8.73,-64.35,20.63,34.00,-26.73,3.17,-73.41,25.73,27.54,0.966346,14
24-09-2025,NASDAQ:JACK,Jack In The Box Inc. - Common Stock,361,1682278,6.22,19.11,3.86,1.99,4.40,1.57,10.26,-50.92,-102.56,-131.08,0,0,0,HV2Y,HV2Y,-1,-1,-1,-1,-1,-23.19,-33.74,-62.91,14.64,14.64,14.64,-2.83,0.54,-68.82,-116.27,-150.37,0.840944,6,1.57,8.83,-68.16,-34.22,-14.08,-2.83,3.27,-77.22,-29.12,-20.54,1.104379,91
24-09-2025,NASDAQ:OXLC,Oxford Lane Capital Corp. - Closed End Fund,1668,1315332,1.92,17.25,-0.12,-1.04,-1.57,-5.22,-17.39,-35.07,-46.38,-50.43,0,0,0,0,0,-1,-1,-1,-1,-1,-18.05,-30.44,-36.7,6.48,6.48,6.48,-9.62,-27.11,-52.97,-60.09,-69.72,0.840743,6,-5.22,-11.57,-15.06,-8.37,-2.77,-9.62,-17.13,-24.12,-3.27,-9.23,0.987096,29
24-09-2025,NYSE:KNF,Knife Riv Holding Co. Common Stock,4102,733307,3.6,72.4,-4.65,-3.69,-8.55,-25.62,-12.04,-34.07,-38.16,-25.36,0,0,0,0,0,-1,-1,-1,-1,-1,-23.44,-29.63,-32.53,0,0,0,-30.02,-21.76,-51.97,-51.87,-44.65,0.84055,6,-25.62,10.81,-19.66,-3.05,9.27,-30.02,5.25,-28.72,2.05,2.81,0.963479,12
24-09-2025,NASDAQ:OS,"OneStream, Inc. - Class A Common Stock",4813,1634630,4.03,19.82,-1.05,2.37,4.04,1.01,-32.90,-19.32,-49.45,-64.28,0,0,0,0,0,-1,-1,-1,-1,-1,-29.96,-32.05,-42.47,6.96,10.54,10.54,-3.39,-42.62,-37.22,-63.16,-83.57,0.839033,6,1.01,-34.25,10.21,-25.24,-9.93,-3.39,-39.81,1.15,-20.14,-16.39,0.980235,23
24-09-2025,NYSE:AACT,Ares Acquisition Corporation II Class A Ordinary Shares,587,695806,2.85,8.88,-22.11,-28.38,-28.49,-28.38,-27.25,-25.90,-23.20,-21.68,0,0,0,0,0,-1,-1,-1,-1,-1,-22.45,-23.05,-23.05,0,0,0,-32.78,-36.97,-43.8,-36.91,-40.97,0.838933,6,-28.38,0.88,1.06,2.15,1.23,-32.78,-4.68,-8,7.25,-5.23,0.931701,4
24-09-2025,NASDAQ:ICHR,Ichor Holdings - Ordinary Shares,607,1041601,5.01,17.68,-3.70,6.79,6.50,-1.13,-6.45,-54.86,-69.23,-55.49,0,0,0,0,0,-1,-1,-1,-1,-1,-25.56,-35.43,-50.06,25.75,25.75,25.75,-5.53,-16.17,-72.76,-82.94,-74.78,0.838664,6,-1.13,-5.26,-45.48,-9.28,8.12,-5.53,-10.82,-54.54,-4.18,1.66,1.021708,64
24-09-2025,NYSE:TFIN,"Triumph Financial, Inc. Common Stock",1256,214646,4.1,52.93,-3.83,-7.99,-13.09,-15.15,-6.90,-21.33,-71.87,-54.54,0,0,0,0,0,-1,-1,-1,-1,-1,-19.68,-19.68,-51.95,3.08,13.29,13.29,-19.55,-16.62,-39.23,-85.58,-73.83,0.838267,6,-15.15,7.17,-13.50,-41.65,10.08,-19.55,1.61,-22.56,-36.55,3.62,1.005224,49
24-09-2025,NYSE:PRMB,Primo Brands Corporation Class A Common Stock,8341,5235211,2.45,22.33,-0.04,-1.21,-9.36,-11.11,-30.45,-50.11,-36.41,-13.21,0,0,0,0,0,-1,-1,-1,-1,-1,-27.26,-37.33,-37.33,0.31,0.31,0.31,-15.51,-40.17,-68.01,-50.12,-32.5,0.838232,6,-11.11,-17.41,-15.07,9.13,17.01,-15.51,-22.97,-24.13,14.23,10.55,0.94051,6
24-09-2025,NASDAQ:COLM,Columbia Sportswear Company - Common Stock,2942,763878,2.43,53.71,1.97,0.86,-2.44,-3.15,-12.10,-41.84,-63.21,-53.10,0,0,0,0,0,-1,-1,-1,-1,-1,-16.44,-30.57,-41.67,8.95,8.95,8.95,-7.55,-21.82,-59.74,-76.92,-72.39,0.838208,6,-3.15,-8.68,-26.52,-15.07,6.19,-7.55,-14.24,-35.58,-9.97,-0.27,1.003493,47
24-09-2025,NASDAQ:ARVN,"Arvinas, Inc. - Common Stock",568,1835669,5.41,7.73,2.66,1.55,-1.29,3.23,-0.91,-5.17,-130.66,-231.57,0,0,0,0,0,-1,-1,-1,-1,-1,-6.08,-19.65,-72.43,23.88,27.35,27.35,-1.17,-10.63,-23.07,-144.37,-250.86,0.838042,6,3.23,-4.28,-4.23,-119.31,-43.75,-1.17,-9.84,-13.29,-114.21,-50.21,1.13162,93
24-09-2025,NYSE:GPK,Graphic Packaging Holding Company,5721,4183674,2.51,19.31,1.21,-3.57,-7.25,-17.71,-9.79,-30.86,-41.90,-55.93,0,0,0,0,0,-1,-1,-1,-1,-1,-17.93,-26.58,-36.38,1.21,1.21,1.21,-22.11,-19.51,-48.76,-55.61,-75.22,0.83792,6,-17.71,6.73,-19.20,-8.43,-9.89,-22.11,1.17,-28.26,-3.33,-16.35,0.990831,34
24-09-2025,NYSE:IIPR,"Innovative Industrial Properties, Inc. Common Stock",1559,271089,2.62,54.35,-2.32,-4.31,-3.72,-1.32,-4.43,-19.32,-75.42,-148.22,0,0,0,0,0,-1,-1,-1,-1,-1,-6.71,-16.51,-60.26,18.59,18.59,18.59,-5.72,-14.15,-37.22,-89.13,-167.51,0.837744,6,-1.32,-3.07,-14.25,-47.02,-41.50,-5.72,-8.63,-23.31,-41.92,-47.96,1.066166,84
24-09-2025,NYSE:ASGN,ASGN Incorporated Common Stock,2153,614614,3.37,49.16,1.17,-0.71,-3.46,-7.65,-1.48,-30.88,-72.27,-89.69,0,0,HV2Y,0,0,-1,-1,-1,-1,-1,-11.66,-23.59,-51.23,4.48,4.48,4.48,-12.05,-11.2,-48.78,-85.98,-108.98,0.837734,6,-7.65,5.73,-28.96,-31.63,-10.11,-12.05,0.17,-38.02,-26.53,-16.57,1.038558,74
24-09-2025,NASDAQ:KDP,Keurig Dr Pepper Inc. - Common Stock,35659,24385731,2.26,26.25,-0.94,-3.85,-4.53,-18.48,-25.64,-28.88,-23.43,-42.70,0,0,0,0,0,-1,-1,-1,-1,-1,-25.43,-26.49,-30.94,1.16,1.16,1.16,-22.88,-35.36,-46.78,-37.14,-61.99,0.837607,6,-18.48,-6.05,-2.58,4.23,-15.62,-22.88,-11.61,-11.64,9.33,-22.08,0.954851,9
24-09-2025,NASDAQ:DNLI,Denali Therapeutics Inc. - Common Stock,1971,2364911,5.12,13.48,3.30,3.12,-8.61,-15.50,-7.20,-4.75,-59.42,-129.30,0,0,0,0,0,-1,-1,-1,-1,-1,-13.87,-19.04,-57.31,5.73,17.52,17.52,-19.9,-16.92,-22.65,-73.13,-148.59,0.83725,6,-15.50,7.19,2.28,-52.20,-43.83,-19.9,1.63,-6.78,-47.1,-50.29,1.040032,75
24-09-2025,NASDAQ:LGIH,"LGI Homes, Inc. - Common Stock",1248,423598,4.23,54.13,-0.17,-6.23,-13.21,-20.08,8.92,-30.94,-66.77,-119.32,0,0,HV2Y,0,0,-1,-1,-1,-1,-1,-19.77,-23.63,-54.41,9.8,14.34,14.34,-24.48,-0.8,-48.84,-80.48,-138.61,0.836196,5,-20.08,24.15,-43.77,-27.36,-31.52,-24.48,18.59,-52.83,-22.26,-37.98,1.065593,84
24-09-2025,NYSE:CEPU,Central Puerto S.A. American Depositary Shares (each represents ten Common Shares),1418,444952,6.24,9,1.81,7.33,0.22,-14.67,-28.33,-37.56,-50.56,-12.56,0,0,0,0,0,-1,-1,-1,-1,-1,-30.56,-35.34,-43.4,17.19,17.19,17.19,-19.07,-38.05,-55.46,-64.27,-31.85,0.836146,5,-14.67,-11.92,-7.19,-9.45,25.24,-19.07,-17.48,-16.25,-4.35,18.78,0.941767,6
24-09-2025,NASDAQ:ATEX,Anterix Inc. - Common Stock,426,218723,3.92,22.72,-0.09,6.12,6.73,1.54,-17.91,-64.48,-34.11,-73.15,0,0,0,HV2Y,HV2Y,-1,-1,-1,-1,-1,-15.19,-39.43,-45.89,8.4,8.4,8.4,-2.86,-27.63,-82.38,-47.82,-92.44,0.836095,5,1.54,-19.76,-39.49,18.46,-29.11,-2.86,-25.32,-48.55,23.56,-35.57,1.012156,56
24-09-2025,NYSE:KRO,Kronos Worldwide Inc Common Stock,679,350313,4.08,5.9,-0.17,-2.20,-6.27,-6.78,-6.10,-29.83,-65.25,-92.03,0,HVQ,0,0,0,-1,-1,-1,-1,-1,-11.41,-24.26,-54.48,21.4,21.4,21.4,-11.18,-15.82,-47.73,-78.96,-111.32,0.835677,5,-6.78,0.63,-22.36,-27.28,-16.21,-11.18,-4.93,-31.42,-22.18,-22.67,1.029243,70
24-09-2025,NYSE:MAN,ManpowerGroup Common Stock,1811,1300265,3.44,39.12,4.80,3.40,3.12,-12.88,-0.72,-47.80,-45.45,-88.42,0,0,0,0,0,-1,-1,-1,-1,-1,-14.4,-34.07,-47.35,4.8,4.8,4.8,-17.28,-10.44,-65.7,-59.16,-107.71,0.835429,5,-12.88,10.78,-46.75,1.59,-29.54,-17.28,5.22,-55.81,6.69,-36,1.035224,72
24-09-2025,NASDAQ:MORN,"Morningstar, Inc. - Common Stock",10001,458877,2.3,237.11,0.53,-4.98,-6.01,-10.20,-30.74,-28.74,-42.52,-35.25,0,0,0,0,0,-1,-1,-1,-1,-1,-24.47,-24.47,-33.91,1.46,1.46,1.46,-14.6,-40.46,-46.64,-56.23,-54.54,0.835282,5,-10.20,-18.64,1.53,-10.71,5.10,-14.6,-24.2,-7.53,-5.61,-1.36,0.952847,8
24-09-2025,NASDAQ:GSHD,"Goosehead Insurance, Inc. - Class A Common Stock",2890,292529,3.07,76.96,-0.53,-4.98,-3.22,-12.55,-25.78,-57.61,-39.93,-15.25,0,0,0,0,HV2Y,-1,-1,-1,-1,-1,-27.06,-36.83,-40.66,0,0,0,-16.95,-35.5,-75.51,-53.64,-34.54,0.835009,5,-12.55,-11.75,-25.31,11.22,17.63,-16.95,-17.31,-34.37,16.32,11.17,0.949188,7
24-09-2025,NYSE:NVO,Novo Nordisk A/S Common Stock,262469,13313076,2.17,58.74,-1.34,0.92,7.44,4.09,-14.66,-25.30,-76.10,-117.08,0,0,0,0,0,-1,-1,-1,-1,-1,-18.08,-27.53,-53.93,29.44,29.44,29.44,-0.31,-24.38,-43.2,-89.81,-136.37,0.834876,5,4.09,-19.54,-9.28,-40.54,-23.27,-0.31,-25.1,-18.34,-35.44,-29.73,1.039057,74
24-09-2025,NASDAQ:MRTN,"Marten Transport, Ltd. - Common Stock",884,679952,2.55,10.84,1.03,-3.60,-7.38,-11.25,-18.73,-26.75,-46.77,-59.32,0,0,0,0,0,-1,-1,-1,-1,-1,-22.07,-22.46,-40.64,1.03,1.03,1.03,-15.65,-28.45,-44.65,-60.48,-78.61,0.834825,5,-11.25,-6.72,-6.76,-15.79,-8.55,-15.65,-12.28,-15.82,-10.69,-15.01,0.983059,25
24-09-2025,NYSE:LYB,LyondellBasell Industries NV Ordinary Shares Class A (Netherlands),16523,4780965,3.13,51.37,1.99,-4.19,-5.90,-11.06,-11.89,-35.97,-42.05,-83.06,0,0,0,0,0,-1,-1,-1,-1,-1,-23.58,-27.71,-46.9,6.27,6.27,6.27,-15.46,-21.61,-53.87,-55.76,-102.35,0.832791,5,-11.06,-0.75,-21.52,-4.47,-28.87,-15.46,-6.31,-30.58,0.63,-35.33,1.007669,52
24-09-2025,NYSE:EMN,Eastman Chemical Company Common Stock,7330,1522085,2.86,63.83,-0.68,-3.38,-1.91,-7.25,-18.86,-39.97,-41.05,-67.05,0,0,0,0,0,-1,-1,-1,-1,-1,-21.74,-28.72,-43.9,8.57,8.57,8.57,-11.65,-28.58,-57.87,-54.76,-86.34,0.832764,5,-7.25,-10.82,-17.75,-0.77,-18.44,-11.65,-16.38,-26.81,4.33,-24.9,0.990938,34
24-09-2025,NYSE:ACN,Accenture plc Class A Ordinary Shares (Ireland),148912,5024533,2.38,235.5,-1.87,-0.56,-7.00,-10.07,-27.69,-30.44,-47.61,-42.35,0,0,0,0,0,-1,-1,-1,-1,-1,-22.73,-27.14,-40.87,0,0,0,-14.47,-37.41,-48.34,-61.32,-61.64,0.83215,5,-10.07,-16.01,-2.15,-13.16,3.56,-14.47,-21.57,-11.21,-8.06,-2.9,0.961687,11
24-09-2025,NASDAQ:CHTR,"Charter Communications, Inc. - Class A Common Stock",40152,1923354,2.79,263.39,-1.37,-1.76,0.15,-3.82,-51.43,-42.38,-33.93,-25.44,0,0,0,0,0,-1,-1,-1,-1,-1,-37.02,-38.35,-38.35,2.66,2.66,2.66,-8.22,-61.15,-60.28,-47.64,-44.73,0.831241,5,-3.82,-45.86,5.98,5.93,6.34,-8.22,-51.42,-3.08,11.03,-0.12,0.927657,4
24-09-2025,NASDAQ:WEST,Westrock Coffee Company - Common Stock,469,615846,5.78,4.95,-1.39,-7.88,-2.02,-27.68,-16.36,-43.03,-29.29,-35.56,0,0,0,0,0,-1,-1,-1,-1,-1,-30.87,-36.86,-40.07,0,0,0,-32.08,-26.08,-60.93,-43,-54.85,0.83122,5,-27.68,8.86,-22.92,9.60,-4.84,-32.08,3.3,-31.98,14.7,-11.3,0.960132,10
24-09-2025,NASDAQ:NOVT,Novanta Inc. - Common Shares,3789,337928,2.96,105.33,-4.49,-7.25,-9.14,-12.72,-19.29,-29.90,-45.69,-65.70,0,0,0,0,0,-1,-1,-1,-1,-1,-21.26,-23.02,-42.33,0,2.61,2.61,-17.12,-29.01,-47.8,-59.4,-84.99,0.830149,5,-12.72,-5.83,-8.89,-12.16,-13.73,-17.12,-11.39,-17.95,-7.06,-20.19,0.983664,26
24-09-2025,NYSE:KOS,Kosmos Energy Ltd. Common Shares (DE),851,8703442,5.85,1.78,4.09,0.00,2.25,-5.62,-4.49,-27.53,-73.60,-139.33,0,0,0,0,0,-1,-1,-1,-1,-1,-25.52,-25.52,-60.53,9.88,17.11,17.11,-10.02,-14.21,-45.43,-87.31,-158.62,0.830121,5,-5.62,1.06,-22.04,-36.12,-37.86,-10.02,-4.5,-31.1,-31.02,-44.32,1.055751,80
24-09-2025,NYSE:KEX,Kirby Corporation Common Stock,4655,1254711,2.78,83.43,-3.43,0.95,-4.27,-17.37,-34.62,-25.13,-27.50,-49.23,0,0,0,0,HV2Y,-1,-1,-1,-1,-1,-30.95,-30.95,-36.09,0.96,0.96,0.96,-21.77,-44.34,-43.03,-41.21,-68.52,0.829975,5,-17.37,-14.70,7.04,-1.89,-17.04,-21.77,-20.26,-2.02,3.21,-23.5,0.947297,7
24-09-2025,NYSE:AI,"C3.ai, Inc. Class A Common Stock",2437,10066185,4.79,18.12,-2.11,3.42,13.13,3.42,-33.39,-29.64,-119.04,-30.91,0,0,HVY,HVY,2,-1,-1,-1,-1,-1,-37.86,-37.86,-57.8,17.21,17.21,17.21,-0.98,-43.11,-47.54,-132.75,-50.2,0.829699,5,3.42,-38.11,2.81,-68.97,40.24,-0.98,-43.67,-6.25,-63.87,33.78,0.990045,33
24-09-2025,NASDAQ:ACHC,"Acadia Healthcare Company, Inc. - Common Stock",2271,3695719,4.56,22.02,-4.34,1.41,-5.81,-1.91,2.27,-31.43,-77.34,-251.68,0,0,0,0,HV2Y,-1,-1,-1,-1,-1,-10.81,-27.37,-71.57,22.33,22.33,22.33,-6.31,-7.45,-49.33,-91.05,-270.97,0.829635,5,-1.91,4.10,-34.48,-34.93,-98.31,-6.31,-1.46,-43.54,-29.83,-104.77,1.122785,93
24-09-2025,NYSE:SEMR,"SEMrush Holdings, Inc. Class A Common Stock",1126,1132653,3.14,7.57,2.85,2.64,2.64,-1.72,-16.64,-31.18,-63.28,-100.92,0,0,0,0,0,-1,-1,-1,-1,-1,-24.3,-30.99,-58.79,6.32,6.32,6.32,-6.12,-26.36,-49.08,-76.99,-120.21,0.829509,5,-1.72,-14.68,-12.46,-24.47,-23.06,-6.12,-20.24,-21.52,-19.37,-29.52,1.018547,62
24-09-2025,NASDAQ:SMPL,The Simply Good Foods Company - Common Stock,2544,1329954,2.35,25.3,-1.29,-4.86,-7.31,-15.73,-25.34,-31.26,-53.56,-33.95,0,0,0,HV2Y,0,-1,-1,-1,-1,-1,-25.7,-33.42,-36.77,0,0,0,-20.13,-35.06,-49.16,-67.27,-53.24,0.829227,5,-15.73,-8.30,-4.73,-16.98,12.77,-20.13,-13.86,-13.79,-11.88,6.31,0.956727,9
24-09-2025,NASDAQ:HCKT,"The Hackett Group, Inc. - Common Stock",541,244137,2.51,19.67,0.41,-3.46,-3.97,-6.20,-27.91,-46.52,-58.06,-32.28,0,0,0,0,0,-1,-1,-1,-1,-1,-24.11,-32.75,-39.14,0.41,0.41,0.41,-10.6,-37.63,-64.42,-71.77,-51.57,0.829066,5,-6.20,-20.44,-14.55,-7.88,16.31,-10.6,-26,-23.61,-2.78,9.85,0.962316,11
24-09-2025,NASDAQ:CRVL,CorVel Corp. - Common Stock,4063,217110,3.13,79.18,-1.16,-3.08,-8.17,-14.23,-29.68,-39.05,-40.71,-33.58,0,0,0,0,0,-1,-1,-1,-1,-1,-24.11,-33.27,-38.36,0,0,0,-18.63,-39.4,-56.95,-54.42,-52.87,0.828948,5,-14.23,-13.52,-7.23,-1.20,5.07,-18.63,-19.08,-16.29,3.9,-1.39,0.94903,7
24-09-2025,NYSE:ZIP,"ZipRecruiter, Inc. Class A Common Stock",400,942702,5.64,4.59,-3.57,-13.94,-3.05,-12.42,-4.79,-32.24,-61.00,-109.37,0,HV2Y,HV2Y,0,0,-1,-1,-1,-1,-1,-14.37,-28.84,-58.65,31.9,31.9,31.9,-16.82,-14.51,-50.14,-74.71,-128.66,0.828701,5,-12.42,6.78,-26.20,-21.75,-30.04,-16.82,1.22,-35.26,-16.65,-36.5,1.033677,72
24-09-2025,NASDAQ:HRMY,"Harmony Biosciences Holdings, Inc. - Common Stock",1540,969412,3.69,26.76,-16.56,-19.81,-24.10,-39.84,-17.97,-23.28,-26.64,-46.82,0,0,0,0,0,-1,-1,-1,-1,-1,-29.67,-29.67,-35.5,0,0,0,-44.24,-27.69,-41.18,-40.35,-66.11,0.828407,5,-39.84,15.63,-4.50,-2.73,-15.93,-44.24,10.07,-13.56,2.37,-22.39,0.95322,8
24-09-2025,NYSE:KVUE,Kenvue Inc. Common Stock,32356,36485174,4.26,16.86,-2.20,-8.78,-9.55,-25.68,-25.56,-37.01,-28.17,-36.54,0,0,0,0,0,-1,-1,-1,-1,-1,-26.18,-31.01,-31.01,0,0,0,-30.08,-35.28,-54.91,-41.88,-55.83,0.828009,5,-25.68,0.09,-9.12,6.45,-6.52,-30.08,-5.47,-18.18,11.55,-12.98,0.945916,7
24-09-2025,NYSE:FMC,FMC Corporation Common Stock,4277,1837874,3,34.24,-1.18,-8.85,-7.68,-17.23,-22.93,-20.33,-39.78,-81.19,0,0,0,0,HV2Y,-1,-1,-1,-1,-1,-22.97,-22.97,-48.6,0,0.77,0.77,-21.63,-32.65,-38.23,-53.49,-100.48,0.827032,5,-17.23,-4.86,2.11,-16.17,-29.63,-21.63,-10.42,-6.95,-11.07,-36.09,0.982115,24
24-09-2025,NASDAQ:CMCO,Columbus McKinnon Corporation - Common Stock,423,318906,4.04,14.74,-2.71,-0.47,1.56,-4.14,0.75,-26.05,-148.58,-119.20,0,0,0,0,0,-1,-1,-1,-1,-1,-12.57,-20.67,-63.69,8.54,16.25,16.25,-8.54,-8.97,-43.95,-162.29,-138.49,0.826827,5,-4.14,4.69,-27.00,-97.20,11.82,-8.54,-0.87,-36.06,-92.1,5.36,1.083959,88
24-09-2025,NYSE:GKOS,Glaukos Corporation Common Stock,4748,807029,3.52,82.79,-2.24,0.83,-5.71,-10.58,-19.95,-29.13,-73.62,-54.34,0,0,0,0,0,-1,-1,-1,-1,-1,-22.3,-22.56,-48.65,2.67,2.67,2.67,-14.98,-29.67,-47.03,-87.33,-73.63,0.826071,5,-10.58,-8.48,-7.65,-34.45,11.10,-14.98,-14.04,-16.71,-29.35,4.64,0.985012,28
24-09-2025,NYSE:BCC,"Boise Cascade, L.L.C. Common Stock",2902,353987,3.07,77.73,-1.57,-3.51,-10.47,-15.76,-12.61,-30.36,-58.25,-76.89,0,0,0,0,0,-1,-1,-1,-1,-1,-17.09,-23.85,-49.03,0,0,0,-20.16,-22.33,-48.26,-71.96,-96.18,0.825886,4,-15.76,2.72,-15.77,-21.40,-11.78,-20.16,-2.84,-24.83,-16.3,-18.24,0.999435,44
24-09-2025,NASDAQ:CCOI,"Cogent Communications Holdings, Inc. - Common Stock",2000,1646660,4.41,40.67,0.57,7.43,13.20,5.83,-18.39,-57.09,-84.21,-77.75,0,0,0,0,0,-1,-1,-1,-1,-1,-23.13,-36.34,-52.35,32.82,32.82,32.82,1.43,-28.11,-74.99,-97.92,-97.04,0.825804,4,5.83,-25.72,-32.69,-17.26,3.51,1.43,-31.28,-41.75,-12.16,-2.95,1.018284,62
24-09-2025,NYSE:CMG,"Chipotle Mexican Grill, Inc. Common Stock",53032,21794250,2.11,39.55,-0.33,-0.30,2.12,-8.09,-39.42,-25.18,-56.11,-44.70,0,0,0,0,0,-1,-1,-1,-1,-1,-32.09,-32.09,-40.22,2.51,2.51,2.51,-12.49,-49.14,-43.08,-69.82,-63.99,0.825217,4,-8.09,-28.98,10.21,-24.70,7.30,-12.49,-34.54,1.15,-19.6,0.84,0.952116,8
24-09-2025,NYSE:CWAN,"Clearwater Analytics Holdings, Inc. Class A Common Stock",5308,4382077,2.91,18.15,-0.22,-5.62,-10.85,-13.11,-19.94,-52.07,-53.83,-39.34,0,0,0,0,0,-1,-1,-1,-1,-1,-19.58,-34.24,-44.65,0,0,0,-17.51,-29.66,-69.97,-67.54,-58.63,0.825114,4,-13.11,-6.04,-26.78,-1.16,9.42,-17.51,-11.6,-35.84,3.94,2.96,0.971507,17
24-09-2025,NYSE:AIN,Albany International Corporation Common Stock,1609,243950,2.66,55.61,-0.94,-4.21,-8.47,-17.32,-25.70,-30.97,-39.09,-59.09,0,0,0,0,0,-1,-1,-1,-1,-1,-23.33,-24.26,-37.41,2.62,2.62,2.62,-21.72,-35.42,-48.87,-52.8,-78.38,0.825007,4,-17.32,-7.14,-4.19,-6.21,-14.38,-21.72,-12.7,-13.25,-1.11,-20.84,0.965344,13
24-09-2025,NASDAQ:AUTL,Autolus Therapeutics plc - American Depositary Shares,359,5080297,6.92,1.56,15.56,18.59,11.54,-2.56,-48.72,-3.85,-43.59,-139.10,0,0,HVQ,0,0,-1,-1,-1,-1,-1,-41.79,-41.79,-67.5,22.83,36.84,36.84,-6.96,-58.44,-21.75,-57.3,-158.39,0.824665,4,-2.56,-45.00,30.17,-38.27,-66.52,-6.96,-50.56,21.11,-33.17,-72.98,1.001971,46
24-09-2025,NASDAQ:FIP,FTAI Infrastructure Inc. - Common Stock,539,2232077,6.56,4.68,-1.06,-2.14,9.83,-13.89,-30.34,-6.20,-55.13,-97.44,0,0,0,0,0,-1,-1,-1,-1,-1,-34.82,-34.82,-52.2,17,43.56,43.56,-18.29,-40.06,-24.1,-68.84,-116.73,0.824622,4,-13.89,-14.45,18.52,-46.08,-27.27,-18.29,-20.01,9.46,-40.98,-33.73,0.989426,32
24-09-2025,NASDAQ:XRAY,DENTSPLY SIRONA Inc. - Common Stock,2567,2945950,2.82,12.87,-0.69,-4.35,-6.45,-11.89,-24.32,-20.98,-43.51,-104.27,0,0,0,0,0,-1,-1,-1,-1,-1,-23.62,-23.62,-52.44,2.75,2.75,2.75,-16.29,-34.04,-38.88,-57.22,-123.56,0.824466,4,-11.89,-11.11,2.69,-18.63,-42.34,-16.29,-16.67,-6.37,-13.53,-48.8,0.997088,41
24-09-2025,NASDAQ:NSIT,"Insight Enterprises, Inc. - Common Stock",3593,389818,3.04,114.16,-2.63,-4.61,-10.09,-15.15,-17.90,-36.62,-38.03,-87.32,0,0,0,0,0,-1,-1,-1,-1,-1,-22.16,-26.8,-49.2,0,0,0,-19.55,-27.62,-54.52,-51.74,-106.61,0.824261,4,-15.15,-2.40,-15.87,-1.03,-35.71,-19.55,-7.96,-24.93,4.07,-42.17,0.99529,39
24-09-2025,NASDAQ:NVCR,NovoCure Limited - Ordinary Shares,1436,1530564,4.66,12.84,-1.23,1.17,4.91,8.88,-34.93,-46.18,-136.76,-35.90,0,0,0,0,HV2Y,-1,-1,-1,-1,-1,-30.44,-33.81,-61.57,17.8,17.8,17.8,4.48,-44.65,-64.08,-150.47,-55.19,0.824038,4,8.88,-48.08,-8.34,-61.96,42.60,4.48,-53.64,-17.4,-56.86,36.14,0.998491,43
24-09-2025,NYSE:UA,"Under Armour, Inc. Class C Common Stock",2051,5689370,2.52,4.74,0.85,-0.84,-2.74,-5.91,-33.12,-28.27,-59.49,-60.34,0,0,0,0,HV2Y,-1,-1,-1,-1,-1,-31.6,-31.6,-52.31,1.28,1.28,1.28,-10.31,-42.84,-46.17,-73.2,-79.63,0.824001,4,-5.91,-25.70,3.65,-24.34,-0.53,-10.31,-31.26,-5.41,-19.24,-6.99,0.969852,16
24-09-2025,NYSE:COTY,Coty Inc. Class A Common Stock,3454,9038388,3.93,3.96,-1.00,-9.09,-1.52,3.79,-17.17,-38.38,-76.77,-132.07,0,0,0,0,0,-1,-1,-1,-1,-1,-23.11,-29.91,-58.36,7.32,7.32,7.32,-0.61,-26.89,-56.28,-90.48,-151.36,0.82388,4,3.79,-21.78,-18.10,-27.74,-31.29,-0.61,-27.34,-27.16,-22.64,-37.75,1.038844,74
24-09-2025,NYSE:NOMD,Nomad Foods Limited Ordinary Shares,2025,1682645,2.6,13.2,0.92,-2.88,-6.89,-18.94,-27.95,-46.36,-27.20,-49.47,0,0,0,0,0,-1,-1,-1,-1,-1,-27.39,-34.43,-35.74,0.92,0.92,0.92,-23.34,-37.67,-64.26,-40.91,-68.76,0.823774,4,-18.94,-7.58,-14.39,13.10,-17.51,-23.34,-13.14,-23.45,18.2,-23.97,0.956614,9
24-09-2025,NASDAQ:JANX,"Janux Therapeutics, Inc. - Common Stock",1373,682970,4.75,22.84,-0.61,-2.71,-6.44,-0.74,-1.75,-34.98,-148.47,-119.79,0,0,0,0,0,-1,-1,-1,-1,-1,-17.69,-31.2,-65.83,1.15,1.15,1.15,-5.14,-11.47,-52.88,-162.18,-139.08,0.823354,4,-0.74,-1.00,-32.66,-84.07,11.54,-5.14,-6.56,-41.72,-78.97,5.08,1.078643,87
24-09-2025,NYSE:AMN,AMN Healthcare Services Inc,703,1030751,4.91,18.39,-3.87,-0.54,-13.27,-12.83,-18.00,-33.17,-27.90,-149.76,0,0,0,0,0,-1,-1,-1,-1,-1,-16.79,-24.91,-59.96,11.52,11.52,11.52,-17.23,-27.72,-51.07,-41.61,-169.05,0.823147,4,-12.83,-4.58,-12.86,3.96,-95.28,-17.23,-10.14,-21.92,9.06,-101.74,1.034673,72
24-09-2025,NASDAQ:SPSC,"SPS Commerce, Inc. - Common Stock",4075,443764,3.06,107.49,0.12,0.27,-2.70,-4.41,-24.30,-25.59,-77.04,-81.72,0,0,0,0,0,-1,-1,-1,-1,-1,-24.57,-29.59,-45.93,3.48,3.48,3.48,-8.81,-34.02,-43.49,-90.75,-101.01,0.822945,4,-4.41,-19.05,-1.04,-40.96,-2.64,-8.81,-24.61,-10.1,-35.86,-9.1,0.99813,42
24-09-2025,NASDAQ:CBLL,"CeriBell, Inc. - Common Stock",448,270636,4.47,12.21,1.16,2.13,6.31,6.31,-58.23,-65.11,-118.92,NA,0,0,0,0,0,-1,-1,-1,-1,-1,-36.8,-39.43,-59.62,6.92,9.51,9.51,1.91,-67.95,-83.01,-132.63,0,0.822689,4,6.31,-68.88,-4.35,-32.59,NA,1.91,-74.44,-13.41,-27.49,0,0.909806,2
24-09-2025,NYSE:DV,"DoubleVerify Holdings, Inc. Common Stock",1998,3940602,3.72,12.21,1.67,-6.22,-13.02,-33.09,-19.90,-17.53,-61.26,-40.79,0,0,0,0,0,-1,-1,-1,-1,-1,-24.95,-24.95,-47.07,1.67,2.95,2.95,-37.49,-29.62,-35.43,-74.97,-60.08,0.822486,4,-33.09,9.91,1.98,-37.21,12.70,-37.49,4.35,-7.08,-32.11,6.24,0.959018,10
24-09-2025,NASDAQ:PUBM,"PubMatic, Inc. - Class A Common Stock",386,537444,3.9,8.44,0.96,-2.25,4.15,-0.71,-34.24,-23.82,-82.46,-72.04,0,0,0,0,0,-1,-1,-1,-1,-1,-38.26,-38.26,-50.76,7.93,8.62,8.62,-5.11,-43.96,-41.72,-96.17,-91.33,0.821826,4,-0.71,-33.29,7.77,-47.37,5.71,-5.11,-38.85,-1.29,-42.27,-0.75,0.986833,29
24-09-2025,NYSE:FSK,FS KKR Capital Corp. Common Stock,4221,2773626,1.88,15.07,-0.40,-6.37,-18.05,-18.65,-35.37,-41.07,-40.81,-30.86,0,0,0,0,0,-1,-1,-1,-1,-1,-32.96,-32.96,-37.36,0,0,0,-23.05,-45.09,-58.97,-54.52,-50.15,0.821567,4,-18.65,-14.09,-4.22,0.19,7.07,-23.05,-19.65,-13.28,5.29,0.61,0.93571,5
24-09-2025,NYSE:BAX,Baxter International Inc. Common Stock,11587,6214507,2.48,22.56,-1.31,-2.84,-6.29,-8.87,-35.68,-46.01,-28.10,-70.61,0,0,0,0,0,-1,-1,-1,-1,-1,-27.76,-34.09,-42.15,3.68,3.68,3.68,-13.27,-45.4,-63.91,-41.81,-89.9,0.821533,4,-8.87,-24.63,-7.61,12.26,-33.18,-13.27,-30.19,-16.67,17.36,-39.64,0.967212,14
24-09-2025,NASDAQ:NEOG,Neogen Corporation - Common Stock,1177,6336066,5.22,5.42,-3.21,-0.74,-3.14,-3.32,10.15,-55.90,-121.77,-222.14,0,0,0,0,0,-1,-1,-1,-1,-1,-5.74,-39.51,-68.96,16.56,23.46,23.46,-7.72,0.43,-73.8,-135.48,-241.43,0.821366,4,-3.32,13.04,-73.51,-42.25,-45.26,-7.72,7.48,-82.57,-37.15,-51.72,1.132972,94
24-09-2025,NYSE:HAE,Haemonetics Corporation Common Stock,2438,1089584,2.5,50.61,-0.08,1.30,-6.05,-9.13,-45.03,-25.17,-51.95,-47.86,0,0,0,0,0,-1,-1,-1,-1,-1,-35.26,-35.26,-45.8,1.32,1.32,1.32,-13.53,-54.75,-43.07,-65.66,-67.15,0.821354,4,-9.13,-32.90,13.69,-21.39,2.69,-13.53,-38.46,4.63,-16.29,-3.77,0.945138,7
24-09-2025,NASDAQ:RARE,Ultragenyx Pharmaceutical Inc. - Common Stock,2772,1629575,3.58,28.76,1.27,0.17,-8.80,-1.77,-30.15,-34.53,-51.15,-104.28,0,0,0,0,0,-1,-1,-1,-1,-1,-30.6,-30.6,-51.05,9.31,9.31,9.31,-6.17,-39.87,-52.43,-64.86,-123.57,0.820951,4,-1.77,-27.88,-3.37,-12.35,-35.15,-6.17,-33.44,-12.43,-7.25,-41.61,0.998098,42
24-09-2025,NYSE:FI,"Fiserv, Inc. Common Stock",70988,4583481,1.98,130.59,0.59,-2.75,-1.19,-5.11,-30.45,-70.47,-54.88,-36.01,0,0,0,0,0,-1,-1,-1,-1,-1,-25.61,-42.26,-45.08,0.59,0.59,0.59,-9.51,-40.17,-88.37,-68.59,-55.3,0.8202,4,-5.11,-24.11,-30.68,9.15,12.19,-9.51,-29.67,-39.74,14.25,5.73,0.963928,12
24-09-2025,NASDAQ:ENPH,"Enphase Energy, Inc. - Common Stock",4967,8531583,5.04,37.99,1.69,-1.92,2.29,-0.63,-0.32,-65.23,-73.20,-202.45,0,0,0,0,0,-1,-1,-1,-1,-1,-11.65,-39.48,-67.53,26.17,26.17,26.17,-5.03,-10.04,-83.13,-86.91,-221.74,0.819623,4,-0.63,0.31,-64.71,-4.83,-74.62,-5.03,-5.25,-73.77,0.27,-81.08,1.10359,91
24-09-2025,NASDAQ:DNUT,"Krispy Kreme, Inc. - Common Stock",567,4480175,6.25,3.31,1.53,4.83,9.37,-11.48,22.36,-63.75,-194.26,-263.14,0,0,HV2Y,0,HV2Y,-1,-1,-1,-1,-1,-25.11,-39.71,-73.35,28.79,28.79,28.79,-15.88,12.64,-81.65,-207.97,-282.43,0.819482,4,-11.48,30.35,-110.89,-79.70,-23.41,-15.88,24.79,-119.95,-74.6,-29.87,1.19442,96
24-09-2025,NASDAQ:CROX,"Crocs, Inc. - Common Stock",4232,2050913,3.66,77.49,-0.84,-3.94,-4.75,-11.36,-27.29,-45.30,-36.38,-79.44,0,0,0,0,0,-1,-1,-1,-1,-1,-28.77,-35.56,-47.43,4.17,4.17,4.17,-15.76,-37.01,-63.2,-50.09,-98.73,0.819186,4,-11.36,-14.31,-14.14,6.14,-31.58,-15.76,-19.87,-23.2,11.24,-38.04,0.980441,23
24-09-2025,NYSE:LOMA,Loma Negra Compania Industrial Argentina Sociedad Anonima ADS,977,983355,5.24,7.96,0.89,6.28,-1.13,-23.99,-40.08,-47.11,-48.12,-11.18,0,0,0,0,HV2Y,-1,-1,-1,-1,-1,-36.22,-42.24,-42.24,11.64,11.64,11.64,-28.39,-49.8,-65.01,-61.83,-30.47,0.818656,4,-23.99,-12.97,-5.02,-0.68,24.94,-28.39,-18.53,-14.08,4.42,18.48,0.916342,3
24-09-2025,NASDAQ:POWI,"Power Integrations, Inc. - Common Stock",2289,618981,3.18,40.81,-1.76,-9.26,-8.99,-13.97,-37.20,-36.58,-50.01,-46.17,0,0,0,0,HV2Y,-1,-1,-1,-1,-1,-31.46,-31.46,-40.03,0,0,0,-18.37,-46.92,-54.48,-63.72,-65.46,0.817192,4,-13.97,-20.38,0.45,-9.83,2.56,-18.37,-25.94,-8.61,-4.73,-3.9,0.94675,7
24-09-2025,NYSE:CAVA,"CAVA Group, Inc. Common Stock",7354,3753687,3.26,63.42,-2.64,1.62,-2.74,-3.20,-16.67,-42.35,-84.56,-103.07,0,0,0,0,HV2Y,-1,-1,-1,-1,-1,-31.1,-36.39,-57.97,1.65,1.65,1.65,-7.6,-26.39,-60.25,-98.27,-122.36,0.8168,3,-3.20,-13.05,-22.02,-29.65,-10.03,-7.6,-18.61,-31.08,-24.55,-16.49,1.019872,63
24-09-2025,NYSE:NSP,"Insperity, Inc. Common Stock",1916,559060,3.58,50.87,0.65,-0.90,-0.55,-9.02,-15.10,-73.01,-50.60,-80.58,0,0,0,0,0,-1,-1,-1,-1,-1,-18.03,-43.43,-46,12.87,12.87,12.87,-13.42,-24.82,-90.91,-64.31,-99.87,0.816234,3,-9.02,-5.57,-50.32,12.95,-19.91,-13.42,-11.13,-59.38,18.05,-26.37,1.009863,54
24-09-2025,NASDAQ:CRTO,Criteo S.A. - American Depositary Shares,1273,421100,3.33,22.44,1.95,0.00,-0.89,-6.11,-6.86,-67.78,-92.74,-87.17,0,0,0,0,0,-1,-1,-1,-1,-1,-9.95,-40.4,-51.1,2.65,2.65,2.65,-10.51,-16.58,-85.68,-106.45,-106.46,0.815238,3,-6.11,-0.71,-57.01,-14.87,2.89,-10.51,-6.27,-66.07,-9.77,-3.57,1.034224,72
24-09-2025,NASDAQ:MGPI,"MGP Ingredients, Inc. - Common Stock",549,207117,2.94,25.77,-1.00,-6.98,-7.14,-14.26,-15.95,-11.95,-62.20,-225.34,0,0,0,0,0,-1,-1,-1,-1,-1,-21.6,-23.21,-69.26,0,0,0,-18.66,-25.67,-29.85,-75.91,-244.63,0.815199,3,-14.26,-1.48,3.45,-44.89,-100.57,-18.66,-7.04,-5.61,-39.79,-107.03,1.067253,84
24-09-2025,NASDAQ:PLAY,"Dave & Buster's Entertainment, Inc. - Common Stock",675,1794797,5.24,19.46,0.41,-8.84,-14.23,-27.65,-56.22,-4.06,-34.64,-65.98,0,0,0,0,HV2Y,-1,-1,-1,-1,-1,-43.68,-43.68,-53.69,0.41,21.17,21.17,-32.05,-65.94,-21.96,-48.35,-85.27,0.815054,3,-27.65,-22.38,33.39,-29.38,-23.28,-32.05,-27.94,24.33,-24.28,-29.74,0.931735,4
24-09-2025,NYSE:AVTR,"Avantor, Inc. Common Stock",8188,8904464,3.3,12.01,-1.88,-3.25,-5.00,-9.99,-13.07,-36.14,-75.02,-124.73,0,0,0,0,0,-1,-1,-1,-1,-1,-15.48,-26.54,-55.5,7.42,7.42,7.42,-14.39,-22.79,-54.04,-88.73,-144.02,0.814708,3,-9.99,-2.80,-20.40,-28.56,-28.40,-14.39,-8.36,-29.46,-23.46,-34.86,1.02713,68
24-09-2025,NYSE:UAA,"Under Armour, Inc. Class A Common Stock",2059,11988006,2.98,4.84,1.26,-0.41,-3.31,-4.75,-38.43,-32.02,-73.97,-65.08,0,0,0,0,HV2Y,-1,-1,-1,-1,-1,-34.33,-34.33,-56.51,1.26,1.26,1.26,-9.15,-48.15,-49.92,-87.68,-84.37,0.814518,3,-4.75,-32.15,4.63,-31.77,5.11,-9.15,-37.71,-4.43,-26.67,-1.35,0.968975,15
24-09-2025,NYSE:AESI,Atlas Energy Solutions Inc. Common Stock,1469,1791755,3.85,11.6,2.65,3.36,9.74,-1.98,-16.90,-59.83,-84.74,-92.07,0,0,0,0,0,-1,-1,-1,-1,-1,-19.61,-37.43,-53.64,10.79,10.79,10.79,-6.38,-26.62,-77.73,-98.45,-111.36,0.81361,3,-1.98,-14.62,-36.73,-15.59,-3.97,-6.38,-20.18,-45.79,-10.49,-10.43,1.017154,61
24-09-2025,NYSE:FLO,"Flowers Foods, Inc. Common Stock",2756,4632312,2.36,13.05,-0.23,-2.45,-9.43,-17.16,-21.92,-38.31,-58.08,-79.62,0,0,0,0,0,-1,-1,-1,-1,-1,-22.14,-32.07,-44.33,0,0,0,-21.56,-31.64,-56.21,-71.79,-98.91,0.812605,3,-17.16,-4.05,-13.45,-14.29,-13.62,-21.56,-9.61,-22.51,-9.19,-20.08,0.982985,25
24-09-2025,NYSE:WEAV,"Weave Communications, Inc. Common Stock",560,914972,3.45,7.27,-3.45,-5.91,-4.26,-4.81,-11.55,-64.37,-114.72,-71.94,0,0,0,0,0,-1,-1,-1,-1,-1,-17.29,-39.16,-58.31,6.44,6.44,6.44,-9.21,-21.27,-82.27,-128.43,-91.23,0.811979,3,-4.81,-6.43,-47.35,-30.63,19.92,-9.21,-11.99,-56.41,-25.53,13.46,1.023433,66
24-09-2025,NYSE:MOH,Molina Healthcare Inc Common Stock,10336,1295882,3.59,190.71,4.46,7.55,6.06,8.15,-54.23,-62.83,-53.91,-84.27,0,0,0,0,HV2Y,-1,-1,-1,-1,-1,-37.74,-46.01,-46.01,25.21,25.21,25.21,3.75,-63.95,-80.73,-67.62,-103.56,0.811522,3,8.15,-67.92,-5.57,5.48,-19.73,3.75,-73.48,-14.63,10.58,-26.19,0.971414,17
24-09-2025,NASDAQ:VERX,"Vertex, Inc. - Class A Common Stock",3973,1680103,4.25,24.91,-1.27,-0.90,4.18,-1.81,-34.28,-42.67,-115.13,-50.18,0,0,0,0,0,-1,-1,-1,-1,-1,-31.57,-40.51,-57.74,4.36,4.36,4.36,-6.21,-44,-60.57,-128.84,-69.47,0.810946,3,-1.81,-31.90,-6.25,-50.79,30.19,-6.21,-37.46,-15.31,-45.69,23.73,0.982413,24
24-09-2025,NYSE:CBZ,"CBIZ, Inc. Common Stock",2806,726253,3.35,51.99,-1.72,-9.25,-7.19,-25.33,-36.89,-42.49,-54.70,-30.04,0,0,0,0,0,-1,-1,-1,-1,-1,-33.18,-34.72,-41.35,0,0,0,-29.73,-46.61,-60.39,-68.41,-49.33,0.809899,3,-25.33,-9.22,-4.09,-8.57,15.94,-29.73,-14.78,-13.15,-3.47,9.48,0.930026,4
24-09-2025,NYSE:CNC,Centene Corporation Common Stock,17018,14164001,3.81,34.65,5.80,7.59,9.75,16.08,-54.43,-70.10,-72.32,-118.21,0,0,0,0,0,-1,-1,-1,-1,-1,-38.83,-46.1,-54.17,37.45,37.45,37.45,11.68,-64.15,-88,-86.03,-137.5,0.809697,3,16.08,-84.01,-10.15,-1.31,-26.63,11.68,-89.57,-19.21,3.79,-33.09,0.998981,43
24-09-2025,NYSE:DOW,Dow Inc. Common Stock,16396,13617722,3.67,23.13,1.18,-6.10,-3.03,-7.74,-15.95,-52.70,-69.04,-123.56,0,0,0,0,0,-1,-1,-1,-1,-1,-23.84,-34.99,-58.2,10.83,10.83,10.83,-12.14,-25.67,-70.6,-82.75,-142.85,0.80966,3,-7.74,-7.62,-31.69,-10.70,-32.25,-12.14,-13.18,-40.75,-5.6,-38.71,1.023936,66
24-09-2025,NASDAQ:PRGS,Progress Software Corporation - Common Stock,1773,738223,2.69,41.14,0.39,-1.87,-3.04,-11.96,-54.52,-34.08,-60.23,-39.99,0,0,0,0,0,-1,-1,-1,-1,-1,-35.56,-36.37,-41.14,0.39,0.39,0.39,-16.36,-64.24,-51.98,-73.94,-59.28,0.809244,3,-11.96,-38.02,13.23,-19.51,12.64,-16.36,-43.58,4.17,-14.41,6.18,0.928429,4
24-09-2025,NASDAQ:TWST,Twist Bioscience Corporation - Common Stock,1631,1613231,4.99,27.02,-2.24,0.19,10.58,-1.37,-36.90,-63.77,-61.44,-71.87,0,0,0,0,HV2Y,-1,-1,-1,-1,-1,-30.93,-38.94,-50.03,11.84,11.84,11.84,-5.77,-46.62,-81.67,-75.15,-91.16,0.80915,3,-1.37,-35.05,-19.63,1.42,-6.46,-5.77,-40.61,-28.69,6.52,-12.92,0.974762,19
24-09-2025,NASDAQ:WSC,WillScot Holdings Corporation - Class A Common Stock,3900,2025321,2.95,21.42,-2.37,-5.56,-6.86,-15.52,-28.01,-39.45,-53.73,-85.81,0,0,0,0,0,-1,-1,-1,-1,-1,-32.32,-32.32,-47.74,0,0,0,-19.92,-37.73,-57.35,-67.44,-105.1,0.809142,3,-15.52,-10.81,-8.94,-10.24,-20.86,-19.92,-16.37,-18,-5.14,-27.32,0.977615,21
24-09-2025,NASDAQ:RPD,"Rapid7, Inc. - Common Stock",1258,941013,3.5,19.43,-1.12,-0.36,-0.21,-3.81,-20.38,-51.72,-107.15,-81.16,0,0,0,0,0,-1,-1,-1,-1,-1,-24.07,-34.09,-55.78,8.7,8.7,8.7,-8.21,-30.1,-69.62,-120.86,-100.45,0.808844,3,-3.81,-15.96,-26.04,-36.53,12.55,-8.21,-21.52,-35.1,-31.43,6.09,1.008587,53
24-09-2025,NASDAQ:LINE,"Lineage, Inc. - Common Stock",8917,1299997,3.47,37.35,-4.18,-11.11,-12.34,-11.83,-17.80,-58.02,-52.34,-116.73,0,0,0,0,0,-1,-1,-1,-1,-1,-16.72,-37.63,-53.86,0,0,0,-16.23,-27.52,-75.92,-66.05,-136.02,0.808596,3,-11.83,-5.34,-34.14,3.59,-42.27,-16.23,-10.9,-43.2,8.69,-48.73,1.015232,59
24-09-2025,NYSE:SLVM,Sylvamo Corporation Common Stock,1726,405349,3.03,42.76,-1.45,-4.00,-1.10,-4.58,-17.45,-59.31,-84.94,-103.88,0,0,0,0,0,-1,-1,-1,-1,-1,-19.34,-37.45,-55.31,5.84,5.84,5.84,-8.98,-27.17,-77.21,-98.65,-123.17,0.808299,3,-4.58,-12.30,-35.64,-16.09,-10.24,-8.98,-17.86,-44.7,-10.99,-16.7,1.017797,62
24-09-2025,NASDAQ:BRKR,Bruker Corporation - Common Stock,4857,5143043,4.48,32.01,-3.90,-0.31,4.75,-8.12,-27.87,-35.08,-72.73,-111.00,0,0,0,0,0,-1,-1,-1,-1,-1,-27.13,-27.13,-54.7,9.06,9.06,9.06,-12.52,-37.59,-52.98,-86.44,-130.29,0.80771,3,-8.12,-18.26,-5.64,-27.87,-22.16,-12.52,-23.82,-14.7,-22.77,-28.62,0.998415,43
24-09-2025,NASDAQ:TLX,Telix Pharmaceuticals Limited - American Depositary Shares,3657,304764,2.96,10.21,-6.59,8.13,5.09,-19.49,-56.61,-79.82,-60.04,NA,0,0,0,0,0,-1,-1,-1,-1,-1,-39.66,-46.88,-51.22,12.82,12.82,12.82,-23.89,-66.33,-97.72,-73.75,0,0.806226,3,-19.49,-31.07,-14.82,11.00,NA,-23.89,-36.63,-23.88,16.1,0,0.853458,1
24-09-2025,NASDAQ:PLTK,Playtika Holding Corp. - Common Stock,1342,2343087,4.25,3.57,0.00,3.08,-3.92,-4.20,-35.01,-23.25,-95.24,-119.05,0,0,0,0,0,-1,-1,-1,-1,-1,-28.6,-34.38,-58.58,3.78,3.78,3.78,-8.6,-44.73,-41.15,-108.95,-138.34,0.806071,3,-4.20,-29.57,8.71,-58.41,-12.20,-8.6,-35.13,-0.35,-53.31,-18.66,1.004217,48
24-09-2025,NYSE:STZ,"Constellation Brands, Inc. Common Stock",23515,3176847,2.3,133.39,1.22,0.26,-7.13,-22.71,-21.10,-33.71,-70.22,-85.99,0,0,0,0,0,-1,-1,-1,-1,-1,-24.25,-31.81,-48.38,1.22,1.22,1.22,-27.11,-30.82,-51.61,-83.93,-105.28,0.805761,3,-22.71,1.31,-10.42,-27.30,-9.27,-27.11,-4.25,-19.48,-22.2,-15.73,0.984307,27
24-09-2025,NASDAQ:PSEC,Prospect Capital Corporation - Closed End Fund,1197,3957353,2.8,2.61,0.77,-5.75,-6.90,-9.20,-21.07,-62.45,-62.26,-110.34,0,0,0,0,0,-1,-1,-1,-1,-1,-24.78,-38.44,-52.46,0.77,0.77,0.77,-13.6,-30.79,-80.35,-75.97,-129.63,0.804733,3,-9.20,-10.88,-34.18,0.12,-29.63,-13.6,-16.44,-43.24,5.22,-36.09,1.00874,53
24-09-2025,NASDAQ:BWIN,"The Baldwin Insurance Group, Inc. - Class A Common Stock",3456,794645,4,29.12,-2.38,-8.10,-4.29,-14.46,-42.72,-59.37,-35.58,-67.27,0,0,0,0,0,-1,-1,-1,-1,-1,-32.26,-37.25,-47.33,0,0,0,-18.86,-52.44,-77.27,-49.29,-86.56,0.804651,3,-14.46,-24.69,-11.67,14.93,-23.38,-18.86,-30.25,-20.73,20.03,-29.84,0.951099,8
24-09-2025,NYSE:EPC,Edgewell Personal Care Company Common Stock,918,780506,3.06,19.75,1.23,-5.47,-9.72,-18.99,-20.00,-48.51,-74.23,-83.70,0,0,0,0,0,-1,-1,-1,-1,-1,-27.12,-37.7,-48.37,1.23,1.23,1.23,-23.39,-29.72,-66.41,-87.94,-102.99,0.802891,3,-18.99,-0.85,-23.76,-17.32,-5.43,-23.39,-6.41,-32.82,-12.22,-11.89,0.988453,31
24-09-2025,NYSE:RHI,Robert Half Inc. Common Stock,3523,1686790,3.1,34.63,2.49,-0.29,-1.10,-9.15,-18.05,-54.29,-104.79,-92.90,0,0,0,0,0,-1,-1,-1,-1,-1,-19.52,-37.08,-54.91,2.82,2.82,2.82,-13.55,-27.77,-72.19,-118.5,-112.19,0.802457,3,-9.15,-8.15,-30.70,-32.73,5.81,-13.55,-13.71,-39.76,-27.63,-0.65,1.01053,55
24-09-2025,NYSE:IT,"Gartner, Inc. Common Stock",19905,1594743,2.71,262.82,1.88,3.39,11.50,8.12,-53.20,-60.47,-83.10,-95.42,0,0,0,0,0,-1,-1,-1,-1,-1,-35.38,-41.53,-52.37,16.3,16.3,16.3,3.72,-62.92,-78.37,-96.81,-114.71,0.802096,2,8.12,-66.75,-4.75,-14.10,-6.73,3.72,-72.31,-13.81,-9,-13.19,0.978505,21
24-09-2025,NASDAQ:KRNT,Kornit Digital Ltd. - Ordinary Shares,657,421728,3.88,14.5,-1.09,2.55,-1.86,-6.14,-34.07,-42.97,-121.45,-66.97,0,0,0,HV2Y,0,-1,-1,-1,-1,-1,-33.76,-37.55,-55.94,2.62,2.62,2.62,-10.54,-43.79,-60.87,-135.16,-86.26,0.800511,2,-6.14,-26.32,-6.64,-54.90,24.60,-10.54,-31.88,-15.7,-49.8,18.14,0.985643,28
24-09-2025,NYSE:KLC,"KinderCare Learning Companies, Inc. Common Stock",810,715049,4.07,6.86,0.15,-4.52,-4.52,-10.35,-43.73,-92.86,-155.39,NA,0,0,0,0,0,-1,-1,-1,-1,-1,-34.79,-49.3,-76.67,1.03,1.03,1.03,-14.75,-53.45,-110.76,-169.1,0,0.798859,2,-10.35,-30.25,-34.18,-32.43,NA,-14.75,-35.81,-43.24,-27.33,0,0.923449,3
24-09-2025,NYSE:JHX,James Hardie Industries plc. Ordinary Shares,10657,7022564,2.71,18.23,-5.64,-5.10,-8.50,-8.67,-40.43,-30.55,-72.57,-130.39,0,0,0,0,HV2Y,-1,-1,-1,-1,-1,-38.54,-38.54,-56.6,0,0,0,-13.07,-50.15,-48.45,-86.28,-149.68,0.798343,2,-8.67,-29.23,7.03,-32.18,-33.50,-13.07,-34.79,-2.03,-27.08,-39.96,0.990376,33
24-09-2025,NASDAQ:PCVX,"Vaxcyte, Inc. - Common Stock",4261,1828581,4.43,32.82,-1.00,5.90,2.50,7.22,-0.82,-119.07,-162.68,-250.94,0,0,0,0,HV2Y,-1,-1,-1,-1,-1,-12.18,-54.35,-72.17,10.62,17.05,17.05,2.82,-10.54,-136.97,-176.39,-270.23,0.797417,2,7.22,-8.67,-117.29,-19.90,-33.60,2.82,-14.23,-126.35,-14.8,-40.06,1.141499,94
24-09-2025,NASDAQ:WEN,Wendy's Company (The) - Common Stock,1770,7573427,2.63,9.29,2.20,-1.94,-5.81,-13.24,-27.77,-56.62,-78.36,-87.73,0,0,0,0,0,-1,-1,-1,-1,-1,-21.8,-38.11,-54.46,2.2,2.2,2.2,-17.64,-37.49,-74.52,-92.07,-107.02,0.797192,2,-13.24,-12.83,-22.58,-13.88,-5.25,-17.64,-18.39,-31.64,-8.78,-11.71,0.983329,26
24-09-2025,NYSE:HUN,Huntsman Corporation Common Stock,1645,4503846,4.15,9.47,0.74,-8.87,-14.04,-15.42,-8.55,-70.22,-88.81,-137.80,0,0,0,HV2Y,0,-1,-1,-1,-1,-1,-21.54,-41.54,-61.78,4.53,4.53,4.53,-19.82,-18.27,-88.12,-102.52,-157.09,0.796863,2,-15.42,5.95,-56.81,-10.92,-25.95,-19.82,0.39,-65.87,-5.82,-32.41,1.040823,75
24-09-2025,NYSE:MAGN,Magnera Corporation Common Stock,379,670576,4.02,10.66,-3.18,-6.75,-6.47,-20.26,-14.63,-75.42,-68.39,-104.88,0,0,0,0,0,-1,-1,-1,-1,-1,-22.36,-43.95,-56.61,0,0,0,-24.66,-24.35,-93.32,-82.1,-124.17,0.795642,2,-20.26,4.68,-53.03,4.01,-21.67,-24.66,-0.88,-62.09,9.11,-28.13,1.011094,56
24-09-2025,NYSE:KFRC,"Kforce, Inc. Common Stock",570,291379,3.56,30.64,1.93,2.15,3.52,-7.11,-31.63,-58.49,-83.91,-103.79,0,0,0,0,0,-1,-1,-1,-1,-1,-34.68,-38.55,-50.95,3.65,3.65,3.65,-11.51,-41.35,-76.39,-97.62,-123.08,0.795476,2,-7.11,-22.88,-20.41,-16.04,-10.81,-11.51,-28.44,-29.47,-10.94,-17.27,0.990852,34
24-09-2025,NASDAQ:ALGN,"Align Technology, Inc. - Common Stock",9291,1253048,3,129,-1.66,-2.19,-5.37,-15.95,-44.64,-32.07,-64.88,-99.36,0,0,0,0,0,-1,-1,-1,-1,-1,-37.74,-37.74,-49.84,0,0,0,-20.35,-54.36,-49.97,-78.59,-118.65,0.795403,2,-15.95,-24.74,8.69,-24.84,-20.91,-20.35,-30.3,-0.37,-19.74,-27.37,0.963539,12
24-09-2025,NASDAQ:LZMH,LZ Technology Holdings Limited - Class B Ordinary Shares,497,575759,5.7,3.27,-2.97,-4.89,-8.56,-3.98,-309.79,-134.25,NA,NA,0,0,0,0,0,-1,-1,-1,-1,-1,-80.31,-88.6,-88.6,25.77,25.77,25.77,-8.38,-319.51,-152.15,0,0,0.794843,2,-3.98,-294.12,42.84,NA,NA,-8.38,-299.68,33.78,0,0,0.767371,1
24-09-2025,NASDAQ:DSP,Viant Technology Inc. - common stock,550,242754,4.1,8.74,-3.32,-7.21,-11.78,-12.93,-48.40,-51.95,-130.32,-25.40,0,0,0,0,HV2Y,-1,-1,-1,-1,-1,-40.91,-45.51,-66.32,0,0,0,-17.33,-58.12,-69.85,-144.03,-44.69,0.794591,2,-12.93,-31.41,-2.39,-51.58,45.55,-17.33,-36.97,-11.45,-46.48,39.09,0.947643,7
24-09-2025,NYSE:CE,Celanese Corporation Common Stock,4641,1957875,4.06,42.38,-0.52,-6.44,-4.34,-11.66,-31.22,-39.62,-58.16,-199.43,0,0,0,0,0,-1,-1,-1,-1,-1,-32.07,-32.07,-69.69,2.81,13.04,13.04,-16.06,-40.94,-57.52,-71.87,-218.72,0.79454,2,-11.66,-17.52,-6.40,-13.28,-89.32,-16.06,-23.08,-15.46,-8.18,-95.78,1.030187,70
24-09-2025,NYSE:TROX,Tronox Holdings plc Ordinary Shares (UK),699,3680614,6.01,4.41,-3.71,-12.70,-7.94,3.63,-22.68,-64.40,-132.43,-187.53,0,0,HV2Y,HV2Y,HV2Y,-1,-1,-1,-1,-1,-24.62,-39.34,-70.1,40.45,40.45,40.45,-0.77,-32.4,-82.3,-146.14,-206.82,0.792954,2,3.63,-27.29,-34.01,-41.38,-23.71,-0.77,-32.85,-43.07,-36.28,-30.17,1.053851,80
24-09-2025,NASDAQ:HPK,"HighPeak Energy, Inc. - Common Stock",926,403196,5.01,7.34,5.92,2.18,0.00,-3.54,-32.29,-72.21,-89.78,-105.99,0,0,0,0,0,-1,-1,-1,-1,-1,-29.69,-43.41,-52.77,9.72,9.72,9.72,-7.94,-42.01,-90.11,-103.49,-125.28,0.792938,2,-3.54,-27.76,-30.18,-10.21,-8.54,-7.94,-33.32,-39.24,-5.11,-15,0.996087,40
24-09-2025,NASDAQ:IOVA,"Iovance Biotherapeutics, Inc. - Common Stock",767,9855359,6.39,2.12,2.42,-4.72,-12.26,-19.34,16.04,-64.15,-240.57,-378.77,0,0,0,0,0,-1,-1,-1,-1,-1,-46.6,-46.6,-82.74,25.44,27.71,27.71,-23.74,6.32,-82.05,-254.28,-398.06,0.792698,2,-19.34,29.64,-95.51,-107.47,-40.58,-23.74,24.08,-104.57,-102.37,-47.04,1.198585,97
24-09-2025,NYSE:EDN,Empresa Distribuidora Y Comercializadora Norte S.A. (Edenor) American Depositary Shares,885,200804,7.87,19.13,2.41,13.59,1.83,-12.39,-38.73,-80.50,-122.06,-27.18,HVQ,0,0,0,0,-1,-1,-1,-1,-1,-38.9,-48.21,-61.14,26.02,26.02,26.02,-16.79,-48.45,-98.4,-135.77,-46.47,0.792594,2,-12.39,-23.44,-30.11,-23.02,42.73,-16.79,-29,-39.17,-17.92,36.27,0.955342,9
24-09-2025,NASDAQ:VCEL,Vericel Corporation - Common Stock,1526,926081,4.94,30.25,-3.08,0.76,-3.50,-18.31,-38.45,-58.55,-81.65,-53.95,0,0,0,0,0,-1,-1,-1,-1,-1,-28.91,-36.93,-51.05,0.77,0.77,0.77,-22.71,-48.17,-76.45,-95.36,-73.24,0.792447,2,-18.31,-17.02,-14.52,-14.57,15.25,-22.71,-22.58,-23.58,-9.47,8.79,0.949597,7
24-09-2025,NASDAQ:GERN,Geron Corporation - Common Stock,849,6678237,4.61,1.33,-0.75,4.51,3.01,-6.77,-14.29,-27.82,-175.19,-254.14,0,0,0,0,0,-1,-1,-1,-1,-1,-13.07,-21.76,-71.76,20.91,20.91,20.91,-11.17,-24.01,-45.72,-188.9,-273.43,0.792325,2,-6.77,-7.04,-11.84,-115.29,-28.69,-11.17,-12.6,-20.9,-110.19,-35.15,1.097243,90
24-09-2025,NASDAQ:RCKT,"Rocket Pharmaceuticals, Inc. - Common Stock",358,2241737,6.08,3.32,7.10,8.73,4.22,-6.63,20.18,-146.08,-241.87,-507.53,0,HV2Y,HV2Y,HV2Y,0,-1,-1,-1,-1,-1,-11.47,-59.36,-83.54,35.51,42.49,42.49,-11.03,10.46,-163.98,-255.58,-526.82,0.79181,2,-6.63,25.14,-208.30,-38.92,-77.71,-11.03,19.58,-217.36,-33.82,-84.17,1.284427,98
24-09-2025,NASDAQ:LULU,lululemon athletica inc. - Common Stock,22170,8049237,3.23,179.22,3.40,8.78,8.55,-12.96,-29.18,-88.23,-108.43,-46.53,0,0,0,0,0,-1,-1,-1,-1,-1,-27.64,-47.52,-57.45,12.11,12.11,12.11,-17.36,-38.9,-106.13,-122.14,-65.82,0.791571,2,-12.96,-14.36,-45.71,-10.73,29.70,-17.36,-19.92,-54.77,-5.63,23.24,0.973912,18
24-09-2025,NASDAQ:SPRY,"ARS Pharmaceuticals, Inc. - Common Stock",952,3220364,5.84,9.63,-3.12,0.62,-9.03,-40.29,-79.23,-36.55,-17.55,-53.37,0,0,0,HV2Y,HV2Y,-1,-1,-1,-1,-1,-47.52,-47.52,-47.52,2.34,2.34,2.34,-44.69,-88.95,-54.45,-31.26,-72.66,0.790806,2,-40.29,-27.76,23.81,13.92,-30.48,-44.69,-33.32,14.75,19.02,-36.94,0.88899,1
24-09-2025,NYSE:THS,"Treehouse Foods, Inc. Common Stock",838,756782,3.15,16.59,2.03,-3.01,-5.79,-13.56,-17.78,-59.92,-98.98,-152.80,0,0,0,0,0,-1,-1,-1,-1,-1,-22.62,-39.43,-60.68,2.03,2.03,2.03,-17.96,-27.5,-77.82,-112.69,-172.09,0.789219,2,-13.56,-3.72,-35.77,-24.43,-27.05,-17.96,-9.28,-44.83,-19.33,-33.51,1.027948,69
24-09-2025,NYSE:SITC,SITE Centers Corp. Common Stock,459,1375870,2.65,8.73,-0.34,0.80,-2.18,-37.69,-45.36,-49.03,-71.94,-31.59,0,0,0,0,0,-1,-1,-1,-1,-1,-33,-33,-50.2,0.81,0.81,0.81,-42.09,-55.08,-66.93,-85.65,-50.88,0.788117,2,-37.69,-5.57,-2.52,-15.37,23.46,-42.09,-11.13,-11.58,-10.27,17,0.914857,3
24-09-2025,NYSE:IBTA,"Ibotta, Inc. Class A Common Stock",760,458063,4.13,26.76,3.12,0.07,1.98,3.59,-43.20,-58.30,-127.95,-135.95,0,0,0,0,0,-1,-1,-1,-1,-1,-33.28,-55.58,-65.2,13.29,13.29,13.29,-0.81,-52.92,-76.2,-141.66,-155.24,0.787193,2,3.59,-48.53,-10.54,-44.00,-3.51,-0.81,-54.09,-19.6,-38.9,-9.97,1.006324,51
24-09-2025,NASDAQ:GDYN,"Grid Dynamics Holdings, Inc. - Class A Common Stock",690,1291439,4.15,8.15,2.00,6.99,7.98,2.45,-44.79,-104.66,-150.43,-63.07,0,0,0,0,HV2Y,-1,-1,-1,-1,-1,-34.22,-51.14,-66.11,8.67,8.67,8.67,-1.95,-54.51,-122.56,-164.14,-82.36,0.783245,2,2.45,-48.43,-41.36,-22.36,34.88,-1.95,-53.99,-50.42,-17.26,28.42,0.983341,26
24-09-2025,NASDAQ:SABR,Sabre Corporation - Common Stock,714,5207627,4.45,1.81,-1.63,-1.66,4.97,4.42,-64.64,-87.29,-109.94,-77.90,0,0,0,HVY,0,-1,-1,-1,-1,-1,-47.08,-47.08,-59.96,5.85,5.85,5.85,0.02,-74.36,-105.19,-123.65,-97.19,0.782396,2,4.42,-72.25,-13.76,-12.09,15.26,0.02,-77.81,-22.82,-6.99,8.8,0.957432,9
24-09-2025,NASDAQ:XRX,Xerox Holdings Corporation - Common Stock,476,5748426,5.18,3.78,-3.57,2.91,4.23,-3.97,-42.59,-39.15,-125.40,-176.19,0,0,0,0,0,-1,-1,-1,-1,-1,-43.16,-43.16,-65.85,4.42,4.42,4.42,-8.37,-52.31,-57.05,-139.11,-195.48,0.781919,2,-3.97,-37.15,2.41,-61.98,-22.54,-8.37,-42.71,-6.65,-56.88,-29,1.01583,60
24-09-2025,NYSE:BBAR,Banco BBVA Argentina S.A. ADS,2141,1391962,6.77,10.16,0.69,12.50,3.54,-25.89,-66.73,-95.87,-66.14,-16.63,0,0,0,0,0,-1,-1,-1,-1,-1,-40.9,-54.54,-57.04,24.05,24.05,24.05,-30.29,-76.45,-113.77,-79.85,-35.92,0.781137,2,-25.89,-32.45,-17.47,15.18,29.80,-30.29,-38.01,-26.53,20.28,23.34,0.894173,1
24-09-2025,NYSE:PAR,PAR Technology Corporation Common Stock,1673,935508,3.4,41.22,-1.36,-3.91,-10.70,-26.56,-61.50,-54.05,-83.16,-35.95,0,0,0,0,0,-1,-1,-1,-1,-1,-42.13,-42.13,-49.2,0,0,0,-30.96,-71.22,-71.95,-96.87,-55.24,0.781127,2,-26.56,-27.60,4.61,-18.90,25.77,-30.96,-33.16,-4.45,-13.8,19.31,0.909411,2
24-09-2025,NYSE:BMA,Banco Macro S.A.  ADR (representing Ten Class B Common Shares),3178,920852,6.63,49.26,2.97,11.84,3.74,-21.80,-44.21,-71.76,-93.34,-50.35,0,0,0,HV2Y,0,-1,-1,-1,-1,-1,-34.94,-48.97,-57.48,25.44,25.44,25.44,-26.2,-53.93,-89.66,-107.05,-69.64,0.780647,1,-21.80,-18.40,-19.10,-12.56,22.24,-26.2,-23.96,-28.16,-7.46,15.78,0.940074,6
24-09-2025,NASDAQ:LNTH,"Lantheus Holdings, Inc. - Common Stock",3619,1385644,3.39,53.23,2.25,4.49,1.37,-5.50,-51.32,-87.43,-72.72,-106.74,0,0,0,0,HV2Y,-1,-1,-1,-1,-1,-36.5,-51.05,-54.38,6.23,6.23,6.23,-9.9,-61.04,-105.33,-86.43,-126.03,0.780008,1,-5.50,-43.43,-23.86,7.85,-19.70,-9.9,-48.99,-32.92,12.95,-26.16,0.969293,15
24-09-2025,NYSE:BHVN,Biohaven Ltd. Common Shares,1454,2399349,6.2,13.74,-2.97,-6.99,-1.97,-8.73,-4.29,-117.39,-157.21,-193.96,0,0,0,0,0,-1,-1,-1,-1,-1,-15.24,-54,-74.43,7.09,7.09,7.09,-13.13,-14.01,-135.29,-170.92,-213.25,0.779909,1,-8.73,4.08,-108.44,-18.31,-14.29,-13.13,-1.48,-117.5,-13.21,-20.75,1.094502,89
24-09-2025,NASDAQ:ALT,"Altimmune, Inc. - Common Stock",346,2649660,5.35,3.79,-4.29,4.22,0.26,6.60,-89.71,-59.63,-108.44,-99.74,0,0,0,0,HV2Y,-1,-1,-1,-1,-1,-50.84,-50.84,-61.52,12.13,12.13,12.13,2.2,-99.43,-77.53,-122.15,-119.03,0.779407,1,6.60,-103.11,15.86,-30.58,4.18,2.2,-108.67,6.8,-25.48,-2.28,0.949113,7
24-09-2025,NYSE:CODI,D/B/A Compass Diversified Holdings Shares of Beneficial Interest,522,804723,4.01,6.94,-2.80,-3.17,-1.15,-10.81,9.80,-176.66,-231.56,-211.10,0,0,0,0,0,-1,-1,-1,-1,-1,-9.75,-63.87,-71.41,14.9,15.67,15.67,-15.21,0.08,-194.56,-245.27,-230.39,0.778898,1,-10.81,18.60,-206.71,-19.84,6.17,-15.21,13.04,-215.77,-14.74,-0.29,1.182096,96
24-09-2025,NYSE:FUN,Six Flags Entertainment Corporation Common Stock New,2239,4146796,5.26,22.11,-1.29,-4.88,2.04,-15.24,-36.82,-69.43,-109.86,-87.52,0,0,0,0,0,-1,-1,-1,-1,-1,-32.88,-42.01,-55.46,3.32,3.32,3.32,-19.64,-46.54,-87.33,-123.57,-106.81,0.778573,1,-15.24,-18.72,-23.83,-23.87,10.65,-19.64,-24.28,-32.89,-18.77,4.19,0.972969,17
24-09-2025,NASDAQ:CGEM,"Cullinan Therapeutics, Inc. - Common Stock",356,641740,6.27,6.03,-0.99,1.66,-7.30,-26.70,-31.34,-37.65,-81.59,-201.00,0,0,0,0,HV2Y,-1,-1,-1,-1,-1,-27.7,-33.59,-66.78,1.69,1.69,1.69,-31.1,-41.06,-55.55,-95.3,-220.29,0.776082,1,-26.70,-3.66,-4.80,-31.93,-65.75,-31.1,-9.22,-13.86,-26.83,-72.21,1.014214,59
24-09-2025,NASDAQ:NRIX,"Nurix Therapeutics, Inc. - Common stock",665,1021862,5.23,8.7,5.58,1.49,-2.87,-11.15,-33.56,-44.60,-130.34,-194.48,0,0,0,0,0,-1,-1,-1,-1,-1,-33.99,-33.99,-69.08,5.58,5.58,5.58,-15.55,-43.28,-62.5,-144.05,-213.77,0.77563,1,-11.15,-20.17,-8.26,-59.30,-27.84,-15.55,-25.73,-17.32,-54.2,-34.3,1.024869,67
24-09-2025,NYSE:COLD,"Americold Realty Trust, Inc. Common Stock",3600,6413652,3.04,12.45,-1.50,-6.43,-6.02,-24.34,-33.09,-72.61,-68.92,-128.03,0,0,0,0,0,-1,-1,-1,-1,-1,-26.68,-43.1,-57.39,0,0,0,-28.74,-42.81,-90.51,-82.63,-147.32,0.775461,1,-24.34,-7.04,-29.69,2.14,-35.00,-28.74,-12.6,-38.75,7.24,-41.46,0.984073,26
24-09-2025,NASDAQ:MLAB,"Mesa Laboratories, Inc. - Common Stock",365,201525,6.37,66.41,-5.32,1.90,10.37,-8.51,-47.55,-88.86,-97.86,-93.60,0,0,0,0,0,-1,-1,-1,-1,-1,-35.77,-48.12,-57.09,15.62,15.62,15.62,-12.91,-57.27,-106.76,-111.57,-112.89,0.774874,1,-8.51,-35.98,-27.99,-4.77,2.15,-12.91,-41.54,-37.05,0.33,-4.31,0.966421,14
24-09-2025,NYSE:FDS,FactSet Research Systems Inc. Common Stock,10819,755649,3.17,286.16,-0.78,-17.43,-26.42,-33.72,-53.71,-53.55,-71.14,-62.81,0,0,0,0,0,-1,-1,-1,-1,-1,-36.45,-39.54,-42.27,0,0,0,-38.12,-63.43,-71.45,-84.85,-82.1,0.774658,1,-33.72,-14.95,0.11,-11.45,4.86,-38.12,-20.51,-8.95,-6.35,-1.6,0.921032,3
24-09-2025,NASDAQ:SPT,"Sprout Social, Inc - Class A Common Stock",823,1141928,4.26,13.98,0.94,-2.79,0.79,-4.72,-44.78,-81.19,-131.47,-103.00,0,0,0,0,0,-1,-1,-1,-1,-1,-34.06,-44.81,-61.42,4.56,4.56,4.56,-9.12,-54.5,-99.09,-145.18,-122.29,0.774439,1,-4.72,-38.25,-25.15,-27.75,12.30,-9.12,-43.81,-34.21,-22.65,5.84,0.982055,24
24-09-2025,NASDAQ:PRCT,PROCEPT BioRobotics Corporation - Common Stock,2095,1002940,4.81,37.65,-3.83,0.98,0.40,-4.41,-54.63,-66.08,-114.56,-125.74,0,0,0,0,HV2Y,-1,-1,-1,-1,-1,-37.31,-42.12,-62.14,1.37,1.37,1.37,-8.81,-64.35,-83.98,-128.27,-145.03,0.773043,1,-4.41,-48.10,-7.40,-29.19,-5.21,-8.81,-53.66,-16.46,-24.09,-11.67,0.975835,19
24-09-2025,NYSE:WPP,WPP plc American Depositary Shares,5259,401024,1.78,23.99,-0.21,-9.34,-12.01,-11.46,-43.43,-66.28,-119.17,-112.55,0,0,0,0,0,-1,-1,-1,-1,-1,-34.04,-40.97,-57.58,0,0,0,-15.86,-53.15,-84.18,-132.88,-131.84,0.772926,1,-11.46,-28.68,-15.93,-31.81,3.02,-15.86,-34.24,-24.99,-26.71,-3.44,0.978124,21
24-09-2025,NASDAQ:GGAL,"Grupo Financiero Galicia S.A. - American Depositary Shares, Class B Shares underlying",5254,3950266,7,32.94,4.54,10.26,2.64,-27.50,-56.86,-78.96,-86.10,-41.56,0,0,0,HV2Y,0,-1,-1,-1,-1,-1,-38,-48.84,-54.39,24.54,24.54,24.54,-31.9,-66.58,-96.86,-99.81,-60.85,0.772453,1,-27.50,-23.02,-14.09,-3.99,23.93,-31.9,-28.58,-23.15,1.11,17.47,0.915603,3
24-09-2025,NYSE:OMI,"Owens & Minor, Inc. Common Stock",408,2891218,7.15,5.28,0.00,-2.08,-3.79,2.84,-48.86,-66.86,-139.02,-200.76,0,0,0,HV2Y,HV2Y,-1,-1,-1,-1,-1,-43.95,-43.95,-67.37,14.04,14.04,14.04,-1.56,-58.58,-84.76,-152.73,-220.05,0.772447,1,2.84,-53.22,-12.09,-43.25,-25.83,-1.56,-58.78,-21.15,-38.15,-32.29,1.019295,63
24-09-2025,NASDAQ:TTD,"The Trade Desk, Inc. - Class A Common Stock",22917,18557175,4.12,46.87,0.02,3.20,1.56,-11.73,-48.92,-32.28,-169.32,-133.65,0,0,0,0,0,-1,-1,-1,-1,-1,-47.78,-47.78,-66.4,6.69,6.69,6.69,-16.13,-58.64,-50.18,-183.03,-152.94,0.772385,1,-11.73,-33.28,11.17,-103.60,13.25,-16.13,-38.84,2.11,-98.5,6.79,1.005771,50
24-09-2025,NYSE:BRBR,"BellRing Brands, Inc. Common Stock",4606,3435857,4.37,36.56,-0.16,-0.19,-0.55,-5.74,-60.69,-101.12,-112.83,-65.40,0,0,0,0,0,-1,-1,-1,-1,-1,-37.8,-53.67,-53.95,2.96,2.96,2.96,-10.14,-70.41,-119.02,-126.54,-84.69,0.77184,1,-5.74,-51.97,-25.16,-5.82,22.29,-10.14,-57.53,-34.22,-0.72,15.83,0.946068,7
24-09-2025,NYSE:OEC,Orion S.A. Common Shares,448,513653,3.86,7.97,-1.73,-8.41,-27.48,-31.12,-30.61,-67.88,-94.48,-108.91,0,0,0,0,0,-1,-1,-1,-1,-1,-30.82,-40.83,-58.7,0,0,0,-35.52,-40.33,-85.78,-108.19,-128.2,0.770053,1,-31.12,0.38,-28.53,-15.84,-7.42,-35.52,-5.18,-37.59,-10.74,-13.88,0.974794,19
24-09-2025,NASDAQ:PTLO,Portillo's Inc. - Class A Common Stock,478,3651780,3.94,6.34,0.79,1.89,3.00,-11.04,-79.81,-95.90,-41.64,-112.46,0,0,0,0,0,-1,-1,-1,-1,-1,-48.54,-52.51,-58.8,4.62,4.62,4.62,-15.44,-89.53,-113.8,-55.35,-131.75,0.76985,1,-11.04,-61.93,-8.95,27.70,-50.00,-15.44,-67.49,-18.01,32.8,-56.46,0.942896,6
24-09-2025,NASDAQ:NFE,New Fortress Energy Inc. - Class A Common Stock,731,28861633,16.98,2.57,4.47,15.95,48.64,-1.56,11.28,-363.04,-341.63,-269.26,HVQ,0,0,0,0,38.5,-1,-1,-1,-1,-43.76,-78.4,-84.23,96.18,96.18,96.18,-5.96,1.56,-380.94,-355.34,-288.55,0.769076,1,-1.56,12.64,-421.93,4.62,16.39,-5.96,7.08,-430.99,9.72,9.93,1.352086,99
24-09-2025,NYSE:NX,Quanex Building Products Corporation Common Stock,634,796422,5.05,13.81,-1.99,-5.94,-10.07,-59.38,-34.32,-43.16,-67.49,-104.20,0,0,0,HV2Y,HV2Y,-1,-1,-1,-1,-1,-38.54,-38.54,-56.17,0.51,0.51,0.51,-63.78,-44.04,-61.06,-81.2,-123.49,0.767748,1,-59.38,15.72,-6.58,-17.00,-21.92,-63.78,10.16,-15.64,-11.9,-28.38,0.94821,7
24-09-2025,NASDAQ:HELE,Helen of Troy Limited - Common Stock,526,689559,4.48,22.91,2.37,-0.04,-4.50,-7.16,-20.47,-119.95,-171.28,-160.45,0,0,0,0,0,-1,-1,-1,-1,-1,-31.1,-57.62,-68.95,14.26,14.26,14.26,-11.56,-30.19,-137.85,-184.99,-179.74,0.767429,1,-7.16,-12.42,-82.57,-23.34,3.99,-11.56,-17.98,-91.63,-18.24,-2.47,1.048647,78
24-09-2025,NASDAQ:TNDM,"Tandem Diabetes Care, Inc. - Common Stock",854,1839831,5.54,12.64,-1.02,3.64,2.14,4.19,-53.64,-59.97,-163.21,-253.09,0,0,0,0,0,-1,-1,-1,-1,-1,-34.91,-46.26,-72.18,24.96,24.96,24.96,-0.21,-63.36,-77.87,-176.92,-272.38,0.767216,1,4.19,-60.36,-4.12,-64.54,-34.14,-0.21,-65.92,-13.18,-59.44,-40.6,1.036211,73
24-09-2025,NYSE:ACVA,ACV Auctions Inc. Class A Common Stock,1755,3282573,3.49,10.13,-1.94,0.89,-8.39,-19.94,-59.92,-58.05,-99.51,-104.05,0,0,0,0,0,-1,-1,-1,-1,-1,-39.09,-40.55,-56.28,1.2,1.2,1.2,-24.34,-69.64,-75.95,-113.22,-123.34,0.764737,1,-19.94,-33.33,1.17,-26.23,-2.28,-24.34,-38.89,-7.89,-21.13,-8.74,0.9457,7
24-09-2025,NASDAQ:IRDM,Iridium Communications Inc - Common Stock,1849,3842835,4.87,17.42,-1.75,-5.57,-3.10,-42.54,-65.38,-66.48,-69.35,-67.74,0,0,0,HV2Y,HV2Y,-1,-1,-1,-1,-1,-46.28,-46.28,-48.11,0,0,0,-46.94,-75.1,-84.38,-83.06,-87.03,0.758999,1,-42.54,-16.03,-0.66,-1.72,0.95,-46.94,-21.59,-9.72,3.38,-5.51,0.904781,2
24-09-2025,NASDAQ:TTGT,"TechTarget, Inc. - Common Stock",437,867274,7.4,6.11,-6.57,-10.80,7.53,-1.80,-15.38,-142.55,-232.90,-311.46,0,0,0,0,HV2Y,-1,-1,-1,-1,-1,-29.77,-59.54,-81.59,10.49,10.49,10.49,-6.2,-25.1,-160.45,-246.61,-330.75,0.758522,1,-1.80,-13.34,-110.21,-37.25,-23.60,-6.2,-18.9,-119.27,-32.15,-30.06,1.115678,92
24-09-2025,NASDAQ:ASTL,Algoma Steel Group Inc. - Common Shares,437,1188962,4.89,4.16,0.00,-10.34,-11.78,-21.39,-60.82,-47.60,-124.76,-134.62,0,0,0,0,HV2Y,-1,-1,-1,-1,-1,-41.49,-41.49,-65.36,0,0,0,-25.79,-70.54,-65.5,-138.47,-153.91,0.757746,1,-21.39,-32.48,8.22,-52.28,-4.39,-25.79,-38.04,-0.84,-47.18,-10.85,0.962043,11
24-09-2025,NASDAQ:FRPT,"Freshpet, Inc. - Common Stock",2410,1566377,4.01,49.4,0.30,-8.14,-8.12,-13.95,-37.41,-74.55,-186.26,-187.83,0,0,0,0,0,-1,-1,-1,-1,-1,-33.7,-44.89,-69.62,0.3,0.3,0.3,-18.35,-47.13,-92.45,-199.97,-207.12,0.754514,1,-13.95,-20.59,-27.03,-63.99,-0.55,-18.35,-26.15,-36.09,-58.89,-7.01,1.019606,63
24-09-2025,NASDAQ:EOLS,"Evolus, Inc. - Common Stock",394,952184,4.12,6.09,-1.62,-7.06,-20.69,-22.00,-49.43,-104.11,-78.49,-171.76,0,0,0,HV2Y,HV2Y,-1,-1,-1,-1,-1,-37.41,-51.01,-65.1,5.55,5.55,5.55,-26.4,-59.15,-122.01,-92.2,-191.05,0.752814,1,-22.00,-22.48,-36.59,12.55,-52.25,-26.4,-28.04,-45.65,17.65,-58.71,0.985586,28
24-09-2025,NASDAQ:SRPT,"Sarepta Therapeutics, Inc. - Common Stock",1784,6918162,5.91,18.26,1.84,6.63,5.70,1.10,4.38,-303.12,-554.27,-596.66,0,0,HV2Y,0,0,-1,-1,-1,-1,-1,-16.89,-75.19,-86.76,53.06,53.06,53.06,-3.3,-5.34,-321.02,-567.98,-615.95,0.750342,1,1.10,3.32,-321.59,-62.30,-6.48,-3.3,-2.24,-330.65,-57.2,-12.94,1.333332,99
24-09-2025,NYSE:SUPV,Grupo Supervielle S.A. American Depositary Shares each Representing five Class B shares,582,2370749,8.36,6.31,3.10,11.25,0.79,-29.48,-75.44,-138.99,-129.79,-31.06,HV2Y,0,0,0,0,-1,-1,-1,-1,-1,-46.07,-61.66,-67.07,25.7,25.7,25.7,-33.88,-85.16,-156.89,-143.5,-50.35,0.747308,1,-29.48,-35.50,-36.22,3.85,42.97,-33.88,-41.06,-45.28,8.95,36.51,0.904037,2
24-09-2025,AMEX:USBC,"USBC, Inc. Common Stock",446,930753,15.17,1.15,26.37,31.90,31.15,-1.74,-77.39,16.30,-26070.43,-38856.52,0,0,HV2Y,HV2Y,HV2Y,-1,-1,-1,-1,-1,-68.83,-74.04,-99.78,64.31,187.5,187.5,-6.14,-87.11,-1.6,-26084.14,-38875.81,0.746076,1,-1.74,-74.36,52.81,-31165.32,-48.86,-6.14,-79.92,43.75,-31160.22,-55.32,27.899053,99
24-09-2025,NASDAQ:ACDC,ProFrac Holding Corp. - Class A Common Stock,614,1514727,5.92,3.64,0.55,-6.32,-1.10,-10.16,-126.10,-113.46,-91.21,-78.57,0,0,0,0,HV2Y,-1,-1,-1,-1,-1,-55.77,-65.43,-65.43,3.7,3.7,3.7,-14.56,-135.82,-131.36,-104.92,-97.86,0.745248,1,-10.16,-105.24,5.59,10.42,6.61,-14.56,-110.8,-3.47,15.52,0.15,0.890072,1
24-09-2025,NYSE:ALIT,"Alight, Inc. Class A Common Stock",1699,8068368,4.25,3.16,-5.11,-8.86,-17.41,-22.47,-74.05,-97.15,-116.46,-136.39,0,0,0,0,0,-1,-1,-1,-1,-1,-47.16,-49.28,-62.65,0,0,0,-26.87,-83.77,-115.05,-130.17,-155.68,0.738626,1,-22.47,-42.12,-13.27,-9.79,-9.21,-26.87,-47.68,-22.33,-4.69,-15.67,0.940712,6
24-09-2025,NASDAQ:RXST,"RxSight, Inc. - Common Stock",376,964027,5.67,9.18,-2.96,2.40,-9.15,6.21,-43.57,-169.06,-316.01,-477.12,0,0,0,0,0,-1,-1,-1,-1,-1,-30.61,-65.58,-83.23,38.05,38.05,38.05,1.81,-53.29,-186.96,-329.72,-496.41,0.735326,1,6.21,-53.08,-87.41,-54.62,-38.73,1.81,-58.64,-96.47,-49.52,-45.19,1.111526,92
24-09-2025,NYSE:INSP,"Inspire Medical Systems, Inc. Common Stock",2302,1080245,4.81,77.83,1.03,-2.79,-1.21,-19.39,-69.60,-111.94,-138.24,-173.48,0,0,0,0,0,-1,-1,-1,-1,-1,-44.11,-52.82,-64.09,1.03,1.03,1.03,-23.79,-79.32,-129.84,-151.95,-192.77,0.73248,1,-19.39,-42.06,-24.96,-12.41,-14.79,-23.79,-47.62,-34.02,-7.31,-21.25,0.961707,11
24-09-2025,NYSE:VSTS,Vestis Corporation Common Stock,551,1846455,4.73,4.18,2.45,2.87,2.63,-9.57,-44.74,-142.11,-272.97,-275.84,0,0,0,0,0,-1,-1,-1,-1,-1,-35.69,-59.54,-74.85,2.96,2.96,2.96,-13.97,-54.46,-160.01,-286.68,-295.13,0.728894,1,-9.57,-32.10,-67.27,-54.05,-0.77,-13.97,-37.66,-76.33,-48.95,-7.23,1.045774,77
24-09-2025,NYSE:GLOB,Globant S.A. Common Shares,2556,1542419,3.78,58.04,2.31,2.89,1.53,-17.44,-53.17,-123.86,-284.70,-225.81,0,0,0,0,0,-1,-1,-1,-1,-1,-37.79,-58.65,-75.49,4.39,4.39,4.39,-21.84,-62.89,-141.76,-298.41,-245.1,0.722256,1,-17.44,-30.43,-46.15,-71.85,15.31,-21.84,-35.99,-55.21,-66.75,8.85,1.018704,62
24-09-2025,NYSE:SG,"Sweetgreen, Inc. Class A Common Stock",984,5372678,4.82,8.32,-0.24,-4.69,-4.45,-9.37,-52.28,-208.65,-317.43,-344.83,0,0,0,0,HV2Y,-1,-1,-1,-1,-1,-48.83,-68.64,-81.08,1.34,1.34,1.34,-13.77,-62,-226.55,-331.14,-364.12,0.712575,1,-9.37,-39.23,-102.68,-35.24,-6.56,-13.77,-44.79,-111.74,-30.14,-13.02,1.060409,82
24-09-2025,NYSE:AGL,"agilon health, inc. Common Stock",477,6925388,7.74,1.11,-1.77,-0.90,-3.60,-19.82,-99.10,-303.60,-75.68,-248.65,0,0,0,0,0,-1,-1,-1,-1,-1,-54.32,-80.46,-80.46,28.58,28.58,28.58,-24.22,-108.82,-321.5,-89.39,-267.94,0.710299,1,-19.82,-66.17,-102.71,56.47,-98.46,-24.22,-71.73,-111.77,61.57,-104.92,1.020283,64
24-09-2025,NYSE:DAVA,Endava plc American Depositary Shares (each representing one Class A Ordinary Share),498,1824457,4.86,9.38,2.29,-1.81,-0.21,-47.97,-56.72,-125.37,-230.81,-183.80,0,0,0,0,0,-1,-1,-1,-1,-1,-40.29,-56.37,-72.8,2.51,2.51,2.51,-52.37,-66.44,-143.27,-244.52,-203.09,0.706405,1,-47.97,-5.91,-43.81,-46.78,14.21,-52.37,-11.47,-52.87,-41.68,7.75,0.972239,17
24-09-2025,NASDAQ:REPL,"Replimune Group, Inc. - Common Stock",325,4783254,9.37,4.16,-3.93,-37.26,-43.99,-31.97,-127.16,-156.97,-188.70,-162.26,0,0,HVQ,0,HV2Y,-1,-1,-1,-1,-1,-67.06,-67.06,-72.14,48.31,48.31,48.31,-36.37,-136.88,-174.87,-202.41,-181.55,0.694035,1,-31.97,-72.13,-13.12,-12.35,9.16,-36.37,-77.69,-22.18,-7.25,2.7,0.905285,2
24-09-2025,NASDAQ:NAKA,"Kindly MD, Inc. - Common Stock",440,22600158,25.57,1.17,-6.40,-22.22,-310.26,-683.76,-1106.84,-77.78,1.71,-2.56,0,HVQ,0,HV2Y,HV2Y,8.87,-1,-1,-1,-1,-92.21,-95.33,-95.33,0,0,41.65,-688.16,-1116.56,-95.68,-12,-21.85,0.689336,1,-683.76,-53.98,85.27,44.71,-4.35,-688.16,-59.54,76.21,49.81,-10.81,0.658648,1
24-09-2025,NASDAQ:NDX,NASDAQ 100,0,0,0,24503.5673,-0.31,1.14,2.67,4.40,9.25,17.20,13.85,19.23,0,0,0,0,0,0,-1,-1,-1,-1,-1.04,-1.04,-1.04,10.19,43.38,43.38,,,,,,0.998571,,4.40,5.07,8.77,-4.06,6.25,,,,,,0.998782,
24-09-2025,SP:SPX,S&P 500,0,0,0,6637.98,-0.28,0.57,1.60,2.99,8.22,12.98,11.61,14.09,0,0,0,0,0,0,-1,-1,-1,-1,-0.83,-0.83,-0.83,8.96,33.22,33.22,,,,,,0.982976,,2.99,5.39,5.18,-1.57,2.80,,,,,,0.998894,
24-09-2025,CBOEFTSE:RUI,RUSSELL 1000,0,0,0,3631.2,-0.33,0.48,1.48,2.97,8.22,12.91,11.47,14.24,0,0,0,0,0,0,-1,-1,-1,-1,-0.88,-0.88,-0.88,8.96,33.5,33.5,,,,,,0.982862,,2.97,5.41,5.11,-1.66,3.13,,,,,,0.99876,
24-09-2025,NASDAQ:VTHR,VAN RUSSELL 3000,0,0,0,292.3044,-0.63,0.30,1.24,2.83,8.42,12.96,11.05,13.75,0,0,0,0,0,0,-1,-1,-1,-1,-1.2,-1.2,-1.2,9.19,33.65,33.65,,,,,,0.982124,,2.83,5.75,4.96,-2.20,3.03,,,,,,0.999533,
