Date,Symbol,Series,Mkt Cap (₹ Crores),AVOL(20),ADR(20),Price_1D,Change_1M,Change_3M,Change_6M,Change_9M,Change_12M,RS_1M,RS_3M,RS_6M,RS_9M,RS_12M,Total_RS (CNX500),RS_score
03-09-2025,NSE:NACLIND,BE,5595.46,2.53,5.63,273.05,-12.74,35.69,79.16,81.21,80.06,-13.23,35.79,68.32,80.78,83.77,2.0487008743473165,99
03-09-2025,NSE:CCCL,EQ,820.25,11.7,8.74,18.34,11.01,-8.45,19.68,-3.33,92.37,10.52,-8.35,8.84,-3.76,96.08,1.9149434866485704,99
03-09-2025,NSE:BGRENERGY,BE,1239.88,6.5,5.55,194.4,50.20,40.60,57.66,80.15,72.53,49.71,40.7,46.82,79.72,76.24,1.8654089844245394,99
03-09-2025,NSE:KARNIKA,SM,251.71,1.38,5.92,202.95,30.00,32.89,41.83,71.11,74.17,29.51,32.99,30.99,70.68,77.88,1.5944142244229842,99
03-09-2025,NSE:APOLLO,EQ,8738.55,219.61,6.41,299.3,43.22,32.17,61.49,66.55,64.76,42.73,32.27,50.65,66.12,68.47,1.5919674024539892,99
03-09-2025,NSE:SMLISUZU,EQ,6112.82,1.27,4.99,3958.2,12.30,52.33,72.82,58.19,49.93,11.81,52.43,61.98,57.76,53.64,1.571809069005691,99
03-09-2025,NSE:FORCEMOT,EQ,25349.02,1.02,4.57,19859,15.86,37.90,66.76,65.29,59.12,15.37,38,55.92,64.86,62.83,1.5350849650425553,99
03-09-2025,NSE:GABRIEL,EQ,16510.43,5.88,4.69,1237.1,18.97,47.39,60.95,64.17,58.48,18.48,47.49,50.11,63.74,62.19,1.5273063961238609,99
03-09-2025,NSE:IZMO,BE,1003.78,6.92,9.06,703.1,48.69,57.33,61.91,31.40,44.72,48.2,57.43,51.07,30.97,48.43,1.5161405927968215,99
03-09-2025,NSE:UNITEDPOLY,BE,732.84,2.43,1.37,31.67,0.47,49.42,51.00,53.37,72.69,-0.02,49.52,40.16,52.94,76.4,1.5002887851469218,99
03-09-2025,NSE:KRISHANA,EQ,3558.8,1.66,4.06,587.2,8.49,27.67,65.38,64.51,57.84,8,27.77,54.54,64.08,61.55,1.4735655014039937,99
03-09-2025,NSE:STALLION,EQ,1170.05,24.9,8.41,185.75,29.30,59.03,65.13,35.40,35.40,28.81,59.13,54.29,34.97,39.11,1.4713425642460383,99
03-09-2025,NSE:MIRCELECTR,BE,768.41,42.38,9.49,29.54,48.48,57.97,54.30,35.01,13.71,47.99,58.07,43.46,34.58,17.42,1.440313031703468,99
03-09-2025,NSE:LOTUSEYE,EQ,241.34,3.07,7.72,128.95,43.78,45.03,53.67,42.75,41.59,43.29,45.13,42.83,42.32,45.3,1.4074018254162792,99
03-09-2025,NSE:MEGASOFT,BE,984.09,2.14,5.04,139.84,17.11,38.52,57.19,49.09,59.85,16.62,38.62,46.35,48.66,63.56,1.4047749364890008,99
03-09-2025,NSE:QPOWER,EQ,6080.91,9.33,6.27,884.5,14.12,47.03,55.90,51.38,51.38,13.63,47.13,45.06,50.95,55.09,1.4018170304604165,99
03-09-2025,NSE:CARTRADE,EQ,11389.08,4.05,4.89,2567.3,15.23,41.12,43.62,47.20,66.81,14.74,41.22,32.78,46.77,70.52,1.3942739737233547,99
03-09-2025,NSE:JSLL,EQ,8800.49,3.6,6.02,724,23.85,37.61,52.45,46.45,61.31,23.36,37.71,41.61,46.02,65.02,1.3934522200853383,99
03-09-2025,NSE:CUPID,EQ,4573.34,44.36,4.02,177.89,11.06,37.05,61.94,51.51,51.18,10.57,37.15,51.1,51.08,54.89,1.390785819265667,99
03-09-2025,NSE:BHARATSE,EQ,932.58,1.91,6.28,165.58,32.93,36.99,51.68,51.68,51.68,32.44,37.09,40.84,51.25,55.39,1.389908406972907,98
03-09-2025,NSE:GARUDA,EQ,2019.01,22.99,6.61,206.95,13.39,46.67,48.65,56.77,49.26,12.9,46.77,37.81,56.34,52.97,1.3870666023477658,98
03-09-2025,NSE:MANGCHEFER,EQ,4079.29,4.74,3.73,350.15,-2.53,19.73,60.77,52.64,62.05,-3.02,19.83,49.93,52.21,65.76,1.3709825254350754,98
03-09-2025,NSE:ROSSTECH,EQ,2540.74,3.31,7.79,751.5,22.33,52.10,63.49,25.52,25.52,21.84,52.2,52.65,25.09,29.23,1.3676575824038415,98
03-09-2025,NSE:VIMTALABS,EQ,2957.39,30.52,6.67,800.2,13.97,39.98,44.14,43.50,59.91,13.48,40.08,33.3,43.07,63.62,1.3403364196630536,98
03-09-2025,NSE:TFCILTD,EQ,2782.49,14.98,4.17,339.15,16.05,32.18,57.28,46.95,46.82,15.56,32.28,46.44,46.52,50.53,1.3322408273619335,98
03-09-2025,NSE:PARADEEP,EQ,17796.34,81.5,4.82,213,-2.25,18.92,57.61,47.85,59.95,-2.74,19.02,46.77,47.42,63.66,1.3261295146849408,98
03-09-2025,NSE:IXIGO,EQ,10536.99,49.86,6.2,284,18.80,36.80,50.43,49.57,41.69,18.31,36.9,39.59,49.14,45.4,1.3187358163907974,98
03-09-2025,NSE:AIIL,EQ,54775.04,2.79,4.51,3230.9,14.69,21.85,53.57,51.07,47.83,14.2,21.95,42.73,50.64,51.54,1.306001218403548,98
03-09-2025,NSE:YATRA,EQ,2369.43,95.43,7.73,157.4,37.94,39.85,53.81,34.01,9.62,37.45,39.95,42.97,33.58,13.33,1.302739388804416,98
03-09-2025,NSE:COMSYN,EQ,578.51,3.53,5.26,148.89,11.78,17.57,49.69,50.60,55.02,11.29,17.67,38.85,50.17,58.73,1.299641750779714,98
03-09-2025,NSE:KCK,SM,279.85,2.74,7.23,41.45,-3.14,7.12,78.62,-41.35,2.82,-3.63,7.22,67.78,-41.78,6.53,1.2927923100551855,98
03-09-2025,NSE:BLACKBUCK,EQ,11443.15,47.6,8.58,588.15,23.97,24.73,29.01,53.91,52.24,23.48,24.83,18.17,53.48,55.95,1.2892139207635172,97
03-09-2025,NSE:MANAKCOAT,EQ,1341.13,1.75,5.1,149.5,-4.04,24.70,45.36,50.33,57.85,-4.53,24.8,34.52,49.9,61.56,1.2889947509785733,97
03-09-2025,NSE:ROHLTD,EQ,1456.55,9.69,5.96,564.5,30.81,36.31,35.74,42.85,35.73,30.32,36.41,24.9,42.42,39.44,1.2716438981716194,97
03-09-2025,NSE:SHREERAMA,EQ,720.73,12.67,8.18,62.37,34.70,28.73,39.83,23.41,51.90,34.21,28.83,28.99,22.98,55.61,1.2711597297261488,97
03-09-2025,NSE:KHAICHEM,BE,1052.33,2.57,5.32,122.2,10.60,30.88,56.18,40.39,29.42,10.11,30.98,45.34,39.96,33.13,1.2622293358691492,97
03-09-2025,NSE:GANESHIN,SM,1012.5,3.43,6.14,255.05,18.62,31.11,49.25,38.17,38.17,18.13,31.21,38.41,37.74,41.88,1.2591488280370124,97
03-09-2025,NSE:PAYTM,EQ,76885.64,68.5,3.12,1277,15.71,26.43,43.18,29.39,56.58,15.22,26.53,32.34,28.96,60.29,1.2577196660774885,97
03-09-2025,NSE:DATAMATICS,EQ,5966.49,5.18,7.75,1025.2,2.02,41.90,43.82,43.39,34.66,1.53,42,32.98,42.96,38.37,1.2567066619115865,97
03-09-2025,NSE:ATHERENERG,EQ,16719.71,33.8,5.77,497.95,30.25,38.31,34.13,34.13,34.13,29.76,38.41,23.29,33.7,37.84,1.250328960926584,97
03-09-2025,NSE:LUMAXTECH,EQ,7981.95,2.46,7.2,1057.7,-2.96,6.31,50.65,50.74,49.98,-3.45,6.41,39.81,50.31,53.69,1.24865328949087,97
03-09-2025,NSE:ATALREAL,BE,208.71,5.5,5.02,19.47,1.64,20.54,39.70,33.08,62.20,1.15,20.64,28.86,32.65,65.91,1.247651465224185,97
03-09-2025,NSE:SHAILY,EQ,10215.82,3.44,5.37,2205.4,27.38,14.66,32.59,41.17,53.56,26.89,14.76,21.75,40.74,57.27,1.2476509424936826,97
03-09-2025,NSE:JMFINANCIL,EQ,17010.13,138.62,5.03,187.99,19.19,30.36,48.93,27.40,43.29,18.7,30.46,38.09,26.97,47,1.2472616164813737,96
03-09-2025,NSE:RISHABH,EQ,1584.39,7.43,6.6,438.45,34.76,34.19,50.71,14.86,15.91,34.27,34.29,39.87,14.43,19.62,1.2400697088166415,96
03-09-2025,NSE:SYRMA,EQ,14454.06,10.78,4.41,800.5,6.53,33.10,48.16,29.28,45.08,6.04,33.2,37.32,28.85,48.79,1.2387465905380306,96
03-09-2025,NSE:PARTH,SM,338.97,2.15,5.07,252.1,32.57,32.57,32.57,32.57,32.57,32.08,32.67,21.73,32.14,36.28,1.2306005241847355,96
03-09-2025,NSE:GODFRYPHLP,EQ,57063.33,7.08,6.86,10128,13.34,16.91,46.98,43.99,39.48,12.85,17.01,36.14,43.56,43.19,1.2289843788242019,96
03-09-2025,NSE:SPIC,EQ,2219.68,45.04,6.38,125.26,25.36,30.94,37.64,38.10,30.27,24.87,31.04,26.8,37.67,33.98,1.2268645617875402,96
03-09-2025,NSE:HBLENGINE,EQ,22411.21,63.07,4.8,851.45,29.55,28.67,46.73,26.75,24.94,29.06,28.77,35.89,26.32,28.65,1.2254703717233728,96
03-09-2025,NSE:COFFEEDAY,EQ,1056.47,52.89,7.51,48.25,26.80,37.22,53.58,22.05,-14.61,26.31,37.32,42.74,21.62,-10.9,1.2252236262599696,96
03-09-2025,NSE:INFOBEAN,EQ,1498.01,1.32,7.4,608.2,9.72,37.75,47.92,29.86,22.64,9.23,37.85,37.08,29.43,26.35,1.2182079447944179,96
03-09-2025,NSE:LAURUSLABS,EQ,46155.03,15.62,2.52,876.65,3.11,28.89,38.06,35.30,47.78,2.62,28.99,27.22,34.87,51.49,1.2142201192253073,96
03-09-2025,NSE:GALLANTT,EQ,13958.1,2.58,5.06,617.05,-22.66,27.57,48.21,43.79,39.16,-23.15,27.67,37.37,43.36,42.87,1.2116778563204338,96
03-09-2025,NSE:ZUARI,EQ,1526.71,13.17,6.78,331.25,7.55,33.08,43.48,28.18,38.52,7.06,33.18,32.64,27.75,42.23,1.2099384559360888,96
03-09-2025,NSE:GVT&D,EQ,70796.87,5.19,3.31,2815.1,-1.71,16.18,51.06,37.62,41.40,-2.2,16.28,40.22,37.19,45.11,1.208392878408767,96
03-09-2025,NSE:HLEGLAS,EQ,3455.2,10.97,5.72,536.85,18.55,23.04,52.62,24.97,24.16,18.06,23.14,41.78,24.54,27.87,1.205446698185348,95
03-09-2025,NSE:FLYSBS,SM,1117.82,4.73,6.48,612,30.15,30.15,30.15,30.15,30.15,29.66,30.25,19.31,29.72,33.86,1.2051442682510896,95
03-09-2025,NSE:JAYNECOIND,EQ,5602.66,502.73,5.88,59.59,17.86,33.19,43.97,29.67,21.60,17.37,33.29,33.13,29.24,25.31,1.204866369245918,95
03-09-2025,NSE:TI,EQ,9165.45,17.02,4.11,479.9,-5.30,24.81,52.80,14.77,46.76,-5.79,24.91,41.96,14.34,50.47,1.2032466161035968,95
03-09-2025,NSE:YATHARTH,EQ,6696.63,8.65,4.12,739.7,13.94,31.36,49.15,19.61,28.79,13.45,31.46,38.31,19.18,32.5,1.2029826962692176,95
03-09-2025,NSE:GINNIFILA,BE,419.77,1.54,5.25,47.5,1.98,15.68,53.45,32.86,35.60,1.49,15.78,42.61,32.43,39.31,1.1999475122531533,95
03-09-2025,NSE:SUNDARMHLD,EQ,10505.51,1.69,4,495,6.11,21.41,48.30,36.51,31.20,5.62,21.51,37.46,36.08,34.91,1.1976950229262175,95
03-09-2025,NSE:INFLUX,SM,397.03,1.05,6.29,194.4,20.16,31.84,31.84,31.84,31.84,19.67,31.94,21,31.41,35.55,1.1961946916047028,95
03-09-2025,NSE:KRBL,EQ,9861.72,31.21,5.61,456.65,18.99,19.72,42.22,32.50,34.45,18.5,19.82,31.38,32.07,38.16,1.1949172045969094,95
03-09-2025,NSE:PROSTARM,EQ,1109.79,13.16,5.86,191.45,-17.85,37.48,37.32,37.32,37.32,-18.34,37.58,26.48,36.89,41.03,1.1942958192068416,95
03-09-2025,NSE:NESCO,EQ,9899.62,1.05,3.45,1437.7,6.54,36.29,37.42,26.54,35.02,6.05,36.39,26.58,26.11,38.73,1.1937470382785098,95
03-09-2025,NSE:HUBTOWN,EQ,4779.92,13.2,3.89,338.9,1.65,47.16,36.40,18.16,19.91,1.16,47.26,25.56,17.73,23.62,1.1913004700827692,95
03-09-2025,NSE:STARCEMENT,EQ,11744.33,14.93,4.29,299.15,18.49,27.46,32.25,38.86,26.51,18,27.56,21.41,38.43,30.22,1.189493798244714,94
03-09-2025,NSE:AMCL,ST,224.21,2.41,4.9,228.25,28.15,28.15,28.15,28.15,28.15,27.66,28.25,17.31,27.72,31.86,1.1854132279073366,94
03-09-2025,NSE:63MOONS,EQ,4147.07,1.3,3.84,921.85,-7.26,8.58,21.08,28.07,64.25,-7.75,8.68,10.24,27.64,67.96,1.1850870519033818,94
03-09-2025,NSE:MBAPL,EQ,3693.48,1.84,3.71,418.3,-4.15,14.81,28.15,46.92,47.02,-4.64,14.91,17.31,46.49,50.73,1.184476821301936,94
03-09-2025,NSE:ALPEXSOLAR,SM,3022.46,1.19,5.03,1226.15,-0.36,20.47,50.47,34.12,26.84,-0.85,20.57,39.63,33.69,30.55,1.183256469904403,94
03-09-2025,NSE:DENTA,EQ,1069.07,17.07,6.38,425.4,27.14,32.97,27.87,23.60,23.60,26.65,33.07,17.03,23.17,27.31,1.181608614817157,94
03-09-2025,NSE:ASHAPURMIN,EQ,4929.62,6.36,5.19,548.05,3.50,27.89,34.00,35.32,36.78,3.01,27.99,23.16,34.89,40.49,1.1789645677267426,94
03-09-2025,NSE:POCL,EQ,3010.74,3.35,5.89,1147.4,-2.04,34.14,47.23,23.57,21.96,-2.53,34.24,36.39,23.14,25.67,1.1783047000566544,94
03-09-2025,NSE:ANANDRATHI,EQ,23029.09,1.46,2.81,2896.7,10.20,31.92,30.97,28.26,35.55,9.71,32.02,20.13,27.83,39.26,1.177503767178713,94
03-09-2025,NSE:SARDAEN,EQ,21037.16,33.43,5.11,587.45,25.22,25.35,20.55,23.91,40.85,24.73,25.45,9.71,23.48,44.56,1.1761334133391186,94
03-09-2025,NSE:FORTIS,EQ,69078.67,23.77,2.19,942,8.78,21.57,34.63,30.02,42.80,8.29,21.67,23.79,29.59,46.51,1.1760322744270086,94
03-09-2025,NSE:KIOCL,EQ,24765.86,41.7,7.83,449.2,19.40,30.35,46.15,17.11,9.13,18.91,30.45,35.31,16.68,12.84,1.1747680250888968,94
03-09-2025,NSE:MANAPPURAM,EQ,22155.43,46.81,2.94,289.05,14.24,19.61,27.95,45.94,25.09,13.75,19.71,17.11,45.51,28.8,1.1742917145208525,93
03-09-2025,NSE:NAVA,EQ,19429.45,19.11,4.44,705.65,12.01,24.92,41.30,24.93,32.02,11.52,25.02,30.46,24.5,35.73,1.1741351470853694,93
03-09-2025,NSE:BANCOINDIA,EQ,8224.64,3.24,4.7,628,8.42,8.04,50.67,7.88,46.28,7.93,8.14,39.83,7.45,49.99,1.1740134431897007,93
03-09-2025,NSE:LTF,EQ,54227.22,65.13,2.59,226.2,11.08,22.54,38.33,37.02,24.67,10.59,22.64,27.49,36.59,28.38,1.171980815003231,93
03-09-2025,NSE:SHANKARA,EQ,2266.1,1.32,5.74,1028.2,-12.48,11.40,47.24,34.99,42.01,-12.97,11.5,36.4,34.56,45.72,1.1716349750623563,93
03-09-2025,NSE:HCG,EQ,9424.48,2.2,3.57,697.5,12.25,20.72,27.78,27.97,45.21,11.76,20.82,16.94,27.54,48.92,1.1693349451834343,93
03-09-2025,NSE:THYROCARE,EQ,6703.8,1.24,4.12,1319.9,-0.07,24.23,45.06,24.21,34.50,-0.56,24.33,34.22,23.78,38.21,1.1687732039711725,93
03-09-2025,NSE:DELHIVERY,EQ,35047.26,26.22,2.4,480.3,10.50,23.09,46.69,30.05,13.20,10.01,23.19,35.85,29.62,16.91,1.1675203554563087,93
03-09-2025,NSE:LLOYDSENT,EQ,9063.9,74.06,5.21,72.29,-2.16,16.04,42.57,39.77,31.07,-2.65,16.14,31.73,39.34,34.78,1.167371353197637,93
03-09-2025,NSE:INDOTHAI,BE,1838.27,1.07,4.8,155.33,-23.17,-16.14,-28.67,27.68,73.14,-23.66,-16.04,-39.51,27.25,76.85,1.166996550870372,93
03-09-2025,NSE:KAMATHOTEL,EQ,869.66,4.17,5.18,314.3,23.91,26.51,10.80,31.80,35.17,23.42,26.61,-0.04,31.37,38.88,1.1661580699437595,93
03-09-2025,NSE:GUJAPOLLO,EQ,599.56,1.8,7.03,480,-0.38,26.55,44.00,33.81,18.51,-0.87,26.65,33.16,33.38,22.22,1.164918238027464,93
03-09-2025,NSE:CHOICEIN,EQ,16345.5,5.21,2.47,784.65,4.06,10.08,38.49,32.42,43.98,3.57,10.18,27.65,31.99,47.69,1.1646171528722538,93
03-09-2025,NSE:ACUTAAS,EQ,11502.58,2.87,2.87,1408.2,7.93,20.96,21.18,23.91,51.60,7.44,21.06,10.34,23.48,55.31,1.1645726535965275,92
03-09-2025,NSE:RBLBANK,EQ,16026.12,128.31,3.22,268.95,3.66,21.00,39.44,42.38,15.68,3.17,21.1,28.6,41.95,19.39,1.1629901734267198,92
03-09-2025,NSE:GRMOVER,EQ,2206.8,10.12,3.2,362.05,-3.29,20.63,37.07,43.08,25.82,-3.78,20.73,26.23,42.65,29.53,1.1621118981118035,92
03-09-2025,NSE:GMDCLTD,EQ,12729.54,37.17,4.65,456,16.25,19.09,45.01,24.28,19.59,15.76,19.19,34.17,23.85,23.3,1.1614383608318333,92
03-09-2025,NSE:PROZONER,EQ,606.6,5.34,4.47,43.36,0.95,21.45,26.78,44.23,30.10,0.46,21.55,15.94,43.8,33.81,1.1587824322612446,92
03-09-2025,NSE:SIRCA,EQ,2526.41,6.19,2.64,464.15,6.38,22.55,40.76,27.11,28.89,5.89,22.65,29.92,26.68,32.6,1.1579081634607602,92
03-09-2025,NSE:NIKITA,SM,292.93,2.19,7.4,120.75,23.15,26.46,25.47,25.47,25.47,22.66,26.56,14.63,25.04,29.18,1.157812380586908,92
03-09-2025,NSE:ARIES,EQ,523.42,4.35,6.71,422.45,8.73,24.71,41.90,16.10,31.68,8.24,24.81,31.06,15.67,35.39,1.1574401460949222,92
03-09-2025,NSE:GPIL,EQ,15546.89,46.22,4.17,244.97,22.83,22.48,33.27,23.10,24.24,22.34,22.58,22.43,22.67,27.95,1.1569013787102778,92
03-09-2025,NSE:SJS,EQ,4093.71,2.2,4.48,1408.3,17.89,21.71,39.35,11.26,31.22,17.4,21.81,28.51,10.83,34.93,1.1536189682268987,92
03-09-2025,NSE:ABCAPITAL,EQ,72644.43,46.46,2.7,276.9,9.19,18.71,43.06,29.82,20.14,8.7,18.81,32.22,29.39,23.85,1.153495655170416,92
03-09-2025,NSE:JKCEMENT,EQ,53330.55,1.29,3.56,6784.5,1.52,17.77,33.42,36.94,34.48,1.03,17.87,22.58,36.51,38.19,1.153393578030865,92
03-09-2025,NSE:SPMLINFRA,EQ,1887.58,6.2,5.37,286.65,-1.01,33.17,40.85,23.91,16.39,-1.5,33.27,30.01,23.48,20.1,1.1532394912832273,91
03-09-2025,NSE:ORICONENT,EQ,832.67,5.82,4.72,53.1,6.44,23.35,25.56,39.40,28.04,5.95,23.45,14.72,38.97,31.75,1.1526541730018613,91
03-09-2025,NSE:GUJTHEM,EQ,4121.07,1.46,4.77,390.85,4.48,15.03,40.23,30.96,30.96,3.99,15.13,29.39,30.53,34.67,1.1495651040877037,91
03-09-2025,NSE:SHARDACROP,EQ,8525.84,2.3,5.12,968.6,-14.28,17.64,46.39,16.80,42.24,-14.77,17.74,35.55,16.37,45.95,1.1492174431544853,91
03-09-2025,NSE:ECLERX,EQ,20036.5,1.95,4.66,4388,13.42,20.19,32.75,20.53,35.36,12.93,20.29,21.91,20.1,39.07,1.1470994941829125,91
03-09-2025,NSE:HYUNDAI,EQ,199568.22,9.98,3.75,2515.5,13.30,27.27,31.50,23.81,23.12,12.81,27.37,20.66,23.38,26.83,1.1460693726276066,91
03-09-2025,NSE:IRISDOREME,BE,606.21,2.18,4.41,32.78,4.36,9.03,47.19,28.60,24.40,3.87,9.13,36.35,28.17,28.11,1.1454499230411852,91
03-09-2025,NSE:ANURAS,EQ,12416.74,2.1,2.81,1115.1,-1.93,8.13,43.66,34.28,30.36,-2.42,8.23,32.82,33.85,34.07,1.1447278463929609,91
03-09-2025,NSE:JEYYAM,SM,278.81,1.75,4.96,58.05,32.39,25.93,33.68,8.44,-5.08,31.9,26.03,22.84,8.01,-1.37,1.1424031679183635,91
03-09-2025,NSE:ITCHOTELS,EQ,49425.08,26.6,2.62,252,11.02,15.29,35.74,28.57,28.57,10.53,15.39,24.9,28.14,32.28,1.1416329925314257,91
03-09-2025,NSE:ARIHANTCAP,EQ,1140.04,6.57,4.9,106.13,6.16,33.03,37.26,0.10,28.41,5.67,33.13,26.42,-0.33,32.12,1.141597227266144,91
03-09-2025,NSE:MAHKTECH,EQ,497.84,14.48,2.82,26.37,13.23,15.28,2.09,29.69,48.46,12.74,15.38,-8.75,29.26,52.17,1.1408860559163971,91
03-09-2025,NSE:STLTECH,EQ,5587.07,28.15,4.61,110.56,-4.82,33.38,40.70,20.95,11.54,-5.31,33.48,29.86,20.52,15.25,1.1398396984609036,90
03-09-2025,NSE:RHFL,BE,232.59,18.53,5.56,4.91,-3.87,-18.53,36.25,54.18,20.77,-4.36,-18.43,25.41,53.75,24.48,1.1386115882152472,90
03-09-2025,NSE:SUBROS,EQ,5734.22,1.19,4.37,929.7,9.60,19.24,36.02,32.64,15.24,9.11,19.34,25.18,32.21,18.95,1.1381672575493922,90
03-09-2025,NSE:EVEREADY,EQ,3071.04,5.49,4.81,469.1,12.52,34.32,33.89,17.11,1.92,12.03,34.42,23.05,16.68,5.63,1.13755749362697,90
03-09-2025,NSE:SUVEN,BE,4849.73,1.54,5.34,215.5,-23.81,-8.71,49.54,39.78,33.59,-24.3,-8.61,38.7,39.35,37.3,1.137530676030019,90
03-09-2025,NSE:TVSMOTOR,EQ,156066.12,10.52,2.15,3407.7,16.13,19.00,31.36,28.56,19.25,15.64,19.1,20.52,28.13,22.96,1.136155542666263,90
03-09-2025,NSE:ABDL,EQ,14181.3,3.61,3.51,494.3,-3.33,18.27,35.71,31.87,30.36,-3.82,18.37,24.87,31.44,34.07,1.1361017853181945,90
03-09-2025,NSE:POWERINDIA,EQ,84687.49,2.08,3.96,19185,-7.11,-3.21,39.72,37.56,38.65,-7.6,-3.11,28.88,37.13,42.36,1.135319704215924,90
03-09-2025,NSE:HNGSNGBEES,EQ,1096.31,2.64,3.22,477.28,13.29,19.01,7.48,30.51,40.55,12.8,19.11,-3.36,30.08,44.26,1.1351376368605328,90
03-09-2025,NSE:NUVOCO,EQ,16320.25,4.02,2.75,462.05,8.14,23.02,32.13,24.09,25.95,7.65,23.12,21.29,23.66,29.66,1.1338987966833587,90
03-09-2025,NSE:BELRISE,EQ,12415.59,133.2,4.49,137.72,-2.45,29.41,27.39,27.39,27.39,-2.94,29.51,16.55,26.96,31.1,1.1333937283544253,90
03-09-2025,NSE:MAFANG,EQ,3909.87,2.7,0.71,162.8,3.80,15.87,18.03,31.55,42.27,3.31,15.97,7.19,31.12,45.98,1.1330160451420497,90
03-09-2025,NSE:MFSL,EQ,55597.99,5.2,2.22,1596.6,7.77,5.71,35.73,28.98,34.99,7.28,5.81,24.89,28.55,38.7,1.1328137112539847,90
03-09-2025,NSE:GOODLUCK,EQ,3935.44,2.08,5.29,1199,10.28,19.15,46.18,17.63,3.95,9.79,19.25,35.34,17.2,7.66,1.1308486795715138,89
03-09-2025,NSE:CAMLINFINE,BE,3797.88,3.66,4.54,212.75,-27.47,-22.75,30.73,43.69,52.61,-27.96,-22.65,19.89,43.26,56.32,1.129895803084748,89
03-09-2025,NSE:TRANSRAILL,EQ,9981.94,44.56,4.64,781.2,9.65,14.36,37.53,24.48,24.48,9.16,14.46,26.69,24.05,28.19,1.1295488933729492,89
03-09-2025,NSE:DIFFNKG,EQ,1359.32,2.54,4.71,352.95,9.72,10.62,29.15,12.83,45.18,9.23,10.72,18.31,12.4,48.89,1.1290360776067303,89
03-09-2025,NSE:KOLTEPATIL,EQ,4125.84,1.78,3.5,473.7,12.92,8.05,47.01,22.04,6.51,12.43,8.15,36.17,21.61,10.22,1.1271332598550534,89
03-09-2025,NSE:UNOMINDA,EQ,73468.6,12.95,3.02,1288.9,19.01,18.16,35.66,18.44,12.57,18.52,18.26,24.82,18.01,16.28,1.1261904518000232,89
03-09-2025,NSE:CPPLUS,EQ,14710.17,20.71,6.7,1290.9,21.37,21.37,21.37,21.37,21.37,20.88,21.47,10.53,20.94,25.08,1.1259655214007116,89
03-09-2025,NSE:SUDARSCHEM,EQ,11648,1.34,3.21,1393.7,-1.52,17.33,38.79,23.52,27.70,-2.01,17.43,27.95,23.09,31.41,1.1254576397155498,89
03-09-2025,NSE:NILASPACES,EQ,553.41,5.51,5.68,14.99,11.21,28.22,25.15,12.41,27.62,10.72,28.32,14.31,11.98,31.33,1.125390628249314,89
03-09-2025,NSE:ENDURANCE,EQ,40171.9,2.04,3.63,2924.2,15.31,16.08,38.21,19.70,14.55,14.82,16.18,27.37,19.27,18.26,1.1249453910764655,89
03-09-2025,NSE:TDPOWERSYS,EQ,7861.16,9.48,3.8,551.45,8.43,8.04,42.56,20.91,23.40,7.94,8.14,31.72,20.48,27.11,1.123399500613085,89
03-09-2025,NSE:CRIZAC,EQ,6129.64,22.35,5.22,369.4,10.95,23.92,23.92,23.92,23.92,10.46,24.02,13.08,23.49,27.63,1.1233321577488091,89
03-09-2025,NSE:CREDITACC,EQ,22291.09,2.77,3.09,1384.9,10.01,15.50,29.85,34.87,13.87,9.52,15.6,19.01,34.44,17.58,1.1230693582092397,88
03-09-2025,NSE:OSWALPUMPS,EQ,9080.01,8.27,4.67,828.25,12.32,23.45,23.45,23.45,23.45,11.83,23.55,12.61,23.02,27.16,1.122545657448999,88
03-09-2025,NSE:VMM,EQ,69600.65,394.72,3.55,146.5,3.71,13.97,31.85,29.01,29.01,3.22,14.07,21.01,28.58,32.72,1.1224867173257613,88
03-09-2025,NSE:AXISILVER,EQ,399.52,3.81,1.93,123.3,10.93,17.32,22.73,26.70,30.17,10.44,17.42,11.89,26.27,33.88,1.1216201370542223,88
03-09-2025,NSE:TATSILV,EQ,359.44,53.69,4.53,12.02,10.90,17.30,22.55,26.71,30.12,10.41,17.4,11.71,26.28,33.83,1.1212152798263761,88
03-09-2025,NSE:SILVER,EQ,1082.54,8.44,1.95,123.53,10.84,17.43,22.33,26.83,30.09,10.35,17.53,11.49,26.4,33.8,1.1212015044185497,88
03-09-2025,NSE:KAYNES,EQ,41004.52,5.06,3.36,6748,5.58,14.97,40.26,11.27,29.61,5.09,15.07,29.42,10.84,33.32,1.1211244668070348,88
03-09-2025,NSE:SILVERIETF,EQ,7248.73,32.52,1.19,123.37,10.78,17.28,22.61,26.78,29.97,10.29,17.38,11.77,26.35,33.68,1.12099689674784,88
03-09-2025,NSE:SILVER1,EQ,1564.44,3.36,1.81,120.07,10.86,17.26,22.42,26.59,29.97,10.37,17.36,11.58,26.16,33.68,1.1204925130663297,88
03-09-2025,NSE:ESILVER,EQ,278.2,1.33,1.51,123.99,10.87,17.32,22.33,26.53,30.01,10.38,17.42,11.49,26.1,33.72,1.12046476127084,88
03-09-2025,NSE:HDFCSILVER,EQ,1347.99,15.35,1.24,118.82,10.81,17.34,22.42,26.59,29.84,10.32,17.44,11.58,26.16,33.55,1.1203705756776123,88
03-09-2025,NSE:SILVERADD,EQ,983.65,3.52,1.32,119.16,10.80,17.09,22.48,26.78,29.87,10.31,17.19,11.64,26.35,33.58,1.120333071730306,88
03-09-2025,NSE:SBISILVER,EQ,1343.03,5.38,1.61,121.28,10.62,17.21,22.63,26.64,29.89,10.13,17.31,11.79,26.21,33.6,1.120274115777689,87
03-09-2025,NSE:SILVERBEES,EQ,10677.63,150.98,0.87,118.55,10.83,17.25,22.42,26.68,29.75,10.34,17.35,11.58,26.25,33.46,1.120237953990662,87
03-09-2025,NSE:SILVERETF,EQ,363.41,5.12,2.16,119.94,10.78,17.24,22.34,26.65,29.90,10.29,17.34,11.5,26.22,33.61,1.1202031753525492,87
03-09-2025,NSE:RICOAUTO,EQ,1204.17,103.14,6.7,100.54,31.08,18.53,33.97,9.58,-20.23,30.59,18.63,23.13,9.15,-16.52,1.116600377934111,87
03-09-2025,NSE:FEDFINA,EQ,5077.39,9.15,3.84,139.3,5.92,26.48,32.55,17.60,14.33,5.43,26.58,21.71,17.17,18.04,1.1164668575327128,87
03-09-2025,NSE:BSE,EQ,85369.28,52.09,3.82,2206.9,-9.26,-26.74,22.02,29.45,57.53,-9.75,-26.64,11.18,29.02,61.24,1.1160145600964255,87
03-09-2025,NSE:MUTHOOTFIN,EQ,105947.53,8.92,2.5,2762,6.13,17.73,20.03,30.59,28.54,5.64,17.83,9.19,30.16,32.25,1.1156865298218959,87
03-09-2025,NSE:SAFEENTP,SM,944.91,1.23,4.57,204,-7.50,25.98,25.98,25.98,25.98,-7.99,26.08,15.14,25.55,29.69,1.113069688346059,87
03-09-2025,NSE:DEEPINDS,EQ,3429.76,3.59,3.88,565,14.70,26.46,18.28,0.34,32.68,14.21,26.56,7.44,-0.09,36.39,1.11296791807512,87
03-09-2025,NSE:NYKAA,EQ,66024.91,78.89,2.78,235.15,10.67,17.05,31.67,26.83,10.89,10.18,17.15,20.83,26.4,14.6,1.112600970746831,87
03-09-2025,NSE:EIDPARRY,EQ,20002.06,3.15,3.88,1124,-7.17,12.84,39.22,23.70,27.47,-7.66,12.94,28.38,23.27,31.18,1.112268911880229,87
03-09-2025,NSE:ASTERDM,EQ,31139.07,7.83,3.02,619.9,3.95,5.98,34.91,19.35,35.13,3.46,6.08,24.07,18.92,38.84,1.1117988865615778,87
03-09-2025,NSE:GLENMARK,EQ,54174.09,6.89,2.37,1993.3,-3.74,24.11,34.11,23.31,15.15,-4.23,24.21,23.27,22.88,18.86,1.1106778359505074,87
03-09-2025,NSE:AMBER,EQ,24648.98,3.78,3.23,7612.5,-3.40,18.03,21.84,20.33,40.14,-3.89,18.13,11,19.9,43.85,1.1106554281396976,86
03-09-2025,NSE:ETERNAL,EQ,304565.07,734.6,2.63,324.5,6.09,24.29,29.42,13.79,22.24,5.6,24.39,18.58,13.36,25.95,1.1103054197493996,86
03-09-2025,NSE:TEGA,EQ,12229.22,2.34,3.72,2004.5,5.78,20.68,36.48,14.20,16.06,5.29,20.78,25.64,13.77,19.77,1.1095577364665,86
03-09-2025,NSE:DALBHARAT,EQ,44938.74,3.9,1.85,2412.4,8.62,14.61,28.28,24.54,23.49,8.13,14.71,17.44,24.11,27.2,1.109375195862011,86
03-09-2025,NSE:SAGCEM,EQ,3333.04,1.82,3.79,270.85,11.07,16.38,32.47,20.26,16.08,10.58,16.48,21.63,19.83,19.79,1.1089270337251695,86
03-09-2025,NSE:GRSE,EQ,27068.64,7.65,4.33,2502,-3.15,-34.15,47.65,32.88,29.77,-3.64,-34.05,36.81,32.45,33.48,1.1088707650517085,86
03-09-2025,NSE:PARAGMILK,EQ,2736.09,5.45,4.13,247.46,3.50,14.58,38.24,16.31,22.17,3.01,14.68,27.4,15.88,25.88,1.108681237686992,86
03-09-2025,NSE:EICHERMOT,EQ,167391.86,5.84,1.83,6360,13.08,16.36,22.40,24.03,22.71,12.59,16.46,11.56,23.6,26.42,1.1084324064515243,86
03-09-2025,NSE:LEMONTREE,EQ,13110.09,60.52,4.04,168,12.57,16.99,25.13,22.27,20.54,12.08,17.09,14.29,21.84,24.25,1.107591024070332,86
03-09-2025,NSE:PENIND,EQ,3225.21,14.69,4.72,255.56,9.12,3.10,35.70,18.35,30.21,8.63,3.2,24.86,17.92,33.92,1.1074572140564736,86
03-09-2025,NSE:MARUTI,EQ,465001.41,5.12,1.69,14896,17.41,18.35,16.89,25.66,16.40,16.92,18.45,6.05,25.23,20.11,1.1073455589446308,86
03-09-2025,NSE:HDFCAMC,EQ,117131.41,4.34,2.19,5605,-0.18,15.44,34.19,24.99,20.54,-0.67,15.54,23.35,24.56,24.25,1.106811791979152,86
03-09-2025,NSE:SMARTWORKS,EQ,5586.73,4.39,4.12,532.4,20.17,18.29,18.29,18.29,18.29,19.68,18.39,7.45,17.86,22,1.1057861906964856,85
03-09-2025,NSE:CLEDUCATE,EQ,601.89,1.95,6.66,112.07,20.44,20.01,29.06,1.36,15.56,19.95,20.11,18.22,0.93,19.27,1.1044963305971662,85
03-09-2025,NSE:SRD,EQ,492.54,3.66,4.49,87.12,7.76,33.44,30.89,17.36,-28.56,7.27,33.54,20.05,16.93,-24.85,1.1043722693025038,85
03-09-2025,NSE:IOLCP,EQ,2658.77,15.03,4.38,101.28,1.10,14.55,35.49,26.95,12.78,0.61,14.65,24.65,26.52,16.49,1.1043253310200454,85
03-09-2025,NSE:NETWEB,EQ,12561.86,11.26,5.16,2536.9,15.83,22.44,41.49,-8.41,-1.63,15.34,22.54,30.65,-8.84,2.08,1.1039839690813147,85
03-09-2025,NSE:STYLEBAAZA,EQ,2410.14,3.88,4.21,341.8,21.24,23.95,36.73,-1.20,-13.81,20.75,24.05,25.89,-1.63,-10.1,1.1039810804774517,85
03-09-2025,NSE:MCX,EQ,37636.8,4.77,3.04,7658.5,0.82,10.29,29.86,19.24,34.65,0.33,10.39,19.02,18.81,38.36,1.1034784538019942,85
03-09-2025,NSE:TNPETRO,BE,958.2,1.78,4.56,105.5,9.46,14.38,34.39,23.34,5.64,8.97,14.48,23.55,22.91,9.35,1.1013034301087643,85
03-09-2025,NSE:MAHEPC,EQ,462.25,5.37,6.03,164,14.03,11.87,26.81,24.54,14.91,13.54,11.97,15.97,24.11,18.62,1.1011724546875332,85
03-09-2025,NSE:STAR,EQ,7954.51,2.8,3.92,903,7.36,12.43,29.92,13.07,30.19,6.87,12.53,19.08,12.64,33.9,1.1008883610140034,85
03-09-2025,NSE:BAJAJCON,EQ,3215.26,6.84,2.37,242.34,7.29,27.88,34.13,13.20,-9.60,6.8,27.98,23.29,12.77,-5.89,1.1005060810273923,85
03-09-2025,NSE:RADICO,EQ,38181.69,2.29,3.03,2922.1,2.85,6.80,28.64,15.89,37.80,2.36,6.9,17.8,15.46,41.51,1.1002957188336677,85
03-09-2025,NSE:VINCOFE,EQ,1899.22,15.67,3.85,146.54,-4.92,21.79,40.31,15.46,7.19,-5.41,21.89,29.47,15.03,10.9,1.1001531971620457,84
03-09-2025,NSE:SENORES,EQ,3178.62,2.97,4.16,712.9,6.67,27.70,20.38,15.84,15.84,6.18,27.8,9.54,15.41,19.55,1.1000919143047707,84
03-09-2025,NSE:SBC,EQ,908.09,84.45,3.92,20.12,10.44,26.04,32.07,9.74,-0.60,9.95,26.14,21.23,9.31,3.11,1.0991931795421093,84
03-09-2025,NSE:INDOFARM,EQ,1071.07,9.76,6.47,242.31,17.31,35.21,20.95,-5.65,-5.65,16.82,35.31,10.11,-6.08,-1.94,1.0988842356436217,84
03-09-2025,NSE:AXISGOLD,EQ,2117.63,7.41,2.03,88.83,7.17,7.75,18.87,27.34,31.48,6.68,7.85,8.03,26.91,35.19,1.098179896834382,84
03-09-2025,NSE:HEROMOTOCO,EQ,102224.67,11.2,2.57,5313,18.85,20.94,29.24,10.38,-1.16,18.36,21.04,18.4,9.95,2.55,1.0978644175007306,84
03-09-2025,NSE:LANDMARK,EQ,2503.18,1.06,4.1,614.75,19.91,27.39,24.99,-6.71,6.98,19.42,27.49,14.15,-7.14,10.69,1.0978010046321873,84
03-09-2025,NSE:ASTRAMICRO,EQ,9751.8,4.2,3.69,1050,10.01,-9.32,41.30,23.85,16.89,9.52,-9.22,30.46,23.42,20.6,1.0977479469685176,84
03-09-2025,NSE:MANINDS,EQ,2601.33,5.1,4.47,417.2,-4.82,5.50,46.39,25.26,0.35,-5.31,5.6,35.55,24.83,4.06,1.0974011132993844,84
03-09-2025,NSE:MASPTOP50,EQ,1093.7,2.89,2.2,66.1,4.46,18.80,11.53,19.27,34.77,3.97,18.9,0.69,18.84,38.48,1.0973585226773184,84
03-09-2025,NSE:SANATHAN,EQ,4245.52,1.05,3.59,511.7,1.39,9.88,39.23,17.47,17.47,0.9,9.98,28.39,17.04,21.18,1.0966650739416146,84
03-09-2025,NSE:GOLDSHARE,EQ,2170.19,3.5,2.73,89,7.02,7.58,18.43,27.02,31.35,6.53,7.68,7.59,26.59,35.06,1.0964274541041652,84
03-09-2025,NSE:GOLDIETF,EQ,8771.51,25.96,3.04,90.85,6.91,7.68,18.72,26.95,31.15,6.42,7.78,7.88,26.52,34.86,1.0963641512849305,84
03-09-2025,NSE:CHALET,EQ,22270.07,4.42,3.5,1030.6,13.61,11.01,28.94,13.63,22.19,13.12,11.11,18.1,13.2,25.9,1.0963122749539655,83
03-09-2025,NSE:GOLDETF,EQ,920.04,6.19,0.79,103.18,6.88,7.71,18.70,26.88,31.13,6.39,7.81,7.86,26.45,34.84,1.0961835827956885,83
03-09-2025,NSE:GOLD1,EQ,7107.52,13.76,1.99,88.57,6.99,7.61,18.40,27.02,31.06,6.5,7.71,7.56,26.59,34.77,1.0959261397936664,83
03-09-2025,NSE:QGOLDHALF,EQ,371.04,1.01,1.61,87.7,6.86,7.37,18.38,26.97,31.27,6.37,7.47,7.54,26.54,34.98,1.095604602869491,83
03-09-2025,NSE:GOLDCASE,EQ,430.7,32.11,3.11,16.69,6.95,7.43,18.33,26.84,31.22,6.46,7.53,7.49,26.41,34.93,1.0954790682295457,83
03-09-2025,NSE:BSLGOLDETF,EQ,1266.15,2.77,2.6,93.22,6.84,7.38,18.38,26.83,31.14,6.35,7.48,7.54,26.4,34.85,1.0951708309627985,83
03-09-2025,NSE:GOLDETFADD,EQ,902.09,4.15,1.38,103.01,6.99,7.40,18.36,26.75,31.03,6.5,7.5,7.52,26.32,34.74,1.0950787920557856,83
03-09-2025,NSE:TATAGOLD,EQ,941.26,148.08,6.04,10.31,6.89,7.47,18.23,26.77,31.13,6.4,7.57,7.39,26.34,34.84,1.0950698348353138,83
03-09-2025,NSE:SETFGOLD,EQ,9649.99,28.59,2.69,90.6,6.87,7.48,18.27,26.83,31.04,6.38,7.58,7.43,26.4,34.75,1.095051497934926,83
03-09-2025,NSE:HDFCGOLD,EQ,10463.38,30.11,2.46,90.64,6.75,7.47,18.30,26.83,31.08,6.26,7.57,7.46,26.4,34.79,1.0949794204583028,83
03-09-2025,NSE:GOLDBEES,EQ,23822.3,140.37,2.16,87.88,6.75,7.48,18.21,26.84,31.08,6.26,7.58,7.37,26.41,34.79,1.0948738339673454,83
03-09-2025,NSE:KIMS,EQ,29050.09,4.69,3.04,739.45,-2.30,9.59,28.11,20.27,33.36,-2.79,9.69,17.27,19.84,37.07,1.0947913978545847,83
03-09-2025,NSE:EGOLD,EQ,278.1,2.28,1.16,106.2,7.02,7.34,18.17,26.55,30.74,6.53,7.44,7.33,26.12,34.45,1.0940366848523062,82
03-09-2025,NSE:SCODATUBES,EQ,1015.46,3.33,4.8,183.23,-4.82,19.77,23.59,23.59,23.59,-5.31,19.87,12.75,23.16,27.3,1.0926000539798009,82
03-09-2025,NSE:KRN,EQ,5388.98,7.27,4.75,883.25,6.65,14.53,-3.49,11.44,45.66,6.16,14.63,-14.33,11.01,49.37,1.0918543571931159,82
03-09-2025,NSE:INDIACEM,EQ,11822.58,16.91,3.11,397.45,8.89,14.23,37.94,7.96,8.58,8.4,14.33,27.1,7.53,12.29,1.09140440703486,82
03-09-2025,NSE:AGARWALTUF,SM,263.79,1.49,5.83,149.5,16.52,8.09,35.12,9.70,9.70,16.03,8.19,24.28,9.27,13.41,1.0909232647169387,82
03-09-2025,NSE:SAILIFE,EQ,17291.35,34.62,3.95,851.35,7.44,14.30,17.73,23.65,23.65,6.95,14.4,6.89,23.22,27.36,1.090471397329961,82
03-09-2025,NSE:DDEVPLSTIK,EQ,3210.36,2.09,3.78,321.85,8.62,14.07,27.17,17.66,17.66,8.13,14.17,16.33,17.23,21.37,1.0901459172122048,82
03-09-2025,NSE:AADHARHFC,EQ,21775.79,4.92,2.37,517.3,3.44,14.69,25.93,16.34,25.79,2.95,14.79,15.09,15.91,29.5,1.0901452905583167,82
03-09-2025,NSE:IEL,BE,365.34,1.75,5.06,21.31,20.37,14.27,9.24,1.78,32.33,19.88,14.37,-1.6,1.35,36.04,1.0894809168502393,82
03-09-2025,NSE:CCL,EQ,11646.31,2.27,3.53,926.6,3.51,3.99,37.39,14.59,22.32,3.02,4.09,26.55,14.16,26.03,1.0888732041549696,82
03-09-2025,NSE:PANACEABIO,EQ,2562.12,2.39,4.88,427.7,6.15,-6.82,29.61,-3.93,46.06,5.66,-6.72,18.77,-4.36,49.77,1.0881443823101582,82
03-09-2025,NSE:ENRIN,EQ,119880.85,6.2,3.29,3483.2,9.03,18.47,18.47,18.47,18.47,8.54,18.57,7.63,18.04,22.18,1.0877237349558786,82
03-09-2025,NSE:SOLARINDS,EQ,124713.39,1.16,2.99,14241,3.05,-18.03,38.74,25.00,26.92,2.56,-17.93,27.9,24.57,30.63,1.087355881513544,81
03-09-2025,NSE:POONAWALLA,EQ,33646.23,10.78,2.95,439.9,4.67,8.70,35.68,19.42,10.76,4.18,8.8,24.84,18.99,14.47,1.0871034775823345,81
03-09-2025,NSE:ASIANENE,EQ,1663.59,3.43,5.39,382.6,9.37,19.73,34.74,11.30,-7.48,8.88,19.83,23.9,10.87,-3.77,1.0865631245202085,81
03-09-2025,NSE:ACMESOLAR,EQ,17193.57,15.08,4.35,296.15,6.62,14.33,34.34,7.38,15.25,6.13,14.43,23.5,6.95,18.96,1.0864030042204018,81
03-09-2025,NSE:PRIVISCL,EQ,8668.01,1.11,4.11,2288.4,-7.20,-5.06,37.21,16.60,35.40,-7.69,-4.96,26.37,16.17,39.11,1.0863630976909782,81
03-09-2025,NSE:ZYDUSWELL,EQ,12779.88,1.15,3.08,2308,10.58,17.67,31.16,12.26,2.29,10.09,17.77,20.32,11.83,6,1.0856316717201926,81
03-09-2025,NSE:A2ZINFRA,BE,338.15,2.51,5.57,21.5,2.93,17.30,24.65,20.60,15.63,2.44,17.4,13.81,20.17,19.34,1.0855638712542581,81
03-09-2025,NSE:HINDWAREAP,EQ,2593.46,3.53,5.11,319.6,15.28,12.05,37.65,10.00,-10.88,14.79,12.15,26.81,9.57,-7.17,1.0852866412986324,81
03-09-2025,NSE:JKLAKSHMI,EQ,10825.65,1.2,2.41,962.5,-1.19,16.32,28.00,18.99,18.69,-1.68,16.42,17.16,18.56,22.4,1.0850886176481214,81
03-09-2025,NSE:ERIS,EQ,24517.22,1.17,3.58,1770.3,-2.15,9.34,31.33,18.65,24.16,-2.64,9.44,20.49,18.22,27.87,1.0845393992402304,81
03-09-2025,NSE:JGCHEM,EQ,1810.79,2.47,4.15,470.25,-2.28,19.59,33.17,7.49,17.42,-2.77,19.69,22.33,7.06,21.13,1.08441781731938,81
03-09-2025,NSE:MEDANTA,EQ,36902.17,5.4,3.18,1416,5.54,15.47,15.73,24.07,20.66,5.05,15.57,4.89,23.64,24.37,1.0842453747332856,81
03-09-2025,NSE:HEMIPROP,EQ,3779.1,10.81,4.04,170.3,26.49,19.50,25.38,-1.85,-17.95,26,19.6,14.54,-2.28,-14.24,1.082538974685636,81
03-09-2025,NSE:WAAREEENER,EQ,97446.46,32.91,4.19,3182.6,2.47,9.48,30.47,16.18,21.45,1.98,9.58,19.63,15.75,25.16,1.0824022306935217,80
03-09-2025,NSE:CARYSIL,EQ,2441.8,1.65,4.25,894.95,6.44,0.75,43.15,14.82,0.66,5.95,0.85,32.31,14.39,4.37,1.0821225970746646,80
03-09-2025,NSE:ASAHIINDIA,EQ,20370.94,2.06,3.13,840.25,3.03,13.01,21.79,18.52,23.62,2.54,13.11,10.95,18.09,27.33,1.0805158671676645,80
03-09-2025,NSE:DIXON,EQ,101027.56,2.76,2.48,17670,4.65,15.36,21.76,10.54,25.29,4.16,15.46,10.92,10.11,29,1.0792829823024093,80
03-09-2025,NSE:JAMNAAUTO,EQ,4145.4,78.99,3.99,108.82,16.67,19.17,30.89,5.38,-15.49,16.18,19.27,20.05,4.95,-11.78,1.0791295918443617,80
03-09-2025,NSE:GOKULAGRO,EQ,4802.54,2.76,4.64,340,10.46,18.23,21.37,0.35,22.55,9.97,18.33,10.53,-0.08,26.26,1.0788532938734374,80
03-09-2025,NSE:INDORAMA,BE,1314.7,1.36,4.91,53.5,5.85,4.28,31.53,23.20,9.53,5.36,4.38,20.69,22.77,13.24,1.078458960372603,80
03-09-2025,NSE:DMART,EQ,309228.35,5.96,2.17,4740,11.48,14.04,26.01,21.74,-5.67,10.99,14.14,15.17,21.31,-1.96,1.078135529117984,80
03-09-2025,NSE:POLYCAB,EQ,106645.73,2.27,1.89,7185,6.78,17.93,34.87,-1.57,6.14,6.29,18.03,24.03,-2,9.85,1.0772792905142377,80
03-09-2025,NSE:BHARTIHEXA,EQ,87800,2.69,2.94,1785,-3.34,-5.34,26.83,22.90,34.16,-3.83,-5.24,15.99,22.47,37.87,1.0770985045467172,80
03-09-2025,NSE:INDIAGLYCO,EQ,5049.82,2.65,4.59,844.25,1.30,-13.02,35.30,24.43,23.71,0.81,-12.92,24.46,24,27.42,1.0770629869141208,80
03-09-2025,NSE:OLECTRA,EQ,12640.43,11.44,4.49,1589.1,9.18,22.69,29.12,-0.45,1.34,8.69,22.79,18.28,-0.88,5.05,1.076370320617727,80
03-09-2025,NSE:HTMEDIA,BE,457.37,1.96,4.67,25.85,10.37,20.54,26.42,7.12,1.04,9.88,20.64,15.58,6.69,4.75,1.0761852995733838,79
03-09-2025,NSE:DYCL,EQ,2034.29,5.5,4.5,436.95,10.25,-1.11,30.80,-5.65,33.18,9.76,-1.01,19.96,-6.08,36.89,1.0749385753739387,79
03-09-2025,NSE:TRAVELFOOD,EQ,16483.64,3.84,4.76,1283.8,20.06,12.37,12.37,12.37,12.37,19.57,12.47,1.53,11.94,16.08,1.0748021200507127,79
03-09-2025,NSE:SIGNPOST,EQ,1480.57,2.54,6.19,270.6,13.57,28.92,12.99,-15.42,13.99,13.08,29.02,2.15,-15.85,17.7,1.0745791968008658,79
03-09-2025,NSE:TIMETECHNO,EQ,10436.47,11.27,3.3,475.5,4.88,19.64,22.44,5.48,18.13,4.39,19.74,11.6,5.05,21.84,1.0744689896878108,79
03-09-2025,NSE:RALLIS,EQ,6748.07,6.74,3.8,363.85,-0.91,11.52,40.12,8.62,2.36,-1.4,11.62,29.28,8.19,6.07,1.0743481440799114,79
03-09-2025,NSE:NH,EQ,35804.01,2.73,2.62,1806.3,-7.71,3.68,17.46,29.87,29.88,-8.2,3.78,6.62,29.44,33.59,1.0740827403381286,79
03-09-2025,NSE:UPL,EQ,53522.08,21.54,2.58,716.45,7.16,10.31,10.16,23.93,22.64,6.67,10.41,-0.68,23.5,26.35,1.0739088117944502,79
03-09-2025,NSE:RAMCOIND,EQ,2655.92,1.68,3.06,311.4,8.99,11.75,26.03,2.56,21.96,8.5,11.85,15.19,2.13,25.67,1.0737202732221505,79
03-09-2025,NSE:SINDHUTRAD,EQ,3586.53,12.03,4.87,24.96,-6.13,11.06,38.74,8.25,12.26,-6.62,11.16,27.9,7.82,15.97,1.0725360637086143,79
03-09-2025,NSE:AJMERA,EQ,3438.41,1.14,3.86,966.3,10.52,15.61,20.84,-12.61,28.83,10.03,15.71,10,-13.04,32.54,1.0719661791461326,79
03-09-2025,NSE:BCG,EQ,3297.28,176.27,4.92,15.68,10.91,40.18,-13.20,-34.25,15.82,10.42,40.28,-24.04,-34.68,19.53,1.0713572559092968,79
03-09-2025,NSE:NELCAST,EQ,1282.83,2.07,4.44,151.87,-11.27,14.82,33.00,22.82,3.31,-11.76,14.92,22.16,22.39,7.02,1.0711546864656165,78
03-09-2025,NSE:GVPIL,EQ,2272.29,9.54,5.97,363.5,15.42,23.33,32.67,-15.30,-17.37,14.93,23.43,21.83,-15.73,-13.66,1.0711055717160303,78
03-09-2025,NSE:AVANTEL,EQ,3961.29,14.16,4.21,161.22,20.74,0.49,32.60,7.72,-4.14,20.25,0.59,21.76,7.29,-0.43,1.0705290763053457,78
03-09-2025,NSE:INDIASHLTR,EQ,10170.54,3.3,3.49,899,-0.53,4.05,19.79,28.72,19.73,-1.02,4.15,8.95,28.29,23.44,1.0704451791618874,78
03-09-2025,NSE:BEL,EQ,270023.23,117.35,1.86,377.6,0.11,-3.44,33.14,18.43,21.56,-0.38,-3.34,22.3,18,25.27,1.0702795616352638,78
03-09-2025,NSE:ASKAUTOLTD,EQ,9533.82,1.89,3.54,515.1,8.12,14.13,23.41,11.68,11.03,7.63,14.23,12.57,11.25,14.74,1.0697913904797152,78
03-09-2025,NSE:LLOYDSME,EQ,67585.19,3.05,3.3,1333.6,-8.40,-12.48,20.67,22.05,42.32,-8.89,-12.38,9.83,21.62,46.03,1.0695727372342156,78
03-09-2025,NSE:JAYBARMARU,BE,940.69,2.01,4.73,97.1,13.15,19.24,30.29,-2.41,-8.32,12.66,19.34,19.45,-2.84,-4.61,1.0694540272894202,78
03-09-2025,NSE:COROMANDEL,EQ,68280.14,3.79,3.52,2342,-10.61,0.51,28.71,23.61,26.35,-11.1,0.61,17.87,23.18,30.06,1.0683434999435744,78
03-09-2025,NSE:PFOCUS,EQ,4494.09,22.22,5.52,144.19,-1.61,20.39,29.05,11.94,-0.26,-2.1,20.49,18.21,11.51,3.45,1.068080715307763,78
03-09-2025,NSE:DCAL,BE,4158.67,1.25,3.95,269.9,9.36,1.91,23.47,9.36,25.82,8.87,2.01,12.63,8.93,29.53,1.0678765824560839,78
03-09-2025,NSE:GOLDIAM,EQ,4065.04,11.88,5.02,394.55,15.99,7.79,5.28,19.40,18.30,15.5,7.89,-5.56,18.97,22.01,1.0676781316616208,78
03-09-2025,NSE:MCLEODRUSS,EQ,389.62,4.8,5.24,38.51,2.54,13.81,15.27,1.35,32.77,2.05,13.91,4.43,0.92,36.48,1.0673956610406254,78
03-09-2025,NSE:JAICORPLTD,EQ,2106.94,45.1,6.46,162.91,34.34,28.10,38.49,-124.42,-140.93,33.85,28.2,27.65,-124.85,-137.22,1.0671648567704484,77
03-09-2025,NSE:ELIN,EQ,918.75,1.23,4.57,194.2,9.89,18.30,39.74,-12.52,-21.50,9.4,18.4,28.9,-12.95,-17.79,1.0669776290265987,77
03-09-2025,NSE:QUADFUTURE,EQ,1537,10.31,5.21,478.75,12.05,4.93,5.00,22.72,22.72,11.56,5.03,-5.84,22.29,26.43,1.0665597242315306,77
03-09-2025,NSE:RSYSTEMS,EQ,5493,14.19,4.84,465.65,9.82,19.90,31.24,-5.70,-6.42,9.33,20,20.4,-6.13,-2.71,1.0657557632489902,77
03-09-2025,NSE:RUCHIRA,EQ,433.11,1.65,3.06,153.02,11.82,7.30,23.59,14.30,8.12,11.33,7.4,12.75,13.87,11.83,1.065411022448412,77
03-09-2025,NSE:MGEL,EQ,531.57,7.36,4.82,15.65,-11.12,23.19,5.18,22.59,20.42,-11.61,23.29,-5.66,22.16,24.13,1.0653783331361428,77
03-09-2025,NSE:SAGILITY,EQ,20527.63,303.04,3.83,44.82,-0.31,13.50,3.90,17.40,30.70,-0.8,13.6,-6.94,16.97,34.41,1.0649274293421207,77
03-09-2025,NSE:KALAMANDIR,EQ,2671.64,8.79,4.73,176.93,3.00,25.41,19.11,3.01,4.53,2.51,25.51,8.27,2.58,8.24,1.0639913070161884,77
03-09-2025,NSE:CUMMINSIND,EQ,106195.32,6.71,2.35,3856,7.45,13.20,27.10,9.66,3.14,6.96,13.3,16.26,9.23,6.85,1.0639846594563802,77
03-09-2025,NSE:SUNFLAG,EQ,4793.84,3.09,3.89,277.9,0.25,2.46,20.68,23.02,21.79,-0.24,2.56,9.84,22.59,25.5,1.0639427402736035,77
03-09-2025,NSE:ITDCEM,EQ,12145.38,4.14,3.9,725.25,-9.25,-4.58,26.60,27.94,23.98,-9.74,-4.48,15.76,27.51,27.69,1.0638574577168465,77
03-09-2025,NSE:LALPATHLAB,EQ,27771.58,1.21,2.96,3335.4,4.74,14.54,29.29,9.97,-0.70,4.25,14.64,18.45,9.54,3.01,1.0635062545977456,77
03-09-2025,NSE:BLUESTARCO,EQ,38719.32,5.08,3.03,1966.8,13.72,21.12,2.05,5.78,13.77,13.23,21.22,-8.79,5.35,17.48,1.0631239222871585,76
03-09-2025,NSE:INDIGO,EQ,217045.04,16.75,2.03,5714.5,-1.29,5.22,22.24,23.37,16.71,-1.78,5.32,11.4,22.94,20.42,1.0626657396289996,76
03-09-2025,NSE:LAXMIINDIA,EQ,672.79,55.61,9.01,157.32,12.59,12.59,12.59,12.59,12.59,12.1,12.69,1.75,12.16,16.3,1.0626034064422387,76
03-09-2025,NSE:SAURASHCEM,EQ,1256.6,2.5,5.02,116.86,-4.77,23.04,31.16,3.73,-4.77,-5.26,23.14,20.32,3.3,-1.06,1.0619206112857624,76
03-09-2025,NSE:WCIL,EQ,1237.74,8.33,5.26,129.2,18.41,13.75,31.41,1.42,-32.35,17.92,13.85,20.57,0.99,-28.64,1.0617516458163418,76
03-09-2025,NSE:UTIAMC,EQ,16508.71,1.22,2.77,1331,2.55,13.21,26.28,2.39,16.22,2.06,13.31,15.44,1.96,19.93,1.0607916070002044,76
03-09-2025,NSE:SKIPPER,EQ,5813.57,9.11,4.44,545,5.28,9.04,27.97,-6.22,22.61,4.79,9.14,17.13,-6.65,26.32,1.0607728764426974,76
03-09-2025,NSE:SDBL,EQ,2658.42,8.89,3.48,140.08,-4.91,-0.36,19.87,25.96,23.99,-5.4,-0.26,9.03,25.53,27.7,1.060372047414059,76
03-09-2025,NSE:USHAMART,EQ,11572.57,5.11,3.81,380.65,3.28,19.31,22.63,0.28,11.49,2.79,19.41,11.79,-0.15,15.2,1.0603678340760647,76
03-09-2025,NSE:PREMEXPLN,EQ,2700.96,9.64,5.1,530.5,19.64,-12.38,33.74,12.95,-7.33,19.15,-12.28,22.9,12.52,-3.62,1.0598691052578517,76
03-09-2025,NSE:INDIANB,EQ,87687.36,11.21,1.76,667.7,6.96,5.10,21.88,13.99,15.91,6.47,5.2,11.04,13.56,19.62,1.0596383036463202,76
03-09-2025,NSE:TECHNOE,EQ,17631.02,2.43,3.75,1551.2,8.52,0.54,38.72,4.98,-5.06,8.03,0.64,27.88,4.55,-1.35,1.0592194312760688,76
03-09-2025,NSE:DBREALTY,EQ,9059.17,7.98,3.89,174.19,-3.57,-4.33,40.94,13.90,3.58,-4.06,-4.23,30.1,13.47,7.29,1.058730131842975,75
03-09-2025,NSE:EIEL,EQ,4375.09,24.94,3.82,252.71,2.73,8.44,20.13,18.06,12.94,2.24,8.54,9.29,17.63,16.65,1.0581686355527087,75
03-09-2025,NSE:IPL,EQ,2428.8,11.46,4.96,214.64,-3.10,3.17,39.32,12.99,-3.95,-3.59,3.27,28.48,12.56,-0.24,1.0579119823290868,75
03-09-2025,NSE:DIACABS,EQ,7281.16,15.86,4.14,144.38,-17.93,25.35,37.48,-4.52,-7.01,-18.42,25.45,26.64,-4.95,-3.3,1.0578509144108112,75
03-09-2025,NSE:RTNINDIA,EQ,8433.23,144.57,4.61,61.07,12.25,21.78,30.16,-7.93,-29.52,11.76,21.88,19.32,-8.36,-25.81,1.057180517267394,75
03-09-2025,NSE:ULTRACEMCO,EQ,372327.13,2.56,1.57,12716,4.74,13.24,17.84,11.91,11.75,4.25,13.34,7,11.48,15.46,1.0567630838114461,75
03-09-2025,NSE:AVALON,EQ,5543.39,4.47,3.95,858.9,0.34,-0.02,22.94,-12.34,39.63,-0.15,0.08,12.1,-12.77,43.34,1.0567237893340573,75
03-09-2025,NSE:AARTIPHARM,EQ,7629.27,4.22,4.23,880,1.82,-5.87,15.88,27.97,20.51,1.33,-5.77,5.04,27.54,24.22,1.055900278158474,75
03-09-2025,NSE:SHREDIGCEM,EQ,1437.29,13.49,4.61,93.5,9.85,14.70,26.01,4.71,-7.22,9.36,14.8,15.17,4.28,-3.51,1.0558961255529584,75
03-09-2025,NSE:ELGIRUBCO,EQ,419.42,3.4,8.54,77.32,31.82,23.93,15.24,-45.46,-38.77,31.33,24.03,4.4,-45.89,-35.06,1.0557419455000718,75
03-09-2025,NSE:APOLLOHOSP,EQ,109434.5,5.27,1.8,7726,4.85,11.27,19.94,11.61,11.25,4.36,11.37,9.1,11.18,14.96,1.0557193265130842,75
03-09-2025,NSE:OLAELEC,EQ,24003.74,3659.08,6.9,64.6,37.23,22.62,11.89,-35.31,-86.19,36.74,22.72,1.05,-35.74,-82.48,1.0555984961828186,75
03-09-2025,NSE:KAJARIACER,EQ,19224.17,4.27,3.03,1239.5,4.52,17.36,29.43,2.63,-9.31,4.03,17.46,18.59,2.2,-5.6,1.0553157402121252,75
03-09-2025,NSE:SHK,EQ,3420.38,9.02,4.74,263.88,3.48,8.30,36.76,-6.85,4.34,2.99,8.4,25.92,-7.28,8.05,1.0551462160298974,74
03-09-2025,NSE:ANTHEM,EQ,46212.08,14.88,3.83,819.95,9.95,11.82,11.82,11.82,11.82,9.46,11.92,0.98,11.39,15.53,1.0547443452979008,74
03-09-2025,NSE:KPIL,EQ,21179.21,5.97,3.06,1257,10.80,6.93,28.32,9.30,-5.78,10.31,7.03,17.48,8.87,-2.07,1.0545778859226198,74
03-09-2025,NSE:HINDALCO,EQ,158204.75,54.04,2.09,739.85,9.11,14.06,14.58,11.31,5.32,8.62,14.16,3.74,10.88,9.03,1.0539711277634374,74
03-09-2025,NSE:JSL,EQ,62874.21,14.19,4.06,756.6,6.68,13.30,21.15,9.70,2.70,6.19,13.4,10.31,9.27,6.41,1.0537811368906942,74
03-09-2025,NSE:WEBELSOLAR,EQ,5625.26,2.8,5.32,1323,4.07,-5.62,25.44,4.10,28.10,3.58,-5.52,14.6,3.67,31.81,1.0522718634113053,74
03-09-2025,NSE:EPACK,EQ,3630.46,12.4,4.05,399.95,4.89,8.23,7.48,-2.46,33.84,4.4,8.33,-3.36,-2.89,37.55,1.0516701456905604,74
03-09-2025,NSE:SAMHI,EQ,4667.45,14.1,4.05,217.39,-4.68,2.43,32.15,15.82,6.31,-5.17,2.53,21.31,15.39,10.02,1.0512007692124798,74
03-09-2025,NSE:RATEGAIN,EQ,6050.28,10.94,4.56,581.85,25.64,21.69,13.58,-20.63,-27.42,25.15,21.79,2.74,-21.06,-23.71,1.0510838802640936,74
03-09-2025,NSE:BORORENEW,EQ,7338.41,3.15,3.21,595,-3.57,8.34,11.92,25.71,12.66,-4.06,8.44,1.08,25.28,16.37,1.0507775383412317,74
03-09-2025,NSE:SBFC,EQ,11559.97,22.02,3.08,106.8,5.11,-6.42,18.74,18.61,21.40,4.62,-6.32,7.9,18.18,25.11,1.0505113031141755,74
03-09-2025,NSE:AFFLE,EQ,26716.02,2.01,2.4,1909.1,-2.01,5.57,23.53,15.18,13.91,-2.5,5.67,12.69,14.75,17.62,1.050331412889007,74
03-09-2025,NSE:MANALIPETC,EQ,1109.74,5.45,4.29,73,9.49,19.47,15.99,14.42,-26.18,9,19.57,5.15,13.99,-22.47,1.0498893101835785,73
03-09-2025,NSE:EIHOTEL,EQ,24945.78,12.18,3.7,411,8.43,9.05,19.81,7.69,7.66,7.94,9.15,8.97,7.26,11.37,1.0497980120150698,73
03-09-2025,NSE:SHYAMMETL,EQ,25287.95,2.12,2.65,934.25,-4.75,8.77,23.74,10.67,16.47,-5.24,8.87,12.9,10.24,20.18,1.049540703393394,73
03-09-2025,NSE:SANGHVIMOV,EQ,2819.78,11.36,5.15,327.05,19.95,5.76,30.52,-0.83,-31.10,19.46,5.86,19.68,-1.26,-27.39,1.0494500714118653,73
03-09-2025,NSE:GLOBUSSPR,EQ,3483.42,1.27,4.45,1098,-14.35,8.21,22.44,19.52,18.02,-14.84,8.31,11.6,19.09,21.73,1.049249148814703,73
03-09-2025,NSE:MOTILALOFS,EQ,51476.14,8.57,2.83,874.8,-5.36,5.86,34.40,-5.08,17.07,-5.85,5.96,23.56,-5.51,20.78,1.0492365223506686,73
03-09-2025,NSE:HOMEFIRST,EQ,12557.46,3.39,3.4,1242.1,3.61,-0.99,25.54,15.29,10.71,3.12,-0.89,14.7,14.86,14.42,1.0489849254431811,73
03-09-2025,NSE:SAMBHV,EQ,3563.76,18.77,4.01,126.47,1.64,13.02,13.02,13.02,13.02,1.15,13.12,2.18,12.59,16.73,1.0489722113213824,73
03-09-2025,NSE:MANORAMA,EQ,8048.49,1.09,3.51,1333.8,-11.50,-9.27,21.02,11.72,38.12,-11.99,-9.17,10.18,11.29,41.83,1.0483403078670885,73
03-09-2025,NSE:INDRAMEDCO,EQ,4024.44,2.16,3.58,475.2,4.55,8.04,19.42,3.25,18.14,4.06,8.14,8.58,2.82,21.85,1.0482719396755957,73
03-09-2025,NSE:SAWALIYA,ST,252.12,2.23,7.25,254,10.24,10.24,10.24,10.24,10.24,9.75,10.34,-0.6,9.81,13.95,1.0477625131620223,73
03-09-2025,NSE:AJAXENGG,EQ,8234.43,1.67,3.51,685.55,1.68,8.33,12.34,15.98,15.98,1.19,8.43,1.5,15.55,19.69,1.0474709442387526,73
03-09-2025,NSE:TATASTEEL,EQ,192870.49,234.25,2.1,166.95,8.35,5.25,16.93,13.42,8.37,7.86,5.35,6.09,12.99,12.08,1.047317372191284,72
03-09-2025,NSE:BALMLAWRIE,EQ,3724.12,3.49,2.3,232.3,10.40,8.20,32.02,1.24,-18.23,9.91,8.3,21.18,0.81,-14.52,1.0471630039523678,72
03-09-2025,NSE:PRICOLLTD,EQ,5606.55,4.27,3.13,495,13.28,12.69,17.25,2.27,-1.83,12.79,12.79,6.41,1.84,1.88,1.0469931214011905,72
03-09-2025,NSE:DMCC,EQ,773.26,1.81,4.9,320.1,4.89,15.42,8.12,7.47,13.82,4.4,15.52,-2.72,7.04,17.53,1.0467897363386893,72
03-09-2025,NSE:SSEGL,SM,1214.14,1.07,4.9,492.55,10.16,12.59,10.36,18.63,-9.43,9.67,12.69,-0.48,18.2,-5.72,1.0465784695571458,72
03-09-2025,NSE:BAJFINANCE,EQ,546926.27,63.81,2.06,892.6,1.90,-0.68,2.47,26.33,20.87,1.41,-0.58,-8.37,25.9,24.58,1.0456058878515024,72
03-09-2025,NSE:RPOWER,BE,18300.79,142.94,4.51,47.1,-6.35,-29.36,26.22,17.83,35.10,-6.84,-29.26,15.38,17.4,38.81,1.045573845658073,72
03-09-2025,NSE:PARAS,EQ,5215.21,4.58,3.76,665.05,4.99,-22.06,32.90,19.21,8.50,4.5,-21.96,22.06,18.78,12.21,1.0454058988694668,72
03-09-2025,NSE:MARATHON,EQ,4247.83,1.13,3.37,612.7,-12.43,11.05,33.38,3.76,6.50,-12.92,11.15,22.54,3.33,10.21,1.0449525335415601,72
03-09-2025,NSE:AUTOBEES,EQ,324.54,3.74,2.28,264.28,8.85,9.95,17.83,9.56,-0.28,8.36,10.05,6.99,9.13,3.43,1.044752439421402,72
03-09-2025,NSE:DEEPAKFERT,EQ,17509.19,2.13,3.36,1457,-6.97,-8.25,29.32,5.63,28.39,-7.46,-8.15,18.48,5.2,32.1,1.0443733329822764,72
03-09-2025,NSE:ESCORTS,EQ,39995.18,1.12,2.54,3674,10.47,11.56,20.40,3.27,-3.88,9.98,11.66,9.56,2.84,-0.17,1.04431395282352,72
03-09-2025,NSE:BFUTILITIE,EQ,3028.48,2.68,4.14,833.45,13.37,10.45,24.19,-18.32,6.26,12.88,10.55,13.35,-18.75,9.97,1.0440312720837275,72
03-09-2025,NSE:RAMCOCEM,EQ,24784.71,2.15,3.09,1074.1,-7.17,6.95,21.53,5.52,23.59,-7.66,7.05,10.69,5.09,27.3,1.0440307182674253,71
03-09-2025,NSE:MSUMI,EQ,27587.71,75.75,3.26,42.68,12.09,8.29,26.20,0.05,-9.58,11.6,8.39,15.36,-0.38,-5.87,1.0438193741341695,71
03-09-2025,NSE:CGPOWER,EQ,109277.48,43.53,2.28,736.7,11.59,6.35,21.22,0.60,4.87,11.1,6.45,10.38,0.17,8.58,1.0435887988876413,71
03-09-2025,NSE:MON100,EQ,10301.67,6.45,1.69,203.19,-0.57,10.74,4.03,13.44,21.88,-1.06,10.84,-6.81,13.01,25.59,1.0433951528570133,71
03-09-2025,NSE:M&M,EQ,397929.23,26.13,2.29,3263.8,3.20,6.45,16.46,9.12,15.51,2.71,6.55,5.62,8.69,19.22,1.0433230492091567,71
03-09-2025,NSE:BEML,EQ,16053.95,2.62,2.77,4080,5.76,-7.20,37.01,-3.91,6.28,5.27,-7.1,26.17,-4.34,9.99,1.0431720383290548,71
03-09-2025,NSE:UNIPARTS,EQ,1782.78,1.54,3.68,413.2,15.59,12.48,20.69,0.41,-19.08,15.1,12.58,9.85,-0.02,-15.37,1.042857523279168,71
03-09-2025,NSE:GREAVESCOT,EQ,4601.01,32.52,4.05,225.03,3.04,9.29,-9.34,16.91,25.01,2.55,9.39,-20.18,16.48,28.72,1.0428553193383192,71
03-09-2025,NSE:AVL,EQ,6471.75,7.34,4.99,460.35,14.92,13.48,10.18,-3.28,4.42,14.43,13.58,-0.66,-3.71,8.13,1.0427923720563415,71
03-09-2025,NSE:HARIOMPIPE,EQ,1491.07,5.77,4.62,500.9,13.12,23.37,29.02,-15.77,-64.12,12.63,23.47,18.18,-16.2,-60.41,1.042327835224119,71
03-09-2025,NSE:KIRLOSBROS,EQ,15416.45,1.68,3,2040.2,8.48,13.23,16.58,-11.75,14.35,7.99,13.33,5.74,-12.18,18.06,1.0422007850222612,71
03-09-2025,NSE:VARROC,EQ,8112.96,1.79,4.04,566.3,7.58,3.63,22.93,8.29,3.22,7.09,3.73,12.09,7.86,6.93,1.0421866557259225,71
03-09-2025,NSE:CENTRUM,BE,1534.74,2.55,4.99,36.75,-5.90,10.53,26.56,11.92,-0.33,-6.39,10.63,15.72,11.49,3.38,1.0417779150011655,70
03-09-2025,NSE:SOUTHBANK,EQ,7666.43,65.25,1.73,29.53,1.02,0.85,16.80,17.81,13.27,0.53,0.95,5.96,17.38,16.98,1.0412600624636028,70
03-09-2025,NSE:PDMJEPAPER,EQ,1253.53,3.92,4.98,131.78,5.12,18.52,20.11,-17.80,7.24,4.63,18.62,9.27,-18.23,10.95,1.0406292127483852,70
03-09-2025,NSE:WOCKPHARMA,EQ,23166.25,4.36,3.84,1471.8,-9.55,-1.40,20.61,4.59,32.02,-10.04,-1.3,9.77,4.16,35.73,1.0404288711314815,70
03-09-2025,NSE:HDFCLIFE,EQ,166917.86,22.14,1.87,774.3,4.21,2.00,20.13,15.05,4.83,3.72,2.1,9.29,14.62,8.54,1.040229010542304,70
03-09-2025,NSE:BRITANNIA,EQ,140161.26,4.72,2.58,5906,1.83,6.16,19.02,16.34,1.26,1.34,6.26,8.18,15.91,4.97,1.039946502482282,70
03-09-2025,NSE:ONESOURCE,EQ,21610.91,1.6,2.84,1893.7,2.02,-2.90,32.22,4.95,4.95,1.53,-2.8,21.38,4.52,8.66,1.0399147162493012,70
03-09-2025,NSE:JSWSTEEL,EQ,251148.12,16.03,1.88,1073.4,4.25,9.77,9.17,10.01,12.46,3.76,9.87,-1.67,9.58,16.17,1.0391288714167715,70
03-09-2025,NSE:NRBBEARING,EQ,2735.64,1.28,3.44,293.1,3.68,9.30,29.44,0.38,-9.31,3.19,9.4,18.6,-0.05,-5.6,1.0388722457735053,70
03-09-2025,NSE:ADANIPOWER,EQ,231319.91,24.7,2.46,609,6.90,10.48,18.35,8.90,-5.80,6.41,10.58,7.51,8.47,-2.09,1.0388270428407975,70
03-09-2025,NSE:SUMICHEM,EQ,28037.02,3.52,3.42,587,-7.44,14.62,19.15,6.02,10.60,-7.93,14.72,8.31,5.59,14.31,1.0387899392838154,70
03-09-2025,NSE:JINDALSTEL,EQ,96816.56,19.14,2.5,1015.2,6.87,6.25,15.09,10.71,5.39,6.38,6.35,4.25,10.28,9.1,1.0386999995557642,70
03-09-2025,NSE:SWIGGY,EQ,102114.84,189.67,3.62,427.45,8.21,15.14,19.42,-10.13,1.74,7.72,15.24,8.58,-10.56,5.45,1.038669245293298,69
03-09-2025,NSE:MBEL,EQ,2474.52,38.08,6.89,421.8,8.72,8.72,8.72,8.72,8.72,8.23,8.82,-2.12,8.29,12.43,1.0386179522614607,69
03-09-2025,NSE:MOLDTECH,EQ,466.35,1.03,4.61,170.86,13.98,21.11,26.23,-22.49,-39.12,13.49,21.21,15.39,-22.92,-35.41,1.0385475393216337,69
03-09-2025,NSE:MUKANDLTD,EQ,1839.43,2.42,4.65,136.02,-3.37,16.75,30.24,-1.35,-15.81,-3.86,16.85,19.4,-1.78,-12.1,1.038442850624103,69
03-09-2025,NSE:ABSLAMC,EQ,24104.45,2.81,2.8,832.35,-0.27,8.49,24.24,-3.95,13.34,-0.76,8.59,13.4,-4.38,17.05,1.0383165029433346,69
03-09-2025,NSE:TITAN,EQ,321396.35,7.45,1.76,3679.8,9.89,4.89,12.41,11.71,3.98,9.4,4.99,1.57,11.28,7.69,1.0380855290812314,69
03-09-2025,NSE:TARIL,EQ,14765.16,9.3,3.77,508.8,-1.23,-4.91,19.17,1.50,30.25,-1.72,-4.81,8.33,1.07,33.96,1.0380812078537929,69
03-09-2025,NSE:MIDHANI,EQ,6837.91,3.26,3.2,388.7,1.03,-8.58,34.67,10.88,-1.76,0.54,-8.48,23.83,10.45,1.95,1.0380679350195672,69
03-09-2025,NSE:NDLVENTURE,BE,309.71,1.9,8.97,87.51,24.97,25.68,-4.45,-29.03,-23.33,24.48,25.78,-15.29,-29.46,-19.62,1.0380153065416546,69
03-09-2025,NSE:AVONMORE,EQ,538.97,5.51,5.69,19,3.95,-6.42,2.79,13.13,31.09,3.46,-6.32,-8.05,12.7,34.8,1.038007379474478,69
03-09-2025,NSE:GROWWDEFNC,EQ,210.59,2.8,2.74,76.7,0.63,-15.72,31.08,12.71,12.88,0.14,-15.62,20.24,12.28,16.59,1.0379299591210864,69
03-09-2025,NSE:UJJIVANSFB,EQ,8264,54.45,2.62,43.25,0.07,-0.30,24.58,17.64,-0.18,-0.42,-0.2,13.74,17.21,3.53,1.0376647870305793,69
03-09-2025,NSE:ASHOKLEY,EQ,74558.43,160.11,2.76,129.46,7.04,9.00,12.93,10.37,1.98,6.55,9.1,2.09,9.94,5.69,1.037291852995342,69
03-09-2025,NSE:MODEFENCE,EQ,644.55,18.2,2.84,84.31,0.76,-15.56,31.49,12.96,10.77,0.27,-15.46,20.65,12.53,14.48,1.0372669455872305,68
03-09-2025,NSE:BLISSGVS,EQ,1640.49,8.66,4.45,157.85,-10.06,15.77,16.59,-2.49,20.18,-10.55,15.87,5.75,-2.92,23.89,1.037051579522263,68
03-09-2025,NSE:MUNJALAU,EQ,868.3,5.22,4.8,90.58,18.11,11.58,23.61,-18.88,-17.51,17.62,11.68,12.77,-19.31,-13.8,1.0368290982009511,68
03-09-2025,NSE:MARICO,EQ,94227.83,19.28,2.21,734.4,3.16,4.27,15.13,12.18,10.03,2.67,4.37,4.29,11.75,13.74,1.0365870977962073,68
03-09-2025,NSE:JPPOWER,EQ,12747.43,326.87,3.52,18.56,-8.51,15.62,24.95,0.54,3.34,-9,15.72,14.11,0.11,7.05,1.0363365701933267,68
03-09-2025,NSE:HEG,EQ,8952.23,5.83,2.94,490.45,-8.59,-6.63,29.41,9.85,18.52,-9.08,-6.53,18.57,9.42,22.23,1.0362515734743332,68
03-09-2025,NSE:CHENNPETRO,EQ,9616.7,7.95,3.19,695.6,5.62,5.33,32.46,9.90,-38.79,5.13,5.43,21.62,9.47,-35.08,1.036042786226666,68
03-09-2025,NSE:TORNTPHARM,EQ,120617.96,2.51,1.77,3603.6,-2.07,12.95,17.11,7.75,4.69,-2.56,13.05,6.27,7.32,8.4,1.0360099707781765,68
03-09-2025,NSE:TAJGVK,EQ,2569.82,3.52,3.81,434.95,4.08,-0.99,-7.32,20.62,24.41,3.59,-0.89,-18.16,20.19,28.12,1.0359204951270153,68
03-09-2025,NSE:AUBANK,EQ,53563.9,22.89,2.5,712.15,-4.06,-1.83,21.83,18.09,10.08,-4.55,-1.73,10.99,17.66,13.79,1.0358875999387946,68
03-09-2025,NSE:UNIECOM,EQ,1363.07,7.22,4.35,149.45,20.43,10.61,26.91,-19.06,-38.05,19.94,10.71,16.07,-19.49,-34.34,1.0353116548450931,68
03-09-2025,NSE:MAXHEALTH,EQ,111806.09,22.21,2.77,1155.6,-7.82,0.61,12.07,15.22,25.01,-8.31,0.71,1.23,14.79,28.72,1.035283031992885,68
03-09-2025,NSE:BLUESTONE,EQ,8107.75,25.98,6.98,555,8.11,8.11,8.11,8.11,8.11,7.62,8.21,-2.73,7.68,11.82,1.0349755652347337,67
03-09-2025,NSE:SBILIFE,EQ,181127.22,7.51,1.6,1806.7,0.58,1.70,18.65,20.42,-2.05,0.09,1.8,7.81,19.99,1.66,1.0347671380483943,67
03-09-2025,NSE:SGLTL,BE,3566.51,1.97,4.01,184.49,-0.36,-2.56,28.87,6.77,6.77,-0.85,-2.46,18.03,6.34,10.48,1.034602893478862,67
03-09-2025,NSE:KSCL,EQ,5988.02,1.81,3.86,1188.3,8.79,-24.57,13.20,27.17,11.94,8.3,-24.47,2.36,26.74,15.65,1.034381137227438,67
03-09-2025,NSE:TBOTEK,EQ,14170.71,3.01,3.86,1577.3,10.26,13.53,13.79,-0.59,-5.64,9.77,13.63,2.95,-1.02,-1.93,1.0342018311388308,67
03-09-2025,NSE:LTFOODS,EQ,14688.8,6.67,3.33,447.05,-6.70,0.88,20.93,11.17,17.27,-7.19,0.98,10.09,10.74,20.98,1.0339500445404832,67
03-09-2025,NSE:DHANI,EQ,3717.69,32.04,4.54,66.42,10.45,12.24,12.23,-16.58,12.86,9.96,12.34,1.39,-17.01,16.57,1.033699383176623,67
03-09-2025,NSE:IIFL,EQ,18151.35,11.5,2.96,439.4,2.78,2.59,27.88,4.32,-2.62,2.29,2.69,17.04,3.89,1.09,1.0336344493977276,67
03-09-2025,NSE:NATIONALUM,EQ,34234.82,65.07,2.36,205.92,12.25,11.27,12.90,-17.59,11.26,11.76,11.37,2.06,-18.02,14.97,1.0335744362550112,67
03-09-2025,NSE:CUB,EQ,14523.76,14.58,2.48,197.56,-8.26,-0.10,25.82,9.13,14.89,-8.75,0,14.98,8.7,18.6,1.0335728473836192,67
03-09-2025,NSE:EMCURE,EQ,26398.51,1.48,3.53,1378.8,1.06,3.25,29.17,1.00,0.23,0.57,3.35,18.33,0.57,3.94,1.0334987332791175,67
03-09-2025,NSE:FACT,EQ,59918.86,6.74,4.17,1010,7.58,-2.08,25.96,0.68,4.40,7.09,-1.98,15.12,0.25,8.11,1.0333133613855505,67
03-09-2025,NSE:HINDUNILVR,EQ,624991.28,16.13,2.01,2675,4.53,11.61,16.08,6.69,-4.12,4.04,11.71,5.24,6.26,-0.41,1.0332873971195844,66
03-09-2025,NSE:COFORGE,EQ,57731.64,16.4,2.8,1724.5,1.06,0.00,13.15,-0.73,27.14,0.57,0.1,2.31,-1.16,30.85,1.0327550737911313,66
03-09-2025,NSE:JAGSNPHARM,EQ,1554.96,1.61,4,248.9,-9.02,9.52,13.88,-22.33,35.29,-9.51,9.62,3.04,-22.76,39,1.0327202549475725,66
03-09-2025,NSE:BHARTIARTL,EQ,1076671.53,92.13,1.42,1881.6,-0.15,0.33,12.29,13.52,16.78,-0.64,0.43,1.45,13.09,20.49,1.0321715778384926,66
03-09-2025,NSE:INDIQUBE,EQ,4600.3,7.14,4.87,234.22,7.04,7.78,7.78,7.78,7.78,6.55,7.88,-3.06,7.35,11.49,1.0319894162430414,66
03-09-2025,NSE:MUTHOOTMF,EQ,2603.42,1.94,4.25,168.03,6.33,24.20,19.90,-11.78,-36.01,5.84,24.3,9.06,-12.21,-32.3,1.0318957610742248,66
03-09-2025,NSE:CSBBANK,EQ,6336.57,7.61,4.77,369.3,-13.48,-0.34,24.06,16.72,12.63,-13.97,-0.24,13.22,16.29,16.34,1.031744680655961,66
03-09-2025,NSE:SPORTKING,EQ,1355.86,1.81,4.35,111.91,0.92,2.41,32.23,11.73,-28.84,0.43,2.51,21.39,11.3,-25.13,1.0315971900092553,66
03-09-2025,NSE:OSWALAGRO,EQ,1040.45,4.77,5.18,78.72,1.88,-17.23,20.31,9.10,25.36,1.39,-17.13,9.47,8.67,29.07,1.0314514990162564,66
03-09-2025,NSE:OPTIEMUS,EQ,4893.15,2.38,4.25,627.6,4.40,3.31,26.87,-10.30,7.90,3.91,3.41,16.03,-10.73,11.61,1.0313320429168267,66
03-09-2025,NSE:IGL,EQ,28911.43,19.85,2.05,217.9,7.51,4.18,10.06,24.95,-24.68,7.02,4.28,-0.78,24.52,-20.97,1.0305235788124039,66
03-09-2025,NSE:BOMDYEING,EQ,3500.56,14.89,3.66,180.22,8.77,14.03,26.52,-17.23,-18.75,8.28,14.13,15.68,-17.66,-15.04,1.0301846996620665,66
03-09-2025,NSE:EDELWEISS,EQ,10132.2,119.43,4.46,112.93,12.49,7.08,16.32,-8.84,2.06,12,7.18,5.48,-9.27,5.77,1.0298217539116825,66
03-09-2025,NSE:GRASIM,EQ,189054.44,6.74,1.88,2778.1,2.01,8.22,15.77,6.19,3.67,1.52,8.32,4.93,5.76,7.38,1.029678399063009,65
03-09-2025,NSE:GODREJIND,EQ,41426.79,2.27,3.03,1190.7,6.37,0.21,7.58,9.62,14.86,5.88,0.31,-3.26,9.19,18.57,1.0292674952562963,65
03-09-2025,NSE:NAVNETEDUL,EQ,3483.68,6.54,4.17,156.7,4.96,7.85,10.88,10.93,-0.75,4.47,7.95,0.04,10.5,2.96,1.028939578879938,65
03-09-2025,NSE:WINDLAS,EQ,2102.11,1.03,4.52,981.7,1.59,6.18,19.19,-11.35,17.22,1.1,6.28,8.35,-11.78,20.93,1.0286383462878879,65
03-09-2025,NSE:MAZDOCK,EQ,105080.49,14.34,3.1,2720.1,-0.06,-25.46,22.73,15.55,22.09,-0.55,-25.36,11.89,15.12,25.8,1.02858032865918,65
03-09-2025,NSE:NORTHARC,EQ,3802.31,8.22,3.6,240.13,5.13,13.49,27.07,2.51,-45.75,4.64,13.59,16.23,2.08,-42.04,1.0283463648765765,65
03-09-2025,NSE:RUBFILA,EQ,423.4,1.15,4.7,85.07,6.22,4.11,19.55,3.44,-1.00,5.73,4.21,8.71,3.01,2.71,1.0282101395054148,65
03-09-2025,NSE:NSLNISP,EQ,11063.04,139.68,4.36,43.5,16.67,10.53,16.28,-5.70,-24.74,16.18,10.63,5.44,-6.13,-21.03,1.028046394497142,65
03-09-2025,NSE:SUPREMEIND,EQ,56946.15,1.61,2.52,4612,7.87,7.06,24.34,-0.85,-16.29,7.38,7.16,13.5,-1.28,-12.58,1.0279948750731143,65
03-09-2025,NSE:TIRUMALCHM,EQ,2979.49,3.45,3.6,306.8,5.08,11.41,29.97,-22.43,-10.67,4.59,11.51,19.13,-22.86,-6.96,1.0278987397480361,65
03-09-2025,NSE:KARURVYSYA,EQ,20532.02,18.33,2.43,208.19,-3.95,8.13,16.01,5.31,10.59,-4.44,8.23,5.17,4.88,14.3,1.027712246898285,65
03-09-2025,NSE:CGCL,EQ,17800.83,31.82,2.89,188.76,7.10,19.97,12.76,-10.65,-12.52,6.61,20.07,1.92,-11.08,-8.81,1.0276988353774095,65
03-09-2025,NSE:DATAPATTNS,EQ,13419.36,2.57,3.82,2550.8,0.01,-17.03,40.39,1.86,-8.87,-0.48,-16.93,29.55,1.43,-5.16,1.027582635150683,64
03-09-2025,NSE:IFBIND,EQ,5967.61,1.34,4.26,1559,14.48,1.93,29.15,-7.77,-28.64,13.99,2.03,18.31,-8.2,-24.93,1.027530815594524,64
03-09-2025,NSE:APOLLOTYRE,EQ,29376.59,10.26,2.9,485.25,9.15,5.58,19.64,-5.03,-1.46,8.66,5.68,8.8,-5.46,2.25,1.0270247844670382,64
03-09-2025,NSE:GLAND,EQ,31119.19,2.6,2.75,1879.6,-5.26,13.52,13.93,7.53,1.63,-5.75,13.62,3.09,7.1,5.34,1.026760849960032,64
03-09-2025,NSE:ACI,EQ,8172.15,3.22,3.84,681.5,3.71,7.80,26.12,-4.54,-9.83,3.22,7.9,15.28,-4.97,-6.12,1.0267422806397761,64
03-09-2025,NSE:CEATLTD,EQ,12668.97,1.19,2.98,3295.6,2.00,-9.87,21.73,6.60,15.26,1.51,-9.77,10.89,6.17,18.97,1.0262412112027814,64
03-09-2025,NSE:ARVINDFASN,EQ,6913.92,2.64,3.09,530.35,-5.62,11.63,27.27,-7.29,-1.87,-6.11,11.73,16.43,-7.72,1.84,1.0262238982639276,64
03-09-2025,NSE:SCI,EQ,9836.28,15.83,2.88,221.05,4.73,5.38,31.36,-6.25,-20.81,4.24,5.48,20.52,-6.68,-17.1,1.0261585323744655,64
03-09-2025,NSE:SRF,EQ,84540.36,4.1,2.2,2945.2,-1.36,-3.45,3.10,23.10,13.75,-1.85,-3.35,-7.74,22.67,17.46,1.0261146839273,64
03-09-2025,NSE:VIPIND,EQ,5964.83,4.01,3.53,433.95,-3.38,17.42,27.30,-18.64,-10.24,-3.87,17.52,16.46,-19.07,-6.53,1.0253644803639026,64
03-09-2025,NSE:AGARWALEYE,EQ,13626.43,3.2,4.75,424.95,-6.33,18.70,4.19,5.40,5.40,-6.82,18.8,-6.65,4.97,9.11,1.025348324863952,64
03-09-2025,NSE:RAINBOW,EQ,15165.83,1.02,2.19,1506.9,-1.31,7.62,13.83,-5.47,17.76,-1.8,7.72,2.99,-5.9,21.47,1.0253435394286816,64
03-09-2025,NSE:ITI,EQ,27385.28,14.57,3.6,312.6,8.56,-5.65,17.15,8.31,4.13,8.07,-5.55,6.31,7.88,7.84,1.0252253044815092,63
03-09-2025,NSE:ZEELEARN,BE,311.04,4.25,5.11,9.32,-14.70,3.33,27.68,10.84,2.25,-15.19,3.43,16.84,10.41,5.96,1.0250841349627045,63
03-09-2025,NSE:ARKADE,EQ,3211.05,9.31,3.25,178.7,-3.69,-3.54,21.00,16.92,2.07,-4.18,-3.44,10.16,16.49,5.78,1.024880644720208,63
03-09-2025,NSE:CAPLIPOINT,EQ,15931.29,1.58,4.04,2153.2,7.67,-0.26,10.73,-2.00,16.66,7.18,-0.16,-0.11,-2.43,20.37,1.0248002320067402,63
03-09-2025,NSE:PSPPROJECT,EQ,2709.91,1.79,3.58,720.95,-5.10,11.28,12.62,6.96,5.82,-5.59,11.38,1.78,6.53,9.53,1.024581793140007,63
03-09-2025,NSE:NIVABUPA,EQ,15125.61,21.5,2.54,84.05,3.02,1.28,12.29,10.30,7.03,2.53,1.38,1.45,9.87,10.74,1.024457644484419,63
03-09-2025,NSE:BAJAJFINSV,EQ,306141.01,10.31,1.54,1955.1,1.98,-0.05,1.51,19.19,10.20,1.49,0.05,-9.33,18.76,13.91,1.0240608618064424,63
03-09-2025,NSE:ZUARIIND,EQ,924.41,4.31,6.6,316.85,8.05,9.97,18.79,-3.44,-14.42,7.56,10.07,7.95,-3.87,-10.71,1.0236333641811466,63
03-09-2025,NSE:SPLPETRO,EQ,14385.16,1.45,4.06,771.9,-7.53,7.25,27.23,7.46,-12.40,-8.02,7.35,16.39,7.03,-8.69,1.0234972748283973,63
03-09-2025,NSE:HERITGFOOD,EQ,4279.29,2.59,2.93,488.2,2.59,8.62,22.45,-0.16,-12.31,2.1,8.72,11.61,-0.59,-8.6,1.0230511787440708,63
03-09-2025,NSE:CHAMBLFERT,EQ,21715.26,19.99,3.31,569.3,8.96,1.76,-0.96,9.49,10.61,8.47,1.86,-11.8,9.06,14.32,1.0227420031213141,63
03-09-2025,NSE:PENINLAND,EQ,1122.02,9.1,5.37,35.75,4.08,21.96,33.87,-38.38,-64.45,3.59,22.06,23.03,-38.81,-60.74,1.0226229381580678,63
03-09-2025,NSE:BDL,EQ,52785,18.23,3.38,1460.1,-7.20,-33.37,30.32,21.24,11.06,-7.69,-33.27,19.48,20.81,14.77,1.0222900280518885,63
03-09-2025,NSE:JIOFIN,EQ,197773.3,113.9,1.93,311.8,-5.68,6.88,28.90,-5.31,-4.44,-6.17,6.98,18.06,-5.74,-0.73,1.0214575110801454,62
03-09-2025,NSE:MPHASIS,EQ,52916.87,3.81,2.52,2855.8,3.45,12.34,16.79,-4.16,-8.67,2.96,12.44,5.95,-4.59,-4.96,1.0212156042843488,62
03-09-2025,NSE:KEI,EQ,36329.1,2.09,2.46,3981.4,4.15,8.86,24.67,-8.34,-14.27,3.66,8.96,13.83,-8.77,-10.56,1.0211052276279649,62
03-09-2025,NSE:SSWL,EQ,3395.1,2.27,2.78,225.91,4.02,-9.02,22.23,10.24,0.06,3.53,-8.92,11.39,9.81,3.77,1.0209191240614135,62
03-09-2025,NSE:INTELLECT,EQ,13557.31,3.83,3.68,956.1,-2.70,-24.89,26.57,25.01,-3.92,-3.19,-24.79,15.73,24.58,-0.21,1.0207915198600792,62
03-09-2025,NSE:RAYMOND,EQ,4014.4,4.65,3.22,616.25,-6.60,0.19,26.49,11.20,-7.58,-7.09,0.29,15.65,10.77,-3.87,1.020743021743961,62
03-09-2025,NSE:PIDILITIND,EQ,155042.34,3.85,1.65,3122,8.43,0.86,14.25,1.79,1.32,7.94,0.96,3.41,1.36,5.03,1.0207013029311718,62
03-09-2025,NSE:WAAREERTL,EQ,10633.15,2.06,2.77,1024.6,-1.92,-6.56,13.63,13.63,13.63,-2.41,-6.46,2.79,13.2,17.34,1.0203864119362132,62
03-09-2025,NSE:IDFCFIRSTB,EQ,49947.7,148.47,1.95,69.94,3.37,3.50,15.33,8.38,-4.70,2.88,3.6,4.49,7.95,-0.99,1.020361350126718,62
03-09-2025,NSE:SAMMAANCAP,EQ,10288.21,160.18,4.32,140.45,10.46,12.07,20.09,-19.52,-15.76,9.97,12.17,9.25,-19.95,-12.05,1.0202360167618156,62
03-09-2025,NSE:JKPAPER,EQ,6345.81,16.99,3.52,386.7,9.61,4.06,26.29,-9.49,-21.01,9.12,4.16,15.45,-9.92,-17.3,1.0201596818103484,62
03-09-2025,NSE:JSFB,EQ,5184.52,2.11,3.2,490,6.10,2.47,13.83,15.92,-20.86,5.61,2.57,2.99,15.49,-17.15,1.0199404901291695,62
03-09-2025,NSE:VENTIVE,EQ,16524.24,1.04,3.65,741.45,-3.06,0.77,22.74,3.43,3.43,-3.55,0.87,11.9,3,7.14,1.0197761277481103,61
03-09-2025,NSE:MOIL,EQ,6721.12,6.21,2.75,360.8,6.86,-2.08,15.90,12.49,-10.31,6.37,-1.98,5.06,12.06,-6.6,1.0196649225936179,61
03-09-2025,NSE:VISHNU,EQ,3316.62,1.79,3.49,487.3,-10.91,-8.80,15.67,18.14,16.96,-11.4,-8.7,4.83,17.71,20.67,1.0195532023172507,61
03-09-2025,NSE:CIPLA,EQ,128190.57,13.75,1.75,1589.2,5.44,7.38,9.32,3.48,-1.85,4.95,7.48,-1.52,3.05,1.86,1.0189312810542268,61
03-09-2025,NSE:BIKAJI,EQ,19796.82,3.36,2.88,790,4.47,3.71,20.49,-1.61,-5.53,3.98,3.81,9.65,-2.04,-1.82,1.0188996369381866,61
03-09-2025,NSE:SAIL,EQ,49029.34,79.33,2.28,128.12,6.24,-2.90,17.28,8.59,-4.78,5.75,-2.8,6.44,8.16,-1.07,1.0188882911692556,61
03-09-2025,NSE:INDHOTEL,EQ,108145.26,24.53,2.09,779,4.86,1.06,7.02,-1.84,16.78,4.37,1.16,-3.82,-2.27,20.49,1.0188611391936682,61
03-09-2025,NSE:MANKIND,EQ,102121.47,5.35,2.58,2571.9,0.22,8.79,10.80,0.42,5.67,-0.27,8.89,-0.04,-0.01,9.38,1.0187850676550076,61
03-09-2025,NSE:GSFC,EQ,7879.89,24.59,3.22,218.5,8.50,2.89,17.84,-2.58,-6.37,8.01,2.99,7,-3.01,-2.66,1.018645066057981,61
03-09-2025,NSE:LOWVOLIETF,EQ,3764.15,12.16,2.23,22.45,3.65,4.81,10.60,6.10,0.09,3.16,4.91,-0.24,5.67,3.8,1.0181919539529394,61
03-09-2025,NSE:VIRINCHI,BE,285.36,1.3,5.3,28.51,3.54,17.01,13.68,-4.14,-22.03,3.05,17.11,2.84,-4.57,-18.32,1.018071892541911,61
03-09-2025,NSE:ZYDUSLIFE,EQ,98912.8,10.58,2.33,1009.85,6.02,7.76,12.22,4.35,-12.10,5.53,7.86,1.38,3.92,-8.39,1.0175947403817274,61
03-09-2025,NSE:ASIANPAINT,EQ,241717.84,13.09,1.82,2557,4.93,12.05,13.43,3.03,-21.86,4.44,12.15,2.59,2.6,-18.15,1.017461415615549,60
03-09-2025,NSE:POLICYBZR,EQ,81747.8,10.58,2.83,1840.1,3.22,-0.07,18.44,-2.92,6.17,2.73,0.03,7.6,-3.35,9.88,1.017309779177258,60
03-09-2025,NSE:IFGLEXPOR,EQ,1716.19,1.81,6.05,248.98,4.32,-3.74,30.18,4.03,-28.18,3.83,-3.64,19.34,3.6,-24.47,1.0171476110671336,60
03-09-2025,NSE:AARTIDRUGS,EQ,4280.56,1.52,3.51,489.55,0.02,3.25,24.43,5.87,-19.35,-0.47,3.35,13.59,5.44,-15.64,1.01682479612573,60
03-09-2025,NSE:BPCL,EQ,133862.35,55.24,2.3,316,-0.59,1.41,22.55,7.56,-12.80,-1.08,1.51,11.71,7.13,-9.09,1.016202398250505,60
03-09-2025,NSE:EMAMIPAP,EQ,616.79,1.78,5.27,105.31,9.27,7.12,16.80,1.19,-27.34,8.78,7.22,5.96,0.76,-23.63,1.015993735861836,60
03-09-2025,NSE:SHANTIGOLD,EQ,1582.94,28.98,5.4,239.39,4.18,4.95,4.95,4.95,4.95,3.69,5.05,-5.89,4.52,8.66,1.0159927134081108,60
03-09-2025,NSE:THOMASCOOK,EQ,8373.24,14.91,3.78,179.35,10.55,1.73,29.05,-16.23,-26.48,10.06,1.83,18.21,-16.66,-22.77,1.0158858274773637,60
03-09-2025,NSE:BRIGHOTEL,EQ,3300.83,20.46,4.29,85.94,1.91,5.63,5.63,5.63,5.63,1.42,5.73,-5.21,5.2,9.34,1.0158385275412347,60
03-09-2025,NSE:DIGISPICE,EQ,601.87,4.1,7.34,24.89,12.49,15.83,11.25,-7.31,-41.02,12,15.93,0.41,-7.74,-37.31,1.0156980648670209,60
03-09-2025,NSE:VIJAYA,EQ,10385.49,1.96,2.8,1059.7,-2.23,9.01,8.58,-10.09,15.83,-2.72,9.11,-2.26,-10.52,19.54,1.014995770275352,60
03-09-2025,NSE:FSL,EQ,24481.8,11.05,3.32,368,7.88,-3.49,3.06,0.35,16.07,7.39,-3.39,-7.78,-0.08,19.78,1.0149437874683718,60
03-09-2025,NSE:MCLOUD,EQ,4581.66,55.99,5.47,78.8,-6.37,0.42,24.81,1.14,1.14,-6.86,0.52,13.97,0.71,4.85,1.0148240328669655,60
03-09-2025,NSE:GOCLCORP,EQ,1764.53,1.95,4.7,362.7,3.45,13.83,19.89,-5.98,-31.44,2.96,13.93,9.05,-6.41,-27.73,1.0144050260458086,59
03-09-2025,NSE:NMDC,EQ,60531.66,180.42,2.2,74.34,5.22,5.37,12.31,-3.16,-0.40,4.73,5.47,1.47,-3.59,3.31,1.0143122030865437,59
03-09-2025,NSE:PCJEWELLER,EQ,8613.74,474.57,4.13,13.44,-11.68,11.31,17.49,-21.86,18.94,-12.17,11.41,6.65,-22.29,22.65,1.0142788305795545,59
03-09-2025,NSE:KSB,EQ,14428.72,5.02,3.83,837.4,-0.62,-2.82,27.33,0.64,-8.99,-1.11,-2.72,16.49,0.21,-5.28,1.0141174230562608,59
03-09-2025,NSE:BIRLAMONEY,EQ,1010.5,1.36,3.97,179.41,4.24,-10.80,15.03,4.38,11.49,3.75,-10.7,4.19,3.95,15.2,1.0136251642036507,59
03-09-2025,NSE:GMRAIRPORT,EQ,91176.76,78.91,1.96,87.12,-2.64,3.59,20.47,4.49,-8.02,-3.13,3.69,9.63,4.06,-4.31,1.0135471771951712,59
03-09-2025,NSE:LLOYDSENGG,EQ,7360.59,32.62,3.81,65.4,-5.52,7.68,22.35,-2.63,-6.74,-6.01,7.78,11.51,-3.06,-3.03,1.013112541778664,59
03-09-2025,NSE:NAZARA,EQ,10687.92,27.65,4.48,1144.9,-16.99,-8.95,19.76,12.58,17.77,-17.48,-8.85,8.92,12.15,21.48,1.0129695617626095,59
03-09-2025,NSE:GRAPHITE,EQ,9964.16,3.43,2.29,527.05,-0.04,-8.18,25.21,1.05,0.97,-0.53,-8.08,14.37,0.62,4.68,1.012710461803048,59
03-09-2025,NSE:DEVYANI,EQ,21454.19,43.49,3.32,175.17,7.82,3.91,1.03,5.67,-0.46,7.33,4.01,-9.81,5.24,3.25,1.0125848887351292,59
03-09-2025,NSE:GROWWEV,EQ,271.47,2.61,2.5,30.6,5.88,4.87,13.86,0.13,-10.85,5.39,4.97,3.02,-0.3,-7.14,1.0121185483061328,59
03-09-2025,NSE:IIFLCAPS,EQ,9159.84,3.69,4.28,304,-2.70,-8.63,25.30,-7.35,12.38,-3.19,-8.53,14.46,-7.78,16.09,1.0120700524431976,59
03-09-2025,NSE:APLAPOLLO,EQ,44421.76,4.98,2.35,1665.3,4.28,-13.76,13.63,8.94,9.73,3.79,-13.66,2.79,8.51,13.44,1.012013493114333,58
03-09-2025,NSE:CANBK,EQ,94198.71,150.94,1.88,107.75,1.73,-8.88,22.54,5.33,-2.35,1.24,-8.78,11.7,4.9,1.36,1.011731151518012,58
03-09-2025,NSE:WELCORP,EQ,22107.39,3.57,2.62,852.3,-5.30,-6.94,11.13,9.10,16.94,-5.79,-6.84,0.29,8.67,20.65,1.0116832685468864,58
03-09-2025,NSE:RELINFRA,BE,10832.81,18.68,4.93,291,-7.11,-30.79,23.38,4.09,27.06,-7.6,-30.69,12.54,3.66,30.77,1.0116007380083425,58
03-09-2025,NSE:MEDPLUS,EQ,10113.03,2.37,3.37,840.85,-8.85,-8.18,14.23,6.92,20.09,-9.34,-8.08,3.39,6.49,23.8,1.0113339249498905,58
03-09-2025,NSE:PRESTIGE,EQ,67275.75,6.35,2.67,1572.1,-1.55,-0.60,27.83,-4.99,-9.76,-2.04,-0.5,16.99,-5.42,-6.05,1.0113223530149151,58
03-09-2025,NSE:MOSCHIP,EQ,3251.07,19.96,4.25,187.31,9.96,1.87,15.77,-8.64,-8.64,9.47,1.97,4.93,-9.07,-4.93,1.0107309763803833,58
03-09-2025,NSE:SARVESHWAR,EQ,722.37,59.68,5.84,7.7,4.68,9.24,19.47,-20.60,-7.78,4.19,9.34,8.63,-21.03,-4.07,1.010729711133399,58
03-09-2025,NSE:EXIDEIND,EQ,33634.5,40.44,2.38,417.5,9.16,6.85,15.09,-8.41,-17.41,8.67,6.95,4.25,-8.84,-13.7,1.0105149608853998,58
03-09-2025,NSE:KROSS,EQ,1219.87,39.85,4.73,199.59,13.77,4.19,16.04,-13.14,-20.25,13.28,4.29,5.2,-13.57,-16.54,1.0104359556387086,58
03-09-2025,NSE:ALKEM,EQ,63411.3,1.96,2.21,5290,7.39,7.97,12.81,-6.66,-13.41,6.9,8.07,1.97,-7.09,-9.7,1.0103931270275193,58
03-09-2025,NSE:AMBUJACEM,EQ,138723.11,15.77,1.84,573.5,-6.01,3.67,18.08,7.32,-6.80,-6.5,3.77,7.24,6.89,-3.09,1.0102092789751442,58
03-09-2025,NSE:20MICRONS,EQ,811.66,1.13,3.32,233.16,-1.07,6.69,26.31,-0.17,-35.42,-1.56,6.79,15.47,-0.6,-31.71,1.0101929968147896,57
03-09-2025,NSE:PTC,EQ,5172.75,10.98,2.89,179.51,-0.58,3.15,21.41,3.26,-17.53,-1.07,3.25,10.57,2.83,-13.82,1.0100284378187436,57
03-09-2025,NSE:NIACL,EQ,30908.24,37.88,3.56,195.71,3.56,5.12,22.64,0.66,-33.87,3.07,5.22,11.8,0.23,-30.16,1.0096528245749814,57
03-09-2025,NSE:ICICIBANK,EQ,996963.66,77.07,1.09,1391.7,-5.74,-2.82,12.16,6.58,12.20,-6.23,-2.72,1.32,6.15,15.91,1.009564341513186,57
03-09-2025,NSE:TIRUPATIFL,EQ,471.04,2.03,6.39,38.37,-0.83,5.50,5.39,-22.44,23.53,-1.32,5.6,-5.45,-22.87,27.24,1.0093605877374217,57
03-09-2025,NSE:SHREEPUSHK,EQ,1017.99,1.99,5.67,327.55,-17.26,-0.26,6.95,8.23,23.15,-17.75,-0.16,-3.89,7.8,26.86,1.0093228913885122,57
03-09-2025,NSE:GODREJCP,EQ,127638.77,13.22,2.62,1279.8,1.04,4.11,17.85,2.75,-15.39,0.55,4.21,7.01,2.32,-11.68,1.0092344178619002,57
03-09-2025,NSE:HONASA,EQ,9526.25,15.75,3.61,301,9.80,-5.81,25.61,12.31,-70.50,9.31,-5.71,14.77,11.88,-66.79,1.0091904869833783,57
03-09-2025,NSE:GOPAL,EQ,4611.03,1.54,3.89,362,0.28,1.88,21.53,-22.15,8.55,-0.21,1.98,10.69,-22.58,12.26,1.008981133832604,57
03-09-2025,NSE:CANTABIL,EQ,2082.59,1.18,3.47,258.3,-1.22,1.64,3.76,11.21,3.39,-1.71,1.74,-7.08,10.78,7.1,1.008753291524446,57
03-09-2025,NSE:PRECWIRE,EQ,3042.55,1.28,3.15,177.54,1.32,-4.35,24.00,-3.98,-4.37,0.83,-4.25,13.16,-4.41,-0.66,1.0087018196492823,57
03-09-2025,NSE:BFSI,EQ,412.11,2.23,2.3,26.44,-3.29,-2.08,10.02,7.03,8.70,-3.78,-1.98,-0.82,6.6,12.41,1.008079991495611,57
03-09-2025,NSE:BIOCON,EQ,46439.43,27.67,2.84,361.5,-5.98,6.94,13.73,-1.01,1.67,-6.47,7.04,2.89,-1.44,5.38,1.00771056446787,57
03-09-2025,NSE:MIDCAPETF,EQ,1113.38,20.12,3.54,21.62,0.79,0.00,14.62,2.04,-1.85,0.3,0.1,3.78,1.61,1.86,1.0075247572415393,56
03-09-2025,NSE:AVTNPL,EQ,1096.6,2.32,4.02,74.05,-2.46,13.02,19.54,-7.16,-24.36,-2.95,13.12,8.7,-7.59,-20.65,1.0075244549915465,56
03-09-2025,NSE:IDBI,EQ,92363.13,81.53,3.17,90.23,0.04,-11.23,21.29,9.13,-4.91,-0.45,-11.13,10.45,8.7,-1.2,1.007490508348413,56
03-09-2025,NSE:TATAINVEST,EQ,34457.78,1,1.96,6829,0.68,3.03,12.55,2.72,-4.76,0.19,3.13,1.71,2.29,-1.05,1.0074641120097363,56
03-09-2025,NSE:JSWINFRA,EQ,62464.55,7.78,1.94,306.2,0.70,4.34,15.30,-1.75,-6.38,0.21,4.44,4.46,-2.18,-2.67,1.0074634594910006,56
03-09-2025,NSE:GODIGIT,EQ,32961.7,6.79,3.3,352.45,-3.60,4.95,14.78,2.74,-5.02,-4.09,5.05,3.94,2.31,-1.31,1.0073207768467032,56
03-09-2025,NSE:HAL,EQ,290448.98,13.16,2.21,4441.9,0.07,-11.66,27.00,-0.79,-3.60,-0.42,-11.56,16.16,-1.22,0.11,1.007210028993898,56
03-09-2025,NSE:AZAD,EQ,9868.09,1.99,2.92,1604.9,9.60,-13.17,20.19,-7.77,1.87,9.11,-13.07,9.35,-8.2,5.58,1.0070893743562948,56
03-09-2025,NSE:MIDCAPIETF,EQ,490.49,6.61,2.31,21.89,0.64,0.00,14.62,1.87,-2.01,0.15,0.1,3.78,1.44,1.7,1.0070824983640858,56
03-09-2025,NSE:AXISBPSETF,EQ,1107.12,5.95,1.33,12.86,0.47,1.32,3.27,5.29,6.77,-0.02,1.42,-7.57,4.86,10.48,1.0066498798116144,56
03-09-2025,NSE:TATACONSUM,EQ,105046.28,7.9,1.89,1100,2.69,-2.22,8.36,12.85,-8.95,2.2,-2.12,-2.48,12.42,-5.24,1.0065794731528213,56
03-09-2025,NSE:MID150BEES,EQ,2554.9,6,2.1,218.9,0.55,-0.03,14.55,1.64,-2.15,0.06,0.07,3.71,1.21,1.56,1.0065453697076454,56
03-09-2025,NSE:PSUBNKBEES,EQ,2878.86,17.12,2.76,76.84,1.46,-2.98,15.89,1.57,-1.07,0.97,-2.88,5.05,1.14,2.64,1.006479704255967,55
03-09-2025,NSE:CDSL,EQ,29855.65,22.4,2.63,1516.5,2.49,-12.19,23.92,-8.11,5.61,2,-12.09,13.08,-8.54,9.32,1.0061292970183686,55
03-09-2025,NSE:AGI,EQ,5745.13,1.3,3.35,880.4,-7.52,4.46,25.54,-8.96,-7.11,-8.01,4.56,14.7,-9.39,-3.4,1.0060349575988945,55
03-09-2025,NSE:GILT5YBEES,EQ,296.12,2.66,0.34,62.4,-0.48,-0.22,4.37,6.19,7.39,-0.97,-0.12,-6.47,5.76,11.1,1.0059917242559753,55
03-09-2025,NSE:MODISONLTD,EQ,506.87,1.39,4.69,163.45,-2.25,-0.64,21.52,-3.53,-3.68,-2.74,-0.54,10.68,-3.96,0.03,1.0059104822234115,55
03-09-2025,NSE:DRREDDY,EQ,104787.97,14.77,1.98,1265.2,3.53,1.05,11.04,4.97,-9.57,3.04,1.15,0.2,4.54,-5.86,1.0058960763953582,55
03-09-2025,NSE:ADANIPORTS,EQ,283626.24,21.8,2.18,1336,-0.83,-7.50,19.24,10.92,-10.48,-1.32,-7.4,8.4,10.49,-6.77,1.005825606432483,55
03-09-2025,NSE:SURYAROSNI,EQ,6180.86,5.66,4.72,305.3,-4.41,-9.09,25.73,6.40,-8.68,-4.9,-8.99,14.89,5.97,-4.97,1.0057344497363137,55
03-09-2025,NSE:MOM100,EQ,657.3,3.32,1.99,61.55,1.01,-0.99,14.39,1.80,-2.53,0.52,-0.89,3.55,1.37,1.18,1.0056288963193982,55
03-09-2025,NSE:PRSMJOHNSN,EQ,7384.24,1.99,2.93,151.81,0.77,9.37,21.36,-24.14,-8.97,0.28,9.47,10.52,-24.57,-5.26,1.0055803268721333,55
03-09-2025,NSE:HERANBA,EQ,1400.47,1.46,5.25,353.5,-5.15,15.70,31.58,-33.64,-39.18,-5.64,15.8,20.74,-34.07,-35.47,1.0055360075013482,55
03-09-2025,NSE:HDFCBANK,EQ,1463857.94,154.12,1.25,943.25,-6.66,-2.90,9.85,4.79,13.14,-7.15,-2.8,-0.99,4.36,16.85,1.0051058931060048,55
03-09-2025,NSE:CANFINHOME,EQ,9639.69,2.05,2.44,764.85,3.20,-2.30,24.85,-7.73,-15.43,2.71,-2.2,14.01,-8.16,-11.72,1.0050734348605914,54
03-09-2025,NSE:RCF,EQ,8220.15,26.42,3.42,160.25,7.64,0.21,23.54,-11.73,-24.16,7.15,0.31,12.7,-12.16,-20.45,1.0048939786768656,54
03-09-2025,NSE:HEIDELBERG,EQ,4655.77,1.71,2.25,212.71,0.90,9.29,7.37,-2.26,-7.59,0.41,9.39,-3.47,-2.69,-3.88,1.0048083325649055,54
03-09-2025,NSE:BLUEJET,EQ,11566.67,5.03,3.68,705,-12.95,-28.81,-11.81,26.33,31.13,-13.44,-28.71,-22.65,25.9,34.84,1.0047589693355163,54
03-09-2025,NSE:DABUR,EQ,92506.81,29.33,2.26,543.65,1.71,9.53,7.43,3.04,-18.49,1.22,9.63,-3.41,2.61,-14.78,1.0045286399287614,54
03-09-2025,NSE:LIQUID1,EQ,1390.38,4.35,0.14,1066.8,0.44,1.27,2.77,4.23,5.76,-0.05,1.37,-8.07,3.8,9.47,1.0042152044772912,54
03-09-2025,NSE:KIRLOSENG,EQ,13030.8,5.79,3.7,893.9,2.42,2.09,35.33,-25.49,-43.48,1.93,2.19,24.49,-25.92,-39.77,1.0041945235361278,54
03-09-2025,NSE:NESTLEIND,EQ,222566.04,13.49,2.21,1195.6,4.80,-0.26,4.73,6.55,-4.74,4.31,-0.16,-6.11,6.12,-1.03,1.0041751622254393,54
03-09-2025,NSE:LIQUIDCASE,EQ,5418.94,91.18,1.65,110.26,0.44,1.27,2.73,4.16,5.66,-0.05,1.37,-8.11,3.73,9.37,1.0040408788683228,54
03-09-2025,NSE:SBIN,EQ,740664.76,68.9,1.14,810,1.98,0.43,13.10,-3.57,-0.56,1.49,0.53,2.26,-4,3.15,1.0039485972369837,54
03-09-2025,NSE:LIQUIDADD,EQ,2286.99,5.54,1.02,1088.99,0.43,1.24,2.71,4.14,5.63,-0.06,1.34,-8.13,3.71,9.34,1.0039255777477356,54
03-09-2025,NSE:EUREKAFORB,EQ,10927.31,1.89,3.21,578.25,1.03,-8.96,13.81,-5.58,13.63,0.54,-8.86,2.97,-6.01,17.34,1.0033889357181283,54
03-09-2025,NSE:UTINIFTETF,EQ,62783.97,1.05,1.35,270.66,0.26,0.58,9.24,3.08,-0.74,-0.23,0.68,-1.6,2.65,2.97,1.0033369326509265,54
03-09-2025,NSE:BSLNIFTY,EQ,2992.39,4.74,2.4,28.58,0.24,0.63,9.13,3.15,-0.77,-0.25,0.73,-1.71,2.72,2.94,1.0033027527788463,53
03-09-2025,NSE:LTGILTBEES,EQ,2882.09,36.34,0.97,28.63,-0.87,-1.08,3.67,5.62,7.33,-1.36,-0.98,-7.17,5.19,11.04,1.0031991836830048,53
03-09-2025,NSE:NIFTYBEES,EQ,49456.77,37.98,1.06,278.07,0.26,0.58,9.17,2.95,-0.73,-0.23,0.68,-1.67,2.52,2.98,1.0031413544691028,53
03-09-2025,NSE:DIVISLAB,EQ,161803.1,4.63,2.32,6149,-3.46,-7.63,8.67,-0.39,18.48,-3.95,-7.53,-2.17,-0.82,22.19,1.003081644681806,53
03-09-2025,NSE:IDEAFORGE,EQ,2108.94,6.69,5.28,514.7,15.90,-14.19,27.28,-11.31,-37.01,15.41,-14.09,16.44,-11.74,-33.3,1.0029141896338643,53
03-09-2025,NSE:LIQUIDBETF,EQ,896.7,2.96,0.02,1046.24,0.43,1.23,2.69,4.12,4.42,-0.06,1.33,-8.15,3.69,8.13,1.0028968064779868,53
03-09-2025,NSE:SETFNIF50,EQ,70031.99,4.3,1.84,262.7,0.20,0.53,9.10,2.94,-0.80,-0.29,0.63,-1.74,2.51,2.91,1.0028796537325109,53
03-09-2025,NSE:NIFTYIETF,EQ,31508.59,5.65,2.29,276.45,0.21,0.54,9.06,2.92,-0.78,-0.28,0.64,-1.78,2.49,2.93,1.0028618008275316,53
03-09-2025,NSE:NIFTYETF,EQ,4481.02,1.46,1.34,265.39,0.31,0.64,9.07,2.91,-1.13,-0.18,0.74,-1.77,2.48,2.58,1.0028450460157137,53
03-09-2025,NSE:YESBANK,EQ,60041.28,749.73,2.04,20.29,8.33,-4.19,14.44,1.63,-16.95,7.84,-4.09,3.6,1.2,-13.24,1.002815973059403,53
03-09-2025,NSE:NCLIND,EQ,956.9,1.07,2.43,216.61,1.04,1.59,11.07,-1.46,-1.92,0.55,1.69,0.23,-1.89,1.79,1.002690447747178,53
03-09-2025,NSE:COCHINSHIP,EQ,42471.76,7.34,3.24,1739.2,1.18,-19.98,25.54,9.31,-12.40,0.69,-19.88,14.7,8.88,-8.69,1.0025418973256124,53
03-09-2025,NSE:JUBLINGREA,EQ,11531.95,1.99,2.34,730.85,-3.22,-0.07,11.28,-7.36,11.99,-3.71,0.03,0.44,-7.79,15.7,1.0025044911228487,52
03-09-2025,NSE:TOLINS,EQ,604.49,1.69,5,161.29,8.20,12.44,24.44,-37.70,-41.36,7.71,12.54,13.6,-38.13,-37.65,1.0024616135022095,52
03-09-2025,NSE:MAHLOG,EQ,3142.54,1.7,2.95,322.9,-1.41,7.56,25.81,-8.24,-39.18,-1.9,7.66,14.97,-8.67,-35.47,1.0022980541681044,52
03-09-2025,NSE:EBGNG,EQ,3904.89,15.33,5.3,350.9,10.94,-1.17,-1.17,-1.17,-1.17,10.45,-1.07,-12.01,-1.6,2.54,1.0021766496030469,52
03-09-2025,NSE:APTUS,EQ,15921.38,9.46,2.81,324.75,-4.23,5.25,7.61,1.46,0.72,-4.72,5.35,-3.23,1.03,4.43,1.0020461077292655,52
03-09-2025,NSE:NIFTY1,EQ,3192.55,2.05,2.58,270.4,-0.18,0.37,8.97,2.72,-0.84,-0.67,0.47,-1.87,2.29,2.87,1.001824716669976,52
03-09-2025,NSE:BANKIETF,EQ,2932.87,2.21,1.63,55.05,-3.36,-2.74,9.94,3.71,5.87,-3.85,-2.64,-0.9,3.28,9.58,1.0014484712361644,52
03-09-2025,NSE:BANKBEES,EQ,7301.96,4.38,1.04,555.3,-3.32,-2.80,9.96,3.91,5.49,-3.81,-2.7,-0.88,3.48,9.2,1.0013326430221101,52
03-09-2025,NSE:LIQUIDPLUS,EQ,318.7,1.08,0.18,1048.66,0.44,1.27,2.76,4.21,2.16,-0.05,1.37,-8.08,3.78,5.87,1.0013010142713759,52
03-09-2025,NSE:CONNPLEX,ST,370.54,4.78,6.18,198.95,1.99,1.99,1.99,1.99,1.99,1.5,2.09,-8.85,1.56,5.7,1.0012837279468108,52
03-09-2025,NSE:HDFCSML250,EQ,1320.89,8.95,2.17,170.9,0.59,-0.41,16.52,-3.91,-6.52,0.1,-0.31,5.68,-4.34,-2.81,1.0008213376308632,52
03-09-2025,NSE:BSE500IETF,EQ,307.38,2.52,2.51,38.45,0.29,0.23,11.03,0.62,-3.36,-0.2,0.33,0.19,0.19,0.35,1.0007717508943084,52
03-09-2025,NSE:TARACHAND,EQ,559.58,1.01,4.22,70.78,-6.41,20.30,12.81,-19.43,-21.77,-6.9,20.4,1.97,-19.86,-18.06,1.0006871467786729,51
03-09-2025,NSE:KPRMILL,EQ,33699.44,3.61,3.44,991.85,-7.60,-14.32,17.61,1.32,15.82,-8.09,-14.22,6.77,0.89,19.53,1.0006431165338052,51
03-09-2025,NSE:WESTLIFE,EQ,11145.66,1.73,3.41,739.25,2.67,9.93,4.44,-2.48,-14.88,2.18,10.03,-6.4,-2.91,-11.17,1.0006008916123976,51
03-09-2025,NSE:UTIBANKETF,EQ,3537.15,1.5,2.04,55.46,-3.14,-2.74,9.07,3.66,5.66,-3.63,-2.64,-1.77,3.23,9.37,1.000577841094967,51
03-09-2025,NSE:VESUVIUS,EQ,10223.14,1.32,3.41,524,2.06,-15.62,21.28,-2.56,2.83,1.57,-15.52,10.44,-2.99,6.54,1.0005559858228905,51
03-09-2025,NSE:SIEMENS,EQ,109015.61,4.44,2.78,3214.4,5.94,-2.95,24.28,-22.16,-10.98,5.45,-2.85,13.44,-22.59,-7.27,1.0002331475310788,51
03-09-2025,NSE:VRLLOG,EQ,4635.83,2.76,3.57,277.4,-8.26,-2.74,15.70,2.17,4.61,-8.75,-2.64,4.86,1.74,8.32,1.0001563388530785,51
03-09-2025,NSE:ABSLBANETF,EQ,2556.82,1.57,2.04,54.77,-3.40,-3.07,9.57,3.71,5.24,-3.89,-2.97,-1.27,3.28,8.95,1.000112513085983,51
03-09-2025,NSE:SEQUENT,EQ,4230.91,5.13,3.33,177.33,4.92,-8.44,14.78,-14.66,9.87,4.43,-8.34,3.94,-15.09,13.58,1.0001024395338893,51
03-09-2025,NSE:SAPPHIRE,EQ,10469.05,2.18,3.6,323.45,1.17,2.12,4.92,-0.85,1.10,0.68,2.22,-5.92,-1.28,4.81,0.9999782272009681,51
03-09-2025,NSE:RTNPOWER,EQ,6632.08,253.24,3.27,12.22,-4.91,9.08,23.40,-8.92,-30.36,-5.4,9.18,12.56,-9.35,-26.65,0.9999095786175759,51
03-09-2025,NSE:TNPL,EQ,1109.45,5.68,3.56,164.99,5.42,0.10,22.60,-3.75,-38.71,4.93,0.2,11.76,-4.18,-35,0.9999086436262818,51
03-09-2025,NSE:TANLA,EQ,8214.98,12.27,3.38,638.1,3.32,1.85,27.93,-9.94,-46.93,2.83,1.95,17.09,-10.37,-43.22,0.9998545809389261,51
03-09-2025,NSE:FMCGIETF,EQ,640.18,7.76,1.7,60.94,1.71,2.36,9.60,-0.07,-8.58,1.22,2.46,-1.24,-0.5,-4.87,0.9996715641656048,50
03-09-2025,NSE:BALUFORGE,BE,6868.43,1.19,3.75,655,4.84,-6.98,25.44,-13.63,-13.95,4.35,-6.88,14.6,-14.06,-10.24,0.9995540513032538,50
03-09-2025,NSE:CASHIETF,EQ,717.48,2.19,0.24,1026.3,0.43,1.26,2.42,2.42,2.42,-0.06,1.36,-8.42,1.99,6.13,0.9995002639597397,50
03-09-2025,NSE:LATENTVIEW,EQ,8548.12,3.13,2.95,425,5.49,3.44,10.79,-5.39,-14.96,5,3.54,-0.05,-5.82,-11.25,0.9992324136812243,50
03-09-2025,NSE:ELLEN,EQ,7300.46,4.34,4.25,511.1,-10.02,4.91,4.91,4.91,4.91,-10.51,5.01,-5.93,4.48,8.62,0.9991597435672439,50
03-09-2025,NSE:BALRAMCHIN,EQ,10820.82,5.29,3.38,560,-0.56,-6.37,20.18,-4.48,-3.36,-1.05,-6.27,9.34,-4.91,0.35,0.998925817159914,50
03-09-2025,NSE:PHARMABEES,EQ,997.08,44.95,2.93,22.5,-0.53,2.89,8.53,-0.80,-3.87,-1.02,2.99,-2.31,-1.23,-0.16,0.9989086840975258,50
03-09-2025,NSE:VOLTAS,EQ,45331.21,12.33,2.69,1418.5,7.13,13.33,7.46,-16.90,-26.08,6.64,13.43,-3.38,-17.33,-22.37,0.9988889232440901,50
03-09-2025,NSE:JTEKTINDIA,EQ,3781.12,13.56,3.92,140.52,10.13,3.15,15.01,-20.43,-17.65,9.64,3.25,4.17,-20.86,-13.94,0.9987017788968117,50
03-09-2025,NSE:MAHSEAMLES,EQ,8587.34,1.52,2.72,668,-0.50,-0.37,6.10,3.85,-0.92,-0.99,-0.27,-4.74,3.42,2.79,0.9985979463384791,50
03-09-2025,NSE:SAKSOFT,EQ,2819.37,5.11,4.43,209.4,1.65,5.07,16.41,-13.45,-12.23,1.16,5.17,5.57,-13.88,-8.52,0.9985880052871358,50
03-09-2025,NSE:BANKINDIA,EQ,50398.03,40.94,1.7,113.15,3.41,-10.38,14.64,2.34,-3.39,2.92,-10.28,3.8,1.91,0.32,0.9984935218443283,50
03-09-2025,NSE:REDINGTON,EQ,18829.04,18.48,3.36,237.78,-4.91,-12.35,-5.57,16.89,15.15,-5.4,-12.25,-16.41,16.46,18.86,0.998144957086275,49
03-09-2025,NSE:JSWCEMENT,EQ,20177.8,211.77,3.69,155.46,1.26,1.26,1.26,1.26,1.26,0.77,1.36,-9.58,0.83,4.97,0.9975726679439736,49
03-09-2025,NSE:KOTAKBANK,EQ,389591.32,32.39,1.55,1943.6,-2.51,-5.28,-0.20,9.18,8.56,-3,-5.18,-11.04,8.75,12.27,0.997536440667089,49
03-09-2025,NSE:NEXT50IETF,EQ,1660.02,5.75,2.26,70.68,1.83,1.08,13.16,-4.34,-10.33,1.34,1.18,2.32,-4.77,-6.62,0.99746593268627,49
03-09-2025,NSE:CHOLAHLDNG,EQ,32363.45,2.13,3.04,1750,-4.48,-4.53,6.50,6.75,5.75,-4.97,-4.43,-4.34,6.32,9.46,0.9974182310912462,49
03-09-2025,NSE:WSTCSTPAPR,EQ,3314,3.19,3.97,510.75,-1.08,5.09,20.32,-12.40,-18.84,-1.57,5.19,9.48,-12.83,-15.13,0.9973338131228562,49
03-09-2025,NSE:SANDUMA,EQ,6961.02,2.38,3.27,465,4.27,-3.98,15.25,-8.65,-5.04,3.78,-3.88,4.41,-9.08,-1.33,0.9971613634721117,49
03-09-2025,NSE:SFL,EQ,7544.53,1.26,3.34,731.35,8.00,14.35,1.36,-14.96,-26.90,7.51,14.45,-9.48,-15.39,-23.19,0.9969268155519128,49
03-09-2025,NSE:FINOPB,EQ,2371.72,3.15,4.35,278.65,8.45,12.95,19.77,-32.89,-48.09,7.96,13.05,8.93,-33.32,-44.38,0.9968879918865775,49
03-09-2025,NSE:HINDPETRO,EQ,80133.8,45.86,2.33,385.7,-4.69,-5.42,20.40,0.67,-7.82,-5.18,-5.32,9.56,0.24,-4.11,0.9967542394774549,49
03-09-2025,NSE:JUNIORBEES,EQ,6425.66,2.4,2.77,723,1.63,0.95,12.99,-4.42,-10.52,1.14,1.05,2.15,-4.85,-6.81,0.9966903650849575,49
03-09-2025,NSE:VEDL,EQ,164588.23,78.95,2.14,438.9,3.29,0.47,7.83,-3.33,-5.58,2.8,0.57,-3.01,-3.76,-1.87,0.996685549114346,49
03-09-2025,NSE:SUPRIYA,EQ,5257.14,1.59,3.27,666.15,1.40,-5.04,5.92,-16.48,17.96,0.91,-4.94,-4.92,-16.91,21.67,0.9965301566605558,49
03-09-2025,NSE:FDC,EQ,7411.12,1.03,2.46,465.35,-2.16,5.96,16.15,-9.96,-13.58,-2.65,6.06,5.31,-10.39,-9.87,0.9964407678100593,48
03-09-2025,NSE:AEGISVOPAK,EQ,27223.35,5.16,4.21,243.01,5.80,-9.65,3.30,3.30,3.30,5.31,-9.55,-7.54,2.87,7.01,0.9964128473245517,48
03-09-2025,NSE:UTTAMSUGAR,EQ,1026.87,1.73,5.12,272.1,4.72,-15.21,29.99,-8.69,-25.03,4.23,-15.11,19.15,-9.12,-21.32,0.9963641632245841,48
03-09-2025,NSE:AFCONS,EQ,15367.88,11.71,2.59,438.5,7.45,3.88,-0.95,-14.90,2.85,6.96,3.98,-11.79,-15.33,6.56,0.9963283648928039,48
03-09-2025,NSE:INSECTICID,EQ,2389.51,1.09,4.97,826.35,-25.27,-3.29,30.40,9.12,-20.86,-25.76,-3.19,19.56,8.69,-17.15,0.9960660935623199,48
03-09-2025,NSE:KFINTECH,EQ,17652.85,8.73,3.04,1070,-2.94,-9.37,21.23,-8.76,3.34,-3.43,-9.27,10.39,-9.19,7.05,0.9960391489439142,48
03-09-2025,NSE:CHOLAFIN,EQ,119762.83,10.99,2.23,1426.9,0.31,-6.01,-0.82,13.52,-2.01,-0.18,-5.91,-11.66,13.09,1.7,0.9959877365655434,48
03-09-2025,NSE:PATANJALI,EQ,64457.45,4.35,2.13,1819.5,-2.28,7.66,0.38,0.51,-5.52,-2.77,7.76,-10.46,0.08,-1.81,0.9956351199416053,48
03-09-2025,NSE:KIRIINDUS,EQ,2949.73,2,3.55,534.5,-1.87,-15.58,-1.43,-5.36,27.37,-2.36,-15.48,-12.27,-5.79,31.08,0.9946518886170579,48
03-09-2025,NSE:MADRASFERT,EQ,1401.58,2.94,3.62,93.75,0.79,-1.48,19.69,-8.77,-15.68,0.3,-1.38,8.85,-9.2,-11.97,0.9946168648623844,48
03-09-2025,NSE:DEEDEV,EQ,1847.8,8.77,5.01,277.85,0.50,-1.51,23.63,-9.72,-24.78,0.01,-1.41,12.79,-10.15,-21.07,0.9944147065307066,48
03-09-2025,NSE:CPSEETF,EQ,32109.09,6.29,3.24,90.3,0.71,-1.35,13.94,-1.47,-13.79,0.22,-1.25,3.1,-1.9,-10.08,0.9942619629811769,48
03-09-2025,NSE:IOC,EQ,193305.63,84.41,1.76,140.39,-0.46,-0.20,17.07,1.25,-25.96,-0.95,-0.1,6.23,0.82,-22.25,0.9940707430209763,47
03-09-2025,NSE:RELIGARE,EQ,7810.04,13.63,4.14,245.29,-5.85,7.03,7.44,-2.01,-7.24,-6.34,7.13,-3.4,-2.44,-3.53,0.9940004868120987,47
03-09-2025,NSE:PVTBANIETF,EQ,3139.14,3.97,1.57,26.33,-2.96,-4.25,6.68,3.65,2.43,-3.45,-4.15,-4.16,3.22,6.14,0.9939707105017759,47
03-09-2025,NSE:DBL,EQ,7569.93,1.65,2.78,475.55,3.53,-4.05,13.48,-1.35,-14.48,3.04,-3.95,2.64,-1.78,-10.77,0.9939196580921346,47
03-09-2025,NSE:ALPHAETF,EQ,425.21,5.83,2.32,24.99,1.64,1.00,14.61,-5.72,-17.57,1.15,1.1,3.77,-6.15,-13.86,0.9935950330435082,47
03-09-2025,NSE:RELIANCE,EQ,1835003.29,99.9,1.65,1368.5,-1.84,-4.02,11.79,5.58,-11.14,-2.33,-3.92,0.95,5.15,-7.43,0.9934843058645735,47
03-09-2025,NSE:MOTISONS,EQ,1894.1,17.67,4.28,19.51,-4.72,13.43,6.51,-42.23,9.70,-5.21,13.53,-4.33,-42.66,13.41,0.9931531957248848,47
03-09-2025,NSE:JKTYRE,EQ,8779.6,6.84,3.19,346,4.80,-7.76,21.00,-10.40,-16.39,4.31,-7.66,10.16,-10.83,-12.68,0.9929760254343546,47
03-09-2025,NSE:LT,EQ,495872.01,14.09,1.5,3571.4,-0.45,-1.54,10.13,-4.30,-3.14,-0.94,-1.44,-0.71,-4.73,0.57,0.9927589456300332,47
03-09-2025,NSE:BANKBARODA,EQ,120404.83,56.71,1.68,237.79,1.12,-7.07,14.55,-3.62,-5.05,0.63,-6.97,3.71,-4.05,-1.34,0.9926298219759114,47
03-09-2025,NSE:DOMS,EQ,14762.26,2.92,3.31,2514.8,7.84,3.14,0.12,-19.13,0.84,7.35,3.24,-10.72,-19.56,4.55,0.9926110627136375,47
03-09-2025,NSE:LOTUSDEV,EQ,8821.46,123.31,5.7,178.4,0.22,0.22,0.22,0.22,0.22,-0.27,0.32,-10.62,-0.21,3.93,0.992357960855231,47
03-09-2025,NSE:GMRP&UI,EQ,7895.37,11.78,3.22,112,6.19,0.94,8.30,-2.43,-23.29,5.7,1.04,-2.54,-2.86,-19.58,0.9923408265315827,46
03-09-2025,NSE:JBCHEPHARM,EQ,26932.34,1.48,1.72,1729.4,-0.50,1.80,8.77,-0.34,-13.40,-0.99,1.9,-2.07,-0.77,-9.69,0.9921611187000621,46
03-09-2025,NSE:HUHTAMAKI,EQ,1624.48,1.1,3.24,231.73,5.59,12.73,21.28,-23.16,-74.77,5.1,12.83,10.44,-23.59,-71.06,0.9919944597001706,46
03-09-2025,NSE:MIRZAINT,EQ,449.16,1.56,3.4,34.18,2.22,11.15,10.06,-13.96,-29.05,1.73,11.25,-0.78,-14.39,-25.34,0.9919543466667103,46
03-09-2025,NSE:KPIGREEN,EQ,9531.57,8.09,3.47,498,-5.18,-1.52,21.03,-5.42,-15.74,-5.67,-1.42,10.19,-5.85,-12.03,0.9918253822142339,46
03-09-2025,NSE:WABAG,EQ,9104.02,2.44,2.94,1527.4,-3.10,-6.15,11.99,-17.51,14.40,-3.59,-6.05,1.15,-17.94,18.11,0.9917366540477188,46
03-09-2025,NSE:HAVELLS,EQ,95680.34,10.2,1.97,1571.4,5.65,4.54,7.65,-9.33,-20.48,5.16,4.64,-3.19,-9.76,-16.77,0.9917047370286366,46
03-09-2025,NSE:BERGEPAINT,EQ,62375.37,5.27,2.72,542.95,-4.41,-4.84,6.94,9.07,-5.36,-4.9,-4.74,-3.9,8.64,-1.65,0.9916272170298719,46
03-09-2025,NSE:RBA,EQ,4640.65,6.98,3.08,82.64,-1.59,2.65,20.03,-5.11,-33.29,-2.08,2.75,9.19,-5.54,-29.58,0.9916220737840752,46
03-09-2025,NSE:VASCONEQ,EQ,1113.79,7.89,4.59,51.2,-3.83,-5.76,30.51,-8.14,-36.45,-4.32,-5.66,19.67,-8.57,-32.74,0.9916131790561412,46
03-09-2025,NSE:ZAGGLE,EQ,5255.32,7.85,4.26,399.85,5.95,-10.72,13.27,-26.40,11.05,5.46,-10.62,2.43,-26.83,14.76,0.9914861449995763,46
03-09-2025,NSE:J&KBANK,EQ,10922.63,14.67,2.11,102.27,0.35,-2.79,5.28,4.70,-8.84,-0.14,-2.69,-5.56,4.27,-5.13,0.9914004180296315,46
03-09-2025,NSE:LIQUIDETF,EQ,469.43,1.41,0,1000,0.00,0.00,0.00,0.00,0.00,-0.49,0.1,-10.84,-0.43,3.71,0.9912479212697894,46
03-09-2025,NSE:LIQUIDBEES,EQ,11725.56,27.96,0.07,1000,0.00,0.00,0.00,0.00,0.00,-0.49,0.1,-10.84,-0.43,3.71,0.991247548806048,45
03-09-2025,NSE:LIQUIDIETF,EQ,1663,5.87,0.02,999.99,0.00,0.00,0.00,0.00,0.00,-0.49,0.1,-10.84,-0.43,3.71,0.9912442040668478,45
03-09-2025,NSE:LIQUID,EQ,461.06,1.43,0.03,999.99,0.00,0.00,0.00,0.00,0.00,-0.49,0.1,-10.84,-0.43,3.71,0.9912442040668478,45
03-09-2025,NSE:NITCO,EQ,2636.02,2.38,5.8,117.12,-7.31,-24.86,11.65,-9.72,28.02,-7.8,-24.76,0.81,-10.15,31.73,0.9908274948045684,45
03-09-2025,NSE:THELEELA,EQ,13198.02,2.65,2.78,414.45,0.24,-4.99,2.04,2.04,2.04,-0.25,-4.89,-8.8,1.61,5.75,0.9908073724601961,45
03-09-2025,NSE:FINPIPE,EQ,13157.21,7.37,3.07,220.71,9.06,1.77,20.37,-21.63,-41.97,8.57,1.87,9.53,-22.06,-38.26,0.9905975141023154,45
03-09-2025,NSE:RELAXO,EQ,11924.16,4.41,3.91,503.4,12.00,13.58,12.40,-33.09,-59.49,11.51,13.68,1.56,-33.52,-55.78,0.9905812063116731,45
03-09-2025,NSE:FILATEX,EQ,2293.4,8.19,3.19,54.85,-0.93,-5.43,28.26,-22.63,-18.16,-1.42,-5.33,17.42,-23.06,-14.45,0.9904542256140791,45
03-09-2025,NSE:GIPCL,EQ,2777.59,2.45,3.03,197.61,1.09,1.15,15.45,-7.10,-22.69,0.6,1.25,4.61,-7.53,-18.98,0.9903950852283016,45
03-09-2025,NSE:BANDHANBNK,EQ,26065.52,37.71,2.4,163.7,0.17,-3.25,16.38,-3.29,-18.47,-0.32,-3.15,5.54,-3.72,-14.76,0.9901948775365226,45
03-09-2025,NSE:RHIM,EQ,9792.3,3.16,3.54,478.4,-7.43,8.00,18.50,-8.86,-27.44,-7.92,8.1,7.66,-9.29,-23.73,0.9900617970562826,45
03-09-2025,NSE:STOVEKRAFT,EQ,2114.23,2.88,4.93,666,13.20,13.03,-12.68,-23.51,-20.16,12.71,13.13,-23.52,-23.94,-16.45,0.9899088142003886,45
03-09-2025,NSE:LXCHEM,EQ,5609.47,21.62,4.25,215.74,9.29,4.28,15.57,-21.91,-37.34,8.8,4.38,4.73,-22.34,-33.63,0.9896849948957479,44
03-09-2025,NSE:PNCINFRA,EQ,7821.88,3.25,2.56,308.8,-2.40,7.64,11.53,4.13,-47.54,-2.89,7.74,0.69,3.7,-43.83,0.9896806036849268,44
03-09-2025,NSE:PNB,EQ,116136.19,103.64,1.68,104.1,0.88,-5.23,11.66,-0.77,-10.98,0.39,-5.13,0.82,-1.2,-7.27,0.9896290147289915,44
03-09-2025,NSE:ICICIB22,EQ,15680.38,2.35,1.92,107.45,0.83,-1.37,10.67,-5.39,-10.24,0.34,-1.27,-0.17,-5.82,-6.53,0.989623049532481,44
03-09-2025,NSE:PARKHOTELS,EQ,3226.22,6.22,3.34,159.2,3.49,4.22,4.08,-10.40,-10.68,3,4.32,-6.76,-10.83,-6.97,0.9895361034467743,44
03-09-2025,NSE:UNIONBANK,EQ,95412.44,85.27,2.17,128.26,0.12,-19.41,10.24,5.18,3.92,-0.37,-19.31,-0.6,4.75,7.63,0.9889232424698583,44
03-09-2025,NSE:ADVENZYMES,EQ,3837.52,12.75,4.49,338,-6.61,8.99,18.58,-11.88,-30.81,-7.1,9.09,7.74,-12.31,-27.1,0.9888764322021559,44
03-09-2025,NSE:PEL,EQ,25317.63,3.31,3.65,1089.8,-9.85,-3.83,16.93,-8.74,3.13,-10.34,-3.73,6.09,-9.17,6.84,0.9886814772665442,44
03-09-2025,NSE:PREMIERENE,EQ,44658.22,8.43,3.1,1028,1.72,-2.92,10.09,-18.96,3.70,1.23,-2.82,-0.75,-19.39,7.41,0.9886598853126309,44
03-09-2025,NSE:KEC,EQ,21391.83,9.56,2.9,848.35,2.88,-3.84,18.34,-24.28,-6.18,2.39,-3.74,7.5,-24.71,-2.47,0.9885566007464329,44
03-09-2025,NSE:NUVAMA,EQ,22989.81,1.39,3.21,6504,-6.34,-12.58,17.49,-0.94,0.99,-6.83,-12.48,6.65,-1.37,4.7,0.9883304528828473,44
03-09-2025,NSE:ASIANTILES,BE,1379.64,2.15,3.71,59.5,1.87,2.50,25.23,-16.50,-52.37,1.38,2.6,14.39,-16.93,-48.66,0.9882055935219944,44
03-09-2025,NSE:MSPL,EQ,1756.5,5.93,4.62,31.5,-7.02,15.78,21.90,-44.10,-27.37,-7.51,15.88,11.06,-44.53,-23.66,0.9881458152597739,43
03-09-2025,NSE:PVRINOX,EQ,11047.5,5.66,3.09,1116,10.57,4.99,17.90,-38.00,-35.24,10.08,5.09,7.06,-38.43,-31.53,0.98804427924018,43
03-09-2025,NSE:AEROFLEX,EQ,2221.08,6.33,3.73,179.34,-4.17,9.09,-2.55,-19.25,6.72,-4.66,9.19,-13.39,-19.68,10.43,0.987871756379232,43
03-09-2025,NSE:MINDACORP,EQ,11907.35,3.9,3.06,508.25,3.55,-1.71,1.33,2.50,-14.38,3.06,-1.61,-9.51,2.07,-10.67,0.987763518188064,43
03-09-2025,NSE:STARHEALTH,EQ,26222.33,8.62,2.82,449,3.00,-4.03,18.81,-4.62,-34.55,2.51,-3.93,7.97,-5.05,-30.84,0.9874383982269045,43
03-09-2025,NSE:SENCO,EQ,6038.75,10.12,4.4,378.5,16.96,1.70,19.68,-52.09,-44.85,16.47,1.8,8.84,-52.52,-41.14,0.9872315582123384,43
03-09-2025,NSE:SHAKTIPUMP,EQ,9980.43,6.33,3.84,821.75,-8.70,-6.70,-1.76,5.04,12.30,-9.19,-6.6,-12.6,4.61,16.01,0.9870843135721035,43
03-09-2025,NSE:PERSISTENT,EQ,83204.8,3.91,2.17,5332,5.07,-3.23,-2.65,-10.76,4.76,4.58,-3.13,-13.49,-11.19,8.47,0.9870500581670433,43
03-09-2025,NSE:TATAPOWER,EQ,119649.49,38.1,1.63,387.55,-0.45,-1.57,11.42,-6.86,-11.19,-0.94,-1.47,0.58,-7.29,-7.48,0.9868969015780518,43
03-09-2025,NSE:FUSION,EQ,2766.74,3.7,4.69,173.66,8.53,5.00,10.04,-0.86,-73.13,8.04,5.1,-0.8,-1.29,-69.42,0.9868609285524839,43
03-09-2025,NSE:ENGINERSIN,EQ,11145.86,21.91,3.02,201.98,-2.46,-14.92,19.95,0.31,-10.95,-2.95,-14.82,9.11,-0.12,-7.24,0.9867316493181638,43
03-09-2025,NSE:WHIRLPOOL,EQ,16493.34,1.43,2.86,1347,2.33,7.12,28.73,-37.27,-62.94,1.84,7.22,17.89,-37.7,-59.23,0.9863986070637717,43
03-09-2025,NSE:ALPL30IETF,EQ,1774.67,6.93,1.25,27.16,1.03,-0.11,8.14,-5.49,-14.36,0.54,-0.01,-2.7,-5.92,-10.65,0.9862352484642467,43
03-09-2025,NSE:SBCL,EQ,2815.69,1.65,3.56,507.3,-6.26,0.61,14.55,-9.10,-8.87,-6.75,0.71,3.71,-9.53,-5.16,0.9861840626895753,42
03-09-2025,NSE:RADHIKAJWE,EQ,1099.64,6.73,3.75,93.11,-3.01,9.46,0.05,-8.85,-11.11,-3.5,9.56,-10.79,-9.28,-7.4,0.9861401733341629,42
03-09-2025,NSE:MEDIASSIST,EQ,3562.18,4.35,3.82,518.5,-1.22,4.19,10.86,-14.94,-12.93,-1.71,4.29,0.02,-15.37,-9.22,0.9859489854503587,42
03-09-2025,NSE:EPL,EQ,7202.05,8.72,3.52,229.06,1.53,-4.09,11.73,-11.80,-6.94,1.04,-3.99,0.89,-12.23,-3.23,0.985843486748174,42
03-09-2025,NSE:360ONE,EQ,41190.6,7.15,2.73,1040.4,-1.16,1.55,2.91,-7.18,-3.90,-1.65,1.65,-7.93,-7.61,-0.19,0.9857752714875913,42
03-09-2025,NSE:KCP,EQ,2538.46,2.55,3.04,206.91,2.30,0.46,11.76,-19.41,-9.63,1.81,0.56,0.92,-19.84,-5.92,0.9856664208023433,42
03-09-2025,NSE:DLF,EQ,183160.94,23.81,2.22,761.65,-2.07,-5.48,15.66,-8.05,-9.22,-2.56,-5.38,4.82,-8.48,-5.51,0.9856569407736353,42
03-09-2025,NSE:ECOSMOBLTY,EQ,1624.2,1.21,4.65,275.65,-8.02,-5.13,35.53,-23.93,-41.48,-8.51,-5.03,24.69,-24.36,-37.77,0.9852633201228317,42
03-09-2025,NSE:NAVKARURB,BE,269.3,13.76,5.46,2.54,13.39,10.24,-29.84,-13.78,-13.78,12.9,10.34,-40.68,-14.21,-10.07,0.9850806110356595,42
03-09-2025,NSE:TATACHEM,EQ,23412.1,3.72,1.81,939.15,-1.85,2.56,14.62,-18.38,-14.28,-2.34,2.66,3.78,-18.81,-10.57,0.984339934628475,42
03-09-2025,NSE:HEXT,EQ,45674.64,7.33,3.53,749.4,7.33,-8.77,-10.30,0.52,0.52,6.84,-8.67,-21.14,0.09,4.23,0.9838034689645071,42
03-09-2025,NSE:LUPIN,EQ,86774.22,10.25,2.22,1934.9,3.49,-0.47,2.27,-5.99,-13.38,3,-0.37,-8.57,-6.42,-9.67,0.9834892049938504,42
03-09-2025,NSE:TOP10ADD,EQ,715.13,2.17,1.08,93.66,-1.73,-3.76,4.38,-1.68,-5.74,-2.22,-3.66,-6.46,-2.11,-2.03,0.983151712871578,41
03-09-2025,NSE:RITES,EQ,11717.12,4.92,2.63,263.5,4.35,-12.16,19.22,-8.08,-24.35,3.86,-12.06,8.38,-8.51,-20.64,0.9830333405591212,41
03-09-2025,NSE:MANGLMCEM,EQ,1919.59,1.11,3.58,775,11.08,-1.26,6.92,-13.85,-32.48,10.59,-1.16,-3.92,-14.28,-28.77,0.9828051657638338,41
03-09-2025,NSE:SBICARD,EQ,76512.34,7.09,1.98,793.7,-1.29,-18.69,-7.94,11.73,9.13,-1.78,-18.59,-18.78,11.3,12.84,0.9827686549952428,41
03-09-2025,NSE:ROTO,EQ,1587.09,2.15,3.56,82.9,-4.68,-5.61,17.77,-3.72,-19.44,-5.17,-5.51,6.93,-4.15,-15.73,0.9826592200885889,41
03-09-2025,NSE:DCBBANK,EQ,3849.96,11.35,2.21,125.16,-8.00,-16.29,14.62,0.99,2.90,-8.49,-16.19,3.78,0.56,6.61,0.982652381516695,41
03-09-2025,NSE:NBCC,EQ,26541,61.94,2.83,102.77,-4.37,-21.51,26.29,3.45,-26.38,-4.86,-21.41,15.45,3.02,-22.67,0.9826434282224191,41
03-09-2025,NSE:KALPATARU,EQ,7824.73,1.91,4.01,397,4.95,-4.28,-4.28,-4.28,-4.28,4.46,-4.18,-15.12,-4.71,-0.57,0.9824326948250753,41
03-09-2025,NSE:NTPCGREEN,EQ,86437.29,41.39,2.17,105.15,0.59,-2.62,11.53,-18.73,-6.04,0.1,-2.52,0.69,-19.16,-2.33,0.9821960156916643,41
03-09-2025,NSE:MIDSMALL,EQ,354.56,2.86,1.78,48.01,-0.54,-4.46,12.23,-7.96,-13.52,-1.03,-4.36,1.39,-8.39,-9.81,0.9821258308811035,41
03-09-2025,NSE:RUSHIL,EQ,788.75,20.86,7.14,28.39,14.69,-6.94,7.75,-19.23,-27.51,14.2,-6.84,-3.09,-19.66,-23.8,0.9817936060063394,41
03-09-2025,NSE:JUBLPHARMA,EQ,16167.04,1.71,3.34,1056.5,-9.65,-9.80,13.90,-16.82,12.83,-10.14,-9.7,3.06,-17.25,16.54,0.9817425664531682,41
03-09-2025,NSE:ELECON,EQ,12386.88,2.48,3.09,562.85,-0.14,-25.33,22.28,-3.89,-9.29,-0.63,-25.23,11.44,-4.32,-5.58,0.9813232601905135,40
03-09-2025,NSE:VBL,EQ,164346.41,47.43,2.54,504,-1.57,7.18,11.05,-23.25,-19.77,-2.06,7.28,0.21,-23.68,-16.06,0.9810634158278947,40
03-09-2025,NSE:BALAJEE,EQ,473.11,3.39,6.05,56.8,11.87,11.99,1.65,-25.79,-58.45,11.38,12.09,-9.19,-26.22,-54.74,0.9810572922999985,40
03-09-2025,NSE:ZENSARTECH,EQ,17446.14,3.4,2.75,775,-2.22,-6.06,-2.93,2.05,0.25,-2.71,-5.96,-13.77,1.62,3.96,0.9810077455123807,40
03-09-2025,NSE:NLCINDIA,EQ,31199.32,9.56,3,234,0.03,-1.71,11.10,-10.62,-17.41,-0.46,-1.61,0.26,-11.05,-13.7,0.9806678331021387,40
03-09-2025,NSE:TIINDIA,EQ,57199.91,4.09,3.3,3007.9,6.63,-2.33,15.43,-19.37,-33.13,6.14,-2.23,4.59,-19.8,-29.42,0.9804711134981382,40
03-09-2025,NSE:NAVKARCORP,EQ,1762.58,4.41,3.97,118.78,-5.26,7.70,16.71,-25.96,-24.36,-5.75,7.8,5.87,-26.39,-20.65,0.980356910943379,40
03-09-2025,NSE:HINDCOPPER,EQ,22231.88,19.9,2.58,247.17,4.13,-2.41,13.96,-11.66,-32.94,3.64,-2.31,3.12,-12.09,-29.23,0.9802577614463855,40
03-09-2025,NSE:HINDZINC,EQ,177252.13,20.15,1.97,442.4,6.10,-5.79,6.93,-14.06,-12.23,5.61,-5.69,-3.91,-14.49,-8.52,0.9801843698784749,40
03-09-2025,NSE:SMALLCAP,EQ,673.45,12.53,1.95,45.3,0.77,-2.87,12.10,-12.52,-17.66,0.28,-2.77,1.26,-12.95,-13.95,0.9798817350589264,40
03-09-2025,NSE:PRAKASH,EQ,2795.83,20.91,4.16,164.53,0.14,0.26,10.36,-1.75,-37.80,-0.35,0.36,-0.48,-2.18,-34.09,0.9798782697794515,40
03-09-2025,NSE:ALPHA,EQ,688.59,11.16,1.91,48.64,-1.67,-2.78,14.10,-11.29,-18.50,-2.16,-2.68,3.26,-11.72,-14.79,0.9797047714031849,40
03-09-2025,NSE:GRANULES,EQ,11894.39,28.27,3.54,518.05,12.80,-1.80,2.14,-12.79,-35.87,12.31,-1.7,-8.7,-13.22,-32.16,0.9796837826633642,40
03-09-2025,NSE:BLKASHYAP,EQ,1566.81,4.76,4.16,69.4,-8.20,2.49,26.04,-8.60,-64.02,-8.69,2.59,15.2,-9.03,-60.31,0.9796685523658158,39
03-09-2025,NSE:NTPC,EQ,318050.65,93.79,1.52,334.7,1.14,1.63,5.68,-8.65,-22.47,0.65,1.73,-5.16,-9.08,-18.76,0.9793942419193264,39
03-09-2025,NSE:COALINDIA,EQ,230979.06,49.66,1.51,391.7,4.90,-0.74,7.11,-6.31,-34.68,4.41,-0.64,-3.73,-6.74,-30.97,0.9790698577232237,39
03-09-2025,NSE:RIIL,EQ,1327.29,1.49,3.63,936.5,8.80,-1.41,12.16,-25.33,-29.67,8.31,-1.31,1.32,-25.76,-25.96,0.9789437071075096,39
03-09-2025,NSE:EKC,EQ,1537.25,25.14,4.5,141.45,10.56,5.34,11.98,-47.15,-32.24,10.07,5.44,1.14,-47.58,-28.53,0.9787542976509115,39
03-09-2025,NSE:ALLTIME,EQ,1945.58,35.17,5.98,303,-2.74,-2.74,-2.74,-2.74,-2.74,-3.23,-2.64,-13.58,-3.17,0.97,0.9780297367516365,39
03-09-2025,NSE:FEDERALBNK,EQ,47209.84,55.47,1.46,193.09,-1.54,-9.26,7.45,-9.16,-1.47,-2.03,-9.16,-3.39,-9.59,2.24,0.9774920306376497,39
03-09-2025,NSE:AVANTIFEED,EQ,8704.73,5.09,3.85,663.5,0.18,-14.99,-12.40,11.64,0.37,-0.31,-14.89,-23.24,11.21,4.08,0.9774561152608423,39
03-09-2025,NSE:OBEROIRLTY,EQ,58430.88,3.55,2.11,1652.5,3.82,-7.55,8.76,-21.47,-4.28,3.33,-7.45,-2.08,-21.9,-0.57,0.9774090844384602,39
03-09-2025,NSE:PURVA,EQ,6829.91,3.25,4.2,292.5,2.09,4.62,20.43,-29.62,-50.67,1.6,4.72,9.59,-30.05,-46.96,0.9773220600764803,39
03-09-2025,NSE:KMSUGAR,EQ,253.92,1.65,3.22,29.44,9.04,-0.27,3.53,-15.18,-31.45,8.55,-0.17,-7.31,-15.61,-27.74,0.977170030367254,39
03-09-2025,NSE:UGROCAP,EQ,2030.38,2.69,3.76,179.36,5.40,2.02,14.91,-34.52,-29.57,4.91,2.12,4.07,-34.95,-25.86,0.9768524328932275,39
03-09-2025,NSE:POWERGRID,EQ,256650.16,113.43,1.41,286.35,-1.71,-0.77,10.51,-15.03,-16.40,-2.2,-0.67,-0.33,-15.46,-12.69,0.9765952339002832,38
03-09-2025,NSE:PICCADIL,EQ,5517.9,1.13,4.17,610.65,-3.20,-3.00,-3.00,-3.00,-3.00,-3.69,-2.9,-13.84,-3.43,0.71,0.9765849114297842,38
03-09-2025,NSE:JTLIND,EQ,2725.48,25.69,4.65,78,9.35,16.77,-9.38,-30.42,-49.92,8.86,16.87,-20.22,-30.85,-46.21,0.9765539281137964,38
03-09-2025,NSE:INDOAMIN,EQ,1048.89,2.72,4.41,146.75,-1.98,-7.88,17.12,-19.00,-11.60,-2.47,-7.78,6.28,-19.43,-7.89,0.9761348824736872,38
03-09-2025,NSE:NFL,EQ,4710.04,18.89,3.21,100.9,6.47,-6.92,18.18,-21.06,-36.51,5.98,-6.82,7.34,-21.49,-32.8,0.9760955675550899,38
03-09-2025,NSE:INOXGREEN,BE,5413.13,4.81,3.75,153.34,-5.33,-16.20,20.31,3.29,-29.12,-5.82,-16.1,9.47,2.86,-25.41,0.9759931125110315,38
03-09-2025,NSE:PFS,EQ,2447.74,4.22,2.47,38.91,-3.70,4.93,16.04,-12.31,-49.14,-4.19,5.03,5.2,-12.74,-45.43,0.9758180025255357,38
03-09-2025,NSE:ICICIGI,EQ,91643.31,4.53,2.17,1813,-3.00,-3.33,6.17,-2.69,-17.95,-3.49,-3.23,-4.67,-3.12,-14.24,0.975759281052701,38
03-09-2025,NSE:VIKRAMSOLR,EQ,12298.38,194.95,7.43,327.35,-3.25,-3.25,-3.25,-3.25,-3.25,-3.74,-3.15,-14.09,-3.68,0.46,0.9756277081083268,38
03-09-2025,NSE:TBZ,EQ,1240.52,5.49,3.85,187.48,-2.16,0.23,8.38,-24.63,-6.01,-2.65,0.33,-2.46,-25.06,-2.3,0.9754973120070852,38
03-09-2025,NSE:CAMPUS,EQ,8079.31,4.2,3.08,269.7,0.87,-10.44,1.69,-5.60,-2.80,0.38,-10.34,-9.15,-6.03,0.91,0.9754882003160511,38
03-09-2025,NSE:M&MFIN,EQ,35284.42,12.23,2.29,261.1,1.00,-0.48,-5.05,-1.88,-16.78,0.51,-0.38,-15.89,-2.31,-13.07,0.9754484066443919,38
03-09-2025,NSE:DALMIASUG,EQ,3023.08,1.13,3.02,384.75,3.59,-13.63,15.00,-15.01,-14.78,3.1,-13.53,4.16,-15.44,-11.07,0.9754008926455876,37
03-09-2025,NSE:JUBLFOOD,EQ,41306.31,17.14,2.52,638.2,-0.59,-7.52,-5.12,-0.99,-1.99,-1.08,-7.42,-15.96,-1.42,1.72,0.9753206648315892,37
03-09-2025,NSE:ABFRL,EQ,9432.66,150.81,3.39,81.26,9.21,5.53,0.41,-28.96,-28.92,8.72,5.63,-10.43,-29.39,-25.21,0.9752548775137324,37
03-09-2025,NSE:SUNDARMFIN,EQ,49916.74,1.29,4.12,4433.7,-3.04,-14.24,-3.03,10.49,-6.53,-3.53,-14.14,-13.87,10.06,-2.82,0.9752084975105992,37
03-09-2025,NSE:HSCL,EQ,22124.46,9.08,2.89,462.65,-0.02,-4.26,8.83,-13.93,-13.43,-0.51,-4.16,-2.01,-14.36,-9.72,0.9751474359529408,37
03-09-2025,NSE:KELLTONTEC,EQ,1269.01,26.84,4.59,25.73,-9.33,7.16,9.78,-14.36,-22.44,-9.82,7.26,-1.06,-14.79,-18.73,0.9751080433757936,37
03-09-2025,NSE:PPLPHARMA,EQ,24357.14,36.8,2.69,199.28,4.33,-3.34,-2.68,-34.86,8.42,3.84,-3.24,-13.52,-35.29,12.13,0.9749933511585228,37
03-09-2025,NSE:GESHIP,EQ,13208.82,1.41,2.27,962.75,3.48,-2.88,12.96,-14.34,-35.19,2.99,-2.78,2.12,-14.77,-31.48,0.9749269522427059,37
03-09-2025,NSE:SAREGAMA,EQ,9331.02,3.99,2.89,492.2,3.79,-15.30,2.37,-3.35,-5.97,3.3,-15.2,-8.47,-3.78,-2.26,0.9747824080945482,37
03-09-2025,NSE:GUJGASLTD,EQ,28764.38,2.61,2.46,441.9,3.25,-7.23,14.04,-8.57,-36.52,2.76,-7.13,3.2,-9,-32.81,0.9744848491465206,37
03-09-2025,NSE:DHARAN,BE,224.84,52.31,1.18,0.46,4.35,-6.52,-6.52,-6.52,-6.52,3.86,-6.42,-17.36,-6.95,-2.81,0.974118114931108,37
03-09-2025,NSE:ZEEL,EQ,11191.01,94.39,2.85,116.1,-0.19,-10.22,16.32,-11.25,-22.58,-0.68,-10.12,5.48,-11.68,-18.87,0.9739685380359568,37
03-09-2025,NSE:HUDCO,EQ,40908.83,30.69,2.41,216.56,2.83,-14.31,19.99,-10.18,-35.60,2.34,-14.21,9.15,-10.61,-31.89,0.973484460051543,37
03-09-2025,NSE:IGCL,EQ,670.17,5.62,4.61,107,-3.67,-3.74,-3.74,-3.74,-3.74,-4.16,-3.64,-14.58,-4.17,-0.03,0.9734593177520363,36
03-09-2025,NSE:ITC,EQ,513070.35,139.32,1.24,412.15,-1.04,-1.18,2.56,-9.19,-15.68,-1.53,-1.08,-8.28,-9.62,-11.97,0.9734251063403323,36
03-09-2025,NSE:MOBIKWIK,EQ,1723.26,72.26,4.24,290.71,19.41,5.90,-1.13,-51.35,-51.35,18.92,6,-11.97,-51.78,-47.64,0.9732381246020441,36
03-09-2025,NSE:MOM30IETF,EQ,563.38,7.58,1.53,30.62,0.56,-1.99,8.49,-14.11,-22.93,0.07,-1.89,-2.35,-14.54,-19.22,0.9729747597441091,36
03-09-2025,NSE:SANGHIIND,EQ,1621.77,1.58,2.68,64.37,-4.92,4.83,18.56,-26.08,-38.60,-5.41,4.93,7.72,-26.51,-34.89,0.9728418603236505,36
03-09-2025,NSE:GLAXO,EQ,47225.32,1.24,3.23,2744.6,-6.99,-24.61,4.51,10.94,-0.81,-7.48,-24.51,-6.33,10.51,2.9,0.9728291406325945,36
03-09-2025,NSE:LTIM,EQ,151809.85,2.11,2.08,5146,2.50,-0.14,5.20,-19.95,-19.16,2.01,-0.04,-5.64,-20.38,-15.45,0.9726251348477467,36
03-09-2025,NSE:MASTERTR,EQ,1707.57,13.65,5.3,151.87,-5.95,-3.89,14.20,-12.19,-19.18,-6.44,-3.79,3.36,-12.62,-15.47,0.9726074845172946,36
03-09-2025,NSE:PHOENIXLTD,EQ,53665.57,7,2.82,1518.8,4.39,-4.58,0.46,-9.05,-19.91,3.9,-4.48,-10.38,-9.48,-16.2,0.9723564907191535,36
03-09-2025,NSE:HDBFS,EQ,64540.29,14.98,2.01,779.95,4.05,-7.06,-7.06,-7.06,-7.06,3.56,-6.96,-17.9,-7.49,-3.35,0.9719696828078218,36
03-09-2025,NSE:CAMS,EQ,18340.3,3.33,2.21,3807.1,4.27,-9.62,14.43,-29.45,-13.90,3.78,-9.52,3.59,-29.88,-10.19,0.9717215866595281,36
03-09-2025,NSE:MGL,EQ,12366.98,2.96,2.49,1291.2,-3.58,-0.76,-1.56,7.70,-37.73,-4.07,-0.66,-12.4,7.27,-34.02,0.9715722820081207,36
03-09-2025,NSE:GREENPOWER,EQ,1590.63,40.97,2.9,13.94,1.36,6.24,12.63,-25.82,-48.85,0.87,6.34,1.79,-26.25,-45.14,0.971536408562929,35
03-09-2025,NSE:MOTHERSON,EQ,98141.78,159.38,2.91,96.2,0.69,-5.83,14.83,-12.58,-34.91,0.2,-5.73,3.99,-13.01,-31.2,0.9714453179143103,35
03-09-2025,NSE:SOBHA,EQ,15279.48,1.26,2.93,1450.3,-9.25,-4.53,17.47,-15.08,-17.61,-9.74,-4.43,6.63,-15.51,-13.9,0.9712374453262009,35
03-09-2025,NSE:EFCIL,EQ,3384.81,1.67,3.61,333.65,-4.21,-4.21,-4.21,-4.21,-4.21,-4.7,-4.11,-15.05,-4.64,-0.5,0.9712169081599128,35
03-09-2025,NSE:GAIL,EQ,113880.73,89.82,1.78,178.37,2.23,-6.25,10.65,-11.82,-30.02,1.74,-6.15,-0.19,-12.25,-26.31,0.9707885253958398,35
03-09-2025,NSE:LINCOLN,EQ,1075.9,3.18,3.39,555.05,3.78,1.26,-1.66,-13.74,-25.68,3.29,1.36,-12.5,-14.17,-21.97,0.9706173425542947,35
03-09-2025,NSE:TECHM,EQ,145519.67,15.78,2.09,1502.3,4.23,-3.62,-5.72,-13.98,-9.66,3.74,-3.52,-16.56,-14.41,-5.95,0.9705057911578417,35
03-09-2025,NSE:PIIND,EQ,56131.15,2.24,2.38,3722.2,-12.57,-6.67,19.07,-9.22,-19.91,-13.06,-6.57,8.23,-9.65,-16.2,0.9704272675382515,35
03-09-2025,NSE:MEIL,EQ,1467.16,15.51,4.1,532.6,-4.39,-4.39,-4.39,-4.39,-4.39,-4.88,-4.29,-15.23,-4.82,-0.68,0.9703852875340476,35
03-09-2025,NSE:WELENT,EQ,6452.16,1.68,3.38,473.6,-2.15,-4.79,11.31,-12.44,-23.41,-2.64,-4.69,0.47,-12.87,-19.7,0.9703278704977572,35
03-09-2025,NSE:SATIA,EQ,820,1,3.31,83.21,0.36,5.31,11.39,-23.41,-44.99,-0.13,5.41,0.55,-23.84,-41.28,0.9702721367652096,35
03-09-2025,NSE:HINDOILEXP,EQ,2201.85,3.21,2.81,175.27,6.92,3.52,-5.44,-9.17,-44.98,6.43,3.62,-16.28,-9.6,-41.27,0.9701569884689427,35
03-09-2025,NSE:MAHABANK,EQ,39996,50.28,2,52.7,-2.98,-7.04,9.26,-8.22,-18.69,-3.47,-6.94,-1.58,-8.65,-14.98,0.9700693397960544,34
03-09-2025,NSE:ONGC,EQ,293573.4,75.13,1.39,239.03,0.94,0.41,3.36,-7.39,-37.89,0.45,0.51,-7.48,-7.82,-34.18,0.969542489689638,34
03-09-2025,NSE:LICI,EQ,539933.43,10.87,2.02,870,-1.71,-9.57,14.82,-13.28,-22.86,-2.2,-9.47,3.98,-13.71,-19.15,0.9694333514711889,34
03-09-2025,NSE:SANDHAR,EQ,2601.44,1.17,4.74,463,-4.02,-13.46,22.69,-13.78,-30.37,-4.51,-13.36,11.85,-14.21,-26.66,0.9693967027113758,34
03-09-2025,NSE:APEX,EQ,656.56,2.73,4.02,219.89,-7.06,-1.78,5.84,-7.21,-17.81,-7.55,-1.68,-5,-7.64,-14.1,0.9692111697222813,34
03-09-2025,NSE:ORIENTELEC,EQ,4566.24,1.46,2.75,215.88,-0.18,-4.22,5.05,-8.61,-24.54,-0.67,-4.12,-5.79,-9.04,-20.83,0.9690909117898076,34
03-09-2025,NSE:DCW,EQ,2154.34,10.14,3.35,76.64,2.23,-3.72,3.89,-28.55,-6.90,1.74,-3.62,-6.95,-28.98,-3.19,0.9690757490894742,34
03-09-2025,NSE:RPPINFRA,EQ,658.8,3.58,6.98,142.77,10.46,-2.29,14.95,-39.63,-49.30,9.97,-2.19,4.11,-40.06,-45.59,0.9690184238752364,34
03-09-2025,NSE:IPCALAB,EQ,35061.92,1.66,3.31,1359,-6.71,-2.72,-0.72,-13.51,-0.63,-7.2,-2.62,-11.56,-13.94,3.08,0.9687734570621346,34
03-09-2025,NSE:SHRIRAMPPS,EQ,1458.22,6.19,3.43,90.29,-3.07,-4.35,21.96,-18.96,-49.09,-3.56,-4.25,11.12,-19.39,-45.38,0.9684961163782495,34
03-09-2025,NSE:TRIVENI,EQ,7683.32,3.67,2.77,366.55,7.02,-15.60,4.30,-8.88,-19.79,6.53,-15.5,-6.54,-9.31,-16.08,0.9684176912575977,34
03-09-2025,NSE:ICICIPRULI,EQ,86792.78,9.06,2.06,607.9,1.13,-5.87,7.92,-15.09,-22.11,0.64,-5.77,-2.92,-15.52,-18.4,0.9684097351156604,34
03-09-2025,NSE:ANANTRAJ,EQ,17780.9,9.39,2.56,543.8,-3.69,-4.98,11.20,-23.84,-10.37,-4.18,-4.88,0.36,-24.27,-6.66,0.968211233771485,34
03-09-2025,NSE:BLS,EQ,15098.54,24.19,2.85,370.6,-2.44,-10.32,5.71,-4.82,-15.11,-2.93,-10.22,-5.13,-5.25,-11.4,0.9682033657677658,33
03-09-2025,NSE:SHALBY,EQ,2100.25,1.18,2.62,198.53,-3.61,7.74,0.12,-12.19,-36.48,-4.1,7.84,-10.72,-12.62,-32.77,0.9681217646431217,33
03-09-2025,NSE:MONARCH,EQ,2508.84,2.56,3.31,335.5,-3.22,8.64,-3.79,-25.34,-16.06,-3.71,8.74,-14.63,-25.77,-12.35,0.9681212801030448,33
03-09-2025,NSE:OSIAHYPER,BE,288,2.98,0.49,20.24,34.54,-3.51,-28.26,-71.84,-63.88,34.05,-3.41,-39.1,-72.27,-60.17,0.9680607607906926,33
03-09-2025,NSE:RENUKA,EQ,6027.88,117.24,2.86,32.54,8.02,-1.87,12.02,-30.92,-45.70,7.53,-1.77,1.18,-31.35,-41.99,0.9678146572164488,33
03-09-2025,NSE:ALOKINDS,EQ,8644.48,74.01,3.13,18.63,-0.38,-3.06,15.19,-14.22,-49.22,-0.87,-2.96,4.35,-14.65,-45.51,0.9673136135333364,33
03-09-2025,NSE:OSWALGREEN,EQ,1035.71,3.66,3.66,41,-1.54,-5.85,11.78,-24.10,-15.95,-2.03,-5.75,0.94,-24.53,-12.24,0.967029804609394,33
03-09-2025,NSE:PNGJL,EQ,7778.12,2.86,3.03,581.5,0.51,3.96,5.45,-17.15,-42.73,0.02,4.06,-5.39,-17.58,-39.02,0.9670269565694284,33
03-09-2025,NSE:AWL,EQ,32589.44,8.81,2.21,265.1,2.94,-1.36,7.30,-18.31,-37.17,2.45,-1.26,-3.54,-18.74,-33.46,0.9665968300371612,33
03-09-2025,NSE:INDGN,EQ,13022.75,3.63,2.37,551.8,-4.62,-7.00,8.67,-23.64,-3.86,-5.11,-6.9,-2.17,-24.07,-0.15,0.9665585959328132,33
03-09-2025,NSE:PNBGILTS,EQ,1732.6,7.14,3.31,99.02,-5.18,-4.08,16.78,-18.00,-32.01,-5.67,-3.98,5.94,-18.43,-28.3,0.9665213034340722,33
03-09-2025,NSE:RAMASTEEL,EQ,1543.7,49.97,3.36,10.53,-2.75,-11.21,3.32,-16.81,0.38,-3.24,-11.11,-7.52,-17.24,4.09,0.9662217540138799,33
03-09-2025,NSE:ANDHRAPAP,EQ,1545.07,4.86,3.43,79.98,1.94,3.80,6.14,-23.32,-41.11,1.45,3.9,-4.7,-23.75,-37.4,0.9662021630728895,32
03-09-2025,NSE:JASH,EQ,3263.27,1.74,3.83,515.3,-10.48,-8.66,-7.94,-17.02,16.96,-10.97,-8.56,-18.78,-17.45,20.67,0.9658015174610899,32
03-09-2025,NSE:TRENT,EQ,188123.96,9.55,2.25,5367,3.48,-2.60,10.47,-26.61,-33.61,2.99,-2.5,-0.37,-27.04,-29.9,0.9657854398411796,32
03-09-2025,NSE:MOMENTUM50,EQ,224.78,3.98,2.03,50.84,-0.28,-4.11,9.42,-16.70,-29.37,-0.77,-4.01,-1.42,-17.13,-25.66,0.9657456118251293,32
03-09-2025,NSE:NHPC,EQ,77597.89,96.21,2.14,79.33,-4.93,-9.81,6.33,-2.66,-19.78,-5.42,-9.71,-4.51,-3.09,-16.07,0.9656940784778808,32
03-09-2025,NSE:SMSPHARMA,EQ,2096.71,1.69,4.22,233,1.76,-9.10,14.92,-12.00,-46.07,1.27,-9,4.08,-12.43,-42.36,0.9655991765963358,32
03-09-2025,NSE:GPPL,EQ,7214.86,10.49,2.61,155.25,-2.89,-1.02,16.60,-20.82,-46.16,-3.38,-0.92,5.76,-21.25,-42.45,0.9653500329862013,32
03-09-2025,NSE:DELTACORP,EQ,2268.02,55.6,5.13,92.4,9.12,2.55,0.48,-27.23,-46.29,8.63,2.65,-10.36,-27.66,-42.58,0.9652599969758836,32
03-09-2025,NSE:MOL,EQ,2083.6,6.33,3.13,83.24,-13.37,-9.26,22.14,-16.59,-21.71,-13.86,-9.16,11.3,-17.02,-18,0.9651893988305918,32
03-09-2025,NSE:KITEX,EQ,3551.7,13.59,3.36,189,-14.25,-50.85,10.26,-30.94,35.95,-14.74,-50.75,-0.58,-31.37,39.66,0.9651667782973826,32
03-09-2025,NSE:BHARATWIRE,EQ,1170.74,1.97,4.73,181.6,1.78,-5.59,22.74,-29.15,-59.75,1.29,-5.49,11.9,-29.58,-56.04,0.9650704621064429,32
03-09-2025,NSE:WIPRO,EQ,261349.71,79.88,1.84,249.24,2.60,0.95,-18.16,-15.92,-8.07,2.11,1.05,-29,-16.35,-4.36,0.9649580099868129,32
03-09-2025,NSE:VGUARD,EQ,15892.16,1.77,2.47,359.95,-4.64,-3.67,11.86,-15.84,-28.10,-5.13,-3.57,1.02,-16.27,-24.39,0.964875643208911,31
03-09-2025,NSE:VERANDA,EQ,2045.21,7.21,4.81,218.34,-6.26,7.90,-4.53,-10.74,-31.08,-6.75,8,-15.37,-11.17,-27.37,0.9647650205797135,31
03-09-2025,NSE:DEVIT,EQ,246.47,1.9,5.39,45.81,3.93,8.61,-8.62,-40.76,-18.73,3.44,8.71,-19.46,-41.19,-15.02,0.9642729200330158,31
03-09-2025,NSE:JISLJALEQS,EQ,3547.32,74.07,5.7,56.96,11.82,-8.48,-1.51,-26.81,-23.86,11.33,-8.38,-12.35,-27.24,-20.15,0.9642130777050186,31
03-09-2025,NSE:KANSAINER,EQ,19381.42,4.92,2.27,243,-2.90,-2.35,5.04,-15.62,-22.63,-3.39,-2.25,-5.8,-16.05,-18.92,0.9640785913045071,31
03-09-2025,NSE:SWANENERGY,EQ,13883.01,19.97,4.41,461.3,4.01,2.62,9.21,-32.44,-46.27,3.52,2.72,-1.63,-32.87,-42.56,0.9637974626274071,31
03-09-2025,NSE:AXISBANK,EQ,325403.68,52.93,1.4,1046.3,-1.54,-11.92,2.83,-8.60,-12.34,-2.03,-11.82,-8.01,-9.03,-8.63,0.9636617229472947,31
03-09-2025,NSE:FLUOROCHEM,EQ,37333.62,1.19,2.5,3398.2,-2.86,-8.04,-9.06,-16.45,5.63,-3.35,-7.94,-19.9,-16.88,9.34,0.9635507099238863,31
03-09-2025,NSE:MAHLIFE,EQ,7443.05,1.64,3.02,352.5,-4.47,6.30,13.65,-28.90,-51.00,-4.96,6.4,2.81,-29.33,-47.29,0.9634251278547995,31
03-09-2025,NSE:GICRE,EQ,63728.58,10.5,2.57,371.75,-3.24,-7.29,-4.88,-7.49,-8.77,-3.73,-7.19,-15.72,-7.92,-5.06,0.9628590067710464,31
03-09-2025,NSE:TATAMOTORS,EQ,246507.11,94.19,2.08,690.8,6.07,-2.66,6.12,-13.85,-62.37,5.58,-2.56,-4.72,-14.28,-58.66,0.9625935069992634,31
03-09-2025,NSE:TATACOMM,EQ,44146.5,5.35,2.57,1565.5,-6.50,-7.49,11.28,-12.11,-23.47,-6.99,-7.39,0.44,-12.54,-19.76,0.9625784609045062,31
03-09-2025,NSE:RAIN,EQ,4557.48,30.49,3.05,139.45,-9.57,-6.11,10.01,-10.25,-20.09,-10.06,-6.01,-0.83,-10.68,-16.38,0.9624435298872882,31
03-09-2025,NSE:LICHSGFIN,EQ,30528.5,15.64,1.72,557.4,-2.31,-8.24,7.88,-14.60,-21.27,-2.8,-8.14,-2.96,-15.03,-17.56,0.9623491777731845,30
03-09-2025,NSE:TALBROAUTO,EQ,1598.76,1.11,4.12,268.9,-5.47,-8.98,17.07,-19.04,-28.56,-5.96,-8.88,6.23,-19.47,-24.85,0.9620741433841059,30
03-09-2025,NSE:TARC,EQ,4522.35,5.05,4.61,162.58,-12.18,-2.31,24.82,-34.97,-34.61,-12.67,-2.21,13.98,-35.4,-30.9,0.962054606930563,30
03-09-2025,NSE:LODHA,EQ,119703.62,10.12,2.52,1197.5,-0.87,-20.65,0.21,-4.65,-4.76,-1.36,-20.55,-10.63,-5.08,-1.05,0.9619240499543794,30
03-09-2025,NSE:SPUNWEB,SM,332.75,1.08,5.71,142.65,-7.78,-5.85,-5.85,-5.85,-5.85,-8.27,-5.75,-16.69,-6.28,-2.14,0.9617436406489455,30
03-09-2025,NSE:ACC,EQ,33839.26,2.44,1.53,1836.4,2.28,-2.21,0.60,-21.03,-25.80,1.79,-2.11,-10.24,-21.46,-22.09,0.9616611494892223,30
03-09-2025,NSE:PRIMO,EQ,618.46,1.11,4.1,25.81,-7.21,3.25,-11.55,-11.55,-11.55,-7.7,3.35,-22.39,-11.98,-7.84,0.96143293369709,30
03-09-2025,NSE:CIFL,EQ,1328.09,1.78,5.49,33.28,-0.99,-10.04,-7.54,-7.54,-7.54,-1.48,-9.94,-18.38,-7.97,-3.83,0.961347269521936,30
03-09-2025,NSE:ARE&M,EQ,18119.51,6,2.42,1017.85,6.28,1.90,1.96,-25.82,-49.38,5.79,2,-8.88,-26.25,-45.67,0.9613054947553874,30
03-09-2025,NSE:JUNIPER,EQ,6292.37,1.09,4.01,287.5,0.16,-7.43,15.03,-24.83,-36.17,-0.33,-7.33,4.19,-25.26,-32.46,0.9612066142767165,30
03-09-2025,NSE:TREL,EQ,795.32,1.36,3.82,32.88,-2.34,-1.03,9.40,-13.41,-49.79,-2.83,-0.93,-1.44,-13.84,-46.08,0.9611693318286805,30
03-09-2025,NSE:IKIO,EQ,1592.76,4.27,4.55,211.59,6.36,-3.45,3.38,-26.35,-35.55,5.87,-3.35,-7.46,-26.78,-31.84,0.9609697511486253,30
03-09-2025,NSE:JSWENERGY,EQ,85282.36,24.26,2.38,511.15,-0.10,0.41,10.24,-28.07,-40.87,-0.59,0.51,-0.6,-28.5,-37.16,0.960950231107909,29
03-09-2025,NSE:DCXINDIA,EQ,2911.64,14.39,3.39,271,5.35,-13.89,9.63,-23.78,-24.83,4.86,-13.79,-1.21,-24.21,-21.12,0.9609241226243307,29
03-09-2025,NSE:CESC,EQ,20213.62,35.17,2.68,154.95,-6.83,-8.98,13.36,-12.28,-27.98,-7.32,-8.88,2.52,-12.71,-24.27,0.9607455532229782,29
03-09-2025,NSE:MUFIN,EQ,1408.1,2.33,3.4,86.88,-1.06,11.68,4.22,-42.18,-47.54,-1.55,11.78,-6.62,-42.61,-43.83,0.9604751354055859,29
03-09-2025,NSE:CONCORDBIO,EQ,17592.26,1.29,3.45,1682.3,-3.47,-11.51,5.53,-26.46,-1.39,-3.96,-11.41,-5.31,-26.89,2.32,0.9602036133607881,29
03-09-2025,NSE:SHREEJISPG,EQ,4108.8,36.39,2.94,253,-6.72,-6.72,-6.72,-6.72,-6.72,-7.21,-6.62,-17.56,-7.15,-3.01,0.9600383672928554,29
03-09-2025,NSE:DAVANGERE,EQ,328.35,113.81,5.25,3.96,19.30,9.51,-21.54,-47.71,-69.72,18.81,9.61,-32.38,-48.14,-66.01,0.959971607288112,29
03-09-2025,NSE:ADANIENSOL,EQ,91777.99,22.34,2.34,764.2,-3.78,-13.32,13.41,-9.98,-31.39,-4.27,-13.22,2.57,-10.41,-27.68,0.9599710135397497,29
03-09-2025,NSE:EMAMILTD,EQ,25011.45,8.76,3.2,590.7,-4.84,-0.54,7.60,-15.79,-37.63,-5.33,-0.44,-3.24,-16.22,-33.92,0.959830982451179,29
03-09-2025,NSE:JAGRAN,EQ,1557.32,1.02,1.88,72,-1.44,-1.83,3.28,-16.72,-32.06,-1.93,-1.73,-7.56,-17.15,-28.35,0.959716267974395,29
03-09-2025,NSE:CUDML,SM,254.1,2.3,5.73,145,-6.90,-6.90,-6.90,-6.90,-6.90,-7.39,-6.8,-17.74,-7.33,-3.19,0.9592685838613616,29
03-09-2025,NSE:SHRIRAMFIN,EQ,109450.53,62.96,2.24,581,-5.71,-10.36,-4.44,-3.95,-10.17,-6.2,-10.26,-15.28,-4.38,-6.46,0.9590686167054873,29
03-09-2025,NSE:ADANIENT,EQ,259448.29,9.47,2.56,2277.2,-3.24,-9.32,7.30,-8.17,-32.63,-3.73,-9.22,-3.54,-8.6,-28.92,0.9587926695903217,28
03-09-2025,NSE:BODALCHEM,EQ,810.45,3.55,3.64,65.8,-8.98,-12.55,14.89,-12.13,-24.03,-9.47,-12.45,4.05,-12.56,-20.32,0.9586082547789642,28
03-09-2025,NSE:INDOSTAR,EQ,3508.69,1.35,3.89,259.5,-8.38,-26.30,8.21,-2.33,-4.32,-8.87,-26.2,-2.63,-2.76,-0.61,0.9585641899116784,28
03-09-2025,NSE:SPANDANA,EQ,1740.56,2.11,3.77,276.61,6.19,10.39,7.62,-36.23,-112.70,5.7,10.49,-3.22,-36.66,-108.99,0.9584671702738937,28
03-09-2025,NSE:STEELXIND,EQ,1059.91,50.58,4.17,9.04,-13.72,8.74,11.39,-19.36,-57.08,-14.21,8.84,0.55,-19.79,-53.37,0.9582343186569281,28
03-09-2025,NSE:ORIENTHOT,EQ,2464.67,1.88,2.4,140.32,-1.42,-13.38,4.54,-30.10,-2.21,-1.91,-13.28,-6.3,-30.53,1.5,0.9573459850612378,28
03-09-2025,NSE:POLYMED,EQ,21075.75,1.98,3.48,2062.1,5.50,-8.50,-1.33,-34.94,-11.76,5.01,-8.4,-12.17,-35.37,-8.05,0.9573452525457555,28
03-09-2025,NSE:EXXARO,BE,343.61,5.81,5.81,8.07,-2.48,-11.28,1.98,-26.43,-2.80,-2.97,-11.18,-8.86,-26.86,0.91,0.9572884715743813,28
03-09-2025,NSE:UNITDSPR,EQ,95355.7,11.58,1.71,1337.9,1.16,-18.40,0.19,-14.29,-8.29,0.67,-18.3,-10.65,-14.72,-4.58,0.9570632166679601,28
03-09-2025,NSE:SUNPHARMA,EQ,382852.54,27.14,1.84,1573.1,-3.60,-5.84,-4.73,-13.21,-14.37,-4.09,-5.74,-15.57,-13.64,-10.66,0.9567292933980391,28
03-09-2025,NSE:GODREJAGRO,EQ,14262.12,2.13,2.89,730,-11.51,-11.64,-0.81,-2.82,-8.56,-12,-11.54,-11.65,-3.25,-4.85,0.9566088472451681,28
03-09-2025,NSE:ITIETF,EQ,449.62,10.31,1.89,38.57,1.97,-3.89,-8.74,-19.99,-17.84,1.48,-3.79,-19.58,-20.42,-14.13,0.9564239814782849,28
03-09-2025,NSE:ITBEES,EQ,2604.78,72.69,3.35,38.64,1.99,-3.91,-8.72,-20.24,-17.75,1.5,-3.81,-19.56,-20.67,-14.04,0.9563384225636703,28
03-09-2025,NSE:TORNTPOWER,EQ,62428.61,7.16,2.71,1309.5,1.63,-8.37,-0.24,-15.36,-26.72,1.14,-8.27,-11.08,-15.79,-23.01,0.9562863160118065,27
03-09-2025,NSE:GPTHEALTH,EQ,1215.07,3.33,3.87,151.4,-18.47,1.21,9.90,-18.17,-21.88,-18.96,1.31,-0.94,-18.6,-18.17,0.9562861775475562,27
03-09-2025,NSE:AAVAS,EQ,12038.07,2.74,3,1593.2,-5.40,-13.14,-6.10,-5.02,-7.37,-5.89,-13.04,-16.94,-5.45,-3.66,0.9562711913562594,27
03-09-2025,NSE:TECH,EQ,275.07,1.54,2.51,37.76,1.67,-3.87,-8.77,-19.76,-17.74,1.18,-3.77,-19.61,-20.19,-14.03,0.9562318984675745,27
03-09-2025,NSE:IT,EQ,380.94,2.43,2.7,38.48,1.98,-4.44,-8.52,-20.17,-18.24,1.49,-4.34,-19.36,-20.6,-14.53,0.9556305641249009,27
03-09-2025,NSE:NAUKRI,EQ,87890.43,18.33,3.01,1360,-0.58,-3.72,-8.55,-21.40,-12.98,-1.07,-3.62,-19.39,-21.83,-9.27,0.9554205687132737,27
03-09-2025,NSE:SJVN,EQ,36723.94,77.26,3.01,93.95,1.70,-5.07,6.35,-22.29,-42.33,1.21,-4.97,-4.49,-22.72,-38.62,0.9553825185223198,27
03-09-2025,NSE:PRINCEPIPE,EQ,3522.48,4.62,4.53,330.5,-1.69,0.65,16.93,-29.35,-78.43,-2.18,0.75,6.09,-29.78,-74.72,0.9553091303806293,27
03-09-2025,NSE:NILAINFRA,EQ,415.95,3.6,2.69,10.56,-4.55,-6.34,8.43,-16.29,-36.55,-5.04,-6.24,-2.41,-16.72,-32.84,0.9543984559290503,27
03-09-2025,NSE:TRIDENT,EQ,13937.44,48.45,2.28,28.47,-1.51,-8.96,6.46,-19.25,-30.14,-2,-8.86,-4.38,-19.68,-26.43,0.9539914539306918,27
03-09-2025,NSE:GENUSPAPER,EQ,457.68,1.35,4.26,18.55,2.86,-6.90,3.40,-19.51,-41.67,2.37,-6.8,-7.44,-19.94,-37.96,0.9539102096319511,27
03-09-2025,NSE:RAYMONDLSL,EQ,6713.78,2.74,5.51,1236.3,5.25,17.81,7.47,-65.56,-144.28,4.76,17.91,-3.37,-65.99,-140.57,0.9537109340956402,27
03-09-2025,NSE:HATHWAY,EQ,2579.04,19.51,2.04,14.81,-1.96,-6.21,7.36,-16.68,-43.69,-2.45,-6.11,-3.48,-17.11,-39.98,0.9535071991432663,26
03-09-2025,NSE:ANDHRSUGAR,EQ,1024.65,3.08,3.33,77.01,0.75,1.80,3.42,-29.97,-47.89,0.26,1.9,-7.42,-30.4,-44.18,0.9534547323866446,26
03-09-2025,NSE:EMIL,EQ,4828.6,9.08,3.96,131.3,4.25,5.06,3.75,-37.14,-67.00,3.76,5.16,-7.09,-37.57,-63.29,0.9534205689598277,26
03-09-2025,NSE:GNFC,EQ,7688.67,4.79,2.1,519.65,-2.96,-5.58,5.82,-22.93,-30.08,-3.45,-5.48,-5.02,-23.36,-26.37,0.9531215330388165,26
03-09-2025,NSE:SNOWMAN,EQ,843.79,1.9,3.34,54.61,2.20,-6.98,14.70,-34.96,-52.02,1.71,-6.88,3.86,-35.39,-48.31,0.9529926185746476,26
03-09-2025,NSE:CROMPTON,EQ,21250.37,21.35,2.09,331.3,3.05,-4.89,1.72,-23.66,-40.36,2.56,-4.79,-9.12,-24.09,-36.65,0.9529093672822383,26
03-09-2025,NSE:UBL,EQ,48862.07,1.71,1.94,1831.5,-5.10,-10.82,-9.57,-6.50,-11.09,-5.59,-10.72,-20.41,-6.93,-7.38,0.9528430958133555,26
03-09-2025,NSE:IRCTC,EQ,55360,7.39,1.54,710.45,-1.23,-9.40,2.27,-14.85,-29.92,-1.72,-9.3,-8.57,-15.28,-26.21,0.9527614586627465,26
03-09-2025,NSE:MOS,SM,600.32,1.96,6.54,46.5,-6.92,-19.57,-11.33,-22.45,16.09,-7.41,-19.47,-22.17,-22.88,19.8,0.9524596743088449,26
03-09-2025,NSE:DEN,EQ,1672.67,3.85,2.84,36.2,-3.92,-0.61,7.49,-23.31,-47.73,-4.41,-0.51,-3.35,-23.74,-44.02,0.9524175050296492,26
03-09-2025,NSE:DCMSRIND,EQ,1374.48,1.11,3.12,158.32,-3.97,-6.25,-0.49,-15.96,-24.15,-4.46,-6.15,-11.33,-16.39,-20.44,0.9524049339458959,26
03-09-2025,NSE:RCOM,BE,417.6,54.72,6.13,1.45,8.97,-2.76,-43.45,-13.79,-17.24,8.48,-2.66,-54.29,-14.22,-13.53,0.9524043066301144,26
03-09-2025,NSE:SCILAL,EQ,2276.36,4.33,3.15,52.8,4.53,-4.32,10.80,-32.69,-63.69,4.04,-4.22,-0.04,-33.12,-59.98,0.9521913476325667,25
03-09-2025,NSE:NOVAAGRI,EQ,468.24,1.51,3.6,52.05,-2.29,-0.48,5.09,-23.75,-46.92,-2.78,-0.38,-5.75,-24.18,-43.21,0.9521504430502709,25
03-09-2025,NSE:ASTRAL,EQ,36588.05,13.04,2.75,1429.2,1.83,-6.52,2.88,-25.28,-35.10,1.34,-6.42,-7.96,-25.71,-31.39,0.9517164142500204,25
03-09-2025,NSE:VTL,EQ,12205.37,22.72,4.39,415.65,-1.23,-17.65,4.67,-14.54,-21.02,-1.72,-17.55,-6.17,-14.97,-17.31,0.9514800534584203,25
03-09-2025,NSE:REDTAPE,EQ,6771.34,3.13,3.47,135.65,6.86,2.60,-11.65,-50.29,-23.67,6.37,2.7,-22.49,-50.72,-19.96,0.9513851032409163,25
03-09-2025,NSE:BAJAJHFL,EQ,92697.22,48.66,1.85,113.16,0.22,-7.59,1.44,-20.07,-32.56,-0.27,-7.49,-9.4,-20.5,-28.85,0.9512882180189248,25
03-09-2025,NSE:TVSSCS,EQ,5404.41,11.07,3.39,132.36,6.24,0.12,-4.22,-33.67,-45.29,5.75,0.22,-15.06,-34.1,-41.58,0.9511021752371288,25
03-09-2025,NSE:ORIENTTECH,EQ,1265.7,1.24,2.9,309.7,-0.57,-14.09,-3.63,-28.66,-2.53,-1.06,-13.99,-14.47,-29.09,1.18,0.9510516049485788,25
03-09-2025,NSE:BHARATFORG,EQ,53012.27,9.65,2.73,1134.5,-1.02,-12.01,8.47,-17.43,-39.08,-1.51,-11.91,-2.37,-17.86,-35.37,0.950971072513962,25
03-09-2025,NSE:GENUSPOWER,EQ,9953.65,11.74,4.57,341.5,-6.54,-15.51,21.17,-29.14,-36.40,-7.03,-15.41,10.33,-29.57,-32.69,0.950886859499461,25
03-09-2025,NSE:MTARTECH,EQ,4309.42,1.49,3.51,1449.1,1.46,-16.09,5.66,-23.36,-22.97,0.97,-15.99,-5.18,-23.79,-19.26,0.9508009739051884,25
03-09-2025,NSE:MRPL,EQ,21423.77,15.17,2.61,127.19,2.86,-11.41,13.13,-21.52,-65.26,2.37,-11.31,2.29,-21.95,-61.55,0.9505981916061325,25
03-09-2025,NSE:ASHOKA,EQ,4851.46,9.2,3.23,193.59,-2.01,-11.42,6.32,-28.87,-19.30,-2.5,-11.32,-4.52,-29.3,-15.59,0.9505025307770069,25
03-09-2025,NSE:BECTORFOOD,EQ,8442.24,1.18,3.38,1375,-6.28,-4.47,1.75,-31.95,-13.21,-6.77,-4.37,-9.09,-32.38,-9.5,0.9504925864767964,24
03-09-2025,NSE:AJANTPHARM,EQ,31231.41,1.12,2.93,2531.6,-6.46,-2.16,-2.29,-19.39,-24.47,-6.95,-2.06,-13.13,-19.82,-20.76,0.9504490166845703,24
03-09-2025,NSE:RANASUG,EQ,218.07,2.2,2.98,15.05,5.38,-9.83,7.57,-31.89,-44.78,4.89,-9.73,-3.27,-32.32,-41.07,0.9503377086708504,24
03-09-2025,NSE:DWARKESH,EQ,728.42,6.94,3.53,45.4,8.17,-7.20,12.29,-46.04,-62.09,7.68,-7.1,1.45,-46.47,-58.38,0.9502797674488128,24
03-09-2025,NSE:SYNCOMF,BE,1578.26,5.97,3.17,17.27,-4.05,-20.61,7.18,-16.44,-15.46,-4.54,-20.51,-3.66,-16.87,-11.75,0.9497470007087192,24
03-09-2025,NSE:PFC,EQ,125304.86,59.85,2.17,394.15,-2.46,-2.70,4.07,-25.66,-40.67,-2.95,-2.6,-6.77,-26.09,-36.96,0.9494834910846178,24
03-09-2025,NSE:COLPAL,EQ,63334.57,6.47,2.23,2385.8,5.36,-4.04,-4.66,-21.12,-51.19,4.87,-3.94,-15.5,-21.55,-47.48,0.9492879039967506,24
03-09-2025,NSE:PCBL,EQ,14005.75,5.9,2.62,380.7,-5.20,-9.93,1.72,-13.96,-26.46,-5.69,-9.83,-9.12,-14.39,-22.75,0.9492625326634824,24
03-09-2025,NSE:MTNL,EQ,1198.96,21.08,3.31,44.9,-1.56,-16.59,2.90,-8.11,-34.05,-2.05,-16.49,-7.94,-8.54,-30.34,0.9489055848688815,24
03-09-2025,NSE:UNITECH,BZ,1874.69,19.39,3.87,7,-1.86,-7.14,6.57,-29.29,-32.86,-2.35,-7.04,-4.27,-29.72,-29.15,0.9487923557914434,24
03-09-2025,NSE:URJA,EQ,692.55,8.71,3.72,13.86,0.36,-8.87,17.17,-37.45,-57.94,-0.13,-8.77,6.33,-37.88,-54.23,0.9486730446184438,24
03-09-2025,NSE:RBZJEWEL,EQ,551.92,1.77,5.3,136.24,3.23,-2.76,-16.13,-37.26,-11.73,2.74,-2.66,-26.97,-37.69,-8.02,0.9486546309119367,24
03-09-2025,NSE:GSPL,EQ,16362.13,6,2.73,301.25,-2.54,-11.34,7.37,-17.56,-39.19,-3.03,-11.24,-3.47,-17.99,-35.48,0.9485736584262622,23
03-09-2025,NSE:SKYGOLD,EQ,4269.66,11.04,4.97,292.95,6.33,-30.18,-14.30,-31.57,11.12,5.84,-30.08,-25.14,-32,14.83,0.9485293651405788,23
03-09-2025,NSE:JYOTHYLAB,EQ,12430.21,2.8,2.45,337.75,1.60,-1.04,1.08,-24.38,-59.73,1.11,-0.94,-9.76,-24.81,-56.02,0.9481309266052884,23
03-09-2025,NSE:CARBORUNIV,EQ,17243.64,4.64,3.93,955,3.04,-0.75,11.46,-52.79,-58.42,2.55,-0.65,0.62,-53.22,-54.71,0.948049631429035,23
03-09-2025,NSE:ACE,EQ,12534.7,9.52,4.17,1097.6,-1.59,-15.36,-1.36,-19.18,-15.23,-2.08,-15.26,-12.2,-19.61,-11.52,0.9478653542547848,23
03-09-2025,NSE:MANINFRA,EQ,6060.89,4.78,2.78,161.93,-6.24,-0.78,4.79,-44.63,-20.92,-6.73,-0.68,-6.05,-45.06,-17.21,0.9477440412112264,23
03-09-2025,NSE:BCLIND,EQ,1173.27,5.47,3.46,41.26,-6.33,-1.14,10.40,-36.67,-41.59,-6.82,-1.04,-0.44,-37.1,-37.88,0.9474328444949144,23
03-09-2025,NSE:GREENPANEL,EQ,3299.9,1.17,3.17,272.45,-2.92,4.02,-4.86,-27.49,-44.56,-3.41,4.12,-15.7,-27.92,-40.85,0.9472789244423951,23
03-09-2025,NSE:ALEMBICLTD,EQ,2620.2,2.56,2.49,105.4,-5.51,-4.99,9.64,-24.64,-47.58,-6,-4.89,-1.2,-25.07,-43.87,0.947019254478295,23
03-09-2025,NSE:JINDALPOLY,EQ,2585.59,4.7,4.43,605.3,8.01,-2.79,-9.52,-44.28,-30.94,7.52,-2.69,-20.36,-44.71,-27.23,0.9469475280385266,23
03-09-2025,NSE:SUZLON,EQ,77413.07,727.01,3.09,58.27,-13.18,-14.50,10.54,-8.08,-32.14,-13.67,-14.4,-0.3,-8.51,-28.43,0.9467682138686234,23
03-09-2025,NSE:OMAXE,EQ,1605.14,5.77,4.13,88.49,-8.44,-13.38,10.85,-11.64,-41.79,-8.93,-13.28,0.01,-12.07,-38.08,0.9465767840231472,23
03-09-2025,NSE:SATIN,EQ,1492.46,1.74,2.45,143.64,-0.99,-7.86,-2.85,-10.25,-47.61,-1.48,-7.76,-13.69,-10.68,-43.9,0.9465616895671997,22
03-09-2025,NSE:KRITIKA,EQ,246.31,4.12,6.29,9.49,3.16,-6.11,13.38,-26.98,-99.26,2.67,-6.01,2.54,-27.41,-95.55,0.9460924150897102,22
03-09-2025,NSE:ORIENTPPR,EQ,586.27,9.04,3,28,-0.14,-2.79,15.71,-43.21,-74.00,-0.63,-2.69,4.87,-43.64,-70.29,0.9460912234149877,22
03-09-2025,NSE:MMTC,EQ,9090,5.98,2.93,64.37,-2.95,-21.25,20.93,-22.14,-57.90,-3.44,-21.15,10.09,-22.57,-54.19,0.9459461781314161,22
03-09-2025,NSE:GAEL,EQ,4733.48,3.17,2.45,105.74,-4.30,-8.77,1.83,-17.48,-34.96,-4.79,-8.67,-9.01,-17.91,-31.25,0.9455956299504877,22
03-09-2025,NSE:ZENTEC,EQ,13184.2,3.66,3.68,1484,-3.32,-50.24,25.21,-27.86,-16.86,-3.81,-50.14,14.37,-28.29,-13.15,0.945445883116181,22
03-09-2025,NSE:DHAMPURSUG,EQ,795.79,3.07,2.81,138.1,-0.03,-6.82,10.54,-36.42,-51.44,-0.52,-6.72,-0.3,-36.85,-47.73,0.9451045770040252,22
03-09-2025,NSE:KPITTECH,EQ,32595.7,7.8,2.14,1216.7,0.84,-8.35,-2.90,-12.50,-52.70,0.35,-8.25,-13.74,-12.93,-48.99,0.9450064544813388,22
03-09-2025,NSE:RATNAVEER,EQ,746.94,2.67,3.61,145.64,2.49,-7.02,6.93,-71.22,-18.91,2,-6.92,-3.91,-71.65,-15.2,0.9448419440441764,22
03-09-2025,NSE:KTKBANK,EQ,6501.08,8.28,1.54,174.72,-2.10,-12.72,2.55,-21.34,-30.03,-2.59,-12.62,-8.29,-21.77,-26.32,0.9445680341002263,22
03-09-2025,NSE:GATEWAY,EQ,3217.21,9.5,2.85,65.1,-4.98,-0.48,4.42,-26.91,-53.56,-5.47,-0.38,-6.42,-27.34,-49.85,0.9444736327765326,22
03-09-2025,NSE:HINDMOTORS,BE,463.22,2.39,3.58,23.4,1.41,-35.17,-0.56,0.56,-28.25,0.92,-35.07,-11.4,0.13,-24.54,0.9444073618549017,22
03-09-2025,NSE:NETWORK18,EQ,8157.18,42.28,3.42,54.47,-5.51,-1.56,20.08,-44.74,-82.52,-6,-1.46,9.24,-45.17,-78.81,0.9442480812237621,22
03-09-2025,NSE:BATAINDIA,EQ,14228,2.78,3.03,1161.7,-2.11,-5.24,-10.38,-21.45,-24.85,-2.6,-5.14,-21.22,-21.88,-21.14,0.9442461325483328,21
03-09-2025,NSE:BHEL,EQ,72601.02,76.77,2.5,214.94,-7.75,-18.06,12.79,-16.82,-35.39,-8.24,-17.96,1.95,-17.25,-31.68,0.9441866205927368,21
03-09-2025,NSE:SADBHAV,EQ,242.94,6.87,5.4,14.44,16.14,5.68,7.76,-109.63,-120.50,15.65,5.78,-3.08,-110.06,-116.79,0.9438510765820777,21
03-09-2025,NSE:KCPSUGIND,EQ,359.54,1.36,4.03,34.65,6.03,-4.96,-0.95,-35.50,-55.38,5.54,-4.86,-11.79,-35.93,-51.67,0.943299114023742,21
03-09-2025,NSE:AEGISLOG,EQ,23606.51,2.67,2.91,701,-0.86,-14.05,-9.03,-29.52,-6.98,-1.35,-13.95,-19.87,-29.95,-3.27,0.9431180251397695,21
03-09-2025,NSE:RAILTEL,EQ,10538.01,12.21,3.12,348.3,-1.64,-26.92,14.56,-17.74,-41.27,-2.13,-26.82,3.72,-18.17,-37.56,0.9429580631423446,21
03-09-2025,NSE:RAJESHEXPO,EQ,5175.61,3.4,3,183.51,1.60,-11.07,10.15,-29.56,-60.84,1.11,-10.97,-0.69,-29.99,-57.13,0.9427949504969854,21
03-09-2025,NSE:NCC,EQ,12832.56,32.7,2.73,212.71,-0.63,-10.83,15.99,-45.60,-50.39,-1.12,-10.73,5.15,-46.03,-46.68,0.9427929947042811,21
03-09-2025,NSE:SIGNATURE,EQ,15303.02,2.89,2.29,1104.6,-2.42,-11.76,1.59,-21.98,-33.34,-2.91,-11.66,-9.25,-22.41,-29.63,0.9424699710029549,21
03-09-2025,NSE:PAVNAIND,EQ,5768.87,2.55,6.52,37.9,-2.74,-2.51,-1.48,-46.42,-22.92,-3.23,-2.41,-12.32,-46.85,-19.21,0.942282668267393,21
03-09-2025,NSE:AEROENTER,EQ,978.3,1.26,2.79,89.57,-13.97,3.63,0.21,-31.13,-32.30,-14.46,3.73,-10.63,-31.56,-28.59,0.9421704724410812,21
03-09-2025,NSE:XCHANGING,EQ,948.16,1.06,3.44,89.8,2.54,-11.00,-3.62,-22.03,-40.32,2.05,-10.9,-14.46,-22.46,-36.61,0.9421422687893526,21
03-09-2025,NSE:SUNTECK,EQ,5588.56,1.55,2.66,394.25,1.52,-10.32,4.24,-30.67,-44.69,1.03,-10.22,-6.6,-31.1,-40.98,0.9420825975829412,20
03-09-2025,NSE:ASHIMASYN,EQ,465.73,1.63,6.76,25.02,-0.36,-23.50,18.59,-36.45,-41.45,-0.85,-23.4,7.75,-36.88,-37.74,0.9420674918594024,20
03-09-2025,NSE:UFO,EQ,284.9,1.99,4.51,74.81,-1.92,8.15,-1.50,-41.81,-76.01,-2.41,8.25,-12.34,-42.24,-72.3,0.9409478874800363,20
03-09-2025,NSE:CASTROLIND,EQ,19524.14,13.35,2.04,198.3,-10.14,-9.62,-10.17,-1.23,-34.24,-10.63,-9.52,-21.01,-1.66,-30.53,0.9409397078074103,20
03-09-2025,NSE:SPARC,EQ,4543,2.25,3.02,145.5,-2.98,-7.79,16.32,-48.78,-55.17,-3.47,-7.69,5.48,-49.21,-51.46,0.9407470325507702,20
03-09-2025,NSE:ABLBL,EQ,16473.98,11.98,3.62,142.33,3.08,-17.33,-17.33,-17.33,-17.33,2.59,-17.23,-28.17,-17.76,-13.62,0.9402758858286258,20
03-09-2025,NSE:IFCI,EQ,13805.67,36.98,3.09,53.39,-8.56,-26.41,20.23,-19.63,-45.46,-9.05,-26.31,9.39,-20.06,-41.75,0.9401172090182026,20
03-09-2025,NSE:CEIGALL,EQ,4278.3,1.49,2.83,254.26,-3.45,3.00,-3.38,-34.59,-53.05,-3.94,3.1,-14.22,-35.02,-49.34,0.9400433191094184,20
03-09-2025,NSE:BALKRISIND,EQ,44250.3,2.29,2.51,2366.3,-8.85,-4.44,-13.50,-17.49,-20.51,-9.34,-4.34,-24.34,-17.92,-16.8,0.9400126159455203,20
03-09-2025,NSE:PVP,EQ,545.55,1.49,5.81,21.6,8.29,-9.81,-14.68,-20.46,-52.78,7.8,-9.71,-25.52,-20.89,-49.07,0.9398502875289441,20
03-09-2025,NSE:HPL,EQ,2982.26,3.44,4.18,477.95,-19.93,-24.66,21.38,-15.42,-32.87,-20.42,-24.56,10.54,-15.85,-29.16,0.939757766971317,20
03-09-2025,NSE:HCLTECH,EQ,394485.5,30.65,1.85,1457.9,0.40,-11.54,-11.75,-26.76,-20.16,-0.09,-11.44,-22.59,-27.19,-16.45,0.9390179601611237,20
03-09-2025,NSE:JKIL,EQ,4662.51,1.59,2.87,647.95,-7.66,-10.92,-3.52,-16.39,-27.81,-8.15,-10.82,-14.36,-16.82,-24.1,0.9388892732895411,19
03-09-2025,NSE:CAPACITE,EQ,2383.3,2.89,3.71,302.2,0.86,-9.73,-1.62,-43.38,-25.53,0.37,-9.63,-12.46,-43.81,-21.82,0.9385881287936997,19
03-09-2025,NSE:TITAGARH,EQ,11110.59,19.56,3.2,847,1.28,-9.81,12.50,-42.33,-67.14,0.79,-9.71,1.66,-42.76,-63.43,0.938509489627773,19
03-09-2025,NSE:DHANBANK,EQ,1020.3,4.09,2.33,24.84,-6.32,-28.90,4.59,-8.16,-26.70,-6.81,-28.8,-6.25,-8.59,-22.99,0.938053241516502,19
03-09-2025,NSE:GRAVITA,EQ,11934.83,2.01,2.85,1689.6,-5.96,-9.57,-0.07,-28.84,-27.48,-6.45,-9.47,-10.91,-29.27,-23.77,0.9379541153825455,19
03-09-2025,NSE:PETRONET,EQ,40650,17.33,2.25,276.65,-1.48,-11.13,-7.83,-20.40,-32.13,-1.97,-11.03,-18.67,-20.83,-28.42,0.9379484311704451,19
03-09-2025,NSE:GLOBECIVIL,EQ,471.54,4.8,3.49,77.81,-2.45,-15.67,-15.67,-15.67,-15.67,-2.94,-15.57,-26.51,-16.1,-11.96,0.9379286235224039,19
03-09-2025,NSE:RGL,EQ,1147.98,3.89,4.67,110.18,4.28,-14.46,-16.85,-59.09,1.32,3.79,-14.36,-27.69,-59.52,5.03,0.9374031945207095,19
03-09-2025,NSE:SANSTAR,EQ,1475.81,4.8,3.15,87.85,-2.12,-2.42,-2.47,-36.06,-45.70,-2.61,-2.32,-13.31,-36.49,-41.99,0.9373441597565706,19
03-09-2025,NSE:KALYANKJIL,EQ,51904.33,75.56,3.84,512.65,-13.69,-8.59,8.48,-41.31,-19.11,-14.18,-8.49,-2.36,-41.74,-15.4,0.9372650180823346,19
03-09-2025,NSE:3IINFOLTD,EQ,389.12,2.06,2.88,23.3,-0.56,-6.39,-5.54,-23.05,-50.99,-1.05,-6.29,-16.38,-23.48,-47.28,0.9372085884165898,19
03-09-2025,NSE:GPTINFRA,EQ,1415.28,2.32,3.85,117.89,-7.93,-19.13,17.29,-26.14,-52.46,-8.42,-19.03,6.45,-26.57,-48.75,0.9368142097693977,19
03-09-2025,NSE:KOTARISUG,EQ,250.66,1.94,4.92,35,7.31,-9.69,-0.51,-41.49,-58.74,6.82,-9.59,-11.35,-41.92,-55.03,0.9366946031171633,19
03-09-2025,NSE:BLUSPRING,EQ,1187.13,3.36,3.85,79.33,-12.91,-12.19,-12.19,-12.19,-12.19,-13.4,-12.09,-23.03,-12.62,-8.48,0.9366911964787135,18
03-09-2025,NSE:NOCIL,EQ,2964.69,2.51,2.62,184.45,2.22,-5.57,1.39,-42.91,-53.94,1.73,-5.47,-9.45,-43.34,-50.23,0.9366395027091009,18
03-09-2025,NSE:VSTIND,EQ,4568.41,1.76,1.89,267.7,-5.36,-3.88,-0.60,-20.83,-61.87,-5.85,-3.78,-11.44,-21.26,-58.16,0.9364275744610514,18
03-09-2025,NSE:IRCON,EQ,15069.88,24.93,3.11,172.72,-0.94,-27.64,13.84,-21.44,-52.27,-1.43,-27.54,3,-21.87,-48.56,0.9363584973989088,18
03-09-2025,NSE:IVC,EQ,254.37,2.61,4.07,8.83,2.15,-7.13,-9.06,-28.77,-44.73,1.66,-7.03,-19.9,-29.2,-41.02,0.9361583465509113,18
03-09-2025,NSE:INFY,EQ,610276.99,83.7,1.86,1475.7,0.41,-5.12,-19.56,-25.90,-31.01,-0.08,-5.02,-30.4,-26.33,-27.3,0.9361012936466722,18
03-09-2025,NSE:IKS,EQ,25941.86,3.64,3.28,1538.6,-4.11,-4.82,-19.36,-23.49,-23.49,-4.6,-4.72,-30.2,-23.92,-19.78,0.935949159204181,18
03-09-2025,NSE:OIL,EQ,63421.44,20.92,2.53,403.15,-7.66,-5.42,9.24,-21.69,-82.04,-8.15,-5.32,-1.6,-22.12,-78.33,0.935917962542015,18
03-09-2025,NSE:CELLO,EQ,11843.86,2.2,3.15,575.45,-2.85,-4.60,2.59,-37.31,-52.05,-3.34,-4.5,-8.25,-37.74,-48.34,0.9356530872093914,18
03-09-2025,NSE:JBMA,EQ,14071.41,3.16,3.07,612.2,-2.25,-16.56,10.76,-28.08,-56.67,-2.74,-16.46,-0.08,-28.51,-52.96,0.9354606326230288,18
03-09-2025,NSE:ONMOBILE,EQ,537.99,7.52,4.2,53.18,-1.77,-3.95,5.58,-44.51,-59.04,-2.26,-3.85,-5.26,-44.94,-55.33,0.9352016519833122,18
03-09-2025,NSE:ATGL,EQ,65081.26,6.65,2.49,598.4,0.50,-14.05,2.95,-35.75,-39.96,0.01,-13.95,-7.89,-36.18,-36.25,0.9351766961060749,18
03-09-2025,NSE:INDOWIND,EQ,213.55,1.65,4.94,17.3,-4.05,-15.38,3.82,-23.58,-41.39,-4.54,-15.28,-7.02,-24.01,-37.68,0.9350397330520326,17
03-09-2025,NSE:MAXESTATES,EQ,7164.15,1.22,3.45,443.75,-5.65,-14.73,9.14,-23.62,-53.92,-6.14,-14.63,-1.7,-24.05,-50.21,0.9348289197825184,17
03-09-2025,NSE:AURIONPRO,EQ,7260.58,1.07,3.61,1299.6,-4.81,-6.15,-1.60,-25.52,-50.20,-5.3,-6.05,-12.44,-25.95,-46.49,0.9345394302423812,17
03-09-2025,NSE:IOB,EQ,73136.53,51.7,2.29,39.5,6.81,-4.30,-15.44,-36.28,-54.03,6.32,-4.2,-26.28,-36.71,-50.32,0.9344181467707905,17
03-09-2025,NSE:GEOJITFSL,EQ,1984.84,3.45,2.58,76.88,4.71,-10.33,4.66,-54.47,-50.86,4.22,-10.23,-6.18,-54.9,-47.15,0.9343536633628913,17
03-09-2025,NSE:PNBHOUSING,EQ,19635.5,28.23,2.39,787.85,-2.61,-34.16,0.40,-13.18,-20.19,-3.1,-34.06,-10.44,-13.61,-16.48,0.9342957131639081,17
03-09-2025,NSE:SYNGENE,EQ,25187.74,6.52,2.47,649.85,-8.22,0.38,-4.22,-44.77,-31.38,-8.71,0.48,-15.06,-45.2,-27.67,0.9342075892733697,17
03-09-2025,NSE:CONCOR,EQ,40129.65,12.94,2.22,548.6,-4.56,-17.39,3.38,-20.79,-40.43,-5.05,-17.29,-7.46,-21.22,-36.72,0.9341911956140684,17
03-09-2025,NSE:REMSONSIND,EQ,417.5,2.27,5.24,123.72,-0.11,-15.89,1.65,-29.23,-41.88,-0.6,-15.79,-9.19,-29.66,-38.17,0.9340085949875518,17
03-09-2025,NSE:BEPL,EQ,2581.91,3.02,2.92,106.55,-8.41,-9.51,2.42,-19.04,-52.24,-8.9,-9.41,-8.42,-19.47,-48.53,0.9336437086329962,17
03-09-2025,NSE:NIITMTS,EQ,4549.8,1.71,3,336.4,6.44,-1.86,-25.92,-39.74,-40.58,5.95,-1.76,-36.76,-40.17,-36.87,0.9335258307832148,17
03-09-2025,NSE:AFIL,EQ,295.74,8.58,3.06,6.94,1.15,-14.27,-2.56,-17.78,-62.36,0.66,-14.17,-13.4,-18.21,-58.65,0.9334026321933577,17
03-09-2025,NSE:NEWGEN,EQ,12545.66,27.24,4.4,904.9,9.59,-35.32,-9.40,-30.46,-17.63,9.1,-35.22,-20.24,-30.89,-13.92,0.9332013936606828,16
03-09-2025,NSE:RPTECH,EQ,1853.43,2.33,2.89,282.05,-2.59,-10.05,5.35,-39.04,-48.17,-3.08,-9.95,-5.49,-39.47,-44.46,0.9331887791378679,16
03-09-2025,NSE:KOPRAN,EQ,744.59,1.66,2.95,169.86,6.35,-12.86,-2.26,-27.96,-75.00,5.86,-12.76,-13.1,-28.39,-71.29,0.9327977976737385,16
03-09-2025,NSE:CLEAN,EQ,12435.39,19.85,3.75,1168.8,-3.29,-27.42,-5.61,-9.87,-26.33,-3.78,-27.32,-16.45,-10.3,-22.62,0.932739833170849,16
03-09-2025,NSE:AIRAN,EQ,313.05,1.49,2.93,25.65,-4.21,-10.49,-3.59,-19.96,-48.58,-4.7,-10.39,-14.43,-20.39,-44.87,0.9327351681373625,16
03-09-2025,NSE:IRFC,EQ,154404.4,83.64,2.18,123.19,-3.00,-17.66,2.30,-21.23,-46.07,-3.49,-17.56,-8.54,-21.66,-42.36,0.9324357557875805,16
03-09-2025,NSE:GODREJPROP,EQ,58644.83,7.82,2.46,2012.1,-1.91,-12.51,3.62,-37.97,-42.59,-2.4,-12.41,-7.22,-38.4,-38.88,0.9323225474522342,16
03-09-2025,NSE:GTLINFRA,EQ,1894.74,344.71,2.69,1.51,-0.66,0.66,-2.65,-39.07,-78.15,-1.15,0.76,-13.49,-39.5,-74.44,0.932037126404697,16
03-09-2025,NSE:AUROPHARMA,EQ,59648.33,14.24,2.51,1037.2,-4.11,-9.79,-4.19,-21.73,-50.71,-4.6,-9.69,-15.03,-22.16,-47,0.9313222714891699,16
03-09-2025,NSE:PATELENG,EQ,3136.86,27.61,3.1,38.17,3.01,-8.17,-10.79,-39.40,-40.56,2.52,-8.07,-21.63,-39.83,-36.85,0.931314292384327,16
03-09-2025,NSE:INDUSTOWER,EQ,89882.21,98.36,2.67,321.5,-7.34,-19.24,-5.21,-8.66,-38.90,-7.83,-19.14,-16.05,-9.09,-35.19,0.9307515903587796,16
03-09-2025,NSE:GENESYS,EQ,2349.4,1.34,4.38,620.9,6.18,-12.72,-13.43,-46.06,-31.09,5.69,-12.62,-24.27,-46.49,-27.38,0.9301790984302317,16
03-09-2025,NSE:SUNTV,EQ,21319.98,3.18,2.77,561.95,0.18,-12.22,-3.41,-34.96,-44.12,-0.31,-12.12,-14.25,-35.39,-40.41,0.9298908859090674,16
03-09-2025,NSE:AWFIS,EQ,4031.71,4.75,3.35,576.4,-1.15,-13.66,-17.28,-20.38,-31.60,-1.64,-13.56,-28.12,-20.81,-27.89,0.9296245415753827,15
03-09-2025,NSE:REFEX,EQ,4713.57,3.19,4.55,368.4,-13.37,-35.78,-5.78,-40.85,17.28,-13.86,-35.68,-16.62,-41.28,20.99,0.9296152917957181,15
03-09-2025,NSE:ADANIGREEN,EQ,145065.69,13.77,2.53,934.4,-4.09,-7.53,13.13,-41.68,-95.81,-4.58,-7.43,2.29,-42.11,-92.1,0.9289073537282566,15
03-09-2025,NSE:VAIBHAVGBL,EQ,3469.19,3.29,3.78,220,-1.96,-14.91,-3.48,-28.20,-43.00,-2.45,-14.81,-14.32,-28.63,-39.29,0.9284309041234288,15
03-09-2025,NSE:NATCOPHARM,EQ,15455.39,4.79,2.72,867.5,-7.33,0.99,8.16,-58.56,-72.81,-7.82,1.09,-2.68,-58.99,-69.1,0.9283657530435594,15
03-09-2025,NSE:FCL,EQ,2720.59,2.49,3.48,241.73,-5.57,-2.42,-0.90,-45.62,-52.22,-6.06,-2.32,-11.74,-46.05,-48.51,0.9283364056361669,15
03-09-2025,NSE:MVGJL,EQ,958.63,1.33,3.34,198.49,-2.92,-34.43,-1.44,-16.40,-24.03,-3.41,-34.33,-12.28,-16.83,-20.32,0.9281379221347968,15
03-09-2025,NSE:ELGIEQUIP,EQ,14921.66,3.42,3.39,488.55,-14.24,-9.40,7.29,-30.97,-45.98,-14.73,-9.3,-3.55,-31.4,-42.27,0.9280522289971338,15
03-09-2025,NSE:NDL,EQ,480.01,19.1,2.57,3.47,-2.59,-15.85,1.44,-42.36,-33.69,-3.08,-15.75,-9.4,-42.79,-29.98,0.9278840144620601,15
03-09-2025,NSE:CYIENTDLM,EQ,3356.72,1.08,3.01,444.25,-0.33,-7.96,8.07,-57.40,-69.57,-0.82,-7.86,-2.77,-57.83,-65.86,0.9271920018722856,15
03-09-2025,NSE:HAPPSTMNDS,EQ,8604.29,3.21,2.21,574.9,-4.86,-3.30,-21.79,-25.81,-39.73,-5.35,-3.2,-32.63,-26.24,-36.02,0.927086665763708,15
03-09-2025,NSE:UGARSUGAR,EQ,466.88,2.16,3.71,47,5.74,-3.17,-2.62,-62.45,-77.30,5.25,-3.07,-13.46,-62.88,-73.59,0.927022971660681,15
03-09-2025,NSE:ZEEMEDIA,EQ,771.78,19.83,2.99,12.36,-5.50,-11.97,-10.76,-53.16,-10.11,-5.99,-11.87,-21.6,-53.59,-6.4,0.9261759922381513,14
03-09-2025,NSE:ABAN,EQ,270.52,1.23,4.83,43.89,-0.52,-7.97,5.51,-47.57,-77.69,-1.01,-7.87,-5.33,-48,-73.98,0.9260425339557121,14
03-09-2025,NSE:JINDALSAW,EQ,12662.26,12.53,2.94,210.99,2.65,-2.95,-13.63,-46.00,-59.65,2.16,-2.85,-24.47,-46.43,-55.94,0.9255582320173967,14
03-09-2025,NSE:MSTCLTD,EQ,3182.08,2.72,3.77,482.7,2.67,-15.91,6.39,-49.08,-66.03,2.18,-15.81,-4.45,-49.51,-62.32,0.925438973480136,14
03-09-2025,NSE:CMSINFO,EQ,6791.89,4.96,2.82,414.15,-9.74,-20.22,-2.62,-19.74,-30.83,-10.23,-20.12,-13.46,-20.17,-27.12,0.9253690113084998,14
03-09-2025,NSE:RUPA,EQ,1512.95,1.46,3.03,195.92,-7.31,-6.75,0.88,-32.12,-65.55,-7.8,-6.65,-9.96,-32.55,-61.84,0.9252163879505408,14
03-09-2025,NSE:FILATFASH,EQ,450.04,296.54,5.91,0.54,-11.11,7.41,9.26,-61.11,-114.81,-11.6,7.51,-1.58,-61.54,-111.1,0.9249822139682414,14
03-09-2025,NSE:TCS,EQ,1115745.83,26.84,1.49,3095.2,2.98,-9.23,-16.71,-37.98,-45.77,2.49,-9.13,-27.55,-38.41,-42.06,0.9249392589071868,14
03-09-2025,NSE:FIRSTCRY,EQ,18942.24,14.38,3.62,361,3.56,-1.00,-4.53,-67.41,-74.04,3.07,-0.9,-15.37,-67.84,-70.33,0.9242832508243503,14
03-09-2025,NSE:ARFIN,EQ,549.36,2.25,5.47,35.24,-6.87,-18.90,-18.90,-18.90,-18.90,-7.36,-18.8,-29.74,-19.33,-15.19,0.9241978327909143,14
03-09-2025,NSE:REPCOHOME,EQ,2173.69,2.27,3,359.85,-11.00,-11.66,4.99,-37.00,-44.84,-11.49,-11.56,-5.85,-37.43,-41.13,0.924137935203595,14
03-09-2025,NSE:THERMAX,EQ,38344.5,4.09,2.9,3260,-15.91,-7.82,2.12,-40.80,-33.74,-16.4,-7.72,-8.72,-41.23,-30.03,0.9232326384840936,14
03-09-2025,NSE:PARSVNATH,BE,638.85,5.05,6.25,15,-7.93,-9.67,-53.33,-11.93,-13.07,-8.42,-9.57,-64.17,-12.36,-9.36,0.9232084642193032,13
03-09-2025,NSE:SERVOTECH,EQ,2762.09,4.88,3.29,124.97,-7.15,-31.30,6.67,-43.24,-16.04,-7.64,-31.2,-4.17,-43.67,-12.33,0.923183436161064,13
03-09-2025,NSE:PATELRMART,BE,871.75,11.65,5.86,258.65,-15.99,-15.99,-15.99,-15.99,-15.99,-16.48,-15.89,-26.83,-16.42,-12.28,0.9229309569777022,13
03-09-2025,NSE:FINCABLES,EQ,12514.26,3.31,2.55,855,-2.69,-13.03,1.80,-34.49,-68.47,-3.18,-12.93,-9.04,-34.92,-64.76,0.9228498091458227,13
03-09-2025,NSE:PREMIERPOL,EQ,508,1.15,5.98,47.07,-6.67,-14.00,-46.63,-27.04,0.79,-7.16,-13.9,-57.47,-27.47,4.5,0.9228270303747865,13
03-09-2025,NSE:ATLANTAA,EQ,246.13,1.27,7.84,33.31,-1.11,-8.41,-5.04,-49.80,-49.41,-1.6,-8.31,-15.88,-50.23,-45.7,0.9226879650118319,13
03-09-2025,NSE:WEL,EQ,1755.5,3.57,6.03,137.18,-19.70,-27.20,-31.29,1.92,-3.77,-20.19,-27.1,-42.13,1.49,-0.06,0.9226802647663955,13
03-09-2025,NSE:EMBDL,EQ,12758.39,34.36,3.58,100.5,-2.42,-9.53,-17.31,-36.27,-34.37,-2.91,-9.43,-28.15,-36.7,-30.66,0.9226354513383438,13
03-09-2025,NSE:TIPSMUSIC,EQ,7401.45,2.1,3.15,573.55,-1.52,-17.16,-5.51,-49.78,-26.64,-2.01,-17.06,-16.35,-50.21,-22.93,0.922254192503571,13
03-09-2025,NSE:IRB,EQ,25967.7,108.27,2.69,42.98,-3.14,-18.89,-5.26,-24.22,-49.30,-3.63,-18.79,-16.1,-24.65,-45.59,0.9219881058285156,13
03-09-2025,NSE:HCC,BE,4608.73,30.82,4.01,27.34,5.45,-25.20,10.97,-56.62,-72.38,4.96,-25.1,0.13,-57.05,-68.67,0.9215636733066565,13
03-09-2025,NSE:VIPCLOTHNG,EQ,316.35,1.75,3.86,34.82,-9.65,-19.59,-0.52,-32.57,-29.75,-10.14,-19.49,-11.36,-33,-26.04,0.9212451291257492,13
03-09-2025,NSE:TATATECH,EQ,26719.36,6.17,2.04,680.5,-1.97,-11.62,-5.11,-37.91,-55.96,-2.46,-11.52,-15.95,-38.34,-52.25,0.9212235939694344,13
03-09-2025,NSE:SALZERELEC,EQ,1421.69,1.18,3.98,819,-0.46,-12.95,-18.04,-36.50,-33.98,-0.95,-12.85,-28.88,-36.93,-30.27,0.9211657245613567,12
03-09-2025,NSE:GANESHBE,EQ,668.35,2.91,4.04,97.55,5.16,-12.43,-8.51,-41.56,-72.70,4.67,-12.33,-19.35,-41.99,-68.99,0.9207172305124293,12
03-09-2025,NSE:PROTEAN,EQ,3507.42,16.96,4.47,923.45,15.10,-2.88,-40.85,-66.22,-66.22,14.61,-2.78,-51.69,-66.65,-62.51,0.9204930652395972,12
03-09-2025,NSE:ADSL,EQ,922.03,3.44,4.14,171.5,8.25,-15.10,-20.38,-54.05,-38.50,7.76,-15,-31.22,-54.48,-34.79,0.9203517943710439,12
03-09-2025,NSE:OMINFRAL,EQ,1056.55,1.97,4.17,110.36,-7.31,-15.34,2.65,-26.11,-70.55,-7.8,-15.24,-8.19,-26.54,-66.84,0.9199735842810394,12
03-09-2025,NSE:SAKHTISUG,EQ,250.18,1.57,4.11,22.8,-2.76,-14.74,5.92,-46.23,-68.51,-3.25,-14.64,-4.92,-46.66,-64.8,0.9198121475339818,12
03-09-2025,NSE:ESAFSFB,EQ,1488.28,3.42,2.87,29.35,-6.34,-8.69,-1.16,-36.12,-70.53,-6.83,-8.59,-12,-36.55,-66.82,0.9192013477088848,12
03-09-2025,NSE:ABREL,EQ,19490.9,1.04,3.28,1821.7,-4.13,-17.34,-1.39,-51.11,-32.90,-4.62,-17.24,-12.23,-51.54,-29.19,0.9190993288005068,12
03-09-2025,NSE:KECL,EQ,766.42,1.2,3.33,117.48,-4.88,-6.08,5.90,-62.17,-73.51,-5.37,-5.98,-4.94,-62.6,-69.8,0.9190718130084051,12
03-09-2025,NSE:HIMATSEIDE,EQ,1471.06,5.3,4.19,121.48,-9.22,-22.42,2.35,-48.54,-21.41,-9.71,-22.32,-8.49,-48.97,-17.7,0.9187190642974898,12
03-09-2025,NSE:DIGITIDE,EQ,2986.44,3.12,4.03,203.97,-9.20,-20.12,-20.12,-20.12,-20.12,-9.69,-20.02,-30.96,-20.55,-16.41,0.9185567982740819,12
03-09-2025,NSE:ABB,EQ,105933,3.16,1.84,5185.3,-3.90,-16.51,0.78,-43.12,-51.90,-4.39,-16.41,-10.06,-43.55,-48.19,0.9181851845573034,12
03-09-2025,NSE:TRITURBINE,EQ,16525.01,10.03,2.71,526.7,-11.61,-12.24,0.51,-45.75,-36.67,-12.1,-12.14,-10.33,-46.18,-32.96,0.9181214907410334,11
03-09-2025,NSE:MEDICO,EQ,317.83,2.44,5.24,39.75,3.02,-32.05,-27.14,-24.05,-18.44,2.53,-31.95,-37.98,-24.48,-14.73,0.9181202673638695,11
03-09-2025,NSE:ATL,EQ,679.55,1.36,4.09,28.09,-5.73,-3.45,-5.95,-40.58,-77.22,-6.22,-3.35,-16.79,-41.01,-73.51,0.9180933988186547,11
03-09-2025,NSE:JWL,EQ,13465.08,32.55,3.36,330.5,-1.69,-20.95,9.43,-48.49,-68.97,-2.18,-20.85,-1.41,-48.92,-65.26,0.9180727178893326,11
03-09-2025,NSE:PRITIKAUTO,EQ,289.73,1.74,5.13,17.51,-1.09,-3.71,-8.74,-51.57,-74.13,-1.58,-3.61,-19.58,-52,-70.42,0.9173501415301248,11
03-09-2025,NSE:QUESS,EQ,3997.71,2.13,2.91,270.95,-7.25,-17.11,-9.52,-26.99,-41.06,-7.74,-17.01,-20.36,-27.42,-37.35,0.9171530551848956,11
03-09-2025,NSE:ANGELONE,EQ,20021.97,10.24,3.65,2262.1,-13.60,-38.31,2.93,-28.07,-13.66,-14.09,-38.21,-7.91,-28.5,-9.95,0.9167657913957127,11
03-09-2025,NSE:AARTIIND,EQ,13613.88,9.24,2.63,384.9,-5.57,-25.07,-2.84,-16.47,-63.34,-6.06,-24.97,-13.68,-16.9,-59.63,0.9163712903634714,11
03-09-2025,NSE:BRIGADE,EQ,22516.89,3.91,3.1,938,-4.77,-29.32,-4.38,-32.29,-28.17,-5.26,-29.22,-15.22,-32.72,-24.46,0.9163671197786418,11
03-09-2025,NSE:ALMONDZ,EQ,338.78,1.4,4.04,19.7,-9.19,-1.47,-10.41,-41.83,-64.82,-9.68,-1.37,-21.25,-42.26,-61.11,0.9160279454688235,11
03-09-2025,NSE:ELECTCAST,EQ,6022.35,14.09,3.23,101.81,-6.57,-6.90,8.19,-49.86,-108.07,-7.06,-6.8,-2.65,-50.29,-104.36,0.9158804767407345,11
03-09-2025,NSE:ESTER,EQ,1054.91,1.31,3.8,112.29,-0.41,-22.33,-19.60,-35.38,-26.31,-0.9,-22.23,-30.44,-35.81,-22.6,0.9157580771473119,11
03-09-2025,NSE:IEX,EQ,12452.49,97.19,2.52,142.03,7.00,-42.23,-10.50,-24.05,-44.84,6.51,-42.13,-21.34,-24.48,-41.13,0.9157087012353425,10
03-09-2025,NSE:TATAELXSI,EQ,32619.16,1.23,2.29,5407.5,-11.96,-19.23,-2.88,-23.36,-46.51,-12.45,-19.13,-13.72,-23.79,-42.8,0.9155653990856012,10
03-09-2025,NSE:MAMATA,EQ,1022.45,4.37,3.81,409.55,-18.62,-12.28,8.59,-46.50,-46.50,-19.11,-12.18,-2.25,-46.93,-42.79,0.915270043421525,10
03-09-2025,NSE:MARINE,BE,2296.77,1.17,3.71,172.29,-2.54,-27.28,9.75,-52.12,-55.17,-3.03,-27.18,-1.09,-52.55,-51.46,0.9148424977772812,10
03-09-2025,NSE:WELSPUNLIV,EQ,10465.31,26.71,3.39,114.13,-6.10,-17.33,1.86,-33.62,-72.17,-6.59,-17.23,-8.98,-34.05,-68.46,0.9144752785984371,10
03-09-2025,NSE:INFIBEAM,EQ,4404.39,84.55,3.67,16.06,4.23,-21.42,-3.55,-50.43,-63.11,3.74,-21.32,-14.39,-50.86,-59.4,0.9140442678525238,10
03-09-2025,NSE:DOLLAR,EQ,2002.36,1.06,2.81,359.05,-5.67,-12.66,-10.17,-45.06,-41.47,-6.16,-12.56,-21.01,-45.49,-37.76,0.9139361301476558,10
03-09-2025,NSE:ARTEMISMED,EQ,3036.62,1.2,3.14,225.83,-8.45,-20.58,-11.12,-45.60,-17.03,-8.94,-20.48,-21.96,-46.03,-13.32,0.9137757622848781,10
03-09-2025,NSE:RADIANTCMS,EQ,637.9,3.08,4.43,56.99,-4.61,-17.56,-7.30,-38.15,-46.76,-5.1,-17.46,-18.14,-38.58,-43.05,0.9137281254530929,10
03-09-2025,NSE:FCSSOFT,EQ,408.58,18.57,2.77,2.43,-2.47,-7.00,-22.22,-39.09,-55.14,-2.96,-6.9,-33.06,-39.52,-51.43,0.9135849420574738,10
03-09-2025,NSE:VARDMNPOLY,EQ,413.46,5.15,6.32,9.01,-8.77,-26.19,-19.64,-13.54,-30.63,-9.26,-26.09,-30.48,-13.97,-26.92,0.9135197886023941,10
03-09-2025,NSE:WSI,EQ,484.63,1.68,8.36,76.1,-4.78,4.23,-3.89,-69.74,-110.99,-5.27,4.33,-14.73,-70.17,-107.28,0.9130731798220395,10
03-09-2025,NSE:HARDWYN,EQ,650.59,4.41,4.85,13.4,-4.18,-11.72,1.94,-70.63,-54.10,-4.67,-11.62,-8.9,-71.06,-50.39,0.9129921222544892,10
03-09-2025,NSE:PAISALO,EQ,2709.06,61.79,2.68,31.5,3.21,1.05,-18.19,-62.57,-100.95,2.72,1.15,-29.03,-63,-97.24,0.9125809454156519,9
03-09-2025,NSE:RECLTD,EQ,92149.67,46.28,1.83,366.1,-6.17,-9.51,-3.39,-45.48,-71.06,-6.66,-9.41,-14.23,-45.91,-67.35,0.9124455554170043,9
03-09-2025,NSE:AKUMS,EQ,7155.13,3.29,3.44,475.1,-8.17,-16.62,0.36,-27.36,-82.33,-8.66,-16.52,-10.48,-27.79,-78.62,0.9123413782431347,9
03-09-2025,NSE:COHANCE,EQ,33455.5,3.88,3.6,907.15,-7.96,-12.64,-27.64,-43.95,-17.11,-8.45,-12.54,-38.48,-44.38,-13.4,0.9120811505623838,9
03-09-2025,NSE:CYIENT,EQ,12974.73,2.77,2.24,1200.6,1.56,-12.48,-8.95,-54.38,-67.45,1.07,-12.38,-19.79,-54.81,-63.74,0.9118414612647153,9
03-09-2025,NSE:RKFORGE,EQ,10237.28,4.11,2.9,571.5,1.01,-3.32,-16.52,-69.06,-68.77,0.52,-3.22,-27.36,-69.49,-65.06,0.9105074771601432,9
03-09-2025,NSE:TEXRAIL,EQ,5460.72,15.34,3.05,141.17,-2.03,-21.82,4.65,-50.84,-72.13,-2.52,-21.72,-6.19,-51.27,-68.42,0.9104245616181339,9
03-09-2025,NSE:KPEL,EQ,2835.19,3.07,3.84,430.25,-17.75,-31.62,9.53,-44.11,-26.66,-18.24,-31.52,-1.31,-44.54,-22.95,0.909741300980351,9
03-09-2025,NSE:BAJAJHIND,EQ,2585.38,102.66,3.14,21.49,-6.93,-13.68,8.14,-56.07,-89.58,-7.42,-13.58,-2.7,-56.5,-85.87,0.9096992486651254,9
03-09-2025,NSE:ARVIND,EQ,7352.51,3.3,2.97,290,-8.81,-21.78,-12.84,-30.59,-34.91,-9.3,-21.68,-23.68,-31.02,-31.2,0.9096282183666534,9
03-09-2025,NSE:SONACOMS,EQ,27697.67,56.13,2.95,448.25,2.39,-20.03,-12.23,-49.83,-53.74,1.9,-19.93,-23.07,-50.26,-50.03,0.9093140355130035,9
03-09-2025,NSE:ACLGATI,EQ,898.04,1.41,3.02,62.4,-5.82,-11.43,-4.17,-50.02,-68.16,-6.31,-11.33,-15.01,-50.45,-64.45,0.9092070290887084,9
03-09-2025,NSE:GEMAROMA,EQ,1441.22,27.67,8.01,277.6,-19.99,-19.99,-19.99,-19.99,-19.99,-20.48,-19.89,-30.83,-20.42,-16.28,0.908665318177131,8
03-09-2025,NSE:AXITA,EQ,305.69,16.17,1.09,8.8,0.11,-7.95,-16.70,-36.36,-106.93,-0.38,-7.85,-27.54,-36.79,-103.22,0.9082947326725714,8
03-09-2025,NSE:TTL,BE,283.63,1.19,4.9,11,-18.09,-33.44,-5.46,-37.24,-7.38,-18.58,-33.34,-16.3,-37.67,-3.67,0.9080821570396762,8
03-09-2025,NSE:DEEPAKNTR,EQ,24468.91,1.7,2.14,1760.8,-3.35,-12.91,-7.02,-54.89,-63.70,-3.84,-12.81,-17.86,-55.32,-59.99,0.9077047915303413,8
03-09-2025,NSE:GOKEX,EQ,4928.27,7.39,4.74,736.2,-10.49,-28.29,-11.62,-30.68,-25.60,-10.98,-28.19,-22.46,-31.11,-21.89,0.9076121241686879,8
03-09-2025,NSE:HMAAGRO,EQ,1514.83,4.31,2.79,30.42,-0.62,-19.56,-8.32,-43.43,-66.80,-1.11,-19.46,-19.16,-43.86,-63.09,0.9075117319845228,8
03-09-2025,NSE:NIITLTD,EQ,1457.33,3.8,3.29,113.91,0.51,-17.22,-1.83,-95.86,-43.50,0.02,-17.12,-12.67,-96.29,-39.79,0.9071318152252593,8
03-09-2025,NSE:MANYAVAR,EQ,18027.13,1.19,2.44,747.6,0.69,-4.18,-12.51,-91.84,-65.40,0.2,-4.08,-23.35,-92.27,-61.69,0.9065688652571653,8
03-09-2025,NSE:RAJOOENG,EQ,1804.8,4.87,3.23,101.19,-6.49,-20.35,-29.46,-29.46,-29.46,-6.98,-20.25,-40.3,-29.89,-25.75,0.906349253956205,8
03-09-2025,NSE:MICEL,EQ,1152.04,11.07,5.31,51.84,1.58,-14.78,-13.06,-62.00,-59.90,1.09,-14.68,-23.9,-62.43,-56.19,0.9062231199579898,8
03-09-2025,NSE:IDEA,EQ,70422.97,5810,4.44,6.54,-0.92,-5.66,-19.27,-27.83,-149.24,-1.41,-5.56,-30.11,-28.26,-145.53,0.9060753178673834,8
03-09-2025,NSE:TTML,BE,10957.37,5.19,2.84,58,-1.31,-24.84,-8.91,-35.76,-65.19,-1.8,-24.74,-19.75,-36.19,-61.48,0.905701120395772,8
03-09-2025,NSE:GANDHAR,EQ,1428.16,1.8,3.24,147.53,-10.06,-22.00,2.71,-51.07,-51.77,-10.55,-21.9,-8.13,-51.5,-48.06,0.9053167444488908,7
03-09-2025,NSE:JYOTICNC,EQ,20740.99,2.57,3.53,899.65,-12.28,-45.61,11.44,-38.07,-39.24,-12.77,-45.51,0.6,-38.5,-35.53,0.9052170954281187,7
03-09-2025,NSE:INOXWIND,EQ,23892.89,82.24,3.06,142.95,-6.16,-27.19,-7.85,-31.74,-51.67,-6.65,-27.09,-18.69,-32.17,-47.96,0.9050221348835387,7
03-09-2025,NSE:SWSOLAR,EQ,6086.03,16.77,3.29,272.35,1.06,-11.13,7.23,-78.61,-143.31,0.57,-11.03,-3.61,-79.04,-139.6,0.904973742286214,7
03-09-2025,NSE:DAMCAPITAL,EQ,1552.97,3.28,3.18,226.13,4.03,-24.07,1.07,-73.79,-73.79,3.54,-23.97,-9.77,-74.22,-70.08,0.9049646043198067,7
03-09-2025,NSE:RADIOCITY,EQ,297.64,1.06,4.96,8.54,-1.52,-9.13,-14.99,-47.31,-89.58,-2.01,-9.03,-25.83,-47.74,-85.87,0.9047287546407133,7
03-09-2025,NSE:SAKUMA,EQ,398.2,12.99,4.72,2.7,0.37,-13.33,-3.70,-54.44,-114.07,-0.12,-13.23,-14.54,-54.87,-110.36,0.9038393425035672,7
03-09-2025,NSE:EMSLIMITED,EQ,2961.46,1.44,2.5,542,-11.94,-6.96,-13.51,-48.77,-58.27,-12.43,-6.86,-24.35,-49.2,-54.56,0.9038385056837173,7
03-09-2025,NSE:BIGBLOC,EQ,779.37,1.26,6.14,59.71,2.56,-6.48,-8.32,-86.52,-100.89,2.07,-6.38,-19.16,-86.95,-97.18,0.9027279093207154,7
03-09-2025,NSE:IGIL,EQ,14388.76,6.28,3.59,347.45,-7.09,-17.51,-14.59,-46.78,-46.78,-7.58,-17.41,-25.43,-47.21,-43.07,0.9021860408400406,7
03-09-2025,NSE:HILINFRA,EQ,683.5,17.73,4.62,94.29,-21.96,-21.96,-21.96,-21.96,-21.96,-22.45,-21.86,-32.8,-22.39,-18.25,0.9019891274502428,7
03-09-2025,NSE:IREDA,EQ,39537.12,47.02,2.19,145.2,-0.34,-19.83,-14.68,-41.29,-75.45,-0.83,-19.73,-25.52,-41.72,-71.74,0.9019001154332668,7
03-09-2025,NSE:IMAGICAA,EQ,3200.51,6.09,3.62,57.2,-10.93,-24.53,-7.43,-27.40,-61.17,-11.42,-24.43,-18.27,-27.83,-57.46,0.9017673933022381,7
03-09-2025,NSE:MUKKA,EQ,799.8,2.9,4.02,27.74,-0.40,-12.08,-25.41,-47.66,-69.54,-0.89,-11.98,-36.25,-48.09,-65.83,0.9013410195370289,6
03-09-2025,NSE:ALANKIT,EQ,382.33,2.11,3.38,14.13,-8.49,-2.62,-16.91,-49.40,-93.49,-8.98,-2.52,-27.75,-49.83,-89.78,0.9012360697450713,6
03-09-2025,NSE:INDUSINDBK,EQ,57721.74,33.93,2.23,761,-2.98,-7.01,-37.54,-30.86,-86.26,-3.47,-6.91,-48.38,-31.29,-82.55,0.9009793975157797,6
03-09-2025,NSE:ESSARSHPNG,EQ,484.32,1.14,4.87,25.22,-5.04,-24.39,1.63,-50.28,-78.03,-5.53,-24.29,-9.21,-50.71,-74.32,0.9008425389357506,6
03-09-2025,NSE:ALLCARGO,EQ,3108.54,19.78,3,31.99,-7.38,-3.97,-1.75,-67.93,-123.04,-7.87,-3.87,-12.59,-68.36,-119.33,0.9004124086817825,6
03-09-2025,NSE:KNRCON,EQ,5367.92,5.32,2.33,196.92,-7.51,-5.96,-13.45,-65.96,-69.59,-8,-5.86,-24.29,-66.39,-65.88,0.9003711661805468,6
03-09-2025,NSE:RVNL,EQ,63176.11,53.9,3.5,331.2,-4.30,-29.82,-5.69,-31.60,-75.06,-4.79,-29.72,-16.53,-32.03,-71.35,0.9003027486540445,6
03-09-2025,NSE:PRECAM,EQ,1619.7,1.37,3.96,175.49,-0.32,-24.85,-4.14,-89.78,-41.36,-0.81,-24.75,-14.98,-90.21,-37.65,0.8999515695802525,6
03-09-2025,NSE:EQUITASBNK,EQ,5738.1,36.37,3.11,51.33,-11.14,-24.96,-16.42,-21.43,-56.91,-11.63,-24.86,-27.26,-21.86,-53.2,0.8995702901078467,6
03-09-2025,NSE:IGARASHI,EQ,1505.77,1.03,4.42,479.55,-21.18,-2.59,-13.37,-60.35,-51.43,-21.67,-2.49,-24.21,-60.78,-47.72,0.8983482277301532,6
03-09-2025,NSE:MUFTI,EQ,790.85,2.38,3.82,125.44,-5.25,-35.94,0.92,-43.32,-63.56,-5.74,-35.84,-9.92,-43.75,-59.85,0.8980153714892217,6
03-09-2025,NSE:ASMS,EQ,371.89,1.65,4.64,12,-9.00,-11.83,-24.75,-61.50,-39.75,-9.49,-11.73,-35.59,-61.93,-36.04,0.8965203933987325,6
03-09-2025,NSE:ICIL,EQ,4634.47,3.04,4.88,236.52,-10.20,-14.13,-18.34,-37.26,-74.09,-10.69,-14.03,-29.18,-37.69,-70.38,0.8958034806955871,5
03-09-2025,NSE:JAIBALAJI,EQ,9266.71,7.23,4.15,103.71,-6.74,-1.28,-25.90,-75.20,-75.05,-7.23,-1.18,-36.74,-75.63,-71.34,0.8949083724503233,5
03-09-2025,NSE:CENTRALBK,EQ,31544.13,38.68,1.68,35.63,-0.84,-12.88,-27.25,-56.95,-72.30,-1.33,-12.78,-38.09,-57.38,-68.59,0.8948284945175524,5
03-09-2025,NSE:DOLATALGO,EQ,1403.6,2.52,3.74,82.73,-6.88,-27.64,5.62,-54.39,-96.93,-7.37,-27.54,-5.22,-54.82,-93.22,0.8944525866249413,5
03-09-2025,NSE:SONATSOFTW,EQ,9856.93,39.18,4.55,356.25,-2.36,-15.75,-7.38,-75.69,-84.39,-2.85,-15.65,-18.22,-76.12,-80.68,0.8941776754069936,5
03-09-2025,NSE:BSOFT,EQ,10222.17,6.82,2.56,373.9,-7.21,-7.77,-20.27,-57.97,-81.60,-7.7,-7.67,-31.11,-58.4,-77.89,0.8941275993405473,5
03-09-2025,NSE:HITECH,EQ,1746.73,6.93,2.5,89.46,1.45,-6.91,-21.62,-83.71,-108.66,0.96,-6.81,-32.46,-84.14,-104.95,0.8914100041990215,5
03-09-2025,NSE:FIVESTAR,EQ,16165.24,9.3,2.75,535.3,-11.76,-28.40,-36.55,-22.51,-38.38,-12.25,-28.3,-47.39,-22.94,-34.67,0.8910250557165317,5
03-09-2025,NSE:LAXMIDENTL,EQ,1868.71,1.45,3.8,336.1,-22.12,-17.79,2.14,-61.26,-61.26,-22.61,-17.69,-8.7,-61.69,-57.55,0.8907911223893298,5
03-09-2025,NSE:MOREPENLAB,EQ,2552.92,38.61,4.48,49.66,-16.35,-28.49,3.22,-59.00,-55.32,-16.84,-28.39,-7.62,-59.43,-51.61,0.8905803982643934,5
03-09-2025,NSE:SUBEXLTD,BE,703.07,5.06,4.01,13,1.15,-12.92,-7.69,-86.62,-132.54,0.66,-12.82,-18.53,-87.05,-128.83,0.8896858593939788,5
03-09-2025,NSE:VIKASECO,EQ,367.89,32.59,2.8,2.08,-7.21,-13.94,-17.31,-59.13,-81.73,-7.7,-13.84,-28.15,-59.56,-78.02,0.8892862807721416,5
03-09-2025,NSE:HLVLTD,EQ,767.38,4.58,3.54,12,-8.25,-15.67,-14.83,-60.58,-76.00,-8.74,-15.57,-25.67,-61.01,-72.29,0.8889898996802899,4
03-09-2025,NSE:SURAJEST,EQ,1399.76,2.59,4.86,305,5.52,-13.51,-3.33,-114.48,-160.84,5.03,-13.41,-14.17,-114.91,-157.13,0.8888155444873346,4
03-09-2025,NSE:KAMDHENU,EQ,789.28,8.99,3.4,28.54,-5.01,-18.11,-6.10,-73.07,-95.39,-5.5,-18.01,-16.94,-73.5,-91.68,0.8884301621344308,4
03-09-2025,NSE:JYOTISTRUC,EQ,1808.79,65.15,3.89,15.7,-5.29,-24.14,-10.51,-67.48,-66.11,-5.78,-24.04,-21.35,-67.91,-62.4,0.8881461532525255,4
03-09-2025,NSE:UTKARSHBNK,EQ,2302.36,11.61,2.64,21.37,-2.53,-9.12,-18.02,-68.09,-127.84,-3.02,-9.02,-28.86,-68.52,-124.13,0.8877419037945309,4
03-09-2025,NSE:SULA,EQ,2106.41,9.74,3.33,253.35,-11.39,-16.32,-2.90,-70.79,-90.03,-11.88,-16.22,-13.74,-71.22,-86.32,0.8875737461435986,4
03-09-2025,NSE:UCOBANK,EQ,35323.94,60.85,2.15,28.77,-1.29,-17.87,-30.87,-54.61,-77.02,-1.78,-17.77,-41.71,-55.04,-73.31,0.8874518221630963,4
03-09-2025,NSE:CONFIPET,EQ,1568.18,4.75,2.99,48.7,-4.31,-24.72,-13.88,-54.41,-80.92,-4.8,-24.62,-24.72,-54.84,-77.21,0.8871724971575116,4
03-09-2025,NSE:TRACXN,EQ,525.41,2.74,3.38,50.21,-9.44,-14.06,-15.67,-61.34,-87.11,-9.93,-13.96,-26.51,-61.77,-83.4,0.8859408717306766,4
03-09-2025,NSE:SEPC,EQ,2178.8,41.54,3.32,11.97,1.67,-23.14,-7.89,-94.28,-92.63,1.18,-23.04,-18.73,-94.71,-88.92,0.885879572533454,4
03-09-2025,NSE:QUICKHEAL,EQ,1546.91,1.33,4.09,307.1,-1.32,-14.54,-3.70,-102.67,-128.66,-1.81,-14.44,-14.54,-103.1,-124.95,0.885043630216588,4
03-09-2025,NSE:UDS,EQ,1630.98,2.58,3.96,252.09,-12.42,-21.74,-22.28,-68.35,-36.26,-12.91,-21.64,-33.12,-68.78,-32.55,0.8846260797506169,4
03-09-2025,NSE:BASML,EQ,231.05,1.18,4.61,29.16,-2.88,-13.27,-18.48,-78.35,-103.08,-3.37,-13.17,-29.32,-78.78,-99.37,0.883890392945817,4
03-09-2025,NSE:PGEL,EQ,15099.41,104.16,6.89,551.5,-41.19,-37.72,-44.13,-31.10,11.15,-41.68,-37.62,-54.97,-31.53,14.86,0.8833616383464076,3
03-09-2025,NSE:REGAAL,EQ,1175.16,88.22,6.62,110.3,-27.83,-27.83,-27.83,-27.83,-27.83,-28.32,-27.73,-38.67,-28.26,-24.12,0.8833321570750787,3
03-09-2025,NSE:BALAXI,EQ,251.75,2.53,4.19,46.02,-2.91,-10.78,-16.43,-78.49,-129.75,-3.4,-10.68,-27.27,-78.92,-126.04,0.8833205922063244,3
03-09-2025,NSE:TEJASNET,EQ,10297.44,11.77,3.48,615.5,6.49,-14.82,-20.32,-114.45,-114.70,6,-14.72,-31.16,-114.88,-110.99,0.8832020182279283,3
03-09-2025,NSE:SALASAR,EQ,1277.81,44.44,2.89,7.67,7.17,-16.69,-21.90,-108.47,-130.77,6.68,-16.59,-32.74,-108.9,-127.06,0.8802530253469342,3
03-09-2025,NSE:IONEXCHANG,EQ,6129.93,1.47,2.84,421.1,-8.48,-31.56,-17.74,-57.33,-59.72,-8.97,-31.46,-28.58,-57.76,-56.01,0.8793665130704048,3
03-09-2025,NSE:ONEPOINT,BE,1129.06,4.84,3.89,44.71,-9.66,-43.55,-16.48,-38.92,-57.71,-10.15,-43.45,-27.32,-39.35,-54,0.8789633679151706,3
03-09-2025,NSE:ARISINFRA,EQ,1183.79,3.99,3.87,144.98,-2.96,-41.40,-41.40,-41.40,-41.40,-3.45,-41.3,-52.24,-41.83,-37.69,0.8788518144399389,3
03-09-2025,NSE:EXICOM,EQ,1977.58,3.85,3.72,147.61,-5.00,-19.15,-4.80,-80.93,-149.71,-5.49,-19.05,-15.64,-81.36,-146,0.8780928692874156,3
03-09-2025,NSE:PARACABLES,EQ,1379.05,10.72,3.72,46.87,-17.67,-17.18,-19.65,-53.28,-88.12,-18.16,-17.08,-30.49,-53.71,-84.41,0.8752653931295643,3
03-09-2025,NSE:PPL,EQ,749.72,1.08,4.3,333.45,-10.03,-25.01,-22.21,-53.74,-86.02,-10.52,-24.91,-33.05,-54.17,-82.31,0.8746992174478901,3
03-09-2025,NSE:PSB,EQ,19690.25,9.52,2.39,28.76,0.42,-14.67,-46.28,-73.92,-107.06,-0.07,-14.57,-57.12,-74.35,-103.35,0.873164925569488,3
03-09-2025,NSE:SHALPAINTS,EQ,596.44,1.43,4.42,74.76,-4.65,-29.84,-40.40,-43.34,-80.90,-5.14,-29.74,-51.24,-43.77,-77.19,0.8728286998618733,2
03-09-2025,NSE:HIKAL,EQ,3144.17,6.51,4.78,268,-18.38,-41.40,-28.49,-53.66,-22.69,-18.87,-41.3,-39.33,-54.09,-18.98,0.8724663304441603,2
03-09-2025,NSE:GVKPIL,BE,506.74,7.69,2.52,3.29,-17.93,-24.32,-20.36,-55.02,-69.30,-18.42,-24.22,-31.2,-55.45,-65.59,0.8722790353095881,2
03-09-2025,NSE:HFCL,EQ,10084.28,78.08,2.75,71.08,-3.07,-26.44,-16.98,-81.61,-106.51,-3.56,-26.34,-27.82,-82.04,-102.8,0.871740506256682,2
03-09-2025,NSE:NAGAFERT,EQ,310.99,5.73,4.34,5.35,-11.59,-14.95,-22.80,-87.85,-91.21,-12.08,-14.85,-33.64,-88.28,-87.5,0.8701266923291838,2
03-09-2025,NSE:VIKASLIFE,EQ,416.12,40.25,2.92,2.26,-5.31,-10.18,-35.40,-89.38,-116.37,-5.8,-10.08,-46.24,-89.81,-112.66,0.8699568759778797,2
03-09-2025,NSE:ORIENTCEM,EQ,4470.81,4.86,2.81,225.28,-6.65,-53.52,-45.22,-51.97,-26.86,-7.14,-53.42,-56.06,-52.4,-23.15,0.8679178566536089,2
03-09-2025,NSE:KAMOPAINTS,EQ,320.33,34.22,4.62,9.58,2.51,-17.85,-19.52,-71.29,-348.23,2.02,-17.75,-30.36,-71.72,-344.52,0.8676392457069761,2
03-09-2025,NSE:CELLECOR,ST,683.51,3.27,3.65,30.85,-11.02,-29.66,-75.36,-81.04,-10.37,-11.51,-29.56,-86.2,-81.47,-6.66,0.8675147703463546,2
03-09-2025,NSE:PRAJIND,EQ,7186.17,9.95,2.83,412.6,-13.68,-19.73,-23.63,-99.65,-76.67,-14.17,-19.63,-34.47,-100.08,-72.96,0.8637830335539539,2
03-09-2025,NSE:PDSL,EQ,4635.56,1.26,3.55,323.55,-8.51,-29.86,-30.86,-71.60,-78.29,-9,-29.76,-41.7,-72.03,-74.58,0.8637457714690339,2
03-09-2025,NSE:SHAREINDIA,EQ,3174.73,3.18,3.27,150.94,-13.21,-17.68,-32.51,-92.13,-92.26,-13.7,-17.58,-43.35,-92.56,-88.55,0.8596230453038324,2
03-09-2025,NSE:ZIMLAB,EQ,364.96,1.4,4.51,76.6,-40.25,-32.60,-23.38,-49.65,-44.69,-40.74,-32.5,-34.22,-50.08,-40.98,0.8570526006992785,1
03-09-2025,NSE:DISHTV,EQ,940.88,16.21,2.51,5.07,-5.52,-16.17,-31.76,-113.02,-191.52,-6.01,-16.07,-42.6,-113.45,-187.81,0.8517466229617314,1
03-09-2025,NSE:PAKKA,EQ,655.34,2.33,4.88,150.75,-30.08,-10.89,-28.16,-90.35,-109.09,-30.57,-10.79,-39,-90.78,-105.38,0.8514136356573124,1
03-09-2025,NSE:MARKSANS,EQ,7651.22,18.63,4.13,173.45,-29.64,-48.05,-22.14,-97.61,-34.93,-30.13,-47.95,-32.98,-98.04,-31.22,0.8448861666296575,1
03-09-2025,NSE:VERTOZ,EQ,654.14,1.73,5.29,78.67,-6.37,-13.89,-36.01,-112.15,-331.42,-6.86,-13.79,-46.85,-112.58,-327.71,0.8427846813080566,1
03-09-2025,NSE:JITFINFRA,EQ,650.3,1.02,7.01,320.7,-5.66,-24.82,-23.74,-140.02,-239.43,-6.15,-24.72,-34.58,-140.45,-235.72,0.840286724593053,1
03-09-2025,NSE:RAYMONDREL,EQ,4051.01,3.36,4.57,618.6,-9.17,-61.66,-61.66,-61.66,-61.66,-9.66,-61.56,-72.5,-62.09,-57.95,0.8390596575548256,1
03-09-2025,NSE:SPCENET,BE,280.22,11.95,4.06,6.66,2.40,-28.98,-21.62,-206.16,-296.70,1.91,-28.88,-32.46,-206.59,-292.99,0.8370291095706329,1
03-09-2025,NSE:SIGACHI,EQ,1186.47,45.74,3.81,31.85,-14.13,-75.07,-22.79,-69.29,-87.06,-14.62,-74.97,-33.63,-69.72,-83.35,0.8365715134692606,1
03-09-2025,NSE:VAKRANGEE,EQ,904.47,16.74,4.8,8.54,-5.85,-15.81,-57.14,-181.50,-145.32,-6.34,-15.71,-67.98,-181.93,-141.61,0.8359775087722238,1
03-09-2025,NSE:EASEMYTRIP,EQ,3033.14,267.79,4.15,8.48,-15.80,-29.25,-43.87,-112.15,-132.49,-16.29,-29.15,-54.71,-112.58,-128.78,0.831636848135316,1
03-09-2025,NSE:JINDWORLD,EQ,3674.54,50.81,5.42,37.28,-6.06,-60.35,-84.92,-70.36,-96.94,-6.55,-60.25,-95.76,-70.79,-93.23,0.8252787912823337,1
03-09-2025,NSE:THEMISMED,EQ,906.6,3.63,4.54,103.17,-1.98,-33.41,-60.54,-183.51,-146.83,-2.47,-33.31,-71.38,-183.94,-143.12,0.8247386614353774,1
03-09-2025,NSE:VPRPL,EQ,1607.28,10.41,4.55,123.17,-29.56,-38.38,-34.08,-139.30,-103.74,-30.05,-38.28,-44.92,-139.73,-100.03,0.8182184386724992,1
03-09-2025,NSE:UYFINCORP,EQ,228.29,10.23,9.15,13.28,-36.52,-33.96,-43.83,-102.18,-154.52,-37.01,-33.86,-54.67,-102.61,-150.81,0.811288196400074,1
03-09-2025,NSE:SADHNANIQ,BE,276.71,17.26,1.3,9.72,30.35,-111.93,-163.17,-404.12,-502.73,29.86,-111.83,-174.01,-404.55,-499.02,0.7944802116241119,1
03-09-2025,NSE:NECLIFE,BE,321.81,3.42,4.51,14.55,-11.68,-67.42,-86.94,-130.58,-171.55,-12.17,-67.32,-97.78,-131.01,-167.84,0.7919616519814727,1
03-09-2025,NSE:DREAMFOLKS,BE,751.11,1.5,4.67,140.55,4.18,-82.46,-84.74,-202.67,-230.74,3.69,-82.36,-95.58,-203.1,-227.03,0.7909197676516008,1
03-09-2025,NSE:VLEGOV,EQ,367.65,2.34,5.56,32.57,-38.16,-95.67,-77.71,-382.38,-236.63,-38.65,-95.57,-88.55,-382.81,-232.92,0.7374973348534754,1
03-09-2025,NSE:NIFTY,IN,,3043.4,0.73,24613.35,0.20,-0.03,8.40,1.96,-2.19,-0.29,0.07,-2.44,1.53,1.52,,
03-09-2025,NSE:NIFTYJR,IN,,0,1.01,67338.5,1.70,0.70,12.73,-5.03,-11.22,1.21,0.8,1.89,-5.46,-7.51,,
03-09-2025,NSE:BANKNIFTY,IN,,910.53,0.86,53700.75,-3.57,-3.68,9.23,3.06,4.74,-4.06,-3.58,-1.61,2.63,8.45,,
03-09-2025,NSE:CNXMIDCAP,IN,,0,1.13,57142.55,0.88,-1.37,14.01,1.31,-3.05,0.39,-1.27,3.17,0.88,0.66,,
03-09-2025,NSE:CNX500,IN,,0,0.78,22784.5,0.49,-0.10,10.84,0.43,-3.72,0,0,0,0,-0.01,,
03-09-2025,NSE:CNXSMALLCAP,IN,,0,1.15,17706.95,0.22,-3.11,14.40,-5.33,-8.51,-0.27,-3.01,3.56,-5.76,-4.8,,
03-09-2025,NSE:NIFTYMIDSML400,IN,,0,1.04,19695.35,0.58,-0.59,15.00,-0.64,-3.94,0.09,-0.49,4.16,-1.07,-0.23,,
03-09-2025,NSE:NIFTY_TOTAL_MKT,IN,,0,0.79,12829.4,0.48,-0.08,11.04,0.20,-3.75,-0.01,0.02,0.2,-0.23,-0.04,,
03-09-2025,NSE:NIFTY_MICROCAP250,IN,,0,1.18,23662.4,0.45,0.44,16.00,-6.14,-4.94,-0.04,0.54,5.16,-6.57,-1.23,,
