Date,Symbol,Series,Mkt Cap (₹ Crores),CMP,AVOL(50),₹AVOL(50),ADR(20),ATR(20),DV(50),RPS,Change_1D,Change_1W,Change_10D,Change_15D,Change_1M,Change_2M,Change_3M,Change_6M,Change_9M,Change_12M,Change_20M,Momo_10D,Momo_1M,Momo_3M,Momo_6M,Momo_9M,Momo_12M,Gap_10D,6EMA_10D,10EMA_20D,21EMA_40D,50SMA_100D,Off_10EMA,10_21_EMA,Off_21EMA,21_50SMA,Off_50SMA,50_200SMA,Off_200SMA,RSHigh_1W,RSHigh_1M,RSHigh_3M,RSNHBP_1W,RSNHBP_1M,RSNHBP_3M,Below_1M,Below_3M,Below_6M,Below_12M,Below_20M,NB_1M,NB_3M,NB_6M,NB_9M,NB_12M,NB_20M,Above_3M,Above_6M,Above_12M,Above_20M,NA_1M,NA_3M,NA_6M,NA_9M,NA_12M,NA_20M,RS_1M,RS_3M,RS_6M,RS_9M,RS_12M,Total_RS (CNX500),RS_score,NC_1M,NC_3M,NC_6M,NC_9M,NC_12M,NC_20M,NRS_1M,NRS_3M,NRS_6M,NRS_9M,NRS_12M,Total_NRS (CNX500),NRS_score
26-11-2025,NSE:MVKAGRO,ST,990.82,723.1,80484,581.9798,1.64,3.05,1.69,,2.00,9.42,9.69,27.33,24.51,35.26,55.39,86.65,95.53,94.5,90.65,-1,-1,-1,-1,HV2Q,-1,-1,0,10,-1,-1,7.58,6.06,14.52,12.3,30.59,56.23,198.38,100,66.67,88.89,100,57.14,80.95,0,0,0,0,0,0,-5.88,0,0,-61,-52.02,119.79,634.86,2135.24,2135.24,39.76,143.43,895.52,198.3,0,2.58,24.03,51.62,81.9,81.57,85.59,4.770165,99,35.16,143.43,895.52,84.16,,,24.03,37.6,69.06,56.82,-17.16,1.475367,99
26-11-2025,NSE:GRETEX,SM,303.92,197.4,17580,34.70292,0.45,3.63,1.51,M,5.00,0.2,-1.32,-14.94,-24.11,-19.15,-15.96,49.29,94.33,93.47,NA,-1,-1,-1,-1,-1,-1,-1,-1,-1,-1,-1,0.51,-4.62,-3.92,-8.57,-11.51,38.8,44.6,0,0,28.57,0,0,0,-16.36,-24.08,-28.54,-28.54,NA,-16.36,-11.31,-17.14,0,-54.47,NA,6.02,87.82,3696.15,NA,6.02,39.2,2049.3,1825,115.38,NA,-24.59,-19.73,44.54,80.37,84.56,3.462231,99,-15.28,39.2,2049.3,600,,,-24.59,3.26,55.25,79.15,-9.31,1.762383,99
26-11-2025,NSE:BGRENERGY,BE,2979.55,423.7,313162,1326.86739,5.96,5.84,28.25,,2.17,2.25,5.35,2.58,0.44,45.06,57.2,71.9,75.69,91.62,90.28,-1,-1,-1,HV2Q,-1,HVQ,-1,-1,-1,18,-1,1.56,2.39,4.06,12.79,19.31,51.48,145.92,100,100,100,0,0,42.86,-3.33,-9.36,-9.36,-9.36,-9.36,-3.33,-9.75,0,-17.88,-28.97,-36.17,158.92,337.66,1052.93,1117.53,8.74,335.74,153.96,241.86,195.98,2.01,-0.04,53.43,67.15,61.73,82.71,2.408457,99,2.97,324.81,70.41,141.72,,,-0.04,53.7,33.32,3.84,71.4,1.353489,99
26-11-2025,NSE:CUPID,EQ,8255.36,319.95,3598550,11513.56073,5.85,5.82,4.57,,-4.92,-3.51,12.66,24.64,25.79,30.64,46.29,67.38,79.03,74.1,66.74,-1,-1,-1,HV2Y,HV2Y,HV2Q,-1,-1,-1,8,-1,0.98,7.2,8.81,14.56,27.35,43.25,124.42,100,90.48,93.65,80,57.14,68.25,-5.11,-5.11,-5.11,-5.11,-5.11,-5.11,-6.46,-0.05,-2.16,-50.18,-38.46,88.25,254.91,456.43,456.43,36.97,60.53,198.87,81.5,0,12.32,25.31,42.52,62.63,65.07,65.19,1.819126,99,30.54,60.53,145.85,18.03,,,25.31,24.31,38.25,26.05,-17.67,1.169209,99
26-11-2025,NSE:INDOTHAI,BE,5143.69,458.65,855646,3924.42038,4.7,5.05,5.76,,-0.38,4.75,20.31,16.55,20.07,47.61,64.4,61.23,57.14,77,93.46,-1,-1,HV2Q,-1,-1,HVQ,-1,-1,-1,11,-1,5.25,5.01,10.8,14.05,28.92,35.62,100.26,100,80.95,61.9,60,19.05,33.33,-0.38,-0.38,-0.38,-0.38,-0.38,-0.38,-18.97,-22.98,-15.29,-6.35,-3.14,210.02,210.02,338.48,1738.65,25.49,147.8,0,435.34,688.13,322.93,19.59,60.63,56.48,43.18,68.09,1.70966,99,19.16,95.42,-17.81,435.34,,,19.59,52.15,-9.93,-20.21,52.21,1.222845,99
26-11-2025,NSE:AKIKO,ST,313.5,279.4,23520,65.71488,3.45,3.82,5.82,S,3.06,-2.74,-3.44,4.56,0.36,2.77,49.93,67.45,70.58,73.51,NA,-1,-1,-1,HVQ,-1,-1,-1,-1,-1,17,-1,-0.35,1.61,1.28,4.18,5.7,48.23,104.19,60,85.71,90.48,0,28.57,41.27,-5.16,-5.16,-5.16,-5.16,NA,-5.16,0,0,-1.57,-11.94,NA,90.52,310.58,310.88,NA,9.33,274.19,105.74,43.45,29.65,NA,-0.12,46.16,62.7,56.62,64.6,1.671992,99,3.87,274.19,70.19,19.75,,,-0.12,46.44,33.97,-0.04,15.85,1.175999,99
26-11-2025,NSE:TAKE,BE,428.86,30.88,1237110,382.01957,4.31,5.45,14.48,,0.68,4.44,15.28,22.7,23.28,65.87,64.6,70.08,68.43,45.17,29.73,-1,-1,HV2Y,HVQ,-1,HVQ,-1,0,8,-1,-1,5.74,8.56,15.64,25.91,56.09,39.26,156.96,100,100,80.95,100,57.14,46.03,0,0,0,0,0,0,-5.01,-5.61,-58.53,-65.79,-40.6,207.88,270.71,361.58,361.58,42.57,163.22,63.38,38.12,0,0,22.8,60.83,65.33,54.47,36.26,1.670016,99,37.24,120.37,6.95,-52.76,,,22.8,50.55,14.44,-15.18,-67.77,1.150845,99
26-11-2025,NSE:APRAMEYA,SM,628.13,327.25,23930,78.31093,5.13,5.63,2.57,S,4.00,-5.42,13.55,15.92,16.58,15.97,48.6,54.81,64.64,78.3,NA,-1,-1,HVQ,HVQ,HVQ,-1,-1,-1,-1,14,-1,1.48,4.6,6.37,7.64,15.17,37.4,83.97,100,52.38,66.67,20,28.57,41.27,-7.23,-7.23,-7.23,-7.23,NA,-7.23,-5.86,-6.76,-6.42,-4.42,NA,94.68,126.47,427.82,NA,20.18,79.61,86.37,164.11,106.61,NA,16.1,44.83,50.06,50.68,69.39,1.628688,99,18.14,65.45,44.63,,,,16.1,35.08,11.05,12.11,44.5,1.173414,99
26-11-2025,NSE:UNIHEALTH,SM,280.28,372,67120,249.6864,4.82,6.54,3.76,,5.00,28.59,56.99,57.33,55.85,54.7,56.18,51.61,64.25,53.94,59.95,HV2Y,HV2Y,-1,-1,HV2Y,-1,17.97,-1,-1,-1,-1,29.26,16.84,55.44,22.73,101.18,10.94,125.89,100,28.57,9.52,100,28.57,9.52,0,0,0,0,0,0,-5.52,-11.89,-2.7,-22.38,0,144.9,144.9,183.97,232.14,140,8.13,24.43,53.13,18.75,52.99,55.37,52.41,46.86,50.29,45.03,1.606345,99,119.02,-2.29,22.51,53.13,,,55.37,-2.55,-11.45,16.45,-22.96,1.152278,99
26-11-2025,NSE:DHARIWAL,ST,267.15,353.65,150204,531.19645,5.99,7.27,6.62,,4.99,15.47,21,39.21,45.24,41.54,54.47,60.98,60.84,57.87,NA,-1,-1,HV2Y,-1,-1,-1,-1,1,-1,-1,-1,13.78,9.65,25.93,19.62,56.67,29.72,122.92,100,71.43,63.49,80,33.33,15.87,0,0,0,0,NA,0,-9.76,-11.97,-12.55,-12.23,NA,121.03,161.87,287.56,NA,89.27,34.43,76.44,51.23,12.65,NA,44.76,50.7,56.23,46.88,48.96,1.578953,99,79.15,28.42,23.85,,,,44.76,13.55,13.27,-10.02,-1.71,1.12525,99
26-11-2025,NSE:MAHASTEEL,BE,1275.64,708.9,54930,389.39877,2.91,3.51,4.77,S,2.00,-5.16,-8.18,14.36,16.17,42.19,49.72,55.82,66.47,68.75,85.68,-1,-1,HVY,-1,-1,HVQ,-1,-1,9,-1,-1,-1.03,4.21,3.32,17.22,24.82,35.6,93.81,100,100,90.48,0,61.9,57.14,-10.49,-10.49,-10.49,-10.49,-10.49,-10.49,0,-3.11,0,0,-1.35,113.85,134.74,283.13,637.67,19.2,80.86,52.62,97.9,147.3,130.53,15.69,45.95,51.07,52.51,59.84,1.548135,99,19.2,65.08,48.52,97.9,,,15.69,36.71,11.11,14.46,12.65,1.140339,99
26-11-2025,NSE:OSELDEVICE,SM,1229.77,764.45,22268,170.22773,6.05,6.2,3.95,,2.93,0.3,16.61,9.56,20.64,18.62,22.99,62.91,66.75,72.4,NA,-1,-1,-1,HV2Q,-1,2,-1,-1,-1,-1,5,4.29,4.72,9.45,8.31,19.38,38.1,92.86,100,76.19,66.67,20,33.33,19.05,-4.87,-4.87,-4.87,-4.87,NA,-4.87,-6.58,-4.63,-15.83,-24.52,NA,43.38,189.89,291.52,NA,25.35,107.86,200.59,60.58,43.98,NA,20.16,19.22,58.16,52.79,63.49,1.542279,99,25.35,107.86,136.28,,,,20.16,-0.35,50.82,0.68,22.88,1.143426,99
26-11-2025,NSE:SOMATEX,BE,458.93,125.49,36086,45.28432,2.53,4.59,9.9,M,-2.01,-10.65,4.36,-22.38,8.65,44.97,29.25,62.99,68.73,65.04,75.7,-1,-1,-1,HV2Q,HVQ,HV2Y,-1,-1,-1,4,-1,-4.44,3.2,-1.28,19.41,22.49,34.77,87.77,80,95.24,39.68,0,28.57,12.7,-18.29,-18.29,-18.29,-18.29,-18.29,-18.29,0,-15.28,-29.41,-40.36,-14.96,92.85,197.23,243.06,316.91,4.56,76.16,142.73,38.53,42.43,59.24,8.17,25.48,58.24,54.77,56.13,1.497258,99,4.26,13.9,124.16,38.53,,,8.17,19.23,46.67,5.86,-5.93,1.123796,99
26-11-2025,NSE:IFBAGRO,EQ,1432.23,1416.1,88054,1246.93269,7.48,7.48,6.29,S,-2.04,0.09,-13.47,-2.82,14.14,40.52,43.29,58.38,65.62,60.9,69.79,-1,HVY,HVQ,HV2Q,HVQ,-1,-1,-1,-1,5,-1,-1.59,3.69,2.18,18.3,25.06,33.03,86.75,100,100,58.73,0,42.86,28.57,-11.87,-11.87,-11.87,-11.87,-11.87,-11.87,0,-12.65,-3.47,-20.26,-9.31,88.81,138.28,216.02,260.15,8.49,62.11,79.2,31.53,23.83,40.83,13.66,39.52,53.63,51.66,51.99,1.476192,99,6.4,51.13,54.94,-2.29,,,13.66,30.65,25.58,7.73,-7.86,1.113697,99
26-11-2025,NSE:LUMAXTECH,EQ,9928.53,1505.2,295319,4445.14159,5.08,5.33,4.15,,2.13,7.17,5.35,20.33,23.8,16.4,24.33,54.46,65.27,66.69,70.67,-1,EEP,HVQ,EEP,-1,-1,-1,-1,-1,-1,-1,6.69,4.3,11.48,7.64,20.7,25.69,62.43,100,47.62,34.92,40,23.81,19.05,0,0,0,0,0,0,-13.28,-4.81,0,-22.31,-15.46,43.63,126.7,216.88,232.31,33.48,15.63,139.79,44.32,25.76,20.62,23.32,20.56,49.71,51.31,57.78,1.452816,99,30.42,10.56,111.57,27.31,,,23.32,-2.61,38.8,14.07,9.96,1.115975,99
26-11-2025,NSE:MEGASOFT,BE,1464.34,190.14,319763,607.99737,6.17,6.32,4.18,S,5.00,-0.08,-5.46,-16.68,2.48,12.97,26.71,56.81,68.79,64.52,61.32,-1,-1,-1,-1,HVQ,HVQ,-1,-1,-1,-1,2,0.78,-0.27,0.51,7.44,8.58,37.37,73.39,0,71.43,73.02,0,28.57,23.81,-14.31,-14.31,-14.31,-14.31,-14.31,-14.31,0,0,-23.13,-44.44,-30.8,49.89,130.89,287.57,287.57,10.25,76.6,184.06,67.39,17.29,33.34,2,22.94,52.06,54.83,55.61,1.447558,99,-2.34,76.6,123.66,39.26,,,2,21.53,40.05,18.07,-7.81,1.117754,99
26-11-2025,NSE:IZMO,BE,1345.21,915.2,104558,956.91482,5.02,5.56,8.1,,3.65,-7.24,6.41,1.26,7.91,-33.67,29.38,66.67,63.91,52.07,72.83,-1,-1,HV2Y,HV2Y,-1,HVQ,-1,-1,-1,-1,-1,0.23,0.8,1.04,-7.03,-5.6,46.12,75.2,0,0,46.03,0,0,30.16,-8.74,-32.14,-32.14,-32.14,-32.14,-8.74,-37.51,0,-51.88,-47.9,-17.75,43.49,206.09,278.57,278.57,17.23,134.5,167.34,26.16,32.82,76.43,7.43,25.61,61.92,49.95,43.16,1.429373,99,14.17,121.56,105.96,-28.91,,,7.43,20.01,51.79,-17.94,-26.97,1.109242,99
26-11-2025,NSE:SALSTEEL,BE,340.63,42.48,175316,74.47424,2,2.67,3.01,,-2.01,1.84,3.91,5.65,12.74,31.45,57.84,57.3,55.58,43.13,56.33,-1,-1,HV2Q,HVQ,-1,HV2Y,-1,-1,4,-1,-1,0.84,4.72,5.84,13.45,22.28,35.09,88.4,100,100,74.6,80,61.9,36.51,-3.96,-3.96,-3.96,-3.96,-3.96,-3.96,0,-15.44,-38.65,-36.19,-18.3,146.55,180.58,180.58,180.58,16.96,144.85,18.3,7.78,5.13,34.6,12.26,54.07,52.55,41.62,34.22,1.42863,99,16.96,132.71,-8.85,-16.06,,,12.26,48.38,-2.3,-13.68,-22.16,1.118762,99
26-11-2025,NSE:DIVINEHIRA,ST,200.79,179.25,42368,75.94464,4.66,5.48,10.32,,2.43,5.38,24.99,33.44,37.27,49.37,49.74,74.73,NA,NA,NA,-1,-1,-1,-1,-1,-1,-1,-1,11,-1,-1,7.43,10.21,19.64,20.82,51.1,,,100,100,100,60,85.71,71.43,-2.74,-2.74,-2.74,NA,NA,-2.74,-1.27,0,NA,NA,NA,114.93,297.89,NA,NA,60.76,81.37,104.77,NA,NA,NA,36.79,45.97,69.98,0,0,1.412331,99,58.14,78.92,,,,,36.79,16.57,48.7,90.34,5.87,1.178848,99
26-11-2025,NSE:UNITEDPOLY,BE,963.74,40.15,192877,77.44012,5.81,5.85,5.36,2L,4.99,0.47,-8.87,-9.32,-6.63,-15.59,15.47,58.83,59.98,67.79,75.79,-1,-1,-1,HV2Q,HVQ,-1,-1,-1,-1,-1,-1,1.08,-2.91,-1.78,-4.3,-5.83,38.13,52.21,0,0,33.33,0,0,7.94,-12.14,-19.1,-19.1,-19.1,-19.1,-12.14,-13.74,-19.29,-13.59,-10.13,-6.64,29.31,161.56,232.64,397.21,10.24,70.49,181.19,94.88,99.01,60.17,-7.11,11.7,54.08,46.02,58.88,1.385565,99,-4.38,70.49,117.49,83.54,,,-7.11,17.41,50.28,-6.88,25.38,1.125387,99
26-11-2025,NSE:DPEL,ST,690.03,278.05,56130,156.06947,1.33,2.65,1.81,M,-0.98,4.51,-1.47,-7.8,3.97,15.46,50.37,44.31,53.07,62.15,NA,-1,-1,HVQ,-1,HVQ,-1,-1,-1,-1,8,-1,-0.29,0.55,0.26,4.31,4.78,36.81,65.81,0,61.9,69.84,0,33.33,25.4,-9.04,-9.04,-9.04,-9.04,NA,-9.04,-4.37,-14.45,-4,-15.15,NA,105.96,124.87,197.54,NA,4.73,115.93,47.67,128.06,92.19,NA,3.49,46.6,39.56,39.11,53.24,1.380377,99,2.22,100,9.18,84.24,,,3.49,45,-13.23,6.06,25.22,1.134359,99
26-11-2025,NSE:TERASOFT,BE,688.65,510.1,24279,123.84718,6.01,6.51,2.5,S,4.99,-1.88,-5.8,-8.95,0.37,11.52,42.2,46.73,58.37,63.03,90.32,-1,-1,HV2Q,-1,-1,-1,-1,-1,-1,-1,14,0.55,-0.2,0.35,4.64,5.24,35.07,62.09,0,71.43,73.02,0,28.57,39.68,-11.95,-11.95,-11.95,-11.95,-11.95,-11.95,0,-14.8,-6.62,-19.95,0,73.39,101.94,204.99,1021.1,10.23,79.7,76.29,288.2,366.7,314.42,-0.11,38.43,41.98,44.41,54.12,1.375861,99,-4.4,60.95,41.69,273.37,,,-0.11,38.67,6.82,12.2,17.07,1.119989,99
26-11-2025,NSE:PRAMARA,SM,379.53,356.55,64890,231.3653,5.1,4.73,5.26,,0.96,8.58,10.14,10.04,11.56,22.13,30.89,55.92,56.23,59.36,65.5,-1,-1,-1,-1,HVQ,-1,-1,-1,-1,4,-1,4.78,3.16,8.2,7.25,16.66,31.86,71.22,100,100,100,100,80.95,90.48,0,0,0,0,0,0,0,-0.36,-15.05,-15.65,-21.68,43.48,125.95,243.5,317.02,14.76,51.65,137.38,51.4,82.51,69.47,11.08,27.12,51.17,42.27,50.45,1.362435,99,14.76,50.78,54,12.37,,,11.08,18.55,35.2,-8.96,13.02,1.09536,98
26-11-2025,NSE:VENUSREM,EQ,741.87,697.5,93736,653.8086,5.9,6.5,6.23,,2.98,7.55,22.9,36.45,37.23,35.51,29.47,42.27,56.22,57.18,56.21,-1,HV2Y,-1,HVQ,HVQ,HVQ,-1,3,-1,-1,-1,8.89,9.58,20.42,15.51,42.52,14.61,66.91,100,23.81,7.94,60,14.29,4.76,-2.71,-2.71,-2.71,-2.71,-2.71,-2.71,-17.72,-11.01,0,-27.45,-29.05,61.72,75.94,152.81,152.81,60.58,1.51,76.04,45.94,10.69,3.86,36.75,25.7,37.52,42.26,48.27,1.36025,99,59.63,-15.65,59.31,12.77,,,36.75,-15.68,17.13,14.49,8.08,1.097301,98
26-11-2025,NSE:LUMAXIND,EQ,4799.97,5479.6,30204,1655.05838,5.17,5.09,2.6,,-1.13,7,8.15,9.54,9.68,13.99,31.15,48.97,58.77,59.33,58.16,-1,-1,HV2Y,-1,-1,-1,-1,-1,-1,-1,10,5.8,2.08,8.05,3.24,11.66,28.76,56.75,100,28.57,73.02,40,9.52,25.4,-1.13,-1.13,-1.13,-1.13,-1.13,-1.13,-6.73,-5.71,-5.68,-23.86,-24.9,34.72,95.43,163.6,163.6,19.36,50.18,74.99,34.53,8.69,2.91,9.2,27.38,44.22,44.81,50.42,1.345787,99,9.4,29.26,68.76,-1.66,,,9.2,20.46,24.85,9.55,7.23,1.092756,98
26-11-2025,NSE:SABTNL,EQ,2613.81,1392.5,32385,450.96113,3.43,4.81,15.62,,2.61,18.44,36.09,44.72,42.78,30.84,25.19,57.68,62.54,-23.26,NA,HV2Y,HV2Y,-1,HVQ,-1,-1,-1,0,-1,-1,-1,16.85,10.74,30.91,12.12,48.97,14.65,74.53,0,0,4.76,0,0,0,0,0,-2.18,-37.27,NA,0,-36.57,-26.82,-73.45,-76.5,NA,80.9,158.06,275.19,NA,80.9,0,139.43,58.79,1104.73,NA,42.3,21.42,52.93,48.58,-32.17,1.34448,99,74.62,-1.62,103.77,17,,,42.3,-34.04,42.41,1.83,-223.15,1.078523,97
26-11-2025,NSE:VMARCIND,SM,1804.69,726.85,38065,276.67545,5.94,5.95,5.68,,0.48,-0.37,-7.81,20,19.32,40.38,33.8,56.93,58.18,39.18,89.39,-1,HVY,HVQ,HV2Q,-1,-1,-1,-1,-1,0,-1,0.09,4.93,5.28,16.64,26.3,30.29,81.18,100,100,58.73,0,28.57,15.87,-7.24,-7.24,-7.24,-7.24,-7.24,-7.24,-4.25,-5.34,-36.65,-38.48,-10.53,71.91,154.5,262.88,891.61,29.16,38.69,140.21,56.29,314.73,503.14,18.84,30.03,52.18,44.22,30.27,1.337456,99,26.98,29.46,65.15,-26.15,,,18.84,14.64,33.92,-6.77,-39.56,1.071673,96
26-11-2025,NSE:SUMEETINDS,BE,1851.61,30.87,354407,109.40544,5.55,5.51,9.28,2M,-2.46,-7.03,-17.95,-6.38,-10.66,-3.1,26.64,49.08,70.2,41.69,26.14,-1,-1,-1,-1,-1,-1,-1,-1,-1,-1,-1,-6.05,-2.42,-8.27,-0.49,-8.71,35.92,42.45,0,0,49.21,0,0,23.81,-16.02,-20.83,-20.83,-20.83,-20.83,-16.02,-12.39,-19.47,-24.28,-68.49,-38.36,47.65,175.82,295.77,295.77,0,63.38,183.08,101.54,17.95,114.29,-11.14,22.87,44.33,56.24,32.78,1.335481,99,-13.7,34.55,135.9,57.2,,,-11.14,30.4,29.56,31.82,-89.78,1.103292,98
26-11-2025,NSE:CPS,SM,229.95,958.6,4005,38.39193,2.94,4.13,16.07,S,-1.68,-3.28,-13.81,-9.62,12.27,27.08,26.97,47.72,42.1,69.07,53.13,-1,-1,-1,-1,-1,-1,-1,-1,-1,-1,-1,-1.78,1.58,-0.21,11.52,12.79,20.08,41.12,0,57.14,19.05,0,33.33,11.11,-12.14,-12.14,-12.14,-12.14,-12.14,-12.14,-4.43,-20.45,-23.78,0,-38.29,45.24,87.96,283.44,283.44,8.56,27.42,64.72,100.48,122,18.6,11.79,23.2,42.97,28.14,60.16,1.332766,99,8.56,10.66,28.71,33.83,,,11.79,13.45,27.39,-20.39,52.45,1.121944,99
26-11-2025,NSE:CARTRADE,EQ,15628.56,3175.8,489452,15544.01662,4.73,4.64,4.07,S,2.73,2.35,-0.04,8.05,16.07,21.5,24.76,52.31,52.79,59.9,79.4,-1,EEP,-1,EEP,-1,EEP,-1,-1,-1,-1,0,2.62,2.87,5.65,9.62,16.89,25.15,56.17,100,100,49.21,0,19.05,17.46,-2.82,-2.82,-2.82,-2.82,-2.82,-2.82,-2.63,-3.75,-16.56,-15.13,-2.51,39.81,110.12,147.89,401.75,10.67,40.68,72.42,79.17,136.87,101.22,15.59,20.99,47.56,38.83,50.99,1.329185,99,1.29,40.68,54.45,64.69,,,15.59,7.04,35.61,-8.66,20.92,1.091118,98
26-11-2025,NSE:SEJALLTD,BE,898.9,942.3,18975,178.80143,4.87,5.08,27.42,,-2.52,6.11,8.05,9.39,-4.78,20.35,39.98,51.64,60.97,42.33,63.84,-1,-1,HVY,HVQ,HVQ,-1,-1,-1,-1,16,-1,1.69,3.22,5.07,7.07,13.06,34.23,71.9,100,57.14,73.02,20,9.52,26.98,-4.29,-4.56,-4.56,-4.56,-4.56,-4.29,0,-1.95,-32.82,-45.79,-19.89,84.04,102.47,194.65,217.65,17.63,111.54,76.86,44.03,23.97,83.2,-5.26,36.21,46.89,47.01,33.42,1.32125,98,-2.94,108.54,60.34,44.03,,,-5.26,39.41,18.41,9.64,-41.91,1.093277,98
26-11-2025,NSE:SUNLITE,ST,282.72,262.6,42540,111.71004,8.45,8.59,3.2,,4.50,-2.17,9.77,14.19,28.2,28.22,37.99,55.83,49.33,34.12,NA,-1,HVY,HV2Q,-1,-1,-1,-1,-1,-1,-1,-1,1.94,6.24,8.73,15.52,28.7,22.84,66.8,100,85.71,44.44,20,42.86,20.63,-5.68,-5.68,-5.68,-5.68,NA,-5.68,-1.28,-8.51,-44.62,-36.48,NA,74.31,124.44,186.21,NA,44.29,31.85,77.49,26.43,0,NA,27.72,34.22,51.08,35.37,25.21,1.318876,98,44.29,13.45,20.63,,,,27.72,10.32,27.75,-24.36,-24.16,1.063939,95
26-11-2025,NSE:SKMEGGPROD,EQ,1124.82,440.7,94324,415.68587,5.65,5.9,4.57,,3.87,6.21,5.04,4.84,16.68,27.58,20.64,51.41,58.96,51.55,48.14,-1,-1,-1,HVQ,-1,HV2Q,-1,-1,-1,-1,-1,3.43,3.3,6.96,10.44,19.42,26.02,61.43,100,85.71,41.27,60,57.14,26.98,-0.28,-0.28,-0.28,-0.28,-0.28,-0.28,-1.18,0,-25.14,-42.81,-32.5,45.73,120.64,173.71,173.71,19.66,25.75,117.22,33,0,0,16.2,16.87,46.66,45,42.64,1.314322,98,19.66,21.43,88.29,-13.77,,,16.2,1.44,37.75,5.88,-12.17,1.079437,97
26-11-2025,NSE:TFCILTD,EQ,3090.37,73.52,6707308,4931.21284,4.18,4.2,3.59,L,8.50,11.36,6.83,5.16,3.97,0.84,17.37,40.26,64.84,57.5,49.63,-1,-1,-1,HVQ,HV2Y,HVQ,-1,-1,-1,-1,-1,8.73,-0.94,7.72,-4,3.57,27.86,43.56,0,0,55.56,0,0,44.44,0,-2.92,-2.92,-2.92,-2.92,0,-6.77,-2.83,0,-45.92,-34.63,22.11,69.14,186.9,186.9,16.2,28.43,117.98,71.4,0.87,14.47,3.49,13.6,35.51,50.88,48.59,1.312066,98,4,21.1,106.23,21.06,,,3.49,10.64,26.68,31.49,-15.01,1.095159,98
26-11-2025,NSE:SYSTANGO,SM,457.67,394,51920,204.5648,6.3,6.74,4.26,,11.63,9.12,27.02,37.6,40.23,42.11,39.51,31.62,46.87,47.87,20.48,-1,HVQ,-1,HVQ,HVQ,HV2Y,-1,4,-1,-1,-1,13.59,9.52,25.54,17.26,51.74,8.85,66.46,100,61.9,20.63,80,47.62,15.87,0,0,0,0,0,0,-5.21,-11.53,-6.46,-44.52,-45.57,77.08,79.17,101.17,101.17,67.84,7.09,21.7,37.55,3.79,0,39.75,35.74,26.87,32.91,38.96,1.311108,98,67.7,-2.61,13.02,9.18,,,39.75,-4.52,-14.05,12.63,7.76,1.087149,97
26-11-2025,NSE:GARUDA,EQ,2213.46,223.66,2496724,5584.1729,5.83,5.78,3.04,S,2.99,-3.25,-4.67,-0.55,7.09,13.58,5.38,53.6,53.21,64.16,NA,-1,-1,-1,HVQ,-1,-1,-1,-1,-1,-1,-1,1.22,0.8,2.03,5.57,8.06,26.8,47.63,0,47.62,39.68,0,19.05,9.52,-7.72,-7.72,-7.72,-7.72,NA,-7.72,-5.34,0,-29.36,-28.76,NA,23.95,112.81,188,NA,12.65,22.77,137.15,33.62,34.75,NA,6.61,1.61,48.85,39.25,55.25,1.310388,98,8.59,22.08,90.14,,,,6.61,-5.15,49.95,-10.51,29.28,1.108243,98
26-11-2025,NSE:APOLLO,EQ,9295.55,271.3,5515914,14964.67468,4.25,4.2,8.14,,-0.50,-2.99,-3.81,-2.43,-5.14,-25.89,7.58,42.57,60.91,66.02,62.37,-1,-1,2,EEP,EEP,EEP,-1,-1,-1,-1,-1,-0.84,-1.77,-2.56,-8.41,-10.12,34.12,36.43,0,0,49.21,0,0,25.4,-4.94,-21.11,-21.11,-21.11,-21.11,-4.94,-17.05,0,0,-29.9,-27.41,11.89,59.64,196.54,197.41,4.47,67.85,131.84,70.81,16.26,1.06,-5.62,3.81,37.82,46.95,57.11,1.309926,98,-1.81,65.94,111.67,46.99,,,-5.62,8.79,36.84,22.28,18.94,1.1046,98
26-11-2025,NSE:AIMTRON,SM,1904.61,976.55,63140,616.59367,6.19,6.21,2.57,,0.15,0.57,3.99,10.3,25.9,26.1,31.2,40.69,56.13,51.09,NA,-1,HVQ,-1,-1,-1,-1,-1,-1,3,-1,-1,1.42,5.07,6.83,12.84,22.57,20.56,54.29,100,80.95,26.98,40,52.38,17.46,-3.56,-3.56,-3.56,-3.56,NA,-3.56,-4.81,-17.03,-11.02,-38.48,NA,46.38,78.27,155.84,NA,29.31,11.35,76.03,51.74,69.29,NA,25.42,27.43,35.94,42.17,42.18,1.309598,98,29.31,-1.79,51.52,14.84,,,25.42,3.83,12.78,16.38,-5.61,1.078546,97
26-11-2025,NSE:LTF,EQ,75066.37,307.6,8106741,24936.33532,2.9,2.89,6.59,,3.60,3.23,4.13,8.97,13.15,19.76,29.23,43.99,57,55.22,50.94,-1,HV2Y,-1,-1,-1,-1,-1,-1,8,-1,-1,4.06,2.33,6.54,6.63,14.11,24.95,52.04,100,100,100,20,57.14,77.78,0,0,0,0,0,0,-1.62,-2.25,-8.41,-30.42,-27.54,42.12,79.58,135.01,135.01,14.82,36.48,63.08,31.64,1.06,1.35,12.67,25.46,39.24,43.04,46.31,1.3067,98,14.63,30.37,60.95,2,,,12.67,15.2,19.83,13.57,1.74,1.081992,97
26-11-2025,NSE:IWARE,ST,206.6,239.45,41376,99.07483,4.66,5.8,5.63,,5.00,15.24,20.48,24.28,29.57,48.63,42.79,69.43,NA,NA,NA,-1,-1,-1,HVQ,-1,-1,-1,-1,-1,3,-1,11.79,7.29,20.59,17.56,46.27,,,100,100,82.54,80,47.62,33.33,0,0,0,NA,NA,0,0,0,NA,NA,NA,99.46,236.78,NA,NA,39.01,98.41,92.69,NA,NA,NA,29.09,39.02,64.68,0,0,1.303749,98,35.24,98.41,,,,,29.09,15.46,45.55,90.34,5.87,1.145039,99
26-11-2025,NSE:TDPOWERSYS,EQ,12276.72,795.65,1548093,12317.40195,5.39,5.56,5.65,S,4.60,4.2,-3.1,-3.07,18.83,27.84,34.55,39.99,60.13,42.88,66.56,-1,EEP,HVQ,-1,EEP,-1,-1,-1,-1,5,-1,3.67,2.44,6.27,10.63,18.91,24.37,57.23,80,95.24,90.48,0,33.33,42.86,-3.01,-3.01,-3.01,-3.01,-3.01,-3.01,-1.79,-3.59,-4.11,-32.91,0,59.48,70.36,161.38,197.83,22.7,38.27,71.07,56.87,19.83,71.67,18.35,30.78,35.24,46.17,33.97,1.300698,98,22.7,37.83,58.62,12.02,,,18.35,16.05,7.29,23.9,-37.39,1.07667,96
26-11-2025,NSE:ASHAPURMIN,EQ,6820.56,701.85,796607,5590.98623,4.46,4.6,3.9,,0.04,1.08,6.05,5.22,9.18,8.9,31.42,43.4,43.68,64.56,52.41,HVY,HVY,HV2Q,HV2Q,-1,2,6.11,-1,-1,-1,12,0.76,2.06,2.88,3.02,6.09,26.2,43.76,100,28.57,55.56,20,4.76,26.98,-5.48,-5.48,-5.48,-5.48,-5.48,-5.48,-7.96,-15.49,-26.95,-27.32,-42.78,45.31,84.58,175.86,223.66,12.99,32.44,55.81,83.19,82.27,14.71,8.7,27.65,38.65,29.72,55.65,1.300663,98,9.46,16.49,20.69,18.14,,,8.7,21.19,16.44,-9.16,42.94,1.104185,98
26-11-2025,NSE:JINDALPHOT,EQ,1397.59,1471.6,19917,293.09857,5.01,5.03,4.63,,0.42,0.75,5.87,6.82,5.29,23.31,41.28,38.72,59.92,40.83,61.68,-1,-1,HVQ,-1,HVQ,-1,-1,-1,-1,-1,-1,3.82,1.91,5.84,5.98,12.58,27.63,55.56,100,76.19,85.71,0,0,4.76,0,-5.39,-5.39,-5.39,-5.39,0,-10.4,-16.35,-9.44,-40.2,-6.2,73,79.45,172.32,172.32,11.1,69.95,59.91,66.88,8.24,59.79,4.81,37.51,33.97,45.96,31.92,1.292122,98,7.9,61.64,45.39,4.86,,,4.81,34.69,-5.38,24.93,-41.76,1.090038,97
26-11-2025,NSE:VIESL,ST,672.74,294.45,78752,231.88526,5.02,5.37,4.15,,3.92,5.91,5.69,23.16,19.77,20.41,42.32,40.67,56.85,31.55,NA,-1,-1,-1,-1,HVQ,HVQ,-1,-1,-1,15,-1,5.5,5.34,11.45,9.78,23.53,26.63,68.37,100,80.95,79.37,60,42.86,31.75,-0.44,-0.44,-0.44,-0.44,NA,-0.44,-3.39,-6.75,-20.01,-41.83,NA,73.21,96.56,156.83,NA,31.39,57.71,48.15,52.38,0,NA,19.29,38.55,35.92,42.89,22.64,1.291774,98,25.06,44.54,22.28,,,,19.29,24.8,-3.88,17.62,-52.77,1.070566,96
26-11-2025,NSE:THANGAMAYL,EQ,10113.78,3251.2,154075,5009.2864,6.99,7.05,6.84,S,0.21,2.08,-3.53,6.46,37.6,36.84,32.9,40.95,45.66,41.01,65.14,-1,EEP,-1,-1,-1,EEP,-1,-1,-1,-1,-1,2.55,6.25,9.39,18.02,33.44,15.34,57.62,100,71.43,42.86,0,14.29,15.87,-4.07,-4.07,-4.07,-4.07,-4.07,-4.07,-10.18,-2.16,-23.66,-29.75,-23.74,66.67,80.56,109.41,191.92,58.63,12.66,40.5,23.66,58.62,72.21,37.12,29.13,36.2,31.7,32.1,1.282711,98,55.98,10.63,26.9,5.39,,,37.12,-10.84,10.97,-1.68,-2.7,1.068437,96
26-11-2025,NSE:NACLIND,BE,3873.8,186.7,201569,376.32932,3.95,3.95,3.79,S,5.00,-0.87,2.52,-6.81,-7.23,-17.62,-44.43,2.55,65.08,73.05,68.13,-1,-1,-1,-1,HV2Y,HV2Y,-1,-1,-1,-1,-1,0.98,-2.77,-1.75,-7.56,-8.66,6.46,-2.35,0,0,0,0,0,0,-9.91,-34.04,-42.25,-42.25,-42.25,-9.91,-38.08,-16.59,-13.04,-16.66,-35.68,5,9.46,274.52,274.52,5,1.76,375.99,264.95,30.77,0.78,-7.71,-48.2,-2.2,51.12,64.14,1.281596,98,-9.91,-28.33,332.89,214.11,,,-7.71,-38,31.51,54.51,28.7,1.167615,99
26-11-2025,NSE:AXISCADES,BE,6632.59,1428.6,97605,1394.38503,4.1,4.47,7.17,,0.91,-6.78,1.11,-8.63,1.05,-17.82,10.65,33.72,50.21,68.39,60.68,-1,-1,-1,EEP,-1,EEP,-1,-1,-1,-1,-1,-2.32,-1.55,-3.81,-5.33,-8.68,23.59,19.52,0,0,34.92,0,0,14.29,-10.77,-19.03,-19.03,-19.03,-19.03,-10.77,-19.88,-13.81,-6.87,-12.1,-31.8,14.67,43.7,232.08,232.08,2,19.98,84.4,120.1,65.33,0.33,0.57,6.88,28.97,36.25,59.48,1.27137,98,-3.41,3.19,71.29,61.07,,,0.57,6.4,24.8,15.22,42.38,1.105196,98
26-11-2025,NSE:GRMOVER,EQ,2883.54,470.9,811120,3819.56408,4.17,4.15,6.23,,1.43,-4.98,6.33,9.78,12.74,23.58,20.01,36.97,54.19,58,74,EEP,EEP,-1,-1,-1,EEP,-1,-1,5,-1,-1,0.5,3.22,3.84,9.52,14.76,16.82,37.98,100,100,57.14,40,80.95,39.68,-4.74,-4.74,-4.74,-4.74,-4.74,-4.74,-1.25,-3.44,-10.17,-23,-29.41,36.22,63.88,155.49,299.58,13.72,18.86,73.19,61.03,85.56,70.12,12.26,16.24,32.22,40.23,49.09,1.268138,98,13.32,8.36,73.06,12.36,,,12.26,5.03,20.18,17.66,14.19,1.080982,97
26-11-2025,NSE:ROSSTECH,EQ,2561.85,791.95,227739,1803.57901,6.36,6.39,4.15,,14.30,9.79,15.66,20.94,18.45,1.36,15.13,51.45,64.33,NA,NA,HV2Y,HV2Y,-1,HV2Y,-1,-1,-1,-1,-1,-1,-1,12.29,2.1,14.69,-0.84,13.73,29.95,62.36,0,0,38.1,0,0,14.29,0,-0.26,-0.26,NA,NA,0,-18.67,-5.68,-29.27,NA,NA,29.37,123.71,NA,NA,29.37,14.78,179.4,59.84,NA,NA,17.97,11.36,46.7,50.37,0,1.261491,98,16.17,11.21,118.75,,,,17.97,-7.38,41.77,16.87,105.87,1.108265,99
26-11-2025,NSE:ZOTA,EQ,4786.49,1554.4,74265,1154.37516,4.08,4.02,12.55,,-0.89,-6.06,1.41,-0.39,-1.06,5.9,20.4,35.74,45.29,64.76,69.42,-1,-1,-1,HV2Y,-1,HVQ,-1,-1,-1,-1,1,-2.54,1.22,-1.33,3.24,1.97,24.82,35.63,60,71.43,76.19,40,33.33,31.75,-7.76,-7.76,-7.76,-7.76,-7.76,-7.76,-2.13,-10.24,-2.09,-16.64,-20.8,29.53,67.78,178.87,245.31,3.02,32.22,62.1,82.33,88.9,21.69,-1.54,16.63,30.99,31.33,55.85,1.250401,98,-0.9,30.74,43.62,50.72,,,-1.54,17.93,18.26,5.2,41.45,1.097921,98
26-11-2025,NSE:FORCEMOT,EQ,22911.86,16959,84844,14388.69396,3.56,3.55,2.56,S,0.98,-3.89,-3.02,-7.78,3.99,-6.38,-18.95,34.95,61.2,60.8,61.47,-1,-1,-1,HV2Y,HV2Y,-1,-1,-1,-1,-1,-1,-1.2,-0.6,-1.78,-0.3,-2.08,20.92,23.83,0,0,9.52,0,0,0,-8.04,-15,-22.55,-22.55,-22.55,-8.04,-25.64,-7.88,-0.57,-33.87,-33.19,10.82,45.78,169.4,173.11,3.21,6.4,205.57,77.65,12.28,13.44,3.51,-22.72,30.2,47.24,51.89,1.24752,97,3.21,-8.88,201.79,27.41,,,3.51,-27.19,44.3,30.7,4.84,1.099952,98
26-11-2025,NSE:IMFA,EQ,7111.15,1247.1,258482,3223.52902,5.9,5.94,4.85,S,-0.45,-7.71,-9.92,1.32,11.94,5.8,31.19,49.92,48.79,35.88,55.32,-1,EEP,HVQ,HVQ,-1,-1,-1,-1,-1,15,-1,-2.29,1.64,-0.66,5.6,5.23,30.3,50.98,40,47.62,71.43,0,19.05,44.44,-9.02,-9.02,-9.02,-9.02,-9.02,-9.02,-11.63,-0.88,-36.61,-35.19,-7.29,47.55,100.95,118.06,123.51,10.46,54.52,50.04,9.21,19.74,49.95,11.46,27.42,45.17,34.83,26.97,1.247006,97,9.57,48.34,32.21,-10.52,,,11.46,18.55,26.19,-11.9,-19.36,1.056008,94
26-11-2025,NSE:PARAGMILK,EQ,4403.23,338.9,1928593,6536.00168,4.58,4.63,4.07,,4.31,-6.05,-5.16,6.98,6.46,17.09,31.91,37.84,55.17,42.04,40.97,EEP,EEP,HV2Y,-1,EEP,-1,-1,-1,-1,-1,-1,0.25,2.26,2.56,7.69,11.1,24.73,47.6,80,95.24,71.43,0,42.86,34.92,-8.8,-8.8,-8.8,-8.8,-8.8,-8.8,0,-9.56,-10.12,-38.11,-19.99,49.44,64.7,139.81,139.81,8.9,49.24,63.3,49.07,0,24.63,5.98,28.14,33.09,41.21,33.13,1.243497,97,6.54,26.27,46.69,6.21,,,5.98,23.89,7.69,18.22,-23.4,1.068789,96
26-11-2025,NSE:RPEL,EQ,4604.05,1022.05,130269,1331.41431,6.16,6.06,14.54,,1.29,-3.21,2.04,11.68,29.19,33.05,41.74,29.72,48.21,22.71,NA,-1,HV2Y,-1,-1,-1,-1,-1,-1,-1,-1,-1,1.85,5.94,8.28,15.86,28.69,15.92,53.06,100,95.24,31.75,40,76.19,25.4,-3.11,-3.11,-3.11,-3.11,NA,-3.11,0,-19.44,-14.83,-37.23,NA,79.48,79.48,121.77,NA,42.79,27.09,29.2,55.86,7.81,NA,28.71,37.97,24.97,34.25,13.8,1.242579,97,40.3,9.33,8.63,29.4,,,28.71,14.42,-21.66,16.65,-43.35,1.058365,94
26-11-2025,NSE:GAYAPROJ,BZ,215.84,11.53,207539,23.92925,2.35,3.29,5.76,,0.00,4.68,9.19,23.76,28.79,21.94,24.28,46.75,33.13,48.4,44.93,-1,-1,-1,-1,-1,HVQ,-1,1,-1,-1,-1,4.77,6.09,11.56,11.39,25.9,12.08,43.19,100,57.14,30.16,100,57.14,19.05,0,0,0,0,0,0,-12.1,-6.73,-44.88,-30.79,-41.95,43.23,102.99,115.51,142.74,36.45,12.01,53.7,14.77,62.32,25.26,28.31,20.51,42,19.17,39.49,1.242144,97,34.38,12.01,9.13,-0.97,,,28.31,-9.64,28.65,-35.23,28.7,1.072597,96
26-11-2025,NSE:ABCAPITAL,EQ,87761.36,349.8,5211689,18230.48812,2.75,2.74,3.25,,1.26,5.47,5.77,5.25,11.16,16.54,18.47,36.81,55.95,47.68,50.31,-1,-1,-1,EEP,EEP,-1,-1,-1,-1,2,-1,4.22,2,6.35,5.53,12.57,20.72,41.99,100,100,87.3,60,71.43,63.49,0,0,0,0,0,0,0,-2.09,-8.68,-36.59,-24.69,27.27,59.71,129.65,129.65,12.55,24.9,87.24,45.11,0.88,8.26,10.68,14.7,32.06,41.99,38.77,1.235691,97,11.9,19.36,83.4,-1,,,10.68,4.91,21.48,20.63,-12.9,1.066752,95
26-11-2025,NSE:MUTHOOTFIN,EQ,150422.21,3725.6,590264,21990.87558,2.1,2.41,6.04,,1.20,0.64,10.76,14.42,15.56,17.11,27.7,44.64,39.75,49.01,64,-1,-1,-1,EEP,-1,EEP,7.57,4,-1,-1,6,2.89,3.39,6.5,6.69,14.14,19.43,41.66,100,57.14,80.95,40,42.86,63.49,-0.93,-0.93,-0.93,-0.93,-0.93,-0.93,-5.66,-2.69,-14.64,-3.16,-7.69,41.24,80.4,94.86,181.17,17.21,25.34,33.55,16.51,70.11,43.97,15.08,23.93,39.89,25.79,40.1,1.232607,97,17.08,18.24,18.97,6.97,,,15.08,11.06,22.41,-18.48,21.24,1.065614,95
26-11-2025,NSE:SOLEX,EQ,1874.12,1882,51455,968.3831,5.12,5.3,3.74,,-1.85,2.94,17.58,6.85,18.17,16.02,29.26,40.75,55.85,20.42,69.19,-1,-1,-1,2,-1,-1,-1,-1,-1,-1,-1,3.37,4.65,8.41,6.93,16.49,24.42,54.14,100,28.57,28.57,80,23.81,22.22,-1.88,-1.88,-1.88,-1.88,-1.88,-1.88,-11.46,-16.21,-37.45,-53.39,-15.98,53.8,65.47,198.16,213.67,26.42,25.85,110.92,76.66,43.28,158.28,17.69,25.49,36,41.89,11.51,1.230944,97,24.48,6.57,58.38,-19.3,,,17.69,10.24,15.23,15.83,-74.39,1.049333,92
26-11-2025,NSE:TATVA,EQ,3727.29,1451.5,250680,3638.6202,5.64,5.53,4.08,,-0.93,-5.64,-3.86,-5.3,6.4,25.79,25.75,37.84,54.26,44.34,19.51,-1,-1,-1,EEP,EEP,-1,-1,-1,-1,-1,-1,-1.38,2.07,0.7,11.34,13.57,23.98,49.39,40,85.71,39.68,0,33.33,17.46,-8.64,-8.64,-8.64,-8.64,-8.64,-8.64,-3.45,-7.65,-16.71,-48.46,-37.29,47.8,64.24,127.86,127.86,7.59,38.34,69.18,41.65,0,0.5,5.92,21.98,33.09,40.3,35.43,1.230116,97,7.59,18.58,61.25,-12.21,,,5.92,17.37,15.26,16.77,-15.82,1.064505,95
26-11-2025,NSE:PVP,BE,923.13,38.62,343065,132.4917,0.35,2.03,3.75,,-2.00,4.53,13.46,15.25,11.81,25.09,47.75,36.02,35.45,33.58,18.31,-1,-1,HVY,-1,HVQ,HVQ,-1,0,-1,-1,-1,4.14,4.83,9.43,9.17,20.48,19.78,50.2,100,95.24,69.84,80,42.86,15.87,-2,-2,-2,-2,-7.72,-2,0,-29.32,-35.36,-40.43,-38.71,85.58,105.64,105.64,105.64,22.6,81.36,7.45,14.93,12.3,15.54,11.33,43.98,31.27,21.49,24.67,1.227645,97,8,61.27,-21.14,-10.31,,,11.33,37.44,-23.47,-10.55,2.98,1.072017,96
26-11-2025,NSE:ABDL,EQ,18656.67,652.15,585021,3815.21445,3.91,3.87,9.38,,-1.28,-1.32,2.38,-3.05,6.18,17.92,21.5,37.88,50.13,52.24,NA,-1,-1,-1,-1,-1,-1,-1,-1,-1,-1,3,0.02,1.96,2.02,7.37,10.14,23.89,44.72,100,100,74.6,0,28.57,22.22,-4.63,-4.63,-4.63,-4.63,NA,-4.63,-2.17,-3.2,-7.4,-25.66,NA,32.32,65.58,113.47,NA,6.58,33.08,67.58,35.15,13.77,NA,5.7,17.73,33.13,36.17,43.33,1.22731,97,6.58,33.08,52.07,21.69,,,5.7,13.02,19.85,10.06,10.1,1.068774,96
26-11-2025,NSE:RMDRIP,EQ,1961.18,81.05,518743,420.4412,2.97,2.92,7.61,,2.44,1.16,2.71,1.57,1.49,6.1,9.89,32.81,48.93,61.96,86.67,-1,-1,-1,HVQ,-1,-1,-1,-1,-1,-1,-1,1.96,0.94,2.92,2.86,5.95,22.22,36.21,100,52.38,58.73,20,9.52,31.75,-1.06,-1.06,-1.06,-1.06,-1.06,-1.06,0,0,-0.61,-2.6,0,17.26,50.92,164.83,727.04,3.25,31.53,101.84,212.99,322.4,214.64,1.01,6.12,28.06,34.97,53.05,1.22581,97,1.49,30.85,76.84,207.68,,,1.01,5.21,24.41,14.33,31.38,1.084771,97
26-11-2025,NSE:OBSCP,SM,848.5,326.6,52248,170.64197,5.43,5.51,5.84,S,4.78,-1.7,2.77,0.81,6.41,3.97,-1.35,34.63,55.19,57.69,NA,-1,-1,-1,-1,EEP,-1,4.55,-1,-1,-1,-1,0.44,0.95,1.4,2.62,4.13,19.5,29.35,0,0,25.4,0,0,9.52,-5.48,-6.69,-6.69,-6.69,NA,-5.48,-12.67,-2.27,-19.37,-44.73,NA,14.56,50.96,149.6,NA,5.88,9.4,123.12,76.08,20.7,NA,5.93,-5.12,29.88,41.23,48.78,1.224817,97,5.44,9.4,115.42,,,,5.93,-11.6,34.48,21.79,11.44,1.079859,97
26-11-2025,NSE:VISASTEEL,BE,688.95,52.45,60815,31.89747,6.22,6.9,21.57,2L,4.98,-1.64,-25.17,-30.68,-20.42,19.66,38.25,36.63,42.44,54.72,74.26,-1,-1,HV2Q,-1,-1,-1,-1,-1,-1,-1,-1,-4.1,-4.37,-8.12,4.93,-3.35,28.68,35.52,0,57.14,52.38,0,0,19.05,-23.48,-25.26,-25.26,-25.26,-25.26,-23.48,-10,-28.78,-26.91,-16.51,-2.86,68.11,84.04,173.18,409.22,5.66,102.44,13.65,163.81,193.11,130.58,-20.9,34.48,31.88,28.48,45.81,1.223523,97,-12.61,76.92,5.09,127.67,,,-20.9,45.41,-3.64,-0.48,27.2,1.112273,99
26-11-2025,NSE:AAREYDRUGS,BE,275.04,88.7,57567,51.06193,2.59,2.83,2.87,M,-2.42,-8.79,-9.24,-10.68,-0.9,12.98,29.66,39.58,54.42,38.34,57.44,-1,-1,-1,2,HV2Q,-1,-1,-1,-1,7,-1,-4.34,-0.03,-4.37,5.77,1.48,27.52,40.02,0,76.19,77.78,0,38.1,52.38,-10.63,-10.63,-10.63,-10.63,-10.63,-10.63,-0.17,-13.85,-27.2,-45.08,-25.7,50.93,76.83,164.7,164.7,0,52.29,86.18,59.92,7.1,44.87,-1.38,25.89,34.83,40.46,29.43,1.221675,97,-2.84,36.18,50.01,-11.57,,,-1.38,26.98,13.08,14.9,-29.4,1.064796,95
26-11-2025,NSE:GABRIEL,EQ,14622.95,1057,519749,5493.74693,5.64,5.49,4.88,,2.57,-5.66,-19.36,-19.74,-17.46,-21.64,-7.41,38.62,57.36,60.23,70.89,EEP,EEP,-1,-1,EEP,EEP,-1,-1,-1,-1,-1,-2.47,-5.17,-7.26,-7.8,-13.97,29.43,21.91,0,0,44.44,0,0,15.87,-18.02,-19.75,-19.75,-19.75,-19.75,-18.02,-5.75,-5.39,-1.25,-17.81,-23.33,7.62,78.49,166.08,225.93,7.62,26.13,156.28,63.31,62.27,51.36,-17.94,-11.18,33.87,43.4,51.32,1.220817,97,-17.67,25.05,143.57,21.3,,,-17.94,5.24,41.84,20.87,12.59,1.090616,98
26-11-2025,NSE:BHAGYANGR,EQ,523.12,138.12,381372,526.75101,8.3,8.1,4.48,S,1.03,-9.5,-0.17,-0.67,12.88,34.07,34.77,42.02,46.69,30.34,38.35,-1,HVQ,HVQ,HVY,-1,-1,-1,-1,-1,-1,-1,-2.82,3.6,0.81,15.45,19.23,22.32,53.49,40,85.71,50.79,0,47.62,19.05,-14.48,-14.48,-14.48,-14.48,-14.48,-14.48,0,-16.68,-26.62,-39.82,-21.36,57.92,94.4,107.86,107.86,9.4,37.58,35.58,20.51,0,21.48,12.4,31,37.27,32.73,21.43,1.219561,97,9.13,22.51,16.8,-20.18,,,12.4,21.82,10.09,-1.61,-24.8,1.049906,92
26-11-2025,NSE:KRISHANA,EQ,3218.13,505.25,179458,906.71155,3.14,3.1,10.04,S,0.69,-3.53,-4.72,-0.08,-2.83,-6.89,-17.86,20.24,63.05,58.76,48.94,-1,-1,-1,-1,HV2Y,HV2Q,-1,-1,-1,-1,-1,-1.46,-0.81,-2.26,-1.62,-3.82,20.2,20.53,0,0,12.7,0,0,0,-4.51,-14.26,-16.06,-16.06,-16.06,-4.51,-13.69,-1.07,0,-39.05,-31.99,14.09,34.81,179.34,179.34,0.95,17.32,220.04,122.81,3.23,0,-3.31,-21.63,15.49,49.09,49.85,1.217733,97,-1.33,-0.93,212.34,57.98,,,-3.31,-17.93,31.31,44.01,-5.73,1.103857,98
26-11-2025,NSE:ABINFRA,EQ,1227.11,18.57,995894,184.93752,5.31,5.23,6.35,,-0.59,-3.66,-10.07,-4.9,1.72,-1.01,-3.94,27.61,60.25,54.97,76.93,-1,-1,-1,-1,HV2Y,-1,-1,-1,-1,-1,-1,-3.27,-0.64,-3.89,0.26,-3.64,23.39,25.78,0,0,17.46,0,0,14.29,-9.15,-15.48,-15.48,-15.48,-15.48,-9.15,-16.93,-0.84,0,-19.61,-5.41,2.48,38.21,158.25,328.91,1.98,1.42,168.43,98.7,77.91,101.52,1.24,-7.71,22.86,46.29,46.06,1.216811,97,1.98,1.42,164.25,94.04,,,1.24,-9.07,29.34,35.42,-7.4,1.084655,97
26-11-2025,NSE:SHAILY,EQ,12637.65,2623.1,304952,7999.19591,5.39,5.42,13.19,S,3.79,1,4.82,9.57,3.18,11.5,18.2,31.33,47.49,58.1,81.22,-1,-1,HV2Y,EEP,-1,EEP,-1,-1,-1,-1,-1,2.48,1.61,4.16,4.25,8.79,21.1,37.87,40,42.86,73.02,0,28.57,36.51,-4.58,-4.58,-4.58,-4.58,-4.58,-4.58,0,0,-6.35,-18.55,-4.91,24.19,69.87,141.14,457.93,15.32,64.47,54.32,99.66,197.77,137.56,2.7,14.43,26.58,33.53,49.19,1.216776,97,3.26,60.07,50.63,83.65,,,2.7,12.2,15.03,13.87,26.09,1.077878,97
26-11-2025,NSE:MTARTECH,EQ,8070.09,2468,617097,15229.95396,4.47,4.73,3.17,,-2.80,-5.18,-5.73,-2.37,9.49,21.83,39.16,33.17,50,28.75,30.26,-1,-1,HV2Y,EEP,-1,-1,-1,-1,-1,2,-1,-3.27,2.7,-0.59,11.21,11.96,24.5,48.28,80,95.24,65.08,20,61.9,42.86,-8.49,-8.49,-8.49,-8.49,-8.49,-8.49,-2.51,-15.2,-9.69,-42.57,-18.15,76.79,76.79,100.89,100.89,8.21,60.01,22.23,34.26,0,16.64,9.01,35.39,28.42,36.04,19.84,1.216563,96,8.21,48.55,16.51,-6.04,,,9.01,29.47,-10.86,15.53,-36.64,1.061647,95
26-11-2025,NSE:STALLION,BE,1768.95,187.2,2600977,4869.02894,5.93,6.67,3.06,2M,-4.78,-9.46,-25.08,-32.29,-62.77,-10.76,21.06,60.67,60.48,NA,NA,-1,-1,HV2Y,HVQ,-1,-1,-1,-1,-1,-1,-1,-9.08,-10.81,-17.95,-14.41,-28.28,47.61,36.88,0,0,65.08,0,0,33.33,-38.41,-54.82,-54.82,NA,NA,-38.41,-26.46,-4.18,-41.57,NA,NA,26.51,152.97,NA,NA,0,166.02,139.23,19.18,NA,NA,-63.25,17.29,55.92,46.52,0,1.215884,96,-35.34,148.73,91.46,,,,-63.25,48.19,49.16,-10.15,105.87,1.159513,99
26-11-2025,NSE:MAXVOLT,ST,467.67,437.2,100560,439.64832,6.45,6.72,8.83,S,4.97,-7.99,12.76,24.92,31.16,46.52,47.82,48.44,NA,NA,NA,-1,-1,HVQ,-1,2,-1,-1,-1,3,-1,-1,4.3,7.01,12.16,19,38.47,,,100,100,53.97,0,71.43,31.75,-7.4,-7.4,-7.4,NA,NA,-7.4,-2.24,-12.08,NA,NA,NA,101.43,116.81,NA,NA,40.62,38.65,38.27,NA,NA,NA,30.68,44.05,43.69,0,0,1.215197,96,40.62,23.52,,,,,30.68,20.88,0.19,90.34,5.87,1.08562,97
26-11-2025,NSE:JSLL,EQ,9088.87,743.35,239647,1781.41597,4.95,4.83,3.51,3L,2.11,4.9,-0.96,-5.28,0.25,-9.46,3.69,42.51,56.62,48.03,79,-1,-1,-1,EEP,-1,-1,-1,-1,-1,-1,-1,3.01,-1.32,1.67,-4.18,-2.41,28,35.55,0,0,41.27,0,0,14.29,-6.38,-11.29,-11.29,-11.29,-11.29,-6.38,-11.51,-1.17,-9.49,-31.7,-1.44,8.77,79.34,142.79,377.36,8.77,39.97,133.84,59.53,127.66,172.76,-0.23,-0.08,37.76,42.66,39.12,1.215196,96,0.86,38.68,112.5,52.84,,,-0.23,0.14,39.29,14.88,-13.94,1.068201,96
26-11-2025,NSE:KAVDEFENCE,BE,364.37,92,250363,230.33396,2.65,4.04,1.98,S,-2.00,-10.65,-22.43,4.04,-23.79,-38.73,26.51,42.84,44.92,55.8,88.64,-1,-1,HV2Y,HVY,-1,-1,-1,-1,-1,-1,-1,-6.75,-4.05,-10.38,-11.16,-19.38,39.75,33.82,0,0,52.38,0,0,31.75,-18.32,-40.69,-40.69,-40.69,-40.69,-18.32,-26.58,-5,-20.25,-23.16,-28.65,50.82,110,164.06,801.96,4.21,113.68,60.94,62.62,396.76,298.63,-24.27,22.74,38.09,30.96,46.89,1.214578,96,-14.96,105.28,36.17,62.62,,,-24.27,37.33,21.2,-6.01,25.63,1.096267,98
26-11-2025,NSE:POWERINDIA,EQ,95679.03,22204,123986,27529.85144,3.44,3.69,5.74,,2.12,2.61,0.84,7.87,24.99,14.44,12.4,22.08,52.74,48.61,70.12,-1,-1,-1,-1,-1,EEP,-1,-1,-1,-1,-1,2.93,3.7,6.89,7.43,15.47,11.34,30.24,20,4.76,1.59,20,4.76,1.59,-0.86,-0.86,-0.86,-0.86,-0.86,-0.86,-21.97,-8.88,-0.1,-34.89,-29.2,33.32,33.32,130.77,241.54,30.95,0,83.44,79.82,71.98,87.02,24.51,8.63,17.33,38.78,39.7,1.214572,96,30.95,-13.84,83.44,43.59,,,24.51,-20.09,10.02,29.69,-2.87,1.073489,96
26-11-2025,NSE:JEYYAM,ST,306.83,67.45,111720,75.35514,4.59,4.82,4.36,S,2.12,1.56,-2.52,-3.04,0.22,16.9,37.73,46.63,45.96,23.5,NA,-1,-1,HVQ,-1,-1,HVQ,-1,-1,-1,-1,-1,0.19,0.47,0.67,4.78,5.72,27.76,46.34,0,52.38,82.54,0,0,25.4,-3.85,-5.99,-5.99,-5.99,NA,-3.85,-6.2,-6.15,-45.08,-44.39,NA,49.23,84.29,105.64,NA,6.64,83.88,28.05,9.76,0,NA,-0.26,33.96,41.88,32,14.59,1.211872,96,-1.1,70.38,13.98,,,,-0.26,34.28,13.27,-10.91,-35.69,1.055465,94
26-11-2025,NSE:JAYNECOIND,EQ,7457.27,71.9,10075006,7243.92931,4.09,4,6.13,,2.20,-4.41,-2.67,-5.34,-9.9,-0.06,16.79,44.48,54.2,45.34,36.51,-1,-1,-1,HV2Y,HVQ,HVQ,-1,-1,-1,-1,-1,-1.75,-0.73,-2.46,0.91,-1.56,32.18,45.15,0,28.57,69.84,0,19.05,28.57,-8.37,-9.01,-9.01,-9.01,-9.01,-8.37,0,-5.62,-23.9,-42.23,-31.05,24.89,103.74,147.5,147.5,2.41,91.84,105.96,37.42,0,1.5,-10.38,13.02,39.73,40.24,36.43,1.21177,96,-8.34,87.87,78.28,-14.83,,,-10.38,20.97,32.26,7.85,-13.47,1.067165,95
26-11-2025,NSE:SBC,EQ,1192.38,25.83,11354627,2932.90015,2.92,3.03,7.39,,-1.03,0.04,2.94,6.31,8.44,16.69,25.9,43.52,51.84,30.34,46.7,-1,-1,-1,-1,HV2Q,-1,-1,-1,-1,-1,-1,0.52,2.52,3.13,6.37,10.15,26.74,50.36,100,100,100,100,85.71,79.37,-1.79,-1.79,-1.79,-1.79,-1.79,-1.79,0,0,-40.59,-49.35,-26.74,37.17,77.77,124.35,124.35,10.15,37.5,55.99,26.72,8.05,39.48,7.96,22.13,38.77,37.88,21.43,1.211437,96,10.15,35.84,51.74,-28.81,,,7.96,15.76,22.75,5.08,-38.77,1.048719,92
26-11-2025,NSE:RBLBANK,EQ,19453.62,317.5,12957363,41139.62753,2.23,2.23,3.42,2M,3.00,2.49,-0.65,-2,-1.43,14.85,19.12,33.56,52.45,50.79,29.4,-1,-1,EEP,-1,-1,-1,-1,-1,-1,-1,5,1.1,0.06,1.17,4.27,5.68,21.47,34.57,0,52.38,63.49,0,42.86,53.97,-3.42,-3.42,-3.42,-3.42,-3.42,-3.42,-1.41,-4.58,-8.78,-44.8,-42.88,26.57,53.46,112.43,112.43,3,28.38,66.4,41.13,1.01,2.7,-1.91,15.35,28.81,38.49,41.88,1.207995,96,-2.34,26.55,59.42,-8.31,,,-1.91,16.95,16.84,18.77,2.39,1.069503,96
26-11-2025,NSE:PROZONER,BE,883.57,55,2822129,1552.17095,1,2.3,4.34,3L,1.42,-2.71,-11.84,-22.02,-20.02,10.47,26.09,36.36,42.15,59.09,45.18,-1,-1,HV2Q,HV2Q,-1,HVQ,-1,-1,-1,-1,-1,-3.93,-3.23,-6.94,1.49,-5.53,28.5,32.12,0,42.86,57.14,0,9.52,20.63,-24.42,-24.42,-24.42,-24.42,-24.42,-24.42,-0.05,-8.61,-14,-21.82,-38.86,38.78,61.48,139.65,151.95,1.42,66.57,44.2,60.33,45.76,3.07,-20.5,22.32,31.61,28.19,50.18,1.207445,96,-20.65,57.96,25.27,14.94,,,-20.5,35.11,12.88,-0.57,35.16,1.098998,98
26-11-2025,NSE:INDIAGLYCO,EQ,6817.72,1106.4,356709,3946.62838,4.32,4.28,3.79,,0.24,-1.61,5.4,8.28,11.8,20.93,25.64,14.46,51.35,49.83,64.92,-1,-1,-1,-1,EEP,EEP,-1,-1,-1,0,-1,0.86,3.56,4.59,8.67,14.52,13.87,32.96,100,85.71,28.57,40,61.9,20.63,-4.27,-4.27,-4.27,-4.27,-4.27,-4.27,-2.09,-22.09,0,-27.7,-25.44,35.84,37.13,110.91,211.73,15.44,20.96,56.83,80.41,51.64,56.4,11.32,21.87,9.71,37.39,40.92,1.203679,96,14.34,13.01,42.03,46.37,,,11.32,12.39,-16.06,33.47,2.73,1.080762,97
26-11-2025,NSE:UNIVCABLES,EQ,3122.58,934.5,175491,1639.9634,4.86,5.25,6.73,,2.95,1.73,22.41,22.02,24.61,19.55,20.94,33.83,46.97,36.62,57.22,HV2Y,HV2Y,-1,-1,HVQ,HVQ,8.94,-1,-1,-1,-1,4.52,6.27,11.52,9.65,23.42,14.13,43.73,100,33.33,11.11,40,19.05,6.35,-4.41,-4.41,-4.41,-4.41,-4.41,-4.41,-12.09,-8.3,-26.53,-44.28,-33.4,37.69,57.56,127.29,138.39,33.17,3.8,79.69,50.41,26.42,51.1,24.13,17.17,29.08,33.01,27.71,1.201755,96,33.17,-5.53,48.26,-10.18,,,24.13,-8.18,15.28,10.21,-13.65,1.049949,92
26-11-2025,NSE:BALAJITELE,EQ,1391.63,119.07,277025,329.85367,5.23,5.19,7.06,,2.19,-2.18,0.71,-2.12,3.35,-12.69,22.67,30.47,51.51,47.02,32.9,-1,-1,HVQ,-1,HVQ,HV2Y,-1,-1,-1,-1,-1,-0.13,-0.06,-0.19,-1.57,-1.74,25.24,31.44,0,0,41.27,0,0,23.81,-6.68,-13.04,-13.04,-13.04,-13.04,-6.68,-15.96,-8.09,-12.09,-48.01,-43.2,27.98,49.17,133.01,133.01,8.16,32.5,80.2,62.02,1.16,10.51,2.87,18.9,25.72,37.55,38.11,1.201119,96,3.44,23.12,52.3,17.12,,,2.87,16.68,9.07,20.6,-3.38,1.065286,95
26-11-2025,NSE:TAC,ST,1655.78,811.8,48992,397.71706,5.14,5.18,2.64,,1.89,-4.02,2.6,-7.16,-0.52,35.29,35.46,24.29,35.49,54.27,NA,-1,-1,2,-1,-1,-1,-1,-1,-1,-1,-1,0.18,2,2.22,11.65,15.7,15.01,36.14,100,100,53.97,0,9.52,20.63,-6.68,-6.68,-6.68,-6.68,NA,-6.68,-4.59,-26.44,-26.46,-37.34,NA,60.48,92.2,114.38,NA,7.44,91.66,24.05,88.4,281.08,NA,-1,31.69,19.54,21.53,45.36,1.195685,96,4.49,84.01,-4.71,66.79,,,-1,32.48,-18.33,5.14,34.98,1.090144,97
26-11-2025,NSE:KRISHIVAL,EQ,1009.97,476,32191,153.22916,3.69,3.65,4.33,L,0.78,4.21,-0.92,-2.98,-3.17,3.36,9.61,47.27,40.23,53.51,44.96,-1,-1,-1,HV2Q,-1,-1,-1,-1,-1,-1,-1,1.71,-1.06,0.64,-0.69,-0.04,24.84,33,0,47.62,77.78,0,38.1,63.49,-4.5,-5.33,-5.33,-5.33,-5.33,-4.5,-2.33,0,-22.77,-12.46,-28.37,9.09,89.26,121.4,121.4,9.09,36.42,93.72,16.74,32.33,2.93,-3.65,5.84,42.52,26.27,44.6,1.195567,96,-3.05,22.81,52.57,-3.22,,,-3.65,9.08,40.64,-23.01,28.08,1.075623,96
26-11-2025,NSE:NETWEB,EQ,19137.68,3291.9,2838936,93454.93418,5.32,5.54,4.92,2L,-0.17,0.12,-7.18,-10.28,-18.38,-3.78,27.95,41.61,59.28,14.91,54.24,-1,-1,HV2Y,EEP,EEP,-1,-1,-1,-1,-1,-1,-2.03,-3.22,-5.09,-4.96,-9.58,37.32,44.25,0,19.05,66.67,0,0,25.4,-21.75,-24.5,-24.5,-24.5,-24.5,-21.75,-10.62,0,-35.08,-54.73,-1.49,49.12,91.21,145.55,145.55,0.99,113.24,68.97,43.39,0,95.72,-18.86,24.18,36.86,45.32,6,1.19443,96,-21.75,102.23,60.84,-22.72,,,-18.86,35.83,17.93,20.6,-103.07,1.068559,96
26-11-2025,NSE:RAMCOSYS,EQ,2364.31,605.4,126842,767.90147,4.48,4.57,3.92,S,1.39,-3.34,-0.64,-0.06,3.57,20.31,28.97,28.29,52.52,36.85,53.72,-1,-1,HVQ,-1,EEP,EEP,-1,-1,-1,11,-1,-0.26,0.71,0.45,5.62,6.43,24.5,40.96,40,80.95,73.02,0,19.05,23.81,-5.58,-5.58,-5.58,-5.58,-5.58,-5.58,-2.43,-8.13,-15.67,-44.16,-14.58,44.16,59.42,120.47,128.67,2.74,53.73,56.59,58.1,8.57,44.4,3.09,25.2,23.54,38.56,27.94,1.193219,96,-5.58,47.54,38.6,7.66,,,3.09,23.03,-1.99,24.13,-27.13,1.062871,95
26-11-2025,NSE:TRANSTEEL,SM,271.33,139.55,56460,78.78993,3.88,3.82,9.71,,1.86,1.76,8.06,6.81,8.56,11,7.63,9.78,30.6,68.08,56.86,-1,-1,-1,-1,-1,HV2Y,-1,-1,-1,-1,-1,3.63,1.9,5.63,1.74,7.5,6.5,14.98,0,0,0,0,0,0,0,0,-4.02,-4.02,-4.02,0,-10.86,-11.35,-2.25,-10.2,-42.99,14.39,14.39,218.97,218.97,12.18,4.59,44.26,187.77,121.37,0,8.08,3.86,5.03,16.64,59.17,1.19259,96,10.84,-10.86,33.71,85.83,,,8.08,-4.33,1.31,13.41,59.87,1.11458,99
26-11-2025,NSE:MCX,EQ,49468.42,10283,578466,59483.65878,2.73,2.76,3.87,,4.22,4.71,8.28,9.31,9.51,22.63,22.17,37.53,47.11,40.03,68.31,-1,-1,-1,HV2Q,-1,-1,-1,-1,-1,1,-1,4.74,2.41,7.33,6.84,15.21,17.96,40.43,100,100,47.62,100,71.43,26.98,0,0,0,0,0,0,-2.47,-11.67,-7.17,-21.41,-9.65,39.15,59.08,127.47,223.51,12.98,25.92,77.04,42.1,71.1,94,9.03,18.4,32.78,33.15,31.12,1.191909,96,12.8,15.74,41.99,34.42,,,9.03,10.69,18.72,5.68,-7.52,1.050446,92
26-11-2025,NSE:TVSSRICHAK,EQ,3432.66,4676,16459,769.62284,4.16,4.07,18.89,,-0.82,2.57,10.89,10.53,10.89,29.34,38.54,37.09,40.39,24.79,13.24,-1,-1,HVQ,HV2Y,-1,-1,-1,-1,-1,2,-1,2.73,3.94,6.94,10.4,19.35,19.34,47.97,100,100,63.49,80,76.19,44.44,-0.82,-0.82,-0.82,-0.82,-2.87,-0.82,-0.41,-13.35,-38.9,-42.1,-26.95,64.73,66.44,90.94,90.94,14.52,48.31,17.35,20.12,0,0,10.41,34.77,32.34,26.43,15.88,1.191861,95,14.52,39.03,3.75,-38.22,,,10.41,27.72,-3.37,-4.42,-20.3,1.04728,91
26-11-2025,NSE:PARIN,ST,654.85,594,11630,69.0822,3.78,3.88,3.87,,-0.17,0.67,-0.67,9.76,5.22,16.85,28.44,36.78,33.67,50.34,87.79,-1,-1,-1,-1,-1,-1,-1,-1,-1,14,-1,1.06,2.13,3.26,5.65,9.44,22.49,41.19,100,80.95,93.65,100,76.19,79.37,-0.67,-0.67,-0.67,-0.67,-0.67,-0.67,0,-0.46,-6.59,-1.49,-1.17,40.83,83.39,108.42,819.5,10.82,54.29,31.23,168.21,509.91,356.66,4.74,24.67,32.03,19.71,41.43,1.19054,95,7.17,54.29,9.27,168.21,,,4.74,21.19,10.64,-14.59,31,1.068324,96
26-11-2025,NSE:YATRA,EQ,2967.13,167.23,2911597,4869.06366,6.77,6.82,8.48,S,-3.97,-8.92,-10.53,13.87,8.6,10.9,12.83,36.44,53.79,37.31,14.22,-1,-1,-1,EEP,EEP,-1,-1,-1,-1,-1,-1,-4.06,2.64,-1.46,6.05,4.89,29.49,48.76,80,38.1,49.21,0,14.29,25.4,-12.6,-12.6,-12.6,-12.6,-12.6,-12.6,-9.27,-7.87,-29.05,-54.05,-37.67,19.79,101.92,153.46,153.46,18.54,68.08,120.93,61.09,0,0,8.12,9.06,31.69,39.83,28.4,1.189464,95,8.18,62.4,86.93,-19.7,,,8.12,1.32,26.06,17.63,-29.79,1.051908,93
26-11-2025,NSE:KMEW,EQ,2916.27,2744.8,113685,3120.42588,7,6.87,6.98,,-2.97,-2.49,0.26,-1.57,13.33,10.22,30.43,44.29,38.96,26.43,NA,-1,-1,HV2Y,-1,-1,-1,-1,-1,-1,-1,-1,0.21,2.85,3.15,6.4,10.2,25.84,48.59,100,80.95,61.9,40,33.33,26.98,-4.71,-4.71,-4.71,-4.71,NA,-4.71,-7.14,-1.86,-35.74,-29.58,NA,58.31,85.15,108.68,NA,18.34,46.01,45.18,16.25,0,NA,12.85,26.66,39.54,25,17.52,1.18893,95,17.07,38.76,13.08,,,,12.85,16.41,18.91,-19.24,-14.65,1.039879,89
26-11-2025,NSE:DCBBANK,EQ,5872.63,185.82,4290613,7972.81708,4.02,3.96,4.9,,2.40,0.54,7.26,12.52,14.21,31.96,34.22,23.58,43,38.61,34.13,-1,-1,EEP,-1,EEP,-1,-1,-1,6,-1,-1,2.67,4.64,7.67,13.23,24.09,10.54,38.72,100,85.71,28.57,60,57.14,19.05,-0.76,-0.76,-0.76,-0.76,-0.76,-0.76,0,-18.22,-0.47,-26.15,-20.47,54.58,54.58,82.32,82.32,19.98,32.61,19.93,39.33,0,3.55,13.73,30.45,18.83,29.04,29.7,1.188598,95,15.11,15.62,12.11,14.97,,,13.73,20.01,-17.2,15.75,-1.82,1.059363,94
26-11-2025,NSE:V2RETAIL,EQ,8749.11,2492.5,171528,4275.3354,4.11,4.29,26.32,,3.74,6.96,7.33,1.64,9.86,21,30.16,20.75,39.67,50.81,84.99,-1,-1,-1,-1,-1,-1,-1,-1,-1,-1,-1,4.79,1.59,6.49,5.11,12.22,15.19,32.32,100,66.67,41.27,20,19.05,15.87,-0.12,-0.12,-0.12,-0.12,-0.12,-0.12,-8.13,-12.64,-2.77,-25.99,-16.48,56.09,56.09,103.85,534.47,12.52,40.7,19.73,89.8,327.55,248.61,9.38,26.39,16,25.71,41.9,1.188267,95,10.89,16.42,19.73,77.35,,,9.38,19.21,-14.49,14.21,24.33,1.072263,96
26-11-2025,NSE:LAURUSLABS,EQ,55323.95,986.6,2141831,21131.30465,2.16,2.15,6.4,S,0.93,-0.09,-0.27,0.35,4.71,7.79,11.49,39,44.66,50.42,59.37,-1,-1,-1,EEP,-1,-1,-1,-1,-1,-1,15,0.11,1.11,1.23,4.69,6.22,19.2,31.45,100,90.48,63.49,0,61.9,34.92,-3.45,-3.45,-3.45,-3.45,-3.45,-3.45,0,-4.03,-7.66,-14.87,-3.57,18.54,61.84,93.17,160.28,3.46,14.39,67.46,39.53,44.04,29.05,4.23,7.72,34.25,30.7,41.51,1.187944,95,2.81,12.22,59.71,33.81,,,4.23,3.81,30.06,-0.39,16.28,1.061223,95
26-11-2025,NSE:THYROCARE,EQ,8249.88,1495.7,561410,8397.00937,4.9,4.82,3.75,,0.17,-4.57,6.45,9.31,13.77,19.35,15.4,32.25,53.38,35.17,57.35,-1,-1,-1,EEP,EEP,EEP,-1,-1,-1,-1,-1,0.06,3.24,3.41,9.26,13.95,18.85,40.43,100,42.86,14.29,0,19.05,6.35,-6.04,-6.04,-6.04,-6.04,-6.04,-6.04,-7.87,-9.61,-2.33,-32.79,-1.63,33.05,56.98,125.56,165.38,12.95,14.72,90.82,52.83,23.73,72.05,13.29,11.63,27.5,39.42,26.26,1.187931,95,12.43,-1.71,76.19,13.71,,,13.29,-1.42,18.89,21.53,-33.18,1.051172,92
26-11-2025,NSE:CUB,EQ,20538.17,278.64,3616039,10075.73107,4.32,4.45,3.53,,1.76,1.54,9.67,7.17,16.87,24.25,26.56,30.59,43.38,38.96,53.85,-1,EEP,-1,HVQ,-1,-1,-1,-1,8,-1,-1,3.54,3.77,7.6,9.94,19.47,14.62,39.92,100,100,39.68,40,76.19,30.16,-0.04,-0.04,-0.04,-0.04,-0.04,-0.04,0,-11.22,-1.87,-15.61,-5.99,43.59,46.01,90.33,118.46,21.85,19.37,39.78,32.1,24.42,34.14,16.39,22.79,25.84,29.42,30.05,1.186786,95,16.45,10.79,29.58,14.41,,,16.39,8.34,4.47,8.77,-1.95,1.04974,92
26-11-2025,NSE:LEMERITE,SM,1218,479.95,54312,260.67044,3.01,3.01,3.03,S,-0.43,-3.3,-5.23,2.74,1.13,16.81,25.72,34.68,36.65,52.14,86.78,-1,-1,-1,-1,-1,-1,-1,-1,-1,6,-1,-1.82,0.83,-0.99,5.62,4.9,23.08,36.37,60,90.48,96.83,0,47.62,71.43,-4.97,-4.97,-4.97,-4.97,-4.97,-4.97,-3.45,0,-1.92,-4.09,-1.29,36.31,66.22,112.37,693.31,2.82,48.41,24.87,70.33,446.36,312.76,0.65,21.95,29.93,22.69,43.23,1.186254,95,0.08,43.48,18.44,56.75,,,0.65,21.57,11.04,-6.65,30.32,1.070058,96
26-11-2025,NSE:PRIVISCL,EQ,12929.76,3100.7,98633,3058.31343,3.41,3.62,4.64,,1.29,-3.63,-6.47,3.76,6.58,22.5,22.56,23.64,51.77,43.03,66.87,-1,EEP,-1,-1,EEP,-1,-1,-1,-1,4,-1,-1.7,1.78,0.09,9.86,11.04,18.76,36.68,60,90.48,41.27,0,38.1,23.81,-8.48,-8.48,-8.48,-8.48,-8.48,-8.48,-0.7,-6.5,0,-24.17,-10.42,40.14,40.14,119.26,213.71,9.52,30.92,69.81,68.14,51.3,78.72,6.1,18.79,18.89,37.81,34.12,1.185657,95,5.72,16.82,53.85,53.14,,,6.1,13.79,0.38,27.18,-12.26,1.063678,95
26-11-2025,NSE:LGBBROSLTD,EQ,5823.56,1879.4,169992,3194.82965,4.88,5.3,4.71,,1.51,4.25,4.63,3.42,25.79,25.46,30.97,28.99,34.73,35.35,38.42,-1,EEP,-1,-1,-1,-1,-1,-1,8,-1,-1,2.96,4.64,7.97,12.06,22.77,13.1,41.29,100,76.19,60.32,80,42.86,34.92,0,0,0,0,0,0,-3.27,-3.99,-11.07,-18.26,-19.04,47.83,53.73,70.13,70.13,33.95,13.36,17.43,20.8,9.44,8.41,25.31,27.2,24.24,20.77,26.44,1.185615,95,33.95,7.94,5.28,0.64,,,25.31,3.67,-3.89,-1.57,6.82,1.047296,91
26-11-2025,NSE:SJS,EQ,5575.17,1691.6,203660,3445.11256,3.91,3.99,5.76,S,-0.46,-3.94,-3.33,-2.31,11.73,10.19,20.41,35.84,49.7,33.73,64.32,-1,EEP,-1,EEP,EEP,-1,-1,-1,-1,13,-1,-1.14,1.65,0.52,6.09,7.04,23.11,39.21,80,85.71,84.13,20,61.9,52.38,-4.34,-4.34,-4.34,-4.34,-4.34,-4.34,-3.53,-2.36,-16.69,-34.7,-11.22,30.63,56.84,106.87,181.39,10.92,29.63,64.64,32.74,41.54,86.49,11.25,16.64,31.09,35.74,24.82,1.184963,95,10.92,19.51,58.26,7.42,,,11.25,6.53,18.36,11.95,-25.89,1.045834,91
26-11-2025,NSE:SRM,EQ,1444.8,591.35,325258,1923.41318,4.39,4.36,5.27,,1.13,-4.95,0.9,0.83,8.33,5.51,19.98,32.2,45.44,46.32,NA,-1,-1,HV2Y,-1,HVQ,-1,-1,-1,-1,-1,-1,-0.9,1.38,0.48,4.11,4.79,21.28,33.12,40,61.9,60.32,0,19.05,28.57,-6.74,-6.74,-6.74,-6.74,NA,-6.74,-4.97,-7.24,-5.17,-22.84,NA,28.72,41.64,101.83,NA,10.17,22.86,61.5,59.42,107.69,NA,7.85,16.21,27.45,31.48,37.41,1.184511,95,10.17,15.64,43.31,45.01,,,7.85,9.4,14.25,9.87,7.48,1.056185,94
26-11-2025,NSE:MANINDS,EQ,3186.41,484.7,899890,4361.76683,4.53,4.47,4.52,,3.02,7.78,20.89,18.7,16.88,9.92,18.62,24.21,50.75,39.29,26.55,-1,-1,HVQ,-1,EEP,EEP,-1,-1,-1,-1,-1,7.57,4.38,12.49,4.84,18.22,12.15,34.56,0,0,0,0,0,0,0,0,0,0,-1.83,0,-12.27,-14.11,-18.08,-51.66,-40.41,33.16,36.92,130.79,130.79,27.82,10.69,87.82,74.91,0,1.66,16.4,14.85,19.46,36.79,30.38,1.183494,95,18.83,-5.43,60.74,-18.08,,,16.4,-1.21,5.85,25.36,-17.4,1.055913,94
26-11-2025,NSE:SILVERADD,EQ,1440.93,152.85,1081657,1653.31272,2.17,2.81,4.25,,1.64,0.11,0.88,7.78,8.7,14.53,26.21,38.12,38.74,42.25,52.46,-1,-1,-1,-1,-1,-1,-1,-1,-1,-1,2,2.06,0.96,3.05,2.91,6.14,22.35,36.7,0,0,58.73,0,0,52.38,-3.59,-9.82,-9.82,-9.82,-9.82,-3.59,-17.66,0,-3.62,-2.86,-8.43,36.1,60.78,83.34,111.09,13.86,31.29,29.57,18.49,34.6,26.88,8.22,22.44,33.37,24.78,33.34,1.183254,95,13.86,25.34,18.84,13.87,,,8.22,15.87,15.12,-8.66,11.6,1.052298,93
26-11-2025,NSE:SBISILVER,EQ,2544.17,155.44,2791000,4338.3304,2.56,3.09,2.67,,1.57,1.05,0.94,7.64,9.26,14.42,26.13,38,38.78,41.94,NA,-1,-1,-1,-1,-1,-1,-1,-1,-1,-1,4,2.08,0.88,2.99,2.71,5.86,22.38,36.38,0,0,58.73,0,0,53.97,-3.5,-10.5,-10.5,-10.5,NA,-3.5,-18.79,0,-3.65,-2.75,NA,35.68,60.56,83.02,NA,13.81,30.11,28.74,18.27,19.4,NA,8.78,22.36,33.25,24.82,33.03,1.183077,95,13.81,24.14,18.87,14.09,,,8.78,15.28,15.05,-8.4,11.03,1.051699,92
26-11-2025,NSE:TATSILV,EQ,1285.19,15.43,42925647,6623.42733,3.53,3.88,5.94,,1.65,0.97,1.04,7.71,7.97,14.58,26.44,38.17,38.89,42.19,52.37,-1,-1,HV2Y,-1,-1,-1,-1,-1,-1,-1,-1,2.04,0.79,2.86,2.53,5.53,22.76,36.62,0,0,58.73,0,0,50.79,-3.62,-11.68,-11.68,-11.68,-11.68,-3.62,-18.72,0,-3.54,-2.88,-8.14,36.31,61.4,83.25,110.5,13.04,32.59,28.54,18.66,34.33,27.07,7.49,22.67,33.42,24.93,33.28,1.183052,95,13.04,26.67,18.85,13.98,,,7.49,16.76,14.93,-8.51,11.28,1.052563,93
26-11-2025,NSE:SILVER,EQ,1951.31,157.96,2657355,4197.55796,2.58,3.09,3.04,,1.52,0.9,0.71,7.47,8.91,14.34,26.11,38.11,38.63,42.19,52.44,-1,-1,HV2Y,-1,-1,-1,-1,-1,-1,-1,3,2.01,0.87,2.9,2.6,5.65,22.47,36.27,0,0,58.73,0,0,50.79,-3.58,-13.69,-13.69,-13.69,-13.69,-3.58,-21.38,0,-3.7,-2.84,-8.47,35.61,60.9,82.82,110.44,14.91,30.63,28.61,18.38,34.66,26.85,8.43,22.34,33.36,24.67,33.28,1.182964,95,14.91,24.71,19.03,13.95,,,8.43,15.57,15.22,-8.82,11.67,1.052093,93
26-11-2025,NSE:POCL,EQ,4257.24,1335.1,522143,6971.13119,4.14,4.07,11.25,M,1.98,-4.01,-1.24,1.72,-2.37,8.55,13.41,41.74,52.49,36.96,75.38,-1,-1,-1,HV2Q,HV2Q,-1,-1,-1,-1,-1,7,-0.73,-0.37,-1.1,2.05,0.97,27.91,40.06,0,33.33,57.14,0,4.76,28.57,-7.64,-7.92,-7.92,-7.92,-7.92,-7.64,-5.74,-3.02,-32.5,-44.96,-26.96,27.15,90.25,169.55,343.74,4,31.65,133.41,57.05,111.61,180.8,-2.85,9.64,36.99,38.53,28.05,1.182649,95,-4.93,24.49,71.95,-12.72,,,-2.85,12.11,31.7,8.79,-26.83,1.052196,93
26-11-2025,NSE:SILVERETF,EQ,876.53,153.47,2314634,3552.2688,2.41,2.91,4.42,,1.74,0.87,1,7.61,9.31,14.28,26.12,37.99,38.57,41.93,51.98,-1,-1,HVY,-1,-1,-1,-1,-1,-1,-1,4,2.11,0.83,2.96,2.5,5.6,22.48,36.22,0,0,58.73,0,0,50.79,-3.49,-13.52,-13.52,-13.52,-13.52,-3.49,-21.57,-0.07,-3.53,-3.01,-8.32,35.6,60.72,82.25,109,13.68,30.06,28.52,18.21,33.45,26.14,8.83,22.35,33.24,24.61,33.02,1.182595,94,13.68,24.13,18.46,13.62,,,8.83,15.23,15.04,-8.72,11.34,1.051638,92
26-11-2025,NSE:SILVERIETF,EQ,10043.45,157.92,10259776,16202.23826,2.4,3.02,3.91,,1.48,1.13,0.96,7.6,8.36,14.61,26.17,38.11,38.73,42.2,52.39,-1,-1,-1,-1,-1,-1,-1,-1,-1,-1,1,2.04,0.92,2.98,2.84,6,22.33,36.48,0,0,58.73,0,0,50.79,-3.5,-9.25,-9.25,-9.25,-9.25,-3.5,-16.84,-0.03,-3.5,-2.98,-8.48,35.75,60.59,83.46,110.48,13.21,31.47,28.53,18.16,34.18,26.57,7.88,22.4,33.36,24.77,33.29,1.182561,94,13.21,25.57,18.84,13.35,,,7.88,16.12,15.16,-8.67,11.54,1.052275,93
26-11-2025,NSE:AXISILVER,EQ,835.09,157.51,1347871,2123.03161,2.47,3.14,4.56,,1.66,0.9,0.98,7.59,9.07,14.38,26.11,38.18,38.33,42.06,52.46,-1,-1,HV2Y,-1,-1,-1,-1,-1,-1,-1,4,2.03,0.83,2.88,2.56,5.59,22.49,36.22,0,0,58.73,0,0,49.21,-3.36,-15.22,-15.22,-15.22,-15.22,-3.36,-22.91,0,-4.04,-2.49,-8.39,35.63,61,82.6,110.38,13.66,30.41,28.58,18.25,34.86,26.7,8.59,22.34,33.43,24.37,33.15,1.182382,94,13.66,24.53,18.5,13.47,,,8.59,15.42,15.32,-9.42,11.92,1.051864,93
26-11-2025,NSE:HDFCSILVER,EQ,3532.69,152.03,6686669,10165.74288,2.15,2.97,3.85,,1.48,0.81,0.72,7.7,8.63,14.23,26.04,38.12,38.56,41.99,52.38,-1,-1,HV2Y,-1,-1,-1,-1,-1,-1,-1,2,1.99,0.79,2.8,2.44,5.37,22.57,36.08,0,0,58.73,0,0,49.21,-3.8,-14.55,-14.55,-14.55,-14.55,-3.8,-21.93,0,-3.81,-2.92,-8.33,35.66,60.69,82.73,110.66,13.77,31.08,29.08,17.97,34.5,27.02,8.15,22.27,33.37,24.6,33.08,1.181816,94,13.77,25.27,18.81,13.31,,,8.15,15.75,15.31,-8.94,11.44,1.051814,93
26-11-2025,NSE:SILVER1,EQ,2115.45,153.58,1434214,2202.66586,2.73,3.14,6.22,,1.62,1.12,0.96,7.59,8.5,14.29,26.11,38,38.54,42.06,NA,-1,-1,-1,-1,-1,-1,-1,-1,-1,-1,1,2.05,0.96,3.05,2.93,6.16,22.23,36.5,0,0,58.73,0,0,50.79,-3.49,-8.93,-8.93,-8.93,NA,-3.49,-16.67,0,-3.63,-2.8,NA,35.25,60.65,82.79,NA,13.59,31.3,28.84,18.6,20.58,NA,8.02,22.34,33.25,24.58,33.15,1.181616,94,13.59,25.43,18.86,13.53,,,8.02,15.94,15.07,-8.79,11.59,1.051949,93
26-11-2025,NSE:SILVERBEES,EQ,18425.83,151.64,46454388,70443.43396,1.84,2.74,7.45,,1.55,0.84,0.9,7.71,8.43,14.28,26.11,37.98,38.53,41.9,52.04,-1,-1,HV2Y,-1,-1,-1,-1,-1,-1,-1,2,2.05,0.83,2.91,2.6,5.65,22.46,36.25,0,0,58.73,0,0,50.79,-3.47,-13.01,-13.01,-13.01,-13.01,-3.47,-20.34,0,-3.64,-3.02,-8.33,35.5,60.72,82.81,109.62,13.32,31.35,28.75,18.47,34.31,26.95,7.95,22.34,33.23,24.57,32.99,1.18112,94,13.32,25.45,18.5,13.45,,,7.95,15.99,15.04,-8.77,11.35,1.051744,93
26-11-2025,NSE:SYRMA,EQ,17418.01,857.3,2142095,18364.18044,4.22,4.22,7.08,S,2.82,-2.21,-4.15,8.53,11.94,-0.13,12.58,36.38,50.17,37.54,40.86,-1,HVQ,-1,-1,EEP,HVQ,-1,-1,-1,-1,16,0.88,1.06,1.97,2.35,4.43,22.83,35.32,20,9.52,49.21,0,0,20.63,-5.07,-5.07,-5.07,-5.07,-5.07,-5.07,-12.25,-1.77,-13.1,-31.94,-5.79,17.78,70.34,107.2,125.87,9.32,12.13,81.14,43.7,12.54,41.07,11.46,8.81,31.63,36.21,28.63,1.181089,94,6.86,3.68,69.87,24.19,,,11.46,-2.58,26.21,12.02,-19.48,1.04814,91
26-11-2025,NSE:ESILVER,EQ,615.23,158.68,412476,654.51692,2.39,2.79,4.75,S,1.59,1.44,0.98,7.37,7.2,14.53,26.44,38.18,38.55,41.96,52.02,-1,-1,-1,-1,-1,-1,-1,-1,-1,-1,2,2.07,0.74,2.83,2.47,5.44,22.59,36.2,0,0,58.73,0,0,52.38,-3.3,-14.62,-14.62,-14.62,-14.62,-3.3,-20.76,-0.32,-4.2,-2.82,-8.22,35.87,61,82.41,109.81,13.04,33.25,27.72,17.98,34.33,26.86,6.72,22.67,33.43,24.59,33.05,1.180733,94,13.04,27.31,18.34,13.09,,,6.72,17.43,14.94,-9.07,11.43,1.052394,93
26-11-2025,NSE:PRECWIRE,EQ,4814.3,252.55,1267490,3201.046,5.5,5.45,6.99,,1.72,-1.23,8.55,9.27,16.57,25.04,30.01,26.93,45.24,31.55,51.67,HV2Y,HV2Y,HVQ,-1,HV2Q,-1,-1,-1,8,-1,-1,0.78,3.55,4.49,10.69,17,18.34,43.28,100,100,53.97,0,61.9,28.57,-7.3,-7.3,-7.3,-7.3,-7.3,-7.3,-2.69,-9.94,-14.7,-36.08,-20.1,48.03,48.03,98.78,121.05,13.79,23.5,39.13,45.26,21.05,51.3,16.09,26.24,22.18,31.28,22.64,1.180457,94,13.79,15.83,20.6,8.89,,,16.09,12.8,-5.43,15.4,-19.12,1.047892,91
26-11-2025,NSE:PASUPTAC,EQ,480.43,61.92,221818,137.34971,8.76,8.95,5.04,,6.83,9.66,17.46,13.37,30.6,25.27,30.04,26.68,28.84,34.46,38.71,HVY,HV2Q,-1,-1,HVQ,-1,-1,-1,-1,-1,-1,12.26,4.08,17.03,8.41,27.79,1.61,29.87,80,38.1,12.7,40,19.05,6.35,0,0,0,0,-4.69,0,-13.99,-24.77,-30.12,-32.18,-37.54,49.64,50.88,59.55,79.22,44.5,4.7,8.87,16.98,27.53,17.45,30.12,26.27,21.93,14.88,25.55,1.178544,94,44.5,-13.99,-0.25,-13.42,,,30.12,-4.12,-5.82,-6.71,13.77,1.047692,91
26-11-2025,NSE:ARHAM,ST,238.57,148.05,32120,47.55366,5.77,6.13,5.16,,4.89,2.74,9.76,29.72,26.24,23.47,41.95,33.81,30.56,-4.46,10.5,-1,-1,HV2Q,HV2Q,-1,-1,-1,-1,-1,16,-1,5.62,6.72,13.24,13.31,30.62,14.86,53.42,100,80.95,46.03,80,52.38,25.4,0,0,0,-3.36,-18,0,-3.87,-19.75,-42.4,-43.06,-14.35,78.05,99.53,99.53,99.53,42.29,47.17,15.84,24.21,15.18,73.28,25.76,38.18,29.06,16.6,-13.37,1.17781,94,37.91,33.91,-12.3,-26.37,,,25.76,17.98,-15.04,-14.56,-44.57,1.027013,84
26-11-2025,NSE:SIGMA,BE,524.67,53.82,699789,376.62644,4.92,4.86,5.34,2L,2.53,7.4,1.17,-6.04,3.2,10.75,22.78,27.85,49.72,41.47,25.99,-1,-1,HV2Y,-1,HV2Y,HV2Q,-1,-1,-1,-1,-1,3.04,-0.29,2.75,0.82,3.6,26.41,40.77,0,23.81,69.84,0,0,34.92,-7.56,-13.47,-13.47,-13.47,-13.47,-7.56,-16.24,0,-5.43,-38.78,-28.73,33.91,48.92,129.67,129.67,7.99,40.15,77.35,65.7,0,1.09,2.72,19.01,23.1,35.76,32.56,1.177486,94,3.3,35.27,52.99,-0.49,,,2.72,16.92,5.55,20.65,-10.54,1.057847,94
26-11-2025,NSE:CANBK,EQ,135152.7,150.16,32020532,48082.03085,2.53,2.55,4.28,,0.99,-0.15,4.39,7.03,14.01,18.15,27.53,27.79,43.63,37.09,26.86,-1,-1,-1,-1,-1,-1,-1,-1,4,-1,-1,2.23,2.96,5.36,7.85,14.33,16.77,37.37,100,100,66.67,60,90.48,58.73,-0.15,-0.15,-0.15,-0.15,-0.15,-0.15,0,-7.59,-4.13,-34,-26.35,44.62,44.62,85.61,85.61,16.61,24.37,34.51,34.03,0,0.23,13.53,23.76,23.04,29.67,28.18,1.176523,94,15.53,16.59,27.19,-3.47,,,13.53,12.42,-0.66,12.27,-5.72,1.049268,92
26-11-2025,NSE:CHENNPETRO,EQ,15985.64,896.6,4066827,36463.17088,5.86,5.7,10.48,,-11.99,-18.27,-15.34,-9.62,14.14,15.98,26.29,23.71,46.62,36.52,2.15,-1,EEP,-1,HVQ,HV2Q,-1,-1,-1,-1,-1,-1,-10.49,2.78,-7.93,11.66,4.22,19.66,29.73,80,85.71,46.03,20,61.9,30.16,-18.23,-18.23,-18.23,-18.23,-26.51,-18.23,-4.69,-16.04,-32.72,-60.77,-53.34,38.95,47.41,98.54,98.54,10.73,22.77,46.35,51.47,0,0.01,13.66,22.52,18.96,32.66,27.61,1.175019,94,6.33,11.96,33.18,-31.17,,,13.66,10.84,-4.52,20.37,-13.06,1.05229,93
26-11-2025,NSE:SOUTHWEST,EQ,575.42,189.55,231942,439.64606,7.12,8.05,6.19,,-1.95,-2.74,-1.12,5.23,25.04,29.21,28.97,21.6,36.43,36.82,43.21,-1,HV2Y,-1,-1,HVQ,HVQ,13.9,-1,5,-1,-1,0.25,5.08,5.61,14.77,23.91,10.31,38.15,100,71.43,23.81,0,28.57,9.52,-6.37,-6.37,-6.37,-6.37,-6.37,-6.37,-4.8,-14.94,-9.21,-26.39,-20.29,55,55,89.97,91.08,32.66,16.19,34.93,48.94,21.46,20.73,24.56,25.2,16.85,22.47,27.91,1.173853,94,32.66,-0.02,12.72,33.91,,,24.56,1.94,-11.4,9.26,6.48,1.049793,92
26-11-2025,NSE:PANACHE,BE,672.32,359.95,59393,213.7851,3.29,3.89,3.72,L,3.27,-13.4,-16.68,-23.77,-12.07,-1.84,30.48,46.03,30.88,42.38,81.04,-1,-1,HVY,-1,-1,-1,-1,-1,-1,-1,-1,-7.22,-3.37,-10.24,0.7,-9.61,29.89,28.92,0,47.62,63.49,0,0,23.81,-19.2,-22.87,-22.87,-22.87,-22.87,-19.2,-13.56,-13.11,-42.87,-26.82,-5.79,50.01,104.74,104.74,410.93,3.27,68.12,42.34,31.23,286.64,222.28,-12.55,26.71,41.28,16.92,33.47,1.173394,94,-12.52,48.86,5.35,20.97,,,-12.55,34.65,21.36,-37.74,22.51,1.072273,96
26-11-2025,NSE:ATALREAL,EQ,274.21,23.19,3804147,882.18169,5.21,4.92,10.88,L,0.04,0.22,-7.16,-7.16,-4.92,9.06,17.29,30.96,48.21,47.39,33.83,-1,-1,-1,HV2Q,-1,-1,-1,-1,-1,-1,-1,-1.89,-0.68,-2.55,3.16,0.63,21.22,27.73,0,66.67,57.14,0,9.52,31.75,-9.31,-9.31,-9.31,-9.31,-9.31,-9.31,-1.78,-8.05,0,-26.99,-25.84,26.03,49.9,104.14,251.9,2.93,32.23,68.84,123.29,82.25,85.13,-5.4,13.52,26.21,34.25,38.48,1.171746,94,-3.74,23.38,54.43,111.77,,,-5.4,17.86,15.51,15.32,4.29,1.061348,95
26-11-2025,NSE:SMLMAH,EQ,4146.13,2906.5,54355,1579.82808,4.12,4.31,3.14,2M,2.69,1.82,-3.79,-12.14,-3.97,-15.54,-61.6,39.78,61.85,44.93,34.33,-1,-1,-1,EEP,EEP,-1,-1,-1,-1,-1,-1,0.97,-2.31,-1.3,-6.02,-6.91,20.33,16.84,0,0,6.35,0,0,0,-10.82,-34.94,-38.12,-38.12,-38.12,-10.82,-35.66,0,-15.58,-53.01,-32.17,5.11,65.4,175.29,175.29,5.11,7.67,344.86,65.79,0,0.38,-4.45,-65.37,35.03,47.89,36.02,1.171647,94,-8.4,-20.46,310.4,-14.41,,,-4.45,-58.74,61.71,26.99,-38.48,1.113297,99
26-11-2025,NSE:NRAIL,EQ,802.88,486.6,44810,218.04546,5.04,5,13.8,,1.65,-0.85,-0.2,3.18,8.69,14.81,20.05,42.86,42.03,31.19,11.63,-1,-1,HVQ,HVQ,HV2Q,-1,-1,-1,-1,-1,7,0.44,2.09,2.58,6.13,9.29,23.56,42.97,100,71.43,71.43,40,28.57,23.81,-3.92,-3.92,-3.92,-3.92,-7.73,-3.92,-7.56,0,-34,-46.51,-36.5,31.92,92.87,124.03,124.03,11.68,30.05,79.12,28.02,0,2.03,8.21,16.28,38.11,28.07,22.28,1.169568,94,8.18,28.41,38.3,-34,,,8.21,9.13,27.51,-11.11,-12.83,1.040086,89
26-11-2025,NSE:INDIANB,EQ,120054.9,886.75,1974904,17512.46122,2.06,2.07,5.45,,1.56,0.14,2.17,1.62,6.87,20.14,24.66,32.61,41.5,40.19,42.57,-1,-1,-1,-1,-1,-1,-1,-1,-1,3,-1,1.64,1.51,3.2,6.73,10.64,19.22,36.97,60,90.48,96.83,60,90.48,92.06,-0.38,-0.38,-0.38,-0.38,-0.38,-0.38,-0.04,-1.22,-2.28,-14.79,-12.89,35.83,47.53,86.37,88.79,4.1,34.37,36.23,25.59,10.44,12.91,6.39,20.89,27.86,27.54,31.28,1.168282,94,3.97,29.53,27.02,8.1,,,6.39,15.8,9.53,3.53,3.63,1.049194,92
26-11-2025,NSE:GMDCLTD,EQ,17901.81,528.1,5903920,31178.60152,4.71,4.61,6.25,,8.21,2.4,-12.51,-11.36,-9.41,-14.79,20.19,32.09,51.66,39.1,33.62,-1,-1,HV2Y,HV2Y,-1,EEP,-1,-1,-1,-1,-1,0.95,-4.31,-3.23,-5.73,-8.47,28.97,28.85,0,0,52.38,0,0,17.46,-12.05,-16.21,-16.21,-16.21,-16.21,-12.05,-8.33,-7.95,-4.55,-43.1,-28.32,30.77,48.01,121.54,121.54,12.46,51.3,76.82,50.45,0,3.51,-9.89,16.42,27.34,37.7,30.19,1.167213,93,-8.75,33.01,59.18,-3.33,,,-9.89,23.74,13.89,19.16,-20.1,1.059258,94
26-11-2025,NSE:GRSE,EQ,33001.29,2757.8,1655363,45651.60081,3.35,3.41,12.26,,1.76,-2.6,-2.13,7.31,6.67,1.56,8.67,-2.07,55.68,49.9,72.41,-1,-1,HVQ,-1,EEP,-1,-1,-1,-1,-1,-1,-0.54,1.27,0.74,2.76,3.6,11.82,17.48,40,9.52,3.17,20,4.76,1.59,-5.59,-5.59,-21.04,-21.04,-21.04,-5.59,-6.21,-27.89,0,-54.91,-49.03,17.97,17.97,127.1,267.09,8.04,10.1,107.4,131.81,78.23,101.47,6.19,4.9,-6.82,41.72,40.99,1.167009,93,7.23,-0.02,86.31,60.75,,,6.19,-1.16,-12.79,46.92,-7.17,1.095791,98
26-11-2025,NSE:AUBANK,EQ,68216.27,953.75,2860058,27277.80318,2.11,2.1,7.2,,1.03,2.95,7.52,7.7,9.39,22.82,21.4,26.48,47.32,37.73,39.37,-1,-1,EEP,-1,EEP,-1,-1,-1,6,-1,-1,3.35,2.69,6.21,8.3,15.82,13.29,33.57,100,100,36.51,100,80.95,30.16,0,0,0,0,0,0,-0.75,-10.59,-6.82,-33.24,-21.08,37.37,37.62,93.93,93.93,10.01,24.47,52.42,42.58,0,6.07,8.91,17.63,21.73,33.36,28.82,1.165958,93,8.39,17.83,42.6,10.7,,,8.91,9.95,5.44,18.69,-12.34,1.049642,92
26-11-2025,NSE:SIRCA,EQ,2887.05,523.45,421977,2208.83861,2.47,2.48,8.81,,1.94,-1.75,2.11,3.23,3.99,3.04,12.79,35.35,48.88,38.58,42.21,-1,-1,-1,HV2Y,HV2Q,-1,-1,-1,-1,-1,0,0.46,0.83,1.3,2.67,4.08,23.26,35.63,80,95.24,77.78,20,52.38,50.79,-2.09,-2.09,-2.09,-2.09,-2.09,-2.09,-0.99,-2.74,-10.59,-29.3,-15.06,15.92,54.46,118.33,118.33,3.84,21.45,90.41,41.15,0,12.95,3.51,9.02,30.6,34.92,29.67,1.165556,93,2.63,20.41,64.92,-0.34,,,3.51,5.85,24.85,11.26,-14.27,1.047416,91
26-11-2025,NSE:RAMAPHO,EQ,651.11,174.87,556268,972.74585,6.21,6.11,3.36,2M,-1.30,-2.6,-9.67,-11.41,-17.03,12.35,15.29,34.19,49.36,45.49,50.03,-1,-1,HV2Y,-1,HVQ,HV2Q,-1,-1,-1,-1,-1,-4,-0.84,-4.8,6.18,1.47,22.97,31.74,0,61.9,39.68,0,9.52,14.29,-17.12,-17.12,-17.12,-17.12,-17.12,-17.12,0,-10.24,-11.86,-26.52,-12.96,30.38,53.37,115.12,132.77,1.5,52.59,82.22,41.58,17.88,26.89,-17.51,11.52,29.44,35.4,36.58,1.161229,93,-11.05,26.61,63.05,18.44,,,-17.51,24.31,21.28,13.39,-1.77,1.063829,95
26-11-2025,NSE:EFACTOR,ST,399.32,330,16400,54.12,4.58,4.82,2.46,M,1.27,8.79,5.61,1.53,12.83,17.97,34.55,35.48,38.17,11.42,54.98,-1,-1,HV2Q,-1,HVQ,-1,-1,-1,-1,-1,-1,3.03,2.05,5.19,6.14,12.08,24.04,47.55,80,76.19,66.67,80,42.86,25.4,-0.5,-0.5,-0.5,-0.5,-0.5,-0.5,-4.91,-15.29,-33.32,-36.09,0,60.19,70.5,140.88,187.58,9.63,39.64,57.66,55.4,77.82,154.73,12.35,30.78,30.73,24.21,2.51,1.159774,93,6.85,17.41,8.14,2.97,,,12.35,21.6,0.42,-5.5,-37.38,1.030968,85
26-11-2025,NSE:SOUTHBANK,EQ,10114.16,39.78,38503495,15316.69031,4.2,4.12,6.52,,2.92,-3.27,1.26,7.74,4.02,24.89,25.24,27.2,39.89,43.59,25.21,-1,-1,EEP,-1,-1,-1,-1,-1,-1,4,-1,2.6,2.03,4.72,8.93,14.99,15.62,36.27,80,95.24,52.38,0,38.1,22.22,-3.16,-3.16,-3.16,-3.16,-3.16,-3.16,-1.7,-5.89,0,-25.63,-30.2,39.14,40.42,77.35,77.35,8.63,33.54,29.87,29.11,6.6,0,3.54,21.47,22.45,25.93,34.68,1.159751,93,2.03,28.42,22.99,7.66,,,3.54,18.8,1.6,7.78,12.02,1.054876,94
26-11-2025,NSE:GOKULAGRO,EQ,5901.73,205.65,1196858,2461.33848,5.01,5.11,3.85,,4.39,-0.63,10.67,14.5,18.72,1.03,20.03,41.08,34.38,27.84,74.23,-1,-1,-1,HV2Q,HVQ,-1,5.78,-1,-1,-1,-1,3.91,3.08,7.22,1.8,9.18,19.31,35.31,0,0,46.03,0,0,30.16,-2.66,-2.66,-2.66,-2.66,-2.66,-2.66,-19.38,-1.26,-35.26,-27.89,-6.78,26.79,67.15,103.11,293.59,22.59,13.9,62.42,19.66,173.59,200.86,18.24,16.26,36.33,20.42,18.93,1.159498,93,18.19,8.29,17.53,2.4,,,18.24,-1.69,25.3,-21.04,-4.1,1.035,87
26-11-2025,NSE:AGIIL,EQ,3098.77,275.5,1175631,3238.86341,4.43,4.37,3.89,,-2.89,8.4,7.71,3.48,4.32,10.16,14.66,36.86,41.48,41.51,NA,-1,-1,-1,HV2Y,HVQ,-1,-1,-1,-1,-1,7,1.55,1.7,3.31,2.65,6.12,21.03,34.37,40,19.05,53.97,20,4.76,31.75,-2.89,-4.31,-4.31,-4.31,NA,-2.89,-8.44,-1.03,-6.97,-13.76,NA,21.15,67.67,95.97,NA,9.24,24.32,67.25,91.88,103.93,NA,3.84,10.89,32.11,27.52,32.6,1.157122,93,4.59,23.64,44.64,77.97,,,3.84,7.49,25,-2.35,5.93,1.047004,91
26-11-2025,NSE:ACUTAAS,EQ,14023.7,1794.8,382560,6866.18688,3.94,3.95,7.46,,0.60,4.17,4.91,-2.2,3.54,19.26,20.35,34.96,38.9,41.55,70.31,HVQ,HVQ,-1,EEP,-1,EEP,-1,-1,-1,-1,-1,1.9,1.89,3.86,7.3,12.04,18.91,38.17,80,80.95,73.02,20,14.29,30.16,-4.13,-4.13,-4.13,-4.13,-4.13,-4.13,-3.2,0,-11.11,-16.5,0,36.2,65.21,90.75,228.21,6.7,50.8,34.06,81.15,115.05,105.69,3.06,16.58,30.21,24.94,32.64,1.156264,93,4.68,49.44,29.5,76.71,,,3.06,14.12,17.32,-3.6,10.22,1.048157,91
26-11-2025,NSE:BSE,EQ,114402.16,2886.7,5091938,146988.97425,3.32,3.46,8.33,,1.62,-0.4,3.86,13.51,13.04,28.07,20.64,16.72,40.12,45.78,75.95,-1,EEP,-1,-1,HV2Y,-1,-1,-1,-1,-1,-1,2.5,3.57,6.29,9.84,17.88,7.2,27.03,100,42.86,14.29,80,38.1,12.7,-0.4,-0.4,-3.95,-3.95,-3.95,-0.4,-0.51,-23.78,-3.31,-13.55,-3.63,41.49,41.49,127.31,342.6,19.3,23.04,80.39,167.09,165.05,139.96,12.56,16.87,11.97,26.16,36.87,1.154536,93,19.3,2.29,22.05,164.48,,,12.56,5.43,-5.96,18.43,15.34,1.057013,94
26-11-2025,NSE:GALLANTT,EQ,14585.43,591.85,520631,3081.35457,6.73,6.6,7.82,,0.57,-6.65,-3.93,5.5,12.71,-12.14,-4.5,23.21,48.03,48.35,67.48,-1,HV2Y,-1,HV2Q,HV2Q,HVQ,-1,-1,-1,-1,-1,-1.01,0.03,-0.97,-3.46,-4.29,15.33,13.05,0,0,0,0,0,0,-11.72,-18.9,-24.59,-24.59,-24.59,-11.72,-34.18,-21.2,-4.58,-21.6,-22.08,14.57,36.2,96.56,211.01,13.23,0,101.76,50.95,64.36,63.34,12.23,-8.27,18.46,34.07,39.44,1.154093,93,10.65,-18.65,92.23,26.13,,,12.23,-23.04,25.5,22.66,6.49,1.059799,94
26-11-2025,NSE:CHANDAN,SM,817.92,324.6,90432,293.54227,5.05,5.32,9.73,,0.50,-6.96,3.13,-2.56,2.14,23.35,29.07,39.88,46.6,NA,NA,-1,-1,-1,HVQ,-1,-1,-1,-1,-1,-1,-1,-0.75,1.53,0.79,9.51,11.38,,,80,76.19,44.44,0,23.81,20.63,-6.51,-6.51,-6.51,NA,NA,-6.51,-6.3,-11.39,-8.55,NA,NA,48.52,80.23,NA,NA,4.16,45.34,53.81,30.36,NA,NA,1.66,25.3,35.13,32.64,0,1.152171,93,-0.43,28.58,38.04,,,,1.66,24.2,14.22,1.51,105.87,1.065224,95
26-11-2025,NSE:GVT&D,EQ,77966.17,2984,863184,25757.41056,4.4,4.4,4.68,,4.50,-2.02,-4.81,-5.45,4.69,-1.3,7.64,25.92,52.54,36.53,71.22,-1,-1,-1,EEP,EEP,-1,-1,-1,-1,-1,-1,0.32,-0.81,-0.49,-0.29,-0.78,23.93,30.44,0,0,36.51,0,0,14.29,-5.9,-5.9,-5.9,-5.9,-5.9,-5.9,-10.28,-5.51,0,-34.31,-2.38,11.19,34.2,130.33,259.58,4.5,18.57,112.74,70.62,70.65,128.23,4.21,3.87,21.17,38.58,27.62,1.151009,93,0.53,16.73,100.58,34.99,,,4.21,-0.22,18.78,26.28,-27.88,1.05036,92
26-11-2025,NSE:MCLEODRUSS,BE,574.19,53.3,1139161,607.17281,0.67,2.09,7.24,2M,-2.00,0.96,-8.48,-19.89,-25.89,24.93,29.44,38.18,35.85,42.81,49.34,-1,-1,2,HV2Q,-1,-1,-1,-1,-1,-1,-1,-2.42,-2.17,-4.5,6.41,2.04,24.33,34.86,0,42.86,44.44,0,0,17.46,-18.94,-22.16,-22.16,-22.16,-22.16,-18.94,-2,-14.07,-36.43,-34.03,-15.73,45.19,69.75,89.75,147.33,3.03,89.07,33.89,33.62,58.65,41.44,-26.37,25.67,33.43,21.89,33.9,1.149451,93,-18.94,69.19,6.94,19.25,,,-26.37,40.64,11.37,-13.42,16.72,1.078785,97
26-11-2025,NSE:SWARAJ,SM,513.03,272.1,47610,129.54681,6.05,6.35,6.86,,7.55,14.66,12.18,23.45,28.41,37.54,34.77,5.55,37.71,12.83,31.64,HV2Y,HVQ,HVQ,-1,-1,HV2Q,4.14,-1,-1,-1,-1,11.83,6.03,19,13.98,38.35,2.77,42.29,100,57.14,19.05,60,19.05,6.35,0,0,0,0,-22.36,0,-3.56,-30.93,-21.32,-51.63,-32.32,67.76,67.76,89.16,89.16,39.54,20.1,23.39,78.66,2.11,39.45,27.93,31,0.8,23.75,3.92,1.149281,93,39.54,-1.07,5.09,-20.92,,,27.93,5.57,-45.81,24.39,-34.07,1.046981,91
26-11-2025,NSE:MASON,SM,356.46,200.7,19530,39.19671,2.8,2.84,7,,2.16,-0.27,-4.14,-2.49,-0.9,-0.25,-5.63,39.24,50.75,38.22,NA,-1,-1,-1,-1,HV2Q,-1,-1,-1,-1,-1,-1,0.31,-0.59,-0.28,-0.39,-0.67,23,29,0,0,19.05,0,0,1.59,-3.97,-4.36,-6.21,-6.21,NA,-3.97,-5.37,-0.93,-42.39,-53.31,NA,4.86,70.08,155.18,NA,2.16,5.8,169.55,55.05,6.98,NA,-1.38,-9.4,34.49,36.79,29.31,1.149198,93,-2.1,-0.52,125.77,-9.26,,,-1.38,-8,41.46,9.28,-19.57,1.051584,92
26-11-2025,NSE:GSMFOILS,SM,294.54,211.05,35660,75.26043,3.75,3.98,8.7,,5.00,0.78,0.33,-0.95,1.87,-4.52,-0.05,28.77,37.63,55.84,NA,-1,-1,-1,-1,-1,-1,-1,-1,-1,-1,-1,1.05,-1.2,-0.15,-2.96,-3.02,20.24,21.59,0,0,22.22,0,0,7.94,-6.05,-17.28,-17.28,-17.28,NA,-6.05,-18.83,-8.99,-4.64,-5.99,NA,5,53.95,142.66,NA,5,4.7,89.27,211.91,299.11,NA,1.39,-3.82,24.02,23.67,46.93,1.149191,93,1.47,4.7,60.4,203.57,,,1.39,-5.27,27.78,2.78,35.06,1.067014,95
26-11-2025,NSE:IIFL,EQ,23858.86,570.75,1670525,9534.52144,3.29,3.31,4.78,,2.40,2.31,5.33,5.52,11.46,22.6,19.67,26.88,46.47,28.48,37.43,-1,-1,-1,-1,HVQ,-1,-1,-1,-1,2,-1,3.65,2.18,5.95,7.18,14.15,13.59,32.11,100,71.43,23.81,40,47.62,15.87,0,0,0,0,0,0,-2.23,-14.53,-21.31,-49.48,-32.49,36.1,36.1,101.25,101.25,11.08,20.51,61.67,47.16,0,30.76,10.98,15.9,22.13,32.51,19.57,1.148715,93,11.08,-2.23,45.95,-10.77,,,10.98,5.96,7.95,17.14,-27.75,1.039327,89
26-11-2025,NSE:SHRIRAMFIN,EQ,153790,856.6,6405147,54866.4892,2.72,2.76,11.86,,2.19,4.5,3.98,7.02,15.99,27.02,27.52,22.73,35.4,34.57,47.07,-1,EEP,-1,-1,-1,-1,-1,-1,7,-1,-1,3.62,3.34,7.2,10.21,19.4,8.44,30.4,100,100,36.51,100,90.48,33.33,0,0,0,0,0,0,0,-12.17,-8.79,-23.75,-22.77,49.85,49.85,67.42,89.45,18.36,25.88,11.3,29.37,22.38,23.95,15.51,23.75,17.98,21.44,25.66,1.148529,92,18.36,16.85,11.3,5.28,,,15.51,10.41,-7.63,6.74,4.59,1.043012,90
26-11-2025,NSE:ORICONENT,EQ,918.73,58.46,340125,198.83708,4.09,4.02,5.75,,2.81,0.63,-0.05,1.45,8.31,9.44,10.96,27.73,31.63,52.65,43.29,-1,-1,-1,HV2Q,-1,HVQ,-1,-1,-1,-1,-1,1.65,1.26,2.95,2.89,6.01,14.89,24.57,100,42.86,42.86,60,33.33,22.22,-0.05,-0.05,-0.05,-0.05,-0.05,-0.05,-5.92,-4.44,-3.16,-14.23,-40.6,11.31,44.42,110.97,111.2,10.22,19.16,33.6,52.64,44.4,0,7.83,7.19,22.98,17.67,43.74,1.14813,92,9.41,19.16,30.06,6.24,,,7.83,-0.42,17.81,-4.26,36.62,1.061978,95
26-11-2025,NSE:PRICOLLTD,EQ,7523.74,624.95,903324,5645.32334,4.24,4.41,5.92,,0.03,-5.78,4.62,14.14,15.63,11.69,28.67,28.9,34.2,27.58,42.96,-1,EEP,-1,-1,HV2Q,HVQ,-1,-1,-1,-1,-1,0.47,3.89,4.54,7.25,12.71,14.58,31.95,100,61.9,55.56,20,42.86,39.68,-5.47,-5.47,-5.47,-5.47,-5.47,-5.47,-4.46,-4.64,-22.86,-28.62,-14.47,39.87,50.17,57.08,77.74,20.69,26.71,12.05,11.69,21.33,33.55,15.15,24.9,24.15,20.24,18.67,1.146979,92,16.5,20.48,3.59,-16.03,,,15.15,12.15,-0.69,-2.2,-4.2,1.03511,87
26-11-2025,NSE:ANURAS,EQ,12352.54,1231.8,389713,4800.48473,3.14,3.15,6.05,,0.56,9.25,12.99,12.73,11.14,9.86,8.63,19.57,48.3,41.12,26.12,-1,-1,-1,-1,-1,-1,-1,-1,-1,-1,-1,5.18,2.92,8.35,2.99,11.69,10.08,24.2,0,0,0,0,0,0,-1.2,-1.2,-1.2,-1.2,-1.2,-1.2,-5.51,-3.32,-0.03,-33.54,-24.3,15.69,24.46,96.07,96.07,15.28,2.81,79.15,57.7,0,5.31,10.66,4.86,14.82,34.34,32.21,1.146887,92,12.81,-4.42,77.62,23.74,,,10.66,-6.13,10.95,26.07,-8.03,1.052064,93
26-11-2025,NSE:HBLENGINE,EQ,28745.12,884.5,2987246,26422.19087,4.69,4.95,3.79,S,0.33,-5.75,-10.24,-12.48,-12.2,6.23,11.78,36.24,48.3,39.17,46.57,-1,-1,-1,EEP,HVQ,EEP,-1,-1,-1,-1,-1,-4.91,-1.82,-6.61,2.84,-3.88,27.69,32.93,0,61.9,73.02,0,28.57,38.1,-19.5,-19.5,-19.5,-19.5,-19.5,-19.5,0,-2.54,-19.99,-35.13,-20.47,14.68,58.23,117.64,117.64,0.33,77.54,92,38.78,13.93,34.03,-12.68,8.01,31.49,34.34,30.26,1.146858,92,-11.7,73.25,59.59,-12.98,,,-12.68,18.07,26.7,9.26,-11.78,1.051561,92
26-11-2025,NSE:IXIGO,EQ,10632.64,277,4131428,11444.05556,4.05,4.52,6.5,S,-0.05,2.83,0.38,5.79,-15.36,-0.29,-4.17,37.19,47.87,48.47,NA,-1,-1,-1,EEP,-1,HVQ,-1,-1,-1,-1,-1,1.12,-1.95,-0.81,-3.86,-4.5,27.39,31.53,0,9.52,46.03,0,0,19.05,-14.7,-17.45,-17.45,-17.45,NA,-14.7,-4.77,0,-2.98,-21.89,NA,7.57,67.49,121.35,NA,7.57,45.33,130.59,39.02,15.07,NA,-15.84,-7.94,32.44,33.91,39.56,1.145121,92,-14.08,45.33,101.21,4.33,,,-15.84,6.39,38.69,7.34,7.03,1.061549,95
26-11-2025,NSE:UJJIVANSFB,EQ,10409.99,55.93,11838140,6621.0717,3.01,3.03,5.1,,3.84,3.25,8.81,7.1,3.45,19.52,21.78,19.38,43.21,41.55,16.41,-1,-1,HVQ,HV2Q,EEP,HVQ,-1,-1,-1,-1,-1,3.96,1.96,6.04,5.37,12.05,11.73,26.94,100,90.48,34.92,100,42.86,19.05,0,0,0,0,-0.21,0,0,-14.8,-0.7,-43.34,-41.68,31.82,34.22,78.23,78.23,9.67,29.59,39.42,43.69,0,0,2.97,18.01,14.63,29.25,32.64,1.144287,92,4.41,24.65,36.85,2.99,,,2.97,15.67,-4.08,19.9,2.94,1.054165,93
26-11-2025,NSE:RNFI,SM,873.34,358.35,45672,163.66561,3.87,4.08,4.04,2M,2.65,0.74,-3.67,-6.67,-1.16,-4.65,14.05,30.07,18.28,57.95,NA,-1,-1,-1,HV2Q,-1,HV2Y,-1,-1,-1,-1,-1,1.71,-0.9,0.8,-0.09,0.72,20.29,26.36,0,33.33,55.56,0,14.29,20.63,-7.44,-7.44,-7.44,-7.44,NA,-7.44,-3.94,-4.82,-21.22,-7.94,NA,21.21,55.8,175.87,NA,8.44,44.42,46.7,126.58,164.78,NA,-1.64,10.28,25.32,4.32,49.04,1.143635,92,0.38,44.42,7.32,78.3,,,-1.64,11.72,17.62,-26.52,54.41,1.086911,97
26-11-2025,NSE:PRIZOR,SM,347.14,304.3,19296,58.71773,4.39,4.39,5.21,S,-0.67,-8.66,-1.87,-9.96,-15.68,7.61,7,32.4,51.25,41.19,NA,-1,-1,-1,-1,-1,-1,-1,-1,-1,-1,-1,-3.85,-1.66,-5.43,-0.64,-6.02,30.04,34.33,0,9.52,57.14,0,4.76,20.63,-13.91,-14.64,-14.64,-14.64,NA,-13.91,-1.26,0,-8.33,-33.89,NA,12.27,66.97,189.12,NA,0,48.21,168.88,95.44,18.21,NA,-16.16,3.23,27.65,37.29,32.28,1.143044,92,-13.91,48.21,100.78,31.4,,,-16.16,16.29,26.29,18.22,-14.76,1.055824,94
26-11-2025,NSE:COMSYN,BE,551.86,138.11,140521,194.07355,3.29,3.41,4.78,M,-1.40,-1.25,-2.78,-11.49,-9.28,-10.97,0.01,25.63,50,48.87,48.63,-1,-1,HV2Y,-1,HVQ,HV2Y,-1,-1,-1,-1,21,-1.99,-2.58,-4.46,-4.74,-8.79,20.81,15.19,0,0,50.79,0,0,46.03,-13.59,-13.59,-13.59,-13.59,-13.59,-13.59,-4.78,-2.42,-10.57,-22.31,-13.39,3.06,30.74,109.26,150.74,0,15.18,109.24,86.47,25.36,28.2,-9.76,-3.76,20.88,36.04,39.96,1.142878,92,-8.37,15.18,109.24,51.89,,,-9.76,5.19,24.61,23.11,3.61,1.060493,94
26-11-2025,NSE:APEX,EQ,903.13,309.27,751542,2324.29394,6.83,6.86,5.96,,-0.80,6.82,13.23,23.64,23.11,25.4,25.18,28.42,31.92,23.65,34.96,HV2Y,HV2Y,HVY,EEP,-1,HVQ,-1,-1,-1,-1,-1,4.33,6.1,11.1,10.77,24.51,6.56,33.25,100,42.86,14.29,20,23.81,7.94,-6.78,-6.78,-6.78,-6.78,-6.78,-6.78,-7.49,-10.17,-20.02,-32.32,-24.1,46.25,46.25,57.19,57.87,32.44,12.46,17.61,12.52,9.83,23.18,22.63,21.41,23.67,17.96,14.74,1.142751,92,30.23,-4.36,5.01,-19.22,,,22.63,-0.62,3.31,-4.77,-6.28,1.030047,85
26-11-2025,NSE:SACHEEROME,SM,653.29,340.5,79296,270.00288,7.56,7.68,4.37,,-4.99,4.65,21.76,37.12,36.86,36.56,45.49,NA,NA,NA,NA,-1,-1,-1,-1,-1,-1,8.09,1,-1,-1,9,4.33,10.5,16.56,17.39,41.09,,,100,52.38,57.14,60,38.1,17.46,-8.21,-8.21,NA,NA,NA,-8.21,-10.12,NA,NA,NA,NA,77.34,NA,NA,NA,59.86,27.26,NA,NA,NA,NA,36.38,41.72,0,0,0,1.141453,92,56.19,22.61,,,,,36.38,10.36,98.98,-9.66,5.87,1.080893,97
26-11-2025,NSE:TVSELECT,EQ,1201.08,564.05,481268,2714.59215,5.76,5.75,4.62,2L,2.30,-10.63,-4.99,-11.05,-18.31,7.84,26.35,28.5,42.53,40.96,53.4,HV2Y,HV2Y,HVQ,HV2Y,HV2Q,HVQ,-1,-1,-1,-1,-1,-4.07,-1.56,-5.54,1.1,-4.49,26.07,29.19,0,52.38,50.79,0,9.52,20.63,-14.92,-15.9,-15.9,-15.9,-15.9,-14.92,-0.51,-21.17,-15.88,-32.39,-30.55,41.97,42.96,105.6,125.08,2.3,68.36,51.43,47,29.48,33.01,-18.79,22.58,23.75,28.57,32.05,1.141214,92,-12.75,60.85,25.27,-4.39,,,-18.79,34.43,1.9,9.97,3.14,1.066726,95
26-11-2025,NSE:TSFINV,EQ,11704.87,532.95,298029,1588.34556,4.61,4.44,2.64,S,1.13,0.55,1.34,-13.09,-27.15,-9.38,8.61,34.52,50.11,43.44,65.21,-1,-1,HV2Y,-1,HVQ,-1,-1,-1,-1,-1,-1,-0.97,-4.57,-5.29,-8.34,-12.59,26.58,19.06,0,14.29,57.14,0,9.52,33.33,-22.23,-22.81,-22.81,-22.81,-22.81,-22.23,-1.85,-8.82,-18.09,-37.58,-29.24,13.76,51.73,119.37,200.17,2.23,50.37,100.47,43.63,49.76,69.78,-27.63,4.84,29.77,36.15,34.53,1.140884,92,-22.23,39.76,84.91,9.66,,,-27.63,24.82,27.33,14.14,-7.5,1.063655,95
26-11-2025,NSE:ATHERENERG,EQ,24524.5,692.5,4477461,31006.41743,5.59,5.39,4.41,,1.10,1.08,9.23,3.66,-6.04,15.98,39.68,53.55,NA,NA,NA,-1,-1,HV2Y,EEP,-1,-1,-1,-1,-1,17,-1,2.08,1.11,3.23,4.18,7.73,,,0,23.81,74.6,0,0,39.68,-5.96,-9.58,-9.58,NA,NA,-5.96,-4.11,-4.19,NA,NA,NA,60.97,125.42,NA,NA,10.68,119.67,39.14,NA,NA,NA,-6.52,35.91,48.8,0,0,1.140172,92,-5.96,119.67,,,,,-6.52,39.81,21.96,90.34,5.87,1.101647,98
26-11-2025,NSE:GMBREW,EQ,2622.6,1032.5,1512749,15619.13343,5.73,5.57,4.57,S,3.78,-1.69,-17.3,-21.03,-10.2,30.41,34.34,30.99,37.41,26.55,54.25,-1,-1,HV2Y,HV2Q,-1,-1,-1,-1,-1,-1,-1,-3.34,-2.36,-5.57,9.15,3.94,22.73,34.52,0,61.9,39.68,0,19.05,20.63,-17.89,-18.33,-18.33,-18.33,-18.33,-17.89,-10,-14.64,-28.12,-34.81,-23.5,53.41,53.45,71.4,106.27,3.78,69.1,12.54,18.28,38.28,62.26,-10.68,30.57,26.24,23.45,17.64,1.136821,92,-14.69,58.8,1.06,-16.11,,,-10.68,37.11,-6.12,-0.36,-11.48,1.055267,94
26-11-2025,NSE:INOXGREEN,EQ,9157.07,219.6,2441161,5360.78956,4.48,4.37,10.18,2L,0.46,-6.03,-18.15,-22.97,-16.76,10.62,32.46,16.49,45.02,35.26,44.9,-1,-1,-1,-1,HVQ,HVQ,-1,-1,-1,-1,-1,-5.53,-3.14,-8.41,2.73,-5.84,27.37,29.64,0,57.14,58.73,0,23.81,39.68,-19.32,-19.32,-19.32,-19.32,-19.32,-19.32,-2.65,-19.19,-16.94,-45.32,-35.61,51.01,51.01,109.64,109.64,0.46,76.32,41.58,75.07,5.04,23.69,-17.24,28.69,11.74,31.06,26.35,1.136228,92,-18.19,49.34,13.19,-13.02,,,-17.24,38.85,-24.67,24.5,-11.89,1.078672,97
26-11-2025,NSE:INTERARCH,EQ,4378.46,2440.2,141323,3448.56385,5.71,5.79,5.92,S,0.73,-5.59,-5.51,10.55,14.99,17.58,15.49,11.39,42.54,40.43,NA,-1,EEP,-1,-1,EEP,HVQ,-1,-1,-1,-1,-1,-1.55,3,1.5,9.85,12.59,9.4,24.27,100,38.1,12.7,20,19.05,6.35,-6.98,-6.98,-6.98,-6.98,NA,-6.98,-9.82,-13.44,0,-24.82,NA,31.21,31.21,77.05,NA,18.5,11.54,49.62,90.7,23.66,NA,14.51,11.72,6.64,28.58,31.52,1.136221,92,18.5,-9.82,38.49,,,,14.51,-2.72,-5.87,25.49,2.19,1.051955,93
26-11-2025,NSE:GPECO,SM,586.81,493.95,37544,185.44859,4.85,4.78,12.16,,1.78,-3.46,-0.58,-3.83,-0.51,-18.64,-20.23,33.88,52.93,39.78,NA,-1,HVQ,-1,HV2Q,HVQ,-1,-1,-1,-1,-1,-1,-0.25,-1.33,-1.56,-4.13,-5.47,17.91,15.15,0,0,11.11,0,0,7.94,-6.94,-19.88,-19.88,-19.88,NA,-6.94,-19.47,-0.18,-15.86,-47.21,NA,2.2,57.43,112.45,NA,2.2,2.46,143.85,46.59,4.35,NA,-0.99,-24,29.13,38.97,30.87,1.135462,92,-6.84,-15.01,143.4,3.5,,,-0.99,-22.94,43.99,19.15,-22.07,1.05789,94
26-11-2025,NSE:CARYSIL,EQ,2952.2,1000.1,166876,1668.92688,4.63,4.58,14.06,S,4.30,-2.21,-2.9,1.85,9.19,11.97,13.97,20.96,50.42,25.61,5.35,-1,-1,HVQ,-1,EEP,-1,-1,-1,-1,-1,-1,0.81,1.25,2.09,4.99,7.45,14.75,26.05,40,47.62,30.16,0,38.1,20.63,-3.65,-3.65,-3.65,-3.65,-3.65,-3.65,-5.34,-7.4,-14.18,-51.24,-26.84,23.64,27.58,102.65,102.65,10.27,15.86,74.35,60.17,0,0,8.71,10.2,16.21,36.46,16.7,1.135308,92,10.27,3.35,63.12,-8.45,,,8.71,1.95,7.11,27.61,-44.18,1.042853,90
26-11-2025,NSE:NAVINFLUOR,EQ,30687.41,5822,275018,16011.54796,2.76,3.24,3.79,S,0.68,-3.45,-3.44,-4,13.32,20.48,14.14,27,29.83,43.96,48.45,-1,EEP,-1,-1,-1,EEP,-1,-1,-1,-1,-1,-1.15,2.21,1.09,9.14,11.25,10.39,24.15,100,76.19,25.4,40,61.9,20.63,-4.26,-4.26,-4.26,-4.26,-4.26,-4.26,-2.75,-3.67,-8.95,-3.94,-14.17,27.89,36.63,80.95,96.25,16.98,10.86,32.87,32.26,39.7,11.57,12.84,10.37,22.25,15.87,35.05,1.132637,91,16.49,0.87,23.61,27.45,,,12.84,-2.36,13.96,-5.78,26.01,1.046762,91
26-11-2025,NSE:BANCOINDIA,EQ,11664.69,684.45,1965703,13454.25418,5.9,5.74,5.12,L,1.60,-15.05,-16.46,-19.83,-5.21,-20.7,13.92,20.35,54.89,25.02,58.2,-1,-1,HV2Y,-1,EEP,-1,-1,-1,-1,-1,-1,-6.4,-2.42,-8.61,-3.31,-11.53,27.34,21.75,0,0,25.4,0,0,15.87,-16.55,-21.78,-21.78,-21.78,-21.78,-16.55,-17.71,-12.58,-5.76,-46.63,-2.61,18.71,27.48,122.04,142.13,1.6,34.12,91.14,76.85,18.35,96.73,-5.69,10.15,15.6,40.93,16.11,1.132324,91,-5.15,17.34,89.33,61.37,,,-5.69,14.87,6.46,33.7,-60.36,1.054188,94
26-11-2025,NSE:SMSPHARMA,EQ,2734.64,322.3,705529,2273.91997,4.72,4.73,6.5,M,17.82,12.21,10.67,12.86,7.01,13.29,27.27,18.52,42.4,25.75,42.35,-1,-1,HV2Y,-1,HV2Q,-1,-1,-1,-1,-1,-1,11.63,0.74,12.46,1.73,14.45,13.36,32.09,0,38.1,36.51,0,4.76,4.76,0,0,0,0,-14.46,0,-0.29,-13.3,-30.3,-50.73,-36.49,42.76,50.11,75.88,80.81,18.69,39.58,27.92,43.31,21.93,57.18,6.53,23.5,13.77,28.44,16.84,1.131094,91,7.54,26.38,22.75,-14.23,,,6.53,18.48,-13.05,19.65,-23.04,1.042854,90
26-11-2025,NSE:FIEMIND,EQ,6171.96,2282.6,111113,2536.26534,3.14,3.13,12.59,,1.71,-1.44,6.26,7.29,8.63,9.94,12.38,29.48,39.54,36.17,55.3,-1,-1,-1,EEP,EEP,-1,-1,-1,-1,-1,-1,1.72,2.34,4.15,5.49,10.2,13.55,27.48,80,19.05,25.4,0,0,14.29,-2.67,-2.67,-2.67,-2.67,-2.67,-2.67,-4.87,-4.4,-7.99,-21.12,-16.72,19.7,43.26,75.92,127.67,9.91,15.41,54.14,24.07,37.65,45.32,8.15,8.61,24.73,25.58,27.26,1.13027,91,8.55,4.98,44.6,7.37,,,8.15,0.8,18.49,4.61,0.3,1.037576,88
26-11-2025,NSE:YATHARTH,EQ,7666.43,774.3,498193,3857.5084,3.63,3.58,6.39,,0.28,0.88,4.42,-6.12,-2.32,-1.38,8.73,33.68,51.22,21.17,48,-1,-1,HV2Q,-1,-1,-1,-1,-1,-1,-1,-1,-0.07,-0.65,-0.71,-1.02,-1.72,24.12,29.52,0,0,52.38,0,0,23.81,-5.76,-6.92,-6.92,-6.92,-6.92,-5.76,-4.75,-3.24,-25.14,-44.94,-11.02,11.4,54.75,115.77,115.77,4.63,27.52,96.93,43.1,0.94,63.11,-2.8,4.96,28.93,37.26,12.26,1.130103,91,-3.11,26.39,83.42,2.53,,,-2.8,7.49,26.32,16.79,-55.73,1.036707,88
26-11-2025,NSE:PGIL,EQ,7664.59,1754.6,240798,4225.04171,5.84,5.77,14.34,,2.66,-0.7,3.48,25.85,23.11,22.93,22.85,25.56,18.18,34.83,65.39,EEP,EEP,HVQ,-1,-1,EEP,-1,-1,-1,-1,-1,4.12,5.87,10.61,11.17,24.51,4.13,29.88,100,33.33,11.11,60,23.81,7.94,-0.7,-0.7,-0.7,-0.7,-0.7,-0.7,-17.68,-17.41,-22.78,-15.12,0,45.74,45.74,90.94,227.02,35.24,12.06,47.3,51.41,167.55,113.1,22.63,19.08,20.81,4.22,25.92,1.128754,91,33.37,-11.51,-7.01,33.13,,,22.63,-3.64,2.49,-19.58,26.22,1.040186,89
26-11-2025,NSE:VIVIANA,SM,939.71,863.55,23676,204.4541,5.75,5.95,3.11,L,-3.18,-15.31,-6.28,-11.94,-22.28,-19.35,11.06,37.94,44.9,38.3,87.46,-1,-1,HVQ,HVQ,-1,-1,-1,-1,-1,-1,-1,-6.08,-3.17,-8.96,-4.24,-12.67,27.46,20.39,0,4.76,57.14,0,0,25.4,-17.49,-21.49,-21.49,-21.49,-21.49,-17.49,-4.01,-10.61,-25.8,-34.12,-22.29,16.81,66.64,119.51,712.75,1.52,49.32,95.23,36.23,347.82,401.47,-22.76,7.29,33.19,30.94,29.39,1.128681,91,-17.27,41.97,54.97,2.69,,,-22.76,23.95,29.2,1.56,-6.11,1.053434,93
26-11-2025,NSE:VINCOFE,EQ,2201.53,163.39,3057185,4995.13457,4.41,4.33,6.22,2M,2.26,-0.21,-2.91,0.23,9.5,7.71,7.71,31.15,43.07,30.78,NA,-1,HVQ,-1,HV2Y,HVQ,-1,-1,-1,-1,-1,-1,0.61,0.66,1.28,4.41,5.95,17.82,28.93,20,52.38,23.81,0,19.05,6.35,-5.12,-5.12,-5.12,-5.12,NA,-5.12,-5.77,-3.89,-19.79,-33.68,NA,18.74,43.75,110.53,NA,5.66,7.46,94.3,44.94,0,NA,9.02,3.94,26.4,29.11,21.87,1.127309,91,5.3,0.83,60.36,,,,9.02,-5.3,24.38,7.65,-15.72,1.034131,86
26-11-2025,NSE:CCL,EQ,14045.8,1022.75,534498,5466.5783,3.8,3.96,12.07,S,4.01,-0.97,-3.76,13.11,16.82,10.11,14.13,17.7,41.87,30.51,43.16,-1,EEP,-1,-1,EEP,-1,-1,-1,-1,-1,-1,1.64,2.52,4.26,7.09,12.22,13.11,29.15,100,52.38,28.57,0,14.29,12.7,-4.28,-4.28,-4.28,-4.28,-4.28,-4.28,-8.84,-5.33,0,-28.55,-14.57,23.33,30.08,85.68,85.68,20.23,2.59,59.44,52.82,7.34,28.33,16.34,10.36,12.95,27.91,21.6,1.125296,91,20.23,1.15,46.15,17.6,,,16.34,-6.54,3.13,19.71,-13.68,1.037879,88
26-11-2025,NSE:RICOAUTO,EQ,1504.5,105.8,2470219,2613.4917,5.76,5.76,3.19,,2.04,-9.77,12.04,21.88,18.53,4.08,11.22,33.6,37.57,20.56,-25.95,-1,-1,-1,HVQ,-1,HV2Q,-1,-1,-1,-1,-1,1.39,4.72,6.41,4.9,11.9,16.14,33.44,0,0,33.33,0,0,20.63,-8.9,-8.9,-8.9,-8.9,-30.67,-8.9,-19.7,-4.78,-43.91,-56.72,-44.92,31.66,56.86,84.77,84.77,31.66,27.78,64.04,22.69,0,0,18.05,7.45,28.85,23.61,11.65,1.125256,91,24.51,21.27,29.52,-42.71,,,18.05,-12.29,24.19,-3.68,-21.38,1.025868,83
26-11-2025,NSE:SIKKO,BE,241.33,111.43,334757,373.01973,5.21,5.12,7.32,,-1.36,2.64,2.87,3.86,3.01,37.72,36.83,31.28,26.55,13.44,35.05,-1,-1,HVQ,HVQ,-1,HV2Y,-1,-1,-1,7,-1,0.46,2.7,3.25,11.69,16.91,14.37,36.53,100,100,53.97,0,0,9.52,-2.31,-10.29,-10.29,-10.29,-10.29,-2.31,-12.99,-15.13,-36.68,-32.31,-20.24,65.33,65.33,65.33,66.72,11.34,60.36,0.6,9.15,24.58,46.81,2.53,33.06,26.53,12.59,4.53,1.124555,91,5.77,45.96,-13.28,-31.78,,,2.53,31.56,-9.8,-16.56,-11.97,1.035372,87
26-11-2025,NSE:KIRLOSENG,EQ,16105.97,1147.85,670121,7691.9839,3.67,4.03,5.09,,-0.83,-2.56,7.77,11.56,17.99,15.23,14.91,24.97,45.91,7.77,25.59,EEP,EEP,-1,-1,EEP,-1,-1,-1,-1,-1,-1,1.99,4.58,6.88,9.1,17.58,12.76,34.78,100,61.9,22.22,40,38.1,12.7,-2.84,-2.84,-2.84,-2.84,-19.11,-2.84,-3.62,0,-36.79,-56.24,-25.39,33.01,37.99,99.24,99.24,21.41,9.08,69.54,49.5,0,39.18,17.51,11.14,20.22,31.95,-1.14,1.123738,91,14.13,2.82,61.18,-35.12,,,17.51,-7.07,10.8,18.25,-64.64,1.02621,83
26-11-2025,NSE:EXCEL,BE,215.84,1.45,3799018,55.08576,5.39,5.28,3.53,S,0.69,-2.07,-8.28,0,-8.28,-6.21,7.59,50.34,45.52,-6.21,65.52,-1,-1,-1,HVQ,-1,-1,-1,-1,-1,-1,-1,-2.11,-1.61,-3.65,-3.59,-6.99,30.61,34.03,0,0,49.21,0,0,26.98,-10.49,-15.7,-15.7,-21.62,-21.62,-10.49,-8.72,0,-61.08,-57.3,0,6.62,107.14,119.7,222.22,2.84,45.37,103.03,9.09,75.56,242.22,-8.76,3.82,45.59,31.56,-15.12,1.122888,91,-7.64,40.18,63.41,-15.29,,,-8.76,11.34,45.25,-19.38,-89.07,1.031637,85
26-11-2025,NSE:GLOBAL,EQ,386.85,81.49,122497,99.82281,5.46,5.34,5.61,,2.17,6.72,9.69,12.87,21.81,17.68,20.37,26.49,35.6,12.93,-13.58,-1,-1,-1,-1,-1,-1,-1,4,-1,-1,-1,4.52,4.49,9.43,8.53,19.63,10.15,33.15,100,57.14,26.98,80,52.38,19.05,-0.24,-0.24,-0.24,-5.29,-22.41,-0.24,-8.45,-7.06,-30.38,-50.03,-32.44,44.92,44.92,95.14,95.14,23.92,13.32,55.39,43.44,1.39,6.47,21.33,16.6,21.74,21.64,4.02,1.122633,91,23.92,-4.15,20.97,-18.76,,,21.33,-5.15,6.67,2.73,-29.34,1.021517,81
26-11-2025,NSE:MANAKCOAT,EQ,1480.62,141.45,1509833,2135.65878,4.75,4.63,5.8,2L,5.57,2.23,-1.5,-10.85,-27.47,-0.66,-3.59,31.28,39.16,55.09,76.56,-1,-1,HV2Y,HV2Q,-1,HV2Y,-1,-1,-1,-1,-1,1.52,-2.85,-1.3,-2.28,-3.5,16.75,15.91,0,9.52,4.76,0,0,1.59,-16.69,-21.55,-21.55,-21.55,-21.55,-16.69,0,-12.19,-17.61,-27.05,-12.82,8.98,38.91,126.03,386.92,6.78,38.92,98.74,67.62,196.25,118.66,-27.95,-7.36,26.53,25.2,46.18,1.121677,91,-16.69,12.31,62.81,50.7,,,-27.95,15.42,32.65,1.8,32.06,1.072444,96
26-11-2025,NSE:JKTYRE,EQ,12646.02,456,1450606,6614.76336,3.33,3.31,5.93,S,3.24,2.06,-2.38,0.59,9.67,17.71,28.44,17.57,37.93,20.71,3.42,-1,-1,EEP,-1,HV2Y,HVQ,-1,-1,-1,7,-1,1.29,1.66,3,7.37,11.2,15.13,31.02,100,100,60.32,0,66.67,42.86,-2.32,-2.32,-2.32,-2.32,-5.35,-2.32,-2.21,-17.08,-15.25,-45.87,-30.86,42.19,46.18,79.95,79.95,7.51,32.04,28.77,48.34,0.12,0,9.19,24.67,12.82,23.97,11.8,1.119621,91,6.85,19.39,13.38,-9.53,,,9.19,17.47,-16.22,15.04,-21.86,1.035672,87
26-11-2025,NSE:DYNAMATECH,EQ,6509.26,9051,35838,3243.69738,4.59,4.55,10.41,S,0.45,-7.45,-0.75,6.42,13.9,23.36,28.65,22.49,30.81,21.04,25.24,-1,-1,HV2Y,-1,-1,-1,-1,-1,-1,2,-1,-1.31,3.09,1.84,10.25,13.47,12.15,29.16,100,90.48,44.44,20,57.14,30.16,-7.2,-7.2,-7.2,-7.2,-7.2,-7.2,-4.73,-11.53,-19.7,-29.93,-20.04,41.01,41.07,57.71,57.71,17.87,21.46,12.52,22.24,0,12.75,13.42,24.88,17.74,16.85,12.13,1.119568,91,16.16,11.19,1.57,-6.36,,,13.42,13.83,-9.66,1.08,-8.26,1.029009,84
26-11-2025,NSE:FEDFINA,EQ,5535.45,147,1338776,1968.00072,3.48,3.46,3.39,,1.41,4.22,7.62,2.66,1.55,-2.84,4.22,36.27,38.44,35.99,20.51,-1,-1,HV2Q,EEP,-1,HV2Y,-1,-1,-1,-1,-1,2.37,-0.05,2.32,-2.95,-0.61,20.8,25.49,0,0,55.56,0,0,30.16,-1.06,-9.57,-9.57,-9.57,-9.57,-1.06,-10.97,-0.87,-23.69,-30.89,-28.15,8.95,54.67,78.16,78.16,8.25,17.32,70.63,13.54,0.68,0,1.07,0.45,31.52,24.48,27.08,1.118958,91,2.84,14.69,54.32,-22.61,,,1.07,-0.59,32.44,-6.27,1.9,1.038269,88
26-11-2025,NSE:ASAHIINDIA,EQ,25492.72,1028.3,329209,3385.25615,3.21,3.35,15.07,,-0.09,3.98,5.71,6.96,7.28,11.16,13.99,27.76,35.1,36.28,50.45,HVQ,HVQ,-1,HV2Y,EEP,-1,-1,-1,-1,-1,7,2.42,2.52,5.07,4.92,10.5,15.42,30.65,100,95.24,63.49,60,66.67,47.62,-2.31,-2.31,-2.31,-2.31,-2.31,-2.31,0,0,-9.49,-18.67,-20.15,26.91,48.68,77.49,103.02,11.65,17.67,52.66,28.21,31.77,29.37,6.8,10.22,23.01,21.14,27.37,1.11867,91,10.2,14.01,29.37,13.15,,,6.8,3.93,15,0.49,7.69,1.036146,87
26-11-2025,NSE:BANKINDIA,EQ,67242.9,148.85,10720345,15957.23353,2.23,2.24,4.89,,1.11,0.17,1.47,4.49,6.14,18.72,22.76,21.59,35.51,31.8,9.77,-1,-1,-1,-1,-1,HV2Y,-1,-1,6,-1,-1,1.58,2.14,3.81,7.29,11.96,11.88,27.05,100,100,58.73,80,95.24,55.56,0,0,0,0,-4.37,0,0,-11.09,-3.52,-38.32,-34.78,34.99,36.2,64.75,64.75,7.21,27.83,22.36,29.19,6.25,5.14,5.66,18.99,16.84,21.55,22.89,1.117163,91,5.5,23.48,15.7,-3.52,,,5.66,14.4,-2.54,8.09,0.12,1.037179,88
26-11-2025,NSE:BSLGOLDETF,EQ,1836.21,110.96,884455,981.39127,1.77,2.1,12.06,,0.82,2.11,1.57,4.44,4.33,9.52,20.1,24.02,31.43,38.66,47.11,-1,-1,-1,-1,-1,-1,-1,-1,-1,-1,11,1.74,0.68,2.44,2.09,4.63,15.51,23.84,0,0,60.32,0,0,57.14,-1.09,-3.71,-3.71,-3.71,-3.71,-1.09,-7.87,-0.98,-4.02,-1.01,-4.13,24.62,32.32,65.54,89.03,9.03,22.25,17.49,33.3,35.01,20.76,3.85,16.33,19.27,17.47,29.75,1.117054,90,9.03,22.01,15.41,31.88,,,3.85,13.17,3.89,0.09,16.42,1.041698,90
26-11-2025,NSE:RATEGAIN,EQ,8442.7,722.35,612448,4424.01813,3.61,3.57,5.02,,4.99,1.41,5.55,5.06,10.15,8.77,27.01,34.65,31.91,5.29,-2.95,-1,-1,EEP,EEP,-1,-1,-1,-1,-1,-1,-1,3.45,1.58,5.11,2.53,7.84,20.67,35.93,80,28.57,58.73,40,19.05,42.86,0,0,0,-2.7,-13.46,0,-9.59,-1.71,-43.45,-41.07,-18.04,41.29,69.07,70.67,70.67,13.66,51.9,24.57,11.53,0,4.49,9.67,23.24,29.9,17.95,-3.62,1.116906,90,12.18,45.74,6.32,-35.25,,,9.67,15.45,9.45,-13.85,-33.23,1.017445,79
26-11-2025,NSE:PTCIL,EQ,25989.97,18135,20726,3758.6601,2.62,2.6,7.56,,1.45,4.98,3.36,5.15,3.72,16.17,21.52,13.3,40.81,34.15,56.75,-1,-1,-1,-1,EEP,HVQ,-1,-1,-1,7,-1,3.29,1.42,4.78,4.22,9.4,12.25,24.67,60,71.43,50.79,60,61.9,42.86,0,0,0,0,0,0,0,-9.48,-9.6,-38.28,-20.37,34.11,35.67,78.8,149.89,7.03,30.63,40.32,55.02,49.88,66.74,3.24,17.75,8.55,26.85,25.24,1.116685,90,5.8,19.36,39.56,20.1,,,3.24,15.18,-11.5,22.07,-5.38,1.046471,91
26-11-2025,NSE:GOLDSHARE,EQ,2930.73,105.75,1088997,1151.61433,1.76,2.04,3.91,S,0.81,1.99,1.32,4.3,3.88,9.08,20.05,23.78,31.16,38.49,47.23,-1,-1,-1,-1,-1,-1,-1,-1,-1,-1,16,1.56,0.64,2.22,2.09,4.39,15.57,23.64,0,0,60.32,0,0,57.14,-0.98,-3.56,-3.56,-3.56,-3.56,-0.98,-7.3,-0.88,-3.24,-0.48,-3.49,24.56,31.94,65.23,89.52,7.58,22.84,17.43,33.33,35.32,20.91,3.4,16.28,19.03,17.2,29.58,1.115204,90,7.58,22.18,14.8,32.35,,,3.4,13.51,3.65,0.02,16.52,1.041481,90
26-11-2025,NSE:GOLD1,EQ,9425.5,105.17,2765110,2908.06619,1.73,2.05,7.09,,0.93,2.1,1.46,4.4,4.14,9.31,20.04,23.82,31.07,38.26,NA,-1,-1,-1,-1,-1,-1,-1,-1,-1,-1,9,1.67,0.68,2.37,2.21,4.68,15.4,23.73,0,0,60.32,0,0,58.73,-1.01,-3.35,-3.35,-3.35,NA,-1.01,-7.34,-1.08,-3.89,-0.59,NA,24.54,32.01,65,NA,8.61,22.38,17.67,32.74,23.96,NA,3.66,16.27,19.07,17.11,29.35,1.115008,90,8.61,21.95,14.66,31.78,,,3.66,13.28,3.7,-0.14,16.3,1.041105,90
26-11-2025,NSE:BHEL,EQ,99412.91,289.7,10071868,29178.2016,3.09,3.07,9.08,S,2.40,0.17,0.91,7.75,18.88,18.53,25.26,10.19,35.6,21.32,25.18,-1,EEP,-1,-1,-1,EEP,-1,-1,-1,-1,-1,2.56,3.06,5.8,7.89,14.86,7.01,23.52,100,57.14,19.05,40,42.86,14.29,0,0,0,0,-12.92,0,-5.34,-18.79,-13.18,-43.92,-31.49,39.27,39.27,61.69,61.69,22.06,12.98,20.84,45.21,0,5.16,18.4,21.49,5.44,21.64,12.41,1.114967,90,22.06,-2.14,10.98,-13.18,,,18.4,4.56,-21.19,18.63,-16.3,1.034628,87
26-11-2025,NSE:PAYTM,EQ,85007.72,1286.5,4432257,57020.98631,2.55,2.64,4.15,M,3.63,0.3,-1.53,1.44,-1.53,9.66,0.81,32.64,44.19,34.29,71.19,-1,-1,-1,-1,EEP,-1,-1,-1,-1,-1,11,0.42,-0.3,0.12,2.39,2.57,19.93,28.1,0,52.38,44.44,0,42.86,26.98,-4.46,-4.46,-4.46,-4.46,-4.46,-4.46,-0.15,0,-15.12,-29.67,-0.37,14.97,50.89,93.39,305.64,3.63,24.05,91.82,63.38,126.41,166.56,-2.01,-2.96,27.89,30.23,25.38,1.114937,90,-1.77,22.33,71.36,56.5,,,-2.01,-1.01,31.07,7.48,-11.87,1.037816,88
26-11-2025,NSE:M&MFIN,EQ,43575.6,349.85,3085552,10794.80367,3.51,3.62,4.78,,-2.91,5.72,11.58,8.93,14.51,19.35,23.95,26.2,24.13,28.74,27.23,-1,-1,-1,-1,-1,-1,-1,-1,-1,2,-1,3.16,3.9,7.34,7.52,16.07,9.15,27.75,100,100,71.43,80,76.19,42.86,-2.91,-2.91,-2.91,-2.91,-2.91,-2.91,-0.38,-6.71,-22.06,-19.88,-24.74,37.76,40.47,47.22,47.22,16.66,20.1,11.95,8.65,8.88,2.27,14.03,20.18,21.45,10.17,19.83,1.114718,90,16.66,18.03,-1.78,-15.4,,,14.03,7.74,1.93,-12.46,11.94,1.030541,85
26-11-2025,NSE:HDFCGOLD,EQ,15085.34,107.65,7421131,7988.84752,1.3,1.71,9,,0.80,2.16,1.5,4.36,4.12,9.25,19.95,23.83,30.99,38.22,46.69,-1,-1,-1,-1,-1,-1,-1,-1,-1,-1,14,1.6,0.67,2.28,2.13,4.51,15.44,23.58,0,0,60.32,0,0,57.14,-0.93,-3.5,-3.5,-3.5,-3.5,-0.93,-7.48,-0.97,-3.64,-0.35,-3.57,24.48,31.92,64.68,88.73,7.96,22.16,17.78,33.03,35.02,20.88,3.64,16.18,19.08,17.03,29.31,1.114598,90,7.96,21.85,14.86,31.58,,,3.64,13.2,3.82,-0.26,16.34,1.040965,90
26-11-2025,NSE:GOLDIETF,EQ,12442.99,107.68,8294852,8931.89663,1.35,1.76,4.61,,0.68,1.91,1.37,4.45,4.03,9.17,19.88,23.8,31.13,38.23,46.81,-1,-1,-1,-1,-1,-1,-1,-1,-1,-1,15,1.48,0.68,2.17,2.14,4.41,15.45,23.5,0,0,60.32,0,0,57.14,-1.21,-3.71,-3.71,-3.71,-3.71,-1.21,-7.59,-1.06,-3.87,-0.8,-3.68,24.36,31.85,65.03,88.61,7.53,22.21,17.29,32.49,34.23,20.38,3.55,16.11,19.05,17.17,29.32,1.114587,90,7.53,21.91,15.18,31.7,,,3.55,13.21,3.87,-0.04,16.19,1.040985,90
26-11-2025,NSE:IVZINGOLD,EQ,445.09,10954.2,2121,232.33858,1.64,1.95,38.87,,1.16,1.46,1.68,4.24,3.88,9.35,20,23.74,31.03,38.33,46.76,-1,-1,-1,-1,-1,-1,-1,-1,-1,-1,5,1.81,0.59,2.41,1.75,4.23,15.62,23.53,0,0,60.32,0,0,41.27,-0.78,-7.59,-7.59,-7.59,-7.59,-0.78,-11.17,-0.97,-3.78,-0.33,-4.03,24.21,32.03,65.15,89.63,9.01,22.9,17.58,33.73,37.17,22.66,3.4,16.23,18.99,17.07,29.42,1.114513,90,9.01,22.13,15.62,32.07,,,3.4,13.46,3.66,-0.1,16.45,1.041209,90
26-11-2025,NSE:GOLDETFADD,EQ,1256.18,122.41,574586,703.35072,1.54,1.8,2.89,,1.06,1.33,1.44,4.49,3.95,9.25,19.93,23.85,31.02,38.21,46.66,-1,-1,-1,-1,-1,-1,-1,-1,-1,-1,7,1.61,0.67,2.3,2.17,4.57,15.43,23.65,0,0,60.32,0,0,57.14,-0.95,-3.53,-3.53,-3.53,-3.53,-0.95,-7.34,-1.03,-3.54,-0.41,-3.56,24.74,32.05,64.71,88.21,7.8,22.71,17.66,33.15,34.5,20.48,3.47,16.16,19.1,17.06,29.3,1.114398,90,7.8,22.26,15.37,31.65,,,3.47,13.33,3.87,-0.24,16.29,1.040978,90
26-11-2025,NSE:MANAPPURAM,EQ,23954.1,287.8,3525634,10146.77465,2.63,2.7,4.79,,3.14,2.59,4.78,7.42,3.96,0.3,6.57,19.45,34.21,47.78,42.41,-1,-1,-1,-1,HV2Y,EEP,-1,-1,-1,-1,-1,2.85,0.27,3.13,-1.24,1.87,10.53,13.87,0,0,39.68,0,0,31.75,0,-2.8,-2.8,-2.8,-2.8,0,-6.65,-3.81,-3.57,-17.08,-34.18,10.08,24.15,91.66,106.31,8.01,11.5,36.1,66.17,35.72,7.73,3.48,2.8,14.7,20.25,38.87,1.114225,90,4.14,4.05,32.62,6.92,,,3.48,-0.6,12.77,8.67,26.49,1.050221,92
26-11-2025,NSE:SETFGOLD,EQ,14801.89,107.48,9771002,10501.87295,1.75,2.11,8.61,,0.78,1.94,1.45,4.33,4.1,9.16,19.92,23.76,30.94,38.11,46.67,-1,-1,-1,-1,-1,-1,-1,-1,-1,-1,15,1.55,0.67,2.23,2.14,4.46,15.42,23.51,0,0,60.32,0,0,57.14,-1.03,-3.61,-3.61,-3.61,-3.61,-1.03,-7.57,-1.03,-3.85,-0.5,-3.55,24.46,31.75,64.52,88.13,7.96,22.15,17.15,32.87,34.82,20.81,3.62,16.15,19.01,16.98,29.2,1.114113,90,7.96,21.82,14.67,31.69,,,3.62,13.18,3.78,-0.25,16.26,1.040796,89
26-11-2025,NSE:QGOLDHALF,EQ,507.27,104.06,269752,280.70393,1.93,2.18,3.8,,0.76,1.92,1.35,4.08,3.67,9.04,19.9,23.81,31.06,38.26,46.69,-1,-1,-1,-1,-1,-1,-1,-1,-1,-1,8,1.5,0.63,2.14,2.06,4.3,15.53,23.47,0,0,60.32,0,0,58.73,-1.28,-3.85,-3.85,-3.85,-3.85,-1.28,-7.38,-0.87,-3.91,-0.66,-3.76,24.47,31.92,64.97,88.69,7.77,22.72,17.73,33.09,34.32,20.3,3.19,16.13,19.06,17.1,29.35,1.114086,90,7.77,22.32,15.03,31.85,,,3.19,13.54,3.86,-0.15,16.31,1.041089,90
26-11-2025,NSE:PSPPROJECT,EQ,3980.04,906.45,447948,4060.42465,4.4,4.31,5.69,,-0.33,-6.94,-8.56,-5.76,-3.02,14.03,23.76,29.68,31.47,32.75,32.5,-1,HV2Y,HV2Y,-1,-1,-1,-1,-1,-1,-1,-1,-2.17,0.83,-1.35,7.45,6.59,14.96,25.34,0,71.43,23.81,0,52.38,17.46,-9.59,-9.59,-9.59,-9.59,-9.59,-9.59,0,-17.17,-9.65,-15.74,-17.31,32.35,42.24,47.67,53.49,3.88,44.06,12.13,7.94,5.18,3.22,-3.5,19.99,24.93,17.51,23.84,1.113973,90,3.88,15.3,11.12,-7.02,,,-3.5,22.69,6.74,-7.1,7.74,1.039907,89
26-11-2025,NSE:AXISGOLD,EQ,3007.86,104.98,2059720,2162.29406,1.69,2.04,7.34,S,0.95,1.73,1.35,4.31,4.18,9.18,19.87,23.76,30.78,38.15,46.8,-1,-1,-1,-1,-1,-1,-1,-1,-1,-1,12,1.61,0.63,2.25,2.06,4.4,15.43,23.45,0,0,60.32,0,0,57.14,-1.52,-4.16,-4.16,-4.16,-4.16,-1.52,-8.17,-1.14,-4.1,-0.64,-3.64,24.46,31.87,64.99,88.61,8.41,21.99,17.65,33,34.92,20.55,3.7,16.1,19.01,16.82,29.24,1.113911,90,8.41,21.76,14.76,31.71,,,3.7,13.06,3.83,-0.45,16.52,1.040772,89
26-11-2025,NSE:GOLDETF,EQ,1695.65,122.35,1755415,2147.75025,1.5,1.82,8.06,,0.86,1.88,1.41,4.48,3.69,9.11,19.9,23.64,30.99,38.21,46.68,-1,-1,-1,-1,-1,-1,-1,-1,-1,-1,5,1.55,0.66,2.22,2.15,4.47,15.4,23.48,0,0,60.32,0,0,58.73,-0.79,-3.28,-3.28,-3.28,-3.28,-0.79,-6.85,-0.98,-3.36,-0.49,-3.57,24.39,31.56,64.27,88.67,7.83,22.65,17.21,32.94,34.61,20.54,3.21,16.13,18.89,17.03,29.3,1.113642,90,7.83,22.22,15.25,31.93,,,3.21,13.53,3.64,-0.03,16.33,1.041022,90
26-11-2025,NSE:GOLDCASE,EQ,878.64,19.79,8013333,1585.8386,3.68,3.79,4.82,S,0.92,1.97,1.36,4.24,3.79,9.2,19.86,23.7,30.92,38.15,46.59,-1,-1,-1,-1,-1,-1,-1,-1,-1,-1,-1,1.6,0.63,2.25,2.12,4.47,15.38,23.45,0,0,60.32,0,0,58.73,-0.9,-3.37,-3.37,-3.37,-3.37,-0.9,-7.03,-1.06,-3.58,-0.44,-4.3,24.23,31.85,64.23,88.12,7.38,22.6,17.22,32.69,33.37,19.41,3.31,16.09,18.95,16.96,29.24,1.113551,90,7.38,21.82,14.93,31.76,,,3.31,13.39,3.77,-0.19,16.33,1.040873,89
26-11-2025,NSE:BBNPPGOLD,EQ,247.27,122.2,109021,133.22366,1.98,2.09,5.32,,1.08,2.05,1.51,4.46,3.72,9.21,19.84,23.53,31.26,38.01,46.64,-1,-1,-1,-1,-1,-1,-1,-1,-1,-1,8,1.79,0.63,2.44,2.08,4.61,15.28,23.47,0,0,60.32,0,0,39.68,-0.93,-3.36,-3.36,-3.36,-3.36,-0.93,-6.96,-0.81,-3.46,-1.81,-3.5,24.25,32.11,64.58,88.43,9.84,23.52,17.1,33.4,35.7,22.37,3.24,16.07,18.78,17.3,29.1,1.113523,90,9.84,22.23,15.3,32.27,,,3.24,13.43,3.57,0.45,15.69,1.040768,89
26-11-2025,NSE:GOLDBEES,EQ,33593.83,104.18,40231274,41912.94125,1.27,1.65,8.09,,0.70,1.87,1.43,4.2,3.88,9.16,19.85,23.63,30.91,38.02,46.51,-1,-1,-1,-1,-1,-1,-1,-1,-1,-1,14,1.5,0.65,2.17,2.14,4.4,15.4,23.41,0,0,60.32,0,0,57.14,-1.13,-3.64,-3.64,-3.64,-3.64,-1.13,-7.37,-1.02,-4.03,-0.74,-3.66,24.28,31.71,64.53,87.71,7.58,22.26,17.44,32.98,34.39,20.56,3.4,16.08,18.88,16.95,29.11,1.113278,89,7.58,21.97,14.81,31.61,,,3.4,13.31,3.7,-0.13,16.16,1.040676,89
26-11-2025,NSE:TATAGOLD,EQ,2139.97,12.22,53707575,6563.06567,3.05,3.06,6.02,,0.83,1.96,1.39,4.34,3.68,9.08,19.89,23.57,30.93,38.05,46.56,-1,-1,-1,-1,-1,-1,-1,-1,-1,-1,-1,1.59,0.63,2.23,2.07,4.39,15.37,23.36,0,0,60.32,0,0,58.73,-0.89,-3.55,-3.55,-3.55,-3.55,-0.89,-7.1,-1.11,-3.61,-0.59,-7.57,24.19,31.54,64.03,87.71,7.48,22.6,17.25,32.86,34.18,20.35,3.2,16.12,18.82,16.97,29.14,1.113099,89,7.48,22.22,14.91,31.73,,,3.2,13.51,3.58,-0.02,16.18,1.040793,89
26-11-2025,NSE:SUPREMEPWR,SM,513.69,221.15,88440,195.58506,8.06,7.74,4.17,,-1.67,-0.09,11.71,8.27,3.78,-2.1,8.95,34.57,47.55,6.01,47.84,HVY,HVY,-1,-1,HVQ,-1,-1,-1,-1,-1,-1,1.83,1.99,3.9,0.77,4.71,17.74,27.29,0,0,0,0,0,0,-4.18,-4.18,-4.7,-11.58,-43.79,-4.18,-6.97,-13.23,-48.34,-70.52,-47.17,15.45,49.88,117.56,117.56,15.45,13.22,98.08,42.35,8.97,95.26,3.3,5.18,29.82,33.59,-2.9,1.112611,89,4.61,3.25,68.21,-46.72,,,3.3,2.07,27.12,10.17,-73.31,1.023532,82
26-11-2025,NSE:HEROMOTOCO,EQ,115889.31,6136.5,846666,51955.65909,2.11,2.26,4.21,,0.90,4.24,9.82,13.48,7.99,14.01,17.48,29.3,37.42,22.3,25.28,-1,-1,-1,-1,EEP,-1,-1,-1,-1,-1,-1,3.99,2.59,6.76,3.41,10.53,17.93,34.68,100,23.81,69.84,100,23.81,57.14,0,0,0,0,-0.87,0,0,-1.41,-29.92,-37.96,-22.98,20.95,46.84,75.67,75.67,15.87,33.46,44.97,24.19,0,13.15,7.51,13.71,24.55,23.46,13.39,1.112511,89,9.39,33.46,30.54,-18.61,,,7.51,7.01,13.31,1.81,-18.28,1.025355,83
26-11-2025,NSE:GROWWGOLD,EQ,250.73,123.24,672226,828.45132,1.42,1.73,6.37,,0.78,2.11,1.43,4.5,3.8,9.21,19.79,23.63,30.66,37.83,NA,-1,-1,-1,-1,-1,-1,-1,-1,-1,-1,12,1.6,0.65,2.27,2.1,4.46,15.32,23.35,0,0,60.32,0,0,58.73,-1.17,-3.2,-3.2,-3.2,NA,-1.17,-6.87,-0.89,-3.77,-0.23,NA,24.35,31.48,64.23,NA,8.11,22.4,17.2,27.53,15.8,NA,3.32,16.02,18.88,16.7,28.92,1.112246,89,8.11,22,14.89,,,,3.32,13.31,3.77,-0.46,16.21,1.040348,89
26-11-2025,NSE:LICMFGOLD,EQ,887.33,11300.6,6421,725.61153,1.49,1.82,6.52,,0.96,1.9,0.9,3.76,4.22,8.57,19.44,23.38,30.59,38.01,46.89,-1,-1,HVQ,-1,-1,-1,-1,-1,-1,-1,7,1.55,0.52,2.08,1.89,4.04,15.29,22.82,0,0,60.32,0,0,33.33,-1.4,-5.28,-5.28,-5.28,-5.28,-1.4,-9.28,-0.42,-4.98,-0.77,-4.34,23.51,31.2,65.25,89.19,8.97,21.53,17.76,33.77,35.68,21.17,3.74,15.67,18.63,16.63,29.1,1.112001,89,8.97,21.02,14.87,32.44,,,3.74,12.58,3.87,-0.25,16.56,1.040257,89
26-11-2025,NSE:RADICO,EQ,43985.47,3294,428843,14126.08842,2.92,2.99,3.94,,0.29,1.96,-0.26,2.87,2.43,9.86,11.58,25.7,42.6,29.83,51.72,-1,-1,-1,-1,-1,-1,-1,-1,-1,13,-1,0.59,1.13,1.74,3.81,5.76,14.15,23.19,100,90.48,77.78,20,38.1,34.92,-2.2,-2.2,-2.2,-2.2,-2.2,-2.2,-2.67,0,-6.08,-27.44,-4.26,19.45,34.14,74.22,109.53,5.19,19.95,44.43,38.65,25.14,52.99,1.95,7.81,20.95,28.64,20.92,1.111656,89,3.32,18.94,44.43,38.65,,,1.95,6.06,14.95,13.09,-16.38,1.033435,86
26-11-2025,NSE:EGOLD,EQ,619.71,125.65,486501,611.28851,2.01,2.21,4.34,,0.92,1.83,1.19,4.3,3.54,8.91,19.78,23.4,30.72,37.76,46.36,-1,-1,-1,-1,-1,-1,-1,-1,-1,-1,8,1.53,0.65,2.2,2.06,4.34,15.24,23.1,0,0,60.32,0,0,57.14,-0.99,-3.64,-3.64,-3.64,-3.64,-0.99,-7.06,-1.13,-3.22,-0.51,-4.11,23.85,31.09,63.39,87.4,9.64,22.73,16.73,33.03,34.54,20.87,3.06,16.01,18.65,16.76,28.85,1.111544,89,9.64,22.05,14.68,31.4,,,3.06,13.52,3.49,-0.1,16.04,1.040331,89
26-11-2025,NSE:RISHABH,BE,1602.44,423.4,38229,161.86159,4.55,4.85,15.28,,-1.02,-6.27,11.27,7.66,7.56,2.81,0.5,27.89,47.39,23.39,-6.27,-1,-1,-1,HV2Y,HV2Y,-1,-1,-1,-1,-1,-1,1.61,2.08,3.77,1.62,5.48,21.26,33.97,0,0,23.81,0,0,7.94,-5.9,-11.08,-11.08,-11.08,-13.87,-5.9,-17.8,-2.18,-23.2,-56.46,-36.6,16.05,52.49,108.37,108.37,16.05,40.97,107.33,50.25,0,0.75,7.08,-3.27,23.14,33.43,14.48,1.111517,89,3.03,37.36,87.95,-17.54,,,7.08,-10.95,26.51,17.38,-39.74,1.03219,86
26-11-2025,NSE:SANSERA,EQ,9520.52,1711.4,126276,2161.08746,3.14,3.12,8.88,,3.06,7.7,9.2,10.68,13.64,12.36,24.83,25.67,33.14,13.35,43.07,-1,-1,-1,-1,-1,-1,-1,-1,6,-1,-1,6.12,2.78,9.16,4.69,14.53,12.01,30.17,100,95.24,49.21,100,90.48,44.44,0,0,0,0,-0.77,0,-1.92,-8.79,-26.25,-33.66,-14.03,36.63,38.35,66.07,78.96,16.25,19.48,24.83,23.43,23.08,59.5,13.16,21.06,20.92,19.18,4.44,1.111303,89,16.25,8.99,9.09,-16.43,,,13.16,9.65,0.1,0.38,-23.72,1.020778,81
26-11-2025,NSE:PFOCUS,EQ,5505.83,171.22,2887290,4943.61794,5.12,5.02,8.64,S,0.65,0.62,-3.43,-5.06,-5.19,-11.75,11.38,35.94,38.97,29.28,43.79,-1,-1,-1,HV2Y,HVQ,-1,-1,-1,-1,-1,-1,0.57,-0.87,-0.3,-2.81,-3.03,22.65,25.37,0,0,23.81,0,0,14.29,-8.02,-12.46,-12.46,-12.46,-12.46,-8.02,-7.92,-13.08,-32.02,-35.24,-24.96,20.89,61.82,90.65,90.65,5.23,29.1,68.96,22.14,14.26,32.4,-5.67,7.61,31.19,25.01,20.37,1.111024,89,-4.15,21.95,46.84,-23.43,,,-5.67,12.44,26.69,-4.92,-10.01,1.033469,86
26-11-2025,NSE:DATAPATTNS,EQ,17253.7,2941.8,571645,16816.65261,3.62,3.78,4.14,,-0.16,-3.85,5.09,8.2,5.13,6.93,13.07,4.35,51.6,21.85,19.65,EEP,EEP,HVQ,-1,EEP,-1,5.29,-1,-1,-1,-1,-0.81,1.97,1.19,3.47,4.82,12.03,19.15,100,38.1,12.7,20,19.05,6.35,-5.54,-5.54,-7.24,-7.24,-13.35,-5.54,-2.77,-19.36,-2.34,-58.07,-32.29,22.43,22.43,108.4,108.4,12.55,16.15,81.17,99.33,0,6.54,4.65,9.3,-0.4,37.64,12.94,1.108979,89,5.54,4.24,65.54,-1.97,,,4.65,5.05,-11.05,39.74,-55.61,1.055479,94
26-11-2025,NSE:CUMMINSIND,EQ,121385.88,4408.2,460448,20297.46874,2.37,2.39,6.15,M,2.25,3.33,0.29,2.07,2.19,9.51,11.97,32.54,38.36,25.54,38.58,-1,-1,-1,HV2Q,-1,-1,-1,-1,-1,-1,1,1.7,0.92,2.65,3.46,6.33,16.53,27.4,80,80.95,61.9,40,66.67,44.44,-0.14,-0.14,-0.14,-0.14,-0.14,-0.14,0,-0.91,-23.27,-34.28,-20.6,15.21,48.12,63.86,63.86,3.66,22.16,44.24,10.54,1.53,22.66,1.71,8.2,27.79,24.4,16.63,1.107428,89,2.86,21.96,44.24,-22.06,,,1.71,6.69,22.34,-1.02,-14.93,1.027433,84
26-11-2025,NSE:MACOBSTECH,SM,208.64,219.4,23760,52.12944,3.99,4.28,3.45,,-0.50,-0.73,-4.92,7.52,6.27,7.82,24.27,24.57,27.07,30.4,NA,-1,-1,HV2Q,-1,-1,HVQ,-1,-1,-1,-1,-1,1.54,1.38,2.96,2.53,5.63,13.65,22.34,60,42.86,65.08,0,4.76,38.1,-4.69,-4.69,-4.69,-4.69,NA,-4.69,-3.18,-7.69,-7.28,-10.36,NA,29.1,35.43,73.03,NA,9.51,25.9,8.95,69.14,63.52,NA,5.79,20.5,19.82,13.11,21.49,1.107395,89,5.99,22.78,5.63,,,,5.79,15.9,-0.63,-6.34,10.43,1.033658,86
26-11-2025,NSE:NYKAA,EQ,77234.59,264.45,6582540,17407.52703,2.85,2.89,14.18,,-2.22,-1.78,2.89,5.15,3.52,10.36,13.2,23.94,35.38,36.5,43.3,-1,-1,-1,-1,-1,-1,-1,-1,-1,-1,8,-0.58,1.48,0.91,3.17,4.22,16.86,25.36,100,33.33,61.9,80,28.57,46.03,-2.47,-2.47,-2.47,-2.47,-2.47,-2.47,-3.79,0,-11.31,-24.64,-25.95,14.9,36.32,66.53,73.58,7.56,26.23,44.55,26.66,14.39,12.4,3.04,9.43,19.19,21.42,27.59,1.107358,89,2.95,20.22,34.41,-4.41,,,3.04,6.72,11.36,5.37,7.61,1.036283,88
26-11-2025,NSE:IDEA,EQ,118418.94,10.08,1044584434,105294.11095,4.92,4.93,2.57,S,0.30,-6.05,-2.88,6.65,1.09,14.78,26.59,30.95,19.94,31.45,-30.46,-1,-1,HVQ,EEP,HV2Q,-1,-1,-1,-1,-1,-1,-0.79,2.19,1.43,7.5,9.66,15.58,29.89,100,85.71,66.67,0,28.57,31.75,-7.86,-7.86,-7.86,-7.86,-45.57,-7.86,0,-10.84,-57.3,-56.43,-62.69,55.32,63.9,63.9,63.9,15.46,62.11,20.33,6.26,20.99,0,0.61,22.82,26.2,5.98,22.54,1.10731,89,6.78,38.47,-10.84,-57.04,,,0.61,22.47,4.93,-25.61,20.24,1.03946,89
26-11-2025,NSE:VINYAS,SM,1610.84,1201,8376,100.59576,3.61,3.71,5.35,S,-0.34,-1.08,-5.1,4.15,0,-5.5,-3.02,28.81,44.36,35.05,44.63,-1,-1,-1,-1,-1,-1,-1,-1,-1,-1,-1,-1.27,0.13,-1.14,0.15,-0.99,14.09,15.25,0,0,0,0,0,0,-6.12,-7.46,-14.39,-14.39,-14.39,-6.12,-12.38,-11.8,-17.51,-51.48,-43.37,9.25,50.07,98.15,121.69,4.33,9.25,104.14,41.07,23.35,43.98,-0.48,-6.79,24.06,30.4,26.14,1.10722,89,1.63,-10.75,77.53,-13.94,,,-0.48,-6.33,29.88,12.18,-10.85,1.037765,88
26-11-2025,NSE:AMCL,ST,390.07,343.4,31632,108.62429,2.85,4.56,11.35,,4.98,13.37,-2.42,15.4,12.93,41.74,49.61,NA,NA,NA,NA,-1,-1,-1,-1,-1,-1,-1,-1,-1,15,-1,7.6,2.28,10.11,10.42,22.91,,,20,76.19,73.02,0,23.81,25.4,-5.58,-5.58,NA,NA,NA,-5.58,-3.28,NA,NA,NA,NA,106.25,NA,NA,NA,21.49,79.58,NA,NA,NA,NA,12.45,45.84,0,0,0,1.106862,89,14.3,,,,,,12.45,38.81,98.98,-9.66,5.87,1.097485,98
26-11-2025,NSE:EICHERMOT,EQ,186755.88,7198.5,453110,32617.12335,2.05,2.05,6.2,,-0.28,4.2,4.44,3.73,4.06,2.6,16.78,25.13,34.44,32.18,47.97,-1,-1,-1,-1,-1,-1,-1,-1,-1,-1,-1,1.84,1.07,2.94,0.6,3.56,15.62,22.73,0,0,55.56,0,0,49.21,-0.83,-0.83,-0.83,-0.83,-0.83,-0.83,-1.99,0,-7.25,-13.96,-3.57,17.95,35.6,53.05,94.57,7.52,28.23,25.49,17.45,27.56,31.96,3.58,13.01,20.38,20.48,23.27,1.106666,89,2.8,27.12,24.53,9.24,,,3.58,9.95,9.01,2.77,2.42,1.032736,86
26-11-2025,NSE:INTENTECH,BE,316.4,129.66,314889,408.28508,5.75,5.76,9.98,S,0.02,5.9,3.5,8.91,0.01,1.51,34.71,26.45,31.3,4.29,15.36,-1,-1,HV2Y,-1,HV2Y,-1,-1,-1,-1,-1,-1,1.3,0.95,2.28,1.03,3.35,19.24,27.96,0,4.76,38.1,0,0,6.35,-5.15,-8.09,-8.09,-11.26,-26.07,-5.15,-8.1,-25.15,-40.22,-49.21,-29.24,56.58,62.22,62.22,62.22,11.71,62.2,5.91,12.63,0,28.73,-0.47,30.94,21.7,17.34,-4.62,1.106445,89,-0.05,50.76,-10.62,-33.25,,,-0.47,31.4,-13.67,-3.06,-33.46,1.030324,85
26-11-2025,NSE:BAJAJCON,EQ,3672.33,266.8,1143000,3049.524,3.92,3.84,4.51,M,1.75,-3.49,-4.1,-9.3,-0.46,7.63,14.33,32.17,39.6,22.63,20,-1,-1,-1,HV2Y,-1,EEP,-1,-1,-1,-1,17,-1.6,-0.48,-2.07,3.52,1.5,20.26,27.3,0,47.62,60.32,0,42.86,36.51,-11.51,-11.51,-11.51,-11.51,-11.51,-11.51,-1.88,-6.82,-35.63,-42.68,-26.58,20.17,57.79,71.53,71.53,1.75,20.76,46.96,16.35,0,1.18,-0.94,10.56,27.42,25.64,13.72,1.106395,88,-0.63,14.37,40.71,-34,,,-0.94,11.41,19.81,1.29,-22.22,1.027051,84
26-11-2025,NSE:MIRCELECTR,BE,740.37,24.76,418469,103.61292,2.3,2.93,5.45,2L,4.96,-3.47,-6.91,-8.44,-19.39,-8.72,-7.63,45.66,43.26,28.23,27.86,-1,-1,-1,HV2Q,-1,HVQ,-1,-1,-1,-1,-1,-1.34,-2.82,-4.04,-3.4,-7.2,29.31,31.28,0,0,31.75,0,0,19.05,-14.5,-16.49,-16.49,-16.49,-16.69,-14.5,-0.3,-4.14,-54.73,-52.73,-40.21,4.96,99.43,139.11,139.11,4.96,94.22,157.36,29.93,0,2.96,-19.87,-11.4,40.91,29.3,19.32,1.105871,88,-14.5,77.64,84.94,-52.47,,,-19.87,6.53,48.49,-14.07,-20.62,1.04825,92
26-11-2025,NSE:ORIANA,SM,5683.27,2577.15,61916,1595.66819,4.38,4.33,7.68,2L,-1.65,-3.91,-10.63,-14.57,-13.45,0.86,8.97,34.05,49.21,14.91,72.77,-1,-1,-1,-1,-1,HVQ,-1,-1,-1,-1,-1,-3.62,-2.23,-5.72,-0.53,-6.22,25.02,25.08,0,33.33,73.02,0,28.57,33.33,-14.13,-14.13,-14.13,-14.13,-14.13,-14.13,-0.56,-5,-37.74,-54.82,-24.31,13.9,59.09,150.52,280.22,0.38,39.69,128.06,65.22,106.57,246.09,-13.93,5.2,29.3,35.25,6,1.105859,88,-11.33,31.43,72.86,-23.3,,,-13.93,16.45,26.53,13.33,-61.67,1.033768,86
26-11-2025,NSE:DUCOL,SM,321.83,178.05,41360,73.64148,4.11,4.28,7.37,S,-2.76,-7.89,-13.25,-8.96,-1.12,10.7,18.56,30.92,29.29,33.61,36,-1,-1,HVQ,-1,HVQ,HVQ,-1,-1,-1,-1,-1,-5.63,-0.31,-5.93,5.08,-0.9,23,28.7,20,76.19,90.48,0,57.14,69.84,-11.7,-11.7,-11.7,-11.7,-11.7,-11.7,-3.97,-1.13,-17.37,-20.44,-25.31,23.65,61.86,77.96,97.61,0,45.73,44.93,22.94,39.73,31.19,-1.6,14.79,26.17,15.33,24.7,1.105769,88,-2.94,45.73,12.71,-11.06,,,-1.6,16.16,14.15,-12.02,11.99,1.035968,87
26-11-2025,NSE:HINDCOPPER,EQ,32632.23,329.1,12993550,42761.77305,3.55,3.62,4.45,3L,2.78,0.41,-3.22,-1,-5.83,6.2,28.24,25.53,35.16,20.54,17.61,-1,-1,HVY,-1,-1,-1,-1,-1,-1,-1,-1,0.75,-1.09,-0.34,0.38,0.05,20.83,26.36,0,28.57,44.44,0,4.76,17.46,-8.51,-9.63,-9.63,-9.63,-17.55,-8.51,-4.35,-16.77,-29.8,-46.54,-34.49,43.15,43.15,75.05,75.05,5.04,51.5,25.62,30.36,0,11.25,-6.31,24.47,20.78,21.2,11.63,1.104452,88,-3.86,34.48,8.28,-23.07,,,-6.31,28.88,-4.79,3.26,-16.67,1.037078,88
26-11-2025,NSE:CRAFTSMAN,EQ,16197.94,7101,50133,3559.94433,3.43,3.42,11.93,,1.14,4.57,0.41,3.85,8.74,3.87,3.69,19.56,43.98,30.12,43.2,-1,-1,-1,EEP,-1,-1,-1,-1,-1,-1,-1,3.5,0.78,4.32,1.13,5.52,14.31,23.14,0,0,12.7,0,0,3.17,-1.04,-1.04,-1.04,-1.04,-1.04,-1.04,-9.48,-3.58,-13.51,-39.77,-24.87,10.54,37.62,80.55,85.06,10.14,3.92,69.85,45.24,3.68,29.32,8.26,-0.08,14.81,30.02,21.21,1.10437,88,10.14,3.25,66.92,2.43,,,8.26,-8.84,15.46,20.7,-18.86,1.034578,87
26-11-2025,NSE:DELPHIFX,EQ,322.12,216.75,49319,106.89893,4.24,4.4,5.8,L,-0.54,6.12,6.36,5.7,-0.59,-3.09,16.59,47.78,27.1,2.93,-1.32,-1,-1,HVQ,HV2Q,-1,-1,-1,-1,-1,-1,-1,2.58,0.34,2.93,-3.13,-0.19,21.58,27.27,0,0,44.44,0,0,17.46,-1.72,-12.82,-12.82,-12.82,-31.75,-1.72,-12.3,-19.81,-64.36,-50.25,-33.75,16.89,87.77,113.06,113.06,11.41,22.34,77.72,11.25,0,27.33,-1.07,12.82,43.03,13.14,-5.98,1.104321,88,5.71,4.73,13.92,-44.73,,,-1.07,13.76,36.38,-49.27,-27.28,1.022555,81
26-11-2025,NSE:GMRAIRPORT,EQ,102939.46,106.76,14880712,15886.64813,2.44,2.53,6.34,,2.45,3.6,10.55,10.87,13.51,16.59,16.79,18.71,33.69,28.02,27.59,EEP,EEP,-1,-1,-1,-1,-1,-1,3,-1,-1,4.4,3.16,7.81,5.63,14.24,7.71,23.78,100,57.14,19.05,100,57.14,19.05,0,0,0,0,0,0,-0.92,-6.17,-10.65,-30.41,-24.46,24.21,32.54,54.08,54.08,15.18,7.43,28.21,25.26,1.56,2.95,13.03,13.02,13.96,19.73,19.11,1.103863,88,15.18,2.68,26.43,-8.65,,,13.03,0.48,1.29,8.78,-2.69,1.029071,84
26-11-2025,NSE:ADANIPOWER,EQ,295441.52,148.62,60538421,89972.20129,2.63,2.66,6.96,2M,1.21,-2.01,-2.26,-6.57,-9.65,2.77,18.5,25.64,34.77,35.92,28.62,-1,-1,HV2Y,-1,-1,EEP,-1,-1,-1,-1,-1,-0.8,-1.33,-2.1,-0.28,-2.37,20.44,22.71,0,14.29,69.84,0,0,26.98,-8.58,-12.98,-12.98,-12.98,-15.03,-8.58,-4.58,-0.64,-18.24,-44.57,-45.55,25.5,40.14,69.79,69.79,2.19,43.7,28.83,26.25,10.76,0,-10.13,14.73,20.89,20.81,27.01,1.101639,88,-8.45,42.95,25.51,-17.98,,,-10.13,22.36,7.75,2.61,7.64,1.042715,90
26-11-2025,NSE:MUTHOOTMF,EQ,2952.75,193.43,364873,705.77384,4.03,3.99,6.45,,0.60,10.94,13.76,13.02,12.58,14.64,19.22,33.3,31.42,5.87,-5.67,HV2Y,HV2Y,-1,-1,EEP,-1,-1,-1,-1,-1,-1,8.15,2.82,11.28,3.06,14.8,10.6,28.41,40,9.52,31.75,40,9.52,4.76,0,0,0,0,-22.79,0,-2.29,-10.86,-45.55,-47.05,-27.32,27.08,53.61,59.77,59.77,19.88,14.52,29.06,6.56,0,0,12.1,15.45,28.55,17.46,-3.04,1.101616,88,15.23,0.96,16.63,-42.9,,,12.1,4.28,16.41,-12.48,-31.39,1.012856,76
26-11-2025,NSE:ABSMARINE,SM,584.29,213.85,93230,199.37236,7.34,7.33,5.28,S,2.49,-9.4,-2.76,-2.81,4.86,11.55,4.65,36.85,43.49,4.44,NA,HVY,HVQ,-1,-1,-1,-1,17.86,-1,-1,-1,-1,-3.17,1.6,-1.6,8.3,7.31,16.67,28.78,40,28.57,9.52,0,0,0,-12.37,-12.37,-12.37,-12.37,NA,-12.37,-7.82,-8.15,-55.39,-70.11,NA,24.88,55.25,132.07,NA,2.79,18.8,121.27,46.55,0,NA,4.38,0.88,32.1,29.53,-4.47,1.099838,88,0.23,1.62,61.5,-55.39,,,4.38,-3.53,32.75,0.85,-63.22,1.019163,80
26-11-2025,NSE:TI,EQ,9450.36,473.05,1380676,6531.28782,4.37,4.34,4.61,M,0.42,-3.15,-6.8,-6.62,-0.53,2.29,-2.05,23.38,48.53,27.35,58.8,-1,-1,-1,HV2Q,EEP,-1,-1,-1,-1,-1,-1,-2.42,-0.69,-3.09,1.87,-1.25,20.29,23.89,0,0,0,0,0,0,-10.42,-10.42,-10.42,-10.42,-10.42,-10.42,-9.82,-8.46,-20.16,-46.36,-3.33,6.9,39.83,116.09,149.76,0.42,7.47,120.52,65.57,32.19,86.56,-1.01,-5.82,18.63,34.57,18.44,1.099734,88,-4.45,-4.39,91.04,47.91,,,-1.01,-4.82,23.9,23.16,-35.26,1.036027,87
26-11-2025,NSE:NEULANDLAB,EQ,22272.69,16650,55924,9311.346,4.09,4.12,3.78,S,-1.16,-2.56,-5.57,-5.75,5.12,9.77,18.76,33.24,33.77,11.3,64.49,-1,-1,-1,HVQ,HVQ,-1,-1,-1,-1,-1,-1,-1.18,0.28,-0.91,3.59,2.78,16.88,23.66,0,57.14,73.02,0,23.81,28.57,-8.08,-8.08,-8.08,-8.08,-8.08,-8.08,-3.92,-11.43,-37.72,-38.21,-9.12,26.95,50.49,58.76,180.48,8.07,23.36,28.98,5.99,95.41,161.7,4.64,14.99,28.49,19.81,2.39,1.098847,88,5.78,14.81,21.39,-7.62,,,4.64,11.07,16.81,-8.87,-28.05,1.01724,79
26-11-2025,NSE:NATIONALUM,EQ,48005.88,258.18,11848646,30590.83424,2.55,2.86,6.13,S,1.66,0.61,-3.4,9.65,7.87,20.18,26.25,29.53,30.45,3.86,47.17,-1,EEP,-1,-1,-1,-1,-1,-1,-1,2,-1,1.3,2.07,3.44,7.02,11.24,15.73,32.01,100,100,88.89,0,47.62,55.56,-3.9,-3.9,-3.9,-3.9,-3.9,-3.9,0,-5.27,-29.16,-30.09,0,39.72,43.15,80.27,88.32,11.96,31.64,32.95,27.04,31.89,82.31,7.39,22.48,24.78,16.49,-5.05,1.098647,88,9.05,22.83,1.78,6.19,,,7.39,16.64,3.42,-8.35,-32.35,1.015166,77
26-11-2025,NSE:MFSL,EQ,58638.45,1736.7,682751,11857.33662,2.75,2.76,5.45,,2.29,3.96,1.03,8.31,12.85,8.74,4.92,14.54,38.85,32.43,44.56,-1,-1,-1,-1,-1,-1,-1,-1,-1,-1,-1,3.15,1.87,5.12,3.31,8.72,10.46,21.41,0,0,9.52,0,0,1.59,0,0,0,0,0,0,-8.78,-0.48,0,-17.53,-8.88,14.74,17.94,76.05,92.41,14.35,2.79,67.38,50.44,17.67,30.01,12.37,1.15,9.79,24.89,23.52,1.09693,88,13.95,-0.86,57.69,40.29,,,12.37,-12.4,9.1,18.78,-4.62,1.034149,87
26-11-2025,NSE:TEMBO,EQ,1200.25,752.85,91126,686.04209,5.8,5.88,7.34,,-0.53,-6.56,-2.64,16.17,18.57,20.89,18.42,38.81,13.36,6.85,63.41,-1,-1,HV2Q,HV2Q,-1,-1,-1,-1,-1,-1,-1,-0.74,4.13,3.53,11.44,16.91,13.96,35.88,100,66.67,41.27,20,23.81,14.29,-7.44,-7.44,-7.44,-14.69,-14.69,-7.44,-6.35,-3.91,-47.79,-26.09,-4.03,37.9,63.45,87.63,270.68,21.89,28.52,53.07,73.07,221.15,245.27,18.09,14.65,34.06,-0.6,-2.06,1.096791,88,21.89,22.56,-3.91,69.19,,,18.09,-3.5,23.97,-51.24,-1.64,1.015335,77
26-11-2025,NSE:PUNJABCHEM,EQ,1630.26,1329,23290,309.5241,4.49,4.3,10.21,M,4.18,-1.84,1.29,1.89,-6.31,6.61,10.87,17.85,47.42,25.17,26.13,-1,-1,-1,HV2Y,HV2Q,HVQ,-1,-1,-1,-1,-1,0.61,-0.54,0.07,0.04,0.11,14.44,17.01,0,4.76,1.59,0,4.76,1.59,-10.99,-10.99,-14.09,-14.09,-14.09,-10.99,-8.67,-23.43,-17.1,-51.74,-31.32,22.77,24.48,93.77,93.77,4.77,30.51,72.71,59.19,0,5.81,-6.79,7.1,13.1,33.46,16.26,1.096555,88,-8.25,7.2,68.21,-15.6,,,-6.79,12.85,6.81,26.34,-36.45,1.039597,89
26-11-2025,NSE:ALPEXSOLAR,SM,3204.88,1167.95,67424,787.47861,4.32,4.23,3.46,M,2.29,-4.74,-9.23,-9.14,-4.02,-5.35,-5.04,25.04,48.61,28.35,74.39,-1,EEP,-1,-1,-1,-1,-1,-1,-1,-1,-1,-1.97,-1.2,-3.13,-0.32,-3.44,17.57,17.15,0,0,7.94,0,0,3.17,-9.09,-13.9,-13.9,-13.9,-13.9,-9.09,-10.44,-9.26,-13.16,-44.66,-22.86,6.16,35.25,126.9,352.78,3.34,10.43,138.34,70.08,132.7,224.4,-4.5,-8.81,20.29,34.65,19.44,1.09641,88,-0.84,-2.98,94.66,8.94,,,-4.5,-4.29,27.62,21.78,-33.54,1.036603,88
26-11-2025,NSE:HCG,EQ,10379.72,731.4,321998,2355.09337,3.3,3.3,6.95,2M,0.73,-2.19,-2.26,-4.27,1.44,11.05,7.05,27.02,33.78,35.94,53.34,-1,-1,-1,-1,-1,-1,-1,-1,-1,-1,-1,-0.41,0.02,-0.39,3.71,3.44,14.7,21.27,0,57.14,44.44,0,19.05,26.98,-5.78,-5.78,-5.78,-5.78,-5.78,-5.78,-5.03,-0.37,-14.75,-10.7,-1.3,16.2,38.34,56.18,119.51,1.45,27.32,41.11,39.68,53.66,48.64,0.96,3.28,22.27,19.82,27.03,1.095998,88,0.4,26.47,41.11,37.6,,,0.96,2.38,20.46,-0.4,9.14,1.033428,86
26-11-2025,NSE:MUFIN,EQ,1971.69,110.74,1638971,1814.99649,5.7,5.62,12.02,,-0.31,-2.62,-0.88,-10.67,12.45,20.19,22.77,26.89,33.1,-0.79,-37.3,-1,HV2Y,HVQ,-1,HVQ,-1,-1,-1,-1,5,-1,-0.73,1.8,1.08,9.11,11.21,14.68,30.34,100,100,41.27,0,33.33,14.29,-9.64,-9.64,-9.64,-12.77,-27.48,-9.64,-3.57,-8.7,-40.29,-64.81,-46.98,32.26,57.55,71.37,71.37,15.28,15.79,32.34,25.29,0.12,19.31,11.97,19,22.14,19.14,-9.7,1.095162,88,15.28,9.33,13.39,-38.21,,,11.97,8.48,4.31,-1.16,-44.79,1.011214,74
26-11-2025,NSE:VARROC,EQ,9863.89,660.05,294423,1943.33901,3.65,3.59,10.24,,0.03,2.86,1.79,5.27,8.23,2.12,16.76,23.15,33.51,23.23,28.76,-1,-1,-1,-1,-1,EEP,-1,-1,-1,-1,-1,1.11,1.54,2.69,2.48,5.3,14.47,23.12,100,47.62,46.03,100,42.86,34.92,-1.32,-1.32,-1.32,-1.32,-5.02,-1.32,-6.25,-5.41,-19.94,-36.84,-27.08,23.52,30.35,64.64,64.64,8.66,18.65,37.04,26.53,0,13.37,7.75,12.99,18.4,19.55,14.32,1.095154,87,8.66,12.5,22.62,-16.14,,,7.75,5.99,6.65,3.81,-9.58,1.023643,82
26-11-2025,NSE:DREDGECORP,EQ,2190.16,819.85,377201,3092.4824,5.87,6.25,5.74,,-0.60,2.46,-4.16,-11.05,24.4,17.28,25.17,8.93,29.53,1.73,18.73,-1,HV2Y,-1,-1,HV2Q,-1,-1,-1,-1,-1,-1,-0.47,3.34,2.97,10.81,15.45,6.87,23.97,100,71.43,23.81,0,0,0,-9.95,-9.95,-9.95,-12.79,-43,-9.95,-10.8,-24.55,-38.33,-59.83,-43.99,39.29,39.29,60.82,60.82,26.4,5.3,20.34,46.46,0,28,23.92,21.4,4.18,15.57,-7.18,1.094591,87,26.4,-10.52,6.02,-20.18,,,23.92,-2.29,-22.72,12.96,-33.58,1.019194,80
26-11-2025,NSE:SANDUMA,EQ,10670,204.92,5687654,11655.14058,5.15,5.13,3.55,S,2.91,-0.9,-9.55,-7.32,-3.37,16.82,27.44,15.09,29.06,31.27,42.18,-1,-1,HVQ,-1,-1,HV2Y,-1,-1,-1,-1,-1,-0.76,-0.82,-1.56,4.61,3.19,17.11,24.49,0,47.62,46.03,0,0,17.46,-9.16,-11.26,-11.26,-11.26,-11.26,-9.16,-8.27,-19.13,-2.97,-28.02,-30.27,43.03,43.03,77.93,77.93,4.73,47.85,15.3,51.09,26.22,22.13,-3.85,23.67,10.34,15.1,22.36,1.094356,87,-2.57,38.38,2.69,4.38,,,-3.85,26.49,-18.03,6.8,8.99,1.044442,90
26-11-2025,NSE:PSUBNKBEES,EQ,3848.7,95.42,3752906,3581.02291,2.1,2.09,7.93,,0.75,-0.28,2.23,2.66,6.49,13.14,18.52,21.35,31.71,26.18,21.33,-1,-1,-1,-1,-1,-1,-1,-1,-1,0,-1,1.42,1.57,3.04,5.06,8.53,12.07,23.42,100,100,71.43,60,90.48,66.67,-0.28,-0.28,-0.28,-0.28,-0.28,-0.28,0,-4.17,-5.62,-27.37,-21.48,26.87,26.89,52.16,52.16,6.16,18.64,23.98,19.68,0,0.49,6.01,14.75,16.6,17.75,17.27,1.093723,87,5.74,14.18,17.32,-4.48,,,6.01,9.56,2.45,3.52,-2.23,1.026658,83
26-11-2025,NSE:FEDERALBNK,EQ,58929.48,256.37,9731508,24948.66706,1.83,1.83,11.29,,0.15,4.04,6.8,7.22,8.71,24.49,23.93,21.02,29.52,17.74,41.32,-1,-1,EEP,-1,-1,-1,-1,-1,6,-1,-1,3.79,2.86,6.85,8.23,16.44,7.92,26.46,100,100,34.92,100,100,34.92,0,0,0,0,0,0,0,-10.84,-6.02,-16.13,0,35,35,45.24,73.99,9.18,23.24,10.48,14.71,23.72,44.39,8.23,20.16,16.27,15.56,8.83,1.093056,87,8.73,12.44,7.63,-0.41,,,8.23,13.37,-4.85,1.1,-10.84,1.022302,81
26-11-2025,NSE:CNXPSUBANK,IN,,8551.95,,,,,,,0.77,-0.29,2.25,2.57,6.56,13.1,18.38,21.29,31.33,26.11,20.94,0,0,0,0,0,0,0,-1,-1,-1,-1,,,,,,,,,,,,,,-0.29,-0.29,-0.29,-0.29,-0.29,,,,,,,,,,,,,,,,,6.08,14.61,16.54,17.37,17.2,1.092708,,,,,,,,6.08,9.33,2.55,3.1,-1.73,1.026334,
26-11-2025,NSE:PSUBANKADD,EQ,227.94,86.1,252176,217.12354,1.95,2.03,4.91,,0.74,-0.05,2.25,2.46,6.09,12.97,18.3,21.22,31.45,26.4,21.42,-1,-1,-1,-1,-1,-1,-1,-1,7,-1,-1,1.4,1.57,3.02,5.06,8.51,12.13,23.49,100,100,71.43,60,90.48,66.67,-0.05,-0.05,-0.05,-0.05,-0.05,-0.05,0,-3.67,-5.88,-26.48,-21.06,26.45,26.65,52.52,52.52,6.28,18.75,24.61,20.16,0.12,0.46,5.61,14.53,16.47,17.49,17.49,1.092428,87,5.76,14.66,18.14,-4.25,,,5.61,9.7,2.55,3.33,-1.5,1.026669,83
26-11-2025,NSE:MANOMAY,EQ,394.64,230.02,45796,105.33996,4.55,4.45,18.76,,-0.26,-1.37,2.13,7.99,8.55,26.09,28.35,24.85,19.3,16.79,25.92,-1,-1,HV2Q,-1,-1,HVQ,-1,-1,-1,2,-1,0.52,2.82,3.45,8.89,13.54,11.65,28.51,100,100,65.08,60,76.19,47.62,-2.43,-2.43,-2.43,-3.28,-24.29,-2.43,0,-12.22,-42.42,-38.9,-36.99,39.9,46.73,46.73,46.73,10.54,34.19,5.13,9.47,12.12,15.62,8.07,24.58,20.1,5.34,7.88,1.091865,87,9.02,29.36,-6.67,-41.4,,,8.07,18.35,-5.91,-17.04,2.75,1.022643,82
26-11-2025,NSE:FORCAS,SM,233.81,133,73568,97.84544,3.57,3.95,2.94,,2.31,-3.46,-1.13,4.89,8.98,22.52,21.8,27.26,21.99,21.17,NA,-1,-1,-1,HV2Q,-1,-1,-1,-1,6,-1,-1,0.87,2.64,3.6,9.13,14,10.97,28.05,100,85.71,28.57,20,42.86,14.29,-3.34,-3.34,-3.34,-3.34,NA,-3.34,0,-18.59,-33,-28.15,NA,36.2,37.82,87.72,NA,10.42,23.96,46.79,36.56,28.56,NA,8.5,18.03,22.51,8.03,12.26,1.090547,87,10.42,8.27,2.26,,,,8.5,10.78,5.95,-16.9,4.81,1.021479,81
26-11-2025,NSE:PHANTOMFX,SM,423.55,289.75,27900,80.84025,5.28,5.37,4.63,,1.97,8.87,17.77,11.65,17.17,14.15,7.26,11.82,42.81,13.56,-58.84,HVQ,HVQ,-1,HVQ,HVQ,-1,6.79,-1,-1,-1,-1,5.43,4.23,10.09,6.12,17.26,1.21,18.7,0,0,0,0,0,0,0,0,-8.9,-8.9,-42.1,0,-24.54,-15.52,-34.98,-68.2,-51.94,31.7,31.7,74.86,74.86,23.4,9.09,59.23,54.19,0,8.58,16.69,3.49,7.07,28.85,4.65,1.090473,87,23.4,-24.54,59.23,-34.98,,,16.69,-15.27,3.89,25.49,-45.28,1.027831,84
26-11-2025,NSE:ASTERDM,EQ,35335.85,665.45,899931,5988.59084,2.68,2.64,5.09,2L,0.83,0.43,-2.39,-3.49,-4.87,4.93,9.73,17.51,39.27,35.66,34.8,-1,-1,-1,HVQ,HV2Y,-1,-1,-1,-1,-1,20,-0.41,-0.87,-1.27,0.46,-0.81,14.92,16.59,0,4.76,52.38,0,0,31.75,-4.97,-7.95,-7.95,-7.95,-7.95,-4.97,-3.47,-7.59,-6.94,-22.91,-18.1,11.94,23,68.9,106.82,2.35,21.08,52.46,39.31,25.59,33.07,-5.35,5.96,12.76,25.31,26.75,1.090182,87,-4.97,19.82,43.69,36.78,,,-5.35,10.61,7.6,16.72,-0.08,1.038404,89
26-11-2025,NSE:UNIPARTS,EQ,2279.25,484.7,454893,2204.86637,3.92,4.15,6.27,S,0.73,-0.73,-0.66,-4.65,2.83,14.01,15.86,30.4,34.22,15.18,-9.54,-1,-1,HV2Y,EEP,-1,-1,-1,-1,-1,-1,-1,-0.46,0.11,-0.35,3.9,3.69,17.77,26.11,0,38.1,69.84,0,0,17.46,-6.68,-10.17,-10.17,-10.17,-14.41,-6.68,-12.71,-3.63,-32.51,-45.09,-29.21,23.55,42.9,60.15,60.15,1.87,38.86,34.76,11.47,0,0,2.35,12.09,25.65,20.26,6.27,1.090124,87,1.16,27.16,21.66,-31.04,,,2.35,10.1,16.27,-4.18,-23.06,1.018337,79
26-11-2025,NSE:PSUBANK,EQ,2089.35,852.38,64384,548.79634,2,2,3.78,,0.79,-0.4,2.17,2.58,5.43,12.92,17.92,21.09,31.42,25.96,21.36,-1,-1,-1,-1,-1,-1,-1,-1,6,-1,-1,1.24,1.53,2.81,5.01,8.24,11.96,22.94,100,100,69.84,60,90.48,65.08,-0.4,-0.4,-0.4,-0.4,-0.4,-0.4,0,-3.69,-5.7,-26.85,-21.03,25.87,26.01,51.59,51.59,5.75,19.03,24.42,19.62,0,0.24,4.95,14.15,16.34,17.46,17.05,1.090039,87,5.08,15.19,18.13,-4.41,,,4.95,9.9,2.84,3.43,-2.09,1.026099,83
26-11-2025,NSE:TVSHLTD,EQ,31966.72,14643,8390,1228.5477,3.63,3.72,4.3,S,0.87,-2.16,-1.16,-3.57,-3.42,10.69,17.41,21.57,40.09,20.38,41.26,-1,-1,-1,-1,HVQ,-1,-1,-1,-1,-1,7,-0.96,0.15,-0.82,4.22,3.55,20,29.43,0,71.43,87.3,0,19.05,49.21,-6.81,-6.81,-6.81,-6.81,-6.81,-6.81,-2.6,-2.37,-22.14,-40.53,-20.96,24.98,39.02,82.87,84.29,1.11,36.09,51.04,43.42,10.4,46.73,-3.9,13.64,16.82,26.13,11.47,1.089822,87,-4.2,22.85,41.61,-14.11,,,-3.9,16.83,4.02,13.96,-27.04,1.029215,84
26-11-2025,NSE:MONTECARLO,EQ,1648.2,794.7,82362,654.53081,4.12,4.16,5.23,,0.72,-2.48,2.96,8.78,12.46,13.61,26.97,25.37,23.78,3.66,21.85,HV2Y,HV2Y,HV2Y,-1,-1,-1,-1,-1,-1,11,-1,0.33,3.39,3.85,7.22,11.94,12.52,27.95,100,95.24,69.84,40,66.67,49.21,-4.81,-4.81,-4.81,-16.54,-16.54,-4.81,-1.17,-8.86,-37.72,-36.38,-12.05,39.48,45.66,51.44,51.44,14.11,27.5,10.6,13.02,3.5,30.82,11.98,23.2,20.62,9.82,-5.25,1.089648,87,13.61,16.82,-8.86,-16.66,,,11.98,13.26,-3.21,-11.8,-20.53,1.012143,75
26-11-2025,NSE:SHREEPUSHK,EQ,1319.38,406.05,571634,2321.11986,5.15,5,6.53,,-0.96,-1.12,1.24,3.03,-2.07,-11.97,18.22,27.5,23.68,33.59,59.12,-1,-1,HV2Y,HVQ,-1,HV2Y,-1,-1,-1,-1,-1,0.05,0.02,0.07,-1.88,-1.77,18.56,20.61,0,0,17.46,0,0,3.17,-4.86,-10.71,-10.71,-10.71,-10.71,-4.86,-8.86,-17.62,-21.04,-16.88,-4.5,29.58,36.88,79.19,155.78,7.69,32.26,46.54,29.92,95.21,69.86,-2.55,14.45,22.75,9.72,24.68,1.089392,87,-3.57,12.91,0.27,13.09,,,-2.55,16.57,10.32,-14.92,18.86,1.035125,87
26-11-2025,NSE:VLSFINANCE,EQ,858.11,303.6,86518,262.66865,4.22,5.44,6.18,,1.10,15.72,33.64,28.27,28.69,25.08,23.51,16.28,26.17,-22.73,21.38,HVY,HVY,-1,-1,HV2Q,-1,15.63,-1,-1,-1,-1,12.48,7.73,21.91,8.82,33.7,-2.87,29.97,40,9.52,3.17,20,4.76,1.59,-1.92,-1.92,-1.92,-21.5,-29.46,-1.92,-9.07,-14.99,-40.95,-47.92,-13.43,50.69,50.69,58.31,58.31,50.69,2.52,21.1,32.54,0,60.4,28.21,19.74,11.53,12.21,-31.64,1.088676,87,39.77,-9.07,-0.99,-30.15,,,28.21,-10.58,-10.47,2.15,-60.36,1.005069,68
26-11-2025,NSE:INFOBEAN,EQ,1486.64,585.9,55165,323.21174,5.53,5.78,3.24,2M,5.00,3.11,-5.67,-4.39,1.45,11.43,-17.17,36.02,41.07,27.57,34.77,-1,-1,-1,HV2Y,HV2Q,-1,-1,-1,-1,-1,-1,2.09,-0.43,1.66,4.37,6.31,20.01,32.9,0,0,9.52,0,0,0,-10.39,-10.39,-14.65,-14.65,-14.65,-10.39,-15.89,0,-20.33,-30.82,-14.97,23.8,63.7,109.36,109.36,10.25,22.01,145.31,33.95,9.46,15.93,0.97,-20.94,31.27,27.11,18.66,1.088167,87,-1.44,2.34,100.91,-11.9,,,0.97,-22.21,44.38,-1.76,-17.04,1.036855,88
26-11-2025,NSE:BEL,EQ,310592.5,415.3,14767082,61327.69155,2.21,2.23,5.07,,1.23,-1.9,-2.28,0.04,0.04,4.78,10.41,7.2,41.1,33.67,54.53,-1,-1,-1,-1,-1,-1,-1,-1,-1,-1,-1,-0.2,-0.05,-0.25,0.97,0.73,12.09,14.57,20,42.86,19.05,20,38.1,17.46,-2.81,-2.81,-3.92,-3.92,-3.92,-2.81,-1.63,-13.93,0,-27.09,-17.9,14.14,14.14,69.79,124,2.85,14.1,51.09,57.56,31.93,48.57,-0.44,6.64,2.45,27.14,24.76,1.0864,87,0.42,5.05,46.82,26.57,,,-0.44,7.07,-4.61,26.87,-6.74,1.042017,90
26-11-2025,NSE:ADANIENSOL,EQ,122903.23,991.2,1998775,19811.8578,3.12,3.1,3.78,S,2.03,-1.52,-1.08,0.53,4.52,10.31,18.71,11.3,31.68,29.66,-5.51,-1,-1,HV2Q,-1,-1,EEP,-1,-1,-1,8,-1,0.28,0.83,1.12,4.05,5.39,9.01,15.83,20,76.19,49.21,0,57.14,41.27,-3.45,-3.45,-3.45,-3.45,-22.27,-3.45,-0.64,-16.22,-18.43,-46.9,-45.32,31.12,31.12,64.99,64.99,7.6,25.19,24.6,46.34,12.72,0,4.04,14.94,6.55,17.72,20.75,1.084013,87,7.6,15.81,20.14,-18.43,,,4.04,11.55,-10.13,13.32,2.9,1.033024,86
26-11-2025,NSE:KARNIKA,SM,899.58,133.85,37620,50.35437,4.96,5.37,10.45,L,-4.83,-8.26,0.22,-23.42,-33.69,-37.39,-30.59,-1.74,44,59.66,63.83,-1,-1,-1,-1,HV2Q,HVQ,-1,-1,-1,-1,-1,-6.34,-5.45,-11.18,-11.57,-20.39,16.64,-4.5,0,0,26.98,0,0,7.94,-23.95,-40.23,-40.23,-40.23,-40.23,-23.95,-20.09,0,-1.03,-4.38,-18.18,0.22,6.06,152.45,189.59,0.22,34.75,140.77,179.69,139.92,72.86,-34.17,-34.36,-6.49,30.04,50.75,1.083369,87,-22.25,34.75,135.64,134.79,,,-34.17,-0.99,21.07,35.3,33.82,1.084941,97
26-11-2025,NSE:SHREERAMA,BE,748.49,53.1,103360,54.88416,4.99,4.91,11.69,,3.31,-6.27,3.2,-4.93,-9.49,-9.28,4.88,24.9,39.55,31.94,57.53,-1,-1,HV2Q,HV2Q,-1,-1,-1,-1,-1,-1,-1,-1.51,-1.94,-3.38,-4.69,-7.71,22.11,18.48,0,0,47.62,0,0,11.11,-9.66,-18.02,-18.02,-18.02,-18.02,-9.66,-10.24,0,-25.23,-39.82,-16.44,3.31,35.6,67.77,132.89,3.31,44.41,59.59,53.92,42.35,60.27,-9.97,1.11,20.15,25.59,23.03,1.083018,86,-9.51,39.52,51.23,36.67,,,-9.97,9.81,20.03,9.85,-6.72,1.032847,86
26-11-2025,NSE:ANANDRATHI,EQ,25254.05,2895.6,301173,8720.76539,2.66,2.67,19.77,L,0.24,-1.59,-6.98,-7.74,-11.41,0.46,3.17,33.11,35.77,30.78,38.25,-1,-1,EEP,EEP,-1,-1,-1,-1,-1,-1,-1,-1.36,-1.78,-3.08,-1.06,-4.1,22.04,23.02,0,19.05,52.38,0,4.76,42.86,-9.07,-10.24,-10.24,-10.24,-10.24,-9.07,0,-0.67,-14.34,-17.74,-6.48,4.6,54.31,75.19,75.19,1.39,24.66,69.63,17.18,7.85,16.23,-11.89,-0.6,28.36,21.81,21.87,1.082695,86,-9.07,24.26,47.75,3.07,,,-11.89,9.78,29.9,-5.69,-1.9,1.032067,86
26-11-2025,NSE:NH,EQ,41280.88,1967.1,810104,15935.55578,3.83,4.03,3.73,,0.50,-1.23,10.57,6.95,11.07,12.5,6.17,11.41,30.47,36,36.85,EEP,EEP,-1,-1,EEP,-1,4.65,-1,-1,-1,-1,1.25,2.77,4.13,4.55,9.09,1.91,11.21,0,0,0,0,0,0,-3.72,-3.72,-13.08,-13.08,-13.08,-3.72,-12.17,-18.44,-6.03,-2.65,-8.57,14.34,14.34,57.31,71.34,12.18,1.68,34.3,45.76,19.14,9.66,10.59,2.4,6.66,16.51,27.09,1.081618,86,10.76,-12.17,34.3,37.33,,,10.59,-8.83,4.57,11.85,13.83,1.033321,86
26-11-2025,NSE:KAPSTON,EQ,671.54,311.45,26765,83.35959,6.31,6.28,6.48,,-1.36,-10.76,2.04,7.58,6.71,18.67,21.26,20.39,31.15,12.55,61.62,-1,-1,HVQ,-1,HVQ,-1,-1,-1,-1,-1,-1,-2.3,3.35,1.09,10.2,12.57,11.59,27.33,100,100,38.1,0,57.14,23.81,-9.71,-9.71,-9.71,-9.71,-9.71,-9.71,-1.28,-8.56,-21.07,-31.74,-13.29,29.96,32.22,58.72,166.65,10.74,23.35,24.99,26.35,89,140.06,6.23,17.49,15.64,17.19,3.64,1.081554,86,8.32,21.49,7.5,22.37,,,6.23,12.28,-2.11,3.86,-21.15,1.017678,79
26-11-2025,NSE:FAZE3Q,EQ,1240.27,547,106812,584.26164,5.05,4.99,7.91,,0.42,1.09,6.22,13,10.27,10.33,14.17,-5.71,37.81,29.98,30.63,-1,-1,HVY,HV2Q,HVQ,-1,-1,-1,-1,-1,-1,2.01,2.83,4.99,3.65,8.97,-0.45,8.48,0,0,0,0,0,0,-2.56,-2.56,-25.56,-25.56,-25.56,-2.56,-28.76,-36.11,-10.81,-39.52,-31.91,33.04,33.04,66.08,66.08,16.68,19.38,42.55,75.57,0,7.49,9.79,10.4,-10.46,23.85,21.07,1.081553,86,7,-28.76,36.15,11.44,,,9.79,1.04,-24.18,31.51,-6.71,1.044896,91
26-11-2025,NSE:CARRARO,EQ,3160.95,540.6,226179,1222.72367,3.69,3.69,6.5,,-0.74,-1.2,3.67,4.04,9.41,10.58,19.55,16.66,38.4,NA,NA,-1,-1,-1,-1,-1,-1,-1,-1,-1,-1,-1,1.45,1.74,3.25,5.45,9.2,13.77,26.64,60,80.95,31.75,0,57.14,22.22,-2.84,-2.84,-2.84,NA,NA,-2.84,-4.83,-13.09,-31.95,NA,NA,31.71,33.23,NA,NA,12,20.64,71.09,77.24,NA,NA,8.93,15.78,11.91,24.44,0,1.081445,86,12,0.85,23.78,,,,8.93,7.89,-4.62,16.43,105.87,1.045112,91
26-11-2025,NSE:INTELLECT,EQ,15265.45,1098.8,684655,7522.98914,4.41,4.5,3.58,,0.92,-4,-4.48,-8.99,4.92,6.35,10.02,1.79,36.8,35.75,-1.86,-1,EEP,-1,HVQ,EEP,HV2Y,-1,-1,-1,-1,-1,-0.12,0.94,0.82,4.07,5.1,8.44,14.78,40,33.33,11.11,0,0,0,-8.28,-8.28,-10.51,-10.51,-10.51,-8.28,-2.56,-19.48,-2.37,-40.8,-39.82,21.76,21.76,79.44,79.44,7.29,15.77,61.46,76.22,0,0,4.44,6.25,-2.96,22.84,26.84,1.080738,86,7.29,0.81,38.54,9.87,,,4.44,2.05,-10.16,25.99,4.21,1.042021,90
26-11-2025,NSE:NILASPACES,BE,689.31,16.44,1070728,176.02768,5.11,5,6.67,2L,-0.78,-7,-1.16,-4.93,-10.95,-3.59,15.57,33.09,28.77,25.06,70.5,-1,-1,HV2Y,HV2Q,-1,-1,-1,-1,-1,-1,-1,-2.13,-1.77,-3.83,-2.51,-6.19,21.27,19.15,0,0,60.32,0,0,23.81,-11.33,-14.51,-14.51,-14.51,-14.51,-11.33,-5.15,-13.36,-42.17,-38.43,-6.31,23.8,52.79,53.64,242.5,1.67,39.13,29.72,9.56,143.96,156.67,-11.43,11.8,28.34,14.81,16.15,1.080495,86,-11.33,30.75,19.04,9.13,,,-11.43,20.59,19.73,-16.11,0.66,1.029511,84
26-11-2025,NSE:SAFEENTP,SM,1407.46,282.4,160340,452.80016,7.76,8.47,4.23,S,-0.02,-2.89,15.3,31.11,33.25,27.58,28.88,NA,NA,NA,NA,-1,-1,-1,-1,-1,-1,-1,-1,-1,-1,-1,3.38,7.74,12.05,14.5,31.05,,,100,38.1,12.7,0,4.76,1.59,-8.45,-8.45,NA,NA,NA,-8.45,-18.15,NA,NA,NA,NA,53.56,NA,NA,NA,51.06,2.5,NA,NA,NA,NA,32.77,25.11,0,0,0,1.079141,86,51.06,-15.94,,,,,32.77,-9.86,98.98,-9.66,5.87,1.043124,90
26-11-2025,NSE:CHOICEIN,EQ,16205.65,811.05,411189,3334.94838,2.04,2.07,13.31,,3.95,1.39,2.89,0.25,0.78,-1.88,0.83,13.08,39.15,35.59,69.06,-1,-1,-1,-1,EEP,-1,-1,-1,-1,-1,-1,2.33,-0.49,1.83,-1.05,0.76,14.65,18.07,0,0,23.81,0,0,14.29,-3.05,-3.05,-3.05,-3.05,-3.05,-3.05,-2.61,-1.8,-0.21,-12.47,-2.06,5.85,17.9,74.18,225.66,4.03,9.22,72.74,64.18,100.57,112.31,0.3,-2.94,8.33,25.19,26.68,1.079057,86,-0.71,6.99,63.39,64.18,,,0.3,-3.27,11.33,20.34,0.01,1.03535,87
26-11-2025,NSE:STEL,EQ,836.03,501.7,8589,43.09101,4.5,4.46,4.73,,0.58,3.15,11.93,19.33,16.98,5.5,12.28,14.29,34.46,10.7,36.11,-1,-1,HV2Q,-1,-1,-1,-1,5,-1,-1,-1,5.26,4.03,9.68,3.73,13.92,4.88,19.77,0,0,25.4,0,0,17.46,0,-4.58,-4.58,-4.58,-14.46,0,-20.79,-1.42,-26.68,-43.94,-23.61,28.54,28.54,55.37,63.47,23.98,6.71,32.74,33.17,15.45,57.3,16.5,8.51,9.54,20.5,1.79,1.07879,86,22.05,3.02,32.74,-11.7,,,16.5,-8.98,1.27,13.87,-30.38,1.01673,78
26-11-2025,NSE:KARURVYSYA,EQ,24440.93,251.84,2297219,5785.31633,2.48,2.49,5.08,,1.57,-0.74,0.72,0.35,0.83,15.7,12.66,24.96,27.75,28.97,40.54,-1,-1,EEP,HV2Q,-1,-1,-1,-1,-1,5,-1,1.15,1.02,2.19,5.39,8.01,11.95,22.67,60,90.48,36.51,20,66.67,28.57,-0.73,-0.73,-0.73,-0.73,-0.73,-0.73,0,-3.67,-6.59,-10.06,-7.4,24.08,36.43,61.86,73.38,3.57,23.05,41.37,21.46,28.29,26.12,0.35,8.89,20.21,13.79,20.06,1.078607,86,1.15,15,22.6,1.52,,,0.35,8.62,13.07,-5.95,7.56,1.025722,83
26-11-2025,NSE:BLSE,EQ,1998.84,221.95,778022,1726.81983,5.38,5.33,7.51,,2.01,1.92,6.39,8.84,23.24,12.85,20.61,6.1,26.09,6.62,-46.65,-1,HV2Y,HVQ,-1,HV2Q,-1,-1,-1,-1,-1,-1,3.14,4.05,7.48,7.24,15.88,5.67,22.84,100,38.1,12.7,80,33.33,11.11,0,0,-1.41,-1.41,-33.37,0,-14.99,-21.73,-20.64,-56.85,-45.48,36.18,36.18,61.01,61.01,30.7,4.53,27.82,51.19,0,3.74,22.76,16.84,1.35,12.13,-2.29,1.078332,86,30.7,-7.88,4.4,-12.92,,,22.76,-6.73,-19.31,11.63,-20.48,1.017043,79
26-11-2025,NSE:IRISDOREME,EQ,624.48,33.07,252371,83.45909,4.01,4.06,8.87,,-2.30,0.94,-0.7,1.6,-2.9,4.38,4.17,10.46,43.22,30.39,18.82,-1,-1,-1,-1,EEP,-1,-1,-1,-1,-1,-1,-0.7,0.55,-0.15,1.14,1,12.52,15.46,0,0,3.17,0,0,1.59,-2.45,-6.48,-6.48,-6.48,-6.48,-2.45,-3.76,-9.66,-1.25,-41.54,-28.33,5.76,14.39,99.74,99.74,3.73,11.65,91.4,78.84,0,0.47,-3.38,0.4,5.71,29.26,21.48,1.077653,86,1.35,11.65,79.75,24.77,,,-3.38,3.57,5.54,26.93,-16.74,1.037113,88
26-11-2025,NSE:GUJAPOLLO,BE,565.46,450.3,12429,55.96779,4.99,4.88,5.56,,0.30,-4.67,0.85,0.71,2.94,-11.54,-7.67,24.99,34.73,35.09,46.44,-1,-1,-1,HVQ,-1,HVQ,-1,-1,-1,-1,-1,-0.98,-0.01,-0.99,-1.38,-2.34,13.91,13.44,0,0,12.7,0,0,3.17,-6.54,-14.32,-14.32,-14.32,-14.32,-6.54,-16.84,-2.99,-20.6,-30.91,-26.97,5.8,30.05,78.51,108.62,2.97,2.99,92.21,33.89,36.16,35.42,2.46,-11.44,20.24,20.77,26.18,1.077322,86,2.97,-6.24,59.86,-1.87,,,2.46,-14.25,29.32,3.32,6.41,1.031708,85
26-11-2025,NSE:VSTTILLERS,EQ,4824.72,5516.5,23771,1311.32722,3.77,3.71,8.56,2L,0.40,2.95,-7.14,-10.62,-5.54,7.78,2.89,31.95,38.41,19.32,44.66,-1,-1,-1,EEP,-1,-1,-1,-1,-1,-1,7,0.09,-1.36,-1.25,1.21,-0.04,19.9,24.79,0,52.38,50.79,0,28.57,31.75,-9.6,-9.6,-9.6,-9.6,-9.6,-9.6,0,0,-28.8,-35.56,-5.29,9.24,50.55,74.02,78.91,4.62,30.71,69,18.43,12.31,47.1,-6.02,-0.88,27.2,24.45,10.41,1.076941,86,-7.04,26.64,60.54,-3.29,,,-6.02,4.67,28.9,-0.17,-25.12,1.021859,81
26-11-2025,NSE:GOODLUCK,EQ,3922.14,1157.4,228145,2640.55023,3.47,3.38,16.38,,3.55,-2.2,-1.41,-6,-8.76,-7.04,2.38,22.82,46.69,16.86,27.63,-1,-1,HV2Y,EEP,-1,-1,-1,-1,-1,-1,-1,0.1,-1.81,-1.68,-2.36,-3.95,18.08,17.24,0,0,28.57,0,0,19.05,-8.46,-11.43,-11.43,-11.43,-11.43,-8.46,-3.67,-3.96,-31.36,-52.59,-26.06,9.55,29.98,87.59,87.59,3.55,29.68,80.84,44.78,0,21.98,-9.24,-1.39,18.07,32.73,7.95,1.076887,86,-7.56,20.56,72.25,-0.58,,,-9.24,6.94,19.91,21.27,-50.09,1.028345,84
26-11-2025,NSE:AVANTIFEED,EQ,10386,836.25,766528,6410.0904,3.59,3.7,4.14,,1.20,-0.65,12.28,17.42,13.26,18.42,23.77,-1.6,21.06,28.97,42.21,-1,-1,HVY,-1,-1,HVQ,-1,3,-1,-1,-1,3.2,4.57,8.14,7.76,17.24,-5.58,11.05,100,38.1,12.7,60,28.57,9.52,-2.9,-2.9,-4.92,-10.46,-10.46,-2.9,-4.09,-31.74,-9.02,-14.42,-22.99,32.26,32.26,44.49,72.69,21.1,14.72,0,54.34,38.72,24.82,12.78,20,-6.35,7.1,20.06,1.076843,86,15.83,-0.47,-7.29,21.56,,,12.78,8.81,-34.31,12.65,15.89,1.036587,88
26-11-2025,NSE:SAKAR,EQ,903.35,366.7,26495,97.15717,5.2,5.07,4.36,,-0.76,-8.43,-9.14,0.26,2.14,-0.3,8.99,14.3,40.17,22.32,2.32,-1,HVQ,-1,HV2Y,-1,-1,-1,-1,-1,-1,-1,-3.28,0.1,-3.18,3.13,-0.05,13.19,15.13,20,47.62,28.57,0,33.33,20.63,-9.43,-9.43,-9.43,-9.43,-9.43,-9.43,-2.43,-9.55,-7.68,-45.46,-29.19,11.61,18.81,73.2,73.2,3.88,13.17,57.64,48.43,0,0,1.66,5.22,9.55,26.21,13.41,1.076189,86,3.47,-1.05,46.32,-0.93,,,1.66,3.68,4.82,20.52,-23.96,1.02688,84
26-11-2025,NSE:HINDWAREAP,EQ,2935.99,329.95,199284,657.53756,5.58,5.37,4.53,L,-1.83,-4.91,-8.53,-14.24,-7.93,5.99,4.89,23.33,44.42,17.44,0.28,-1,-1,-1,EEP,EEP,-1,-1,-1,-1,-1,-1,-3.49,-2.03,-5.41,0.04,-5.37,21.85,21.08,0,47.62,76.19,0,14.29,41.27,-12.6,-13.36,-13.36,-13.36,-26.47,-12.6,-6.5,0,-32.88,-59.14,-39.3,6.37,31.27,79.94,79.94,1.46,41.67,69.65,37.96,0,7.97,-8.41,1.12,18.58,30.46,8.53,1.075889,86,-10.11,38.86,56.32,-32.29,,,-8.41,8.57,18.36,17.86,-42.68,1.026139,83
26-11-2025,NSE:TVSMOTOR,EQ,164974,3538.6,779407,27580.0961,1.99,1.97,7.82,,2.63,1.72,2.38,1.85,-2.86,2.42,7.18,20.88,33.49,32.5,41.6,-1,-1,-1,HVY,-1,-1,-1,-1,-1,-1,-1,1.85,-0.21,1.63,-0.58,1.05,15.91,20.16,0,0,63.49,0,0,33.33,-0.66,-3.27,-3.27,-3.27,-3.27,-0.66,-0.5,-0.3,-5.09,-20.21,-19.03,8.68,30.21,62.57,86.34,4.49,31.2,47.59,28.63,23.94,25.77,-3.34,3.41,16.13,19.53,23.59,1.075674,85,-0.66,31.2,37.9,3.45,,,-3.34,6.45,13.75,6.27,4.39,1.029379,84
26-11-2025,NSE:SILVERCASE,EQ,441.59,16.06,11495745,1846.21665,3.69,4.13,2.73,,1.71,0.93,0.93,7.53,8.53,14.32,26.15,37.8,NA,NA,NA,-1,-1,HV2Y,-1,-1,-1,-1,-1,-1,-1,-1,2.02,0.76,2.8,2.41,5.34,,,0,0,58.73,0,0,50.79,-3.31,-13.84,-13.84,NA,NA,-3.31,-21.19,-0.25,NA,NA,NA,35.41,59.96,NA,NA,13.26,30.81,28.22,NA,NA,NA,8.05,22.38,33.05,0,0,1.07533,85,13.26,25.02,,,,,8.05,15.95,14.75,90.34,5.87,1.04637,91
26-11-2025,NSE:AIIL,EQ,47167.68,2686.2,124186,3335.88433,3.55,3.49,4.44,2M,2.34,-1.48,-4.16,-6.76,-13.38,-13.9,-13.25,17.17,43.13,41.71,NA,-1,-1,-1,-1,HV2Q,HVQ,-1,-1,-1,-1,-1,-1.46,-2.93,-4.26,-7.08,-10.59,18.77,10.08,0,0,34.92,0,0,20.63,-10.56,-18.59,-18.59,-18.59,NA,-10.56,-7.7,0,0,-21.58,NA,2.34,15.68,90.56,NA,2.34,13.47,115.81,57.85,100.37,NA,-13.86,-17.02,12.42,29.17,32.8,1.075027,85,-10.56,11.12,104.77,35.2,,,-13.86,-3.2,25.84,21.68,3.38,1.044168,90
26-11-2025,NSE:MBAPL,EQ,3551.52,402.15,153619,617.77881,2.62,2.62,8,2L,2.51,-1.94,-2.59,-2.79,-2.11,-4.4,-7.71,19.88,30.04,44.49,37.96,-1,-1,-1,HV2Y,-1,HV2Y,-1,-1,-1,-1,-1,-0.11,-1.31,-1.4,-2.19,-3.51,12.41,10.16,0,0,1.59,0,0,0,-3.99,-12.53,-12.53,-12.53,-12.53,-3.99,-10.68,-5.26,0,-5.89,-23.01,6.19,27,95.16,99.06,2.92,8.44,70.16,59.49,39.27,10.5,-2.59,-11.48,15.13,16.08,35.58,1.074132,85,-1.63,-4.43,46.71,44.81,,,-2.59,-8.79,24.59,3.02,26.52,1.041833,90
26-11-2025,NSE:SANDHAR,EQ,3244.28,555.3,302807,1681.48727,5.27,5.19,6.57,,9.18,2.67,2.55,2,3.81,13.81,20.06,9.18,37.98,10.12,12.61,-1,-1,-1,-1,EEP,-1,-1,-1,-1,-1,-1,4.14,0.38,4.54,4.58,9.55,9.43,20.95,0,47.62,15.87,0,33.33,11.11,-0.21,-0.21,-0.21,-6.59,-18.47,-0.21,0,-19.82,-21.13,-49.43,-26.72,30.31,35.94,62.51,62.51,9.28,30.76,29.91,47.59,0,9.05,3.33,16.29,4.43,24.02,1.21,1.073493,85,1.99,7.53,23.22,-21.11,,,3.33,13.59,-14.63,22.05,-39.05,1.025992,83
26-11-2025,NSE:MRPL,EQ,32053.28,160.62,9827097,15784.2832,5.22,5.14,5.46,,-3.12,-8.39,-8.65,-9.53,6.79,20.65,23.12,12.44,31.34,9.69,-34.26,-1,-1,-1,EEP,HV2Q,-1,-1,-1,-1,4,-1,-4.96,1.4,-3.62,8.91,5.82,10.01,17.59,40,76.19,25.4,0,33.33,11.11,-12.48,-12.48,-12.48,-12.48,-36.78,-12.48,-1.19,-20.78,-34.2,-56.59,-42.9,32.03,32.03,58.4,58.4,5.05,23.07,21.79,38.7,0,0.69,6.31,19.35,7.69,17.38,0.78,1.073408,85,5.05,6.32,8.26,-33.88,,,6.31,14.21,-14.91,11.93,-25.66,1.019889,80
26-11-2025,NSE:HEG,EQ,9837.99,547.65,1821318,9974.44803,4.47,4.48,6.35,2L,4.23,5.03,4.66,-5.85,4.28,4.7,10.35,8.72,37.32,25.77,31.26,-1,-1,-1,EEP,HVQ,EEP,-1,-1,-1,-1,-1,4.7,-0.61,4.07,0.16,4.23,7.82,13.07,0,14.29,4.76,0,4.76,1.59,-7.34,-7.34,-7.34,-8.34,-8.34,-7.34,-8.53,-14.33,-16.33,-42.55,-24.36,18.54,18.54,61.12,61.12,10.21,13.46,43.32,47.07,4,23.17,3.8,6.58,3.97,23.36,16.86,1.072851,85,2.4,2.04,39.45,23.04,,,3.8,3.03,-2.84,21.68,-12.56,1.029446,84
26-11-2025,NSE:BPCL,EQ,162409.24,367.65,8204764,30164.81485,2.38,2.4,6.37,S,3.32,0.54,-2.12,-1.44,6.7,10.15,14.1,13.78,31.25,23.19,20.24,-1,-1,-1,-1,-1,-1,-1,-1,-1,-1,-1,0.8,0.84,1.66,4.04,5.93,9.33,16.84,20,61.9,20.63,0,47.62,15.87,-2.08,-2.08,-2.08,-2.08,-2.08,-2.08,-0.61,-11.19,-14.31,-31.68,-23.67,19.29,19.29,54.93,54.93,7.93,11.29,33.08,33.59,1.28,1.27,6.22,10.33,9.03,17.29,14.28,1.072242,85,7.93,3.03,23.55,-9.45,,,6.22,4.62,-1.4,10.61,-5.86,1.022555,82
26-11-2025,NSE:EMKAY,BE,756.65,302.05,171423,517.78317,4.92,4.78,5.62,M,4.99,0.66,2.25,-1.61,-10.41,-25.66,29.46,26.22,26.04,4.5,62.69,-1,-1,HV2Q,-1,-1,-1,-1,-1,-1,-1,-1,1.15,-1.3,-0.15,-2.58,-2.66,21.57,24.11,0,0,36.51,0,0,3.17,-6.57,-20.42,-20.42,-20.42,-20.42,-6.57,-12.13,-19.84,-39.73,-39.58,-9.58,42.39,46.6,78.02,208.84,4.99,61.87,25.58,31.34,128.43,194.94,-10.89,25.69,21.47,12.08,-4.41,1.072188,85,-6.57,33.12,-2.68,22.78,,,-10.89,32.8,-5.6,-9.91,-23.25,1.026613,83
26-11-2025,NSE:UNOMINDA,EQ,74922.34,1320.1,880592,11624.69499,2.86,2.83,3.08,,2.71,1.14,-0.97,5.16,9.09,0.86,2.78,23.46,34.44,18.21,53.66,-1,EEP,-1,-1,-1,-1,-1,-1,-1,-1,-1,2.05,0.9,2.97,0.62,3.61,14.8,21.61,0,0,47.62,0,0,33.33,-0.96,-3.38,-3.38,-3.38,-3.38,-0.96,-12.16,0,-13.98,-26.32,-8.08,11.36,31.75,64.43,108.81,9.9,15.24,59.86,25.85,41.45,76.48,8.61,-0.99,18.71,20.48,9.3,1.07192,85,9.9,10.6,50.95,-11.21,,,8.61,-10.25,20.26,4.69,-18.89,1.016635,78
26-11-2025,NSE:SBIN,EQ,898139.09,983.9,10597309,104266.92325,1.39,1.4,5.73,,0.03,0.12,2.72,2.67,6.22,11.96,17.02,19.33,26.23,20.65,25.61,-1,-1,-1,-1,-1,-1,-1,-1,4,-1,-1,1.1,1.66,2.81,4.91,8.12,10.22,20.43,100,100,76.19,100,100,76.19,0,0,0,0,0,0,0,-1.83,-8.51,-19.86,-13.79,22.69,25.32,42.84,42.84,5.77,16.22,18.53,15.23,0.51,7.87,5.74,13.25,14.58,12.27,11.74,1.071868,85,5.77,14.41,12.26,-3.24,,,5.74,8.21,1.77,-1.11,-1.7,1.018783,79
26-11-2025,NSE:SENORES,EQ,3633.63,778.95,308170,2400.49022,3.58,3.63,4.35,S,1.77,-1.54,0.3,1.57,0.74,9.74,7.84,35.61,34.17,NA,NA,-1,-1,-1,EEP,-1,-1,-1,-1,-1,7,-1,-1.3,0.98,-0.33,4.51,4.38,16.31,24.71,60,85.71,53.97,40,42.86,28.57,-5.67,-5.67,-5.67,NA,NA,-5.67,0,-0.88,-20.15,NA,NA,15.64,54.57,NA,NA,1.82,20.18,48.39,12.9,NA,NA,0.26,4.07,30.86,20.21,0,1.071738,85,-0.64,15.58,39.19,,,,0.26,3.84,29.1,-11.88,105.87,1.035018,87
26-11-2025,NSE:INM,SM,363.76,538.45,7764,41.80526,6.17,6.26,2.89,,-4.34,-8.65,-18.86,-15.52,-19.23,-11.63,5.84,13.7,41.04,36.21,NA,-1,-1,-1,-1,HV2Q,-1,-1,-1,-1,-1,24,-7.35,-3.41,-10.4,-2.39,-12.5,22.9,13.49,0,19.05,57.14,0,14.29,41.27,-19.27,-19.27,-19.27,-19.27,NA,-19.27,-1.08,-5.23,0,-9.61,NA,7.69,22.38,86.96,NA,2.55,31.02,76.04,86.18,39.45,NA,-19.71,2.07,8.95,27.08,27.3,1.071325,85,-19.27,28.4,56.77,82.02,,,-19.71,17.72,7.32,22.03,-2.34,1.044513,91
26-11-2025,NSE:SEQUENT,EQ,5815.72,219.28,1817723,3985.90299,5.01,4.9,4.81,,-1.21,-14.92,-8.63,0.08,7.13,9.91,20.27,10.58,32.6,12.18,45.07,EEP,EEP,HVY,-1,EEP,-1,-1,-1,-1,-1,-1,-4.14,1.6,-2.59,6.09,3.73,15.42,22.64,40,66.67,41.27,0,42.86,28.57,-12.98,-12.98,-12.98,-12.98,-12.98,-12.98,-5.91,-12.52,-15.56,-36.36,-17.07,29.47,30.49,73.1,121.72,6.36,21.19,38.01,54.78,49.43,94.71,6.65,16.5,5.83,18.64,3.27,1.070844,85,6.36,17.22,16.49,18.05,,,6.65,10.84,-13.17,14.97,-24.43,1.020655,81
26-11-2025,NSE:REDINGTON,EQ,23187.43,287.5,11829294,34009.22025,3.74,4.1,4.58,S,-0.19,-2.24,-2.54,12.96,8.89,4.67,15.34,9.2,20.77,33.48,26.38,-1,-1,HV2Y,-1,HV2Y,HV2Y,-1,-1,-1,-1,-1,-0.43,1.47,1.05,2.16,3.27,5.29,9.04,100,28.57,9.52,20,9.52,3.17,-3.04,-4.08,-12.8,-12.8,-12.8,-3.04,-12.6,-26.18,-9.95,-7.12,-14.47,23.13,23.13,52.98,79.15,14.89,12.18,20.95,62.66,41.95,19.17,8.41,11.57,4.45,6.81,24.57,1.070769,85,10.01,-10.96,-1.88,24.68,,,8.41,3.77,-8.27,3.07,21.91,1.031576,85
26-11-2025,NSE:ETHOSLTD,EQ,7625.94,3178.7,31440,999.38328,3.34,3.33,6.22,,4.04,10.27,8.7,7,8.44,19.78,22.48,15.97,26.26,10.46,26.05,-1,-1,-1,-1,-1,EEP,-1,-1,-1,-1,-1,7.1,1.97,9.26,5.08,15.1,5.02,21.19,60,14.29,4.76,60,14.29,4.76,0,0,0,0,-4.4,0,-0.62,-17.08,-19.67,-29.51,-14.4,40.53,40.53,45.7,51.54,14.28,28.68,7.5,22.44,11.74,35.69,7.96,18.71,11.22,12.3,1.55,1.070702,85,11,1.74,4.37,-12.56,,,7.96,12.02,-9.42,2.59,-15.57,1.015206,77
26-11-2025,NSE:CSBBANK,EQ,7373.15,423.9,500217,2120.41986,3.11,3.08,5.4,,0.50,0.59,-0.5,1.24,1.57,15.52,8.96,14.7,34.41,27.85,19.07,-1,-1,-1,-1,HVQ,EEP,-1,-1,-1,-1,-1,0.45,0.8,1.27,4.9,6.49,7.5,15.12,0,0,0,0,0,0,-3.29,-3.29,-3.29,-3.29,-3.29,-3.29,-4.12,-11.33,-1.16,-32.54,-25.79,21.88,21.88,54.34,54.34,3.71,19.97,40.51,31.66,0,2.09,1.09,5.19,9.95,20.45,18.94,1.070611,85,0.74,-2.31,32.63,9.36,,,1.09,4.2,5.28,13.45,-4.13,1.02623,83
26-11-2025,NSE:HUBTOWN,EQ,4668,317.35,602998,1913.61415,3.88,3.8,4.15,,3.78,-2.69,-4.24,0.68,5.07,-1.42,-14.59,42.89,28.12,15.16,61.79,-1,-1,-1,HV2Q,-1,-1,-1,-1,-1,-1,-1,-0.12,0.13,0.01,1.29,1.32,16.4,21.2,0,0,7.94,0,0,0,-4.77,-10.88,-12.73,-12.73,-12.73,-4.77,-17.16,0,-44.74,-30.45,-17.9,14.61,78.96,90.74,173.22,7.12,8.79,118.57,8.93,96.38,131.81,4.59,-18.36,38.14,14.16,6.25,1.070504,85,5.47,-4.59,53.76,-34.11,,,4.59,-24.02,49.14,-35.52,-12.17,1.032517,86
26-11-2025,NSE:TNPETRO,EQ,992.39,107.82,472351,509.28885,5.46,5.19,3.51,2M,2.72,-0.87,-3.92,-11.83,-5.43,-3.4,0.93,25.09,36.25,28.76,24.09,-1,-1,-1,HV2Q,HV2Q,-1,-1,-1,-1,-1,-1,0.06,-1.92,-1.83,-0.19,-2.01,15.81,16.38,0,38.1,30.16,0,23.81,14.29,-13.38,-13.38,-13.38,-13.38,-13.38,-13.38,-1.19,-5.62,-20.53,-35.37,-27.77,7.48,24.69,67.81,67.81,4.6,20.03,66.26,25.71,0,0.01,-5.91,-2.84,20.34,22.29,19.85,1.070468,85,-7.75,10.93,50.81,-19.15,,,-5.91,2.72,23.37,5.25,-5.89,1.025973,83
26-11-2025,NSE:SAGILITY,EQ,23818.6,50.34,68536836,34501.44324,4.79,4.88,3.86,,0.66,-0.1,-2.6,-2.42,3.69,13.95,9.24,19.11,7.45,43.86,NA,-1,EEP,-1,EEP,-1,-1,-1,-1,-1,-1,-1,0.33,0.53,0.87,4.75,5.9,6.59,13.37,0,66.67,26.98,0,9.52,4.76,-7.77,-7.77,-7.77,-7.77,NA,-7.77,0,-3.24,-24.41,-13.51,NA,19.8,30.92,79.66,NA,3.86,15.37,20.27,45.32,66.27,NA,3.21,5.47,14.36,-6.51,34.95,1.070231,85,1.49,10.33,-3.24,,,,3.21,2.44,9.86,-24.08,45.21,1.049206,92
26-11-2025,NSE:BANKBARODA,EQ,149012.8,288.4,10251353,29564.90205,2.22,2.31,4.61,,0.40,-1.7,1.18,0.1,5.11,11.8,16.41,16.26,28.54,20.77,11.93,-1,-1,-1,-1,-1,-1,-1,-1,-1,3,-1,0.69,1.16,1.87,4.57,6.74,10.31,19.01,100,100,65.08,40,76.19,55.56,-1.67,-1.67,-1.67,-1.67,-2.88,-1.67,0,-5.37,-8.73,-30.6,-23.05,23.87,24.49,47.21,47.21,5.74,17.53,23.06,23.28,0.45,0,4.63,12.64,11.51,14.58,11.86,1.069298,84,4.13,12.41,15.41,-4.95,,,4.63,8.59,-1.2,5.01,-5,1.019949,80
26-11-2025,NSE:PNB,EQ,141478.13,124.99,18134200,22665.93658,1.99,2,6.72,,1.58,-0.06,2.03,1.39,4.29,11.18,15.82,18.38,26.51,22.9,5.79,-1,-1,-1,-1,-1,-1,-1,-1,-1,3,-1,1.58,1.03,2.64,3.53,6.4,10.13,18.39,100,100,58.73,60,85.71,52.38,-0.06,-0.06,-0.06,-0.06,-11.39,-0.06,0,-8.48,-13.07,-34.87,-31.68,23.9,23.9,43.83,43.83,4.08,18.59,21.08,17.4,0,1.5,3.81,12.05,13.63,12.55,13.99,1.069056,84,3.19,10.35,13.31,-13.07,,,3.81,8.74,2.02,0.3,0.96,1.020423,80
26-11-2025,NSE:ASHOKLEY,EQ,87402.96,148.95,14783613,22020.19156,2.44,2.47,4.67,,2.14,2.34,4.31,5.71,5.46,4.49,12.04,19.56,25.38,26.52,45.67,-1,-1,-1,EEP,-1,EEP,-1,-1,-1,-1,-1,2.02,1.18,3.24,2.34,5.71,12.91,21.38,100,42.86,58.73,20,14.29,26.98,-0.97,-0.97,-0.97,-0.97,-0.97,-0.97,-2.24,-1.7,-8.59,-15.21,-16.5,17.3,29.05,51.9,84.4,6.79,22,33.61,22.19,39.1,36.98,4.98,8.27,14.81,11.42,17.61,1.068901,84,6.32,15.47,16.24,-8.45,,,4.98,3.65,7.53,-2.42,7.39,1.021519,81
26-11-2025,NSE:WEL,EQ,2278.14,175.77,414932,729.32598,4.52,4.47,4.62,,-1.30,3.13,14.26,14.26,18.67,12.52,25.81,-4.59,6,27.49,71.64,-1,-1,HV2Q,HV2Q,-1,HVQ,-1,-1,-1,-1,-1,3.84,4.41,8.62,7.08,16.9,-8.18,8.07,20,4.76,1.59,20,4.76,1.59,-1.3,-1.3,-3.33,-11.31,-11.31,-1.3,-15.48,-30.78,-7.24,-16.63,-20.66,40.3,40.3,40.3,251.29,20.65,14.1,0,47.89,253.36,172.56,18.19,22.04,-9.34,-7.96,18.58,1.068815,84,20.65,-15.48,-24.77,16.11,,,18.19,5.47,-41.99,0.46,28.74,1.036,87
26-11-2025,NSE:UNIONBANK,EQ,117870.5,155.4,11869375,18445.00875,2.71,2.75,3.87,S,1.67,0.59,-0.57,2.48,6.72,10.44,14.39,9.21,29.39,25.86,4.76,-1,-1,-1,-1,EEP,-1,-1,-1,-1,-1,-1,1.69,1.37,3.1,4.47,7.92,6.49,15.41,100,76.19,25.4,40,47.62,15.87,-0.57,-0.57,-0.57,-0.57,-8.59,-0.57,0,-14.38,0,-35.45,-32.22,24.5,24.5,53.48,53.48,9.19,16.14,21.98,39.35,8.38,6.45,6.24,10.62,4.46,15.43,16.95,1.06793,84,5.66,6.42,15.77,10.5,,,6.24,4.91,-7.07,12.57,0.87,1.02538,83
26-11-2025,NSE:HINDPETRO,EQ,103412.17,466.25,4594697,21422.77476,2.35,2.42,6.51,,2.42,-2.34,-4,-3.99,2.68,8.87,16.3,11.6,31.38,22.77,32.96,-1,-1,-1,-1,EEP,-1,-1,-1,-1,-1,-1,-0.99,0.2,-0.79,3.58,2.89,11.22,15.9,20,76.19,41.27,0,61.9,31.75,-4.44,-4.44,-4.44,-4.44,-4.44,-4.44,-0.93,-13.8,-8.1,-28.66,-19.71,24.04,24.04,58.72,58.72,3.12,20.71,32.85,40.31,7.73,21.25,2.2,12.53,6.85,17.42,13.86,1.067866,84,3.12,7.57,20.22,1.39,,,2.2,10.68,-6.63,12.71,-6.68,1.02473,82
26-11-2025,NSE:BLACKBUCK,EQ,12395.45,678.1,1291664,8758.77358,4.66,4.57,14.28,,2.35,3.69,-2.2,3.58,1.52,11.54,4.1,32.16,37.26,NA,NA,-1,-1,-1,-1,EEP,-1,-1,-1,-1,-1,-1,1.55,-0.14,1.41,1.96,3.44,22.08,32.76,0,14.29,50.79,0,0,9.52,-3.02,-7.55,-7.55,NA,NA,-3.02,-8.96,0,-13.85,NA,NA,15.25,58.81,NA,NA,5.85,49.35,71.88,81.71,NA,NA,1.04,0.33,27.41,23.3,0,1.067214,84,4.25,43.63,54.41,,,,1.04,-0.69,28.24,-2.15,105.87,1.037203,88
26-11-2025,NSE:ACCENTMIC,SM,760.45,300.7,27720,83.35404,4.76,4.78,5.58,,-1.64,-8.75,-3.19,4.52,9.88,16.86,0.76,23.13,28.26,24.39,25.65,HVQ,HVQ,-1,HV2Q,HVQ,HV2Q,-1,-1,-1,-1,-1,-1.43,2.42,1.01,7.63,9.36,10.22,21.82,0,0,1.59,0,0,0,-8.04,-8.04,-8.04,-8.04,-8.04,-8.04,-14.23,-5.55,-18.37,-30.47,-26.72,23.49,37.65,75.05,75.05,13.05,11.29,73.71,34.55,0,3.67,9.4,-3.01,18.38,14.3,15.48,1.066194,84,12.62,-1.15,36.5,-13.14,,,9.4,-13.42,21.52,-2.99,0.48,1.01891,80
26-11-2025,NSE:NBCC,EQ,31576.5,118.51,11239845,13320.34031,3.37,3.39,11.21,,0.78,4.62,5.44,3.85,5.92,7.13,12.14,2.99,34.36,25.54,37.08,-1,-1,-1,EEP,EEP,EEP,-1,-1,-1,-1,-1,2.54,0.96,3.53,1.74,5.37,7.14,13.47,40,9.52,3.17,40,9.52,3.17,0,0,-7.92,-7.92,-9.17,0,-3,-19.1,-11.88,-40.38,-32.37,20.61,20.61,62.65,62.65,8.74,13.47,42.9,57.8,6.71,21.04,5.44,8.37,-1.76,20.4,16.63,1.065896,84,7.43,2.06,29.01,-5.19,,,5.44,3.31,-11.44,22.68,-7.56,1.030085,85
26-11-2025,NSE:IOC,EQ,244735.18,165.59,13406953,22200.57347,2.16,2.17,4.06,S,0.90,-2.26,-4.05,-2.21,6.27,11.37,15.48,13.39,28.14,21.06,2.77,-1,-1,-1,-1,-1,-1,-1,-1,-1,-1,-1,-1.07,0.88,-0.19,4.85,4.89,9.61,16.04,40,80.95,38.1,0,66.67,33.33,-4.35,-4.35,-4.35,-4.35,-9.49,-4.35,-0.04,-9.01,-20.92,-34.95,-28.55,21.2,21.2,45.91,45.91,7.16,13.6,23.32,26.36,1.49,0,5.79,11.71,8.64,14.18,12.15,1.065608,84,7.16,5.61,16.76,-17.48,,,5.79,6.51,-3.48,7.36,-3.97,1.019901,80
26-11-2025,NSE:MARUTI,EQ,499554.25,16156,394357,63712.31692,1.71,1.74,4.99,,1.68,2.4,2.85,4.84,-1.44,-0.58,10.55,23.16,20.86,32.77,28.96,-1,-1,-1,HV2Q,-1,-1,-1,-1,-1,-1,-1,1.54,0.12,1.67,-0.57,1.09,15.77,20.02,0,0,63.49,0,0,61.9,-0.95,-1.63,-1.63,-1.63,-1.63,-0.95,-0.22,0,-8.01,-5.26,-19.52,10.19,33.23,50.48,50.48,5.09,33.21,27.56,15.62,19.09,0,-1.92,6.78,18.41,6.9,23.86,1.065513,84,-0.95,32.12,13.92,1.12,,,-1.92,8.5,13.08,-12.66,20.92,1.028783,84
26-11-2025,NSE:3MINDIA,EQ,40723.23,35520,10908,3874.5216,2.76,3.08,6.02,S,0.65,-1.27,-1.37,-1.03,15.5,17.3,14.08,15.33,24.89,11.87,16.68,-1,EEP,-1,-1,-1,-1,-1,-1,-1,-1,-1,0.34,2.77,3.2,8.22,12.44,5.43,18.89,100,57.14,23.81,60,47.62,15.87,-1.69,-1.69,-1.69,-1.69,-11.25,-1.69,-6.2,-4.63,-16.84,-33.34,-21.78,23.18,25.11,36.71,36.71,20.22,4.09,17.46,15.75,0,9.38,15.02,10.31,10.58,10.93,2.96,1.064913,84,20.22,-3.89,13.03,-14.86,,,15.02,-4.99,0.44,1.64,-11.47,1.011104,74
26-11-2025,NSE:HARDWYN,EQ,783.94,17.54,1654517,290.20228,5.11,5.03,6.31,,6.56,8.89,8.84,11.29,18.99,24.69,22.35,27.71,18.87,-38.46,-36.22,HV2Q,HV2Q,-1,-1,-1,-1,-1,-1,-1,-1,-1,7.42,3.88,11.76,9.23,23.12,3.67,27.81,100,61.9,20.63,80,38.1,12.7,0,0,0,-27.46,-46.96,0,-0.63,-9.02,-61.66,-56.97,-26.57,45.32,45.32,55.77,55.77,20.88,17.73,20.96,12.61,0,26.16,18.51,18.58,22.96,4.91,-47.37,1.064895,84,20.88,-0.56,-4.15,-38.08,,,18.51,0.84,5.88,-21.88,-64.8,0.989737,49
26-11-2025,NSE:HNGSNGBEES,EQ,1240.19,510.2,167387,854.00847,1.48,1.81,8.8,S,1.43,-0.06,-4.44,-1.48,-0.79,-2.73,9.11,24.19,15.16,36.39,50.27,-1,-1,-1,-1,-1,-1,-1,-1,-1,-1,-1,-0.18,-0.84,-1.01,-1.35,-2.33,16.33,16.74,0,0,50.79,0,0,44.44,-4.28,-9.47,-9.47,-9.47,-9.47,-4.28,-8.75,0,-13.24,0,-20.77,10.86,34.93,63.66,110.47,2.33,24.25,33.24,37.48,78.57,33.87,-1.27,5.34,19.44,1.2,27.48,1.064585,84,-1.45,20.92,6.99,37.23,,,-1.27,6.51,15.57,-21.57,30.9,1.034401,87
26-11-2025,NSE:CEMPRO,EQ,14362.3,791.95,437353,3463.61708,3.51,3.49,3.97,2M,2.60,-3.05,-3.66,-8.93,-4.71,-0.83,3.47,8.12,34.21,37.48,61.21,-1,-1,-1,-1,EEP,-1,-1,-1,-1,-1,-1,-0.83,-1.2,-2,-0.49,-2.48,12.81,11.85,0,14.29,4.76,0,9.52,3.17,-8.2,-8.2,-15.25,-15.25,-15.25,-8.2,-1.95,-18.2,0,-19.22,-23.24,15.03,15.03,64.6,166.47,2.6,20.44,58.88,54.31,93.59,83.97,-5.19,-0.3,3.37,20.25,28.57,1.063661,84,-5.42,7.56,45.54,32.2,,,-5.19,4.5,3.79,18.73,10.84,1.036629,88
26-11-2025,NSE:DATAMATICS,EQ,5298.89,854,190278,1624.97412,3.74,3.71,11.63,M,1.05,-5.39,-2.98,-7.8,-7.46,-5.43,-17.54,29.12,31.02,39.44,38.49,-1,-1,-1,EEP,-1,HVQ,-1,-1,-1,-1,-1,-2.02,-1.26,-3.23,-0.4,-3.62,15.25,13.72,0,0,11.11,0,0,0,-12.6,-16.37,-21.2,-21.2,-21.2,-12.6,-15.33,-7.39,-14.4,-16.7,-26.86,1.92,44.32,63.77,76.68,1.05,9.52,87.92,17.04,21.87,7,-7.94,-21.31,24.37,17.06,30.53,1.063426,84,-7.62,4.34,64.11,7.46,,,-7.94,-12.69,38.67,-6.97,18.07,1.039615,89
26-11-2025,NSE:GLENMARK,EQ,52695.36,1921.3,857170,16468.80721,2.96,2.92,6.82,,2.12,4.19,3.83,3.97,5.65,-5.06,-1.81,27.91,28.21,23.68,51.78,-1,-1,-1,HV2Y,-1,-1,-1,-1,-1,-1,-1,2.76,0.07,2.83,-2.4,0.42,9.89,11.45,0,0,0,0,0,0,0,-9.9,-13.72,-13.72,-13.72,0,-16,-12.15,-23.82,-24.14,-19.35,6.13,39.22,50.22,108.69,6.13,0,52.95,8.29,53.52,63.21,5.17,-5.58,23.16,14.25,14.77,1.063411,84,5.85,-15.5,42.84,-17.4,,,5.17,-11.22,28.18,-9.25,-0.44,1.019118,80
26-11-2025,NSE:SASTASUNDR,EQ,954,326.3,29462,96.13451,4.15,4.3,4.81,,2.34,2.16,11.26,8.5,6.93,2.01,17.24,18.85,27.05,10.39,7.88,-1,-1,HV2Y,HVQ,-1,EEP,-1,-1,-1,-1,-1,4.21,1.83,6.15,0.08,6.24,9.56,17.47,0,0,22.22,0,0,3.17,0,-0.59,-0.59,-13.51,-13.51,0,-7.48,-13.13,-29.81,-36.9,-21.57,20.99,25.81,56.7,56.7,16.39,12.61,29.69,27.17,0,3.71,6.45,13.47,14.1,13.09,1.48,1.063408,84,8.8,2.77,18.21,-18.01,,,6.45,7.77,0.92,0.44,-16.96,1.011395,74
26-11-2025,NSE:PARAS,EQ,6076.28,718.6,860674,6184.80336,3.47,3.48,4.62,S,1.15,-0.33,2.09,3.48,-0.83,1.29,6.42,-13.03,41.19,33.62,54.96,EEP,EEP,-1,-1,EEP,HVQ,-1,-1,-1,-1,-1,-0.24,0.47,0.24,0.47,0.71,6.33,7.51,0,0,0,0,0,0,-6.18,-6.18,-23.03,-23.03,-23.03,-6.18,-7.46,-27.97,-9.73,-45.83,-38.86,12.21,15.07,72.13,134.91,7.24,16.02,61.08,94.55,38.15,55.94,-1.31,2.65,-17.78,27.23,24.71,1.063353,84,1.1,-7.46,50.72,25.48,,,-1.31,3.88,-21.8,38.31,-7.01,1.054134,93
26-11-2025,NSE:ARFIN,BE,978.42,57.19,329058,188.18827,3.32,3.28,8.24,,-0.94,0.07,-0.68,4.6,7.36,17.71,40.81,NA,NA,NA,NA,-1,-1,-1,-1,-1,-1,-1,-1,-1,3,-1,0.38,1.97,2.39,7.24,10.39,,,80,95.24,79.37,80,95.24,79.37,-1.38,-1.38,NA,NA,NA,-1.38,-0.02,NA,NA,NA,NA,74.04,NA,NA,NA,5.91,68.03,NA,NA,NA,NA,6.88,37.04,0,0,0,1.062757,84,5.91,57.87,,,,,6.88,32.8,98.98,-9.66,5.87,1.068835,96
26-11-2025,NSE:ASIANPAINT,EQ,276766.93,2874,1252926,36009.09324,1.81,2.09,8.46,,-0.06,-0.69,3.63,13.48,12.36,14.5,13.26,19.01,22.14,15.51,0.22,-1,-1,-1,-1,-1,-1,-1,-1,5,-1,-1,1.08,3.21,4.43,7.43,12.81,5.49,19.37,100,38.1,30.16,100,38.1,23.81,-1.11,-1.11,-1.11,-1.11,-15.05,-1.11,-2.65,-3.65,-31.2,-33.86,-28.23,23.98,30.12,34.8,34.8,15.57,8.66,16.92,9.17,0.99,0,11.88,9.49,14.26,8.18,6.6,1.062575,83,14.53,7.82,11.33,-26.96,,,11.88,-2.28,5.61,-5.79,-2.65,1.011661,75
26-11-2025,NSE:KRBL,EQ,9704.93,413.5,1295723,5357.81461,3.6,3.75,9.28,,0.16,-3.59,5.77,9.26,8.49,11.23,-9,12.53,35.95,30.31,30.31,EEP,EEP,-1,EEP,EEP,-1,4.91,-1,-1,-1,-1,0.43,2.3,2.8,4.97,8.18,6.69,15.94,0,0,15.87,0,0,0,-3.69,-11.56,-15.12,-15.12,-15.12,-3.69,-22.32,-7.48,-0.7,-20.03,-13,20.31,24.21,66.57,66.57,10.78,10.1,81.55,45.7,1.24,10.15,8.01,-12.77,7.78,21.99,21.4,1.062198,83,9.62,-3.01,66.9,21.97,,,8.01,-22.42,18.73,17.12,-2.93,1.027716,84
26-11-2025,NSE:RELTD,EQ,3017.57,151.56,268274,406.59607,5.77,5.8,4.58,,-0.19,-11.41,-8.14,-1.97,0.4,-11.53,8.09,21.35,28.4,24.56,NA,-1,-1,-1,HV2Q,-1,-1,-1,-1,-1,-1,-1,-5.22,-0.08,-5.3,-0.25,-5.54,14.56,10.56,0,0,34.92,0,0,17.46,-13.17,-17.02,-17.02,-17.02,NA,-13.17,-17.35,-14.18,-26.08,-32.71,NA,10.1,18.95,55.91,NA,2.22,14.81,43.3,71.24,56.9,NA,-0.08,4.32,16.6,14.44,15.65,1.061077,83,2.22,9.06,16.71,52.2,,,-0.08,4.41,13.41,-0.69,0.5,1.019313,80
26-11-2025,NSE:CEATLTD,EQ,16281.16,3888.2,282521,10984.98152,3.11,3.07,11.3,2M,0.40,-0.16,-4.7,-2.96,-4.23,11.14,17.32,3.89,30.5,29.19,35.7,-1,-1,EEP,-1,EEP,HV2Y,-1,-1,-1,-1,-1,-0.54,-0.25,-0.79,3.95,3.29,10.07,14.86,0,61.9,23.81,0,0,0,-5.51,-9.63,-9.63,-9.63,-9.63,-5.51,-5.81,-17.93,-4.6,-20.88,-15.3,27.93,27.93,63.23,73.9,1.97,33.34,34.95,56.88,20.87,23.13,-4.71,13.55,-0.86,16.54,20.28,1.060682,83,-4.68,19.98,18.75,30.43,,,-4.71,17.37,-17.26,18.02,4,1.036018,87
26-11-2025,NSE:TECHERA,ST,402.7,241.7,243088,587.5437,5.37,5.7,2.69,M,4.65,-2.98,-3.66,-15.72,-22.24,8.48,16.8,26.52,32.21,19.61,NA,-1,-1,HVQ,-1,HVQ,-1,-1,-1,-1,-1,-1,-1.76,-3.38,-4.98,0.09,-4.89,23.88,24.95,0,23.81,38.1,0,9.52,19.05,-25.73,-25.73,-25.73,-25.73,NA,-25.73,0,-15.82,-24.78,-30.6,NA,44.13,52.2,109.08,NA,4.65,76.18,73.96,53.63,24.84,NA,-22.72,13.03,21.77,18.25,10.7,1.060648,83,-22.08,44.47,16.92,,,,-22.72,28.62,10.67,-1.92,-12.71,1.03174,85
26-11-2025,NSE:BHARATFORG,EQ,66382.45,1431.3,1208870,17302.55631,2.5,2.47,9.35,,1.53,-1.04,2.94,7.43,9.08,15.53,20.39,12.64,24.76,9.44,21.78,-1,-1,-1,-1,-1,-1,-1,-1,7,-1,-1,1.78,2.36,4.24,5.72,10.57,7.09,19.01,100,100,33.33,40,85.71,28.57,-1.03,-1.03,-1.03,-1.03,-20.1,-1.03,0,-15.26,-23.51,-39.88,-27.64,29.33,29.33,50.41,50.41,9.42,17.59,19.74,31.4,0.07,18.62,8.6,16.62,7.89,10.8,0.53,1.060473,83,9.42,8.09,5.89,-22.87,,,8.6,9.14,-10.76,4.21,-14.49,1.012764,75
26-11-2025,NSE:CENTUM,EQ,3767.97,2413.2,29689,716.45495,4.06,3.97,5.71,,0.56,-5.58,0.43,-1.89,-3.36,-19.29,-15.71,-4.29,47.17,34.92,31.49,-1,-1,-1,-1,EEP,EEP,-1,-1,-1,-1,-1,-1.37,-0.97,-2.31,-3.63,-5.74,15.31,11.31,0,0,15.87,0,0,7.94,-6.11,-18.63,-18.63,-18.63,-18.63,-6.11,-15.89,-1.95,0,-44.8,-24.12,1.65,14.74,107.65,107.65,1.65,18.61,140.27,116.56,0,9.56,-3.84,-19.48,-9.04,33.21,26.01,1.060422,83,-2.9,9.47,116.07,63.83,,,-3.84,-15.25,8.85,39.68,-17.31,1.05173,93
26-11-2025,NSE:INDOBORAX,EQ,825.03,243.5,42566,103.64821,4.89,4.74,5.42,2M,-0.83,-1.48,-8.4,-4.27,-4.48,2.91,-5.17,25.61,37.1,23.7,35.54,-1,-1,-1,HV2Y,HVQ,-1,-1,-1,-1,-1,-1,-1.73,-0.79,-2.5,1.51,-1.01,12.75,13.46,0,0,0,0,0,0,-10.14,-10.14,-16.94,-16.94,-16.94,-10.14,-13.22,-12.64,-26.94,-38.22,-25.06,6.85,35.63,64.74,64.74,1.8,11.63,73.26,22.55,2.79,24.69,-4.96,-8.94,20.86,23.14,14.79,1.060239,83,-6.71,-12.41,71.2,-6.96,,,-4.96,-3.98,28.25,5.79,-15.43,1.021615,81
26-11-2025,NSE:SANGAMIND,EQ,2270.39,448.7,68478,307.26079,3.94,3.87,6.2,,-0.30,-0.36,0.84,0.55,-2.2,3.82,21.06,9.26,27.65,21.07,13.17,-1,-1,HV2Y,HV2Q,HVQ,HVQ,-1,-1,-1,-1,-1,-0.2,0.54,0.34,2.64,3.06,6.09,9.74,0,4.76,1.59,0,4.76,1.59,-5.44,-5.44,-8.78,-8.78,-8.78,-5.44,0,-27.99,-15.35,-34.34,-28.37,29.94,29.94,51.1,51.1,2.96,32.8,19.28,37.11,0,0,-2.68,17.29,4.51,13.69,12.16,1.05978,83,-0.84,2.28,5.89,-7.48,,,-2.68,19.45,-15.97,10.6,-3.22,1.027463,84
26-11-2025,NSE:MIRZAINT,EQ,553.22,40.18,530361,213.09905,3.81,3.75,6.95,,0.17,2.44,8.98,8.11,6.69,2.34,18.12,21.88,23.17,6.55,-13.49,-1,-1,-1,HVQ,-1,HV2Y,-1,-1,-1,-1,-1,2.09,1.52,3.66,0.37,4.04,13.57,20.38,0,0,25.4,0,0,4.76,0,-5.55,-5.55,-5.55,-17.03,0,-11.87,-9.24,-31.28,-40.92,-28.13,25.72,39.81,49.59,49.59,10.72,17.3,22.49,16.87,0,0,6.21,14.35,17.13,9.21,-2.36,1.05951,83,7.26,5.19,2.33,-31.28,,,6.21,8.93,3.57,-8,-15.77,1.00768,71
26-11-2025,NSE:JPOLYINVST,EQ,1014.93,972.4,22376,217.58422,3.29,3.32,4.13,,0.53,-0.27,-0.01,-0.48,-3.24,4.41,25.49,8.02,36.48,-5.59,31.98,-1,-1,HV2Q,HV2Q,-1,HV2Y,-1,-1,-1,-1,-1,0.83,-0.28,0.56,-0.44,0.11,13.27,15.43,0,0,41.27,0,0,3.17,-2.37,-8.1,-8.1,-8.1,-8.1,-2.37,-5.12,-27.01,-12.89,-39.84,0,34.8,34.8,69.08,69.08,3.66,39.17,25.98,55.52,0.93,67.78,-3.72,21.72,3.27,22.52,-14.5,1.059503,83,-1.72,25.9,14.09,4.1,,,-3.72,24.52,-24.47,21.28,-60.36,1.025718,83
26-11-2025,NSE:STAR,EQ,8765.63,903.1,583853,5272.77644,5.2,5.12,5.76,S,1.96,-6.67,-2.33,-6.61,9.68,6.36,-0.22,21.04,29.91,20.08,58.12,-1,EEP,-1,HVQ,-1,EEP,-1,-1,-1,-1,-1,-1.26,0.58,-0.69,4.21,3.68,9.45,14.5,0,4.76,1.59,0,0,0,-8.3,-8.3,-8.3,-8.3,-8.3,-8.3,-14.55,-5.19,-9.6,-19.75,-8.5,13.52,26.29,58.27,148.36,10.95,2.53,57.18,24.97,75.16,99.71,9.2,-3.99,16.29,15.95,11.17,1.05936,83,10.95,-10.18,44.01,13.47,,,9.2,-14.26,20.19,1.57,-8.15,1.015303,77
26-11-2025,NSE:SBILIFE,EQ,199892.01,2029.1,999398,20278.78482,1.67,1.65,12.4,,-0.09,1.2,1.6,2.84,6.21,10.45,8.98,11.13,27.29,27.16,26.08,-1,-1,-1,-1,-1,-1,-1,-1,-1,-1,-1,0.88,1.52,2.43,4.5,7.26,7.73,16.25,100,66.67,22.22,100,66.67,22.22,-0.09,-0.09,-0.09,-0.09,-0.09,-0.09,0,-1.62,-6.5,-23.5,-23.37,14.58,15.61,46.45,51.56,4.77,7.47,33.29,30.15,10.2,10.39,5.73,5.21,6.38,13.33,18.25,1.05913,83,4.77,3.88,25.16,0.45,,,5.73,-0.35,1.34,8.53,5.69,1.022286,81
26-11-2025,NSE:FORTIS,EQ,71449.24,932.9,3566806,33274.73317,2.47,2.44,5.38,2L,1.36,1.07,-3.91,-9.24,-12.83,-2.95,1.9,24.43,35.26,27.03,58.32,-1,-1,HVQ,-1,EEP,-1,-1,-1,-1,-1,15,-0.7,-2.79,-3.39,-3.75,-6.88,19.22,15.27,0,0,57.14,0,0,47.62,-11.74,-15.03,-15.03,-15.03,-15.03,-11.74,-4.13,-5.06,-4.11,-17.85,0,2.36,32.08,60.51,133.2,1.36,24.9,52.96,32.76,58.6,78.76,-13.31,-1.87,19.68,21.3,18.12,1.058716,83,-11.74,24.48,51.74,32.76,,,-13.31,9.74,21.95,4.67,-6.84,1.02556,83
26-11-2025,NSE:KINGFA,BE,5691.58,4191.6,4049,169.71788,3.85,3.83,15.69,2L,4.88,-0.13,-6.31,-8.77,-7.42,-1.7,-3.27,18.59,35.53,32.34,59.39,-1,-1,-1,HVQ,-1,HVQ,-1,-1,-1,-1,-1,0.58,-2.89,-2.25,-3.86,-5.88,19.16,16.43,0,0,47.62,0,0,14.29,-9.8,-12.92,-12.92,-12.92,-12.92,-9.8,-6.45,-5.29,-11.33,-29.77,-20.62,6,37.39,55.1,138.62,6,40.38,57.36,26.26,76.74,85.48,-7.9,-7.04,13.84,21.57,23.43,1.058225,83,-7.14,24.65,53.47,3.47,,,-7.9,0.56,20.15,11.14,0.92,1.028043,84
26-11-2025,NSE:GENCON,EQ,221.68,43.35,191632,83.07247,5.41,5.29,6.53,2L,0.72,0.23,6.34,1.38,3.28,-3.76,10.03,12.11,37,11.4,6.57,-1,-1,HVQ,HVQ,-1,HVQ,-1,-1,-1,-1,-1,2.81,0.29,3.11,-3.62,-0.5,12.28,13.42,0,0,26.98,0,0,12.7,-1.12,-17.43,-17.43,-17.43,-36.53,-1.12,-20.13,-17.2,-27.35,-60.01,-43.76,15.6,18.41,81.08,81.08,15.6,9.85,62.91,59.15,0,9.27,2.8,6.26,7.36,23.04,2.49,1.058053,83,2.99,3.53,35.51,-27.35,,,2.8,3.68,1.29,18.66,-34.77,1.017412,79
26-11-2025,NSE:IDBI,EQ,109943.31,101.95,12685041,12932.3993,3.53,3.52,6.96,,0.74,-2.62,1.94,2.64,6.06,9.75,7.3,10.48,29.98,25.39,17.41,-1,EEP,-1,EEP,-1,EEP,-1,-1,-1,-1,-1,0.88,1.15,2.05,3.86,6.15,7.21,14.4,80,57.14,19.05,20,19.05,6.35,-2.55,-2.55,-2.77,-2.77,-2.77,-2.55,-1.85,-9.86,-8.5,-31.5,-27.02,19,19,53.91,53.91,4.82,11.79,40.04,37.79,7.77,0,5.58,3.53,5.73,16.02,16.48,1.057918,83,-0.23,2.72,29.18,-8.5,,,5.58,-1.99,2.41,12.12,-0.67,1.021381,81
26-11-2025,NSE:NORTHARC,EQ,4362.29,266.35,887996,2365.17735,3.21,3.18,4.23,,3.22,3.74,-1.73,-3.25,-0.94,-3.4,4.59,19.76,37.19,14.66,NA,-1,-1,-1,-1,EEP,-1,-1,-1,-1,-1,-1,1.55,-0.94,0.61,-2.01,-1.37,15.51,16.73,0,0,22.22,0,0,12.7,-6.28,-7.73,-7.73,-7.73,NA,-6.28,-6.86,-5.8,-33.91,-48.27,NA,12.79,29.06,60.23,NA,4.94,21.11,52.88,28.57,0,NA,-1.42,0.82,15.01,23.23,5.75,1.057876,83,0.57,6.61,44.7,,,,-1.42,2.17,14.88,12.07,-30,1.015947,78
26-11-2025,NSE:MAFANG,EQ,4232.11,169.8,450376,764.73845,1.2,1.66,93.57,,2.73,1.54,-3.6,-4.36,0.14,-0.82,9.46,19.78,15,35.18,51.37,-1,-1,-1,-1,-1,-1,-1,-1,-1,-1,7,0.71,-0.8,-0.09,-0.23,-0.32,14.24,16.23,0,28.57,60.32,0,9.52,50.79,-5.02,-5.02,-5.02,-5.02,-5.02,-5.02,-1.64,-4.04,-9.23,0,-3.34,8.11,27.44,62.27,105.84,3.19,11.2,46.91,46.92,74.97,33.43,-0.34,5.69,15.03,1.04,26.27,1.057747,83,-0.62,11.2,2.45,41.94,,,-0.34,6.03,10.38,-15.62,29.61,1.031396,85
26-11-2025,NSE:JAMNAAUTO,EQ,4384.79,109.57,1255796,1375.97568,3.34,3.32,2.62,,5.36,-0.42,6.15,14.89,13.53,3.97,6.17,15.69,29.78,11.32,-11.16,-1,-1,-1,EEP,-1,-1,-1,-1,-1,-1,-1,3.5,2.46,6.12,2.49,8.83,9.55,20.31,0,0,28.57,0,0,17.46,-0.7,-0.7,-0.7,-0.7,-25,-0.7,-13.79,-3.5,-30.13,-47.33,-33.49,20.13,25.31,54.65,54.65,20.13,6.5,45.11,30.39,0,0,13.05,2.4,10.94,15.82,2.41,1.057546,83,15.28,1.45,31.49,-27.2,,,13.05,-11.83,9.12,7.05,-20.42,1.010479,74
26-11-2025,NSE:JPPOWER,EQ,12233.42,19.22,59550634,11445.63185,4.06,4.34,5.03,,-2.19,-5.46,6.45,6.92,6.87,6.19,2.71,20.97,32.05,14.98,15.71,HVQ,HVQ,-1,HV2Q,-1,-1,4.69,-1,-1,-1,-1,-0.06,2.29,2.27,2.63,5.04,6.09,11.85,0,0,0,0,0,0,-11.18,-11.18,-29.42,-29.42,-29.42,-11.18,-16.55,-31.33,-33.61,-42.92,-28.58,10.27,27.71,47.51,47.51,9.14,2.7,43.51,16.58,0,9.3,6.39,-1.06,16.22,18.09,6.07,1.057207,82,7.43,-11.03,36.1,-18.11,,,6.39,-7.78,17.75,4.36,-19.24,1.012187,75
26-11-2025,NSE:MARINE,EQ,3421.02,229.8,634584,1458.27403,5.24,5.19,3.26,,0.28,-9.92,-3.61,-6.92,-0.96,5.34,25.19,4.74,33.12,2.29,61.1,-1,-1,-1,HV2Y,HVQ,HV2Y,-1,-1,-1,-1,-1,-3.01,0.34,-2.68,3.93,1.3,12.53,15.82,40,80.95,38.1,0,38.1,20.63,-9.03,-9.03,-9.03,-29.85,-29.85,-9.03,-3.41,-28.68,-33.18,-53.09,-25.61,38.08,38.59,58.68,167.36,1.88,39.93,18.71,51.15,78.8,161.24,-1.44,21.42,-0.01,19.16,-6.62,1.057158,82,-0.3,22.26,6.54,-14.46,,,-1.44,22.59,-28.35,20.13,-40.24,1.025917,83
26-11-2025,NSE:BORANA,EQ,751.4,291.66,268967,784.46915,5.91,5.78,6.75,,0.32,-5.93,7.81,21.34,21.42,25.69,25.86,12.52,NA,NA,NA,HV2Y,HVQ,-1,-1,-1,-1,-1,-1,-1,-1,-1,2.3,5.64,8.41,11.17,22.05,,,100,57.14,19.05,20,38.1,12.7,-5.6,-5.6,-5.6,NA,NA,-5.6,-0.49,-15.25,NA,NA,NA,37.16,37.16,NA,NA,28.91,7.78,0,NA,NA,NA,20.94,22.09,7.77,0,0,1.057019,82,28.07,3.07,,,,,20.94,2.34,-19.02,90.34,5.87,1.017046,79
26-11-2025,NSE:PRIMESECU,EQ,1059.66,304,61717,187.61968,4.05,4.1,4.09,S,0.08,-3.37,-2.38,-0.25,4.82,14.06,13.22,16.46,30.94,9.9,43.22,-1,-1,-1,-1,-1,-1,-1,-1,-1,-1,-1,-1.45,1.09,-0.36,5.28,5.2,9.58,16.34,60,57.14,19.05,20,33.33,11.11,-5.07,-5.07,-5.07,-5.07,-11.82,-5.07,-6.48,-15.62,-26.34,-39.1,-20.55,23.28,23.28,51.13,77.88,5.96,17.34,28.06,26.25,27.05,65.75,4.34,9.45,11.71,16.98,0.99,1.056877,82,4.47,0.16,26.28,-5.56,,,4.34,5.52,2.71,7.67,-24.59,1.011546,75
26-11-2025,NSE:ADANIPORTS,EQ,326137.78,1506.2,2323406,34995.14117,1.86,1.88,10.76,S,1.50,1.46,-0.05,4.1,5.68,4.95,11.01,6.77,27.95,26,14.82,-1,-1,-1,-1,EEP,-1,-1,-1,-1,-1,-1,1.2,0.84,2.05,2.1,4.25,7.52,12.72,100,52.38,17.46,80,47.62,15.87,-0.43,-0.43,-0.43,-0.43,-5.28,-0.43,-3.98,-9.05,-6.04,-31.76,-29.9,14.73,15.83,43.03,43.03,6.23,9.25,27.29,33.35,2.11,0,5.2,7.24,2.02,13.99,17.09,1.056478,82,6.23,1.74,23.78,-5.9,,,5.2,2.34,-5.78,13.06,3.15,1.023534,82
26-11-2025,NSE:UPL,EQ,65124.86,760.6,2457006,18687.98764,2.22,2.24,9.67,S,1.45,1.05,0,3.85,10.62,11.1,4.97,17.12,17.07,29.92,40.08,-1,-1,-1,EEP,-1,-1,-1,-1,-1,-1,-1,1.17,1.5,2.72,4.71,7.8,4.61,13.02,60,14.29,14.29,20,4.76,9.52,-1.63,-1.63,-1.63,-1.63,-1.63,-1.63,-6.85,-0.97,-8.38,-2.27,-10.54,17.38,21.13,52.23,74.11,8.26,4.92,20.18,27.57,45.53,22.98,10.14,1.2,12.37,3.11,21.01,1.056319,82,8.26,-5.86,11.19,13.47,,,10.14,-9.63,11.77,-9.73,21.36,1.022707,82
26-11-2025,NSE:GVPIL,EQ,2508.93,355.1,286838,1018.56174,4.63,4.76,4.06,,2.45,-2.15,16.39,14.98,13.71,4.97,-4.9,27.38,35.13,-7.72,27.41,-1,-1,-1,HV2Q,HVQ,-1,6.54,-1,-1,-1,-1,3.03,2.96,6.17,1.75,8.06,10.25,20.4,0,0,23.81,0,0,0,-4.72,-5.37,-8.67,-20.74,-44.07,-4.72,-21.19,-4.19,-44.54,-63.72,-39.75,23.02,39.3,62.8,62.8,23.02,8.21,70.78,18.22,1.28,59.44,13.23,-8.67,22.63,21.17,-16.63,1.055891,82,14.35,7.66,59.02,-44.54,,,13.23,-24.88,29.76,1.01,-60.18,1.006152,69
26-11-2025,NSE:IDFCFIRSTB,EQ,59411.33,80.37,26251281,21098.15454,2.15,2.16,9.24,S,1.29,0.95,-1.51,-0.95,2.91,12.85,12.55,15.24,25.94,21.69,2.08,-1,-1,EEP,-1,-1,-1,-1,-1,-1,-1,-1,1.01,0.58,1.59,4.32,6.17,8.97,16.63,0,71.43,25.4,0,61.9,22.22,-1.98,-1.98,-1.98,-1.98,-5.22,-1.98,-1.18,-9.76,-9.61,-29.81,-25.78,18.21,20.31,51.96,51.96,3.08,15.46,32.88,28.8,4.92,0,2.43,8.78,10.49,11.98,12.78,1.055707,82,1.48,10.37,17.15,-9.61,,,2.43,6.62,2.05,2.96,0.12,1.017696,79
26-11-2025,NSE:LGHL,EQ,1339.98,276.25,97191,268.49014,6.29,6.14,6.44,S,1.77,3.46,0,7.29,-2.7,-41.52,-7.94,16.39,15.38,47.62,54.94,-1,-1,-1,HVQ,-1,HV2Y,-1,-1,-1,-1,-1,1.97,-2.66,-0.68,-15.35,-13.9,12.6,-1.49,0,0,31.75,0,0,17.46,-1.78,-29.88,-29.88,-29.88,-29.88,-1.78,-27.99,-15.65,-12.69,-7.37,-8.09,10.28,19.55,93.04,164.51,10.28,0.86,51.27,107.19,123.82,38.54,-3.18,-11.71,11.64,1.42,38.71,1.055635,82,-0.43,-14.79,24.55,100.63,,,-3.18,-8.42,21.52,-10.86,43.97,1.049703,92
26-11-2025,NSE:BLISSGVS,EQ,1725.48,166.62,1355972,2259.32055,6.26,6.29,13.11,,-3.36,3.53,3.57,7.71,9.21,9.04,4.56,21.79,21.32,22.54,33.89,-1,HVQ,-1,HVQ,-1,HV2Y,-1,-1,-1,-1,-1,1.55,2.26,3.91,3.47,7.64,6.85,15.55,0,0,0,0,0,0,-3.36,-3.36,-9.04,-9.04,-9.04,-3.36,-17.42,-13.18,-26.97,-26.54,-7.06,30.27,30.27,48.98,70.63,30.27,4.48,42.19,19.64,34.24,32.17,8.73,0.79,17.04,7.36,13.63,1.055438,82,9.59,-1.52,18.65,1.49,,,8.73,-8.43,17.03,-10.25,7.42,1.015375,77
26-11-2025,NSE:SHRIAHIMSA,ST,620.58,265.35,47496,126.03064,4.19,4.55,3.51,,2.06,-1.3,1.94,8.8,5.16,8.37,14.58,40.7,NA,NA,NA,-1,-1,HVQ,HVQ,-1,-1,-1,-1,-1,-1,10,0.71,1.98,2.74,5.86,9.14,,,100,100,71.43,20,23.81,28.57,-4.15,-4.15,-4.15,NA,NA,-4.15,0,0,NA,NA,NA,25.94,79.29,NA,NA,9.65,43.8,70.22,NA,NA,NA,4.68,10.81,35.95,0,0,1.055082,82,2.59,40.86,,,,,4.68,6.62,29.56,90.34,5.87,1.047622,91
26-11-2025,NSE:ECLERX,EQ,21728.56,4428.8,137555,6092.03584,3.59,3.56,6.37,,0.01,0.08,-1.33,-6.99,-8.09,7.44,4.29,23.06,31.63,25.15,45.22,-1,EEP,EEP,HVQ,EEP,-1,-1,-1,-1,-1,-1,-0.92,0.28,-0.64,2.74,2.16,17.68,24.1,0,14.29,31.75,0,9.52,11.11,-6.53,-7.49,-7.49,-7.49,-7.49,-6.53,0,0,-11.15,-21.04,-1.95,12.75,31.69,84.36,108.01,3.49,31.27,76.45,41.84,42.21,55.69,-8.57,0.52,18.31,17.67,16.24,1.055035,82,-6.12,31.27,36.19,27.03,,,-8.57,8.15,18.59,1.48,-3.61,1.021419,81
26-11-2025,NSE:INDIGOPNTS,EQ,6283.41,1306.65,210632,2752.22303,4.28,4.23,6.54,,2.36,1,5.67,23.84,22.67,15.84,13.79,18.8,18.83,-14.38,-2.66,-1,EEP,-1,-1,-1,-1,-1,-1,-1,-1,-1,3.08,4.69,8.15,7.98,17.53,1.48,19.29,40,9.52,3.17,20,4.76,1.59,-1.46,-1.46,-1.46,-13.05,-22.36,-1.46,-17.06,-7.54,-36.96,-36.98,-11.2,31.88,31.88,40.5,40.5,31.88,0,21.12,14.08,0,18.93,22.19,10.02,14.05,4.87,-23.29,1.054682,82,30.01,-11.4,5.3,-27.83,,,22.19,-14.79,4.79,-9.62,-35.05,0.996485,59
26-11-2025,NSE:HIRECT,EQ,2664.35,1511.4,34908,527.59951,3.87,4.16,5.5,3L,4.23,-1.18,-5.71,-23.12,-11.36,-12.45,-6.05,20.93,39.76,26.01,60.82,-1,-1,-1,HV2Y,HVQ,-1,-1,-1,-1,-1,-1,-0.47,-3.79,-4.11,-4.25,-8.02,18.45,12.8,0,0,0,0,0,0,-19.19,-19.19,-25.74,-25.74,-25.74,-19.19,-17.31,-21.25,-23.04,-41.37,-10.15,6.51,23,81.59,164.83,6.51,24.69,92.57,49.66,59.88,96.36,-11.84,-9.82,16.18,25.8,17.1,1.054294,82,-11.63,24.69,63.39,26.29,,,-11.84,1.46,24.42,14.15,-16.95,1.025513,83
26-11-2025,NSE:LATENTVIEW,EQ,9885.86,493.65,691363,3412.91345,4.59,4.55,10.3,,-1.11,-0.12,2.2,5.68,13.86,17.98,14.02,14.96,19.61,11.75,8.89,-1,HVQ,-1,-1,EEP,-1,-1,-1,-1,-1,-1,1.74,2.71,4.57,6.48,11.81,5.99,18.93,100,76.19,25.4,60,47.62,15.87,-1.11,-1.11,-1.11,-4.38,-11.69,-1.11,-3.3,-5.37,-18.68,-29.01,-22.07,22.8,27.02,42.02,42.02,18.87,9.42,22.11,20.77,0,0,13.38,10.25,10.21,5.65,2.84,1.054112,82,18.87,3.05,6.1,-17.83,,,13.38,-3.12,0.08,-4.19,-3.91,1.008612,72
26-11-2025,NSE:POONAWALLA,EQ,38148.63,469.35,3519168,16517.21501,2.74,2.74,5.54,S,2.09,0.16,-4.25,-0.7,-4.48,-3.44,0.35,14.72,38.08,23.26,1.37,-1,-1,HV2Y,-1,-1,-1,-1,-1,-1,-1,-1,0.41,-1.37,-0.95,-3.41,-4.21,15.21,12.98,0,0,30.16,0,0,20.63,-4.88,-13.48,-13.48,-13.48,-13.48,-4.88,-9.6,-1.03,-1.82,-41.94,-28.03,10.24,17.02,71.42,71.42,2.84,18.65,70.82,46.18,1.86,21.26,-4.96,-3.42,9.97,24.12,14.35,1.053651,82,-4.88,18.65,63.76,-0.68,,,-4.96,1.32,13.4,17.74,-18.08,1.022737,82
26-11-2025,NSE:TIRUPATI,ST,904.61,817,5293,43.24381,2.89,4.16,3.96,,-5.00,-6.36,4.53,2.33,13.1,36.42,38.95,-18.48,-22.26,19.09,78.7,-1,-1,-1,-1,-1,-1,-1,-1,-1,2,-1,-3.17,4.52,1.41,15.63,20.2,-9.99,9.29,100,90.48,30.16,20,57.14,19.05,-8.51,-8.51,-17.13,-18.21,-18.21,-8.51,0,-50.03,-3.09,0,-3.3,71.46,73.83,73.83,704.93,12.69,51.06,6.12,110.43,884.14,551.23,12.62,35.18,-23.23,-36.22,10.18,1.053638,82,12.69,34.53,-50.03,95.95,,,12.62,26.44,-95.11,-12.85,39.7,1.053428,93
26-11-2025,NSE:CANFINHOME,EQ,11865.36,889.85,294419,2619.88747,2.61,2.6,7.88,,0.74,-0.05,0.63,3.17,3.84,12.6,13.79,12.9,32.73,7.55,18.59,-1,-1,-1,-1,-1,-1,-1,-1,-1,2,-1,0.46,1.31,1.79,5.09,7.25,9.58,18.61,100,100,36.51,40,80.95,30.16,-1.87,-1.87,-1.87,-1.87,-4.44,-1.87,0,-6.79,-16.77,-35.72,-11.66,23.99,23.99,54.81,54.81,3.28,19.24,33.46,34.84,0,17.7,3.36,10.02,8.15,18.77,-1.36,1.053565,82,2.87,10.47,27.69,-8.77,,,3.36,7.04,-2.05,13.11,-31.56,1.012767,75
26-11-2025,NSE:AETHER,EQ,11190.62,901.05,312367,2814.58285,3.79,3.76,5.43,,0.99,1.43,17.47,15.94,15.33,18.23,15.9,16.85,15.44,7.85,10.53,EEP,EEP,-1,-1,EEP,-1,-1,-1,-1,-1,-1,3.36,4.61,8.36,7.04,16.56,-1.94,14.35,100,23.81,7.94,80,19.05,6.35,-1.99,-1.99,-1.99,-3.42,-14.94,-1.99,-2.37,-18.77,-29.28,-28.07,-21.62,23.3,23.3,23.3,23.3,22.99,4.39,3.44,2.27,0,6.44,14.85,12.13,12.1,1.48,-1.06,1.053291,82,18.76,-2.37,0.23,-17.73,,,14.85,-2.64,0.11,-11.36,-3.11,1.005791,69
26-11-2025,NSE:VADILALIND,EQ,3701.73,5392,8202,442.25184,2.39,2.37,3.5,2L,1.14,1.71,3.3,-0.41,-3.07,-6.33,8.65,-5.13,34.28,32.91,36.16,-1,-1,-1,-1,HV2Q,-1,-1,-1,-1,-1,-1,1.72,-0.05,1.67,-1.91,-0.23,1.66,1.45,0,0,0,0,0,0,-2.04,-8.97,-8.97,-26.6,-26.6,-2.04,-6.17,-32.95,-22.84,-28.59,-27.1,9.32,12.02,56.03,56.03,5.78,15.46,37.34,64.03,10.56,12.87,-3.55,4.88,-9.88,20.32,24,1.053203,82,-2.04,1.2,31.59,41.7,,,-3.55,8.06,-16.1,27.82,3.78,1.04035,89
26-11-2025,NSE:GPPL,EQ,8460.68,180.15,2862540,5156.86581,3,3.4,12.01,,0.73,3.49,2.96,9.64,10.76,14.95,12.9,18.18,24.06,6.6,-14.27,-1,-1,HVQ,-1,-1,-1,-1,-1,-1,-1,-1,1.72,1.99,3.79,4.7,8.9,7.84,18.16,100,71.43,23.81,100,42.86,14.29,0,0,0,-9.33,-24.28,0,-2.02,-5.38,-36.62,-42.5,-29.28,20.82,21.78,44.18,44.18,13.31,7.82,25.58,17.96,5.02,0,10.28,9.13,13.43,10.1,-2.31,1.052991,81,13.31,0.12,15.25,-36.31,,,10.28,-0.91,5.05,-2.48,-17.12,1.005498,69
26-11-2025,NSE:CREDITACC,EQ,21628.41,1370,432150,5920.455,3.72,3.69,8.21,,-1.38,3.56,0.16,-0.58,-7.46,-1.55,-1.3,14.32,29.72,37.12,-3.74,-1,-1,EEP,-1,HV2Y,EEP,-1,-1,-1,-1,-1,0.29,-0.2,0.08,-0.39,-0.31,12.22,13.57,0,0,22.22,0,0,14.29,-7.25,-7.25,-7.25,-7.25,-9.18,-7.25,0,-0.77,-7.88,-36.17,-42.89,6.47,23.06,68.33,68.33,3.69,21.69,62.6,44.22,18.31,0,-7.94,-5.07,9.57,15.76,28.21,1.052569,81,-7.25,12.54,55.39,-3.83,,,-7.94,2.42,14.4,8.31,16.41,1.031543,85
26-11-2025,NSE:ASTEC,EQ,1417.11,891.75,1461886,13036.36841,6.2,6.2,11.55,,-2.94,29.87,31.31,25.57,26.01,8.09,2.65,22.78,20.93,-16.97,-22.63,HV2Y,HV2Y,-1,HV2Y,-1,EEP,-1,-1,-1,-1,-1,13.84,5.96,21.05,-0.77,20.13,-4.51,14.95,0,0,0,0,0,0,-2.94,-2.94,-7.57,-27.9,-38.41,-2.94,-27.19,-10.02,-45.16,-51.3,-27.96,45.58,45.58,45.58,45.58,45.58,0,36.43,8.22,0,16.44,25.53,-1.12,18.03,6.97,-25.88,1.052385,81,30.41,-26.7,14.61,-44.21,,,25.53,-34.87,19.65,-12.05,-42.06,0.999423,62
26-11-2025,NSE:VIMTALABS,EQ,2814.98,620,624738,3873.3756,4.04,3.95,7.51,3L,0.88,-0.85,-3.91,-6.67,-7.82,-18.05,-4.37,20.81,25.1,38.33,62.37,-1,-1,-1,EEP,-1,EEP,-1,-1,-1,-1,-1,-0.63,-2.94,-3.47,-7.92,-10.55,16.83,7.55,0,0,26.98,0,0,6.35,-14.53,-29.32,-29.32,-29.32,-29.32,-14.53,-23.79,-9.14,-14.98,-17.96,-2.05,2.88,41.49,62.37,180.26,2.88,14.28,58.85,90.37,114.21,76.35,-8.3,-8.14,16.06,11.14,29.42,1.051617,81,-6.87,14.28,36.95,87.06,,,-8.3,-0.11,23.11,-4.25,23.54,1.032654,86
26-11-2025,NSE:STLTECH,EQ,5674.68,108.59,1304720,1416.79545,4.18,4.12,3.68,3L,2.80,-3.68,-3.86,-10.73,-10.19,-13.52,-18.83,34.34,35.57,22.31,16.23,-1,-1,-1,HVY,-1,-1,-1,-1,-1,-1,-1,-1.83,-2.37,-4.1,-3.76,-7.58,18.92,13.99,0,0,1.59,0,0,0,-11.8,-13.65,-21.07,-21.07,-21.07,-11.8,-13.03,-6.21,-31.06,-36.45,-23.37,2.8,52.3,95.8,95.8,2.8,12.19,132.67,28.56,0,2.74,-10.67,-22.6,29.59,21.61,13.4,1.051242,81,-6.9,2.01,86.55,-30.12,,,-10.67,-11.16,43.73,-7.79,-14.71,1.027789,84
26-11-2025,NSE:JUBLCPL,BE,3704,2335,2989,69.79315,3.38,3.71,16.1,2M,1.56,-4.54,-7.6,-2.76,-4.5,-4.55,-15.01,33.05,41.62,NA,NA,-1,-1,-1,HVQ,-1,-1,-1,-1,-1,-1,42,-2.03,-1.27,-3.26,-0.47,-3.71,,,0,0,15.87,0,0,4.76,-11.73,-20.98,-20.98,NA,NA,-11.73,-17.42,-4.76,-0.08,NA,NA,5.78,52.82,NA,NA,1.56,16.07,147.19,43.9,NA,NA,-4.98,-18.78,28.3,27.66,0,1.050889,81,-3.81,11.08,107.37,,,,-4.98,-13.36,40.77,3.14,105.87,1.047346,91
26-11-2025,NSE:KEYFINSERV,EQ,219.08,288.45,26267,75.76716,8.79,8.66,21,S,-2.45,-7.78,-22.26,-24.8,9.28,18.51,9.97,-12.84,38.03,15.03,49.44,-1,HV2Q,HVQ,-1,HVQ,HVQ,-1,-1,-1,-1,-1,-4.36,-1,-5.31,6.55,1.33,1.12,2.48,0,47.62,15.87,0,9.52,3.17,-19.88,-19.88,-19.88,-36.11,-36.11,-19.88,-19.61,-42.48,-27.91,-51.29,-33.22,22.72,22.72,61.37,101.85,11.73,11.33,35.33,82.1,29.67,77.8,8.8,6.2,-17.59,24.07,6.12,1.05064,81,11.73,1.77,29.09,15.57,,,8.8,-2.55,-26.36,35.42,-31.25,1.036203,88
26-11-2025,NSE:SGIL,EQ,854.87,552.45,23706,130.9638,3.39,3.42,5.16,,0.45,1.05,1.29,3.52,3.63,-0.72,-1.19,11.92,27.61,31.74,43.9,-1,-1,-1,-1,HVQ,-1,-1,-1,-1,-1,-1,0.86,0.41,1.28,0.31,1.59,8.25,10.73,0,0,15.87,0,0,3.17,-3.09,-7.36,-7.36,-7.36,-7.36,-3.09,-10.72,-0.96,-7.3,-18.46,-14.51,5.76,12.39,57.21,81.13,4.03,3.02,59.09,41.8,36.51,28.72,3.15,-4.96,7.17,13.65,22.83,1.050351,81,1.39,-3.84,38.7,22.37,,,3.15,-8.32,11.94,8.16,11.57,1.024033,82
26-11-2025,NSE:VOLERCAR,ST,245.16,205.3,15008,30.81142,4.13,4.82,1.49,2M,3.74,-1.34,-9.11,-15.56,-15.93,-7.26,5.24,51.68,NA,NA,NA,-1,-1,-1,HVQ,-1,-1,-1,-1,-1,-1,-1,-1.52,-3.06,-4.44,-3.24,-7.43,,,0,23.81,63.49,0,19.05,41.27,-16.03,-16.03,-16.03,NA,NA,-16.03,-0.42,0,NA,NA,NA,3.74,149.45,NA,NA,3.74,112.41,142.58,NA,NA,NA,-16.41,1.47,46.93,0,0,1.050343,81,-13.74,112.41,,,,,-16.41,14.95,47.99,90.34,5.87,1.082951,97
26-11-2025,NSE:TMB,EQ,8075.13,511.1,140545,718.3255,3.09,3.1,5.56,,1.12,1.61,0.96,3.09,10.53,16.18,16.75,12.06,18.38,12.94,9.45,-1,-1,-1,-1,-1,-1,-1,-1,-1,-1,-1,1.77,1.78,3.61,6.5,10.81,4.12,15.58,100,76.19,25.4,40,61.9,20.63,0,0,0,0,0,0,-0.6,-7.57,-10.61,-17.03,-10.81,21.13,21.13,25.61,25.61,9.62,8.38,4.57,10.46,0,4.81,10.05,12.98,7.31,4.42,4.03,1.049755,81,9.62,0.46,1.5,-2.73,,,10.05,3.64,-6.65,-2.47,-0.79,1.010376,74
26-11-2025,NSE:BHARTIARTL,EQ,1203885.5,2126.8,8038662,170966.26342,1.51,1.81,7.12,,-1.61,-1.55,2.49,0.63,2.2,9.2,9.22,13.31,21.53,28.29,42.64,-1,-1,-1,-1,-1,-1,-1,-1,-1,-1,-1,-0.25,1.52,1.29,4.04,5.56,6.92,13.41,100,80.95,34.92,100,76.19,31.75,-1.66,-1.66,-1.66,-1.66,-1.66,-1.66,0,-5.07,-3.01,-5.77,-13.89,13.88,15.56,36.3,78.57,6.28,12.42,22.96,24.05,47.55,34.84,1.72,5.45,8.56,7.57,19.38,1.049575,81,1.75,7.34,17.35,24.05,,,1.72,3.87,3.48,-0.17,14.48,1.02162,81
26-11-2025,NSE:EFFWA,SM,569.54,244.15,38648,94.35909,5.08,5.55,5.9,,-0.45,-1.82,3.58,3.97,16.63,8.15,7.84,9.03,28.55,4.2,NA,-1,-1,-1,-1,HVQ,-1,-1,-1,-1,-1,-1,-0.26,2.44,2.24,5.12,7.76,3.22,11.34,60,14.29,4.76,20,4.76,1.59,-2.94,-2.94,-3.63,-7.24,NA,-2.94,-13.29,-11.19,-42.93,-55.17,NA,19.95,19.95,60.62,NA,18.26,0,48.03,46.12,0,NA,16.15,4.07,4.28,14.59,-4.71,1.049554,81,17.35,-11.13,22.85,-33.7,,,16.15,-13.85,0.27,11.79,-28.21,1.007924,71
26-11-2025,NSE:STEELCAS,EQ,2206.16,221.49,170545,377.74012,4.6,4.5,9.95,S,1.62,-1.81,-0.19,3.05,-0.27,1.36,0.75,10.65,28.71,32.24,42.75,-1,-1,HV2Y,-1,HV2Q,-1,-1,-1,-1,-1,-1,1.02,0.04,1.06,-0.11,0.95,6.06,7.46,0,0,0,0,0,0,-3.62,-3.62,-11.24,-11.24,-11.24,-3.62,-11,-11.91,-5.51,-13.83,-9.44,8.05,11.92,45.33,81.15,8.05,8.45,43.37,54.8,31.72,25.19,-0.75,-3.02,5.9,14.75,23.33,1.049025,81,-0.13,-5.21,35.08,49.19,,,-0.75,-2.29,8.95,10.55,10.83,1.025453,83
26-11-2025,NSE:AHLUCONT,EQ,6531.29,1007.65,169935,1712.35003,3.58,3.97,3.69,,3.47,-2.43,12.19,9.02,8.74,-0.76,4.84,7.23,37.06,6.23,-3.34,EEP,EEP,-1,HV2Q,-1,-1,7.6,-1,-1,-1,-1,2.85,1.85,4.79,0.41,5.22,5.49,11.33,0,0,0,0,0,0,-4.37,-4.37,-9.78,-11.38,-32.63,-4.37,-10.08,-14.15,-28.59,-57.6,-36.83,14.78,14.78,58.89,58.89,14.78,0.15,48.4,47.39,0,0,8.26,1.07,2.48,23.1,-2.68,1.048728,81,9.93,-9,48.33,-28.21,,,8.26,-7.58,1.5,22.49,-43.12,1.014765,77
26-11-2025,NSE:SSEGL,SM,1340.87,509.9,77828,396.84497,4.55,4.57,4.05,,0.73,-5.98,-5.91,-5.62,1.06,1.68,5.77,16.77,23.03,27.35,NA,-1,-1,-1,HVQ,HV2Q,-1,-1,-1,-1,-1,-1,-2.46,-0.19,-2.65,3.19,0.56,9.4,11,0,66.67,41.27,0,23.81,14.29,-8.68,-8.68,-8.68,-8.68,NA,-8.68,-3.2,-13.89,-35.93,-40.75,NA,11.94,36.92,40.45,NA,1.2,27.5,29.03,31.09,67.25,NA,0.58,2,12.02,9.07,18.44,1.048127,81,-2.36,27.5,13.85,7.69,,,0.58,1.45,10.66,-2.13,11.48,1.019526,80
26-11-2025,NSE:USHAMART,EQ,13865.75,425.55,1161513,4942.81857,3.81,3.77,5.42,L,3.15,-5.49,-9.88,-11.43,-7.11,-4.79,8.8,25.56,31.37,7.43,33.4,-1,-1,HVQ,HV2Q,EEP,-1,-1,-1,-1,-1,-1,-2.44,-2.22,-4.56,-1.18,-5.67,19.32,16.91,0,28.57,66.67,0,19.05,39.68,-11.58,-11.64,-11.64,-11.64,-11.64,-11.58,-5.36,-0.58,-28.14,-33.75,-10.64,13.18,39,47.12,50.11,3.15,34.26,34.17,9.52,5.26,41.99,-7.59,5.03,20.81,17.41,-1.48,1.046947,81,-8.16,23.96,33.69,-5.94,,,-7.59,11.54,17.35,-1.85,-29.02,1.010122,73
26-11-2025,NSE:KTKBANK,EQ,6652.47,210.95,4716879,9950.25625,3.71,3.78,3.8,,-2.15,16.47,14.66,14.98,13.43,17.64,18.49,6.91,19.43,5.22,-7.63,HV2Y,HV2Y,-1,-1,-1,-1,-1,-1,-1,-1,-1,9.55,3.49,13.51,3.95,18.18,-3.22,14.5,40,9.52,3.17,20,4.76,1.59,-2.15,-2.15,-2.15,-7.61,-13.27,-2.15,-2.83,-18.09,-18.35,-32.56,-20.66,23.95,24.17,28.44,28.44,21.19,7.49,4.69,19.56,0,0,12.95,14.72,2.16,5.47,-3.69,1.046634,81,14.94,-2.83,1.24,-10.92,,,12.95,2.53,-15.23,3.79,-11.76,1.007557,71
26-11-2025,NSE:AVALON,EQ,6886.95,991.8,377728,3746.3063,4.37,4.28,6.69,3L,2.36,1.19,-6.25,-15.98,-14.53,-0.95,13.06,14.9,36.7,12.03,51.01,-1,-1,HV2Q,-1,-1,-1,-1,-1,-1,-1,-1,-1.14,-3.57,-4.55,-3.88,-8.11,18.35,12.53,0,19.05,55.56,0,0,36.51,-17.6,-20.83,-20.83,-20.83,-20.83,-17.6,-9.33,-9.83,-16.63,-37.98,0,19.39,24.11,62.59,115.73,2.67,42.15,30.81,68.16,36.56,89.77,-15.01,9.29,10.15,22.74,3.12,1.046369,81,-15.39,37.97,30.81,64.39,,,-15.01,20.78,1.1,15.95,-33.09,1.023555,82
26-11-2025,NSE:MAANALU,EQ,774.98,135.57,179171,242.90212,5.19,5.1,4.99,S,1.35,-2.79,0.26,-8.07,-5.52,17.78,24.16,11.32,31.45,-7.73,-7.99,-1,-1,HVQ,-1,-1,-1,-1,-1,-1,-1,-1,-0.62,0.18,-0.44,5.91,5.81,13.25,21.97,0,42.86,22.22,0,14.29,7.94,-10.38,-10.38,-10.38,-10.38,-45.92,-10.38,0,-21.8,-52.04,-62.92,-41.74,33.34,33.34,77.8,77.8,2.39,40.71,34.85,57.67,0,27.86,-6,20.39,6.57,17.49,-16.64,1.046346,81,-8.48,19.33,5.98,-3.57,,,-6,24.82,-17.94,13.03,-51.27,1.016951,78
26-11-2025,NSE:ASTRAZEN,EQ,22837.5,9042,12759,1153.66878,2.7,2.68,8.85,M,0.18,-0.85,-2.65,-6.23,-2.98,2.59,8.56,12.57,22.83,30.26,44.04,-1,-1,-1,HV2Q,-1,-1,-1,-1,-1,-1,-1,-0.53,-0.67,-1.19,-0.24,-1.43,5.65,4.47,0,9.52,9.52,0,4.76,6.35,-7.99,-7.99,-13.96,-13.96,-13.96,-7.99,-1.09,-21.33,-12.57,-12.46,-20.89,12.79,14.68,43.07,79.72,0.6,16.15,23.43,25.38,41.58,27.95,-3.46,4.79,7.82,8.87,21.35,1.046258,81,-2.94,5.01,18.74,16.59,,,-3.46,7.9,3.36,2.08,15.5,1.024548,82
26-11-2025,NSE:M&M,EQ,464047.65,3686.4,2257872,83234.19341,1.86,1.91,22.89,,0.47,-0.98,-1.84,2.85,2.03,3.02,7.8,17.54,24.32,20.35,51.19,-1,-1,-1,-1,-1,-1,-1,-1,-1,-1,16,-0.21,0.8,0.59,2.18,2.83,11.47,16.16,80,47.62,46.03,60,42.86,23.81,-1.81,-1.81,-1.81,-1.81,-1.81,-1.81,-2.43,-0.12,-5.33,-13.11,-8.08,15.22,23.84,47.97,99.92,5.71,14.87,36.43,22.02,55.05,63.17,1.55,4.03,12.79,10.36,11.44,1.046201,80,3,11.25,23.26,11.23,,,1.55,2.58,9.55,-1.44,0.63,1.013711,76
26-11-2025,NSE:MON100,EQ,11934.48,232.74,1276417,2970.73293,2.37,2.39,3.48,S,0.80,-0.35,-4.57,-3.72,-5.39,7.45,12.61,24.01,12.3,26.71,37.67,-1,-1,-1,-1,-1,-1,-1,-1,-1,-1,4,-0.63,-0.62,-1.25,1.31,0.06,14.13,16.53,0,42.86,76.19,0,4.76,36.51,-5.17,-7,-7,-7,-7,-5.17,-1.99,-2.35,-19.9,-7.55,-2.76,15.01,30.58,42.5,64.77,1.04,22.39,24.53,15.28,44.5,20.76,-5.87,8.84,19.26,-1.66,17.8,1.046045,80,-4.71,21.85,-1.38,9.59,,,-5.87,13.77,12.03,-25.07,22.3,1.024288,82
26-11-2025,NSE:ORIENTCER,EQ,485.74,43.22,83982,36.29702,5.29,5.66,10.58,,7.19,-0.28,11.15,16.52,14.04,12.91,11.2,18.81,16.34,4.35,-10.02,-1,HVQ,-1,HVQ,-1,HVQ,-1,-1,-1,-1,-1,6.24,2.96,9.48,3.9,13.92,1.36,15.49,0,0,0,0,0,0,-0.28,-0.28,-5.28,-20.68,-26.36,-0.28,-13.89,-15.89,-40.21,-43.63,-35.56,23.42,24.7,42.08,42.08,23.42,5.18,26.17,15.35,0,0,13.56,7.43,14.06,2.38,-4.56,1.044173,80,16.25,-13.89,2.18,-33.02,,,13.56,-6.62,7.55,-12.71,-8.46,1.001633,65
26-11-2025,NSE:MONOLITH,SM,1238.73,554.25,52160,289.0968,5.98,6.3,10.37,,1.72,-1.56,0.59,3.34,21.2,13.11,25.72,NA,NA,NA,NA,-1,-1,-1,-1,-1,-1,-1,-1,-1,-1,10,0.1,3.45,3.68,8.17,12.91,,,100,71.43,60.32,20,28.57,28.57,-4.74,-4.74,NA,NA,NA,-4.74,-9.79,NA,NA,NA,NA,31.96,NA,NA,NA,25.87,11.56,NA,NA,NA,NA,20.72,21.95,0,0,0,1.04413,80,23.68,4.24,,,,,20.72,2.43,98.98,-9.66,5.87,1.029922,85
26-11-2025,NSE:POLYCAB,EQ,115538.01,7539,240934,18164.01426,1.91,1.91,6.24,,1.34,-1.98,-1.87,-0.28,-1.69,0.09,6.2,20.89,27.88,15,35.08,-1,-1,-1,-1,-1,-1,-1,-1,-1,-1,6,-0.3,-0.3,-0.6,0.33,-0.27,14.62,16.81,0,0,55.56,0,0,46.03,-3.9,-3.9,-3.9,-3.9,-3.9,-3.9,-0.82,-1.21,-20.92,-27.91,-14.43,6.72,29.49,61.11,61.11,1.51,14.46,51.11,27.45,16.17,36.92,-2.17,2.43,16.14,13.92,6.09,1.043592,80,0.39,13.84,26.27,-12.7,,,-2.17,4.45,14.64,-0.82,-12,1.010699,74
26-11-2025,NSE:BIOCON,EQ,56533.51,398.45,3504363,13963.13437,2.75,2.75,5.26,S,1.32,-2.92,-1.87,4.5,9.54,9.91,9.66,15.91,15.12,18.91,36.84,-1,-1,-1,-1,-1,-1,-1,-1,-1,-1,-1,-0.09,1.67,1.61,5.41,7.43,4.29,12.25,100,38.1,12.7,0,9.52,3.17,-5.49,-5.49,-5.49,-5.49,-5.49,-5.49,-9.47,-9.73,-16.56,-15.78,-17.41,17.57,20.72,31.74,62.14,8.94,6.36,19.01,10.78,37.62,31.48,9.06,5.89,11.16,1.16,10,1.043426,80,8.94,-8.55,6.87,-6.02,,,9.06,-3.17,5.9,-10.6,10.33,1.011434,75
26-11-2025,NSE:TBOTEK,EQ,17493.49,1687.2,295980,4993.77456,3.79,4.02,13.15,,-1.06,4.56,4.91,5.82,4.32,6.04,16,23.57,12.31,9.04,NA,-1,EEP,HVY,-1,EEP,-1,-1,-1,-1,-1,-1,1.48,2.15,3.71,2.69,6.58,12.1,21.26,80,19.05,34.92,60,14.29,12.7,-2.51,-2.51,-2.51,-5.84,NA,-2.51,-1.72,-5.87,-33.14,-23.28,NA,29.06,34.46,66.47,NA,13.75,23.48,39.84,27.23,7.51,NA,3.84,12.23,18.82,-1.65,0.13,1.043416,80,6.73,17.76,-4.2,-22.75,,,3.84,8.89,8,-24.4,2.15,1.006703,70
26-11-2025,NSE:APARINDS,EQ,37075.35,9156.5,89446,8190.12299,3.7,3.65,9.1,,2.51,-1.95,1.93,8.93,1.81,4.35,11.59,16.5,32.72,-3.25,33.48,-1,-1,-1,EEP,-1,-1,-1,-1,-1,-1,-1,1.3,1.23,2.56,2.29,4.96,12.41,19.83,20,4.76,1.59,0,0,0,-3.23,-3.23,-5.42,-21.51,-21.51,-3.23,-7.13,-16.38,-34.46,-47.19,-13.71,18.45,18.45,90.08,90.08,10.59,16.31,68.05,58.72,7.57,65.07,1.33,7.82,11.75,18.76,-12.16,1.043405,80,0.54,0.11,27.23,-10.24,,,1.33,6.65,4.53,9.77,-47.59,1.005202,68
26-11-2025,NSE:RELIANCE,EQ,2054229.35,1569.9,11074215,173854.10129,1.35,1.41,5.29,,1.96,3.25,3.72,6.17,5.47,11.91,10.02,9.41,21.94,22.1,9.66,-1,-1,-1,-1,-1,-1,-1,-1,6,-1,-1,2.34,1.63,4.04,4.19,8.59,4.35,13.53,100,57.14,19.05,100,57.14,19.05,0,0,0,0,-1.94,0,0,-8.36,-6.82,-23.46,-23.61,15.95,15.95,35.11,35.11,6.57,9.62,21.58,22.39,1.67,0,4.99,6.25,4.66,7.98,13.19,1.043356,80,5.58,6.64,15.08,-5.07,,,4.99,1.51,-1.69,4.17,6.07,1.016001,78
26-11-2025,NSE:IFBIND,EQ,7313.64,1705.1,67873,1157.30252,3.48,3.41,7.54,2M,-0.74,-3.01,-3.83,-7.99,-12.04,-7.91,13,20.88,31.5,8.86,21.87,-1,-1,-1,HV2Q,-1,-1,-1,-1,-1,-1,-1,-2.12,-1.42,-3.49,0.33,-3.17,16.68,16.22,0,38.1,49.21,0,14.29,15.87,-12.83,-12.83,-12.83,-14.69,-26.81,-12.83,-0.96,-10.58,-42.09,-49.87,-33.3,17.12,33.14,59.27,60.03,0.39,49.17,38.57,26.02,9.62,45.84,-12.52,9.23,16.13,17.54,-0.05,1.043112,80,-11.14,37.09,23.65,-32.77,,,-12.52,19.04,8.04,3.76,-27.17,1.015044,77
26-11-2025,NSE:CIGNITITEC,EQ,4789.59,1819.9,67449,1227.50435,2.66,2.64,4.03,,3.03,1.43,2.75,6.21,3.5,15.18,8.49,13.07,23.92,20.08,32.22,-1,-1,-1,-1,-1,EEP,-1,-1,-1,-1,-1,3.23,1.39,4.68,3.87,8.9,6.15,16.04,100,52.38,17.46,60,38.1,12.7,0,0,-0.42,-6.34,-6.34,0,0,-8.88,-18.58,-28.74,-3.82,24.5,24.5,56.95,56.95,7.71,20.14,43.62,36.43,31.17,37.8,3.02,4.72,8.32,9.96,11.17,1.042909,80,4.71,10.8,18.57,16.02,,,3.02,1.87,3.98,2.82,0.82,1.013701,76
26-11-2025,NSE:SAFARI,EQ,11267.95,2492.6,37554,936.071,3.62,3.68,5.44,,1.10,8.2,12.79,15.55,13.73,11.23,13.38,7.92,24.56,0.46,31.84,-1,-1,-1,-1,-1,-1,-1,-1,-1,-1,-1,6.53,2.95,9.77,2.6,12.7,3.29,16.54,20,4.76,14.29,20,4.76,4.76,0,0,0,-8.49,-8.49,0,-5.8,-6.44,-15.73,-30.96,-6.81,21.68,23.77,32.56,50.08,21.68,6.77,12.6,22.07,13.22,49.39,13.25,9.61,3.17,10.6,-8.45,1.042834,80,17.01,1.89,8.85,-2.86,,,13.25,-3.71,-7.33,8.42,-26.08,1.004317,68
26-11-2025,NSE:UTSSAV,SM,619.15,246.5,118044,290.97846,5.72,6.1,5.02,2M,2.11,-6.25,-3.94,-5.38,12.84,25.46,19.05,0.41,17.91,9.49,NA,-1,HVY,HVY,-1,-1,-1,-1,-1,-1,-1,-1,-0.62,2,1.41,11.6,14.71,-0.68,13.94,40,52.38,17.46,0,0,0,-9.19,-9.19,-9.19,-20.25,NA,-9.19,-4.04,-25.85,-20.58,-34.54,NA,52.58,52.58,62.71,NA,11.51,32.99,31.72,62.05,75.12,NA,12.36,15.28,-4.34,3.95,0.58,1.042412,80,11.51,-2.1,-4.52,47.89,,,12.36,3.81,-24.05,7.92,-4.38,1.012186,75
26-11-2025,NSE:AVL,EQ,6708.49,539.45,340204,1835.23048,4.49,4.41,13.92,,0.84,0.43,0.76,-6.41,-4.74,-7.32,6.93,23.03,27.88,13.2,NA,-1,-1,HV2Y,EEP,-1,-1,-1,-1,-1,-1,-1,0.08,-0.71,-0.63,-1.49,-2.09,17.5,18.67,0,9.52,53.97,0,4.76,17.46,-9.44,-9.44,-9.44,-9.44,NA,-9.44,-2.41,-2.33,-21.39,-26.34,NA,17.42,59.6,59.6,NA,3.55,48.49,48.54,7.96,1.16,NA,-5.22,3.16,18.28,13.92,4.29,1.04235,80,-5.45,45.9,25.83,,,,-5.22,7.83,16.28,-3.36,-14.49,1.01042,74
26-11-2025,NSE:BAJFINANCE,EQ,639013.97,1010.7,7503129,75834.1248,2.16,2.37,3.59,2M,2.48,0.5,-0.25,-4.58,-7.29,-1.88,10.87,9.26,16.24,36.03,35.55,-1,-1,-1,-1,-1,HV2Q,-1,-1,-1,-1,-1,-0.04,-1.09,-1.11,-0.69,-1.79,9.63,8.68,0,9.52,49.21,0,9.52,39.68,-6.85,-7.63,-7.63,-7.63,-7.63,-6.85,-0.89,-6.97,-1.63,-0.51,-16.77,15.34,18.49,55.27,56.49,2.48,27.13,8.55,41.84,34.14,2.45,-7.77,7.1,4.51,2.28,27.12,1.042167,80,-5.78,18.68,6.74,36,,,-7.77,13.62,-2.83,-1.97,29.5,1.034553,87
26-11-2025,NSE:FINIETF,EQ,228.01,32.78,513467,168.31448,1.58,1.58,6.64,,2.21,1.28,1.25,2.1,2.44,6.8,8.42,10.16,23.46,23.89,32.67,-1,-1,-1,-1,-1,-1,-1,-1,-1,-1,-1,1.37,0.56,1.94,2.2,4.24,7.12,12.22,80,95.24,52.38,80,95.24,52.38,0,0,0,0,0,0,-0.22,-4.49,-0.2,-12.4,-12.88,13.7,13.7,34.62,50.02,3.47,10.93,22.68,20.94,14.83,14.19,1.96,4.65,5.41,9.5,14.98,1.042151,80,2.76,6.56,18.19,12.88,,,1.96,2.82,0.88,5.14,6.43,1.017432,79
26-11-2025,NSE:MASPTOP50,EQ,1178.18,69.47,268937,186.83053,1.64,1.96,23.64,,1.71,2.89,-2.39,-2.76,1.14,1.17,9.11,21.3,13.39,23.69,44.55,-1,-1,-1,-1,-1,-1,-1,-1,-1,-1,8,1.01,-0.45,0.56,0.28,0.84,13.81,17.01,0,23.81,60.32,0,19.05,58.73,-2.73,-2.73,-2.73,-2.73,-2.73,-2.73,-1.19,-2.79,-14.42,-1.31,-3.74,8.09,29.44,55.03,80.39,3.5,18.78,40.91,28.82,58.89,39.98,0.66,5.34,16.55,-0.57,14.78,1.041763,80,0.38,18.78,-1.16,25.79,,,0.66,4.76,12.39,-19.72,17.77,1.016924,78
26-11-2025,NSE:INDIACEM,EQ,12798.75,397.4,485194,1928.16096,3.45,3.41,6.67,,-0.54,-4.91,1.3,-0.2,2.69,2.74,3.9,15.09,31.97,10.72,48.41,-1,-1,-1,-1,-1,EEP,-1,-1,-1,-1,-1,-0.8,0.6,-0.2,1.13,0.94,13.46,16.64,0,0,28.57,0,0,19.05,-4.68,-4.68,-4.68,-4.68,-4.68,-4.68,-4.84,-2.31,-11.3,-28.94,-5.15,5.01,29.81,61.12,115.16,5.01,8.93,54.83,36.81,46.37,92.1,2.21,0.13,10.34,18.01,1.81,1.041504,80,2.74,7.69,42,-8.57,,,2.21,-2.07,10.62,10.22,-25.37,1.009334,73
26-11-2025,NSE:TATAINVEST,EQ,39160.59,766.6,8640417,66237.43672,2.76,2.76,7.84,2L,5.51,0.55,-1.23,-2.55,-9.18,-15.62,8.73,17.75,31.72,14.89,1.52,-1,-1,HV2Q,HVQ,-1,-1,-1,-1,-1,-1,-1,0.95,-2.76,-1.76,-6.65,-7.88,17.08,11.09,0,0,33.33,0,0,7.94,-6.63,-27.54,-27.54,-27.54,-27.54,-6.63,-20.89,-4.63,-14.62,-46.35,-33.13,14.56,19.33,46.85,46.85,5.51,26.37,21.57,20.79,0.27,15.21,-9.66,4.96,13,17.76,5.98,1.041396,80,-6.63,26.37,17.7,1.11,,,-9.66,13.1,8.86,7.33,-18.78,1.015531,78
26-11-2025,NSE:GCSL,EQ,828.83,365.59,166115,607.29983,9.17,8.9,14.14,,-0.12,-2.66,13.56,33.54,37.21,28.06,NA,NA,NA,NA,NA,-1,-1,-1,-1,-1,-1,-1,-1,-1,-1,-1,3.16,8.3,12.49,15.69,33.42,,,0,0,0,0,0,0,-4.12,NA,NA,NA,NA,-4.12,NA,NA,NA,NA,NA,NA,NA,NA,NA,60.14,NA,NA,NA,NA,NA,36.73,0,0,0,0,1.041386,80,47.09,,,,,,36.73,96.69,-1.02,-9.66,5.87,1.06241,95
26-11-2025,NSE:RAMCOIND,EQ,2718.14,325.95,233887,762.35468,3.66,3.58,6.37,2L,2.82,3.87,2.21,-7.53,-3.9,-17,5.57,20.74,29.02,14.18,35.05,-1,-1,HV2Q,-1,-1,-1,-1,-1,-1,-1,-1,1.38,-1.54,-0.16,-5.29,-5.17,17.41,14.82,0,0,36.51,0,0,30.16,-10.28,-16.7,-16.7,-16.7,-16.7,-10.28,-13.46,0,-18.89,-27.37,-5.17,6.45,28.63,45.76,62.16,5.23,19.79,37.64,15.54,17.09,41.56,-4.38,1.8,15.99,15.06,5.27,1.041056,79,-7.9,18.39,31.79,7.86,,,-4.38,5.8,15.04,0.79,-15.04,1.010725,74
26-11-2025,NSE:MGEL,EQ,493.67,15.56,2063576,321.09243,5.46,5.34,8.53,,9.27,5.91,10.86,7.33,3.21,-9.96,-2.31,15.75,22.01,29.31,34.66,-1,-1,-1,HVQ,-1,HVQ,-1,-1,-1,-1,-1,5.92,-0.23,5.68,-5.14,0.51,3.97,4.67,0,0,0,0,0,0,0,-13.51,-13.51,-13.51,-13.51,0,-16.29,-9.65,-18.22,-20.79,-28.2,12.59,29.45,43.94,71.81,12.59,0.4,32.45,21.28,36.97,24.16,2.73,-6.08,11,8.05,20.4,1.040787,79,4.43,-11.26,27.26,2.26,,,2.73,-9.02,16.63,-2.22,15.22,1.01972,80
26-11-2025,NSE:CHOLAFIN,EQ,142692.86,1712.9,1563161,26775.38477,2.6,2.57,2.77,S,1.63,2.03,-0.34,-1.93,-1.14,4.83,11.88,2.78,21.16,29.66,37.66,-1,-1,-1,-1,-1,-1,-1,-1,-1,-1,-1,1.22,0.03,1.26,1.85,3.17,6.75,10.64,0,61.9,44.44,0,33.33,33.33,-2.37,-2.37,-2.37,-2.37,-2.37,-2.37,-0.07,-9.36,0,-17.75,-26.61,20.57,20.57,46.26,63.95,3.71,21.94,10.35,42.19,32.44,18.17,-1.62,8.11,-1.97,7.2,20.75,1.040398,79,-0.6,15.2,9.74,21.93,,,-1.62,9.56,-11.34,9.24,16.64,1.027047,84
26-11-2025,NSE:INDIGO,EQ,227237.66,5913,967468,57206.38284,2.01,2.07,4.89,,2.39,2.61,1.99,4.67,1.32,3.84,-3.43,10.14,26.51,31.17,45.83,-1,-1,-1,-1,EEP,-1,-1,-1,-1,-1,-1,1.71,0.4,2.12,0.71,2.85,5.08,8.36,0,0,1.59,0,0,1.59,0,-2.26,-3.94,-3.94,-3.94,0,-5.21,-0.64,-4.93,-13,-18.52,6.33,12.37,48.01,84,5.9,4.93,39,38.06,41.56,32.58,0.84,-7.2,5.39,12.55,22.26,1.040264,79,1.79,0.55,39,18.52,,,0.84,-8.13,12.1,8.56,12.22,1.022483,81
26-11-2025,NSE:MODEFENCE,EQ,916.06,88.14,2444537,2154.61491,1.84,1.83,3.47,,1.24,-2.5,-2.75,-0.22,-1.29,-0.61,4.02,-7.9,36.27,25.4,NA,-1,-1,-1,-1,-1,-1,-1,-1,-1,-1,-1,-0.81,-0.22,-1.03,-0.03,-1.06,7.01,6.4,0,0,0,0,0,0,-3.25,-3.77,-11.69,-11.69,NA,-3.25,-2.52,-15.24,0,-27.77,NA,8.37,8.37,56.92,NA,1.75,9.77,50.19,69.31,0,NA,-1.77,0.25,-12.65,22.31,16.49,1.039924,79,-0.65,1.64,44.37,,,,-1.77,1.93,-13.43,31.28,-11.19,1.034016,86
26-11-2025,NSE:HINDALCO,EQ,181575.9,800.8,5707427,45705.07542,1.94,2.26,7.41,S,1.45,1.23,0.8,-3.82,-5,7.46,10.61,17.65,23.65,19.07,33.5,-1,-1,-1,-1,-1,-1,-1,-1,-1,-1,-1,0.85,-0.35,0.49,1.44,1.95,11.71,15.48,0,28.57,71.43,0,23.81,65.08,-7.03,-7.03,-7.03,-7.03,-7.03,-7.03,0,0,-13.41,-19.71,-14.9,14.17,26.89,42.54,51.71,3.38,26.06,27.42,17.38,20.6,27.82,-5.48,6.84,12.9,9.69,10.16,1.039766,79,-5.67,21.26,14.3,-3.81,,,-5.48,11.56,6.86,-2.38,-0.12,1.014843,77
26-11-2025,NSE:KAYA,EQ,619.5,410.8,10630,43.66804,5.14,5.12,10.43,L,4.12,2.71,-2.47,-6.3,-4.67,-15.65,-3.48,21.85,33.52,15.28,22.18,-1,-1,-1,-1,HV2Q,-1,-1,-1,-1,-1,-1,1.84,-2.5,-0.64,-5.09,-5.45,17.48,14.58,0,0,15.87,0,0,3.17,-10.61,-14.85,-14.85,-14.85,-41.2,-10.61,-10.87,-7.16,-40.41,-60.91,-50.18,7.03,27.82,90.63,90.63,7.03,7.14,97.26,48.98,12.71,28.29,-5.15,-7.25,17.1,19.56,6.37,1.039674,79,-2.65,1.8,55.09,-40.11,,,-5.15,-2.17,23.46,5.28,-21.57,1.01231,75
26-11-2025,NSE:VINSYS,SM,594.46,439.85,32810,144.31479,4.46,4.62,3.54,,7.23,12,9.97,9.5,13.15,-2.53,13.87,9.37,13.83,11.91,37.48,-1,-1,HV2Y,-1,-1,HVQ,-1,-1,-1,-1,-1,7.8,1.59,9.54,-0.62,8.86,4.9,14.48,0,0,11.11,0,0,6.35,0,-3.19,-3.19,-3.19,-3.19,0,-15.92,-11.87,-8.51,-13.02,-7.75,21.83,30.71,38.34,67.95,15.75,13.52,19.15,25.38,48.05,51.35,12.67,10.1,4.62,-0.13,3,1.039652,79,12.78,10.32,5.53,10.54,,,12.67,-2.49,-6.25,-4.73,3.64,1.007458,70
26-11-2025,NSE:YESBANK,EQ,72695.49,22.93,108803859,24948.72487,2.04,2.08,4.33,S,1.01,0,0.78,-0.39,0.7,7.59,14.74,7.85,23.86,16.57,-3.79,-1,-1,EEP,-1,EEP,-1,-1,-1,-1,-1,-1,1.05,0.15,1.2,1.44,2.68,10.96,15.32,0,19.05,33.33,0,0,22.22,-0.99,-4.58,-4.58,-4.58,-15.39,-0.99,-5.24,-16.02,-14.04,-35.57,-29.41,22.75,23.68,42.33,42.33,3.29,22.82,21.35,31.16,1.99,0.31,0.22,10.97,3.1,9.9,7.66,1.039616,79,0.88,16.17,8.61,-14.04,,,0.22,10.83,-9.1,7.71,-3.69,1.015613,78
26-11-2025,NSE:AXISBANK,EQ,387939.44,1290.2,7200186,92896.79977,1.42,1.43,3.8,,1.89,1.53,5.32,4.93,2.8,10.18,17.07,7.33,22.95,11.71,18.9,-1,-1,-1,-1,-1,-1,-1,-1,-1,6,-1,1.97,1.37,3.38,3.41,7.02,5.65,13.43,100,90.48,38.1,100,61.9,28.57,0,0,0,0,-2.06,0,-0.37,-13.25,-6.38,-24.53,-13.52,23.44,23.44,36.08,36.08,6.01,19.99,6.81,26.1,4.86,11.25,2.32,13.3,2.58,8.99,2.8,1.039609,79,3.52,15.47,5.8,2.19,,,2.32,11.37,-12.76,7.19,-8.72,1.01297,76
26-11-2025,NSE:SAIL,EQ,58364.32,136.92,20682616,28318.63783,3.06,3.17,8.27,,3.53,-2.24,-4.8,-0.92,5.13,0.42,10.28,6.09,23.76,19.23,11.12,-1,EEP,-1,-1,-1,-1,-1,-1,-1,-1,-1,0.09,-0.22,-0.13,1.38,1.26,7.93,9.98,0,23.81,11.11,0,19.05,9.52,-5.39,-5.39,-5.39,-5.39,-21.47,-5.39,-5.39,-10.65,-9.04,-40.13,-36.57,15.39,15.39,36.89,36.89,3.66,9.47,17.4,28.55,4.37,0,4.65,6.51,1.34,9.8,10.32,1.039254,79,3.6,-0.59,15.31,-3.96,,,4.65,2.12,-5.69,9.15,-0.07,1.014956,77
26-11-2025,NSE:MSUMI,EQ,32515.04,45.98,5501227,2529.46417,2.76,2.76,3.18,,-1.73,-5.79,-0.8,-2.2,-0.7,-2.59,8.59,13.95,30.01,10.85,9.53,-1,-1,-1,EEP,-1,-1,-1,-1,-1,-1,-1,-3.09,0.23,-2.87,0.76,-2.12,13.62,13.31,0,0,30.16,0,0,12.7,-6.26,-8.21,-8.21,-8.21,-12.42,-6.26,-7.57,-4.06,-18.18,-38.7,-21.92,11.01,23.94,46.74,46.74,0.24,24.8,34.14,26.28,0,2.01,-1.18,4.82,9.2,16.05,1.94,1.039091,79,-1.63,14.35,27.13,-18.18,,,-1.18,5.91,4.84,9.01,-21.52,1.010147,73
26-11-2025,NSE:AJMERA,EQ,3865.07,1010.8,84585,854.98518,3.61,3.54,4.66,3L,1.27,-1.53,0.73,-4.04,-0.46,-2.61,10.44,21.77,20.49,12.37,32.24,-1,-1,-1,HV2Q,-1,-1,-1,-1,-1,-1,-1,0.76,-0.53,0.23,-0.83,-0.6,10.31,10.82,0,4.76,46.03,0,0,11.11,-5.72,-5.86,-5.86,-13.67,-13.67,-5.72,-5.43,-7.52,-32.46,-31.36,-8.44,16.09,28.58,38.07,64.16,3.16,22.62,23.65,28.42,35.25,49.05,-0.94,6.67,17.02,6.53,3.46,1.038872,79,0.17,8.38,10.52,13.15,,,-0.94,7.54,11.63,-11.3,-4.34,1.007886,71
26-11-2025,NSE:WAAREEENER,EQ,94979.03,3286.2,1430741,47017.01074,2.34,2.55,4.88,M,0.79,3.4,-2.16,-2.54,-9.11,-6.2,4.11,14.9,34.13,17.19,NA,-1,-1,-1,-1,EEP,-1,-1,-1,-1,-1,-1,0.36,-1.33,-0.95,-2.63,-3.49,14.43,12.78,0,0,42.86,0,0,7.94,-5.74,-12.13,-12.13,-12.13,NA,-5.74,-4.13,-4.24,-23.1,-40.48,NA,3.52,23.02,57.09,NA,3.52,24.38,50.62,33.69,3.47,NA,-9.59,0.34,10.15,20.17,8.28,1.038538,79,-5.74,12.11,41.92,,,,-9.59,8.81,10.23,12.94,-19.86,1.016921,78
26-11-2025,NSE:RVHL,BE,357.9,58.22,53052,30.88687,4.99,5.58,4.86,,0.57,0.02,13.38,7.25,5.22,3.81,22.83,7.18,9.46,12.83,29.92,-1,-1,HV2Q,HV2Q,-1,HVQ,-1,-1,-1,-1,-1,1.53,1.54,3.12,-0.25,2.86,10.22,14.58,0,0,26.98,0,0,0,-2.97,-8.2,-8.2,-27.48,-27.48,-2.97,-12.99,-20.8,-32.69,-34.34,-24.51,29.12,49.51,49.51,49.51,16.67,41.71,15.38,31.71,35.33,30.3,4.74,19.06,2.43,-4.5,3.92,1.03822,79,5,21.46,-15.18,-1.49,,,4.74,15.27,-21.3,-7.2,9.59,1.014612,77
26-11-2025,NSE:GROWWDEFNC,EQ,238.47,80.21,304330,244.10309,2.25,2.22,5.88,,1.36,-2.77,-2.61,-0.52,-1.47,-0.7,3.85,-8.07,35.94,25,NA,-1,-1,-1,-1,HV2Q,-1,-1,-1,-1,-1,-1,-0.82,-0.21,-1.03,0.01,-1.02,6.86,6.27,0,0,0,0,0,0,-3.08,-3.65,-11.85,-11.85,NA,-3.08,-2.23,-15.24,0,-26.94,NA,8.26,8.26,56.11,NA,1.47,9.85,48.05,68.7,0,NA,-1.95,0.08,-12.82,21.98,16.09,1.038165,79,-0.38,1.71,43.93,,,,-1.95,1.94,-13.42,31.06,-11.22,1.033278,86
26-11-2025,NSE:INDUSTOWER,EQ,108032.76,405.6,7035071,28534.24798,2.47,2.59,4.51,S,0.50,0.58,-0.33,3.22,8.46,11.7,12.54,5.36,16.9,18.86,38.77,-1,-1,-1,-1,-1,-1,-1,-1,-1,-1,-1,0.99,1.87,2.92,5.72,9.17,0.34,9.54,100,47.62,15.87,20,19.05,6.35,-1.64,-1.64,-4.73,-4.73,-11.54,-1.64,-5.65,-16.68,-16.28,-26.49,-28.22,25.17,25.17,26.59,70.24,11.55,14.58,9.71,20.8,42.58,39.21,7.98,8.77,0.61,2.94,9.95,1.037093,79,5.1,-5.65,3.91,-11.74,,,7.98,1.15,-9.22,2.53,8.23,1.013573,76
26-11-2025,NSE:AUTOBEES,EQ,373.14,284.94,268539,765.17503,1.42,1.42,3.3,,1.56,1,0.92,4.13,1.83,2.6,8.44,15.34,21.76,17.11,26.97,-1,-1,-1,-1,-1,-1,-1,-1,-1,-1,17,1.22,0.58,1.81,0.79,2.63,11.1,15.44,0,0,46.03,0,0,34.92,0,0,0,0,0,0,-0.52,-0.36,-14.43,-20.92,-16.22,11.26,19.94,40.6,40.6,4.37,16.13,28.73,19.03,8.29,14.73,1.35,4.67,10.59,7.8,8.2,1.036966,79,2.35,14.66,17.23,-7.63,,,1.35,3.43,6.51,-2.08,-0.08,1.010358,74
26-11-2025,NSE:BHARATSE,EQ,1142.33,174.06,294843,513.20373,5.33,5.22,5.02,2M,-0.47,-7.26,-7.12,-18.21,-29.13,-1.86,22.73,41.05,NA,NA,NA,-1,-1,HVQ,2,HV2Y,-1,-1,-1,-1,-1,25,-4.09,-3.86,-7.65,-2.54,-9.93,,,0,14.29,65.08,0,0,31.75,-22.15,-25.86,-25.86,NA,NA,-22.15,-4.26,-2.16,NA,NA,NA,30.18,74.79,NA,NA,0,115.04,84.85,NA,NA,NA,-29.61,18.96,36.3,0,0,1.036957,79,-22.15,115.04,,,,,-29.61,36.85,22.7,90.34,5.87,1.071127,96
26-11-2025,NSE:SAMMAANCAP,EQ,15216.2,156.79,30685621,48111.98517,4.54,4.43,5.67,,3.33,-1.76,-12.87,-18.77,-20.31,13.71,22.89,22.82,24.78,-1.86,-8.23,-1,-1,HV2Y,HV2Y,-1,EEP,-1,-1,-1,-1,-1,-3.88,-3.17,-6.84,2.13,-4.81,18.77,17.18,0,47.62,65.08,0,19.05,25.4,-17.45,-17.45,-17.45,-17.45,-17.45,-17.45,0,-15.75,-31.49,-38.69,-16.97,32.91,36.37,52.71,52.71,3.33,64.07,17.76,17.86,0,19.94,-20.79,19.12,18.07,10.82,-10.77,1.036796,78,-16.27,48.9,-1.51,-31.49,,,-20.79,32.6,-1.11,-7.11,-29.55,1.020309,80
26-11-2025,NSE:MINDACORP,EQ,14443.98,595.65,1184050,7052.79383,3.25,3.23,8.7,S,0.38,-1.62,-2.01,0.71,5.51,2.78,13.9,7.57,15.78,19.58,36.41,-1,-1,HV2Y,-1,-1,-1,-1,-1,-1,-1,-1,0.11,0.81,0.92,2.55,3.56,7.79,12.31,80,52.38,41.27,40,38.1,28.57,-1.97,-1.97,-1.97,-1.97,-5.8,-1.97,-5.31,-10.71,-12.93,-20.66,-24.24,19.4,29.83,29.83,56.59,5.67,22.67,11.78,17.59,32.66,26.67,5.03,10.13,2.82,1.82,10.67,1.036757,78,5.12,10.15,-6.42,2.32,,,5.03,5.57,-8.37,-0.78,10.39,1.014412,77
26-11-2025,NSE:WOMANCART,SM,210.28,312.8,38064,119.06419,8.09,8.04,5.38,S,-2.14,-5.82,-6.38,-3.82,13.04,23.74,14.15,18.85,-7.4,17.2,58.04,-1,HV2Y,-1,-1,HVQ,-1,-1,-1,-1,-1,-1,-2.46,3.15,0.71,12.12,14.6,-0.34,14.21,80,76.19,28.57,0,23.81,7.94,-8.07,-8.07,-8.07,-27.09,-27.09,-8.07,0,-23.71,-40.83,-21.69,-19.74,44.45,44.45,44.45,195.37,14.08,25.61,22.93,14.22,217.23,144.57,12.56,10.38,14.1,-21.36,8.29,1.03667,78,8.72,23.75,-20.3,-12.39,,,12.56,-2.04,4.45,-42,28.78,1.015171,77
26-11-2025,NSE:MOTHERSON,EQ,116305.23,111.81,19016929,21262.82831,2.8,2.76,6.32,,1.45,-0.31,5.27,6.55,4.36,3.44,15.06,11.56,23.47,3.5,33.61,-1,-1,-1,-1,HV2Q,-1,-1,-1,-1,-1,-1,1.83,1.27,3.14,1.3,4.49,9.23,15.12,20,4.76,19.05,20,4.76,6.35,-0.31,-0.31,-0.31,-1.57,-22.03,-0.31,-4.59,-11.52,-31.04,-40.33,-24.76,21.39,23.86,48.41,50.89,9.03,18.46,26.06,31.25,16.48,46.86,3.88,11.29,6.81,9.51,-5.41,1.03632,78,4.51,6.57,10.89,-23.5,,,3.88,7.87,-5.14,3.8,-20.21,1.005039,68
26-11-2025,NSE:ASIANTILES,EQ,1592.07,65.87,856855,564.41039,3.73,3.68,7.75,,0.08,-1.99,-4.22,-1.94,3.96,7.24,7.18,19.17,28.8,-2.91,14.07,-1,-1,-1,HV2Q,-1,HVQ,-1,-1,-1,-1,-1,-0.86,0.95,0.09,4.8,5.14,10.06,16.9,20,57.14,19.05,0,38.1,12.7,-4.48,-4.48,-4.48,-11.8,-30.15,-4.48,-2.41,-10.91,-43.54,-50.27,-28.11,15.36,23.61,58.68,58.68,5.31,12.1,47.29,28.26,0,31.38,3.48,3.41,14.42,14.84,-11.82,1.036318,78,3.31,10.38,23.82,-43.54,,,3.48,0.04,11.9,2.25,-38.67,1.000205,63
26-11-2025,NSE:NESCO,EQ,8947.71,1286.1,86647,1114.36707,3.35,3.36,5.8,3L,2.01,2.09,1.23,-1.07,-7.68,-11.79,-11.93,26.43,30.1,22.63,38.18,-1,EEP,-1,HV2Q,-1,-1,-1,-1,-1,-1,-1,0.89,-1.59,-0.69,-4.56,-5.03,14.83,11.52,0,0,25.4,0,0,12.7,-7.84,-18.5,-18.5,-18.5,-18.5,-7.84,-12.24,-1.47,-11.17,-15.59,-1.99,4.17,40.4,47.83,61.94,4.17,12.14,65.46,8.75,17.46,30.02,-8.16,-15.7,21.68,16.14,13.72,1.036276,78,-7.84,11.96,56.83,-2.04,,,-8.16,-7.25,33.25,-4.68,-4.82,1.018129,79
26-11-2025,NSE:MOTILALOFS,EQ,59210.21,959.65,1171326,11240.62996,2.96,3.2,5.36,2M,1.45,-0.82,-3.86,-2.75,-10.34,1.66,3.54,18.9,35.84,8.15,61.43,-1,-1,-1,HVQ,-1,EEP,-1,-1,-1,-1,-1,-0.46,-1.17,-1.61,0.25,-1.37,15.31,16.47,0,9.52,19.05,0,4.76,17.46,-12.06,-12.06,-12.06,-12.06,-12.06,-12.06,0,-3.6,-24.41,-40.2,-14.4,11.94,21.65,69.65,162.96,1.45,23.52,63.65,37.59,75.82,151.68,-10.82,-0.23,14.15,21.88,-0.76,1.036247,78,-12.06,17.64,50.99,10.79,,,-10.82,9.27,14.9,11.23,-37.28,1.012214,75
26-11-2025,NSE:WHEELS,EQ,2191.64,855.3,124756,1067.03807,2.85,2.79,8.7,3L,0.88,-2.03,-3.89,-7.23,-9.56,-0.82,12.5,7.23,29.25,20.04,32.49,-1,-1,HVY,-1,-1,-1,-1,-1,-1,-1,-1,-1.54,-1.6,-3.09,-0.64,-3.7,15.4,13.82,0,14.29,36.51,0,0,20.63,-8.93,-10.92,-10.92,-10.92,-10.92,-8.93,-2.41,-9.72,-6.99,-32.87,-24.14,16.82,19.11,52.65,54,0.88,30.5,33.56,41.61,8.96,23.14,-10.04,8.73,2.48,15.29,11.13,1.036214,78,-7.8,17.51,22.25,-6.99,,,-10.04,16.83,-7.05,14.07,-7.14,1.022994,82
26-11-2025,NSE:ARMANFIN,EQ,1839.76,1630.5,27772,452.82246,3.3,3.25,4.86,,-0.22,-5.45,0.17,0.67,-4.04,6.18,13.51,7.73,21.81,22.93,-13.95,HV2Q,HV2Q,-1,-1,HV2Y,HVQ,-1,-1,-1,-1,-1,-2.13,0.47,-1.66,3.72,2.14,4.56,7.02,40,23.81,7.94,0,14.29,4.76,-6.6,-6.6,-9.76,-9.76,-34.27,-6.6,0,-21.94,-17.52,-48.6,-49.34,20.04,20.7,45.48,45.48,0.67,25.58,25.83,34.23,7.82,0,-4.52,9.74,2.98,7.85,14.02,1.036175,78,-1.89,1.96,10.21,-9.92,,,-4.52,13.56,-7.69,5.59,7.3,1.020654,80
26-11-2025,NSE:XELPMOC,BE,208.49,122.23,42780,52.28999,6.06,5.9,6.14,,-4.78,-20.11,-5.38,-4.72,-5.68,13.46,26.82,18.6,13.17,-5.88,10.86,-1,-1,HVQ,-1,HV2Q,-1,-1,-1,-1,-1,-1,-7.9,1.26,-6.72,8.17,1.57,14.24,18.45,60,85.71,61.9,0,14.29,22.22,-17.59,-17.59,-17.59,-17.59,-23.86,-17.59,-8.86,-26.4,-38.02,-33.89,-19.38,37.49,38.16,51.18,51.18,0.2,46,10.64,23.07,0.6,22.67,-6.16,23.05,13.85,-0.79,-14.79,1.035673,78,-5.14,42.81,-17.21,-7.19,,,-6.16,27.44,-12.26,-16.32,-16.07,1.009896,73
26-11-2025,NSE:VISHNU,EQ,3278.25,542.3,112607,610.66776,3.55,3.69,5.35,,4.08,11.12,6.73,6.33,10.13,9.59,5.31,4.56,15.91,25.83,50.27,-1,-1,-1,EEP,EEP,-1,-1,-1,-1,-1,-1,7.36,1.15,8.61,1.76,10.55,1.69,12.46,0,0,0,0,0,0,0,0,-4.81,-4.81,-4.81,0,-14.42,-9.86,-6.38,-17.51,-27.23,19.79,19.79,48.9,95.85,13.62,7.65,36.68,42.11,81.78,60.35,9.65,1.54,-0.19,1.95,16.92,1.035453,78,11.68,-2.18,12.86,20.75,,,9.65,-8.68,-1.81,2.23,17.66,1.017697,79
26-11-2025,NSE:AIAENG,EQ,35009.14,3763.1,106114,3993.17593,2.96,3.07,11.92,,-1.63,0.79,4.25,11.42,9.99,18.41,17.88,9.89,9.5,9.46,3.91,-1,-1,-1,-1,-1,-1,-1,-1,-1,-1,-1,1.37,3.15,4.67,7.02,12.57,1.63,14.43,100,57.14,19.05,60,47.62,15.87,-1.99,-1.99,-1.99,-1.99,-21.82,-1.99,0,-12.55,-23.81,-29.25,-29.21,24.71,24.71,24.71,24.71,15.79,12.26,0.68,9.69,3.28,0.01,9.51,14.11,5.14,-4.46,0.55,1.035218,78,12.97,3.94,-9.35,-22.94,,,9.51,5.46,-10.75,-10.1,5.82,1.006657,70
26-11-2025,NSE:ATLANTAA,BE,372.13,42.95,543267,233.33318,4.89,5.69,11.92,3L,4.99,-6.01,-10.59,-8.27,-2.24,4.19,22.24,15.46,25.68,-18.67,52.62,-1,-1,HVY,HVY,-1,-1,-1,-1,-1,-1,-1,-1.37,-3.17,-4.4,-4.37,-8.41,19.45,13.71,0,0,30.16,0,0,6.35,-13.88,-36.89,-36.89,-36.89,-36.89,-13.88,-35.48,-21.34,-43.64,-50.46,-20.89,43.6,43.6,54.55,105.5,4.99,46.81,20.19,30.66,64.96,163.41,-2.72,18.47,10.71,11.72,-27.58,1.034952,78,0.09,30.57,7.46,-20.39,,,-2.72,20.63,-9.73,2.43,-53.81,1.002579,66
26-11-2025,NSE:INFLUX,ST,481.41,216.95,44004,95.46668,5.63,5.8,5.03,,4.98,-5.65,13.04,12.12,20.6,14.68,21.85,NA,NA,NA,NA,-1,-1,-1,-1,-1,-1,-1,-1,-1,-1,-1,2.15,4.33,6.77,8.02,16.07,,,100,38.1,42.86,20,19.05,15.87,-8.19,-8.19,NA,NA,NA,-8.19,-13.83,NA,NA,NA,NA,31.13,NA,NA,NA,24.26,19.58,NA,NA,NA,NA,20.12,18.08,0,0,0,1.034893,78,24.26,10.81,,,,,20.12,-1.74,98.98,-9.66,5.87,1.02319,82
26-11-2025,NSE:VEDL,EQ,203516.15,516.3,10450530,53956.08639,2.41,2.57,4.04,S,2.31,0.87,-0.83,1.58,2.14,13.14,12.78,13.23,19,14.24,48.65,-1,-1,-1,-1,-1,-1,-1,-1,-1,10,-1,1.4,0.56,1.97,3.75,5.94,7.77,14.87,0,76.19,46.03,0,57.14,39.68,-2.51,-2.51,-2.51,-2.51,-2.51,-2.51,0,-4.67,-14.18,-19.89,-14.21,22.74,22.74,39.33,93.62,4.61,20.11,21.52,20.9,66.02,75.78,1.66,9.01,8.48,5.04,5.33,1.03488,78,2.76,13.91,6.33,-2.51,,,1.66,7.57,-0.51,-3.01,-0.01,1.009417,73
26-11-2025,NSE:MAHLIFE,EQ,8489.91,405.75,224844,912.30453,3.1,3.13,4.02,,3.80,4.51,4.29,-0.69,4.67,8.71,14.5,16.94,21.57,-2.93,-21.79,-1,-1,-1,-1,-1,-1,-1,-1,-1,-1,-1,3.12,0.66,3.8,2.46,6.42,9.6,17.72,20,52.38,31.75,20,33.33,19.05,-0.69,-0.69,-0.69,-13.82,-34.1,-0.69,-1.35,-10.12,-38.03,-48.31,-32.17,17.75,24.1,55.07,55.07,6.54,13.46,32.58,28.79,0,0,4.19,10.73,12.19,7.61,-11.84,1.034632,78,5.12,4.54,7.16,-36.64,,,4.19,7.01,1.83,-4.09,-25.38,0.999404,62
26-11-2025,NSE:CNXAUTO,IN,,27696.4,,,,,,,1.16,0.95,0.76,3.92,1.56,2.49,8.21,14.8,21.22,16.43,27.09,0,0,0,0,0,0,0,-1,-1,-1,-1,,,,,,,,,,,,,,0,0,0,0,0,,,,,,,,,,,,,,,,,1.08,4.44,10.05,7.26,7.52,1.034208,,,,,,,,1.08,3.44,6.16,-2.13,-0.21,1.009546,
26-11-2025,NSE:INDRAMEDCO,EQ,5008.1,514.25,824647,4240.7472,4.33,4.22,3.79,3L,1.49,-3.51,-6.43,-17.5,-9.7,11,11.59,14.08,24.88,19.12,66.34,-1,-1,HVY,HV2Q,-1,-1,-1,-1,-1,-1,-1,-2.52,-2.24,-4.65,1.75,-2.96,14.48,13.48,0,38.1,44.44,0,33.33,23.81,-17.43,-17.43,-17.43,-17.43,-17.43,-17.43,-1.66,-10.59,-21.91,-31.72,-13.17,17.14,32.5,64.59,215.1,1.49,28.51,45.51,41.41,139.49,157.84,-10.18,7.82,9.33,10.92,10.21,1.033925,78,-8.81,22.95,12.87,18.6,,,-10.18,16.1,1.8,2.91,-1.79,1.01765,79
26-11-2025,NSE:TEGA,EQ,12922.52,1928.1,250495,4829.7941,2.42,2.42,3.1,L,2.33,0.79,-1.51,-0.86,1.69,0.97,1.85,18.63,27.76,9.35,39.12,-1,-1,-1,EEP,EEP,EEP,-1,-1,-1,-1,-1,0.98,-0.43,0.54,-1.03,-0.48,13.58,15.17,0,0,22.22,0,0,15.87,-1.86,-8.57,-8.57,-8.57,-12.27,-1.86,-10.12,-5.32,-28.61,-36.63,-20.48,7.12,30.8,51.78,60.22,4.38,5.72,48.97,23.51,23.32,54.75,1.21,-1.92,13.88,13.8,0.44,1.033464,78,0.67,1.57,41.8,-8.41,,,1.21,-3.15,16.07,1.56,-19.61,1.005187,68
26-11-2025,NSE:LT,EQ,553671.3,4062,1835131,74543.02122,1.57,1.6,8.88,,1.63,1.04,2.64,3.39,3.4,9.56,11.3,10.39,20.73,14.24,12.92,-1,-1,-1,-1,-1,-1,-1,-1,-1,3,-1,1.26,0.98,2.26,3.15,5.6,7.36,13.98,100,100,61.9,100,80.95,55.56,0,0,0,0,0,0,0,-2.45,-7.79,-18.42,-10.61,15.23,18.7,33,33,4.65,14.66,17.97,19.18,0,6.48,2.92,7.53,5.64,6.77,5.33,1.033356,78,2.25,13.97,9.99,0.93,,,2.92,4.86,-2.04,1.87,-2.31,1.009293,73
26-11-2025,NSE:TARACHAND,EQ,632.96,77.84,492315,383.218,5.97,5.85,3.14,S,1.54,-1.54,0.28,-8.63,-9.53,6.49,8.59,23.33,30.23,-0.24,60.48,-1,-1,HV2Y,HV2Q,-1,-1,-1,-1,-1,-1,-1,-0.23,-2.03,-2.22,-0.76,-2.95,14.79,13.9,0,23.81,26.98,0,0,7.94,-16.1,-17.87,-17.87,-17.87,-21.19,-16.1,-10.04,-9.44,-39.2,-45.01,-21,14.5,37.99,61.96,133.54,5,25.42,31.1,24.18,90.23,173.31,-10.01,4.82,18.58,16.27,-9.15,1.032803,78,-9.62,18.55,26.15,-39.2,,,-10.01,13.24,15.1,-0.66,-37.81,1.005535,69
26-11-2025,NSE:HLEGLAS,EQ,3351.84,464.25,442605,2054.79371,5.21,5.39,3.69,3L,2.24,-4.45,-8.31,-34.29,-13,-11.65,-16.95,6.58,43.98,23.06,5.34,-1,-1,-1,EEP,EEP,-1,-1,-1,-1,-1,-1,-3.39,-4.35,-7.42,-2.39,-9.58,21.2,14.74,0,23.81,26.98,0,4.76,9.52,-28.02,-28.02,-28.02,-28.02,-28.02,-28.02,-8.58,0,0,-49.41,-30.51,3.38,13.93,107.28,107.28,3.25,26.17,142.42,93.64,0,1.58,-13.48,-20.72,1.83,30.02,14.15,1.032437,77,-15.7,22.06,108.27,2.35,,,-13.48,-6.81,19.1,30.38,-31.49,1.030152,85
26-11-2025,NSE:HUDCO,EQ,48265.81,239.17,4734158,11322.68569,3.29,3.27,3.92,,3.64,0.79,5.02,2.56,5.08,2.77,10.9,-0.41,24.77,15.88,21.06,-1,-1,-1,-1,-1,-1,-1,-1,-1,-1,-1,2.34,0.46,2.82,1,3.86,4.93,9.25,0,0,0,0,0,0,-1.95,-1.95,-3.43,-7.43,-30.11,-1.95,-5.4,-13.95,-18.22,-47.42,-41.21,16.96,16.96,44.83,44.83,6.11,11.01,29.05,45.42,9.61,22.56,4.6,7.13,-5.16,10.81,6.97,1.032192,77,5.86,3.83,16.02,-15.87,,,4.6,2.81,-13.71,15.42,-5.95,1.015208,77
26-11-2025,NSE:MRF,EQ,66649.56,154490,6615,10219.5135,1.6,1.62,7.01,2L,-0.19,0.73,-2.13,-2.22,-3.14,0.48,5.01,6.8,29.43,20.05,8.53,-1,-1,HVY,-1,-1,-1,-1,-1,-1,-1,-1,-0.35,-0.48,-0.82,0.47,-0.36,10.99,11.95,0,14.29,42.86,0,0,25.4,-3.38,-4.81,-4.81,-4.81,-4.81,-3.38,-1.82,-3.75,-1.8,-25.4,-15.49,9.6,14.92,50.49,50.49,1.67,15.06,42.94,40.26,0.28,3.48,-3.62,1.24,2.05,15.47,11.14,1.032084,77,-2.34,6.79,33.93,3.13,,,-3.62,4.59,0.86,14.62,-7.42,1.016697,78
26-11-2025,NSE:CONNPLEX,SM,426.88,250.5,85744,214.78872,6.28,6.55,3.62,,6.10,7.23,10.08,11.9,18.66,15.61,22.24,NA,NA,NA,NA,-1,-1,-1,-1,-1,-1,-1,-1,-1,-1,-1,7.03,2.81,10.13,5.11,16.06,,,100,85.71,50.79,40,23.81,15.87,0,0,NA,NA,NA,0,-9.14,NA,NA,NA,NA,39.44,NA,NA,NA,16.97,14.31,NA,NA,NA,NA,18.18,18.47,0,0,0,1.032023,77,12.48,,,,,,18.18,1.08,98.98,-9.66,5.87,1.023185,82
26-11-2025,NSE:SCI,EQ,12145.71,233,8594409,20024.97297,4.53,4.6,9.31,S,0.24,-6.87,-15.82,-7.38,-16.6,0.22,7.89,12.82,35.83,11.46,14.87,-1,-1,HVQ,HV2Y,HV2Q,-1,-1,-1,-1,-1,-1,-4.97,-1.3,-6.19,3.38,-2.91,14.7,13.83,0,66.67,42.86,0,4.76,14.29,-13.66,-15.07,-15.07,-15.07,-32.59,-13.66,-0.97,-8.79,-26.51,-56.75,-40.32,12.83,15.62,62.19,62.19,0.24,34.75,49.39,41.4,0,7.25,-17.08,4.12,8.07,21.87,2.55,1.031949,77,-11,24,33.45,-25.83,,,-17.08,17.69,4.33,16.74,-32.11,1.01992,80
26-11-2025,NSE:PERSISTENT,EQ,96306.38,6415,514428,33000.5562,1.91,1.92,12.73,,0.70,1.54,4.37,8.67,8.37,19.07,15.04,12,9.63,10.75,34.28,-1,-1,-1,-1,-1,HV2Q,-1,3,-1,-1,-1,2.44,2.65,5.23,6.78,12.89,2.67,15.99,100,90.48,30.16,100,80.95,26.98,0,0,0,-3.88,-3.88,0,0,-10.78,-15.41,-13.14,-0.21,33.02,33.02,45.7,91.39,10.97,21.89,23.79,28.23,72.96,70.82,7.89,11.27,7.25,-4.33,1.84,1.031451,77,10.09,14.13,-7.62,13.83,,,7.89,3.97,-4.61,-12.35,7.11,1.005807,69
26-11-2025,NSE:GRAPHITE,EQ,11214.56,558.2,1426393,7962.12573,4.65,4.56,12.11,S,1.05,-1.85,-1.83,-9.78,-0.78,-2.47,5.48,4.07,30.23,17.14,-10.3,-1,-1,-1,-1,EEP,-1,-1,-1,-1,-1,-1,-1.04,-0.96,-1.98,0,-1.98,8.58,7.22,0,23.81,7.94,0,4.76,1.59,-12.24,-12.24,-12.24,-12.24,-18.95,-12.24,-4.71,-10.14,-11.97,-43.45,-32.84,9.28,9.28,49.07,49.07,3.65,10.13,40.9,43.01,0,0,-1.26,1.71,-0.68,16.27,8.23,1.031055,77,-5.44,3.73,31.42,-1.25,,,-1.26,2.9,-2.52,17.61,-12.89,1.015833,78
26-11-2025,NSE:SAWALIYA,SM,225.14,284.1,68736,195.27898,3.9,4.27,7.9,,1.41,5.51,19.04,20.8,22.1,15.77,18.04,NA,NA,NA,NA,-1,-1,-1,-1,-1,-1,-1,-1,-1,-1,-1,8.11,5.54,14.44,6.3,22.14,,,0,0,7.94,0,0,6.35,0,0,NA,NA,NA,0,-12.94,NA,NA,NA,NA,32.2,NA,NA,NA,30.32,2.98,NA,NA,NA,NA,21.62,14.27,0,0,0,1.030628,77,28.93,,,,,,21.62,-8.53,98.98,-9.66,5.87,1.018089,79
26-11-2025,NSE:COASTCORP,EQ,274.94,44.55,271936,121.14749,6.32,6.18,4.51,,0.02,0.88,5.88,10.77,10.21,24.44,25.77,4.38,5.52,-5.3,-7.61,-1,-1,HVY,EEP,-1,HVQ,-1,-1,-1,3,-1,2.65,3.08,5.9,7.41,14.37,1.03,15.57,100,95.24,34.92,20,9.52,3.17,-3.03,-3.03,-3.03,-18.39,-27.69,-3.03,-10.71,-29.5,-27.39,-31.68,-23.86,45.73,45.73,45.73,45.73,16.32,30.85,2.93,25.15,0.01,8.29,9.73,22,-0.37,-8.44,-14.21,1.030598,77,8.05,10.71,-22.94,-27.39,,,9.73,14.01,-29.84,-8.47,-5.58,1.003172,67
26-11-2025,NSE:DIACABS,EQ,7963.06,141.67,1842885,2610.81518,4.11,4.05,5.05,M,1.11,-7.62,-3.98,-9.9,-8.41,-13.33,-3.35,22.12,38.54,-4.21,67.91,-1,-1,-1,HV2Y,-1,2,-1,-1,-1,-1,-1,-2.49,-1.2,-3.65,-1.55,-5.12,16,12.96,0,0,0,0,0,0,-9.01,-12.82,-20.45,-20.45,-23.2,-9.01,-9.8,-17.79,-40.19,-52.8,-19.97,2.78,41.05,69.95,205.55,1.11,11.43,75.64,32.35,128.59,287.6,-8.89,-7.12,17.37,24.58,-13.12,1.030591,77,-5.91,-5.7,60.15,-24.25,,,-8.89,1.36,23.62,11.42,-63.69,1.006593,70
26-11-2025,NSE:MAHABANK,EQ,46095.39,59.95,17804238,10673.64068,3.04,3.01,3.87,,0.57,-1.98,3.97,2.52,1.77,6.04,9.37,15,18.25,14.5,0.92,-1,-1,EEP,HV2Q,-1,EEP,-1,-1,-1,-1,-1,1.15,0.62,1.78,1.79,3.64,7.67,12.25,60,38.1,23.81,20,28.57,19.05,-1.95,-1.95,-1.95,-1.95,-17.31,-1.95,-1.9,-6.86,-19.26,-32.4,-29.3,15.4,17.57,37.44,37.44,5.25,13.36,24.55,16.83,5.19,4.57,1.29,5.6,10.25,4.29,5.59,1.03051,77,-0.12,3.83,9.14,-18.84,,,1.29,4.43,5.18,-5.83,1.28,1.007649,71
26-11-2025,NSE:AGARWALEYE,EQ,16290.7,510.8,270958,1384.05346,3.36,3.33,8.22,S,0.88,1.79,-0.06,-0.84,-1.7,9.88,9.81,26.54,18.4,NA,NA,-1,-1,-1,-1,-1,-1,-1,-1,-1,-1,-1,0.8,-0.3,0.5,1.15,1.67,13.43,17.44,0,0,30.16,0,0,22.22,-2.63,-6.4,-6.4,NA,NA,-2.63,-4.8,-1.75,-17.22,NA,NA,22.97,52.91,NA,NA,3.45,25.06,37.91,7.68,NA,NA,-2.18,6.04,21.79,4.44,0,1.030489,77,-0.98,13.3,9.18,,,,-2.18,8.01,17.53,-20.73,105.87,1.013926,76
26-11-2025,NSE:KERNEX,EQ,2185.93,1180.4,185911,2194.49344,5.19,5.25,5.13,,-2.35,-14.2,-9.28,-7.69,-5.68,6.05,11.11,7.75,25.28,17.89,53.27,-1,-1,HVQ,-1,-1,-1,-1,-1,-1,-1,-1,-6.04,-0.71,-6.69,3.92,-2.89,13.49,12.25,40,80.95,33.33,20,19.05,9.52,-12.43,-12.49,-12.49,-22.58,-22.58,-12.43,-7.52,-19.37,-28.59,-42.15,-3.72,18.69,18.69,80.67,247.33,0,25.43,60.59,66.66,159.53,185.2,-6.16,7.34,3,11.32,8.98,1.029879,77,-5.42,21.14,18.94,19.14,,,-6.16,12.58,-4.8,9.34,-4.02,1.01632,78
26-11-2025,NSE:ZUARI,EQ,1223.89,274.75,263921,725.12295,3.09,3.65,6.2,S,0.81,-4.79,-0.78,10.39,6.37,-4.79,-39.62,22.3,31.63,23.74,38.91,-1,-1,-1,HV2Y,-1,HV2Q,-1,-1,-1,-1,-1,-1.02,1.21,0.2,1.57,1.8,10.12,13.26,0,0,6.35,0,0,3.17,-5.89,-28.22,-28.38,-28.38,-28.38,-5.89,-32.94,0,-17.21,-27.15,-10.47,14.86,36.25,58.98,70.49,14.86,20.45,121.97,23.52,16.56,30.02,5.89,-43.39,17.55,17.67,14.83,1.02966,77,6.14,20.45,97.58,4.89,,,5.89,-52.43,43.33,2.35,-5.67,1.029931,85
26-11-2025,NSE:RAJRATAN,EQ,2487.78,430.25,441015,1897.46704,6.07,6.08,4.48,S,-2.40,-4.36,-8.02,-3.85,10.96,22.24,25.38,2.67,12.14,-16.44,-40.26,-1,-1,EEP,-1,EEP,-1,-1,-1,-1,-1,-1,-3.4,1.91,-1.53,11.78,11.63,2.32,14.28,20,42.86,14.29,0,19.05,6.35,-12.27,-12.27,-12.27,-15.26,-36.32,-12.27,-7.4,-28.39,-32.25,-44.05,-25.84,39.24,39.24,52.44,52.44,11.08,23.98,13.75,48.36,0,0,10.48,21.61,-2.08,-1.82,-25.35,1.029487,77,11.08,-5.07,-16.33,-29.99,,,10.48,12.89,-31.45,0.07,-26.67,0.999173,62
26-11-2025,NSE:SAVY,SM,343.13,169,74424,125.77656,5.35,5.57,3.88,,19.94,7.9,3.67,3.25,19.79,18.93,19.53,NA,NA,NA,NA,-1,-1,-1,-1,-1,-1,-1,-1,-1,-1,-1,9.22,0.36,9.61,5.31,15.75,,,0,42.86,14.29,0,14.29,4.76,0,0,NA,NA,NA,0,-8.63,NA,NA,NA,NA,28.22,NA,NA,NA,21.15,2.85,NA,NA,NA,NA,19.31,15.76,0,0,0,1.028876,77,21.15,,,,,,19.31,-3.64,98.98,-9.66,5.87,1.019237,80
26-11-2025,NSE:FMGOETZE,EQ,2989.67,471.95,92700,437.49765,4.87,4.86,7.13,,2.78,-13.61,-4.89,-6.3,1.4,-16.08,-11.17,23.66,25.18,16.93,27.45,HVQ,HVQ,-1,HV2Y,-1,-1,-1,-1,-1,-1,-1,-4.82,-0.66,-5.45,-1.05,-6.43,9.12,2.97,0,0,0,0,0,0,-12.47,-17.74,-20.81,-20.81,-20.81,-12.47,-21.74,-11.97,-22.86,-25.69,-17.49,2.78,23.99,49.07,49.71,2.78,0,65.71,13.8,12.01,24.36,0.92,-14.94,18.91,11.22,8.02,1.02877,77,1.07,-21.74,49.73,-22.86,,,0.92,-16.05,30.31,-7.66,-5.16,1.010787,74
26-11-2025,NSE:ETERNAL,EQ,298774.86,306.85,28090118,86194.52708,2.63,2.66,4.34,2L,1.51,0.08,-0.64,-2.17,-8.75,-9.43,-4.04,26.74,27.23,13.05,47.84,-1,-1,-1,-1,-1,-1,-1,-1,-1,-1,-1,0.43,-1.74,-1.29,-4.63,-5.66,16.31,12.72,0,0,50.79,0,0,38.1,-8.29,-13.4,-13.4,-13.4,-13.4,-8.29,-5.83,-2.24,-25.8,-26.29,-10.16,3.06,36.88,52.34,94.27,3.06,11.66,58.49,11.6,50.23,79.49,-9.23,-7.81,21.99,13.27,4.14,1.028721,77,-8.29,7.45,36.37,-12.86,,,-9.23,1.02,28.57,-9,-13.61,1.009631,73
26-11-2025,NSE:INDNIPPON,EQ,1934.13,855.1,71270,609.42977,4.02,3.91,3.85,S,2.54,-0.82,-14.54,-12.66,-16.65,-13.16,6.58,17.61,26.06,21.22,25.87,-1,-1,HV2Y,-1,HV2Q,-1,-1,-1,-1,-1,-1,-1.7,-4.1,-5.58,-6.31,-11.18,20.95,12.36,0,0,55.56,0,0,26.98,-13.86,-20.82,-20.82,-20.82,-20.82,-13.86,-7.63,-2.79,-15.28,-23.97,-18.99,10.7,24.22,54.9,54.9,2.97,31.3,44.71,27.62,7.85,10,-17.13,2.81,12.86,12.1,12.31,1.02841,77,-13.86,28.99,25.85,-13.4,,,-17.13,16.6,10.78,0.6,-0.68,1.019152,80
26-11-2025,NSE:TORNTPHARM,EQ,129082.2,3755.8,266284,10001.09447,1.95,1.97,18.46,S,0.28,0.65,-1.83,4.81,4.24,3.76,2.16,15.45,19.01,17.41,30.92,-1,EEP,-1,-1,-1,-1,-1,-1,-1,-1,-1,0.45,0.8,1.26,2.28,3.62,6.51,10.84,0,0,7.94,0,0,0,-1.98,-1.98,-1.98,-1.98,-1.98,-1.98,-4.56,-2.48,-10.73,-14.49,-12.8,6.86,20.08,28.17,50.14,5.7,2.32,25.4,8.37,21.6,24,3.76,-1.61,10.7,5.05,8.5,1.028352,77,5.01,-0.21,17.75,-5.56,,,3.76,-5.48,12.55,-5.44,3.89,1.007953,71
26-11-2025,NSE:MOSCHIP,EQ,4373.72,215.95,4521167,9763.46014,3.82,3.74,14.83,M,3.15,-3.94,-7.71,-12.06,-21.76,-14.42,20.69,21.7,22.93,NA,NA,-1,-1,HV2Y,HV2Y,HV2Y,-1,-1,-1,-1,-1,-1,-1.11,-4.52,-5.39,-9.1,-13.27,,,0,0,49.21,0,0,12.7,-16.04,-23.9,-23.9,NA,NA,-16.04,-7.34,-13.1,-16.46,NA,NA,30.4,38.14,NA,NA,6.43,68.2,23.11,21.54,NA,NA,-22.24,16.92,16.95,8.97,0,1.028287,76,-16.04,56.75,0.85,,,,-22.24,31.56,0.25,-8.09,105.87,1.035722,87
26-11-2025,NSE:PREMEXPLN,EQ,3155.24,543.25,1220323,6629.4047,4.77,4.67,5.82,2L,2.10,-4.96,-9.27,-14.19,-11.31,-11.2,3.67,-3.18,34.96,24.37,48.43,-1,-1,HV2Y,-1,HVQ,HVQ,-1,-1,-1,-1,-1,-2.86,-3.27,-5.93,-4.29,-9.8,16.58,8.13,0,4.76,15.87,0,4.76,11.11,-17.71,-18.63,-18.63,-18.63,-39.05,-17.71,-9.42,-16.37,-7.63,-60.36,-53.91,9.8,27.43,74.26,96.94,3.48,41.85,67.86,79.81,31.95,53.42,-11.79,-0.1,-7.93,21,15.46,1.028274,76,-13.76,24.85,37.67,-2.78,,,-11.79,10.15,-8.14,27.3,-10.4,1.030421,85
26-11-2025,NSE:MAHSCOOTER,EQ,17599.99,14427,10130,1461.4551,3.62,3.69,7.53,L,2.80,-1.96,0.84,-1.89,-15.87,-23.85,-8.74,6.74,35.99,29.79,49.87,-1,-1,-1,-1,HVQ,-1,-1,-1,-1,-1,-1,-1.08,-2.82,-3.79,-8.77,-11.55,16.41,5.82,0,0,41.27,0,0,26.98,-12.21,-19.93,-19.93,-19.93,-19.93,-12.21,-7.22,-2.75,-2.18,-26.32,-19.19,2.8,9.49,59.29,112.03,2.8,14.48,70.39,48.56,35.72,48.86,-16.35,-12.51,1.99,22.03,20.88,1.0279,76,-12.13,11.34,70.39,47.74,,,-16.35,2.85,13.21,21.7,-3.81,1.027675,84
26-11-2025,NSE:SANGHVIMOV,EQ,3156.56,343.95,471547,1621.88591,4.49,4.37,5.01,2L,1.03,-0.12,-6.35,-15,-9.9,-13.65,1.37,14.03,34.25,11.34,-54.56,-1,-1,HV2Y,EEP,EEP,EEP,-1,-1,-1,-1,-1,-1.34,-2.79,-4.02,-4.46,-8.12,18.89,13.28,0,0,50.79,0,0,20.63,-14.74,-15.5,-15.5,-15.5,-52.27,-14.74,-7.14,-3.09,-36.69,-68.62,-57.69,5.67,34.46,63.55,63.55,5.67,47.77,61.32,40.61,0,0,-10.38,-2.4,9.28,20.29,2.43,1.027656,76,-12.07,45.41,40.88,-29.22,,,-10.38,6.94,11.82,13.86,-28.97,1.012314,75
26-11-2025,NSE:GMRP&UI,EQ,9221.39,124.64,2862508,3567.82997,3.97,3.97,5.9,,2.41,-3.44,5.73,1.41,2.72,5.53,5.91,7.04,19.71,20.94,64.58,-1,-1,HVQ,HVQ,-1,-1,-1,-1,-1,-1,-1,0.13,1.47,1.62,2.48,4.2,4.25,8.82,0,0,9.52,0,0,3.17,-5.71,-5.71,-5.71,-8.52,-23.32,-5.71,-7.91,-13.92,-28.72,-38.44,-39.38,13.31,20.48,32.71,190.88,6.68,15.4,24.87,23.37,149.86,146.04,2.24,2.14,2.29,5.75,12.03,1.027066,76,5.34,7.82,8.45,-0.33,,,2.24,-0.04,0.18,3.98,7.4,1.012647,75
26-11-2025,NSE:APCOTEXIND,EQ,2094.54,403.85,39684,160.26383,3.2,3.34,12.34,S,0.12,2.01,-0.69,12.12,11.8,-0.47,3.91,11.01,20.8,4.42,-6.14,-1,EEP,-1,-1,-1,HV2Y,-1,-1,-1,-1,-1,1.04,1.94,3.04,2.26,5.42,4.03,9.85,0,0,0,0,0,0,-0.69,-3.48,-5.57,-5.57,-14.11,-0.69,-16.71,-9.26,-22.66,-31.98,-17.91,15.7,15.7,39.79,39.79,15.7,1.29,34.32,24.4,0,2.31,11.32,0.14,6.26,6.84,-4.49,1.026843,76,13.66,-10.01,21.23,-17.41,,,11.32,-12.25,6.36,1.34,-14.81,1.000415,63
26-11-2025,NSE:GESHIP,EQ,16246.9,1093.9,517964,5666.0082,3.27,3.24,5.36,S,2.81,-2.13,-5.95,3.7,3.78,5.94,12.74,14.59,18.22,1.75,8.87,-1,-1,HVQ,-1,EEP,-1,-1,-1,-1,-1,-1,-0.31,0.59,0.29,2.81,3.19,8.69,13.01,0,57.14,44.44,0,33.33,30.16,-5.62,-5.62,-5.62,-5.62,-24.77,-5.62,-0.85,-7.6,-32.02,-38.48,-26.08,17.96,18.32,34.93,34.93,4.23,13.85,17.74,15.25,1.14,18.15,3.3,8.97,9.84,4.26,-7.16,1.026718,76,3.39,9.42,5.76,-32.02,,,3.3,6,1.1,-5.41,-14.28,0.999969,63
26-11-2025,NSE:BDL,EQ,58173.47,1487.6,1390552,20685.85155,2.67,2.91,14.83,,1.72,-3.31,-3.01,0.44,-3.37,-5.3,-2.23,-31.76,32.12,37.69,43.47,EEP,EEP,-1,-1,EEP,EEP,5.47,-1,-1,-1,-1,-1.54,-0.52,-2.05,-1.08,-3.1,-0.06,-3.16,0,0,0,0,0,0,-7.82,-8.83,-26.19,-26.19,-26.19,-7.82,-7.23,-24.55,0,-41.69,-46.48,4.47,4.47,59.03,83.71,3.44,8,55.91,111.47,27.01,16.58,-3.85,-6,-36.51,18.16,28.78,1.026639,76,-1.98,-7.23,45.06,50.26,,,-3.85,-2.2,-29.91,38.82,14.08,1.055167,94
26-11-2025,NSE:WAAREEINDO,BE,2309,529.05,93488,494.59826,2.33,5.35,4.47,S,-5.00,-21.42,-16.38,8.79,31.92,NA,NA,NA,NA,NA,NA,-1,-1,-1,-1,-1,-1,NA,-1,-1,2,-1,-8.35,8.52,0.18,,,,,80,95.24,94.59,0,66.67,78.38,-25.66,NA,NA,NA,NA,-25.66,NA,NA,NA,NA,NA,NA,NA,NA,NA,39.89,NA,NA,NA,NA,NA,31.44,0,0,0,0,1.026373,76,39.89,,,,,,31.44,96.69,-1.02,-9.66,5.87,1.047094,91
26-11-2025,NSE:ARIHANTCAP,EQ,1042.38,100.76,3948847,3978.85824,3.47,3.42,5.49,2M,1.86,2.9,2.64,0.04,-6.56,-3.55,-9.5,30.16,29.36,3.34,46.75,-1,HV2Y,HV2Y,HV2Q,-1,-1,-1,-1,-1,-1,-1,1.22,-1.24,-0.02,-4.54,-4.36,16.64,14.73,0,0,31.75,0,0,17.46,-6.37,-13.98,-13.98,-13.98,-15.65,-6.37,-8.33,-1.53,-41.09,-40.42,-18.47,3.91,44.21,69.34,89.58,3.91,11.51,85.43,18.27,39.02,90.21,-7.04,-13.27,25.41,15.4,-5.57,1.025996,76,-6.37,5.85,49.09,-12.18,,,-7.04,-6.07,35.2,-10.81,-30.95,1.006404,70
26-11-2025,NSE:GANESHIN,SM,1023.6,215.95,138752,299.63494,5.19,5.3,4.49,,4.32,-7.78,-7.06,-3.77,0.28,-5.35,-18.38,16.11,40.73,NA,NA,-1,-1,-1,HVQ,HVQ,-1,-1,-1,-1,-1,-1,-2.58,-1.52,-4.04,-1.63,-5.58,16.18,12.64,0,0,11.11,0,0,0,-11.22,-16.22,-20.45,NA,NA,-11.22,-20.67,-5.82,-12.74,NA,NA,4.32,35.14,NA,NA,4.32,8.85,133.36,65.36,NA,NA,-0.2,-22.15,11.36,26.77,0,1.025668,76,-4.24,8.85,88.39,,,,-0.2,-22.02,28.12,19.68,105.87,1.041521,90
26-11-2025,NSE:MSPL,EQ,1995.12,34.82,1204428,419.38183,3.77,3.89,5.64,S,3.54,1.84,0.52,4.37,1.92,-8.01,7.93,21.97,25.93,-16.51,29.78,-1,-1,HV2Q,HV2Q,-1,-1,-1,-1,-1,-1,-1,1.99,-0.19,1.8,-3.88,-2,13.76,13.63,0,0,33.33,0,0,4.76,-1.5,-14.36,-14.36,-26.01,-44.9,-1.5,-16.01,-7.18,-57,-59.19,-35.8,14.13,31.79,54.89,54.89,9.67,11.93,42.62,20.86,10.69,74.12,1.44,4.16,17.22,11.97,-25.42,1.025657,76,4.06,7.8,18.87,-33.76,,,1.44,2.81,14.23,-4.58,-51.44,0.992803,53
26-11-2025,NSE:SHAH,EQ,253.64,3.9,2954479,115.22468,7.53,7.38,4.05,S,2.36,1.79,-7.18,-16.41,-4.87,6.41,17.69,21.28,16.15,-5.38,21.79,-1,HVQ,-1,HV2Q,-1,-1,-1,-1,-1,-1,-1,-2.01,-2.04,-3.97,1,-3,9.66,7.37,0,28.57,17.46,0,14.29,11.11,-17.89,-17.89,-21.21,-21.21,-44.44,-17.89,-3.99,-35.15,-54.45,-53.42,-41.45,20.37,27.87,36.36,36.36,2.36,28.21,12.24,7.34,10.85,39.32,-5.35,13.92,16.53,2.19,-14.29,1.025547,76,0.78,7.07,-10.34,-51.11,,,-5.35,18.21,3.34,-16.17,-19.82,1.000778,64
26-11-2025,NSE:STYLAMIND,EQ,3376.05,2063.6,86102,1776.80087,4.15,4.17,5.58,,-5.27,0.6,8.08,-0.6,0.87,16.14,18.16,10.96,21.91,-9.54,26.85,-1,-1,HVY,-1,-1,-1,-1,-1,-1,-1,-1,0.92,1.58,2.53,5.06,8,8.51,18.04,40,52.38,33.33,20,28.57,17.46,-5.27,-5.27,-5.27,-20.73,-22.51,-5.27,0,-10.22,-31,-39.48,-15.11,29.06,29.06,37.14,41.58,8.79,27.93,12.23,22.11,10.56,55.08,0.39,14.39,6.21,7.95,-18.45,1.025427,76,3.45,8.75,1.27,-5.84,,,0.39,14.13,-9.83,2.64,-34.4,1.000179,63
26-11-2025,NSE:AVANTEL,EQ,4292.51,153.7,4383818,6737.92827,3.45,3.41,3.18,M,1.65,-2.59,-6.98,-9.22,-12.88,-21.42,1.85,9.63,37.28,9.7,NA,-1,-1,HVQ,HV2Y,HVQ,-1,-1,-1,-1,-1,-1,-2.08,-3.77,-5.64,-8.81,-13.28,18.79,6.79,0,0,36.51,0,0,15.87,-13.68,-27.38,-27.38,-27.38,NA,-13.68,-18.03,-16.85,-23.49,-50.36,NA,5.52,22.64,59.44,NA,2.51,38.43,49.21,44.09,0,NA,-13.36,-1.92,4.88,23.32,0.79,1.0253,76,-11.39,27.61,48.4,-23.49,,,-13.36,9.74,6.9,20.94,-38.11,1.016536,78
26-11-2025,NSE:SUPRIYA,EQ,6338.02,767.55,342276,2627.13944,4.11,4.06,9.37,S,1.47,0.2,0.67,-3.74,4.79,3.42,13.72,4.93,18.23,8.35,57.19,-1,-1,-1,-1,HVQ,HVQ,-1,-1,-1,-1,-1,0.37,0.31,0.69,2.77,3.55,5.76,9.89,0,61.9,42.86,0,52.38,26.98,-4.37,-4.37,-4.37,-4.87,-4.87,-4.37,-3.1,-16.71,-9.56,-22.21,0,19.12,19.12,30.15,137.12,3.29,13.41,12.29,41.18,102.63,127.1,4.31,9.95,0.18,4.27,-0.56,1.024871,76,2.37,6.86,4.34,33.34,,,4.31,6.06,-11.2,4.33,-6.21,1.006228,70
26-11-2025,NSE:HYUNDAI,EQ,192824.13,2306.7,978956,22581.57805,2.68,2.68,6.52,,0.26,-4.96,-3.83,-3.83,1.46,-19.47,-7.18,18.36,21.49,20.86,NA,-1,-1,-1,-1,-1,-1,-1,-1,-1,-1,-1,-1.41,-0.9,-2.29,-3.77,-5.84,15.06,10.85,0,0,39.68,0,0,15.87,-5.41,-17.89,-17.89,-17.89,NA,-5.41,-19.09,-4.22,-1.74,-5.5,NA,1.76,26.58,45.98,NA,0.35,10.88,56.47,19.18,11.66,NA,0.98,-10.95,13.61,7.53,11.95,1.024697,76,0.35,8.28,31.79,,,,0.98,-12.08,22.81,-5.83,5.07,1.010934,74
26-11-2025,NSE:MOSILVER,EQ,390.37,156.52,544566,852.3547,2.66,3.2,6.65,,1.05,1.33,0.77,6.79,7.49,13.51,27.11,NA,NA,NA,NA,-1,-1,-1,-1,-1,-1,-1,-1,-1,-1,-1,1.74,0.82,2.58,2.56,5.28,,,0,0,53.97,0,0,49.21,-4.29,-12.18,NA,NA,NA,-4.29,-18.76,NA,NA,NA,NA,35.87,NA,NA,NA,13.63,27.92,NA,NA,NA,NA,7.01,23.34,0,0,0,1.024466,76,13.63,,,,,,7.01,17.9,98.98,-9.66,5.87,1.032436,86
26-11-2025,NSE:GOLDIAM,EQ,4245.15,398.7,588556,2346.57277,4.42,4.43,5.61,,6.95,5.42,9.15,7.81,10.27,4.78,9.78,1.72,9.88,19.02,56.51,EEP,EEP,-1,-1,EEP,EEP,-1,-1,-1,-1,-1,4.96,1.37,6.42,0.36,6.8,0.13,6.94,0,0,14.29,0,0,0,0,-4.29,-4.29,-26.51,-26.51,0,-14.12,-13.56,-27.78,-33.78,-18.6,13.8,20.29,46.34,167.4,12.93,7.93,32.02,45.91,140.98,116.53,9.79,6.01,-3.03,-4.08,10.11,1.024444,76,12.04,3.22,-10.46,45.91,,,9.79,-3.86,-9.96,-1.35,16.01,1.011733,75
26-11-2025,NSE:TITAN,EQ,343031.69,3897.7,1156362,45071.52167,1.67,1.66,5.5,,1.11,-0.91,1.2,2.16,4.05,12.3,6.32,7.91,17.34,18.45,6.79,-1,-1,-1,-1,-1,-1,-1,-1,-1,-1,-1,0.72,1.29,2.04,4.37,6.69,5.17,12.51,100,52.38,25.4,100,52.38,23.81,-0.9,-0.9,-0.9,-0.9,-0.9,-0.9,-0.86,-1.53,-6.13,-15.75,-16.88,17.14,17.54,30.49,30.49,4.86,12.78,22.25,20.17,3.24,1.85,3.57,2.55,3.16,3.38,9.54,1.024391,76,4.86,8,13.74,-0.42,,,3.57,-0.95,0.68,0.58,7.22,1.00973,73
26-11-2025,NSE:CENTURYPLY,EQ,17386.15,815.9,116986,954.48877,2.94,2.96,5.25,,3.29,4.65,6.39,7.1,8.8,0.61,9.63,7.3,11.85,14.23,18.24,-1,-1,-1,-1,-1,HVQ,-1,-1,-1,-1,-1,4.78,0.81,5.63,-0.64,4.95,3.31,8.55,0,0,30.16,0,0,26.98,0,-0.51,-0.51,-6.02,-10.98,0,-9.27,-7.57,-17.48,-21.52,-23.64,12.21,13.26,22.23,30.31,9.7,2.83,10.46,13.3,14.88,11.77,8.32,5.86,2.55,-2.11,5.32,1.024316,75,8.87,0.14,1.84,-0.5,,,8.32,-2.4,-3.59,-4.76,8.57,1.006549,70
26-11-2025,NSE:JSWSTEEL,EQ,287340.84,1154.4,1475203,17029.74343,2.15,2.15,4.92,L,3.81,-0.91,-2.37,-2.34,0.33,0.46,8.37,12.19,15.21,18.21,32.38,-1,-1,-1,-1,-1,-1,-1,-1,-1,-1,14,0.46,-0.76,-0.3,0.19,-0.11,8.89,9.65,0,33.33,60.32,0,14.29,50.79,-4.6,-4.6,-4.6,-4.6,-4.6,-4.6,-2.09,-2.29,-4.66,-5.8,-9.14,12.45,19.19,30.63,45.27,4.38,12.08,13.71,14.7,25.38,20.94,-0.15,4.6,7.44,1.25,9.3,1.024217,75,-2.52,12.05,8.23,8.62,,,-0.15,4.76,3.15,-6.22,9.41,1.009964,73
26-11-2025,NSE:TREJHARA,BE,355.65,239.17,30248,72.34414,5.03,5.24,5.54,S,4.96,-0.37,-8.47,3.52,7.06,20.23,11.55,-2.66,27.42,-0.81,38.14,-1,-1,HVQ,-1,HVQ,-1,-1,-1,-1,-1,-1,0.45,1.65,2.13,8.92,12.14,-2.22,9.7,40,28.57,9.52,0,0,0,-7.81,-7.81,-7.81,-16.45,-18.66,-7.81,-2.07,-21.8,-16.5,-40.97,-18.01,36.75,36.75,37.79,70.84,11.05,27.09,21.14,41.45,23.99,72.21,6.58,7.78,-7.41,13.46,-9.72,1.02387,75,10.89,2.07,17.92,3.51,,,6.58,1.52,-17.08,19.64,-33.03,1.007923,71
26-11-2025,NSE:IOLCP,EQ,2805.54,91.6,2910549,2666.06288,3.08,3.35,5.7,S,1.50,-0.81,-7.54,-1.3,-1.67,-25.05,-3.38,3.44,27.49,25.38,22.35,-1,-1,HV2Q,EEP,EEP,HVQ,-1,-1,-1,-1,-1,-0.75,-1.35,-2.07,-6.64,-8.17,13.75,6.47,0,0,22.22,0,0,9.52,-7.01,-23.62,-23.62,-23.62,-23.62,-7.01,-22.35,-8.2,-14.33,-35.67,-33.8,3.15,10.32,54.34,54.34,3.15,3.28,59.56,49.03,0,0.87,-2.15,-7.15,-1.31,13.53,16.47,1.023521,75,-1.18,-1.17,42.64,-5.22,,,-2.15,-5,5.58,15.25,2.96,1.017781,79
26-11-2025,NSE:OILIETF,EQ,232.34,12.35,2344552,289.55217,1.66,1.65,4.7,,1.73,0.4,-0.08,1.7,3.48,7.53,8.58,6.48,18.46,14.74,NA,-1,-1,-1,-1,-1,-1,-1,-1,-1,-1,-1,0.69,0.74,1.44,2.79,4.35,4.78,9.59,100,71.43,23.81,80,66.67,22.22,-0.56,-0.56,-0.56,-0.56,NA,-0.56,0,-7.08,-14.95,-25.85,NA,12.79,12.79,28.38,NA,4.04,8.86,17.36,20.06,1.1,NA,3,4.81,1.73,4.5,5.83,1.022964,75,4.04,3.92,11.34,-13.09,,,3,1.98,-3.32,3.15,1.3,1.008026,71
26-11-2025,NSE:NUVAMA,EQ,26714.88,7313,141358,10337.51054,3.39,3.33,4.92,S,4.88,-0.42,-0.53,2.26,-1.47,15.55,6.23,5.27,27.86,11.45,42.5,-1,-1,-1,-1,-1,-1,-1,-1,-1,-1,-1,1.13,0.11,1.24,3.48,4.89,4.81,10.18,0,0,0,0,0,0,-2.08,-2.08,-11.76,-11.76,-11.76,-2.08,0,-17.25,-6.31,-28.65,-12.42,21.23,21.23,44.69,82.78,4.88,23.01,35.68,37.06,38.48,70,-1.95,2.46,0.52,13.9,2.54,1.022747,75,-1.74,1.01,24.95,11.57,,,-1.95,4.28,-2.04,14.19,-16.89,1.009974,73
26-11-2025,NSE:EQUITASBNK,EQ,7371.02,65.63,3494486,2293.43116,3.64,3.66,7.65,,2.12,2.44,11.73,7.89,9.01,11.79,18.77,2.48,9.07,3.02,-43.68,HV2Q,HV2Q,-1,-1,EEP,-1,-1,-1,-1,-1,-1,3.21,2.67,6.04,4.93,11.55,-3.04,8.26,100,28.57,9.52,100,28.57,9.52,0,0,-6.3,-11.19,-38.83,0,-2.45,-25.23,-24.98,-44.38,-40.67,30.56,30.56,30.56,30.56,15.16,18.8,0.7,16.55,0,1.63,8.53,15,-2.27,-4.89,-5.89,1.022444,75,8.93,-2.45,-12.33,-23.46,,,8.53,7.42,-21.07,-2.91,-0.78,1.003419,67
26-11-2025,NSE:FLAIR,EQ,3329.44,300.8,145994,439.14995,3.98,3.96,4.46,2L,0.33,0.07,-8.89,-4.45,-0.33,-5.65,-3.91,7,31.9,13.66,13.63,-1,-1,-1,EEP,-1,-1,-1,-1,-1,-1,-1,-1.32,-1.22,-2.51,-1.28,-3.74,10.12,7.09,0,0,4.76,0,0,0,-8.85,-11.59,-14.75,-14.75,-14.75,-8.85,-14.47,-11.42,-16.67,-38.98,-21.59,2.86,21.63,52.43,52.43,2.86,1.87,58.38,41.76,0,3.53,-0.81,-7.68,2.25,17.94,4.75,1.022231,75,-1.13,-5.47,42.85,-7.2,,,-0.81,-6.87,9.47,17.11,-20.91,1.010597,74
26-11-2025,NSE:BERGEPAINT,EQ,67476.16,575.65,434010,2498.37857,2.61,2.62,5.33,,1.14,-2.31,2.7,6.64,5.98,6.92,7.14,4.22,14.54,19.13,3.1,-1,-1,-1,-1,-1,-1,-1,-1,-1,-1,-1,0.25,1.62,1.9,3.49,5.59,0.71,6.34,0,0,0,0,0,0,-2.45,-2.45,-4.08,-4.08,-7.92,-2.45,-5.87,-10.93,-11.81,-21.31,-25.54,11.73,11.73,30.53,30.53,8.4,5.05,10.99,25.02,11.55,2.15,5.5,3.37,-0.53,0.58,10.22,1.021974,75,5.64,-3.01,9.31,-5.27,,,5.5,-2.08,-4.16,1.11,11.25,1.010572,74
26-11-2025,NSE:METALIETF,EQ,346.42,10.32,10861034,1120.85871,2.31,2.3,2.82,M,1.98,-0.97,-2.71,-2.13,-2.03,2.13,8.33,10.08,19.86,15.41,NA,-1,-1,-1,-1,-1,-1,-1,-1,-1,-1,-1,-0.05,-0.55,-0.6,0.64,0.03,9.16,10.12,0,52.38,73.02,0,33.33,55.56,-4.71,-4.71,-4.71,-4.71,NA,-4.71,0,-2.57,-9.38,-19.24,NA,12.05,14.03,31.3,NA,2.58,15.59,20.36,18.07,3.76,NA,-2.51,4.56,5.33,5.9,6.5,1.021943,75,-3.19,11.66,13.02,-0.75,,,-2.51,6.85,0.88,1.22,0.31,1.008994,72
26-11-2025,NSE:ARVIND,EQ,8784.77,359.9,448535,1614.27747,3.66,3.65,3.5,,0.80,0.82,7.6,12.07,9.38,11.93,18.71,-0.92,11.49,2.15,27.48,-1,-1,-1,-1,-1,-1,-1,-1,-1,-1,-1,2.87,3.12,6.18,5.72,12.63,-4.55,7.72,100,28.57,9.52,80,23.81,7.94,0,0,-1.97,-19.76,-19.76,0,-2.95,-26.68,-19.03,-28.98,-13.88,28.72,28.72,28.72,38.45,16.12,16.65,1.92,16.3,25.51,38.75,8.9,14.94,-5.67,-2.47,-6.76,1.021845,75,11.7,-2.95,-13.88,-10.37,,,8.9,6.99,-25.17,2.63,-4.68,1.004347,68
26-11-2025,NSE:BANKNIFTY1,EQ,5288.18,615.98,85364,525.82517,1.14,1.15,6.91,,1.22,0.41,2.19,2.84,2.49,7.58,7.37,7.63,18.12,15.75,22.88,-1,-1,-1,-1,-1,-1,-1,-1,-1,4,-1,1.01,0.79,1.81,2.34,4.25,4.67,9.36,100,61.9,20.63,100,61.9,20.63,0,0,0,0,0,0,-0.31,-4.49,-0.45,-9.79,-7.18,11.07,11.07,25.13,30.48,3.65,8.31,15.91,15.58,6.84,9.94,2.01,3.6,2.88,4.16,6.84,1.021661,75,2.4,2.96,11.97,8.63,,,2.01,1.7,-0.74,1.69,2.98,1.008046,72
26-11-2025,NSE:BANKETF,EQ,254.64,603.97,23208,140.16936,0.69,0.77,3.18,,1.30,0.65,2.07,2.68,2.54,7.4,7.38,7.39,18.12,15.85,22.8,-1,-1,-1,-1,-1,-1,-1,-1,-1,2,-1,1.09,0.74,1.84,2.26,4.2,4.63,9.26,100,61.9,20.63,100,61.9,20.63,0,0,0,0,0,0,-0.08,-3.91,-0.37,-9.88,-7.38,10.72,10.72,25.03,30.21,3.28,7.9,15.81,15.79,6.61,9.58,2.06,3.61,2.64,4.16,6.94,1.021621,75,2.15,2.77,11.94,8.73,,,2.06,1.65,-1,1.93,3.09,1.008166,72
26-11-2025,NSE:SHRIPISTON,EQ,11981.55,2613.6,46850,1224.4716,2.82,2.79,14.8,,0.67,-4.37,-2.97,-3.3,-3.95,0.48,0.28,7.99,24.2,23.09,34.75,-1,-1,-1,-1,EEP,-1,-1,-1,-1,-1,-1,-1.3,-0.58,-1.87,-0.33,-2.19,12.62,11.94,0,0,34.92,0,0,25.4,-4.18,-4.66,-4.66,-4.66,-4.66,-4.18,-0.89,-0.59,-3.27,-15.62,-14.38,4.02,12.08,55.58,55.58,0.68,14.73,55.15,43.15,37.19,39.2,-4.43,-3.49,3.24,10.24,14.18,1.02156,75,-3.35,12.38,29.26,15.38,,,-4.43,0.76,6.71,7.96,4.4,1.014368,77
26-11-2025,NSE:BANKBEES,EQ,7882.07,614.22,657476,4038.34909,0.84,0.87,7.23,,1.28,0.62,2.1,2.75,2.47,7.47,7.29,7.49,17.98,15.92,22.83,-1,-1,-1,-1,-1,-1,-1,-1,-1,3,-1,1.12,0.74,1.87,2.24,4.2,4.62,9.25,100,57.14,19.05,100,57.14,19.05,0,0,0,0,0,0,0,-3.67,-0.39,-9.62,-7.36,10.72,10.72,24.96,30.27,3.33,7.99,15.86,15.61,6.85,9.52,1.99,3.52,2.74,4.02,7.01,1.021389,75,2.34,2.93,11.76,8.68,,,1.99,1.63,-0.8,1.68,3.37,1.008134,72
26-11-2025,NSE:SUBROS,EQ,5881,850.4,336609,2862.52294,3.48,3.59,14.87,3L,1.59,-3.03,-6.53,-22.54,-31.33,-33.19,-2.52,10.48,33.98,29.29,39.47,-1,-1,HVQ,HV2Y,EEP,-1,-1,-1,-1,-1,-1,-3.04,-5.89,-8.44,-10.16,-16.88,20.42,4.45,0,0,33.33,0,0,11.11,-25.04,-28.79,-28.79,-28.79,-28.79,-25.04,-6.48,-15.44,-6.16,-30.79,-25.87,1.6,16.84,56.83,67.01,1.6,41.8,60.78,40.39,13.36,21.41,-31.81,-6.29,5.73,20.02,20.38,1.021381,75,-25.04,33.09,53.66,1.96,,,-31.81,18.62,11.67,16.59,-1.24,1.032831,86
26-11-2025,NSE:SETFNIFBK,EQ,4072.72,609.24,131258,799.67624,0.89,0.91,5.44,,1.29,0.62,2.23,2.87,2.44,7.43,7.32,7.5,18,15.82,22.87,-1,-1,-1,-1,-1,-1,-1,-1,-1,-1,-1,1.11,0.75,1.88,2.27,4.24,4.6,9.27,100,57.14,19.05,100,57.14,19.05,0,0,0,0,0,0,-0.02,-3.9,-0.32,-9.51,-7.1,10.68,10.68,25.05,30.41,3.33,7.99,15.9,15.68,6.94,9.78,1.96,3.55,2.75,4.04,6.91,1.021324,75,2.3,2.88,11.93,8.67,,,1.96,1.7,-0.83,1.69,3.21,1.008066,72
26-11-2025,NSE:TATACONSUM,EQ,116620.17,1185.3,1473720,17468.00316,2.33,2.3,4.08,,0.65,1.96,1.97,0.51,1.3,3.81,8.75,3.96,13.36,23.08,-1.03,-1,-1,-1,-1,HVQ,-1,-1,-1,-1,-1,-1,0.88,0.56,1.45,1.57,3.07,5.11,8.62,0,38.1,26.98,0,33.33,25.4,-1.02,-1.02,-1.02,-1.02,-4.54,-1.02,-0.55,-7.47,-6.9,-17.6,-26.85,11.57,13.23,33.26,33.26,3.73,11.76,15.01,27.99,15.46,0,0.82,4.98,-0.79,-0.6,14.17,1.021175,75,1.4,10.95,5.49,-5.59,,,0.82,4.24,-6.27,0.13,17.09,1.015309,77
26-11-2025,NSE:ABSLBANETF,EQ,2841.22,60.77,132375,80.44429,1.17,1.19,3.63,,1.22,0.64,2.02,2.67,2.34,7.4,7.22,7.54,18.18,15.67,22.4,-1,-1,-1,-1,-1,-1,-1,-1,-1,4,-1,1.07,0.74,1.83,2.25,4.17,4.66,9.27,100,66.67,22.22,100,66.67,22.22,0,0,0,0,0,0,0,-3.54,-0.5,-9.83,-7.05,10.93,10.93,25.38,30.16,3.16,8.34,16.32,15.93,6.49,9.77,1.86,3.45,2.79,4.22,6.76,1.021174,75,2.32,2.95,11.93,8.68,,,1.86,1.69,-0.68,1.85,2.79,1.007947,71
26-11-2025,NSE:AXISBNKETF,EQ,410.3,611.7,12069,73.82607,0.62,0.71,10.31,,1.31,0.59,2.14,2.64,2.32,7.43,7.17,7.76,17.85,15.92,22.69,-1,-1,-1,-1,-1,-1,-1,-1,-1,-1,-1,1.07,0.74,1.82,2.23,4.15,4.61,9.18,100,61.9,20.63,100,61.9,20.63,0,0,0,0,0,0,0,-3.56,-0.68,-9.34,-7.21,10.61,10.61,25,30.15,3.19,8.05,15.85,15.3,6.91,9.43,1.84,3.4,3.01,3.89,7.01,1.021148,75,2.38,2.83,11.98,8.36,,,1.84,1.65,-0.38,1.28,3.52,1.008014,71
26-11-2025,NSE:APOLLOTYRE,EQ,32634.66,521.45,1059758,5526.10809,2.89,2.86,3.68,,-0.11,-0.23,-2.09,-0.17,3.05,5.13,10.67,5.26,20.97,7.7,9.3,-1,-1,-1,-1,-1,-1,-1,-1,-1,-1,-1,0.14,0.9,1.05,3.17,4.36,7.72,13.09,80,90.48,52.38,20,42.86,33.33,-2.88,-2.88,-2.88,-5.04,-7.59,-2.88,-1.86,-5.93,-12.45,-26.96,-14.7,14.22,20.62,39.31,39.31,3.98,16.94,24.45,31.98,0,6.62,2.57,6.9,0.51,7.01,-1.21,1.021143,74,3.36,11.1,12.68,-2.68,,,2.57,4.55,-7.07,6.92,-10.92,1.005169,68
26-11-2025,NSE:CNXMETAL,IN,,10280.7,,,,,,,2.06,-1.01,-2.55,-2.12,-1.81,2.15,8.21,9.59,19.7,15.21,24.1,0,0,0,0,0,0,0,-1,-1,-1,-1,,,,,,,,,,,,,,-4.61,-4.61,-4.61,-4.61,-4.61,,,,,,,,,,,,,,,,,-2.29,4.44,4.84,5.74,6.3,1.021089,,,,,,,,-2.29,6.53,0.48,1.52,0.28,1.00872,
26-11-2025,NSE:ADOR,EQ,1900.91,1093.6,40549,443.44386,3.47,3.45,6.51,,0.23,0.11,6.85,1.26,-1.86,7.8,16.37,10.44,20.95,-3.43,-19.82,-1,-1,EEP,-1,-1,-1,-1,-1,-1,-1,-1,0.89,0.44,1.33,1.76,3.14,7.67,11.71,0,14.29,7.94,0,0,0,-4.25,-8.34,-8.34,-11.83,-26.69,-4.25,-6.63,-18.04,-31.28,-43.73,-26.37,20.27,20.61,30.71,30.71,7.35,22.85,9.31,17.07,0,0,-2.34,12.6,5.69,6.99,-12.34,1.021036,74,-4.25,6.69,6.23,-25.84,,,-2.34,14.59,-8.12,2.08,-24.98,1.002122,65
26-11-2025,NSE:HDFCNIFBAN,EQ,5780.28,60.99,133381,81.34907,1.05,1.05,3.95,,1.06,0.48,2.02,2.64,2.3,7.25,7.3,7.49,18.04,15.69,22.64,-1,-1,-1,-1,-1,-1,-1,-1,-1,-1,-1,1.01,0.74,1.76,2.25,4.09,4.65,9.17,100,61.9,20.63,100,61.9,20.63,0,0,0,0,0,0,0,-3.93,-0.42,-9.63,-7.05,10.71,10.71,24.83,30.24,3.18,8.17,15.72,15.47,6.75,9.8,1.82,3.53,2.74,4.08,6.78,1.02102,74,2.09,2.87,11.98,8.4,,,1.82,1.81,-0.81,1.74,3.01,1.007963,71
26-11-2025,NSE:SOBHA,EQ,17317.77,1572.6,189650,2982.4359,3.12,3.09,4.55,2M,1.53,0.2,-2.46,-2.96,0.23,-0.09,4.24,14.18,25.55,3.54,23.02,-1,-1,-1,EEP,-1,EEP,-1,-1,-1,-1,-1,0.46,-0.39,0.08,0.9,0.98,7.97,9.73,0,0,0,0,0,0,-7.56,-7.56,-7.56,-7.56,-25.94,-7.56,-3.7,-11.29,-34,-44.86,-28.56,11.72,13.25,43.67,43.67,3.67,11.47,37.58,23.3,3.02,25.31,-0.25,0.47,9.43,11.59,-5.37,1.021002,74,1.75,-2.78,25.1,-20.31,,,-0.25,0.71,9.36,3.58,-23.69,1.00091,64
26-11-2025,NSE:SILVERTUC,EQ,1050.81,783.1,48468,379.55291,4.94,4.81,6.05,S,-1.03,-4.53,-4.82,2.98,8.6,5.64,10.58,0.65,16.84,9.75,17.74,-1,-1,-1,-1,-1,-1,-1,-1,-1,-1,-1,-1.98,1.22,-0.77,4.52,3.93,3.44,7.63,80,47.62,15.87,20,23.81,7.94,-5.7,-5.7,-5.7,-5.7,-5.7,-5.7,-8.85,-14.1,-4.56,-19.52,-12.66,15.03,15.03,24.43,24.43,7.66,5.13,11.27,23.62,2.53,11.27,8.12,6.81,-4.1,2.88,0.84,1.020892,74,7.66,-8.85,8.68,3.51,,,8.12,-1.14,-12.12,6.63,-2.65,1.005876,69
26-11-2025,NSE:BORORENEW,EQ,8603.81,600.9,997512,5994.04961,4.02,3.94,5.42,2L,3.06,-2.57,-13.25,-10.32,-11.52,2.11,6.47,9.4,16.72,28.91,17.08,-1,-1,HV2Q,EEP,EEP,HVQ,-1,-1,-1,-1,-1,-2.17,-2.36,-4.42,0.6,-3.84,10,6.84,0,52.38,31.75,0,23.81,14.29,-14.07,-14.07,-14.07,-14.07,-14.07,-14.07,-0.98,-13.45,-13.19,-20.21,-25.1,9.83,21.52,39.66,46.01,3.06,22.49,21.66,32.28,21.59,3.8,-12,2.7,4.65,2.76,20,1.020824,74,-10.69,7.22,6.98,8.02,,,-12,12.82,2.12,-1.58,20.5,1.023266,82
26-11-2025,NSE:GOKEX,EQ,6824.49,928.5,560353,5202.87761,3.36,3.41,4.82,,0.48,-1.03,1.77,7.21,8.12,14.7,23.25,-1.72,2.96,3.44,21.12,-1,-1,-1,-1,EEP,EEP,-1,-1,-1,-1,-1,0.98,2.84,3.92,7.45,12.29,-3.7,8.29,100,42.86,14.29,40,28.57,9.52,-2.2,-2.2,-6.29,-25.71,-25.71,-2.2,-5.77,-31.79,-24.43,-27.91,-15.01,37.97,37.97,37.97,37.97,11.38,26.77,2.33,25.51,27.64,27.01,7.64,19.48,-6.47,-11,-5.47,1.020724,74,7.02,-5.37,-23.61,1.82,,,7.64,13.15,-33.55,-5.05,6.36,1.007732,71
26-11-2025,NSE:BANKIETF,EQ,3239.52,60.82,591419,359.70104,1.38,1.38,3.59,,1.20,0.54,2.07,2.68,2.25,7.37,7.09,7.4,17.82,15.78,22.74,-1,-1,-1,-1,-1,-1,-1,-1,-1,-1,-1,1.05,0.71,1.78,2.21,4.08,4.64,9.14,100,61.9,20.63,100,61.9,20.63,0,0,0,0,0,0,0,-3.93,-0.28,-9.39,-7.14,10.52,10.52,24.94,30.24,3.21,8.03,16.08,15.69,7.02,9.68,1.77,3.32,2.65,3.86,6.87,1.020405,74,2.1,3.07,12.03,8.64,,,1.77,1.64,-0.68,1.6,3.39,1.007892,71
26-11-2025,NSE:HDFCAMC,EQ,116709.96,2679,868630,23270.5977,1.87,2,12.05,2L,0.40,-0.63,-2.38,-0.83,-3.75,-8.06,-9.97,10.26,30.24,21.35,28.73,-1,-1,-1,-1,-1,-1,-1,-1,-1,-1,-1,-0.63,-0.84,-1.46,-2.42,-3.79,11.16,8.3,0,0,22.22,0,0,15.87,-5.11,-8.93,-9.06,-9.06,-9.06,-5.11,-5.65,0,-0.46,-22.58,-12.71,0.4,13.05,47.67,54.97,0.4,1.76,62.39,32.52,8.11,21.89,-4.23,-13.74,5.51,16.28,12.44,1.020402,74,-5.11,0.14,55.39,8.65,,,-4.23,-9.3,17.37,12.6,-6.87,1.013585,76
26-11-2025,NSE:UTIBANKETF,EQ,3955,61.3,651861,399.59079,1.23,1.25,5.01,,1.11,0.57,2.14,2.68,2.17,7.08,7.1,7.44,17.91,15.63,22.77,-1,-1,-1,-1,-1,-1,-1,-1,-1,-1,-1,0.95,0.75,1.72,2.27,4.08,4.67,9.17,100,61.9,20.63,100,61.9,20.63,0,0,0,0,0,0,0,-3.78,-0.28,-9.5,-6.98,10.83,10.83,25.1,30.15,3.27,8.43,16.22,15.8,6.84,9.81,1.69,3.33,2.69,3.95,6.72,1.020305,74,2.25,3.06,12.24,8.68,,,1.69,1.73,-0.65,1.65,3.09,1.007788,71
26-11-2025,NSE:ARTEMISMED,EQ,3814.23,286.62,277943,796.64023,3.46,3.67,6.8,,-0.51,-0.31,6.15,14.48,13.62,15.06,18.9,2.62,9.11,-11.72,46.01,EEP,EEP,-1,-1,-1,HVQ,-1,-1,-1,-1,-1,3.12,3.69,7.07,6.74,14.81,-1.24,13.4,100,38.1,12.7,60,28.57,9.52,-0.51,-0.51,-0.51,-15.82,-15.82,-0.51,-0.73,-19.76,-18.03,-23.49,0,30.89,30.89,31.27,76.33,17.83,13.07,6.46,27.82,81.6,123.21,13.14,15.13,-2.13,-4.85,-20.63,1.020075,74,17.15,3.06,-14.34,4.28,,,13.14,2.8,-21.09,-3,-17.05,0.994561,56
26-11-2025,NSE:BANKNIFTY,IN,,59528.05,,,,,,,1.20,0.52,2.11,2.86,2.38,7.4,7.37,7.01,17.54,15.38,21.73,0,0,0,0,0,0,0,-1,-1,-1,-1,,,,,,,,,,,,,,0,0,0,0,0,,,,,,,,,,,,,,,,,1.9,3.6,2.26,3.58,6.47,1.019815,,,,,,,,1.9,1.81,-1.41,1.66,3.25,1.007634,
26-11-2025,NSE:CENTEXT,BE,211.2,24.08,430692,103.71063,4.92,4.79,3.97,2L,1.01,-5.19,-10.84,-19.23,-16.15,-6.52,10.3,18.11,21.51,12.54,18.4,-1,-1,2,HV2Q,-1,-1,-1,-1,-1,-1,-1,-3.83,-4.22,-7.72,-4.52,-11.71,18.01,7.69,0,0,36.51,0,0,11.11,-16.27,-29.07,-29.07,-29.07,-29.07,-16.27,-17.61,-13.6,-34.16,-37.38,-30.22,15.38,23.23,46.03,46.03,1.18,34.02,30.99,19.59,9.88,22.44,-16.63,6.53,13.36,7.55,3.63,1.019056,74,-16.27,18.87,13.98,-34.16,,,-16.63,19.46,7.68,-5.5,-5.56,1.012799,75
26-11-2025,NSE:INDIASHLTR,EQ,9734.99,878.85,167805,1474.75424,3.34,3.29,4.54,,2.03,-1.14,3.92,-0.88,0.2,-1.29,-5.95,2.09,24.22,27.08,35.47,-1,-1,-1,-1,-1,-1,-1,-1,-1,-1,-1,0.09,0.03,0.12,-0.19,-0.07,2.29,2.27,0,0,1.59,0,0,0,-4.36,-7.69,-12.3,-12.3,-12.3,-4.36,-7.88,-7.08,-5.15,-15.88,-19.05,4.16,4.16,42.73,66.2,4.16,1.45,38.97,39.75,25.95,21.19,-0.28,-9.72,-2.66,10.26,18.17,1.018924,74,0.79,-6.2,38.97,11.98,,,-0.28,-9.47,6.57,12.94,9.65,1.017498,79
26-11-2025,NSE:ARSSBL,EQ,4820.44,708.5,2139639,15159.34232,5.82,5.77,5.48,,-1.01,1.13,8.05,24.16,28.94,NA,NA,NA,NA,NA,NA,-1,-1,-1,-1,-1,-1,NA,-1,8,-1,-1,1.18,7.3,9.15,,,,,100,100,76.92,0,61.9,51.28,-8.46,NA,NA,NA,NA,-8.46,NA,NA,NA,NA,NA,NA,NA,NA,NA,39.22,NA,NA,NA,NA,NA,28.46,0,0,0,0,1.018922,74,35.61,,,,,,28.46,96.69,-1.02,-9.66,5.87,1.039493,89
26-11-2025,NSE:RACLGEAR,EQ,1333.23,1059.2,125888,1333.4057,4.32,4.34,3.11,S,-0.34,-0.57,3.26,-2.32,-3.29,12.76,13.78,-4.05,30.42,NA,NA,-1,-1,HV2Y,HVQ,HV2Y,HV2Y,-1,-1,-1,-1,-1,-0.79,-0.46,-1.25,-0.33,-1.57,15.03,15.83,0,0,15.87,0,0,6.35,-7.87,-16.07,-16.07,NA,NA,-7.87,-13.31,-17.14,0,NA,NA,18.59,26.89,NA,NA,7.35,31.06,36.85,65.15,NA,NA,-3.77,10.01,-8.8,16.46,0,1.018857,74,-1.36,9.3,28.13,,,,-3.77,13.21,-21.7,23.47,105.87,1.03772,88
26-11-2025,NSE:KRISHNADEF,SM,1212.77,785.15,29615,232.52217,3.72,3.78,5.66,,-0.42,-2.38,0.24,-0.01,1,-6.18,-0.62,-1.4,30.29,15.12,55.3,HVQ,HVQ,-1,-1,-1,-1,-1,-1,-1,-1,-1,-1.04,-0.29,-1.33,-1.24,-2.54,3.12,0.6,0,0,0,0,0,0,-7.22,-8.07,-18.6,-18.6,-28.34,-7.22,-8.99,-18.09,-13.54,-50.05,-39.17,7.21,7.21,47.53,131.47,2.45,6.14,48.45,49.6,76.15,114.48,0.52,-4.39,-6.15,16.33,6.21,1.018688,74,0.06,-5.02,35.1,22.71,,,0.52,-4.95,-1.79,21.6,-15.89,1.013819,76
26-11-2025,NSE:JINDALSTEL,EQ,110189.92,1042.4,1516930,15812.47832,2.4,2.39,7.44,,1.94,-2.74,-3.6,-3.67,0.78,-0.98,4.43,9.1,18.75,16.42,26.35,-1,-1,-1,-1,-1,-1,-1,-1,-1,-1,-1,-0.67,-0.34,-1.01,0.6,-0.41,8.52,8.87,0,0,33.33,0,0,31.75,-4.17,-4.17,-4.17,-4.17,-4.17,-4.17,-3.92,-1.97,-10,-21.41,-19.16,10.21,17.46,34.27,34.27,2.07,9.39,26.6,22.05,10.83,14,0.3,0.66,4.35,4.79,7.51,1.018495,74,-2.9,3.41,15.82,-1.89,,,0.3,0.37,3.87,0.95,3.01,1.007491,71
26-11-2025,NSE:JSWHL,EQ,19977.11,19334,3352,648.07568,4.28,4.22,2.5,,4.12,10.84,13.18,13.41,13.85,3.06,6.35,-21.5,22.21,13.88,65.89,-1,-1,-1,-1,-1,-1,-1,-1,-1,-1,-1,7.68,2.29,10.2,1.63,12.02,-16.01,-3.44,0,0,0,0,0,0,0,0,-17.87,-26.82,-26.82,0,-20.99,-31.47,-11.09,-22.55,-14.26,24.78,24.78,39.25,220.16,18.02,7.5,19.05,232.92,149.06,175.72,13.37,2.58,-26.25,8.25,4.97,1.018194,74,14.91,-20.97,19.05,229.68,,,13.37,-12.02,-30.76,26.31,-4.83,1.020724,81
26-11-2025,NSE:TATACOMM,EQ,54349.5,1851,836396,15481.68996,2.71,2.68,11.95,,1.37,-1.32,0.59,-2.94,-4.88,10.61,13.84,8.81,19.59,7.53,-4.53,-1,-1,EEP,-1,HV2Y,-1,-1,-1,-1,-1,-1,-1.14,0.29,-0.86,3.38,2.61,7.93,11.45,60,57.14,30.16,0,0,3.17,-3.64,-6.1,-6.1,-6.1,-14.26,-3.64,-1.52,-11.77,-21.81,-31.06,-20.72,19.65,19.65,40.63,40.63,1.37,25.49,21.16,28.24,0,2.6,-5.36,10.07,4.06,5.63,-1.38,1.01819,74,-2.92,12.29,6.19,-12.04,,,-5.36,14.54,-6.86,2.17,-9.13,1.007404,70
26-11-2025,NSE:CDSL,EQ,34104.62,1619.9,1929326,31253.15187,2.55,2.6,6.58,,2.91,-0.18,-2.19,4.99,-1.02,6.54,4.82,9.51,26.88,4.66,46.92,-1,-1,-1,HV2Q,-1,EEP,-1,-1,-1,-1,-1,0.79,0.25,1.04,1.56,2.64,6.34,9.6,0,0,0,0,0,0,-2.14,-2.14,-10.25,-17.52,-17.52,-2.14,0,-14.57,-25.37,-39.69,-3.54,13.73,13.73,53.08,95.45,5.68,14.89,45.71,38.52,42.92,86.34,-1.5,1.05,4.76,12.92,-4.25,1.018118,74,-0.79,1.35,27.61,1.16,,,-1.5,2.47,3.92,9.53,-24.5,1.003226,67
26-11-2025,NSE:ORBTEXP,EQ,577.94,202.93,49853,101.16669,4.84,4.76,15.18,S,-1.01,-1.24,-5.26,-9.41,-5.34,7.78,4.89,16.06,18.24,15.28,25.15,-1,-1,HVQ,HV2Q,HVQ,HV2Y,-1,-1,-1,-1,-1,-2.72,-0.87,-3.56,2.35,-1.24,8.78,8.27,0,0,0,0,0,0,-10.25,-11.26,-18.03,-27.12,-27.12,-10.25,-13.66,-22.04,-38.83,-40.42,-15.85,15.31,20.44,43.59,46.26,0,21.47,36.57,20.52,19.57,23.91,-5.82,1.12,11.31,4.28,6.37,1.017928,73,-7.93,-13.66,18.71,-11.26,,,-5.82,6.4,10.73,-7.07,2.24,1.007396,70
26-11-2025,NSE:GPIL,EQ,18468.03,237.2,4089868,9701.1669,3.94,4.06,4.85,,0.13,-7.8,-13.15,-17.64,-14.04,-12.24,-2.46,16.87,23.8,23.61,41.34,-1,-1,HV2Y,EEP,-1,-1,-1,-1,-1,-1,-1,-5.23,-2.64,-7.66,-0.77,-8.37,19.2,13.41,0,52.38,55.56,0,23.81,23.81,-16.4,-16.4,-16.4,-16.4,-16.4,-16.4,0,0,-16.3,-23.27,-21.6,2.12,34.31,56.54,78.31,0.13,43.97,60.38,30.13,35.87,36.2,-14.52,-6.23,12.12,9.84,14.7,1.017921,73,-11.81,43.11,38.76,3.02,,,-14.52,6.85,17.84,-1.32,5.63,1.015701,78
26-11-2025,NSE:DELHIVERY,EQ,32917.13,419.4,3523794,14778.79204,2.98,3.08,4.24,2L,2.13,-3.96,-2.86,-15.61,-12.78,-8.73,-13.7,13.44,36.22,17.42,-4.4,-1,-1,-1,-1,EEP,-1,-1,-1,-1,-1,-1,-1.23,-2.7,-3.82,-4.27,-7.76,16.72,10.76,0,0,14.29,0,0,11.11,-13.5,-13.5,-13.5,-13.5,-13.5,-13.5,-2.37,0,-17.06,-43.25,-26.53,3.34,18.06,74.54,74.54,3.34,15.61,98.45,51.09,0.47,5.82,-13.26,-17.47,8.69,22.26,8.51,1.017905,73,-11.85,11.2,72.77,-13.81,,,-13.26,-4.12,22.84,16.66,-23.61,1.015281,77
26-11-2025,NSE:STYLEBAAZA,EQ,2285.53,303.7,439778,1335.60579,4.46,4.39,3.93,M,2.91,2.29,-0.43,-9.65,-10.01,-19.28,-6.47,12.18,39.71,-1.3,NA,-1,-1,-1,-1,EEP,-1,-1,-1,-1,-1,-1,1.28,-2.98,-1.65,-7.63,-8.62,12.03,3.88,0,0,41.27,0,0,34.92,-9.3,-19.46,-19.46,-19.46,NA,-9.3,-11.4,-4.2,-35.12,-55.46,NA,7.14,19.45,65.87,NA,7.14,25.13,71.9,45.66,0,NA,-10.49,-10.24,7.43,25.75,-10.21,1.017882,73,-7.44,23.19,71.9,,,,-10.49,-0.09,16.5,21.69,-62.15,1.009863,73
26-11-2025,NSE:KPRMILL,EQ,37083.4,1095.7,335584,3676.99389,3.7,3.63,5.74,S,1.55,-1.28,0.58,3.61,3.13,-0.64,6.86,-5.54,24.35,14.72,30.19,-1,-1,-1,-1,EEP,-1,-1,-1,-1,-1,-1,0.36,0.8,1.17,1.14,2.33,2.48,4.93,0,0,0,0,0,0,-2.31,-3.75,-11.85,-16.12,-16.12,-2.31,-10.34,-21.88,-11.47,-27.94,-7.41,11.81,15.39,39.29,42.34,4.99,11.77,29.73,47,9.02,22.91,2.65,3.09,-10.29,10.39,5.81,1.017816,73,2.45,-10.34,22.98,29.78,,,2.65,0.54,-14.34,18.66,-6.87,1.013734,76
26-11-2025,NSE:THOMASCOTT,EQ,589.75,360.8,52078,187.89742,7.33,7.18,3.52,S,0.03,-11.29,-22.49,-14.3,-6.8,-0.68,-1.08,2.98,-9.49,45.85,13.64,-1,-1,2,HV2Q,-1,-1,-1,-1,-1,-1,-1,-5.72,-1.18,-6.82,4.52,-2.4,5.41,3.18,0,47.62,15.87,0,23.81,7.94,-20.34,-20.34,-20.34,-27.86,-27.86,-20.34,-1.01,-9.57,-30.01,-21.01,-45.38,18.28,24.05,90.42,90.42,0.54,32.49,26.11,84.74,108.49,0,-7.28,-4.85,-1.77,-23.45,36.94,1.017374,73,-8.76,13.87,-5.8,36.98,,,-7.28,2.05,3,-22.52,56.42,1.057852,94
26-11-2025,NSE:INDORAMA,EQ,1416.54,52.55,607178,319.07204,6.45,6.19,4.24,2L,0.13,0.38,-12.83,-34.35,-26.74,-3.65,-0.88,16.33,26.53,27.17,22.17,-1,-1,HVQ,2,HV2Q,HVQ,-1,-1,-1,-1,-1,-3.22,-5.87,-8.59,-3.81,-11.95,19.4,9.25,0,42.86,57.14,0,19.05,15.87,-28.87,-28.87,-28.87,-28.87,-28.87,-28.87,-3.32,-6.52,-24.98,-34.12,-34.7,4.85,20.39,59.53,59.53,4.27,34,60.93,33.49,1.87,0.98,-27.22,-4.65,11.58,12.57,18.26,1.01726,73,-20.92,30.03,31.6,-6.27,,,-27.22,17.1,16.03,2.53,6.75,1.025217,83
26-11-2025,NSE:MUKANDLTD,EQ,1959.36,133.76,179044,239.48925,3.93,3.83,4.34,,1.66,-2.81,2.56,-2.06,0.96,-1.29,0.29,10.68,28.48,2.77,-9.97,-1,-1,-1,HV2Y,-1,-1,-1,-1,-1,-1,-1,0.1,-0.45,-0.35,-0.3,-0.65,9.8,10.14,0,0,0,0,0,0,-7.82,-7.82,-13.18,-13.18,-29.43,-7.82,-10.26,-13.43,-30.64,-49.53,-31.38,4.93,18.13,53.31,53.31,2.62,6.82,52.86,36.94,0,0.54,0.48,-3.48,5.93,14.52,-6.14,1.017083,73,-4.48,-4.94,33.65,-26.25,,,0.48,-3.98,9.39,10.28,-30.09,1.001496,64
26-11-2025,NSE:COFORGE,EQ,60319.06,1871.1,1685130,31530.46743,2.27,2.33,10.06,,2.15,0.69,2.32,5.56,2.16,13.25,5.72,9.58,17.78,12.24,34.62,-1,-1,-1,-1,HVQ,EEP,-1,-1,-1,-1,-1,2.63,1.17,3.85,3.09,7.16,3.89,11.49,20,4.76,1.59,20,4.76,1.59,0,0,-4.08,-4.71,-4.71,0,0,-9.57,-13.84,-21.65,0,21.62,21.62,48.11,117.48,7.52,18.99,39.63,40.47,78.81,90.85,1.68,1.95,4.83,3.82,3.33,1.017074,73,3.39,8.4,13.45,39.04,,,1.68,0.33,3.07,-0.59,-0.86,1.00418,68
26-11-2025,NSE:CNXINFRA,IN,,9698.25,,,,,,,1.13,0.63,1.43,1.51,1.72,5.67,6.06,7.32,17.99,14.35,17.63,0,0,0,0,0,0,0,-1,-1,-1,-1,,,,,,,,,,,,,,0,0,0,0,0,,,,,,,,,,,,,,,,,1.24,2.29,2.57,4.03,5.44,1.017007,,,,,,,,1.24,1.1,0.32,1.86,1.43,1.006299,
26-11-2025,NSE:INFRAIETF,EQ,350.43,99.43,202430,201.27615,1.15,1.19,3.64,,0.44,0.19,1.06,1.53,1.78,5.38,5.74,7.48,17.89,14.63,17.79,-1,-1,-1,-1,-1,-1,-1,-1,-1,-1,-1,0.52,0.7,1.23,2.13,3.43,5.02,8.9,100,90.48,30.16,100,80.95,26.98,-0.13,-0.13,-0.13,-0.13,-0.13,-0.13,0,-3.32,-6.98,-17.44,-14.17,9.29,9.29,26.2,26.2,2.99,7.34,18.95,16.75,1.01,5.02,1.3,1.97,2.73,3.93,5.72,1.016954,73,1.65,4.83,14.24,-3.19,,,1.3,0.72,0.83,1.59,1.9,1.006342,70
26-11-2025,NSE:AARVI,EQ,209.2,131.54,41402,54.46019,5.54,5.87,5.18,,0.81,2.58,9.44,9.27,8.81,3.73,7.21,15.65,11.65,-1.09,4.33,HVQ,HVQ,-1,HVQ,-1,-1,8.21,-1,-1,-1,-1,-0.41,2.51,2.15,3.59,5.96,8.3,15.55,100,23.81,36.51,20,4.76,4.76,-6.99,-6.99,-6.99,-12.17,-20.06,-6.99,-8.8,-1.94,-29.96,-29.38,-19.19,12.71,30.94,34.69,34.69,11.61,19.4,24.98,13.62,0.95,12.27,8.33,3.44,10.9,-2.31,-10,1.016823,73,9.25,14.78,5.99,-29.96,,,8.33,-5.07,8.07,-14.39,-8.56,0.994337,56
26-11-2025,NSE:CCCL,BE,951.6,19.43,1584872,307.94063,5.47,5.46,5.73,2L,-0.21,-6.28,-14.77,-7.21,-25.48,-27.48,-2.21,-3.24,41.22,19.2,89.96,-1,-1,HV2Y,HV2Q,-1,-1,-1,-1,-1,-1,-1,-3.12,-4.16,-6.99,-10.51,-15.83,21.48,7.2,0,0,30.16,0,0,4.76,-18.8,-28.93,-28.93,-28.93,-32.25,-18.8,-10.83,-5.61,-30.06,-60.18,-45.26,8.12,30.4,70.14,1519.17,2.37,63.62,65.64,1443.08,851.67,1208.33,-25.96,-5.98,-7.99,27.26,10.29,1.016446,73,-18.8,45.81,65.64,1332.86,,,-25.96,15.23,-2.03,33.41,-31.61,1.036565,88
26-11-2025,NSE:HONASA,EQ,9696.02,293.65,778581,2286.30311,3.83,3.89,5.65,,-0.47,-0.03,3.95,4.34,7.8,-2.23,-1.92,-8.55,25,19.05,-29.17,-1,-1,-1,-1,EEP,EEP,-1,-1,-1,-1,-1,1.22,0.99,2.23,0.05,2.28,5.58,8.33,0,0,0,0,0,0,-1.74,-4.05,-9.11,-10.81,-45.8,-1.74,-11.53,-9.1,-41.16,-59.35,-56.12,8.46,13.51,46.17,46.17,8.14,4.66,44.53,58.68,9.63,0,7.32,-5.69,-13.3,11.04,10.14,1.016237,73,8.14,2.67,32.79,-32.54,,,7.32,-13.85,-7.53,21.25,-2.06,1.015786,78
26-11-2025,NSE:ZYDUSWELL,EQ,14524.04,436.4,297925,1300.1447,3.07,3.08,6.62,3L,-1.20,-4.42,-5.63,-6.1,-12.16,-11.3,9.08,10.25,25.1,11.43,32.26,-1,-1,-1,-1,-1,-1,-1,-1,-1,-1,-1,-2.77,-1.6,-4.31,-3.2,-7.27,14.77,8.8,0,0,28.57,0,0,23.81,-11.64,-16.76,-16.76,-16.76,-16.76,-11.64,-6.64,-7.22,-15.33,-31.84,-19.4,8.42,15.47,42.11,48,0,26.81,29.2,27.54,10.89,31.12,-12.64,5.31,5.5,11.14,2.52,1.016035,73,-11.64,16.39,19.03,-15.33,,,-12.64,15.63,0.27,6.88,-12.37,1.011453,75
26-11-2025,NSE:KEI,EQ,39693.37,4133.1,259038,10706.29958,1.9,1.88,4.8,S,1.51,0.34,1.45,3.46,1.17,1.3,4.61,14.5,17.65,8.27,22.14,-1,-1,-1,-1,-1,HVQ,-1,-1,-1,-1,-1,0.71,0.13,0.84,-0.59,0.25,10.94,12.57,0,0,50.79,0,0,36.51,-0.82,-6.5,-6.5,-10.75,-14.36,-0.82,-7.6,-1.19,-24.83,-29.47,-21.44,8.46,16.9,64.68,64.68,5.23,8.5,57.1,40.79,13.24,26.15,0.69,0.84,9.75,3.69,-0.64,1.015976,73,1.71,5.23,10.48,-24.83,,,0.69,0.17,9.36,-5.98,-5.52,1.000791,64
26-11-2025,NSE:SINDHUTRAD,EQ,3615.82,23.77,3372234,801.58002,3.61,3.56,5.99,2L,0.38,1.51,-0.67,-5.34,-2.57,-19.77,-3.95,6.23,33.24,7.53,6.6,-1,-1,HV2Y,HVY,HVQ,-1,-1,-1,-1,-1,-1,0.69,-1.43,-0.73,-7.07,-7.28,9.41,2.35,0,0,0,0,0,0,-5.07,-23.57,-33.49,-33.49,-33.49,-5.07,-21.61,-30.86,-20.14,-58.46,-42.46,5.04,8.44,78.32,78.32,5.04,3.92,85.37,67.22,0,26.83,-3.05,-7.72,1.48,19.28,-1.38,1.015704,73,-0.92,-20.27,62.78,12.35,,,-3.05,-4.66,8.77,19.14,-32.63,1.008177,72
26-11-2025,NSE:HATSUN,EQ,24123.64,1061.8,199188,2114.97818,3.72,3.65,2.93,S,1.02,0.77,-3.67,2.08,-1.7,15.07,15.12,15.99,9.73,1.69,-6.93,-1,EEP,EEP,-1,-1,-1,-1,-1,-1,-1,-1,0.51,1.24,1.77,6.38,8.71,3.51,12.66,100,90.48,30.16,0,4.76,1.59,-7.4,-7.4,-7.4,-8.97,-20.88,-7.4,0,-9.27,-33.53,-28.57,-22.21,22.14,22.14,22.33,22.33,4.09,24.23,3.83,2.76,3.78,5.43,-2.18,11.35,11.24,-4.23,-7.22,1.015659,73,-6.16,17.04,-5.89,-31.85,,,-2.18,13.23,0.01,-17.12,-3.04,1.000395,63
26-11-2025,NSE:BRITANNIA,EQ,140426.22,5880.5,368405,21664.05603,1.93,2.13,17.07,,0.23,0.1,0.01,-0.2,-0.54,-1.53,5.61,6.53,16.82,18.32,15.41,-1,-1,-1,-1,-1,-1,-1,-1,-1,-1,-1,0.32,-0.43,-0.11,-1.01,-1.11,6.85,6.15,0,0,17.46,0,0,15.87,-4.5,-6.67,-6.67,-6.67,-8.77,-4.5,-6.17,-5.67,-14.73,-24.12,-25.48,2.79,10.9,28.53,28.53,1.33,11.49,21.32,20.14,4.77,2.89,-1.02,1.84,1.78,2.86,9.41,1.015513,73,0.33,5.68,14.74,-5.83,,,-1.02,2.8,-0.05,1.35,7.67,1.009447,73
26-11-2025,NSE:SOLARINDS,EQ,126007.4,13460,112114,15090.5444,2.62,2.6,3.05,,1.45,-2.59,-4.64,-1.22,-4.15,-4.18,-8.87,-18.05,36.04,25.9,34.21,-1,-1,-1,-1,-1,-1,-1,-1,-1,-1,-1,-1.17,-0.82,-1.97,-1.59,-3.51,2.9,-0.62,0,0,0,0,0,0,-4.95,-9.18,-23.51,-23.51,-23.51,-4.95,-7.16,-16.73,0,-30.36,-19.32,1.45,1.45,56.34,62.17,1.45,5.2,68.23,84.57,25.73,45.65,-4.63,-12.64,-22.8,22.08,16.99,1.0151,73,-2.84,-3.35,66.83,52.85,,,-4.63,-7.84,-9.45,36.16,-9.98,1.035162,87
26-11-2025,NSE:INFIBEAM,EQ,5447.46,19.65,15519543,3049.5902,4.26,4.19,7.74,,2.18,-2.39,9.52,1.98,4.48,15.93,18.93,8,15.18,-17.94,-57.66,EEP,EEP,-1,EEP,-1,-1,-1,-1,-1,-1,-1,1.16,1.53,2.73,4.71,7.8,6.1,14.81,100,52.38,34.92,40,38.1,14.29,-2.34,-2.34,-5.56,-23.8,-39.93,-2.34,-4.04,-23.44,-36.07,-50.89,-31.71,26.61,32.95,39.8,39.8,11.71,27,13.34,28.63,0,0,4,15.16,3.25,1.22,-26.85,1.015043,73,2.13,16.95,-12.45,-33.41,,,4,11.82,-14.51,-1.85,-33.19,0.993187,54
26-11-2025,NSE:BFSI,EQ,445.89,28.74,256850,73.81869,1.73,1.73,4.08,,1.41,0.49,1.64,2.12,0.97,5.05,5.32,5.67,16.95,17.08,27.07,-1,-1,-1,-1,-1,-1,-1,-1,-1,-1,-1,0.87,0.44,1.32,1.46,2.82,4.3,7.43,40,9.52,3.17,40,9.52,3.17,-0.21,-0.21,-0.21,-0.21,-0.21,-0.21,-0.07,-2.96,-0.84,-7.23,-7.38,8.66,8.66,25.34,37.58,2.79,7.6,15.54,18.23,14.27,14.07,0.49,1.55,0.92,2.99,8.17,1.01496,72,1.23,3.12,13.05,13.76,,,0.49,1.08,-0.65,2.29,6.04,1.008223,72
26-11-2025,NSE:MOM100,EQ,729.32,65.76,408532,268.65064,1.66,1.64,5.57,S,1.28,0.23,0.38,1.87,2.43,5.12,5.54,6.86,18.81,11.22,24.16,-1,-1,-1,-1,-1,-1,-1,-1,-1,-1,-1,0.85,0.55,1.4,1.79,3.25,5.22,8.93,100,61.9,20.63,100,61.9,20.63,-0.09,-0.09,-0.09,-0.09,-0.09,-0.09,0,-3.15,-5.97,-18.04,-10.38,9.58,9.58,27.69,34.18,2.8,6.92,20.62,18.93,8.94,19.12,1.95,1.77,2.11,4.85,2.31,1.01478,72,2.53,2.85,14.61,-3.04,,,1.95,-0.13,0.38,3.17,-3.48,1.003909,67
26-11-2025,NSE:360ONE,EQ,43485.71,1150,828375,9526.3125,2.82,2.92,4.89,,2.68,2.68,5.3,6.17,-2,10.74,4.98,12.23,23.07,5.07,39.62,-1,-1,-1,-1,-1,-1,-1,-1,-1,-1,-1,2.77,0.73,3.52,1.21,4.79,4.65,9.9,0,0,0,0,0,0,-1.86,-3.01,-8.22,-11.34,-11.34,-1.86,-1.07,-12.79,-22.19,-31.8,-3.59,14.79,15.29,42.23,76.84,7.94,17.09,35.14,24.83,36.04,67.88,-2.48,1.21,7.48,9.11,-3.84,1.014696,72,-1.86,8.82,17.15,-8.09,,,-2.48,3.54,6.61,2.69,-17.53,1.001074,64
26-11-2025,NSE:COROMANDEL,EQ,65000.61,2298,360853,8292.40194,2.84,2.79,9.65,,-0.26,2.49,4.93,5.62,2.32,2.92,-4,-5.11,25.59,23.06,53.23,-1,-1,-1,-1,-1,-1,-1,-1,-1,-1,-1,1.73,1.12,2.89,0.4,3.3,0.98,4.32,0,0,0,0,0,0,-0.26,-3.12,-14.62,-14.62,-14.62,-0.26,-16.59,-11.2,-3.08,-12.68,-0.76,8.16,8.16,42.58,118,8.16,4.57,48.28,54.22,62.22,67.72,1.84,-7.77,-9.86,11.63,14.15,1.014616,72,2.54,-8.11,39.39,35.58,,,1.84,-9.77,-2.09,19.54,2.48,1.016912,78
26-11-2025,NSE:SIYSIL,EQ,3593.31,738.55,143358,1058.77051,4.02,4.05,5.93,2M,0.14,-2.97,-8.31,-11.89,1.16,9.4,14.27,0.18,15.58,9.5,37.27,-1,EEP,-1,-1,EEP,EEP,-1,-1,-1,-1,-1,-2.69,-0.15,-2.84,3.62,0.81,5.45,6.62,0,71.43,26.98,0,28.57,11.11,-10.63,-10.63,-10.63,-34.9,-34.9,-10.63,-2.94,-19.15,-35.02,-45.05,-6.6,21.39,29.64,29.64,75.39,0.14,28.13,11.14,56.93,48.05,58.73,0.68,10.5,-4.57,1.62,0.59,1.014608,72,-2.51,5.63,-2.58,47.51,,,0.68,9.95,-17.46,5.78,-1.34,1.008083,72
26-11-2025,NSE:WELCORP,EQ,23890.69,871.1,757127,6595.3333,2.98,3.07,11.6,S,0.64,-2.94,-4.9,-6.17,-0.22,-0.99,-1.97,10.06,18.52,20.62,41.26,-1,-1,-1,HV2Y,HV2Q,HVQ,-1,-1,-1,-1,-1,-1.23,-0.65,-1.87,0.85,-1.03,3.21,2.26,0,0,0,0,0,0,-9.8,-9.8,-9.85,-9.85,-9.85,-9.8,-7.28,-8.07,-10.91,-13.49,-13.42,5.68,7.06,24.81,84.85,2.62,5.91,27.27,19.12,50.62,46.74,-0.7,-5.74,5.31,4.56,11.71,1.014594,72,-1.73,-1.56,22.2,8.73,,,-0.7,-5.06,10.78,-0.25,8.45,1.009263,72
26-11-2025,NSE:HDFCLIFE,EQ,165710.48,787.55,2745267,21620.35026,1.8,1.82,4.42,,2.74,3.36,0.57,5.73,6.39,2.2,0.07,1.49,21.41,14.37,19.71,-1,-1,-1,-1,-1,EEP,-1,-1,-1,-1,-1,2.57,0.7,3.29,0.5,3.81,3.25,7.29,0,0,7.94,0,0,0,0,-0.03,-3.29,-3.29,-3.29,0,-7.44,-3.35,-0.59,-18.43,-11.12,7.61,7.61,32.54,47.36,7.61,0.31,29.33,30.56,15.81,26.19,5.91,-3.7,-3.26,7.45,5.46,1.014509,72,5.43,-3.29,26.35,6.86,,,5.91,-10.06,0.4,10.56,-3.09,1.006837,70
26-11-2025,NSE:GINNIFILA,EQ,355.36,38.17,91749,35.02059,4.92,4.85,8.27,L,-0.39,-8.72,-8.25,-16.48,-17.79,-17.87,-30.13,2.88,41.13,28.79,18.52,-1,-1,-1,-1,HVQ,HVQ,-1,-1,-1,-1,-1,-4.75,-3.75,-8.2,-5.31,-12.83,13.35,0.6,0,0,0,0,0,0,-17.04,-23.69,-30.75,-30.75,-30.75,-17.04,-18.43,-9.89,-4.36,-42.75,-30.75,0.47,3.16,99.43,99.43,0.47,7.61,159.51,93.68,0,0.3,-18.27,-33.9,-1.87,27.17,19.88,1.014393,72,-14.76,-4.34,123.24,17.72,,,-18.27,-13.79,24.35,29.72,-15.09,1.031536,85
26-11-2025,NSE:GRWRHITECH,EQ,9211.64,3912.4,82474,3226.71278,4.96,4.85,5.49,,2.71,-4.97,10.17,13.06,8.39,19.07,27.47,-9.66,7.23,-18.68,57.94,-1,-1,HVQ,EEP,-1,-1,-1,-1,-1,-1,-1,1.43,3.81,5.44,8.73,15.54,-6.09,8.9,100,38.1,12.7,20,19.05,6.35,-6.15,-6.15,-17.29,-26.1,-26.1,-6.15,-3.5,-40.01,-18.96,-31.45,-0.34,45.05,45.05,62.41,149.16,17.08,32.87,17.8,78.11,131.14,195.71,7.91,23.7,-14.41,-6.73,-27.59,1.014248,72,12.2,-2.5,-26.07,29.06,,,7.91,17.51,-52.21,5.75,-22.06,1.003235,67
26-11-2025,NSE:JKCEMENT,EQ,43220,5925,118929,7046.54325,3.02,2.98,4.86,,6.09,3.68,7.16,2.52,-8,-12.57,-17.29,10.68,23.76,32.44,31.31,-1,-1,-1,-1,-1,-1,-1,-1,-1,-1,-1,4.26,-2.06,2.16,-7.1,-4.61,6.75,2.29,0,0,6.35,0,0,0,-7.72,-16.17,-21.41,-21.41,-21.41,-7.72,-15.12,-7.82,-0.31,-8.46,-16.83,7.98,9.67,43.26,54.26,7.98,2.26,62.7,34.85,17.61,4.22,-8.48,-21.06,5.93,9.8,23.53,1.014212,72,-7.72,-1.23,50.36,20.25,,,-8.48,-11.91,22.83,4.98,17.26,1.021664,81
26-11-2025,NSE:TATASTEEL,EQ,216464.36,169.67,25061376,42521.63666,2.12,2.13,7.88,2L,2.01,-2.09,-5.27,-5.67,-4.12,-1.76,5.92,4.72,20.7,17.36,16.48,-1,-1,-1,-1,-1,-1,-1,-1,-1,-1,-1,-0.78,-1.35,-2.1,-0.35,-2.44,9.22,7.46,0,47.62,60.32,0,23.81,47.62,-8.38,-8.38,-8.38,-8.38,-8.38,-8.38,0,-3.79,-4.09,-26.54,-23.44,10.44,12.36,38.02,38.02,2.61,15.46,25.52,31.51,9.44,1.62,-4.6,2.15,-0.03,6.74,8.45,1.014016,72,-6.68,9.43,17.58,4.88,,,-4.6,6.33,-2.29,7.12,1.65,1.010788,74
26-11-2025,NSE:VSSL,EQ,2690.22,281.35,205273,577.53559,3.67,3.59,4.66,2M,3.00,1.32,-1.55,-4.98,-11.94,2.72,9.7,3.29,29.08,7.75,28.33,-1,-1,EEP,-1,EEP,-1,-1,-1,-1,-1,-1,0.3,-1.08,-0.77,-0.53,-1.3,11.48,11.5,0,19.05,36.51,0,0,23.81,-6.17,-10.67,-10.67,-10.67,-15.89,-6.17,0,-11.65,-13.42,-40.35,-22.41,13.38,15.35,52.02,52.02,3,26.92,37.27,47.01,4.79,36.32,-12.42,5.93,-1.46,15.12,-1.16,1.013447,72,-6.17,22.07,25.63,0.62,,,-12.42,16.03,-8.12,17.01,-24.22,1.014166,76
26-11-2025,NSE:STARHEALTH,EQ,30534.74,489.8,853862,4182.21608,2.9,2.97,6.57,S,-1.30,-3.66,-1.59,0.26,0.49,6.84,9.45,4.91,19.98,6.5,-13.84,-1,-1,-1,-1,EEP,-1,-1,-1,-1,-1,-1,-1.77,0.55,-1.23,3.26,2.1,10.35,13.89,20,61.9,49.21,0,28.57,31.75,-6.25,-6.25,-6.25,-6.25,-23.2,-6.25,-3.28,-7.36,-26.97,-38.54,-28.19,12.58,16.98,42.76,42.76,1.95,15.06,29.26,35.75,0.17,0,0.01,5.68,0.16,6.02,-2.41,1.013427,72,-0.98,14.66,13.81,-23.62,,,0.01,5.7,-6.04,6.19,-10.97,1.003453,67
26-11-2025,NSE:ALKEM,EQ,68450.96,5773,167137,9648.81901,2.02,2,5.87,,1.26,0.85,0.1,1.89,5.15,3.41,6.19,8.78,18.2,2.91,12.61,-1,-1,-1,EEP,-1,-1,-1,-1,-1,-1,-1,1.24,0.68,1.93,1.7,3.69,7.82,12.48,60,47.62,58.73,60,47.62,46.03,0,0,0,0,-9.32,0,-1.9,-0.19,-17.28,-25.83,-11.96,10.04,21.98,26.5,26.5,6.28,14.93,18.66,15.39,2.29,21.41,4.67,2.42,4.03,4.24,-6,1.013376,72,6.28,9.25,14.21,-8.7,,,4.67,-2.21,1.74,0.67,-12.82,0.997965,61
26-11-2025,NSE:CNXMIDCAP,IN,,61061.7,,,,,,,1.27,0.18,0.26,1.68,2.1,5.14,5.5,6.4,18.52,10.93,23.54,0,0,0,0,0,0,0,-1,-1,-1,-1,,,,,,,,,,,,,,-0.19,-0.19,-0.19,-0.19,-0.19,,,,,,,,,,,,,,,,,1.62,1.73,1.65,4.56,2.02,1.013229,,,,,,,,1.62,0.17,-0.07,3.29,-3.44,1.003626,
26-11-2025,NSE:JAYBARMARU,EQ,989.4,89.05,129585,115.39544,4.76,4.79,5.45,,2.57,-3.64,1.39,-4.19,-3.2,-22.63,5.39,12.08,26.12,-1.74,-21.62,-1,-1,-1,HV2Q,HVQ,HVQ,-1,-1,-1,-1,-1,-0.7,-1.36,-2.03,-4.67,-6.4,16.72,12.39,0,0,44.44,0,0,11.11,-8.58,-18.45,-18.45,-18.45,-29.18,-8.58,-15.84,-6.84,-27.5,-51.57,-33.31,5.57,24.11,57.3,57.3,2.81,28.08,48.83,38.3,0,3.14,-3.68,1.62,7.33,12.16,-10.65,1.013117,72,-2.31,26.62,19.89,-27.5,,,-3.68,5.01,6.05,6.31,-31.84,0.999245,62
26-11-2025,NSE:ICIL,EQ,6169.39,312.45,435247,1359.92925,5.03,4.93,8.36,S,-0.60,-2.61,-0.46,10.27,9.71,9.24,20.39,-2.75,2.35,-0.67,-4.64,-1,-1,HVQ,-1,-1,EEP,-1,-1,-1,-1,-1,1.01,2.89,4.02,5.16,9.67,0.49,10.21,100,47.62,15.87,20,28.57,9.52,-3.46,-3.46,-3.46,-24.01,-30.09,-3.46,-5.69,-28.76,-24.25,-31.73,-29.62,39.75,39.75,39.75,39.75,16.02,26.18,6.9,28.75,13.15,6.7,9.23,16.62,-7.5,-11.61,-9.58,1.012921,72,9.1,-3.49,-17.88,-21.51,,,9.23,8.51,-30.09,-4.69,2.77,1.001819,65
26-11-2025,NSE:WELENT,EQ,7686.12,534.3,279664,1494.24475,2.78,2.75,10.48,2M,0.07,-0.3,-4.97,-5.57,-4.62,-0.4,10.98,5.57,15.1,15.69,42.64,-1,-1,HV2Q,-1,-1,-1,-1,-1,-1,-1,-1,-1.01,-0.69,-1.69,0.54,-1.16,6.66,5.9,0,52.38,36.51,0,33.33,15.87,-6.31,-6.31,-6.31,-17.95,-17.95,-6.31,-0.68,-12.25,-22.52,-30.34,-26.02,15.42,21.75,28.01,78.28,0.53,27.38,13.96,20.88,57.86,56.76,-5.1,7.21,0.82,1.14,6.78,1.012781,72,-6.31,12.31,2.51,-12.5,,,-5.1,11.6,-7.1,0.44,6.56,1.010621,74
26-11-2025,NSE:CNXFINANCE,IN,,27799.5,,,,,,,1.42,0.56,1.66,2.17,1.01,5.08,5.37,4.96,16.26,16.28,25.74,0,0,0,0,0,0,0,-1,-1,-1,-1,,,,,,,,,,,,,,-0.22,-0.22,-0.22,-0.22,-0.22,,,,,,,,,,,,,,,,,0.53,1.6,0.21,2.3,7.37,1.012709,,,,,,,,0.53,1.09,-1.45,2.23,5.9,1.007416,
26-11-2025,NSE:RRKABEL,EQ,15624.2,1389.5,320453,4452.69444,3.39,3.39,9.35,2M,2.00,2.07,-0.8,-2.32,4.47,9.11,12.41,5.47,20.17,-9.09,-1.48,-1,EEP,EEP,-1,EEP,-1,-1,-1,-1,-1,-1,1.65,0.67,2.34,3.44,5.99,6.92,13.87,20,4.76,1.59,0,0,0,-2.53,-2.53,-5.57,-7.62,-24.08,-2.53,-7.81,-17.3,-26.45,-39.4,-17.18,19.01,19.01,61.77,61.77,3.28,13.7,41.68,52.92,0,11.65,3.99,8.64,0.72,6.21,-18,1.0127,72,-1.03,-4.93,7.44,-19.47,,,3.99,5.01,-8.95,5.89,-30.78,0.99582,58
26-11-2025,NSE:RAMKY,EQ,4359.46,591.2,335374,1982.73109,2.81,2.81,3.69,M,-1.21,-6.54,-7.13,-5.65,-9.07,-1.82,0.72,21.03,21.19,8.65,21.44,-1,-1,HV2Y,-1,HVQ,HVQ,-1,-1,-1,-1,-1,-3.31,-1.16,-4.42,0.26,-4.16,12,8.91,0,19.05,30.16,0,14.29,25.4,-8.69,-8.98,-8.98,-13.52,-22.72,-8.69,-0.72,-5.95,-35.98,-39.1,-29.41,8.36,25.32,44.28,44.28,0.05,19.93,43.25,13.94,5.49,22.27,-9.55,-3.05,16.28,7.23,-0.26,1.012644,72,-7.49,11.55,22.27,-35.02,,,-9.55,5.67,19.44,-9.47,-10.03,1.003299,67
26-11-2025,NSE:NRBBEARING,EQ,2794.28,287.35,196029,563.28933,2.98,3.07,3.8,,1.14,-1.67,0.84,3.79,7.8,-3.27,-2.52,5.25,25.33,3.05,5.72,-1,-1,-1,-1,-1,-1,-1,-1,-1,-1,-1,0.54,1.23,1.8,1.35,3.19,6.13,9.93,0,0,3.17,0,0,0,-1.64,-3.17,-6.42,-6.42,-20.96,-1.64,-11.84,-4.05,-16.78,-40.98,-23.37,10.37,13.98,46.85,46.85,8.23,1.77,50.55,39.14,0.92,12.25,7.32,-6.29,0.5,11.37,-5.86,1.012593,72,8.23,-8.34,33.91,-13.81,,,7.32,-14.5,6.56,11.54,-23.98,1.000472,63
26-11-2025,NSE:ICICIB22,EQ,14718.84,117.1,367829,430.72776,1.35,1.34,5.23,S,1.23,0.01,0.36,1.27,1.1,5.36,8.84,6.36,17.79,7.34,16.93,-1,-1,-1,-1,-1,-1,-1,-1,-1,8,-1,0.48,0.44,0.92,1.89,2.87,5.28,8.61,100,100,61.9,100,100,61.9,-0.41,-0.41,-0.41,-0.41,-3.31,-0.41,0,-4.52,-9.11,-20.51,-10.41,11.56,11.56,23.71,23.71,2.14,10.33,12.77,15.84,0.85,13.66,0.62,5.07,1.61,3.83,-1.57,1.012545,71,1.29,7.81,9.38,-6.66,,,0.62,4.51,-3.74,2.54,-6.83,1.002384,65
26-11-2025,NSE:ENDURANCE,EQ,37599.18,2683.4,147055,3946.07387,3.44,3.35,4.92,L,-0.44,-1.99,-8.69,-8.15,-8.89,-3.94,-5.12,8.74,32.21,12.38,32.65,-1,-1,-1,HV2Y,EEP,-1,-1,-1,-1,-1,-1,-1.22,-1.66,-2.83,-2.51,-5.21,13.69,9.83,0,0,19.05,0,0,15.87,-8.3,-11.77,-11.77,-11.77,-11.77,-8.3,-3.92,-2.21,-5.55,-33.87,-14.53,2.61,11.78,56.87,56.87,2.61,17.98,64.9,43.16,5.37,36.19,-9.37,-8.89,3.99,18.25,3.47,1.012485,71,-8.3,13.28,50.33,-5.55,,,-9.37,0.16,12.16,16.06,-23.39,1.009803,73
26-11-2025,NSE:CPPLUS,EQ,19622.94,1586.4,252389,4003.8991,4.91,5.03,5.06,S,-2.39,-8.54,5.72,16.66,12.87,13.3,16.81,NA,NA,NA,NA,-1,-1,-1,-1,-1,-1,4.97,-1,-1,-1,-1,-1.59,3.51,1.99,7.22,9.92,,,100,57.14,63.49,0,23.81,22.22,-7.87,-7.87,NA,NA,NA,-7.87,-5.61,NA,NA,NA,NA,27.1,NA,NA,NA,20.73,30.76,NA,NA,NA,NA,12.39,13.04,0,0,0,1.011953,71,15.5,,,,,,12.39,1.21,98.98,-9.66,5.87,1.013252,76
26-11-2025,NSE:SANATHAN,EQ,4042.95,477,38732,184.75164,3.55,3.5,12.79,M,-0.37,-2.9,-0.36,-0.1,-1.92,-8.26,-7.83,7.46,35.18,NA,NA,-1,-1,-1,-1,EEP,-1,-1,-1,-1,-1,-1,-1.15,-0.42,-1.56,-2.16,-3.64,8.85,5.72,0,0,0,0,0,0,-4.5,-10.63,-13.91,NA,NA,-4.5,-8.92,-7.17,-7.13,NA,NA,1.88,10.66,NA,NA,1.88,6.07,71.05,46.79,NA,NA,-2.4,-11.6,2.71,21.22,0,1.011361,71,-1.93,-7.13,60.68,,,,-2.4,-9.11,13.16,20.29,105.87,1.031338,85
26-11-2025,NSE:JSL,EQ,61831.47,764.15,638266,4877.30964,3.02,3.07,15.34,,2.36,-0.94,4.7,3.37,-6.17,-4.62,-4.23,15.22,23.74,14.24,13.03,-1,-1,-1,-1,-1,-1,-1,-1,-1,-1,-1,1.28,-0.28,1,-1.4,-0.4,10.77,11.63,0,9.52,28.57,0,9.52,14.29,-4.92,-5.81,-5.81,-5.81,-8.34,-4.92,0,0,-18.35,-30.1,-21.39,5.73,18.83,49.07,49.07,5.73,23.66,55.37,26.39,0,5.92,-6.65,-8,10.47,9.78,5.33,1.011312,71,-4.92,23.66,32.18,-11.22,,,-6.65,-1.48,17.64,0.39,-6.59,1.005557,69
26-11-2025,NSE:HAPPYFORGE,EQ,9666.19,1038,56971,591.35898,3.11,3.05,3.25,,0.73,0.43,0.21,2.39,3.7,6.44,9.08,13.01,14.31,-2.7,19.85,-1,-1,-1,-1,-1,-1,-1,-1,-1,-1,-1,1.24,0.93,2.19,3.22,5.59,7.05,13.6,80,61.9,20.63,60,52.38,17.46,-0.31,-0.31,-0.31,-6.94,-18.77,-0.31,-1.44,-4.81,-26.36,-30.39,-16.58,18.22,18.22,37.27,37.27,4.38,13.84,24.8,19.42,9.1,30.76,3.22,5.31,8.26,0.35,-11.61,1.011275,71,1.74,4.01,4.88,-26.2,,,3.22,2.28,3.29,-8.16,-13.98,0.994141,55
26-11-2025,NSE:REPCOHOME,EQ,2627.26,416.25,181716,756.39285,3.34,3.43,4.97,S,-0.23,0.02,-5.6,-8.16,-0.76,11.9,11.72,6.39,22.58,-5.98,3.9,-1,-1,-1,-1,-1,-1,-1,-1,-1,-1,-1,0.01,0.17,0.17,3.98,4.32,2.77,7.29,0,0,0,0,0,0,-7.54,-7.54,-8.39,-17.65,-26.79,-7.54,-2.32,-19.13,-30.19,-43.32,-22.41,20.06,20.06,33.73,33.73,3.2,20.97,18.06,25.19,0,17.51,-1.24,7.95,1.64,8.62,-14.89,1.01118,71,2.31,-2.32,10.1,-21.01,,,-1.24,9.08,-7.06,7.64,-31.03,0.998863,61
26-11-2025,NSE:SBFC,EQ,12144.33,108.88,2448947,2666.41349,2.75,2.77,6.35,2M,1.43,-0.68,-0.8,-7.94,-5.44,-2.99,-3.02,1.93,25.15,22.35,28.96,-1,-1,-1,-1,-1,-1,-1,-1,-1,-1,-1,0.13,-1.05,-0.92,-0.31,-1.22,6.11,5.21,0,9.52,3.17,0,4.76,1.59,-8.12,-8.12,-8.52,-8.52,-8.52,-8.12,-0.86,-5.76,-2.48,-22.84,-19.95,4.64,7.45,34.74,40.58,3.47,13.29,35.72,35.46,11.11,15.27,-5.92,-6.79,-2.82,11.19,13.44,1.010851,71,-5.31,4.88,33.35,23.3,,,-5.92,-1.02,3.79,14.01,2.13,1.014197,76
26-11-2025,NSE:MIDCAPETF,EQ,1285.56,22.85,2416695,552.21481,1.87,1.85,2.48,,1.29,0.09,0.18,1.44,1.66,4.07,4.42,6.56,18.34,10.59,23.76,-1,-1,-1,-1,-1,-1,-1,-1,-1,-1,-1,0.74,0.4,1.15,1.38,2.56,5.27,8.27,60,42.86,14.29,60,42.86,14.29,-0.09,-0.09,-0.09,-0.09,-0.09,-0.09,0,-2.37,-6.28,-18.09,-10.32,8.09,8.09,26.66,32.93,2.51,6.29,21.06,18.35,9.06,19.4,1.18,0.65,1.81,4.38,1.68,1.010839,71,1.74,2.74,15.49,-3.13,,,1.18,-0.51,1.22,2.94,-3.62,1.002828,66
26-11-2025,NSE:SHARDACROP,EQ,7154.49,830.6,370144,3074.41606,4.52,4.42,6.48,L,0.44,7.74,8.31,2.34,-12.97,-2.9,-17.79,18.96,37.62,3.2,60.11,-1,-1,-1,EEP,EEP,-1,-1,-1,-1,-1,-1,3.7,-0.79,2.89,-3.17,-0.27,9.38,10.05,0,0,0,0,0,0,-12.93,-18.85,-28.11,-28.11,-28.11,-12.93,-18.79,-15.32,-21.2,-39.34,-1.54,9.06,14.68,82.13,158.63,9.06,16.69,114.54,47.59,61.34,150.37,-13.45,-21.56,14.21,23.66,-5.71,1.010751,71,-12.84,-13.69,80.22,14.47,,,-13.45,-7.58,30.18,13.36,-49.31,1.008636,72
26-11-2025,NSE:MAKEINDIA,EQ,220.05,155.23,28804,44.71245,1.44,1.46,5.16,,1.30,-0.12,-0.74,0.34,0.46,1.59,4.73,7.58,17.94,11.09,23.99,-1,-1,-1,-1,-1,-1,-1,-1,-1,-1,-1,0.39,0.08,0.47,0.6,1.08,6.89,8.56,0,0,46.03,0,0,36.51,-0.74,-0.74,-0.74,-0.74,-2.59,-0.74,-0.21,-0.05,-9.97,-20.06,-13.39,7.21,9.41,26.46,31.89,1.52,8.91,20.47,16.87,8.66,17.73,-0.02,0.96,2.83,3.98,2.18,1.010723,71,0.53,6.85,15.32,-5.68,,,-0.02,0.99,1.97,1.55,-2.48,1.003133,67
26-11-2025,NSE:MAHKTECH,EQ,530.58,25.54,1383430,353.32802,0.47,1.64,19.37,3L,2.57,-3.21,-6.19,-6.19,-5.83,-11.94,3.37,10.81,3.56,29.29,50.23,-1,-1,HV2Q,-1,HVQ,-1,-1,-1,-1,-1,-1,-1.72,-2.31,-3.94,-4.76,-8.3,12.39,4.67,0,0,52.38,0,0,39.68,-9.34,-25.17,-25.17,-25.17,-25.17,-9.34,-20.8,-6.41,-13.61,0,-16.7,2.57,19.91,49.01,111.6,2.57,18.24,32.26,71.79,104.06,49.63,-6.31,-0.4,6.06,-10.4,20.38,1.010634,71,-7.26,18.24,0.49,69.75,,,-6.31,5.38,6.68,-17.78,32.54,1.021798,81
26-11-2025,NSE:BHARTIHEXA,EQ,89215,1778.8,236225,4201.9703,3.12,3.17,10.71,M,0.08,-2.77,-1.24,-5.3,-5.13,5.13,-4.54,2.71,24.72,23.18,NA,-1,-1,-1,HVQ,-1,HV2Q,-1,-1,-1,-1,-1,-0.55,-0.32,-0.87,1.54,0.68,5.05,6.03,0,0,0,0,0,0,-7.08,-7.08,-10.37,-10.37,NA,-7.08,0,-6.3,-1.58,-13.37,NA,9.1,9.1,42.69,NA,1.93,14.69,49.17,54.52,66.12,NA,-5.61,-8.31,-2.04,10.76,14.27,1.010544,71,-3.67,5.12,36.14,54.52,,,-5.61,-2.75,5.92,12.96,3.83,1.01407,76
26-11-2025,NSE:AHCL,BE,797.27,163.33,473126,772.7567,5.52,5.43,5.48,,2.59,2.68,13.43,14.73,25.27,14.17,NA,NA,NA,NA,NA,-1,-1,-1,-1,-1,-1,-1,-1,-1,-1,-1,5.82,4.93,11.31,8.24,21.31,,,100,76.19,75.86,60,57.14,43.1,0,NA,NA,NA,NA,0,NA,NA,NA,NA,NA,NA,NA,NA,NA,31.73,NA,NA,NA,NA,NA,24.79,0,0,0,0,1.010538,71,31.73,,,,,,24.79,96.69,-1.02,-9.66,5.87,1.03094,85
26-11-2025,NSE:PHOENIXLTD,EQ,62339.07,1751.7,555268,9726.62956,2.46,2.43,3.9,,1.15,2.09,1.11,-0.91,2.32,9.93,9.35,7.88,8.65,12.41,22.22,-1,-1,-1,-1,-1,EEP,-1,-1,-1,-1,-1,1.66,0.54,2.21,2.89,5.26,4.55,10.28,0,66.67,46.03,0,47.62,30.16,-1.22,-1.22,-1.22,-6.23,-14.45,-1.22,0,-5.61,-14.38,-21.85,-25.07,16.69,23.59,23.59,37.51,4.4,20.73,12.04,15.43,25.61,20.44,1.84,5.58,3.13,-5.31,3.5,1.010534,71,2.92,12.14,2.16,-12.54,,,1.84,3.89,-2.64,-8.82,9.99,1.004197,68
26-11-2025,NSE:PPAP,EQ,339.75,231.95,68000,157.726,6.57,6.51,4.27,2L,4.27,0.8,-12.8,-13.36,-9.66,-1.21,0.39,10.95,23.15,17.18,20,-1,HV2Y,HVQ,HVQ,HVQ,HV2Y,-1,-1,-1,-1,-1,-1.22,-2.81,-3.92,0.18,-3.75,10.62,7.68,0,38.1,12.7,0,4.76,1.59,-16.85,-16.85,-16.85,-16.85,-16.85,-16.85,-6.51,-11.41,-12.12,-24.15,-16.01,11.89,11.89,44,44,4.27,22.7,43.44,28.22,2.27,10.21,-10.14,-3.38,6.2,9.19,8.27,1.010438,71,-5.58,-0.94,28.7,-0.26,,,-10.14,5.85,9.59,4.03,-1.89,1.009375,73
26-11-2025,NSE:BIL,EQ,1139.88,806.65,7761,62.60411,5.61,5.58,10.29,,-1.08,-3.49,-7.83,-5.45,3.31,-10.33,-6.04,12.97,25.38,2.78,66.72,HVY,HVY,-1,-1,-1,-1,-1,-1,-1,-1,-1,-2.89,-0.07,-2.96,0.2,-2.76,12.06,10.57,0,0,0,0,0,0,-7.64,-9.37,-14.8,-14.8,-14.8,-7.64,-17.62,-9.65,-16.08,-28.04,-0.58,8.65,18.42,79.26,217.64,0.18,5.05,90.09,56,137.03,208.8,2.83,-9.81,8.22,11.42,-6.13,1.010381,71,0.18,-11.3,45.23,46.98,,,2.83,-12.98,16.91,4.59,-24.41,0.998519,61
26-11-2025,NSE:EIDPARRY,EQ,18675.45,1032.6,170075,1756.19445,2.55,2.63,6.36,S,0.66,0.21,-1.43,-1.43,-3.24,-3.94,-13.83,4.6,30.37,20.04,45.24,-1,-1,-1,HV2Q,-1,-1,-1,-1,-1,-1,-1,0.28,-0.59,-0.3,-1.01,-1.3,6.87,5.99,0,0,0,0,0,0,-5.25,-8.72,-16.47,-16.47,-16.47,-5.25,-13.76,-4.92,-1.42,-26.77,-5,1.95,8.68,56.47,90.46,1.53,5.26,78.1,49.27,32.61,52.29,-3.72,-17.6,-0.15,16.41,11.13,1.010357,71,-3.53,-9.21,67.54,21.94,,,-3.72,-13.56,15.17,17.36,-8.97,1.012925,76
26-11-2025,NSE:EMCURE,EQ,26349.51,1397.2,220884,3086.19125,3.87,3.95,11.96,S,-1.71,1.94,4.28,5.19,3.46,4.82,-6.9,2.72,29.46,8.12,NA,-1,-1,HVQ,-1,EEP,-1,-1,-1,-1,-1,-1,1.34,0.59,1.95,1.04,3.02,8.29,12.33,0,0,3.17,0,0,0,-2.06,-4.86,-7.13,-7.13,NA,-2.06,-10.34,-0.72,-10.97,-35.44,NA,9.86,12.4,54.28,NA,5.94,6.06,64.93,50.09,2.66,NA,2.98,-10.67,-2.03,15.5,-0.79,1.010308,71,5.37,-4.18,49.95,-0.01,,,2.98,-14.04,7.98,17.83,-24.39,1.005721,69
26-11-2025,NSE:SAILIFE,EQ,18368.16,880,462544,4070.3872,2.94,2.92,4.61,2M,0.61,1.7,-1.18,-4.9,0.2,-1.36,-3.06,17.26,23.72,NA,NA,-1,-1,-1,-1,EEP,-1,-1,-1,-1,-1,-1,0.28,-0.46,-0.18,-0.17,-0.35,10.36,11.17,0,0,6.35,0,0,0,-4.67,-4.67,-4.96,NA,NA,-4.67,-5.15,-2.05,-6.64,NA,NA,7.84,22.79,NA,NA,2.17,11.45,41.66,13.73,NA,NA,-0.28,-6.83,12.51,9.76,0,1.010275,71,-2.05,4.73,35.28,,,,-0.28,-6.58,18.69,-1.85,105.87,1.014051,76
26-11-2025,NSE:MIDCAPIETF,EQ,574.89,23.1,1294998,299.14454,1.68,1.67,3.52,S,1.14,-0.04,0.22,1.26,1.6,3.85,4.37,6.45,18.23,10.3,23.44,-1,-1,-1,-1,-1,-1,-1,-1,-1,-1,-1,0.63,0.37,1.01,1.3,2.34,5.28,8.05,60,38.1,12.7,60,38.1,12.7,-0.13,-0.13,-0.13,-0.13,-0.13,-0.13,-0.09,-2.56,-6.49,-18.26,-10.34,7.89,7.89,26.51,32.58,2.12,6.17,20.97,18.35,9.05,19.61,1.12,0.6,1.7,4.27,1.39,1.010184,70,1.54,2.57,15.59,-3.01,,,1.12,-0.49,1.15,2.93,-3.82,1.002563,66
26-11-2025,NSE:AUROPHARMA,EQ,72019.4,1227.4,1343522,16490.38903,2.48,2.47,5.97,,1.61,-0.68,3.57,6.38,10.81,11.12,13.04,2.95,5.22,0.6,18.42,-1,-1,-1,-1,-1,-1,-1,-1,-1,-1,-1,1.71,1.93,3.72,4.22,8.28,0.01,8.29,100,47.62,15.87,20,28.57,9.52,-0.96,-0.96,-0.96,-9.3,-21.79,-0.96,-5.47,-15.14,-24.1,-25.87,-22.26,20.07,20.07,20.07,23.93,11.64,7.09,2.54,13.26,17.46,23.18,10.33,9.27,-1.8,-8.74,-8.31,1.010109,70,11.64,-2.5,-5.97,-22.34,,,10.33,-0.82,-12.62,-7.32,1,0.996917,59
26-11-2025,NSE:MACPOWER,EQ,980.71,944.55,17514,165.42849,5.46,5.41,6.7,,-1.00,-1.74,13.99,14.6,10.71,7.88,13.57,3.66,20.84,-34.32,7.28,EEP,EEP,-1,-1,-1,-1,-1,-1,-1,-1,-1,2.03,3.36,5.58,4.09,10.07,-3.21,6.65,0,0,0,0,0,0,-3.54,-3.54,-11.88,-40.17,-45.5,-3.54,-19.05,-23.84,-42.36,-56.85,-26.79,21.37,21.37,52.2,52.2,21.37,5.43,31.55,46.63,0,51.36,10.23,9.8,-1.09,6.88,-43.23,1.010096,70,11.62,-19.05,0.16,-35.44,,,10.23,-0.11,-12.48,8.17,-63.81,0.987467,45
26-11-2025,NSE:HDFCPVTBAN,EQ,744.01,29.14,107702,31.38436,1.67,1.66,2.69,,1.53,0.55,1.92,2.4,0.96,6.21,6.66,4.39,15.17,13.73,19.39,-1,-1,-1,-1,-1,-1,-1,-1,-1,-1,-1,1.05,0.48,1.54,1.67,3.26,3.42,6.92,80,19.05,6.35,80,19.05,6.35,0,0,0,0,0,0,-0.76,-5.72,-0.75,-10.11,-8.58,9.76,9.76,21.72,24.85,2.93,8.7,12.63,16.37,5.91,7.71,0.48,2.89,-0.36,1.21,4.82,1.010017,70,0.83,2.12,8.8,7.94,,,0.48,2.44,-3.45,1.61,4.17,1.005584,69
26-11-2025,NSE:PVTBANIETF,EQ,3365.4,28.89,1088959,314.60026,1.2,1.22,4.23,,1.37,0.8,1.73,2.53,0.97,6.54,6.82,4.57,14.92,13.57,19.35,-1,-1,-1,-1,-1,-1,-1,-1,-1,-1,-1,1.08,0.49,1.57,1.66,3.29,3.45,6.98,80,19.05,6.35,80,19.05,6.35,0,0,0,0,0,0,-0.69,-5.78,-0.93,-10.03,-8.6,9.85,9.85,21.64,25.17,3.1,8.78,12.68,16.08,6.5,8.19,0.49,3.05,-0.18,0.96,4.66,1.009969,70,1.01,3.06,8.29,7.7,,,0.49,2.6,-3.43,1.19,4.28,1.005436,69
26-11-2025,NSE:GSLSU,EQ,553.55,127.93,565621,723.59895,7.4,7.32,5.85,,1.79,-3.1,-0.91,5.08,19.82,22.9,11.19,-6.65,19.39,-37.91,-83.3,-1,-1,HV2Y,HV2Q,HV2Q,HVQ,-1,-1,-1,-1,-1,0.8,3.6,4.57,11.76,18.5,-6.42,11.35,20,4.76,1.59,0,0,0,-4.14,-4.14,-7.8,-32.03,-48.02,-4.14,-16.7,-18.12,-42.74,-66.77,-43.15,49.87,49.87,49.87,49.87,28.99,20.17,12.94,35.64,0,4.06,19.34,7.42,-11.4,5.43,-46.82,1.009907,70,27.85,-12.05,7.26,-23.47,,,19.34,-14.06,-21.12,14.75,-65.21,0.990337,50
26-11-2025,NSE:ANONDITA,ST,1222.29,621.55,95920,596.19076,2.82,4.27,7.91,,1.99,-6.28,2.25,-0.61,24.89,37.22,NA,NA,NA,NA,NA,-1,-1,-1,-1,-1,-1,-1,-1,17,-1,-1,-0.45,4.71,4.47,17.49,26.62,,,100,100,98.33,0,52.38,53.33,-7.79,NA,NA,NA,NA,-7.79,NA,NA,NA,NA,NA,NA,NA,NA,NA,26.81,NA,NA,NA,NA,NA,24.41,0,0,0,0,1.009721,70,26.81,,,,,,24.41,96.69,-1.02,-9.66,5.87,1.030106,85
26-11-2025,NSE:RUBYMILLS,EQ,786.51,230.49,20015,46.13257,3.3,3.41,4.68,,0.18,-0.81,2.76,1.03,4.1,0.3,-0.13,8.42,19.34,8.59,16.85,-1,-1,HVQ,HVQ,-1,HVQ,-1,-1,-1,-1,-1,0.11,0.84,0.95,0.8,1.77,3.32,5.27,0,0,0,0,0,0,-2.98,-7.4,-9.02,-24.81,-25.42,-2.98,-12.75,-8.9,-31.7,-39.84,-31.82,5.89,12.48,27.34,27.34,5.89,1.31,27.51,16.62,1.2,14.7,3.62,-3.9,3.67,5.38,-0.32,1.009554,70,5.89,-6.77,19.45,-21.91,,,3.62,-7.73,7.52,2.26,-7.46,1.000268,63
26-11-2025,NSE:APLAPOLLO,EQ,49363.69,1732.8,552007,9565.1773,2.05,2.02,10.88,2M,2.03,0.69,-3.67,-2.68,-1.97,3.27,5.06,-6.39,23.54,16.87,14.89,-1,-1,-1,-1,-1,-1,-1,-1,-1,-1,-1,-0.22,-0.65,-0.87,0.52,-0.35,4.86,4.74,0,52.38,17.46,0,52.38,17.46,-3.99,-3.99,-9.79,-9.79,-9.79,-3.99,0,-14.35,0,-22.88,-16.15,8.28,15.15,32.98,32.98,2.03,17.42,19.84,41.48,1.68,6.95,-2.45,1.29,-11.14,9.58,7.96,1.009448,70,-2.49,14.51,19.16,30.09,,,-2.45,3.58,-13.07,18.47,-2.86,1.01451,77
26-11-2025,NSE:HERITGFOOD,EQ,4463.02,479,497234,2381.75086,1.86,1.87,9.31,2L,3.22,0.85,-0.5,-0.96,-3.23,-8.59,1.58,15.79,20.28,5.19,31.48,-1,-1,HVY,EEP,-1,-1,-1,-1,-1,-1,-1,1.53,-0.98,0.55,-2.35,-1.76,8.18,7,0,0,23.81,0,0,9.52,-2.66,-10.21,-10.21,-10.21,-31.08,-2.66,-7.31,-5.48,-37.29,-45.06,-34.66,5.56,18.67,32.5,60.04,5.56,7.51,30.41,11.58,27.58,51.74,-3.71,-2.19,11.04,6.32,-3.72,1.009189,70,-2.27,7.49,20.58,-25.97,,,-3.71,1.34,13.42,-4.33,-13.06,0.998979,62
26-11-2025,NSE:PVTBANKADD,EQ,448.66,28.99,158657,45.99466,0.85,0.92,3.56,,1.19,0.69,1.69,2.41,0.55,6.45,6.76,4.24,14.97,13.63,19.42,-1,-1,-1,-1,-1,-1,-1,-1,-1,-1,-1,1,0.47,1.48,1.61,3.14,3.46,6.83,40,9.52,3.17,40,9.52,3.17,0,0,0,0,0,0,-0.52,-5.82,-0.75,-10.49,-9.08,9.69,9.69,21.55,24.8,2.76,9.08,12.44,16.39,6.11,7.79,0.07,2.99,-0.51,1.01,4.72,1.009188,70,0.8,3.44,8.47,7.72,,,0.07,2.93,-3.72,1.54,4.29,1.005543,69
26-11-2025,NSE:NESTLEIND,EQ,244895.92,1276.8,1258808,16072.46054,1.38,1.37,8.82,,1.08,-0.17,-0.11,0.92,-0.49,7.69,9.7,3.63,12.97,13.41,-1.96,-1,-1,-1,-1,-1,-1,-1,-1,-1,-1,-1,0.36,0.45,0.81,2.54,3.43,4.29,8.07,80,80.95,34.92,60,66.67,30.16,-0.3,-0.98,-0.98,-0.98,-7.33,-0.3,-0.5,-6.74,-10.69,-19.35,-19.75,10.79,17.2,18.97,18.97,1.12,17.77,7.43,14.65,3.37,1.3,-0.97,5.93,-1.12,-0.99,4.5,1.009087,70,0.46,12.81,4.58,-3.53,,,-0.97,6.82,-7.74,0.03,6.37,1.006694,70
26-11-2025,NSE:MID150BEES,EQ,2803.31,230.7,732785,1690.535,1.8,1.78,3.77,,1.30,-0.27,-0.16,1.24,1.37,3.78,4.17,6.1,17.96,9.96,23.19,-1,-1,-1,-1,-1,-1,-1,-1,-1,-1,-1,0.52,0.35,0.87,1.35,2.25,5.21,7.88,20,28.57,9.52,20,28.57,9.52,-0.58,-0.58,-0.58,-0.58,-0.58,-0.58,0,-2.42,-6.17,-18.02,-10.03,8.06,8.06,26.07,32.53,2.02,6.58,20.81,18.38,8.73,19.33,0.89,0.4,1.35,4,1.05,1.008633,70,1.42,2.57,15.06,-3.2,,,0.89,-0.47,0.99,2.97,-3.88,1.002162,65
26-11-2025,NSE:UFO,EQ,306.64,81.83,301291,246.54643,5.63,5.85,12.56,,0.70,5.32,-1.23,7.38,12.53,8.68,7.37,16.61,7.67,-19.97,-51.47,HV2Y,HV2Y,-1,HV2Q,-1,HVQ,4.13,-1,-1,-1,-1,0.81,2.19,3.06,4.87,8.34,2.62,11.26,100,23.81,12.7,20,4.76,1.59,-4.84,-4.84,-4.84,-30.23,-45.25,-4.84,-10.54,-6.73,-51.72,-49.45,-34.31,17.49,19.27,33.93,33.93,15.11,3.13,24.06,11.69,0,0,12.05,3.6,11.86,-6.29,-28.88,1.0084,70,15.11,1.63,-2.9,-48.92,,,12.05,-9.21,8.95,-20.37,-24.07,0.984077,41
26-11-2025,NSE:PRESTIGE,EQ,75580.23,1667.8,732800,12221.6384,2.83,2.83,7.55,M,0.72,-2.97,-2,-4.72,-7.02,5.7,1.12,13.39,27.02,1.08,37.43,-1,-1,-1,-1,-1,-1,-1,-1,-1,-1,-1,-1.45,-0.58,-2.02,2.33,0.32,9.57,10.94,0,28.57,9.52,0,14.29,4.76,-6.34,-6.56,-7.66,-11.67,-18.91,-6.34,0,-8.69,-24.66,-40.82,-19.79,10.64,14.88,57.3,68.02,2.24,18.4,55.53,36.24,22.62,66.21,-7.5,-2.65,8.64,13.06,-7.83,1.008307,70,-5.14,6.93,34.07,-17.22,,,-7.5,4.29,11.39,6.08,-29.68,1.000173,63
26-11-2025,NSE:GLOBUSSPR,EQ,3432.44,1061.3,158276,1679.78319,4.31,4.23,4.72,,1.34,-10.34,-10.26,-7.02,-0.35,-2.31,-15.89,7.42,23.78,23.53,30.96,EEP,EEP,-1,-1,-1,EEP,-1,-1,-1,-1,-1,-3.91,-1.15,-5,1.09,-3.95,5.19,1.31,0,0,7.94,0,0,0,-11.06,-14.64,-17.16,-17.16,-20.29,-11.06,-16.87,-4,-26.21,-39.24,-39.05,2.75,13.26,39.18,59.47,1.34,3.11,44.54,28.84,21.56,21.95,-0.83,-19.66,2.67,9.82,14.62,1.008173,70,-0.65,-14.47,44.15,8.18,,,-0.83,-18.79,19.1,8,5.55,1.012252,75
26-11-2025,NSE:LLOYDSENT,EQ,8268.82,58.26,1517997,884.38505,3.56,3.48,4.46,M,2.84,-7,-9.63,-19,-14.8,-12.72,-26.47,13.63,28.5,30.75,NA,-1,-1,-1,HV2Y,-1,HV2Y,-1,-1,-1,-1,-1,-4.08,-4.1,-7.85,-4.88,-12.14,8.95,-3.5,0,0,0,0,0,0,-16.46,-21.36,-31.38,-31.38,NA,-16.46,-15.58,-13.21,-11.35,-26.62,NA,2.84,14.94,69.3,NA,2.84,7.87,114.11,46.23,4.83,NA,-15.28,-30.24,8.88,14.54,21.84,1.00807,70,-12.23,-7.86,62.64,,,,-15.28,-13.48,30.68,7.56,9.01,1.022378,81
26-11-2025,NSE:EDELWEISS,EQ,11101.95,112.39,6252453,7027.13193,3.49,3.42,10.95,,1.54,-3.49,-0.05,1.08,-6.98,-7.43,10.23,10.57,15.72,8.47,39.01,-1,-1,HVY,HVY,HV2Q,-1,-1,-1,-1,-1,-1,-0.4,-0.31,-0.71,-0.25,-0.96,9.19,9.06,0,0,3.17,0,0,1.59,-6.01,-6.92,-7.44,-18.93,-20.88,-6.01,-0.42,-16.91,-29.24,-33.32,-27.58,4.88,20.11,49.91,85.71,4.53,28.49,34.57,34.07,56.51,69.98,-7.46,6.46,5.82,1.76,-0.44,1.008056,70,-6.01,11.71,3.4,2.33,,,-7.46,12.78,-0.64,-3.9,-2.73,1.004514,68
26-11-2025,NSE:EQUAL50ADD,EQ,902.59,345.07,189027,652.27547,0.9,0.93,3.4,,1.00,0.18,0.64,1.7,0.35,3.23,4.78,7.04,14.63,13.07,17.97,-1,-1,-1,-1,-1,-1,-1,-1,-1,-1,-1,0.61,0.34,0.95,1.08,2.06,5.35,7.83,0,14.29,65.08,0,14.29,55.56,-0.12,-0.12,-0.12,-0.12,-0.12,-0.12,0,-0.85,-7.13,-14.71,-13.15,6.96,8.8,21.35,23.24,2.16,8.22,15.55,12.81,5.21,7.14,-0.13,1.01,2.29,0.67,4.16,1.007954,70,0.54,6.51,11.19,-2.49,,,-0.13,1.13,1.35,-1.49,4.04,1.003786,67
26-11-2025,NSE:PARADEEP,EQ,13580.73,155.84,8470014,13199.66982,3.86,3.91,8.94,3L,-0.61,-2.27,-3.27,-7.87,-9.12,-23.67,-44.46,-2.64,39.2,31.33,55.05,-1,-1,-1,EEP,-1,-1,-1,-1,-1,-1,-1,-2.08,-2.79,-4.74,-6.2,-10.3,8.74,-1.71,0,0,6.35,0,0,1.59,-10.41,-31.72,-32.7,-32.7,-32.7,-10.41,-26.56,-2.79,0,-25.04,-5.41,1.35,1.35,79.35,140.87,1.35,1.69,159.09,94.68,46.45,65.41,-9.6,-48.23,-7.39,25.24,22.42,1.00782,70,-7.89,-10.15,147.14,79.18,,,-9.6,-35.69,27.93,31.1,-7.08,1.034871,87
26-11-2025,NSE:MARICO,EQ,98487.36,734.1,1822619,13379.84608,1.59,1.67,9.72,,0.38,-1.91,1.79,2.29,1.43,3.62,1.59,2.51,14.71,19.49,31.87,-1,-1,-1,-1,-1,-1,-1,-1,-1,-1,-1,-0.21,0.58,0.38,1.45,1.86,3.04,5.05,0,0,11.11,0,0,3.17,-3.5,-3.5,-3.5,-3.5,-3.5,-3.5,-3.76,-3.92,-3.04,-11.69,-16.64,5.26,6.88,24.9,49.8,3.16,4.27,22.91,21.76,27.77,20.61,0.95,-2.18,-2.24,0.75,10.58,1.007695,69,1.95,4.27,13.77,4.79,,,0.95,-3.14,-0.09,2.85,11.48,1.008727,72
26-11-2025,NSE:MASFIN,EQ,5661.35,307.5,96044,295.3353,3.05,3.03,5.28,,-0.05,-2.13,-0.16,-1.72,1.98,-2.81,-1.87,4.85,23.04,9.82,7.59,-1,-1,-1,HVY,EEP,-1,-1,-1,-1,-1,-1,-1.04,0.31,-0.72,0.49,-0.24,6.04,6.18,0,0,0,0,0,0,-3.97,-4.73,-11.18,-11.18,-11.18,-3.97,-6.62,-9.52,-2.71,-26.72,-14.14,3.4,8.01,33.79,33.79,1.92,1.34,36.3,27.31,0,0.89,1.5,-5.64,0.1,9.08,0.91,1.007427,69,1.92,-6.02,31.84,5.44,,,1.5,-7.24,5.57,9.46,-11.31,1.002656,66
26-11-2025,NSE:BAJAJFINSV,EQ,332345.15,2085.1,1050723,21908.62527,2.16,2.19,3.91,,2.70,1.67,2.38,0.57,-4.08,0.76,5.82,2.65,9.18,24.74,24.63,-1,-1,-1,-1,-1,HV2Y,-1,-1,-1,-1,-1,1.21,-0.32,0.88,-0.06,0.82,3.89,4.9,0,9.52,22.22,0,9.52,15.87,-2.57,-4.2,-4.2,-4.2,-4.2,-2.57,-0.29,-6.71,-3.57,-5.82,-21.96,8.97,9.28,33.72,41.14,4.81,13.74,9.69,30.18,28.19,6.22,-4.56,2.05,-2.1,-4.78,15.83,1.00708,69,-2.57,9.29,4.72,24.86,,,-4.56,6.2,-4.39,-2.95,23,1.016026,78
26-11-2025,NSE:VHLTD,BE,819.06,128.98,24452,31.53819,4.05,4,9.86,,-1.09,5.97,4.07,0.32,-0.22,7.06,8.73,11.43,11.45,5.19,NA,-1,-1,-1,-1,-1,-1,-1,-1,-1,-1,-1,2.16,0.5,2.67,1.32,4.04,7.87,12.93,0,33.33,63.49,0,23.81,39.68,-1.41,-1.41,-1.41,-1.41,NA,-1.41,0,-3.37,-12.09,-12.11,NA,12.12,35.03,35.03,NA,6.35,26.06,23.24,10.12,200.76,NA,-0.7,4.96,6.68,-2.51,-3.72,1.006785,69,0.12,22.84,5.54,4.3,,,-0.7,5.62,1.94,-9.63,-1.21,0.998744,61
26-11-2025,NSE:ANGELONE,EQ,25933.79,2749.5,888896,24440.19552,3.11,3.11,21.5,,2.30,-2.34,2.55,8.41,6.27,19.9,11.01,-9.58,19.5,1.1,4.53,-1,-1,-1,-1,-1,-1,-1,-1,-1,-1,-1,0.94,2.31,3.33,7.75,12.01,-2.53,9.25,0,0,0,0,0,0,-3.44,-3.44,-15.96,-19.91,-19.91,-3.44,-5.29,-25.21,-12.23,-35.52,-15.97,29.39,29.39,40.75,40.75,10.58,21.28,25.26,54.23,7.9,32.56,5.79,7.24,-14.33,5.54,-7.81,1.0066,69,8.34,-5.26,5.41,15.14,,,5.79,1.74,-24.15,16.88,-16.99,1.005187,68
26-11-2025,NSE:JTEKTINDIA,EQ,4407.29,150.08,306845,460.51298,3.97,3.98,5.17,M,-0.83,-4.76,-4.56,-10.88,-2.38,-16.44,10.87,9.34,17.43,-2.31,-0.06,-1,-1,-1,-1,-1,HVQ,-1,-1,-1,-1,-1,-2.01,-1.39,-3.36,-3.18,-6.34,12.32,6.81,0,0,28.57,0,0,6.35,-9.81,-18.81,-18.81,-18.81,-30.82,-9.81,-16.88,-7.28,-22.54,-42.88,-29.22,15.35,26.34,36.88,36.88,2.91,29.35,22,24.1,0.79,12.15,-2.86,7.1,4.59,3.47,-11.22,1.006527,69,-5.77,15.3,5.65,-18.15,,,-2.86,9.64,-2.75,-0.74,-18.03,0.997346,60
26-11-2025,NSE:SIEMENS,EQ,115311.82,3318.8,362894,12043.72607,2.17,2.18,8.1,,4.33,3.23,7.9,6,4.79,3.55,4.65,0.59,24.21,-3.93,25.34,-1,-1,-1,-1,-1,HV2Q,-1,-1,-1,-1,-1,3.93,0.94,4.92,0,4.92,4.17,9.48,0,0,0,0,0,0,0,-0.21,-1.91,-19.81,-19.98,0,-4.99,-6.46,-20.46,-39.35,-16.84,9.82,10.86,38.22,38.22,9.82,5.56,31.8,37.4,4.39,43.14,4.31,0.88,-4.16,10.25,-12.84,1.006411,69,6.72,4.01,22.98,-9.97,,,4.31,-3.46,-5.27,14.09,-31.25,0.99852,61
26-11-2025,NSE:KPIL,EQ,21389.26,1225,174831,2141.67975,2.64,2.64,4.78,3L,-0.11,-0.69,-3.12,-7.31,-0.73,-2.94,-5.16,8.84,26.29,6.53,15.88,-1,-1,-1,EEP,-1,EEP,-1,-1,-1,-1,-1,-0.57,-0.95,-1.51,-1.03,-2.52,10.27,8.64,0,0,22.22,0,0,6.35,-6.81,-6.81,-6.81,-8.54,-12.97,-6.81,-5.16,-0.92,-20.66,-35.85,-18.66,2.12,10.07,45.74,45.74,2.12,10.88,53.26,32.86,2.66,16.61,-1.21,-8.93,4.09,12.33,-2.38,1.006297,69,-3.49,7.12,36.93,-10.8,,,-1.21,-7.7,12.29,9.48,-20.93,1.001132,64
26-11-2025,NSE:ICICIGI,EQ,101072.11,2010.3,713477,14343.02813,1.95,1.98,19.22,,0.57,-1.56,-0.91,-1.48,1.19,6.56,4.54,8.42,13.53,10.23,17.86,-1,-1,EEP,HV2Q,-1,-1,-1,-1,-1,-1,-1,-0.17,0.34,0.17,2.33,2.56,3.81,6.62,20,38.1,12.7,20,33.33,11.11,-1.6,-1.6,-2.58,-2.58,-11.64,-1.6,-1.68,-7.01,-19.08,-23.59,-20.68,10.33,10.33,22.6,30.86,0.83,9.02,17.03,12.28,13.16,17.47,0.71,0.77,3.67,-0.43,1.32,1.00614,69,-0.43,3.39,10.99,-11.63,,,0.71,0.08,3.04,-4.09,2.06,1.001015,64
26-11-2025,NSE:CESC,EQ,23328.71,173.44,2649109,4594.61465,2.32,2.35,11.83,M,3.78,1.19,0.92,-4.96,-3.85,3.6,5.3,3.44,26.26,1.42,32.28,-1,-1,-1,-1,-1,-1,-1,-1,-1,-1,-1,1.06,-0.69,0.37,0.58,0.96,5.62,6.97,0,0,0,0,0,0,-4.73,-6.07,-6.07,-13.13,-16.78,-4.73,-2.45,-9.68,-19.64,-38.63,-17.96,13.96,13.96,41.95,52.74,3.78,18.35,25.58,37.07,13.74,52.05,-4.33,1.53,-1.31,12.3,-7.49,1.006132,69,-2.97,4.05,24.86,-12.77,,,-4.33,5.51,-2.99,13.97,-27.81,1.00292,66
26-11-2025,NSE:INDIANHUME,EQ,2038.78,395.65,27200,107.6168,3.57,3.59,4.08,,3.49,3.39,3.85,9.05,10.89,5.11,6.52,-8.59,19.26,-0.68,29.52,-1,-1,-1,-1,EEP,EEP,-1,-1,-1,-1,-1,3.99,1.58,5.66,1.82,7.62,-4.51,2.98,0,0,0,0,0,0,0,-1.82,-14.66,-14.66,-30.83,0,-17.04,-20.22,-24.89,-44.15,-30.36,15.47,15.47,36.43,55.98,13.61,2.89,23.02,48.16,35.33,68.76,10.41,2.75,-13.34,5.3,-9.59,1.005862,69,13.61,-17.04,16.95,-18.66,,,10.41,-8.22,-17.19,15.99,-18.83,1.001584,64
26-11-2025,NSE:ESABINDIA,EQ,8326.08,5619.6,11125,625.1805,3.17,3.46,5.09,,-1.78,1.17,7.79,13.12,12,10.51,3.67,6.65,14.41,-7.73,14.62,-1,EEP,-1,-1,-1,HVQ,-1,-1,-1,-1,-1,1.64,3.31,5.12,4.86,10.49,1.62,12.31,0,0,0,0,0,0,-1.78,-1.78,-2.78,-10.39,-15.3,-1.78,-9.85,-6.35,-19.46,-27.5,-8.75,18.01,18.01,29.76,29.76,18.01,1.54,25,21.14,3.08,26.52,11.52,-0.1,1.9,0.45,-16.64,1.005812,69,12.72,-8.68,15.53,-16.59,,,11.52,-12.78,2.07,-1.34,-20,0.990668,50
26-11-2025,NSE:BBOX,EQ,9407.71,542.05,545647,2957.67956,3.73,3.68,13.17,2M,5.00,2.08,-0.15,-1.26,-3.99,11.81,11.86,12.01,18.01,-8.65,57.85,-1,-1,HVQ,-1,-1,-1,-1,-1,-1,-1,-1,1.69,-0.85,0.83,0.4,1.23,11.38,14.23,0,4.76,14.29,0,0,0,-4.12,-8.51,-8.51,-23.03,-23.03,-4.12,-4.86,-16.35,-32.27,-36.89,0,21.95,21.95,65.92,154.36,5.29,26.82,46.24,45.99,108.54,176.37,-4.47,8.09,7.26,4.05,-17.56,1.005648,69,-2.22,13.96,6.6,-8.64,,,-4.47,11.94,-0.85,-2.84,-26.66,0.994907,57
26-11-2025,NSE:NIFTYETF,EQ,4802.19,282.81,195657,553.33756,0.81,0.83,3.59,,1.12,0.68,1.18,2.24,0.94,4.49,5.05,6.01,13.13,11.92,17.65,-1,-1,-1,-1,-1,-1,-1,-1,-1,-1,-1,0.83,0.5,1.34,1.41,2.79,4.18,7.27,100,47.62,25.4,100,47.62,25.4,0,0,0,0,0,0,0,-2.38,-4.83,-12.03,-10.81,7.22,7.79,19.75,22.55,2.7,6.78,13.71,12.56,6.47,7.95,0.46,1.28,1.26,-0.83,3.01,1.005232,69,1.04,4.8,9.59,0.69,,,0.46,0.83,0,-2.09,4.48,1.002613,66
26-11-2025,NSE:NIFTYIETF,EQ,35705.28,294.59,579277,1706.49211,1.66,1.64,2.83,,1.14,0.56,1.14,2.2,0.91,4.42,4.86,5.99,13.31,11.75,17.66,-1,-1,-1,-1,-1,-1,-1,-1,-1,-1,-1,0.79,0.48,1.28,1.41,2.73,4.19,7.22,100,66.67,30.16,100,66.67,30.16,0,0,0,0,0,0,0,-2.18,-4.85,-12.26,-10.68,7.04,7.56,19.59,22.5,2.66,6.58,13.78,12.43,6.2,8.1,0.43,1.09,1.24,-0.65,2.84,1.004983,69,1.06,4.77,9.63,0.52,,,0.43,0.67,0.16,-1.87,4.07,1.002443,66
26-11-2025,NSE:BSLNIFTY,EQ,3283.4,30.43,328179,99.86487,1.49,1.48,3.96,,1.06,0.59,1.35,2.14,0.89,4.34,4.93,6.08,13.24,11.67,17.61,-1,-1,-1,-1,-1,-1,-1,-1,-1,-1,-1,0.77,0.49,1.27,1.4,2.71,4.19,7.2,100,52.38,26.98,100,52.38,26.98,0,0,0,0,0,0,0,-2.13,-4.92,-12.18,-10.58,7.15,7.72,19.66,22.45,2.63,6.76,13.76,12.39,6.24,8.17,0.41,1.16,1.33,-0.72,2.76,1.004975,69,1.06,4.72,9.71,0.35,,,0.41,0.77,0.19,-2.03,4.05,1.002381,65
26-11-2025,NSE:NIFTYBEES,EQ,54966.72,296.01,5231694,15486.33741,1.06,1.07,3.04,,1.14,0.55,1.11,2.17,0.9,4.44,4.84,6,13.23,11.73,17.64,-1,-1,-1,-1,-1,-1,-1,-1,-1,-1,-1,0.8,0.47,1.28,1.41,2.72,4.18,7.2,100,61.9,31.75,100,61.9,30.16,0,0,0,0,0,0,0,-2.18,-4.7,-12.03,-10.51,7.23,7.59,19.6,22.53,2.7,6.62,13.81,12.43,6.32,8.16,0.42,1.07,1.25,-0.73,2.82,1.004841,69,0.99,4.76,9.65,0.64,,,0.42,0.67,0.2,-1.97,4.14,1.002397,65
26-11-2025,NSE:LORDSCHLO,EQ,453.78,178.68,44856,80.1487,6.27,5.91,7.59,3L,-0.56,-1.61,-11.39,-25.07,-25.85,1.33,-7.87,21.18,21.75,23.69,38.58,-1,-1,-1,HVQ,-1,HV2Q,-1,-1,-1,-1,-1,-2.79,-4.06,-6.58,-1.38,-7.85,12.25,5.02,0,23.81,7.94,0,9.52,3.17,-20.04,-20.73,-21.83,-21.83,-21.83,-20.04,-0.24,-15.67,-33.23,-33.71,-9.98,8.13,27.49,41.37,59.11,2.3,36.08,52.5,13.56,27.39,24.24,-26.33,-11.64,16.43,7.79,14.78,1.004786,69,-18.91,7,43.5,0.28,,,-26.33,10.97,25.92,-8.94,8.34,1.018762,79
26-11-2025,NSE:MOGOLD,EQ,852.65,124.75,1392026,1736.55244,1.64,1.96,7.14,,0.73,2.12,1.28,4.09,3.73,8.58,20.12,NA,NA,NA,NA,-1,-1,-1,-1,-1,-1,-1,-1,-1,-1,-1,1.68,0.58,2.27,1.95,4.3,,,0,0,58.73,0,0,47.62,-1.07,-3.63,NA,NA,NA,-1.07,-7.22,NA,NA,NA,NA,23.76,NA,NA,NA,7.27,22.86,NA,NA,NA,NA,3.25,16.35,0,0,0,1.00478,69,7.27,,,,,,3.25,13.72,98.98,-9.66,5.87,1.019296,80
26-11-2025,NSE:SETFNIF50,EQ,215448.09,279.86,694565,1943.80961,1.33,1.33,4.86,,1.14,0.61,1.09,2.19,0.93,4.43,4.84,5.93,13.1,11.78,17.65,-1,-1,-1,-1,-1,-1,-1,-1,-1,-1,-1,0.78,0.49,1.28,1.41,2.73,4.17,7.2,100,66.67,33.33,100,66.67,30.16,0,0,0,0,0,0,0,-2.22,-4.65,-11.92,-10.59,7.23,7.65,19.57,22.73,2.67,6.65,13.78,12.48,6.65,8.27,0.45,1.07,1.18,-0.86,2.87,1.004707,69,1,4.69,9.68,0.68,,,0.45,0.64,0.13,-2.03,4.35,1.002414,66
26-11-2025,NSE:ORCHPHARMA,EQ,4373,871.95,148781,1297.29593,5.95,5.78,5.05,,3.54,2.49,7.04,9.35,18.13,15.33,9.22,19.24,6.18,-69.46,-12.35,-1,-1,HVQ,-1,-1,-1,-1,-1,-1,-1,-1,3.37,3.09,6.67,6.63,14.25,-3.49,10.4,100,33.33,11.11,60,23.81,7.94,0,0,0,-56.02,-56.02,0,-10.85,-21.81,-64.48,-58.73,-5.69,24.21,38.68,38.68,38.68,23.88,2.11,25.89,0.42,0,53.99,17.65,5.45,14.49,-7.78,-78.37,1.0047,68,23.88,0.49,-4.97,-48.93,,,17.65,-14.19,10.02,-25.83,-74.74,0.969956,23
26-11-2025,NSE:HDFCNIFTY,EQ,4678.35,292.82,122917,359.92556,1.16,1.18,4.78,,1.17,0.6,1.13,2.17,0.81,4.34,4.79,6,13.05,11.94,17.52,-1,-1,-1,-1,-1,-1,-1,-1,-1,-1,-1,0.78,0.47,1.25,1.4,2.69,4.16,7.15,100,52.38,28.57,100,52.38,26.98,0,0,0,0,0,0,0,-2.11,-4.84,-11.98,-10.85,7.24,7.64,19.56,22.4,2.64,6.77,13.83,12.39,6.42,7.79,0.33,1.02,1.25,-0.91,3.03,1.004659,68,0.93,4.76,9.91,0.42,,,0.33,0.7,0.25,-2.16,4.59,1.002507,66
26-11-2025,NSE:UTINIFTETF,EQ,68624.06,288.06,134233,386.67158,1.05,1.06,4.46,,1.02,0.59,0.89,2.19,0.76,4.49,4.75,6.12,13.14,11.72,17.6,-1,-1,-1,-1,-1,-1,-1,-1,-1,-1,-1,0.75,0.48,1.23,1.42,2.69,4.19,7.19,100,66.67,30.16,100,66.67,30.16,0,0,0,0,0,0,0,-2.04,-4.85,-11.97,-10.53,7.22,7.67,19.62,22.4,2.57,6.85,13.93,12.3,6.31,8.05,0.28,0.98,1.37,-0.82,2.81,1.004555,68,0.94,4.87,9.67,0.32,,,0.28,0.71,0.41,-2.18,4.23,1.002328,65
26-11-2025,NSE:NIFTY1,EQ,3260.07,288.24,89363,257.57991,1.07,1.07,7.57,,1.03,0.52,1.08,2.17,0.85,4.43,4.88,5.97,13.1,11.51,17.62,-1,-1,-1,-1,-1,-1,-1,-1,-1,-1,-1,0.74,0.5,1.25,1.45,2.74,4.16,7.2,100,66.67,31.75,100,66.67,31.75,0,0,0,0,0,0,0,-2.17,-4.73,-11.95,-10.34,7.73,7.73,19.52,22.63,2.63,6.81,13.69,12.38,6.56,8.52,0.37,1.11,1.22,-0.86,2.6,1.004459,68,1.02,4.67,9.57,0.79,,,0.37,0.76,0.13,-2.08,4.03,1.002204,65
26-11-2025,NSE:LTIM,EQ,173446.21,5890,280484,16520.5076,1.96,2.02,5.47,,0.98,-1.39,-0.06,4.58,4.24,11.6,10.14,13.28,3.76,-0.7,11.81,-1,-1,-1,-1,-1,-1,-1,-1,-1,3,-1,0.43,1.42,1.88,3.98,6.09,7.14,14.25,100,100,47.62,60,80.95,41.27,-2.27,-2.27,-2.27,-12.59,-12.59,-2.27,0,-4.02,-24.2,-15.88,-8.2,16.06,17.52,45.18,45.18,5.79,12.53,30.46,25.89,23.4,29.12,3.76,6.37,8.53,-10.2,-9.61,1.004406,68,5.25,10.68,-3.24,-10.46,,,3.76,2.84,2.48,-20.64,1.24,0.994015,55
26-11-2025,NSE:AXISNIFTY,EQ,1123.13,287.36,14753,42.39422,2.05,2.05,2.1,,1.07,0.53,0.7,2.19,0.89,4.25,4.78,5.78,13.05,11.66,17.59,-1,-1,-1,-1,-1,-1,-1,-1,-1,-1,-1,0.71,0.46,1.18,1.4,2.62,4.16,7.08,100,66.67,33.33,100,66.67,31.75,0,0,0,0,0,0,0,-2.11,-4.86,-12.2,-10.8,7.13,7.44,19.48,22.34,2.53,6.49,13.77,12.58,6.38,8.08,0.41,1.01,1.03,-0.91,2.75,1.004258,68,1.03,4.67,9.47,0.83,,,0.41,0.62,0.03,-1.94,4.27,1.002282,65
26-11-2025,NSE:NIITMTS,EQ,4866.92,389.95,172052,670.91677,3.92,3.85,10.27,,2.85,11.35,12.94,17.84,15.76,16,14.07,11,-14.58,-11.69,-18.71,-1,-1,-1,-1,-1,-1,-1,-1,-1,-1,-1,7.45,3.5,11.35,4.26,16.3,-7.6,8.08,40,9.52,3.17,40,9.52,3.17,0,0,0,-24.75,-27.4,0,-2.42,-25.29,-35.38,-21.35,-23.33,22.07,23.89,23.89,23.89,22.07,4.37,6.47,0,7.83,5.12,15.28,10.3,6.25,-28.54,-20.6,1.004149,68,17.99,-0.79,-25.29,-25.86,,,15.28,-5.32,-4.59,-38.4,8.39,0.989442,49
26-11-2025,NSE:ARVINDFASN,EQ,6786.97,523.6,251427,1316.47177,3.83,3.79,5.55,3L,3.15,3.75,4.04,-4.71,1.46,-5.19,-2.1,13.63,24.38,-8.43,13.62,-1,EEP,-1,EEP,-1,-1,-1,-1,-1,-1,-1,3.05,-0.41,2.63,-2.24,0.39,9.36,10.75,0,0,31.75,0,0,14.29,-5.84,-7.6,-7.6,-8.62,-17.41,-5.84,-8.95,-4.56,-28.67,-37.55,-10.45,5.69,17.01,44,44,5.69,3.51,47.03,24.38,2.38,37.82,0.98,-5.87,8.88,10.42,-17.34,1.003944,68,1.11,3.17,24.83,-11.17,,,0.98,-6.92,14.38,2.79,-37.52,0.992273,53
26-11-2025,NSE:JUBLINGREA,EQ,11481.78,729,463043,3375.58347,3.19,3.18,7.4,,0.55,2.1,7.56,5.27,7.1,9.09,0.84,6.98,11.55,8.15,39.91,-1,-1,HVQ,HV2Y,-1,-1,-1,-1,-1,-1,-1,2.47,1.55,4.08,2.22,6.45,-2.74,3.61,0,0,0,0,0,0,0,-0.39,-12.65,-15.15,-15.15,0,-16.45,-13.38,-21.07,-24.95,-18.17,14.02,14.02,25.57,65.68,11.33,5.93,24.52,16.81,50.5,56.28,6.62,-2.93,2.23,-2.41,-0.76,1.003734,68,5.29,-13.13,6.44,-2,,,6.62,-10.05,5.17,-4.74,2.02,0.998215,61
26-11-2025,NSE:CONSUMBEES,EQ,203.59,138.58,168542,233.5655,1.45,1.44,8.59,,0.73,0.16,0.5,0.79,-1.01,0.98,1.93,8.19,15.54,11.87,21.71,-1,-1,-1,-1,-1,-1,-1,-1,-1,-1,-1,0.34,0.09,0.43,0.31,0.75,6.26,7.48,0,0,20.63,0,0,20.63,-0.92,-1.51,-1.51,-1.51,-3.74,-0.92,-0.51,-0.39,-11.63,-18.7,-15.17,3.32,9.87,23.22,28.95,1.89,8.87,20.83,13.12,8.91,13.64,-1.49,-1.84,3.44,1.58,2.96,1.003706,68,-0.57,8.18,16.09,-3.84,,,-1.49,-0.4,5.36,-1.66,1.53,1.00195,65
26-11-2025,NSE:FOSECOIND,EQ,3403.98,5162.5,4174,215.48275,2.82,2.79,6.46,3L,1.28,-3.09,-7.39,-10.24,-10.45,-11.78,-25.9,11.11,35.69,14.97,41.77,-1,-1,-1,HV2Y,HV2Q,-1,-1,-1,-1,-1,-1,-1.81,-2.5,-4.21,-4.21,-8.08,15.62,8.94,0,0,23.81,0,0,7.94,-9.58,-20.44,-20.57,-20.57,-20.57,-9.58,-12.27,0,-6.55,-34.96,-14.01,1.78,17.31,55.49,77.28,1.78,20.58,94.42,38.21,14.02,50.74,-10.93,-29.67,6.36,21.73,6.06,1.003643,68,-8.97,16.94,90.63,-5.85,,,-10.93,-17.3,28.38,17.99,-26.34,1.013298,76
26-11-2025,NSE:VOLTAMP,EQ,8619.79,8146,48551,3954.96446,3.84,3.85,11.58,S,0.92,-4.51,-1.68,9.58,12.2,12.13,0.72,-1.51,24.89,-16.9,-0.86,-1,-1,-1,-1,EEP,-1,-1,-1,-1,-1,-1,-0.03,2.41,2.44,5.92,8.89,-5.11,3.59,0,0,0,0,0,0,-6.05,-6.05,-17.19,-28.8,-43.72,-6.05,-22.97,-17.79,-42.87,-57.72,-34.2,16.42,16.42,33.42,33.42,14.9,2.22,32.46,35.44,0,27.55,11.72,-3.05,-6.26,10.93,-25.81,1.003621,68,14.71,-19.09,32.46,-42.87,,,11.72,-16.38,-3.27,16.35,-49.77,0.994019,55
26-11-2025,NSE:DCMSHRIRAM,EQ,18900.21,1259,296935,3738.41165,3.69,3.72,8.89,M,5.82,6.44,1.81,0.79,-1.55,5.4,1.39,16.19,18.81,-2.68,31.07,-1,-1,-1,HV2Y,HVQ,-1,-1,-1,-1,-1,-1,3.06,-0.44,2.61,0.13,2.74,4.5,7.58,0,0,0,0,0,0,-5.35,-8.75,-12.7,-12.7,-12.7,-5.35,-10.57,-13.91,-20.17,-22.66,-2.19,9.68,20.95,36.31,47.38,7.22,11.38,34.42,14.24,19.66,51.34,-2.03,-2.38,11.44,4.85,-11.59,1.003562,68,-3.32,-8.52,21.53,-9.25,,,-2.03,-0.42,13.99,-6.54,-20.6,0.993481,54
26-11-2025,NSE:MEGASTAR,BE,297.02,249.5,41676,103.98162,6.37,6.53,5.35,S,0.60,-3.07,-7.56,-18.16,11.85,12.6,4.69,-1.73,7.62,7.76,-13.19,-1,HV2Y,-1,HV2Q,-1,HVQ,-1,-1,-1,-1,-1,-2.38,-0.21,-2.59,5.92,3.54,1.1,4.69,0,0,0,0,0,0,-15.37,-15.37,-15.37,-17.18,-25.31,-15.37,-19.3,-16.62,-19.28,-32.84,-32.94,18.52,18.52,29.87,29.87,14.89,4.48,23.78,32.11,5,1.16,11.37,0.92,-6.48,-6.34,-1.15,1.003486,68,14.89,-16.5,3.53,-15.61,,,11.37,-11.43,-7.75,-0.47,6.01,0.999874,62
26-11-2025,NSE:SHREEJISPG,EQ,5166.14,308.1,913766,2815.31305,4.56,4.72,8.83,S,-1.97,-1.1,5.79,12.35,21.71,18.87,NA,NA,NA,NA,NA,-1,-1,-1,-1,-1,-1,-1,-1,-1,-1,-1,2.26,4.28,6.83,9.31,17.8,,,100,42.86,19.05,20,23.81,12.7,-3.07,NA,NA,NA,NA,-3.07,NA,NA,NA,NA,NA,NA,NA,NA,NA,25.92,NA,NA,NA,NA,NA,21.23,0,0,0,0,1.003176,68,25.92,,,,,,21.23,96.69,-1.02,-9.66,5.87,1.023429,82
26-11-2025,NSE:FINOPB,EQ,2405.01,292.15,608975,1779.12046,4.01,4.07,4.41,L,9.79,2.72,4.98,2.58,-8.69,8.56,8.78,16.13,21.65,-12.73,0.74,HV2Y,HV2Y,-1,HV2Y,EEP,-1,-1,-1,-1,-1,-1,4.35,-1.51,2.8,-2.17,0.62,9.06,10.65,0,0,19.05,0,0,9.52,-4.6,-13.05,-13.05,-21.1,-36.02,-4.6,-5.49,-12.81,-46.34,-49.87,-27.87,11.74,22.24,45.4,45.4,9.79,30.12,32.63,21.94,0,29.08,-9.17,5.01,11.38,7.69,-21.64,1.003079,68,-4.6,16.47,16.91,-37.51,,,-9.17,12.77,7.04,-3.08,-38.01,0.993986,55
26-11-2025,NSE:SENSEXIETF,EQ,25337.47,978.49,13672,133.77915,1.22,1.22,4.39,,0.27,0.48,1.47,2.5,1.27,4.68,4.75,5.64,12.2,10.92,16.79,-1,-1,-1,-1,-1,-1,-1,-1,-1,-1,-1,0.7,0.63,1.34,1.59,2.97,3.68,6.91,100,23.81,7.94,100,23.81,7.94,0,0,0,0,0,0,0,-2.57,-4.38,-11.02,-9.73,7.17,7.41,18.59,21.45,3.06,6.05,12.95,11.9,6.64,8.19,0.79,0.98,0.89,-1.76,2.01,1.002943,68,1.42,4.14,8.35,1.11,,,0.79,0.21,-0.09,-2.71,4.42,1.001461,64
26-11-2025,NSE:ASKAUTOLTD,EQ,9305.13,493.5,490757,2421.8858,3.44,3.42,3.35,,3.55,3.88,7.72,2.93,-0.27,-14.77,-1.08,11.78,14.82,10.92,48.46,-1,-1,-1,-1,-1,-1,-1,-1,-1,-1,-1,3.07,-0.21,2.85,-3.81,-0.92,5.93,5.33,0,0,19.05,0,0,3.17,-1.66,-13.8,-13.8,-13.8,-13.8,-1.66,-13.56,-9.25,-13.43,-16.41,-6.32,8.37,15.38,45,95.87,8.37,6.67,46.57,27.91,72.59,80.5,-0.75,-4.85,7.03,0.86,2.01,1.002941,68,1.01,-2.65,15.51,2.45,,,-0.75,-4.12,11.71,-6.21,1.29,1.00027,63
26-11-2025,NSE:JIOFIN,EQ,198503.91,308,9940944,30618.10752,1.74,1.76,4.26,S,2.39,1.15,-0.49,1.98,0.8,0.41,-3.8,5.39,28.24,-2.01,-11.93,-1,-1,-1,-1,-1,-1,-1,-1,-1,-1,-1,0.89,-0.24,0.65,-0.35,0.3,7.27,8.17,0,0,0,0,0,0,-2.19,-2.95,-7.76,-10.78,-20.61,-2.19,-8.49,-4.25,-18.86,-43.03,-19.01,5.05,8.49,53.29,53.29,3.32,4.21,59.12,45.03,0,4.94,0.32,-7.57,0.64,14.28,-10.92,1.002882,68,0.02,-1.83,39.66,-11.59,,,0.32,-7.94,7.83,14.49,-36.29,0.998619,61
26-11-2025,NSE:INTLCONV,EQ,557.74,88.02,404875,356.37098,3.74,3.79,6.01,2L,0.51,-1.59,-7.26,-6.83,-11.5,-17.88,1.52,3.72,28.2,9.11,13.37,-1,-1,HV2Q,HV2Q,HVQ,-1,-1,-1,-1,-1,-1,-1.27,-2.61,-3.78,-5.8,-9.05,11.81,3.13,0,0,31.75,0,0,4.76,-10.12,-20.51,-20.51,-20.51,-20.51,-10.12,-11.37,-13.28,-19.9,-40.26,-24.39,0.85,9.64,39.27,39.27,0.61,16.21,33.27,34.1,0,11.11,-11.98,-2.25,-1.03,14.24,0.2,1.002817,68,-10.09,8.55,33.27,0.53,,,-11.98,8.37,1.21,15.77,-20.71,1.008636,72
26-11-2025,NSE:HTMEDIA,EQ,456.64,24.46,103295,25.26596,4.26,4.18,8.91,L,0.20,-2.94,-7.89,-10.83,-15.21,-9.28,-3.31,20.89,22.36,7.81,-3.43,-1,-1,-1,-1,HV2Q,-1,-1,-1,-1,-1,-1,-2.9,-2.34,-5.12,-3.28,-8.13,17.42,11.24,0,0,52.38,0,0,44.44,-12.36,-13.2,-13.2,-13.2,-16.8,-12.36,0,-1.4,-29.64,-38.84,-27.38,0.2,25.24,58.73,58.73,0.2,21.62,63.98,25.57,0,0,-15.69,-7.08,16.14,8.4,-1.1,1.002677,67,-12.36,16.78,30.66,-24.41,,,-15.69,7.02,22.41,-7.8,-12.88,1.00346,67
26-11-2025,NSE:ESCORTS,EQ,40388.99,3686.6,138019,5088.20845,2.53,2.53,5.25,M,1.35,2.77,3.15,-3.68,0.73,-0.33,3.2,4.19,18.74,6.3,26.69,-1,-1,-1,EEP,-1,-1,-1,-1,-1,-1,-1,1.42,-0.14,1.27,-0.19,1.09,6.95,8.63,0,0,23.81,0,0,17.46,-4.16,-4.16,-4.16,-4.16,-15.73,-4.16,-3.55,-1.54,-19.26,-31.52,-21.04,6.96,17.78,28.5,36.47,3.89,11.26,24.39,23.12,10.9,27.87,0.25,-0.57,-0.56,4.78,-2.61,1.002609,67,-1.01,7.27,18.17,-7.29,,,0.25,-0.82,0.01,5.53,-9.44,0.999739,62
26-11-2025,NSE:NIFTY,IN,,26205.3,,,,,,,1.24,0.58,1.26,2.32,0.91,4.38,4.72,5.26,12.44,10.9,15.96,0,0,0,0,0,0,0,-1,-1,-1,-1,,,,,,,,,,,,,,0,0,0,0,-0.04,,,,,,,,,,,,,,,,,0.43,0.95,0.51,-1.52,1.99,1.002343,,,,,,,,0.43,0.53,-0.45,-2.08,4.11,1.001521,
26-11-2025,NSE:LANCORHOL,BE,212.93,26.37,227155,59.90077,8.41,8.99,4.29,2M,-4.42,-12.55,-13.77,-20.74,14.79,10.77,-0.53,16.76,18.05,-48.05,-93.59,-1,HV2Y,-1,HV2Y,HVQ,-1,-1,-1,-1,-1,-1,-6.68,1.63,-5.13,10.1,5.52,5.08,11.17,40,57.14,31.75,0,0,0,-19.38,-19.38,-19.38,-34.06,-51.79,-19.38,-15.53,-7.31,-53.02,-60.49,-28.63,21.86,33.65,33.65,33.65,17.78,9.24,34.36,7.13,0,12.28,14.31,-4.3,12.01,4.09,-56.96,1.002126,67,17.78,7.2,4.12,-51.2,,,14.31,-21.29,16.18,-8.11,-74.79,0.977973,33
26-11-2025,NSE:SURYODAY,EQ,1534.72,143.5,786943,1129.26321,5.22,5.08,8.31,,1.61,3.18,3.46,-5.97,-8.79,5.07,12.68,7.61,15.59,2.48,-16.24,-1,-1,HV2Y,-1,-1,-1,-1,-1,-1,-1,-1,1.73,-0.79,0.94,-0.32,0.62,8.59,10.08,0,33.33,25.4,0,19.05,9.52,-7.75,-8.08,-8.08,-8.08,-33.72,-7.75,0,-16.7,-34.3,-44.05,-35.36,17.91,17.91,45.23,45.23,7.55,28.27,26.82,34.18,7.45,5.08,-9.27,8.91,2.86,1.63,-6.43,1.001869,67,-6.67,17.04,2.81,-33.03,,,-9.27,16.42,-6.82,-1.02,-9.66,1.003001,66
26-11-2025,NSE:CUDML,SM,282.33,159.5,51440,82.0468,3.2,3.34,3.98,S,2.90,-0.31,3.45,11.97,14.33,1.1,9.03,NA,NA,NA,NA,-1,-1,-1,-1,-1,-1,-1,-1,-1,-1,-1,2.1,2.32,4.52,2.45,7.15,,,0,0,0,0,0,0,-0.31,-1.85,NA,NA,NA,-0.31,-15.91,NA,NA,NA,NA,19.34,NA,NA,NA,19.34,1.56,NA,NA,NA,NA,13.85,5.26,0,0,0,1.001854,67,15.54,,,,,,13.85,-9.49,98.98,-9.66,5.87,1.002609,66
26-11-2025,NSE:HDFCSENSEX,EQ,1006.41,96.25,38819,37.36329,1.21,1.2,7.69,,0.86,0.51,1.18,2.13,1.03,4.51,4.78,5.32,11.95,10.59,16.6,-1,-1,-1,-1,-1,-1,-1,-1,-1,-1,-1,0.67,0.53,1.2,1.49,2.73,3.63,6.61,100,42.86,14.29,100,42.86,14.29,0,0,0,0,0,0,0,-2.62,-4.42,-11.11,-9.73,7.04,7.11,18.07,20.84,2.56,6.01,12.43,11.79,6.4,8.05,0.55,1.01,0.57,-2.01,1.68,1.001791,67,1.12,3.97,8.42,0.44,,,0.55,0.48,-0.45,-2.66,4.32,1.00117,64
26-11-2025,NSE:ANANTRAJ,EQ,22805.4,605.1,6370623,38548.63977,3.01,3.09,6.32,2L,1.80,-2.06,-2.46,-6.67,-4.24,-11.9,10.92,13.89,15.62,-11.14,50.62,-1,-1,HV2Y,HV2Y,-1,-1,-1,-1,-1,-1,-1,-0.45,-1.73,-2.15,-4.12,-6.02,13.77,8.98,0,0,23.81,0,0,15.87,-6.94,-17.74,-17.74,-35.32,-35.32,-6.94,-14.25,-11.22,-44.31,-45.42,-13.7,17.19,18.2,45.67,109.34,6.02,22.16,29.77,25.43,78.19,134.69,-4.72,7.15,9.14,1.66,-20.05,1.001581,67,-3.15,9.99,-0.22,-10.97,,,-4.72,11.23,2.32,-7.65,-25.84,0.992042,52
26-11-2025,NSE:BAHETI,SM,569.23,550.35,27240,149.91534,2.66,2.66,3.64,,0.15,-0.28,-2.58,-3.56,-5.4,-2.73,-6,1.25,20.78,23.01,65.1,-1,-1,-1,-1,HVQ,HVQ,-1,-1,-1,-1,-1,-0.8,-0.83,-1.61,-0.79,-2.38,2.26,-0.12,0,0,0,0,0,0,-5.59,-7.61,-10.53,-13.5,-13.5,-5.59,-2.63,-8.31,-14.59,-11.27,-9.66,1.65,9.96,67.71,245.81,0.15,7.14,45.53,77.77,173.96,166.23,-5.88,-9.77,-3.5,6.82,14.1,1.001563,67,-4.87,-0.89,27.38,77.77,,,-5.88,-3.88,5.82,10.11,8.69,1.011942,75
26-11-2025,NSE:EEPL,SM,235.86,204.5,83560,170.8802,5.65,6.06,3.05,,6.51,10.49,14.4,4.3,19.46,1.05,2.15,NA,NA,NA,NA,-1,-1,-1,-1,-1,-1,-1,-1,-1,-1,-1,8.22,2.27,10.73,-0.71,9.95,,,0,0,0,0,0,0,0,-2.5,NA,NA,NA,0,-22.18,NA,NA,NA,NA,26.31,NA,NA,NA,26.31,0,NA,NA,NA,NA,18.98,-1.62,0,0,0,1.001513,67,24.62,-17.32,,,,,18.98,-24.8,98.98,-9.66,5.87,0.99714,60
26-11-2025,NSE:ENGINERSIN,EQ,11496.58,199.34,2026942,4040.50618,2.94,2.95,5.82,,2.00,-1.31,2.74,0.92,-0.78,-1.66,2.84,-2.36,20.91,10.67,5.29,-1,-1,-1,-1,HV2Q,-1,-1,-1,-1,-1,-1,0.57,-0.12,0.45,-0.8,-0.35,1.53,1.19,0,0,0,0,0,0,-2.77,-5.47,-20.43,-20.43,-31.32,-2.77,-12.42,-22.69,-10.07,-45.68,-38.65,4.65,4.74,35.74,35.74,4.65,5.56,31.89,38.95,0.82,2.58,-1.26,-0.93,-7.11,6.95,1.76,1.001325,67,0.79,-12.42,15.09,-5.4,,,-1.26,0.28,-6.37,13.08,-7.09,1.005348,68
26-11-2025,NSE:CNXMNC,IN,,30310.75,,,,,,,1.29,0.34,0.08,0.19,0.06,0.08,2.94,6.9,14.65,8.92,17.16,0,0,0,0,0,0,0,-1,-1,-1,-1,,,,,,,,,,,,,,-0.13,-0.89,-0.89,-0.89,-7.48,,,,,,,,,,,,,,,,,-0.42,-0.83,2.15,0.69,0.01,1.001276,,,,,,,,-0.42,-0.42,3.05,-1.34,-0.83,0.999754,
26-11-2025,NSE:UTISENSETF,EQ,53692.06,939.87,10513,98.80853,1.26,1.28,4.51,,0.92,0.57,0.87,2.06,0.66,4.71,4.81,5.17,12.02,10.5,16.55,-1,-1,-1,-1,-1,-1,-1,-1,-1,-1,-1,0.64,0.49,1.14,1.48,2.65,3.66,6.56,100,71.43,23.81,100,71.43,23.81,0,0,0,0,0,0,0,-3,-4.38,-11.29,-9.75,6.75,7.07,18.11,23.56,2.59,6.36,12.43,12,8.71,10.59,0.18,1.04,0.42,-1.94,1.59,1.001242,67,0.85,4.51,7.95,1.09,,,0.18,0.87,-0.64,-2.44,4.14,1.001153,64
26-11-2025,NSE:TIL,EQ,1878.84,278.9,27759,77.41985,4.47,4.43,16.45,2L,-0.71,0.34,4.5,-6.92,-11.1,-14.97,1.85,-13.78,36.93,2.81,47.92,-1,-1,HVQ,-1,-1,-1,-1,-1,-1,-1,-1,-1.01,-2.06,-3.01,-7.28,-9.59,6.17,-3.65,0,0,0,0,0,0,-10.32,-25.02,-30.04,-30.04,-34.63,-10.32,-16.7,-31.33,-25.62,-58.77,-36.47,4.87,4.87,68.62,95.92,4.87,13.71,65.51,91.86,23.57,90.41,-11.58,-1.92,-18.53,22.97,-6.1,1.001234,67,-10.32,-11.42,50.34,-19.51,,,-11.58,8.34,-16.94,34.91,-48.21,1.024747,82
26-11-2025,NSE:DEEPAKFERT,EQ,18179.51,1391.7,297722,4143.39707,3,3.08,4.91,2L,1.05,-4.12,-0.11,-8.11,-4.9,-13.55,-7.89,2.61,30.62,8.06,64.76,-1,-1,-1,EEP,-1,EEP,-1,-1,-1,-1,-1,-1.09,-1.24,-2.3,-2.69,-4.86,5.34,0.5,0,0,0,0,0,0,-8.4,-11.93,-20.18,-20.18,-20.18,-8.4,-9.18,-13.88,-4.81,-32.19,-8.06,2.02,2.02,50.02,188.61,2.02,5.2,61.86,46.11,109.92,178.18,-5.38,-11.66,-2.14,16.66,-0.85,1.001128,67,-8.4,-4.83,45.18,27.63,,,-5.38,-6.16,8.71,19.1,-26.65,1.006005,69
26-11-2025,NSE:SHREDIGCEM,EQ,1332.3,90.16,344870,310.93479,1.13,1.12,4.31,,0.01,-0.12,0.03,-1.1,-0.12,0.67,-15.44,7.66,28.83,8.22,-11.14,-1,-1,HV2Y,HV2Q,-1,-1,-1,-1,-1,-1,-1,-0.01,-0.03,-0.04,0.21,0.18,9.23,10.36,0,0,11.11,0,0,0,-2.22,-7.26,-13.37,-13.37,-23.24,-2.22,-13.27,0,-19.84,-45.36,-29.54,1.27,20.39,40.5,40.5,0.27,11.46,54.93,29.73,0,1.05,-0.6,-19.21,2.91,14.87,-0.69,1.001118,67,-0.1,5.41,52.36,-18.33,,,-0.6,-18.61,18.99,13.26,-23.08,1.003311,67
26-11-2025,NSE:HDFCBANK,EQ,1532210.63,1003.9,20523354,206033.95081,1.45,1.45,8.44,,1.42,0.93,1.43,1.86,0.09,5.26,2.18,4.06,14.18,13.28,27.65,-1,-1,-1,-1,-1,-1,-1,-1,-1,-1,-1,0.74,0.29,1.03,1.08,2.13,2.88,5.16,0,0,0,0,0,0,-0.49,-0.49,-0.89,-0.89,-0.89,-0.49,-0.98,-3.05,-1.8,-7.94,-2.37,6.29,6.29,23.19,40.86,2.2,6.19,17.11,19.07,20.88,22.16,-0.39,-1.59,-0.69,0.22,4.37,1.001115,67,0.03,0.06,13.72,18.08,,,-0.39,-1.23,0.9,0.89,4.82,1.003018,66
26-11-2025,NSE:ASTRAMICRO,EQ,9600.84,945.9,510838,4832.01664,2.75,2.73,7.51,L,0.23,-2.7,-10.62,-12.01,-12.58,-18.94,-9.78,-15.4,36.02,21.04,39.99,-1,-1,HVQ,-1,EEP,-1,-1,-1,-1,-1,-1,-3.22,-2.97,-6.02,-5.13,-10.61,11.24,0.72,0,0,3.17,0,0,3.17,-12.15,-18.62,-19.74,-19.74,-19.74,-12.15,-8.39,-11.89,-2.14,-40.77,-26.9,0.65,0.65,56.31,76.66,0.65,12.69,71.15,80.39,16.01,43.17,-13.06,-13.55,-20.15,22.06,12.13,1.001048,67,-10.11,9.19,64,23.81,,,-13.06,-0.83,-6.14,34.9,-17.55,1.02975,85
26-11-2025,NSE:LOWVOLIETF,EQ,3806.81,23.18,2104711,487.87201,1.78,1.77,3.48,,0.96,0.26,1.34,2.63,1.08,3.45,3.06,6.6,11.39,11.22,15.83,-1,-1,-1,-1,-1,-1,-1,-1,-1,-1,-1,0.77,0.48,1.26,1.15,2.43,4.35,7.09,0,0,20.63,0,0,20.63,0,0,0,0,-2.11,0,-0.17,-0.04,-8.57,-13.26,-13.09,5.89,8.62,19.79,21.68,2.89,6.01,16.12,11.89,7.82,8.03,0.6,-0.71,1.85,-2.57,2.31,1.000798,67,1.36,4.94,9.77,-2.74,,,0.6,-1.3,2.63,-4.53,5.68,1.000825,64
26-11-2025,NSE:SUNPHARMA,EQ,423232.36,1804.9,2072513,37406.78714,1.57,1.56,5.99,,1.58,1.15,4.03,6.37,6.17,9.85,8.21,6.73,5.72,1.38,14.22,-1,-1,-1,-1,-1,-1,-1,3,-1,3,-1,1.98,1.54,3.58,3.37,7.19,-0.03,7.16,100,33.33,11.11,100,33.33,11.11,0,0,0,-4.5,-7.38,0,-2.32,-10.04,-13.61,-12.68,-8.66,15.45,15.45,15.45,26.23,7.06,8.33,5.76,7.46,19.01,24.49,5.69,4.44,1.98,-8.24,-7.53,1.000658,67,6.99,-0.32,-1.19,-3.84,,,5.69,-1.13,-2.63,-10.74,1.26,0.994448,56
26-11-2025,NSE:NIF100BEES,EQ,323.76,282.15,47570,134.21875,1.35,1.35,3.37,,0.94,0.3,0.65,1.56,0.35,3.49,3.98,5.49,12.96,9.99,16.48,-1,-1,-1,-1,-1,-1,-1,-1,-1,-1,-1,0.52,0.35,0.88,1.22,2.12,4.12,6.51,80,28.57,19.05,80,28.57,14.29,-0.15,-0.15,-0.15,-0.15,-1.49,-0.15,0,-2.01,-6.9,-14.26,-11.33,6.54,7,19.1,21.14,2.36,6.63,14.35,12.55,5.44,9.04,-0.13,0.21,0.74,-1,1.08,1.000649,67,0.62,4.55,10.07,-1.74,,,-0.13,0.33,0.55,-1.76,2.46,1.000605,63
26-11-2025,NSE:COCHINSHIP,EQ,45297.25,1677.2,1461131,24506.08913,2.59,2.68,19.31,M,-0.32,-1.32,-6.84,-5.46,-8.53,-12.99,-0.38,-14.81,26.37,22.76,46.91,-1,-1,-1,-1,EEP,-1,-1,-1,-1,-1,-1,-1.5,-1.54,-2.99,-3.67,-6.43,4.69,-1.83,0,0,0,0,0,0,-7.38,-12.96,-29.9,-29.9,-41.43,-7.38,-5.54,-29.63,-7.65,-56.87,-54.76,4.54,4.54,37.89,92.38,0.59,13.45,38.25,58.31,68.99,77.26,-9.01,-4.15,-19.56,12.41,13.85,1.000451,67,-7.38,0.65,29.58,-6.97,,,-9.01,4.2,-15.4,26.2,0.98,1.023518,82
26-11-2025,NSE:RBMINFRA,SM,508.18,471.2,22492,105.9823,4.38,4.72,6.58,,2.86,-1.66,5.83,7.91,10.44,-4.27,2.37,6.48,31.69,-76.72,-16.55,-1,-1,-1,-1,-1,-1,-1,-1,-1,-1,-1,1.62,1.76,3.44,1.85,5.38,6.52,12.73,0,0,0,0,0,0,-6.89,-6.89,-6.89,-48.03,-54.24,-6.89,-14.11,-8.17,-57.21,-68.74,-19.14,19.23,19.23,79.16,79.16,16.42,6.78,74.92,67.55,0,87.88,9.96,-1.4,1.73,17.73,-85.63,1.000289,66,13.11,-9.66,36.76,-43.69,,,9.96,-12.33,3.2,17.29,-152.81,0.983555,40
26-11-2025,NSE:CNX500,IN,,23955.2,,,,,,,1.27,0.2,0.49,1.17,0.48,3.24,3.77,4.75,13.96,8.91,17.24,0,0,0,0,0,0,0,-1,-1,-1,-1,,,,,,,,,,,,,,-0.08,-0.08,-0.08,-0.08,-2.21,,,,,,,,,,,,,,,,,0,0,0,0,0,1,,,,,,,,0,0,0,0,0,1,
26-11-2025,NSE:TOP10ADD,EQ,806.15,101.48,294625,298.98545,0.86,0.88,4.41,,1.08,0.91,1.92,3.07,1.48,6.07,5.84,3.61,10.31,9.54,NA,-1,-1,-1,-1,-1,-1,-1,-1,-1,-1,-1,0.99,0.74,1.74,1.96,3.78,2.1,6,100,23.81,7.94,100,23.81,7.94,0,0,0,0,NA,0,0,-5.34,-10.65,-16.86,NA,8.53,8.53,15.75,NA,3.83,6.93,8.99,11.58,0.12,NA,1,2.07,-1.14,-3.65,0.63,0.999492,66,1.56,3.72,4.78,,,,1,1.12,-3.4,-2.71,5.01,1.00055,63
26-11-2025,NSE:TECHD,ST,522.38,792,149804,1186.44768,5.29,5.95,9.69,,4.77,16.58,6.94,-6.46,19.75,46.41,NA,NA,NA,NA,NA,-1,-1,-1,-1,-1,-1,NA,-1,-1,-1,-1,7.61,3.06,11.01,,,,,40,61.9,80.43,0,14.29,32.61,-6.07,NA,NA,NA,NA,-6.07,NA,NA,NA,NA,NA,NA,NA,NA,NA,19.87,NA,NA,NA,NA,NA,19.27,0,0,0,0,0.999383,66,18.68,,,,,,19.27,96.69,-1.02,-9.66,5.87,1.019559,80
26-11-2025,NSE:PENIND,EQ,3050.46,229.4,1017740,2334.69556,4.69,4.91,6,3L,2.75,3.01,0.96,-19.68,-12.38,-5.5,-9.97,4.07,31.31,13.99,46.32,-1,-1,-1,EEP,-1,HVQ,-1,-1,-1,-1,-1,1.23,-2.83,-1.56,-3.18,-4.59,9.73,5.7,0,4.76,15.87,0,4.76,1.59,-16.87,-16.87,-16.87,-16.87,-16.87,-16.87,-1.98,-4.09,-1.17,-29.23,-4.87,5.81,7.87,59.24,92.05,5.81,21.18,60.93,52.76,43.52,79.69,-12.86,-13.74,-0.68,17.35,5.08,0.99932,66,-9.66,3.15,52.8,11.15,,,-12.86,-1.16,11.74,18.74,-19.34,1.010277,73
26-11-2025,NSE:NIFTYMIDSML400,IN,,20362.7,,,,,,,1.24,-0.23,-0.52,-0.17,0.02,1.95,2.42,4.45,17.06,6.74,21.06,0,0,0,0,0,0,0,-1,-1,-1,-1,,,,,,,,,,,,,,-0.93,-0.93,-1.21,-1.77,-3.64,,,,,,,,,,,,,,,,,-0.46,-1.35,-0.3,3.1,-2.17,0.999257,,,,,,,,-0.46,-0.91,1.06,3.54,-6.58,0.998994,
26-11-2025,NSE:ZUARIIND,EQ,998.27,323.6,846456,2739.13162,4.14,4.13,3.88,S,2.16,-1.34,-4.96,0.48,-4.28,-16.21,-4.17,7.57,25.96,3.72,13.8,-1,-1,HV2Y,HVQ,HVQ,-1,-1,-1,-1,-1,-1,-0.01,-1.33,-1.33,-2.26,-3.51,12.43,10.19,0,0,25.4,0,0,1.59,-6.35,-19.88,-19.88,-19.88,-22.09,-6.35,-16.45,-3.38,-24.04,-42.31,-24.99,12.93,23.21,38.18,38.18,5.89,27.29,43.95,27.72,0,22.51,-4.76,-7.94,2.82,12,-5.19,0.999237,66,-6.28,27.29,35.95,-15.69,,,-4.76,-3.21,10.25,10.23,-24.16,0.999545,62
26-11-2025,NSE:NIFTY_TOTAL_MKT,IN,,13454.05,,,,,,,1.27,0.16,0.42,1.03,0.38,3.02,3.58,4.58,13.93,8.56,17.34,0,0,0,0,0,0,0,-1,-1,-1,-1,,,,,,,,,,,,,,-0.11,-0.11,-0.11,-0.11,-2.49,,,,,,,,,,,,,,,,,-0.1,-0.19,-0.17,-0.03,-0.35,0.999126,,,,,,,,-0.1,-0.1,0.02,0.15,-0.38,0.999661,
26-11-2025,NSE:BOSCHLTD,EQ,110173.49,36485,23517,8580.17745,2.15,2.19,3.49,,2.00,-1.06,-2.11,-3.74,-6.91,-6.24,-7.13,10.96,26.06,6.51,18.95,-1,-1,-1,HVQ,-1,-1,-1,-1,-1,-1,-1,-0.45,-1.21,-1.64,-2.7,-4.23,11.04,7.65,0,0,19.05,0,0,12.7,-5.33,-12.07,-12.07,-12.07,-12.07,-5.33,-6,-4.94,-16.27,-30.46,-12.08,2,16.83,39.35,39.35,2,3.11,49.28,24.07,0.25,20.52,-7.39,-10.9,6.21,12.1,-2.4,0.999079,66,-5.33,3.11,43.19,-0.06,,,-7.39,-3.52,15.87,7.29,-20.56,1.000637,63
26-11-2025,NSE:EUREKAFORB,EQ,11467.87,591.25,187975,1111.40219,3.34,3.31,5.78,,1.43,0.66,2.93,8.5,4.41,2.61,4.83,-8.96,20.38,3.98,NA,-1,-1,-1,-1,-1,-1,-1,-1,-1,-1,-1,1.93,1.23,3.19,1.51,4.78,1.4,6.27,0,0,0,0,0,0,-0.09,-2.33,-8.07,-8.23,NA,-0.09,-6.63,-12.66,0,-25.74,NA,10.5,10.5,25.6,NA,10.5,5.55,17.41,36.86,0,NA,3.93,1.06,-13.71,6.42,-4.93,0.999049,66,4.49,1.55,12.13,,,,3.93,-2.87,-15.51,17.27,-14.72,1.003657,67
26-11-2025,NSE:RESPONIND,EQ,5390.29,214.54,160709,344.78509,4.75,4.7,16.02,,13.12,6.63,2.9,6.98,13.62,8.64,6.13,8.2,5.89,-16.97,-39.58,EEP,EEP,-1,-1,-1,EEP,-1,-1,-1,-1,-1,7.69,0.81,8.57,2.4,11.24,-5.08,5.87,0,0,0,0,0,0,0,0,-12.19,-23.87,-34.53,0,-17.81,-17.58,-33.12,-38.39,-23.42,20.46,20.46,21.41,21.41,13.47,4.05,13.97,11.45,0,0,13.14,2.36,3.45,-8.07,-25.88,0.998932,66,13.47,-17.81,-4.51,-25.84,,,13.14,-11.98,1.18,-12.18,-18.42,0.984095,41
26-11-2025,NSE:SWARAJENG,EQ,4822.54,3740.7,19681,736.20717,2.77,2.73,3.5,L,3.13,-1.1,-5.39,-5.49,-8,-12.39,-10.1,-7.64,29.2,21.93,41.22,-1,-1,-1,EEP,HVQ,-1,-1,-1,-1,-1,-1,-1.22,-2.36,-3.49,-5.25,-8.31,4.21,-4.27,0,0,11.11,0,0,0,-7.09,-16.83,-18.82,-18.82,-18.82,-7.09,-10.17,-10.62,-4.35,-22.34,-14.33,3.13,3.13,43.93,72.66,3.13,3.91,58.47,54.93,22.24,34.8,-8.48,-13.87,-12.39,15.24,13.02,0.998858,66,-6.79,-4,58.47,32.1,,,-8.48,-5.25,1.21,24.57,-4.41,1.017726,79
26-11-2025,NSE:BSE500IETF,EQ,330.57,40.33,224415,90.50657,1.62,1.61,5.61,M,0.80,0.12,0.17,0.74,0.12,2.93,3.37,4.44,14.11,8.78,17.7,-1,-1,-1,-1,-1,-1,-1,-1,-1,-1,-1,0.38,0.23,0.6,0.96,1.58,4.31,6.16,0,0,20.63,0,0,6.35,-0.22,-0.22,-0.22,-0.22,-2.35,-0.22,0,-2.06,-6.68,-16.13,-10.92,6.05,6.41,21.15,22.58,1.41,6.28,17.06,15.77,5.29,11.82,-0.36,-0.4,-0.31,0.15,-0.13,0.998813,66,0.47,2.7,11.69,-2.48,,,-0.36,-0.06,0.08,0.46,-0.34,0.999819,62
26-11-2025,NSE:AMBER,EQ,26173.66,7302,322202,23527.19004,3.15,3.42,7.82,S,2.30,-1.49,1.34,-6.79,-16.08,-15.17,-0.69,11.37,24.48,10.4,54.36,-1,-1,-1,-1,-1,-1,-1,-1,-1,-1,-1,0.29,-2.63,-2.28,-6.39,-8.15,10.8,2.97,0,0,34.92,0,0,20.63,-14.36,-14.36,-14.36,-14.36,-14.36,-14.36,0,-8.56,-19.71,-31.59,0,4.07,17.02,32.42,131.45,4.07,23.86,33.25,54.25,74.78,107.38,-16.56,-4.46,6.62,10.52,1.49,0.998766,66,-14.36,16.53,33.25,54.1,,,-16.56,9.95,10.96,5.14,-12.78,1.00605,69
26-11-2025,NSE:CHOLAHLDNG,EQ,37029.72,1850.8,210051,3887.62391,2.97,2.95,5.14,2M,0.31,-2.11,-5.35,-8.86,-5.78,-3.32,0.69,-2.27,19.16,18.53,44.08,-1,-1,-1,-1,HV2Q,-1,-1,-1,-1,-1,-1,-1.6,-1.02,-2.59,-0.48,-3.05,3.29,0.24,0,0,0,0,0,0,-8.14,-8.35,-14.55,-14.55,-14.55,-8.14,-3.06,-15.14,-9.87,-28.76,-28.2,7.25,7.25,32.31,85,1.34,13.45,24.23,35.31,49.55,50.72,-6.26,-3.08,-7.02,5.2,9.62,0.998534,66,-4.68,-1.86,20.96,14.69,,,-6.26,2.8,-4,11.29,5.09,1.010294,73
26-11-2025,NSE:ALPHAETF,EQ,439.01,25.91,625527,162.07405,1.31,1.31,3.43,,1.53,0.54,1.04,2.51,1.62,3.59,2.24,6.45,16.06,2.66,13.51,-1,-1,-1,-1,-1,-1,-1,-1,-1,-1,-1,1.05,0.38,1.43,1,2.46,4.12,6.87,0,0,3.17,0,0,0,0,0,-0.31,-5.2,-12.47,0,-0.82,-2.54,-18.11,-26.52,-14.8,7.6,7.6,25.17,25.17,3.35,5.86,22.37,17.1,0,14.43,1.14,-1.53,1.7,2.1,-6.25,0.998393,66,1.85,1.51,15.08,-16.9,,,1.14,-2.68,3.28,0.61,-10.08,0.995546,57
26-11-2025,NSE:ITI,EQ,30306.37,309.6,3652895,11309.36292,3.1,3.13,4.57,L,-0.47,0.47,-3.96,-4.46,-7.43,-2.26,5.04,0.11,21.12,9.74,16.04,-1,-1,HV2Q,HVQ,HVQ,2,-1,-1,-1,-1,-1,-1.01,-1.17,-2.15,-1.67,-3.76,7.62,4.18,0,0,12.7,0,0,0,-6.92,-13.19,-15.14,-43.12,-43.12,-6.92,-6.74,-19.42,-43.19,-55.14,-14.64,9.38,9.38,32.29,46.35,4.15,17.51,25.62,46.18,15.43,32.09,-7.91,1.27,-4.64,7.16,0.83,0.998275,66,-6.17,9.62,14.66,2.11,,,-7.91,8.3,-6.21,11.37,-8.56,1.00625,70
26-11-2025,NSE:IVALUE,EQ,1728.8,311.15,996615,3100.96757,5.21,5.28,4.88,,1.09,-4,-2.8,9.55,19.06,NA,NA,NA,NA,NA,NA,-1,-1,-1,-1,-1,-1,NA,-1,-1,-1,-1,0.42,1.9,2.37,,,,,80,28.57,35.71,0,9.52,23.81,-4.79,NA,NA,NA,NA,-4.79,NA,NA,NA,NA,NA,NA,NA,NA,NA,19.88,NA,NA,NA,NA,NA,18.58,0,0,0,0,0.998097,66,19.88,,,,,,18.58,96.69,-1.02,-9.66,5.87,1.018247,79
26-11-2025,NSE:GODFRYPHLP,EQ,45780.65,2896.7,620810,17983.00327,2.53,2.5,4.22,3L,0.80,-1.44,-3.96,-4.27,-9.3,-17.65,-25.22,5.66,21.26,32.65,66.14,-1,-1,-1,EEP,-1,EEP,-1,-1,-1,-1,-1,-1.07,-2.58,-3.56,-7.14,-9.99,12.34,2.69,0,0,14.29,0,0,4.76,-8.24,-21.52,-21.98,-21.98,-21.98,-8.24,-14.73,-2.31,-10.66,-16.91,-28.93,0.8,8.88,105.23,191.74,0.8,9.28,113.38,93.62,133.34,99.58,-9.78,-28.99,0.91,7.3,23.74,0.998081,66,-7.7,8.21,65.9,45.61,,,-9.78,-17.88,23.64,6.88,20.34,1.020917,81
26-11-2025,NSE:KRSNAA,EQ,2680.41,811.45,133876,1086.3368,3.86,3.95,4.06,,0.66,-1.23,0.36,4.76,2.16,-4.34,1.47,20.04,12.64,-15.19,29.32,-1,EEP,-1,-1,-1,-1,-1,-1,-1,-1,-1,0.44,0.47,0.92,-0.33,0.58,4.35,5.16,0,0,0,0,0,0,-1.86,-6.32,-6.41,-20.46,-20.46,-1.86,-8.44,-7.79,-36.4,-30.52,-1.68,12.03,27.48,27.97,50.73,12.03,4.9,26.09,2.33,31.67,73.62,1.68,-2.3,15.29,-1.32,-24.1,0.997994,66,1.99,-6.88,8.64,-10.9,,,1.68,-4.02,17.83,-18.91,-25.99,0.985845,44
26-11-2025,NSE:SCHAEFFLER,EQ,65053.59,3899,69405,2706.10095,2.65,2.67,21.85,S,-0.47,-5.38,-6.84,-6.12,-0.75,-4.79,-1.56,-2.44,20.55,13.27,25.57,-1,EEP,-1,-1,-1,-1,-1,-1,-1,-1,-1,-2.73,-0.66,-3.37,-0.74,-4.08,6.36,2.43,0,0,4.76,0,0,3.17,-8.87,-9.03,-9.66,-9.66,-19.2,-8.87,-8.35,-8.25,-3.52,-35.81,-29.92,3.1,3.1,32.99,38.69,0.7,3.87,32.73,36.23,11.85,22.11,-1.23,-5.33,-7.19,6.59,4.36,0.997847,66,0.7,-2.6,29.5,-1.7,,,-1.23,-4.11,-1.89,12.78,-3.29,1.005303,68
26-11-2025,NSE:ERIS,EQ,21317.42,1616.6,111174,1797.23888,2.9,2.84,8.74,L,-2.15,0.35,2.56,0.96,-0.69,-0.64,-11.15,2.85,22.75,15.45,47.73,-1,-1,-1,-1,-1,EEP,-1,-1,-1,-1,-1,-0.58,0.74,0.16,0.33,0.49,2.81,3.39,0,0,7.94,0,0,0,-4,-10.27,-12.51,-12.51,-12.51,-4,-10.39,-2.75,0,-17.98,-6.93,6.49,6.49,40.2,92.52,6.49,3.15,52.15,36.2,50.23,64.43,-1.17,-14.92,-1.9,8.79,6.54,0.997324,66,-0.72,-9.46,40.02,26.77,,,-1.17,-13.69,11.57,10.82,-3.58,1.005009,68
26-11-2025,NSE:MAZDOCK,EQ,113027.08,2696.5,1030147,27777.91386,2.28,2.29,4.04,,2.02,-3.22,-2.27,0.5,-4.22,-9.04,-2.2,-34.36,27.25,25.71,64.45,-1,-1,-1,-1,EEP,-1,-1,-1,-1,-1,-1,-1.16,-0.73,-1.87,-2.42,-4.19,-0.09,-4.28,0,0,0,0,0,0,-4.7,-10.03,-28.12,-28.12,-28.12,-4.7,-6.23,-26.54,0,-31.7,-30.25,3.59,3.59,37.45,193.15,2.51,7.96,31.1,86.24,113.27,117.79,-4.7,-5.97,-39.11,13.29,16.8,0.997285,66,-3.02,-2.64,26.4,62.18,,,-4.7,-1.36,-32.5,36.19,3.75,1.037615,88
26-11-2025,NSE:AZAD,EQ,10785.15,1633.3,255628,4175.17212,2.71,2.76,5.75,,0.67,-2.37,-0.13,-1.41,-3.17,1.05,4.02,-8.29,26.75,2.35,25.67,-1,-1,HVQ,-1,-1,-1,-1,-1,-1,-1,-1,-0.99,-0.06,-1.05,0.31,-0.75,4.9,4.37,0,0,6.35,0,0,0,-6.15,-6.15,-10.08,-13.37,-17.59,-6.15,-2.51,-15.17,-6.19,-39.63,-19.52,6.75,12.58,36.52,36.52,1.37,16.15,28.68,47.84,0,31.92,-3.65,0.25,-13.04,12.79,-6.56,0.997146,65,-4.13,8.39,24.09,8.37,,,-3.65,3.66,-13.84,22.7,-27.45,1.007624,71
26-11-2025,NSE:KOTAKBANK,EQ,418208.91,2103.8,3381622,71142.56364,1.37,1.4,10.37,,1.64,-0.1,0.92,0.34,-2.13,3.45,5.73,1.25,6.68,17.43,17.37,-1,-1,-1,-1,-1,-1,-1,-1,-1,-1,-1,0.53,-0.35,0.18,-0.01,0.17,1.22,1.41,0,0,0,0,0,0,-2.64,-5.47,-5.63,-7.27,-7.27,-2.64,-3.46,-12.58,-8.44,-0.48,-10.21,8.3,8.3,21.02,36.02,1.64,10.61,4.22,23.08,26.94,12.31,-2.61,1.96,-3.5,-7.28,8.52,0.996895,65,-2.64,1.13,-0.09,14.05,,,-2.61,4.38,-5.76,-4.17,17.39,1.007631,71
26-11-2025,NSE:INOXINDIA,EQ,11200.22,1178.4,86874,1023.72322,2.86,2.98,3.95,2L,0.25,1.65,-1.89,-3.03,-2.35,-2.78,2.69,-3.84,24.51,2.99,1.83,-1,-1,-1,-1,-1,-1,-1,-1,-1,-1,-1,-0.06,-0.56,-0.63,-0.86,-1.48,6.13,4.95,0,0,0,0,0,0,-4.3,-6.22,-6.99,-6.99,-19.24,-4.3,-4.02,-9.49,0,-39.03,-21.65,5.3,9.95,32.46,32.46,2.46,12.53,27.39,37.54,0,6.21,-2.83,-1.08,-8.59,10.55,-5.92,0.996774,65,-1.98,0.32,26.24,1.78,,,-2.83,1.61,-7.73,17.64,-22.64,1.003299,67
26-11-2025,NSE:ELIN,EQ,938.51,185.42,135922,252.02657,5.13,5.02,5.84,3L,1.59,-1.91,-5.79,-13.14,-13.87,-21.25,-0.34,3.74,34.28,-7.92,25.33,-1,-1,-1,-1,-1,-1,-1,-1,-1,-1,-1,-0.45,-3.19,-3.53,-5.88,-8.89,15.92,8.36,0,0,34.92,0,0,15.87,-13.73,-19,-19,-19.02,-30.16,-13.73,-7.77,-2.08,-32.77,-54.1,-24.63,7.14,16.86,68.61,68.61,7.14,25.9,69.18,62.3,0,51.6,-14.35,-4.11,-1.01,20.32,-16.83,0.996602,65,-13.07,20.76,46.43,-17.22,,,-14.35,8.57,3.05,22.06,-58.34,1.005621,69
26-11-2025,NSE:CONTROLPR,EQ,1165.9,760.7,53287,405.35421,4.24,4.32,2.95,,4.22,-1.12,11.52,4.84,1.18,-7.89,-2.87,3.89,17.09,9.92,-20.66,-1,-1,-1,-1,EEP,-1,-1,-1,-1,-1,-1,2.86,0.2,3.07,-2.55,0.5,4.96,5.75,0,0,0,0,0,0,-1.69,-8.19,-15.48,-15.48,-22.44,-1.69,-9.28,-13.05,-13.53,-36.89,-31.43,14.33,14.33,29.09,29.09,14.33,5.26,32.79,24.06,2.77,0.56,0.7,-6.64,-0.86,3.13,1.01,0.996556,65,3.67,3.09,25.52,-7.86,,,0.7,-7.41,5.55,4.07,-2.78,0.999704,62
26-11-2025,NSE:J&KBANK,EQ,11892.77,106.46,2733401,2909.9787,2.5,2.5,4.34,,1.11,-2.26,-1.08,1.16,-1.1,1.98,3.33,5.77,10.21,11.31,-25.45,-1,-1,-1,-1,-1,-1,-1,-1,-1,-1,-1,0.23,-0.03,0.19,0.83,1.03,2.61,3.74,0,0,0,0,0,0,-2.21,-2.21,-8.79,-8.79,-23.6,-2.21,-1.59,-11.83,-12.11,-34.95,-35.75,7.62,7.62,20.33,20.33,3.61,8.81,14.17,13.39,8.05,3.55,-1.58,-0.44,1.02,-3.75,2.4,0.996536,65,-1.96,-1.59,6.38,-9.78,,,-1.58,1.08,1.5,-4.95,7.09,1.000898,64
26-11-2025,NSE:EUROPRATIK,EQ,3873.38,364.15,887222,3230.81891,4.51,4.51,3.58,,0.55,2.47,5.9,11.64,18.17,31.79,NA,NA,NA,NA,NA,-1,-1,-1,-1,-1,-1,NA,-1,5,-1,-1,2.61,4.8,7.78,,,,,100,100,81.82,0,66.67,65.91,-4.62,NA,NA,NA,NA,-4.62,NA,NA,NA,NA,NA,NA,NA,NA,NA,21.63,NA,NA,NA,NA,NA,17.69,0,0,0,0,0.996479,65,21.63,,,,,,17.69,96.69,-1.02,-9.66,5.87,1.016596,78
26-11-2025,NSE:TIMKEN,EQ,23429.88,3137.5,58171,1825.11513,2.6,2.57,6.14,,0.69,1.71,1.91,2.73,3.68,3.75,3.51,0.37,19.01,-3.57,14.49,-1,-1,-1,-1,EEP,-1,-1,-1,-1,-1,-1,1.22,0.82,2.06,1.36,3.46,2.45,6.06,0,0,0,0,0,0,-0.21,-0.21,-11.21,-11.21,-33.42,-0.21,-12.35,-14.33,-20.61,-46.08,-31.05,9.09,10.64,38.19,38.19,4.14,6.57,33.34,37.68,0,27.83,3.2,-0.26,-4.38,5.05,-12.48,0.996325,65,3.26,-10.83,21.16,-15.63,,,3.2,-3.49,-4.27,9.05,-22.02,0.99466,56
26-11-2025,NSE:AADHARHFC,EQ,21403.44,486.85,424054,2064.5069,2.17,2.14,9.06,,-0.04,-0.28,-2,-4.59,-5,-10.89,-6.24,8.59,19.61,13.13,NA,-1,-1,-1,-1,-1,-1,-1,-1,-1,-1,-1,-0.62,-1.21,-1.8,-2.89,-4.56,8.12,3.88,0,0,30.16,0,0,15.87,-5.43,-9.82,-9.82,-9.82,NA,-5.43,-5.31,-0.88,-12.81,-23.32,NA,0.67,13.19,33.69,NA,0.67,3.16,41.23,22.22,18.8,NA,-5.48,-10.01,3.84,5.65,4.22,0.996308,65,-4.91,2.98,34.3,9.23,,,-5.48,-4.49,12.94,2.39,-2.19,1.00217,65
26-11-2025,NSE:HAL,EQ,321948.28,4517.8,1061733,47966.97347,1.97,2.09,6.96,L,1.72,-5.01,-5.11,-3.72,-5.29,-4.56,1.33,-11.32,25.97,11.83,31.4,-1,-1,-1,-1,-1,-1,-1,-1,-1,-1,-1,-1.98,-1.31,-3.24,-1.91,-5.06,5.78,0.76,0,0,0,0,0,0,-7.09,-8.1,-11.63,-11.89,-19.64,-7.09,-3.24,-13.07,-1.92,-40.51,-29.14,4.27,4.27,46.29,51.58,1.72,9.79,44.34,62.85,12.22,33.65,-5.77,-2.44,-16.07,12.01,2.92,0.995996,65,-4.38,4.48,32.52,5.47,,,-5.77,2.98,-13.84,23.84,-13.23,1.013079,76
26-11-2025,NSE:NSLNISP,EQ,12601.61,42.81,5860479,2508.87106,3.58,3.53,5.91,3L,4.44,1.92,-2.22,-5.05,-6.54,-8.41,8.69,8.25,17.4,-4.63,-27.07,-1,-1,-1,HV2Y,-1,-1,-1,-1,-1,-1,-1,1.44,-1.64,-0.2,-3.57,-3.64,11.01,8.29,0,0,38.1,0,0,23.81,-10.2,-10.2,-10.2,-11.46,-37.04,-10.2,-3.61,-9.14,-29.37,-48,-34.13,13.28,20.05,29.57,29.57,4.67,27.9,18.31,18.89,0,2.47,-7.02,4.92,3.5,3.44,-13.54,0.995938,65,-10.2,19.02,8.25,-28.8,,,-7.02,10.99,-1.51,0.32,-20.8,0.995725,58
26-11-2025,NSE:GODIGIT,EQ,32649.59,356.9,563858,2012.4092,2.37,2.34,10.58,,0.30,0.6,0.32,-0.94,1.06,-0.55,-3.8,7.34,15.54,8.69,NA,-1,-1,-1,-1,-1,EEP,-1,-1,-1,-1,-1,0.58,-0.11,0.46,0.21,0.68,6.08,7.2,0,0,4.76,0,0,3.17,-2.38,-3.79,-4.15,-4.15,NA,-2.38,-5.17,-0.51,-16.99,-24.33,NA,5.4,7.82,28.15,NA,2.21,4.28,32.9,18.74,8.24,NA,0.58,-7.57,2.59,1.58,-0.22,0.995675,65,-1.07,1.28,20.47,-7.99,,,0.58,-8.22,9.71,-0.82,-2.24,0.99791,61
26-11-2025,NSE:RPTECH,EQ,2220.82,328,148143,485.90904,2.72,2.8,5.01,S,0.47,-1.92,-1.11,-2.2,-1.31,0.84,13.06,3.09,13.45,-10.43,5.15,-1,-1,-1,-1,-1,-1,-1,-1,-1,-1,-1,-0.57,-0.13,-0.69,0.76,0.07,7.43,8.1,0,19.05,34.92,0,0,4.76,-3.26,-6.03,-6.03,-26.46,-27.49,-3.26,-4.8,-12.22,-28.73,-37.24,-19.93,17.6,17.75,27.63,27.63,0.68,19.3,10.95,23.68,0,22.74,-1.79,9.29,-1.66,-0.51,-19.34,0.995226,65,-3.26,12.49,-0.85,-26.64,,,-1.79,10.88,-12.49,1.02,-21.71,0.993388,54
26-11-2025,NSE:DENTA,EQ,1052.78,380.8,699288,2662.8887,3.96,3.87,4.4,M,5.43,-0.71,-7.37,-3.41,-5.06,-16.65,-4.33,15.48,19.76,NA,NA,-1,-1,HV2Y,HV2Y,EEP,-1,-1,-1,-1,-1,-1,0.05,-3.1,-2.96,-6.76,-9.1,18.2,11.13,0,0,46.03,0,0,12.7,-9.24,-18.57,-18.57,NA,NA,-9.24,-14.46,-6.16,-9.81,NA,NA,6.56,38.7,NA,NA,6.56,30.65,47.18,19.23,NA,NA,-5.54,-8.1,10.73,5.8,0,0.995128,65,-6.87,21.17,22.74,,,,-5.54,-2.62,17.97,-4.6,105.87,1.008948,72
26-11-2025,NSE:GRANULES,EQ,13635.56,545.9,1000407,5461.22181,2.58,2.54,4.67,,0.00,-1.47,0.63,-3.99,-3.61,2.77,15.61,3.13,4.97,0.19,23.26,-1,-1,-1,-1,-1,-1,-1,-1,-1,-1,-1,-0.4,-0.61,-1,-0.03,-1.04,8.04,7.62,0,28.57,44.44,0,28.57,33.33,-4.95,-4.95,-4.95,-11.39,-23.98,-4.95,-0.79,-15.07,-26.36,-27.76,-24.13,16.83,24.25,26.63,39.22,2.45,28.74,6.87,22.66,32.3,38.96,-4.09,11.84,-1.62,-8.99,-8.72,0.995076,65,-4.22,20.57,-13.31,-22.83,,,-4.09,15.24,-15.8,-7.76,0.84,0.999958,63
26-11-2025,NSE:BIGBLOC,EQ,742.14,66.11,135138,89.33973,5.36,5.31,7.57,,15.27,20.59,26.06,22.84,22.37,13.16,8.09,-2.71,9.5,-58.34,-46.8,HVQ,HVQ,-1,HV2Q,HVQ,-1,-1,-1,-1,-1,-1,20.06,3.1,23.91,-0.06,23.83,-14.69,7.97,0,0,0,0,0,0,0,0,-5.56,-44.08,-53.76,0,-16.82,-18.17,-52.51,-58.15,-26.79,36.42,36.42,36.42,36.42,36.42,2.52,21.37,13.49,0,19.91,21.89,4.32,-7.46,-4.46,-67.25,0.995035,65,29.22,-14.92,-5.73,-45.69,,,21.89,-21.7,-12.77,2.23,-69.09,0.976346,30
26-11-2025,NSE:UNITDSPR,EQ,104454.86,1459.5,987461,14411.9933,2.02,2.15,6.62,S,2.03,3.28,1.64,0.59,7.29,7.44,10.15,-5.04,8.53,-2.3,23.44,-1,-1,-1,-1,-1,-1,-1,-1,-1,-1,-1,1.99,1.02,3.04,3.03,6.27,-2.26,3.91,80,57.14,19.05,80,42.86,14.29,0,0,-9.35,-13.56,-13.56,0,-0.92,-18.55,-9.21,-20.94,-9.22,13.89,13.89,13.89,34.21,7.97,5.59,2.09,19.36,22.76,37.3,6.81,6.38,-9.79,-5.43,-11.21,0.994993,65,7.97,3.32,-1.32,5.6,,,6.81,-0.22,-17.93,3.26,-5.97,0.995267,57
26-11-2025,NSE:CGRAPHICS,SM,522.15,193.85,43744,84.79774,3.53,3.67,4.77,M,-3.65,-6.47,-4.82,-6.71,-8.15,-21.23,-14.39,11.14,24.99,12.84,NA,-1,-1,-1,-1,-1,HVQ,-1,-1,-1,-1,-1,-4.24,-1.84,-5.98,-4.8,-10.28,11.68,1.58,0,0,25.4,0,0,6.35,-11,-23.08,-23.08,-23.08,NA,-11,-16.81,-1.47,-23.63,-55.05,NA,0,10.83,43.22,NA,0,1.28,63.83,27.26,0,NA,-8.63,-18.16,6.39,11.03,3.93,0.994803,65,-7.67,0.62,43.06,-13.33,,,-8.63,-9.08,21.3,5.93,-10.33,1.003584,67
26-11-2025,NSE:WCIL,EQ,1246.4,117.47,419251,492.49415,3.72,3.74,5.81,,-1.75,-1.52,-8.15,-13.14,-6.27,-18.35,-13.49,19.02,23.73,0.6,NA,-1,-1,-1,-1,HV2Q,HVQ,-1,-1,-1,-1,-1,-2.56,-2.32,-4.77,-4.69,-9.04,16.54,8.98,0,0,34.92,0,0,19.05,-13.22,-18.91,-18.91,-18.91,NA,-13.22,-13.83,0,-42.83,-46.16,NA,1.02,19.08,65.24,NA,1.02,19.19,87.54,33.82,0,NA,-6.75,-17.26,14.27,9.77,-8.31,0.99476,65,-7.7,14.23,44.11,,,,-6.75,-10.11,27.63,-3.85,-24.44,0.996802,59
26-11-2025,NSE:SALASAR,EQ,1776.85,10.04,14013705,1406.97598,4.71,4.9,6.4,,-0.20,-3.39,0.3,-2.99,5.98,4.78,22.91,11.06,-3.78,-55.68,-114.14,-1,-1,HV2Y,-1,HV2Q,HVQ,-1,-1,-1,-1,-1,-1.08,1.27,0.19,4,4.37,7.89,13.3,80,80.95,46.03,0,4.76,1.59,-6.95,-6.95,-6.95,-38.06,-56.54,-6.95,-9.32,-30.89,-60.78,-57.03,-35.55,36.78,43.84,43.84,43.84,5.8,35.24,10.89,14.19,1.07,0,5.5,19.14,6.31,-17.74,-64.59,0.994722,65,5.8,29.85,-28.47,-53,,,5.5,14.7,-16.39,-26.35,-44.13,0.975512,29
26-11-2025,NSE:ENVIRO,SM,263.06,126.6,28040,35.49864,4.04,4.23,7.13,,0.28,-10.58,-9.52,-27.57,-21.64,-24.76,-13.11,20.38,27.17,8.93,NA,-1,-1,-1,HVQ,HVQ,-1,-1,-1,-1,-1,-1,-6.06,-5.46,-10.93,-6.81,-16.6,16.89,0.34,0,28.57,42.86,0,4.76,14.29,-22.02,-23.27,-23.27,-23.27,NA,-22.02,-6.67,-6.41,-30.27,-36.22,NA,2.01,25.35,40.35,NA,2.01,27.33,58.76,11.75,1.1,NA,-22.12,-16.88,15.63,13.21,0.02,0.994442,64,-21.85,19.38,47.63,,,,-22.12,3.7,28.59,-1.13,-19.18,1.006077,69
26-11-2025,NSE:RSWM,EQ,758.34,160.22,37458,60.01521,4.15,4.11,5.15,,5.46,-1.26,-2.55,3.63,7.78,2.97,5,-6.89,16.71,-4.85,-12.66,-1,-1,HVQ,-1,HV2Q,HVQ,-1,-1,-1,-1,-1,1.2,1.11,2.34,2.63,5.1,-1.84,3.2,0,0,0,0,0,0,-3.11,-3.11,-14.05,-26.91,-39.32,-3.11,-10.2,-18.35,-25.18,-49.46,-36.38,15.17,15.17,24.23,24.23,8.12,6.2,18.02,32.79,0,0,7.3,1.23,-11.64,2.75,-13.76,0.994361,64,8.12,-8.8,12.82,-24.24,,,7.3,-6.33,-13.54,12.42,-20.02,0.995593,58
26-11-2025,NSE:NMDC,EQ,67274.99,74.29,19046701,14149.79417,2.08,2.12,6.41,2L,2.19,-1.31,-3.89,0.03,-0.11,-3.92,4.86,2.09,15.1,2.35,11,-1,-1,-1,-1,-1,-1,-1,-1,-1,-1,-1,-0.08,-0.7,-0.77,-1.1,-1.85,6.97,5.5,0,0,41.27,0,0,25.4,-4.01,-5.72,-5.72,-8.65,-21.02,-4.01,-5.62,-4.91,-10.9,-32.95,-22.88,8.09,10.81,23.82,23.82,2.41,8.21,15.3,21.23,5.12,9.72,-0.59,1.09,-2.66,1.14,-6.56,0.994271,64,-0.46,3.8,8.82,-3.59,,,-0.59,1.65,-3.93,3.63,-9.15,0.996588,59
26-11-2025,NSE:SBICARD,EQ,84554.51,877.75,1199151,10525.5479,2.2,2.18,7.17,,0.50,1.6,0.91,-0.3,-2.63,-0.8,6.35,-4.35,1.41,23.09,20.33,-1,-1,-1,-1,-1,-1,-1,-1,-1,-1,-1,0.31,-0.57,-0.27,-1.41,-1.65,1.56,-0.09,0,0,0,0,0,0,-3.64,-6.42,-13.69,-13.69,-13.69,-3.64,-3.96,-19.17,-1.14,0,-16.16,10.9,11.55,32.22,32.22,1.66,14.47,4.47,37.98,30.35,1.12,-3.11,2.58,-9.1,-12.55,14.18,0.994184,64,-3.09,1.38,-4.18,28.2,,,-3.11,5.43,-12.44,-4.14,27.86,1.014917,77
26-11-2025,NSE:JBCHEPHARM,EQ,28503.65,1780.9,180596,3216.23416,2.05,2.08,7.97,S,0.54,1.62,-2.17,4.63,4.48,4.79,1.77,5.18,9.32,4.43,12.96,-1,EEP,-1,-1,-1,-1,-1,-1,-1,-1,-1,0.7,0.73,1.44,2.33,3.86,2.4,6.41,0,0,9.52,0,0,0,-2.6,-2.6,-2.6,-6.92,-9.63,-2.6,-5.63,-2.95,-14.31,-18.05,-13.63,7.5,10.71,18.38,18.38,5.86,2.69,16.29,12.24,4.87,10.53,4,-2,0.43,-4.64,-4.48,0.994145,64,5.63,-0.4,4.49,-12.84,,,4,-6.14,2.46,-5.3,0.48,0.994788,57
26-11-2025,NSE:GUJTHEM,EQ,4865.84,417.1,222889,929.67002,3.2,3.17,4.61,M,1.55,-4.89,-7.88,-10.43,-12.66,1.31,4.28,27.8,NA,NA,NA,-1,-1,-1,-1,HV2Y,-1,-1,-1,-1,-1,12,-1.79,-1.88,-3.61,1.15,-2.49,,,0,47.62,68.25,0,23.81,33.33,-10.72,-11.24,-11.24,NA,NA,-10.72,0,-0.34,NA,NA,NA,10.56,36.11,NA,NA,4.17,38.12,82.38,NA,NA,NA,-13.14,0.51,23.05,0,0,0.994025,64,-9.33,29.57,,,,,-13.14,11.73,23.55,90.34,5.87,1.025315,83
26-11-2025,NSE:IKS,EQ,27724.51,1680.6,322496,5419.86778,3.06,3.09,7.82,,3.12,5.12,2.14,0.83,9.31,10.26,4.79,6.49,-0.51,NA,NA,-1,-1,-1,HVQ,-1,-1,-1,-1,-1,-1,-1,3.08,0.97,4.09,3,7.31,-1.24,6,0,0,0,0,0,0,0,0,-9.44,NA,NA,0,-6.1,-16.45,-26.76,NA,NA,15.62,15.62,NA,NA,8.58,4.86,20.03,17.89,NA,NA,8.83,1.02,1.74,-14.47,0,0.993554,64,8.58,-4.62,-8.6,,,,8.83,-8.29,0.77,-17.15,105.87,0.991504,52
26-11-2025,NSE:MEDICAMEQ,EQ,533.22,412.45,46811,193.07197,3.95,3.94,6.1,,-0.84,1.89,1.15,6.78,13.25,20.03,15.24,-4.11,-13.19,-4.59,3.04,-1,-1,HV2Q,-1,HVQ,-1,-1,-1,7,-1,-1,1.98,3.21,5.36,10.06,17.15,-15.88,1.1,80,19.05,6.35,40,9.52,3.17,-0.84,-0.84,-5.5,-31.78,-31.78,-0.84,-9.81,-36.66,-28.97,-22.78,-26.33,39.65,39.65,39.65,39.65,16.54,21.14,1.19,6.64,26.4,16.8,12.77,11.47,-8.86,-27.15,-13.5,0.993431,64,16.46,-7.8,-29.63,2.75,,,12.77,-1.02,-23.85,-18.38,13.46,0.993989,55
26-11-2025,NSE:GROWWEV,EQ,280.18,31.17,249938,77.90567,1.55,1.56,4.5,S,1.27,-0.22,0.71,0.71,-0.45,-0.51,2.5,5.58,13.76,3.53,NA,-1,-1,-1,-1,-1,-1,-1,-1,-1,-1,-1,0.32,0.02,0.33,-0.21,0.12,6.57,7.16,0,0,41.27,0,0,31.75,-0.86,-2.44,-2.44,-2.44,NA,-0.86,-2,0,-17.26,-24.43,NA,4.77,8.72,27.54,NA,1.76,9.21,24.35,20.42,0,NA,-0.93,-1.27,0.83,-0.2,-5.38,0.993345,64,0.32,7.45,12.31,,,,-0.93,-0.37,2.14,-1,-6,0.995489,57
26-11-2025,NSE:LUPIN,EQ,93818.95,2071.6,1054684,21848.83374,1.99,2.05,5.07,,1.43,2.23,1.82,3.6,7.18,3.9,5.08,4.89,2.8,1.38,20.99,-1,-1,-1,-1,-1,-1,-1,-1,-1,-1,-1,1.94,0.99,2.96,1.48,4.5,-0.09,4.4,0,0,0,0,0,0,0,0,0,-13.54,-13.54,0,-6.46,-7.25,-17.77,-15.97,-10.79,9.63,11.87,11.87,33.86,7.97,3.84,6.18,4.19,30.11,32.02,6.7,1.31,0.14,-11.16,-7.53,0.993255,64,7.97,-1.44,-0.6,-6.59,,,6.7,-5.57,-1.22,-11.86,4.4,0.992864,54
26-11-2025,NSE:UTINEXT50,EQ,2127.15,74.25,174557,129.60857,1.78,1.76,4.8,M,1.31,-0.61,-1.06,-1.29,-0.4,0.48,2.4,3.58,14.63,4.3,16.98,-1,-1,-1,-1,-1,-1,-1,-1,-1,-1,-1,0.09,-0.25,-0.16,0.23,0.07,4.7,5,0,0,31.75,0,0,15.87,-1.9,-2.15,-2.15,-4.59,-9.99,-1.9,-1.75,-1.54,-13.21,-23.15,-13.86,5.38,5.66,21.8,22.26,1.57,6.09,18.88,17.44,4.38,17.01,-0.88,-1.37,-1.17,0.67,-4.61,0.993001,64,-0.24,3.67,12.95,-9.92,,,-0.88,-0.52,0.19,1.79,-6.23,0.996439,59
26-11-2025,NSE:MOMENTUM50,EQ,262.01,54.38,444285,241.60218,1.76,1.77,5.67,,1.63,0.35,1.01,1.77,1.23,5.22,4.63,4.62,14.1,-3.14,NA,-1,-1,-1,-1,-1,-1,-1,-1,-1,-1,-1,0.79,0.42,1.21,1.57,2.83,3.5,6.55,100,23.81,7.94,100,23.81,7.94,-0.26,-0.26,-1.91,-12.52,NA,-0.26,-0.57,-6.46,-19.54,-27.55,NA,8.78,8.78,23.42,NA,2.37,7.44,17.7,17.73,0,NA,0.75,0.86,-0.13,0.14,-12.05,0.992781,64,1.66,2.72,8.95,,,,0.75,0.13,-1.04,0.29,-14.21,0.992226,53
26-11-2025,NSE:SIMPLEXINF,EQ,2341.22,288.85,142908,412.78976,4.78,4.83,5.22,S,-0.79,-3.74,-0.59,-2.7,4.33,-6.34,-5.83,1.59,5.49,19.79,69.88,HV2Y,HV2Y,HV2Q,HVQ,2,-1,-1,-1,-1,-1,-1,-0.53,0.52,-0.01,0.45,0.44,0.35,0.79,0,0,14.29,0,0,3.17,-6.87,-8.75,-9.54,-15.36,-15.36,-6.87,-13.45,-6.81,-16.7,-20,-20.98,10.16,13.63,27.05,245.51,6.55,5.4,34.46,92.97,226.56,177.15,3.85,-9.6,-3.16,-8.47,10.88,0.992597,64,6.02,-9.87,14.37,92.97,,,3.85,-13.93,6,-5.7,21,1.006178,69
26-11-2025,NSE:NEXT50,EQ,885.01,710.34,20558,146.0317,0.99,1.03,14.39,,1.44,-0.52,-0.81,-1.42,-0.33,0.57,2.25,3.36,14.51,4.32,17.06,-1,-1,-1,-1,-1,-1,-1,-1,-1,-1,-1,0.17,-0.22,-0.05,0.23,0.18,4.65,5.06,0,0,41.27,0,0,19.05,-1.59,-1.59,-1.59,-4.79,-10.26,-1.59,-0.72,-1.56,-13.28,-23.28,-14.13,5.17,5.79,22.05,22.05,1.66,6.13,19.3,17.94,4.84,17.34,-0.81,-1.52,-1.39,0.55,-4.59,0.992585,64,0.21,3.81,13.32,-9.62,,,-0.81,-0.74,0.12,1.87,-6.05,0.996369,59
26-11-2025,NSE:RHIM,EQ,10151.61,474.45,1072471,5088.33866,3.29,3.26,3.38,,2.88,-1.39,-1.21,-0.46,5.34,2.73,-2.14,2.11,19.36,-5.13,-11.34,-1,-1,HV2Y,HVQ,HV2Q,EEP,-1,-1,-1,-1,-1,0.9,0.12,1.01,1.29,2.33,-0.24,2.08,0,0,0,0,0,0,-3.58,-3.58,-9.94,-17.51,-35.57,-3.58,-14.75,-9.19,-26.66,-48.04,-32.26,7.82,7.82,24.01,24.01,6.05,2.06,25.24,21.39,0,0,4.86,-5.91,-2.64,5.4,-14.04,0.992507,64,6.05,-9.17,21.91,-26.66,,,4.86,-11.21,3.14,7.96,-24.5,0.992045,53
26-11-2025,NSE:NEXT50IETF,EQ,1933.37,72.74,579359,421.42574,1.55,1.53,5.82,S,1.49,-0.56,-0.76,-1.29,-0.54,0.59,2.19,3.41,14.63,4.37,17.13,-1,-1,-1,-1,-1,-1,-1,-1,-1,-1,-1,0.21,-0.23,-0.02,0.22,0.21,4.64,5.08,0,0,41.27,0,0,23.81,-1.62,-1.62,-1.62,-4.72,-10,-1.62,-0.27,-1.26,-13.07,-23.16,-13.93,5.19,5.73,21.09,22.09,1.75,6.29,18.45,16.96,4.77,17.36,-1.02,-1.58,-1.34,0.67,-4.54,0.992477,64,-0.08,3.97,13.33,-9.51,,,-1.02,-0.6,0.23,1.95,-6.14,0.996429,59
26-11-2025,NSE:CNXPHARMA,IN,,22862.35,,,,,,,1.20,0.59,1.18,2.31,2.41,2.98,2.19,5.85,8.28,4.91,18.13,0,0,0,0,0,0,0,-1,-1,-1,-1,,,,,,,,,,,,,,-0.02,-0.02,-0.92,-2.93,-3.87,,,,,,,,,,,,,,,,,1.93,-1.58,1.1,-5.68,-4,0.99195,,,,,,,,1.93,-3.54,2.73,-7.08,2.19,0.994936,
26-11-2025,NSE:PHARMABEES,EQ,1035.24,23.38,3992789,933.51407,1.9,1.88,4.18,,0.91,0.43,1.07,2.27,2.35,2.78,1.84,5.99,8.51,5.05,18.65,-1,-1,-1,-1,-1,-1,-1,-1,-1,-1,-1,0.82,0.48,1.31,1.16,2.49,2.53,5.15,0,0,0,0,0,0,-0.09,-0.09,-0.93,-2.38,-3.79,-0.09,-3.26,-2.75,-9.55,-11.98,-8.64,6.22,7.1,15.74,25.29,3.09,3.82,13.61,8.81,14.63,18.97,1.87,-1.93,1.24,-5.45,-3.86,0.991913,64,2.63,-1.51,7.85,-4.56,,,1.87,-3.84,3.21,-6.98,2.08,0.994967,57
26-11-2025,NSE:CGCL,EQ,18954.43,188.65,2272155,4286.42041,3.09,3.02,12.89,S,0.29,-3.38,-5.83,-4.45,-8.09,-2.1,-0.39,16.03,14.94,1.08,-10.52,-1,-1,-1,-1,HV2Y,EEP,-1,-1,-1,-1,-1,-2.08,-1.03,-3.08,0.41,-2.68,8.62,6.5,0,23.81,23.81,0,14.29,17.46,-9.77,-9.77,-9.77,-11.52,-23.02,-9.77,-0.51,-2.81,-26.29,-44.52,-35.48,2.5,24.88,24.88,24.88,0.29,16.29,25.37,4.27,0,3.48,-8.57,-4.16,11.28,0.98,-7.83,0.991896,64,-8.64,11.41,4.56,-26.06,,,-8.57,3.82,15.34,-10.96,-10.43,0.994782,57
26-11-2025,NSE:PNBHOUSING,EQ,23940.74,915.9,1354937,12409.86798,2.38,2.35,4.98,2M,3.91,0.77,1.84,-1.72,-1.28,2.84,12.67,-13.62,12.62,5.44,31.52,-1,-1,-1,-1,-1,-1,-1,-1,-1,-1,-1,1.75,-0.03,1.72,1.43,3.19,-4.48,-1.23,0,0,0,0,0,0,-2.4,-2.4,-18.67,-18.67,-19.45,-2.4,-8.48,-28.98,-8.48,-29.62,-23.83,21.54,21.54,21.54,49.35,5.02,23.09,5.42,36.32,30.8,41.55,-1.76,8.9,-18.37,-1.34,-3.47,0.99189,64,-1.89,-8.19,-1.36,20,,,-1.76,10.46,-31.12,13.43,-2.35,1.007655,71
26-11-2025,NSE:JUNIORBEES,EQ,6954.09,743.82,273734,2036.08824,1.91,1.9,2.81,S,1.40,-0.75,-1.02,-1.42,-0.66,0.49,2.14,3.53,14.38,4.11,16.92,-1,-1,-1,-1,-1,-1,-1,-1,-1,-1,-1,0.09,-0.24,-0.15,0.25,0.1,4.61,4.94,0,0,41.27,0,0,23.81,-1.83,-1.83,-1.83,-4.9,-9.93,-1.83,-0.15,-1.29,-13.11,-22.88,-13.64,5.14,5.64,21.52,21.87,1.64,6.33,18.92,17.24,4.48,17,-1.14,-1.63,-1.22,0.42,-4.8,0.991883,63,-0.17,3.92,13.03,-9.94,,,-1.14,-0.52,0.39,1.59,-6.12,0.996132,58
26-11-2025,NSE:GRAVITA,EQ,12975.53,1851.9,400609,7418.87807,3.81,3.79,9.51,,1.97,8.07,6.21,4.57,9.21,11.31,6.02,-3,11.57,-9.8,56.5,-1,-1,-1,-1,EEP,-1,-1,-1,-1,-1,-1,4.64,2.03,6.82,4.11,11.39,-5.81,5.28,0,0,0,0,0,0,0,0,-3.42,-23.08,-30.5,0,-11.42,-17.64,-28.41,-38.54,-23.69,19.96,19.96,20.95,134.7,12.86,8.91,13.68,24.58,121.04,174.46,8.73,2.25,-7.75,-2.39,-18.71,0.991746,63,12.86,-10.88,0.56,-12.84,,,8.73,-6.83,-10.61,4.48,-18.29,0.989718,49
26-11-2025,NSE:ANLON,SM,250.22,399,8192,32.68608,3.89,4.44,6.8,,-1.31,-0.13,-1.85,2.23,2.14,-16.04,-7.04,5.81,22.31,-2.97,10.08,-1,-1,-1,-1,-1,-1,-1,-1,-1,-1,-1,0.08,-0.58,-0.5,-4.43,-4.72,11.09,7.16,0,0,28.57,0,0,9.52,-5.84,-17.9,-17.9,-17.9,-32.34,-5.84,-19.66,-6.95,-25.21,-47.44,-30.33,4.18,17.72,64.74,64.74,4.18,1.8,76.34,55.16,21.57,61.12,1.66,-10.81,1.06,8.35,-11.88,0.991737,63,3.25,-5.9,51.99,-22.52,,,1.66,-12.7,10.99,7.85,-26.66,0.993208,54
26-11-2025,NSE:ONEPOINT,EQ,1419.51,52.61,1488433,783.0646,4.89,4.86,4.96,,1.49,-5.04,2.11,5.32,11.84,15.72,14.39,-22.54,12.37,-17.56,5.34,-1,-1,-1,-1,HV2Q,HVQ,-1,-1,-1,-1,-1,1.09,2.06,3.22,5.78,9.55,-6.91,2.47,80,23.81,7.94,0,4.76,1.59,-4.8,-4.8,-21.99,-24.12,-30.59,-4.8,-6.7,-35.04,-13.14,-39.18,-18.4,22.49,22.49,25.59,25.59,15.25,7.99,7.52,53.9,0.22,34.46,11.36,10.62,-27.29,-1.59,-26.47,0.99172,63,15.07,-5.58,-7.19,-6.17,,,11.36,-0.42,-44.16,18.83,-28.29,0.998935,61
26-11-2025,NSE:NDRAUTO,EQ,2089.78,857.05,37489,321.29947,3.44,3.47,5.65,3L,0.62,-1.55,-7.34,-12.85,-13.8,-26.2,-17.34,0.3,25.3,25.97,53.73,-1,-1,-1,HV2Q,HVQ,HVQ,-1,-1,-1,-1,-1,-1.32,-3.67,-4.82,-8.81,-12.53,7.86,-5.07,0,0,0,0,0,0,-12.88,-26.43,-26.85,-26.85,-26.85,-12.88,-16.28,-14.16,-13.58,-35.25,-35.84,2.57,3.36,53.22,126.94,2.57,2.17,79.8,52.77,70.33,68.8,-14.28,-21.11,-4.45,11.34,17.06,0.991455,63,-10.87,-5.33,48.53,28.78,,,-14.28,-6.43,14.01,15.42,6.77,1.015365,77
26-11-2025,NSE:SUPRAJIT,EQ,6440.19,459.95,159096,731.76205,3.41,3.38,9.38,S,2.04,-1.21,1.76,3.21,4.51,-7.24,1.68,4.55,8.85,2.4,10.99,-1,-1,HVQ,HV2Q,-1,-1,-1,-1,-1,-1,-1,0.76,0.5,1.27,-0.18,1.09,4.32,5.65,0,0,9.52,0,0,4.76,-2.16,-6.9,-6.9,-9.49,-25.87,-2.16,-11.1,-6.24,-23.16,-32.43,-27.66,6.04,10.87,26.31,26.31,6.04,2.71,24.18,20.55,7.82,13.53,4.03,-2.09,-0.2,-5.11,-6.51,0.991438,63,5.24,-5.86,7.71,-22.42,,,4.03,-6.27,1.9,-5.16,-1.2,0.993201,54
26-11-2025,NSE:SETFNN50,EQ,2728.97,735.31,31867,234.32124,1.48,1.47,6.3,,1.14,-0.99,-1.07,-1.52,-0.74,0.21,2.17,3.05,14.43,3.91,16.81,-1,-1,-1,-1,-1,-1,-1,-1,-1,-1,-1,-0.07,-0.25,-0.32,0.22,-0.1,4.66,4.78,0,0,38.1,0,0,17.46,-1.81,-1.81,-1.81,-5.11,-10.27,-1.81,-0.38,-1.54,-13.01,-23.22,-13.79,4.95,5.39,21.03,21.62,1.48,6.17,18.39,17.33,4.65,17.52,-1.22,-1.6,-1.7,0.47,-5,0.991306,63,-0.38,3.79,13.07,-9.55,,,-1.22,-0.42,-0.12,2.08,-6.42,0.996083,58
26-11-2025,NSE:MOM30IETF,EQ,628.09,32.67,1082156,353.54037,1.21,1.23,4.41,,1.40,0.46,1.16,2.05,0.8,4.96,4.41,5.14,12,-1.84,8.2,-1,-1,-1,-1,-1,-1,-1,-1,-1,-1,-1,0.88,0.38,1.27,1.33,2.64,3.87,6.77,20,4.76,3.17,20,4.76,3.17,-0.06,-0.06,-0.06,-9.38,-15.62,-0.06,-0.22,-3.91,-19.96,-25.75,-14.08,8.04,8.04,23.8,23.8,2.93,7.18,18.34,17.43,0.17,12.4,0.32,0.64,0.39,-1.96,-10.75,0.990976,63,1.15,3.84,7.8,-16.33,,,0.32,0.33,-0.25,-2.43,-9.85,0.992133,53
26-11-2025,NSE:NIFTYJR,IN,,69189.4,,,,,,,1.49,-0.65,-0.89,-1.42,-0.61,0.55,2.14,2.89,14.08,3.5,16.09,0,0,0,0,0,0,0,-1,-1,-1,-1,,,,,,,,,,,,,,-1.84,-1.84,-1.84,-5.6,-11.08,,,,,,,,,,,,,,,,,-1.09,-1.63,-1.86,0.12,-5.41,0.990533,,,,,,,,-1.09,-0.58,-0.25,1.86,-6.44,0.995667,
26-11-2025,NSE:BELRISE,EQ,14328.83,158.93,7532595,11971.55323,3.31,3.38,3.74,,0.64,-3.67,2.75,8.59,5.35,-1.62,10.36,NA,NA,NA,NA,-1,-1,-1,-1,-1,-1,-1,-1,-1,-1,9,-0.24,1.3,1.07,1.31,2.41,,,0,0,42.86,0,0,20.63,-3.54,-3.54,NA,NA,NA,-3.54,-7.73,NA,NA,NA,NA,16.33,NA,NA,NA,9.52,19.24,NA,NA,NA,NA,4.87,6.59,0,0,0,0.990419,63,6.61,14.94,,,,,4.87,1.98,98.98,-9.66,5.87,1.003029,67
26-11-2025,NSE:JYOTICNC,EQ,22100.98,1041.75,817503,8516.3375,4.07,4.16,3.71,,0.27,6.23,5.07,9.75,13.88,13.58,8.79,-18.89,13.58,-16.45,42.36,-1,-1,-1,-1,EEP,HVQ,-1,2,-1,-1,-1,4.24,3.11,7.59,4.08,12.16,-9.75,2.2,0,0,0,0,0,0,0,0,-20.65,-27.45,-27.45,0,-14.22,-27.63,-13.75,-37.3,-10.73,22.57,22.57,35.16,69.25,20.57,5.57,23.28,60.69,54.74,108.51,13.4,5.02,-23.64,-0.38,-25.36,0.99035,63,18.79,-13.56,5.12,1.33,,,13.4,-9.22,-31.36,17.65,-28.88,0.995399,57
26-11-2025,NSE:FUSION,EQ,1734.58,177.19,380754,674.65801,3.83,3.79,9.83,M,6.78,4.81,6.69,-0.76,-1.98,-8.44,4.87,2.92,11.91,3.79,-160.24,-1,-1,-1,-1,EEP,-1,-1,-1,-1,-1,-1,3.96,-1.6,2.32,-5.13,-2.67,6.1,3.65,0,0,0,0,0,0,-5.36,-8.66,-15.46,-15.46,-65.87,-5.36,-6.86,-19.58,-44.61,-70.62,-67.91,7.17,20.15,34.26,34.26,7.17,22.52,27.72,30.33,2.53,4.25,-2.46,1.1,-1.83,-2.05,-5.12,0.990311,63,-3.71,6.24,7.06,-37.67,,,-2.46,3.4,-3.07,-0.4,-3.35,0.996472,59
26-11-2025,NSE:KIMS,EQ,27201.44,684.15,326417,2233.18191,2.9,2.87,5.07,2L,1.33,2.98,-0.47,-4.78,-4.95,-6.18,-10.59,4.38,20.32,14.64,41.23,-1,-1,-1,-1,-1,-1,-1,-1,-1,-1,-1,0.71,-1.45,-0.73,-3.05,-3.67,5.12,1.53,0,0,7.94,0,0,0,-6.96,-10.26,-13.33,-13.33,-13.33,-6.96,-6.88,-4.15,-5.37,-17.52,0,3.07,9.67,34.56,87.91,3.07,4.38,48.81,33.95,49.72,60.4,-5.43,-14.36,-0.37,6.36,5.73,0.990237,63,-5.2,-5.77,40.83,33.95,,,-5.43,-8.69,12.51,7.02,-1.27,1.002926,66
26-11-2025,NSE:HINDZINC,EQ,204568.82,470.25,5382501,25311.21095,2.07,2.23,4.8,S,1.65,-1.34,-2.48,-0.66,-2.56,3.69,7.56,3.99,13.01,-3.57,38.46,-1,-1,-1,-1,-1,-1,-1,-1,-1,-1,-1,0.01,-0.98,-0.96,-0.8,-1.75,6.15,4.69,0,0,17.46,0,0,14.29,-5.04,-8.37,-11.95,-11.95,-39.11,-5.04,-6.02,-18.6,-19.43,-47.03,-36.94,12.16,13.2,21.37,61.21,3.58,16.1,12.2,16.53,41.34,68.3,-3.04,3.79,-0.76,-0.95,-12.48,0.990152,63,-0.2,9.81,5.14,-12.95,,,-3.04,6.56,-4.88,-0.26,-13.2,0.993466,54
26-11-2025,NSE:DHANBANK,EQ,1079.9,27.46,832297,228.54876,2.73,2.72,5.27,,1.55,-1.02,3.24,4.81,2.77,7.03,2,-10.34,15.48,8.71,-28.76,-1,-1,-1,-1,HVQ,HV2Y,-1,-1,-1,-1,-1,1.51,0.89,2.43,2.32,4.86,-4.49,0.35,0,0,0,0,0,0,-1.01,-1.01,-15.25,-23.41,-31.46,-1.01,-4.2,-16.94,-15.49,-42.06,-37.43,10.28,10.28,21.88,21.88,5.05,7.23,19.44,34.49,0.91,0,2.29,-1.77,-15.09,1.52,-0.2,0.990013,63,1.67,-4.2,14.03,-7.63,,,2.29,-4.1,-13.62,13.74,-2.13,1.002949,66
26-11-2025,NSE:ALPHA,EQ,757.9,49.95,1250129,624.43944,1.42,1.43,3.81,,1.86,0.18,0.64,2.14,1.82,2.28,1.48,3.22,15.48,-2.84,13.81,-1,-1,-1,-1,-1,-1,-1,-1,-1,-1,-1,0.89,0.27,1.16,0.77,1.95,2.62,4.69,0,0,0,0,0,0,-0.34,-0.34,-3.24,-12.4,-16.16,-0.34,-2.19,-4.67,-18.87,-29.14,-13.78,6.37,6.37,22.73,22.73,2.67,4.43,20.91,18.77,0,21.53,1.34,-2.29,-1.53,1.52,-11.75,0.98998,63,1.9,-1.9,13.31,-15.43,,,1.34,-3.66,0.75,3,-15.8,0.991892,52
26-11-2025,NSE:CNXENERGY,IN,,35964.8,,,,,,,1.74,-0.47,-0.9,-0.87,0.51,1.27,4.09,0.23,14.22,0.49,-4.5,0,0,0,0,0,0,0,-1,-1,-1,-1,,,,,,,,,,,,,,-1.32,-1.32,-1.8,-5.39,-20,,,,,,,,,,,,,,,,,0.03,0.32,-4.52,0.26,-8.42,0.989977,,,,,,,,0.03,0.28,-5.04,4.36,-10.14,0.994914,
26-11-2025,NSE:PVSL,EQ,1039.49,134.49,121804,163.8142,4.26,4.21,26.6,S,2.36,-5.61,-9.37,-15.43,-7.75,-8.12,14.54,6.8,11.52,-14.23,NA,-1,-1,HVQ,-1,-1,-1,-1,-1,-1,-1,-1,-2.88,-2.38,-5.13,-2.05,-7.04,13.96,8.05,0,0,34.92,0,0,22.22,-13.37,-13.37,-13.37,-25.37,NA,-13.37,-5.81,-16.38,-47.27,-58.86,NA,22.39,22.39,43.15,NA,4.09,31.87,22.33,33.42,0,NA,-8.23,10.77,2.05,-2.44,-23.14,0.989642,63,-7.66,16.31,-5.06,-45.34,,,-8.23,17.38,-10.09,-4.59,-23.23,0.993198,54
26-11-2025,NSE:LEMONTREE,EQ,12420.84,151.54,2318552,3513.5337,2.48,2.58,3.56,3L,1.03,0.37,-7.72,-10.87,-9.55,-13.36,-11.01,7.71,18.12,18.67,14.84,-1,-1,-1,HVQ,-1,-1,-1,-1,-1,-1,-1,-1.32,-2.45,-3.69,-4.46,-7.8,9.76,2.18,0,0,26.98,0,0,17.46,-9.96,-14.83,-14.83,-14.83,-14.83,-9.96,-6.7,-0.72,-12.06,-21.97,-21.63,2.1,13.57,24.51,32.89,2.1,16.82,38.22,22.64,8.81,8.08,-10.03,-14.78,2.96,4.16,9.76,0.989538,63,-7.99,8.2,26.29,4.65,,,-10.03,-4.65,15.85,1.62,6.55,1.005796,69
26-11-2025,NSE:TALBROAUTO,EQ,1753.08,278.65,163323,455.09954,3.63,3.54,3.76,2L,0.11,-1.08,-3.95,-4.31,-3.75,-12.09,4.92,-1.4,20.51,-3.82,9.65,-1,-1,-1,-1,HVQ,-1,-1,-1,-1,-1,-1,-0.09,-1.47,-1.54,-2.85,-4.27,5.6,1.41,0,0,7.94,0,0,0,-6.59,-10.79,-10.79,-18.9,-28.51,-6.59,-7.44,-13.42,-21.24,-43.17,-25.77,7.36,12.43,32.99,32.99,5.37,16.64,26.45,34.85,0,26,-4.23,1.15,-6.15,6.55,-12.73,0.989488,63,-6.59,2.14,11.65,-21.11,,,-4.23,5.04,-7.66,11.95,-24.74,0.997013,60
26-11-2025,NSE:CPSEETF,EQ,30159.06,92.34,1160538,1071.64079,2.07,2.04,5.24,,0.95,-0.78,-0.75,-0.86,-2.39,-1.06,2.92,-0.12,15.39,4.87,17.36,-1,-1,-1,-1,-1,-1,-1,-1,-1,-1,-1,-0.17,-0.35,-0.52,-0.35,-0.87,3.79,3.04,0,0,0,0,0,0,-2.63,-2.63,-2.63,-2.63,-13.03,-2.63,-0.02,-5.06,-10.79,-26.41,-17.26,5.13,5.13,20.61,22.19,0.95,7.65,17.08,20.75,3.39,16.24,-2.87,-0.85,-4.87,1.43,-4.04,0.989433,63,-1.58,3.65,13.58,-9.53,,,-2.87,1.88,-4.15,5.83,-6.56,0.998049,61
26-11-2025,NSE:EXXARO,BE,389.25,8.32,1768138,147.10908,8.04,8.21,4.13,S,2.84,-5.17,-9.13,-0.48,9.98,-2.76,4.93,0.48,6.73,-9.68,-13.82,-1,HV2Q,HVQ,HVQ,-1,-1,-1,-1,-1,-1,-1,-1.73,0.46,-1.28,1.91,0.64,4.68,5.58,0,0,0,0,0,0,-16.13,-16.13,-19.77,-27.03,-27.03,-16.13,-17.51,-23.72,-27.38,-31.94,-19.92,19.03,19.03,48.04,48.04,14.29,7.15,40.75,47.33,0.81,18.54,9.5,1.16,-4.27,-7.23,-18.59,0.98939,63,12.58,-11.67,-1.62,-2,,,9.5,-8.92,-5.7,-3.38,-11.72,0.987106,45
26-11-2025,NSE:SUVEN,EQ,4128.43,175.13,157866,276.47073,4,3.92,4,3L,1.86,-2.8,-7.36,-12.66,-11.96,-26.65,-31.13,-34.46,36.17,32.57,42.01,-1,-1,-1,-1,HV2Y,HV2Q,-1,-1,-1,-1,-1,-1.46,-3.53,-4.82,-8.14,-11.99,2.65,-9.59,0,0,0,0,0,0,-14.45,-24.95,-40.95,-40.95,-40.95,-14.45,-30.26,-22.57,0,-32.11,-28.28,3.84,3.84,68.14,100.61,3.84,2.38,120.48,126.08,28.04,35.27,-12.44,-34.9,-39.21,22.21,23.66,0.989307,62,-9.73,-30.26,99.75,58.67,,,-12.44,-20.44,-3.56,42.87,0.22,1.047523,91
26-11-2025,NSE:ASIANHOTNR,EQ,657.42,323.35,20106,65.01275,4.32,4.36,8.01,,-1.73,-2.04,1.99,-4.67,-2.74,-1.02,-3.74,-13.79,-10.1,38.39,63.51,-1,-1,-1,-1,-1,2,-1,-1,-1,-1,-1,-1.31,-0.17,-1.47,-0.26,-1.73,-6.1,-7.38,0,0,0,0,0,0,-4.46,-8.35,-15.79,-19.07,-19.07,-4.46,-6.69,-16.04,-7.91,-7.5,-12.58,4,17.6,69.72,192.1,2.25,20.82,22,116.34,221.59,79.97,-3.22,-7.51,-18.54,-24.06,29.48,0.989199,62,-2.47,-6.69,-5.77,107.75,,,-3.22,-4.29,-10.71,-6.41,49.91,1.038278,88
26-11-2025,NSE:CARERATING,EQ,4607.59,1537,51769,795.68953,2.85,3.02,15.34,S,1.80,0.42,1.12,-4.42,-1.55,0.42,-4.78,-10.96,23.55,11.27,29.59,-1,-1,-1,-1,EEP,-1,-1,-1,-1,-1,-1,0.26,-1.01,-0.74,-0.59,-1.33,3.23,1.97,0,0,0,0,0,0,-5.05,-6.45,-20.74,-20.74,-20.74,-5.05,-10.8,-16.95,-0.22,-22.87,-10.47,4.39,4.39,42.96,63.82,2.81,6,49.79,76.39,25.24,45.37,-2.03,-8.55,-15.71,9.59,2.36,0.989169,62,-0.67,-10.76,36.48,71.72,,,-2.03,-6.49,-6.92,21.45,-10.2,1.007417,70
26-11-2025,NSE:DIVISLAB,EQ,173775.73,6510,428757,27912.0807,1.96,1.96,5.32,2M,1.53,0.86,-0.15,-4.52,0.31,8.08,4.02,-2.89,10.3,8.19,46.46,-1,-1,-1,-1,-1,-1,-1,-1,-1,-1,-1,0.57,-0.32,0.25,2.21,2.51,1.86,4.46,0,0,0,0,0,0,-5.43,-5.43,-6.78,-6.78,-6.78,-5.43,-2.79,-10.52,-0.58,-6.66,-3.83,14.42,14.42,23.79,93.3,2.37,14.07,18.82,37.93,73.4,77.48,-0.17,0.25,-7.64,-3.66,-0.72,0.988846,62,1.11,-1.91,5.28,36.38,,,-0.17,0.41,-8.21,3.15,3.52,0.999502,62
26-11-2025,NSE:CNXPSE,IN,,9840.6,,,,,,,1.35,-1.21,-1.57,-1.43,-1.17,0.11,3.8,-1.37,15.02,2.53,11.36,0,0,0,0,0,0,0,-1,-1,-1,-1,,,,,,,,,,,,,,-2.5,-2.5,-3.15,-5.04,-16.16,,,,,,,,,,,,,,,,,-1.65,0.03,-6.12,1.06,-6.38,0.988678,,,,,,,,-1.65,1.6,-6.4,6.51,-8.83,0.996862,
26-11-2025,NSE:EPACKPEB,EQ,3304.87,314.8,10632702,33471.7459,7.01,6.95,4.38,,4.07,2.11,1.35,4.24,13.59,NA,NA,NA,NA,NA,NA,-1,-1,-1,-1,-1,-1,NA,-1,-1,3,-1,1.09,5.02,6.44,,,,,100,100,78.95,20,47.62,50,-4.62,NA,NA,NA,NA,-4.62,NA,NA,NA,NA,NA,NA,NA,NA,NA,24.94,NA,NA,NA,NA,NA,13.11,0,0,0,0,0.988616,62,24.94,,,,,,13.11,96.69,-1.02,-9.66,5.87,1.008575,72
26-11-2025,NSE:EBBETF0430,EQ,25582.28,1561.06,21501,335.64351,1.35,1.33,4.66,,-0.01,-0.02,0.14,0.26,0.54,1.64,2.52,2.65,6.82,8.42,13.36,-1,-1,-1,-1,-1,-1,-1,-1,-1,-1,-1,0.1,0.14,0.24,0.52,0.76,2.24,3.07,0,0,1.59,0,0,1.59,-0.05,-0.05,-0.05,-0.05,-0.05,-0.05,-0.31,-0.75,0,-0.06,0,2.26,2.93,9.15,15.54,0.58,2.03,4.68,9.45,8.18,6.31,0.06,-1.25,-2.1,-7.14,-0.49,0.988551,62,0.58,1.43,4.65,9.45,,,0.06,-1.32,-0.89,-5.38,7.6,0.997604,60
26-11-2025,NSE:VGL,BE,404.5,145.02,36014,52.2275,4.53,5.05,3.49,S,-2.21,-6.94,-7.07,5.79,13.34,NA,NA,NA,NA,NA,NA,-1,-1,-1,-1,-1,-1,NA,-1,-1,1,-1,-3.2,2.19,-1.03,,,,,0,0,0,0,0,0,-7.42,NA,NA,NA,NA,-7.42,NA,NA,NA,NA,NA,NA,NA,NA,NA,25.36,NA,NA,NA,NA,NA,12.86,0,0,0,0,0.988222,62,20.35,,,,,,12.86,96.69,-1.02,-9.66,5.87,1.008173,72
26-11-2025,NSE:JMFINANCIL,EQ,14314.55,145.56,3911753,5693.94767,4.12,4.05,4.8,2L,4.05,-1.35,-4.06,-13.62,-16.65,-17.64,-32.22,15.92,33.02,9.38,48.06,-1,-1,-1,EEP,-1,-1,-1,-1,-1,-1,-1,-0.03,-4.34,-4.19,-8.14,-11.4,14.31,3.39,0,0,15.87,0,0,4.76,-14.96,-24.28,-24.59,-24.59,-24.59,-14.96,-12.04,-0.29,-24.44,-39.81,-18.55,5.95,15.25,73.16,102.31,5.95,11.76,128.96,45.59,35.5,83.34,-17.13,-35.99,11.17,19.06,0.47,0.988156,62,-14.61,0.59,88.93,32.55,,,-17.13,-16.66,35.39,10.68,-29.44,1.009228,72
26-11-2025,NSE:ADANIGREEN,EQ,175909.36,1034.4,4520443,46759.46239,3.95,3.97,4.72,2M,2.25,-3.43,-3.52,-5.03,1.67,-5.88,6.8,2.07,13.23,-10.76,-83.93,-1,-1,HV2Q,-1,-1,EEP,-1,-1,-1,-1,-1,-0.88,-0.84,-1.7,-0.23,-1.93,7.39,5.9,0,9.52,22.22,0,0,0,-9.27,-10.22,-10.22,-22.11,-50.04,-9.27,-11.72,-9.09,-51.08,-56.65,-44.67,13.23,13.23,34.59,34.59,3.01,11.34,25.44,31.81,1.49,0,1.19,3.03,-2.68,-0.73,-19.67,0.988123,62,3.01,4.22,11.5,-46.3,,,1.19,1.9,-6.09,1.74,-21.78,0.988922,47
26-11-2025,NSE:MANORAMA,EQ,8057.67,1305,118154,1541.9097,2.99,2.97,6.27,L,-1.23,-2.84,-0.07,-1.49,-7.38,-12.22,-7.16,-5.36,19.9,20.04,74.95,-1,-1,-1,EEP,EEP,-1,-1,-1,-1,-1,-1,-1.23,-1.61,-2.8,-4.47,-6.95,6.55,-0.43,0,0,0,0,0,0,-7.67,-15.33,-22.64,-22.64,-22.64,-7.67,-16.94,-17.1,-8.05,-15.05,-5.69,3.01,3.01,68.69,303.03,3.01,6.36,80.78,78.84,238.32,237.74,-7.86,-10.93,-10.11,5.94,11.13,0.98812,62,-6.16,-11.13,32.23,55.64,,,-7.86,-3.11,0.66,14.32,6.04,1.009797,73
26-11-2025,NSE:KHAICHEM,EQ,913.15,86.13,501062,431.5647,5.7,5.46,6.73,2L,0.98,-7.31,-14.5,-19.42,-43.65,-47.8,-22.65,10.14,37.94,18.24,19.66,-1,-1,HV2Q,2,-1,HVQ,-1,-1,-1,-1,-1,-4.9,-7.7,-11.7,-16.59,-24.27,22.7,-2.03,0,0,30.16,0,0,23.81,-32.38,-34.88,-34.88,-34.88,-34.88,-32.38,-6.46,-8.15,-20.14,-44.85,-27.34,1.02,9.19,86.55,86.55,1.02,19.29,128.81,67.64,0,15.73,-44.13,-26.42,5.39,23.98,9.33,0.98801,62,-32.38,7.58,84.4,-11.97,,,-44.13,11.31,25.71,21.28,-25.88,1.025216,82
26-11-2025,NSE:RAMCOCEM,EQ,23508.73,1016.9,319397,3247.94809,2.39,2.35,6.67,2L,1.02,2.51,1.1,-0.99,-4.08,-2.27,-4.59,4.26,16.39,10.03,20.67,-1,-1,-1,-1,-1,-1,-1,-1,-1,-1,-1,1.01,-0.49,0.51,-0.92,-0.41,1.71,1.33,0,0,0,0,0,0,-3.98,-6.73,-15.36,-15.36,-15.36,-3.98,-11.9,-11.47,-7.07,-18.85,0,3.82,6.75,26.87,39.13,3.73,8.06,32.69,21.46,16.32,25.18,-4.56,-8.36,-0.49,2.43,1.12,0.987997,62,-3.98,-7.49,23.38,16.98,,,-4.56,-3.8,7.44,3.01,-1.75,0.998995,62
26-11-2025,NSE:PNGJL,EQ,8759.97,616.45,316744,1952.56839,2.88,2.86,4.75,M,-0.28,-3.82,-8.85,-7.99,-6.71,0.49,6.51,10.32,11.43,-4.55,NA,-1,-1,-1,-1,-1,-1,-1,-1,-1,-1,-1,-2.67,-1.29,-3.91,-0.24,-4.14,9.63,6.07,0,9.52,44.44,0,0,23.81,-8.13,-10.24,-10.24,-19.86,NA,-8.13,-4.22,-8.15,-31.61,-32.46,NA,8.8,13.73,24.71,NA,0,19.89,16.59,11.85,3.48,NA,-7.19,2.74,5.57,-2.53,-13.46,0.987927,62,-6.87,13.08,6.07,,,,-7.19,9.08,3.05,-8.42,-12.17,0.992267,53
26-11-2025,NSE:LICI,EQ,579369.79,894.8,1399719,12524.68561,1.84,1.82,5.55,,-0.32,-2.15,-0.6,-1.22,-0.32,0.06,0.08,2.63,15.18,1.44,-3.39,-1,-1,-1,EEP,-1,-1,-1,-1,-1,-1,-1,-0.84,-0.06,-0.89,0.41,-0.48,3.53,3.16,0,0,0,0,0,0,-3.18,-3.18,-8.02,-9.28,-24.69,-3.18,-2.06,-8.1,-19.66,-36.12,-25.77,5,5,22.71,22.71,0.01,5.34,22.61,19.48,0,1.74,-0.8,-3.69,-2.12,1.22,-7.47,0.987816,62,-0.57,1.22,17.02,-18.99,,,-0.8,-2.91,1.53,3.23,-10.34,0.993966,55
26-11-2025,NSE:MIDSMALL,EQ,392.97,49.53,267801,132.64184,1.04,1.08,3.09,S,1.29,-0.42,-0.16,1.45,1.09,2.12,1.7,0.71,14.05,0.46,NA,-1,-1,-1,-1,-1,-1,-1,-1,-1,-1,-1,0.45,0.25,0.71,0.74,1.46,2.59,4.16,0,0,0,0,0,0,-0.7,-0.7,-3.9,-9.22,NA,-0.7,-1.67,-5.53,-10.66,-23.02,NA,5.59,5.59,20.89,NA,2.31,4.43,18.84,20.04,0,NA,0.61,-2.07,-4.04,0.09,-8.45,0.987801,62,1.23,-0.16,11.73,-9.73,,,0.61,-2.7,-2.03,3.78,-9.94,0.993709,55
26-11-2025,NSE:WELSPUNLIV,EQ,13247.81,133.53,3178718,4244.54215,3.28,3.32,4.13,,2.50,-2.31,-4.34,3.3,2.91,8.49,12.65,-10.78,12.47,-10.42,-11.7,-1,-1,HVQ,-1,EEP,-1,-1,-1,-1,-1,-1,-0.77,1.11,0.35,4.69,5.29,-1.72,3.51,40,23.81,7.94,20,14.29,4.76,-5.24,-5.24,-9.3,-25.17,-35.57,-5.24,-5.3,-23.29,-28.63,-43.61,-28.86,22.15,22.15,24.89,24.89,4.96,18.6,9.09,38.35,0,15.19,2.43,8.88,-15.53,-1.49,-19.33,0.987709,62,4.04,-5.3,-4.64,-24.27,,,2.43,6.72,-27.84,11.32,-20.28,0.995933,58
26-11-2025,NSE:ARKADE,EQ,3098.35,164.69,506323,833.86335,2.45,2.43,3.57,,1.79,-1.48,-1.28,-3.52,-0.97,-6.8,-9.05,-7.72,15.3,21.65,NA,-1,-1,-1,HVQ,-1,-1,-1,-1,-1,-1,-1,-0.38,-0.88,-1.26,-1.93,-3.12,-1.69,-4.73,0,0,0,0,0,0,-5.56,-9.42,-21.14,-21.14,NA,-5.56,-15.88,-14,-4.04,-24.55,NA,1.79,1.79,22.94,NA,1.79,0.23,33.51,37.5,8.11,NA,-1.45,-12.82,-12.47,1.34,12.74,0.987681,62,-1.62,-15.88,24.96,,,,-1.45,-11.32,0.2,11.71,13.37,1.009393,73
26-11-2025,NSE:MANALIPETC,EQ,1170.97,66.77,735402,491.02792,3.38,3.4,7.21,3L,1.52,-1.59,-5.2,-8.97,-11.11,0.66,0.88,15.85,7.83,7.34,8.57,-1,-1,-1,HV2Y,HV2Q,-1,-1,-1,-1,-1,-1,-0.43,-1.92,-2.31,-1.18,-3.45,6.98,3.8,0,4.76,1.59,0,0,0,-10.35,-10.52,-15.75,-15.75,-34.42,-10.35,-0.58,-16.49,-40.7,-39.56,-39.24,4.59,17.82,29.4,29.4,3.22,16.69,28.26,8.9,10.03,10.09,-11.59,-2.89,11.1,-6.13,-1.57,0.987463,62,-9.26,1.77,6.02,-39.02,,,-11.59,7.49,14.08,-19.18,5.33,0.999202,62
26-11-2025,NSE:ARIES,EQ,478.56,349.7,63324,221.44403,3.82,3.86,6.36,3L,0.69,-1.56,-7.68,-6.86,-11.61,-12.58,-24.79,13.98,27.65,10.25,28.11,-1,-1,-1,HVY,-1,-1,-1,-1,-1,-1,-1,-2.16,-2.32,-4.38,-4.49,-8.49,12.82,4.97,0,0,23.81,0,0,6.35,-12.58,-19.96,-19.96,-19.96,-19.96,-12.58,-10.67,0,-22.04,-34.43,-1.29,1.41,17.19,53.7,72.99,1.41,9.96,91.81,32.54,25.15,55.26,-12.09,-28.56,9.23,13.69,1.34,0.987399,62,-11.6,9.96,69.28,-2.91,,,-12.09,-15.12,30.05,6.23,-18.18,1.004197,68
26-11-2025,NSE:PATELRMART,EQ,746.84,256.44,279749,717.38834,3.89,3.86,6.89,,4.29,14.72,13.39,14.48,12.8,7.68,NA,NA,NA,NA,NA,-1,-1,-1,-1,-1,-1,-1,-1,-1,-1,-1,8.97,2.08,11.29,0.41,11.75,,,0,0,0,0,0,0,0,NA,NA,NA,NA,0,NA,NA,NA,NA,NA,NA,NA,NA,NA,19.03,NA,NA,NA,NA,NA,12.32,0,0,0,0,0.987348,62,15.19,,,,,,12.32,96.69,-1.02,-9.66,5.87,1.007281,70
26-11-2025,NSE:JAICORPLTD,EQ,2588.7,143.01,2687011,3842.69443,3.3,3.31,5.82,3L,1.10,-0.73,-4.92,-16.84,-15.36,-6.61,11.15,24.77,24.59,-103.24,-91.66,-1,-1,HV2Q,HV2Q,-1,-1,-1,-1,-1,-1,-1,-1.63,-2.8,-4.31,-3.23,-7.31,21.51,18.1,0,28.57,60.32,0,4.76,6.35,-16.03,-17.27,-17.27,-63.21,-65.28,-16.03,-4.56,-4.29,-73.17,-73.81,-29.43,19.77,38.08,72.28,72.28,1.61,59.28,53.07,29.6,0,14.07,-15.84,7.38,20.02,10.63,-112.15,0.987301,61,-16.03,59.28,12.2,-71.28,,,-15.84,19.67,14.31,-9.91,-163.62,0.978364,34
26-11-2025,NSE:MAHLOG,EQ,3327.51,326.5,119944,391.61716,3.5,3.45,7.18,3L,1.89,-1.24,-3.86,-5.42,-8.41,-8.28,0.03,10.38,21.47,-8.96,-17.03,-1,-1,-1,-1,-1,-1,-1,-1,-1,-1,-1,-0.38,-2.06,-2.39,-3.77,-5.94,11.08,5.79,0,0,12.7,0,0,0,-10.28,-10.47,-13.53,-13.53,-34.39,-10.28,-2.95,-13.55,-37.43,-48.48,-28.51,3.96,12.94,47.53,47.53,3.45,13.14,47.48,32.21,0,0,-8.89,-3.74,5.63,7.51,-17.87,0.98724,61,-5.58,1.06,24.29,-37.43,,,-8.89,4.47,9.34,2.71,-32.88,0.991479,51
26-11-2025,NSE:GILT5YBEES,EQ,259.1,63.71,222309,141.63306,0.92,0.91,6.01,,0.30,0.55,0.42,0.57,0.53,1.18,2.06,1.96,6.48,8.48,13.58,-1,-1,-1,-1,-1,-1,-1,-1,-1,-1,29,0.36,0.13,0.48,0.31,0.8,1.87,2.72,0,0,0,0,0,0,0,0,0,0,0,0,-0.08,-0.68,0,0,-0.41,2.28,2.31,9.2,15.69,0.85,1.73,4.94,8.83,8.35,6.04,0.05,-1.71,-2.79,-7.48,-0.43,0.987068,61,0.5,1.15,4.82,8.57,,,0.05,-1.78,-1.12,-5.05,8,0.997437,60
26-11-2025,NSE:AEROFLEX,EQ,2394.24,183.22,611618,1120.6065,3.85,3.8,13.65,2M,-0.62,-0.4,-0.32,0.22,5.49,-1.41,1.93,8.41,-1.09,1.44,31.61,-1,-1,-1,HV2Y,-1,EEP,-1,-1,-1,-1,-1,0.64,0.22,0.86,0.85,1.73,-1.56,0.16,0,0,0,0,0,0,-3.5,-4.94,-15.45,-30.65,-30.65,-3.5,-15.93,-17.08,-36.49,-29.9,-13.41,9.43,13.17,16.37,53.71,5.35,3.42,14.13,6.59,58.91,54.95,5.01,-1.84,3.66,-15.05,-7.47,0.986928,61,-0.71,-15.91,-10.51,0.09,,,5.01,-7.08,5.59,-20.03,8.36,0.99172,52
26-11-2025,NSE:GLAND,EQ,29919.77,1795.8,182941,3285.25448,2.51,2.51,7.51,2L,0.70,1.45,-2.34,-6.46,-6.81,-10.13,-8.09,14.92,18.07,0.49,0.32,-1,-1,-1,-1,-1,-1,-1,-1,-1,-1,-1,-0.76,-1.76,-2.47,-4.06,-6.28,9.01,2.99,0,0,1.59,0,0,0,-8.94,-11.22,-14.57,-14.57,-16.15,-8.94,-8.75,-7.66,-20.73,-31.3,-16.56,1.47,17.7,28.93,28.93,1.47,2.74,39.36,9.7,2.16,11.28,-7.29,-11.86,10.17,4.11,-8.42,0.986708,61,-5.6,-4.96,29.44,-19.59,,,-7.29,-4.5,20.26,-5.96,-15.58,0.993416,54
26-11-2025,NSE:QPOWER,EQ,6241.99,745.4,543827,4053.68646,5.79,5.51,4.52,M,0.05,-5.5,-20.36,-29.35,-33.28,-30.43,-10.35,40.88,NA,NA,NA,-1,-1,-1,HVQ,-1,-1,-1,-1,-1,-1,16,-5.73,-7.09,-11.97,-11.89,-21.33,,,0,0,49.21,0,0,22.22,-26.82,-30.29,-30.29,NA,NA,-26.82,-7.09,-6.93,NA,NA,NA,2.55,76.59,NA,NA,2.55,36.7,200.75,NA,NA,NA,-33.76,-14.12,36.13,0,0,0.986584,61,-24.25,26.96,,,,,-33.76,13.9,45.4,90.34,5.87,1.058947,94
26-11-2025,NSE:TRAVELFOOD,EQ,16986.65,1364.1,117694,1605.46385,3.04,2.99,9.86,,0.45,3.06,6.51,3.5,2.99,1.37,9.79,NA,NA,NA,NA,-1,-1,-1,-1,-1,-1,-1,-1,-1,-1,-1,2.38,0.77,3.17,-0.22,2.95,,,0,0,52.38,0,0,31.75,0,-1.78,NA,NA,NA,0,-4.72,NA,NA,NA,NA,13.33,NA,NA,NA,7.32,30.08,NA,NA,NA,NA,2.51,6.02,0,0,0,0.986445,61,2.74,14.69,,,,,2.51,3.7,98.98,-9.66,5.87,1.002261,65
26-11-2025,NSE:VGINFOTECH,SM,415.55,173.5,66940,116.1409,3.36,3.57,5.78,,1.85,-1.47,11.35,5.73,10.98,-7.49,1.27,0.43,NA,NA,NA,-1,-1,-1,-1,-1,-1,-1,-1,-1,-1,-1,2.3,1.75,4.13,-1.12,2.97,,,0,0,3.17,0,0,0,-2.39,-8.83,-13.79,NA,NA,-2.39,-23.25,-14.88,NA,NA,NA,12.96,12.96,NA,NA,12.96,0,10.3,NA,NA,NA,10.5,-2.5,-4.32,0,0,0.986434,61,12.96,-9.94,,,,,10.5,-14.22,-1.87,90.34,5.87,0.991496,52
26-11-2025,NSE:EBBETF0431,EQ,13373.83,1394.03,11131,155.16948,0.43,0.43,18.39,,-0.26,0.06,0.07,0.17,0.02,1.5,1.91,2.36,6.54,8.12,13.31,-1,-1,-1,-1,-1,-1,-1,-1,-1,9,-1,-0.08,0.14,0.06,0.49,0.55,2.21,2.83,0,0,0,0,0,0,-0.32,-0.4,-0.4,-0.4,-0.4,-0.32,-0.42,-0.48,-0.05,-0.16,-0.07,2.19,2.51,8.81,15.3,0.42,2.17,5.33,9.14,8.47,6.64,-0.46,-1.86,-2.39,-7.42,-0.79,0.986359,61,0.35,1.69,5.1,9.14,,,-0.46,-1.42,-0.56,-5.38,7.56,0.997088,60
26-11-2025,NSE:SUNFLAG,EQ,4610.01,255.3,175513,448.08469,3.32,3.36,4.97,2L,2.14,2.6,-5.15,-3.45,-3,-5.82,-11.75,-5.76,14.76,23.78,27.95,-1,-1,-1,HVQ,-1,HVQ,-1,-1,-1,-1,-1,0.84,-1.48,-0.63,-2.16,-2.74,-0.1,-2.84,0,0,0,0,0,0,-6.99,-8.07,-19.3,-19.3,-19.3,-6.99,-14.94,-9.82,-10.43,-27.81,-26.8,4.42,4.42,29.81,39.58,4.42,2.43,37.51,38.76,19.66,7.01,-3.48,-15.52,-10.51,0.8,14.87,0.98605,61,-3.28,-7.53,27.82,18.71,,,-3.48,-11.81,4.34,9.75,16.45,1.01037,74
26-11-2025,NSE:ITDC,EQ,5157.31,577.55,154529,892.48224,2.6,2.59,3.45,M,0.64,-1.43,-2.97,-6.14,-5.84,-4.94,6.06,-6.62,17.76,3,-7.87,-1,-1,HV2Y,-1,HV2Q,HV2Q,-1,-1,-1,-1,-1,-1.27,-1.41,-2.65,-2.57,-5.09,3.4,-1.75,0,0,9.52,0,0,1.59,-8.49,-14.16,-14.16,-19.3,-35.84,-8.49,-9.15,-14.29,-20.62,-47.24,-37.77,10.12,10.12,21.6,21.6,0.64,16.56,10.18,29.66,0,0,-6.32,2.29,-11.37,3.8,-5.91,0.985997,61,-6.04,5.23,-2.61,-20.62,,,-6.32,7.94,-14.52,13.21,-12.08,1.002058,65
26-11-2025,NSE:BBETF0432,EQ,10709.09,1310.35,7089,92.89071,0.31,0.32,10.82,,0.03,0.19,0.07,0.1,0.05,1.63,1.97,2.15,6.3,7.93,13.52,-1,-1,-1,-1,-1,-1,-1,-1,-1,16,-1,0.1,0.1,0.2,0.47,0.67,2.09,2.82,0,0,0,0,0,0,-0.03,-0.03,-0.03,-0.03,-0.03,-0.03,-0.07,-0.55,-0.24,-0.34,-0.17,2.31,2.58,8.9,15.7,0.35,2.25,5.16,9.62,8.94,7.04,-0.43,-1.8,-2.6,-7.66,-0.98,0.985898,61,0.21,1.9,4.68,9.62,,,-0.43,-1.39,-0.84,-5.42,7.62,0.996928,59
26-11-2025,NSE:LTGILTBEES,EQ,2685.5,29.24,2965924,867.23618,0.69,0.68,2.9,,0.17,0.21,0.14,0.58,0.72,1.16,2.29,1.06,5.81,8,13.03,-1,-1,-1,-1,-1,-1,-1,-1,-1,-1,-1,0.24,0.14,0.38,0.4,0.78,1.37,2.17,0,0,0,0,0,0,0,0,0,0,0,0,-0.1,-1.41,-0.03,-0.11,-0.15,2.63,2.63,8.86,15.39,0.86,1.9,3.74,9.21,8.72,6.2,0.24,-1.48,-3.69,-8.15,-0.91,0.985751,61,0.76,0.38,3.74,8.96,,,0.24,-1.73,-2.28,-4.86,8.19,0.997076,60
26-11-2025,NSE:KFINTECH,EQ,18780.35,1070.5,985901,10554.07021,2.78,2.79,6.1,2M,1.91,-1.06,-2.78,0.1,-9.19,0.92,-3.65,-0.81,25.1,3.72,42.73,-1,-1,HVQ,-1,-1,2,-1,-1,-1,-1,-1,-0.15,-1.06,-1.19,-1.02,-2.19,-1.05,-3.21,0,0,0,0,0,0,-8.88,-8.88,-20.57,-32.77,-32.77,-8.88,0,-17.67,-32.22,-49.64,-10.22,4.83,4.83,33.51,83.18,2.39,14.46,31.65,34.6,42.69,83.42,-9.67,-7.42,-5.56,11.14,-5.19,0.985646,61,-8.88,0.37,30.08,6.23,,,-9.67,1.76,1.72,16.04,-22.67,1.001244,64
26-11-2025,NSE:CNXSMALLCAP,IN,,17971.85,,,,,,,1.36,-0.58,-1.55,-2.16,-2.4,-0.54,0.34,1.37,15.6,2.09,17.39,0,0,0,0,0,0,0,-1,-1,-1,-1,,,,,,,,,,,,,,-2.93,-2.93,-6.1,-8.57,-8.57,,,,,,,,,,,,,,,,,-2.88,-3.43,-3.38,1.64,-6.82,0.98554,,,,,,,,-2.88,-0.64,0.02,4.76,-10.14,0.994892,
26-11-2025,NSE:DODLA,EQ,7332.24,1253.7,52256,655.13347,3.1,3.07,5.52,,4.11,4.28,3.39,0.77,-4.88,-8.31,-6.8,4.95,19.66,5.39,33.24,-1,-1,-1,-1,-1,-1,-1,-1,-1,-1,-1,3.1,-1.29,1.79,-5.23,-3.28,3.75,0.49,0,0,15.87,0,0,6.35,-4.09,-14.27,-14.28,-14.28,-14.28,-4.09,-10.08,-8.45,-9.63,-23.61,-10.05,5.92,5.93,27.56,56.24,5.92,3.38,36.24,21.25,25.53,47.82,-5.36,-10.57,0.2,5.7,-3.52,0.985522,61,-4.09,1.08,32.44,-2.69,,,-5.36,-5.14,9.99,5.81,-11.89,0.996515,59
26-11-2025,NSE:EXPLEOSOL,EQ,1722.69,1103.8,21907,241.80947,3.75,4.21,4.9,,4.09,1.08,10.93,9.19,7.76,9.82,3.81,5.35,10.38,-23.51,-15.25,EEP,EEP,HVQ,HV2Y,EEP,EEP,19.99,-1,-1,-1,-1,3.42,1.83,5.34,2.69,8.25,-1.43,6.73,0,0,0,0,0,0,-0.86,-0.86,-17.19,-27.99,-27.99,-0.86,-17.33,-20.35,-31.84,-35.47,-1.48,13.69,13.69,43.53,43.53,13.04,4.87,38.05,35.85,0,17.31,7.28,0.04,0.6,-3.58,-32.42,0.985342,61,8.19,-16.63,4.36,-20.62,,,7.28,-7.59,0.58,-4.34,-31.95,0.98037,36
26-11-2025,NSE:GAIL,EQ,121764.27,185.16,8247165,15270.45071,2.01,2,3.34,S,2.74,0.6,1.46,1.91,2.69,5,5,-4.76,11.39,-1.7,6.14,-1,-1,-1,-1,-1,-1,-1,-1,-1,-1,-1,1.22,0.37,1.59,1.16,2.78,0.34,3.13,0,0,0,0,0,0,-0.08,-0.08,-7.46,-12,-23.16,-0.08,-1.82,-12.09,-19.28,-31.91,-21.86,8.14,9.25,20.89,20.89,3.75,6.3,14.84,26.64,2.7,11.62,2.21,1.23,-9.51,-2.57,-10.61,0.985133,61,3.75,-1.82,7.56,-17.13,,,2.21,-0.94,-11.3,5.76,-8.9,0.993726,55
26-11-2025,NSE:EBBETF0433,EQ,6410.6,1271.25,8411,106.92484,0.35,0.36,6.3,,0.09,-0.23,-0.13,-0.14,0.18,1.55,1.83,1.43,6.26,7.72,13,-1,-1,-1,-1,-1,-1,-1,-1,-1,9,-1,-0.06,0.09,0.03,0.53,0.56,1.93,2.54,0,0,0,0,0,0,-0.3,-0.3,-0.3,-0.3,-0.3,-0.3,-0.09,-0.69,0,-0.27,-0.47,2.14,2.14,8.61,15.1,0.28,1.96,5.16,9.44,8.31,6.63,-0.3,-1.94,-3.32,-7.7,-1.19,0.985013,61,0.1,1.29,4.76,9.44,,,-0.3,-1.65,-1.43,-4.75,7.42,0.996717,59
26-11-2025,NSE:KALAMANDIR,EQ,2644.03,166.91,3862519,6446.93046,4.18,4.09,3.6,M,-0.13,-2,-6.13,-5.76,-17.36,5.91,-10.98,29.39,7.3,4.2,-7.87,-1,-1,HV2Y,HV2Y,EEP,-1,-1,-1,-1,-1,-1,-1.89,-1.74,-3.56,-0.39,-3.94,11.19,8.17,0,9.52,9.52,0,4.76,3.17,-16.69,-16.69,-16.69,-16.69,-22.17,-16.69,0,-1.72,-38.92,-32.33,-30.07,10.31,41.59,47.04,47.04,0.69,29.46,63.19,3.82,1.86,5.27,-17.84,-14.75,24.64,-6.66,-4.71,0.984827,61,-16.69,5.8,20.22,-31.29,,,-17.84,2.13,35.36,-40.95,2.52,1.004415,68
26-11-2025,NSE:SURANAT&P,EQ,286.05,20.37,175834,35.81739,4.31,4.13,5.01,L,-0.63,-3.24,-2.55,-5.11,-3.58,-8.54,6.28,1.37,6.68,5.2,21.94,-1,-1,HVY,-1,-1,-1,-1,-1,-1,-1,-1,-1.27,-1.29,-2.53,-3.63,-5.94,7.6,1.79,0,0,19.05,0,0,1.59,-7.99,-28.33,-28.33,-28.33,-31.07,-7.99,-25.76,-11.17,-21.65,-35.67,-34.65,9.81,13.23,16.67,41.46,2.72,17.29,9.34,15.06,32.01,34.1,-4.06,2.51,-3.38,-7.28,-3.71,0.984737,61,-7.99,10.82,-1.75,-7.97,,,-4.06,6.22,-6.26,-4.28,4.29,0.997332,60
26-11-2025,NSE:KIOCL,BE,22550.6,354.3,1348957,4779.35465,5.17,5.04,3.62,3L,4.99,-4.71,-11.29,-19.77,-23.75,-25.29,-19.39,20.65,29.33,1.1,-9.22,-1,-1,HV2Y,HV2Y,HVQ,HV2Y,-1,-1,-1,-1,-1,-2.11,-6.42,-8.02,-12.75,-18.42,23.21,6.24,0,0,41.27,0,0,11.11,-19.59,-43.55,-43.55,-43.55,-43.55,-19.59,-30.14,-4.78,-34.69,-49.05,-28.7,5.27,25.57,60.74,60.74,5.27,37.92,91.91,27.55,0,10.31,-24.23,-23.16,15.9,15.37,-7.81,0.984701,60,-19.59,28.82,62.75,-33.14,,,-24.23,0.21,32.51,1.28,-34.07,1.003045,67
26-11-2025,NSE:SDL26BEES,EQ,5034.16,134.58,61355,82.57156,0.72,0.72,8.14,,-0.43,0.22,0.64,0.39,0.39,1.04,1.6,3,5.05,7.1,11.28,-1,-1,-1,-1,-1,-1,-1,-1,-1,-1,21,0.18,0.14,0.32,0.31,0.63,1.85,2.52,0,0,4.76,0,0,4.76,-0.43,-0.43,-0.43,-0.43,-0.43,-0.43,-0.28,-0.26,-1.64,0,-1.12,1.79,3.09,7.24,12.78,0.66,1.64,4.1,5.91,7.34,5.02,-0.09,-2.17,-1.75,-8.91,-1.81,0.984695,60,0.61,1.38,3.86,5.91,,,-0.09,-2.09,0.4,-7.55,8.03,0.995892,58
26-11-2025,NSE:MEDICO,BE,439.82,49.8,397579,197.99434,4.55,4.46,12.03,,1.74,-4.22,-6.31,0.72,0.12,3.63,21.69,-7.75,-33.19,10.36,-59.94,-1,-1,HVQ,-1,HV2Q,-1,-1,-1,-1,-1,-1,-1.37,0.18,-1.19,3.66,2.56,-2.76,-0.2,0,57.14,34.92,0,28.57,12.7,-6.65,-6.65,-10.83,-36.22,-36.22,-6.65,-3.87,-40.67,-31.28,-25.56,-49.9,30.4,30.4,30.4,39.69,3.43,30.24,1.27,38.23,86.06,25.22,-0.36,17.92,-12.5,-47.15,1.45,0.984429,60,3.28,22.66,-38.04,35.68,,,-0.36,18.28,-38.61,-33.27,38.57,1.019201,80
26-11-2025,NSE:MAXHEALTH,EQ,109104.37,1162.6,3976507,46230.87038,2.6,2.6,5.04,,0.39,-0.15,5.07,2.08,-2.05,2.53,-5.06,0.28,10.7,14.83,37.47,-1,-1,-1,-1,-1,-1,-1,-1,-1,-1,-1,1.04,0.28,1.32,-0.19,1.13,-0.32,0.8,0,0,0,0,0,0,-2.26,-4,-10.67,-10.67,-10.67,-2.26,-7.35,-6.15,-4.08,-14.11,-8.31,8.74,8.74,20.56,59.16,6.13,10.96,26.66,35.93,42.82,36.21,-2.53,-8.83,-4.47,-3.26,5.92,0.984359,60,-1.45,-7.35,19.8,33.52,,,-2.53,-6.26,4.06,0.79,10.5,1.001444,64
26-11-2025,NSE:SPUNWEB,SM,352.03,157,49224,77.28168,3.71,3.95,3.68,,0.64,6.56,7.13,6.91,7.01,-0.96,4.46,NA,NA,NA,NA,-1,-1,-1,-1,-1,-1,-1,-1,-1,-1,-1,2.91,1.72,4.71,-0.21,4.49,,,0,0,0,0,0,0,-1.91,-7.46,NA,NA,NA,-1.91,-13.94,NA,NA,NA,NA,13.73,NA,NA,NA,12.14,9.16,NA,NA,NA,NA,6.53,0.69,0,0,0,0.984348,60,7.53,-1.91,,,,,6.53,-6.05,98.98,-9.66,5.87,0.995153,57
26-11-2025,NSE:SPCENET,BE,481.19,8.33,1211561,100.92303,5.61,5.66,3.65,2L,-0.83,-5.52,-7.56,-20.29,-30.49,14.05,39.26,0.12,9.48,-159.06,-229.53,-1,-1,HVQ,-1,-1,-1,-1,-1,-1,-1,-1,-4.16,-2.81,-6.78,2.41,-4.47,11.97,8.51,0,33.33,26.98,0,9.52,12.7,-24,-24,-24,-66.22,-76.43,-24,0,-44.09,-69.87,-80.16,-43.21,66.27,71.75,71.75,71.75,0,124.12,4.33,35.95,13.9,0,-30.97,35.49,-4.63,-4.48,-167.97,0.983906,60,-24,58.92,-31.44,-69.4,,,-30.97,50.14,-65.45,-0.28,-180.34,1.028988,84
26-11-2025,NSE:HNDFDS,EQ,6577.47,541.1,46438,251.27602,2.82,2.78,9.06,,-0.14,-0.4,-1.13,1.4,4.22,-0.02,1.9,0.48,5.6,1.61,10.3,-1,-1,-1,HVY,-1,-1,-1,-1,-1,-1,-1,-0.55,0.61,0.06,0.98,1.05,-0.96,0.09,0,0,0,0,0,0,-2.04,-2.04,-6.84,-9.59,-19.88,-2.04,-7.6,-11.31,-20.27,-24.37,-21.17,4.41,5.12,13.87,15.51,4.27,0.68,4.11,13.32,9.04,13.65,3.74,-1.87,-4.27,-8.36,-7.3,0.983886,60,4.27,-5.56,-8.3,-7.35,,,3.74,-5.73,-2.47,-4.52,1.64,0.992109,53
26-11-2025,NSE:RUBICON,EQ,12339.8,658.75,1681551,11077.21721,5.07,5.06,3.21,S,0.60,-5.51,4.78,0.93,10.46,NA,NA,NA,NA,NA,NA,-1,-1,-1,-1,-1,-1,NA,-1,-1,-1,-1,-1.65,2.59,0.97,,,,,40,28.57,21.43,0,9.52,7.14,-11.23,NA,NA,NA,NA,-11.23,NA,NA,NA,NA,NA,NA,NA,NA,NA,9.71,NA,NA,NA,NA,NA,9.98,0,0,0,0,0.983717,60,6.56,,,,,,9.98,96.69,-1.02,-9.66,5.87,1.003577,67
26-11-2025,NSE:SETF10GILT,EQ,3287.44,260.25,29377,76.45364,0.85,0.84,6.45,,0.06,0.13,0,0.26,0.47,0.59,1.9,0.55,5.1,7.83,12.56,-1,-1,-1,-1,-1,-1,-1,-1,-1,-1,-1,0.1,0.08,0.18,0.28,0.46,1.28,1.76,0,0,0,0,0,0,-0.3,-0.3,-0.3,-0.3,-0.3,-0.3,-0.42,-1.75,-0.05,-0.13,-0.45,2.29,2.29,8.44,14.86,0.56,1.81,3.73,9.53,9,5.87,-0.01,-1.87,-4.2,-8.86,-1.08,0.983687,60,0.56,0.17,3.56,9.06,,,-0.01,-1.87,-2.39,-5.09,8.74,0.996691,59
26-11-2025,NSE:NAVA,EQ,15678.27,527.9,376171,1985.80671,3.54,3.49,4.71,2L,2.42,-1.51,-3.27,-15.2,-16.13,-33.19,-27.31,14.12,28.33,11.47,52.17,-1,-1,-1,HV2Y,-1,-1,-1,-1,-1,-1,-1,-1.43,-4.2,-5.4,-10.39,-14.3,10.9,-3.82,0,0,36.51,0,0,23.81,-15.54,-26.4,-26.4,-26.4,-26.4,-15.54,-14.53,-0.47,-31.11,-42.51,-28.98,4.33,15.07,44.99,125.38,4.33,5.85,75.42,24.51,70.1,110.12,-16.61,-31.08,9.37,14.37,2.56,0.983637,60,-14.44,0.14,58.78,-2.81,,,-16.61,-12.93,31.52,6.88,-17.65,1.005888,69
26-11-2025,NSE:IIFLCAPS,EQ,9720.86,309.5,692989,2144.80096,3.96,4.26,3.76,3L,4.84,-2.6,-2.6,-8.42,-23.62,5.99,-4.02,10.93,28.16,-2.88,62.05,-1,-1,-1,-1,HVQ,-1,-1,-1,-1,-1,-1,0.15,-2.32,-2.13,0.37,-1.77,9.09,8.06,0,14.29,4.76,0,0,0,-17.11,-19.11,-19.11,-19.11,-30.38,-17.11,0,-10.18,-37.99,-49.98,-28.38,13.04,13.04,59.14,183.55,5.88,39.74,65.54,41.75,103.71,191.71,-24.1,-7.79,6.18,14.2,-11.79,0.983349,60,-17.11,24.71,44.99,5.97,,,-24.1,12.54,13.35,9.68,-37.33,1.00171,65
26-11-2025,NSE:PILANIINVS,EQ,5956.87,5141,6866,352.98106,3.1,3.22,4.15,S,0.42,-1.95,-2.25,-1.82,-10.3,-5.72,3.22,9.41,22.97,-21.85,36.04,-1,-1,-1,HV2Q,HVQ,-1,-1,-1,-1,-1,-1,-1.59,-1.05,-2.61,-1.66,-4.21,9.69,6.07,0,4.76,20.63,0,4.76,11.11,-10.19,-11.51,-11.51,-17.25,-31.78,-10.19,-2.39,-10.96,-38.2,-47.45,-16.87,5.65,9.23,54.65,63.55,0.88,16.53,49.67,40.09,25.98,99.28,-10.78,-0.55,4.66,9.01,-30.76,0.983345,60,-10.19,10.91,25.1,-16.58,,,-10.78,8.95,5.38,5.3,-52.31,0.988721,47
26-11-2025,NSE:NAVNETEDUL,EQ,3406.68,149.3,301681,450.40973,2.6,2.66,3.78,2L,0.68,-3.48,0.5,-4.75,-8.04,-5.53,-1.77,4.45,13.58,8.85,5.49,-1,-1,-1,EEP,-1,EEP,-1,-1,-1,-1,-1,-1.6,-1.25,-2.82,-1.92,-4.65,6.53,2.02,0,0,34.92,0,0,20.63,-9.48,-9.48,-9.48,-9.48,-13.72,-9.48,-1.56,-3.28,-11.22,-25.43,-21.35,0.68,9.48,15.71,15.71,0.68,18.29,16.05,10.56,0,3.81,-8.52,-5.54,-0.3,-0.38,-0.06,0.982766,60,-8.63,7.35,14.71,-11.22,,,-8.52,2.5,5.09,-0.11,0.4,0.998478,61
26-11-2025,NSE:LALPATHLAB,EQ,26452.96,3098.1,131430,4071.83283,2.68,2.7,2.81,,-1.41,-3.55,0.56,-1.79,-1.48,-6.66,-8.45,8.05,15.2,2.32,34.73,-1,-1,-1,-1,-1,-1,-1,-1,-1,-1,-1,-1.12,-0.08,-1.2,-0.94,-2.13,7.39,5.69,0,0,9.52,0,0,0,-4.82,-10.81,-10.81,-10.81,-14.07,-4.82,-9.48,-2.64,-20.99,-27.14,-16.07,1.64,13.18,34.09,54.05,1.11,3.9,45.42,23.3,30.64,50.47,-1.96,-12.22,3.3,1.24,-6.59,0.982706,60,0.21,2.18,28.59,-13.84,,,-1.96,-10.17,14.19,-1.88,-9.32,0.992434,53
26-11-2025,NSE:VMM,EQ,63671.33,135,9200954,12421.2879,2.91,2.88,6.96,M,0.80,-1.67,-2.62,-6.29,-9.56,-9.21,-10.29,7.22,24.97,NA,NA,-1,-1,-1,-1,EEP,-1,-1,-1,-1,-1,-1,-0.4,-2.1,-2.44,-4.35,-6.51,10.48,4.44,0,0,20.63,0,0,14.29,-8.39,-11.87,-11.87,NA,NA,-8.39,-3.45,-1.18,-3.44,NA,NA,3.12,9.86,NA,NA,3.12,11.41,49.73,25.96,NA,NA,-10.04,-14.06,2.47,11.01,0,0.982522,60,-8.14,5.7,41.49,,,,-10.04,-3.98,14.86,9.47,105.87,1.014337,77
26-11-2025,NSE:KRN,EQ,5053.33,829.3,336198,2788.09001,3.27,3.37,10.93,,0.34,-4.47,2.04,4.46,3.29,-3.15,-13.51,8.49,9.49,8.04,NA,-1,-1,-1,HV2Q,-1,-1,-1,-1,-1,-1,-1,0.71,0.32,1.04,-1.19,-0.15,-0.89,-1.03,0,0,6.35,0,0,0,-4.28,-8.6,-13.19,-14.53,NA,-4.28,-16.04,-1.5,-21.78,-22.64,NA,5.95,15.2,18.39,NA,5.95,0,33.91,79.65,77.69,NA,2.81,-17.28,3.74,-4.47,-0.87,0.982372,60,3.13,-4.74,10.17,,,,2.81,-20.68,18.36,-8.57,4.26,0.995632,58
26-11-2025,NSE:NATCOPHARM,EQ,14687.01,927.4,1107953,10275.15612,3.14,3.14,5.64,,11.20,10.49,11.33,11.6,11.04,7.89,5.67,5.26,10.01,-48.24,-3.05,HV2Y,HV2Y,-1,-1,EEP,-1,-1,-1,-1,-1,-1,8.84,1.57,10.58,0.85,11.53,-5.49,5.73,0,0,0,0,0,0,0,0,-10.4,-37.84,-41.78,0,-15.22,-15.48,-44.84,-47.61,-13.69,16.96,16.96,24.23,24.23,16.96,3.73,17.19,17.7,0,47.28,10.56,1.9,0.51,-3.95,-57.15,0.982358,60,12.21,-14.74,7.61,-43.36,,,10.56,-9.35,-1.45,-4.64,-58.86,0.972483,26
26-11-2025,NSE:INDSWFTLAB,EQ,730.46,96.23,73081,70.32585,3.92,3.87,5.94,L,2.33,0.82,-6.59,-5.59,-7.81,-7.7,-0.82,20.54,5.68,-6.73,-8.13,-1,-1,-1,HV2Q,HVQ,-1,-1,-1,-1,-1,-1,-1.47,-1.85,-3.26,-2.27,-5.41,5.25,-0.16,0,0,0,0,0,0,-7.69,-12.65,-19.91,-20.13,-45.55,-7.69,-5.83,-19.25,-51.54,-48.64,-41.88,2.94,21.1,37.22,37.22,2.33,10.99,38.34,9.03,0.92,8,-8.29,-4.59,15.79,-8.28,-15.64,0.982251,60,-6.8,-0.86,9.36,-41.62,,,-8.29,3.18,20.17,-28.36,-7.3,0.989755,49
26-11-2025,NSE:POLICYBZR,EQ,83961.98,1787.1,1622204,28990.40768,3.15,3.28,3.57,,1.20,-3.56,0.04,-2.01,2.11,2.9,-6.42,0.21,14.6,3.48,38.46,-1,EEP,-1,-1,-1,-1,-1,-1,-1,-1,-1,-0.28,0.56,0.28,1.55,1.86,1.79,3.72,0,0,0,0,0,0,-3.44,-4.15,-8.36,-19.35,-19.35,-3.44,-8.97,-2.47,-19.52,-31.13,-10.69,9.21,9.21,34.18,62.67,3.7,6.91,42.8,33.89,43.74,62.47,1.63,-10.19,-4.54,0.64,-5.43,0.982167,60,0.68,-1.8,25.8,5.14,,,1.63,-12.03,5.22,4.76,-7.16,0.993676,55
26-11-2025,NSE:C2C,ST,1114.96,617.75,31692,195.77733,4.74,4.67,6.46,M,5.00,-6.35,-10.34,-11.87,-11.61,-28.22,-27.12,31.36,12.66,NA,NA,-1,-1,-1,HVQ,-1,-1,-1,-1,-1,-1,-1,-3.2,-2.21,-5.29,-3.7,-8.67,15.74,8.38,0,0,12.7,0,0,4.76,-10.61,-29.1,-29.1,NA,NA,-10.61,-20.86,-4.49,-54.79,NA,NA,5.2,42.87,NA,NA,5,17.42,198.25,61.03,NA,NA,-12.09,-30.89,26.61,-1.3,0,0.982154,60,-8.48,10,53.2,,,,-12.09,-17.2,44.99,-36.91,105.87,1.016401,78
26-11-2025,NSE:AXISBPSETF,EQ,1107.75,13.03,264898,34.51621,2.24,2.23,2.07,,-0.23,0.15,0,0.08,-0.84,0.46,1.15,2.84,4.83,6.75,11.13,-1,-1,-1,-1,-1,-1,-1,-1,-1,-1,-1,-0.01,0.07,0.05,0.24,0.3,2.01,2.36,0,0,7.94,0,0,7.94,-0.38,-0.84,-0.84,-0.84,-0.84,-0.38,0,0,-0.16,0,-0.25,1.72,2.76,7.24,12.42,0.39,2.82,4.12,6.3,7.36,5.19,-1.32,-2.62,-1.91,-9.13,-2.16,0.982014,59,0,2.74,3.87,5.85,,,-1.32,-1.33,0.69,-7.61,7.89,0.995441,57
26-11-2025,NSE:KOLTEPATIL,EQ,3635.88,383.3,74777,286.62024,3.18,3.17,5.62,2L,-0.61,-4.76,-6.29,-12.99,-13.33,-20.66,-15.56,-6.5,32.64,8.7,-11.83,-1,-1,-1,HVQ,EEP,-1,-1,-1,-1,-1,-1,-3.48,-2.87,-6.17,-5.21,-10.82,7.83,-3.24,0,0,1.59,0,0,0,-13.52,-18.9,-22.16,-22.16,-31.39,-13.52,-8.08,-10.04,-11.52,-53.79,-37.36,0,0,53.38,53.38,0,7.97,77.25,63.35,0,0.09,-13.81,-19.33,-11.25,18.68,-0.21,0.981842,59,-11.95,-2.4,65.93,0.06,,,-13.81,-5.28,6.83,27.09,-29.66,1.010402,74
26-11-2025,NSE:LIQUID1,EQ,1317.55,1079.57,376755,4067.33395,0.12,0.13,11.97,,0.01,0.1,0.2,0.29,0.42,0.89,1.31,2.55,4.04,5.53,7.37,-1,-1,-1,-1,-1,-1,-1,-1,-1,8,-1,0.08,0.11,0.2,0.31,0.51,1.57,2.11,0,0,7.94,0,0,7.94,0,0,0,0,0,0,0,0,0,0,0,1.3,2.61,5.8,7.96,0.41,1.31,2.85,4.76,3.59,1.99,-0.06,-2.46,-2.2,-9.92,-3.38,0.981733,59,0.41,1.31,2.85,4.76,,,-0.06,-2.42,0.24,-8.13,7.42,0.994384,56
26-11-2025,NSE:HDFCSML250,EQ,1503.23,169.69,1234787,2095.31006,1.99,1.97,2.59,,1.19,-0.55,-1.73,-2.7,-2.94,-1.74,-1.24,1.33,15.42,0.68,17.58,-1,-1,-1,-1,-1,-1,-1,-1,-1,-1,-1,-0.13,-0.63,-0.76,-0.68,-1.43,3.94,2.62,0,0,0,0,0,0,-3.24,-3.66,-6.45,-8.77,-9.17,-3.24,-0.83,-5.29,-10.38,-23.18,-9.79,2,2,22.57,22.98,1.38,5,24.09,20.95,4.07,22.2,-3.42,-5.01,-3.42,1.46,-8.23,0.981716,59,-2.67,-0.23,16.99,-7.63,,,-3.42,-1.66,1.51,4.62,-11.55,0.993341,54
26-11-2025,NSE:LIQUIDPLUS,EQ,325.3,1061.17,93010,986.99422,0.02,0.04,1.76,,0.01,0.1,0.19,0.29,0.42,0.89,1.3,2.55,4.03,5.51,NA,-1,-1,-1,-1,-1,-1,-1,0,0,-1,-1,0.08,0.11,0.2,0.31,0.5,1.57,2.11,0,0,7.94,0,0,7.94,0,0,0,0,NA,0,0,0,0,0,NA,1.29,2.6,5.77,NA,0.4,1.32,2.84,3.27,1.7,NA,-0.06,-2.47,-2.2,-9.93,-3.4,0.981696,59,0.4,1.32,2.84,,,,-0.06,-2.42,0.25,-8.14,7.41,0.994367,56
26-11-2025,NSE:FILATEX,EQ,2472.28,54.04,1579998,853.83092,3.59,3.53,5.69,S,1.69,0.02,-7.36,-19.13,-10.62,-0.13,1.65,7.48,23.63,-18.6,-0.2,-1,-1,-1,HVQ,-1,-1,-1,-1,-1,-1,-1,-1.65,-2.15,-3.73,0.12,-3.61,9.11,6.05,0,14.29,4.76,0,4.76,1.59,-16.69,-16.69,-16.69,-24.26,-24.26,-16.69,0,-14.8,-29.92,-42.88,-11.29,8.64,8.64,52.05,52.05,1.69,20.18,49.55,40.69,0,26.16,-11.1,-2.12,2.73,9.67,-27.51,0.981656,59,-12,0.66,22.98,-18.42,,,-11.1,7.78,4.91,7.8,-49.42,0.990032,50
26-11-2025,NSE:LIQUIDCASE,EQ,6214.41,111.55,9628562,10740.66091,0.07,0.08,5.55,,0.01,0.1,0.19,0.29,0.41,0.89,1.29,2.52,3.98,5.44,9.33,-1,-1,-1,-1,-1,-1,-1,0,-1,-1,12,0.08,0.11,0.19,0.3,0.5,1.55,2.08,0,0,6.35,0,0,6.35,0,0,0,0,0,0,0,0,0,0,0,1.27,2.57,5.69,10.27,0.41,1.29,2.81,4.66,6.15,4.54,-0.07,-2.48,-2.23,-9.98,-3.47,0.981541,59,0.41,1.29,2.81,4.66,,,-0.07,-2.43,0.22,-8.16,7.39,0.994301,56
26-11-2025,NSE:ALPL30IETF,EQ,1694.99,27.95,1473219,411.76471,1.17,1.17,6.13,,1.30,0.5,0.68,1,-0.07,1.97,1.9,2.33,7.69,0.82,5.86,-1,-1,-1,-1,-1,-1,-1,-1,-1,-1,-1,0.68,0.1,0.78,0.46,1.25,2.3,3.63,0,0,0,0,0,0,-0.25,-0.36,-0.36,-4.54,-13.92,-0.25,-0.29,-2.07,-15.92,-20.54,-14.63,4.14,4.68,14.97,921.94,1.71,4.76,12.79,12.3,843.33,913.53,-0.55,-1.87,-2.42,-6.27,-8.09,0.98151,59,0.22,2.34,6.57,-11.33,,,-0.55,-1.34,-0.58,-4.17,-1.57,0.991801,52
26-11-2025,NSE:LIQUIDADD,EQ,2065.22,1101.73,622530,6858.59977,0.03,0.04,5.16,,0.01,0.1,0.19,0.28,0.41,0.87,1.28,2.5,3.96,5.41,NA,-1,-1,-1,-1,-1,-1,-1,0,0,-1,-1,0.08,0.11,0.19,0.3,0.49,1.54,2.07,0,0,6.35,0,0,6.35,0,0,0,0,NA,0,0,0,0,0,NA,1.27,2.55,5.67,NA,0.4,1.29,2.79,4.65,5.55,NA,-0.07,-2.49,-2.25,-10,-3.5,0.981458,59,0.4,1.29,2.79,4.65,,,-0.07,-2.44,0.21,-8.16,7.39,0.994271,56
26-11-2025,NSE:VENTIVE,EQ,17550.65,742.1,100943,749.098,2.64,2.67,7.02,M,1.96,1.62,2.47,0.57,-0.18,-1.8,0.63,-2.03,13.25,NA,NA,-1,-1,-1,HVQ,-1,-1,-1,-1,-1,-1,-1,1.74,-0.24,1.5,-0.49,1,0.41,1.42,0,0,0,0,0,0,-1.48,-4.77,-10.11,NA,NA,-1.48,-4.99,-10.68,-4.54,NA,NA,6.71,9.83,NA,NA,5.76,6.89,32.29,35.84,NA,NA,-0.66,-3.14,-6.78,-0.71,0,0.981396,59,-0.54,-2.31,14.27,,,,-0.66,-2.5,-3.7,5.32,105.87,1.002913,66
26-11-2025,NSE:METROPOLIS,EQ,10257.88,1941,75998,1475.12118,2.25,2.29,5.14,,-0.57,-0.07,-1.74,-4.63,-0.63,-7.27,-12.68,13.97,15.13,-3.85,17.88,-1,-1,-1,HVY,-1,-1,-1,-1,-1,-1,-1,-0.58,-0.44,-1.02,-1.48,-2.46,7.38,5.31,0,0,14.29,0,0,12.7,-4.42,-13.22,-13.22,-13.22,-15.19,-4.42,-12.67,0,-27.04,-28.02,-11.92,1.89,17.48,30.39,30.39,0.62,2.53,46.92,12.17,4.11,27.39,-1.11,-16.45,9.22,1.17,-12.76,0.981368,59,-0.16,-0.79,32.68,-20.48,,,-1.11,-15.29,22.63,-8.32,-16.49,0.989573,49
26-11-2025,NSE:LIQUIDBETF,EQ,616.69,1058.19,399043,4222.63312,0.04,0.06,1.74,,0.01,0.1,0.19,0.27,0.4,0.84,1.25,2.47,3.92,5.37,NA,-1,-1,-1,-1,-1,-1,-1,1,0,-1,-1,0.08,0.11,0.19,0.29,0.48,1.52,2.04,0,0,6.35,0,0,6.35,0,0,0,0,NA,0,0,0,0,-1.29,NA,1.24,2.51,5.62,NA,0.39,1.27,2.78,3.26,1.72,NA,-0.08,-2.52,-2.28,-10.04,-3.54,0.98131,59,0.39,1.27,2.78,3.21,,,-0.08,-2.45,0.21,-8.17,7.38,0.994219,55
26-11-2025,NSE:MAMATA,EQ,1068.1,420.7,458205,1927.66844,2.91,2.92,4.3,2M,2.22,-0.4,0,-7.42,-5.41,-17.34,2.52,4.68,11.16,NA,NA,-1,-1,-1,HVQ,-1,HV2Y,-1,-1,-1,-1,-1,0.08,-1.54,-1.44,-4.36,-5.56,6.28,0.77,0,0,0,0,0,0,-6.9,-15.76,-19.98,NA,NA,-6.9,-15.65,-22,-36.35,NA,NA,6.61,6.67,NA,NA,2.91,12.38,23.08,20.35,NA,NA,-5.89,-1.25,-0.07,-2.8,0,0.981301,59,-4.65,-14.16,5.76,,,,-5.89,4.21,1.2,-2.86,105.87,1.001121,64
26-11-2025,NSE:DCMSRIND,EQ,1427.54,171.19,150555,257.7351,3.29,3.44,8.3,,-0.16,2.93,6.38,0.24,-1.38,0.91,6.23,-4.99,12.83,-4.68,-2.46,-1,-1,-1,-1,HVQ,HV2Y,-1,-1,-1,-1,-1,2.21,0.27,2.49,-0.86,1.62,0.18,1.8,0,0,0,0,0,0,-2.41,-2.95,-5.3,-18.59,-27.66,-2.41,-1.62,-13.6,-14.52,-36.94,-24.27,9.61,9.61,19.45,19.45,9.61,10.86,12.02,25.42,0,8.09,-1.86,2.46,-9.74,-1.13,-13.59,0.981155,59,0.08,2.89,5.02,-11.51,,,-1.86,4.19,-12.99,7.31,-14.22,0.993516,55
26-11-2025,NSE:GODAVARIB,EQ,1330.58,253.35,132431,335.51394,3.92,3.86,6.27,2M,1.42,0.08,-2.27,-5.68,-3.34,-6.89,-3.95,-3.51,28.06,-16.26,NA,-1,-1,-1,HVQ,HVQ,-1,-1,-1,-1,-1,-1,0,-1.36,-1.34,-2.3,-3.56,9.56,6.64,0,0,0,0,0,0,-8.17,-15.49,-26.31,-35.58,NA,-8.17,-18.1,-23.4,-33.31,-53.66,NA,9.09,9.09,71.93,NA,3.92,12.72,78.71,77.96,0,NA,-3.82,-7.72,-8.26,14.1,-25.17,0.981096,59,-7.23,-16.8,50.24,,,,-3.82,-3.9,-0.6,20.84,-55.75,0.994486,56
26-11-2025,NSE:KAYNES,EQ,41561.49,5796.5,564740,32735.1541,3.11,3.09,3.57,L,0.33,-3.06,-10.99,-14.87,-16.23,-28.59,-7.5,-3.13,31.83,-0.24,54,-1,-1,-1,EEP,-1,-1,-1,-1,-1,-1,-1,-3.28,-4.08,-7.07,-8.61,-14.44,13.66,-0.91,0,0,47.62,0,0,31.75,-16.22,-23.66,-23.66,-23.71,-23.71,-16.22,-11.27,-2.2,-21.32,-47.99,-1.07,0.33,5.86,46.68,136.62,0.33,22.12,54.57,51.28,61.31,137.17,-16.71,-11.27,-7.88,17.87,-9.15,0.981032,59,-15.28,18.34,47.93,18.98,,,-16.71,4.2,3.05,24.24,-41.16,1.006227,69
26-11-2025,NSE:OCCLLTD,EQ,529.47,104.52,92346,96.52004,5.62,5.28,7.59,2M,0.97,-1.76,-0.57,-8.75,-24.67,-28.47,-29.11,17.54,24.96,18.5,NA,-1,-1,-1,HVQ,-1,HV2Y,-1,-1,-1,-1,-1,-0.97,-4.06,-4.83,-10.81,-14.11,10.26,-4.3,0,0,0,0,0,0,-23.62,-26.11,-31.48,-31.48,NA,-23.62,-14.57,-11.53,-24.85,-31.62,NA,1.6,12.45,60.33,NA,1.6,5.99,107.01,32.21,2.95,NA,-25.15,-32.88,12.79,11,9.59,0.98102,59,-22.01,-4.43,71.91,,,,-25.15,-6.87,35.11,-0.66,-2.74,1.012061,75
26-11-2025,NSE:TEXINFRA,EQ,1267.89,102.79,188156,193.40555,3.36,3.29,6.56,,1.06,6.25,2.29,1.01,1.24,8.1,5.73,-0.51,13.05,-15.5,9.57,-1,-1,-1,-1,-1,HVQ,-1,-1,-1,-1,-1,2.76,0.75,3.54,2.22,5.89,-2.77,3.04,0,0,0,0,0,0,-0.29,-0.29,-4.1,-33.73,-33.73,-0.29,0,-13.94,-33.4,-42.38,-19,12.82,12.82,15,16.54,7.34,11.43,4.95,15.59,1.86,35.29,0.76,1.96,-5.26,-0.91,-24.41,0.980988,59,-0.03,3.09,0.99,-26.42,,,0.76,1.24,-7.64,3.82,-26.96,0.986362,44
26-11-2025,NSE:BAJAJINDEF,EQ,1156.96,333.3,33963,113.19868,4.46,4.4,4.84,M,-0.06,-4.19,-11.87,-11.36,-16.61,-16.5,-11.16,32.44,NA,NA,NA,-1,-1,-1,HV2Y,-1,-1,-1,-1,-1,-1,-1,-3.97,-3.66,-7.36,-5.57,-12.25,,,0,0,0,0,0,0,-15.66,-21.62,-39.69,NA,NA,-15.66,-10.1,-32.96,NA,NA,NA,0,39.61,NA,NA,0,13.97,77.64,NA,NA,NA,-17.09,-14.93,27.69,0,0,0.980861,59,-13.06,-4.81,,,,,-17.09,1.36,38.2,90.34,5.87,1.033432,86
26-11-2025,NSE:SILVERAG,EQ,498.96,154.55,650381,1005.16384,2.42,2.97,5.76,,1.49,1.05,0.87,7.86,8.34,14.4,NA,NA,NA,NA,NA,-1,-1,-1,-1,-1,-1,-1,-1,-1,-1,-1,1.98,0.98,2.99,2.78,5.94,,,0,0,38.89,0,0,33.33,-3.64,NA,NA,NA,NA,-3.64,NA,NA,NA,NA,NA,NA,NA,NA,NA,12.86,NA,NA,NA,NA,NA,7.86,0,0,0,0,0.980589,59,12.86,,,,,,7.86,96.69,-1.02,-9.66,5.87,1.000385,63
26-11-2025,NSE:GULFOILLUB,EQ,5939.56,1187.8,49667,589.94463,2.26,2.23,6.1,3L,0.75,1.53,-3.27,-6.44,-2.91,-4.56,-5.14,0.67,9.65,12.64,24.28,-1,-1,-1,-1,-1,EEP,-1,-1,-1,-1,-1,0.13,-1.17,-1.03,-2.04,-3.01,1.73,-1.3,0,0,22.22,0,0,20.63,-6.05,-9.54,-9.54,-9.54,-19.65,-6.05,-6.91,-3.14,-20.19,-27.4,-29.81,2.78,3.49,22.41,35.55,2.78,5.42,19.88,21.58,23.32,19.24,-3.39,-8.91,-4.08,-4.31,3.73,0.980371,58,-2.83,-0.54,8.6,-16.44,,,-3.39,-5.47,4.51,-0.62,9.18,0.999223,62
26-11-2025,NSE:AMBUJACEM,EQ,138595.14,550,1809435,9951.8925,1.86,1.86,5.45,2M,0.76,-0.96,-2.28,-3.16,-1.86,-5.94,-5.64,-2.31,11.5,11.97,-9.23,-1,-1,-1,-1,-1,-1,-1,-1,-1,-1,-1,-0.46,-0.81,-1.26,-1.62,-2.84,1.99,-0.87,0,0,0,0,0,0,-4.71,-7.03,-11.37,-11.37,-20.86,-4.71,-9.32,-6.37,-11.25,-29.96,-30.34,0.99,3.23,18.29,18.29,0.99,0.95,24.96,21.02,0.54,0,-2.34,-9.41,-7.06,-2.46,3.06,0.979877,58,-0.88,-8.62,21.07,-10.94,,,-2.34,-7.01,2.13,3.84,6.4,0.999175,62
26-11-2025,NSE:APOLLOHOSP,EQ,107622.82,7393,315576,23330.53368,1.51,1.52,8.62,M,0.85,-0.89,-1.42,-5.65,-6.12,-3.39,-6.2,4.32,13.74,8.8,19.07,-1,-1,-1,EEP,-1,-1,-1,-1,-1,-1,-1,-0.46,-1.26,-1.7,-1.87,-3.51,6.27,2.95,0,0,20.63,0,0,12.7,-6.19,-7.73,-7.73,-7.73,-7.73,-6.19,-2.08,-0.95,-4.88,-14.25,-9.19,0.85,8.52,22.15,28.21,0.85,10.74,29.71,16.87,10.59,16.93,-6.6,-9.97,-0.43,-0.22,-0.11,0.979867,58,-6.19,5.05,22.24,3.56,,,-6.6,-3.38,8.88,0.19,0.14,0.996862,59
26-11-2025,NSE:CORDSCABLE,EQ,235.29,185.8,26592,49.40794,5.09,4.97,4.56,,1.72,3.22,9.37,-0.53,5.21,4.69,0.82,-4.5,7.95,-1.66,16.15,-1,-1,-1,-1,-1,HV2Q,-1,-1,-1,-1,-1,1.57,0.6,2.18,1.17,3.39,-1.55,1.82,0,0,0,0,0,0,-3.98,-3.98,-10.18,-22.55,-31.12,-3.98,-14.28,-13.77,-19.07,-36.6,-29.98,10.34,10.34,23.41,23.41,10.34,3.05,22.4,28.97,15.71,27.8,4.73,-2.95,-9.25,-6.01,-10.57,0.979707,58,0.79,-14.28,2.61,-12.09,,,4.73,-7.94,-6.39,2.26,-4.58,0.990745,50
26-11-2025,NSE:SRF,EQ,84000.87,2809.8,421448,11841.8459,1.98,2.02,7.53,2L,0.57,0.83,-4.68,-4.69,-7.46,-3.46,-3.63,-2.51,2.45,23.71,13.57,-1,-1,-1,-1,-1,EEP,-1,-1,-1,-1,-1,-0.93,-1.6,-2.49,-2.21,-4.6,-0.78,-5.34,0,0,0,0,0,0,-7.2,-11.92,-14.5,-14.5,-14.5,-7.2,-5.35,-11.4,-5.74,-7.71,-19.68,0.84,0.84,29.89,31.08,0.84,7.91,7.24,34.36,27.87,0,-7.94,-7.4,-7.26,-11.51,14.8,0.979553,58,-7.2,-0.7,6.73,13.71,,,-7.94,0.26,0.06,-4.83,27.67,1.01114,74
26-11-2025,NSE:DPABHUSHAN,EQ,3593.11,1529,28891,441.74339,4.25,4.22,3.39,,-0.64,-5.74,4.78,0.84,10.24,1.02,-4.23,5.79,-3.92,-1.33,49.78,-1,-1,-1,-1,-1,-1,-1,-1,-1,-1,-1,-1.32,1.96,0.65,2.85,3.6,-2,1.58,0,0,0,0,0,0,-6.94,-6.94,-9.17,-16.17,-17.57,-6.94,-18.23,-5.32,-22.34,-14.34,-16.48,12.22,12.22,16.87,95.36,12.22,0,21.81,11.59,125.16,119.54,9.76,-8,1.04,-17.88,-10.24,0.979528,58,12.22,-18.23,1.46,5.45,,,9.76,-19.44,8.59,-19.97,8.37,0.989092,47
26-11-2025,NSE:NLCINDIA,EQ,35511.76,246.9,2386386,5891.98703,2.81,2.78,7.75,2L,2.85,-2.05,-5.43,-6.16,-5.51,-13.55,5.82,3.43,8.11,-2.47,15.31,-1,-1,-1,-1,-1,EEP,-1,-1,-1,-1,-1,-1,-1.94,-2.88,-3.92,-6.55,9.02,2.72,0,0,30.16,0,0,23.81,-6.44,-13.47,-13.47,-13.47,-16.16,-6.44,-8.7,-9.69,-17.61,-22.96,-14.09,9.66,11.16,27.08,27.08,2.85,15.7,13.81,22.72,16.77,25.15,-5.99,2.05,-1.32,-5.85,-11.38,0.979474,58,-5.07,8.9,1.36,-12.23,,,-5.99,7.43,-3.56,-4.81,-5.65,0.992159,53
26-11-2025,NSE:DABUR,EQ,92941.37,517.2,2817176,14570.43427,2.05,2.04,4.59,S,0.54,-0.07,-0.99,0.03,1.96,-0.12,-0.27,6.4,0.4,2.21,-1.81,-1,-1,-1,-1,-1,-1,-1,-1,-1,-1,-1,-0.01,0.38,0.37,1.06,1.45,1.39,2.87,0,0,19.05,0,0,12.7,-1.5,-6.42,-6.42,-6.42,-22.52,-1.5,-8.26,-3.07,-27.48,-22.83,-24.24,7.72,11.2,14.58,14.58,6.08,5.6,14.89,7.24,4.03,2.13,1.48,-4.04,1.65,-13.56,-6.7,0.979444,58,2.74,-0.84,2.81,-25.08,,,1.48,-5.59,5.63,-16.07,7.69,0.991187,51
26-11-2025,NSE:GICRE,EQ,69298.8,392.5,671148,2634.2559,2.13,2.11,9.83,,2.71,1.13,1.43,4.24,1.67,7.54,3.36,-6.09,3.71,6.62,14.97,-1,-1,-1,-1,-1,HV2Y,-1,-1,-1,-1,-1,1.75,0.31,2.07,1.56,3.69,-3.27,0.41,0,0,0,0,0,0,-0.66,-0.66,-4.73,-21.66,-21.66,-0.66,-3.39,-14.83,-16.89,-24.56,-14.76,9.12,9.12,9.12,22.27,4.96,7.3,4.49,19.41,19.08,15.47,1.19,-0.41,-10.84,-10.25,-2.29,0.979391,58,2.37,3.29,-1.13,2.31,,,1.19,-1.59,-10.8,-0.43,8.9,0.996812,59
26-11-2025,NSE:ONGC,EQ,312431.23,247.7,9094170,22526.25909,1.78,1.8,4.82,S,0.96,-0.52,-2.48,-1.88,-2.25,3.71,4.42,1.28,4.48,2.24,-4.46,-1,-1,-1,-1,-1,-1,-1,-1,-1,-1,-1,-0.05,-0.31,-0.36,0.99,0.64,1.86,2.55,0,42.86,17.46,0,23.81,11.11,-3.82,-3.82,-3.82,-8.71,-27.52,-3.82,-0.66,-7.8,-26.07,-30.77,-29.14,7.08,7.08,12.67,12.67,0.96,9.48,7.7,11.24,2.65,2.48,-2.73,0.65,-3.47,-9.48,-6.67,0.979238,58,-1.13,5.4,-0.65,-24.61,,,-2.73,3.21,-4.31,-6.41,3.52,0.993488,55
26-11-2025,NSE:EIFFL,EQ,564.62,221.89,17355,38.50901,2.48,2.46,6.7,M,-0.82,-2.44,-3.19,-3.87,-3.62,-2.79,-6.36,1.61,15.87,4.84,42.92,-1,-1,-1,HV2Q,-1,-1,-1,-1,-1,-1,-1,-1.9,-0.58,-2.47,-0.48,-2.93,4.46,1.6,0,0,0,0,0,0,-4.6,-6.89,-18.03,-18.03,-18.03,-4.6,-6.86,-12.82,-2.41,-16.55,-5.61,2.09,5.13,27.53,73.55,0,5.78,35.18,27.66,47.4,66.73,-4.1,-10.13,-3.14,1.91,-4.07,0.979169,58,-4.6,-6.73,21.21,21.03,,,-4.1,-5.95,6.48,4.83,-7.24,0.994709,56
26-11-2025,NSE:SHRINGARMS,EQ,2092.58,226.46,2820377,6387.02575,3.55,3.5,5.21,,1.41,0.25,3.41,-1.26,7.31,16.26,NA,NA,NA,NA,NA,-1,-1,-1,-1,-1,-1,NA,-1,-1,-1,-1,1.35,1.66,3.06,,,,,100,85.71,79.17,0,28.57,41.67,-2.49,NA,NA,NA,NA,-2.49,NA,NA,NA,NA,NA,NA,NA,NA,NA,7.55,NA,NA,NA,NA,NA,6.83,0,0,0,0,0.979116,58,7.55,,,,,,6.83,96.69,-1.02,-9.66,5.87,0.998883,61
26-11-2025,NSE:VEEDOL,EQ,2993.44,1660.3,31445,522.08134,2.26,2.25,4.81,2L,1.98,-2.46,-5.43,-6.68,-5.15,-14.08,1.85,0.8,14.55,-2.71,12.58,-1,-1,HV2Y,-1,-1,-1,-1,-1,-1,-1,-1,-1.16,-2.06,-3.16,-5,-7.77,9.02,1.38,0,0,26.98,0,0,6.35,-6.28,-16.26,-16.26,-16.26,-39.1,-6.28,-11.94,-6.28,-38.18,-47.95,-37.44,2.79,2.79,22.38,22.38,2.29,8.08,20.12,21.41,1.94,22.52,-5.63,-1.92,-3.95,0.59,-11.62,0.97911,58,-6.14,4.71,9.39,-35.45,,,-5.63,3.35,-2.09,4.2,-14.32,0.99244,53
26-11-2025,NSE:METROBRAND,EQ,29821.79,1175.2,64029,752.46881,2.88,2.85,5.12,M,1.77,5.72,4.41,3.81,-0.2,-8.59,2.54,-2.12,5.45,4.58,8.21,-1,-1,-1,-1,-1,-1,-1,-1,-1,-1,-1,2.95,-0.12,2.82,-4.25,-1.37,2.5,1.16,0,0,22.22,0,0,6.35,0,-11.05,-11.05,-11.05,-15.05,0,-10.88,-8.33,-12.55,-19.68,-18.95,7.78,7.78,16.22,16.22,7.78,7,13.27,18.68,8.01,9,-0.68,-1.23,-6.87,-8.51,-4.33,0.979095,58,2.58,-3.29,-1.1,-12.55,,,-0.68,-0.58,-5.8,-2.25,4.96,0.994666,56
26-11-2025,NSE:GRASIM,EQ,190470.74,2744,544516,14941.51904,1.68,1.82,14.18,S,2.13,-0.03,-0.85,-5.03,-6.56,-2.31,-2.46,4.73,10.23,7.62,19.93,-1,-1,-1,-1,-1,-1,-1,-1,-1,-1,-1,0.08,-1.08,-0.99,-1.4,-2.36,3.99,1.69,0,0,12.7,0,0,0,-7.26,-7.26,-7.26,-7.26,-7.26,-7.26,0,-2.49,-7.46,-13.38,-10.86,2.13,8.71,19.92,26.6,2.13,8.63,21.88,14.25,14.62,17.95,-7.04,-6.23,-0.02,-3.73,-1.29,0.979082,58,-6.44,7.95,14.14,-5.12,,,-7.04,0.54,5.99,-3.88,2.96,0.996213,58
26-11-2025,NSE:LLOYDSME,EQ,66332.48,1241,315512,3915.50392,2.91,2.86,5.2,L,4.39,-1.92,-6.12,-6.2,-6.99,-4.98,-8.05,-9.39,8.3,26.27,54.56,-1,-1,-1,EEP,-1,EEP,-1,-1,-1,-1,-1,-0.17,-2.06,-2.19,-2.38,-4.46,-1.95,-6.29,0,0,0,0,0,0,-6.04,-8.11,-21.9,-21.9,-21.9,-6.04,-12.55,-15.61,-6.36,-21.5,-9.95,4.39,4.39,35.9,119.26,4.39,8.38,38.15,83.45,110.6,69.33,-7.47,-11.82,-14.14,-5.66,17.36,0.978929,58,-5.91,-11.74,14.42,74.81,,,-7.47,-4.3,-2.26,6.51,25.47,1.013564,76
26-11-2025,NSE:DBL,EQ,7391.24,467.4,538349,2516.24323,3.75,3.74,3.94,L,-0.21,7.6,-1.73,-9.48,-2.76,-14.33,-1.63,-4.67,11.88,8.66,13.2,-1,-1,HV2Q,HVQ,-1,-1,-1,-1,-1,-1,-1,2.31,-2.13,0.18,-6.65,-6.06,4.17,-1.98,0,0,9.52,0,0,3.17,-8.66,-18.78,-18.78,-18.78,-18.96,-8.66,-16.53,-12.13,-15.17,-28.59,-25.98,8.7,8.7,23.8,23.8,8.7,4.7,15.45,29.59,9.08,12.61,-3.24,-5.4,-9.42,-2.08,-0.25,0.978919,58,-2.9,3.39,8.19,-6.16,,,-3.24,-2.21,-4.02,6.16,2.22,0.998323,61
26-11-2025,NSE:MIDWESTLTD,EQ,4624.97,1198.4,390150,4675.5576,4.37,4.47,4.84,,0.90,-0.94,8.39,6.78,7.08,NA,NA,NA,NA,NA,NA,-1,-1,-1,-1,-1,-1,NA,-1,-1,-1,-1,0.47,2.96,3.54,,,,,100,33.33,30.43,0,4.76,4.35,-5.9,NA,NA,NA,NA,-5.9,NA,NA,NA,NA,NA,NA,NA,NA,NA,12.94,NA,NA,NA,NA,NA,6.6,0,0,0,0,0.97879,58,12.94,,,,,,6.6,96.69,-1.02,-9.66,5.87,0.99855,61
26-11-2025,NSE:CAMS,EQ,19625.82,3933.8,346569,13633.33132,2.38,2.51,9.01,,1.01,0.12,-0.77,3.37,-0.8,1.29,2.39,-1.08,16.67,-15.23,23.87,-1,-1,-1,-1,-1,-1,-1,-1,-1,-1,-1,0.22,0.41,0.63,0.6,1.24,1.05,2.31,0,0,0,0,0,0,-2.01,-4.07,-8.36,-25.44,-25.44,-2.01,-3.3,-10.56,-24.64,-37.87,-6.57,7.55,7.94,25.52,39.23,5.19,8.81,22.51,26.88,19.42,65.14,-1.28,-1.38,-5.83,2.71,-24.14,0.978022,58,-1.29,-1.71,13.9,-9.38,,,-1.28,-0.14,-4.58,7.9,-32.41,0.987126,45
26-11-2025,NSE:EIHOTEL,EQ,23510.57,375.25,370199,1389.17175,2.31,2.31,4.4,M,0.08,-1.21,-0.55,-6.36,-2.48,-2.19,-9.58,1.6,16.18,5.34,-11.14,-1,-1,-1,EEP,-1,-1,-1,-1,-1,-1,-1,-0.63,-0.89,-1.5,-1.06,-2.54,3.07,0.55,0,0,15.87,0,0,6.35,-5.98,-10.26,-10.32,-12.7,-23.75,-5.98,-8.1,-1.73,-14.41,-36.08,-27.82,4.27,8.91,19.3,19.3,0.41,8.11,30.13,17.39,0,0.79,-2.96,-13.35,-3.15,2.22,-3.57,0.977888,58,-4.65,2.49,25.25,-3.05,,,-2.96,-10.24,9.18,5.15,-7.05,0.994525,56
26-11-2025,NSE:CGPOWER,EQ,118021.2,688.4,2334504,16070.72554,2.39,2.36,7.27,L,0.86,-5.19,-7.47,-8.6,-5.8,-11.87,1.63,-0.92,15.93,-3.33,31.77,-1,-1,-1,-1,-1,-1,-1,-1,-1,-1,-1,-2.99,-1.83,-4.74,-2.97,-7.49,9.07,1.74,0,0,30.16,0,0,22.22,-8.18,-13.1,-13.1,-13.65,-19.78,-8.18,-8.06,-2.95,-19.05,-32.56,-17.11,3.67,5.7,27.36,46.36,0.86,11.83,25.29,28.53,27.02,56.11,-6.28,-2.14,-5.67,1.97,-12.24,0.97788,57,-4.72,9.93,15.92,-6.2,,,-6.28,3.71,-3.6,7.03,-17.03,0.993027,54
26-11-2025,NSE:MEDANTA,EQ,32448.37,1263.3,286414,3618.26806,3.14,3.06,7.51,,1.10,5.09,7.08,1.11,-6.73,-4.54,-10.53,4.2,11.24,15.07,11.27,-1,-1,-1,-1,-1,-1,-1,-1,-1,-1,-1,2.41,-1.28,1.11,-4.54,-3.28,3.53,0.25,0,0,14.29,0,0,9.52,-8.18,-11.48,-11.48,-11.48,-13.35,-8.18,-5.53,-1.89,-6.56,-23.08,-26.41,7.71,12.06,26.13,30.65,7.71,3.74,23.86,25.17,15.97,10.96,-7.21,-14.3,-0.55,-2.72,6.16,0.977735,57,-6.8,1.9,21.49,12.62,,,-7.21,-6.87,12.3,-2.31,10.19,1.000606,63
26-11-2025,NSE:LTFOODS,EQ,14336.34,405,708056,2867.6268,2.61,2.57,9.77,S,0.06,-2.37,-2.77,0.35,-4.42,-6.73,-5.74,-1.83,10.6,13.32,58.16,-1,-1,-1,HVY,-1,-1,-1,-1,-1,-1,-1,-0.68,-0.63,-1.31,-1.72,-2.97,0.45,-2.54,0,0,0,0,0,0,-4.16,-14.33,-20.44,-20.44,-20.44,-4.16,-15.6,-15.87,-6.61,-18.01,-20.21,4.69,4.69,26.76,148.85,0.73,9.32,34.04,29.08,122.66,115.9,-4.9,-9.51,-6.58,-3.36,4.41,0.977568,57,-2.57,-13.38,11.09,19.26,,,-4.9,-4.58,2.68,2.55,8.91,1.000044,63
26-11-2025,NSE:NAMOEWASTE,SM,450.03,185.1,75840,140.37984,5.36,5.23,4.13,2M,3.78,-2.78,-16.29,1.13,-9.64,9.08,9.86,2.89,15.67,-21.8,NA,HV2Q,HV2Q,-1,HV2Q,HVQ,-1,-1,-1,-1,-1,-1,-1.83,-1.14,-2.94,0.78,-2.18,10.53,9.34,0,4.76,25.4,0,0,11.11,-14.01,-14.01,-14.01,-19.52,NA,-14.01,-3.61,-17.26,-30.52,-39.66,NA,13.94,43.04,43.04,NA,3.78,24.93,28.94,29.18,9.85,NA,-10.12,6.09,-1.86,1.71,-30.71,0.977429,57,-7.33,3.63,0.88,,,,-10.12,14.48,-8.75,3.5,-38.56,0.989093,48
26-11-2025,NSE:MPHASIS,EQ,51069.97,2800.2,602731,16877.67346,2.6,2.63,3.83,2L,0.11,3.09,-0.91,1.2,-3.16,2.12,-4.2,9.37,7.9,0.5,11.15,-1,-1,-1,-1,-1,-1,-1,-1,-1,-1,-1,1.26,-0.14,1.12,-0.68,0.44,4.87,5.58,0,0,23.81,0,0,17.46,-3.23,-6.68,-6.68,-12.42,-12.42,-3.23,-3.73,-0.22,-20.63,-19.34,-12.32,5.97,12.41,33.2,33.2,5.33,10.05,38.79,20.72,15.68,24.98,-3.64,-7.97,4.62,-6.06,-8.41,0.977382,57,-1.08,10.05,11.74,-17.22,,,-3.64,-4.31,12,-11.28,-2.17,0.990175,50
26-11-2025,NSE:TATAPOWER,EQ,125496.96,391.5,4686335,18347.00153,1.93,1.92,4.22,M,3.03,0.61,0.73,-2.32,-2.23,0.31,2.11,-2.73,13.26,-4.23,2.75,-1,-1,-1,-1,-1,-1,-1,-1,-1,-1,-1,0.89,-0.72,0.17,-0.68,-0.51,1.98,1.5,0,0,0,0,0,0,-4.67,-4.67,-5.59,-11.17,-19.36,-4.67,-0.27,-7.58,-17.16,-30.05,-15.95,5.5,5.5,16.12,16.12,3.03,7.86,12.99,19.29,0.73,9.71,-2.71,-1.66,-7.48,-0.7,-13.14,0.977279,57,-1.79,1.24,10.24,-4.91,,,-2.71,0.94,-5.96,5.9,-14.29,0.991348,51
26-11-2025,NSE:FABTECH,EQ,1108.96,242.99,1450343,3524.18846,6.5,6.39,23.95,,0.84,1.97,5.72,2.17,5.97,NA,NA,NA,NA,NA,NA,-1,-1,-1,-1,-1,-1,NA,-1,-1,4,-1,1.51,3.24,4.91,,,,,100,100,82.86,0,4.76,20,-4.86,NA,NA,NA,NA,-4.86,NA,NA,NA,NA,NA,NA,NA,NA,NA,6.06,NA,NA,NA,NA,NA,5.49,0,0,0,0,0.977252,57,-4.86,,,,,,5.49,96.69,-1.02,-9.66,5.87,0.996981,60
26-11-2025,NSE:NIFTY_MICROCAP250,IN,,23241.5,,,,,,,1.32,-1.04,-1.62,-2.66,-2.2,-2.93,-1.54,-0.08,13.34,-1.19,20.39,0,0,0,0,0,0,0,-1,-1,-1,-1,,,,,,,,,,,,,,-3.32,-4.19,-6.1,-12,-12,,,,,,,,,,,,,,,,,-2.68,-5.31,-4.83,-0.62,-10.1,0.977248,,,,,,,,-2.68,-2.67,0.42,3.75,-10.89,0.991291,
26-11-2025,NSE:ASAL,EQ,832.88,513.9,251420,1292.04738,4.14,4.1,4.65,2L,-0.61,-0.16,-3.11,-3.88,-2.2,-10.51,3.22,4.44,14.83,-20.75,-15.92,-1,-1,HV2Y,HVY,-1,HVQ,-1,-1,-1,-1,-1,-0.2,-1.33,-1.51,-3.12,-4.48,4.1,-0.4,0,0,0,0,0,0,-9.14,-14.59,-18.16,-33.8,-50.77,-9.14,-12.71,-20.79,-42.65,-58.07,-40.55,7.1,12.4,19.18,19.18,3.65,14.87,15.34,13.89,0,14.24,-2.68,-0.55,-0.31,0.87,-29.66,0.977197,57,-3.22,-4.71,13.89,-42.35,,,-2.68,1.99,0.24,1.21,-35.91,0.9832,40
26-11-2025,NSE:SHRIRAMPPS,EQ,1559.78,88.74,809725,718.54997,3.56,3.51,7.64,S,1.07,-1.39,-2.07,-7.09,-1.24,-7.43,-0.32,-9.75,21.31,-8.96,-19.34,-1,-1,-1,HV2Y,HV2Y,HVQ,-1,-1,-1,-1,-1,-0.73,-1.01,-1.72,-1.21,-2.9,4.88,2.09,0,0,0,0,0,0,-6.98,-9.11,-14.34,-24.52,-38.72,-6.98,-7.98,-14.07,-32.75,-51.78,-33.23,4.01,4.01,34.05,34.05,2.2,5.3,34.47,47.11,0,0.61,-1.72,-4.09,-14.5,7.35,-17.87,0.977156,57,-4.16,-6.07,20.75,-23.13,,,-1.72,-2.4,-10.42,18.64,-32.59,0.994872,57
26-11-2025,NSE:DEVX,EQ,368.33,46.21,566964,261.99406,4.38,4.35,6.79,,-1.20,11.56,5.82,3.64,5.89,-16.92,NA,NA,NA,NA,NA,-1,-1,-1,-1,-1,-1,NA,-1,-1,-1,-1,3.19,-0.12,3.06,,,,,0,0,0,0,0,0,-2.67,NA,NA,NA,NA,-2.67,NA,NA,NA,NA,NA,NA,NA,NA,NA,13.07,NA,NA,NA,NA,NA,5.41,0,0,0,0,0.977141,57,7.67,,,,,,5.41,96.69,-1.02,-9.66,5.87,0.996868,59
26-11-2025,NSE:SPANDANA,EQ,1918.11,272.25,362221,986.14667,5.7,5.69,7.49,,1.08,-3.05,12.65,10.84,8.96,4.97,8.21,-1.14,1.56,-27.38,-200.99,HVQ,HVQ,-1,-1,EEP,EEP,-1,-1,-1,-1,-1,1.87,2.19,4.15,2.24,6.54,-2.16,4.3,0,0,0,0,0,0,-3.68,-3.68,-10.1,-39.9,-68.29,-3.68,-9.46,-19.35,-53.96,-69.95,-61.12,16.87,16.87,25.75,25.75,16.87,3.34,15.42,27.19,0,0,8.48,4.44,-5.89,-12.4,-36.29,0.977089,57,9.87,-9.46,-10.67,-53.32,,,8.48,-4.14,-11.21,-6.98,-23.53,0.977814,33
26-11-2025,NSE:RELIGARE,EQ,8655.85,248.55,1329238,3303.82105,2.57,2.53,4.55,2L,1.04,-4.14,-5.29,-5.59,-5.09,-2.98,0.54,6.3,7.64,-0.09,13.56,-1,-1,-1,HVQ,HV2Y,-1,-1,-1,-1,-1,-1,-1.66,-1.12,-2.75,-0.43,-3.16,5.52,2.5,0,0,0,0,0,0,-7.26,-7.26,-14.24,-19.68,-19.68,-7.26,-5.13,-14.7,-24.74,-25.82,-15.21,4.87,13.43,20.7,21.21,2.45,10.21,20.05,13.1,11.95,21.33,-5.57,-3.23,1.55,-6.32,-9,0.977012,57,-7.26,-5.13,8.52,-14.03,,,-5.57,2.05,4.77,-8.23,-2.51,0.990992,51
26-11-2025,NSE:ADANIENT,EQ,284713.3,2315,1612804,37336.4126,2.79,2.76,6.19,,-0.77,-5.1,-4.09,-1.38,-4.44,-9.76,3.51,-6.43,6.97,8.51,-31.23,-1,-1,-1,-1,-1,-1,-1,-1,-1,-1,-1,-2.88,-0.47,-3.33,-1.33,-4.6,3.22,-1.43,0,0,0,0,0,0,-5.97,-10.82,-10.82,-10.82,-34.52,-5.97,-6.86,-12.98,-20.27,-39.09,-40.1,6.33,9.58,13.87,13.87,3.13,14.45,9.87,21.2,3.25,0,-4.92,-0.26,-11.18,-6.99,-0.4,0.976816,57,-4.32,-2.25,5.6,-18.03,,,-4.92,4.31,-11.33,2.94,7.52,0.999702,62
26-11-2025,NSE:SHIVASHRIT,SM,255.77,137.75,36060,49.67265,2.71,3.08,6.11,S,0.55,-0.15,4.14,3.45,5.52,4.17,NA,NA,NA,NA,NA,-1,-1,-1,-1,-1,-1,-1,-1,-1,-1,-1,1.22,1,2.24,2.03,4.36,,,0,0,0,0,0,0,-1.61,NA,NA,NA,NA,-1.61,NA,NA,NA,NA,NA,NA,NA,NA,NA,5.96,NA,NA,NA,NA,NA,5.04,0,0,0,0,0.976638,57,4.36,,,,,,5.04,96.69,-1.02,-9.66,5.87,0.996355,59
26-11-2025,NSE:INSECTICID,EQ,1975.6,731.55,25221,184.50423,2.89,2.84,6.15,,3.16,6.15,8.99,1.95,1.76,-4.13,-12.94,-11.69,21.93,5,33.24,-1,-1,-1,-1,-1,-1,-1,-1,-1,-1,-1,3.64,0.04,3.67,-2.94,0.71,-5.72,-4.74,0,0,0,0,0,0,0,-11.51,-31.78,-31.78,-31.78,0,-32.98,-22.95,-19.2,-43.53,-31.28,9.96,9.96,31.18,55.78,9.96,0.03,43.66,46.53,21.61,47.99,1.28,-16.71,-16.44,7.97,-3.91,0.976626,57,3.02,-31.31,42.98,-10.16,,,1.28,-18.27,0.08,20.45,-15.82,1.000282,63
26-11-2025,NSE:ICICIBANK,EQ,985502.41,1375,12756038,175395.5225,1.2,1.24,3.11,,1.27,-0.59,1.17,2.77,-0.19,-0.56,-4.23,-5.19,9.6,9.05,21.43,-1,-1,-1,-1,-1,-1,-1,-1,-1,-1,-1,0.39,0.03,0.42,-0.5,-0.08,-0.45,-0.53,0,0,0,0,0,0,-0.79,-4.29,-7.63,-7.63,-7.63,-0.79,-7.44,-3.72,-0.97,-7.66,-6.57,4.14,4.14,14.95,30.28,4.14,2.2,19.03,21.43,17.77,18.49,-0.67,-8,-9.94,-4.36,0.14,0.976465,57,0.87,-6.74,13.6,21.43,,,-0.67,-7.35,-1.94,4.4,5.27,0.997029,60
26-11-2025,NSE:ROHLTD,EQ,1200.4,409.95,85711,351.37224,3.36,3.34,6.95,2L,3.20,-2.37,-9.79,-17.64,-19.76,-33.14,-22.51,8.83,17.16,24.31,13.86,-1,-1,-1,EEP,-1,-1,-1,-1,-1,-1,-1,-1.58,-5.13,-6.38,-10.67,-15.41,13.08,-2.68,0,0,41.27,0,0,9.52,-16.33,-26.92,-26.92,-26.92,-26.92,-16.33,-12.48,0,-11.03,-19.47,-26.42,4.31,15.41,33.51,33.75,4.31,25.69,46.3,21.94,10.8,1.24,-20.24,-26.28,4.08,3.2,15.4,0.976437,57,-16.33,16.05,34.9,1.08,,,-20.24,-5.61,24.56,-0.52,14.5,1.011419,74
26-11-2025,NSE:SWIGGY,EQ,98399.31,392.4,9859848,38690.04355,3.59,3.53,5.32,,-0.56,-1.17,-0.85,-5.34,-8.47,-11.74,-8.47,18.41,11.34,-6.23,NA,-1,-1,-1,-1,EEP,-1,-1,-1,-1,-1,-1,-0.78,-1.41,-2.16,-4.34,-6.23,9.07,3.12,0,0,25.4,0,0,15.87,-7.04,-14.41,-14.41,-34.32,NA,-7.04,-7.15,-2.31,-46.41,-41.77,NA,2.43,22.55,28.53,NA,2.43,10.62,39.42,4.86,4.36,NA,-8.95,-12.24,13.66,-2.62,-15.14,0.976358,57,-7.04,4.34,12.78,,,,-8.95,-3.31,23.77,-18.33,-13.95,0.988823,47
26-11-2025,NSE:JARO,EQ,1562.02,661.55,393581,2603.73511,4.53,4.49,3.46,,0.17,-1.1,4.89,6.05,5.28,NA,NA,NA,NA,NA,NA,-1,-1,-1,-1,-1,-1,NA,-1,-1,-1,-1,0.7,-0.25,0.45,,,,,0,0,5.13,0,0,2.56,-6.6,NA,NA,NA,NA,-6.6,NA,NA,NA,NA,NA,NA,NA,NA,NA,9.51,NA,NA,NA,NA,NA,4.8,0,0,0,0,0.97631,57,9.43,,,,,,4.8,96.69,-1.02,-9.66,5.87,0.996021,58
26-11-2025,NSE:CAMPUS,EQ,8366.44,274.8,347276,954.31445,3.17,3.14,8.8,L,0.40,4.2,-0.29,-0.44,-2.55,1.86,2.95,-0.1,1.26,6.53,15.48,-1,-1,-1,HV2Q,-1,EEP,-1,-1,-1,-1,-1,1.69,-0.79,0.89,-1.32,-0.42,2.76,2.41,0,0,0,0,0,0,-2.21,-3.71,-8.37,-14.86,-25.15,-2.21,-1.26,-11.07,-25.08,-26.09,-30.04,6.53,8.45,21.06,28.11,6.53,11.21,17.49,21.18,26.5,19.74,-3.03,-0.82,-4.85,-12.7,-2.38,0.976305,57,-2.21,0.88,-1.8,-3.46,,,-3.03,2.05,-4.16,-8.3,11.21,0.995805,58
26-11-2025,NSE:63MOONS,EQ,3371.8,759.25,103821,788.26094,3.92,3.98,4.27,M,5.08,5.16,0.19,-4.28,-4.85,-20.56,-25.32,-7.37,18.89,23.89,48.16,-1,-1,-1,HV2Q,HVQ,-1,-1,-1,-1,-1,-1,2.54,-2.22,0.31,-7.71,-6.87,-3.01,-9.59,0,0,0,0,0,0,-6.65,-19.37,-31.01,-31.01,-31.01,-6.65,-23.69,-13.54,-20.98,-40.31,-4.76,6.51,6.51,31.83,133.69,6.51,1.28,49.3,149.37,89.54,77.85,-5.33,-29.09,-12.12,4.93,14.98,0.976231,56,-4.27,-23.69,47.17,143.16,,,-5.33,-22.83,13.3,14.8,12.03,1.010587,74
26-11-2025,NSE:SETCO,EQ,230.21,15.89,142621,22.66248,5.16,5.15,3.73,L,4.95,-7.43,-9.69,-17.56,-13.28,-19.76,2.08,-18.57,-5.79,33.23,53.74,-1,-1,HVQ,-1,-1,HVQ,-1,-1,-1,-1,-1,-3.55,-3.84,-7.12,-3.57,-10.32,0.96,-9.45,0,0,7.94,0,0,3.17,-16.01,-19.75,-19.75,-25.26,-25.26,-16.01,-9.09,-26.81,-11.38,-20.29,-32.89,8.98,13.91,57.8,158.37,4.95,29.03,11.54,94.83,173.33,72.52,-13.76,-1.69,-23.32,-19.75,24.32,0.976185,56,-11.03,5.2,-11.84,49.29,,,-13.76,10.25,-22.1,1.11,42.75,1.032764,86
26-11-2025,NSE:INDIQUBE,EQ,4599.25,229.99,176804,406.63152,3.95,3.85,14.18,,1.82,4.5,3.68,7.54,2.23,-0.92,3.07,NA,NA,NA,NA,-1,-1,-1,-1,-1,-1,-1,-1,-1,-1,-1,2.91,0.76,3.7,-1.18,2.5,,,0,0,30.16,0,0,12.7,0,-3.33,NA,NA,NA,0,-5.49,NA,NA,NA,NA,12.82,NA,NA,NA,12.82,12.46,NA,NA,NA,NA,1.75,-0.7,0,0,0,0.976164,56,3.81,,,,,,1.75,-2.44,98.98,-9.66,5.87,0.993032,54
26-11-2025,NSE:INDOFARM,EQ,1049.49,207.41,536457,1112.66546,3.86,3.89,4.11,,-0.37,-4.83,-12.06,-10.27,-17.71,-20.35,-11.34,25.13,9.3,NA,NA,-1,-1,-1,HVQ,-1,-1,-1,-1,-1,-1,-1,-2.76,-3.69,-6.22,-6.4,-11.86,16.64,5.73,0,0,33.33,0,0,23.81,-13.26,-21.86,-21.86,NA,NA,-13.26,-8.02,-2.32,-44.1,NA,NA,4.65,32.11,NA,NA,4.65,30.96,65.39,11.22,NA,NA,-18.19,-15.11,20.38,-4.66,0,0.976152,56,-13.26,19.4,20.37,,,,-18.19,2.1,31.73,-30.81,105.87,1.004655,68
26-11-2025,NSE:SHALBY,EQ,2424.82,212.54,528561,1123.40355,3.97,3.9,40.67,L,0.74,-3.95,-7.65,-14.23,-13.65,-21.66,8.19,5.85,6.71,-1.5,-9.18,-1,-1,HV2Y,HV2Y,-1,-1,-1,-1,-1,-1,-1,-2.82,-3.42,-6.03,-6.66,-11.9,13.76,2.16,0,0,39.68,0,0,20.63,-13.37,-20.35,-20.35,-20.35,-31.55,-13.37,-9.47,-8.13,-30.21,-36.14,-30.52,11.88,18.04,18.04,18.04,2.02,27.15,8.37,10.99,0,2.44,-14.13,4.42,1.1,-7.25,-10.41,0.976112,56,-11.85,16.38,-3.63,-27.18,,,-14.13,15.9,-3.57,-8.74,-2.94,0.996341,58
26-11-2025,NSE:BMWVENTLTD,EQ,615.68,64.7,663864,429.52001,4.89,4.79,6.47,S,-1.18,-10.43,-1.48,-7.03,5.12,NA,NA,NA,NA,NA,NA,-1,-1,-1,-1,-1,-1,NA,-1,-1,4,-1,-4.71,0.79,-3.95,,,,,0,0,0,0,0,0,-10.34,NA,NA,NA,NA,-10.34,NA,NA,NA,NA,NA,NA,NA,NA,NA,0,NA,NA,NA,NA,NA,4.64,0,0,0,0,0.976095,56,-3.65,,,,,,4.64,96.69,-1.02,-9.66,5.87,0.995801,58
26-11-2025,NSE:KDDL,EQ,2981.35,2503,14983,375.02449,3.62,3.53,7.31,L,1.45,-0.99,0.96,-1.38,1.15,-6.09,2.68,-8.87,13.87,-7.68,4.82,-1,-1,-1,HV2Y,EEP,-1,-1,-1,-1,-1,-1,0.26,-0.51,-0.25,-2.18,-2.37,-3.85,-5.99,0,0,0,0,0,0,-3.22,-8.04,-15.14,-23.78,-30.2,-3.22,-13.85,-25.82,-21.83,-39.88,-24.84,7.61,7.61,17.58,17.58,3,6.36,1.02,28.01,1.28,21.1,0.67,-1.09,-13.62,-0.09,-16.59,0.975874,56,1.67,-13.85,1.02,-15.31,,,0.67,-1.77,-12.89,11.22,-19.14,0.991337,51
26-11-2025,NSE:JUBLPHARMA,EQ,18436.79,1105.2,175931,1944.38941,3.35,3.37,7.9,2M,1.60,-0.25,-3.13,-6.88,-1.72,2.25,2.53,-2.52,9.29,-2.28,48.6,-1,-1,-1,-1,-1,EEP,-1,-1,-1,-1,-1,0.28,-0.78,-0.5,0.23,-0.28,4.9,4.86,0,0,0,0,0,0,-6.43,-6.43,-10.6,-10.6,-12.47,-6.43,-9.07,-12.87,-10.26,-20.6,-10.47,8.02,8.02,33.46,95.66,4.48,9.88,30.08,36.83,82.63,105.91,-2.2,-1.24,-7.27,-4.67,-11.19,0.975642,56,-1.5,-4.62,11.23,26.81,,,-2.2,0.87,-6.21,1.86,-6.88,0.991053,51
26-11-2025,NSE:VIKRAN,EQ,2901.5,107.94,8641829,9327.99022,4.57,4.68,11.45,S,-0.53,-0.38,2.3,9.16,4.75,4.6,NA,NA,NA,NA,NA,-1,-1,-1,-1,-1,-1,-1,-1,-1,-1,-1,0.71,1.67,2.43,2.33,4.87,,,0,0,20.69,0,0,15.52,-4.1,NA,NA,NA,NA,-4.1,NA,NA,NA,NA,NA,NA,NA,NA,NA,13.17,NA,NA,NA,NA,NA,4.27,0,0,0,0,0.975608,56,3.49,,,,,,4.27,96.69,-1.02,-9.66,5.87,0.995304,57
26-11-2025,NSE:ASHIANA,EQ,2945.38,301.65,38078,114.86229,3.2,3.2,7.47,,0.03,1.92,4.21,6.9,6.61,-0.31,-3,0.13,1.77,-0.91,8.17,-1,-1,-1,-1,-1,HV2Q,-1,-1,-1,-1,-1,1.64,1.18,2.86,-0.36,2.49,-3.75,-1.22,0,0,0,0,0,0,-0.07,-6.6,-16.94,-22.92,-33.27,-0.07,-12.8,-14.44,-23.02,-34.45,-32.66,10.49,10.49,19.8,19.8,10.49,0,23.39,19.64,9.62,12.62,6.13,-6.77,-4.62,-12.19,-9.82,0.975601,56,8.94,-10.97,6.95,-17.19,,,6.13,-13.6,2.02,-8.02,3.14,0.988538,47
26-11-2025,NSE:RAJESHEXPO,EQ,5580.41,187.89,388472,729.90004,2.71,2.78,5.39,,0.21,-0.51,3.94,3.24,4.73,-1.64,2.59,-5.46,15.2,-23.88,-53.97,-1,-1,-1,-1,-1,-1,-1,-1,-1,-1,-1,0.22,0.95,1.19,0.07,1.26,-0.89,0.37,0,0,0,0,0,0,-1.85,-8.33,-9.24,-24.05,-41.49,-1.85,-12.67,-13.84,-33.95,-51.67,-29.39,7.92,7.92,23.83,23.83,5.98,2.81,20.63,30.59,1.87,0,4.25,-1.18,-10.21,1.24,-32.79,0.975597,56,5.25,-8.39,11.21,-33.57,,,4.25,-5.56,-9.28,9.93,-40.21,0.983635,41
26-11-2025,NSE:SGFIN,EQ,2246.42,402.25,294796,1185.81691,3.4,3.34,4.63,,0.40,-0.96,0.91,5.3,-0.35,7.56,4.97,NA,NA,NA,NA,-1,-1,-1,-1,-1,-1,-1,-1,-1,-1,-1,1.01,0.91,1.95,2.95,5.04,,,0,0,0,0,0,0,-1.64,-1.64,NA,NA,NA,-1.64,0,NA,NA,NA,NA,15.08,NA,NA,NA,7.28,15.48,NA,NA,NA,NA,-0.83,1.2,0,0,0,0.975482,56,-1.64,,,,,,-0.83,1.99,98.98,-9.66,5.87,0.995628,58
26-11-2025,NSE:DIAMONDYD,EQ,2533.5,1040.9,73572,765.81095,2.79,2.75,5.56,2M,3.74,-0.56,-3.57,-6.85,-1.61,0.61,11.42,-10.92,-0.22,0.87,6.44,-1,-1,-1,-1,-1,-1,-1,-1,-1,-1,-1,0.28,-0.85,-0.56,0.42,-0.15,-1.81,-1.92,0,33.33,11.11,0,14.29,4.76,-6.41,-6.41,-8.77,-17.95,-17.95,-6.41,-0.52,-27.32,-8.99,-11.35,-11.84,15.57,16.48,16.48,32,3.74,18.36,3.17,42.45,32.29,30.85,-2.09,7.65,-15.67,-14.18,-8.04,0.975361,56,-1.13,6.28,-11.15,29.24,,,-2.09,9.52,-26.25,-0.01,6.96,0.997991,61
26-11-2025,NSE:IGL,EQ,29608.63,199.23,2758886,5496.52858,2.8,2.79,5.52,L,2.25,-3.68,-5.52,-7.84,-7.15,-4.19,-5.84,-3.56,3.46,21.85,-3.54,-1,-1,-1,HVQ,-1,-1,-1,-1,-1,-1,-1,-1.98,-1.67,-3.59,-1.82,-5.31,2.79,-2.59,0,0,0,0,0,0,-7.4,-9.49,-12.61,-12.61,-28.66,-7.4,-3.02,-7.51,-26.12,-31.13,-44.25,2.25,2.25,27.45,27.96,2.25,6.19,20.66,32.52,23.53,0,-7.63,-9.61,-8.31,-10.5,12.94,0.975241,56,-5.29,6.19,8.75,-23.64,,,-7.63,-2.09,1.13,-2.88,24.92,1.008071,72
26-11-2025,NSE:MARATHON,EQ,3782.29,563.15,129523,729.40877,3.3,3.27,3.78,2L,1.69,2.47,-4.01,-6.49,-8.86,-13.26,-14.02,12.07,18.88,-1.35,16.01,-1,-1,HVQ,HV2Y,-1,-1,-1,-1,-1,-1,-1,-0.45,-1.88,-2.29,-4.04,-6.09,4.75,-1.4,0,0,0,0,0,0,-8.08,-16.35,-26.02,-26.02,-26.02,-8.08,-15.6,-15.65,-29.96,-35.39,-19.28,2.53,16.33,56.21,56.21,2.53,10.25,78.11,37.36,26.63,58.21,-9.34,-17.79,7.32,4.92,-10.26,0.975218,56,-7.58,-10.93,40.87,-14.48,,,-9.34,-8.05,21.86,-1.91,-19.08,0.991616,52
26-11-2025,NSE:KICL,EQ,2254.68,5133.5,6977,358.1643,3.82,4.07,3.89,,0.93,-0.28,1.18,-1.79,-20.7,0.14,7.46,2.59,27.19,-31.31,29.79,-1,-1,HV2Q,-1,HVQ,-1,-1,-1,-1,-1,-1,-0.85,-0.91,-1.75,-0.04,-1.79,8.13,6.9,0,14.29,12.7,0,4.76,7.94,-18.5,-18.5,-18.5,-24.23,-37.42,-18.5,-0.06,-11.41,-39.04,-54.43,-17.83,8.51,9.89,45.16,45.94,3.9,32.63,34.32,41.4,6.26,91.63,-21.18,3.69,-2.16,13.23,-40.22,0.975145,56,-18.5,25.27,22.72,-17.28,,,-21.18,20.02,-6.29,15.59,-74.47,0.997419,60
26-11-2025,NSE:VOLTAS,EQ,45552.9,1387,1156067,16034.64929,3.09,3.05,8.7,L,2.26,-1.07,3.56,1.99,-3.58,1.06,2.13,9.03,11.55,-20.8,23.19,-1,-1,-1,-1,-1,-1,-1,-1,-1,-1,-1,0.96,-0.05,0.9,-0.73,0.18,3.12,3.4,0,0,23.81,0,0,14.29,-2.9,-4.73,-4.73,-24.45,-28.1,-2.9,-1.32,-9.22,-34.6,-36.41,-13.15,7.32,12.94,14.84,32.57,7.32,15.39,12.39,4.46,17.68,60.72,-4.06,-1.64,4.28,-2.41,-29.71,0.974998,56,-2.9,9.2,5.71,-25.07,,,-4.06,2.2,6.03,-6.9,-30.7,0.981239,37
26-11-2025,NSE:CHEMCON,EQ,846.72,223.53,706805,1579.92122,3.68,3.68,9.4,2L,3.43,-2.89,-5.35,-9.09,-10.54,-10.07,0.41,10.56,8.53,-2.02,-14.66,-1,-1,HV2Y,HV2Y,EEP,EEP,-1,-1,-1,-1,-1,-1.02,-3.36,-4.23,-6.58,-10.14,13.89,4.36,0,0,33.33,0,0,4.76,-11.35,-21.09,-21.09,-21.09,-22.88,-11.35,-12.77,-8.74,-31.03,-29.46,-21.32,7.99,18.19,34.94,34.94,3.85,19.37,34.39,20.69,0,0,-11.02,-3.36,5.81,-5.43,-10.93,0.974985,56,-9.24,16.72,7.4,-26.46,,,-11.02,6.6,9.18,-11.94,-5.66,0.991171,51
26-11-2025,NSE:SUNTECK,EQ,6369.35,428.15,289156,1238.02141,3.07,3.04,4.73,3L,2.05,-1.97,-3.91,-7.46,-1.46,0.14,8.06,2.48,5.31,-16.73,7.21,-1,-1,HV2Q,-1,-1,-1,-1,-1,-1,-1,-1,-0.15,-1.11,-1.25,-0.8,-2.04,4.27,2.33,0,19.05,6.35,0,4.76,1.59,-7.52,-7.52,-7.65,-20.68,-32.05,-7.52,-4.75,-15.09,-33.25,-35.66,-20.67,12.63,13.85,20.79,20.79,2.69,15.52,11.06,17.8,5.3,29.82,-1.94,4.29,-2.27,-8.65,-25.64,0.974929,56,-2.64,3.51,-2.49,-31.25,,,-1.94,6.07,-7.09,-6.75,-17.42,0.983783,41
26-11-2025,NSE:ADVENZYMES,EQ,3798.8,314.95,272813,859.22454,3.42,3.5,5.5,S,0.80,-4.19,-5.05,0.32,4.16,-6.27,1.79,2.86,6.6,-17.76,-14.88,-1,-1,EEP,-1,-1,-1,-1,-1,-1,-1,-1,-1.36,0.01,-1.35,-0.33,-1.67,2.88,1.24,0,0,0,0,0,0,-7.73,-8.97,-12.6,-20.73,-42.73,-7.73,-16.23,-14.17,-44.36,-46.51,-32.55,4.34,5.05,21.2,21.2,2.24,0.68,19.03,17.74,0,8.5,3.68,-1.98,-1.89,-7.36,-26.67,0.97456,56,2.16,-7.42,2.47,-32.68,,,3.68,-5.78,0.06,-5.8,-20.22,0.980591,36
26-11-2025,NSE:ORIENTTECH,EQ,1574.06,364.35,1271776,4633.71586,4.76,4.61,5.18,,-0.48,-0.55,-8.73,-29.23,-24.85,0.03,14.68,9.28,14.92,-26.71,NA,-1,-1,HV2Q,-1,-1,-1,-1,-1,-1,-1,-1,-2.66,-5.28,-7.55,-4.77,-11.75,13.41,1.91,0,28.57,36.51,0,0,3.17,-22.8,-27.91,-27.91,-44.97,NA,-22.8,-9.99,-20.97,-50.07,-53.18,NA,20.61,20.61,21.21,NA,2.5,50.58,3.41,30.86,22.72,NA,-25.33,10.91,4.53,0.96,-35.62,0.974517,55,-19.4,39.67,-4.5,,,,-25.33,28.36,-7.36,-3.44,-43.05,0.99803,61
26-11-2025,NSE:VIJAYA,EQ,10683.39,1006.6,107755,1084.66183,3.08,3.06,13.63,,-0.20,0.2,-1.71,-1.85,0.7,-4.53,-1.47,5.11,10.54,-14.04,39.88,-1,-1,-1,EEP,EEP,EEP,-1,-1,-1,-1,-1,-0.98,0.02,-0.96,0.17,-0.79,0.32,-0.47,0,0,1.59,0,0,0,-5.07,-9.09,-11.81,-18.94,-18.94,-5.07,-12.42,-10.73,-23.08,-27.48,0,3.66,8.21,12.95,65.7,1.82,2.93,14.61,8.51,49,89.94,0.22,-5.24,0.36,-3.42,-22.95,0.974263,55,0.67,-6.62,10.1,4.73,,,0.22,-5.49,5.46,-3.93,-21.6,0.982629,39
26-11-2025,NSE:RHETAN,EQ,1998.56,23.08,2559110,590.64259,5.33,5.2,5.33,,2.76,-0.04,-0.52,-1.04,3.6,NA,NA,NA,NA,NA,NA,-1,-1,-1,-1,-1,-1,NA,-1,-1,-1,-1,0,0.47,0.48,,,,,0,38.1,31.71,0,33.33,29.27,-7.86,NA,NA,NA,NA,-7.86,NA,NA,NA,NA,NA,NA,NA,NA,NA,5.92,NA,NA,NA,NA,NA,3.12,0,0,0,0,0.974082,55,4.39,,,,,,3.12,96.69,-1.02,-9.66,5.87,0.993747,55
26-11-2025,NSE:PGHL,EQ,9826.83,5815.5,9316,541.77198,2.02,2.01,7.98,2L,-0.17,-1.32,-1.39,-4.31,-5.93,-8.15,-10.29,4.94,8.73,11.97,16.49,-1,-1,-1,-1,-1,-1,-1,-1,-1,-1,-1,-1.01,-1.2,-2.18,-2.95,-4.98,6.02,1.1,0,0,15.87,0,0,6.35,-6.05,-10.91,-11.64,-11.64,-11.64,-6.05,-6.4,-2.55,-4.2,-8.02,-11.28,0,4.59,16.25,24.73,0,6.02,28.21,10.84,13.84,9.81,-6.41,-14.06,0.19,-5.23,3.06,0.973875,55,-5.94,6.02,20.98,5.52,,,-6.41,-7.42,12.79,-5.68,9.42,0.997513,60
26-11-2025,NSE:INDUSINDBK,EQ,66536.98,850.7,4889422,41594.31295,2.59,2.58,4.63,S,1.29,1.3,-1.61,7.11,9.48,12.92,9.39,3.53,-20.38,-15.37,-74.49,-1,-1,-1,-1,-1,-1,-1,-1,-1,-1,-1,1.39,1.88,3.33,5.41,9.23,-4.49,4.54,20,4.76,1.59,20,4.76,1.59,-1.58,-1.58,-3.44,-21.17,-45.76,-1.58,-6.51,-26.42,-44.72,-34.7,-37.42,19.35,19.35,33.54,33.54,8.2,8.04,21,28.83,10.54,0,9,5.62,-1.22,-34.34,-24.28,0.973857,55,6.37,-6.51,-25.58,-40.61,,,9,-3.41,-7.49,-34.44,10.03,0.982733,39
26-11-2025,NSE:CASHIETF,EQ,609.81,1038.45,425911,4422.87278,0.08,0.09,4.78,,0.01,0.1,0.19,0.29,0.41,0.88,1.29,2.53,NA,NA,NA,-1,-1,-1,-1,-1,-1,-1,0,2,-1,-1,0.08,0.11,0.19,0.3,0.5,,,0,0,7.94,0,0,7.94,0,0,0,NA,NA,0,0,0,NA,NA,NA,1.28,2.58,NA,NA,0.4,1.3,2.35,NA,NA,NA,-0.07,-2.48,-2.22,0,0,0.973853,55,0.4,1.3,,,,,-0.07,-2.43,0.23,90.34,5.87,0.991847,52
26-11-2025,NSE:AONELIQUID,EQ,236.7,1035.89,28819,298.53314,0.05,0.07,5.44,,0.01,0.1,0.19,0.29,0.41,0.88,1.29,2.51,NA,NA,NA,-1,-1,-1,-1,-1,-1,-1,0,0,-1,-1,0.08,0.11,0.19,0.3,0.5,,,0,0,7.94,0,0,7.94,0,0,0,NA,NA,0,0,0,NA,NA,NA,1.28,2.57,NA,NA,0.4,1.3,2.1,NA,NA,NA,-0.07,-2.48,-2.24,0,0,0.973838,55,0.4,1.3,,,,,-0.07,-2.43,0.22,90.34,5.87,0.991834,52
26-11-2025,NSE:SYSTMTXC,EQ,2063.09,167.29,178427,298.49053,4.86,5,4.12,,4.33,9.56,4.88,0.43,3.41,NA,NA,NA,NA,NA,NA,-1,-1,-1,-1,-1,-1,NA,-1,-1,-1,-1,4.32,0.99,5.37,,,,,0,47.62,66.67,0,4.76,36.11,0,NA,NA,NA,NA,0,NA,NA,NA,NA,NA,NA,NA,NA,NA,10.58,NA,NA,NA,NA,NA,2.93,0,0,0,0,0.973836,55,3.38,,,,,,2.93,96.69,-1.02,-9.66,5.87,0.993496,55
26-11-2025,NSE:AKZOINDIA,EQ,15105.27,3418.8,48711,1665.33167,2.06,2.04,3.63,,0.63,1.38,3.17,5.24,4.95,0.84,-0.11,-0.13,2.75,-6.22,29.95,-1,-1,-1,HV2Y,HVQ,-1,-1,-1,-1,-1,-1,1.41,0.67,2.09,0.29,2.39,-2.29,0.1,0,0,0,0,0,0,0,-1.31,-11.72,-11.72,-24.34,0,-14.88,-11.62,-24.24,-26.42,-19.63,6.26,10.3,10.3,43.36,6.26,0,10.42,10.07,45.43,58.83,4.47,-3.88,-4.88,-11.21,-15.13,0.97377,55,4.1,-13.73,3.92,5.73,,,4.47,-8.62,-1.05,-6.78,-3.35,0.985608,43
26-11-2025,NSE:MANCREDIT,EQ,374.35,173.44,36499,63.30387,3.37,3.31,6.38,M,-1.59,-0.89,-4,-5.89,-3.34,-8.85,-5.96,-9.15,7.94,16.79,NA,-1,-1,-1,-1,HVQ,HVQ,-1,-1,-1,-1,-1,-1.51,-1.04,-2.52,-2.11,-4.54,2.05,-2.55,0,0,0,0,0,0,-6.26,-9.79,-17.76,-17.76,NA,-6.26,-6.78,-12.86,0,-8.77,NA,0,0,21.87,NA,0,2.17,18.02,41.31,19.18,NA,-3.82,-9.73,-13.9,-6.02,7.88,0.97371,55,-5.16,-6.56,14.41,24.91,,,-3.82,-5.84,-4.03,6,15.48,1.00351,67
26-11-2025,NSE:ABBOTINDIA,EQ,62993.56,30025,8040,2414.01,2.04,2.03,7.72,,-0.60,1.65,1.52,2.21,0.85,-0.57,-4.98,-1.3,2.33,9.69,5.4,-1,-1,-1,-1,-1,EEP,-1,-1,-1,-1,-1,0.96,0.17,1.13,-0.55,0.58,-3.92,-3.22,0,0,0,0,0,0,-0.6,-7.83,-15.83,-15.83,-15.83,-0.6,-15.41,-11.63,-3.57,-2.88,-10.2,4.31,4.31,17.74,17.96,4.31,1.64,8.91,19.27,15.22,6.53,0.37,-8.75,-6.05,-11.63,0.78,0.973591,55,0.86,-11.87,6.05,4.32,,,0.37,-9.19,2.49,-6.08,13.41,0.995738,58
26-11-2025,NSE:SAKSOFT,EQ,2852.77,201.48,307440,619.43011,4.31,4.36,7.54,,-1.14,-6.41,-0.22,1.86,4.47,-5.2,-10.68,-3.57,14.94,-3.13,4.43,-1,-1,-1,HV2Y,EEP,-1,-1,-1,-1,-1,-1,-2.62,1.37,-1.26,1.78,0.53,4.17,4.9,0,0,0,0,0,0,-8.15,-8.77,-18.75,-18.75,-32.42,-8.15,-13.69,-10.07,-30,-42.51,-30.3,10.01,10.01,45.28,45.28,5.91,5.09,60.8,50.47,0,18.95,3.99,-14.45,-8.32,0.98,-12.04,0.973301,55,5.91,-11.09,28.6,-8.88,,,3.99,-19.17,5.41,8.21,-15.38,0.989771,49
26-11-2025,NSE:BAGDIGITAL,SM,257.07,126.15,186071,234.72857,3.8,3.94,2.53,,1.33,-0.4,3.77,0.83,2.89,NA,NA,NA,NA,NA,NA,-1,-1,-1,-1,-1,-1,NA,-1,-1,3,-1,0.74,2.66,3.5,,,,,100,100,64.71,40,28.57,20.59,-2.89,NA,NA,NA,NA,-2.89,NA,NA,NA,NA,NA,NA,NA,NA,NA,6.01,NA,NA,NA,NA,NA,2.41,0,0,0,0,0.973172,55,0.48,,,,,,2.41,96.69,-1.02,-9.66,5.87,0.992819,53
26-11-2025,NSE:AGARWALTUF,SM,245.68,135.25,80568,108.96822,4.17,4.21,5.05,S,-0.55,-1.74,-4.03,-1.29,-5.32,-23.66,-11.31,4.55,17.45,NA,NA,-1,-1,-1,HVQ,HVQ,-1,-1,-1,-1,-1,-1,-1.93,-1.53,-3.41,-4.82,-7.85,12.76,5.63,0,0,36.51,0,0,4.76,-7.49,-19.13,-19.13,NA,NA,-7.49,-14.83,-5.17,-9.12,NA,NA,0,17.97,NA,NA,0,17.73,76.49,51.35,NA,NA,-5.8,-15.08,-0.2,3.49,0,0.973092,55,-0.07,12.65,38.12,,,,-5.8,-9,13.23,3.86,105.87,1.00414,68
26-11-2025,NSE:MAXESTATES,EQ,7440.35,477.85,94627,452.17512,3.39,3.34,10.21,M,3.26,3.26,1.12,0.18,1.37,4.46,2.17,-5.78,7.81,-4.9,46.92,-1,-1,-1,-1,HV2Q,-1,-1,-1,-1,-1,-1,2.46,-0.37,2.09,-0.35,1.72,2.25,4.06,0,0,0,0,0,0,-1.87,-4.01,-13.46,-23.4,-30.17,-1.87,-7.8,-15.34,-26.14,-35.63,-26.76,10.65,10.65,38.63,90.26,4.36,9.14,35.63,46.63,76.33,100.62,0.89,-1.6,-10.53,-6.15,-13.81,0.973084,55,1.95,-7.8,4.75,-20.59,,,0.89,-2.5,-9.14,3.18,-7.91,0.989126,48
26-11-2025,NSE:VRLLOG,EQ,4828.26,269.3,227001,611.31369,3.13,3.11,8.41,M,1.05,-2.34,-1.58,-0.46,-0.22,-4.59,-4.18,-6.37,13.57,0.56,-2.02,-1,-1,-1,-1,-1,EEP,-1,-1,-1,-1,-1,-0.5,-0.41,-0.91,-0.72,-1.61,1.9,0.29,0,0,0,0,0,0,-4.27,-6.27,-16.44,-16.44,-16.44,-4.27,-13.33,-12.95,-6.72,-24.2,-12.79,2.51,2.51,21.91,21.91,1.6,2.74,25.22,29.67,5.36,3.93,-0.7,-7.95,-11.12,-0.39,-8.35,0.973082,55,0.41,-13.33,17.03,8.4,,,-0.7,-7.26,-3.12,9.09,-9.19,0.992643,53
26-11-2025,NSE:CANHLIFE,EQ,11400,125,4798325,5997.90625,3.57,3.51,19.02,,1.77,2.7,2.89,5.23,2.77,NA,NA,NA,NA,NA,NA,-1,-1,-1,-1,-1,-1,NA,-1,-1,-1,-1,2.19,1.55,3.8,,,,,100,100,85.19,100,66.67,59.26,0,NA,NA,NA,NA,0,NA,NA,NA,NA,NA,NA,NA,NA,NA,7.43,NA,NA,NA,NA,NA,2.29,0,0,0,0,0.973011,55,3.76,,,,,,2.29,96.69,-1.02,-9.66,5.87,0.992655,53
26-11-2025,NSE:FACT,EQ,59012.96,874.9,166218,1454.24128,2.07,2.08,8.01,2L,0.97,-3.24,-2.25,-2.54,-1.17,-11.12,-16.12,-5.15,18.96,7.6,25.47,-1,-1,-1,-1,HV2Y,HVQ,-1,-1,-1,-1,-1,-1.2,-0.74,-1.92,-2.13,-3.97,4.4,0.46,0,0,0,0,0,0,-4.34,-13.13,-17.7,-17.7,-22.88,-4.34,-12.88,-4.44,-10.64,-37.5,-28.74,0.97,0.97,49.54,49.54,0.97,1.51,73.64,57.25,19.49,36.23,-1.65,-19.89,-9.9,5,-1.31,0.97301,55,-2.68,-7.61,39.8,-9.14,,,-1.65,-18.09,8.42,13.27,-8.14,0.997445,60
26-11-2025,NSE:BALUFORGE,EQ,6903.35,625.95,485188,3037.03429,3.53,3.51,4.83,,0.45,-0.54,2.13,-0.41,2.63,-1.14,-2.61,-7.3,20.43,-21.4,NA,-1,-1,-1,HV2Y,HV2Y,-1,-1,-1,-1,-1,-1,0.56,-0.07,0.49,-1.62,-1.11,2.21,1.12,0,0,0,0,0,0,-3.16,-8.56,-17.95,-25.12,NA,-3.16,-10.96,-15.81,-21.38,-41.7,NA,4.64,9.15,43.7,NA,4.64,6.28,47.45,54.19,90.86,NA,2.15,-6.38,-12.05,6.47,-30.31,0.972942,55,-0.75,-3.04,16.73,3.6,,,2.15,-8.69,-5.59,16.19,-46.71,0.98698,45
26-11-2025,NSE:SPAL,EQ,2082.69,767.2,47878,367.32002,5.03,5.13,5.45,,-0.66,-4.04,5.6,6.86,7.54,6.94,5.89,-13.56,2.77,-9.67,27.63,-1,-1,-1,EEP,EEP,-1,-1,-1,-1,-1,-1,-0.75,2.07,1.34,3.29,4.79,-5.23,-0.42,0,0,0,0,0,0,-7.12,-7.12,-11.68,-20.12,-28.51,-7.12,-15.96,-19.58,-18.82,-30.49,-21.6,13.94,13.94,21.18,38.5,13.94,2.47,14.05,37.61,34.66,51.89,7.06,2.12,-18.31,-11.19,-18.58,0.9729,55,7.35,-14.27,-3.53,-3.14,,,7.06,-5.1,-21.68,4.72,-6.93,0.988343,47
26-11-2025,NSE:AEGISLOG,EQ,28044.9,761.5,1068611,8137.47277,2.73,2.69,4.28,S,-0.66,-3.53,-5.02,-0.2,-5.98,-0.11,4.77,-6.27,12.95,-5.08,49.93,-1,-1,HVQ,-1,-1,HV2Q,-1,-1,-1,-1,-1,-1.57,-0.64,-2.19,-1.16,-3.31,2.07,-1.27,0,0,11.11,0,0,0,-5.15,-13.58,-13.58,-21,-21,-5.15,-8.42,-22.08,-16.05,-31.23,-14.61,13.29,13.29,19.76,96.52,1.51,20.06,4.5,27.27,82.77,120.62,-6.46,1,-11.02,-1.01,-13.99,0.97289,54,-5.15,9.62,-4.74,0.02,,,-6.46,6.83,-12.61,8.42,-14.84,0.9935,55
26-11-2025,NSE:RML,EQ,2263.48,798.75,12134,96.92033,2.5,2.5,11.01,L,4.38,-1.33,-3.58,-5.58,-2.9,-7.91,-10.15,-6.47,20.78,0.75,11.86,-1,-1,-1,HV2Q,HV2Q,-1,-1,-1,-1,-1,-1,0.62,-1.58,-0.94,-2.34,-3.21,3.54,0.34,0,0,0,0,0,0,-6.34,-8.81,-20.38,-20.38,-43.49,-6.34,-7.66,-12.3,-39.83,-55.23,-43.91,5.56,5.56,37.14,37.14,5.56,3.25,51.06,46.01,0,22.87,-3.38,-13.92,-11.22,6.82,-8.16,0.972618,54,-2.68,-3.62,35.6,-39.83,,,-3.38,-10.35,2.32,15.94,-19.42,0.995306,57
26-11-2025,NSE:FMCGIETF,EQ,676.59,59.23,1073486,635.82576,1,1,4.28,,0.65,0.05,-0.3,-0.71,-1.59,0.25,-0.49,-0.98,6.26,0.74,4.94,-1,-1,-1,-1,-1,-1,-1,-1,-1,-1,-1,0.04,-0.2,-0.16,-0.07,-0.23,1.25,1.02,0,0,6.35,0,0,6.35,-1.77,-2.9,-2.9,-3.38,-14.92,-1.77,-1.36,-1.8,-14.09,-20.25,-15.56,2.24,2.44,10.79,949.34,0.65,3.87,11.34,11.88,883.61,941.54,-2.07,-4.26,-5.73,-7.7,-8.17,0.972467,54,-1,3.3,7.51,-10.15,,,-2.07,-2.23,-1.51,-2.49,-0.02,0.990695,50
26-11-2025,NSE:SATIN,EQ,1690.21,149.15,157806,235.36765,2.79,2.74,4.46,,0.04,-2.15,-1.76,-1.29,-5.36,3.55,6.94,-6.64,5.3,0.74,-33.62,-1,EEP,EEP,-1,-1,HVQ,-1,-1,-1,-1,-1,-1.04,-0.16,-1.2,1.14,-0.06,-1.63,-1.67,0,0,0,0,0,0,-5.63,-5.63,-13.62,-13.9,-43.09,-5.63,0,-19.88,-27.69,-46.11,-43.52,11.24,11.24,11.24,11.24,0.13,17.2,1.68,16.53,0.58,0,-5.84,3.17,-11.39,-8.66,-8.17,0.972446,54,-5.63,4.77,-3.72,-25.66,,,-5.84,8.36,-15.62,1.54,1.06,0.995673,58
26-11-2025,NSE:RUBFILA,EQ,455.3,76.24,43656,33.28333,3.54,3.51,5.64,M,1.46,-5.47,-4.29,-3.65,-3.91,-7.69,-0.46,-1.51,6.11,4.81,NA,-1,-1,-1,HV2Q,-1,HV2Y,-1,-1,-1,-1,-1,-2.55,-1.25,-3.76,-2.18,-5.81,4.73,-1.14,0,0,0,0,0,0,-8.97,-11.7,-15.92,-15.92,NA,-8.97,-8.25,-15.54,-16.34,-25.64,NA,1.65,7.18,21.4,NA,1.46,11.37,21.96,23.23,2.11,NA,-4.39,-4.23,-6.26,-7.85,-4.1,0.972388,54,-4.06,-5.89,4.65,-16.34,,,-4.39,0.01,-2.06,-2.15,4.49,0.993848,55
26-11-2025,NSE:CANTABIL,EQ,2132.77,248.65,152484,379.15147,2.71,2.72,5.74,,-1.47,-2.39,-0.16,0.38,-2.71,-8.39,-4.36,2.53,1.87,9.01,20.47,-1,-1,-1,HVQ,-1,EEP,-1,-1,-1,-1,-1,-1.09,-0.26,-1.34,-0.65,-1.98,-1.59,-3.51,0,0,0,0,0,0,-4.68,-9.04,-13.45,-24.62,-24.62,-4.68,-6.57,-9.68,-26.53,-26.03,-23.41,3.58,5.68,15.51,30.94,0.38,6.39,20.55,12.58,32.18,22.56,-3.19,-8.13,-2.22,-12.09,0.1,0.972312,54,-4,-4.99,0.25,-6.82,,,-3.19,-4.92,5.59,-10.34,13.14,0.995273,57
26-11-2025,NSE:JLHL,EQ,9531.33,1478.4,87272,1290.22925,3.24,3.18,4.63,2L,0.95,1.56,-0.57,-5.11,-2.8,-2.73,4.23,3.06,1.06,-4.31,24.59,-1,-1,-1,-1,-1,-1,-1,-1,-1,-1,-1,0.84,-1.31,-0.46,-1.42,-1.86,1.36,-0.51,0,23.81,30.16,0,9.52,22.22,-7.32,-7.32,-7.32,-12.96,-12.96,-7.32,-3.19,-16.64,-15.63,-11.96,-0.01,5,6.65,6.65,32.54,4.47,9.64,2.14,9.41,31.22,38.33,-3.28,0.46,-1.69,-12.9,-13.22,0.972192,54,-4.41,4.53,-3.5,7.6,,,-3.28,3.53,-2.23,-11.73,0.45,0.988229,46
26-11-2025,NSE:RAMRAT,EQ,2923.48,613.85,57540,353.20929,3.4,3.37,8.67,2L,1.82,0.49,-4.37,-2.13,-1.52,-3.66,-11.06,-8.67,18.71,4.91,58.39,-1,-1,-1,-1,HV2Q,-1,-1,-1,-1,-1,-1,-0.05,-1.03,-1.06,-2.08,-3.08,1.86,-1.24,0,0,15.87,0,0,0,-5.05,-19.18,-21.03,-21.03,-21.03,-5.05,-19.83,-12.3,-10.16,-32.79,-21.39,2.33,2.33,31.18,147.17,2.33,1.38,45.69,42.55,100.93,135.03,-2,-14.83,-13.42,4.75,-4,0.972188,54,-2.64,-11.31,39.2,37.71,,,-2,-12.71,1.14,15.53,-11.1,0.996951,60
26-11-2025,NSE:KIRIINDUS,EQ,3211.21,578.95,420937,2437.01476,4,4.01,6.34,,-0.39,5.52,9.72,6.87,0.5,-1.49,8.13,-18.9,6.71,-2.06,42.91,HVQ,HVQ,-1,-1,-1,HV2Y,-1,-1,-1,-1,-1,5.28,0.23,5.52,-3.24,2.22,-2.57,-0.35,0,0,3.17,0,0,0,-0.39,-7.09,-20.32,-20.32,-20.32,-0.39,-7.55,-26.79,0,-20.19,0,11.67,11.67,12.49,97.56,10.77,11.11,2.07,105.28,84.3,101.62,0.02,4.36,-23.65,-7.25,-10.97,0.972041,54,-0.01,1.38,-3.07,87.93,,,0.02,4.35,-30.44,11.88,-3.53,0.997737,61
26-11-2025,NSE:JSFB,EQ,4883.4,453.5,279335,1266.78423,3.19,3.18,4.79,S,1.57,-0.8,1.59,-7.38,-0.88,-3.88,-7.17,-7.86,10.88,8.86,13.5,-1,-1,-1,-1,-1,EEP,-1,-1,-1,-1,-1,-0.29,-0.66,-0.94,-1.17,-2.08,-1.19,-3.24,0,0,0,0,0,0,-6.87,-7.83,-13.19,-13.73,-38.4,-6.87,-7.82,-7.54,-19.16,-45.1,-43.86,3.42,3.42,24.04,24.04,1.85,4.33,20.43,33.79,10.54,8.25,-1.36,-10.94,-12.61,-3.08,-0.05,0.971646,54,1,1.34,14.81,-19.16,,,-1.36,-9.54,-1.67,7.72,3.61,0.996806,59
26-11-2025,NSE:SMALLCAP,EQ,713.65,45.01,1623957,730.94305,1.56,1.58,5.22,M,1.08,-0.62,-1.42,-1.42,-2.16,-1.98,-1.16,-0.58,11.13,-6.13,7.42,-1,-1,-1,-1,-1,-1,-1,-1,-1,-1,-1,-0.09,-0.46,-0.55,-0.69,-1.23,2.14,0.93,0,0,0,0,0,0,-2.55,-4.13,-7.33,-16.28,-16.77,-2.55,-2.07,-6.26,-16.07,-26.04,-11.67,2.11,2.11,17.43,17.43,1.4,4.31,18.78,18.11,0,18.71,-2.64,-4.93,-5.33,-2.83,-15.04,0.971557,54,-2.13,-1.2,11.21,-14.87,,,-2.64,-2.33,-0.45,1.98,-13.56,0.987582,46
26-11-2025,NSE:JAINREC,EQ,15504.71,399,7492302,29894.28498,5.03,5.1,53.21,S,-1.43,-11.39,-6.4,5.45,1.6,NA,NA,NA,NA,NA,NA,-1,-1,-1,-1,-1,-1,NA,-1,-1,3,-1,-4.6,2.76,-1.9,,,,,60,90.48,73.68,0,38.1,42.11,-12.86,NA,NA,NA,NA,-12.86,NA,NA,NA,NA,NA,NA,NA,NA,NA,7.06,NA,NA,NA,NA,NA,1.12,0,0,0,0,0.971536,54,0.96,,,,,,1.12,96.69,-1.02,-9.66,5.87,0.99115,51
26-11-2025,NSE:JAINIK,ST,206.61,132,27432,36.21024,4.53,4.61,8.43,,-2.08,-6.36,-3.48,-4.05,2.08,-4.92,-0.76,NA,NA,NA,NA,-1,-1,-1,-1,-1,-1,-1,-1,-1,-1,17,-3.83,0.6,-3.25,0.61,-2.65,,,0,0,41.27,0,0,17.46,-6.91,-12,NA,NA,NA,-6.91,-13.83,NA,NA,NA,NA,9.95,NA,NA,NA,4.68,31.75,NA,NA,NA,NA,1.6,-4.53,0,0,0,0.971228,54,4.68,30.49,,,,,1.6,-6.21,98.98,-9.66,5.87,0.988279,47
26-11-2025,NSE:BEML,EQ,16741.92,1875.1,557897,10461.12665,3.09,3.03,31.28,L,1.84,-3.41,-7.15,-14.68,-17.87,-14.93,-6.49,-15.4,31.01,0.76,25.28,-1,-1,-1,-1,EEP,-1,-1,-1,-1,-1,-1,-2.57,-3.55,-5.91,-5.83,-11.1,10.33,-0.85,0,0,0,0,0,0,-15.45,-16.12,-21.69,-21.69,-27.91,-15.45,-1.13,-16.6,-3.2,-50.26,-28.46,2.82,2.82,55.33,55.33,2.82,15.14,65.41,79.24,0,36.04,-18.35,-10.26,-20.15,17.05,-8.15,0.971169,54,-13.27,6.55,50.59,10.59,,,-18.35,6.34,-9.38,30.55,-37.96,1.012524,75
26-11-2025,NSE:HEMIPROP,EQ,4118.25,140.18,1322076,1853.28614,2.45,2.45,4.77,,1.76,-0.41,2.49,1.77,-1.75,-20.08,2.21,1.75,8.28,-12.83,-38.68,-1,-1,HV2Y,-1,-1,-1,-1,-1,-1,-1,-1,0.32,-0.97,-0.64,-6.4,-6.62,7.32,0.76,0,0,31.75,0,0,11.11,-4.12,-23.82,-23.82,-23.82,-40.93,-4.12,-22.48,-5.96,-33.51,-45.82,-33.36,5.69,12.34,22.36,22.36,3.53,14.31,19.66,20.23,0,0,-2.23,-1.56,-3,-5.68,-21.74,0.971115,54,-0.98,8.06,2.57,-31.73,,,-2.23,0.59,-1.49,-3.01,-17.14,0.983896,41
26-11-2025,NSE:WORTHPERI,EQ,231.78,143.99,22975,33.0817,4.34,4.24,4.84,3L,-0.12,-3.04,-4.94,-8.51,-6.29,-9.65,-6.23,-2.02,1.13,18.51,22.91,-1,-1,-1,HVQ,-1,HV2Y,-1,-1,-1,-1,-1,-2.15,-1.96,-4.03,-3.25,-7.06,1.46,-5.68,0,0,20.63,0,0,0,-9.73,-12.27,-16.69,-19.72,-19.72,-9.73,-6.75,-11.5,-18.1,-20.63,-27.48,0,2.66,22.51,42.71,0,2.99,12.95,25.19,41.09,16.29,-6.77,-10,-6.77,-12.83,9.6,0.971085,54,-7.78,-5.63,-1.46,13.31,,,-6.77,-3.25,2.94,-6.57,23.45,1.004037,67
26-11-2025,NSE:TRUALT,EQ,4052.67,453.65,1099060,4985.88569,5.39,5.39,6.94,,1.97,-0.02,-6.34,6.91,1.21,NA,NA,NA,NA,NA,NA,-1,-1,-1,-1,-1,-1,NA,-1,-1,-1,-1,0.56,-1.49,-0.92,,,,,0,0,0,0,0,0,-5.96,NA,NA,NA,NA,-5.96,NA,NA,NA,NA,NA,NA,NA,NA,NA,9.51,NA,NA,NA,NA,NA,0.73,0,0,0,0,0.971048,54,2.1,,,,,,0.73,96.69,-1.02,-9.66,5.87,0.990652,50
26-11-2025,NSE:BESTAGRO,EQ,722.35,362,63777,230.87274,4.22,4.33,8.59,,19.99,17.07,16.91,11.24,7.35,-2.67,-3.33,6.37,17.53,-62.87,-205.33,HV2Y,HV2Y,-1,EEP,-1,-1,-1,-1,-1,-1,-1,15.32,-0.91,14.29,-6.41,7.4,-4.45,2.83,0,0,0,0,0,0,0,-10.78,-29.35,-44.83,-69.12,0,-34.54,-26.99,-50.81,-74.53,-49.71,22.19,22.19,45.32,45.32,22.19,1.01,50.16,36.07,0,17.39,6.87,-7.1,1.62,3.57,-71.78,0.970997,54,9.22,-25.95,35.38,-44.24,,,6.87,-14.83,8.36,2.26,-91.62,0.970219,23
26-11-2025,NSE:ORIENTBELL,EQ,425.86,286.5,10604,30.38046,3.96,3.88,4.4,,-0.68,2.86,-0.24,-3.25,-6.56,-7.26,2.04,11.77,4.35,-13.84,-11.27,-1,-1,HVQ,-1,-1,-1,-1,-1,-1,-1,-1,0.31,-0.66,-0.35,-2.26,-2.55,4.16,1.68,0,0,0,0,0,0,-3.63,-10.91,-11.16,-13.96,-33.27,-3.63,-5.07,-12.98,-35.06,-36.17,-24.04,4.77,19.83,25.58,25.58,4.77,12.51,23.01,10.8,1.2,5.82,-7.04,-1.73,7.02,-9.61,-22.75,0.970951,54,-3.63,-0.46,-1.04,-35.06,,,-7.04,4.76,8.91,-18.07,-13.14,0.983355,40
26-11-2025,NSE:DBCORP,EQ,4636.08,258.7,136872,354.08786,2.53,2.52,8.32,S,0.15,-0.91,-1.37,-2.73,-4.21,-3.27,-2.88,4.01,14.51,-12.83,3.63,-1,-1,-1,-1,-1,-1,-1,-1,-1,-1,-1,-0.2,-0.34,-0.53,-1.27,-1.78,3.4,1.68,0,0,3.17,0,0,3.17,-3.43,-8.92,-9.12,-24.2,-34.37,-3.43,-5.09,-6.5,-32.35,-43.9,-25.95,8.06,8.06,31.22,31.22,0.72,12.61,31.21,25.96,12.17,17.61,-4.69,-6.65,-0.74,0.55,-21.74,0.970945,54,-0.69,-3.21,19.43,-26.76,,,-4.69,-2.03,5.68,1.29,-26.12,0.984606,42
26-11-2025,NSE:MOLDTECH,EQ,522.38,163.4,132813,217.01644,4.89,4.77,5.82,2L,0.85,-5.19,-12.27,-19.62,-23.46,-3.25,3.64,10.23,22.4,-24.69,-16.8,-1,-1,-1,-1,HV2Q,-1,-1,-1,-1,-1,-1,-4.43,-4.39,-8.45,-3.91,-11.89,15.41,4.16,0,23.81,61.9,0,0,30.16,-19.34,-22.61,-22.61,-25.73,-42.09,-19.34,-4.46,-5.57,-40.25,-55.06,-27.79,2.54,22.11,47.65,47.65,0.85,50.76,42.27,32.54,2.04,12.1,-23.94,-0.13,5.48,8.44,-33.6,0.970873,53,-19.34,33.42,20.76,-34.92,,,-23.94,18.64,5.82,3.89,-54.81,0.992323,53
26-11-2025,NSE:DOMS,EQ,15739.93,2549.4,55573,1416.77806,2.38,2.4,10.1,,0.93,-0.33,0.41,0.63,1.26,-2.49,2.21,6.13,-1.32,-11.42,45.08,-1,-1,-1,EEP,EEP,-1,-1,-1,-1,-1,-1,0.36,0.02,0.38,-0.16,0.21,-0.91,-0.69,0,0,14.29,0,0,0,-2.76,-5.3,-5.3,-16.93,-16.93,-2.76,-6.49,-16.91,-22.03,-15.83,-2.87,4.84,11.44,15.17,79.51,3.02,10.04,8.98,8.1,84.5,102.89,0.78,-1.56,1.38,-15.28,-20.33,0.970822,53,0.24,6.26,-3.93,-1.46,,,0.78,-2.34,3,-17.6,-4.1,0.982438,38
26-11-2025,NSE:JGCHEM,EQ,1577.24,407.5,182992,745.6924,3.9,3.82,8.93,,3.09,4.8,-2.87,-5.14,-9.5,-3.46,-16.91,8.96,23.08,-6.65,52.21,-1,-1,-1,HVY,-1,-1,-1,-1,-1,-1,-1,0.47,-1.5,-1.01,-3.08,-3.97,5.55,1.67,0,0,0,0,0,0,-8.08,-14.84,-22.17,-22.17,-22.17,-8.08,-14.78,-9.01,-19.11,-31.66,-1.25,5.04,13.08,35.74,136.57,5.04,10.77,58.69,23.58,81.97,152.31,-9.98,-20.68,4.21,9.12,-15.56,0.970788,53,-8.08,-6.04,48.71,-4.98,,,-9.98,-10.08,21.1,5.85,-32.78,0.990372,50
26-11-2025,NSE:SGMART,EQ,4428.9,351.45,221936,779.99407,3.57,3.58,7.99,,1.30,0.37,0.37,0.44,0.78,-7.75,NA,NA,NA,NA,NA,-1,-1,-1,-1,-1,-1,-1,-1,-1,-1,-1,0.54,-0.36,0.18,-1.65,-1.44,,,0,0,23.53,0,0,15.69,-4.92,NA,NA,NA,NA,-4.92,NA,NA,NA,NA,NA,NA,NA,NA,NA,4.93,NA,NA,NA,NA,NA,0.3,0,0,0,0,0.970517,53,-0.86,,,,,,0.3,96.69,-1.02,-9.66,5.87,0.99011,50
26-11-2025,NSE:ICRA,EQ,6047.46,6174,6359,392.60466,2.32,2.37,7.01,3L,-0.01,1.25,-2.11,-4.71,-1.66,-6.66,-1.8,-5.09,9.78,-0.17,12.42,-1,-1,-1,-1,-1,-1,-1,-1,-1,-1,-1,-0.26,-0.88,-1.13,-1.72,-2.8,2.33,-0.48,0,0,0,0,0,0,-5.47,-8.32,-11.86,-11.86,-15.07,-5.47,-6.79,-10.27,-10.74,-23.38,-14.92,1.4,1.4,19.14,23.31,1.4,2.8,21.29,25.21,11.24,23.53,-2.14,-5.57,-9.84,-4.18,-9.08,0.970403,53,-1.88,-6.13,5.06,9.32,,,-2.14,-3.45,-4.26,4.5,-5.17,0.991132,51
26-11-2025,NSE:KITEX,EQ,4259.32,211.92,1729223,3664.56938,4.55,4.49,5.25,,0.35,-1.06,1.93,3.17,1.53,2.16,11.34,-37.07,10.23,-4.92,70.21,-1,-1,HVY,-1,HVQ,-1,-1,-1,-1,-1,-1,-0.15,1.56,1.43,3.54,5.16,-9.61,-4.06,0,0,0,0,0,0,-4.89,-4.89,-28.88,-31.41,-31.41,-4.89,-19.92,-39.19,-5.99,-34.46,0,24.98,30.31,37.83,249.8,7.01,28.32,22.2,139.94,215.51,268.74,1.05,7.57,-41.82,-3.73,-13.83,0.970253,53,1.45,-19.92,-5.94,131.17,,,1.05,6.65,-55.62,24.84,-11,1.009053,72
26-11-2025,NSE:NELCO,EQ,1957.82,854.8,120476,1029.82885,2.79,2.9,10.74,M,2.48,1.36,-2.01,-1.64,0.41,-0.64,3.45,-6.17,7.83,-9.7,16.89,-1,-1,HV2Q,HV2Q,HVQ,HVQ,-1,-1,-1,-1,-1,0.54,-0.5,0.05,-1.18,-1.12,-1.91,-2.97,0,0,0,0,0,0,-1.98,-6.2,-24.01,-41.61,-41.61,-1.98,-6.58,-26.63,-38,-46.18,-27.41,6.19,6.19,14.53,23.43,2.48,5.76,10.58,21.6,13.76,35.41,-0.07,-0.32,-10.92,-6.13,-18.61,0.970237,53,0.83,-0.39,-1.57,-22.51,,,-0.07,-0.26,-10.99,3.53,-13.16,0.986986,45
26-11-2025,NSE:GEECEE,EQ,752.09,366.8,9681,35.50991,4.15,4.06,6.16,,-1.01,-0.04,4.91,7.29,9.86,-3.39,2.1,-4.5,-5.86,-10.39,30.71,-1,-1,HVQ,-1,HVQ,-1,-1,-1,-1,-1,-1,1.25,1.42,2.71,0.86,3.59,-6.46,-2.7,0,0,0,0,0,0,-1.01,-5.21,-7.57,-18.83,-18.83,-1.01,-14.55,-18.86,-15.18,-14.07,-9.83,11.83,11.83,11.83,46.51,9.69,0.81,2.06,8.4,55.1,61.73,9.38,-1.67,-9.25,-19.82,-19.3,0.970218,53,7.69,-10.9,-9.88,-3.08,,,9.38,-11.91,-7.76,-10.96,1.59,0.983237,40
26-11-2025,NSE:ULTRACEMCO,EQ,346984.72,11759,230606,27116.95954,1.22,1.22,2.55,3L,1.55,0.79,-1.38,-0.51,-2.18,-3.87,-7.2,2.87,3.83,6.84,18.08,-1,-1,-1,-1,-1,HV2Q,-1,-1,-1,-1,-1,0.26,-0.84,-0.57,-2.1,-2.62,1.99,-0.64,0,0,14.29,0,0,9.52,-2.44,-8.32,-8.66,-8.66,-8.66,-2.44,-6.67,-2.08,-6.67,-6.41,-9.2,1.55,6.58,16.1,25.58,1.55,0.81,24.46,12.76,20.77,16.99,-2.66,-10.97,-1.88,-10.13,-2.07,0.97006,53,-1.44,-1.92,11.64,0.99,,,-2.66,-8.23,8.38,-8.68,9,0.992939,54
26-11-2025,NSE:ELGIEQUIP,EQ,16320.81,498.65,687482,3428.12899,3.03,3.04,5.75,,3.78,-1.18,1.37,3.28,1.67,-0.45,0.42,0.17,5.46,-10.93,-27.14,-1,-1,-1,HVQ,HV2Y,HV2Y,-1,-1,-1,-1,-1,0.6,0.42,1.02,1.1,2.15,-1.67,0.47,0,0,0,0,0,0,-3.12,-3.12,-15.99,-24.41,-35.17,-3.12,-14.45,-16.34,-32.52,-38.72,-28.09,8.3,8.3,23.98,23.98,5.1,6.48,23.46,23.77,0,0,1.19,-3.35,-4.58,-8.5,-19.84,0.970022,53,0.35,-14.45,4.59,-23.11,,,1.19,-4.58,-1.27,-4.36,-11.47,0.98335,40
26-11-2025,NSE:DRREDDY,EQ,103823.33,1248,1913579,23881.46592,1.65,1.83,8.74,,0.96,-0.18,1.47,3.85,-2.91,-4.01,-2.88,0.38,4.05,4.22,-0.72,-1,-1,-1,-1,-1,-1,-1,-1,-1,-1,-1,0.76,0.03,0.78,-1.19,-0.4,1.64,1.26,0,0,0,0,0,0,-3.21,-5.65,-8.42,-10.18,-11.65,-3.21,-2.9,-5.78,-11.6,-15.23,-15.37,4.35,4.35,14.72,14.72,4.35,7.32,18.02,14.28,4.47,4.29,-3.39,-6.65,-4.37,-9.91,-4.69,0.969862,53,-3.21,0.5,10.13,-10.81,,,-3.39,-3.28,2.15,-5.98,6.04,0.99195,52
26-11-2025,NSE:MWL,EQ,669.75,236.03,25652,60.54642,6.21,6.02,6.39,,-0.47,-1.46,6.56,6.29,0.15,-1,NA,NA,NA,NA,NA,-1,-1,-1,-1,-1,-1,NA,-1,-1,-1,-1,0.49,0.98,1.49,,,,,0,0,0,0,0,0,-5.75,NA,NA,NA,NA,-5.75,NA,NA,NA,NA,NA,NA,NA,NA,NA,10.17,NA,NA,NA,NA,NA,-0.33,0,0,0,0,0.969741,53,1.72,,,,,,-0.33,96.69,-1.02,-9.66,5.87,0.989319,49
26-11-2025,NSE:CNXFMCG,IN,,55442.6,,,,,,,0.71,0.11,-0.16,-0.67,-1.78,0.11,-0.43,-1.99,5.34,-0.45,2.32,0,0,0,0,0,0,0,-1,-1,-1,-1,,,,,,,,,,,,,,-2.07,-2.91,-2.91,-5.06,-16.38,,,,,,,,,,,,,,,,,-2.26,-4.2,-6.74,-8.62,-9.36,0.969725,,,,,,,,-2.26,-1.99,-2.58,-2.47,-0.25,0.989735,
26-11-2025,NSE:HCLTECH,EQ,435678.93,1617.9,2543373,41149.23177,1.83,1.88,4.48,,1.05,-2.76,1.48,5.49,5.22,10.85,7.03,-2.11,-6.65,-13.5,-1.82,-1,-1,-1,-1,EEP,-1,-1,-1,-1,-1,-1,0.75,1.6,2.39,4.39,7.09,-3.6,3.37,100,23.81,7.94,20,4.76,1.59,-2.69,-2.69,-7.01,-18.91,-18.91,-2.69,0,-13.55,-17.19,-13.51,-1.95,16.81,16.81,17.74,24.11,6.98,10.71,9.47,20.23,32.37,40.87,4.74,3.26,-6.86,-20.61,-22.41,0.969695,53,6.29,2.91,-12.15,-1.43,,,4.74,-1.4,-10.85,-14.1,-0.55,0.98244,38
26-11-2025,NSE:SCODATUBES,EQ,1006.53,169.86,252394,428.71645,3.87,3.91,3.72,,6.22,0.66,-1.73,5.3,4.2,-4.03,-4.53,NA,NA,NA,NA,-1,-1,-1,-1,-1,-1,-1,-1,-1,-1,-1,2.21,-0.04,2.16,-0.89,1.26,,,0,0,0,0,0,0,-4.25,-8.12,NA,NA,NA,-4.25,-18.21,NA,NA,NA,NA,9.77,NA,NA,NA,6.53,5.16,NA,NA,NA,NA,3.72,-8.3,0,0,0,0.969622,53,5.9,-15.8,,,,,3.72,-12.42,98.98,-9.66,5.87,0.984232,41
26-11-2025,NSE:LIQUIDETF,EQ,378.98,1000,113911,1139.11,0,0,1.87,,0.00,0,0,0,0,0,0,0,0,0,0,-1,-1,-1,-1,-1,-1,-1,-1,-1,-1,-1,0,0,0,0,0,0,0,0,0,0,0,0,0,0,0,0,0,0,0,0,0,0,0,0,0,0,0,0,0,0,0,0,0,0,-0.48,-3.77,-4.75,-13.96,-8.91,0.969564,53,0,0,0,0,,,-0.48,-3.31,-1.02,-9.66,5.87,0.989135,48
26-11-2025,NSE:GROWW,EQ,110032.01,162.89,266969011,434865.82202,10.5,,3.71,,1.10,-4.3,19.38,NA,NA,NA,NA,NA,NA,NA,NA,-1,-1,-1,-1,-1,-1,NA,-1,-1,-1,-1,2.62,,,,,,,100,90.91,90.91,0,36.36,36.36,NA,NA,NA,NA,NA,NA,NA,NA,NA,NA,NA,NA,NA,NA,NA,NA,NA,NA,NA,NA,NA,0,0,0,0,0,0.969561,53,,,,,,,99.52,-3.31,-1.02,-9.66,5.87,0.989135,48
26-11-2025,NSE:PINELABS,EQ,27673.46,240.37,17755225,42678.23433,6.53,,12.44,,-2.26,-0.62,NA,NA,NA,NA,NA,NA,NA,NA,NA,-1,-1,-1,-1,-1,-1,NA,4,-1,-1,-1,,,,,,,,0,0,0,0,0,0,NA,NA,NA,NA,NA,NA,NA,NA,NA,NA,NA,NA,NA,NA,NA,NA,NA,NA,NA,NA,NA,0,0,0,0,0,0.969561,53,,,,,,,99.52,-3.31,-1.02,-9.66,5.87,0.989135,48
26-11-2025,NSE:TMCV,BE,118957.72,324.05,27524756,89193.97182,4.33,,5.01,,1.95,-0.39,-1.67,NA,NA,NA,NA,NA,NA,NA,NA,-1,-1,-1,-1,-1,-1,NA,-1,-1,-1,-1,0.36,,,,,,,0,0,0,0,0,0,NA,NA,NA,NA,NA,NA,NA,NA,NA,NA,NA,NA,NA,NA,NA,NA,NA,NA,NA,NA,NA,0,0,0,0,0,0.969561,53,,,,,,,99.52,-3.31,-1.02,-9.66,5.87,0.989135,48
26-11-2025,NSE:LENSKART,EQ,75293.37,405,15141135,61321.59675,5.21,,3.59,,-2.40,-5.86,-4,NA,NA,NA,NA,NA,NA,NA,NA,-1,-1,-1,-1,-1,-1,NA,-1,-1,-1,-1,-2.05,,,,,,,80,64.29,64.29,0,35.71,35.71,NA,NA,NA,NA,NA,NA,NA,NA,NA,NA,NA,NA,NA,NA,NA,NA,NA,NA,NA,NA,NA,0,0,0,0,0,0.969561,53,,,,,,,99.52,-3.31,-1.02,-9.66,5.87,0.989135,48
26-11-2025,NSE:PIRAMALFIN,BE,35468.26,1596,605965,9671.2014,7.05,,3.59,,-1.44,-0.29,10.2,NA,NA,NA,NA,NA,NA,NA,NA,-1,-1,-1,-1,-1,-1,NA,-1,-1,-1,-1,1.95,,,,,,,100,92.86,92.86,40,57.14,57.14,NA,NA,NA,NA,NA,NA,NA,NA,NA,NA,NA,NA,NA,NA,NA,NA,NA,NA,NA,NA,NA,0,0,0,0,0,0.969561,53,,,,,,,99.52,-3.31,-1.02,-9.66,5.87,0.989135,48
26-11-2025,NSE:LIQUIDIETF,EQ,1581.63,999.99,460233,4602.28398,0,0,3.05,,0.00,0,0,0,0,0,0,0,0,0,0,-1,-1,-1,-1,-1,-1,-1,-1,-1,-1,-1,0,0,0,0,0,0,0,0,0,0,0,0,0,0,0,0,0,-0.01,0,0,0,0,-0.01,-0.01,0,0,0,0.01,0,0,0,0.01,0.01,0.01,-0.48,-3.77,-4.75,-13.96,-8.91,0.969561,52,0,0,0,0.01,,,-0.48,-3.31,-1.02,-9.66,5.87,0.989135,48
26-11-2025,NSE:ORKLAINDIA,EQ,9316.64,661.35,1703925,11268.90799,4.34,,2.64,,0.88,-6.93,-0.97,NA,NA,NA,NA,NA,NA,NA,NA,-1,-1,-1,-1,-1,-1,NA,-1,-1,-1,-1,-1.18,,,,,,,0,0,0,0,0,0,NA,NA,NA,NA,NA,NA,NA,NA,NA,NA,NA,NA,NA,NA,NA,NA,NA,NA,NA,NA,NA,0,0,0,0,0,0.969561,52,,,,,,,99.52,-3.31,-1.02,-9.66,5.87,0.989135,48
26-11-2025,NSE:LIQUID,EQ,498.41,999.99,157346,1573.44427,0,0,1,,0.00,0,0,0,0,0,0,0,0,0,0,-1,-1,-1,-1,-1,-1,-1,-1,-1,-1,-1,0,0,0,0,0,0,0,0,0,0,0,0,0,0,0,0,0,0,0,0,0,0,0,0,0,0,0,0,0,0,0,0,0,0,-0.48,-3.77,-4.75,-13.96,-8.91,0.969561,52,0,0,0,0,,,-0.48,-3.31,-1.02,-9.66,5.87,0.989135,48
26-11-2025,NSE:STUDDS,EQ,2157.16,554.2,1112090,6163.20278,3.82,,5,,1.35,-3.68,0.82,NA,NA,NA,NA,NA,NA,NA,NA,-1,-1,-1,-1,-1,-1,NA,-1,-1,-1,-1,0.39,,,,,,,0,0,0,0,0,0,NA,NA,NA,NA,NA,NA,NA,NA,NA,NA,NA,NA,NA,NA,NA,NA,NA,NA,NA,NA,NA,0,0,0,0,0,0.969561,52,,,,,,,99.52,-3.31,-1.02,-9.66,5.87,0.989135,48
26-11-2025,NSE:SHETHJI,ST,232.95,116.6,414818,483.67779,5.37,,3.56,,1.97,3.47,12.78,NA,NA,NA,NA,NA,NA,NA,NA,-1,-1,-1,-1,-1,-1,NA,2,-1,-1,-1,5.98,,,,,,,100,63.64,63.64,60,45.45,45.45,NA,NA,NA,NA,NA,NA,NA,NA,NA,NA,NA,NA,NA,NA,NA,NA,NA,NA,NA,NA,NA,0,0,0,0,0,0.969561,52,,,,,,,99.52,-3.31,-1.02,-9.66,5.87,0.989135,48
26-11-2025,NSE:MODIS,EQ,768.17,370.35,38688,143.28101,4.8,,2.61,,-0.68,-1.77,NA,NA,NA,NA,NA,NA,NA,NA,NA,-1,-1,-1,-1,-1,-1,NA,4,-1,-1,-1,,,,,,,,0,0,0,0,0,0,NA,NA,NA,NA,NA,NA,NA,NA,NA,NA,NA,NA,NA,NA,NA,NA,NA,NA,NA,NA,NA,0,0,0,0,0,0.969561,52,,,,,,,99.52,-3.31,-1.02,-9.66,5.87,0.989135,48
26-11-2025,NSE:ADVENTHTL,BE,1600.22,238.9,333930,797.75877,5.93,,2.5,,-0.93,-12.08,NA,NA,NA,NA,NA,NA,NA,NA,NA,-1,-1,-1,-1,-1,-1,NA,-1,-1,-1,-1,-11.7,,,,,,,0,0,0,0,0,0,NA,NA,NA,NA,NA,NA,NA,NA,NA,NA,NA,NA,NA,NA,NA,NA,NA,NA,NA,NA,NA,0,0,0,0,0,0.969561,52,,,,,,,99.52,-3.31,-1.02,-9.66,5.87,0.989135,48
26-11-2025,NSE:BETA,SM,1666.61,1659.6,4656,77.27098,5.61,,9.03,,1.41,NA,NA,NA,NA,NA,NA,NA,NA,NA,NA,-1,-1,-1,-1,-1,-1,NA,0,-1,-1,-1,,,,,,,,66.67,66.67,66.67,66.67,66.67,66.67,NA,NA,NA,NA,NA,NA,NA,NA,NA,NA,NA,NA,NA,NA,NA,NA,NA,NA,NA,NA,NA,0,0,0,0,0,0.969561,52,,,,,,,99.52,-3.31,-1.02,-9.66,5.87,0.989135,48
26-11-2025,NSE:IBULLSLTD,BE,211.13,19.96,197194,39.35992,3.2,,18.33,,-5.04,NA,NA,NA,NA,NA,NA,NA,NA,NA,NA,-1,-1,-1,-1,-1,-1,NA,0,-1,-1,-1,,,,,,,,0,0,0,0,0,0,NA,NA,NA,NA,NA,NA,NA,NA,NA,NA,NA,NA,NA,NA,NA,NA,NA,NA,NA,NA,NA,0,0,0,0,0,0.969561,52,,,,,,,99.52,-3.31,-1.02,-9.66,5.87,0.989135,48
26-11-2025,NSE:FINBUD,ST,283.46,156.05,456000,711.588,6.02,,4.23,,0.91,-0.64,NA,NA,NA,NA,NA,NA,NA,NA,NA,-1,-1,-1,-1,-1,-1,NA,-1,-1,-1,-1,0.16,,,,,,,0,0,0,0,0,0,NA,NA,NA,NA,NA,NA,NA,NA,NA,NA,NA,NA,NA,NA,NA,NA,NA,NA,NA,NA,NA,0,0,0,0,0,0.969561,52,,,,,,,99.52,-3.31,-1.02,-9.66,5.87,0.989135,48
26-11-2025,NSE:LIQUIDBEES,EQ,11486.18,999.99,3238867,32388.34611,0.17,0.17,20.58,,-0.00,0,0,0,0,0,0,0,0,0,0,-1,-1,-1,-1,-1,-1,-1,-1,-1,-1,-1,0,0,0,0,0,0,0,0,0,0,0,0,0,0,0,0,0,0,0,0,0,0,0,0,0,0,0,0,0,0,0,0,0,0,-0.48,-3.77,-4.75,-13.96,-8.91,0.969558,52,0,0,0,0,,,-0.48,-3.31,-1.02,-9.66,5.87,0.989134,48
26-11-2025,NSE:GAEL,EQ,4742.65,108.44,659178,714.81262,3.74,3.69,5.97,,-0.58,-2.99,1.26,0.27,2.42,0.39,3.5,-5.22,4.24,-10.57,-65.9,-1,-1,-1,-1,-1,-1,-1,-1,-1,-1,-1,-0.3,0.64,0.34,0.88,1.23,-2.87,-1.6,0,0,0,0,0,0,-5.78,-5.78,-9.72,-22.45,-39.91,-5.78,-6.06,-18.5,-22.47,-48.73,-40.8,6.59,6.59,7.18,7.18,4.96,4.01,3.43,12.77,0,0,1.94,-0.27,-9.97,-9.72,-19.48,0.96955,52,2.28,0.31,-1.65,-17.45,,,1.94,-2.2,-10.05,-0.67,-9.6,0.985025,42
26-11-2025,NSE:SANGHIIND,EQ,1666.2,63.66,197956,126.01879,2.45,2.42,10.13,2M,0.24,-0.2,-1.89,-3.02,-0.75,-2.89,-2.86,1.99,14.66,-19.87,-39.73,-1,-1,-1,-1,-1,-1,-1,-1,-1,-1,-1,-0.09,-0.54,-0.64,-0.79,-1.42,3.51,2.17,0,0,0,0,0,0,-4.13,-5.35,-8.17,-23.48,-39.64,-4.13,-6.87,-5.54,-33.31,-50.68,-30.72,1.35,7.92,22.68,22.68,1.35,2.07,26.19,20.24,0,0.66,-1.23,-6.63,-2.76,0.7,-28.78,0.969527,52,-0.05,-6.1,21.94,-32.06,,,-1.23,-5.4,3.7,3.26,-34.59,0.981438,38
26-11-2025,NSE:ICICIPRULI,EQ,91030.11,621.9,1337362,8317.05428,1.86,1.87,4.24,S,1.58,1.28,-1.78,2.31,3.4,4.06,-1.25,-4.9,7.83,-9.11,8.71,-1,-1,-1,-1,-1,-1,-1,-1,-1,-1,-1,0.83,0.44,1.27,1.54,2.86,-0.43,2.41,0,0,0,0,0,0,-1.75,-1.75,-8.59,-11.11,-21.38,-1.75,-5.6,-7.45,-17.53,-27.54,-14.22,6.22,6.22,15.9,15.9,5.2,2.6,17.34,21.57,6.54,26.12,2.92,-5.02,-9.65,-6.13,-18.02,0.969513,52,3.56,-2.9,9.31,-11,,,2.92,-8.12,-4.63,2.47,-12.51,0.985235,43
26-11-2025,NSE:ECOLINE,SM,283.11,135,102351,138.17385,1.9,2.16,4,,0.00,-2.22,-5.19,-5.11,-0.07,NA,NA,NA,NA,NA,NA,-1,-1,-1,-1,-1,-1,NA,-1,-1,-1,-1,-1.5,-0.43,-1.92,,,,,0,0,0,0,0,0,-5.96,NA,NA,NA,NA,-5.96,NA,NA,NA,NA,NA,NA,NA,NA,NA,1.24,NA,NA,NA,NA,NA,-0.55,0,0,0,0,0.969471,52,1.24,,,,,,-0.55,96.69,-1.02,-9.66,5.87,0.989043,47
26-11-2025,NSE:OPTIEMUS,EQ,5165.11,568.15,254206,1444.27139,3.85,3.79,5.37,2L,6.48,-2.36,-2.12,-2.24,-4.55,-17.92,-1.36,-0.57,12.29,-7.08,51.47,-1,-1,-1,HV2Y,HV2Q,-1,-1,-1,-1,-1,-1,1.37,-2.44,-1.05,-7.17,-7.67,7.57,-0.11,0,0,19.05,0,0,12.7,-5.45,-16.64,-17.01,-29.13,-33.25,-5.45,-12.85,-15.89,-32.87,-41.46,-28.53,7.41,7.41,46.77,149.19,7.41,6.82,48.76,47.61,118.55,166.82,-5.03,-5.13,-5.32,-1.67,-15.99,0.96927,52,-4.94,3.35,16.4,-0.8,,,-5.03,-0.25,-0.25,3.13,-16.22,0.987602,46
26-11-2025,NSE:CSLFINANCE,EQ,697.15,288.8,16038,46.31774,5.41,5.37,9.8,,3.62,-5.07,7.46,7.17,3.93,0.17,-5.47,-11.37,14.28,-6.53,-44.44,HV2Q,HV2Q,-1,-1,HV2Q,-1,-1,-1,-1,-1,-1,0.61,0.86,1.48,0.38,1.86,-4.25,-2.29,0,0,0,0,0,0,-7.72,-7.72,-20.51,-20.51,-44.68,-7.72,-11.58,-16.16,-32.32,-52.58,-41.07,12.26,12.26,20.21,20.21,12.26,2.7,26.78,33.88,0,0,3.45,-9.24,-16.12,0.32,-15.44,0.969249,52,2.21,-11.58,20.97,-27.25,,,3.45,-13.1,-6.62,13.38,-18.41,0.989999,49
26-11-2025,NSE:ASTRAL,EQ,39381.43,1466,733527,10753.50582,2.41,2.46,10.83,,0.03,1.21,-8.13,-0.08,2.1,1.78,3.53,-4.19,7.03,-16.91,-38.49,-1,-1,-1,-1,-1,-1,-1,-1,-1,-1,-1,-0.65,-0.19,-0.83,1.68,0.86,2.53,3.47,0,14.29,4.76,0,4.76,1.59,-7.52,-7.52,-7.52,-20.87,-39.37,-7.52,-2.82,-10.02,-24.57,-43.63,-29.11,7.81,15.5,18.41,18.41,1.23,13.07,14.24,23.37,2.27,0.02,1.62,-0.24,-8.94,-6.93,-25.82,0.969081,52,1.09,-0.35,3.11,-21.91,,,1.62,-1.85,-9.02,1.11,-19.88,0.98246,38
26-11-2025,NSE:BHARATRAS,EQ,4252.92,10411,9653,1004.97383,2.67,2.81,6.24,,1.42,-0.49,3.53,-6.78,-4.77,3.34,1.82,4.32,4.76,-8.05,17.12,-1,-1,-1,HV2Y,-1,-1,-1,-1,-1,-1,-1,0.25,-0.35,-0.1,1.37,1.28,0.55,1.84,0,0,0,0,0,0,-6.35,-11.53,-11.53,-13.58,-24.24,-6.35,-7.31,-11.45,-27.52,-27.85,-18.14,10.67,17.14,17.14,22.77,3.66,15.96,15,10.59,17.47,33.27,-5.25,-1.95,-0.43,-9.2,-16.96,0.968941,52,-5.94,3.26,3.73,-19.04,,,-5.25,2.99,1.52,-9.2,-7.58,0.985672,44
26-11-2025,NSE:LMW,EQ,16681.5,15477,3739,578.68503,2.47,2.46,3.61,M,3.24,1.08,-0.55,-1.95,-2.31,-0.12,2.27,-13.53,8.21,2.45,10.58,-1,-1,-1,-1,-1,-1,-1,-1,-1,-1,-1,0.72,-0.31,0.41,0.96,1.38,-2.29,-0.89,0,0,0,0,0,0,-3.12,-3.12,-11.68,-14.01,-15.98,-3.12,0,-15.96,-4.62,-22.88,-18.04,10.03,10.03,13.29,13.29,3.24,12.58,10.72,28.62,3.5,10,-2.79,-1.5,-18.28,-5.75,-6.46,0.968937,52,-1.65,2.42,4.78,13.22,,,-2.79,1.17,-17.18,9.49,-0.41,0.996209,58
26-11-2025,NSE:VAIBHAVGBL,EQ,4442.18,237.4,1096956,2604.17354,4.36,4.32,8,S,0.27,-5.9,-11.58,-15.65,1.62,-3.33,9.16,-6.82,-0.95,-13.48,-57.29,-1,EEP,HV2Q,-1,HVQ,-1,-1,-1,-1,-1,-1,-3.46,-1.14,-4.54,2.37,-2.23,2.66,0.45,0,47.62,15.87,0,4.76,1.59,-15.59,-15.59,-15.59,-28.16,-44.18,-15.59,-8.31,-17.13,-25.71,-45.07,-38.25,16.22,16.22,18.34,18.34,1.56,14.34,7.51,26.42,0,0.37,1.14,5.39,-11.57,-14.91,-22.39,0.968926,51,-1.05,0.29,-11.87,-25.71,,,1.14,4.35,-18.61,-4.16,-6.54,0.985327,43
26-11-2025,NSE:ACC,EQ,34665.53,1884.5,304185,5732.36633,2.1,2.11,4.79,,0.82,2.53,1.68,2.75,1.16,1.25,4.08,-2.78,0.22,-7.57,-32.82,-1,-1,-1,-1,-1,-1,-1,-1,-1,-1,-1,1.16,0.32,1.49,0.12,1.61,-1.72,-0.11,0,0,0,0,0,0,-1.53,-1.53,-5.85,-17.77,-32.02,-1.53,-1.21,-13.44,-23.07,-32.17,-26.88,4.78,5.71,5.71,5.71,2.97,4.49,1.4,7.06,1.13,0,0.68,0.31,-7.53,-13.74,-16.48,0.968903,51,1.28,0.81,-3.18,-17.53,,,0.68,-0.36,-8.16,-6.75,-1.94,0.985799,44
26-11-2025,NSE:BIKAJI,EQ,17939.93,710.5,169136,1201.71128,1.85,1.86,8.21,,0.71,-1.32,-0.81,-2.84,-2.79,-6.86,-12.55,-3.41,19.96,-3.15,31.75,-1,-1,-1,-1,-1,-1,-1,-1,-1,-1,-1,-0.41,-0.77,-1.16,-2.24,-3.33,1.72,-1.64,0,0,14.29,0,0,14.29,-3.51,-11.34,-11.34,-16.75,-27.4,-3.51,-8.87,0,-24.93,-41.9,-25.11,0.71,0.71,24.95,47.15,0.71,1.87,27.31,29.21,17.77,51.79,-3.27,-16.32,-8.16,6,-12.06,0.968897,51,-2.83,-5.41,21.88,-14.06,,,-3.27,-12.81,7.1,12.95,-23.01,0.991359,51
26-11-2025,NSE:LGEINDIA,EQ,110286.94,1640.6,4196280,68844.16968,2.45,2.59,6.04,,0.76,-1.68,-1.02,0.44,-0.58,NA,NA,NA,NA,NA,NA,-1,-1,-1,-1,-1,-1,NA,-1,-1,-1,-1,-0.02,-0.34,-0.35,,,,,0,0,0,0,0,0,-2.57,NA,NA,NA,NA,-2.57,NA,NA,NA,NA,NA,NA,NA,NA,NA,1.94,NA,NA,NA,NA,NA,-1.06,0,0,0,0,0.968863,51,-0.82,,,,,,-1.06,96.69,-1.02,-9.66,5.87,0.988423,47
26-11-2025,NSE:STARCEMENT,EQ,9671.46,229.6,274309,629.81346,2.84,2.81,3.12,3L,1.39,0.11,-3.85,-9.45,-10.69,-17.62,-22.96,4.14,6.77,24.66,11.45,-1,-1,-1,EEP,-1,EEP,-1,-1,-1,-1,-1,-0.55,-3.13,-3.57,-6.35,-9.33,7.22,-2.27,0,0,14.29,0,0,4.76,-11.61,-23.15,-23.15,-23.15,-23.15,-11.61,-14.93,-3.83,-7.25,-12.54,-29.32,2.64,9.85,33.02,33.02,2.64,11.92,39.79,27.51,24.01,0,-11.17,-26.73,-0.61,-7.19,15.75,0.968853,51,-8.76,9.63,30.4,-2.28,,,-11.17,-14.39,21.02,-6.92,25.06,1.009382,73
26-11-2025,NSE:INGERRAND,EQ,12229.44,3815.5,11825,451.18288,2.12,2.24,5.21,,-0.89,-1.13,2.72,0.41,-3.43,-4.26,-0.2,-4.99,14.05,-9.57,5.09,-1,-1,-1,-1,-1,-1,-1,-1,-1,-1,-1,-0.79,0,-0.79,-1.39,-2.14,3.38,1.28,0,0,0,0,0,0,-2.63,-8.1,-10.06,-18.04,-22.51,-2.63,-4.95,-9.88,-13.95,-33.4,-15.09,2.79,7.99,21.3,21.3,2.79,11.69,20.48,27.36,4.26,21.39,-3.91,-3.97,-9.74,0.09,-18.48,0.968786,51,-2.2,-0.63,14.63,-4.86,,,-3.91,-0.2,-5.8,8.48,-21.61,0.988253,46
26-11-2025,NSE:CURRENT,SM,294.88,152,67392,102.43584,3.67,4.14,2.66,,1.33,-5,6.61,2.99,-0.66,2.4,NA,NA,NA,NA,NA,-1,-1,-1,-1,-1,-1,-1,-1,-1,-1,-1,0.68,1.13,1.82,2.46,4.39,,,0,0,0,0,0,0,-4.76,NA,NA,NA,NA,-4.76,NA,NA,NA,NA,NA,NA,NA,NA,NA,8.57,NA,NA,NA,NA,NA,-1.14,0,0,0,0,0.968769,51,2.7,,,,,,-1.14,96.69,-1.02,-9.66,5.87,0.988327,47
26-11-2025,NSE:DALBHARAT,EQ,37906.92,2026.6,328580,6659.00228,1.76,1.74,4.98,M,0.33,0.26,-0.47,-1.13,-3.29,-14.52,-15.83,-1.86,11.19,12.58,7.21,-1,-1,-1,-1,-1,-1,-1,-1,-1,-1,-1,0.03,-1.54,-1.49,-5.65,-6.76,4.67,-2.19,0,0,26.98,0,0,26.98,-4.89,-18.16,-18.16,-18.16,-18.16,-4.89,-15.47,-0.06,-3.68,-12.85,-14.22,1.79,1.79,26.1,26.1,1.79,0,46.07,28.44,6.73,5.06,-3.77,-19.6,-6.61,-2.77,3.67,0.968744,51,-4.77,-6.15,32.57,14.72,,,-3.77,-15.46,11.05,3.14,7.44,0.99758,60
26-11-2025,NSE:LANDMARK,EQ,2270.09,540.85,223169,1207.00954,3.83,3.74,9.17,L,0.31,-1.11,-12.32,-14.66,-14.37,-13.1,-4.69,14.62,15.74,-17.07,-32.21,-1,-1,HV2Y,HV2Q,-1,-1,-1,-1,-1,-1,-1,-2.25,-3.6,-5.65,-5.57,-10.63,15.42,5.67,0,0,33.33,0,0,26.98,-14.2,-17.85,-17.85,-21.67,-33.61,-14.2,-6.05,-1.16,-33.12,-44.06,-22.27,0.31,21.33,43.86,43.86,0.31,29.66,50.61,22.84,0.62,15.43,-14.85,-8.46,9.87,1.78,-25.98,0.968679,51,-13.86,24.29,22.09,-24.67,,,-14.85,5.15,17.42,-8.34,-33.08,0.984964,42
26-11-2025,NSE:SUNDARMFIN,EQ,52763.22,4723.8,58617,2768.94985,2.48,2.5,4.33,,-0.85,0.22,0.29,-1.09,0.84,1.67,-5.22,-9.71,0.53,13.13,19.64,-1,-1,-1,-1,-1,EEP,-1,-1,-1,-1,-1,0.02,0.52,0.55,2.15,2.76,-4.15,-1.33,0,0,0,0,0,0,-2.77,-3.18,-10.34,-11.72,-12.02,-2.77,-11.09,-7.11,-3.48,-12.49,-23.57,10.74,10.74,19.04,25.3,3.23,9.81,12.85,30.59,24.63,8.85,0.36,-8.99,-14.46,-13.43,4.22,0.968505,51,0.78,-6.48,4.83,17.35,,,0.36,-9.42,-5.29,-0.32,18.54,0.999188,62
26-11-2025,NSE:RNBDENIMS,EQ,1084.18,129.88,107314,139.37942,6.88,6.7,7.52,,0.08,0.52,3.91,1.57,-0.89,11.43,NA,NA,NA,NA,NA,-1,-1,-1,-1,-1,-1,-1,-1,-1,-1,-1,1.33,0.74,2.09,2.06,4.24,,,0,19.05,63.16,0,0,40.35,-5.04,NA,NA,NA,NA,-5.04,NA,NA,NA,NA,NA,NA,NA,NA,NA,11.45,NA,NA,NA,NA,NA,-1.37,0,0,0,0,0.968488,51,-1.5,,,,,,-1.37,96.69,-1.02,-9.66,5.87,0.98804,46
26-11-2025,NSE:OIL,EQ,70952.63,423.15,2214814,9371.98544,2.11,2.14,3.19,,0.50,-3.24,-4.25,-1.97,0.19,3.91,3.26,-1.93,5.81,-14.86,12.46,-1,-1,-1,HV2Q,-1,-1,-1,-1,-1,-1,-1,-1.11,0,-1.11,1.84,0.75,1.35,2.13,0,0,0,0,0,0,-4.08,-4.08,-12,-18.43,-42.89,-4.08,-5.05,-14.87,-41.79,-46.21,-34.41,8.42,8.42,23.85,23.85,2.52,8.21,19.82,26.24,9.65,33.73,-0.29,-0.51,-6.68,-8.15,-23.77,0.968099,51,2.52,-2.85,3.28,-36.68,,,-0.29,-0.23,-6.38,-2.07,-16.08,0.982648,39
26-11-2025,NSE:TATACAP,EQ,137958.24,324.55,9143193,29674.23288,1.47,1.49,2.84,,-0.14,1.32,-0.2,-1.46,-1.34,NA,NA,NA,NA,NA,NA,-1,-1,-1,-1,-1,-1,NA,-1,-1,-1,-1,0.65,-0.44,0.2,,,,,0,0,9.38,0,0,9.38,-1.98,NA,NA,NA,NA,-1.98,NA,NA,NA,NA,NA,NA,NA,NA,NA,2.41,NA,NA,NA,NA,NA,-1.82,0,0,0,0,0.967958,51,-1.98,,,,,,-1.82,96.69,-1.02,-9.66,5.87,0.9875,46
26-11-2025,NSE:PIDILITIND,EQ,150621.68,1484.4,682598,10132.48471,1.83,1.86,5.39,,1.21,0.52,0.16,1.97,-1.35,-2.36,-4.66,-1.98,6.81,1.04,3.4,-1,-1,-1,-1,-1,-1,-1,-1,-1,-1,-1,0.63,-0.22,0.41,-0.93,-0.51,0.53,0.01,0,0,4.76,0,0,4.76,-1.52,-5.06,-5.06,-7.6,-11.73,-1.52,-3.78,-0.24,-9.99,-17.75,-12.65,2.88,3.84,11.7,11.7,2.88,5.24,16.9,13.91,2.48,8.83,-1.83,-8.43,-6.73,-7.15,-7.87,0.967874,51,-0.51,4.13,12.22,-3.18,,,-1.83,-6.57,1.54,-1.04,-0.33,0.98969,49
26-11-2025,NSE:CHALET,EQ,19058.43,876.7,166591,1460.5033,2.45,2.47,3.6,2L,-0.59,-1.06,-3.47,-9.75,-7.84,-15.42,-17.8,-5.02,23.8,3.95,16.13,-1,-1,-1,-1,-1,HV2Y,-1,-1,-1,-1,-1,-1.42,-1.78,-3.15,-4.82,-7.61,6.52,-1.17,0,0,26.98,0,0,20.63,-9.2,-17.65,-17.65,-17.65,-17.65,-9.2,-11.2,0,-9.47,-34.31,-7.95,0.66,2.17,31.23,31.23,0.66,8.89,47.18,37.82,0,17.55,-8.32,-21.57,-9.77,9.84,-4.96,0.967871,51,-5.78,2.82,47.18,15.89,,,-8.32,-12.55,9.83,17.78,-20.18,0.997625,61
26-11-2025,NSE:VINDHYATEL,EQ,1919.84,1523,24306,370.18038,3.95,4.04,17.95,,0.68,-3.6,10.01,10.13,7.62,3.2,1.33,-6.92,8.24,-27.28,-37.37,HV2Y,HV2Y,-1,-1,HV2Q,-1,-1,-1,-1,-1,-1,0.27,2.16,2.48,3,5.65,-3.91,1.67,0,0,0,0,0,0,-5.71,-5.71,-14.05,-32.32,-51.54,-5.71,-11.9,-15.19,-36.26,-55.54,-38.32,13.84,13.84,30.01,30.01,13.84,3.02,28.29,39.01,0,2.11,7.14,-2.44,-11.67,-5.72,-36.19,0.967732,51,9.11,-11.65,2.37,-35.37,,,7.14,-10.13,-9.38,4.52,-32.84,0.978369,34
26-11-2025,NSE:DDEVPLSTIK,EQ,3042.21,277.35,142936,396.433,4.37,4.34,4.29,,1.65,-0.65,-4.69,-7.03,-10.29,-25.58,-14.57,3.75,20.28,NA,NA,-1,-1,-1,HV2Y,EEP,EEP,-1,-1,-1,-1,-1,-2.06,-2.4,-4.36,-8.05,-11.49,8.73,-3.01,0,0,46.03,0,0,25.4,-9.23,-20.92,-20.92,NA,NA,-9.23,-12.77,-3.52,-14.56,NA,NA,1.65,7.42,NA,NA,1.65,8.82,45.99,22.65,NA,NA,-10.77,-18.34,-1,6.32,0,0.967729,51,-9.23,-1.53,22.49,,,,-10.77,-7.18,14.97,7.52,105.87,1.007402,70
26-11-2025,NSE:RPGLIFE,EQ,3812.24,2231.7,14784,329.93453,2.64,2.6,5.06,2M,-0.87,-0.91,-5.55,-10.35,-6.69,-7.29,-5.17,3.19,2.06,8.94,34.42,-1,-1,-1,-1,-1,HV2Q,-1,-1,-1,-1,-1,-1.81,-1.48,-3.24,-1.3,-4.49,1.56,-2.97,0,0,0,0,0,0,-9.38,-9.38,-16.03,-16.03,-21.1,-9.38,-4.45,-11.69,-23.62,-22.72,-28.15,0.3,4.2,13.31,59.62,0.3,6.57,19.17,9.69,57.14,46.1,-7.17,-8.94,-1.56,-11.9,0.03,0.96772,51,-6.13,-4.45,1.33,1.41,,,-7.17,-1.89,6.93,-10.84,12.89,0.995247,57
26-11-2025,NSE:SOLARWORLD,EQ,2590.65,294.55,975889,2874.48105,4.47,4.44,4.38,S,1.52,-3.41,1.22,-4.94,-1.65,NA,NA,NA,NA,NA,NA,-1,-1,-1,-1,-1,-1,NA,-1,-1,-1,-1,-0.77,-1.72,-2.44,,,,,0,0,5.13,0,0,5.13,-12.96,NA,NA,NA,NA,-12.96,NA,NA,NA,NA,NA,NA,NA,NA,NA,1.73,NA,NA,NA,NA,NA,-2.13,0,0,0,0,0.967598,51,-1.67,,,,,,-2.13,96.69,-1.02,-9.66,5.87,0.987132,45
26-11-2025,NSE:PAISALO,EQ,3106.02,35.97,10736390,3861.87948,5.12,4.92,6.5,,3.96,5.09,7.23,-6.81,-10.56,-9.59,15.74,10.23,-12.4,-22.63,-88.49,-1,-1,-1,-1,-1,-1,-1,-1,-1,-1,-1,3.22,-1.92,1.27,-5.61,-4.1,7.88,4.1,0,4.76,47.62,0,0,11.11,-8.87,-12.63,-12.63,-41.88,-58.25,-8.87,-3.4,-26.29,-49.4,-57.64,-53.79,19.54,21.93,21.93,21.93,11.12,32.17,2.75,5.87,0.22,5.98,-11.04,11.97,5.48,-26.36,-31.54,0.967503,51,-8.87,22.29,-26.29,-49.01,,,-11.04,20.48,-7.55,-34.87,-3.23,0.986989,45
26-11-2025,NSE:ZFCVINDIA,EQ,24200.74,12893,14504,1870.00072,2.76,2.74,6,,0.83,-0.54,0.3,0.32,-0.16,-0.4,-14.57,-1.12,22.15,-15.46,-20.26,-1,-1,-1,-1,-1,-1,-1,-1,-1,-1,-1,0.29,-0.07,0.22,-1.1,-0.87,1.02,0.15,0,0,7.94,0,0,0,-1.18,-9.65,-12.71,-13.68,-27.17,-1.18,-12.57,0,-24.23,-43.31,-15.92,3.77,3.77,30.71,30.71,3.77,3.51,38.1,32.18,1.75,14.48,-0.64,-18.34,-5.87,8.19,-24.37,0.967421,50,-0.19,-4.76,37.1,-16.46,,,-0.64,-17.69,10.71,13.36,-42.44,0.986609,45
26-11-2025,NSE:ATLANTAELE,EQ,7535.87,966.05,724957,7003.4471,5.73,5.54,4.01,,-0.71,4.43,-4.68,-3.83,-2.02,NA,NA,NA,NA,NA,NA,-1,-1,-1,-1,-1,-1,NA,-1,-1,-1,-1,-0.37,0.02,-0.35,,,,,0,42.86,68.29,0,4.76,31.71,-10.54,NA,NA,NA,NA,-10.54,NA,NA,NA,NA,NA,NA,NA,NA,NA,4.63,NA,NA,NA,NA,NA,-2.5,0,0,0,0,0.967163,50,0.16,,,,,,-2.5,96.69,-1.02,-9.66,5.87,0.986689,45
26-11-2025,NSE:FINEORG,EQ,14072.93,4464.1,11767,525.29065,2.47,2.48,5.2,,1.23,-4.29,4.36,1.31,-0.77,-5.95,-7.09,-4.11,13.65,-5.13,9.09,-1,-1,-1,-1,HV2Q,-1,-1,-1,-1,-1,-1,-0.65,0.08,-0.57,-1.47,-2.01,0.47,-1.54,0,0,0,0,0,0,-4.95,-9.21,-18.19,-18.19,-23.98,-4.95,-15.17,-12.39,-17.86,-34.36,-20.08,6.21,6.21,27.43,27.43,6.21,0.89,36.46,32.67,0,16.32,-1.25,-10.86,-8.86,-0.31,-14.04,0.967114,50,-1.02,-13.4,24.34,-16.05,,,-1.25,-9.58,1.76,7.4,-15.88,0.987916,46
26-11-2025,NSE:ITCHOTELS,EQ,43716.46,209.35,2689817,5631.13189,1.73,1.71,7.16,,0.90,-0.06,0.64,-2.65,-5.09,-9.03,-16.39,-1.91,20.63,NA,NA,-1,-1,-1,-1,HV2Y,-1,-1,-1,-1,-1,-1,0.08,-1.05,-0.96,-3.7,-4.5,3.61,-0.92,0,0,19.05,0,0,1.59,-4.81,-16.48,-17.82,NA,NA,-4.81,-12.23,-4.35,-0.8,NA,NA,1.81,1.81,NA,NA,1.81,4.65,51.88,32.98,NA,NA,-5.57,-20.16,-6.66,6.67,0,0.967079,50,-4.81,-8.59,48.03,,,,-5.57,-14.07,11.42,12.45,105.87,1.008012,71
26-11-2025,NSE:ABCOTS,EQ,898.42,412.15,32059,132.13117,4.56,4.46,6.9,,0.82,-1.03,1.54,-2.51,-2.11,-9.69,NA,NA,NA,NA,NA,-1,-1,-1,-1,-1,-1,NA,-1,-1,-1,-1,-0.29,-0.61,-0.9,,,,,0,0,0,0,0,0,-2.53,NA,NA,NA,NA,-2.53,NA,NA,NA,NA,NA,NA,NA,NA,NA,1.56,NA,NA,NA,NA,NA,-2.59,0,0,0,0,0.967055,50,-2.4,,,,,,-2.59,96.69,-1.02,-9.66,5.87,0.986579,45
26-11-2025,NSE:PACEDIGITK,EQ,4610.58,215.86,4032497,8704.54802,3.83,3.87,6.94,,-0.58,-0.67,-0.86,-1.39,-2.12,NA,NA,NA,NA,NA,NA,-1,-1,-1,-1,-1,-1,NA,-1,-1,-1,-1,-0.87,0.23,-0.64,,,,,0,0,0,0,0,0,-4.42,NA,NA,NA,NA,-4.42,NA,NA,NA,NA,NA,NA,NA,NA,NA,2.73,NA,NA,NA,NA,NA,-2.6,0,0,0,0,0.967043,50,-0.4,,,,,,-2.6,96.69,-1.02,-9.66,5.87,0.986566,44
26-11-2025,NSE:KAJARIACER,EQ,17838.5,1096,175543,1923.95128,2.34,2.33,3.41,3L,0.77,0.83,-0.82,-6.54,-10.81,-10.68,-15.29,6.77,20.55,-4.1,-7.41,-1,-1,-1,-1,-1,-1,-1,-1,-1,-1,-1,-0.47,-2.36,-2.77,-4.7,-7.13,10.06,3.26,0,0,1.59,0,0,0,-9.95,-13.13,-16.28,-16.28,-29.2,-9.95,-7.23,-3.48,-33.99,-43.75,-26.3,1.66,8.26,40.61,40.61,1.66,4.46,62.11,31.09,0,1.16,-11.29,-19.06,2.02,6.59,-13.01,0.966896,50,-9.93,3.76,43.47,-24.27,,,-11.29,-7.35,18.12,5.12,-25.15,0.990191,50
26-11-2025,NSE:CIPLA,EQ,124105.97,1523.8,1389948,21180.02762,1.49,1.53,3.47,,1.08,-0.2,0.3,1.35,-3.95,-0.93,-5.08,2.84,2.74,3.83,2.35,-1,-1,-1,-1,-1,-1,-1,-1,-1,-1,-1,0.32,-0.5,-0.17,-0.84,-1,1.93,0.94,0,0,11.11,0,0,11.11,-3.62,-8.4,-8.4,-8.4,-9.32,-3.62,-4.78,0,-11.9,-11.81,-12.79,2.41,4.06,10.05,13.75,1.5,6.61,15.64,6.92,10.64,9.4,-4.43,-8.85,-1.91,-11.22,-5.08,0.966857,50,-2.83,3.36,9.36,-6.64,,,-4.43,-4.4,6.52,-9.77,6.99,0.990911,51
26-11-2025,NSE:OPTIVALUE,SM,203.68,85.85,48800,41.8948,3.68,3.9,4.25,,-1.89,-2.39,-2.27,-1.46,-2.39,-19.69,NA,NA,NA,NA,NA,-1,-1,-1,-1,-1,-1,-1,-1,-1,-1,-1,-2.14,-0.84,-2.95,-4.31,-6.96,,,0,0,1.89,0,0,1.89,-5.5,NA,NA,NA,NA,-5.5,NA,NA,NA,NA,NA,NA,NA,NA,NA,0,NA,NA,NA,NA,NA,-2.87,0,0,0,0,0.966734,50,-3.27,,,,,,-2.87,96.69,-1.02,-9.66,5.87,0.986251,44
26-11-2025,NSE:PYRAMID,EQ,585.28,161.85,26237,42.46458,3.94,3.9,4.85,L,-1.82,3.51,4.32,0.7,0.83,-1.83,0.26,2.08,4.61,-16.06,9.33,-1,-1,-1,-1,HVQ,-1,-1,-1,-1,-1,-1,-0.07,0.59,0.52,-0.43,0.09,-1.45,-1.34,0,0,0,0,0,0,-3.95,-8.06,-12.08,-28.18,-33.22,-3.95,-8.82,-12.31,-34.61,-36.3,-22.5,6.19,6.19,18.92,18.92,6.19,4.66,18.61,16.45,12.12,36.41,0.35,-3.51,-2.67,-9.35,-24.97,0.966724,50,1.97,-3.64,4,-14.72,,,0.35,-3.88,0.8,-7.07,-15.8,0.980156,36
26-11-2025,NSE:PLATIND,EQ,1444.8,277.2,403400,1118.2248,2.97,2.96,4.73,,1.33,1.17,3.1,0.61,1.42,-16.97,0,5.03,14.63,-48.86,33.06,-1,-1,HV2Y,HVQ,HVQ,-1,-1,-1,-1,-1,-1,1.84,-0.22,1.62,-4.22,-2.5,3.2,0.73,0,0,9.52,0,0,3.17,-0.02,-14.73,-14.73,-44.23,-44.23,-0.02,-15.95,-12.58,-47.03,-52.38,-12.36,7.05,9.76,19.82,61.73,7.05,4.33,19.82,13.79,38.07,140.75,0.94,-3.77,0.28,0.67,-57.77,0.966476,50,0.98,-7.97,9.31,-36.91,,,0.94,-4.76,4.01,0.44,-68.5,0.971834,25
26-11-2025,NSE:IPCALAB,EQ,36964.7,1408.9,281834,3970.75923,4.1,4.05,5.79,,0.19,-2.73,4.83,8.1,7.87,4.29,0.64,-3.6,-4.55,-11.69,17.27,EEP,EEP,-1,-1,-1,-1,-1,-1,-1,-1,-1,-0.03,2,2.01,2.84,4.99,-3.57,1.38,0,0,0,0,0,0,-4.78,-4.78,-8.56,-19.22,-19.22,-4.78,-15.14,-9.14,-16.31,-15.54,-7.61,11.05,11.05,11.05,29.48,10.83,2.31,8.18,12.8,35.37,44.61,7.39,-3.13,-8.35,-18.51,-20.6,0.966445,50,9.57,-13.98,-4.63,4.04,,,7.39,-11.16,-5.28,-10.58,-0.95,0.98163,38
26-11-2025,NSE:SATKARTAR,SM,300.73,183.55,30400,55.7992,6.48,6.46,1.94,S,-1.18,-3.41,2.97,-2.45,-4.44,13.05,7.41,0.82,-11.03,NA,NA,-1,HVQ,-1,HVQ,-1,-1,-1,-1,-1,-1,-1,-0.63,1,0.37,6.01,6.79,0.71,7.55,20,4.76,1.59,0,0,0,-6.87,-6.87,-16.78,NA,NA,-6.87,0,-22.94,-20.05,NA,NA,26.59,26.59,NA,NA,4.71,32.21,24.83,33.71,NA,NA,-4.92,3.64,-3.93,-24.99,0,0.966376,50,-0.24,10.17,-10.55,,,,-4.92,8.04,-8.14,-21.61,105.87,0.984713,42
26-11-2025,NSE:HDBFS,EQ,61387.94,754.85,1014301,7656.4511,1.82,1.83,5.58,,-0.10,1.71,3.84,3.09,2.89,-2.39,-5.99,NA,NA,NA,NA,-1,-1,-1,-1,-1,-1,-1,-1,-1,-1,-1,1.53,0.46,1.99,-0.87,1.11,,,0,0,0,0,0,0,-0.1,-4.82,NA,NA,NA,-0.1,-8.37,NA,NA,NA,NA,6.03,NA,NA,NA,6.03,0.4,NA,NA,NA,NA,2.41,-9.76,0,0,0,0.966318,50,3.03,-3.64,,,,,2.41,-12.45,98.98,-9.66,5.87,0.982458,38
26-11-2025,NSE:DENTALKART,SM,1005.53,600,14400,86.4,2.63,2.63,5.43,,0.04,-0.42,4.42,-0.83,-1.11,-3,-0.38,0,4.24,-7.84,23.6,-1,-1,-1,-1,HVQ,-1,-1,-1,-1,-1,-1,0.81,-0.06,0.75,-1.08,-0.33,-2.47,-2.73,0,0,0,0,0,0,-1.56,-5.13,-8.63,-25.27,-25.27,-1.56,-7.62,-12.7,-25.27,-28.44,-7.01,4.63,4.63,6.28,25.33,4.63,4.78,4.45,9.35,33.41,50.25,-1.59,-4.15,-4.75,-9.72,-16.75,0.96624,50,-0.67,-0.39,-1.67,4.2,,,-1.59,-2.59,-0.64,-5.42,-6.75,0.984526,41
26-11-2025,NSE:DIVGIITTS,EQ,2027.65,591.3,10149,60.01104,3.62,3.55,6.61,,0.34,-5.4,-8.61,-4.43,-7.59,-13.7,-14.15,5.87,20.46,-10.47,-25.6,-1,-1,-1,-1,-1,-1,-1,-1,-1,-1,-1,-3.56,-1.44,-4.93,-2.81,-7.53,9.98,2.72,0,0,17.46,0,0,9.52,-10.12,-13.06,-13.06,-15.82,-29.87,-10.12,-6.46,-0.75,-20.76,-45.16,-23.84,0.34,7.18,39.92,39.92,0.34,4.8,59.71,31.71,3.43,12.42,-8.07,-17.92,1.12,6.5,-19.38,0.966212,50,-5.47,-1.37,38.98,-11.62,,,-8.07,-9.4,16.51,5.84,-33.02,0.986823,45
26-11-2025,NSE:SHANTIGOLD,EQ,1639.1,217.41,792348,1722.64379,4.14,4.19,4.44,S,1.86,-4.07,-5.17,-11.11,2.31,-2.64,-5.54,NA,NA,NA,NA,-1,-1,-1,-1,-1,-1,-1,-1,-1,-1,-1,-1.46,-0.66,-2.1,1.47,-0.65,,,0,0,0,0,0,0,-11.48,-11.48,NA,NA,NA,-11.48,-16.05,NA,NA,NA,NA,8.91,NA,NA,NA,3.59,6.4,NA,NA,NA,NA,1.83,-9.31,0,0,0,0.966061,50,2.66,,,,,,1.83,-11.35,98.98,-9.66,5.87,0.982859,39
26-11-2025,NSE:TRANSRAILL,EQ,8752.15,651.65,994946,6483.56561,3.84,3.89,22.84,,0.80,3.01,0.48,-8.99,-11.94,-16.97,-15.99,5.63,19.84,NA,NA,-1,-1,-1,EEP,-1,HV2Y,-1,-1,-1,-1,-1,0.29,-2.83,-2.47,-7.51,-9.28,10.58,1.45,0,0,12.7,0,0,3.17,-11.49,-18.48,-19.07,NA,NA,-11.49,-9.41,-6.13,-9.19,NA,NA,4.33,7.08,NA,NA,4.33,8.44,71.14,39.24,NA,NA,-12.42,-19.76,0.88,5.88,0,0.96599,50,-11.08,5.21,36.2,,,,-12.42,-6.93,17.62,5.4,105.87,1.006803,70
26-11-2025,NSE:SONACOMS,EQ,30215.64,507.2,2559213,12980.32834,2.45,2.44,5.92,,1.18,0.05,1.86,4.61,4.6,17.82,11.05,-7.44,0.13,-34.84,-26.5,-1,-1,-1,EEP,EEP,-1,-1,-1,-1,-1,-1,1.54,1.93,3.54,6.29,10.49,-3.92,6.32,100,52.38,17.46,100,42.86,14.29,-0.09,-0.09,-6.76,-26.4,-32.39,-0.09,0,-17.22,-27.36,-32.48,-8.84,25.16,25.16,25.16,25.16,7.29,19.4,10.96,34.03,4.34,19.85,4.12,7.28,-12.19,-13.83,-43.75,0.965911,50,4.72,3.07,-11.43,-21.02,,,4.12,3.45,-21.81,-2.61,-29.14,0.976489,30
26-11-2025,NSE:BUTTERFLY,EQ,1301.45,709.9,15620,110.88638,3.64,3.71,11.47,2M,1.17,-2,-2.28,-5.72,1.08,-1.66,-5.4,-8.49,14.86,-10.73,-13.62,-1,-1,-1,-1,EEP,-1,-1,-1,-1,-1,-1,-0.56,-0.68,-1.23,0.72,-0.52,3.09,2.65,0,0,0,0,0,0,-8.47,-8.47,-10.33,-13.62,-39.63,-8.47,-7.43,-6.6,-34.51,-48.6,-33.16,4.08,4.08,27.91,27.91,1.26,2.96,34.81,38.77,0,10.34,0.6,-9.17,-13.24,0.9,-19.64,0.965804,49,-1.37,-5.03,22.99,-12.13,,,0.6,-9.85,-3.95,11.86,-24.18,0.987013,45
26-11-2025,NSE:GANESHCP,EQ,1140.05,270.05,410297,1108.00705,4.32,4.24,5.39,,0.22,-0.98,-5.31,-1.61,-3.22,NA,NA,NA,NA,NA,NA,-1,-1,-1,-1,-1,-1,NA,-1,-1,-1,-1,-0.97,-1.8,-2.72,,,,,0,0,0,0,0,0,-7.93,NA,NA,NA,NA,-7.93,NA,NA,NA,NA,NA,NA,NA,NA,NA,5.39,NA,NA,NA,NA,NA,-3.7,0,0,0,0,0.965778,49,-4.71,,,,,,-3.7,96.69,-1.02,-9.66,5.87,0.985276,43
26-11-2025,NSE:IT,EQ,450.21,40.87,621279,253.91673,2.23,2.22,4.49,,1.44,0.78,1.52,5.51,3.52,6.85,3.23,1.13,-8.91,-9.66,3.52,-1,-1,-1,-1,-1,-1,-1,-1,-1,-1,-1,1.63,1.12,2.78,2.21,5.1,-2.32,2.72,0,0,0,0,0,0,0,0,-4.08,-16.69,-16.69,0,-1.35,-10.05,-17.63,-9.27,-2.99,11.58,11.58,16.74,18.98,6.85,7.64,12.97,15.42,29.58,30.48,3.04,-0.54,-3.62,-22.87,-18.57,0.965651,49,4.02,1.78,-9.91,-8.68,,,3.04,-3.61,-3.19,-19.81,5.17,0.982948,39
26-11-2025,NSE:JCHAC,EQ,4760.04,1716,20680,354.8688,0.67,0.72,8.06,,-1.73,-2.1,-1.95,-1.84,-0.15,-1.22,-2.4,-0.63,4.83,-6.87,41.54,-1,-1,-1,-1,-1,-1,-1,-1,-1,-1,-1,-1.56,0.08,-1.48,0.27,-1.21,-0.1,-1.31,0,0,0,0,0,0,-2.15,-2.86,-5.44,-13.26,-33.95,-2.15,-2.71,-4.69,-33.53,-37.13,-29.41,0.05,2.38,5.73,79.86,0.05,0.15,8.26,6.39,71.17,92.21,-0.63,-6.17,-5.38,-9.13,-15.78,0.965641,49,-0.15,-1.24,7.09,-7.92,,,-0.63,-5.55,0.7,-4.24,-6.42,0.9846,42
26-11-2025,NSE:ITIETF,EQ,515.51,40.99,984566,403.5736,1.74,1.75,3.43,,1.28,0.59,1.54,5.44,3.2,6.9,3.76,0.98,-9.25,-9.76,3.46,-1,-1,-1,-1,-1,-1,-1,-1,-1,-1,-1,1.56,1.12,2.71,2.26,5.08,-2.25,2.77,0,0,0,0,0,0,0,0,-3.94,-16.99,-16.99,0,-0.82,-10.83,-17.8,-9.32,-2.93,11.6,11.6,16.81,18.85,6.22,8.03,12.43,15.67,29.83,30.44,2.72,-0.01,-3.77,-23.21,-18.67,0.965484,49,4.06,2.19,-10.83,-8.56,,,2.72,-2.73,-3.91,-19.98,5.4,0.983062,39
26-11-2025,NSE:TECH,EQ,220.76,40,84028,33.6112,2.09,2.12,4.65,,1.42,0.72,1.3,5.4,3.6,6.68,3.52,0.78,-9.45,-9.7,3.37,-1,-1,-1,-1,-1,-1,-1,-1,-1,-1,-1,1.56,1.07,2.66,2.18,4.95,-2.35,2.54,0,0,0,0,0,0,0,0,-4.01,-16.96,-16.96,0,-1.46,-10.46,-17.6,-9.11,-3.18,11.39,11.39,16.48,17.72,5.96,7.38,12.38,15.58,28.84,29.13,3.12,-0.25,-3.97,-23.41,-18.61,0.965423,49,4.17,1.58,-10.42,-8.82,,,3.12,-3.39,-3.87,-19.96,5.64,0.983003,39
26-11-2025,NSE:WSI,EQ,519.02,78.44,96185,75.44751,4.71,4.64,10.95,S,0.54,-2.37,-5.15,-3.86,-4.74,4.08,4.72,6.94,9.73,-38.56,-69.05,-1,-1,-1,-1,-1,-1,-1,-1,-1,-1,-1,-1.25,-0.48,-1.72,1.83,0.11,-0.81,-0.7,0,0,0,0,0,0,-8.58,-8.58,-21.17,-40.54,-56.79,-8.58,-8.95,-24.88,-56.28,-60.99,-40.13,8.97,14.19,21.09,21.09,0.84,14.29,15.38,12.69,0,0,-5.22,0.95,2.19,-4.23,-47.47,0.965298,49,-5,-6.85,-8.06,-54.25,,,-5.22,5.72,1.31,-6.66,-47.63,0.974697,28
26-11-2025,NSE:FIVESTAR,EQ,18669.68,605,2472564,14959.0122,4.91,4.88,14.23,S,-0.16,-0.78,-1.65,-7.31,12.63,13.62,4.71,-17.03,-15.34,-6.07,-2,-1,EEP,-1,HV2Q,EEP,-1,-1,-1,-1,-1,-1,-1.44,0.97,-0.47,6.34,6.27,-15.92,-8.33,0,0,0,0,0,0,-8.33,-8.33,-24.46,-28.28,-32.81,-8.33,-23.39,-31.66,-21.36,-22.5,-28.73,18.57,18.57,18.57,18.57,12.65,3.6,0.8,12.17,14.41,5.22,12.15,0.94,-21.78,-29.3,-14.98,0.965275,49,12.65,-23.39,-14.93,-3.97,,,12.15,-12.37,-23.84,-8.21,13.9,0.988403,47
26-11-2025,NSE:NSIL,EQ,3564.5,6810.5,21084,1435.92582,3.15,3.44,6.62,2L,1.32,-0.09,-2.91,0.32,-19.55,-10.91,1.62,-2.9,28.11,-31.11,53.13,-1,-1,HV2Q,-1,HVQ,-1,-1,-1,-1,-1,-1,-0.61,-2.62,-3.16,-5.05,-7.81,8.04,0.26,0,4.76,38.1,0,0,17.46,-16.51,-18.66,-18.66,-24.51,-27.72,-16.51,-2.76,-11.73,-25.62,-48.04,-5.23,2.96,4.07,43.68,115.85,2.96,24.42,41.35,57.78,58.26,188.62,-20.03,-2.15,-7.65,14.15,-40.02,0.965259,49,-16.51,17.9,31.56,48.85,,,-20.03,14.4,-5.62,20.47,-76.5,0.995542,57
26-11-2025,NSE:ITBEES,EQ,3007.57,40.98,10621622,4352.7407,2.03,2.04,4.39,,1.39,0.63,1.12,5.34,3.29,6.76,3.51,0.85,-9.08,-9.88,3.17,-1,-1,-1,-1,-1,-1,-1,-1,-1,-1,-1,1.51,1.08,2.62,2.22,4.95,-2.29,2.6,0,0,0,0,0,0,0,0,-4.19,-17.2,-17.2,0,-1.22,-10.58,-17.9,-9.68,-2.85,11.51,11.51,16.42,18.1,6.17,7.84,12.33,15.43,28.82,29.77,2.81,-0.26,-3.9,-23.04,-18.79,0.965233,49,3.96,2.01,-10.58,-8.57,,,2.81,-3.08,-3.78,-19.68,5.13,0.982882,39
26-11-2025,NSE:GANDHITUBE,EQ,952.72,764.35,19651,150.20242,3.11,3.09,5.3,S,1.20,-1.62,-2.43,-12.03,-15.36,-18.91,-13.04,5.48,18.92,1.41,4.75,-1,-1,HV2Y,HV2Q,HVQ,HV2Y,-1,-1,-1,-1,-1,-1.56,-3.75,-5.12,-8.98,-12.94,13.81,1.01,0,0,42.86,0,0,11.11,-13.92,-23.85,-23.85,-23.85,-23.85,-13.92,-12.16,0,-19.85,-31.26,-12.55,1.33,10.4,28.95,28.95,1.33,27.36,45.76,21.89,0,10.18,-15.84,-16.81,0.73,4.96,-7.5,0.965205,49,-13.92,17.18,43.38,-9.35,,,-15.84,-1.3,15.36,4.57,-15.73,0.993343,54
26-11-2025,NSE:ZENTEC,EQ,13083.98,1406.8,490861,6905.43255,3.31,3.53,8.27,,0.67,0.36,1.17,-0.01,4.76,-8.98,-9.44,-36.32,30.91,-26.67,39.21,-1,-1,-1,-1,-1,-1,-1,-1,-1,-1,-1,0.23,0.14,0.38,-1.94,-1.54,-8.3,-9.08,0,0,0,0,0,0,-2.94,-13.23,-36.9,-45.41,-45.41,-2.94,-24.71,-30.95,-25.58,-62.28,-9.98,5,5,44.73,59.32,4.92,0,47.9,97.3,13.91,108.83,4.28,-13.21,-41.07,16.95,-35.58,0.965203,49,4.92,-24.71,44,9.36,,,4.28,-18.22,-25.58,39.66,-77.46,1.012702,75
26-11-2025,NSE:INDIAMART,EQ,14875.37,2339.5,97546,2282.08867,2.16,2.15,11.17,,-0.85,-3.15,-7.05,-5.5,-4.94,-1.59,-12.74,1.37,11.57,3.66,-12.32,-1,-1,-1,HVQ,-1,-1,-1,-1,-1,-1,-1,-1.87,-1,-2.84,-0.45,-3.28,2.04,-1.26,0,0,6.35,0,0,0,-6.59,-11.87,-14.67,-14.67,-25.79,-6.59,-8.07,-3.79,-26.25,-34.37,-28.5,1.39,1.39,21.49,21.49,1.39,5.38,36.97,19.82,0.12,0.53,-5.42,-16.51,-3.38,-2.39,-5.25,0.965198,49,-5.68,-4.12,27.78,-20.86,,,-5.42,-10.74,11.5,0.68,-3.08,0.991032,51
26-11-2025,NSE:FELIX,SM,311.43,169.9,42600,72.3774,4.03,3.99,6.97,2L,0.74,-6.06,-1.74,-1.32,-4.27,-17.27,-3.33,2.74,9.74,-10.8,-98.15,-1,-1,-1,-1,-1,2,-1,-1,-1,-1,-1,-2.57,-1.36,-3.88,-4.88,-8.35,7.72,-0.69,0,0,20.63,0,0,0,-6.52,-19.34,-19.34,-19.34,-61.35,-6.52,-15.9,-13.18,-46.25,-65.11,-57.17,0.74,5.76,49.49,49.49,0.74,3.51,54.47,45.4,4.25,0.48,-4.75,-7.1,-2.01,-4.22,-19.71,0.965155,49,-5.35,-8.21,13.55,-43.46,,,-4.75,-2.41,4.85,-2.46,-16.89,0.983559,40
26-11-2025,NSE:AWL,EQ,35741.16,264.25,4397230,11619.68028,2.85,2.79,6.33,,-2.65,-4.37,-3.27,-4.96,-0.55,4.33,1.74,-1.27,3.03,-11.6,-30.24,-1,-1,-1,EEP,-1,-1,-1,-1,-1,-1,-1,-2.89,0.2,-2.7,1.57,-1.15,1.49,0.34,60,38.1,12.7,60,38.1,12.7,-4.81,-4.81,-5.79,-20.06,-32.85,-4.81,-1.99,-9.01,-29.67,-34.89,-25.07,5.87,5.87,12.09,12.09,0,6.45,8.25,13.51,8.7,0,-1.03,-2.03,-6.02,-10.93,-20.51,0.965075,49,-1.56,-1.65,2.35,-29.67,,,-1.03,-1.03,-4.08,-5.42,-9.21,0.982881,39
26-11-2025,NSE:STARTECK,EQ,293.4,293.85,13340,39.19959,3.64,3.58,5.19,S,-0.09,-2.26,-1.89,-1.51,-2.09,-9.75,-9.05,-1.67,2.23,9.26,-7.23,-1,-1,-1,-1,HVQ,HVQ,-1,-1,-1,-1,-1,-1.2,-0.75,-1.93,-2.38,-4.22,1.53,-2.73,0,0,7.94,0,0,0,-3.48,-9.53,-12.26,-12.26,-16.23,-3.48,-10.42,-4.31,-9.85,-18.1,-23.98,0,4.65,10.43,39.8,0,0.05,14.63,17.07,36.68,26.86,-2.57,-12.82,-6.42,-11.73,0.35,0.964976,49,-2.23,-1.94,12.58,16.18,,,-2.57,-10.13,5.75,-5.83,13.06,0.994191,55
26-11-2025,NSE:ELECTHERM,EQ,1134.24,872.5,23233,202.70793,5.3,5.1,2.58,S,3.54,1.75,-3.95,-18.61,-11.9,-24.87,5.94,-22.44,20.53,-8.57,37.13,-1,-1,-1,-1,-1,2,-1,-1,-1,-1,-1,-1.16,-4.23,-5.17,-9.31,-13.25,3.31,-10.28,0,0,0,0,0,0,-15.69,-24.87,-30.65,-39.18,-39.18,-15.69,-15.92,-34.77,-25.53,-51.66,-21.74,7.15,17.03,25.83,68.97,3.54,30.96,15.03,54.07,34.29,83.46,-12.38,2.17,-27.19,6.57,-17.48,0.964941,49,-11.4,-4.56,12.73,6.51,,,-12.38,12.63,-31.19,25.43,-30.75,1.006285,70
26-11-2025,NSE:GODREJCP,EQ,117626.11,1154.2,1672045,19298.74339,2.06,2.17,5.95,,0.85,1.24,1.59,-0.8,2.56,-2.76,-9.31,-10,12.01,-2.12,-5.07,-1,-1,-1,HV2Q,-1,-1,-1,-1,-1,-1,-1,1.49,-0.05,1.43,-1.2,0.23,-2.67,-2.37,0,0,0,0,0,0,-2.07,-10.1,-10.79,-11.18,-23.9,-2.07,-12.39,-2.91,-16.11,-33.04,-22.29,4.79,4.79,16.56,16.56,4.28,2.12,27.41,28.21,0,1.37,2.08,-13.08,-14.75,-1.95,-11.03,0.964773,49,3.47,-7.59,23.15,-11.85,,,2.08,-15.49,-1.65,10.35,-10.2,0.989797,49
26-11-2025,NSE:AMRUTANJAN,EQ,2053.09,684.9,16579,113.54957,2.4,2.43,5.61,3L,0.25,-2.64,-4.2,-4.53,-5.14,-9.16,-3.45,-6.31,12.65,-3.01,12.33,-1,-1,-1,-1,-1,-1,-1,-1,-1,-1,-1,-1.78,-1.16,-2.91,-2.07,-4.88,4.14,-0.77,0,0,19.05,0,0,15.87,-7.63,-10.86,-10.86,-10.86,-17.71,-7.63,-6.28,-3.77,-12.51,-28.12,-15.23,0.25,4.37,18.55,18.55,0.25,9.73,22.63,26.02,0,17.5,-5.62,-7.22,-11.06,-1.31,-11.92,0.96473,49,-7.61,6.01,16.79,-3.98,,,-5.62,-1.7,-3.79,8.17,-12.06,0.990293,50
26-11-2025,NSE:BELLACASA,EQ,571.65,417.15,17240,71.91666,6.01,5.99,7.73,,-0.95,-1.93,3.6,-7.89,-7.47,2.76,2.84,NA,NA,NA,NA,-1,-1,-1,-1,-1,-1,-1,-1,-1,-1,-1,-0.65,-0.87,-1.51,0.02,-1.5,,,0,9.52,11.11,0,4.76,7.94,-9.9,-11.56,NA,NA,NA,-9.9,-4.96,NA,NA,NA,NA,10.02,NA,NA,NA,6.61,22.14,NA,NA,NA,NA,-7.95,-0.93,0,0,0,0.964683,49,-5.19,6.08,,,,,-7.95,6.28,98.98,-9.66,5.87,0.993661,55
26-11-2025,NSE:BCONCEPTS,BE,430.5,332.5,34504,114.7258,5.28,5.13,17.32,2M,1.17,1.67,-5.01,-12.06,-3.59,-19.52,14.99,-0.75,-4.75,-32,-120.75,-1,-1,HV2Q,-1,HVQ,-1,-1,-1,-1,-1,-1,-0.68,-1.37,-2.02,-0.84,-2.84,0.48,-2.37,0,14.29,4.76,0,0,0,-10.76,-16.33,-16.33,-39.76,-57.56,-10.76,-13.32,-31.03,-53.26,-55.54,-43.98,26.64,26.64,26.64,26.64,2.75,31.19,0,13.85,0,0.83,-4.07,11.22,-5.5,-18.71,-40.91,0.964621,48,-4.65,3.91,-15.85,-48.23,,,-4.07,14.63,-19.54,-13.63,-20.14,0.979736,36
26-11-2025,NSE:BSL,EQ,204.71,175.03,17773,31.10808,5.43,5.24,5.04,,-0.28,-8,-13.7,-15.61,-7.25,6.78,5.43,9.92,2.17,-26.69,3.76,-1,-1,HV2Q,-1,-1,HVQ,-1,-1,-1,-1,-1,-5.89,-0.91,-6.74,4.72,-2.11,7.64,5.98,0,66.67,39.68,0,38.1,14.29,-13.9,-13.9,-13.9,-46.55,-46.55,-13.9,-4.25,-9.75,-51.85,-47.71,-15.66,10.58,37.39,37.39,37.39,0,32.2,29.92,10.99,9.36,37.9,-7.73,1.66,5.17,-11.79,-35.6,0.964229,48,-8.56,23.42,-0.39,-29.82,,,-7.73,8.52,3.72,-18.27,-23.63,0.977912,33
26-11-2025,NSE:ZAGGLE,EQ,5403.05,385.85,994175,3836.02424,3.72,3.72,6.44,S,1.67,0.43,-0.96,6.05,5.52,8.51,-6.8,-9.8,15.02,-20.02,21.28,-1,-1,-1,EEP,EEP,-1,-1,-1,-1,-1,-1,1.21,1.2,2.43,3.71,6.38,-4.61,1.69,0,0,0,0,0,0,-3.86,-4.33,-16.15,-33.67,-33.67,-3.86,-11.54,-10.44,-27.17,-43.63,-1.13,13.55,13.55,27.85,48.38,9.27,7.28,36.55,40.37,26.09,78.08,5.04,-10.57,-14.55,1.06,-28.93,0.964216,48,5.83,-4.83,21.49,15.2,,,5.04,-16.35,-3.82,12.94,-35.36,0.983348,40
26-11-2025,NSE:ACTIVEINFR,SM,255.26,170.05,37248,63.34022,0.58,1.69,1.74,,0.03,-1.94,-6.44,0.03,-4.68,0.03,0.03,NA,NA,NA,NA,-1,-1,-1,-1,-1,-1,-1,-1,-1,-1,-1,-1.46,-0.35,-1.8,0.07,-1.74,,,0,0,0,0,0,0,-7.58,-8.58,NA,NA,NA,-7.58,-4.3,NA,NA,NA,NA,0.03,NA,NA,NA,0.03,4.71,NA,NA,NA,NA,-5.16,-3.74,0,0,0,0.964183,48,-7.58,4.71,,,,,-5.16,1.18,98.98,-9.66,5.87,0.989431,49
26-11-2025,NSE:NGLFINE,EQ,826.62,1328.3,3000,39.849,4.55,4.46,9.53,3L,-0.36,-2.07,-8.66,-22.71,-14.55,-8.62,-8.18,8.94,25.98,-35.25,-53.12,-1,-1,-1,-1,-1,HV2Q,-1,-1,-1,-1,-1,-2.98,-3,-5.8,-2.97,-8.52,12.38,4.41,0,9.52,34.92,0,9.52,23.81,-18.51,-18.51,-18.51,-35.08,-51.26,-18.51,-1.37,-2.42,-47.47,-63.92,-34.07,0.55,33.5,35.11,35.11,0.55,26.32,44.42,23.02,0,1.21,-15.03,-11.95,4.19,12.02,-44.16,0.96416,48,-11.85,18.82,42.63,-47.47,,,-15.03,2.25,14.81,9.05,-76.86,0.983325,40
26-11-2025,NSE:AVTNPL,EQ,1115.48,68.82,362125,249.21442,3.82,3.94,7.13,S,-0.16,-1.86,-1.63,-5.78,0.89,-6.41,-7.29,3.18,7.89,-13.02,-22.13,-1,-1,-1,HV2Q,-1,-1,-1,-1,-1,-1,-1,-1.23,-0.64,-1.85,-1.19,-3.01,5.19,2.3,0,0,20.63,0,0,7.94,-7.09,-11.31,-11.31,-15.92,-30.45,-7.09,-12.1,-3.4,-29.96,-39.4,-25.64,1.09,7.87,30.56,30.56,0.53,0.19,40.09,26.41,0,1.28,0.41,-11.06,-1.57,-6.07,-21.93,0.964084,48,0.53,-10.77,19.31,-27.36,,,0.41,-11.56,8.74,-4.8,-16.83,0.980878,37
26-11-2025,NSE:SUBAHOTELS,SM,387.88,162.05,333703,540.76571,5.92,5.95,5.4,,-4.40,-2.53,-5,-4.5,-4.81,NA,NA,NA,NA,NA,NA,-1,-1,-1,-1,-1,-1,NA,-1,-1,-1,-1,-2.56,-1.85,-4.33,,,,,0,0,31.43,0,0,14.29,-10.69,NA,NA,NA,NA,-10.69,NA,NA,NA,NA,NA,NA,NA,NA,NA,6.23,NA,NA,NA,NA,NA,-5.29,0,0,0,0,0.963995,48,-6.68,,,,,,-5.29,96.69,-1.02,-9.66,5.87,0.983457,40
26-11-2025,NSE:YUKEN,EQ,1233.43,935,4516,42.2246,4.19,4.13,6.33,2L,6.50,3.17,1.59,-1.05,1.23,-4.51,-6.96,-12.25,18.26,-13.9,22.22,-1,-1,-1,-1,-1,HVQ,-1,-1,-1,-1,-1,3.44,-1.14,2.28,-3.21,-0.9,-0.59,-1.49,0,0,0,0,0,0,-5.44,-8.73,-20.91,-20.91,-39.17,-5.44,-15.07,-15.4,-21.89,-50.27,-30.71,7.03,7.03,26.62,27.71,7.03,1.25,35.43,42.13,7.51,49.81,0.75,-10.73,-17,4.3,-22.81,0.963993,48,1.26,-15.07,26.62,-17.25,,,0.75,-11.6,-5.96,17.52,-33.47,0.988482,47
26-11-2025,NSE:PICCADIL,EQ,5995.69,609.55,131923,804.13665,3.93,3.96,4.52,S,0.27,-2.85,-4.92,-13.08,-6.87,-17.19,1.72,NA,NA,NA,NA,-1,-1,-1,-1,-1,-1,-1,-1,-1,-1,-1,-2.35,-2.08,-4.35,-4.58,-8.53,,,0,0,20.63,0,0,9.52,-13.81,-19.73,NA,NA,NA,-13.81,-14.22,NA,NA,NA,NA,4.59,NA,NA,NA,0.27,11.78,NA,NA,NA,NA,-7.35,-2.05,0,0,0,0.96389,48,-5.72,7.15,,,,,-7.35,4.73,98.98,-9.66,5.87,0.991998,52
26-11-2025,NSE:VTL,EQ,13304.46,432.2,535597,2314.85023,3.06,3.05,4.79,,1.66,-6.58,-3.51,-1.32,-1.91,3.75,4.33,-13.11,2.09,-1.4,2.79,-1,-1,HV2Y,-1,EEP,-1,-1,-1,-1,-1,-1,-2.39,0.47,-1.92,3.04,1.15,-4.09,-2.82,0,0,0,0,0,0,-7.1,-7.1,-14.94,-22.52,-23.97,-7.1,-7.01,-19.79,-12.37,-25.56,-22.9,9.51,10.75,18.59,18.59,1.66,12.86,13.46,34.13,4.8,8.54,-2.39,0.56,-17.86,-11.87,-10.31,0.963751,48,-0.25,-7.01,-3.32,1,,,-2.39,2.81,-19.24,3.78,2.3,0.992419,53
26-11-2025,NSE:TCI,EQ,8664.01,1099.9,22008,242.06599,2.79,2.74,11.7,3L,0.42,-2.63,-1.4,-7.45,-7.53,-9.35,-4.59,-4.05,10.29,1.97,28.83,-1,-1,-1,HV2Q,-1,-1,-1,-1,-1,-1,-1,-1.68,-1.65,-3.28,-3.14,-6.22,4.08,-2.23,0,0,3.17,0,0,0,-10.4,-10.4,-12.51,-13.2,-13.2,-10.4,-3.36,-8.5,-9.68,-22.13,-11.75,0.42,0.42,21.95,40.11,0.42,5.42,27.55,26.9,27.78,39.62,-8.01,-8.36,-8.8,-3.67,-6.94,0.963641,48,-7.25,-1.77,18.84,-1.53,,,-8.01,-0.58,-0.51,4.12,-3.4,0.991941,52
26-11-2025,NSE:CNXREALTY,IN,,911.45,,,,,,,1.12,-1.38,-2.91,-5.45,-4.74,2.29,-0.55,-3.82,8.71,-7.01,8.92,0,0,0,0,0,0,0,-1,-1,-1,-1,,,,,,,,,,,,,,-5.91,-5.91,-12.33,-18.52,-20.76,,,,,,,,,,,,,,,,,-5.22,-4.32,-8.57,-5.25,-15.92,0.963626,,,,,,,,-5.22,0.69,-4.28,2.41,-11.35,0.986952,
26-11-2025,NSE:SEAMECLTD,EQ,2242.49,914.05,39803,363.81932,4.48,4.4,6.81,,4.31,3.83,5.95,5,5.34,-2.33,-0.95,-3.71,4.19,-20.44,-18.12,-1,-1,HVQ,-1,EEP,-1,-1,-1,-1,-1,-1,3.7,0.8,4.54,-1.13,3.37,-1.57,1.77,0,0,15.87,0,0,0,0,-7.49,-7.49,-29.16,-43.14,0,-12.43,-10.52,-41.03,-45.52,-31.52,15.6,17,17,17,15.6,10.75,18.11,14.9,3.08,10.73,4.86,-4.72,-8.46,-9.77,-29.35,0.963597,48,6.73,3.62,0.9,-36.77,,,4.86,-9.95,-3.76,-2.04,-19.83,0.978071,33
26-11-2025,NSE:HINDUNILVR,EQ,569893.36,2425.2,1467504,35589.90701,1.17,1.2,6.94,L,0.46,-0.68,0.03,-0.85,-3.57,-5.13,-8.51,1.86,5.33,1.75,4.02,-1,-1,-1,-1,-1,-1,-1,-1,-1,-1,-1,-0.07,-0.74,-0.81,-2.2,-2.94,3.43,0.51,0,0,17.46,0,0,14.29,-2.88,-9.93,-9.93,-9.93,-19.92,-2.88,-6.71,-1.43,-21.41,-24.19,-21.32,0.88,7.16,12.42,12.42,0.88,3.99,21.98,10.33,4.65,8.6,-4.05,-12.28,-2.89,-8.63,-7.16,0.963549,48,-2.88,3.99,16.94,-14.77,,,-4.05,-8.08,8.53,-6.12,2.09,0.988857,47
26-11-2025,NSE:SPIC,EQ,1878.58,86.44,884152,764.26099,2.43,2.44,5.72,M,2.02,-2.48,-2.79,-5.08,-3.84,-11.6,-28.73,-1.35,10.99,18.19,15.49,-1,-1,-1,HVY,HV2Q,-1,-1,-1,-1,-1,-1,-1.14,-1.57,-2.67,-3.8,-6.24,3.71,-2.62,0,0,19.05,0,0,3.17,-6.32,-29.59,-29.59,-29.59,-29.59,-6.32,-26.88,-1.78,-6.56,-17.94,-24.57,2.02,5.89,29.29,29.29,2.02,6.17,51.22,31.03,15.08,4.54,-4.32,-32.5,-6.1,-2.97,9.28,0.963539,48,-5.93,-8.99,38.21,-4.01,,,-4.32,-27.27,20.24,2.52,13.95,1.002561,66
26-11-2025,NSE:WEWORK,EQ,8229.03,605.95,692535,4196.41583,3.24,3.33,11.1,S,1.97,-4.85,-1.09,-4.32,-5.26,NA,NA,NA,NA,NA,NA,-1,-1,-1,-1,-1,-1,NA,-1,-1,-1,-1,-1.56,-1.15,-2.68,,,,,0,14.29,15.63,0,14.29,15.63,-6.45,NA,NA,NA,NA,-6.45,NA,NA,NA,NA,NA,NA,NA,NA,NA,1.97,NA,NA,NA,NA,NA,-5.74,0,0,0,0,0.963509,48,-6.03,,,,,,-5.74,96.69,-1.02,-9.66,5.87,0.982961,39
26-11-2025,NSE:THELEELA,EQ,14610.66,414.25,664648,2753.30434,3.4,3.4,9.19,M,1.15,-3.03,-4.36,-6.28,-4.42,-3.9,-0.78,NA,NA,NA,NA,-1,-1,-1,-1,-1,-1,-1,-1,-1,-1,-1,-1.38,-1.31,-2.66,-1.11,-3.73,,,0,0,0,0,0,0,-5.91,-10.99,NA,NA,NA,-5.91,-7.06,NA,NA,NA,NA,4.44,NA,NA,NA,2.89,9.05,NA,NA,NA,NA,-4.9,-4.55,0,0,0,0.96349,48,-3.36,-2.81,,,,,-4.9,0.17,98.98,-9.66,5.87,0.988361,47
26-11-2025,NSE:TAJGVK,EQ,2547.88,403.35,208211,839.81907,2.12,2.11,8.78,3L,1.78,-0.45,-0.95,-1.82,-4.31,-4.72,-7.55,-13.77,3.56,16.66,19,-1,-1,-1,-1,-1,HV2Q,-1,-1,-1,-1,-1,0.25,-1.02,-0.77,-2.17,-2.88,-2.93,-5.64,0,0,3.17,0,0,0,-4.09,-16.84,-16.84,-21.63,-21.63,-4.09,-13.26,-15.71,-10.83,-12.7,-17.32,2.66,2.66,22.01,40.59,2.66,4.61,19.82,59.95,35.59,17.17,-4.79,-11.32,-18.52,-10.4,7.75,0.963439,48,-3.74,2.22,-7.07,41.57,,,-4.79,-6.41,-6.81,5.57,19.46,1.002784,66
26-11-2025,NSE:VETO,EQ,224.49,112.3,48840,54.84732,3.05,3.05,5.02,2L,0.44,-2.64,-2.5,-4.77,-9.05,-6.45,-0.77,2.42,10.97,-11.9,-18.66,-1,-1,HVQ,HV2Q,-1,HVQ,-1,-1,-1,-1,-1,-1.64,-1.17,-2.78,-1.47,-4.19,1.58,-2.65,0,0,0,0,0,0,-8.46,-10.71,-16.76,-22.52,-41.8,-8.46,-9.23,-16.11,-43.21,-48.18,-34.87,1.74,2.38,19.33,19.33,0.44,10.94,20.25,16.44,0,13.82,-9.53,-4.54,-2.33,-2.99,-20.81,0.963403,48,-6.93,-2.41,9.9,-39.68,,,-9.53,4.28,2.15,-0.9,-19.82,0.985012,42
26-11-2025,NSE:HITECH,EQ,2254.5,103.09,2446434,2522.02881,3.82,3.73,4.06,L,2.60,-3.73,-2.49,-8.22,-9.99,-16.78,15.94,6.41,2.62,-56.7,-15.43,-1,-1,HVQ,HV2Y,-1,-1,-1,-1,-1,-1,-1,-1.07,-2.55,-3.53,-5.59,-8.64,9.29,0.72,0,0,28.57,0,0,9.52,-10.43,-15.91,-15.91,-40.62,-49.86,-10.43,-7.5,-24.2,-53.08,-51.17,-21.43,19.77,19.77,19.77,19.77,4.18,31.74,0,11.16,0,46.65,-10.47,12.17,1.66,-11.34,-65.61,0.963312,48,-8.9,22.66,-17.95,-47.05,,,-10.47,20.26,-12.35,-13.71,-55.04,0.975778,30
26-11-2025,NSE:XTGLOBAL,EQ,515.68,34.62,97657,33.80885,5.91,5.77,5.82,M,-2.09,-9.82,-16.18,-14.56,-14.12,-16.7,7.8,0,11.93,-22.01,NA,-1,-1,HV2Q,HV2Q,-1,HVQ,-1,-1,-1,-1,-1,-6.37,-2.7,-8.83,-3.65,-12.04,8.54,-3.82,0,0,33.33,0,0,4.76,-16.46,-22.39,-22.39,-30.1,NA,-16.46,-11.43,-18.72,-31.77,-39.91,NA,6.98,11,13.55,NA,0,26.68,2.34,13.55,0,NA,-14.6,4.03,-4.75,-2.03,-30.92,0.963186,48,-10.31,15.12,-12.74,,,,-14.6,15.9,-9.48,2.27,-32.67,0.987569,46
26-11-2025,NSE:NURECA,BE,270,262.75,69629,182.9502,3.87,4.12,4.18,2M,5.00,-0.44,-3.82,1.69,-18.77,11.27,9.43,2.61,0.99,-4.3,-18.46,-1,-1,HV2Q,-1,-1,HVQ,-1,-1,-1,-1,-1,0.71,-1.3,-0.58,1.97,1.41,2.1,3.59,0,4.76,1.59,0,0,0,-8.38,-21.01,-21.01,-36.54,-36.54,-8.38,-6.18,-20.59,-38.2,-37.17,-28.84,15.29,15.29,26.33,26.33,5,36.94,14.41,23.03,2.56,8.04,-19.25,5.66,-2.14,-12.97,-13.21,0.96315,47,-8.38,26.17,-10.25,-7.87,,,-19.25,20.44,-8.56,-11.32,0.53,0.996859,59
26-11-2025,NSE:OMFREIGHT,EQ,320.76,89.39,340941,304.76716,4.17,4.23,13.27,S,0.79,-9.27,-0.72,0.55,-5.67,NA,NA,NA,NA,NA,NA,-1,-1,-1,-1,-1,-1,NA,-1,-1,-1,-1,-2.43,-0.32,-2.74,,,,,40,23.81,41.18,0,4.76,11.76,-12.28,NA,NA,NA,NA,-12.28,NA,NA,NA,NA,NA,NA,NA,NA,NA,1.02,NA,NA,NA,NA,NA,-6.15,0,0,0,0,0.963056,47,-4.65,,,,,,-6.15,96.69,-1.02,-9.66,5.87,0.982499,38
26-11-2025,NSE:SIGNATURE,EQ,15596.69,1132.8,351485,3981.62208,2.35,2.39,3.06,,1.90,1.84,5.95,4.86,2.44,3.33,0.52,-5.19,1.75,-11.58,-8.38,-1,-1,-1,-1,-1,-1,-1,-1,-1,-1,-1,2.07,1.14,3.25,1.51,4.83,-6,-1.11,0,0,0,0,0,0,0,-0.96,-12.96,-18.94,-29.77,0,-6.73,-13.41,-26.12,-30.99,-21.63,13.2,13.2,13.2,13.2,10.91,10.44,11.02,17.39,3.66,13.72,1.96,-3.25,-9.94,-12.21,-20.49,0.963,47,4.24,-6.73,2.03,-21.11,,,1.96,-5.27,-6.76,-3.06,-7.69,0.982395,38
26-11-2025,NSE:EMMIL,SM,203.82,205.15,14720,30.19808,3.91,3.89,2.96,,2.34,9.7,10.8,12.06,13.23,11.53,7.77,4.53,-15.11,-63.3,NA,HV2Q,HV2Q,-1,-1,-1,-1,-1,-1,-1,-1,-1,8.51,2.19,10.94,2.43,13.7,-10.99,2.44,0,0,0,0,0,0,0,0,-11.55,-41.39,NA,0,-22.58,-19.97,-62.95,-55.33,NA,19.41,19.41,20.25,NA,16.3,3.61,10.9,14.8,0,NA,12.75,4,-0.22,-29.07,-72.21,0.962969,47,16.3,-19.31,-19.97,-41.88,,,12.75,-9.6,-4.53,-30.24,-35.99,0.961076,14
26-11-2025,NSE:NIKITA,ST,297.86,128,120528,154.27584,4.81,5.09,3.93,,0.79,5,2.27,2.34,-8.48,9.38,2.27,NA,NA,NA,NA,-1,-1,-1,-1,-1,-1,-1,-1,-1,-1,-1,1.98,-0.48,1.49,-0.22,1.27,,,0,9.52,42.86,0,0,7.94,-8.57,-14.35,NA,NA,NA,-8.57,-7.09,NA,NA,NA,NA,16.26,NA,NA,NA,11.3,73.78,NA,NA,NA,NA,-8.96,-1.5,0,0,0,0.9629,47,-8.57,69.12,,,,,-8.96,6.59,98.98,-9.66,5.87,0.993063,54
26-11-2025,NSE:UGROCAP,EQ,2020.85,172.85,515001,890.17923,3.59,3.52,7.51,,0.71,-4.02,0.92,-2.89,-3.18,2.84,1.67,-1.1,12.13,-27.86,-32.43,HV2Y,HV2Y,HVQ,-1,-1,-1,-1,-1,-1,-1,-1,-1.15,-0.58,-1.72,-0.31,-2.03,1.7,-0.33,0,0,9.52,0,0,1.59,-6.68,-9,-9,-28.89,-40.32,-6.68,-6.11,-10.9,-32.83,-47.56,-23.69,6.82,6.82,15.74,15.74,1.05,10.22,13.81,17.02,0,4.9,-3.66,-2.1,-5.85,-1.83,-36.77,0.962822,47,-2.95,6.38,5.41,-26.62,,,-3.66,1.39,-3.84,3.43,-39.63,0.978882,34
26-11-2025,NSE:MEDPLUS,EQ,9418.05,786.8,333251,2622.01887,3.15,3.33,7.44,,-0.25,-0.42,0.22,-2.73,3.63,-0.3,-6.9,-20.65,5.98,6.51,15.41,-1,EEP,-1,-1,EEP,-1,-1,-1,-1,-1,-1,0.22,0.41,0.63,0.08,0.7,-4.37,-3.52,0,0,0,0,0,0,-4.05,-7.15,-19.05,-19.48,-19.48,-4.05,-18.86,-13.93,-2.86,-14.51,-0.43,6.07,6.07,13.29,23.99,4.93,2.21,21.11,49.49,16.58,15.92,3.15,-10.67,-25.4,-7.98,-2.4,0.962247,47,4.93,-15.4,11.96,49.49,,,3.15,-14.24,-13.88,12.41,6.43,0.996681,59
26-11-2025,NSE:JKIPL,EQ,456.03,111.23,497343,553.19462,5.17,5.08,4.35,,-0.62,-10.28,-5.92,-6.63,-6.53,NA,NA,NA,NA,NA,NA,-1,-1,-1,-1,-1,-1,NA,-1,-1,-1,-1,-3.25,-0.25,-3.48,,,,,0,0,0,0,0,0,-9.33,NA,NA,NA,NA,-9.33,NA,NA,NA,NA,NA,NA,NA,NA,NA,1.29,NA,NA,NA,NA,NA,-7.01,0,0,0,0,0.962135,47,-4.73,,,,,,-7.01,96.69,-1.02,-9.66,5.87,0.981559,38
26-11-2025,NSE:MANBA,EQ,712.09,135.25,54387,73.55842,3.67,3.64,5.63,S,-0.71,-3.15,-4.61,-5.07,-0.16,-0.82,-1.91,0.23,-0.45,-7.19,NA,-1,-1,-1,HV2Q,-1,HV2Y,-1,-1,-1,-1,-1,-1.7,-0.3,-2,0.53,-1.48,-0.61,-2.07,0,0,0,0,0,0,-6.74,-6.74,-11.21,-28.81,NA,-6.74,-7.62,-9.52,-28.97,-28.49,NA,1.8,1.8,8.03,NA,0,1.96,10.09,7.78,3.17,NA,-0.64,-5.68,-4.52,-14.41,-16.1,0.962038,47,-0.07,-1.16,-0.93,,,,-0.64,-5.06,1.08,-10.34,-0.84,0.983418,40
26-11-2025,NSE:VASCONEQ,EQ,1280.79,49.61,6645104,3296.63609,4.89,4.71,2.93,2L,0.06,-4.41,-18.99,-38.16,-30.6,-26.16,-4.03,1.27,25.5,-6.89,-21.65,-1,-1,HVQ,-1,HV2Q,HVQ,-1,-1,-1,-1,-1,-6.18,-7.26,-12.54,-10.62,-20.93,19.21,-2.13,0,0,30.16,0,0,19.05,-28.54,-30.4,-30.4,-30.4,-39.57,-28.54,-9.1,-12.67,-34.24,-54.98,-35.4,1.66,3.7,48,48,1.66,34.61,53.97,46.12,0,3.43,-31.08,-7.8,-3.48,11.54,-15.8,0.961907,47,-26.1,22.45,31.16,-34.24,,,-31.08,17.03,4.08,14.88,-37.61,1.002055,65
26-11-2025,NSE:SMARTWORKS,EQ,6561.06,505.95,144514,731.16858,3.82,3.81,11.93,,-0.22,-12.02,-15.6,-19.9,-10.63,-12.46,3.05,NA,NA,NA,NA,-1,-1,-1,-1,-1,-1,-1,-1,-1,-1,-1,-7.07,-2.37,-9.22,-0.82,-9.96,,,0,23.81,57.14,0,0,30.16,-16.6,-16.6,NA,NA,NA,-16.6,-7.5,NA,NA,NA,NA,4.17,NA,NA,NA,0,36.32,NA,NA,NA,NA,-11.11,-0.72,0,0,0,0.96173,47,-12.08,34.23,,,,,-11.11,9.06,98.98,-9.66,5.87,0.994707,56
26-11-2025,NSE:MOIL,EQ,7204.39,327.8,901880,2956.36264,2.99,2.98,2.72,L,1.71,-3.52,-12.42,-11.06,-12.36,-10.59,-0.73,-14.66,7.76,12.16,15.54,-1,-1,-1,-1,EEP,-1,-1,-1,-1,-1,-1,-2.46,-3.44,-5.71,-4.4,-9.68,3.89,-6.03,0,0,0,0,0,0,-12.47,-16.78,-16.78,-16.78,-41.11,-12.47,-6.5,-16.1,-8.81,-45.68,-48.27,3.47,3.47,14.08,21.43,3.47,14.7,13.76,30.8,13.71,8.29,-12.84,-4.5,-19.41,-6.2,3.25,0.961711,47,-10.73,-1.96,5.39,-6.26,,,-12.84,7.03,-14.84,9.9,10.63,1.004043,68
26-11-2025,NSE:AEGISVOPAK,EQ,29478.11,261.7,705508,1846.31444,3.44,3.35,8.56,S,2.65,0.15,-3.42,-4.81,-8.2,8.67,1.08,NA,NA,NA,NA,-1,-1,-1,-1,-1,-1,-1,-1,-1,-1,-1,-0.15,-1.3,-1.44,-0.22,-1.66,,,0,4.76,12.7,0,0,4.76,-6.5,-9.51,NA,NA,NA,-6.5,-2.09,NA,NA,NA,NA,10.4,NA,NA,NA,2.65,23.69,NA,NA,NA,NA,-8.68,-2.69,0,0,0,0.961705,47,-6.5,10.23,,,,,-8.68,5.26,98.98,-9.66,5.87,0.991365,51
26-11-2025,NSE:SAHASRA,SM,834.51,324.9,62488,203.02351,7.37,7.4,4.85,S,3.77,1.89,-7.73,21.04,19.04,1.14,17.91,-2.12,-21.19,-177.92,NA,HV2Q,HV2Q,HV2Q,-1,-1,-1,-1,-1,-1,-1,-1,4.71,3.19,8.16,2.92,11.42,-6.02,5.09,0,0,11.11,0,0,1.59,-7.17,-7.17,-7.17,-55.02,NA,-7.17,-23.71,-31.57,-66.08,-59.75,NA,31.03,41.35,41.35,NA,31.03,14.44,16.03,24.6,0,NA,18.56,14.14,-6.87,-35.15,-186.83,0.961354,47,24.08,-4.69,-18.19,,,,18.56,-4.7,-25.43,-28.33,-123.45,0.944081,5
26-11-2025,NSE:AVONMORE,EQ,516.4,18.19,248874,45.27018,5.45,5.4,5.93,,-1.68,-1.87,8.25,4.07,3.35,-6.27,-13.58,-20.89,-12.59,26.48,53.22,-1,-1,-1,-1,-1,HV2Q,-1,-1,-1,-1,-1,-0.21,0.61,0.4,-1.92,-1.49,-5.38,-6.51,0,0,0,0,0,0,-3.55,-16.33,-18.54,-36.58,-36.58,-3.55,-19.14,-11.6,-23.33,-28.59,-18.8,8.99,8.99,34.52,122.69,8.99,1.56,26.52,80.05,152.89,65.13,2.87,-17.35,-25.64,-26.55,17.57,0.961327,47,3,-3.83,6.22,80.05,,,2.87,-20.83,-7.46,-2.79,40.57,1.015568,78
26-11-2025,NSE:NCLIND,EQ,946.18,203.02,80446,163.32147,2.85,2.85,12.15,,0.97,-3.58,1.68,1.11,1.81,-2.34,-7.09,-7.15,6.99,-4.69,6.61,-1,-1,-1,EEP,-1,HVQ,-1,-1,-1,-1,-1,0.07,0.28,0.35,-0.25,0.1,-2.96,-2.78,0,0,0,0,0,0,-3.46,-6.66,-13.46,-13.46,-20.52,-3.46,-11.18,-7.33,-6.35,-26.07,-16.79,5.17,5.17,11.54,11.54,5.17,1.93,19.44,19.51,3.78,16.81,1.33,-10.86,-11.9,-6.97,-13.6,0.96124,47,0.66,-11.18,15.66,-6.35,,,1.33,-12.37,-1.08,3.54,-6.69,0.985974,44
26-11-2025,NSE:URBANCO,EQ,20968.59,138.11,19535927,26981.06878,4.34,4.41,7.32,S,1.96,-4.97,-3.34,-7.81,-7.43,-27,NA,NA,NA,NA,NA,-1,-1,-1,-1,-1,-1,NA,-1,-1,-1,-1,-2.19,-2.83,-4.88,,,,,0,0,20.83,0,0,6.25,-12.45,NA,NA,NA,NA,-12.45,NA,NA,NA,NA,NA,NA,NA,NA,NA,3.9,NA,NA,NA,NA,NA,-7.91,0,0,0,0,0.96118,47,-8.86,,,,,,-7.91,96.69,-1.02,-9.66,5.87,0.980585,36
26-11-2025,NSE:GUFICBIO,EQ,3133.83,368.45,62076,228.71902,4.57,4.48,6.18,,3.15,8.59,10.23,11.25,8.94,0.15,-2.9,-4.15,-9.31,-10.08,21.74,-1,-1,-1,-1,HVQ,-1,-1,-1,-1,-1,-1,6.46,1.41,7.99,-1.92,5.95,-3.77,2.11,0,0,0,0,0,0,0,-2.25,-8.92,-24.02,-24.1,0,-17.07,-6.28,-20.95,-17.04,-16.45,17.6,17.6,18.93,30.42,17.6,0,22.39,23.87,42.57,43.58,8.46,-6.67,-8.9,-23.27,-18.99,0.960775,47,9.22,-13.34,-4.78,-2.4,,,8.46,-16.32,-2.23,-14.61,5.16,0.981402,37
26-11-2025,NSE:SJLOGISTIC,SM,591.23,433.4,50325,218.10855,6.54,6.87,3.29,,-2.23,3.76,23.38,25.59,18.49,4.23,7.68,-16.73,-11.81,-53.44,40.17,HV2Y,HV2Y,-1,HV2Y,-1,-1,9.32,1,-1,-1,-1,4.32,5.14,9.97,3.32,13.74,-20.13,-5.32,0,0,0,0,0,0,-3.61,-3.61,-17.55,-38.96,-38.99,-3.61,-19.46,-29.73,-28.78,-31.78,-6.38,34.39,34.39,34.39,63.27,34.39,0,8.94,9.74,86.89,156.46,18.01,3.91,-21.48,-25.77,-62.35,0.9607,47,23.55,-12.86,-25.32,-11.09,,,18.01,-16.57,-27.46,-5.45,-31.36,0.96829,21
26-11-2025,NSE:CNXIT,IN,,37364.6,,,,,,,1.46,0.86,1.36,5.59,3.31,6.34,2.9,-0.37,-10.97,-12.28,-0.36,0,0,0,0,0,0,0,-1,-1,-1,-1,,,,,,,,,,,,,,0,0,-5.06,-18.77,-18.77,,,,,,,,,,,,,,,,,2.83,-0.87,-5.12,-24.93,-21.19,0.960678,,,,,,,,2.83,-3.73,-4.39,-20.23,4.69,0.980894,
26-11-2025,NSE:NAHARPOLY,EQ,689.94,263.9,18841,49.7214,5.03,4.92,5.83,2L,3.33,-1,-14.7,-17.03,-11.82,-16.18,-8.75,-34.46,28.04,2.94,30.71,-1,HVQ,-1,HV2Q,HVQ,HVQ,-1,-1,-1,-1,-1,-2.81,-3.88,-6.44,-4.29,-10.29,5.91,-4.66,0,0,0,0,0,0,-15.93,-16.14,-29.56,-29.56,-29.56,-15.93,-9.69,-23.4,0,-45.91,-27.03,3.33,3.33,45.98,52.1,3.33,5.56,58.76,96.28,9.45,47.64,-12.3,-12.52,-39.21,14.08,-5.97,0.960515,47,-10.33,-7.36,45.54,4.56,,,-12.3,-0.57,-24.66,36.83,-29.02,1.018997,80
26-11-2025,NSE:IRMENERGY,EQ,1279.01,292.95,903930,2648.06294,4.1,4.06,4.95,2L,0.88,-6.28,-12.77,-6.16,-8.09,-24.44,5.19,3.12,6.13,-25.76,-65.69,-1,-1,HVY,-1,EEP,-1,-1,-1,-1,-1,-1,-3.08,-2.23,-5.19,-5.93,-10.49,9.63,-0.95,0,0,20.63,0,0,0,-11.32,-22.24,-22.24,-24.96,-51.53,-11.32,-15.95,-13.14,-39.08,-54.5,-39.05,10.78,10.78,22.47,22.47,0.88,19.74,16.12,18.65,0.9,0,-8.57,1.42,-1.63,-7.83,-34.67,0.960502,46,-6.47,8.7,1.89,-32.84,,,-8.57,8.97,-3.2,-6.56,-28.09,0.979314,35
26-11-2025,NSE:HOMEFIRST,EQ,12828.29,1129.9,255152,2882.96245,4.28,4.17,4.89,,0.87,-5.48,-1.84,-5.84,-7.27,-13.18,-17.74,-5.78,17.44,5.34,27.14,-1,-1,-1,-1,EEP,-1,-1,-1,-1,-1,-1,-2.61,-1.52,-4.07,-3.02,-6.88,1.55,-5.41,0,0,0,0,0,0,-9.95,-13.27,-23.6,-23.6,-23.6,-9.95,-18.05,-10.05,-10.86,-30.43,-20.22,0.87,0.87,27.67,42.83,0.87,2.83,50.33,35.05,17.91,35.2,-7.75,-21.51,-10.53,3.48,-3.57,0.960467,46,-6.1,-18.05,43.6,14.02,,,-7.75,-13.07,9.14,12.29,-8.8,0.994405,56
26-11-2025,NSE:GODREJIND,EQ,36105.3,1055.6,146579,1547.28792,2.78,2.75,7.69,3L,3.26,-0.45,-1.15,-4.94,-3.71,-12.83,-21.85,-11.35,20.28,5.23,28.04,-1,-1,-1,HVQ,HV2Y,-1,-1,-1,-1,-1,-1,0.52,-1.53,-1,-4.2,-4.99,-2.24,-7.07,0,0,0,0,0,0,-6.45,-16.88,-22.35,-22.35,-22.35,-6.45,-15.01,-5.39,-5.06,-32.03,-19.2,3.71,3.71,31.83,42.89,3.71,4.42,49.32,46.8,13.91,35.41,-4.19,-25.62,-16.1,6.32,-3.68,0.960447,46,-3.15,-3.61,49.32,25.42,,,-4.19,-20.79,7.59,18.75,-13.01,0.997029,60
26-11-2025,NSE:MAXIND,EQ,1067.22,205.14,146115,299.74031,3.4,3.38,4.68,2L,4.14,2.78,-0.93,-3.64,-5.73,1.87,-6.24,10.19,0.4,-8.07,4.59,-1,-1,HV2Y,HVQ,HV2Y,HVQ,-1,-1,-1,-1,-1,1.96,-1.74,0.22,-2.69,-2.4,5.08,2.82,0,0,15.87,0,0,11.11,-4.16,-8.46,-8.46,-30.22,-34.11,-4.16,-3.22,-2.31,-37.33,-34.38,-28.79,6.11,14.16,27,27,6.11,7.74,34.93,14.06,9.16,18.45,-6.21,-10.01,5.44,-13.56,-16.98,0.960415,46,-3.16,-2.79,9.23,-28.08,,,-6.21,-3.8,14.45,-20.56,-2.64,0.983354,40
26-11-2025,NSE:PFIZER,EQ,23093.46,4985,28803,1435.82955,2.03,2.02,3.41,S,-0.30,-0.34,-0.61,-2.61,-6.5,-0.4,-9.66,-8.68,17.25,-2.93,12.21,-1,-1,-1,-1,EEP,-1,-1,-1,-1,-1,-1,-0.69,-1.1,-1.77,-1.59,-3.3,4.32,1.06,0,0,0,0,0,0,-6.26,-9.85,-15.35,-15.35,-21.1,-6.26,-7.93,-7.17,-14.26,-34.71,-18.79,1.62,1.62,27.37,27.37,0.33,8.23,39.67,38.42,0.42,24.91,-6.98,-13.43,-13.43,3.29,-11.84,0.96033,46,-5.77,-1.16,32.34,-8.51,,,-6.98,-6.28,-0.13,14.2,-18.53,0.991381,51
26-11-2025,NSE:BHARATWIRE,EQ,1325.95,182.38,682563,1244.8584,4.23,4.19,7.1,2M,1.92,-3.74,-6.11,-14.08,-13.36,10.02,-0.03,-2.95,18.65,-19.7,-57.91,-1,HV2Y,HV2Y,HV2Y,EEP,-1,-1,-1,-1,-1,-1,-1.53,-1.24,-2.73,3.8,1.11,-2.25,-1.12,0,0,0,0,0,0,-16.87,-16.87,-19.06,-25.24,-42.59,-16.87,0,-19.03,-36.86,-53.9,-32.17,17.32,17.32,42.1,42.1,3.5,32.99,42.14,46.29,0,2.31,-13.84,-3.8,-7.7,4.69,-28.61,0.960288,46,-16.87,8.68,20.69,-27.85,,,-13.84,8.44,-3.94,11.32,-41.27,0.987793,46
26-11-2025,NSE:ECOSMOBLTY,EQ,1470,242.28,393426,953.19251,5.15,5.31,4.37,,0.83,-0.95,4.62,15.42,11.85,-11.83,-20.36,-13.84,22,-34.7,NA,EEP,EEP,-1,-1,EEP,EEP,-1,-1,-1,-1,-1,1.95,2.32,4.38,-1.73,2.61,-5.44,-2.69,0,0,0,0,0,0,-1.51,-16.51,-31.42,-31.42,NA,-1.51,-34.25,-17.46,-53.24,-67.96,NA,25.19,25.19,37.53,NA,25.19,0.17,65.53,56.56,0,NA,11.37,-24.13,-18.59,8.04,-43.61,0.960239,46,13.09,-34.25,52.56,,,,11.37,-39.85,4.4,21.82,-66.81,0.986162,44
26-11-2025,NSE:SPORTKING,EQ,1284.7,97.4,134709,131.20657,3.51,3.5,7.13,L,4.13,-2.47,-5.14,-1.97,-5.16,-12.3,-14.58,-21.76,20.22,7.13,19.76,-1,-1,-1,-1,HV2Q,-1,-1,-1,-1,-1,-1,0,-1.28,-1.26,-2.49,-3.66,-1.25,-4.85,0,0,0,0,0,0,-5.31,-13.44,-27.34,-27.34,-38.06,-5.31,-20.7,-16.75,-24.59,-50.58,-42.48,5.13,5.13,35.88,35.88,5.13,7.38,55.69,65.44,5.09,22.33,-5.64,-18.35,-26.51,6.26,-1.78,0.960104,46,-2.8,-20.7,45.35,-13.89,,,-5.64,-12.26,-7.28,24.81,-10.54,1.002876,66
26-11-2025,NSE:GMMPFAUDLR,EQ,5498.27,1157,191696,2217.92272,3.25,3.29,6.94,S,-0.30,-7.18,-9.04,-10.87,-5.06,4.74,-5.13,2.03,3.11,-3.54,-7.95,-1,-1,-1,-1,EEP,-1,-1,-1,-1,-1,-1,-3.35,-0.51,-3.85,3.95,0.1,-0.22,-0.12,0,0,0,0,0,0,-10.84,-10.84,-17.53,-17.53,-21.19,-10.84,-13.36,-13.3,-22.79,-23.63,-18.4,13.36,13.36,15.29,15.29,0.21,19.1,21.21,12.95,0,0.3,-5.54,-8.9,-2.72,-10.85,-12.45,0.959803,46,-4.55,-7.61,9.22,-17.66,,,-5.54,-3.38,5.8,-8.56,-0.99,0.985622,43
26-11-2025,NSE:SARDAEN,EQ,18429.54,485,912022,4423.3067,3.72,3.7,4.26,2L,-0.82,-3.91,-8.36,-10.45,-11.67,-19.62,-22.43,11.32,2.7,14.01,58.77,-1,-1,-1,HVQ,HV2Q,-1,-1,-1,-1,-1,-1,-2.84,-3.01,-5.68,-6.15,-11.15,8.49,-2.9,0,0,23.81,0,0,9.52,-13.21,-22.54,-22.54,-22.54,-22.54,-13.21,-13.5,-0.96,-22.7,-7.87,-18.58,2.59,14.41,17.15,153.93,2.59,25.65,42.04,24.81,157.52,127.59,-12.15,-26.2,6.57,-11.26,5.1,0.959721,46,-10.96,24.21,23.13,23.75,,,-12.15,-12.95,26.55,-19.38,17.49,1.000376,63
26-11-2025,NSE:IDEAFORGE,EQ,2175.46,468.4,443322,2076.52025,3.18,3.48,5.04,,0.63,-2.91,1.01,-1.58,-6.08,-13.85,-5.03,-9.42,21.15,-21.29,-52.15,HV2Q,HV2Q,-1,HVQ,EEP,-1,6.75,-1,-1,-1,-1,-1.15,-0.55,-1.69,-2.78,-4.35,3.84,-0.54,0,0,0,0,0,0,-7.16,-12.51,-26.06,-27.54,-45.42,-7.16,-7.19,-22.34,-30.01,-56.96,-33.8,3.06,9.48,44.39,44.39,3.06,16.14,51.65,57.98,0,4.7,-6.56,-8.8,-14.17,7.19,-30.2,0.959497,46,-4.32,5.32,25.61,-28.27,,,-6.56,-2.31,-5.2,18.27,-47.94,0.987408,45
26-11-2025,NSE:ONMOBILE,EQ,669.82,58.05,1079471,626.63292,3.81,3.73,5.53,L,0.92,-5.7,-12.04,-27.41,-27.06,-14.19,10.35,3.48,14.52,-27.67,-12.83,-1,-1,HVY,-1,HV2Q,-1,-1,-1,-1,-1,-1,-3.68,-4.89,-8.17,-5.52,-12.97,16.17,3.81,0,28.57,50.79,0,28.57,42.86,-21.51,-21.51,-21.51,-27.83,-36.63,-21.51,0,-12.01,-38.83,-45.83,-19.09,16.05,16.05,37.59,37.59,2.94,47.46,23.35,32.8,0,23.41,-27.54,6.58,-1.27,0.56,-36.58,0.959458,46,-21.26,42.01,-0.06,-36.23,,,-27.54,26.14,-8.69,1.78,-43.49,0.994908,57
26-11-2025,NSE:HERCULES,EQ,540.32,172.72,62705,108.30408,3.29,3.28,6.77,2L,2.35,3.18,1.33,-3.8,-6.57,-3.46,6.18,1.49,9.43,-40.02,11.37,-1,-1,HVQ,HV2Q,HVQ,-1,-1,-1,-1,-1,-1,2.33,-2.19,0.13,-4.49,-4.17,3.7,-0.5,0,0,0,0,0,0,-7.25,-18.53,-20.42,-29.73,-39.8,-7.25,-13.18,-25.34,-40.69,-45.48,-15.7,9.95,9.95,32.48,37.21,7.76,17.17,24.29,30.51,24.27,92.13,-7.05,2.41,-3.26,-4.53,-48.93,0.959406,46,-7.25,-0.1,-0.81,-7.56,,,-7.05,8.66,-6.02,-1.6,-48.74,0.975585,29
26-11-2025,NSE:SHIVATEX,EQ,234.63,189.96,20050,38.08698,3.87,4.12,13.63,,2.16,3.11,4.36,4.4,5.44,0.94,5.2,-9.88,-4.59,-20.63,26.43,-1,HV2Q,-1,-1,-1,HVQ,-1,-1,-1,-1,-1,1.92,0.93,2.88,0.9,3.81,-5.76,-1.83,0,0,0,0,0,0,-1.89,-1.89,-15.26,-26.12,-29.43,-1.89,-10.41,-21.12,-22.46,-26.19,-14.88,7.46,11.71,11.71,36.37,7.27,5.63,5.91,20.45,42.99,64.91,4.96,1.43,-14.63,-18.55,-29.54,0.959397,46,6.72,-10.41,-13.41,16.84,,,4.96,-3.57,-16.92,-4.85,-9.46,0.97857,34
26-11-2025,NSE:GENUSPOWER,EQ,10557.23,323.05,754824,2438.45893,4.13,4.09,4.93,S,0.23,-3.56,-3.41,-9.41,6.92,-0.03,-11.76,-17.27,20.4,-27.61,30.35,-1,-1,-1,HV2Q,EEP,-1,-1,-1,-1,-1,-1,-2.2,0.03,-2.18,2.11,-0.07,-0.93,-0.99,0,0,0,0,0,0,-8.86,-8.86,-22.96,-30.22,-30.65,-8.86,-22.18,-13.9,-18.67,-44.79,-11.5,9.14,9.14,32.83,47.38,9.14,0.91,48.46,55.78,20.5,93.18,6.44,-15.53,-22.02,6.44,-36.52,0.959325,46,9.14,-15.89,31.17,-14.29,,,6.44,-23.38,-5.95,22.46,-54.44,0.986642,45
26-11-2025,NSE:RAILTEL,EQ,11666.11,343.2,1419762,4872.62318,2.55,2.54,4.53,L,1.49,-2.14,-4.14,-6.12,-6.72,-9.02,-2.9,-12.95,14.86,-6.28,-2.2,-1,-1,HVQ,-1,EEP,-1,-1,-1,-1,-1,-1,-1.13,-1.98,-3.04,-4.67,-7.37,3.12,-4.38,0,0,0,0,0,0,-8.7,-14.39,-25.58,-25.58,-42.5,-8.7,-8.64,-23.42,-22.95,-51.05,-38.89,4.57,4.57,24.53,24.53,2.22,11.59,28.14,40.66,0,18.33,-7.2,-6.67,-17.7,0.9,-15.19,0.959302,46,-6.24,-7.13,12.33,-17.82,,,-7.2,0.27,-10.79,14.96,-18.96,0.991754,52
26-11-2025,NSE:FSL,EQ,25335.62,352.6,1374597,4846.82902,2.83,2.83,7.59,,0.63,-4.14,-3.9,0.01,-0.01,-1.21,-5.52,-9.61,0.81,3.73,44.9,-1,EEP,EEP,-1,-1,-1,-1,-1,-1,-1,-1,-0.49,0.57,0.09,1.74,1.86,-1.74,0.12,0,0,0,0,0,0,-3.98,-6.17,-10.68,-13.31,-13.31,-3.98,-6.16,-5.75,-4.98,-14.01,-10.89,10.72,10.72,26.38,93.84,3.57,10.74,33.35,38.53,92.28,86.61,-0.49,-9.29,-14.36,-13.15,-5.18,0.959275,46,2.59,4.2,5.19,21.56,,,-0.49,-8.81,-4.9,-0.15,8.81,0.99078,50
26-11-2025,NSE:CREATIVE,EQ,1051.17,682.85,17657,120.57082,3.98,3.95,5.94,,-1.44,-1.64,0.45,-4.84,4.33,-0.47,6.94,-0.53,-12.04,-26.74,-1.21,-1,-1,-1,-1,HVQ,-1,-1,-1,-1,-1,-1,-0.83,0.82,-0.01,3.19,3.28,-4.46,-1.13,60,57.14,19.05,20,14.29,4.76,-4.62,-4.62,-4.62,-34.92,-34.92,-4.62,-5.46,-19.59,-34.58,-27.09,-13.08,12.38,12.38,12.38,12.38,3.93,7.52,3.22,5.36,20.58,36.41,3.85,3.17,-5.28,-26,-35.65,0.95918,46,3.93,-0.6,-18.84,-2.4,,,3.85,-0.58,-9.05,-21.11,-7.25,0.974272,28
26-11-2025,NSE:EBGNG,EQ,3773.78,331.8,345534,1146.48181,3.67,3.67,3.5,,-0.79,3.12,-1.91,-4.48,3.24,-9.24,-13.59,NA,NA,NA,NA,-1,-1,-1,-1,-1,-1,-1,-1,-1,-1,-1,0.25,-0.39,-0.14,-2.34,-2.42,,,0,0,30.16,0,0,4.76,-4.28,-15.09,NA,NA,NA,-4.28,-17.84,NA,NA,NA,NA,5.25,NA,NA,NA,3.22,5.19,NA,NA,NA,NA,2.76,-17.36,0,0,0,0.959117,46,2.25,,,,,,2.76,-20.71,98.98,-9.66,5.87,0.974953,29
26-11-2025,NSE:KKCL,EQ,3149.36,502.9,42074,211.59015,3.97,3.63,4.97,S,0.93,-5.24,-2.06,-3.14,-4.31,-15.21,-1.28,12.35,-4.82,-19.72,-35.11,-1,-1,-1,-1,-1,-1,-1,-1,-1,-1,-1,-1.22,-1.27,-2.46,-3.69,-5.93,4.95,-1.03,0,0,0,0,0,0,-4.98,-15.05,-15.05,-20.65,-33.37,-4.98,-11.39,-11.98,-35.17,-30.16,-20.24,0.93,16.7,16.75,16.75,0.93,6.31,18.25,2.33,2.14,0.91,-4.79,-5.05,7.6,-18.78,-28.63,0.959086,46,-3.96,-4.08,-2.21,-30.23,,,-4.79,-0.4,12.44,-29.25,-8.34,0.977775,33
26-11-2025,NSE:TORNTPOWER,EQ,66036.56,1316.1,550445,7244.40665,2.39,2.36,4,,1.79,1.16,1.77,0.9,-0.43,3.94,2.55,-8.3,6.15,-20.23,12.17,-1,-1,-1,-1,-1,-1,-1,-1,-1,-1,-1,0.9,0.15,1.05,1.4,2.48,-6.24,-3.54,0,0,0,0,0,0,-2.13,-2.13,-10.66,-22.08,-33.32,-2.13,-2.97,-21.01,-27.78,-37.42,-19.83,9.67,9.67,9.67,10.56,3.37,10.14,1.89,15.4,8.73,39.3,-0.91,-1.22,-13.05,-7.81,-29.14,0.959042,45,3.05,-0.29,1.89,-16.08,,,-0.91,-0.34,-12.16,3.69,-22.24,0.980767,37
26-11-2025,NSE:DMART,EQ,262831.09,4019.1,403923,16234.06929,1.59,1.59,4.51,S,0.76,-0.18,-0.97,-4.06,-5.94,-15.59,-17.57,-1.86,8.52,9.86,2.16,-1,-1,-1,-1,-1,EEP,-1,-1,-1,-1,-1,-0.33,-1.37,-1.68,-4.83,-6.21,2.89,-3.41,0,0,15.87,0,0,14.29,-4.97,-16.78,-16.78,-16.78,-25.45,-4.97,-11.83,-0.27,-24.06,-31.81,-32.8,0.79,1.75,18.07,18.07,0.79,7.8,38.82,20.27,7.87,0,-6.42,-21.34,-6.61,-5.44,0.95,0.958954,45,-4.78,6.53,28.23,-19.06,,,-6.42,-14.29,12.34,0.54,7.33,0.994242,55
26-11-2025,NSE:AXITA,EQ,278.91,9.28,1686960,156.54989,2.27,2.39,2.77,,12.62,13.79,10.99,9.37,9.37,5.17,5.06,-3.23,-11.31,-33.84,-76.99,-1,-1,-1,-1,-1,-1,-1,-1,-1,-1,-1,11.44,0.29,11.76,-1.79,9.8,-9.31,0.44,0,0,0,0,0,0,0,0,-2.83,-25.82,-54.33,0,-6.56,-16.18,-47.95,-49.16,-38.87,16,16,16,16,16,2.19,0.34,0.84,0.98,0,8.89,1.29,-7.98,-25.27,-42.75,0.9589,45,10.48,-6.56,-15.13,-47.82,,,8.89,-8.07,-9.76,-17.49,-14.36,0.970588,24
26-11-2025,NSE:TIGERLOGS,EQ,418.67,38.93,303232,118.04822,3.12,3.16,4.83,S,2.34,-1.82,-9.84,-8.53,-9.66,-28.92,NA,NA,NA,NA,NA,-1,-1,-1,-1,-1,-1,NA,-1,-1,-1,-1,-1.28,-3.41,-4.54,,,,,0,0,0,0,0,0,-9.17,NA,NA,NA,NA,-9.17,NA,NA,NA,NA,NA,NA,NA,NA,NA,2.34,NA,NA,NA,NA,NA,-10.14,0,0,0,0,0.958886,45,-8.46,,,,,,-10.14,96.69,-1.02,-9.66,5.87,0.978245,33
26-11-2025,NSE:GGBL,SM,1091.99,401.4,51456,206.54438,4.36,4.34,3.28,M,0.99,-6.6,-8,-2.84,-3.44,-3.16,-10.79,-4.63,8.99,0.64,NA,-1,-1,HVQ,-1,-1,HVQ,-1,-1,-1,-1,-1,-2.68,-0.03,-2.71,1.42,-1.31,-2.18,-3.41,0,0,0,0,0,0,-9.56,-9.56,-26.82,-34.28,NA,-9.56,-19.81,-18.92,-31.23,-40.19,NA,9.85,9.85,35.13,NA,3.63,13.63,49.71,41.39,10.18,NA,-3.92,-14.56,-9.38,-4.97,-8.27,0.958824,45,-1.28,-16.33,16.6,-13.3,,,-3.92,-10.42,4.53,3.36,-3.31,0.988633,47
26-11-2025,NSE:AJAXENGG,EQ,7686.99,632.1,98058,619.82462,3.72,3.73,5.37,,0.63,-4.3,8.9,5.38,2.71,-2.9,-9.87,-8.51,3.84,NA,NA,EEP,EEP,-1,-1,-1,-1,-1,-1,-1,-1,-1,0.29,0.84,1.14,-0.88,0.26,,,0,0,4.76,0,0,1.59,-5.81,-12.12,-12.48,NA,NA,-5.81,-14.85,-6.44,-7.6,NA,NA,12,12,NA,NA,12,1.31,19.42,17.94,NA,NA,2.23,-13.64,-13.26,-10.12,0,0.958789,45,3.67,-8.65,15.61,,,,2.23,-16.25,0.22,1.73,105.87,0.990627,50
26-11-2025,NSE:SWELECTES,EQ,1134.03,701.6,58084,407.51734,3.63,3.53,5.71,L,0.23,-3.88,-10.97,-13.45,-14.84,-33.15,-9.93,20.18,16.7,-45.32,-28,-1,-1,HVY,HVQ,-1,-1,-1,-1,-1,-1,-1,-3.59,-4.3,-7.56,-9.77,-15.79,19.27,4.31,0,0,53.97,0,0,15.87,-14.54,-24.9,-24.9,-37.39,-52,-14.54,-13.76,0,-57.25,-60.02,-30.25,1.23,27.56,48.99,48.99,1.23,29.6,63.78,18.92,0,19.2,-15.32,-13.7,15.43,2.74,-54.23,0.958736,45,-14.54,19.64,25.09,-44.18,,,-15.32,0.97,26.37,-14.03,-68.58,0.976052,30
26-11-2025,NSE:SANSTAR,EQ,1694.87,92.53,462344,427.8069,3.67,3.59,5.75,,2.10,1.49,1.55,-2.69,-10.28,-2.69,9.9,-0.31,-0.32,-20.54,NA,-1,-1,-1,HV2Q,-1,-1,-1,-1,-1,-1,-1,0.1,-0.58,-0.48,-1.61,-2.05,1.77,-0.28,0,0,0,0,0,0,-5.24,-9.32,-11.78,-30.87,NA,-5.24,0,-20.52,-38.88,-38.88,NA,14.25,14.25,14.25,NA,3.95,25.99,1.46,10.43,0,NA,-10.76,6.13,-5.06,-14.28,-29.45,0.958649,45,-5.24,12.79,-13.46,-32.15,,,-10.76,14.99,-12.36,-9.67,-14.29,0.984035,41
26-11-2025,NSE:FINKURVE,EQ,1491.2,105.89,42665,45.17797,5.44,5.33,5.06,S,0.64,-2.39,-1.3,-6.1,-9.93,NA,NA,NA,NA,NA,NA,-1,-1,-1,-1,-1,-1,NA,-1,-1,-1,-1,-1.6,-2.23,-3.74,,,,,0,0,13.16,0,0,5.26,-10.21,NA,NA,NA,NA,-10.21,NA,NA,NA,NA,NA,NA,NA,NA,NA,0.64,NA,NA,NA,NA,NA,-10.41,0,0,0,0,0.958608,45,-8.72,,,,,,-10.41,96.69,-1.02,-9.66,5.87,0.977961,33
26-11-2025,NSE:CPEDU,EQ,513.04,279.95,41374,115.82651,4.84,4.8,10.45,,0.96,-3.41,-7.3,-12.84,-9.98,1.73,NA,NA,NA,NA,NA,-1,-1,-1,-1,-1,-1,-1,-1,-1,-1,-1,-2.26,-1.54,-3.74,1.14,-2.62,,,0,38.1,66.07,0,9.52,19.64,-15.42,NA,NA,NA,NA,-15.42,NA,NA,NA,NA,NA,NA,NA,NA,NA,1.73,NA,NA,NA,NA,NA,-10.46,0,0,0,0,0.958559,45,-15.42,,,,,,-10.46,96.69,-1.02,-9.66,5.87,0.977911,33
26-11-2025,NSE:AMANTA,EQ,477.6,112.96,177967,201.03152,3.56,3.5,3.18,,1.62,-3.63,-8.68,-8.46,-10,-27.35,NA,NA,NA,NA,NA,-1,-1,-1,-1,-1,-1,-1,-1,-1,-1,-1,-2.7,-2.92,-5.47,-7.26,-11.87,,,0,0,1.85,0,0,1.85,-9.57,NA,NA,NA,NA,-9.57,NA,NA,NA,NA,NA,NA,NA,NA,NA,1.62,NA,NA,NA,NA,NA,-10.48,0,0,0,0,0.958539,45,-9.57,,,,,,-10.48,96.69,-1.02,-9.66,5.87,0.977891,33
26-11-2025,NSE:JKPAPER,EQ,6403.41,366.65,384013,1407.98366,2.29,2.37,4.86,3L,0.66,-1.01,-3.65,-5.37,-7.06,-4.38,-11.63,0.08,15.46,-9.08,6.98,-1,-1,HVY,HV2Q,-1,-1,-1,-1,-1,-1,-1,-1.22,-2.03,-3.19,-3.36,-6.34,8.35,2.2,0,0,28.57,0,0,7.94,-8.3,-13.98,-13.98,-24.39,-42.15,-8.3,-7.91,0,-28.5,-51.09,-36.89,1.54,5.68,28.63,28.63,1.54,13.14,43.59,28.52,0,24.85,-7.54,-15.4,-4.67,1.5,-17.99,0.95847,45,-5.6,4.92,39.03,-22.4,,,-7.54,-7.58,9.47,5.74,-23.17,0.985119,43
26-11-2025,NSE:MALLCOM,EQ,764.46,1252.9,9782,122.55868,3.75,3.9,5.79,2L,3.09,-2.16,-7.89,-14.84,-13.35,-10.03,2.83,8.88,1.97,-16.63,33.47,-1,-1,-1,HV2Q,-1,-1,-1,-1,-1,-1,-1,-0.78,-3.42,-4.06,-3.76,-7.54,7.36,-0.2,0,19.05,39.68,0,0,22.22,-12.92,-15.78,-15.78,-26.45,-26.45,-12.92,-4.54,-9.32,-32.99,-27.9,-10.96,4.92,15.58,15.58,48.82,3.55,18.92,12.32,4.07,47.34,75.3,-13.83,-0.94,4.13,-11.99,-25.54,0.958422,45,-12.68,6.72,-2.28,-13.84,,,-13.83,10.96,5.21,-17.25,-13.11,0.98297,39
26-11-2025,NSE:ENRIN,EQ,117359.51,3113.7,809224,25196.80769,3.34,3.32,17.08,,0.52,-6.46,-5.46,-4.23,-1.28,-12.73,-8.64,NA,NA,NA,NA,-1,-1,-1,-1,-1,-1,-1,-1,-1,-1,-1,-3.26,-0.48,-3.72,-1.63,-5.26,,,0,0,33.33,0,0,19.05,-7.02,-13.66,NA,NA,NA,-7.02,-12.56,NA,NA,NA,NA,0.52,NA,NA,NA,0.52,5.91,NA,NA,NA,NA,-1.76,-12.41,0,0,0,0.958397,45,0.4,5.91,,,,,-1.76,-10.58,98.98,-9.66,5.87,0.979197,35
26-11-2025,NSE:KOTHARIPRO,EQ,507.35,82.09,228980,187.96968,3.63,3.72,8.34,2L,1.10,-2.13,-7.78,-9.6,-9.54,-6.27,2.96,-5.18,-6.21,5.63,27.06,-1,-1,HV2Q,-1,HVQ,HVQ,-1,-1,-1,-1,-1,-1.16,-2.52,-3.59,-3.92,-7.23,8.25,1.11,0,0,17.46,0,0,4.76,-11.43,-15.42,-15.42,-19.94,-23.91,-11.43,-7.36,-12.14,-15.79,-19.19,-28.2,10.53,10.53,30.45,42.7,3.71,21.07,26.59,37.2,51.97,35.02,-10.02,-0.81,-9.93,-20.17,-3.28,0.957903,45,-7.88,7.62,-12.14,-6.06,,,-10.02,8.1,-9.41,-10.64,17.02,0.996061,58
26-11-2025,NSE:UFBL,EQ,750.46,190.61,96918,184.7354,3.35,3.3,17.21,,0.32,3.23,-2.22,-4.92,-10.68,NA,NA,NA,NA,NA,NA,-1,-1,-1,-1,-1,-1,NA,-1,-1,-1,-1,1.26,-3.59,-2.25,,,,,0,0,0,0,0,0,-8.32,NA,NA,NA,NA,-8.32,NA,NA,NA,NA,NA,NA,NA,NA,NA,7.36,NA,NA,NA,NA,NA,-11.16,0,0,0,0,0.95787,45,-7.82,,,,,,-11.16,96.69,-1.02,-9.66,5.87,0.977208,32
26-11-2025,NSE:ATGL,EQ,68386.19,605.75,2533760,15348.2512,2.15,2.16,7.18,2M,0.17,-0.78,-2.38,-3.85,-2.2,-10.16,-4.21,-11.32,4.35,0.64,-63.27,-1,-1,HVQ,-1,EEP,EEP,-1,-1,-1,-1,-1,-0.7,-0.84,-1.53,-2.22,-3.67,0.52,-3.16,0,0,0,0,0,0,-5.15,-22.41,-22.41,-25.43,-45.89,-5.15,-20.71,-11.48,-21.67,-48.24,-46.23,2.6,3.62,10.71,10.71,0.64,5.89,15.37,23.24,0.98,0,-2.68,-7.98,-16.07,-9.61,-8.27,0.95776,45,-2.46,-0.81,8.34,-21.67,,,-2.68,-5.28,-7.84,4.41,1.99,0.989966,49
26-11-2025,NSE:DEEPINDS,EQ,3107.84,469.15,166160,779.53964,3.74,3.69,6.56,3L,1.80,-2.82,-2.61,-5.56,-0.68,-13.94,-16.22,9.9,-0.52,-4.69,44.03,-1,-1,-1,EEP,HVQ,-1,-1,-1,-1,-1,-1,-1.12,-1.19,-2.29,-2.84,-4.98,2.92,-2.13,0,0,12.7,0,0,3.17,-8.46,-17.27,-17.68,-23.53,-23.53,-8.46,-17.12,-4.33,-31.1,-23.13,-6.39,2.65,13.06,19.32,83.55,2.65,9.58,38.67,20.58,95.36,103.46,-1.16,-19.99,5.15,-14.48,-13.6,0.957449,45,0.94,4.78,13.08,20.58,,,-1.16,-18.74,21.46,-21.23,1.72,0.984932,42
26-11-2025,NSE:APLLTD,EQ,18476.93,914.75,209208,1913.73018,3.09,3.13,13.71,M,1.06,0.93,-0.21,-5.02,-0.02,-0.6,-6.92,-8.56,11.53,-13.46,-3.5,-1,-1,-1,HV2Y,HV2Q,-1,-1,-1,-1,-1,-1,0.45,-0.44,0.01,-1,-0.99,-0.07,-1.06,0,0,0,0,0,0,-4.78,-6.48,-11.97,-17.19,-26.69,-4.78,-9.7,-5.88,-20.41,-35.14,-16.82,2.36,2.36,23.01,23.01,1.93,2.38,31.52,33.54,0,22.78,-0.5,-10.69,-13.31,-2.43,-22.37,0.957443,45,1.01,-8.28,20.47,-11.14,,,-0.5,-10.21,-2.55,8.85,-22.38,0.983141,39
26-11-2025,NSE:MUNISH,SM,274.88,112.3,233224,261.91055,6.77,6.84,5.06,S,2.89,4.76,-0.45,-15,-11.18,NA,NA,NA,NA,NA,NA,-1,-1,-1,-1,-1,-1,NA,-1,-1,-1,-1,1.63,-4.06,-2.33,,,,,0,19.05,44.12,0,0,29.41,-14.47,NA,NA,NA,NA,-14.47,NA,NA,NA,NA,NA,NA,NA,NA,NA,9.35,NA,NA,NA,NA,NA,-11.66,0,0,0,0,0.957378,45,-9.14,,,,,,-11.66,96.69,-1.02,-9.66,5.87,0.976706,31
26-11-2025,NSE:VESUVIUS,EQ,9894.34,477.25,93789,447.608,2.85,2.81,5.52,2M,-0.64,-0.83,-4,-3.58,-3.18,-7.48,-10.31,-19.5,20.99,-9.29,34.23,-1,-1,-1,-1,-1,-1,-1,-1,-1,-1,-1,-0.91,-0.9,-1.8,-2.51,-4.2,0.2,-4.01,0,0,0,0,0,0,-5.22,-10.6,-22.9,-22.9,-22.9,-5.22,-8.43,-14.95,-3.16,-35.97,-11.43,0.39,0.39,32.69,48.65,0.39,2.84,46.37,58.56,20.66,66.91,-3.66,-14.08,-24.25,7.03,-18.2,0.957009,44,-3.02,-5.62,46.37,9.89,,,-3.66,-10.21,-9.35,24.22,-32.46,0.994476,56
26-11-2025,NSE:TICL,BE,495.85,29.16,903521,263.46672,5.23,5.11,3.91,M,0.97,-6.04,-13.61,-2.06,-3.12,27.4,10.77,6.45,-53.5,NA,NA,-1,-1,HV2Y,-1,-1,-1,-1,-1,-1,-1,-1,-3.46,-0.58,-4.02,5.79,1.89,-10.39,-7.7,0,19.05,6.35,0,4.76,1.59,-12.77,-12.77,-13.57,NA,NA,-12.77,-8.35,-43.62,-51,NA,NA,37.74,37.74,NA,NA,0.97,42.04,3.34,0,NA,NA,-3.6,7,1.7,-67.46,0,0.956797,44,-2.96,-7.16,-43.62,,,,-3.6,10.16,-5.86,-73.74,105.87,0.966841,19
26-11-2025,NSE:COALINDIA,EQ,239113.86,377.35,5882501,22197.61752,1.55,1.64,4.26,2L,1.97,-0.45,-2.42,-0.05,-5.13,-4.11,-0.7,-5.99,4.31,-7.59,-10.04,-1,-1,-1,-1,-1,-1,-1,-1,-1,-1,-1,-0.23,-0.75,-0.97,-1.35,-2.29,-0.01,-2.3,0,0,0,0,0,0,-3.59,-5.6,-6.16,-10.6,-30.17,-3.59,-0.76,-6.89,-25.78,-33.18,-24.87,1.97,1.97,6.54,6.54,1.97,6.51,5.45,12.92,1.95,0,-5.61,-4.47,-10.74,-9.65,-16.5,0.956697,44,-3.59,4.18,4.89,-24.37,,,-5.61,0.9,-6.27,0.05,-6.56,0.985328,43
26-11-2025,NSE:ABLBL,EQ,16925.49,132.65,1872763,2484.22012,3.26,3.24,8.63,S,2.71,-3.51,2.03,-3.38,-2.8,-2.44,-8.65,NA,NA,NA,NA,-1,-1,-1,-1,-1,-1,-1,-1,-1,-1,-1,0.5,-1.09,-0.59,-2.54,-3.05,,,0,0,0,0,0,0,-5.2,-11.06,NA,NA,NA,-5.2,-8.57,NA,NA,NA,NA,4.4,NA,NA,NA,4.4,3.37,NA,NA,NA,NA,-3.28,-12.42,0,0,0,0.956601,44,-2.72,-6.45,,,,,-3.28,-9,98.98,-9.66,5.87,0.979105,35
26-11-2025,NSE:SKYGOLD,EQ,5563.49,337.6,1132285,3822.59416,4.27,4.19,8.51,M,0.04,-5.04,-4.56,-6.37,-6.38,15.63,8.59,-8.16,-3.78,-11.68,70.61,-1,-1,2,-1,-1,-1,-1,-1,-1,-1,-1,-2.51,0.06,-2.45,5.48,3.2,0.06,3.26,20,71.43,25.4,0,4.76,1.59,-7.46,-9.25,-14.23,-30.9,-30.9,-7.46,-3.45,-21.6,-25.26,-28.29,0,28.24,30.45,30.45,253.47,0.04,38.78,19.24,47.25,272.73,301.13,-6.86,4.82,-12.91,-17.74,-20.59,0.956583,44,-3.49,19,-8.62,42.96,,,-6.86,10.76,-19.34,-5.61,-1.75,0.98697,45
26-11-2025,NSE:HUHTAMAKI,EQ,1757.02,223.06,660856,1474.10539,2.83,2.81,6.19,L,1.55,-3.74,-7.97,-10.79,-16.58,-5.74,2.43,4.34,9.04,-18.02,-40.46,-1,-1,EEP,-1,-1,-1,-1,-1,-1,-1,-1,-1.96,-2.74,-4.57,-2.53,-6.93,10.13,3.57,0,4.76,47.62,0,0,26.98,-13.23,-17.39,-17.39,-27.47,-49.33,-13.23,-3.7,-7.83,-51.16,-53.91,-40.2,5.75,10.31,26.7,26.7,2.11,25.34,23.62,21.19,1.05,0.98,-17.06,-1.34,-0.41,-4.92,-26.93,0.95652,44,-13.23,18.98,8.78,-50.98,,,-17.06,13,0.94,-4.75,-23.87,0.984832,42
26-11-2025,NSE:TTKPRESTIG,EQ,9093.48,660.7,108939,719.75997,2.39,2.41,11.06,,-0.02,-0.04,-0.5,-1.23,2.08,2.01,0.69,2.24,-2.66,-28.7,-5.49,-1,EEP,-1,-1,-1,-1,-1,-1,-1,-1,-1,-0.09,0,-0.1,0.77,0.67,1.74,2.45,0,0,12.7,0,0,12.7,-7.74,-7.74,-7.74,-28.09,-34.84,-7.74,-5.13,-5.41,-32.98,-33.1,-16.13,4.06,8.47,12.63,12.63,0.17,2.92,11.86,10.11,1.46,27.19,1.6,-3.08,-2.51,-16.62,-37.61,0.956502,44,-7.74,2.57,-5.41,-32.98,,,1.6,-4.73,0.54,-14.68,-19.49,0.972259,26
26-11-2025,NSE:YASHO,EQ,2040.06,1680.2,11156,187.44311,5.24,5.19,5.35,S,5.22,1.69,0.62,0.22,6.12,-0.61,-2.5,-16.61,-5.98,-1.61,2.54,-1,-1,-1,HVQ,-1,HV2Y,-1,-1,-1,-1,-1,1.91,0.26,2.18,0.07,2.25,-9.85,-6.92,0,0,0,0,0,0,-3.88,-11.22,-20.4,-26.1,-26.1,-3.88,-20.02,-18.41,-13.82,-21.68,-19.75,7.76,7.76,7.76,7.76,7.76,0.09,4.71,19.12,16.76,11.95,5.64,-6.27,-21.36,-19.94,-10.52,0.956491,44,7.76,-19.67,-5.79,4.8,,,5.64,-12.5,-14.79,-0.54,9.99,0.988198,46
26-11-2025,NSE:GLOBECIVIL,EQ,395.04,72.17,266853,192.58781,5.43,5.42,4.89,,14.92,11.42,6.6,-1.79,-1.4,-2.84,-10.45,NA,NA,NA,NA,-1,-1,-1,-1,-1,-1,-1,-1,-1,-1,-1,9.56,-2.6,6.78,-5.52,1.2,,,0,0,0,0,0,0,-4.22,-9.47,NA,NA,NA,-4.22,-16.37,NA,NA,NA,NA,17.56,NA,NA,NA,17.56,6.93,NA,NA,NA,NA,-1.88,-14.22,0,0,0,0.956424,44,0.03,-16.37,,,,,-1.88,-12.23,98.98,-9.66,5.87,0.977299,32
26-11-2025,NSE:IRIS,EQ,698.47,323.4,26146,84.55616,4.29,5.09,6.98,S,4.22,-0.28,-14.61,-3.68,1.69,-0.57,-6.45,15.92,-15.4,-21.37,65.57,-1,-1,-1,-1,-1,HVQ,-1,-1,-1,-1,-1,-0.6,-1.29,-1.87,1.24,-0.63,-2.51,-3.07,0,0,0,0,0,0,-14.08,-14.08,-21.67,-43.76,-43.76,-14.08,-15.76,-21.31,-52.71,-35.1,-11.01,5.15,33.83,34.72,182.2,4.95,3.38,43.41,13.27,235.16,252.49,1.21,-10.22,11.17,-29.36,-30.28,0.956244,44,2.57,-15.08,-5.88,7.47,,,1.21,-11.58,20,-46.92,0.7,0.977698,32
26-11-2025,NSE:BANARISUG,EQ,4514.29,3604.3,1522,54.85745,1.18,1.22,14.48,,0.07,-1.89,0.16,0.17,-0.02,-1.63,-4.19,-18.3,0.42,5.64,36.01,-1,-1,-1,-1,HV2Q,-1,-1,-1,-1,-1,-1,-0.26,0.43,0.17,0.91,1.1,-4.77,-3.5,0,0,0,0,0,0,-1.85,-4.15,-15.35,-16.6,-16.6,-1.85,-5.16,-13.1,-1.34,-7.89,-12.72,10.23,10.23,10.89,60.38,0.17,10.26,15.54,38.85,59.7,51.33,-0.5,-7.96,-23.05,-13.54,-3.27,0.956228,44,0.01,-4.39,7.2,34.36,,,-0.5,-7.48,-14.56,6.17,11.11,0.99421,55
26-11-2025,NSE:ANDHRSUGAR,EQ,1072.49,78.42,287871,225.74844,3.69,3.85,5.52,S,4.12,-1.67,-4.93,2.1,-3.9,3.63,-0.1,1.19,4.58,-23.4,-25.54,-1,HVY,-1,HV2Q,-1,-1,-1,-1,-1,-1,-1,-0.2,-0.9,-1.09,0.6,-0.49,2.54,2.11,0,0,0,0,0,0,-5.1,-5.1,-6.51,-23.33,-37.4,-5.1,-2.13,-6.41,-33.16,-40.27,-22.75,6.1,6.1,19.56,19.56,4.12,10.24,19.68,18.14,0,4.33,-4.38,-3.87,-3.56,-9.38,-32.31,0.956185,44,-3.54,1.41,2.47,-31.44,,,-4.38,0.35,0.27,-6.23,-23.45,0.97657,31
26-11-2025,NSE:LAXMIINDIA,EQ,677.44,135.38,794404,1075.46414,4.97,4.95,3.11,,0.50,-6.2,-11.98,-7.56,-9.9,-18.95,-2.19,NA,NA,NA,NA,-1,-1,-1,-1,-1,-1,-1,-1,-1,-1,-1,-1.94,-2.5,-4.33,-5.25,-9.11,,,0,0,22.22,0,0,11.11,-14.07,-23.02,NA,NA,NA,-14.07,-15.4,NA,NA,NA,NA,4.45,NA,NA,NA,4.45,20.13,NA,NA,NA,NA,-10.38,-5.96,0,0,0,0.956052,44,-14.07,,,,,,-10.38,3.71,98.98,-9.66,5.87,0.98733,45
26-11-2025,NSE:MARKOLINES,EQ,354.81,151.95,159423,242.24325,4.27,4.19,21.25,S,1.42,0.13,-9.98,-8.76,-12.55,NA,NA,NA,NA,NA,NA,-1,-1,-1,-1,-1,-1,NA,-1,-1,-1,-1,-1.78,-3.28,-4.9,,,,,0,0,0,0,0,0,-9.51,NA,NA,NA,NA,-9.51,NA,NA,NA,NA,NA,NA,NA,NA,NA,1.42,NA,NA,NA,NA,NA,-13.03,0,0,0,0,0.956047,44,-9.51,,,,,,-13.03,96.69,-1.02,-9.66,5.87,0.975348,29
26-11-2025,NSE:HEXT,EQ,43215.77,756.05,797056,6026.14189,3.21,3.16,10.05,,4.07,3.25,7.9,8.07,2.53,6.91,-9.17,-8.47,NA,NA,NA,-1,-1,-1,-1,-1,-1,-1,-1,-1,-1,-1,4.71,1.16,5.95,0.35,6.32,,,0,0,0,0,0,0,0,-4.77,-15.14,NA,NA,0,-10.72,-7.36,NA,NA,NA,13.97,13.97,NA,NA,13.97,10.96,30.95,NA,NA,NA,2.05,-12.94,-13.22,0,0,0.955908,44,5.7,-0.33,8.24,,,,2.05,-15.31,-0.38,90.34,5.87,0.979652,35
26-11-2025,NSE:TOLINS,EQ,651.9,150.09,494640,742.40518,4.86,5.07,4.4,S,2.68,-7.88,-23.36,-28.16,-24.28,-30.35,-3.94,12.14,15.26,-20.57,NA,-1,-1,HV2Y,HV2Q,-1,HV2Y,-1,-1,-1,-1,-1,-5.3,-4.84,-9.67,-5.51,-14.39,14.36,-0.04,0,0,19.05,0,0,11.11,-21.97,-23.47,-23.47,-39.23,NA,-21.97,-4.89,-7.82,-46.6,-48.5,NA,2.68,12.44,36.09,NA,2.68,30.25,41.45,19.57,0,NA,-24.76,-7.71,7.39,1.3,-29.48,0.955881,44,-21.96,19.14,19.25,,,,-24.76,13.05,14.45,-6.1,-36.42,0.986154,44
26-11-2025,NSE:VMSTMT,EQ,323.5,61.59,524040,322.75624,4.08,4.01,4.28,S,0.54,-2.44,-10.03,-13.7,-12.75,-61.8,NA,NA,NA,NA,NA,-1,-1,-1,-1,-1,-1,NA,-1,-1,-1,-1,-2.87,-4.75,-7.28,,,,,0,0,0,0,0,0,-14.74,NA,NA,NA,NA,-14.74,NA,NA,NA,NA,NA,NA,NA,NA,NA,0.54,NA,NA,NA,NA,NA,-13.23,0,0,0,0,0.95586,44,-10.51,,,,,,-13.23,96.69,-1.02,-9.66,5.87,0.975158,29
26-11-2025,NSE:WAAREERTL,EQ,12032.14,1078.6,1515635,16347.63911,2.84,2.83,2.84,M,2.51,-2.62,-9.52,-11.52,-23.35,1.97,3.15,5.8,NA,NA,NA,-1,-1,EEP,EEP,EEP,-1,-1,-1,-1,-1,-1,-2.48,-2.93,-5.25,-0.74,-5.94,,,0,23.81,28.57,0,0,6.35,-16.5,-18.93,-18.93,NA,NA,-16.5,0,-13.13,NA,NA,NA,6.62,14.36,NA,NA,2.51,33.44,22,NA,NA,NA,-23.83,-0.62,1.05,0,0,0.955783,44,-16.5,26.22,,,,,-23.83,18.18,1.71,90.34,5.87,1.001998,65
26-11-2025,NSE:REPRO,EQ,763.44,483.95,54296,262.76549,5.69,5.74,15.6,L,-3.25,-0.12,-17.53,-16.74,-9.44,6.35,2.46,-17.54,11.13,-6.34,-50.9,-1,-1,HVQ,-1,-1,HVQ,-1,-1,-1,-1,-1,-4.49,-2.46,-6.78,2.49,-4.4,1.71,-2.74,0,4.76,1.59,0,4.76,1.59,-16.09,-16.09,-16.86,-23.2,-43.14,-16.09,-3.41,-18.91,-12.33,-49.63,-39.73,13.42,13.42,21.53,21.53,2.94,24.13,18.55,42.86,0,4.02,-9.92,-1.31,-22.29,-2.83,-15.25,0.955781,44,-10.91,-2.27,6.07,-5.1,,,-9.92,7.57,-21.53,14.73,-13.79,0.994559,56
26-11-2025,NSE:WANBURY,EQ,805.49,239.4,96957,232.11506,4.94,4.8,3.54,M,2.88,4.51,-1.61,-11.19,-6.29,-4.74,-21.16,-18.37,18.16,10.84,47.01,-1,HVQ,HVQ,-1,HV2Y,HVQ,-1,-1,-1,-1,-1,1.27,-1.76,-0.49,-2.55,-2.96,-3.08,-5.86,0,0,0,0,0,0,-10.07,-16.04,-23.43,-25.62,-25.62,-10.07,-15.56,-7.23,-11.96,-39.13,-24.14,4.72,4.72,49.35,88.43,4.72,11.19,80.95,76.79,54.45,68.26,-6.77,-24.93,-23.12,4.2,1.93,0.955737,44,-6.58,4.09,41.94,35.47,,,-6.77,-17.3,1.28,21.2,-3.07,1.001229,64
26-11-2025,NSE:PRUDENT,EQ,10339.66,2537.9,36549,927.57707,3.34,3.39,6.5,2L,2.58,3.21,1.7,-0.98,-7.01,-9.32,-14.24,-5.32,21.01,-14.27,52.28,-1,-1,-1,-1,-1,-1,-1,-1,-1,-1,-1,1.4,-1.43,-0.02,-4.22,-4.07,4.12,0.05,0,0,0,0,0,0,-6.64,-15.26,-17.15,-17.44,-27.91,-6.64,-11.33,-5.35,-24.08,-43.05,-17.62,4.47,4.47,56.78,109.83,4.47,7.43,79.1,65.11,74.12,151.87,-7.49,-18.01,-10.07,7.05,-23.18,0.955711,43,-6.64,-6.23,46.32,11.31,,,-7.49,-10.06,6.79,15.33,-38.79,0.986483,44
26-11-2025,NSE:RSYSTEMS,EQ,4914.47,404.5,102497,414.60037,3.4,3.34,4.62,2L,1.07,-4.52,-1.51,-2.84,-2.61,-6.29,-17.32,6.98,10.59,-14.86,-11.97,-1,-1,-1,HV2Q,-1,-1,-1,-1,-1,-1,-1,-0.54,-0.98,-1.51,-1.74,-3.19,4.85,1.74,0,0,17.46,0,0,3.17,-6.33,-13.99,-14.76,-21.06,-26.14,-6.33,-12.54,0,-31.3,-33.96,-15.16,1.65,10.62,37.77,37.77,1.65,3.56,61.63,28.15,0.17,13.44,-3.09,-21.09,2.23,-3.37,-23.77,0.955605,43,-2.03,-1.07,30.44,-23.92,,,-3.09,-17.65,19.69,-5.78,-22.6,0.980157,36
26-11-2025,NSE:BRIGHOTEL,EQ,3001.9,78.51,218417,171.47919,1.48,1.47,6.99,S,0.67,0.5,-1.9,-4.94,-5.6,-5.87,-6.64,NA,NA,NA,NA,-1,-1,-1,-1,-1,-1,-1,-1,-1,-1,-1,-0.45,-1.2,-1.62,-2.26,-3.79,,,0,0,4.76,0,0,0,-6.4,-9.86,NA,NA,NA,-6.4,-8.72,NA,NA,NA,NA,0.67,NA,NA,NA,0.67,4.22,NA,NA,NA,NA,-6.08,-10.41,0,0,0,0.955587,43,-5.87,,,,,,-6.08,-4.29,98.98,-9.66,5.87,0.981377,37
26-11-2025,NSE:PVRINOX,EQ,10952.24,1085.1,323144,3506.43554,3.08,3.06,5.14,2L,3.38,-2.73,-1.32,-7.09,-8.67,-2.66,-2.19,8.52,8.93,-33.19,-20.74,-1,-1,-1,-1,-1,-1,-1,-1,-1,-1,-1,-0.83,-1.6,-2.39,-1.08,-3.44,8.25,5.25,0,19.05,28.57,0,9.52,22.22,-12.56,-12.56,-12.56,-32.11,-37.64,-12.56,0,-1.97,-42.95,-43.2,-16.94,3.38,15.36,27.85,27.85,3.38,20.49,30.66,16.96,0,13.75,-9.15,-5.96,3.77,-5.03,-42.1,0.955389,43,-8.38,17.91,11.96,-34.49,,,-9.15,2.65,9.47,-9.22,-40.37,0.974172,28
26-11-2025,NSE:MSTCLTD,EQ,3688.96,495.95,284896,1412.94171,2.87,2.83,3.92,2L,3.00,-1.01,-6.77,-10.64,-7.53,-2.86,10.45,-10.63,2.66,-24,-70.85,-1,-1,-1,HV2Q,-1,-1,-1,-1,-1,-1,-1,-1.15,-2.31,-3.39,-1.99,-5.27,1.65,-3.68,0,28.57,9.52,0,19.05,6.35,-10.33,-10.33,-11.9,-37.09,-50.66,-10.33,-2.95,-22.53,-34.1,-51.97,-38.81,13.13,13.13,15.54,15.54,3,21.65,3.46,27.82,0,5.54,-8.01,6.68,-15.38,-11.3,-32.91,0.955317,43,-6.96,6.27,-11.22,-33.01,,,-8.01,13.42,-24.56,2.35,-21.53,0.984679,42
26-11-2025,NSE:ZYDUSLIFE,EQ,94082.88,940.55,931122,8757.66797,1.95,1.95,5.79,S,1.30,1.1,-1.15,-3.31,-7.79,-10.15,-8.78,2.39,2.82,-0.37,-4.61,-1,-1,-1,-1,-1,-1,-1,-1,-1,-1,-1,0.51,-1.37,-0.85,-3.59,-4.28,3.48,-0.83,0,0,34.92,0,0,25.4,-6.22,-10.24,-10.24,-10.24,-27.7,-6.22,-3.24,0,-24.13,-29.74,-27.43,1.76,1.76,14.41,14.41,1.76,8.7,24.46,11.68,1.35,2.42,-8.27,-12.55,-2.36,-11.14,-9.28,0.955279,43,-6.06,3.84,14.77,-24.13,,,-8.27,-4.23,9.25,-9.22,2.59,0.987001,45
26-11-2025,NSE:GREENLAM,EQ,6763.97,245.3,174327,427.62413,3.25,3.19,8.93,2L,1.47,-4.77,-8.83,-8.15,-2.26,-0.86,5.05,-9.18,-10.4,-4.23,5.71,-1,-1,-1,-1,EEP,HV2Q,-1,-1,-1,-1,-1,-2.63,-1.39,-3.96,0.16,-3.81,3.89,0.08,0,42.86,38.1,0,42.86,22.22,-8.21,-8.21,-11.19,-18.65,-21.71,-8.21,-5.96,-20.52,-11.19,-13.57,-18.4,7.1,13.06,19.64,19.64,1.47,15.62,13.59,30.61,19.77,13.08,-2.74,1.28,-13.93,-24.36,-13.14,0.955256,43,-3.79,1.53,-13.63,-8.73,,,-2.74,3.84,-16,-10.78,11.46,0.988077,46
26-11-2025,NSE:TRIVENI,EQ,8016.04,356.5,247027,880.65126,2.09,2.12,7.61,,0.37,-2.23,-4.07,-0.52,-0.41,1.8,3,-19.07,-3.67,-1.36,11.42,-1,-1,-1,EEP,-1,HVQ,-1,-1,-1,-1,-1,-0.82,0.03,-0.79,1.24,0.46,-5.87,-5.11,0,0,0,0,0,0,-3.91,-3.91,-21.02,-28.64,-29.75,-3.91,-2.6,-23.39,-16.35,-27.17,-28.8,7.11,8.84,8.84,16.75,1.32,9.28,5.57,21.69,21.04,18.34,-0.89,-0.77,-23.82,-17.63,-10.27,0.955247,43,1.32,-2.36,-7.95,-6.27,,,-0.89,0.08,-23.78,3.27,8.1,0.991482,51
26-11-2025,NSE:ALICON,EQ,1457.25,897.15,70985,636.84193,4.48,4.41,4.39,,0.55,1.06,0.89,-7.74,-9.69,1.42,5.56,-2.1,7.11,-27.1,9.02,-1,EEP,EEP,-1,EEP,-1,-1,-1,-1,-1,-1,0.64,-0.17,0.46,1.24,1.72,5.57,7.72,0,0,0,0,0,0,-7.18,-8.84,-8.84,-26.81,-40.72,-7.18,0,-13.91,-39.48,-44.93,-24.65,7.97,11.82,45.29,45.29,4.31,22.65,37.21,48.33,4.12,42.48,-10.17,1.79,-6.85,-6.85,-36.01,0.955239,43,-4.97,6.83,-0.37,-33.67,,,-10.17,10.6,-9.13,-0.64,-30.96,0.980299,36
26-11-2025,NSE:ADVANCE,EQ,938.57,125.64,1516044,1904.75768,6.55,6.34,3.09,S,1.54,-7.04,-13.13,-3.51,-13.42,NA,NA,NA,NA,NA,NA,-1,-1,-1,-1,-1,-1,NA,-1,-1,-1,-1,-4.58,0.5,-4.09,,,,,0,71.43,55.88,0,4.76,11.76,-14.16,NA,NA,NA,NA,-14.16,NA,NA,NA,NA,NA,NA,NA,NA,NA,1.54,NA,NA,NA,NA,NA,-13.9,0,0,0,0,0.955221,43,-8.39,,,,,,-13.9,96.69,-1.02,-9.66,5.87,0.974506,28
26-11-2025,NSE:GREAVESCOT,EQ,4940.96,202.06,2030493,4102.81416,3.4,3.4,6.25,2L,0.20,-3.02,-5.73,-9.33,-5.12,-10.1,-2.47,-1.73,-27.09,16.12,35.56,-1,-1,-1,EEP,-1,EEP,-1,-1,-1,-1,-1,-1.89,-1.27,-3.12,-1.99,-5.01,-0.76,-5.72,0,0,22.22,0,0,15.87,-13.19,-13.19,-13.19,-31.85,-31.85,-13.19,-6.18,-24.5,-30.67,-13.39,-12.72,1.97,4.49,17.35,74.64,0.2,7.99,18.95,29.09,121.95,46.49,-5.6,-6.24,-6.48,-41.05,7.21,0.955178,43,-9.67,6.13,-24.5,18,,,-5.6,-0.79,-0.29,-34.59,39.87,1.007883,71
26-11-2025,NSE:KSB,EQ,13150.4,740.15,75669,560.0641,2.93,2.88,4.64,L,-1.08,2.14,-3.28,-4.49,-8.04,-15.75,-8.97,-12.23,18.35,-7.79,2.02,-1,-1,-1,-1,-1,-1,-1,-1,-1,-1,-1,-0.38,-1.88,-2.22,-5.06,-6.93,2.2,-4.83,0,0,0,0,0,0,-7.06,-14.79,-16.28,-16.28,-26.52,-7.06,-7.94,-8.77,-10.54,-40.01,-20.8,3.5,3.5,23.54,23.54,3.5,1.15,32.54,38.65,0.88,14.58,-8.52,-12.74,-16.98,4.39,-16.7,0.955131,43,-6.75,-5.95,31.93,-10.26,,,-8.52,-4.17,-4.01,17.58,-26.14,0.990786,51
26-11-2025,NSE:HARSHA,EQ,3650.87,391.45,36501,142.88316,2.74,2.71,5.47,S,1.05,-3.14,-0.49,-1.51,-1.19,-5.57,-5.79,0.79,6.73,-22.23,1.14,-1,-1,-1,HVY,-1,EEP,-1,-1,-1,-1,-1,-0.69,-0.21,-0.89,-0.84,-1.72,0.24,-1.48,0,0,0,0,0,0,-3.95,-7.66,-10.52,-28.32,-34.7,-3.95,-7.76,-5.34,-29.81,-39.09,-20.19,2.21,3.2,9.74,9.74,1.08,3.42,16.09,8.87,0,30.55,-1.67,-9.56,-3.96,-7.23,-31.14,0.955086,43,-1.63,-3.38,9.07,-27.9,,,-1.67,-7.85,5.2,-3.67,-25.18,0.975984,30
26-11-2025,NSE:ESSARSHPNG,BE,643.7,29.14,926217,269.89963,5.92,6.54,10.63,2M,2.21,-3.53,-14.31,-24.06,-27.11,3.05,18.15,-11.43,13.11,-37.13,25.7,-1,HV2Y,HVY,-1,HV2Q,-1,-1,-1,-1,-1,-1,-3.96,-3.64,-7.34,1.96,-5.48,7.03,1.66,0,38.1,15.87,0,14.29,6.35,-29.15,-29.15,-29.15,-30.54,-59.27,-29.15,0,-32.47,-34.59,-64.61,-44.14,24.8,24.8,34.6,46.8,2.21,58.63,10.16,49.98,27.56,101.31,-27.59,14.38,-16.18,-0.85,-46.04,0.955002,43,-20.05,30.84,-8.59,-34.59,,,-27.59,32.3,-37.16,12.36,-51.95,1.005428,68
26-11-2025,NSE:MEIL,EQ,1241.01,408.95,117006,478.49604,3.25,3.26,5.08,S,1.26,-8.19,-12.03,-12.76,-13.78,-17.23,NA,NA,NA,NA,NA,-1,-1,-1,-1,-1,-1,-1,-1,-1,-1,-1,-4.43,-3.38,-7.56,-4.97,-11.93,,,0,0,0,0,0,0,-14.09,NA,NA,NA,NA,-14.09,NA,NA,NA,NA,NA,NA,NA,NA,NA,1.26,NA,NA,NA,NA,NA,-14.26,0,0,0,0,0.954883,43,-12.03,,,,,,-14.26,96.69,-1.02,-9.66,5.87,0.974161,28
26-11-2025,NSE:MINDTECK,EQ,723.44,214.75,190917,409.99426,4.14,4.15,2.95,2L,1.66,-3.56,-13.41,-20.84,-25.82,-12.05,5.83,-8.71,13.23,-5.01,33.47,-1,-1,HVQ,-1,HV2Q,HVQ,-1,-1,-1,-1,-1,-3.05,-5.74,-8.32,-6.56,-13.96,11.96,-2.26,0,4.76,22.22,0,0,6.35,-22.12,-27.5,-27.5,-33.58,-39.87,-22.12,-8.78,-20.21,-31.74,-47.83,-36.86,13.35,20.07,35.16,54.81,2.97,51.08,27.29,46.93,35.37,63.83,-26.3,2.06,-13.46,-0.73,-13.92,0.954864,43,-22.12,29.31,3.24,-21.37,,,-26.3,21.84,-16.45,10.52,-15.15,1.00274,66
26-11-2025,NSE:CIEINDIA,EQ,16390.35,413.45,254692,1053.02407,2.21,2.18,7.82,M,0.50,-2.58,-4.9,-4.56,-4.84,-5.62,3.51,-9.11,0.89,-11.14,-5.12,-1,-1,-1,-1,-1,-1,-1,-1,-1,-1,-1,-1.36,-1,-2.35,-0.28,-2.62,0.87,-1.77,0,19.05,6.35,0,9.52,3.17,-6.06,-6.74,-13.55,-19.59,-33.21,-6.06,-2.23,-16.58,-23.66,-33.8,-25.77,7.49,7.49,9.95,9.95,0.83,12.69,6.09,19.96,0,9.61,-5.32,-0.26,-13.86,-13.07,-20.05,0.954771,43,-5.74,4.8,-5.56,-21.05,,,-5.32,4.65,-14.09,-0.49,-6.27,0.984819,42
26-11-2025,NSE:SGLTL,EQ,3331.51,161.57,286239,462.47635,3.87,3.77,4.21,,1.57,-3,-5.47,-10.27,-10.73,-14.31,-12.94,-10.37,18.12,NA,NA,-1,-1,-1,HVQ,-1,-1,-1,-1,-1,-1,-1,-1.44,-2.58,-3.92,-5.35,-8.8,5.96,-3.02,0,0,20.63,0,0,11.11,-12.46,-18.04,-18.04,NA,NA,-12.46,-9.25,-6.51,-10.59,NA,NA,1.71,1.71,NA,NA,1.71,10.66,44.79,41.5,NA,NA,-11.21,-16.71,-15.12,4.16,0,0.954723,43,-9.42,2.52,35.69,,,,-11.21,-5.31,1.25,16.15,105.87,1.006859,70
26-11-2025,NSE:SHYAMMETL,EQ,23893.69,827.1,220913,1827.17142,3.47,3.41,9.31,L,1.06,-1.16,-4.42,-7.22,-8.46,-11.09,-14.6,-5.57,12.56,3.04,31.88,-1,-1,-1,-1,-1,-1,-1,-1,-1,-1,-1,-1,-2.31,-3.24,-4.73,-7.61,2.26,-5.47,0,0,0,0,0,0,-9.68,-14.8,-16.64,-16.64,-16.64,-9.68,-9.58,-4.47,-7.35,-23.26,-14.9,1.88,1.88,19.39,49.76,1.88,0,36.81,26.03,32.87,47.34,-8.94,-18.37,-10.32,-1.4,-5.87,0.954659,43,-8.62,-7.42,36.81,7.77,,,-8.94,-8.97,6.86,7.51,-5.02,0.990932,51
26-11-2025,NSE:RITES,EQ,12120.83,239.53,1522838,3647.65386,2.57,2.57,3.79,L,1.22,-4.24,-3.97,-3.57,-2.57,-7.83,-5.25,-15.45,14.67,-14.24,-29.88,-1,-1,-1,-1,EEP,HV2Y,-1,-1,-1,-1,-1,-2.02,-0.76,-2.76,-2.12,-4.78,0.13,-4.66,0,0,0,0,0,0,-5.14,-12.94,-22.53,-22.53,-38.25,-5.14,-10.7,-18.47,-25.9,-48.37,-30.88,1.22,1.22,20.69,20.69,1.22,0.71,27.02,39.33,0,1.5,-3.05,-9.02,-20.2,0.71,-23.15,0.954642,43,-1.89,-7.15,18.22,-15.79,,,-3.05,-5.92,-10.71,16.42,-28.01,0.987014,45
26-11-2025,NSE:NTPC,EQ,320086.95,326.1,8865128,28909.18241,1.51,1.51,8.95,S,0.74,-0.15,-0.32,-1.38,-4.8,-6.59,-3.6,-3.82,4.57,-9.21,3.01,-1,-1,-1,-1,-1,-1,-1,-1,-1,-1,-1,-0.16,-0.86,-1,-1.87,-2.82,-0.3,-3.11,0,0,0,0,0,0,-6.16,-6.19,-6.19,-12.52,-26.42,-6.16,-1.68,-7.93,-23.61,-29.78,-19.64,0.82,0.82,9.36,9.36,0.82,5.45,8.48,13.53,4.36,13.62,-5.28,-7.37,-8.57,-9.39,-18.12,0.954602,42,-3.85,2.57,7.32,-16.07,,,-5.28,-2.17,-1.23,-1.58,-8.57,0.982965,39
26-11-2025,NSE:INDOCO,EQ,2411.82,261.3,122473,320.02195,3.51,3.48,5.13,3L,2.49,0.38,-2.58,-3.69,-5.93,-15.75,-8.25,5.05,6.48,-14.73,-24.74,-1,-1,HV2Y,-1,-1,HVQ,-1,-1,-1,-1,-1,0.54,-2.18,-1.61,-5.83,-7.02,3.39,-3.77,0,0,0,0,0,0,-6.86,-15.33,-22.94,-24.13,-31.16,-6.86,-14.7,-16.59,-34.64,-35.62,-21.02,3.67,6.39,33,33,3.67,3.83,43.97,26.28,0,0.5,-6.41,-12.02,0.3,-7.48,-23.64,0.95459,42,-4.36,-12.72,17.54,-31.23,,,-6.41,-5.5,11.26,-8.15,-16.81,0.979294,35
26-11-2025,NSE:SUZLON,EQ,79091.64,55.58,67368112,37443.19665,2.51,2.51,7.67,2M,2.57,-1.71,-5.22,-7.93,3.36,-3.45,-3.33,-17.65,8.89,-17.54,29.11,-1,-1,-1,HV2Y,EEP,-1,-1,-1,-1,-1,-1,-0.7,-0.74,-1.42,0.15,-1.28,-4.48,-5.51,0,0,0,0,0,0,-7.35,-7.98,-22.24,-22.24,-34.38,-7.35,-18.56,-19.66,-22.8,-40.21,-22.87,5.32,5.32,11.81,53.11,2.57,1.78,15.53,31.54,39.5,79.97,2.88,-7.1,-22.4,-5.07,-26.45,0.954572,42,-1.14,-15.58,6.04,-15.7,,,2.88,-10.24,-14.88,12.9,-23.14,0.983423,40
26-11-2025,NSE:AARTIDRUGS,EQ,4212.57,442.3,213824,945.74355,3.79,3.77,10.86,3L,3.29,-2,-7.39,-13.86,-11.06,-16.93,-8.73,-6.29,13.95,-2.81,-2.36,-1,-1,-1,HV2Y,EEP,HVQ,-1,-1,-1,-1,-1,-1.58,-3.55,-4.95,-5.69,-10.07,8.94,-1.24,0,0,0,0,0,0,-15.02,-15.81,-18.85,-18.85,-26.86,-15.02,-8.88,-11.77,-22.27,-37.06,-24.8,3.29,3.29,37.47,37.47,3.29,4.61,49.46,46.11,0,4.71,-11.54,-12.5,-11.04,-0.01,-11.72,0.954513,42,-8.06,-8.66,25.46,-16.66,,,-11.54,-1.21,1.23,9.38,-13.61,0.989719,49
26-11-2025,NSE:BLUESTARCO,EQ,36745.42,1775.9,431568,7664.21611,2.96,2.88,4.79,S,1.67,-1.08,-1.24,-7.98,-11.47,-9.48,-7.24,12.65,-5.44,-3.37,27.92,-1,-1,-1,-1,-1,-1,-1,-1,-1,-1,-1,-0.51,-1.81,-2.28,-3.86,-5.91,2.15,-3.84,0,0,23.81,0,0,12.7,-9.63,-11.47,-11.47,-24.03,-24.03,-9.63,-1.32,-13.86,-33.64,-19.89,-14.5,1.67,15.9,15.9,44.19,1.67,16.65,24.28,0,52.04,49.06,-11.95,-11.01,7.9,-19.4,-12.28,0.954444,42,-9,13.3,0.34,-11.18,,,-11.95,0.49,17.52,-30.37,7.83,0.987631,46
26-11-2025,NSE:TIMETECHNO,EQ,9996.61,202.7,1728233,3503.12829,3.33,3.31,6.1,2L,1.39,-1.88,-5.62,-4.12,-6.79,-8.04,-18.73,6.14,-0.64,8.36,48.45,-1,-1,-1,-1,-1,-1,-1,-1,-1,-1,-1,-0.29,-1.82,-2.07,-4.57,-6.35,3.71,-2.74,0,0,20.63,0,0,11.11,-5.85,-16.57,-16.57,-19.12,-19.12,-5.85,-10.9,-0.44,-24.09,-18.6,-19.5,2.71,7.58,31.47,109.13,2.71,3.17,56.11,23.4,110.91,92.04,-7.27,-22.5,1.39,-14.6,-0.55,0.95438,42,-2.05,-3.5,18.76,-2.03,,,-7.27,-14.5,19.93,-16.89,14.82,0.99323,54
26-11-2025,NSE:DONEAR,EQ,518.44,100.4,51488,51.69395,2.86,2.9,5.24,S,0.28,0.52,1.92,-0.25,-1.18,4.8,3.95,-14.61,-4.39,-6.57,2.94,-1,-1,HVQ,-1,HVQ,HVQ,-1,-1,-1,-1,-1,0.31,0.65,0.96,2.44,3.49,-7.91,-4.1,0,0,0,0,0,0,-1.99,-2.57,-11.27,-43.29,-43.29,-1.99,-2.61,-21.99,-35,-40.8,-29.05,10.6,10.6,10.6,10.6,1.96,11.9,0.43,15.92,14.42,16.81,-1.66,0.18,-19.36,-18.35,-15.48,0.954272,42,1.74,-1.47,-12.3,-11.22,,,-1.66,1.76,-20.35,-0.74,3.78,0.987236,45
26-11-2025,NSE:TRIDENT,EQ,14508.19,28.37,4473658,1269.17677,1.87,1.92,5.59,S,1.98,-0.67,-1.94,-0.88,-0.88,-4.19,0.49,-15.3,3.45,-10.19,-33.06,-1,-1,-1,-1,HVQ,EEP,-1,-1,-1,-1,-1,0.25,-0.24,0.01,-0.82,-0.8,-0.43,-1.22,0,0,0,0,0,0,-2.07,-6.52,-12.81,-25.32,-31.06,-2.07,-9.11,-15.68,-13.99,-35.55,-26.45,3.65,3.65,18.11,18.11,1.98,4.57,17.53,36.18,0,0,-1.36,-3.28,-20.05,-10.51,-19.1,0.95416,42,-0.49,-9.11,0.64,-13.99,,,-1.36,-1.95,-16.89,6.6,-8.26,0.985536,43
26-11-2025,NSE:VMART,EQ,6692.34,791.8,374841,2967.99104,3.86,3.77,3.82,S,1.06,-3.92,-5.11,-5.09,-6.17,9.45,5.51,-8.34,0.34,-14.47,40.33,-1,-1,HV2Y,-1,HVQ,-1,-1,-1,-1,-1,-1,-1.85,-1.01,-2.84,1.02,-1.84,0.71,-1.14,0,0,7.94,0,0,4.76,-6.74,-10.16,-14.37,-21.88,-29.33,-6.74,-4.62,-19.09,-23.43,-29.57,-19.1,11.99,11.99,13.93,60.09,2.16,18.9,7.65,23.44,67.71,92.63,-6.65,1.74,-13.09,-13.62,-23.38,0.954157,42,-4.4,4.55,-4.9,-5.81,,,-6.65,7.69,-15.69,-1.64,-8.99,0.984115,41
26-11-2025,NSE:DLF,EQ,190351.73,730.75,2445247,17868.64245,1.97,1.97,4.47,L,1.31,-1.77,-4.17,-6,-6.67,-0.4,-5.64,-5.93,8.03,-5.91,-12.72,-1,-1,-1,-1,-1,-1,-1,-1,-1,-1,-1,-1.05,-1.28,-2.3,-0.77,-3.04,0.7,-2.36,0,0,0,0,0,0,-6.16,-7.12,-16.99,-18.2,-22.94,-6.16,-5.66,-12.31,-16.23,-29.12,-18.38,2.49,2.49,20.18,20.18,1.82,9.33,26.96,27.3,0,3.39,-7.15,-9.41,-10.68,-5.93,-14.82,0.954104,42,-5.59,-5.66,11.86,-9.92,,,-7.15,-2.35,-1.29,3.51,-9.28,0.98574,44
26-11-2025,NSE:BIRLACORPN,EQ,9107.42,1131.6,85360,965.93376,2.26,2.3,5.86,2L,0.52,-3.34,-4.14,-5.95,-3.86,-13.37,-13.37,-24.23,16.17,4.56,-24.95,-1,-1,-1,-1,-1,-1,-1,-1,-1,-1,-1,-1.83,-1.34,-3.13,-2.89,-5.85,-1.51,-7.26,0,0,0,0,0,0,-7.02,-13.1,-25.2,-25.2,-29.94,-7.02,-22.31,-15.2,-0.12,-43.45,-35.62,0.52,0.52,21.12,21.12,0.52,0.56,37.32,50.47,0,0,-4.34,-17.14,-28.98,2.21,-4.35,0.954049,42,-3.26,-17.43,31.59,5.94,,,-4.34,-12.47,-10.6,22.86,-7.98,0.999286,62
26-11-2025,NSE:STLNETWORK,EQ,1194.92,23.24,4413916,1025.79408,2.96,3.01,5.17,S,0.56,-2.97,-1.94,-14.41,-14.72,-42.17,NA,NA,NA,NA,NA,-1,-1,-1,-1,-1,-1,-1,-1,-1,-1,-1,-2.24,-3.32,-5.38,-9.41,-13.52,,,0,0,36.84,0,0,12.28,-12.96,NA,NA,NA,NA,-12.96,NA,NA,NA,NA,NA,NA,NA,NA,NA,0.61,NA,NA,NA,NA,NA,-15.2,0,0,0,0,0.954014,42,-11.7,,,,,,-15.2,96.69,-1.02,-9.66,5.87,0.973274,27
26-11-2025,NSE:AJANTPHARM,EQ,31358.84,2535.1,99316,2517.75992,2.37,2.4,7.14,,1.03,0.69,-1.29,-2.98,5.6,0.15,-3.43,-2.19,-8.73,-16.19,16.29,-1,-1,-1,-1,-1,HVQ,-1,-1,-1,-1,-1,0.82,0.3,1.12,0.95,2.1,-4.07,-1.9,0,0,0,0,0,0,-2.9,-3.02,-10.2,-16.72,-26.01,-2.9,-15.23,-7.13,-24.39,-19.56,-14.04,6.14,6.14,6.77,22.77,6.14,0.05,10.43,9.11,33.49,42.64,5.12,-7.2,-6.94,-22.69,-25.1,0.953972,42,6.14,-14.05,-5.97,-17.05,,,5.12,-12.87,0.17,-16.06,-0.99,0.976758,31
26-11-2025,NSE:BHAGERIA,EQ,875.55,185.13,721548,1335.80181,3.87,3.81,4.67,2M,0.89,-5.06,-9.96,-15.32,-25.68,5.67,0.28,1.17,11.91,-5.67,19.57,-1,-1,HVY,HVQ,HVQ,HVQ,-1,-1,-1,-1,-1,-2.88,-2.42,-5.18,1.52,-3.71,5.31,1.68,0,23.81,7.94,0,0,0,-17.37,-21.54,-21.54,-21.54,-31.25,-17.37,-1.39,-12.67,-32.05,-39.43,-27.35,7.15,8.52,27.7,27.72,1.85,36.38,27.34,26.21,13.77,36.46,-26.16,-3.49,-3.58,-2.05,-14.58,0.953706,42,-15.88,19.09,9.61,0.93,,,-26.16,17.35,-0.13,1.21,-14.08,0.995049,57
26-11-2025,NSE:OBEROIRLTY,EQ,63594.03,1662.8,516339,8585.68489,2.36,2.38,4.57,,2.04,-2.76,-4.56,-7.11,-4.4,2.57,-0.6,-5.32,4.35,-15.31,20.27,-1,-1,-1,-1,-1,-1,-1,-1,-1,-1,-1,-1.13,-1.01,-2.12,1.34,-0.79,-0.67,-1.44,0,0,0,0,0,0,-8.01,-8.01,-16.4,-28.41,-28.41,-8.01,0,-15.9,-24.6,-31.52,-5.65,5.84,5.84,12.11,23.41,3.47,10.5,12.77,18.07,22.36,47.51,-4.88,-4.37,-10.07,-9.61,-24.22,0.95365,42,-2.65,2.23,4.4,0.99,,,-4.88,0.34,-5.71,-0.49,-14.68,0.980818,37
26-11-2025,NSE:IPL,EQ,2070.06,176.03,345837,608.77687,3.15,3.09,3.92,3L,0.07,-0.72,-4.72,-5.27,-11.41,-24.51,-28.04,-7.58,26.61,-2.55,-27.68,-1,-1,-1,HVY,EEP,-1,-1,-1,-1,-1,-1,-1.15,-2.83,-3.87,-8.22,-11.17,6.84,-4.65,0,0,0,0,0,0,-8.1,-25.36,-25.36,-25.36,-31.02,-8.1,-16.85,-2.05,-17.04,-65.45,-51.72,1.86,1.86,41.49,41.49,1.86,4.4,81.17,52.22,0,1.26,-11.89,-31.81,-12.33,12.65,-11.46,0.95358,42,-7.39,-7.42,71.07,-12.34,,,-11.89,-18.24,14.96,22.12,-33.86,0.996099,58
26-11-2025,NSE:LICHSGFIN,EQ,31452.6,555.8,1241417,6899.79569,1.6,1.58,7.89,2L,1.40,-1.4,-3.06,-3.27,-5.14,-4.49,-0.95,-8.11,4.54,-9.98,-5.18,-1,-1,-1,-1,-1,-1,-1,-1,-1,-1,-1,-0.29,-1.07,-1.34,-1.4,-2.7,-1.17,-3.82,0,0,0,0,0,0,-6.34,-6.34,-12.92,-13.33,-31.92,-6.34,-3.72,-12.09,-16.93,-35.01,-25.12,1.81,1.81,11.85,11.85,1.81,6.76,12.92,20.92,0,7.23,-5.62,-4.72,-12.86,-9.42,-18.89,0.953575,42,-5.14,-3.72,3.72,-11.94,,,-5.62,0.67,-8.1,2.04,-9.34,0.984165,41
26-11-2025,NSE:CELLO,EQ,13607.62,598.95,269758,1615.71554,3.22,3.25,3.68,2M,1.64,-0.58,-2.06,-6.34,-7.91,0.18,10.6,-5.27,-2.53,-26.44,-25.04,-1,-1,HVQ,-1,HV2Q,-1,-1,-1,-1,-1,-1,-0.71,-1.3,-1.98,-0.18,-2.15,3.35,1.24,0,28.57,9.52,0,9.52,3.17,-9.33,-9.33,-9.33,-29.72,-39.5,-9.33,0,-17.36,-31.47,-37.97,-23.51,11.95,13.06,15.74,15.74,1.97,22.01,3.47,21.84,0.32,4.69,-8.39,6.83,-10.02,-16.49,-35.35,0.953503,42,-3.98,8.57,-11.56,-31,,,-8.39,13.85,-18.77,-7.06,-17.45,0.980912,37
26-11-2025,NSE:NIACL,EQ,29779.36,173.2,470721,815.28877,2.4,2.45,9.95,3L,0.16,-3.11,-6.96,-5.21,-9.71,-13.07,-11.75,-5.45,11.15,1.52,-35.05,-1,-1,-1,EEP,HVQ,-1,-1,-1,-1,-1,-1,-2.11,-2,-4.02,-3.78,-7.52,4.48,-3.18,0,0,14.29,0,0,1.59,-9.28,-13.95,-15.24,-19.1,-40.86,-9.28,-7.02,-5.29,-32.38,-47.46,-41.76,0.16,0.16,21.88,21.88,0.16,9.5,36.2,28.52,0.46,0,-10.19,-15.52,-10.2,-2.81,-7.39,0.953488,42,-8.41,5.6,22.31,-32,,,-10.19,-5.17,4.62,6.09,-4.97,0.990026,49
26-11-2025,NSE:RITCO,EQ,801.72,275.4,55180,151.96572,4.59,4.59,3.97,,2.17,-3.36,2.14,8.68,7.26,4.83,-0.34,-6.72,2.16,-42.52,19.17,-1,-1,-1,HVQ,HVQ,-1,-1,-1,-1,-1,-1,0.83,1.45,2.31,2.14,4.54,-5.35,-0.76,0,0,0,0,0,0,-3.25,-3.25,-11.4,-35.37,-35.37,-3.25,-12.04,-11.1,-31.03,-36.77,-2.55,11.95,11.95,12.57,28.66,11.95,1.83,12.96,20.13,39.5,103.21,6.78,-4.11,-11.47,-11.8,-51.43,0.953473,42,9.16,-11.93,-3.73,-12.49,,,6.78,-11.51,-7.37,-1.34,-39.8,0.968872,22
26-11-2025,NSE:ITC,EQ,510612.87,402.3,13406768,53935.42766,1.27,1.26,7.32,S,0.37,-0.31,-1.17,-1.64,-4.56,0.32,0.73,-7.85,-0.73,-7.26,1.66,-1,-1,-1,-1,-1,-1,-1,-1,-1,-1,-1,-0.61,-0.45,-1.06,-0.2,-1.25,-1.68,-2.88,0,0,0,0,0,0,-4.58,-4.58,-5.78,-13.03,-18.47,-4.58,0,-9.83,-12.07,-17.87,-12.55,1.39,1.39,1.89,4.06,0.37,6.01,1.14,9.89,6.15,13.03,-5.04,-3.04,-12.6,-14.69,-16.17,0.953449,41,-3.73,2.75,-1.73,-8.89,,,-5.04,1.75,-9.67,-3.06,-0.61,0.985047,43
26-11-2025,NSE:BBL,EQ,3351.38,2893.8,30565,884.48997,2.05,2.09,3.78,2L,1.47,-1.52,-2.52,-3.99,-4.35,-11.4,-0.17,-3.17,7.38,-26.1,10.87,-1,-1,-1,-1,-1,-1,-1,-1,-1,-1,-1,-0.82,-1.46,-2.24,-3.93,-5.94,3.02,-3,0,0,9.52,0,0,6.35,-4.85,-12.8,-13.61,-28.65,-47.41,-4.85,-9,-16.15,-44.55,-51.29,-33.68,1.47,4.12,16.54,16.54,1.47,8.65,16.74,20.23,10.33,50.21,-4.83,-3.94,-7.92,-6.58,-35.01,0.9534,41,-4.14,2.25,1.8,-37.53,,,-4.83,0.69,-4.01,0.57,-30.27,0.976786,31
26-11-2025,NSE:KSL,EQ,3505.34,774.95,39776,308.24411,2.82,2.8,8.76,3L,0.90,-1.57,-4.9,-9.8,-7.7,-2.52,-9.83,-3.3,3.7,3.63,-21.4,-1,-1,-1,HV2Y,HVQ,HVQ,-1,-1,-1,-1,-1,-1.73,-1.73,-3.4,-1.18,-4.53,-0.72,-5.21,0,0,0,0,0,0,-12.31,-12.31,-19.29,-37.96,-37.96,-12.31,-9.45,-11.35,-35.91,-40.26,-27.1,1.87,1.87,12.44,12.44,1.16,9.71,23.5,16.15,1.53,1.61,-8.18,-13.6,-8.05,-10.26,-5.28,0.95334,41,-6.86,-6.59,10.95,1.87,,,-8.18,-5.29,4.93,-2.88,5.79,0.989602,49
26-11-2025,NSE:MMP,EQ,673.17,258.55,20901,54.03954,4.2,4.15,14.53,3L,1.77,-0.89,-3.48,-8.8,-0.23,-9.48,-10.75,4.43,4.12,-19.42,4.49,-1,HVQ,-1,HV2Q,HV2Q,-1,-1,-1,-1,-1,-1,-0.68,-1.62,-2.26,-2.88,-5,2.74,-2.32,0,0,0,0,0,0,-10.88,-10.88,-14.13,-29.08,-37.3,-10.88,-9.94,-4.9,-39.44,-39.88,-25.12,1.77,7.64,16.56,16.56,1.77,7.89,29.09,11.39,5.99,32,-0.71,-14.52,-0.32,-9.84,-28.33,0.95327,41,-6.12,-4.9,5.14,-39.44,,,-0.71,-13.81,12.69,-9.99,-18.68,0.975952,30
26-11-2025,NSE:SCHNEIDER,EQ,18865.31,733.2,135272,991.8143,3.47,3.59,4.58,L,2.68,-6.68,-12.02,-21.38,-17.62,-16.62,-17.02,4.81,16.98,-3.06,15.6,-1,-1,-1,EEP,-1,-1,-1,-1,-1,-1,-1,-3.45,-3.83,-7.02,-5.46,-11.83,8.11,-4.04,0,0,0,0,0,0,-17.61,-19.68,-28.98,-28.98,-28.98,-17.61,-16.47,-16.89,-19.78,-35.18,-19.53,2.68,2.68,33.08,33.08,2.68,6.29,55.73,26.68,4.3,29.48,-18.1,-20.79,0.06,3.02,-11.97,0.953252,41,-15.27,-5.56,36.55,-14.07,,,-18.1,-2.8,17.63,3.13,-18.27,0.989356,49
26-11-2025,NSE:PDSL,EQ,5704.06,366.65,256962,942.15117,5.88,5.78,8.25,,-0.78,-6.35,-9.4,-2.97,10.11,8.15,11.56,-13.11,-21.01,-41.22,-28.8,-1,EEP,-1,-1,EEP,HVQ,-1,-1,-1,-1,-1,-3.41,1.9,-1.54,7.24,6.15,-11.79,-5.05,40,23.81,7.94,20,9.52,3.17,-10,-10,-16.43,-43.34,-43.34,-10,-10.8,-29.14,-35.92,-31.44,-14.36,24.84,24.84,24.84,24.84,11.17,12.22,2.46,11.79,10.13,28.52,9.63,7.79,-17.86,-34.97,-50.13,0.953243,41,11.17,-10.8,-28.15,-28.65,,,9.63,-1.69,-28.92,-16.65,-10.83,0.969923,23
26-11-2025,NSE:NAZARA,EQ,9909.94,253.55,1688447,4281.05737,3.37,3.39,3.91,,0.10,-8.01,-1.48,-6.35,-4.3,-10.33,-10.06,-26.3,9.36,10.5,33.73,-1,-1,-1,HV2Q,-1,EEP,4.94,-1,-1,-1,-1,-2.83,-1.17,-3.95,-1.67,-5.53,-5.6,-10.54,0,0,0,0,0,0,-7.67,-12.65,-29.1,-29.1,-29.1,-7.67,-25.54,-21.97,-1.94,-15.46,-16.52,0.1,0.1,13.92,67.06,0.1,3.87,22.54,49.38,51.42,49.51,-4.78,-13.83,-31.05,-4.6,1.59,0.953121,41,-4.89,-23.93,19.92,34.58,,,-4.78,-8.83,-15.78,18.57,7.13,1.001435,64
26-11-2025,NSE:SANOFICONR,EQ,10951.06,4708.6,8023,377.77098,3.19,3.29,4.71,,-1.72,0.36,1.07,-3.73,1.1,-6.31,-9.79,-7.23,0.1,-1.91,NA,-1,-1,-1,EEP,-1,-1,-1,-1,-1,-1,-1,-0.89,0.04,-0.85,-1.17,-2,-2.94,-4.81,0,0,3.17,0,0,0,-5.54,-11.03,-17.33,-17.33,NA,-5.54,-13.22,-9.25,-5.63,-12.07,NA,2.22,2.22,3.43,NA,2.22,0.76,13.55,10.9,0.34,NA,0.62,-13.56,-11.98,-13.86,-10.82,0.953104,41,1.14,-6.44,9.06,,,,0.62,-14.31,1.31,-2.83,3.86,0.985198,43
26-11-2025,NSE:AFFLE,EQ,24325.9,1669.1,212147,3540.94558,2.57,2.52,6.78,2L,-0.70,-1.05,-6.36,-9.81,-15.01,-22.14,-16.01,-0.5,11.36,7.1,38.73,-1,-1,HV2Q,-1,-1,EEP,-1,-1,-1,-1,-1,-2.58,-2.88,-5.31,-7.47,-11.89,5.99,-6.28,0,0,17.46,0,0,11.11,-13.65,-22.25,-22.25,-22.25,-22.25,-13.65,-10.58,-5.31,-9.45,-20.13,-8.84,0,0,19.2,64.67,0,6.55,38.28,19.79,45.97,52.98,-15.49,-19.78,-5.25,-2.6,-1.81,0.953027,41,-13.16,6.55,31.54,2.59,,,-15.49,-4.18,12.35,2.14,1.07,0.993467,54
26-11-2025,NSE:TECHM,EQ,142318.54,1520.4,2033634,30919.37134,1.72,1.78,4.44,,1.72,5.69,4.23,7.31,3.79,4.47,-0.44,-4.74,-12.14,-11.96,15.67,-1,-1,-1,-1,-1,-1,-1,-1,-1,-1,-1,3.42,0.98,4.44,0.1,4.55,-4.17,0.36,0,0,0,0,0,0,0,-2.15,-11.53,-15.36,-15.36,0,-5.86,-11.14,-11.36,-5.09,-1.94,9.64,9.64,19.46,28.89,9.64,4.46,19.98,25.11,44.53,44.3,3.31,-4.21,-9.49,-26.1,-20.87,0.953012,41,5.04,0.06,-9.41,-1.17,,,3.31,-7.71,-5.3,-16.73,6.03,0.979652,35
26-11-2025,NSE:SAMHI,EQ,4114.43,180.78,946502,1711.08632,3.11,3.1,3.02,3L,1.44,-3.34,-2.06,-10.07,-9.8,-12.54,-15.98,-6.67,16.38,-0.63,-17.41,-1,-1,-1,-1,EEP,-1,-1,-1,-1,-1,-1,-1.38,-2.53,-3.82,-4.6,-8.05,2,-6.18,0,0,0,0,0,0,-12.6,-17.63,-27.39,-27.39,-27.39,-12.6,-15.65,-15.79,-11.44,-33.31,-19.74,2.7,2.7,31.51,31.51,2.7,2.96,52.51,40.28,0.31,7.8,-10.28,-19.75,-11.42,2.42,-9.54,0.952916,41,-12.6,-15.65,37.97,-8.98,,,-10.28,-8.94,7,11.95,-14.48,0.990386,50
26-11-2025,NSE:ATULAUTO,EQ,1312.64,460.85,282338,1301.15467,3.45,3.42,7.48,S,2.57,-0.15,-3.96,-3.69,-6.95,-10.17,4.4,-5.45,1.11,-17.76,-7.59,-1,-1,HV2Y,-1,HV2Q,-1,-1,-1,-1,-1,-1,0.42,-1.65,-1.21,-4.19,-5.19,2.86,-2.39,0,0,11.11,0,0,3.17,-5.51,-14.46,-14.46,-29.88,-42.37,-5.51,-8.51,-14.15,-31.9,-43.01,-32.14,8.1,8.46,11.09,11.09,3.39,16,6.2,17.14,0,14.08,-7.43,0.63,-10.2,-12.85,-26.67,0.952865,41,-4.95,7.73,-5.96,-24.4,,,-7.43,7.31,-11.33,-3.45,-13.21,0.981551,38
26-11-2025,NSE:HSCL,EQ,22548.97,446.45,1695583,7569.9303,2.49,2.5,4.21,L,1.32,-1.14,-2.99,-3.61,-6.19,-4.79,-4.41,-7.31,7.12,-7.77,29.39,-1,-1,-1,HV2Y,-1,-1,-1,-1,-1,-1,-1,0.15,-1.48,-1.31,-1.62,-2.89,-0.09,-2.98,0,0,0,0,0,0,-8.14,-8.14,-13.78,-24.54,-33.13,-8.14,-4.87,-9.97,-28.24,-37.89,-27.93,5.79,5.79,12,47.68,5.79,7.62,16.95,20.2,44.83,68.06,-6.67,-8.18,-12.06,-6.84,-16.68,0.952851,41,-5.87,-4.87,5.64,-0.94,,,-6.67,-1.63,-3.8,3.79,-10.17,0.984893,42
26-11-2025,NSE:SUMMITSEC,EQ,2409.29,2078.7,19059,396.17943,2.95,2.9,3.15,3L,0.85,-1.42,-6.16,-9.02,-16.73,-8.86,-4.36,1.1,26.66,-56.43,40.5,-1,-1,HV2Y,-1,HVQ,-1,-1,-1,-1,-1,-1,-2.26,-2.05,-4.23,-1.86,-5.98,8.1,2.3,0,4.76,30.16,0,4.76,4.76,-13.31,-14.33,-14.33,-41.7,-41.7,-13.31,0,-2.17,-42.35,-57.24,-8.66,1.09,9.05,47.07,76.87,0.85,27.3,53.48,45.45,32.64,182.9,-17.21,-8.13,-3.65,12.7,-65.34,0.952673,41,-13.31,16.74,36.03,-6.07,,,-17.21,7.29,4.22,16.18,-107.42,0.981605,38
26-11-2025,NSE:AFIL,EQ,319.21,7.34,3205433,235.27878,4.53,4.43,2.74,2M,1.24,-5.59,-0.82,-5.45,-10.9,-14.03,2.04,-10.35,8.64,-11.62,NA,-1,-1,HV2Q,-1,HVQ,HVQ,-1,-1,-1,-1,-1,-1.07,-2.33,-3.33,-6.08,-8.87,6.06,-2.99,0,0,17.46,0,0,4.76,-9.38,-21.24,-21.24,-31.09,NA,-9.38,-12.66,-26.1,-33.7,-49.71,NA,6.38,7,12.59,NA,2.09,18.66,10.29,24.25,0,NA,-11.38,-1.73,-15.1,-5.32,-20.53,0.952668,41,-9.38,13.21,3.69,-27.24,,,-11.38,8.36,-13.68,7.55,-16.3,0.988123,46
26-11-2025,NSE:BLAL,EQ,853.71,202.1,31500,63.6615,2.22,2.24,6.06,L,0.22,-0.33,-2.07,-2.72,-3.52,-7.58,-6.7,-2.63,2.86,-8.67,-12.42,-1,-1,-1,HV2Q,-1,HV2Q,-1,-1,-1,-1,-1,-0.89,-0.83,-1.71,-2.45,-4.06,0.96,-3.13,0,0,14.29,0,0,12.7,-3.76,-11.9,-12.54,-20.12,-40.41,-3.76,-8.8,-6.68,-27.74,-42.11,-35.24,0.22,1.01,10.15,10.15,0.22,4.57,17.53,13.04,0.65,2.68,-4,-10.47,-7.38,-11.1,-17.58,0.952348,41,-3.76,-0.94,5.81,-25.23,,,-4,-6.38,2.8,-4.31,-6,0.981696,38
26-11-2025,NSE:SAATVIKGL,EQ,5925,413.8,1074308,4445.4865,4.01,4.33,8.78,,-0.55,-6.85,-13,-27.65,-16.58,NA,NA,NA,NA,NA,NA,-1,-1,-1,-1,-1,-1,NA,-1,-1,-1,-1,-6,-4.6,-10.14,,,,,0,14.29,46.34,0,0,14.63,-23.05,NA,NA,NA,NA,-23.05,NA,NA,NA,NA,NA,NA,NA,NA,NA,0,NA,NA,NA,NA,NA,-17.06,0,0,0,0,0.952326,41,-18.41,,,,,,-17.06,96.69,-1.02,-9.66,5.87,0.971552,25
26-11-2025,NSE:ASIANENE,EQ,1433.68,299.2,126743,379.21506,3.95,3.95,3.66,L,-0.58,-5.2,-12.17,-14.84,-14.12,-13.85,-20.6,-5,25.03,-8.77,21.74,-1,-1,-1,HV2Y,HVQ,HVQ,-1,-1,-1,-1,-1,-3.99,-3,-6.78,-4.26,-10.58,7.44,-3.4,0,0,17.46,0,0,7.94,-12.92,-22.49,-22.49,-27.41,-30.97,-12.92,-11.54,0,-27.52,-48.25,-24.92,0,5.13,37.92,37.92,0,19.74,66.34,44.81,0,38.99,-14.6,-24.37,-9.75,11.07,-17.68,0.952286,41,-11.32,19.74,51.4,-14.24,,,-14.6,-8.99,11.92,18.94,-39.23,0.991668,52
26-11-2025,NSE:CRAMC,EQ,5942.64,300.6,4711342,14162.29405,3.93,3.93,2.61,,-0.28,5.29,-4.13,-5.52,-16.63,NA,NA,NA,NA,NA,NA,-1,-1,-1,-1,-1,-1,NA,-1,-1,-1,-1,-0.47,-1.89,-2.31,,,,,0,23.81,39.29,0,0,21.43,-11.28,NA,NA,NA,NA,-11.28,NA,NA,NA,NA,NA,NA,NA,NA,NA,5.58,NA,NA,NA,NA,NA,-17.11,0,0,0,0,0.952277,41,-11.28,,,,,,-17.11,96.69,-1.02,-9.66,5.87,0.971502,25
26-11-2025,NSE:SKIPPER,EQ,5598.91,476.25,284243,1353.70729,3.07,3.03,9.1,3L,2.01,-3.45,-0.86,-8.29,-8.68,-12.61,-14.75,-4.39,18.2,-11.57,46.37,-1,-1,-1,EEP,-1,-1,-1,-1,-1,-1,-1,-1.76,-1.98,-3.66,-3.68,-7.09,5.51,-1.67,0,0,15.87,0,0,7.94,-9.19,-16.2,-16.2,-25.34,-25.34,-9.19,-8.93,-0.33,-22.06,-38.93,-9.02,2.01,5.34,27.07,98.73,2.01,14.49,45.81,32.64,62.55,121.72,-9.16,-18.52,-9.14,4.24,-20.48,0.952074,41,-7.41,12.98,30.24,11.37,,,-9.16,-8.89,8.01,11.98,-30.53,0.985419,43
26-11-2025,NSE:KRYSTAL,EQ,751.55,555.55,20669,114.82663,4.32,4.4,7.12,M,0.51,4.61,2.09,-5.92,-6.44,-15.79,-20.54,-7.95,23.35,-14.54,NA,-1,-1,-1,-1,EEP,EEP,-1,-1,-1,-1,-1,2.7,-2.53,0.17,-7.23,-6.58,2.12,-4.56,0,0,12.7,0,0,4.76,-7.83,-20.31,-20.31,-30.28,NA,-7.83,-15.18,-3.87,-27.77,-58.1,NA,7.71,7.71,30.92,NA,7.71,0,57.81,41.32,0,NA,-6.92,-24.31,-12.7,9.39,-23.45,0.951943,40,-6.39,-8.54,52.96,-23,,,-6.92,-16.56,9.43,19.33,-43.56,0.988082,46
26-11-2025,NSE:GHCLTEXTIL,EQ,724.25,79.12,98012,77.54709,3.16,3.15,9.26,M,5.32,3.84,2.01,-2.45,2.24,1.34,-0.85,-15.57,-0.54,-11.65,4.2,-1,-1,-1,-1,HVQ,-1,-1,-1,-1,-1,-1,3.03,-0.48,2.54,-1,1.53,-6.67,-4.82,0,0,0,0,0,0,-2.39,-5.98,-17.93,-30,-32.62,-2.39,-15.68,-17.23,-20.02,-32.25,-24.77,5.32,5.32,9.42,9.42,5.32,1.3,10.34,26.46,9.35,21.43,1.76,-4.62,-20.32,-14.5,-20.56,0.951838,40,2.05,-15.68,-0.71,-19.78,,,1.76,-6.46,-15.62,3.34,-5.18,0.982711,39
26-11-2025,NSE:IFCI,EQ,14853.75,51.78,7730958,4003.09005,3.02,3.11,7.55,L,2.98,-3.24,-6.86,-8.56,-8.11,-8.86,-3.3,-17.92,16.71,-14.37,24.58,-1,-1,-1,HV2Y,HVQ,-1,-1,-1,-1,-1,-1,-1.64,-2.24,-3.8,-3.41,-6.97,4.41,-2.68,0,0,0,0,0,0,-10.65,-13.32,-27.84,-27.84,-40.71,-10.65,-6.29,-25.46,-21.38,-50.61,-32.19,2.98,2.98,31.96,37.71,2.98,9.59,36.31,55.61,14.71,57.5,-8.59,-7.07,-22.67,2.75,-23.28,0.951579,40,-8.14,-4.52,18.42,-15.05,,,-8.59,1.14,-15.17,19.7,-31.44,0.990708,50
26-11-2025,NSE:NIVABUPA,EQ,14398.79,75.71,2131692,1613.90401,2.35,2.35,3.89,,-0.49,-0.42,-0.98,-0.91,1.48,-7.24,-10.75,-15.03,0.58,3.22,NA,-1,-1,-1,-1,EEP,EEP,-1,-1,-1,-1,-1,-0.31,-0.35,-0.66,-2.24,-2.83,-3.34,-5.97,0,0,0,0,0,0,-2.89,-10.58,-18.02,-24.29,NA,-2.89,-14.8,-9.2,-12.91,-24.73,NA,2.26,2.26,6.87,NA,2.26,0.39,18.37,22.94,3.72,NA,1,-14.52,-19.78,-13.38,-5.69,0.951447,40,2.26,-11.13,11.68,,,,1,-15.72,-4.88,3.91,8.53,0.989733,49
26-11-2025,NSE:DIXON,EQ,94988.3,14825,243653,36121.55725,2.28,2.25,5.29,L,2.94,-4.82,-3.25,-2.89,-4.59,-22.5,-14.79,-1.79,5.52,-1.15,53.04,-1,-1,-1,-1,-1,-1,-1,-1,-1,-1,-1,-1.34,-1.97,-3.25,-6.41,-9.07,4.46,-4.83,0,0,36.51,0,0,33.33,-5.56,-19.13,-19.13,-21.73,-21.73,-5.56,-15.42,0,-20.32,-26.05,-4.48,2.94,5.86,18.07,113.41,2.94,0.1,35.54,25.09,112.1,127.07,-5.07,-18.56,-6.54,-8.44,-10.06,0.951262,40,-3.56,-7.16,20.8,17.35,,,-5.07,-13.07,10.3,-2.47,-1.19,0.98558,43
26-11-2025,NSE:CAPITALSFB,EQ,1226.8,278.75,33649,93.79659,2.86,2.81,8.57,,0.23,0.16,3.14,1.99,-2.26,-1.09,-6.78,-4.99,-2.31,-2.87,-21.76,-1,-1,-1,EEP,-1,-1,-1,-1,-1,-1,-1,0.65,0.08,0.73,-0.87,-0.14,-2.8,-2.86,0,0,0,0,0,0,-2.82,-7.96,-14.19,-14.19,-27.48,-2.82,-11.32,-8.37,-6.34,-25.81,-25.4,3.84,3.84,8.59,8.59,3.84,4.3,15.95,14,4.74,2.39,-2.74,-10.55,-9.74,-16.27,-11.78,0.95121,40,-2.31,-5.52,3.86,-4.03,,,-2.74,-7.73,0.66,-7.11,5.33,0.984507,41
26-11-2025,NSE:NITINSPIN,EQ,1881.96,331.5,88684,293.98746,3.4,3.4,4,S,1.41,-1.6,-0.74,3.7,-1.96,-3.18,-2.93,-14.71,4.75,-8.99,0.75,-1,-1,-1,-1,-1,-1,-1,-1,-1,-1,-1,0.02,0.25,0.28,0.03,0.31,-7.4,-6.6,0,0,0,0,0,0,-2.51,-6.21,-18.64,-32.02,-32.02,-2.51,-11.96,-16.58,-22.02,-35.25,-21.61,8.56,8.56,9.6,9.6,8.56,9.05,12.81,25.72,3.61,18.56,-2.44,-6.7,-19.46,-9.21,-17.9,0.951142,40,-2.51,-11.96,6.81,-14.53,,,-2.44,-4.26,-12.46,7.3,-8.56,0.985037,43
26-11-2025,NSE:WOCKPHARMA,EQ,22228.03,1278.8,718728,9191.09366,3.07,3.09,3.55,3L,0.68,-4.05,-6.37,-6.76,-1.22,-16.52,-13.3,-5.71,-6.11,8.14,60.26,-1,-1,HV2Y,HVQ,-1,HVQ,-1,-1,-1,-1,-1,-2.44,-1.54,-3.92,-4.32,-7.9,-5.11,-12.38,0,0,0,0,0,0,-9.55,-18.26,-30.16,-30.16,-30.16,-9.55,-23.74,-20.87,-18.2,-17.89,-10.32,0.68,0.68,10.67,148.79,0.68,0,25.39,43.81,167.03,131.17,-1.7,-17.07,-10.46,-20.07,-0.77,0.950852,40,-1.4,-22.84,6.06,39.38,,,-1.7,-15.25,5.68,-10.04,19.3,0.991858,52
26-11-2025,NSE:TANLA,EQ,8167.9,571,636499,3634.40929,2.42,2.4,9.61,2L,2.34,-6.83,-8.53,-8.86,-7,-31.16,-10.41,-4.33,15.51,-18.65,-49.9,-1,-1,-1,-1,-1,EEP,-1,-1,-1,-1,-1,-2.55,-3.24,-5.6,-8.35,-12.87,9.74,-3.47,0,0,33.33,0,0,11.11,-8.48,-24.24,-24.24,-24.24,-43.07,-8.48,-18.94,-7.18,-39.07,-51.9,-32.45,2.62,2.62,35,35,2.62,1.46,49.06,40.84,0,0,-7.48,-14.18,-9.08,1.55,-27.56,0.95083,40,-5.53,-5.85,26.53,-34.97,,,-7.48,-6.5,4.49,9.35,-34.56,0.981233,37
26-11-2025,NSE:INFY,EQ,626068.28,1557.9,8715669,135781.40735,1.75,1.89,5.52,,1.78,1.08,0.4,5.78,3.43,4.06,1.66,-0.78,-18.87,-17.73,-4.88,-1,-1,-1,-1,-1,-1,-1,-1,-1,-1,-1,1.63,0.89,2.54,1.38,3.98,-4.13,-0.15,0,0,0,0,0,0,0,0,-5.05,-22.09,-22.09,0,-2.34,-16.06,-21.48,-7.39,-6.81,8.72,9.47,11.54,11.79,6.22,5.72,9.69,12.41,32.88,31.6,2.95,-2.11,-5.53,-32.83,-26.64,0.950825,40,3.85,-0.74,-15.39,-16.5,,,2.95,-5.14,-3.5,-27.61,6.84,0.976753,31
26-11-2025,NSE:SPMLINFRA,EQ,1524.83,201.75,226113,456.18298,4.36,4.29,4.73,2L,1.62,-2.13,-7.59,-15.58,-13.87,-29.64,-35.64,7.38,15.63,6.71,46.77,-1,-1,-1,HV2Q,HVQ,EEP,-1,-1,-1,-1,-1,-1.48,-3.93,-5.2,-9.19,-13.18,4.82,-8.79,0,0,1.59,0,0,0,-13.48,-31,-34.49,-34.49,-34.49,-13.48,-25.41,-11.14,-37.09,-42.7,-36.64,4.98,8.94,40.81,78.94,4.98,5.55,90.99,30.42,74.66,93.13,-14.35,-39.41,2.63,1.67,-2.2,0.950668,40,-11.31,-15.51,56.98,-23.42,,,-14.35,-22.43,30.7,-0.75,-4.71,0.995802,58
26-11-2025,NSE:ASALCBR,EQ,1858.06,990,148567,1470.8133,4.78,5.14,3.86,3L,1.57,2.92,-2.05,-20.57,-6.13,-0.47,-4.67,-11.05,-3.86,6.5,51.64,-1,EEP,-1,-1,-1,EEP,-1,-1,-1,-1,-1,0.36,-2.6,-2.19,-1.09,-3.24,-9.09,-11.3,0,0,0,0,0,0,-19.41,-19.41,-19.41,-32.01,-32.01,-19.41,-3.73,-27.31,-24.5,-29.39,-7.62,6.91,6.91,7.08,109.7,3.99,13.46,3.34,34.11,121.19,99.13,-6.61,-8.44,-15.8,-17.82,-2.41,0.950622,40,-3.91,-3.73,-7.89,34.11,,,-6.61,-1.93,-7.12,-3.18,15.84,0.992958,54
26-11-2025,NSE:SUNDRMFAST,EQ,20141.85,961.85,144066,1385.69882,2.72,2.73,6.08,,-0.31,0.19,0.14,-0.3,-0.54,-6.13,-2.16,-4.43,0.45,-20.84,-5.82,-1,-1,-1,-1,-1,-1,-1,-1,-1,-1,-1,-0.27,-0.15,-0.42,-2.03,-2.4,0.75,-1.66,0,0,12.7,0,0,3.17,-2.59,-8.85,-10.13,-18.57,-34.99,-2.59,-8.36,-8.19,-32.11,-35.28,-21.44,2.68,3.78,13.35,13.35,2.68,4.34,15.79,18.37,0,14.42,-1.02,-5.93,-9.18,-13.51,-29.75,0.950603,40,-1.56,-3.65,0.63,-25.12,,,-1.02,-4.92,-3.24,-4.99,-15.52,0.975803,30
26-11-2025,NSE:AEROENTER,EQ,990.06,86.95,238211,207.12446,4.03,3.97,9.35,S,1.81,1.85,-3.13,0.97,1.98,3.08,-3.23,-1.08,-7.38,-17.6,-2.47,-1,-1,-1,HV2Y,-1,HVQ,-1,-1,-1,-1,-1,1.09,-0.21,0.88,0.27,1.15,-4.88,-3.55,0,0,0,0,0,0,-3.73,-6.19,-22.9,-29.22,-41.22,-3.73,-17.25,-20.41,-40.59,-36.88,-30.88,12.88,12.88,12.88,12.88,3.62,10.65,16.1,13.69,10.17,20.65,1.5,-7,-5.83,-21.34,-26.51,0.950591,40,2.27,-17.25,-6.98,-23.92,,,1.5,-8.63,1.06,-15.9,-3.64,0.975709,29
26-11-2025,NSE:GREENPLY,EQ,3696.47,288,79666,229.43808,3.21,3.14,8.12,2L,-0.50,-1.68,-5.87,-3.39,-4.03,-10.05,-8.84,-10.33,10.38,-9.64,20.45,-1,-1,HV2Q,-1,-1,-1,-1,-1,-1,-1,-1,-0.89,-1.25,-2.11,-2.5,-4.5,0.35,-4.17,0,0,0,0,0,0,-5.87,-11.78,-15.75,-18.02,-28.8,-5.87,-9.98,-8.31,-21.45,-36.19,-21.94,2.77,2.77,12.24,27.52,2.77,4.48,22.16,23.83,15.51,41.31,-4.51,-12.61,-15.08,-3.58,-18.55,0.950522,40,-4.21,-9.69,9.33,-21.45,,,-4.51,-7.93,-2.39,9.11,-16.47,0.984171,41
26-11-2025,NSE:INDHOTEL,EQ,102971.09,731.4,3069657,22451.4713,2.15,2.15,12.03,,0.67,1.62,3.34,-1.61,-2.07,-2,-7.4,-5.42,1.29,-7.57,23.12,-1,-1,-1,-1,-1,-1,-1,-1,-1,-1,-1,0.93,-0.09,0.84,-1.27,-0.42,-3.46,-3.75,0,0,1.59,0,0,1.59,-2.43,-7.52,-9.35,-17.79,-17.79,-2.43,-7.47,-6.72,-13.33,-18.85,0,5.8,5.8,5.8,37.92,5.8,5.18,9.7,20.12,36.14,48.37,-2.55,-11.17,-10.17,-12.67,-16.48,0.950375,40,-1.4,0.05,5.2,19.62,,,-2.55,-8.53,0.83,-3.29,-3.11,0.981887,38
26-11-2025,NSE:GLOTTIS,EQ,649.59,66.97,1747334,1170.18958,3.03,3.07,8.58,S,0.27,-1.72,-8.32,-8.62,-18.84,NA,NA,NA,NA,NA,NA,-1,-1,-1,-1,-1,-1,NA,-1,-1,-1,-1,-2.52,-3.3,-5.63,,,,,0,0,2.86,0,0,2.86,-13.15,NA,NA,NA,NA,-13.15,NA,NA,NA,NA,NA,NA,NA,NA,NA,0.42,NA,NA,NA,NA,NA,-19.32,0,0,0,0,0.950344,40,-13.15,,,,,,-19.32,96.69,-1.02,-9.66,5.87,0.96953,22
26-11-2025,NSE:JSWINFRA,EQ,59104.54,269.75,1681891,4536.90097,2.12,2.09,8.67,L,0.92,-2.8,-5.52,-7.4,-9.73,-27.06,-12.42,-6.19,16.59,-10.68,14.11,-1,-1,-1,-1,HVQ,-1,-1,-1,-1,-1,-1,-1.64,-2.53,-4.07,-7.07,-10.4,1.88,-8.68,0,0,15.87,0,0,12.7,-8.93,-21.3,-21.3,-21.3,-24.37,-8.93,-13.64,-6.09,-18.78,-36.91,-16.29,0.92,0.92,19.89,19.89,0.92,0.8,34.57,27.31,4.41,38.54,-10.21,-16.19,-10.94,2.63,-19.59,0.950337,40,-8.54,-5.87,34.57,-8.39,,,-10.21,-5.76,4.52,11.79,-26.82,0.985652,43
26-11-2025,NSE:POKARNA,EQ,2790.36,940.7,273199,2569.98299,4.75,4.63,2.97,,2.80,0.69,3.72,4.85,6.22,11.1,-1.53,-13.01,-15.68,-6.11,53.44,-1,-1,HVQ,-1,-1,HVQ,-1,-1,-1,-1,-1,2.67,2,4.77,5.64,11.04,-15.99,-4.27,0,0,0,0,0,0,0,0,-16.42,-34.22,-34.22,0,-12.49,-27.53,-25.66,-23.9,-10.75,33.53,33.53,33.53,120.8,12.04,25.22,26.72,41.05,155.42,134.28,5.74,-5.3,-17.76,-29.64,-15.02,0.950325,40,9.05,-12.49,-17.49,20.9,,,5.74,-11.58,-12.33,-12.02,14.15,0.983802,41
26-11-2025,NSE:PATANJALI,EQ,63746.74,569.65,1044010,5947.20297,2.08,2.04,7.99,2M,0.05,-2.33,-3.27,-1.04,-3.66,-5.47,-5.66,-1.83,-6.23,-2.81,18.03,-1,-1,-1,EEP,-1,-1,-1,-1,-1,-1,-1,-1.4,-0.77,-2.15,-1.28,-3.39,-0.73,-4.09,0,0,0,0,0,0,-6.55,-6.55,-12,-14.59,-14.59,-6.55,-6.76,-9.75,-13.02,-7.82,-10.79,0.05,5.95,5.95,37.35,0.05,2.55,11.95,6.75,45.92,41.21,-4.14,-9.43,-6.58,-20.19,-11.72,0.950296,40,-4.04,-5.79,-1.02,-8.87,,,-4.14,-5.24,2.6,-13.98,9.1,0.98457,41
26-11-2025,NSE:KILITCH,EQ,627.04,353.9,36673,129.78575,4.46,4.36,6.11,2M,0.14,-0.41,-4.14,-9.92,-13.1,0.99,-9.4,-34.9,14.08,15.36,-0.92,-1,HVQ,HVQ,-1,HV2Y,-1,-1,-1,-1,-1,-1,-1.87,-1.17,-3,0.15,-2.85,-4.28,-6.84,0,0,0,0,0,0,-11.53,-11.58,-26.8,-26.8,-26.8,-11.53,-10.82,-19.92,0,-21.54,-22.7,4.72,4.72,18.18,20.22,0.14,18.43,29.29,62.18,3.29,1.76,-13.58,-13.17,-39.65,0.12,6.45,0.95027,39,-11.53,-8.83,19.97,45.91,,,-13.58,-0.04,-24.33,26.65,7.35,1.013099,76
26-11-2025,NSE:CIFL,EQ,1314.88,33.63,284051,95.52635,4.24,4.16,6.29,,7.58,2.97,-1.13,-4.22,-4.1,-12.7,-3.57,-14.39,NA,NA,NA,-1,-1,HVQ,HV2Y,-1,-1,-1,-1,-1,-1,-1,2.88,-2.23,0.64,-4.03,-3.26,,,0,0,0,0,0,0,-5.35,-11.71,-22.24,NA,NA,-5.35,-8.09,-19.47,NA,NA,NA,9.12,9.12,NA,NA,9.12,6.93,6.38,NA,NA,NA,-4.58,-7.34,-19.14,0,0,0.949935,39,-4.16,-6.32,,,,,-4.58,-2.8,-11.47,90.34,5.87,0.976711,31
26-11-2025,NSE:GOPAL,EQ,4174.85,331.55,132401,438.97552,2.55,2.58,5.86,3L,1.27,0.75,-0.9,-5.53,-2.08,-11.05,-12.98,-0.38,14.42,-31.17,-14.36,-1,-1,-1,-1,EEP,-1,-1,-1,-1,-1,-1,-0.29,-1.54,-1.8,-3.45,-5.07,5.4,0.34,0,0,14.29,0,0,6.35,-8.37,-14.25,-14.25,-28.22,-35.36,-8.37,-12.47,-2.12,-35.11,-44.68,-15.21,1.27,1.27,28.58,28.58,1.27,0.92,45.28,29.07,0.14,41.38,-2.56,-16.75,-5.13,0.46,-40.08,0.949854,39,-2.54,-0.38,27.5,-2.03,,,-2.56,-13.99,10.14,5.08,-47.4,0.974731,28
26-11-2025,NSE:ONESOURCE,EQ,20041.91,1624.8,140851,2288.54705,3.35,3.41,6.46,S,0.96,-4.84,-8.19,-12.84,-11.31,-7.88,-15.93,-9.5,16.36,NA,NA,-1,-1,-1,EEP,-1,-1,-1,-1,-1,-1,-1,-2.83,-3.15,-5.79,-4.21,-9.6,2.08,-7.68,0,0,0,0,0,0,-13.47,-14.44,-26.07,NA,NA,-13.47,-9.39,-14.3,0,NA,NA,1.65,1.65,NA,NA,1.65,3.65,52.12,43.69,NA,NA,-11.79,-19.7,-14.25,2.4,0,0.949833,39,-11.43,-7.44,41.27,,,,-11.79,-7.46,4.52,13.96,105.87,1.00349,67
26-11-2025,NSE:MMTC,EQ,9817.5,61.29,2765780,1695.14656,2.93,2.92,7.14,L,1.68,-4.91,-8.63,-10.2,-9.38,-11.36,-4.14,-4.23,11.49,-20.12,-9.4,-1,-1,-1,HV2Q,HVQ,HVQ,-1,-1,-1,-1,-1,-2.68,-2.59,-5.14,-3.54,-8.38,5.25,-3.3,0,0,0,0,0,0,-11.96,-14.54,-28.54,-28.54,-49.31,-11.96,-6.53,-25.58,-38.54,-55.13,-39.11,1.84,1.84,26.61,26.61,1.84,10.28,31.85,31.96,0,16.95,-9.86,-7.91,-8.98,-2.47,-29.03,0.949734,39,-8.25,-0.13,13.74,-38.54,,,-9.86,1.48,-1.1,5.42,-29.84,0.980525,36
26-11-2025,NSE:TAURIAN,ST,280.84,256.6,101192,259.65867,3.54,5.37,4.91,,1.85,-20.54,-38.19,-19.25,-19.58,-15.1,NA,NA,NA,NA,NA,-1,-1,-1,-1,-1,-1,NA,-1,-1,-1,-1,-10.63,-5.11,-14.98,,,,,0,0,42.86,0,0,20.41,-27.64,NA,NA,NA,NA,-27.64,NA,NA,NA,NA,NA,NA,NA,NA,NA,1.85,NA,NA,NA,NA,NA,-20.06,0,0,0,0,0.949714,39,-17.44,,,,,,-20.06,96.69,-1.02,-9.66,5.87,0.968887,22
26-11-2025,NSE:SPECIALITY,EQ,636.71,129.89,64527,83.81412,4.38,4.36,14.94,,4.20,-0.93,6.16,-5.49,-8.63,-2.12,4.66,-3.49,-3.77,-16.44,-38.23,-1,-1,HVY,-1,HV2Q,HVQ,-1,-1,-1,-1,-1,0.76,-1.64,-0.87,-2.7,-3.47,1.35,-2.15,0,4.76,17.46,0,0,4.76,-7.94,-12.37,-12.37,-17.56,-36.62,-7.94,-4.8,-17.05,-30.18,-40.42,-33.15,6.56,6.56,9.81,9.81,6.56,14.72,4.69,13.64,4.84,0,-9.11,0.89,-8.24,-17.73,-25.35,0.949645,39,-7.85,6.05,-7.24,-21.93,,,-9.11,8.92,-9.56,-9.94,-6.33,0.981426,37
26-11-2025,NSE:IOB,EQ,77507.77,39.52,11131792,4399.2842,2.52,2.57,4.75,,1.75,-1.52,1.39,-0.08,-2.18,-0.03,3.31,4.38,-14.32,-26.04,-52.07,-1,-1,-1,-1,-1,HVQ,-1,-1,-1,-1,-1,0.65,-0.38,0.27,-0.55,-0.28,-0.33,-0.61,0,0,17.46,0,0,4.76,-2.64,-3.33,-6.04,-32.98,-46.95,-2.64,-1.22,-19.05,-39.35,-39.36,-33.14,4.11,10.36,13.5,13.5,2.84,12.76,9.74,8.53,0,0.99,-2.66,-0.46,-0.37,-28.28,-34.95,0.949368,39,-2.64,5.02,-17.47,-39.35,,,-2.66,2.06,0.08,-29.22,-4.38,0.973433,27
26-11-2025,NSE:SUPREME,EQ,324.63,82.11,206325,169.41346,3.8,3.73,14.33,,0.80,-2.01,-8.79,-7.44,-3.51,-7.05,7.62,-30.5,-8.01,NA,NA,-1,-1,HV2Y,-1,HV2Y,HV2Y,-1,-1,-1,-1,-1,-1.68,-1.48,-3.11,-1.72,-4.75,-2.31,-6.9,0,0,6.35,0,0,4.76,-8.08,-15.07,-23.48,NA,NA,-8.08,-12.09,-31.65,-3.44,NA,NA,13.47,16.16,NA,NA,0.8,20.23,7.3,23.8,NA,NA,-3.99,3.85,-35.25,-21.97,0,0.949337,39,-3.71,13.08,-20.97,,,,-3.99,7.44,-42.29,7.57,105.87,0.992576,53
26-11-2025,NSE:NHPC,EQ,81666.13,77.43,12847779,9948.03528,2.05,2.05,5.76,L,0.26,-3.38,-5.88,-8.69,-9.8,-11.44,-2.8,-12.64,5.71,-2.52,-7.13,-1,-1,-1,-1,-1,-1,-1,-1,-1,-1,-1,-2.27,-2.28,-4.44,-4.24,-8.33,1.4,-7.03,0,0,0,0,0,0,-10.95,-12.62,-14.85,-14.85,-33.22,-10.95,-4.05,-12.46,-11.96,-37.03,-31.53,0.61,0.61,6.7,6.7,0.61,10.09,9.19,20.19,0.61,1.85,-10.28,-6.57,-17.39,-8.25,-11.43,0.949265,39,-8.51,1.84,6.67,-10.94,,,-10.28,3.06,-10.59,6.63,-2.85,0.989847,49
26-11-2025,NSE:MUTHOOTCAP,EQ,454.12,269.55,36599,98.6526,3.62,3.55,7.63,S,1.18,-1.93,-2.32,-2.63,-1,-6.12,-3.34,-7.86,3.93,-21.29,-9.59,-1,EEP,-1,-1,-1,-1,-1,-1,-1,-1,-1,-0.75,-0.75,-1.48,-0.57,-2.04,-3.04,-4.93,0,0,0,0,0,0,-8.43,-8.43,-25.11,-28.14,-32.07,-8.43,-16.4,-22.61,-26.73,-34.74,-17.6,7.35,7.35,8.95,8.95,2.41,8.42,12.59,17.52,0,21.77,-1.48,-7.11,-12.61,-10.03,-30.2,0.948964,39,-8.43,-16.4,3.72,-13.51,,,-1.48,-5.62,-5.4,1.28,-20.39,0.97668,31
26-11-2025,NSE:CENTRALBK,EQ,35191.85,38.75,8958003,3471.22616,2.69,2.67,3.16,,1.07,-1.75,2.5,-1.03,-2.89,2.81,8.08,3.66,-18.22,-32.93,-53.55,-1,-1,-1,-1,-1,HVQ,-1,-1,-1,-1,-1,0.73,-0.06,0.67,0.76,1.44,-2.11,-0.66,0,19.05,6.35,0,4.76,1.59,-4.08,-4.08,-4.27,-36.49,-46.4,-4.08,0,-24.8,-39.38,-36.64,-28.76,12.32,12.32,14.44,14.44,3.47,15.57,5.2,10.25,0,2.49,-3.37,4.31,-1.09,-32.18,-41.84,0.948945,39,-4.08,8.14,-23.05,-38.49,,,-3.37,7.35,-5.82,-32.38,-6.57,0.972219,26
26-11-2025,NSE:MAPMYINDIA,EQ,9302.68,1664.5,204695,3407.14828,2.41,2.47,10.07,3L,0.26,-1.8,-3.33,-7.14,-8.45,1.86,-2.08,-16.8,-0.05,4.59,-4.64,-1,-1,-1,-1,EEP,EEP,-1,-1,-1,-1,-1,-1.84,-1.58,-3.37,-0.41,-3.76,-1.67,-5.34,0,0,0,0,0,0,-9.04,-14.61,-14.79,-20.75,-34.25,-9.04,-7.39,-19.1,-11.61,-34.22,-37.27,2.58,2.58,8.22,8.22,0.26,11.25,7.14,26.4,8.27,0,-8.93,-5.85,-21.55,-14.01,-4.32,0.948908,39,-8.24,-1.57,1.1,-10.46,,,-8.93,2.56,-15.45,4.69,10.5,0.994409,56
26-11-2025,NSE:COFFEEDAY,BE,777.41,35.83,500509,179.33237,3.98,3.92,4.83,3L,-0.72,-1.79,-12.89,-12.95,-17.81,-24.5,-19.98,8.96,15.49,-9.07,-66.76,-1,-1,-1,HVQ,HVQ,-1,-1,-1,-1,-1,-1,-3.17,-3.95,-6.85,-6.91,-12.87,14.53,1.94,0,0,20.63,0,0,1.59,-15.87,-28.38,-28.38,-28.38,-48.89,-15.87,-15.63,-6.91,-44.26,-56.8,-44.25,0.08,19.16,68.37,68.37,0.08,21.92,102.02,53.29,33.86,11.66,-18.29,-23.75,4.21,1.53,-17.98,0.948908,39,-15.87,17.09,49.48,-42.21,,,-18.29,-5.16,23.1,-2.49,-23.19,0.985701,44
26-11-2025,NSE:INDOWIND,EQ,210.59,16.86,226475,38.18369,5.84,5.63,9.08,L,10.48,5.63,1.09,9.95,6.9,1.38,-4.95,-17.92,0.68,-19.03,-21.96,HV2Q,HV2Q,-1,-1,HVQ,HVQ,-1,-1,-1,-1,-1,6.21,0.52,6.76,-0.59,6.14,-12.57,-5.71,0,0,0,0,0,0,0,-1.3,-24.11,-36.54,-46.9,0,-13.42,-20.35,-25.17,-47.26,-36.79,14.55,14.55,14.55,14.55,14.55,4.13,13.52,27.54,0,9.61,6.42,-8.72,-22.67,-13.28,-27.94,0.948874,39,9.48,-13.37,-1.16,-21.02,,,6.42,-16.04,-13.37,6.11,-13.98,0.978737,34
26-11-2025,NSE:SAMBHV,EQ,3241.39,107.55,1146844,1233.43072,3.95,3.98,8.44,,1.50,0.15,-3.46,-9.12,-2.88,-12.5,-16.68,NA,NA,NA,NA,-1,-1,-1,-1,-1,-1,-1,-1,-1,-1,-1,-0.23,-1.84,-2.04,-3.34,-5.2,,,0,0,4.76,0,0,0,-11.55,-14.89,NA,NA,NA,-11.55,-17.79,NA,NA,NA,NA,4.37,NA,NA,NA,4.37,2.37,NA,NA,NA,NA,-3.36,-20.45,0,0,0,0.948839,39,-2.26,-16.58,,,,,-3.36,-16.72,98.98,-9.66,5.87,0.97105,24
26-11-2025,NSE:HONAUT,EQ,31409.51,35745,6456,2307.6972,2.55,2.55,9.61,L,2.26,2.66,0.7,-2.8,-3.54,-2.31,-6.76,-6.67,6.59,-15.25,-6.98,HVY,HVY,-1,HVQ,-1,-1,-1,-1,-1,-1,-1,1.11,-0.77,0.33,-1.54,-1.19,-1.16,-2.32,0,0,0,0,0,0,-4.41,-8.38,-13.24,-17.03,-39.03,-4.41,-6.78,-7.38,-27.16,-43.05,-29.73,4.72,4.72,9.48,9.48,4.72,4.55,16.88,16.78,0,13.04,-4.02,-10.53,-11.42,-7.37,-24.16,0.948805,39,-3.22,-6.78,13.08,-26.97,,,-4.02,-6.42,-0.94,2.77,-17.51,0.979481,35
26-11-2025,NSE:MGL,EQ,12213.87,1222.4,269891,3299.14758,1.99,2.06,11.22,3L,1.29,0.02,-0.7,-3.41,-4.87,-4.6,-8.26,-9.18,-6.46,7.94,-3.42,-1,-1,-1,HV2Q,-1,-1,-1,-1,-1,-1,-1,-0.2,-1.18,-1.36,-2.8,-4.05,-4.87,-8.5,0,0,0,0,0,0,-5.65,-10.33,-20.76,-20.76,-37.79,-5.65,-9.24,-14.22,-32.08,-33.77,-42.73,1.29,1.29,5.61,8.62,1.29,3.57,9.03,18.59,15.64,0,-5.35,-12.03,-13.93,-20.42,-0.97,0.948675,39,-5.31,-7.1,2.3,-26.46,,,-5.35,-6.55,-1.87,-7.17,19.4,0.992606,53
26-11-2025,NSE:GICHSGFIN,EQ,929.47,171.73,93685,160.88525,2.33,2.44,5.73,L,-0.99,-0.13,0.33,-1.1,-3.03,-3.98,-2.04,-8.41,2.7,-17.4,-14.07,-1,-1,-1,-1,-1,-1,-1,-1,-1,-1,-1,0.51,-0.35,0.15,-0.99,-0.83,-3.4,-4.09,0,0,0,0,0,0,-3.59,-3.83,-15.99,-24.01,-36.51,-3.59,-6.39,-14.28,-28.62,-38.22,-25.46,3.5,3.5,7.36,7.36,3.5,3.67,9.55,16.4,0,6.14,-3.51,-5.81,-13.16,-11.26,-26.31,0.948567,39,-2.53,-5.42,1.8,-24.84,,,-3.51,-2.35,-7.27,0.59,-14.78,0.978794,34
26-11-2025,NSE:KANSAINER,EQ,20010.7,234.01,544692,1274.63375,1.97,1.96,6.75,L,1.29,-4.64,-4.92,-6.21,-8.19,-4.82,-0.23,-9.85,2.39,-9.16,-15.96,-1,-1,-1,-1,-1,-1,-1,-1,-1,-1,-1,-1.88,-1.68,-3.51,-1.89,-5.29,0.58,-4.74,0,0,4.76,0,0,4.76,-7.39,-8.89,-8.89,-17.09,-25.99,-7.39,-1.43,-13.12,-18.71,-27.76,-19.21,1.29,1.29,5.41,5.41,1.29,8.84,5.65,15.79,0,0,-8.67,-4,-14.6,-11.57,-18.07,0.948479,39,-6.21,3.36,1.88,-14.63,,,-8.67,4.05,-10.62,1.48,-5.96,0.985019,42
26-11-2025,NSE:DCAL,EQ,3936.82,244.2,370109,903.80618,4.34,4.4,5.09,3L,1.75,0.76,-4.98,-21.87,-20.13,-23.1,-14.56,-9.26,13.52,10.52,8.48,-1,-1,HVQ,-1,EEP,-1,-1,-1,-1,-1,-1,-0.47,-4.11,-4.4,-7.91,-11.41,10.14,-1.41,0,0,31.75,0,0,3.17,-17.94,-22.33,-22.33,-22.33,-22.33,-17.94,-6.7,-3.07,-11.51,-29.96,-20.1,5.51,5.51,33.14,78.9,5.51,24.22,52.52,62.61,54.71,60.09,-20.61,-18.33,-14.01,-0.44,1.61,0.948475,38,-17.29,17.32,25.57,38.81,,,-20.61,1.33,3.61,11.19,2.39,0.998935,61
26-11-2025,NSE:KALPATARU,EQ,7552.93,357.85,73730,263.84281,2.97,2.97,15.95,S,0.41,-1.77,-3.17,-5.31,-9.54,-6.83,-9.56,NA,NA,NA,NA,-1,-1,-1,-1,-1,-1,-1,-1,-1,-1,-1,-1.33,-1.52,-2.81,-2.42,-5.11,,,0,0,0,0,0,0,-7.53,-12.98,NA,NA,NA,-7.53,-4.68,NA,NA,NA,NA,0.41,NA,NA,NA,0.41,8.48,NA,NA,NA,NA,-10.02,-13.33,0,0,0,0.94843,38,-7.14,-3.48,,,,,-10.02,-3.32,98.98,-9.66,5.87,0.978348,34
26-11-2025,NSE:SWANCORP,EQ,14481.71,438.75,1454708,6382.53135,4.06,3.99,3.62,S,-1.53,-7.12,-6.74,-3.7,-2.54,-11.26,-9.66,-0.77,6.06,-20.34,-29.75,-1,EEP,-1,EEP,HVQ,EEP,-1,-1,-1,-1,-1,-3.86,-0.32,-4.17,0.07,-4.09,2.18,-1.96,0,0,0,0,0,0,-8.65,-10.29,-15.94,-44.26,-44.26,-8.65,-8.01,-7.82,-43.83,-47.64,-30.32,2.85,6.43,14.51,14.51,0.71,8.37,25.58,15.4,0,13.49,-3.02,-13.43,-5.52,-7.9,-29.25,0.948408,38,-7.11,-4.96,10.72,-35.73,,,-3.02,-10.26,7.09,-2.87,-22.24,0.975697,29
26-11-2025,NSE:MUNJALAU,EQ,899.5,82.29,908404,747.52565,3.58,3.62,8.51,L,1.73,-6.6,-8.62,-10.2,-9.89,-26.36,-7.53,-4.68,15.4,-23,8.01,-1,-1,HV2Y,-1,-1,-1,-1,-1,-1,-1,-1,-3.23,-3.04,-6.09,-6.27,-11.63,12.98,1.55,0,0,46.03,0,0,15.87,-13.03,-24.56,-24.56,-27.24,-42.63,-13.03,-17.1,0,-39.95,-51.46,-29.43,1.73,14.04,29.67,29.67,1.73,25.32,39.44,35.74,0,35.14,-10.37,-11.3,-9.43,1.44,-31.91,0.948208,38,-11.6,17.73,25.71,-19.61,,,-10.37,-1.16,1.64,9.52,-39.52,0.980454,36
26-11-2025,NSE:LOTUSDEV,EQ,8366.46,169.42,1554252,2633.21374,2.67,2.67,4.7,,-0.45,0.16,-0.84,-4.96,-8.56,-15.06,-10.98,NA,NA,NA,NA,-1,-1,-1,-1,-1,-1,-1,-1,-1,-1,-1,-0.78,-1.81,-2.54,-4.48,-6.72,,,0,0,0,0,0,0,-8.11,-14.36,NA,NA,NA,-8.11,-12.32,NA,NA,NA,NA,1.16,NA,NA,NA,1.16,3.14,NA,NA,NA,NA,-9.04,-14.75,0,0,0,0.948005,38,-8.11,,,,,,-9.04,-5.54,98.98,-9.66,5.87,0.976685,31
26-11-2025,NSE:VENUSPIPES,EQ,2622.99,1281.4,51889,664.90565,2.33,2.31,7.13,,0.16,1.24,-0.49,0.88,-1.45,-7.76,-0.8,-13.87,7.78,-27.69,-30.27,-1,-1,-1,HV2Y,EEP,-1,-1,-1,-1,-1,-1,0.16,-0.35,-0.19,-1.92,-2.07,-2.6,-4.55,0,0,0,0,0,0,-1.41,-11.72,-21.67,-23.61,-47.27,-1.41,-11.5,-21.04,-39.95,-51.37,-32.66,7.28,7.28,11.94,11.94,1.72,8.84,12.84,27.46,0,8.49,-1.93,-4.57,-18.62,-6.18,-36.6,0.94792,38,-0.1,-11.5,5.22,-35.66,,,-1.93,-2.67,-13.98,9.36,-32.6,0.977942,33
26-11-2025,NSE:SHARDAMOTR,EQ,5835.49,918.6,94438,867.50747,3.55,3.92,3.02,2L,1.02,-5.53,-14.77,-18.05,-14.17,-22.46,-14.69,-4.51,15.51,-4.52,34.02,-1,-1,-1,HVQ,HV2Q,-1,-1,-1,-1,-1,-1,-4.53,-4.12,-8.31,-4.73,-12.44,9,-3.78,0,0,15.87,0,0,0,-21.78,-21.78,-24.5,-24.5,-37.2,-21.78,-7.5,-13.41,-30.89,-46.94,-34.36,1.02,1.02,29.2,53.35,1.02,3.28,48.18,35.03,29.56,60.27,-14.65,-18.46,-9.26,1.55,-13.43,0.94777,38,-11.59,-1.51,34.28,-29.59,,,-14.65,-3.76,7.86,9.49,-17.83,0.987955,46
26-11-2025,NSE:RCF,EQ,8371.87,141.16,1230275,1736.65619,2.46,2.5,6.43,L,1.18,-6.2,-6.56,-8.3,-4.65,-6.71,-11.07,-10.82,9.03,-6.6,8.4,-1,-1,-1,HV2Q,-1,-1,-1,-1,-1,-1,-1,-3.16,-1.18,-4.29,-0.96,-5.2,2.18,-3.08,0,0,0,0,0,0,-7.66,-12.55,-13.98,-24.43,-39.94,-7.66,-8.48,-4.46,-23.02,-45.36,-35.97,1.18,1.18,23.02,23.02,1.18,2.76,36.63,36.33,6.7,25.04,-5.13,-14.84,-15.57,-4.93,-15.51,0.947738,38,-6.05,-3.43,19.78,-22.82,,,-5.13,-9.44,-0.8,8.26,-11.32,0.984699,42
26-11-2025,NSE:TRITURBINE,EQ,17054.28,541.85,509027,2758.1628,2.86,2.85,4.86,,0.55,-0.9,-0.25,1.04,3.85,3.64,1.79,-11.84,-4.56,-28.67,12.84,-1,-1,-1,-1,EEP,HV2Y,-1,-1,-1,-1,-1,0.43,0.6,1.04,1.11,2.17,-4.83,-2.54,0,0,0,0,0,0,-0.89,-0.89,-18.85,-35.1,-35.1,-0.89,-15.42,-20.31,-27.41,-32.14,-14.39,6.65,6.65,13.51,17.41,5.04,2.55,11.48,26.95,22.87,51.2,3.37,-1.98,-16.59,-18.52,-37.58,0.947738,38,3.74,-15.42,-5.41,-19.83,,,3.37,-5.45,-14.9,-3.15,-17.19,0.97307,27
26-11-2025,NSE:SURYAROSNI,EQ,5941.46,264.9,534047,1414.6905,3.96,3.9,2.99,2L,-0.09,-0.3,-5.76,-14.42,-4.89,-9.68,-9.93,-22.46,15.16,-7.42,5.85,-1,-1,-1,-1,-1,-1,-1,-1,-1,-1,-1,-1.39,-2.51,-3.8,-3.03,-6.63,-1.48,-7.99,0,0,0,0,0,0,-13.28,-14.17,-23.75,-23.75,-27.67,-13.28,-18.48,-16.18,-11.42,-38.63,-22.3,3.09,3.09,23.9,23.9,3.09,4.93,36.2,51.73,0,19.13,-5.37,-13.7,-27.21,1.2,-16.33,0.94754,38,-5.71,-17.6,26.69,-4.97,,,-5.37,-8.11,-12.42,21.06,-20.74,0.99163,52
26-11-2025,NSE:EIHAHOTELS,EQ,2241.24,360.7,20603,74.31502,1.99,2.02,6.13,2L,0.90,-1.08,-2.33,-5.72,-5.99,-7.46,-10.24,-6.74,5.64,-5.38,8.98,-1,-1,-1,-1,-1,HVQ,-1,-1,-1,-1,-1,-0.86,-1.5,-2.33,-2.81,-5,1.32,-3.73,0,0,11.11,0,0,7.94,-6.19,-14.81,-14.81,-19.3,-27.04,-6.19,-9.71,-3.53,-13.86,-31.15,-23.11,0.9,0.9,16.09,16.09,0.9,3.16,27.99,23.91,6.38,18.8,-6.47,-14.01,-11.49,-8.32,-14.29,0.947458,38,-5.44,-1.25,17.01,-8.94,,,-6.47,-7.33,2.16,1.94,-5.81,0.983816,41
26-11-2025,NSE:SHANTIGEAR,EQ,3609.48,470.25,48771,229.34563,1.95,1.93,7.49,,0.03,0.02,-4.37,-0.03,-7.03,-17.43,-19.4,-2.08,13.04,-8.14,-3.49,-1,-1,-1,-1,-1,EEP,-1,-1,-1,-1,-1,-0.64,-1.83,-2.43,-5.69,-7.69,1.06,-6.7,0,0,15.87,0,0,0,-6.14,-19.53,-22.01,-22.01,-31.36,-6.14,-15.03,-6.87,-26.21,-40.3,-25.76,0.04,0.04,14.99,14.99,0.04,0,35.27,17.39,0,4.56,-7.51,-23.17,-6.83,-0.92,-17.05,0.947415,38,-6.14,-13.05,30.96,-21.47,,,-7.51,-14.87,13.49,5.15,-18.49,0.983403,40
26-11-2025,NSE:DECCANCE,EQ,1235.46,756,72652,549.24912,4.27,4.19,6.1,,-0.59,-13.89,-34.43,-36.52,-35.41,-50.77,-42.53,-0.8,21.1,24.56,27.1,-1,-1,-1,HVQ,EEP,HV2Y,-1,-1,-1,-1,-1,-10.57,-7.79,-17.04,-11.29,-25.45,11.7,-15.58,0,0,28.57,0,0,17.46,-27.6,-33.67,-33.67,-33.67,-33.67,-27.6,-10.19,-1.42,-15.19,-19.81,-20.77,0,5.9,32.42,36.14,0,3.16,57.68,35.45,11.68,6.78,-35.89,-46.3,-5.55,7.14,15.65,0.947395,38,-26.89,-3.14,57.68,15.44,,,-35.89,-8.57,28.26,12.06,10.26,1.013884,76
26-11-2025,NSE:ARISINFRA,EQ,1275.38,142.62,872035,1243.69632,3.95,3.98,5.28,M,0.28,-7.07,-9.12,-15.97,-16.43,-9.98,-4.38,NA,NA,NA,NA,-1,-1,-1,-1,-1,-1,-1,-1,-1,-1,-1,-4.74,-3.22,-7.71,-3.63,-10.94,,,0,0,4.76,0,0,3.17,-15.85,-18.77,NA,NA,NA,-15.85,-5.43,NA,NA,NA,NA,0.28,NA,NA,NA,0.28,21.14,NA,NA,NA,NA,-16.91,-8.15,0,0,0,0.947372,38,-11.65,14.41,,,,,-16.91,7.04,98.98,-9.66,5.87,0.985957,44
26-11-2025,NSE:WIPRO,EQ,255498.89,250.19,9313195,23300.68257,1.42,1.47,6.1,,1.85,1.65,1.99,4.9,2.51,2.24,-1.46,0.78,-24.79,-11.35,-3.32,-1,-1,-1,-1,-1,EEP,-1,-1,-1,-1,-1,1.84,0.48,2.32,-0.09,2.23,-5.06,-2.69,0,0,0,0,0,0,0,-2.62,-7.35,-21.84,-21.84,0,-5.9,-19.18,-22.45,-2.47,-2.85,6.13,6.13,6.85,14.52,5.79,3.46,8.41,6.02,42.9,27.51,2.03,-5.23,-3.97,-38.75,-20.26,0.947342,38,3.22,-5.9,-19.18,-4.34,,,2.03,-7.38,1.18,-35.42,16.64,0.980656,37
26-11-2025,NSE:RAMASTEEL,EQ,1582.65,10.01,17209766,1722.69758,3.45,3.47,4.27,S,-0.79,-0.6,-6.99,-1.2,0.9,-1.3,-2.7,-7.99,-2.3,-19.68,-27.71,-1,-1,-1,HV2Q,HVQ,HVQ,-1,-1,-1,-1,-1,-1.05,-0.57,-1.61,0.21,-1.41,-5.51,-6.56,0,0,0,0,0,0,-8.33,-8.33,-27.41,-27.41,-39.41,-8.33,-11.59,-25.45,-34.56,-38.01,-27.48,2.35,2.35,8.8,8.8,1.42,1.43,11.74,17.5,1.59,18.85,0.42,-6.47,-12.74,-16.26,-28.59,0.947336,38,1.42,-11.59,-3.93,-3.48,,,0.42,-6.94,-6.18,-4.39,-11.12,0.975726,30
26-11-2025,NSE:GSPL,EQ,17095.6,294.8,559055,1648.09414,2.07,2.06,5.88,2L,0.08,-1.05,-1.12,-4.1,-5.65,-8.84,-1.58,-11.67,3.58,-12.67,-15.03,-1,-1,-1,-1,-1,-1,-1,-1,-1,-1,-1,-1.26,-1.2,-2.43,-2.73,-5.02,-0.53,-5.52,0,0,0,0,0,0,-6.1,-9.39,-13.04,-23.89,-35.97,-6.1,-4.27,-14.77,-28.5,-38.26,-27.86,1.69,1.69,10.06,10.06,0.08,7.43,11.8,22.9,2.41,19.67,-6.13,-5.35,-16.42,-10.38,-21.58,0.947306,38,-4.66,-3.74,4.89,-1.45,,,-6.13,0.54,-10.95,3.99,-10.98,0.982646,39
26-11-2025,NSE:VIKRAMSOLR,EQ,11448.34,269.6,2134785,5755.38036,3.17,3.09,6.07,,-0.70,-11.29,-17.32,-19.44,-22.5,-21.33,NA,NA,NA,NA,NA,-1,-1,-1,-1,-1,-1,-1,-1,-1,-1,-1,-7.47,-4.63,-11.57,-6.21,-16.74,,,0,0,1.59,0,0,1.59,-18.17,NA,NA,NA,NA,-18.17,NA,NA,NA,NA,NA,NA,NA,NA,NA,0,NA,NA,NA,NA,NA,-22.98,0,0,0,0,0.947303,38,-17.14,,,,,,-22.98,96.69,-1.02,-9.66,5.87,0.966428,19
26-11-2025,NSE:ATL,EQ,781.89,27.32,806685,220.38634,4.99,5,3.37,,0.85,-11.86,-18.57,-15.34,-17.4,-29.79,6.23,2.52,2.76,-30.41,-90.4,-1,-1,HVQ,-1,-1,-1,-1,-1,-1,-1,-1,-7.09,-3.42,-10.16,-4.63,-14.14,12.95,-1.37,0,0,17.46,0,0,3.17,-20.97,-24.14,-24.14,-31.1,-54.57,-20.97,-10.94,-20.03,-46.68,-56.76,-42.02,8.02,8.02,30.25,30.25,0.85,26.82,22.14,26.97,5.16,1.12,-17.88,2.46,-2.23,-11.2,-39.32,0.947285,38,-14.67,5.85,-6.89,-45.51,,,-17.88,16.81,-4.97,-9.41,-28.24,0.980013,36
26-11-2025,NSE:BRNL,EQ,215.08,24.69,294060,72.60341,6.17,6.13,4.22,,1.35,-1.5,4.78,-2.71,4.25,12.52,17.66,4.41,-47.35,-71.69,-145.65,-1,-1,HV2Y,-1,-1,HV2Q,-1,-1,-1,-1,-1,0.06,1.05,1.12,3.85,5.16,-8.02,-2.65,80,71.43,46.03,0,23.81,14.29,-3.63,-3.63,-3.63,-50.96,-64.37,-3.63,-4.6,-48.77,-54.91,-53,-45.23,29.4,38.4,38.4,38.4,8.86,32.51,13.96,11.27,0,0.33,3.77,13.89,-0.34,-61.31,-80.6,0.94723,38,8.86,14.26,-47.26,-54.91,,,3.77,10.69,-17.1,-63.81,-10.65,0.961843,15
26-11-2025,NSE:AAVAS,EQ,13355.44,1593.6,170892,2723.33491,3.39,3.5,5.26,S,-1.55,-3.11,-6.93,-2.99,-3.78,-4.79,-2.4,-11.28,-5.43,-2.99,14.38,-1,-1,-1,-1,-1,-1,-1,-1,-1,-1,-1,-2.9,-0.36,-3.25,0.07,-3.18,-8.04,-10.39,0,0,0,0,0,0,-8.22,-8.22,-23.84,-28.23,-28.23,-8.22,-10.3,-26.51,-20.14,-13.2,-15.21,4.83,4.83,4.83,21.13,1.24,8.79,0,8.33,27.71,24.75,-4.26,-6.17,-16.03,-19.39,-11.9,0.947217,37,-4.18,-10.3,-3.08,4.68,,,-4.26,-1.99,-9.69,-4.4,8.19,0.985947,44
26-11-2025,NSE:UTIAMC,EQ,15071.07,1155.8,170029,1965.19518,2.17,2.22,5.72,2L,1.33,0.59,-1.03,-4.89,-13.97,-19.85,-16.58,-4.44,19.84,-12.06,27.52,-1,-1,-1,-1,-1,-1,-1,-1,-1,-1,-1,-0.51,-2.86,-3.28,-7.14,-9.72,6.13,-3.82,0,0,0,0,0,0,-11.37,-17.55,-21.66,-21.66,-21.66,-11.37,-6.45,-8.68,-13.47,-33.59,-4.8,1.33,1.33,25.81,42.87,1.33,2.79,46.66,31.39,14.52,60.09,-14.45,-20.35,-9.19,5.88,-20.97,0.947041,37,-11.37,-2.85,41.97,6.66,,,-14.45,-5.59,9.39,13.59,-33.93,0.986374,44
26-11-2025,NSE:PIXTRANS,EQ,1956.58,1458.7,12657,184.62766,2.26,2.24,5.15,M,0.50,0.82,0.4,-0.27,0.66,0.6,5.49,-8.01,0.14,-50.07,11.89,-1,-1,-1,-1,-1,-1,-1,-1,-1,-1,-1,0.43,-0.05,0.37,0.17,0.54,-5.82,-4.98,0,0,0,0,0,0,-1.88,-1.88,-12.56,-46.25,-46.25,-1.88,-4.95,-21.81,-41.94,-46.32,-2.04,6.86,15.25,15.25,18.55,1.33,14.49,8.92,12.35,18.39,77.92,0.18,1.72,-12.76,-13.82,-58.98,0.946968,37,0.45,-3.89,-5.13,6.7,,,0.18,1.56,-15.31,-2.11,-44.41,0.967702,20
26-11-2025,NSE:SAGCEM,EQ,2882.1,213.37,109956,234.61312,2.34,2.32,9.15,2M,0.34,-2.59,-3.57,-6.96,-7.2,-25.21,-19.72,-13.16,15.67,-0.61,-3.13,-1,-1,-1,-1,-1,-1,-1,-1,-1,-1,-1,-1.83,-2.32,-4.06,-7.76,-10.97,5.29,-6,0,0,25.4,0,0,4.76,-6.51,-27.5,-27.5,-27.5,-27.5,-6.51,-22.28,-5.33,-2.17,-33.26,-20.37,0.34,0.34,24.99,24.99,0.34,1.74,49.64,41.43,0,8.29,-7.68,-23.49,-17.91,1.71,-9.52,0.946918,37,-6.12,-5.49,36.64,1.99,,,-7.68,-14.99,4.46,15.82,-13.44,0.9905,50
26-11-2025,NSE:CASTROLIND,EQ,19113.68,192,1255790,2411.1168,1.57,1.56,6.23,L,0.19,0.59,0.93,-0.89,-2.96,-5.59,-8.03,-7.79,-8.1,3,-2.68,-1,-1,-1,-1,HV2Q,EEP,-1,-1,-1,-1,-1,0.05,-0.68,-0.62,-2.19,-2.75,-5.46,-7.79,0,0,0,0,0,0,-3.06,-6.35,-16.03,-21.91,-30.14,-3.06,-11.13,-15.65,-24.7,-24.49,-32.24,1.58,1.58,13.4,13.4,1.58,1.08,7.18,22.24,22.59,3.09,-3.44,-11.8,-12.54,-22.06,-5.91,0.946829,37,-3.06,-11.05,-0.13,-23.59,,,-3.44,-8.23,-0.8,-9.95,16.14,0.988212,46
26-11-2025,NSE:PATILAUTOM,SM,379.68,180.7,54948,99.29104,5.48,5.38,3.35,,0.95,6.59,3.02,4.07,0.42,-9.05,-23.77,NA,NA,NA,NA,-1,-1,-1,-1,-1,-1,-1,-1,-1,-1,-1,3.43,-0.06,3.36,-2.27,1.07,,,0,0,4.76,0,0,0,-1.53,-18.46,NA,NA,NA,-1.53,-24.49,NA,NA,NA,NA,10.72,NA,NA,NA,8.24,10.26,NA,NA,NA,NA,-0.06,-27.54,0,0,0,0.946791,37,1.8,-17.26,,,,,-0.06,-27.59,98.98,-9.66,5.87,0.965491,18
26-11-2025,NSE:RATNAVEER,EQ,820.94,148.87,445934,663.86195,3.53,3.54,6.49,,0.84,-5.86,-1.87,0.7,-1.5,-5.86,-1.67,-4.25,9.55,-50.98,22.31,-1,-1,HVY,-1,EEP,EEP,-1,-1,-1,-1,-1,-1.33,-0.44,-1.76,-0.59,-2.33,3.12,0.81,0,0,1.59,0,0,0,-5.54,-8.94,-13.34,-43.32,-43.32,-5.54,-7.57,-11.9,-40.91,-48.73,-6.6,5.46,12.04,20.53,32.33,0.84,13.72,22.54,25.65,21.31,102.49,-1.98,-5.44,-9,-4.41,-59.89,0.946738,37,-0.03,-2.6,6.07,-13.82,,,-1.98,-3.48,-3.56,3.58,-61.05,0.968425,21
26-11-2025,NSE:MIDHANI,EQ,6777.02,328.9,389882,1282.3219,2.87,2.92,3.31,L,-0.18,-6.87,-18.17,-15.55,-15.98,-20.07,-18.58,-26.53,23.62,5.58,-13.5,-1,-1,-1,HV2Y,EEP,-1,-1,-1,-1,-1,-1,-5.14,-3.79,-8.6,-5.62,-13.46,4.85,-9.06,0,0,0,0,0,0,-16.13,-20.28,-29.06,-29.06,-38.08,-16.13,-7.54,-15.88,-2.28,-52.71,-41.53,0.57,0.57,40.72,40.72,0.57,5.59,66.86,78.05,0,1.35,-16.46,-22.35,-31.28,9.66,-3.33,0.946628,37,-13.13,-5.63,46.81,-2.28,,,-16.46,-5.55,-7.73,29.98,-17.76,1.006607,70
26-11-2025,NSE:GODREJPROP,EQ,65834.67,2114.4,552009,11671.6783,2.41,2.4,4.66,,0.97,-0.76,-3.76,-8.46,-9.74,4.51,2.15,-6.21,6.55,-27.92,-4.91,-1,-1,-1,HVY,-1,-1,-1,-1,-1,-1,-1,-0.57,-1.29,-1.83,0.57,-1.26,-0.1,-1.36,0,0,0,0,0,0,-8.52,-8.87,-14.3,-29.54,-37.47,-8.52,0,-16.15,-32.51,-41.57,-20.01,8.56,9.18,9.72,9.72,3.32,19.81,7.36,16.52,2.39,26.66,-10.22,-1.62,-10.96,-7.41,-36.83,0.946591,37,-7.93,3.87,1.05,-23.44,,,-10.22,7.52,-9.56,2.35,-31.02,0.9782,33
26-11-2025,NSE:SIS,EQ,4723.49,335.85,98878,332.08176,2.5,2.53,9.91,M,1.31,2.95,-0.31,1.44,-1.83,-1.74,-8.77,-3.32,0.3,-13.37,-35.3,-1,-1,-1,-1,HV2Y,EEP,-1,-1,-1,-1,-1,1.58,-0.61,0.96,-1.38,-0.42,-2.47,-2.82,0,0,0,0,0,0,-1.78,-9.77,-13.96,-14.43,-29.49,-1.78,-11.49,-6.42,-18.07,-29.7,-20.06,3.98,3.98,15.71,15.71,3.98,5.44,25.86,19.55,9.73,3.73,-2.31,-12.54,-8.07,-13.66,-22.28,0.946563,37,-1.78,-10.01,13.24,-17.44,,,-2.31,-10.12,3.99,-6.16,-7.84,0.977787,33
26-11-2025,NSE:RAINBOW,EQ,13253.47,1350.5,207211,2798.38456,2.38,2.36,6.05,2L,0.26,0.69,-0.64,-2.96,-0.7,-3.08,-12.94,-3.71,5.61,-16.53,18.1,-1,-1,-1,-1,-1,-1,-1,-1,-1,-1,-1,0.56,-0.41,0.15,-1.01,-0.86,-3.64,-4.34,0,0,0,0,0,0,-2.88,-11.12,-16.84,-19.48,-19.48,-2.88,-14.29,-6.07,-16.49,-23.99,-4.6,3.85,3.85,8.95,22.21,3.85,3.46,23.05,15.51,15.88,43.06,-1.18,-16.71,-8.46,-8.35,-25.44,0.94652,37,-1.9,-12.63,18.79,15.51,,,-1.18,-15.47,7.16,-0.68,-17.58,0.977025,32
26-11-2025,NSE:DHARAN,BZ,245.75,0.38,18398845,69.91561,5.49,6.07,1.75,S,-2.56,-13.16,-36.84,-26.32,-10.53,-55.26,-10.53,NA,NA,NA,NA,-1,-1,-1,-1,-1,-1,-1,-1,-1,-1,-1,-9.72,-6.75,-15.42,-12,-24.48,,,0,0,15.87,0,0,7.94,-29.63,-37.7,NA,NA,NA,-29.63,-31.15,NA,NA,NA,NA,0,NA,NA,NA,0,7.69,NA,NA,NA,NA,-11.01,-14.3,0,0,0,0.946476,37,-13.64,7.69,,,,,-11.01,-3.31,98.98,-9.66,5.87,0.97736,32
26-11-2025,NSE:STYL,EQ,5333.12,311,658984,2049.44024,3.92,3.86,2.88,S,3.19,-3.18,-11.77,-19.74,-23.67,NA,NA,NA,NA,NA,NA,-1,-1,-1,-1,-1,-1,NA,-1,-1,-1,-1,-3.07,-6.49,-8.98,,,,,0,0,5.13,0,0,5.13,-18.7,NA,NA,NA,NA,-18.7,NA,NA,NA,NA,NA,NA,NA,NA,NA,3.19,NA,NA,NA,NA,NA,-24.15,0,0,0,0,0.946368,37,-18.7,,,,,,-24.15,96.69,-1.02,-9.66,5.87,0.965474,18
26-11-2025,NSE:DIGISPICE,BE,562.02,23,144458,33.22534,4.32,4.29,7.06,2L,0.26,-0.74,-9.22,-13.43,-13.39,-26.22,-14.09,9.09,7.91,-15.48,-9.78,-1,-1,-1,HV2Q,HVQ,HV2Q,-1,-1,-1,-1,-1,-2.23,-3.34,-5.38,-8.4,-12.72,11.91,-0.91,0,0,28.57,0,0,3.17,-11.84,-29.38,-29.38,-31.38,-50.17,-11.84,-19.93,-6.95,-43.74,-54.12,-42.46,0.26,11.54,31.5,31.5,0.26,23.48,50.03,19.55,0,13.5,-13.87,-17.86,4.34,-6.05,-24.39,0.946306,37,-10.89,20.96,16.31,-43.64,,,-13.87,-3.92,19.29,-10.95,-19.53,0.97971,36
26-11-2025,NSE:GKENERGY,EQ,4034.04,169.92,2932327,4982.61004,5.16,5.05,4.08,,-0.81,-8.41,-15.58,-25.85,-23.87,NA,NA,NA,NA,NA,NA,-1,-1,-1,-1,-1,-1,NA,-1,-1,-1,-1,-5.92,-3.73,-9.3,,,,,0,23.81,48.78,0,0,26.83,-21.17,NA,NA,NA,NA,-21.17,NA,NA,NA,NA,NA,NA,NA,NA,NA,1.68,NA,NA,NA,NA,NA,-24.35,0,0,0,0,0.946206,37,-17.19,,,,,,-24.35,96.69,-1.02,-9.66,5.87,0.965309,18
26-11-2025,NSE:FLYSBS,ST,1018.5,570.2,64304,366.66141,4.24,4.33,5.95,S,-0.64,-2.56,-0.53,6.63,-0.48,4.3,-23.68,NA,NA,NA,NA,-1,-1,-1,-1,-1,-1,-1,-1,-1,-1,-1,-0.71,0.78,0.08,1.6,1.7,,,0,0,17.46,0,0,1.59,-4.51,-17.93,NA,NA,NA,-4.51,-18.75,NA,NA,NA,NA,9.98,NA,NA,NA,8.21,27.65,NA,NA,NA,NA,-0.96,-27.45,0,0,0,0.945778,37,1.58,,,,,,-0.96,-26.39,98.98,-9.66,5.87,0.965354,18
26-11-2025,NSE:RIIL,EQ,1311.43,857.95,80548,691.06157,1.58,1.61,9.1,S,0.55,-0.86,-1.92,-3.74,-6.17,-4.79,-3.98,-7.28,4.13,-16.1,-43.75,-1,-1,-1,-1,-1,HVQ,-1,-1,-1,-1,-1,-0.6,-1.14,-1.72,-2.26,-3.89,0.35,-3.56,0,0,0,0,0,0,-6.49,-8.72,-14.61,-29.51,-38.77,-6.49,-3.09,-11.21,-33.54,-44.24,-32.48,0.7,2.94,14.85,14.85,0.7,9.29,19.42,23.22,0,0,-6.65,-7.75,-12.03,-9.83,-25.01,0.945691,37,-5.99,0.31,5.3,-24.86,,,-6.65,-1.25,-4.2,0.98,-15.22,0.979266,35
26-11-2025,NSE:DAMCAPITAL,EQ,1782.84,229.57,1317721,3025.0921,4.01,4.09,17.07,S,1.10,-4.5,-5.57,-9.95,-8.57,-9.61,4.43,-21.17,-6.42,NA,NA,-1,-1,-1,-1,-1,-1,-1,-1,-1,-1,-1,-2.66,-2,-4.57,-1.88,-6.33,2.4,-4.03,0,9.52,3.17,0,4.76,1.59,-12.78,-12.78,-23.12,NA,NA,-12.78,-3.8,-26.53,-32.98,NA,NA,5.19,10.01,NA,NA,1.86,19.44,9.15,38.4,NA,NA,-9.05,0.66,-25.92,-20.38,0,0.945675,37,-8.65,5.37,-12.63,,,,-9.05,8.67,-27.82,2.52,105.87,0.989912,49
26-11-2025,NSE:MONEYBOXX,EQ,454.23,135.01,31831,42.97503,5.46,5.37,10.92,,0.69,-2.17,-8.56,-21.06,-24.75,NA,NA,NA,NA,NA,NA,-1,-1,-1,-1,-1,-1,NA,-1,-1,-1,-1,-3.24,-5.76,-8.52,,,,,0,14.29,20.69,0,14.29,17.24,-20.96,NA,NA,NA,NA,-20.96,NA,NA,NA,NA,NA,NA,NA,NA,NA,0.69,NA,NA,NA,NA,NA,-25.23,0,0,0,0,0.945513,37,-20.86,,,,,,-25.23,96.69,-1.02,-9.66,5.87,0.964602,17
26-11-2025,NSE:KMSUGAR,EQ,257.51,27.3,100398,27.40865,3.3,3.24,5.38,S,1.75,-2.01,-0.59,-1.03,-2.38,-2.49,-4.1,-8.28,0.22,-16.26,-6.96,-1,-1,HV2Q,HVQ,-1,-1,-1,-1,-1,-1,-1,-0.19,-0.7,-0.88,-1.21,-2.07,-1.8,-3.8,0,0,0,0,0,0,-2.85,-6.79,-10.49,-20.98,-43.43,-2.85,-4.57,-7.46,-29.35,-43.56,-34.23,2.02,4.44,6.68,6.68,2.02,6.92,11.06,15.51,0,14.58,-2.86,-7.87,-13.03,-13.74,-25.17,0.945495,37,-2.4,2.57,-3.4,-24.24,,,-2.86,-4.99,-5.03,-1.81,-10.65,0.977731,33
26-11-2025,NSE:PRSMJOHNSN,EQ,7369.14,139.04,809000,1124.8336,3.32,3.24,4.64,2M,1.44,-4.34,-2.65,-3.13,-13.41,-20.53,-6.84,-1.82,16.28,-30.98,-21.58,-1,-1,HV2Q,HV2Q,-1,EEP,-1,-1,-1,-1,-1,-1.61,-2.14,-3.67,-5.27,-8.49,5.87,-2.79,0,0,7.94,0,0,0,-11.47,-17.63,-17.63,-29.29,-40.23,-11.47,-6.59,-9.08,-39.14,-49.96,-21.71,1.44,1.44,25.39,25.39,1.44,11.91,33.96,27.67,0,27.31,-13.89,-10.61,-6.57,2.32,-39.89,0.945259,36,-10.02,0.39,22.21,-12.29,,,-13.89,2.48,3.68,8.12,-50.59,0.97833,34
26-11-2025,NSE:JBMA,EQ,15159.28,617.25,1382836,8535.55521,2.2,2.22,5.95,2L,1.77,-1.25,-2.96,-5.17,-5.99,-17.92,-3.14,-18.07,8.17,-13.24,-53.26,-1,-1,HV2Y,-1,EEP,EEP,-1,-1,-1,-1,-1,-0.69,-1.78,-2.43,-4.97,-7.05,2.53,-4.63,0,0,3.17,0,0,0,-9.35,-16.78,-16.78,-30.25,-46.01,-9.35,-11.8,-14.02,-28.78,-50.42,-38.86,3.75,4.06,25.16,25.16,1.81,10.29,29.1,47.78,0,0,-6.47,-6.91,-22.82,-5.79,-22.15,0.945076,36,-6.09,-0.59,-1.69,-24.39,,,-6.47,-0.63,-15.49,12.56,-17.44,0.985319,43
26-11-2025,NSE:GRINDWELL,EQ,17939.96,1575.9,60005,945.6188,3.36,3.37,2.8,M,0.74,2.79,-2.71,-4.81,-0.54,-2.35,0.62,-13.35,1.89,-28.9,-20.25,-1,EEP,-1,-1,EEP,-1,-1,-1,-1,-1,-1,0.25,-1.12,-0.86,-2.09,-2.89,-1.78,-4.59,0,0,0,0,0,0,-6.7,-7.21,-14.54,-29.86,-46.6,-6.7,-6.71,-15.07,-28.87,-47.61,-31.16,3.66,7.36,12.08,12.08,3.66,7.94,11.38,27.04,0,7.19,-1.02,-3.15,-18.1,-12.07,-37.81,0.945009,36,1.68,-3.57,2.4,-27.65,,,-1.02,-2.15,-15.08,3.79,-25.51,0.974974,29
26-11-2025,NSE:PTC,EQ,4907.52,161.06,1008594,1624.4415,1.71,1.7,4.35,3L,0.73,-1.83,-4.45,-3.49,-5.93,-6.69,-16.53,-14.67,10.86,-0.13,-11.98,-1,-1,-1,-1,-1,-1,-1,-1,-1,-1,-1,-1.05,-1.04,-2.06,-1.64,-3.64,-2.33,-5.84,0,0,0,0,0,0,-6.82,-10.6,-18.69,-18.69,-33.49,-6.82,-11.51,-5.25,-23.74,-40.71,-33.4,0.78,0.78,25.15,25.15,0.78,4.53,35.2,43.51,11.56,0,-6.41,-20.3,-19.42,-3.1,-9.04,0.944977,36,-5.83,-10.71,27.47,-10.72,,,-6.41,-13.32,0.58,12.6,-6.46,0.989015,47
26-11-2025,NSE:KPITTECH,EQ,33360.56,1194.9,901238,10768.89286,2.57,2.55,4.7,S,1.95,-0.69,-4.13,3.31,-1.01,-3.82,-0.68,-11.29,-11.26,-7.98,-19.62,-1,-1,-1,-1,-1,HVQ,-1,-1,-1,-1,-1,0.19,0.1,0.3,-0.16,0.13,-5.11,-4.73,0,0,0,0,0,0,-3.97,-8.18,-15.96,-22.85,-36.44,-3.97,-7.25,-15.39,-28.42,-29.29,-31.38,8.85,8.85,12.17,12.17,3.63,9.96,12.93,24.83,5.59,0,-1.49,-4.45,-16.04,-25.22,-16.89,0.944966,36,0.39,-1.65,-9.97,-27.43,,,-1.49,-2.98,-11.56,-9.63,8.82,0.982333,38
26-11-2025,NSE:DIFFNKG,EQ,1271.37,297.8,156504,466.06891,4.63,4.45,4.46,M,0.20,-6.08,-23.89,-25.2,-23.35,-26.75,-21.09,2.97,18.8,-4.15,NA,-1,-1,HV2Q,HVQ,-1,HVQ,-1,-1,-1,-1,-1,-7.7,-5.63,-12.61,-7.33,-18.58,13.68,-5.68,0,0,30.16,0,0,25.4,-21.49,-25.48,-25.48,-25.48,NA,-21.49,-8.08,0,-40.99,-50.62,NA,0.2,8.22,25.41,NA,0.2,17.12,51.86,42.23,19.01,NA,-23.83,-24.86,-1.78,4.84,-13.06,0.944856,36,-18.76,8.81,47.42,,,,-23.83,-1.47,18.85,6.66,-22.4,0.99003,49
26-11-2025,NSE:POWERGRID,EQ,254557.53,275.05,13529225,37212.13336,1.73,1.81,6.89,,0.59,-0.04,2.89,-1.45,-5.82,-6.64,-3.31,-7.09,2.94,-18.49,3.31,-1,-1,-1,-1,-1,-1,-1,-1,-1,-1,-1,0.02,-0.72,-0.7,-2.17,-2.81,-1.38,-4.14,0,0,0,0,0,0,-6.87,-6.87,-8.64,-19.75,-24.74,-6.87,-0.77,-11.2,-19.4,-26.95,-10.82,2.98,2.98,9.65,9.65,2.98,6.05,13.27,17.42,3.85,25.83,-6.3,-7.08,-11.84,-11.02,-27.4,0.944629,36,-4.58,-0.36,8.02,-11.81,,,-6.3,-0.94,-4.68,-0.29,-16.21,0.977814,33
26-11-2025,NSE:BLUSPRING,EQ,1105.8,71.9,432533,310.99123,3.9,3.8,8.05,,-0.22,-3.5,-8.92,-8.69,-10.38,-12.17,-12.64,NA,NA,NA,NA,-1,-1,-1,-1,-1,-1,-1,-1,-1,-1,-1,-2.96,-2.23,-5.07,-4.15,-8.86,,,0,0,0,0,0,0,-10.79,-17.45,NA,NA,NA,-10.79,-15.3,NA,NA,NA,NA,0,NA,NA,NA,0,4.41,NA,NA,NA,NA,-10.86,-16.41,0,0,0,0.944566,36,-10.79,-15.3,,,,,-10.86,-5.36,98.98,-9.66,5.87,0.975024,29
26-11-2025,NSE:TITAGARH,EQ,11851.29,847.95,912478,7737.3572,2.77,2.81,3.05,S,1.30,-2.8,-3.67,-3.7,-5.65,-5.81,-1.54,-10.74,8.16,-28.18,0.05,-1,-1,-1,-1,EEP,EEP,-1,-1,-1,-1,-1,-0.95,-1.08,-2.01,-2.64,-4.53,4.1,-0.45,0,0,0,0,0,0,-6.58,-11.24,-12.02,-36.6,-54.41,-6.58,-6.22,-10.66,-37.16,-58.13,-41.56,2.72,9.25,25.59,25.59,1.3,15.43,27.53,39.08,0.93,31.93,-6.13,-5.31,-15.49,-5.8,-37.09,0.944556,36,-5.02,2.42,8.21,-33.74,,,-6.13,0.58,-10.07,7.41,-33.7,0.977114,32
26-11-2025,NSE:STEELXIND,EQ,1106.28,8.72,1909337,166.49419,3.23,3.18,4.24,2L,0.11,-3.21,-2.64,-6.65,-13.3,-16.97,-6.08,4.47,2.75,-16.63,-49.66,-1,-1,-1,HV2Q,-1,-1,-1,-1,-1,-1,-1,-1.85,-2.76,-4.48,-6.97,-10.71,5.75,-5.26,0,0,0,0,0,0,-11.92,-18.96,-20.94,-22.14,-42.44,-11.92,-10.43,-16.14,-41.75,-44.03,-32.87,0.11,9.55,15.34,15.34,0.11,13.17,22.35,10.19,0,0.49,-13.78,-9.85,-0.28,-11.21,-25.54,0.944392,36,-11.74,-6.97,7.68,-38.07,,,-13.78,3.07,8.93,-11.46,-14.06,0.97874,34
26-11-2025,NSE:JUBLFOOD,EQ,39795.26,605,1870907,11318.98735,2.32,2.53,3.69,,2.02,1.63,3.26,1.91,1.54,-4.2,-7.07,-10,-14.55,-0.86,26.02,EEP,EEP,-1,-1,-1,-1,5.48,-1,-1,-1,-1,1.71,-0.09,1.63,-1.33,0.29,-8.2,-7.31,0,0,0,0,0,0,-1.67,-8.86,-15.15,-21.08,-21.08,-1.67,-10.26,-10.11,-13.19,-9.59,-13.92,5.49,5.49,5.49,38.87,5.49,2.06,8.63,17.35,60.8,41.58,1.06,-10.84,-14.75,-28.51,-9.77,0.944335,36,0.71,-8.22,-8.69,1.2,,,1.06,-12.06,-3.75,-13.8,17.82,0.985451,43
26-11-2025,NSE:SURAKSHA,EQ,1572.84,293,45031,131.94083,2.83,2.93,7.89,2M,0.60,-4.45,-5.56,-10.6,-10.75,-5.84,-6.28,-11.59,2.83,NA,NA,-1,-1,-1,-1,-1,-1,-1,-1,-1,-1,-1,-2.46,-1.54,-3.94,-0.95,-4.84,0.51,-4.35,0,0,0,0,0,0,-9.79,-10.64,-16.27,NA,NA,-9.79,-1.04,-11.02,-21.9,NA,NA,2.59,2.59,NA,NA,0.6,13.62,20.14,26.14,NA,NA,-11.23,-10.05,-16.34,-11.13,0,0.944299,36,-9.25,5.82,8.41,,,,-11.23,0.73,-6.01,3.26,105.87,0.991062,51
26-11-2025,NSE:ALLTIME,EQ,1923.96,275.2,238742,657.01798,3.54,3.62,6.06,,-0.13,-2.78,-2.07,-12.19,-5.31,0.07,-19.31,NA,NA,NA,NA,-1,-1,-1,-1,-1,-1,-1,-1,-1,-1,-1,-1.93,-1.29,-3.18,0.44,-2.76,,,0,0,9.52,0,0,0,-10.87,-12.09,NA,NA,NA,-10.87,-11.74,NA,NA,NA,NA,5.28,NA,NA,NA,0.02,10.86,NA,NA,NA,NA,-5.79,-23.08,0,0,0,0.943837,36,-9.43,,,,,,-5.79,-16.61,98.98,-9.66,5.87,0.96839,21
26-11-2025,NSE:RBZJEWEL,EQ,607.24,141.17,219780,310.26343,6.46,6.33,5.94,S,1.05,-6.5,-17.64,-12.53,0.09,1.89,2.92,-0.94,-20.05,-25.49,-4.77,-1,HV2Y,-1,HVQ,-1,HV2Y,-1,-1,-1,-1,-1,-2.86,-1.27,-4.08,1.75,-2.38,-0.4,-2.76,0,38.1,12.7,0,23.81,7.94,-14.99,-14.99,-14.99,-41.11,-41.11,-14.99,-5.12,-23.01,-40.55,-29.3,-19,6.72,9.71,11.65,14.68,2.85,9.61,8.39,12.7,37.67,43.91,-0.39,-0.85,-5.69,-34.01,-34.4,0.943579,36,0.38,3.88,-23.01,-5.95,,,-0.39,-0.47,-5,-28.59,1.34,0.972549,26
26-11-2025,NSE:SHREECEM,EQ,96191.27,26935,27646,7446.4501,1.49,1.48,4.29,2L,1.81,1.58,-0.59,-2.47,-6.14,-10.08,-11.43,-14.91,-5.29,10.7,6.92,-1,-1,-1,-1,-1,-1,-1,-1,-1,-1,-1,0.69,-1.83,-1.11,-4.71,-5.56,-3.62,-8.86,0,0,0,0,0,0,-7.79,-11.65,-16.73,-16.73,-16.73,-7.79,-8.77,-7.2,-2.1,-0.68,-15.17,1.95,1.95,8.63,12.53,1.95,0,10.01,29.31,18.49,0.49,-6.62,-15.2,-19.66,-19.25,1.79,0.94355,36,-5.77,-7.63,4.75,23.74,,,-6.62,-8.29,-4.14,-1.3,21.06,0.994681,56
26-11-2025,NSE:ABB,EQ,106928.97,5197.5,247233,12849.93518,1.8,1.87,4.16,L,2.50,2.2,5.26,-0.89,-0.78,-0.77,1.87,-15.72,1.07,-30.08,-8.06,-1,-1,-1,-1,-1,-1,-1,-1,-1,-1,-1,2.04,-0.21,1.83,-1.51,0.32,-4.84,-4.31,0,0,0,0,0,0,-1.73,-4.4,-16.37,-34.13,-42.38,-1.73,-7.18,-17.93,-31.52,-42.99,-25.05,5.79,5.79,5.79,5.79,5.79,4.78,3.35,21.86,0,22.93,-1.26,-1.9,-20.47,-12.89,-38.99,0.943505,36,0.43,-7.18,-0.46,-23.48,,,-1.26,-0.68,-18.94,4.85,-25.61,0.975282,29
26-11-2025,NSE:DOLPHIN,EQ,1540.78,353.9,21618,76.5061,6.25,6.48,4.83,2L,0.44,-2.47,-8.79,-16.49,-6.6,-10.43,-24.31,-12.56,30.57,-45.93,8.76,-1,HV2Q,-1,2,-1,-1,-1,-1,-1,-1,-1,-3.66,-2.39,-5.91,-2.45,-8.16,3.2,-5.13,0,0,0,0,0,0,-20.67,-20.67,-25.37,-39.99,-60.83,-20.67,-14.62,-7.22,-42.83,-72.81,-42.84,0.44,0.63,72.3,72.3,0.44,0.86,114.19,93.94,0,75.22,-7.08,-28.08,-17.31,16.61,-54.84,0.943361,36,-6.2,-14.62,87.09,-42.63,,,-7.08,-19.93,8.44,28.66,-104.33,0.98778,46
26-11-2025,NSE:TIINDIA,EQ,59906.95,2880.7,260798,7512.80799,2.49,2.47,5.37,,0.03,-5.3,-5.37,-3.88,-8.79,-13.74,-6.22,-5.68,9.4,-23.01,-23.6,-1,-1,-1,-1,EEP,-1,-1,-1,-1,-1,-1,-2.47,-1.69,-4.1,-3.89,-7.69,5.6,-2.22,0,0,20.63,0,0,14.29,-8.28,-15.38,-15.38,-24.02,-38.92,-8.28,-7.95,-3.77,-35.46,-44.67,-24.87,0.03,2.57,17,17,0.03,11.59,24.28,23.64,1.14,3.29,-9.27,-9.99,-10.43,-4.56,-31.92,0.943314,36,-7.83,8.47,14.26,-26.43,,,-9.27,-0.96,-0.5,4.61,-29.91,0.977435,32
26-11-2025,NSE:WABAG,EQ,8783.27,1409.5,166804,2351.10238,2.24,2.25,4.89,,1.00,0.42,1.2,0.65,0.56,-8.06,-12.06,-11.78,7.87,-20.8,50.03,-1,-1,-1,-1,EEP,-1,-1,-1,-1,-1,-1,0.38,-0.17,0.21,-1.86,-1.61,-1.73,-3.29,0,0,0,0,0,0,-0.52,-10.05,-14.51,-26.05,-26.05,-0.52,-13.7,-4.2,-17.34,-31.86,-9,3.91,3.91,16.14,106.43,3.91,0.37,24.55,29.82,97.04,158.36,0.08,-15.83,-16.53,-6.09,-29.71,0.942984,36,0.43,-13.7,17.3,17.69,,,0.08,-16,-0.77,7.92,-25.25,0.976974,31
26-11-2025,NSE:PARTH,ST,318.46,244.05,30608,74.69882,4.78,5,4.82,,0.85,-0.82,-3.11,-6.04,-8.87,7.97,-16,NA,NA,NA,NA,-1,-1,-1,-1,-1,-1,-1,-1,-1,-1,-1,-0.16,-1.46,-1.59,-0.26,-1.85,,,0,0,20.63,0,0,4.76,-10.44,-14.34,NA,NA,NA,-10.44,-6.74,NA,NA,NA,NA,8.66,NA,NA,NA,5.08,56.29,NA,NA,NA,NA,-9.35,-19.77,0,0,0,0.942968,35,-10.44,,,,,,-9.35,-9.86,98.98,-9.66,5.87,0.971461,25
26-11-2025,NSE:AARON,EQ,396.94,184.07,26932,49.57373,4.9,4.76,15.88,M,-1.38,-1.39,-7.75,-7.9,-13.68,-3.93,-29.76,-15.06,14.96,13.85,28.21,-1,-1,-1,-1,2,HVQ,-1,-1,-1,-1,-1,-3.42,-1.31,-4.66,0.16,-4.52,1.19,-3.37,0,0,1.59,0,0,0,-15.77,-15.77,-22.93,-22.93,-22.93,-15.77,-12.39,0,0,-20.53,0,3.36,5.36,17.6,45.68,0,17.5,47.26,67.6,23.88,25.5,-14.16,-33.53,-19.81,1,4.94,0.942694,35,-15.77,-8.4,44.25,56.8,,,-14.16,-17.46,10.31,16.44,4.56,0.999592,62
26-11-2025,NSE:IRCON,EQ,15817.59,161.81,3023173,4891.79623,2.4,2.45,7.13,,0.61,-2.76,-2.87,-3.92,-5.21,-8.1,-4.59,-16.84,6.62,-14.8,-33.98,-1,-1,HVQ,EEP,-1,EEP,-1,-1,-1,-1,-1,-0.97,-1.26,-2.21,-3.63,-5.63,-1.24,-6.79,0,0,0,0,0,0,-6.04,-13.48,-26.6,-31.48,-51.96,-6.04,-8.97,-23.23,-28.82,-55.14,-44.85,0.97,0.97,17.11,17.11,0.97,6.19,22.49,36.83,0,0.78,-5.69,-8.36,-21.59,-7.34,-23.71,0.942649,35,-4.08,-6.07,5.01,-28.79,,,-5.69,-2.72,-12.73,10.42,-17.07,0.982571,39
26-11-2025,NSE:GREENPOWER,EQ,1563.65,13,3045143,395.86859,3.48,3.47,4.52,M,1.09,-2.62,-4.62,-7.46,-3.62,-5.85,-9.77,0.38,5.77,-31.62,-44.53,-1,-1,-1,-1,HVQ,HVQ,-1,-1,-1,-1,-1,-1.26,-1.11,-2.35,-0.86,-3.18,0.24,-2.94,0,0,0,0,0,0,-9.34,-9.34,-15.36,-30.96,-43.72,-9.34,-7.93,-7.1,-41.4,-46.97,-25.93,2.69,2.69,16.8,16.8,1.09,6.4,28.21,16.35,0,0.2,-4.1,-13.54,-4.37,-8.19,-40.53,0.9426,35,-3.35,-3.92,10.53,-41.35,,,-4.1,-9.25,8.23,-4.25,-33.8,0.970585,24
26-11-2025,NSE:ATUL,EQ,17709.22,5939,36788,2184.83932,1.91,1.94,8.31,,-0.54,-3.38,1.3,0.73,1,-5.47,-9.56,-18.4,9.16,-21.94,-0.92,-1,-1,-1,-1,EEP,-1,-1,-1,-1,-1,-1,-0.41,0.24,-0.16,-1.17,-1.31,-5.64,-6.58,0,0,0,0,0,0,-3.37,-9.26,-22.83,-22.83,-26.1,-3.37,-12.7,-15.46,-12.48,-32.87,-9.89,4.36,4.36,14.95,14.95,4.36,1.96,25.93,36.1,0,32.26,0.52,-13.33,-23.15,-4.8,-30.85,0.942503,35,0.42,-11.81,16.93,-11.13,,,0.52,-13.97,-9.1,13.62,-28.37,0.979346,35
26-11-2025,NSE:GNA,EQ,1359.19,307.45,26733,82.19061,2.63,2.69,9.71,2M,0.33,-1.79,-1.89,-4.08,-1.63,-4.94,-1.33,-9.37,-0.63,-27.66,-28.72,-1,-1,-1,-1,EEP,-1,-1,-1,-1,-1,-1,-0.76,-0.59,-1.34,-0.43,-1.76,-1.99,-3.68,0,0,0,0,0,0,-4.46,-6.35,-10.14,-30.72,-34.55,-4.46,-4.83,-16.73,-28.42,-34.14,-16.44,2.76,3.14,8.35,8.35,1.74,4.81,9.8,18.5,0,5.95,-2.11,-5.1,-14.12,-14.59,-36.57,0.942469,35,-0.95,-0.24,-2.29,-20.76,,,-2.11,-3.02,-8.95,-1.67,-20.99,0.97296,27
26-11-2025,NSE:PETRONET,EQ,41400,275.1,2198273,6047.44902,1.82,1.89,7.32,M,1.08,0.31,-1.94,-1.96,-1.82,1.51,0.55,-15.18,-4.76,-16.99,3.91,-1,-1,-1,-1,-1,-1,-1,-1,-1,-1,-1,0.13,-0.55,-0.42,-0.62,-1.03,-5.11,-5.84,0,0,0,0,0,0,-3.49,-4.33,-12.39,-20.86,-27.83,-3.49,-7.17,-14.97,-16.88,-24.4,-15.57,3.07,3.07,3.07,6.36,1.36,4.95,0.63,14.86,11.42,24.43,-2.3,-3.22,-19.93,-18.72,-25.9,0.942465,35,-0.99,-7.17,-8.3,-16.88,,,-2.3,-0.99,-16.83,-0.62,-5.81,0.978899,34
26-11-2025,NSE:UCOBANK,EQ,39261.36,31.11,12186916,3791.34957,2.91,2.89,3.43,M,1.53,-2.38,-0.06,-5.08,-3.89,1.96,7.33,0.35,-20.22,-33.43,-68.43,-1,-1,-1,-1,-1,HV2Y,-1,-1,-1,-1,-1,-0.06,-0.76,-0.81,0.25,-0.56,-2.65,-3.13,0,28.57,9.52,0,9.52,3.17,-7.36,-7.36,-9.22,-38.26,-49.66,-7.36,0,-26.75,-40.95,-39.48,-32.83,10.36,11.11,11.11,11.11,1.53,15.43,2.96,10.48,0,0.58,-4.37,3.56,-4.4,-34.18,-42.34,0.942422,35,-5.07,6.46,-25.27,-40.95,,,-4.37,7.49,-8.55,-30.31,-5.12,0.971259,25
26-11-2025,NSE:PREMIERENE,EQ,45707.13,981.4,1126540,11055.86356,3,2.99,10.8,2M,1.45,-1.29,-8.38,-6.15,-12.08,-6.45,-2.29,-5.69,0.18,-10.6,NA,-1,-1,-1,-1,-1,-1,-1,-1,-1,-1,-1,-1.59,-1.88,-3.4,-2.25,-5.52,2.72,-2.88,0,0,0,0,0,0,-10.77,-10.78,-12.05,-28.55,NA,-10.77,0,-10.84,-24.48,-28.67,NA,1.45,1.45,16.4,NA,1.45,11.69,19.07,23.49,16.64,NA,-12.56,-6.06,-10.44,-13.78,-19.51,0.942394,35,-10.04,1,0.4,,,,-12.56,5.43,-4.34,-4.11,-4.93,0.982715,39
26-11-2025,NSE:GHCL,EQ,5716.77,567.8,178123,1011.38239,2.57,2.76,4.74,L,-0.50,-5.72,-9.99,-8.59,-11.65,-5.34,-0.18,-11.63,-8.63,1.66,20.74,-1,-1,-1,-1,-1,EEP,-1,-1,-1,-1,-1,-3.96,-2.11,-5.95,-1.32,-7.17,0.61,-6.6,0,19.05,12.7,0,9.52,9.52,-12.38,-13.52,-13.52,-25.14,-25.14,-12.38,-3.44,-13.54,-16.43,-18.68,-21.58,4.49,4.49,4.49,29.52,0,16.66,3.82,16.67,40.69,27.36,-12.13,-3.95,-16.38,-22.59,-7.25,0.942342,35,-10.95,4.79,-7.24,-8.84,,,-12.13,6.96,-12.45,-6.97,15.35,0.991666,52
26-11-2025,NSE:MAHEPC,EQ,373.73,128.95,45596,58.79604,3.36,3.37,8.89,2L,1.50,-1.47,-3.92,-8.44,-7.36,-17.02,-31.55,-9.79,6.69,13.77,8.34,-1,-1,-1,HV2Y,-1,HV2Y,-1,-1,-1,-1,-1,-1.23,-2.61,-3.74,-6.36,-9.5,1.65,-7.98,0,0,12.7,0,0,0,-10.52,-25.96,-29.03,-29.03,-29.03,-10.52,-23.81,-6.64,-6.89,-31.17,-36.38,1.5,1.5,26.52,26.52,1.5,2.5,55.85,38.91,18.05,2.59,-7.84,-35.32,-14.54,-7.27,4.86,0.942307,35,-5.65,-5.01,37.93,7.69,,,-7.84,-25.85,15.52,5.36,13.45,0.99645,59
26-11-2025,NSE:LTTS,EQ,43543.67,4275.9,90466,3868.23569,2.21,2.24,7.7,,0.31,-3.84,2.22,4.34,1.91,2.17,-2.36,-3.98,-15.29,-20.81,-26.74,HV2Q,HV2Q,-1,-1,-1,EEP,-1,-1,-1,-1,-1,0.73,0.85,1.6,0.4,2,-4.46,-2.36,0,0,0,0,0,0,-3.7,-3.7,-6.74,-23.85,-26.64,-3.7,-4.51,-14.57,-23.48,-15.43,-11.38,7.24,7.24,7.24,7.24,4.94,5.2,7.18,8.87,13.09,18.51,1.43,-6.13,-8.73,-29.25,-29.72,0.942103,35,3.42,-0.63,-10.17,-18.99,,,1.43,-7.66,-2.6,-20.54,1.08,0.973157,27
26-11-2025,NSE:SMCGLOBAL,EQ,677.41,60.04,223648,134.27826,3.95,3.97,5.58,,3.37,-2.56,-15.68,-11.84,-12.77,-17.58,-11.81,0.73,10.4,-18.64,1.02,-1,-1,-1,HV2Q,-1,-1,-1,-1,-1,-1,-1,-1.97,-3.96,-5.7,-5.95,-11,4.67,-6.64,0,0,0,0,0,0,-13.56,-16.16,-23.76,-23.76,-32,-13.56,-8.48,-14.76,-27.63,-39.08,-19.33,3.73,5.7,15.2,15.2,3.73,4.34,28.8,14.35,0,27.08,-13.25,-15.58,-4.02,-3.56,-27.55,0.942091,35,-11.73,-7.84,23.28,-19.15,,,-13.25,-2.46,10.2,0.08,-26.54,0.978312,34
26-11-2025,NSE:EXIDEIND,EQ,32504,365.15,1884507,6881.27731,1.56,1.56,4.7,L,0.91,-4.31,-4.18,-3.98,-4.05,-9.43,-9.61,-5.49,1.26,-13.75,16.39,-1,-1,-1,-1,-1,-1,-1,-1,-1,-1,-1,-2.01,-1.48,-3.44,-3.3,-6.53,2.23,-4.39,0,0,22.22,0,0,14.29,-5.06,-14.55,-14.55,-21.99,-37.01,-5.06,-11.09,-1.31,-27.39,-37.8,-28.34,0.91,0.91,9.65,23.17,0.91,1.47,20.2,15.68,21.62,40.11,-4.53,-13.38,-10.24,-12.7,-22.66,0.94209,35,-4.08,-0.17,9.94,-24.82,,,-4.53,-8.65,2.74,-3.26,-9.33,0.977559,32
26-11-2025,NSE:TINNARUBR,EQ,1559.17,840.4,50306,422.77162,3.3,3.32,13.21,S,2.56,-0.04,-9.5,-13.13,-16.08,-16.71,1.96,-18.71,NA,NA,NA,-1,-1,HV2Y,HV2Y,-1,-1,-1,-1,-1,-1,-1,-1.18,-3.82,-4.82,-5.49,-9.77,,,0,0,12.7,0,0,1.59,-13.83,-20.11,-20.11,NA,NA,-13.83,-7.27,-22.41,NA,NA,NA,4.83,4.83,NA,NA,2.96,21.69,1.26,NA,NA,NA,-16.56,-1.81,-23.46,0,0,0.941831,35,-13.8,5.45,,,,,-16.56,12.23,-22.11,90.34,5.87,0.979688,35
26-11-2025,NSE:BLUESTONE,EQ,8628.29,558.5,1344322,7508.03837,4.05,3.94,6.5,S,0.28,-2.14,-5.93,-27.48,-32.18,-5.49,1.41,NA,NA,NA,NA,-1,-1,-1,-1,-1,-1,-1,-1,-1,-1,-1,-2.67,-4.92,-7.24,-6.14,-12.6,,,0,14.29,46.03,0,0,9.52,-21.55,-26.63,NA,NA,NA,-21.55,-3.02,NA,NA,NA,NA,6.87,NA,NA,NA,1.15,41.26,NA,NA,NA,NA,-32.66,-2.36,0,0,0,0.94178,35,-19.08,,,,,,-32.66,22.1,98.98,-9.66,5.87,1.001154,64
26-11-2025,NSE:TIIL,EQ,5577.51,2462,10682,262.99084,3.58,3.53,9.69,S,2.53,2.02,-1.98,1.6,-0.92,1.71,-6.67,-18.66,-5.89,-1.5,35.04,-1,-1,-1,EEP,-1,-1,-1,-1,-1,-1,-1,1.39,0.11,1.51,1.27,2.81,-11.71,-7.96,0,0,0,0,0,0,-2.31,-2.73,-26.26,-26.26,-36.73,-2.31,-25.18,-21.34,-24.93,-33.01,-35.79,12.85,12.85,12.85,54.93,4.83,13.88,18.77,32.12,64.4,57.59,-1.4,-10.44,-23.41,-19.85,-10.41,0.941738,35,1.55,-25.18,-0.94,-22.96,,,-1.4,-9.01,-12.26,1.1,10.02,0.986242,44
26-11-2025,NSE:RANEHOLDIN,EQ,2141.67,1423.8,17237,245.42041,3.05,2.99,6.77,L,2.28,-2.06,-10.21,-9.95,-8.06,-17.8,-6,-5.75,7.75,-24.9,23.96,-1,-1,-1,-1,-1,-1,-1,-1,-1,-1,-1,-1.66,-2.5,-4.06,-3.67,-7.45,5.05,-2.53,0,0,6.35,0,0,1.59,-9.27,-15.83,-15.83,-24.43,-41.79,-9.27,-9.05,-6.75,-38.44,-46.3,-27.3,3.72,3.72,22.12,34.91,3.72,6.49,29.45,29.14,24.45,68.51,-8.54,-9.77,-10.5,-6.21,-33.81,0.941686,35,-7.18,-1.81,14.13,-21.99,,,-8.54,-1.41,-0.79,3.11,-29.53,0.975795,30
26-11-2025,NSE:EVEREADY,EQ,2522.25,338.65,193678,655.89055,3.41,3.36,4.23,2L,3.36,-0.3,-1.52,-9.95,-13.44,-19.95,-29.78,7.49,14.07,-9.83,3.31,-1,-1,HVY,EEP,-1,-1,-1,-1,-1,-1,-1,0.52,-3.39,-2.78,-7.6,-9.64,5.9,-3.98,0,0,19.05,0,0,6.35,-12.63,-27.65,-27.65,-27.65,-29.7,-12.63,-17.93,-0.75,-34.96,-39.59,-22.78,6.73,10.89,22.88,22.88,6.73,8.15,59.47,13.68,0,22.76,-13.92,-33.55,2.74,0.11,-18.74,0.941642,35,-11.31,-10.26,49.64,-34.95,,,-13.92,-17.72,27.69,-2.54,-21.95,0.984269,41
26-11-2025,NSE:OLECTRA,EQ,11546.3,1283.5,423661,5437.68894,3.16,3.1,4.79,L,1.14,-8.1,-11.19,-18.34,-11.24,-28.16,-24.71,1.99,14.02,-11.12,-36.25,-1,-1,-1,EEP,-1,EEP,-1,-1,-1,-1,-1,-4.53,-3.89,-8.1,-7.01,-14.12,11.34,-3.14,0,0,33.33,0,0,23.81,-17.11,-23.19,-23.19,-23.19,-33.33,-17.11,-14.55,0,-28.21,-44.17,-27.85,1.14,11.9,26.29,26.29,1.14,1.59,57.49,23.77,0,0.61,-11.72,-28.48,-2.76,0.06,-20.03,0.94158,35,-14.16,-3.59,36.12,-22,,,-11.72,-15.41,20.39,2.61,-23.37,0.982189,38
26-11-2025,NSE:PANAMAPET,EQ,1766.41,294.95,121840,359.36708,3.49,3.5,4.49,,-0.37,-1.53,-3.25,7.37,8.12,1.76,-13.49,-23.99,-5.58,-4.93,-10.17,-1,EEP,-1,-1,-1,-1,-1,-1,-1,-1,-1,-0.2,1.71,1.53,2.13,3.74,-19.08,-12.88,0,0,0,0,0,0,-3.55,-10.84,-20.31,-27.57,-32.96,-3.55,-24.68,-15.99,-13.07,-29.22,-29.65,10.41,10.41,10.41,10.41,10.41,0.86,0.19,18.16,2.27,1.64,7.64,-17.26,-28.74,-19.54,-13.84,0.941549,34,9.32,-21.38,-3.31,-12.21,,,7.64,-26.83,-10.27,5.19,6.48,0.984738,42
26-11-2025,NSE:DLINKINDIA,EQ,1601.09,435.25,78824,343.08146,2.78,2.81,10.77,2L,2.92,-2.14,-7.88,-2.4,-4.56,-10.75,-8.36,-11.77,8.78,-21.11,35.61,-1,-1,-1,HV2Q,HV2Q,-1,-1,-1,-1,-1,-1,-1.04,-1.68,-2.68,-3.98,-6.41,-2.02,-8.26,0,0,0,0,0,0,-7.3,-14.59,-25.39,-30.49,-37.93,-7.3,-13.16,-19.15,-30.62,-43.38,-24.83,2.92,2.92,18.79,60.25,2.92,0.1,28.73,32.78,54.04,104.52,-5.04,-12.13,-16.52,-5.18,-30.02,0.941469,34,-3.83,-9.12,14.08,-16.34,,,-5.04,-6.95,-4.17,8.73,-26.9,0.977951,33
26-11-2025,NSE:BALMLAWRIE,EQ,3352.53,186.98,202446,378.53353,1.94,1.95,4.04,L,0.96,-3.33,-3.57,-7.73,-6.5,-13.32,-19.03,-13.85,17.32,-13.78,-17.23,-1,-1,-1,-1,-1,-1,-1,-1,-1,-1,-1,-1.77,-1.92,-3.62,-4.47,-7.74,0.24,-7.52,0,0,22.22,0,0,14.29,-7.98,-20.67,-20.67,-22.75,-40.4,-7.98,-15.52,-1.92,-25.96,-50.72,-32.18,0.96,0.96,25.41,25.41,0.96,0.11,49.29,42.78,0,3.1,-6.98,-22.8,-18.6,3.36,-22.69,0.941432,34,-6.3,-7.77,44.84,-22.73,,,-6.98,-15.08,3.34,17.71,-31.74,0.98486,42
26-11-2025,NSE:ALOKINDS,EQ,8604.76,16.87,4218031,711.58183,1.78,1.78,4.47,2L,1.63,-2.31,-1.96,-3.73,-3.38,-6.7,-6.99,-11.14,4.33,-18.97,-62.42,-1,-1,-1,HV2Y,HV2Q,HVQ,-1,-1,-1,-1,-1,-0.66,-0.98,-1.62,-2.26,-3.8,-2.62,-6.26,0,0,0,0,0,0,-4.09,-10.84,-23.77,-29.56,-42.85,-4.09,-12.58,-18.44,-35.72,-47.08,-34.2,1.63,1.63,13.37,13.37,1.63,1.99,21.3,26.01,0,0,-3.86,-10.76,-15.89,-9.63,-27.88,0.941413,34,-3.21,-12.58,7.19,-35.72,,,-3.86,-6.81,-4.9,4.26,-18.48,0.977154,32
26-11-2025,NSE:MEDIASSIST,EQ,3278.15,497.9,201301,1002.27768,3.38,3.54,6.35,2L,3.34,6.38,6.26,-11.8,-9.29,-8.64,-11.41,-3.08,5.84,-12.78,8.25,-1,-1,-1,-1,-1,-1,-1,-1,-1,-1,-1,3.96,-2.7,1.22,-5.97,-4.48,3.59,-0.92,0,0,1.59,0,0,0,-12.83,-12.83,-14.82,-19.8,-28.14,-12.83,-3.27,-5.11,-25.93,-32.34,-18.96,10.19,10.19,18.32,18.32,10.19,7.58,31.82,21.97,4.31,24.94,-9.77,-15.18,-7.83,-8.12,-21.69,0.941336,34,-9.37,2.63,14.3,-9.32,,,-9.77,-5.25,6.45,-1,-13.91,0.979217,35
26-11-2025,NSE:SARLAPOLY,EQ,756.54,87.56,92226,80.75309,2.78,2.73,4.64,3L,-0.88,-1.94,-2.99,-5.25,-6.97,-13.02,-20.28,-27.65,17.65,0.32,37.7,-1,-1,-1,-1,HVQ,HVQ,-1,-1,-1,-1,-1,-1.41,-1.55,-2.91,-4.37,-6.98,-4.39,-10.89,0,0,0,0,0,0,-7.5,-17.28,-28.7,-31.5,-31.5,-7.5,-21.49,-14.23,-12.56,-43.59,-23.13,0,0,24.64,73.04,0,4.74,49.92,59.1,42.51,72.49,-7.45,-24.05,-32.4,3.69,-8.59,0.941264,34,-7.5,-18.09,43.45,15.04,,,-7.45,-15.76,-7.14,25.82,-15.17,0.997107,60
26-11-2025,NSE:BIRLAMONEY,EQ,880.98,155.26,73574,114.23099,2.55,2.53,9.66,2L,0.56,-1.61,-1.47,-3.19,-6.14,-12.17,-16.8,-11.4,6.72,-2.03,35.43,-1,-1,HV2Q,HVQ,-1,HVQ,-1,-1,-1,-1,-1,-0.76,-1.38,-2.12,-4.65,-6.47,-1.6,-7.94,0,0,0,0,0,0,-5.13,-19.26,-25.27,-47.33,-47.33,-5.13,-14.31,-12.71,-41.32,-50.87,-13.58,0.6,0.6,13.25,67.13,0.6,5,32.28,27.21,56.48,71.16,-6.62,-20.57,-16.15,-7.24,-10.94,0.94111,34,-5.13,-2.5,19.26,8.37,,,-6.62,-13.35,3.6,6.61,-3.51,0.985347,43
26-11-2025,NSE:ABSLAMC,EQ,21622.79,730.85,288323,2107.20865,2.45,2.52,6.25,3L,0.71,-1.13,-0.85,-6.75,-11.99,-11.12,-19.66,1.06,12.21,-13.16,34.48,-1,-1,-1,-1,-1,-1,-1,-1,-1,-1,-1,-0.83,-2.47,-3.22,-5.29,-8.08,5.28,-2.96,0,0,0,0,0,0,-9.76,-16,-18.56,-18.56,-18.56,-9.76,-8.63,-2.55,-18.16,-27.38,0,1.94,1.94,23.62,61.87,1.94,5.32,47.93,22.31,42.1,83.18,-12.47,-23.43,-3.69,-1.75,-22.07,0.940921,34,-9.76,-3.94,33.76,-3.45,,,-12.47,-10.16,16.3,1.61,-23.03,0.980457,36
26-11-2025,NSE:LINDEINDIA,EQ,48936.09,5908,32177,1901.01716,2.42,2.39,13.11,,0.31,-2.85,1.81,-1.33,-3,-7.85,-6.55,-27.28,6.18,-7.81,-9.02,HVQ,HVQ,-1,-1,-1,EEP,-1,-1,-1,-1,-1,-0.02,-0.52,-0.54,-2.85,-3.29,-4.83,-7.75,0,0,0,0,0,0,-3.55,-9.52,-22.15,-22.15,-39.04,-3.55,-8.05,-17.05,-13.39,-42.8,-34.28,3.73,3.73,6.58,6.58,3.73,0,8.64,35.65,1.9,17.09,-3.48,-10.32,-32.03,-7.78,-16.72,0.94072,34,-2.59,-5.86,7.43,3.02,,,-3.48,-6.76,-20.47,16.62,-9.03,0.988555,47
26-11-2025,NSE:GSFC,EQ,7842.04,184.98,928273,1717.1194,2.05,2.24,3.26,,0.70,-4.09,-6.17,-3.52,-3.55,-9.28,-12.67,-10.54,-1.1,-2.92,-12.8,EEP,EEP,-1,EEP,-1,EEP,-1,-1,-1,-1,-1,-1.65,-1.01,-2.63,-2.41,-4.92,-0.76,-5.64,0,0,6.35,0,0,4.76,-5.91,-15.03,-15.03,-17.47,-29.57,-5.91,-12.02,-3.03,-14.59,-28.8,-27.51,0.87,0.87,10.62,10.62,0.87,1.45,24.64,22.28,0.26,0.55,-4.03,-16.44,-15.29,-15.06,-11.83,0.940706,34,-4.25,-4.73,10.06,-13.7,,,-4.03,-12.12,0.88,-1.12,4.06,0.983322,40
26-11-2025,NSE:UTTAMSUGAR,EQ,893.27,237.14,36736,87.11575,2.62,2.7,7.23,3L,2.61,1.17,-0.97,-3.21,-5.5,-7.83,-12.36,-29.44,18.71,-15.12,-43.27,-1,-1,-1,-1,HVQ,-1,-1,-1,-1,-1,-1,1.27,-1.85,-0.57,-4.56,-4.9,-4.94,-9.38,0,0,0,0,0,0,-6.69,-14.1,-25.43,-27.45,-39.34,-6.69,-9.37,-18.48,-21.49,-50.69,-30.17,3.85,3.85,33.48,33.48,3.85,4.33,49.98,72.77,0.44,0,-5.98,-16.13,-34.19,4.75,-24.03,0.940587,34,-5.21,-6.98,33.27,-10.64,,,-5.98,-9.81,-16.22,27.53,-35.74,0.993179,54
26-11-2025,NSE:REMSONSIND,EQ,460.4,121.4,374763,454.96228,4.6,4.52,9.8,2L,0.20,-6.43,-15.09,-21.23,-6.79,-7.21,-0.16,-16.71,6.04,-24.72,-45.82,-1,HVQ,-1,-1,HV2Y,-1,-1,-1,-1,-1,-1,-4.05,-2.57,-6.46,-0.16,-6.61,1.51,-5.17,0,19.05,6.35,0,0,0,-19.2,-19.2,-19.2,-30.04,-46.15,-19.2,-2.99,-18.77,-37.16,-49.41,-32.84,3.8,4.8,11.64,11.64,0.81,11.91,10.41,30.29,4.9,0,-7.27,-3.93,-21.46,-7.92,-33.63,0.940563,34,-13.95,-1.81,-1.86,-21.18,,,-7.27,2.9,-17.54,9.83,-26.86,0.979843,36
26-11-2025,NSE:GPTHEALTH,EQ,1211.13,142.21,129149,183.66279,2.3,2.31,10.74,L,0.14,-2.17,-0.13,-4.49,-5.57,-4.28,-8.78,-7.49,4.31,-17.38,-4.07,-1,-1,-1,HV2Q,HVQ,-1,-1,-1,-1,-1,-1,-0.9,-1.03,-1.91,-1.88,-3.72,-3.34,-6.82,0,0,0,0,0,0,-5.9,-9,-22.36,-24.38,-27.67,-5.9,-18.03,-15.54,-21.4,-30.79,-15.1,0.84,0.84,11.98,11.98,0.84,2.5,21.8,20.36,2.82,26.13,-6.05,-12.55,-12.24,-9.65,-26.29,0.940532,34,-5.9,-6.79,11.07,-21.01,,,-6.05,-6.35,0.16,1.32,-16.8,0.976966,31
26-11-2025,NSE:GEMAROMA,EQ,961.16,171.8,343799,590.64668,4.51,4.46,3.55,S,0.49,-3.71,-19.37,-27.78,-31.73,-50.64,NA,NA,NA,NA,NA,-1,-1,-1,-1,-1,-1,-1,-1,-1,-1,-1,-5.01,-8.07,-12.1,-16.48,-24.54,,,0,0,0,0,0,0,-26.63,NA,NA,NA,NA,-26.63,NA,NA,NA,NA,NA,NA,NA,NA,NA,1.52,NA,NA,NA,NA,NA,-32.21,0,0,0,0,0.940369,34,-26.63,,,,,,-32.21,96.69,-1.02,-9.66,5.87,0.959354,12
26-11-2025,NSE:THOMASCOOK,EQ,7241.51,150.3,866414,1302.22024,3.21,3.19,16.17,L,-0.49,-4.24,-2.22,-7.68,-10.09,-11.05,-17.51,-5.79,20.58,-31.41,0.77,-1,-1,-1,HV2Y,EEP,-1,-1,-1,-1,-1,-1,-2.71,-1.28,-3.94,-2.7,-6.47,3.63,-2.95,0,0,15.87,0,0,0,-8.82,-16.05,-19.29,-31.54,-42.61,-8.82,-7.58,-5.16,-31.92,-54.42,-24.59,0.87,0.87,25.91,25.91,0.87,10.03,47.82,33.2,0,38.36,-10.57,-21.28,-10.54,6.62,-40.32,0.940348,34,-7.46,-2.93,47.82,-27.74,,,-10.57,-10.05,8.96,15.26,-59.59,0.97897,35
26-11-2025,NSE:TIRUPATIFL,EQ,427,37.42,382193,143.01662,5.66,5.56,8.31,2L,2.63,8.98,4.04,-2.99,-11.2,1.58,-6.44,0.99,9.33,-36.21,58.04,-1,-1,HV2Q,HVQ,-1,-1,-1,-1,-1,-1,-1,5.91,-2.57,3.26,-5.22,-1.86,0.26,-1.6,0,0,0,0,0,0,-8.75,-17.25,-21.65,-48.66,-48.66,-8.75,-7.98,-16.6,-49.16,-53.44,-7.81,13.81,13.81,28.15,158.96,13.81,17.11,36.4,41.57,134.81,252.73,-11.68,-10.21,-3.76,-4.63,-45.12,0.940266,34,-6.75,4.52,11.82,41.57,,,-11.68,0.97,5.96,-1.24,-44.35,0.971862,25
26-11-2025,NSE:FLUOROCHEM,EQ,39343.88,3445.3,156817,5402.8161,2.83,2.87,11.11,2L,1.42,-1.95,-7.38,-6.81,-4.75,-10.1,-0.03,-15.76,-6.48,-11.19,7.02,-1,-1,HV2Q,-1,-1,-1,-1,-1,-1,-1,-1,-1.32,-1.73,-3,-3.07,-5.88,-0.38,-6.24,0,0,12.7,0,0,0,-7.97,-11.4,-11.4,-23.17,-28.41,-7.97,-7.2,-14.54,-17.13,-23.77,-20.4,2.73,2.73,2.84,23.82,1.47,7.61,2.17,25.99,31.85,37.68,-5.23,-3.8,-20.51,-20.44,-20.1,0.939997,34,-4.13,2.85,-5.84,24.92,,,-5.23,1.19,-16.74,-1.64,1.45,0.982002,38
26-11-2025,NSE:CENTENKA,EQ,994.2,459.85,13241,60.88874,2.32,2.3,9.74,M,0.74,2.25,1.48,-1.09,0.14,-5.78,-9.64,-2.75,1.26,-32.63,13.41,-1,-1,-1,-1,-1,-1,-1,-1,-1,-1,-1,0.72,-0.54,0.18,-2.79,-2.54,-4.91,-7.1,0,0,0,0,0,0,-1.79,-10.8,-13.17,-37.46,-44.02,-1.79,-11.86,-15.56,-41.52,-44.72,-25.75,3.14,3.14,9.14,14.48,3.14,0.01,19.66,12.14,19.25,60.18,-0.34,-13.41,-7.5,-12.7,-41.54,0.939994,34,0.08,-10.5,3.71,-41.52,,,-0.34,-13.11,5.27,-5.76,-28.45,0.968642,22
26-11-2025,NSE:GUJGASLTD,EQ,28213.67,400.75,302492,1212.23669,1.69,1.7,4.16,S,0.48,-0.44,-1.82,-1.61,-2.96,-8.35,-7.75,-14.76,2,-13.19,-35.53,-1,-1,-1,-1,-1,-1,-1,-1,-1,-1,-1,-0.42,-0.92,-1.32,-2.99,-4.19,-3.9,-7.79,0,0,0,0,0,0,-2.65,-9.51,-19.75,-22.88,-41.07,-2.65,-10.36,-13.54,-32.37,-42.24,-33.29,0.5,0.5,8.25,8.25,0.5,0,16.64,24.23,0.33,0.52,-3.44,-11.52,-19.51,-11.96,-22.1,0.939709,34,-1.24,-10.36,9.27,-22.76,,,-3.44,-7.96,-7.53,4.94,-9.62,0.979644,35
26-11-2025,NSE:KIRLOSIND,EQ,3884.97,3525.9,5729,201.99881,3.17,3.12,5.74,L,0.31,-5.89,-2.94,-6.66,-11.07,-17.77,-7.66,-0.01,8.32,-30.46,-14.03,-1,-1,-1,-1,HV2Y,-1,-1,-1,-1,-1,-1,-2.35,-2.02,-4.28,-4.89,-8.74,3.86,-5.07,0,0,0,0,0,0,-9.57,-16.57,-22.89,-27.54,-45.52,-9.57,-9.13,-16.99,-40.9,-50.05,-28.92,0.46,0.84,23.11,23.11,0.46,6.22,32.54,23.13,0,19.94,-11.55,-11.43,-4.76,-5.64,-39.37,0.939561,34,-9.57,-7.63,9.48,-40.9,,,-11.55,-0.24,6.08,-1.33,-36.43,0.973159,27
26-11-2025,NSE:ALEMBICLTD,EQ,2624.31,99.02,266261,263.65164,2.1,2.16,3.82,2L,1.28,-0.66,-0.75,-3.34,-1.27,-5.22,-6.14,-13,2.93,-24.48,16.83,-1,-1,-1,-1,HVQ,HVQ,-1,-1,-1,-1,-1,-0.13,-0.61,-0.73,-1.44,-2.14,-4.28,-6.16,0,0,0,0,0,0,-3.23,-8.2,-19.52,-33.97,-39.68,-3.23,-12.81,-14.57,-31.85,-41.45,-24.92,1.48,1.48,11.28,23.24,1.28,2.77,18.12,25.75,20.75,54.85,-1.75,-9.91,-17.75,-11.03,-33.39,0.939528,33,0.19,-12.81,4.49,-31.74,,,-1.75,-8.12,-7.48,4.43,-22.37,0.974524,28
26-11-2025,NSE:MMFL,EQ,1478.87,324.15,44506,144.2662,3.03,2.99,8.98,,1.08,4.29,6.52,4.72,5.01,0.52,1.59,-9.36,-11.82,-44.44,-35.99,-1,-1,-1,-1,-1,-1,-1,-1,-1,-1,-1,3.34,1,4.38,-0.22,4.16,-9.81,-5.15,0,0,0,0,0,0,0,-3.53,-16.63,-42.74,-53.32,0,-14.58,-17.95,-41.6,-47.81,-32.58,8.74,8.74,8.74,8.74,8.74,3.24,6.96,10.9,0.37,8.69,4.53,-2.18,-14.11,-25.78,-53.35,0.939313,33,5.84,-14.58,-13.69,-40.8,,,4.53,-6.92,-12.15,-11.9,-23.31,0.964037,16
26-11-2025,NSE:COOLCAPS,SM,952.54,74.5,227998,169.85851,4.53,4.45,5.03,2L,-2.04,-7.99,-11.01,-1.54,-9.6,-27.18,-3.29,-5.13,-13.67,-2.01,37.18,-1,-1,HV2Q,-1,-1,-1,-1,-1,-1,-1,-1,-3.95,-2.41,-6.21,-7.51,-12.76,4.27,-8.87,0,0,19.05,0,0,3.17,-10.35,-38.08,-38.08,-38.08,-38.08,-10.35,-32.13,-21.96,-14.25,-0.76,-9.38,0,0,3.47,129.23,0,6.73,2.89,125.06,160.57,133.85,-10.08,-7.06,-9.88,-27.63,-10.92,0.939313,33,-10.02,3.42,-13.39,125.06,,,-10.08,2.45,-2.8,-17.79,16.13,0.986318,44
26-11-2025,NSE:DBEIL,EQ,630.47,135.44,274589,371.90334,3.47,3.42,11.47,2M,0.90,0.1,-3.66,-9.18,-13.79,-32.33,2.05,-9.09,-10.45,-4.44,NA,-1,-1,HV2Q,-1,-1,-1,-1,-1,-1,-1,-1,-1.22,-3.32,-4.39,-9.1,-12.36,5.97,-6.8,0,0,25.4,0,0,4.76,-12.57,-24.43,-24.43,-33.71,NA,-12.57,-14.01,-16.31,-27.68,-26.77,NA,3.86,3.86,4,NA,0.9,18.18,1.87,13.45,5.75,NA,-14.27,-1.72,-13.84,-24.41,-13.35,0.939218,33,-12.57,10.73,-12.95,,,,-14.27,10.61,-12.39,-10.91,11.31,0.988509,47
26-11-2025,NSE:MAYURUNIQ,EQ,2320.37,499.3,48858,243.94799,3.54,3.47,5.67,S,1.19,-0.22,-6.5,-7.27,0.16,-4.77,-7.74,-16.64,1.29,-17.57,0.62,-1,-1,-1,-1,EEP,-1,-1,-1,-1,-1,-1,-1.79,-1.26,-3.02,0.02,-3,-2.2,-5.08,0,0,0,0,0,0,-10.03,-10.03,-19.22,-21.79,-25.61,-10.03,-17.02,-12.97,-12.89,-26.57,-12.53,1.64,1.64,12.13,12.13,1.19,1.48,20.81,30.79,8.15,28.82,-0.32,-11.51,-21.39,-12.67,-26.48,0.939184,33,-1.72,-15.78,10.56,-12.89,,,-0.32,-11.22,-9.28,5.72,-13.24,0.977482,32
26-11-2025,NSE:VINATIORGA,EQ,17302.83,1599.3,46593,745.16185,1.79,1.78,11.64,2L,-0.05,-3.57,-3.6,-3.66,-5.36,-7.53,-6.48,-15.24,2.25,-11.71,0.95,-1,-1,-1,-1,-1,-1,-1,-1,-1,-1,-1,-1.6,-1.24,-2.8,-2.35,-5.03,-2.35,-7.22,0,0,0,0,0,0,-5.98,-10.51,-20.91,-20.91,-30.78,-5.98,-9.84,-15.78,-13.24,-32.34,-22.67,0.29,0.29,10.43,10.43,0.29,3.29,17.59,27.26,6.39,21.59,-5.84,-10.25,-19.99,-11.71,-20.62,0.939132,33,-5.65,-9.84,8.12,-7.25,,,-5.84,-4.38,-9.24,5.52,-8.42,0.981179,37
26-11-2025,NSE:MODISONLTD,EQ,503.17,142.49,54514,77.677,4.17,4.21,6.83,,0.81,-3.89,0.78,-0.9,-7.42,-17.77,-16.02,-6.8,10.18,-15.41,22.63,-1,-1,-1,-1,HVQ,HVQ,-1,-1,-1,-1,-1,-1.79,-1.64,-3.37,-4.66,-7.67,1.87,-5.91,0,0,0,0,0,0,-8.34,-15.11,-25.18,-28.2,-35.3,-8.34,-14.69,-13.2,-30.9,-41.89,-25.32,0.94,0.94,19.33,40.52,0.94,0,38.45,27.44,28.62,65.28,-7.9,-19.79,-11.55,-3.78,-24.32,0.938961,33,-7.46,-14.69,22.63,-4.46,,,-7.9,-11.32,6.93,6.24,-22.63,0.978814,34
26-11-2025,NSE:IRB,EQ,26752.77,43.28,9998069,4327.16426,2.38,2.5,3.43,,0.00,-1.57,-0.02,-3.19,-3.12,2.01,-4.09,-18.21,-6.54,-5.82,-32.39,-1,-1,-1,-1,-1,-1,-1,-1,-1,-1,-1,-0.64,-0.13,-0.77,0.92,0.14,-6.88,-6.3,0,0,0,0,0,0,-4.23,-4.23,-18.59,-28.24,-43.68,-4.23,-4.15,-15.26,-22.85,-40,-40.4,5.97,5.97,5.97,5.97,2.2,9.28,5.83,20.18,0.68,0,-3.6,-7.86,-22.96,-20.5,-14.73,0.938858,33,-3.09,-4,-4.31,-21.7,,,-3.6,-4.25,-14.58,0.21,6.54,0.983887,41
26-11-2025,NSE:ACMESOLAR,EQ,15325.03,233.7,1037069,2423.63025,3.15,3.11,6.34,2M,-1.33,-3.94,-9.2,-17.16,-21.35,-21.5,-29.78,-5.3,22.26,-2.27,NA,-1,-1,-1,HV2Q,-1,-1,-1,-1,-1,-1,-1,-3.86,-4.37,-7.88,-8.28,-14.92,9.26,-6.24,0,0,25.4,0,0,9.52,-19.02,-26.69,-26.69,-26.69,NA,-19.02,-11.04,0,-12.39,-35.32,NA,0.24,0.24,34.43,NA,0.24,6.46,61.85,41.55,4.5,NA,-21.83,-33.55,-10.05,8.3,-11.18,0.938832,33,-17.14,4.86,59,,,,-21.83,-10.26,17.84,16.51,-25.68,0.992362,53
26-11-2025,NSE:OMINFRAL,EQ,1075.71,106.86,259604,277.41283,2.84,2.85,13.56,3L,1.10,-1.95,-4.41,-5.09,-7.82,-25.86,0.82,-20.55,3.28,-18.61,-18.85,-1,-1,HVY,-1,HVQ,HVQ,-1,-1,-1,-1,-1,-1.63,-2.24,-3.78,-5.4,-8.71,-2.37,-10.82,0,0,0,0,0,0,-8.61,-22.08,-22.08,-40.14,-53.11,-8.61,-15.98,-24.26,-38.9,-54.65,-44.38,4.55,4.55,4.55,4.55,1.1,12.73,2.05,24.64,0,16.93,-8.3,-2.95,-25.3,-10.68,-27.52,0.938782,33,-8.61,-6.2,-7.47,-37.98,,,-8.3,4.71,-22.57,10.11,-16.77,0.983232,40
26-11-2025,NSE:BAJAJHLDNG,EQ,135221.61,11734,73514,8626.13276,3.7,3.7,4.28,2L,0.81,0.01,-2.25,-3.04,-10.39,-12.52,-13.05,-17.63,-2.22,11.19,29.74,-1,HV2Y,-1,-1,HVQ,HV2Y,-1,-1,-1,-1,-1,-0.84,-1.95,-2.74,-3.24,-5.79,-2.55,-8.14,0,0,0,0,0,0,-10.69,-14.12,-19.2,-19.2,-19.2,-10.69,-10.81,-8.66,-1.25,-5.04,-6.65,2.27,2.27,14.79,50.55,2.27,9.75,23.06,39.79,53.89,33.71,-10.87,-16.82,-22.38,-16.18,2.28,0.938773,33,-8.23,-6.49,13.07,39.69,,,-10.87,-5.72,-5.08,3.44,18.99,0.995469,57
26-11-2025,NSE:BANDHANBNK,EQ,24970.06,151.18,8605635,13009.99899,2.29,2.41,4.24,2L,1.04,-1.12,-3.09,-3.29,-13.8,-4.82,-13.41,-11.75,13.8,-9.71,-21.15,-1,-1,-1,HVQ,-1,-1,-1,-1,-1,-1,-1,-0.54,-1.99,-2.47,-3.66,-5.91,-1.16,-7,0,0,0,0,0,0,-13.92,-13.92,-20.28,-20.28,-31.21,-13.92,-3.45,-9.59,-20.73,-40.71,-24.53,1.39,1.39,16.02,16.02,1.39,10.98,28.45,29.65,0,0.46,-14.28,-17.18,-16.5,-0.16,-18.62,0.938765,33,-13.92,-3.45,28.45,-17.76,,,-14.28,-2.97,0.44,13.21,-21.41,0.985613,43
26-11-2025,NSE:BALKRISIND,EQ,45661.52,2313,145275,3360.21075,2.76,2.73,4.02,S,0.36,-0.2,-2.41,-2.22,-0.63,-4.47,-2.34,-7.16,-14.49,-17.68,1.99,-1,-1,-1,-1,-1,-1,-1,-1,-1,-1,-1,0.05,-0.24,-0.18,-0.81,-0.98,-6.82,-7.3,0,0,0,0,0,0,-2.36,-8.79,-16.62,-20.52,-30.87,-2.36,-15.64,-14.67,-20.8,-20.86,-18.65,4.57,4.57,4.57,4.57,2.12,5.23,4.13,9.04,18.3,21.61,-1.11,-6.11,-11.91,-28.45,-26.59,0.938708,33,-1,-13.34,-11.53,-13.63,,,-1.11,-5.01,-5.73,-16.5,3.08,0.97485,28
26-11-2025,NSE:MATRIMONY,EQ,1077.31,488,13685,66.7828,2.76,2.72,8.07,L,0.68,-2.57,-5.84,-7.13,-4.1,-7.24,-5.25,-2.19,-0.31,-32.84,-5.6,-1,-1,-1,HV2Q,-1,-1,-1,-1,-1,-1,-1,-1.86,-1.16,-2.98,-1.71,-4.61,-1.24,-5.77,0,0,0,0,0,0,-6.68,-11.61,-12.22,-29.71,-42.19,-6.68,-7.99,-7.62,-40.92,-42.01,-23.21,0.68,0.68,0.68,0.68,0.68,1.26,3.19,1.88,0,27.62,-4.58,-9.02,-6.94,-14.27,-41.75,0.938692,33,-3.71,-3.46,1.32,-32.1,,,-4.58,-4.41,1.88,-7.82,-26.56,0.968964,22
26-11-2025,NSE:SYNGENE,EQ,26364.33,646.85,663203,4289.92861,2.34,2.35,3.36,S,0.75,1.86,-2.63,0.05,-2.09,0.88,-3.22,-1.13,-8.28,-30.93,-4.15,-1,-1,-1,-1,-1,-1,-1,-1,-1,-1,-1,0.74,-0.16,0.57,0.02,0.59,-3.13,-2.46,0,0,0,0,0,0,-2.56,-3.57,-10.41,-31.75,-31.75,-2.56,-8.54,-10.87,-30.98,-26.1,-9.73,6.14,6.14,6.14,6.14,4.96,8.36,9.33,7.11,7.42,29.89,-2.57,-6.99,-5.88,-22.24,-39.84,0.93868,33,-1.62,-3.04,-5.2,-22.31,,,-2.57,-4.42,1.01,-16.73,-15.05,0.968491,21
26-11-2025,NSE:XCHANGING,EQ,968.1,86.09,382004,328.86724,3.59,3.54,10.55,S,-0.10,-1.12,-3.16,-7.47,0.19,-0.01,-1.32,-13.14,-8.9,-21.31,-41.02,-1,HV2Y,-1,-1,-1,HVQ,-1,-1,-1,-1,-1,-0.78,-0.59,-1.36,0.09,-1.27,-4.92,-5.9,0,0,0,0,0,0,-9.82,-9.82,-15.22,-28.61,-38.1,-9.82,-5.36,-14.09,-25.46,-33.6,-26.03,1.98,2.37,3.46,3.46,0,2.18,4.83,17.05,0,0,-0.29,-5.09,-17.89,-22.86,-30.22,0.938643,33,-0.14,-5.36,-10.16,-23.4,,,-0.29,-4.82,-12.68,-5.91,-5.53,0.974262,28
26-11-2025,NSE:CAPLIPOINT,EQ,14778.95,1918.5,73482,1409.75217,2.18,2.15,5.83,2L,0.71,-0.67,-1.44,-4,-5.09,-17.86,-12.7,-13.2,-0.73,-1.27,33.04,-1,-1,-1,EEP,-1,-1,-1,-1,-1,-1,-1,-0.43,-1.32,-1.73,-4.4,-5.87,0.13,-5.75,0,0,20.63,0,0,17.46,-5.62,-18.12,-18.12,-26.22,-26.22,-5.62,-13.95,-5.52,-16.47,-25.68,-8.43,0.71,0.71,11.94,54.67,0.71,4.48,26.16,26.72,55.8,56.63,-5.57,-16.47,-17.95,-14.69,-10.18,0.938613,33,-4.65,-1.02,6.81,22.4,,,-5.57,-10.56,-1.46,1.36,5.34,0.984736,42
26-11-2025,NSE:SUDARSCHEM,EQ,8144.42,1033.5,128058,1323.47943,4.07,3.99,7.21,2L,2.25,-0.33,0.23,-12.31,-13.88,-47.12,-40.02,-6.63,14.3,11.62,44.43,-1,-1,-1,EEP,EEP,-1,-1,-1,-1,-1,-1,-0.31,-4.39,-4.5,-13.59,-15.93,4.26,-12.19,0,0,7.94,0,0,6.35,-12.39,-32.18,-32.18,-32.18,-32.18,-12.39,-22.77,-0.93,-8.25,-26.26,-23.95,3.38,3.38,24.37,79.22,3.38,0,74.14,32.61,61.12,66.17,-14.36,-43.79,-11.38,0.34,2.71,0.938595,33,-12.28,-5.86,61.8,5.28,,,-14.36,-26.27,22.83,9.97,2.74,0.99697,60
26-11-2025,NSE:5PAISA,EQ,992.88,343.85,431918,1485.15004,4.35,4.53,4.82,,3.09,2.97,15.65,10.12,7.95,-5.28,-5.41,-18.48,-2.85,-37.15,-48.34,-1,-1,-1,-1,EEP,-1,-1,-1,-1,-1,-1,3.83,1.95,5.89,-1.88,3.94,-11.11,-6.45,0,0,0,0,0,0,-3.58,-7.62,-19.16,-32.44,-41.95,-3.58,-18.67,-14.79,-30.73,-40.29,-20.38,18.94,18.94,18.94,18.94,18.94,1.31,14.77,29.01,0,1.67,7.47,-9.18,-23.23,-16.81,-46.06,0.938532,33,8.61,-17.56,-1.99,-21.43,,,7.47,-17.83,-13.42,3.53,-27.48,0.969195,22
26-11-2025,NSE:PGEL,EQ,16492.37,604.2,3333483,20140.90429,3.76,3.76,5.4,,5.93,4.04,12.61,5.87,5.34,9.91,3.34,-26.65,-22.89,-13.07,72.48,-1,-1,-1,-1,-1,-1,-1,-1,-1,-1,-1,4.32,1.28,5.67,2.15,8,-29.05,-16.31,0,0,0,0,0,0,0,0,-27.03,-40.98,-40.98,0,-29.53,-39.7,-25.25,-27.47,-0.95,20.29,24.3,24.3,281.44,14.43,17.66,20.14,56.16,398.41,358.57,4.86,-0.43,-31.4,-36.85,-21.98,0.938531,33,6.88,-28.57,-27.63,37.74,,,4.86,-5.42,-32.05,-6.69,13.86,0.982151,38
26-11-2025,NSE:VHL,BE,1210.55,3708.6,974,36.12176,4.08,4.53,7.94,2M,1.63,-1.87,-1.96,-11.96,-5.84,-5.19,-3.63,-6.65,5.68,-38.07,16.56,-1,-1,-1,-1,-1,-1,-1,-1,-1,-1,-1,-0.98,-1.6,-2.54,-2.12,-4.57,3.11,-1.51,0,0,0,0,0,0,-12.41,-12.41,-13.79,-31.15,-32.89,-12.41,-4.39,-10.66,-28.43,-36.71,-7.35,1.63,1.63,26.84,34.13,1.63,6.32,31.45,35.28,26.51,85.2,-6.32,-7.4,-11.4,-8.28,-46.98,0.9384,32,-9.13,-4.39,10.61,3.89,,,-6.32,-1.23,-3.94,1.9,-40.52,0.970305,23
26-11-2025,NSE:BLUEDART,EQ,14347.1,5750.5,203291,11690.24896,3.75,4,10.69,2M,0.63,-3.24,-7.44,-10.88,3.21,-0.43,-2.53,-18.47,-4.26,-27.46,0.88,-1,EEP,-1,HV2Q,HV2Q,-1,-1,-1,-1,-1,-1,-2.08,-0.9,-2.95,1.58,-1.39,-5.88,-6.87,0,0,0,0,0,0,-14.09,-14.09,-16.82,-26.55,-37.86,-14.09,-17.6,-17.96,-26.38,-35.21,-20.79,5.17,5.17,5.17,5.17,3.85,1.79,4.38,20.6,8.99,33.24,2.73,-6.3,-23.22,-18.22,-36.37,0.938232,32,3.85,-17.6,-3.62,-16.46,,,2.73,-9.24,-16.56,2.34,-16.39,0.972961,27
26-11-2025,NSE:AFSL,EQ,1078.5,204.9,22705,46.52255,2.75,2.78,12.85,S,1.81,-2.06,-5.78,1.78,1.28,-1.69,-7.53,-7,12.79,-75.74,-35.55,HVQ,HVQ,-1,HVQ,-1,-1,-1,-1,-1,-1,-1,-0.42,-0.06,-0.48,0.07,-0.41,-1.33,-1.71,0,0,0,0,0,0,-5.46,-9.24,-20.96,-45.94,-66.26,-5.46,-10.4,-15.02,-63.9,-70.58,-40.71,1.94,1.94,19.43,19.43,1.93,0.63,24.9,27.8,4.16,35.22,0.8,-11.3,-11.75,-1.17,-84.65,0.938205,32,1.92,-8.45,22.12,-62.69,,,0.8,-12.23,-0.53,8.84,-95.65,0.963308,16
26-11-2025,NSE:AERONEU,EQ,211.27,78.52,45550,35.76586,6.56,6.36,10.3,,2.37,3.22,-2.13,-1.73,-3.8,-26.9,-28.63,NA,NA,NA,NA,-1,-1,-1,-1,-1,-1,-1,-1,-1,-1,-1,1.6,-2.26,-0.65,-7.57,-7.64,,,0,0,9.52,0,0,4.76,-6.59,-29.32,NA,NA,NA,-6.59,-26.64,NA,NA,NA,NA,8.48,NA,NA,NA,8.48,7.68,NA,NA,NA,NA,-4.28,-32.4,0,0,0,0.938154,32,-3.7,,,,,,-4.28,-27.24,98.98,-9.66,5.87,0.960743,13
26-11-2025,NSE:MHRIL,EQ,6421.11,322.4,123319,397.58046,3.12,3.15,4.9,,1.54,-0.33,3.04,-2.67,-3.12,-9.83,-11.71,-15.63,2.31,-8.37,-18.8,-1,-1,-1,-1,-1,-1,-1,-1,-1,-1,-1,-0.12,-0.74,-0.85,-3.47,-4.18,0.14,-4.05,0,0,3.17,0,0,0,-3.76,-10.95,-12.55,-17.05,-33.44,-3.76,-8.54,-3.51,-14.15,-34.98,-27.87,3.18,3.18,13.14,13.14,3.18,0.29,26.39,30.83,1.94,0,-3.6,-15.48,-20.38,-11.65,-17.28,0.938112,32,-3.23,-7.56,12.92,-9.1,,,-3.6,-11.64,-4.53,5.86,-5.07,0.981534,38
26-11-2025,NSE:NAUKRI,EQ,86505.79,1341.5,1087241,14585.33802,2.36,2.35,4.24,,0.71,-1.54,-2.6,0.21,-1.73,-3.27,-4.82,-8.27,-12.69,-12.04,21.86,-1,-1,-1,-1,-1,HVQ,-1,-1,-1,-1,-1,-0.17,-0.23,-0.4,-0.42,-0.82,-3.66,-4.32,0,0,0,0,0,0,-3.43,-5.37,-12.6,-25.68,-25.68,-3.43,-5,-8.39,-19.53,-16.25,-10.45,2.46,2.46,5.22,31.65,1.36,4.23,10.29,13.93,50.5,49.63,-2.21,-8.59,-13.02,-26.65,-20.95,0.938077,32,-3.19,-5,-7.43,-2.44,,,-2.21,-6.34,-4.32,-13.74,6.45,0.977664,32
26-11-2025,NSE:VIPIND,EQ,5499.52,371.45,285600,1060.8612,2.65,2.64,3.71,L,4.53,-4.52,-6.68,-9.37,-14.62,-18.17,-13.27,4.39,12.6,-32.83,-25.27,-1,-1,-1,HVY,-1,-1,-1,-1,-1,-1,-1,-2.1,-3.11,-5.05,-6.05,-10.47,7.81,-2.89,0,0,0,0,0,0,-11.65,-17.45,-23.09,-28.55,-35.93,-11.65,-8.24,-12.88,-38.74,-44,-14.89,4.53,8.39,42.87,42.87,4.53,4.89,61.83,36.6,0,14.19,-15.1,-17.04,-0.36,-1.36,-41.74,0.938053,32,-11.65,-5.25,27.95,-23.64,,,-15.1,-2.14,14.57,-1.07,-46.11,0.97358,27
26-11-2025,NSE:FDC,EQ,6707.78,418.8,237327,993.92548,2.84,2.96,6.38,M,0.41,1.93,2.77,-6.78,-3.07,-14.06,-12.11,-9.72,3.07,-15.93,-2.21,-1,-1,-1,-1,-1,-1,-1,-1,-1,-1,-1,0.85,-1.49,-0.64,-4.75,-5.15,-1.1,-6.18,0,0,0,0,0,0,-9.08,-13.98,-17.83,-19.46,-31.64,-9.08,-11.76,-7.89,-25,-33.74,-20.75,2.85,2.85,9.66,9.66,2.85,0.33,22.94,20.32,0.21,15.4,-3.55,-15.88,-14.47,-10.89,-24.84,0.938046,32,-3.07,-11.76,15.51,-13.47,,,-3.55,-12.08,1.11,1.99,-13.73,0.976632,31
26-11-2025,NSE:ZTECH,SM,745.17,491.2,27198,133.59658,3.88,3.93,9.14,S,-2.05,-14.73,-11.69,-15.92,-16.75,-21.01,-6.26,-11.41,-22.87,19.11,NA,-1,-1,-1,HVQ,-1,-1,-1,-1,-1,-1,-1,-6.33,-3.07,-9.13,-5.71,-14.04,-0.83,-14.74,0,0,0,0,0,0,-14.61,-20.56,-26.56,-32.7,NA,-14.61,-7.53,-21.96,-25.02,-17.31,NA,0,0,30.64,NA,0,11.8,4.36,65.56,474.81,NA,-17.23,-10.03,-16.16,-36.83,10.2,0.937722,32,-10.51,-0.97,-12.15,58.53,,,-17.23,5.68,-5.87,-19.95,40.03,1.010026,73
26-11-2025,NSE:ICEMAKE,EQ,1096.69,691,13793,95.30963,2.74,2.7,5.81,,2.71,-2.44,0.93,-2.93,-3,-11.62,-6.23,-16.75,-1.46,-12.16,35.7,-1,-1,-1,-1,HVQ,-1,-1,-1,-1,-1,-1,-0.02,-1.13,-1.14,-3.59,-4.57,-8.13,-11.75,0,0,0,0,0,0,-6.2,-13.63,-18.96,-33.94,-33.94,-6.2,-12.01,-29.82,-22.87,-24.98,-17.07,2.71,2.71,15.47,56.67,2.71,2.15,22.67,34.82,58.96,75.72,-3.48,-10,-21.5,-15.42,-21.07,0.937652,32,-6.2,-9.37,7.18,10.82,,,-3.48,-6.45,-10.92,3.44,-4.67,0.979943,36
26-11-2025,NSE:LODHA,EQ,121957.92,1163.6,1321961,15382.3382,2.24,2.27,6.02,S,0.29,-3.3,-4.61,-5.1,-1.15,-1.36,-8.66,-24.91,0.09,-5.94,13.72,-1,-1,-1,-1,-1,-1,-1,-1,-1,-1,-1,-1.66,-0.53,-2.17,0.72,-1.47,-6.63,-7.59,0,0,0,0,0,0,-5.79,-5.92,-23.25,-23.25,-27.04,-5.79,-9.46,-16.6,-2.51,-27.1,-22.71,4.55,4.55,10.27,10.27,0.32,5.75,19.82,37.73,15.8,22.78,-1.63,-12.43,-29.66,-13.87,-14.85,0.937604,32,-0.46,-8,6.99,18.85,,,-1.63,-10.74,-15.97,10.35,-0.16,0.985357,43
26-11-2025,NSE:FCL,EQ,2847.19,24.25,16890766,4096.01076,6.78,7.01,3.69,2M,0.54,0.08,-4.54,-19.63,-4.75,4.27,-3.77,0.38,-4.87,-33.98,-50.47,-1,-1,-1,-1,-1,EEP,-1,-1,-1,-1,-1,-1.87,-1.49,-3.31,0.53,-2.8,-0.74,-3.51,0,0,0,0,0,0,-24.34,-24.34,-24.34,-32.36,-42.6,-24.34,-5.82,-10.51,-42.82,-39.81,-23.1,4.46,6.31,13.28,13.28,0.54,11.36,17.56,12.86,0,0,-5.23,-7.54,-4.37,-18.83,-42.89,0.937603,32,-5.05,-5.82,-3.62,-34.96,,,-5.23,-2.38,2.98,-14.92,-21.89,0.96785,21
26-11-2025,NSE:PIIND,EQ,53784.07,3438.1,233667,8033.70513,2.11,2.13,8.61,3L,-0.30,-0.05,-4.39,-7.13,-5,-5.55,-13.32,-9.13,7.93,-20.38,-6.14,-1,-1,-1,-1,HVQ,-1,-1,-1,-1,-1,-1,-1.34,-1.48,-2.78,-1.45,-4.17,-2.84,-6.82,0,0,0,0,0,0,-10.01,-10.01,-20.49,-20.49,-27.33,-10.01,-16.52,-9.9,-20.7,-33.09,-12.53,0.38,0.38,15.1,15.1,0.38,3.51,30.43,25.61,1.51,18,-5.48,-17.09,-13.88,-6.03,-29.29,0.937436,32,-4.16,-11.78,21.62,-15.27,,,-5.48,-11.24,2.68,5.97,-24.87,0.976081,30
26-11-2025,NSE:KPIGREEN,EQ,9235.56,443.05,767855,3401.98158,3.03,3.03,5.85,,0.45,-4.36,-9.67,-20.09,-17.86,-5,-15.11,-5.89,15.19,-13.17,-9.3,-1,-1,-1,-1,EEP,-1,-1,-1,-1,-1,-1,-3.18,-2.92,-5.93,-0.95,-6.82,2.23,-4.69,0,0,0,0,0,0,-17.77,-17.77,-20.38,-22.52,-39.52,-17.77,-3.21,-8.35,-25,-48.71,-31.55,5.04,5.04,39.61,39.61,1.5,23.8,46.4,47.83,18.4,3.71,-18.34,-18.88,-10.64,1.23,-22.08,0.937294,32,-15.23,0.45,29.28,-25,,,-18.34,-0.97,6.99,10.25,-27.57,0.983811,41
26-11-2025,NSE:UNIMECH,EQ,5037.88,964.9,58553,564.9779,3.19,3.22,4.8,M,2.32,-0.53,-3.93,-3.29,-8.6,-7.49,-10.82,-11.13,-2.86,NA,NA,-1,-1,-1,EEP,-1,-1,-1,-1,-1,-1,-1,-0.99,-1.02,-2,-1.97,-3.89,-6.88,-10.07,0,0,0,0,0,0,-8.08,-12.77,-29.32,NA,NA,-8.08,-9.43,-21.67,-26.41,NA,NA,4.27,4.27,NA,NA,2.32,13.24,24.26,24.61,NA,NA,-9.08,-14.59,-15.88,-16.82,0,0.937272,32,-8.08,-8.78,3.82,,,,-9.08,-5.35,-1.3,-2.22,105.87,0.983584,40
26-11-2025,NSE:DHAMPURSUG,EQ,848.46,128.07,139479,178.63076,2.28,2.31,15.08,3L,1.76,-2.13,-3.06,-5.54,-6.02,-8.71,-0.71,-11.52,0.91,-29.58,-70.41,-1,-1,HV2Q,-1,-1,EEP,-1,-1,-1,-1,-1,-1.29,-1.64,-2.89,-2.97,-5.69,-0.76,-6.4,0,0,0,0,0,0,-7.79,-10.6,-19.88,-32.69,-48.73,-7.79,-6.64,-19.31,-37.5,-49.2,-33.57,3.29,3.29,10.93,10.93,1.76,9.51,11.72,23.71,0,0,-6.5,-4.48,-16.27,-13.05,-38.49,0.937246,32,-5.75,-6.64,-1.17,-31.26,,,-6.5,1.7,-11.75,1.49,-24.9,0.973647,27
26-11-2025,NSE:JSWENERGY,EQ,92369.56,487.25,2329700,11351.46325,2.34,2.31,5.44,L,2.23,-5.42,-8.37,-8.38,-8.64,-9.83,-7.02,-2.07,9.62,-43.49,-2.19,-1,-1,-1,-1,-1,-1,-1,-1,-1,-1,-1,-2.53,-2.42,-4.83,-3.31,-7.88,3.09,-4.95,0,0,9.52,0,0,9.52,-9.46,-11.18,-11.18,-29.28,-38.48,-9.46,-3.51,-9.35,-37.21,-44.4,-11.73,2.23,2.23,12.92,12.92,2.23,8.37,14.64,15.26,2.06,51.64,-9.12,-10.79,-6.82,-4.34,-52.4,0.937236,32,-9.15,2.17,14.64,-30.02,,,-9.12,-1.82,3.6,1.79,-52.88,0.969105,22
26-11-2025,NSE:MAITHANALL,EQ,2985.39,964.8,38341,369.91397,3.21,3.24,14.42,S,0.95,-2.68,-15.67,-13.99,-11.85,-19.71,-12.01,-14.98,11.53,-10.06,-1.11,-1,-1,-1,HV2Y,HV2Q,-1,-1,-1,-1,-1,-1,-2.74,-3.83,-6.33,-6.2,-11.79,4.16,-7.97,0,0,0,0,0,0,-13.55,-18.72,-21.82,-21.82,-26.88,-13.55,-9.09,-12.43,-8.42,-35.3,-19.52,2.78,2.78,13.49,13.49,2.78,3.62,27.13,30.5,0,10.61,-12.33,-15.78,-19.73,-2.43,-18.97,0.937074,32,-10.77,-5.31,21.24,-0.21,,,-12.33,-3.46,-3.67,13.39,-18.53,0.985,42
26-11-2025,NSE:WEALTH,EQ,1071.89,1041.5,5219,54.35589,5.43,5.48,5.18,2L,1.47,-1.87,-10.11,-7.03,-15.22,-15.64,-20.09,13.63,12.72,-43.43,43.69,-1,HVQ,-1,HV2Q,-1,-1,-1,-1,-1,-1,-1,-0.95,-3.24,-4.05,-6.49,-9.9,5.59,-4.56,0,0,0,0,0,0,-12.49,-18.4,-24.11,-39.02,-39.02,-12.49,-5.98,-8.86,-47.33,-46.77,-10.55,2.99,21.31,23.5,83.93,2.99,3.8,48.3,6.66,91.99,215.49,-15.7,-23.86,8.88,-1.24,-52.34,0.93701,32,-11.75,1.2,39.46,-32.33,,,-15.7,-7.54,27.06,-10.72,-58.46,0.971631,25
26-11-2025,NSE:HIMATSEIDE,EQ,1584.1,124.5,464805,578.68223,3.88,3.85,5.96,,4.04,-1.16,1.22,1.37,2.7,-0.71,-0.39,-28.15,0.05,-30.6,1.53,-1,-1,HVQ,-1,EEP,EEP,-1,-1,-1,-1,-1,1.16,0.42,1.58,0.57,2.16,-13.19,-9.74,0,0,0,0,0,0,-2.98,-5.42,-23.37,-45.23,-45.23,-2.98,-21.91,-23.78,-29.81,-45.26,-4.82,9.58,9.58,10.4,10.4,5.72,6.62,10.83,41.48,5.59,37.97,2.22,-4.16,-32.9,-13.91,-39.51,0.936822,32,2.66,-21.91,-5.1,4.93,,,2.22,-6.48,-28.68,12.35,-24.8,0.977022,32
26-11-2025,NSE:LINCOLN,EQ,1075.2,516.15,21303,109.95543,2.43,2.39,8.05,L,-0.76,-4.2,-2.64,-1.42,-2.01,-5.71,-5.57,-6.4,-9.42,-19.58,-11.64,-1,-1,-1,HV2Y,-1,HV2Y,-1,-1,-1,-1,-1,-1.55,-0.34,-1.89,-1.01,-2.86,-5.02,-7.51,0,0,0,0,0,0,-4.03,-7.86,-14.13,-45.88,-45.88,-4.03,-12.41,-10.52,-42.41,-40.78,-22.14,2.01,2.01,2.01,2.01,2.01,0.74,4.73,5.55,5.13,14.89,-2.49,-9.34,-11.15,-23.38,-28.49,0.936472,31,-2.2,-2.93,-4.6,-23.71,,,-2.49,-6.8,-1.81,-12.49,-3.42,0.973164,27
26-11-2025,NSE:VBL,EQ,156011.14,465.5,6048532,28155.91646,2.58,2.58,3.28,M,3.66,2.35,1.33,-1.18,1.32,2.77,-10.85,-4.31,-0.77,-34.64,-23.24,-1,EEP,-1,-1,-1,-1,-1,-1,-1,-1,-1,2.06,-0.54,1.51,0.14,1.65,-6.57,-4.62,0,0,0,0,0,0,-6.05,-8.47,-10.93,-28.63,-30.95,-6.05,-12.1,-7.32,-25.81,-30.41,-7.03,7.05,7.05,7.05,7.05,4.35,5.63,18.34,11.35,0,15.63,0.84,-14.62,-9.06,-14.73,-43.55,0.936459,31,2.5,-3.73,8.43,-23.86,,,0.84,-15.64,4.88,-6.27,-27.74,0.967019,20
26-11-2025,NSE:JAGRAN,EQ,1523.58,69.96,114905,80.38754,1.48,1.46,4.16,3L,0.59,-0.03,-0.1,-3.27,-5.02,-1.99,-3.79,-14.37,-1.17,-18.57,-38.87,-1,-1,-1,-1,EEP,-1,-1,-1,-1,-1,-1,-0.06,-0.66,-0.72,-1.19,-1.89,-1.07,-2.93,0,0,0,0,0,0,-4.15,-4.78,-15.81,-21.7,-36.83,-4.15,-1.26,-12.62,-25.74,-41.43,-31.36,0.59,0.59,5.7,5.7,0.59,3.8,9.7,20.88,0.58,0,-5.5,-7.56,-19.12,-15.13,-27.48,0.936321,31,-3.76,2.88,2.21,-16.2,,,-5.5,-2.14,-11.21,1.88,-11.32,0.97709,32
26-11-2025,NSE:KAMATHOTEL,EQ,697.2,245.3,115379,283.02469,3.95,4.13,9.85,,3.83,2.34,2.59,-19.51,-21.85,-30.6,-22.47,1.41,-5.03,15.74,-9.19,-1,-1,-1,HVQ,-1,HV2Y,-1,-1,-1,-1,-1,1.12,-5.12,-3.81,-12.59,-14.57,5.97,-9.15,0,0,42.86,0,0,25.4,-19.49,-24.72,-24.72,-28.59,-28.59,-19.49,-8.27,-12.54,-29.59,-16.65,-33.13,7.63,8.56,22.69,31.81,7.63,25.99,34.69,29.96,38.44,11.07,-22.33,-26.24,-3.34,-18.99,6.83,0.936317,31,-18.08,21.44,4.06,16.72,,,-22.33,-3.82,18.48,-16.18,25.64,1.000275,63
26-11-2025,NSE:TECHNOE,EQ,14431.61,1188.2,205091,2436.89126,3,3.04,5.81,2L,1.88,0.48,-7.32,-9.69,-11.27,-15.88,-31.24,-5.26,23.75,-24.53,45.22,-1,-1,-1,EEP,HV2Q,EEP,-1,-1,-1,-1,-1,-1.31,-3.18,-4.34,-6.1,-9.84,2.44,-7.59,0,0,0,0,0,0,-11.74,-23.3,-27.38,-29.75,-33.27,-11.74,-15.22,-4.69,-29.76,-49.12,-16.9,1.88,1.88,31.93,89.94,1.88,3.43,73.15,38.87,44.83,136.54,-11.75,-35.01,-10.01,9.79,-33.44,0.936297,31,-10.39,-8.28,57.83,-26.65,,,-11.75,-21.26,18.78,17.9,-57.45,0.983326,40
26-11-2025,NSE:CYIENTDLM,EQ,3559.1,431.95,276132,1192.75217,3.07,3.07,8.28,L,-0.21,-3.3,-3.58,-5.17,-4.18,-5.54,-2.05,-12.59,6.25,-44.22,-60.69,-1,-1,-1,-1,-1,-1,-1,-1,-1,-1,-1,-1.24,-1.09,-2.31,-1.83,-4.06,0.1,-3.96,0,0,0,0,0,0,-6.34,-11.52,-12.42,-40.99,-47.58,-6.34,-7.82,-10.79,-40.5,-50.86,-24.4,3.82,3.82,11.47,11.47,2.83,8.16,13.75,25.51,0,4.02,-4.66,-5.82,-17.34,-7.71,-53.13,0.936138,31,-5.42,-2.05,6.77,-40.5,,,-4.66,-1.27,-11.35,7.08,-47.96,0.970087,23
26-11-2025,NSE:WHIRLPOOL,EQ,15681.36,1200.9,565761,6794.22385,2.89,2.85,4.24,2M,0.47,-0.1,-2.17,-14.45,-15.85,-7.92,-9,-4.06,18.15,-44.55,-2.37,-1,-1,HV2Y,-1,EEP,-1,-1,-1,-1,-1,-1,-1.06,-2.63,-3.6,-2.2,-5.67,3.42,-2.33,0,0,0,0,0,0,-15.48,-15.48,-16.92,-38.5,-50.12,-15.48,-0.59,-9.44,-48.09,-59.17,-27.9,4.96,4.96,30.29,30.29,1.75,21.6,42.02,35.59,0,42.11,-16.33,-12.77,-8.81,4.19,-53.46,0.936062,31,-13.05,-0.56,30.45,-39.32,,,-16.33,2.6,3.51,11.69,-70.73,0.975404,29
26-11-2025,NSE:RALLIS,EQ,4871.45,262.85,770010,2023.97129,2.89,2.87,5.67,,0.50,6.11,5.52,0.49,-0.63,-21.44,-44.97,-8.54,20.21,-16.07,1.45,-1,-1,-1,HV2Q,HV2Q,-1,-1,-1,-1,-1,-1,3.27,-1.82,1.42,-9.79,-7.62,-1.12,-8.64,0,0,0,0,0,0,-2.68,-28.23,-31.02,-31.02,-31.02,-2.68,-30.59,0,-22.48,-43.02,-17.1,7.22,7.22,30.09,30.09,7.22,0,88.58,41.2,0,26.78,-1.11,-48.74,-13.29,6.25,-24.98,0.935957,31,0.31,-25.99,82.12,-18.22,,,-1.11,-47.37,24.11,16.83,-39.61,0.987592,46
26-11-2025,NSE:HAVELLS,EQ,92889.27,1439.8,764946,11013.69251,1.64,1.66,3.9,3L,1.44,-0.04,-1.26,-3.24,-3.67,-7.27,-8.49,-9.24,-4.94,-13.63,-2.95,-1,-1,-1,-1,-1,-1,-1,-1,-1,-1,-1,-0.33,-0.97,-1.29,-2.46,-3.66,-2.2,-5.73,0,0,7.94,0,0,7.94,-4.61,-10.84,-10.84,-18.6,-30.86,-4.61,-7.57,-6.17,-24.47,-27.44,-21.43,1.44,1.44,2.32,2.32,1.44,3,11.01,11.78,3.69,12.27,-4.15,-12.26,-13.99,-18.9,-22.54,0.935899,31,-2.76,-2.03,3.06,-17.03,,,-4.15,-7.96,-1.71,-5.73,-2.41,0.976542,30
26-11-2025,NSE:SKFINDIA,EQ,10139.73,1950.8,47750,931.507,2.64,2.61,4.39,S,0.16,-1.27,-5.17,-8.61,-10.69,-16.28,-10.92,-12.43,8.94,-14.52,-3.92,-1,-1,HVY,-1,-1,-1,-1,-1,-1,-1,-1,-2.02,-2.86,-4.74,-6.55,-10.6,3.75,-7.11,0,0,0,0,0,0,-9.81,-18.54,-18.68,-20.59,-41.05,-9.81,-9.83,-9.8,-15.98,-46.32,-32.49,0.16,0.16,12.12,12.12,0.16,1.83,24.36,26.06,1.06,14.17,-11.17,-14.69,-17.18,-5.02,-23.43,0.935654,31,-9.81,-8.13,19.85,-13.26,,,-11.17,-3.51,-2.39,9.35,-19.89,0.980892,37
26-11-2025,NSE:PRECOT,EQ,537.6,452.65,8451,38.25345,6.69,6.64,9.67,2M,1.24,-1.29,-5.3,-4.24,2.56,-1.86,-12.65,-19.3,1.01,-17.4,36.77,-1,HVQ,HVQ,-1,-1,-1,-1,-1,-1,-1,-1,-0.11,-0.03,-0.14,2.6,2.52,-9.39,-6.28,0,0,0,0,0,0,-8.65,-8.65,-28.26,-33.45,-33.45,-8.65,-30.1,-19.19,-20.61,-34.12,-6.9,22.01,22.01,29.13,65.17,5.44,18.88,45.46,54.04,63.51,93.91,2.08,-16.42,-24.05,-12.95,-26.31,0.935503,31,3.24,-26.74,8.37,9.98,,,2.08,-18.92,-6.92,7.36,-12.72,0.976989,31
26-11-2025,NSE:UNIECOM,EQ,1495.59,125.9,294444,370.705,3.49,3.6,5.68,,-0.50,-2.45,-8.81,-1.5,-4.03,-16.88,-9.43,-9.63,8.86,-37.71,NA,-1,-1,-1,-1,-1,-1,-1,-1,-1,-1,-1,-2.19,-1.3,-3.44,-3.84,-7.01,4.03,-3.11,0,0,22.22,0,0,6.35,-8.1,-17.03,-17.03,-35.1,NA,-8.1,-13.69,-4.46,-43.07,-52.67,NA,1.02,8.76,22.23,NA,1.02,13.14,33.76,34.01,0,NA,-4.51,-13.2,-14.38,-5.1,-46.62,0.935302,31,-3.69,6.56,17.98,-37.73,,,-4.51,-8.5,-1.21,7.21,-45.22,0.970555,24
26-11-2025,NSE:GPTINFRA,EQ,1343.26,109.06,298184,325.19947,3.39,3.33,4.54,L,-1.07,4.04,2.1,-0.63,-1.38,-9.3,-8.64,-32.83,11.65,-22.37,25.25,-1,HV2Y,HV2Y,HV2Y,HV2Q,-1,-1,-1,-1,-1,-1,1.98,-0.22,1.76,-3.13,-1.33,-7.85,-8.51,0,0,0,0,0,0,-1.07,-11.12,-25.3,-26.86,-45.5,-1.07,-16.45,-18.84,-23.67,-51.85,-33.3,6.83,6.83,25.88,46.49,6.83,6.87,36.75,67.2,32.71,83.83,-1.86,-12.41,-37.58,-2.31,-31.28,0.935211,31,0.04,-13.65,16.48,-23.55,,,-1.86,-10.47,-23.29,23.83,-32.65,0.986379,44
26-11-2025,NSE:KALYANKJIL,EQ,51214.61,497.55,3455943,17195.0444,2.56,2.53,4.7,M,3.06,-0.41,-2.25,-5.03,-1.67,3.71,-2.73,-13.1,2.66,-43.05,25.63,-1,-1,-1,-1,-1,EEP,-1,-1,-1,-1,-1,0.43,-0.49,-0.06,0.76,0.71,-4.87,-3.97,0,0,0,0,0,0,-4.79,-4.83,-18.83,-36.85,-36.85,-4.79,-16.62,-16.62,-28.58,-38.53,-7.8,10.99,10.99,22.1,35.65,3.06,12.84,25.44,38.1,32.03,94.04,-2.15,-6.5,-17.85,-11.3,-51.96,0.934955,31,-1.46,-14.84,5.8,-5.64,,,-2.15,-4.36,-11.11,4.28,-41.09,0.968201,21
26-11-2025,NSE:SARTELE,SM,814.96,202.9,164670,334.11543,5.46,5.51,3.89,,-0.44,9.54,17.1,11.29,12.42,3.67,1.43,-30.38,-9.68,-56.88,12.08,-1,-1,HVQ,-1,-1,HVQ,-1,-1,-1,-1,-1,5.88,3.35,9.54,1.16,10.82,-22.09,-9.23,0,0,0,0,0,0,-1.07,-5.08,-25.24,-38.04,-48.5,-1.07,-19.7,-31.68,-32.86,-43.52,-19.21,22.82,22.82,22.82,22.82,21.9,7.57,2.77,35.42,30.06,86.02,11.94,-2.34,-35.13,-23.64,-65.79,0.934881,31,15.65,-19.12,-13.51,-3.15,,,11.94,-15.86,-33.3,6.22,-37.15,0.965782,18
26-11-2025,NSE:WINDMACHIN,EQ,2488.31,277,62191,172.26907,4.14,4.24,3.98,S,0.58,-4.95,-5.58,-6.52,-1.57,-4.08,-20.72,-31.97,11.21,-3.07,74.3,-1,-1,-1,-1,-1,-1,-1,-1,-1,-1,-1,-2.57,-1.26,-3.78,-1.43,-5.13,-9.35,-13.24,0,0,0,0,0,0,-7.4,-16.77,-30.19,-35.13,-35.13,-7.4,-18.12,-15.73,-14.39,-42.4,0,1.56,1.56,14.13,328.79,1.56,0,37.78,101.97,280.73,341.95,-2.05,-24.49,-36.72,-2.75,-11.98,0.934878,31,1.56,-18.12,29.51,92.03,,,-2.05,-22.17,-10.34,23.06,-10.21,0.992043,53
26-11-2025,NSE:BBTC,EQ,12831.05,1842,273799,5043.37758,3.25,3.22,5.92,,0.73,-7.17,-2.62,-6.02,-10.48,-2.11,2.15,-8.18,-0.75,-35.41,12.6,HV2Y,HV2Y,-1,-1,-1,HVQ,-1,-1,-1,-1,-1,-2.16,-1.21,-3.32,-0.61,-3.9,1.17,-2.77,0,0,0,0,0,0,-8.93,-12.42,-12.42,-27.01,-36.15,-8.93,-3.23,-11.35,-30.93,-35.67,-13.54,5.04,5.04,12.28,34.06,0.73,16.05,9.87,21.46,35.07,81.53,-10.96,-1.62,-12.93,-14.71,-44.32,0.934661,31,-8.22,4.07,-5.14,-22.31,,,-10.96,8.12,-11.57,-2.8,-28.53,0.972494,26
26-11-2025,NSE:ARE&M,EQ,17663.78,949.8,358209,3402.26908,1.68,1.65,12.55,3L,0.44,-1.08,-1.51,-4.24,-5.49,-5.57,-3.87,-10.34,0.19,-28.91,16.58,-1,-1,-1,-1,EEP,-1,-1,-1,-1,-1,-1,-0.93,-1.14,-2.05,-2.24,-4.19,-0.41,-4.58,0,0,0,0,0,0,-6.56,-9.69,-12.81,-28.62,-44.62,-6.56,-4.73,-9.44,-33.32,-44.72,-28.61,0.44,2.09,2.09,26.92,0.44,7.69,6.04,11.2,26.67,63.61,-5.97,-7.64,-15.09,-13.77,-37.82,0.934644,31,-5.39,0.73,1.61,-32.31,,,-5.97,-1.77,-7.25,-0.11,-23.29,0.971943,26
26-11-2025,NSE:SPLPETRO,EQ,12262.18,660.4,323899,2139.029,3.47,3.44,3.31,2L,-0.86,5.16,0.14,-4.8,-20.84,-30.25,-18.87,-8.53,14.62,-3.81,8.53,-1,-1,-1,HVY,-1,-1,-1,-1,-1,-1,-1,-0.03,-3.45,-3.37,-10.9,-12.86,4.64,-8.62,0,0,9.52,0,0,1.59,-16.88,-24.1,-25.58,-25.58,-27.18,-16.88,-8.28,-11.54,-19.28,-37.83,-24.41,5.44,5.44,23.08,23.08,5.44,9.51,46.31,33.58,0,14.79,-21.32,-22.64,-13.28,0.66,-12.72,0.934615,31,-16.88,-0.25,37.3,-18.84,,,-21.32,-1.67,7.68,11.67,-15.71,0.988405,47
26-11-2025,NSE:CEIGALL,EQ,4295.89,239.1,228073,545.32254,2.25,2.22,6.45,M,0.38,-3.6,-3.58,-4.18,-6.19,-13.38,-3.55,-4.39,-3.14,-32.06,NA,-1,-1,-1,HV2Q,-1,-1,-1,-1,-1,-1,-1,-1.61,-1.53,-3.1,-4.08,-6.89,-0.91,-7.73,0,0,9.52,0,0,0,-6.22,-14.77,-16.59,-35.62,NA,-6.22,-9.5,-13.63,-38.26,-39,NA,0.38,0.38,0.38,NA,0.38,3.53,3.06,3.48,0,NA,-6.67,-7.32,-9.14,-17.1,-40.97,0.934544,31,-6.07,-3.72,-3.08,-37.18,,,-6.67,-0.82,-1.84,-8.46,-22.17,0.96919,22
26-11-2025,NSE:THEJO,EQ,1843.89,1704.8,4093,69.77746,3.94,3.84,7.14,,2.69,2.66,1.15,-4.03,-3.23,-9.84,-11.73,-10.62,1.83,-19.77,-28.56,-1,-1,-1,HV2Q,HVQ,-1,-1,-1,-1,-1,-1,0.48,-1.56,-1.07,-3.7,-4.61,-4.72,-8.9,0,0,0,0,0,0,-6.32,-12.09,-29.99,-29.99,-52.42,-6.32,-27.73,-21.78,-33.91,-53.29,-43.02,2.73,2.73,9.81,9.81,2.73,0,22.7,21.48,3.05,3.04,-3.71,-15.5,-15.37,-12.13,-28.68,0.934479,30,-5.61,-24.7,12.85,-33.91,,,-3.71,-11.55,-0.03,1.6,-16.13,0.974326,28
26-11-2025,NSE:DHARMAJ,EQ,803.87,245.5,62918,154.46369,5.16,5.02,3.84,2L,0.12,5.27,-3.26,-4.93,-20.81,-30.2,-51.45,3.71,26.73,-11.08,10.63,HVQ,HVQ,-1,HV2Q,-1,-1,-1,-1,-1,-1,-1,0.11,-4.16,-3.9,-12.51,-14.58,5.83,-9.29,0,0,12.7,0,0,11.11,-17.35,-34.08,-34.08,-34.08,-34.52,-17.35,-20.35,0,-36.95,-52.02,-27.27,6.51,6.51,40.67,40.67,6.51,1.02,113.04,35.46,0,35.27,-21.29,-55.22,-1.04,12.77,-19.99,0.934465,30,-17.35,-3.92,96.81,-35.78,,,-21.29,-28.66,35.4,14.24,-45.72,0.994338,56
26-11-2025,NSE:JKLAKSHMI,EQ,10366.06,764.6,125030,955.97938,2.71,2.73,5.06,L,-2.18,-7.1,-9.76,-11.42,-11.14,-12.85,-21.65,-13.2,8.09,1.39,-7.89,-1,-1,-1,-1,-1,-1,-1,-1,-1,-1,-1,-4.59,-2.35,-6.78,-3.38,-9.83,0.09,-9.75,0,0,0,0,0,0,-12.39,-20.45,-24.17,-24.17,-24.17,-12.39,-12.75,-7.76,-2.42,-26.27,-20.9,0,0,13.85,13.85,0,2.98,38.49,28.87,0.78,8.13,-11.62,-25.42,-17.95,-5.87,-7.52,0.934443,30,-8.92,-10.08,30.89,11,,,-11.62,-12.76,5.93,9.14,-1.42,0.987526,46
26-11-2025,NSE:SSWL,EQ,3230.06,194.23,195645,380.00128,3.29,3.25,3.18,2L,0.62,-4.31,-10.09,-16.59,-14.31,-22.37,-8.64,-22.61,8.4,-3.61,-24.34,-1,-1,-1,HV2Q,-1,EEP,-1,-1,-1,-1,-1,-3.53,-3.64,-6.92,-6.34,-12.47,1.32,-11.3,0,0,0,0,0,0,-16.58,-22.03,-29.17,-29.17,-29.17,-16.58,-10.87,-23.05,-3.18,-30.24,-21.1,0.62,0.62,13.02,13.02,0.62,6.41,22.78,38.57,0,5.52,-14.79,-12.41,-27.36,-5.56,-12.52,0.934347,30,-15.37,-7.78,18.62,3.22,,,-14.79,1.65,-13.88,15.63,-7.24,0.99095,51
26-11-2025,NSE:MUNJALSHOW,EQ,520.75,124.86,77349,96.57796,2.8,2.79,13.72,S,0.20,-1.87,-6.12,-4.35,-2.38,-16.99,-14.26,-17.05,3.41,-12.45,-24.94,-1,-1,-1,HV2Q,-1,HVQ,-1,-1,-1,-1,-1,-1.39,-1.32,-2.68,-3.3,-5.79,1.75,-4.11,0,0,0,0,0,0,-7.42,-14.52,-19.21,-20.31,-33.05,-7.42,-14.85,-7.69,-21.64,-38.38,-28.26,1.27,1.27,16.89,16.89,1.27,3.11,33.56,36.82,0,0.19,-2.86,-18.03,-21.8,-10.55,-21.36,0.934205,30,-3.96,-14.76,17.14,-11.65,,,-2.86,-14.92,-3.46,7.82,-10.55,0.979215,35
26-11-2025,NSE:RPOWER,EQ,16894.62,39.48,35318006,13943.54877,5.49,5.41,8.27,2L,6.13,-1.14,-5.65,-3.14,-13.04,-17.68,-17.68,-31.81,6.84,13.17,44.02,-1,-1,HVQ,HV2Y,HV2Q,HVQ,-1,-1,-1,-1,-1,0.25,-3.71,-3.33,-7.61,-10.17,-7.6,-16.52,0,0,0,0,0,0,-15.19,-19.15,-44.61,-44.61,-44.61,-15.19,-21.4,-34.81,-2.98,-31.43,-36.09,6.59,6.59,19.93,73.16,6.59,5.53,41.13,76.05,80.29,68.04,-13.52,-21.45,-36.56,-7.12,4.26,0.934151,30,-9.62,-21.4,22.42,43.36,,,-13.52,-7.41,-13.03,19.66,12.67,1.002037,65
26-11-2025,NSE:MENONBE,EQ,634.93,109.51,47332,51.83327,3.54,3.51,4.71,2L,0.15,-4.38,-4.73,-7,-13.93,-21.96,-14.32,-10.67,8.94,-8.47,-6.02,-1,-1,-1,HV2Q,HV2Q,-1,-1,-1,-1,-1,-1,-3.03,-2.01,-4.94,-5.43,-9.84,4.6,-5.49,0,0,0,0,0,0,-11.21,-19.02,-21.58,-21.58,-27.24,-11.21,-10.66,-10.35,-11.39,-33.74,-21.07,0.15,0.15,22.6,22.6,0.15,5.15,40.16,35.69,0,8.43,-14.41,-18.09,-15.42,-5.02,-17.38,0.934024,30,-11.21,-4.11,28.16,-7.42,,,-14.41,-3.65,2.17,8.06,-13.25,0.983181,40
26-11-2025,NSE:BOROLTD,EQ,3993.89,321.35,148943,478.62833,3.24,3.24,5.8,3L,-0.77,-2.37,-6.44,-9.72,-5.48,-15.59,-4.03,-9.1,0.96,-33.89,-20.16,-1,-1,HV2Q,-1,-1,-1,-1,-1,-1,-1,-1,-2.07,-1.68,-3.68,-2.81,-6.32,0.82,-5.54,0,0,3.17,0,0,0,-9.44,-13.99,-13.99,-32.3,-35.79,-9.44,-9.27,-9.95,-29.95,-36.41,-14.04,0.77,0.77,4.08,7.01,0.77,5.38,8.28,13.55,5.98,43.27,-5.96,-7.8,-13.85,-13,-42.8,0.933916,30,-6.9,2.71,2.36,-17.94,,,-5.96,-1.94,-5.9,-0.43,-29.32,0.969897,23
26-11-2025,NSE:20MICRONS,EQ,686.5,195.62,92135,180.23449,3.35,3.33,5.45,2L,4.06,0.49,-1.86,-10.44,-7.48,-16.42,-19.39,-19.49,14.29,-12.13,22.76,-1,-1,-1,HV2Q,HVQ,-1,-1,-1,-1,-1,-1,1.03,-2.72,-1.65,-5.75,-7,-2.9,-9.62,0,0,0,0,0,0,-10.15,-16.14,-29.64,-29.64,-42.29,-10.15,-21.71,-15.99,-31.05,-50.54,-35.29,5.65,5.65,16.67,36.8,5.65,1.5,35.93,39.4,22.3,59.99,-7.96,-23.16,-24.24,0.33,-21.04,0.933874,30,-6.57,-21.71,29.53,-30.29,,,-7.96,-14.39,-1.1,18.61,-24.95,0.984751,42
26-11-2025,NSE:STOVEKRAFT,EQ,2078.77,623.75,128364,800.67045,4.44,4.29,11.31,3L,0.14,1.22,-2.03,-13.64,-14.11,-12.24,-8.44,9.57,-11.7,-18.58,24.57,-1,-1,-1,HVQ,-1,-1,-1,-1,-1,-1,-1,-0.73,-3.26,-3.87,-4.78,-8.25,3.33,-5.1,0,19.05,44.44,0,19.05,28.57,-20.85,-20.85,-20.85,-33.84,-33.84,-20.85,-0.26,-15.95,-40.17,-26.1,-21.24,4.31,18.05,18.05,51.71,4.31,24.41,28.01,0,69.45,79.9,-14.59,-12.21,4.82,-25.66,-27.49,0.933844,30,-16.5,24.05,-8.22,-26.25,,,-14.59,1.66,15.59,-33.18,-0.29,0.976762,31
26-11-2025,NSE:STCINDIA,EQ,757.86,119.43,150909,180.23062,3.44,3.47,4.93,L,1.26,-4.61,-8.36,-11.81,-9.34,-8.11,-2.98,-14.94,2.17,-21.79,-10.73,-1,-1,HVQ,HV2Q,HVQ,-1,-1,-1,-1,-1,-1,-2.95,-2.63,-5.44,-3.53,-8.66,0.97,-7.77,0,0,0,0,0,0,-11.86,-17.01,-25.43,-31.46,-49.72,-11.86,-9.26,-23.21,-32.39,-50.81,-38.76,3.34,3.34,13.33,13.33,1.26,12.99,16.71,30.26,0,21.82,-9.82,-6.75,-19.69,-11.79,-30.7,0.93355,30,-8.38,1.66,-0.19,-32.13,,,-9.82,2.5,-12.63,5.22,-18.62,0.977745,33
26-11-2025,NSE:TCS,EQ,1121607.13,3162.9,3088486,97685.72369,1.41,1.43,6.77,,1.40,0.48,0.98,5.46,2.47,4.03,0.71,-10.62,-22.46,-28.77,-33.4,-1,-1,-1,-1,-1,-1,-1,-1,-1,-1,-1,1.26,0.95,2.24,1.55,3.85,-8.85,-4.6,0,0,0,0,0,0,0,-0.43,-10.02,-29.3,-30.54,0,-2.89,-17.05,-23.17,-14.94,-10.56,9.5,9.5,9.5,9.5,5.78,6.8,4.58,8.27,5.51,10.95,1.99,-3.06,-15.37,-36.42,-37.68,0.933539,30,3.43,-1.62,-17.01,-22.29,,,1.99,-5.12,-12.42,-20.36,0.72,0.969205,22
26-11-2025,NSE:IRCTC,EQ,57040,688.5,759690,5230.46565,1.5,1.52,4.19,L,1.62,-2.4,-3.97,-4.36,-5.17,-3.91,-4.84,-15.2,-4.46,-15.3,-32.53,-1,-1,-1,-1,-1,-1,-1,-1,-1,-1,-1,-1,-1.09,-2.06,-1.38,-3.39,-3.38,-6.55,0,0,0,0,0,0,-5.77,-6.53,-12.73,-19.52,-38.85,-5.77,-2.97,-10.78,-16.09,-36.13,-29.5,1.62,1.62,2.62,2.62,1.62,4.65,7.59,18.21,0,0,-5.65,-8.61,-19.95,-18.42,-24.21,0.933538,30,-4.6,-2.97,-0.89,-15.57,,,-5.65,-3,-10.9,-0.34,-4.51,0.977584,32
26-11-2025,NSE:INFOLLION,SM,378.18,389.65,10184,39.68196,3.36,3.57,2.99,2M,3.55,1.19,1.09,-1.63,-0.35,-20.2,-13.69,-26.27,4.63,-11.57,58.01,-1,-1,-1,-1,-1,-1,-1,-1,-1,-1,-1,1.47,-1.66,-0.19,-7.06,-6.77,-6.58,-12.53,0,0,0,0,0,0,-1.81,-19.98,-23.99,-31.9,-31.9,-1.81,-19.7,-22.58,-14.02,-28.52,-8.65,3.55,3.55,13.77,124.91,3.55,0,29.34,82.19,127.14,165.74,-0.83,-17.46,-31.02,-9.33,-20.48,0.933476,30,-1.81,-15.64,25.48,70.69,,,-0.83,-16.61,-12.08,14.81,-11.12,0.982842,39
26-11-2025,NSE:DAVANGERE,EQ,533.39,3.6,7685667,276.68401,4.01,4.03,3.04,2M,0.28,-2.22,-4.72,-3.89,4.72,-4.44,6.67,-0.61,-36.93,-60.33,-87.37,-1,-1,HV2Q,-1,-1,HVQ,-1,-1,-1,-1,-1,-1.14,-0.84,-1.96,-1.49,-3.4,-1.49,-4.82,0,0,22.22,0,0,7.94,-10.22,-12.41,-12.41,-41.09,-64.93,-10.22,-16.55,-33.41,-50.07,-53.56,-45.62,10.09,16.5,16.5,16.5,1.98,11,8.74,7.16,0.59,0,4.24,2.9,-5.36,-50.89,-69.24,0.933469,30,-4.51,1.48,-33.28,-47.84,,,4.24,-1.27,-8.82,-45.76,-11.22,0.957795,11
26-11-2025,NSE:ONWARDTEC,EQ,654.87,289.05,51273,148.20461,4.13,4.06,5.95,2L,6.09,1.37,-0.07,-4.22,-10.79,-3.3,-13.68,-4.19,0.09,-9.83,-55.28,-1,-1,EEP,HV2Y,HVQ,-1,-1,-1,-1,-1,-1,2.18,-2.29,-0.11,-4.05,-4,0.7,-3.32,0,0,0,0,0,0,-9.33,-15.28,-23.92,-23.92,-42.56,-9.33,-6.14,-13.51,-33.34,-46.19,-40.86,6.56,6.56,38.8,38.8,6.56,11.18,57.79,44.61,14.56,3.37,-11.27,-17.45,-8.94,-13.87,-18.74,0.933326,30,-9.33,-5.01,11.18,-27.96,,,-11.27,-5.92,7.33,-5.56,-4.05,0.978842,34
26-11-2025,NSE:HPL,EQ,2988.04,420.95,138618,583.51247,3.11,3.26,5.78,,0.12,-6.46,-7.83,-3.41,-4.32,-10.99,-13.81,-29.28,12.29,-14.46,28.74,-1,-1,-1,-1,EEP,EEP,-1,-1,-1,-1,-1,-2.99,-1.41,-4.35,-2.64,-6.81,-5.63,-11.77,0,0,0,0,0,0,-9.55,-15.3,-33.13,-33.13,-37.41,-9.55,-26.27,-23.89,-19.08,-45.1,-28.36,1.32,1.32,17.72,42.91,1.32,1.97,33.98,52.18,27.75,66.71,-4.8,-17.58,-34.03,-1.67,-23.37,0.933322,30,-3.77,-21.06,19.18,-19.08,,,-4.8,-12.41,-14.61,22.5,-24.63,0.987034,45
26-11-2025,NSE:RUSTOMJEE,EQ,6840.03,541.7,122305,662.52619,3.27,3.23,12.77,,1.82,1.01,0.28,-4.62,-5.85,-13.05,-21.41,2.3,7.78,-31.29,-12.41,-1,-1,-1,-1,-1,-1,-1,-1,-1,-1,-1,0.15,-1.61,-1.44,-5.09,-6.22,1.35,-4.93,0,0,4.76,0,0,0,-6.05,-17.31,-19.13,-26,-29.67,-6.05,-12.82,-1.81,-31.29,-35.14,-7.67,2.34,3.67,9.35,9.35,2.34,1.58,32.76,6.83,0,20.42,-6.33,-25.18,-2.45,-6.18,-40.2,0.933308,30,-4.3,-8.27,30.68,-30.07,,,-6.33,-18.01,18.51,-4.05,-36.5,0.970526,24
26-11-2025,NSE:TATATECH,EQ,27722.29,683.3,753391,5147.9207,1.8,1.82,5.98,S,2.06,0.15,-1.87,-0.51,-1.83,-0.18,-0.27,-13.13,-5.56,-36.57,-53.61,-1,-1,-1,-1,-1,-1,-1,-1,-1,-1,-1,0.63,-0.54,0.09,-1.34,-1.23,-1.23,-2.43,0,0,0,0,0,0,-2.55,-5.67,-13.24,-28.55,-39.92,-2.55,-3.95,-13.01,-31.04,-36.58,-17.95,3.96,3.96,12.31,12.31,2.06,5.87,12.62,27.06,0.05,0,-2.31,-4.04,-17.88,-19.52,-45.48,0.933268,30,-1.75,-1.77,-6.1,-23.25,,,-2.31,-1.78,-13.85,-2.97,-23.5,0.968362,21
26-11-2025,NSE:PROSTARM,EQ,910.67,159.64,596716,952.59742,4.36,4.33,2.66,,2.17,-0.96,-0.78,-2.83,-8.68,-28.05,-28.65,NA,NA,NA,NA,-1,-1,-1,-1,-1,-1,-1,-1,-1,-1,-1,1.01,-3.25,-2.16,-11.66,-12.38,,,0,0,3.17,0,0,0,-9.69,-30.39,NA,NA,NA,-9.69,-27.59,NA,NA,NA,NA,5.35,NA,NA,NA,5.35,0,NA,NA,NA,NA,-9.16,-32.42,0,0,0,0.932899,30,-6.48,-21.93,,,,,-9.16,-21.69,98.98,-9.66,5.87,0.960071,13
26-11-2025,NSE:AARTIIND,EQ,14304.33,377.95,847469,3203.00909,2.45,2.45,8.59,S,-0.47,-3.24,-5.07,-1.89,-0.66,-1.43,-2.8,-26.59,-8.45,-12.61,-67.99,-1,-1,-1,-1,-1,-1,-1,-1,-1,-1,-1,-1.74,-0.21,-1.94,0.56,-1.39,-8.38,-9.02,0,0,0,0,0,0,-4.82,-4.82,-21.98,-22.35,-49.97,-4.82,-14.6,-20.17,-25.33,-45.74,-43.66,1.65,1.65,6.43,6.43,0.01,2.33,9.42,34.74,3.03,0,-1.14,-6.57,-31.34,-22.41,-21.52,0.932884,29,0.01,-11.57,-6.74,-23.47,,,-1.14,-5.44,-24.16,4.67,2.04,0.98122,37
26-11-2025,NSE:AUTOAXLES,EQ,2501.03,1609.4,4741,76.30165,1.96,2.04,4.79,3L,0.91,-2.27,-3.82,-2.75,-7.82,-11.26,-9.7,-10.52,-4.21,-8.45,-15.64,-1,-1,-1,-1,HVQ,-1,-1,-1,-1,-1,-1,-1.25,-1.57,-2.77,-3.26,-5.84,-0.73,-6.52,0,0,0,0,0,0,-9.65,-11.25,-16.58,-16.58,-24.71,-9.65,-10.05,-8.49,-13.16,-21.54,-18.35,0.91,0.91,3.9,3.9,0.91,6.17,13.97,14.83,0.41,0.41,-8.3,-13.47,-15.27,-18.17,-17.36,0.93288,29,-7.65,-8.51,4.9,-11.43,,,-8.3,-5.05,-1.77,-3.95,1.8,0.979744,36
26-11-2025,NSE:ZENSARTECH,EQ,16482.34,735.3,479163,3523.28554,3.09,3.07,7.2,,2.67,3.51,-0.84,-0.11,-9.88,-9.89,-10.26,-12.82,-9.21,2.94,24.64,-1,-1,-1,-1,EEP,EEP,-1,-1,-1,-1,-1,1.71,-1.62,0.09,-4.51,-4.23,-1.58,-5.72,0,0,0,0,0,0,-8.53,-14.28,-16.39,-24.02,-24.02,-8.53,-5.81,-7.81,-14.28,-17.02,-12.18,5.4,5.4,17.17,28.64,5.4,7.79,29.19,32.2,52.89,35.89,-10.36,-14.03,-17.57,-23.17,-5.97,0.932789,29,-8.12,1.42,0.2,5.48,,,-10.36,-3.66,-3.35,-6.45,16.99,0.987773,46
26-11-2025,NSE:DRCSYSTEMS,EQ,248.45,18.12,109655,19.86949,5.2,5.22,5.34,L,0.83,-0.39,-7.95,-6.4,-7.56,-9.71,3.42,-4.86,-12.8,-35.82,1.49,-1,-1,HVQ,-1,HV2Q,HVQ,-1,-1,-1,-1,-1,-0.35,-2.37,-2.67,-5.35,-7.61,-4.64,-11.7,0,0,12.7,0,0,1.59,-8.21,-21.11,-21.11,-47.48,-47.48,-8.21,-15.15,-41.67,-44.93,-40.75,-23.17,7.22,7.22,7.22,8.5,7.22,14.78,3.06,4.86,22.4,47.37,-8.04,-0.35,-9.61,-26.76,-44.73,0.9326,29,-6.98,3.84,-16.39,-30.1,,,-8.04,6.9,-9.59,-17.24,-14.53,0.969003,22
26-11-2025,NSE:PUSHPA,SM,296.85,117,45160,52.8372,3.16,3.37,6.53,2M,-1.43,-5,-6.97,-22.52,-13.33,-12.44,-23.16,NA,NA,NA,NA,-1,-1,-1,-1,-1,-1,-1,-1,-1,-1,-1,-3.46,-2.91,-6.19,-4.86,-10.54,,,0,0,14.29,0,0,0,-18.38,-18.38,NA,NA,NA,-18.38,-8.83,NA,NA,NA,NA,0,NA,NA,NA,0,11.43,NA,NA,NA,NA,-13.81,-26.93,0,0,0,0.93251,29,-10.72,-0.04,,,,,-13.81,-11.98,98.98,-9.66,5.87,0.964722,17
26-11-2025,NSE:TCL,SM,265.32,107,36416,38.96512,3.7,4.21,7.35,L,0.00,0.89,-15.7,-16.82,-20.33,-19.63,-8.88,12.76,0.7,-37.62,-41.26,-1,-1,-1,HVQ,HV2Q,HVQ,-1,-1,-1,-1,-1,-3.04,-4.41,-7.14,-6.23,-12.58,12.25,-0.38,0,19.05,49.21,0,14.29,22.22,-20.09,-20.09,-20.09,-32.77,-56.45,-20.09,-2.35,-2.75,-52.42,-56.76,-40.07,2.2,19.69,36.92,36.92,1.9,24.28,49.07,19.45,0,5.03,-20.81,-12.65,8.01,-13.26,-46.53,0.932331,29,-17.69,18.45,18.88,-50.53,,,-20.81,6.2,18.85,-23.48,-32.72,0.971548,25
26-11-2025,NSE:REDTAPE,EQ,7372.24,133.32,712715,950.19164,3.35,3.34,2.72,3L,0.51,2,-0.58,-2.75,0.37,-15.5,6.05,-12.79,-15.29,-51.29,-10.5,-1,-1,HV2Y,HVQ,HVQ,-1,-1,-1,-1,-1,-1,0.94,-1,-0.05,-3.96,-3.86,-0.64,-4.47,0,0,17.46,0,0,4.76,-5.5,-17.25,-17.25,-39.96,-44.87,-5.5,-17.56,-23.73,-37.82,-36.44,-16.6,10.65,10.65,10.65,10.65,4.75,10.24,3.91,15.21,11.81,46.73,-0.11,2.28,-17.54,-29.25,-60.2,0.932296,29,1.55,-0.21,-22.25,-14.32,,,-0.11,2.4,-21.08,-11.87,-25.36,0.963086,15
26-11-2025,NSE:MVGJL,EQ,981.83,193.08,88593,171.05536,3.83,3.92,3.55,,-0.76,-2.84,-5.39,-4.92,2.38,-2.28,-4.55,-21.27,-15.5,-13.71,5.01,-1,-1,-1,HVQ,-1,HVQ,-1,-1,-1,-1,-1,-2.06,0.33,-1.74,1.39,-0.36,-10.33,-9.68,0,0,0,0,0,0,-5.11,-5.52,-27.64,-35.61,-35.86,-5.11,-14.38,-24.35,-22.22,-25.92,-27.07,5.99,5.99,5.99,5.99,1.7,3.47,6.28,23.28,21.59,19.71,1.9,-8.32,-26.02,-29.46,-22.62,0.932217,29,1.14,-12.95,-9.09,-5.66,,,1.9,-10.41,-17.02,-4.9,7.42,0.977515,32
26-11-2025,NSE:IRFC,EQ,160350.57,118.08,7188479,8488.156,1.65,1.63,3.92,L,1.15,-2.35,-2.97,-3.52,-4.55,-6.36,-5.32,-18.27,-1.01,-19.98,-15.98,-1,-1,-1,-1,HVQ,-1,-1,-1,-1,-1,-1,-0.99,-1.23,-2.19,-2.52,-4.6,-3.66,-7.97,0,0,0,0,0,0,-5.6,-8.95,-19.65,-28.4,-45.71,-5.6,-6.63,-15.38,-23.86,-45.16,-34.86,1.15,1.15,6.25,6.25,1.15,4.52,11.9,25.66,0,14.02,-5.03,-9.09,-23.02,-14.97,-28.89,0.93211,29,-3.82,-6.5,0.07,-23.03,,,-5.03,-4.05,-13.31,4.93,-12.91,0.976435,30
26-11-2025,NSE:GLAXO,EQ,42266.81,2489.3,79997,1991.36532,2.56,2.51,6.14,2L,0.13,-1.19,-0.7,-6.8,-7.94,-10.33,-12.57,-25.26,-1.91,4.81,22.61,-1,-1,-1,-1,EEP,EEP,-1,-1,-1,-1,-1,-0.6,-1.79,-2.36,-4.24,-6.32,-6.48,-12.03,0,0,0,0,0,0,-7.21,-13.08,-28.18,-28.18,-28.18,-7.21,-15.96,-19.16,0,-17.14,-22.6,0.52,0.52,27.25,33.03,0.52,3.79,13.2,59.4,35.57,26.64,-8.42,-16.34,-30.01,-15.87,-4.1,0.93209,29,-6.35,-14.54,11.76,6.98,,,-8.42,-7.6,-12.3,8.98,12.46,0.991253,51
26-11-2025,NSE:AGI,EQ,5093.62,778.8,93952,731.69818,2.35,2.35,3.07,2L,2.93,1.86,-1.78,-4.89,-7.05,-16.6,-20.31,-11.6,10.36,-16.09,1.75,-1,-1,-1,EEP,-1,HVQ,-1,-1,-1,-1,-1,0.85,-2.2,-1.32,-5.22,-6.21,1.44,-4.84,0,0,3.17,0,0,0,-7.24,-15.29,-19.91,-39.37,-39.37,-7.24,-14.22,-3.64,-32.33,-45.65,-12.57,4.28,4.28,23.57,23.57,4.28,1.52,48.67,37.91,8.45,40.45,-7.53,-24.08,-16.35,-3.6,-25,0.932028,29,-5.89,-10.93,33.46,-4.68,,,-7.53,-15.7,6.22,10.02,-23.64,0.978422,34
26-11-2025,NSE:RGL,EQ,1461.39,121.74,751220,914.53523,4.8,4.73,12.72,L,1.06,-6.6,-16.75,-12.07,-10.97,3.09,4.57,-11.61,-1.43,-41.7,10.05,-1,-1,-1,HV2Q,-1,-1,-1,-1,-1,-1,-1,-5.2,-2,-7.05,1.34,-5.79,3.86,-2.01,0,52.38,36.51,0,23.81,19.05,-14.35,-14.35,-14.35,-39.55,-39.55,-14.35,-3.58,-14.94,-32.54,-38.69,-10.73,11.76,15.44,15.94,36.33,1.06,28.1,10.65,32.4,38.28,93.18,-11.45,0.8,-16.36,-15.39,-50.61,0.931965,29,-9.09,18.8,-13.06,27.01,,,-11.45,10.69,-17.97,-0.54,-33.84,0.972098,26
26-11-2025,NSE:MBEL,EQ,2456.8,393.95,772671,3043.9374,5.97,5.71,3.63,,3.10,-2.91,-10.99,-14.28,-18.07,-4.49,-18.68,NA,NA,NA,NA,-1,-1,-1,-1,-1,-1,-1,-1,-1,-1,-1,-3.05,-3.48,-6.31,-0.39,-6.67,,,0,0,1.59,0,0,0,-23.39,-23.39,NA,NA,NA,-23.39,-1.6,NA,NA,NA,NA,7.68,NA,NA,NA,3.1,27.14,NA,NA,NA,NA,-18.55,-22.45,0,0,0,0.931931,29,-13.04,,,,,,-18.55,-3.83,98.98,-9.66,5.87,0.969575,22
26-11-2025,NSE:RAYMONDLSL,EQ,6860,1146.7,108365,1242.62146,3.8,3.75,4.64,M,3.47,1.3,0.83,-2.3,-5.35,-10.19,-2.85,5.4,-3.64,-70.28,NA,-1,-1,-1,HV2Y,HV2Q,-1,-1,-1,-1,-1,-1,1.59,-1.3,0.28,-3.92,-3.5,4.32,0.86,0,0,14.29,0,0,7.94,-5.49,-13.77,-13.77,-48.85,NA,-5.49,-9.15,-10.71,-62.19,-58.58,NA,4.73,12.85,24.82,NA,4.73,17.05,28.38,18.08,4.7,NA,-5.83,-6.62,0.65,-17.6,-79.19,0.931892,29,-4.72,10.07,0.7,,,,-5.83,-0.93,7.01,-19.22,-58.43,0.956826,10
26-11-2025,NSE:MOBIKWIK,EQ,2016.8,237.7,2898003,6888.55313,3.86,3.78,3.04,M,-0.13,-6.52,-9.91,-6.21,-10.6,-16.41,4.4,-13.59,-33.91,NA,NA,-1,-1,2,HVQ,-1,HV2Y,-1,-1,-1,-1,-1,-3.92,-2.31,-6.09,-5.66,-11.12,-1.8,-12.69,0,0,11.11,0,0,0,-10.06,-26.93,-26.93,NA,NA,-10.06,-19.18,-31.84,-57.72,NA,NA,8.1,8.1,NA,NA,0,19.56,0.87,16.88,NA,NA,-11.08,0.63,-18.34,-47.87,0,0.931891,29,-9.03,2.47,-28.62,,,,-11.08,10.25,-19.84,-27.55,105.87,0.969846,23
26-11-2025,NSE:ACCELYA,EQ,2013.55,1283.8,25318,325.03248,1.56,1.55,5.39,2L,-1.05,-4.16,-4.52,-8,-8.09,-15.93,-11.58,-8.88,-0.57,-13.48,-29.95,-1,-1,-1,-1,-1,-1,-1,-1,-1,-1,-1,-2.5,-2.36,-4.74,-5.59,-9.79,2.86,-7.13,0,0,33.33,0,0,26.98,-8.07,-14.49,-14.49,-20.21,-33.54,-8.07,-7.58,-1.53,-25.86,-33.16,-24.58,0.12,0.12,3.8,3.8,0.12,1.61,15.82,13.01,0,0,-8.57,-15.35,-13.63,-14.53,-22.39,0.931872,29,-7.19,-0.83,7.99,-21.53,,,-8.57,-6.55,1.4,-2.03,-6.97,0.976868,31
26-11-2025,NSE:NUVOCO,EQ,13107.63,349.05,446164,1557.33544,3.4,3.33,9.55,L,-1.69,-4.44,-7.26,-14.32,-21.77,-29.09,-29.82,-1.82,10.7,4.15,14.12,-1,-1,-1,-1,EEP,-1,-1,-1,-1,-1,-1,-3.78,-3.92,-7.41,-8.46,-14.64,8.37,-6.84,0,0,14.29,0,0,9.52,-17.8,-25.83,-25.83,-25.83,-25.83,-17.8,-9.68,-2.82,-4.01,-16.42,-10.3,0,2.78,20.88,20.88,0,5.03,56.94,23.08,5.89,13.66,-22.25,-33.59,-6.57,-3.26,-4.76,0.931851,29,-17.8,2.97,40.71,3.03,,,-22.25,-9.92,20.55,2.64,-1.46,0.990232,50
26-11-2025,NSE:CHEMBONDCH,EQ,403.96,150.24,23707,35.6174,4.67,4.62,9.64,,0.54,-4.8,0.78,-2.07,-5.44,-20.81,-35.12,NA,NA,NA,NA,-1,-1,-1,-1,-1,-1,-1,-1,-1,-1,-1,-1.53,-0.85,-2.36,-4.78,-6.82,,,0,0,9.52,0,0,0,-6.6,-22.91,NA,NA,NA,-6.6,-27.06,NA,NA,NA,NA,2.83,NA,NA,NA,2.83,4.66,NA,NA,NA,NA,-5.92,-38.89,0,0,0,0.9318,29,-5.3,-19.5,,,,,-5.92,-31.46,98.98,-9.66,5.87,0.955593,10
26-11-2025,NSE:EFCIL,EQ,2945.29,264.85,640614,1696.66618,4.32,4.23,7.93,S,0.80,-9.29,-15.88,-10.31,-12.31,-18.6,-25.45,NA,NA,NA,NA,-1,-1,-1,-1,-1,-1,-1,-1,-1,-1,-1,-4.67,-3.06,-7.5,-4.33,-11.33,,,0,0,0,0,0,0,-13.7,-21.68,NA,NA,NA,-13.7,-13.75,NA,NA,NA,NA,0.8,NA,NA,NA,0.8,2.34,NA,NA,NA,NA,-12.79,-29.22,0,0,0,0.931692,29,-11.58,,,,,,-12.79,-15.01,98.98,-9.66,5.87,0.962634,15
26-11-2025,NSE:SDBL,EQ,2340.82,116.45,685333,798.07028,3.14,3.2,9.34,L,-0.50,-4.66,-10.84,-11.72,-9.95,-17.51,-20.26,-34.74,5.41,12.4,16.05,-1,-1,-1,-1,HVQ,HVQ,-1,-1,-1,-1,-1,-2.38,-2.69,-4.94,-4.16,-8.74,-6.45,-14.27,0,0,0,0,0,0,-12.19,-17.35,-31.56,-31.56,-31.56,-12.19,-18.68,-17.7,0,-22.05,-27.81,2.1,2.1,15.33,20.75,2.1,3.9,26.41,61.85,25.28,16.03,-10.43,-24.03,-39.49,-8.55,3.49,0.931445,29,-8.82,-18.68,22.65,44.15,,,-10.43,-12.68,-13.07,20.14,13.26,1.000704,63
26-11-2025,NSE:DBREALTY,EQ,7570.43,135.52,1191605,1614.8631,3.79,3.71,3.12,L,1.11,-3.98,-5.96,-8.97,-15.77,-26.75,-28.85,-21.23,19.67,-0.68,-40.47,HVQ,HVQ,-1,-1,HV2Y,-1,-1,-1,-1,-1,-1,-2.28,-3.29,-5.39,-7.59,-12.07,-3.73,-15.23,0,0,0,0,0,0,-11.27,-24.78,-37.07,-37.07,-37.07,-11.27,-15.46,-18.91,-8.64,-55.59,-44.34,2.8,2.8,33.08,33.08,2.8,4.42,71.48,61.33,0,3.25,-16.25,-32.62,-25.98,5.71,-9.59,0.931341,28,-10.75,-15.03,50.29,-8.56,,,-16.25,-14.61,4.9,24.08,-19.47,0.994251,56
26-11-2025,NSE:SUNDROP,EQ,2880.23,758.1,13690,103.78389,3.07,3.05,18.43,2M,0.61,1.09,-3.57,-3.44,0.44,-7.82,-10.2,-19.01,-5.65,-15.3,10.22,-1,-1,-1,EEP,-1,-1,-1,-1,-1,-1,-1,0.1,-0.9,-0.79,-2.3,-3.02,-4.75,-7.42,0,0,0,0,0,0,-3.92,-12.09,-18.48,-23.53,-30.07,-3.92,-13.88,-10.16,-16.78,-26.12,-19.37,2.41,2.41,2.41,12.5,2.22,1.96,11.71,20.65,21.54,32.64,-0.04,-13.97,-23.76,-19.61,-24.21,0.931145,28,0.18,-13.88,4.94,9.32,,,-0.04,-14,-9.02,1.56,-3.26,0.976072,30
26-11-2025,NSE:GNFC,EQ,7367.61,489,234300,1145.727,1.97,1.97,4.78,S,0.79,-0.99,-6.23,-1.49,-2.14,-2.51,-8.44,-12.03,-11.5,-13.61,-28.12,-1,-1,-1,-1,EEP,-1,-1,-1,-1,-1,-1,-0.84,-0.67,-1.5,-0.67,-2.16,-3.35,-5.34,0,0,0,0,0,0,-5.86,-9.01,-14.04,-25.03,-36.12,-5.86,-8.56,-6.79,-22.31,-28.78,-27.43,0.79,0.79,4.86,4.86,0.79,1.82,13.7,17.48,4.6,1.94,-2.62,-12.21,-16.78,-25.46,-22.52,0.931021,28,-3.99,-7.23,-2.75,-18.14,,,-2.62,-9.48,-4.34,-9.19,3.98,0.975623,29
26-11-2025,NSE:NTPCGREEN,EQ,83521.78,94.55,5362802,5070.52929,1.69,1.68,9.31,2M,-0.21,-3.84,-4.53,-6.55,-6.83,-8.23,-7.63,-19.81,-10.83,NA,NA,-1,-1,-1,-1,-1,-1,-1,-1,-1,-1,-1,-2.34,-1.41,-3.7,-1.83,-5.43,-3.14,-8.31,0,0,0,0,0,0,-9.99,-10.78,-18.95,NA,NA,-9.99,-5.84,-12.76,-23.77,NA,NA,0,0,NA,NA,0,4.01,16.86,30.09,NA,NA,-7.31,-11.4,-24.56,-24.79,0,0.930906,28,-6.93,-4.51,-2.73,,,,-7.31,-4.05,-12.34,-2.17,105.87,0.978527,34
26-11-2025,NSE:BAJAJHIND,EQ,2699.06,20.97,5592006,1172.64366,2.63,2.66,2.63,3L,3.05,-0.05,-0.19,-4.63,-5.39,0.67,-0.57,-12.35,-0.62,-43.3,-40.2,-1,-1,-1,-1,-1,-1,-1,-1,-1,-1,-1,0.5,-1.19,-0.68,-0.97,-1.64,-4.02,-5.43,0,0,0,0,0,0,-7.46,-7.46,-28.01,-39.43,-53.55,-7.46,-11.85,-27.6,-45.63,-53.27,-33.44,7.81,7.81,19.76,19.76,3.05,13.62,20.45,34.55,0,7.9,-5.87,-4.34,-17.1,-14.58,-52.21,0.930853,28,-4.64,-11.85,-5.93,-43.73,,,-5.87,1.26,-12.73,0.78,-36.55,0.967656,20
26-11-2025,NSE:MONARCH,EQ,2481.1,304.4,130479,397.17808,2.44,2.44,7.53,L,1.35,-4.25,-0.46,-2.15,-2.14,-7.29,-8.39,-0.9,-12.93,-28.98,12.01,-1,-1,-1,-1,-1,HVQ,-1,-1,-1,-1,-1,-1.14,-0.67,-1.8,-1.78,-3.52,-4.93,-8.06,0,0,0,0,0,0,-5.1,-9.91,-20.8,-36.44,-36.44,-5.1,-15.6,-14.15,-35.87,-28.23,-18.03,1.35,1.35,1.62,27.58,1.35,0.79,10.15,2.54,44.07,64.54,-2.62,-12.16,-5.65,-26.89,-37.89,0.930835,28,-1.46,-15.11,-8.08,-22.91,,,-2.62,-9.44,5.89,-21.58,-8.34,0.96739,20
26-11-2025,NSE:DWARKESH,EQ,771.41,41.17,435540,179.31182,2.8,2.83,4.28,3L,0.86,-1.02,-2.33,-2.6,-9.33,-4.08,2.4,-14.72,1.58,-43.16,-94.68,-1,-1,HV2Q,-1,EEP,-1,-1,-1,-1,-1,-1,-0.29,-1.47,-1.73,-1.84,-3.51,-1.46,-4.89,0,0,0,0,0,0,-10.52,-10.52,-20.04,-37.9,-48.79,-10.52,-2.07,-21.97,-39.87,-50.53,-28.03,4.41,5.97,14.46,14.46,2.46,15.86,11.7,31.3,0.75,0,-9.81,-1.37,-19.47,-12.38,-52.07,0.930759,28,-7.59,-0.11,-5.21,-35.91,,,-9.81,7.42,-18.57,4.55,-39.59,0.971678,25
26-11-2025,NSE:SAURASHCEM,EQ,1079.04,91.24,73715,67.25757,3.17,3.15,4.06,2L,1.02,-5.73,-7.45,-9.29,-13.52,-16.54,-32.33,-0.45,13.21,-11.58,-9.6,-1,-1,-1,HV2Q,HVQ,-1,-1,-1,-1,-1,-1,-2.55,-3.06,-5.44,-6.22,-10.98,5.83,-5.47,0,0,11.11,0,0,0,-10.66,-24.98,-28.33,-28.33,-36.93,-10.66,-18.63,-5.15,-29.72,-45.26,-29.62,1.27,8.21,21.51,21.51,1.27,4.27,60.79,22.05,0,3.73,-14,-36.1,-5.2,-0.75,-20.49,0.930491,28,-10.66,-0.19,46.53,-27.43,,,-14,-19.88,23.07,3.94,-22.69,0.981439,38
26-11-2025,NSE:CONCOR,EQ,39482.27,518.6,2348089,12177.18955,2.04,2.04,5.65,3L,1.19,0.2,-2.28,-4.61,-4.27,-2.35,-4.97,-18.58,-4.71,-18.77,-33.55,-1,-1,-1,-1,-1,-1,-1,-1,-1,-1,-1,0.07,-1.01,-0.93,-1.87,-2.74,-5.09,-7.45,0,0,0,0,0,0,-6.36,-8.07,-19.92,-24.46,-44.79,-6.36,-9.68,-15.94,-22.57,-42.19,-34.43,1.45,1.45,3.94,3.94,1.45,3.33,9.11,23.25,0.53,0,-4.75,-8.74,-23.33,-18.67,-27.68,0.930248,28,-4.18,-9.68,-2.26,-22.26,,,-4.75,-3.98,-13.98,2.04,-7.56,0.975991,30
26-11-2025,NSE:LLOYDSENGG,EQ,6699.92,54.19,2252944,1220.87035,3.41,3.44,8.38,L,3.95,-1.85,-8.49,-10.76,-8.38,-11.53,-25.39,1.48,-0.8,-9.17,23.47,-1,-1,-1,HVQ,EEP,HVQ,-1,-1,-1,-1,-1,-1.53,-2.96,-4.36,-4.92,-8.84,-2.14,-10.75,0,0,0,0,0,0,-10.37,-17.28,-33.74,-33.74,-33.74,-10.37,-19.77,-16.91,-31.22,-32.73,-27.15,4.25,4.25,15.47,39.12,4.25,1.22,44.79,13.77,41.67,53.44,-8.86,-29.16,-3.27,-14.76,-18.08,0.930141,28,-7.3,-19.55,15.78,-25.96,,,-8.86,-19.01,20.41,-11.97,-2.44,0.978761,34
26-11-2025,NSE:SINCLAIR,EQ,448.78,85.34,73286,62.54227,3.49,3.44,3.9,S,1.27,-1.23,-5.61,-6.84,-15.46,-14.59,-16.16,-8.2,2,-2.37,NA,-1,-1,-1,HVQ,-1,HV2Q,-1,-1,-1,-1,-1,-1.51,-2.86,-4.25,-7.04,-10.54,1.5,-9.18,0,0,15.87,0,0,11.11,-12.61,-23.6,-23.6,-36.05,NA,-12.61,-11.79,-9.23,-30.8,-37.75,NA,1.27,1.27,9.17,NA,1.27,4.62,26.81,18.13,0,NA,-15.94,-19.93,-12.95,-11.96,-11.28,0.930099,28,-12.61,-3.79,12.52,-18.25,,,-15.94,-3.92,5.83,-0.23,1.41,0.984046,41
26-11-2025,NSE:PFS,EQ,2303.23,34.53,1919216,662.70528,2.08,2.05,5.97,3L,1.20,-0.96,-4.32,-4.95,-10.22,-7.3,-13.44,-6.17,0.09,-14.31,1.1,-1,-1,HV2Y,HV2Q,-1,-1,-1,-1,-1,-1,-1,-1.19,-1.28,-2.44,-1.45,-3.84,-1.67,-5.41,0,0,0,0,0,0,-8.07,-12.49,-20.8,-23.22,-42.85,-8.07,-8.53,-10.16,-39.32,-42.9,-34.67,4.32,4.32,15.29,15.29,2.65,14.98,30.78,22.4,4.23,19.24,-10.7,-17.21,-10.92,-13.87,-23.22,0.930007,28,-6.35,-7.17,11.22,-36.46,,,-10.7,-6.23,5.39,-3.77,-8.54,0.976167,30
26-11-2025,NSE:MAHSEAMLES,EQ,7557.56,579.45,214289,1241.69761,2.15,2.23,4.63,,-0.95,2.42,2.96,1.11,0.16,-4.19,-14.82,-21.69,-4.17,-8.47,-59.13,-1,-1,-1,-1,HVQ,EEP,-1,-1,-1,-1,-1,1.31,0.09,1.4,-2.12,-0.7,-12.06,-11.39,0,0,0,0,0,0,-0.95,-12.58,-24.05,-26.37,-37.48,-0.95,-18.07,-12.79,-10.39,-37.61,-35.03,5.81,5.81,5.81,5.81,5.81,1.81,10.42,23.74,5.92,10.3,-0.32,-18.59,-26.44,-18.13,-17.38,0.929923,28,0.91,-18.07,9.39,9.15,,,-0.32,-18.31,-7.01,4.74,1.74,0.979932,36
26-11-2025,NSE:PGHH,EQ,41874.35,12776,8479,1083.27704,1.66,1.65,6.8,2L,-0.37,-1.01,-0.74,-4.89,-4.94,-6.71,-3.3,-11.4,-9.26,-24.26,-23.31,-1,-1,-1,-1,-1,-1,-1,-1,-1,-1,-1,-1.07,-1.41,-2.45,-3.4,-5.66,-0.48,-6.11,0,0,19.05,0,0,19.05,-5.03,-11.15,-11.15,-19.74,-26.51,-5.03,-6.77,-8.33,-16.82,-19.71,-8.68,0,0,0,0,0,3.35,3.19,11.27,1.35,2.72,-5.42,-7.07,-16.15,-23.22,-33.17,0.92991,28,-4.64,3.17,-5.76,-16.68,,,-5.42,-1.75,-8.85,-7.75,-7.86,0.971719,25
26-11-2025,NSE:RVNL,EQ,68180.16,323.6,5062878,16383.47321,2.49,2.47,5.81,,0.22,1.07,2.24,-0.68,-1.98,-7.43,0.6,-28.38,-3.01,-30.36,24.12,-1,-1,-1,-1,HVQ,EEP,-1,-1,-1,-1,-1,0.65,-0.63,0.02,-3.51,-3.37,-7.01,-9.7,0,0,0,0,0,0,-2.75,-10.96,-25.05,-32.06,-48.63,-2.75,-9.74,-25.5,-31.6,-47.09,-33.04,6.94,6.94,6.94,35.28,3.06,9.05,0,28.58,49.75,89.51,-2.46,-3.17,-33.13,-16.97,-39.27,0.929772,28,-1.6,-9.74,-14.65,-27.21,,,-2.46,-0.78,-30.18,10.1,-20.68,0.976158,30
26-11-2025,NSE:SUNTV,EQ,22500.26,548.05,527982,2893.60535,2.28,2.25,3.43,2L,0.95,-2.17,-2.93,-2.48,-1.46,0.91,-3.75,-15.19,-5.74,-32.84,-7.69,-1,-1,HV2Y,-1,-1,-1,-1,-1,-1,-1,-1,-0.29,-0.91,-1.18,-0.89,-2.05,-5.63,-7.27,0,0,0,0,0,0,-4.98,-9.1,-14.6,-29.24,-40.22,-4.98,-7.77,-17.11,-25.7,-36.79,-20.59,4.7,4.7,4.7,4.7,2.12,6.23,3.46,12.54,0.84,26.69,-1.94,-7.52,-19.94,-19.7,-41.75,0.929667,28,-2.13,-3.44,-1.3,-20.1,,,-1.94,-5.57,-12.05,-1.45,-19.76,0.968631,21
26-11-2025,NSE:AFCONS,EQ,14801.49,405.3,657368,2664.3125,2.39,2.45,3.74,,0.82,4.03,-4.22,-9.78,-8.56,-12.66,-6.35,-6.51,-7.36,-20.36,NA,-1,-1,-1,-1,-1,-1,-1,-1,-1,-1,-1,0.03,-2.81,-2.71,-5.6,-7.87,0.59,-7.32,0,0,23.81,0,0,14.29,-10.59,-12.97,-12.97,-25.71,NA,-10.59,-5.52,-11.98,-20.87,-20.24,NA,4.2,4.2,4.2,NA,4.2,10.85,8.59,6.2,2.57,NA,-9.04,-10.12,-11.26,-21.32,-29.27,0.929457,28,-9.67,6.27,-3.76,,,,-9.04,-1.28,-1.17,-10.46,-6.23,0.973128,27
26-11-2025,NSE:BSOFT,EQ,10863.17,386.6,1799924,6958.50618,3.01,3.01,4.1,,1.74,-1.22,-2.72,4.19,-0.03,4.49,1.86,-7.48,-22.31,-41.08,-95.47,-1,-1,HV2Y,-1,-1,-1,-1,-1,-1,-1,-1,0.58,0.94,1.53,2.78,4.44,-8.52,-3.76,0,0,0,0,0,0,-2.64,-2.64,-12.86,-36.97,-50.39,-2.64,-6.76,-20.18,-38.81,-39.94,-30.72,14.06,14.06,14.06,14.06,4.37,14.09,9.31,19.71,0,0,-0.51,-1.91,-12.23,-36.27,-49.99,0.929282,28,2.51,-2.3,-19.44,-30.94,,,-0.51,-1.42,-10.54,-23.46,-9.47,0.963597,16
26-11-2025,NSE:UFLEX,EQ,3754.64,498.1,23965,119.36967,1.79,1.82,7.5,2L,-0.23,-3.34,-6.52,-8.19,-10.07,-9.76,-8.52,-27.1,5.46,-9.91,15.81,-1,-1,-1,-1,-1,-1,-1,-1,-1,-1,-1,-2.42,-2.13,-4.46,-3.55,-7.73,-1.71,-9.29,0,0,0,0,0,0,-9.33,-11.98,-21.21,-21.32,-41.04,-9.33,-8.04,-14.62,-25.06,-44.26,-35.2,0,0,11.46,23.51,0,6.56,20.96,41.66,16.76,35.74,-10.55,-12.29,-31.85,-8.5,-18.82,0.929212,28,-9.33,-7.22,11.59,-16.42,,,-10.55,-1.91,-18.14,15.96,-10.39,0.986372,44
26-11-2025,NSE:VGUARD,EQ,15330.97,340.85,500452,1705.79064,2.37,2.36,6.41,3L,-0.10,-2.22,-4.2,-9.53,-10.17,-7.23,-7.92,-12.72,2.13,-21.42,6.16,-1,-1,-1,-1,-1,-1,-1,-1,-1,-1,-1,-2.11,-1.62,-3.67,-2.4,-5.93,-1.01,-6.87,0,0,0,0,0,0,-10.9,-10.9,-15.95,-23.67,-34.97,-10.9,-6.6,-9.3,-19.54,-36.35,-21.04,0,0,10.15,10.15,0,7.79,18.87,24.16,8.98,35.2,-10.65,-11.69,-17.47,-11.83,-30.33,0.928926,28,-9.92,-6.6,10.22,-18.05,,,-10.65,-1.27,-5.46,3.51,-18.19,0.975356,29
26-11-2025,NSE:ORISSAMINE,EQ,3075,4974,28963,1440.61962,2.85,2.81,5.01,2L,2.10,-2.84,-4.19,-6.59,-8.73,-0.41,1.79,-2.38,-9.01,-49.86,-17.82,-1,-1,HV2Y,HV2Q,HVQ,-1,-1,-1,-1,-1,-1,-0.81,-1.76,-2.53,-1.5,-3.97,1.1,-2.9,0,0,14.29,0,0,3.17,-8.39,-14.24,-14.24,-36.42,-46.87,-8.39,-6.75,-13.88,-45.61,-42.08,-20.39,6.7,7.17,10.95,10.95,2.1,16.02,8.96,13.6,3.38,42.12,-9.21,-1.98,-7.13,-22.97,-58.77,0.928858,27,-6.82,9.27,-11.25,-32.34,,,-9.21,6.37,-5.27,-16.14,-31.59,0.963444,16
26-11-2025,NSE:RUCHIRA,EQ,387.98,122.68,153134,187.86479,2.73,2.74,5.07,L,2.05,-6.69,-5.41,-7.93,-9.28,-23.11,-23.52,-14.99,4.51,-0.49,4.71,-1,-1,HVY,HVY,HVQ,HVQ,-1,-1,-1,-1,-1,-2.18,-2.78,-4.83,-7.26,-11.27,4.05,-7.53,0,0,31.75,0,0,12.7,-8.64,-27.85,-27.85,-27.85,-27.85,-8.64,-21.16,0,-6.3,-22.19,-18.11,3.41,3.41,9.39,9.58,3.41,1.37,33.62,25.79,4.64,10.12,-9.76,-27.29,-19.74,-9.45,-9.4,0.928783,27,-8.26,-0.86,25.31,-2.01,,,-9.76,-16.35,5.89,7.3,0.64,0.984784,42
26-11-2025,NSE:COLPAL,EQ,59447.9,2185,460194,10055.2389,1.33,1.35,4.82,L,0.80,0.07,0.35,-0.27,-1.44,-6.13,-4.48,-15.02,-12.13,-23.13,-24.88,-1,-1,-1,-1,-1,-1,-1,-1,-1,-1,-1,0.3,-0.63,-0.33,-1.96,-2.25,-6.82,-8.49,0,0,0,0,0,0,-3.65,-11.34,-12.84,-27.59,-43.07,-3.65,-10.07,-16.44,-34.52,-36.17,-29.91,1.31,1.44,1.44,1.44,1.31,2.9,5.98,6.92,0,6.59,-1.92,-8.25,-19.77,-26.09,-32.04,0.928736,27,-2.14,0.03,-7.22,-30.29,,,-1.92,-6.3,-11.11,-7.15,-3.94,0.971458,25
26-11-2025,NSE:BASML,EQ,232.65,29.3,163146,47.80178,5.39,5.52,7.44,,3.57,-0.65,12.05,6.35,8.5,8.98,-1.23,-11.84,-16.97,-67.99,-27.13,HVQ,HVQ,-1,HV2Q,-1,HVQ,-1,-1,-1,-1,-1,3.4,1.86,5.35,2.81,8.4,-14.68,-5.48,0,0,0,0,0,0,-1.21,-1.21,-20.4,-47.04,-55.04,-1.21,-14.65,-20.76,-49.72,-47.41,-24.48,16.97,16.97,16.97,16.97,16.97,4.52,7.89,19.2,0,35.98,8.02,-5,-16.59,-30.93,-76.9,0.928626,27,10.32,-14.65,-18.98,-42.37,,,8.02,-13.94,-11.51,-14.24,-37.75,0.954201,9
26-11-2025,NSE:IGARASHI,EQ,1495.38,483.45,140316,678.3577,3.82,3.79,3.75,L,11.09,6.01,0.13,-2.21,-3.1,-6.65,-2.31,0.81,-13.84,-52.36,12.01,HV2Y,HV2Y,-1,-1,-1,-1,-1,-1,-1,-1,-1,5.13,-2.92,2.15,-5.6,-3.27,-2.62,-5.74,0,0,0,0,0,0,-5.08,-11.01,-22.72,-41.71,-41.71,-5.08,-20.32,-20.93,-42.18,-33.64,-6.37,12.4,12.4,14.92,17.83,12.4,5.47,17.57,13.99,34.13,79.53,-3.58,-6.08,-3.94,-27.8,-61.27,0.928568,27,-3.08,-17.48,-13.22,-29.18,,,-3.58,-2.54,2.02,-24.42,-27.97,0.959201,12
26-11-2025,NSE:MOLDTKPAC,EQ,2179.82,619.25,60930,377.30903,4.27,4.15,4.22,3L,1.09,-6.77,-9.59,-13.11,-22.03,-26.69,-29.25,-2.79,15.12,-6.78,-23.66,-1,-1,-1,-1,-1,HV2Y,-1,-1,-1,-1,-1,-3.45,-4.36,-7.48,-8.93,-15.07,10.42,-5.18,0,0,20.63,0,0,1.59,-21.47,-26.28,-26.82,-26.82,-29.41,-21.47,-10.69,-5.41,-21.95,-40.09,-24.62,1.09,1.09,47,47,1.09,4.03,89.99,51.11,4.51,0,-22.51,-33.02,-7.54,1.16,-15.69,0.928446,27,-21.47,1.98,52.81,-17.89,,,-22.51,-9.22,19.45,7.77,-19.94,0.985235,43
26-11-2025,NSE:PPLPHARMA,EQ,26022.69,187.38,3277622,6141.6081,2.33,2.32,4.32,3L,1.36,-0.76,-4.41,-6.96,-8.41,-4.78,-2.9,-8.51,-5.49,-31.23,38.36,-1,-1,HVQ,-1,EEP,-1,-1,-1,-1,-1,-1,-1.24,-1.59,-2.78,-2.08,-4.76,-3.4,-7.89,0,0,0,0,0,0,-8.21,-10.03,-13.6,-31.65,-36.17,-8.21,-2.47,-16.21,-30.73,-32.67,-16.23,2.15,2.15,2.15,60.36,1.36,10.74,3.48,11.41,71.13,112.9,-8.89,-6.67,-13.26,-19.45,-40.14,0.928366,27,-7.28,0.45,-3.79,7.79,,,-8.89,1.77,-6.47,-6.87,-18.54,0.969616,22
26-11-2025,NSE:MANGLMCEM,EQ,2038.92,691.75,56737,392.4782,2.64,2.6,13.31,2L,0.50,-4.19,-7.68,-9.75,-13.13,-7.45,-3.09,-19.33,1.31,-17.72,3.33,-1,-1,-1,-1,-1,HVQ,-1,-1,-1,-1,-1,-3.2,-2.31,-5.39,-2.09,-7.33,-1.38,-8.59,0,14.29,4.76,0,0,0,-11.47,-12.83,-16.82,-31.36,-33.29,-11.47,-1.38,-16.06,-20.4,-34.16,-21.47,0.5,0.5,1.33,8.81,0.5,13.56,3.87,20.91,7.38,28.08,-13.61,-6.86,-24.08,-12.65,-26.63,0.928294,27,-11.47,8.11,2.11,-19.37,,,-13.61,5.56,-16.77,7.63,-13.41,0.981156,37
26-11-2025,NSE:NAHARSPING,EQ,732.52,203.64,16422,33.44176,3.13,3.22,6.39,2L,2.95,-3.08,-2.62,-0.53,-1.5,-5.98,-6.04,-43.61,3.87,-16.58,-35.9,-1,-1,-1,-1,HV2Q,-1,-1,-1,-1,-1,-1,0.38,-0.64,-0.26,-1.3,-1.54,-11.59,-11.77,0,0,0,0,0,0,-3.19,-7.36,-31.52,-33.49,-46.06,-3.19,-21.42,-27.38,-15.32,-48.15,-37.12,2.95,2.95,6.95,6.95,2.95,4.29,13.41,53.58,0,0.51,-1.98,-9.81,-48.36,-10.09,-25.49,0.928171,27,-2.09,-19.9,-0.6,-10.45,,,-1.98,-7.79,-36.44,23.4,-15.4,0.989103,48
26-11-2025,NSE:SOLARA,EQ,2066.01,523.75,143841,753.36724,4.5,4.64,4.64,,0.11,-8.77,-5.72,-17.83,-12.83,-22.8,-19.6,7.99,8,-45.38,32.75,-1,-1,-1,HVY,-1,-1,-1,-1,-1,-1,-1,-4.26,-2.98,-7.04,-6.34,-12.58,5.59,-7.41,0,0,14.29,0,0,1.59,-17.12,-23.71,-24.86,-38.56,-38.56,-17.12,-15.22,-10.13,-43.47,-43.47,-7.41,0.11,10.76,16.31,53.9,0.11,1.84,39.11,7.02,42.01,124.42,-13.31,-23.37,3.24,-5.96,-54.29,0.927963,27,-10.95,-15.22,36.75,-33.6,,,-13.31,-9.31,22.05,-9.65,-52.16,0.966799,19
26-11-2025,NSE:VIDHIING,EQ,1839.72,364.45,12278,44.74717,4.7,4.59,10.24,,-1.30,-2.58,6.48,6.57,7.49,-1.43,-1.87,-25.12,-21.02,-31.71,-19.06,-1,-1,-1,-1,-1,-1,-1,-1,-1,-1,-1,0.29,1.46,1.78,0.35,2.14,-14.02,-10.42,0,0,0,0,0,0,-2.71,-5.9,-19.15,-35.82,-35.82,-2.71,-21.12,-20.52,-19.7,-22.34,-5.8,13.59,13.59,13.59,13.59,13.59,0,2.02,13.55,4,13.18,7.01,-5.64,-29.87,-34.98,-40.62,0.927883,27,10.02,-15.66,-16.17,1.48,,,7.01,-13.42,-23.85,-6.38,-2.96,0.968618,21
26-11-2025,NSE:CAPACITE,EQ,2589.73,283.65,374726,1062.9103,3.72,3.73,5.43,,2.90,-4.37,-2.96,1.02,4.46,-6.08,-5.85,-25.38,-10.7,-26.81,12.52,-1,-1,-1,-1,-1,-1,-1,-1,-1,-1,-1,-0.61,-0.04,-0.65,-0.59,-1.23,-11.75,-11.62,0,0,0,0,0,0,-7.59,-11.68,-18.47,-37.69,-37.69,-7.59,-15.62,-23.31,-21.87,-31.02,-12.36,4.67,4.67,4.67,15.16,4.59,0,8.45,17.84,45.61,66.8,3.98,-9.62,-30.13,-24.66,-35.72,0.927768,27,2.6,-14.91,-9.85,-8.34,,,3.98,-14.1,-19.47,2.05,-8.68,0.971434,25
26-11-2025,NSE:MANKIND,EQ,92623.01,2258.9,418024,9442.74414,2.05,2.04,5.27,,0.76,1.58,-0.49,-4.9,-6.99,-11.99,-13.2,-8.67,-5.58,-13.27,3.33,-1,-1,-1,-1,-1,-1,-1,-1,-1,-1,-1,0.32,-1.77,-1.43,-5.14,-6.25,-1.24,-7.39,0,0,3.17,0,0,0,-7.67,-15.1,-16.23,-24.66,-24.66,-7.67,-9.17,-5.17,-18.13,-20.46,-8.38,1.73,1.73,5.27,13.49,1.73,0,19.17,14.4,19.83,28.55,-7.47,-16.97,-13.42,-19.54,-22.18,0.927739,27,-6.13,-7.17,8.14,5.83,,,-7.47,-9.12,2.98,-6.82,-1.41,0.975378,29
26-11-2025,NSE:BAJAJHFL,EQ,89472.61,105,3856737,4049.57385,1.09,1.1,5.38,M,0.04,-1.01,-2.89,-4.32,-4.59,-6.48,-8.04,-17.82,-3.25,-19.85,NA,-1,-1,-1,-1,-1,-1,-1,-1,-1,-1,-1,-1.15,-1.12,-2.24,-2.28,-4.42,-6.01,-9.84,0,0,0,0,0,0,-5.17,-9.42,-17.41,-28.42,NA,-5.17,-6.15,-14.26,-31.84,-40.27,NA,0.04,0.04,0.04,NA,0.04,2.42,4.5,16.99,2.53,NA,-5.07,-11.81,-22.57,-17.21,-28.76,0.927683,27,-3.68,-6.15,4.04,,,,-5.07,-6.61,-10.07,2.71,-10.21,0.974517,28
26-11-2025,NSE:MOS,SM,632.02,23.2,611760,141.92832,4.2,4.2,7.73,M,-1.90,-3.45,-4.74,-6.03,-5.6,-4.96,3.99,-22.91,-9.94,-31.34,31.03,-1,-1,HVQ,-1,-1,-1,-1,-1,-1,-1,-1,-2.96,-1.37,-4.28,-2.25,-6.38,-4.64,-10.54,0,0,0,0,0,0,-7.2,-17.44,-21.12,-26.21,-37.19,-7.2,-12.81,-24.75,-22.8,-30.95,-17.5,11,11,11,82.89,0,17.22,0,48.75,101.06,140.2,-6.08,0.22,-27.66,-23.9,-40.25,0.927333,27,-6.83,-2.35,-10.88,48.25,,,-6.08,5.77,-29.03,0.9,-13.6,0.974111,28
26-11-2025,NSE:LAOPALA,EQ,2464.76,221.35,56460,124.97421,2.47,2.49,9.38,2L,0.60,0.24,-1.57,-4.1,-4.98,-13.48,-11.93,-9.73,6.64,-43.66,-40.77,-1,-1,-1,HVQ,-1,-1,-1,-1,-1,-1,-1,-0.2,-1.48,-1.65,-4.12,-5.55,-2.76,-8.08,0,0,0,0,0,0,-5.87,-13.9,-20.71,-39.64,-42.24,-5.87,-16.76,-11.25,-36.62,-46.08,-17.03,2.12,2.12,8.99,8.99,2.12,2.24,21.98,19.59,0,6.77,-5.46,-15.7,-14.48,-7.32,-52.57,0.927309,27,-4.07,-16.76,19.14,-24.66,,,-5.46,-9.93,0.94,5.26,-48.01,0.966529,19
26-11-2025,NSE:POWERMECH,EQ,7856.65,2384.5,107919,2573.32856,3.4,3.37,4.61,S,2.14,-0.75,3.02,-3.46,-10.11,-19.24,-35.03,-31.12,21.39,-3.83,0.71,-1,-1,-1,-1,EEP,-1,-1,-1,-1,-1,-1,-0.1,-2.25,-2.3,-7.49,-9.11,-4.45,-12.98,0,0,0,0,0,0,-6.16,-24.74,-28.95,-28.95,-31.99,-6.16,-18.46,-4.06,-10.83,-46.54,-29.39,3.74,3.74,32.31,32.31,3.74,0.98,78.65,73.48,0,10.94,-10.59,-38.8,-35.87,7.43,-12.74,0.927262,27,-6.16,-13.95,64.67,-2.08,,,-10.59,-25.94,1.87,30.39,-26.21,0.997339,60
26-11-2025,NSE:NOCIL,EQ,2906.23,175.51,455231,798.97593,3.09,3.14,7.27,L,0.78,2.26,0.25,-2.84,-6.51,-3.14,-3.15,-3.57,-6.62,-46.49,-38.68,-1,-1,-1,-1,-1,-1,-1,-1,-1,-1,-1,0.92,-1.02,-0.1,-2.12,-2.18,-3.22,-5.22,0,0,0,0,0,0,-5.86,-6.84,-15.11,-39.21,-46.9,-5.86,-0.78,-12.44,-40.16,-43.39,-22.22,3.94,3.94,5.94,5.94,3.94,8.23,9.28,9.72,0,14.57,-6.99,-6.92,-8.32,-20.58,-55.4,0.927188,27,-3.94,1.2,-6.78,-38.36,,,-6.99,-0.16,-1.42,-12.61,-31.52,0.962588,15
26-11-2025,NSE:OFSS,EQ,72214.75,8177.5,129070,10554.69925,1.8,1.86,7.35,L,1.16,-1.9,-2.65,-1.8,-6.33,-10.81,-7.01,-2.75,-7.08,-36.25,-3.37,-1,-1,HVY,-1,-1,-1,-1,-1,-1,-1,-1,-0.51,-1.29,-1.78,-3.95,-5.51,1.18,-4.38,0,0,3.17,0,0,3.17,-5.57,-12.38,-15.98,-36.83,-36.83,-5.57,-6.83,-10.09,-35.09,-32.36,-9.27,1.25,1.25,12.11,14.48,1.25,5.02,19.97,15.2,22.59,55.98,-6.81,-10.78,-7.5,-21.04,-45.16,0.927175,27,-4.93,1,-0.49,-24.34,,,-6.81,-3.94,2.96,-13.88,-21.37,0.965195,18
26-11-2025,NSE:IFGLEXPOR,EQ,1697.45,215.58,384471,828.84258,3.76,3.71,4.97,2L,-0.28,-3.68,-9.86,-13.41,-18.73,-23.36,-24.78,-25.93,22.56,-9.76,-15.1,-1,-1,HV2Y,EEP,EEP,-1,-1,-1,-1,-1,-1,-3.37,-4.04,-7.13,-7.8,-13.85,8,-6.35,0,0,0,0,0,0,-14.64,-28.85,-28.85,-28.85,-41.78,-14.64,-15.53,-5.41,-15.83,-54.91,-36.09,1,1,29.13,29.13,1,16.11,59.88,62.61,0,0,-19.21,-28.55,-30.68,8.6,-18.67,0.927154,27,-14.44,3.9,47.03,-14.09,,,-19.21,-8.41,-1.94,28.84,-35.86,0.995189,57
26-11-2025,NSE:KODYTECH,SM,957.34,728.05,16452,119.77879,6.14,6.27,4.74,,0.01,-2.15,-1.48,2.12,16.95,3.38,2.38,-15.68,-37.23,-96.02,34.76,-1,-1,-1,HVQ,-1,-1,-1,-1,-1,-1,-1,0.41,2.54,3.03,3.49,6.76,-21.43,-12.08,0,0,0,0,0,0,-4.85,-4.85,-21.14,-62.4,-64.32,-4.85,-25.61,-35.48,-57.08,-51.03,-30.06,27.85,27.85,27.85,77.9,27.85,0,4.5,23.83,144.13,248.72,16.47,-1.39,-20.43,-51.19,-104.93,0.92711,26,24.17,-17.16,-33.57,-54.94,,,16.47,-20.86,-19.51,-28.29,-36.97,0.94656,6
26-11-2025,NSE:SPARC,EQ,4283.4,133.74,478704,640.21873,3.22,3.2,10.01,,0.69,2.26,0.56,-2.13,0.36,-2.59,-8.21,-20.61,2.78,-42.31,-158.52,-1,HVQ,-1,-1,HV2Y,HV2Q,-1,-1,-1,-1,-1,0.16,-0.06,0.1,-0.54,-0.44,-8.55,-8.28,0,0,0,0,0,0,-5.97,-8.91,-32.64,-42.03,-70.63,-5.97,-13.2,-27.11,-30.74,-71.44,-58.2,4.46,4.46,19.4,19.4,2.77,4.08,29.2,44.01,0,0,-0.12,-11.98,-25.36,-11.18,-51.22,0.927109,26,-5.97,-12.13,9.97,-24.94,,,-0.12,-11.91,-12.48,9.74,-40.52,0.96821,21
26-11-2025,NSE:SIGACHI,EQ,1364.54,34.67,10912666,3783.4213,2.54,2.5,6.62,2L,1.82,-2.16,-4.73,-4.73,-9.63,-19.87,8.28,-35.79,-0.72,-37.58,-70.32,-1,-1,HV2Y,EEP,EEP,-1,-1,-1,-1,-1,-1,-0.73,-2.22,-2.89,-7.02,-9.26,-5.81,-14.24,0,0,0,0,0,0,-6.68,-21.88,-41.13,-41.13,-52.51,-6.68,-14.35,-46,-24.24,-57.41,-41.83,12.89,13.04,13.04,13.04,2.7,23.93,3.68,35.56,0.55,9.18,-10.11,4.51,-40.54,-14.68,-46.49,0.927016,26,-6.2,-2.69,-19.86,-24.24,,,-10.11,13.03,-49.07,16.17,-30.73,0.984588,41
26-11-2025,NSE:CRIZAC,EQ,4870.64,277.6,714575,1983.6602,3.53,3.46,3,M,5.11,0,-6.21,-12.95,-15.85,-11.29,-27.31,NA,NA,NA,NA,-1,-1,-1,-1,-1,-1,-1,-1,-1,-1,-1,0.16,-3.4,-3.13,-5.17,-7.89,,,0,0,17.46,0,0,12.7,-11.47,-25.82,NA,NA,NA,-11.47,-14.07,NA,NA,NA,NA,7.37,NA,NA,NA,7.37,16.84,NA,NA,NA,NA,-16.33,-31.08,0,0,0,0.926984,26,-9.69,-0.91,,,,,-16.33,-13.2,98.98,-9.66,5.87,0.961093,14
26-11-2025,NSE:VINYLINDIA,EQ,497.12,255.35,11884,30.34579,3.46,3.39,5.25,,1.96,-3.99,-1.61,-8.05,-9.75,-15.7,-7.58,-19.11,8.65,-32.31,-32.27,-1,-1,-1,-1,HV2Q,-1,-1,-1,-1,-1,-1,-1.45,-2.34,-3.71,-4.9,-8.2,-2.38,-10.33,0,0,0,0,0,0,-9.06,-17.23,-25.37,-32.17,-40.72,-9.06,-9.16,-19.71,-29.39,-45.85,-21.57,2.84,2.84,15.88,15.88,2.84,3.59,24.66,38.02,0,6.93,-10.23,-11.35,-23.86,-5.31,-41.22,0.926925,26,-8.58,-7.8,16.32,-29.39,,,-10.23,-1.33,-11.74,13.65,-38.97,0.975607,29
26-11-2025,NSE:XPROINDIA,EQ,2417.45,1022.1,30526,312.00625,3,2.94,6.64,S,1.57,-0.09,1.45,-8.42,-8.23,-17.39,-9.34,-17.11,-6.24,-9.08,-4.64,-1,-1,HV2Q,-1,-1,HVQ,-1,-1,-1,-1,-1,-0.13,-2.09,-2.18,-5.26,-7.07,-4.11,-10.73,0,0,0,0,0,0,-10.4,-19.37,-21.99,-37.46,-37.46,-10.4,-12.73,-14.7,-26.76,-33.56,-10.66,2.26,2.26,5.31,12.84,2.26,2.54,15.15,23.33,19.88,23.09,-8.71,-13.11,-21.86,-20.2,-17.99,0.926555,26,-9.53,-6.57,-4.28,0.38,,,-8.71,-4.34,-8.12,-0.38,3.19,0.979655,35
26-11-2025,NSE:HPAL,EQ,428.6,46.44,106270,49.35179,3.99,4.15,7.27,2L,0.24,-0.9,-5.6,-8.87,0.39,-1.12,-0.69,-11.65,-6.8,-64.13,-113.39,-1,HV2Q,-1,-1,HV2Y,-1,-1,-1,-1,-1,-1,-1,-1.23,-2.19,-1.18,-3.33,-4.75,-7.71,0,0,0,0,0,0,-11.15,-11.15,-12.53,-46.04,-56.5,-11.15,-7.9,-16.96,-48.53,-59.21,-37.32,2.43,2.43,3.73,3.73,1.53,2.03,4.44,15.81,0,0,-0.09,-4.46,-16.4,-20.76,-73.04,0.926535,26,0.35,-5.88,-8.94,-48.22,,,-0.09,-4.39,-11.91,-5.32,-47.8,0.957814,11
26-11-2025,NSE:IGCL,EQ,625.92,90.88,243074,220.90565,3.05,3.03,2.73,,2.45,-6.98,-11.88,-13.2,-18.56,-16.45,-25.04,NA,NA,NA,NA,-1,-1,-1,-1,-1,-1,-1,-1,-1,-1,-1,-3.65,-3.73,-7.12,-5.47,-11.93,,,0,0,7.94,0,0,1.59,-14.63,-21.2,NA,NA,NA,-14.63,-6.57,NA,NA,NA,NA,2.45,NA,NA,NA,2.45,8.96,NA,NA,NA,NA,-19.04,-28.81,0,0,0,0.926313,26,-14.63,0.2,,,,,-19.04,-8.78,98.98,-9.66,5.87,0.963368,16
26-11-2025,NSE:HMAAGRO,EQ,1599.96,30.15,305156,92.00453,4.27,4.5,9.84,,0.74,-4.41,0.13,-3.58,-2.26,-6.6,-4.05,-13.37,-9.09,-34.96,-72.31,-1,-1,-1,-1,-1,-1,9.97,-1,-1,-1,-1,-1.98,-0.18,-2.15,-0.53,-2.66,-2.99,-5.49,0,0,0,0,0,0,-5.75,-8.72,-19,-33.93,-56.52,-5.75,-6.66,-15.72,-33.37,-52.57,-41.33,0.74,1.55,7.26,7.26,0.74,2.7,11.6,21.59,0,2.06,-2.74,-7.82,-18.12,-23.05,-43.87,0.926268,26,-1.34,1.15,-5.31,-33.31,,,-2.74,-5.06,-9.98,-5.89,-17.85,0.966338,19
26-11-2025,NSE:NUCLEUS,EQ,2532.49,926.9,15834,146.76535,2.92,3,7.78,3L,0.41,-2.15,-5.28,-10.99,-8.7,-8.77,-12.83,-39.75,13.39,-13.79,-26.41,-1,-1,-1,-1,EEP,-1,-1,-1,-1,-1,-1,-1.86,-2.3,-4.07,-3.48,-7.3,-0.65,-7.9,0,0,0,0,0,0,-10.68,-13.11,-29.07,-30.44,-39.93,-10.68,-6.77,-21.52,-9.05,-47.97,-31.64,0.54,0.54,20.05,20.05,0.54,1.41,35.45,67.76,0.04,0,-9.18,-16.6,-44.5,-0.57,-22.7,0.926252,26,-8.78,-3.7,26.83,-9.05,,,-9.18,-7.11,-24.88,28.36,-25.51,0.99342,54
26-11-2025,NSE:HONDAPOWER,EQ,2539.82,2424.5,4497,109.02977,2.83,2.82,6.41,2L,-0.54,-2.12,-7.23,-7,-10.5,-16.76,-18.31,-19.64,13.76,-21.18,8.95,-1,-1,-1,-1,HV2Q,-1,-1,-1,-1,-1,-1,-2.25,-2.13,-4.29,-5.16,-8.99,3.34,-5.85,0,0,0,0,0,0,-9.18,-16.57,-23.92,-25.37,-44.22,-9.18,-15.93,-9.99,-33.27,-51.9,-32.41,0,0,29.1,29.1,0,1.65,52.74,54.45,0,35.22,-10.98,-22.08,-24.39,-0.2,-30.09,0.926185,26,-9.15,-5.98,35.9,-20.1,,,-10.98,-10.38,-2.14,18.25,-34.64,0.98039,36
26-11-2025,NSE:SIGNPOST,EQ,1229.35,224.46,50805,114.0369,4.31,4.23,9.88,2L,4.95,-1.3,-5.94,-4.37,-8.77,-26.21,-27.05,5.1,-8.46,-8.98,-73.71,-1,-1,-1,HVQ,-1,HV2Y,-1,-1,-1,-1,-1,-0.4,-2.96,-3.27,-7.91,-10.36,3.83,-6.79,0,0,33.33,0,0,6.35,-9.26,-24.58,-24.58,-42.46,-43.35,-9.26,-17.96,0,-45.4,-45.79,-45.52,4.95,22.57,22.57,22.57,4.95,14.59,55.73,1.39,12.74,13.28,-9.25,-30.82,0.35,-22.42,-17.89,0.925932,26,-9.11,3.41,11.57,-14.76,,,-9.25,-20.12,24.29,-23.95,5.39,0.979522,35
26-11-2025,NSE:IVC,EQ,294.25,8.12,424036,34.43172,4.59,5.19,4.84,,0.87,-13.18,7.76,4.31,4.43,-2.34,-2.71,-22.54,-17.49,-32.88,-10.84,HVY,HVY,-1,-1,-1,HVQ,16.38,-1,-1,-1,-1,-2.84,1.42,-1.43,2.03,0.61,-10.83,-9.22,0,0,0,0,0,0,-13.16,-13.16,-21.17,-33.55,-49.03,-13.16,-12.51,-19.03,-30.37,-40.11,-32.27,8.99,8.99,8.99,8.99,8.99,1.04,2.46,13.07,7.8,21.92,3.95,-6.48,-27.29,-31.45,-41.79,0.925762,26,5.59,-12.51,-15.42,-30.37,,,3.95,-10.78,-20.32,-5.54,-7.23,0.967393,20
26-11-2025,NSE:HEIDELBERG,EQ,4185.32,183.8,130967,240.71735,2.2,2.17,4.19,3L,-0.08,-0.54,-3.19,-5.5,-5.75,-12.8,-15.19,-8.94,-6.49,-14.36,-5.14,-1,-1,-1,-1,-1,-1,-1,-1,-1,-1,-1,-0.37,-1.74,-2.07,-4.65,-6.42,-2.62,-8.81,0,0,1.59,0,0,1.59,-8.21,-16.28,-16.47,-18.94,-22.72,-8.21,-11.66,-3.78,-15.69,-17.71,-11.63,1.5,1.5,1.5,1.5,1.5,0.5,13.93,7.74,1.78,9.3,-6.23,-18.96,-13.69,-20.45,-23.27,0.92573,26,-5.5,-8.5,5.44,-13.1,,,-6.23,-12.24,4.41,-7.41,-1.52,0.974133,28
26-11-2025,NSE:SCILAL,EQ,2302.91,47.52,554726,263.6058,2.62,2.58,10.41,2M,-0.06,-2.82,-4.19,-5.18,-8.73,-8.94,-4.31,-11.51,-4.34,-30.13,NA,-1,-1,-1,-1,HV2Q,HVQ,-1,-1,-1,-1,-1,-1.93,-1.24,-3.13,-1.88,-4.92,-1.06,-5.91,0,0,0,0,0,0,-7.91,-10.94,-15.46,-34.38,NA,-7.91,-3.17,-11.81,-40.7,-51.99,NA,0,0,8.27,NA,0,6.58,12.94,20.73,36.96,NA,-9.21,-8.08,-16.26,-18.3,-39.04,0.925694,26,-6.71,0.66,-3.05,-40.7,,,-9.21,0.75,-7.92,-3.22,-18.86,0.970102,23
26-11-2025,NSE:GIPCL,EQ,2708.52,165.74,344596,571.13341,2.57,2.61,5.17,L,2.65,-0.62,-7.86,-7.74,-10.2,-13.14,-11.83,-21.23,2.34,-10.92,-0.79,-1,-1,HVQ,-1,-1,EEP,-1,-1,-1,-1,-1,-1.24,-2.57,-3.72,-4.44,-7.81,-4.24,-11.56,0,0,0,0,0,0,-10.41,-16.13,-24.92,-35.96,-37.18,-10.41,-9.18,-16.04,-22.36,-38.65,-30.32,3.22,3.22,6.65,6.65,3.22,5.37,19.27,29.29,4.16,18.3,-10.68,-15.6,-25.98,-11.62,-19.83,0.925534,26,-8.86,-8.08,8.93,-10.32,,,-10.68,-4.79,-9.43,9.78,-7.71,0.981198,37
26-11-2025,NSE:IGIL,EQ,14578.91,327,926978,3031.21806,3.58,3.68,4.89,,1.66,0.24,-5.7,-2.49,-4.13,-11.19,-8.79,-13.09,-30.64,NA,NA,-1,EEP,-1,-1,-1,-1,-1,-1,-1,-1,-1,-0.87,-1.71,-2.53,-3.37,-5.71,-6.06,-11.1,0,0,0,0,0,0,-11.07,-15.35,-21.6,NA,NA,-11.07,-18.36,-20.25,-40.39,NA,NA,2.11,2.11,NA,NA,2.11,3.42,20.41,25.17,NA,NA,-4.61,-12.56,-17.84,-44.6,0,0.925244,26,-3.21,-15.91,-17.35,,,,-4.61,-7.79,-4.97,-25.18,105.87,0.964015,16
26-11-2025,NSE:PONNIERODE,EQ,247.81,284.45,12337,35.0926,2.9,2.88,5.39,2M,1.14,-1.76,-1.95,-5.17,-4.45,-1.41,-1.41,-18.35,-4.73,-39.25,-37.34,-1,-1,HVY,-1,-1,-1,-1,-1,-1,-1,-1,-1.14,-0.58,-1.71,-0.22,-1.93,-6.86,-8.23,0,0,0,0,0,0,-6.75,-6.75,-20.73,-34.27,-51.48,-6.75,-2.77,-19.62,-35.59,-49.19,-32.43,3.14,3.14,3.14,3.14,1.14,7.72,4.1,18.71,0,6.04,-4.93,-5.18,-23.1,-18.69,-48.16,0.925238,26,-4.02,-0.65,-4.57,-35.59,,,-4.93,-0.4,-17.73,1.85,-27.09,0.968053,21
26-11-2025,NSE:DOLLAR,EQ,2096.23,353.9,82838,293.16368,2.5,2.64,5.56,,-0.25,-1.55,1.31,-0.2,-1.44,-4.41,-4.42,-13.25,-8.27,-40.79,-39.06,-1,-1,-1,-1,-1,-1,-1,-1,-1,-1,-1,-1.03,0.05,-0.98,-1.24,-2.2,-5.14,-6.98,0,0,0,0,0,0,-4.01,-8.67,-13.52,-34.6,-44.69,-4.01,-7.35,-12.93,-27.07,-40.12,-22.13,4.26,4.26,4.26,4.26,4.26,2.13,4.5,11.47,0,7.56,-1.92,-8.19,-18,-22.23,-49.7,0.925236,26,-0.94,-5.21,-3.99,-21.94,,,-1.92,-6.25,-9.48,-5.26,-24.17,0.96395,16
26-11-2025,NSE:AMBIKCO,EQ,744.25,1294.1,7453,96.44927,2,1.98,4.15,2M,-0.11,-0.8,-2.54,-2.94,-5.92,-15.13,-10.71,-17.46,-8.24,-10.46,-17.36,-1,-1,-1,HV2Q,-1,-1,-1,-1,-1,-1,-1,-0.65,-1.46,-2.08,-4.79,-6.55,-4.5,-10.58,0,0,0,0,0,0,-5.53,-16.99,-23.5,-26.78,-39.27,-5.53,-14.5,-15.31,-16.39,-34.27,-32.92,0.82,0.82,1.02,1.02,0.82,0.65,11.84,18.66,0,1.07,-6.4,-14.48,-22.21,-22.2,-19.37,0.925116,26,-4.73,-13.25,2.87,-14.26,,,-6.4,-7.83,-7.11,-1.81,3.82,0.977786,33
26-11-2025,NSE:GILLETTE,EQ,28006.99,8428,27834,2345.84952,2.4,2.39,3.76,,0.26,1.01,-0.97,-3.93,-8.61,-16.75,-22.57,-11.54,2.35,-8.85,22.75,-1,-1,-1,-1,EEP,EEP,-1,-1,-1,-1,-1,-0.22,-2.11,-2.28,-6.37,-8.14,-1.03,-9.08,0,0,0,0,0,0,-7.53,-20.1,-25.14,-25.14,-25.14,-7.53,-15.5,-8.24,-10.19,-21.37,-12.35,1.83,1.83,13.1,35.78,1.83,0,33.03,26.15,32.59,47.8,-9.09,-26.34,-16.29,-11.61,-17.76,0.924992,25,-7.53,-14.26,22.1,12.74,,,-9.09,-16.16,7.98,2.79,-5.6,0.978487,34
26-11-2025,NSE:FRESHARA,SM,327.81,149.7,60408,90.43078,7.89,7.9,7.21,,0.44,7.28,2.07,-6.65,-11.36,-24.95,-38.81,-19.24,-4.18,20.51,NA,HVQ,HVQ,-1,-1,HVQ,-1,-1,-1,-1,-1,-1,1.91,-2.94,-1,-10.26,-10.21,-1.64,-11.66,0,0,14.29,0,0,0,-9.55,-25.84,-28.2,-28.2,NA,-9.55,-20.05,-0.34,-13.18,-24.15,NA,12.6,12.6,31.37,NA,12.6,1.21,69.22,56.65,36.86,NA,-11.84,-42.58,-23.99,-18.14,11.6,0.924988,25,-7.02,-6.64,26.94,,,,-11.84,-27.97,13.08,2.97,29.56,1.001828,65
26-11-2025,NSE:A2ZINFRA,EQ,302.05,15.71,223636,35.13322,5.77,5.73,2.48,,2.81,-12.67,-14.89,-7.57,-4.65,-16.17,-18.01,-11.71,-7.77,-8.53,16.93,-1,-1,-1,-1,-1,HV2Q,-1,-1,-1,-1,-1,-4.44,-2.34,-6.63,-2.87,-9.23,-2.1,-11.1,0,0,0,0,0,0,-15.54,-28.4,-31.19,-40.98,-40.98,-15.54,-25.24,-18.79,-34.07,-36.4,-27.14,2.81,2.81,23.9,27.72,2.81,3.79,46.21,38.41,37.64,38.62,-5.13,-21.78,-16.46,-21.73,-17.44,0.924957,25,-4.85,-25.24,4.86,-12.69,,,-5.13,-16.08,4.32,-6.13,5.16,0.97717,32
26-11-2025,NSE:BECTORFOOD,EQ,8159.2,1284.9,126441,1624.64041,2.57,2.6,6.51,,0.80,-2.49,-0.34,-3,-7.64,-4.33,-6.39,-17.18,-1.02,-27.08,19.06,-1,-1,HVQ,-1,-1,-1,-1,-1,-1,-1,-1,-0.83,-0.56,-1.39,-0.54,-1.92,-8,-9.19,0,0,0,0,0,0,-6.23,-12.71,-17.2,-32.9,-39.27,-6.23,-9.66,-16.23,-28.83,-38.65,-22.82,4.99,4.99,4.99,23.53,4.4,13.02,3.57,16.01,29.65,63.11,-8.12,-10.16,-21.93,-14.98,-35.99,0.924886,25,-6.03,-9.09,1.22,-1.33,,,-8.12,-2.15,-11.17,4.14,-19.94,0.972476,26
26-11-2025,NSE:SRHHYPOLTD,EQ,903.21,522.35,9134,47.71145,3.02,3.03,8.47,,2.13,-2.06,-5.34,-5.62,-6.42,-14.95,-14.7,-9.52,0.33,-25.52,7.02,-1,-1,-1,HV2Q,-1,-1,-1,-1,-1,-1,-1,-0.65,-1.93,-2.53,-4.73,-6.94,-3.12,-9.75,0,0,0,0,0,0,-6.27,-17.05,-25.14,-37.66,-41.86,-6.27,-14.47,-14.13,-36.33,-42.05,-27.03,2.13,2.13,10.54,14.74,2.13,2.03,26.79,21.07,14.37,44.02,-6.9,-18.47,-14.27,-13.63,-34.43,0.924827,25,-5.8,-13.39,10.15,-3.33,,,-6.9,-11.09,3.49,-0.67,-20.06,0.970118,23
26-11-2025,NSE:DBOL,EQ,462.72,73.72,69441,51.19191,4.3,4.22,7.5,2L,3.87,3.65,-0.31,-6.51,-4.84,-10.09,-15.94,-3.17,9.45,-65.3,-67.8,-1,-1,-1,HVQ,-1,-1,-1,-1,-1,-1,-1,1.88,-2.37,-0.48,-6,-6.11,1.02,-5.15,0,0,0,0,0,0,-10.14,-16.66,-28.76,-43.13,-54.47,-10.14,-16.03,-17.4,-53.02,-58.77,-24.73,6.16,6.16,22.58,22.58,6.16,3.76,42.12,26.47,0,5.74,-5.32,-19.71,-7.92,-4.51,-74.21,0.924824,25,-7.84,-12.58,26.94,-43.27,,,-5.32,-13.89,9.99,2.58,-76.69,0.96082,14
26-11-2025,NSE:PURVA,EQ,6014.12,245.55,153819,377.70255,2.84,2.82,5.33,3L,-0.65,-0.71,-5.52,-8.92,-10.98,-9.2,-17.59,-6.69,9.14,-33.33,20.28,-1,-1,-1,EEP,-1,-1,-1,-1,-1,-1,-1,-1.59,-2.09,-3.6,-3.01,-6.41,-0.9,-7.25,0,0,6.35,0,0,0,-9.86,-15.85,-24.85,-44.99,-55.33,-9.86,-7.01,-11.63,-44.1,-59.41,-40.44,1.2,1.2,12.77,32.73,1.2,10.12,32.61,20.31,25.69,84.45,-11.46,-21.36,-11.44,-4.82,-42.24,0.924483,25,-9.24,-0.67,26.73,-44.1,,,-11.46,-9.27,8.25,5.18,-40.88,0.970242,23
26-11-2025,NSE:JAYSREETEA,EQ,281.82,92.91,35786,33.24877,2.37,2.51,4.86,S,0.37,-2.16,-2.21,-3.24,-4.95,-2.84,-8.69,-13.32,0.77,-38.99,-3.76,-1,-1,-1,HVQ,-1,-1,-1,-1,-1,-1,-1,-0.93,-0.76,-1.68,-1.2,-2.85,-5.18,-7.64,0,0,0,0,0,0,-5.19,-6.89,-21.72,-36.3,-41.36,-5.19,-13.6,-14.92,-33.55,-41.82,-18.5,0.44,0.44,5.58,5.58,0.44,4.8,14.75,19.65,0,39.76,-5.43,-12.46,-18.07,-13.19,-47.9,0.924445,25,-5.19,-10.15,3.42,-24.07,,,-5.43,-6.87,-5.29,2.78,-34.21,0.966583,19
26-11-2025,NSE:TNPL,EQ,1038.02,144.28,332809,480.17683,2,2.01,10.24,2L,1.55,-1.4,-2.15,-6.01,-6.9,-7.26,-17.67,-17.27,2.95,-14.66,-78.26,-1,-1,HV2Y,HV2Q,-1,HVQ,-1,-1,-1,-1,-1,-1.09,-1.75,-2.79,-3.25,-5.85,0.89,-5,0,0,0,0,0,0,-9.26,-12.66,-22.34,-30.4,-50.46,-9.26,-9.15,-8.62,-27.94,-51.92,-43.2,1.55,1.55,19.55,19.55,1.55,4.17,40.67,40.19,0,1.95,-7.38,-21.44,-22.02,-11.01,-23.57,0.924325,25,-9.09,-6.48,24.21,-26.46,,,-7.38,-13.38,-0.68,7.58,-12.27,0.97677,31
26-11-2025,NSE:MASTEK,EQ,7233.98,2236.8,119810,2679.91008,2.44,2.56,4.05,S,0.35,-2.89,-0.83,4.38,1.59,1.01,-16.3,-2.86,-7.79,-42.75,-17.5,-1,-1,-1,EEP,EEP,-1,-1,-1,-1,-1,-1,-0.46,0.84,0.39,0.56,0.95,-5.94,-4.72,0,0,4.76,0,0,0,-4.26,-14.21,-16.22,-31.61,-31.61,-4.26,-15.57,-2.57,-29.66,-26.29,0,9.77,9.77,14.21,14.21,6.53,8.02,32.82,17.48,7.32,42.13,1.11,-20.07,-7.61,-21.75,-51.66,0.924265,25,3.17,-11.23,5.65,-22.22,,,1.11,-21.48,10.53,-14.45,-26.56,0.961294,14
26-11-2025,NSE:PANACEABIO,EQ,2392.15,373.45,165874,619.45645,4.02,3.97,6.77,L,8.20,0.83,-7.26,-15.76,-17.5,-9.08,-8.02,-40.81,13.66,-10.86,63.97,-1,-1,HVQ,HVQ,-1,-1,-1,-1,-1,-1,-1,0.89,-5.02,-3.93,-7.19,-10.38,-3.17,-13.13,0,0,6.35,0,0,3.17,-15.64,-18.71,-31.49,-34.04,-34.04,-15.64,-4.48,-28.75,-7.13,-33.5,0,8.2,8.2,25.63,213.69,8.2,12.83,35.71,162.66,170.85,247.75,-17.98,-11.79,-45.56,-0.3,-19.77,0.924222,25,-15.48,5,22.74,154.72,,,-17.98,4.76,-31.37,29.02,-22.52,0.999607,62
26-11-2025,NSE:PRABHA,EQ,2839.42,195.16,34869,68.05034,4.14,4.09,4.02,,1.59,-4.36,-5.25,-11.07,-7.63,-16.66,-29.41,-12.2,NA,NA,NA,-1,-1,-1,-1,-1,-1,-1,-1,-1,-1,-1,-2.47,-2.31,-4.67,-4.05,-8.39,,,0,0,0,0,0,0,-11.07,-22.94,-36.56,NA,NA,-11.07,-22.32,-17.91,NA,NA,NA,1.59,1.59,NA,NA,1.59,2.5,54.74,NA,NA,NA,-8.11,-33.18,-16.95,0,0,0.924204,25,-6.44,-19.92,,,,,-8.11,-23.54,12.28,90.34,5.87,0.972836,26
26-11-2025,NSE:BCG,EQ,2837.2,12.9,7266118,937.32922,4.16,4.1,5.17,S,0.00,-0.78,-3.18,-2.4,-3.18,-10.23,-26.82,22.09,-37.98,-29.84,-37.98,-1,-1,-1,HVQ,-1,HV2Q,-1,-1,-1,-1,-1,-1.87,-1.45,-3.27,-3.78,-6.79,1.24,-5.62,0,0,9.52,0,0,0,-8.51,-20.86,-37.71,-40.28,-62.88,-8.51,-23.64,-21,-53.47,-48.78,-51.8,1.42,88.05,88.05,88.05,1.42,12.51,138.48,10.44,90.37,79.14,-3.66,-30.59,17.34,-51.94,-38.75,0.924186,25,-5.29,2.23,-9.36,-40.88,,,-3.66,-26.23,37.55,-86.77,11.77,0.983584,40
26-11-2025,NSE:INDGN,EQ,12233.91,523.4,350287,1833.40216,2.25,2.24,3.94,,1.58,1.66,2.79,-2.99,-3.81,-9.35,-8.7,-15.47,-8.44,-22.45,NA,-1,-1,-1,-1,HVQ,-1,-1,-1,-1,-1,-1,1.34,-1.2,0.13,-4.35,-4.04,-3.15,-6.98,0,0,0,0,0,0,-5.19,-10.77,-15.54,-23.58,NA,-5.19,-7.84,-8.19,-17.52,-22.53,NA,3.43,3.43,3.86,NA,3.43,2.01,12.9,19.92,14.77,NA,-4.29,-12.47,-20.22,-22.4,-31.36,0.924107,25,-4.44,-2.25,0.04,4.93,,,-4.29,-8.02,-7.24,-3.58,-7.04,0.971081,24
26-11-2025,NSE:VILAS,SM,1094.26,403.85,34650,139.93403,5.2,5.41,6.6,S,-1.05,-6.88,-1,-4.15,-12.42,-29.32,-28.98,-14.52,17.14,-19.3,NA,HVQ,HVQ,-1,-1,HV2Q,-1,7.05,-1,-1,-1,-1,-3.32,-2.34,-5.53,-9.28,-13.55,1.07,-12.61,0,0,0,0,0,0,-12.05,-32.49,-35.86,-35.86,NA,-12.05,-24.11,-17.26,-16.64,-39.69,NA,7.64,7.64,31.35,NA,7.64,4.22,69.43,50.43,56.01,NA,-12.9,-32.75,-19.27,3.18,-28.21,0.92396,25,-12.05,-15.57,47.31,-2.85,,,-12.9,-18.05,10.19,17.98,-38.1,0.980934,37
26-11-2025,NSE:ELLEN,EQ,6172.98,397.15,172354,684.50391,3.38,3.31,3.03,,0.61,-3.41,-11.36,-15.33,-14.65,-28.63,-33.12,NA,NA,NA,NA,-1,-1,-1,-1,-1,-1,-1,-1,-1,-1,-1,-3.69,-3.98,-7.38,-7.43,-13.79,,,0,0,0,0,0,0,-14.59,-28.18,NA,NA,NA,-14.59,-21.17,NA,NA,NA,NA,1.43,NA,NA,NA,1.43,4.88,NA,NA,NA,NA,-15.13,-36.89,0,0,0,0.923915,25,-11.1,-19.12,,,,,-15.13,-19.42,98.98,-9.66,5.87,0.956178,10
26-11-2025,NSE:ABFRL,EQ,9567.44,76.94,5117553,3937.44528,2.93,3,2.81,2M,2.00,-1.47,-5.07,-9.33,-6.26,-18.44,-6.55,-14.31,-8.74,-23.46,9.99,-1,-1,-1,-1,-1,-1,-1,-1,-1,-1,-1,-0.76,-2.11,-2.81,-5.2,-7.62,0.98,-6.7,0,0,15.87,0,0,7.94,-9.89,-17.69,-17.69,-28.5,-34.62,-9.89,-12.54,-14.19,-25.27,-28.91,-19.28,2,6.17,6.17,13.95,2,12.2,13.12,10.95,25.03,41.95,-6.74,-10.32,-19.06,-22.7,-32.37,0.923706,25,-8.59,10.83,-2.43,-16.22,,,-6.74,-3.58,-8.3,-4.79,-7.66,0.971227,24
26-11-2025,NSE:NATHBIOGEN,EQ,319.25,155.54,22631,35.20026,3.44,3.46,13.78,L,3.51,-4.17,-6.95,-11.7,-9.12,-9.82,-13.12,-23.48,1.77,-10.81,-17.69,-1,-1,-1,-1,-1,-1,-1,-1,-1,-1,-1,-2.06,-2.58,-4.53,-2.96,-7.28,-3.82,-10.69,0,0,0,0,0,0,-10.48,-12.31,-33.77,-33.77,-39.66,-10.48,-8.33,-25.08,-17.77,-40.73,-33.14,3.51,3.51,8.8,8.8,3.51,3.21,23.08,34.35,0,0.88,-9.6,-16.89,-28.23,-12.19,-19.72,0.923679,25,-8.05,-8.33,12.77,-16.36,,,-9.6,-6.97,-10.18,10.79,-6.94,0.980996,37
26-11-2025,NSE:MPSLTD,EQ,3735.91,2112.9,19569,413.4734,4.16,4.14,7.58,2L,1.67,-1.19,-9.37,-8.3,-7.01,-5.08,-3.09,-25.34,-29.49,2.5,28.74,-1,-1,-1,-1,-1,EEP,-1,-1,-1,-1,-1,-0.81,-2.01,-2.76,-2.07,-4.72,-10.35,-13.66,0,0,0,0,0,0,-8.57,-8.95,-27.52,-27.52,-27.52,-8.57,-5.98,-25.28,-8.86,-2.78,-15.38,4.04,4.04,14.59,38.7,4.04,6.79,3.31,43.63,81.71,36.83,-7.49,-6.86,-30.09,-43.45,-6.41,0.923387,25,-6.02,-5.98,-23.69,13.18,,,-7.49,0.36,-22.61,-12.97,30.57,0.991938,52
26-11-2025,NSE:PROTEAN,EQ,3445.44,824.65,253119,2087.34583,2.34,2.33,7.34,2M,0.90,-1.49,-5.37,-5.11,-3.01,-9.93,0.65,-15.52,-60.69,NA,NA,-1,-1,HV2Y,EEP,EEP,-1,-1,-1,-1,-1,-1,-0.68,-1.2,-1.86,-2.73,-4.46,,,0,0,0,0,0,0,-5.09,-9.76,-17.81,NA,NA,-5.09,-7.05,-44.29,-35.23,NA,NA,2.72,14.57,NA,NA,2.72,18.02,13.83,0,NA,NA,-3.49,-3.12,-20.27,-74.65,0,0.923379,25,-3.88,6.62,-41.69,,,,-3.49,0.24,-17.29,-48.76,105.87,0.953634,8
26-11-2025,NSE:KSCL,EQ,5503.98,972.7,97726,950.5808,4.4,4.3,8.57,L,-2.93,-3.15,-5.54,-5.88,-8.86,-17.19,-18.83,-53.53,-0.35,14.9,30.65,-1,-1,-1,HVQ,EEP,EEP,-1,-1,-1,-1,-1,-3.37,-1.68,-4.97,-3.82,-8.46,-11.19,-17.67,0,0,0,0,0,0,-9.12,-19.08,-35.02,-38,-38,-9.12,-11.91,-26.32,-4.81,-16.97,-29.58,2.56,2.56,18.22,56.33,2.56,1.58,18.44,82.17,56.88,33.04,-9.34,-22.6,-58.28,-14.31,5.99,0.92334,24,-6.76,-5.82,16.13,32.59,,,-9.34,-12.47,-30.22,24.98,21.06,1.008293,72
26-11-2025,NSE:TCPLPACK,EQ,2932.93,3157.2,3320,104.81904,2.89,2.87,6,2L,0.55,-2.08,-4.82,-4.7,-6.59,-7.43,-7.29,-37.08,-12.78,2.66,27.53,-1,-1,-1,-1,EEP,EEP,-1,-1,-1,-1,-1,-0.68,-1.91,-2.53,-3.23,-5.58,-10.29,-14.39,0,0,0,0,0,0,-5.67,-10.95,-27.9,-32.37,-32.37,-5.67,-10.74,-27.44,-7.3,-5.24,-14.3,2.72,2.72,3.79,53.12,2.72,2.85,1.78,42.68,72.68,49.04,-7.07,-11.06,-41.83,-26.74,-6.25,0.923263,24,-5.24,-7.6,-15.41,33.11,,,-7.07,-3.97,-28.78,8.07,19.56,0.992292,53
26-11-2025,NSE:PSB,EQ,21953.74,30.3,2907184,880.87675,2.94,2.92,5.35,M,1.30,-3.23,-0.26,-2.77,-2.64,2.15,4.62,-0.83,-37.72,-53,-92.57,-1,-1,-1,-1,-1,HVQ,-1,-1,-1,-1,-1,0.14,-0.47,-0.32,0.46,0.14,-7.27,-6.65,0,0,0,0,0,0,-4.9,-4.9,-8.9,-44.78,-56.15,-4.9,0,-38.17,-49.81,-39.61,-32.91,9.54,9.54,18.59,18.59,2.99,12.44,13.11,19.57,0,0,-3.12,0.85,-5.58,-51.68,-61.91,0.923192,24,-4.05,3.84,-32.54,-49.81,,,-3.12,3.76,-6.73,-46.26,-5.23,0.960096,13
26-11-2025,NSE:ELECON,EQ,12252.24,503.15,432344,2175.33884,3.14,3.09,4.07,L,1.08,-7.07,-4.49,-12.35,-10.86,-18.42,-14.16,-36.31,11.5,-12.26,13.25,-1,-1,-1,-1,-1,-1,-1,-1,-1,-1,-1,-2.87,-2.59,-5.33,-5.77,-10.49,0.58,-9.97,0,0,0,0,0,0,-11.54,-19.92,-28.67,-28.67,-31.19,-11.54,-11.22,-18.57,-6.21,-39.1,-22.76,1.77,1.77,29.54,29.54,1.77,4.97,47.89,76.58,9.98,39.5,-11.34,-17.93,-41.06,-2.46,-21.17,0.923133,24,-9.69,-3.34,23.06,12.99,,,-11.34,-6.29,-20.42,25.41,-20.98,0.990436,50
26-11-2025,NSE:MKPL,EQ,243.24,6.23,256465,15.97777,4.02,3.95,6.68,2M,0.16,-4.01,-8.99,-7.7,-7.06,-13.16,-5.46,-14.77,-10.91,-21.67,-108.67,-1,-1,-1,HVY,-1,-1,-1,-1,-1,-1,-1,-2.54,-2.07,-4.52,-4.8,-8.89,-1.28,-10.05,0,0,0,0,0,0,-8.52,-18.13,-30.85,-33.79,-56.43,-8.52,-12.35,-27.08,-36.39,-54.59,-50.19,0.16,0.16,11.65,11.65,0.16,3.57,17.74,28.14,3.6,0,-7.54,-9.23,-19.52,-24.87,-30.58,0.923078,24,-7.7,-5.12,-6.81,-32.61,,,-7.54,-1.81,-9.85,-6.3,-3.83,0.972289,26
26-11-2025,NSE:ALIVUS,EQ,11605.66,903.5,167333,1511.85366,2.46,2.53,5.4,2L,2.12,-0.47,-0.61,-0.05,-1.74,-7.17,-7.36,-19.67,-13.84,-19.54,18.17,-1,-1,HV2Y,-1,-1,-1,-1,-1,-1,-1,-1,-0.18,-0.62,-0.79,-1.87,-2.61,-8.19,-9.98,0,0,0,0,0,0,-4.57,-13.74,-15.79,-26.97,-31.08,-4.57,-12.48,-19.57,-17.52,-21.54,-17.61,2.12,2.12,2.12,24.01,2.12,0,9.62,22.18,49.43,56.92,-2.22,-11.13,-24.42,-27.8,-28.45,0.923035,24,-0.27,-10.61,-4.26,4.14,,,-2.22,-8.83,-12.48,-4.79,0.86,0.97254,26
26-11-2025,NSE:IKIO,EQ,1515.47,190.32,81167,154.47703,2.75,2.7,7.2,2L,1.29,-1.5,-5.41,-9.39,-11.23,-16.05,-16.3,-14.91,11.22,-30.73,-52.06,-1,-1,HV2Y,EEP,EEP,-1,-1,-1,-1,-1,-1,-1.52,-2.65,-4.06,-5.09,-8.7,-2.84,-11.22,0,0,1.59,0,0,0,-10.09,-16.57,-18.71,-35.03,-41.57,-10.09,-9.58,-24.44,-30.36,-48.12,-23.61,2.28,2.28,12.64,12.64,2.28,11.63,28.51,29.43,0,0.71,-11.71,-20.07,-19.66,-2.74,-39.64,0.922963,24,-8.93,2.54,28.51,-24.07,,,-11.71,-7.86,0.18,13.08,-41.38,0.97398,27
26-11-2025,NSE:ANTHEM,EQ,37375.15,632.6,457790,2895.97954,2.78,2.76,4.79,S,-0.27,-1.62,-8.5,-11.01,-15.58,-29.74,-33.36,NA,NA,NA,NA,-1,-1,-1,-1,-1,-1,-1,-1,-1,-1,-1,-2.8,-3.92,-6.46,-9.43,-14.53,,,0,0,26.98,0,0,12.7,-12.96,-26.82,NA,NA,NA,-12.96,-15.43,NA,NA,NA,NA,0.14,NA,NA,NA,0.14,1.86,NA,NA,NA,NA,-16.06,-37.13,0,0,0,0.922907,24,-11.39,-3.46,,,,,-16.06,-18.7,98.98,-9.66,5.87,0.955982,10
26-11-2025,NSE:TRF,EQ,356.54,311.3,45397,141.32086,2.94,3,4.34,2L,1.60,-2.91,-1.77,-6.06,-10.1,-19.26,-3.77,-22.58,-0.45,-26.44,-36.57,-1,-1,HVQ,-1,HV2Y,HV2Y,-1,-1,-1,-1,-1,-1.04,-1.71,-2.7,-5.35,-7.64,-4.92,-11.97,0,0,0,0,0,0,-6.02,-20.74,-22.96,-37.72,-53.01,-6.02,-12.73,-22.6,-35.45,-52.8,-40.59,1.6,1.6,1.62,1.62,1.6,10.67,5.45,24.56,0,0,-10.58,-7.54,-27.33,-14.41,-35.35,0.922818,24,-5.18,-5.79,-2.25,-26.18,,,-10.58,2.44,-19.14,8.4,-20,0.975872,30
26-11-2025,NSE:KRONOX,EQ,549.51,143.75,68456,98.4055,2.83,2.81,4.8,M,0.13,-0.96,-2.69,-2.69,-5.75,-13.38,-19.82,-14.24,-2.62,-11.55,NA,-1,-1,-1,HVQ,HVQ,-1,-1,-1,-1,-1,-1,-0.71,-1.51,-2.19,-4.58,-6.47,-4.46,-10.47,0,0,0,0,0,0,-5.25,-18.2,-28.95,-35.06,NA,-5.25,-18.31,-14.86,-25.82,-33.36,NA,2.23,2.23,6.08,NA,2.23,3.2,27.11,21.19,6.25,NA,-6.23,-23.59,-18.99,-16.58,-20.46,0.922654,24,-5.14,-16.14,11.12,8.22,,,-6.23,-16.62,3.64,0.51,-2.83,0.975979,30
26-11-2025,NSE:ALKYLAMINE,EQ,9195.69,1707.5,27464,468.9478,2.23,2.21,7.25,2L,-0.39,-3.77,-4.88,-7.26,-11.52,-18.51,-24.3,-11.12,6.12,-11.99,-16.06,-1,-1,-1,HVQ,-1,EEP,-1,-1,-1,-1,-1,-2.4,-2.2,-4.5,-5.14,-9.16,-2,-10.94,0,0,0,0,0,0,-10.32,-19.03,-28.79,-28.79,-29.14,-10.32,-18.91,-11.49,-21.26,-33.48,-20.65,0,0,8.86,8.86,0,3.61,35.31,20.96,0,5.42,-12,-28.07,-15.87,-7.84,-20.9,0.9226,24,-9.48,-13.26,27.93,-9.6,,,-12,-14.77,9.59,5.86,-13.42,0.977814,33
26-11-2025,NSE:TBZ,EQ,1277.89,172.8,275462,475.99834,3.55,3.59,5.07,L,1.09,-6.83,-11.68,-7.14,-5.7,-7.55,-10.19,-11.93,-3.63,-32.2,40.68,-1,-1,-1,HV2Q,HV2Q,-1,-1,-1,-1,-1,-1,-3.68,-1.72,-5.31,-1.38,-6.6,-1.82,-8.27,0,0,0,0,0,0,-11.69,-11.69,-19.54,-39.14,-47.25,-11.69,-14.96,-13.85,-40.96,-45.34,-30.27,1.09,1.09,9.3,76.87,1.09,0.95,20.44,22.34,83.3,133.83,-6.18,-13.96,-16.68,-17.59,-41.11,0.922083,24,-4.61,-3.45,1.56,3.03,,,-6.18,-7.56,-2.6,-2.25,-21.7,0.96698,20
26-11-2025,NSE:MARKSANS,EQ,8841.68,191.31,1212666,2319.95132,3.59,3.6,3.94,,1.46,1.13,-2.93,2.36,6.89,11.1,7.04,-31.72,-26.22,-61.6,23.89,-1,-1,-1,-1,-1,-1,-1,-1,-1,-1,-1,0.51,1.17,1.7,4.35,6.32,-19.01,-10.66,0,0,0,0,0,0,-2.85,-2.85,-27.41,-45.87,-45.87,-2.85,-24.6,-32.52,-28.7,-31.67,-2.89,16.61,16.61,16.61,36.65,5.07,8.58,0,31.91,81.62,132.53,6.41,3.27,-36.47,-40.18,-70.51,0.921938,24,4.35,-21.79,-22.05,9.52,,,6.41,-3.15,-42.71,-5.49,-22.16,0.960547,13
26-11-2025,NSE:PRECAM,EQ,1815.18,176.99,332414,588.33954,3.54,3.52,6.79,,1.90,-5.2,-1.14,-3.47,-5.85,-18.26,-1.54,3.22,-17.44,-67.81,-3.37,-1,-1,HV2Y,HV2Q,-1,-1,-1,-1,-1,-1,-1,-1.83,-1.66,-3.44,-5.11,-8.13,0.74,-7.45,0,0,3.17,0,0,0,-7.89,-30.57,-30.57,-51.61,-51.61,-7.89,-26.51,-20.94,-53.17,-43.17,-10.34,3.73,5.06,16.91,16.91,1.9,11.21,18.71,13.14,17.24,67.53,-6.33,-5.31,-1.53,-31.4,-76.72,0.921862,24,-5.68,-0.41,-17.99,-27.65,,,-6.33,0.76,3.67,-31,-37.02,0.954315,9
26-11-2025,NSE:ROSSARI,EQ,3494.56,594.05,70999,421.76956,1.93,1.94,7.41,2L,-0.15,-4.76,-6.83,-9.44,-9.94,-9.29,-5.4,-13,-5.62,-28.95,-19.28,-1,-1,-1,EEP,-1,-1,-1,-1,-1,-1,-1,-3.07,-1.89,-4.87,-2.54,-7.22,-2.87,-9.81,0,0,0,0,0,0,-8.62,-12,-20.08,-32.17,-36.96,-8.62,-8.5,-15.77,-28.77,-33.42,-18.71,0,0,0,0,0,6.39,5.23,12.82,0,14.23,-10.42,-9.17,-17.75,-19.58,-37.86,0.921793,24,-8.57,-8.5,-1.4,-25.99,,,-10.42,0.82,-8.24,-3.13,-16.22,0.970087,23
26-11-2025,NSE:SOTL,EQ,2676.94,368,19909,73.26512,2.4,2.37,3.68,L,0.56,-3.27,-6.28,-7.42,-6.66,-9.69,-10.49,-10.23,-5.49,-29.36,-10.76,-1,-1,-1,HV2Q,-1,HVQ,-1,-1,-1,-1,-1,-1.51,-2.19,-3.62,-3.46,-6.84,-1.77,-8.47,0,0,0,0,0,0,-8.16,-11.01,-17.25,-38.62,-42.69,-8.16,-8.26,-8.57,-34.17,-39.55,-25.87,3.27,3.27,3.75,3.75,3.27,0,14.63,14.36,0,19.37,-7.14,-14.26,-14.98,-19.45,-38.27,0.921697,24,-7.94,-2.85,-2.2,-32.97,,,-7.14,-6.9,-0.79,-5.36,-16.76,0.967533,20
26-11-2025,NSE:JSWCEMENT,EQ,17419.71,115.93,2383048,2762.66755,2.87,2.84,4.46,,-0.21,-9.86,-5.43,-16.43,-17.82,-26.32,-32.39,NA,NA,NA,NA,-1,-1,-1,-1,-1,-1,-1,-1,-1,-1,-1,-5.19,-3.49,-8.39,-7.1,-14.46,,,0,0,11.11,0,0,3.17,-15.21,-27.17,NA,NA,NA,-15.21,-14.19,NA,NA,NA,NA,0,NA,NA,NA,0,1.02,NA,NA,NA,NA,-18.3,-36.16,0,0,0,0.921578,24,-14.44,,,,,,-18.3,-15.68,98.98,-9.66,5.87,0.956827,10
26-11-2025,NSE:ADFFOODS,EQ,2407.11,210.55,128223,269.97353,3.45,3.44,7.1,2M,3.29,-1.38,-5.72,-4.6,-3.11,-6.95,-9.66,-9.86,-4.87,-43.79,9.55,-1,-1,-1,HV2Q,-1,-1,-1,-1,-1,-1,-1,-0.36,-1.22,-1.55,-1.34,-2.85,-9.65,-11.4,0,0,0,0,0,0,-9.44,-12.08,-29.3,-39.44,-39.44,-9.44,-19.4,-22.47,-33.46,-36.49,-4.87,5.57,5.57,5.57,13.84,3.29,8.85,7.28,7.48,20.59,65.35,-3.59,-13.43,-14.61,-18.83,-52.7,0.921527,24,-5.36,-19.4,-3.82,1.02,,,-3.59,-9.66,-1.21,-5.11,-31.25,0.961902,15
26-11-2025,NSE:DSSL,EQ,1272.53,936.2,86245,807.42569,3.4,3.52,9.65,,1.22,-3.8,1.62,2.65,1.26,0.58,-7.33,-19.31,-10.97,-35.93,15.82,-1,-1,HV2Y,HVQ,-1,HVQ,-1,-1,-1,-1,-1,-0.41,0.29,-0.12,0.06,-0.07,-9.88,-9.05,0,0,0,0,0,0,-6.31,-9.26,-17.65,-41.38,-41.38,-6.31,-11.25,-15.5,-30.06,-34.95,-20.14,12.54,12.54,12.54,19.35,7,11.13,4.55,16.21,46.53,79.49,0.78,-11.1,-24.06,-24.93,-44.84,0.921483,24,1.11,-10.11,-8.56,-28.45,,,0.78,-12.01,-12.18,-2.67,-16.62,0.965009,17
26-11-2025,NSE:RECLTD,EQ,95283.21,356.4,5710602,20352.58553,1.93,1.94,3.26,3L,1.32,-0.86,-1.64,-4,-4.85,-7.18,-5.23,-13.68,-8.11,-37.75,-25.34,-1,-1,-1,-1,-1,-1,-1,-1,-1,-1,-1,-0.56,-1.17,-1.71,-2.47,-4.08,-5.94,-9.46,0,0,0,0,0,0,-7.56,-7.84,-16.38,-37.49,-44.81,-7.56,-6.75,-15.61,-35.75,-40.34,-23.98,1.83,1.83,1.83,1.83,1.32,6.77,4.09,12.45,0,16.06,-5.33,-9,-18.43,-22.07,-46.66,0.921423,24,-3.4,-6.75,-5.21,-31.95,,,-5.33,-3.67,-9.05,-4.76,-21.55,0.965031,18
26-11-2025,NSE:PITTIENG,EQ,3388.82,897.95,47176,423.61689,2.94,2.89,4.78,2M,3.27,1.33,-0.32,-4.71,-4.57,-10.69,-4.51,-12.64,-7.34,-44.48,19.54,-1,-1,-1,-1,-1,-1,-1,-1,-1,-1,-1,0.97,-1.6,-0.62,-4.35,-4.77,-2.22,-6.84,0,0,1.59,0,0,0,-7.21,-11.55,-13.22,-38.48,-38.48,-7.21,-7.51,-13.61,-30.7,-33.96,-9.05,3.34,3.34,3.34,27.6,3.34,5.77,7.42,15.78,40.92,89.69,-5.05,-8.28,-17.39,-21.3,-53.39,0.921323,23,-4.73,-0.48,-2.57,-26.44,,,-5.05,-3.25,-8.8,-4.95,-28.74,0.962758,15
26-11-2025,NSE:PNBGILTS,EQ,1582.29,85.99,400705,344.56623,2.08,2.06,5.14,3L,1.43,-0.9,-1.14,-5.28,-3.14,-16.62,-20.2,-13.76,3.34,-30.4,-22.46,-1,-1,-1,HVY,HVQ,-1,-1,-1,-1,-1,-1,-0.26,-2.1,-2.32,-6.21,-8.02,-1.51,-9.39,0,0,0,0,0,0,-7.68,-17.3,-25.5,-29.87,-40.73,-7.68,-19.64,-10.45,-25.46,-42.7,-22.71,1.57,1.57,15.33,15.33,1.57,0,38.63,31.2,0,17.72,-3.62,-23.97,-18.51,-10.62,-39.31,0.921221,23,-5.91,-18.26,19.66,-20.32,,,-3.62,-19.85,4.34,5.37,-29.03,0.968837,22
26-11-2025,NSE:VIRINCHI,BE,275.61,23.87,200946,47.96581,3.83,3.81,7.33,2L,-0.58,-8.84,-12.69,-19.23,-16.76,-23.96,-22.79,2.64,-3.02,-12.9,-39.51,-1,-1,-1,HV2Q,-1,EEP,-1,-1,-1,-1,-1,-5.49,-3.75,-8.91,-6.2,-14.23,8.24,-6.53,0,0,26.98,0,0,11.11,-16.13,-25.17,-25.17,-25.2,-40.4,-16.13,-12.63,-3.39,-36.01,-38.6,-32.71,0.04,14.54,18.64,18.64,0.04,8.44,45.68,15.51,0,1.13,-17.24,-26.56,-2.11,-16.98,-21.81,0.921178,23,-14.72,-0.36,16.22,-29.72,,,-17.24,-8.48,19.69,-15.47,-3.73,0.976673,31
26-11-2025,NSE:GFLLIMITED,EQ,677.77,60.74,183697,111.57756,4.34,4.22,14.59,S,2.29,0.36,-0.61,-2.62,-22.62,-2.16,-1.33,4.97,-1.32,-61.97,-19.69,-1,-1,HV2Q,HV2Q,-1,-1,-1,-1,-1,-1,-1,-0.21,-1.65,-1.83,-1.57,-3.35,2.89,-0.47,0,4.76,4.76,0,0,0,-12.54,-21.25,-21.25,-40.16,-49.1,-12.54,-3.44,-10.54,-51.63,-48.43,-17.56,2.88,2.88,18.86,18.86,2.29,26.15,20.45,12.95,0,47.61,-23.1,-5.1,0.22,-15.28,-70.88,0.921122,23,-12.54,18.33,-5.02,-26.6,,,-23.1,14.05,5.2,-16.28,-53.99,0.96489,17
26-11-2025,NSE:ARIHANTSUP,EQ,1631.39,350.55,83398,292.35169,3.16,3.17,5.35,L,0.34,-7.69,-11.91,-20.38,-18.46,-15.25,-17.83,-4.01,-15.18,4.16,4.82,-1,-1,HV2Y,-1,-1,-1,-1,-1,-1,-1,-1,-4.89,-3.97,-8.52,-5.12,-12.98,0.75,-12.32,0,0,0,0,0,0,-16.93,-18.87,-21.72,-35.43,-35.43,-16.93,-4.33,-7.76,-32.84,-25.63,-20.54,0.34,0.34,1.24,24.73,0.34,5.86,19.29,22.16,47.98,23.13,-18.94,-21.6,-8.76,-29.14,-4.75,0.921051,23,-15.66,-1.59,-1.83,16.43,,,-18.94,-2.78,10.71,-20.4,22.66,0.988609,47
26-11-2025,NSE:TIRUMALCHM,EQ,3073.19,241.2,253496,611.43235,3.38,3.42,5.28,L,2.31,-6.05,-7.19,-16.63,-17.85,-26.95,-17.31,-3.64,8.36,-30.74,5.33,-1,-1,-1,HV2Q,HVQ,HV2Y,-1,-1,-1,-1,-1,-2.94,-3.91,-6.59,-8.3,-13.75,3.12,-10.97,0,0,25.4,0,0,23.81,-15.15,-25.73,-25.73,-37.5,-37.5,-15.15,-12.47,-8.5,-35.23,-42.73,-10.62,2.31,2.31,13.47,13.47,2.31,3.46,33.12,17.6,5.89,51.07,-18.33,-21.08,-8.39,-5.6,-39.65,0.920982,23,-13.19,-3.61,22.65,-26.65,,,-18.33,-2.85,10.63,1.92,-36.8,0.971538,25
26-11-2025,NSE:BANSALWIRE,EQ,4879.07,316.65,95653,302.88522,3.62,3.6,3.62,,-0.69,-1.88,0.25,2.73,0.52,-11.42,-15.38,-15.4,-6.22,-30.46,NA,-1,-1,-1,-1,-1,-1,-1,-1,-1,-1,-1,-0.29,-0.22,-0.51,-3.05,-3.46,-10.19,-12.38,0,0,0,0,0,0,-2.22,-14.19,-24.25,-35.15,NA,-2.22,-23.75,-12.6,-25.16,-31.11,NA,3.94,3.94,3.94,NA,3.94,0.93,10.73,10.74,1.02,NA,0.04,-19.15,-20.15,-20.18,-39.37,0.920775,23,0.92,-23.12,9.08,3.67,,,0.04,-19.29,-1.03,-1.71,-16.95,0.966424,19
26-11-2025,NSE:GEOJITFSL,EQ,2117.14,72.16,568971,410.56947,2.46,2.43,3.83,,2.50,-4.19,0.93,-0.35,-3.84,-11.46,-2.26,-20.5,-4.3,-49.46,19.28,-1,-1,HVQ,HV2Q,HVQ,-1,-1,-1,-1,-1,-1,-0.69,-1.08,-1.74,-3.28,-4.87,-2,-6.73,0,0,0,0,0,0,-4.71,-12.53,-20.75,-46.43,-53.01,-4.71,-9.18,-18.96,-43.38,-50.99,-29.77,2.5,2.5,17.79,26.82,2.5,5.11,20.45,41.94,34.62,92.91,-4.32,-6.03,-25.25,-18.26,-58.37,0.920415,23,-2.76,0.46,-4.58,-15.51,,,-4.32,-1.79,-18.85,3.78,-37.43,0.964401,17
26-11-2025,NSE:SILINV,EQ,615.62,551.05,14935,82.29932,4.69,4.86,5.61,2L,1.71,-5.01,-10.09,-11.7,-24.13,-7.71,-4.45,-11.54,6.3,-31.83,16.11,-1,-1,-1,-1,-1,-1,-1,-1,-1,-1,-1,-3.01,-3.86,-6.62,-3.96,-10.17,4.31,-6.12,0,14.29,20.63,0,14.29,20.63,-23.1,-23.1,-23.1,-24.38,-37.17,-23.1,-0.84,-16.01,-29.92,-41.13,-17.18,2.8,2.8,26.72,26.72,2.8,26.06,32.36,41.35,18.48,66.69,-24.61,-8.22,-16.29,-7.66,-40.74,0.92021,23,-21.15,14.51,16.1,8.01,,,-24.61,12.55,-7.81,6.33,-34.82,0.977916,33
26-11-2025,NSE:NIBE,EQ,1608.19,1112.2,61589,684.99286,3.83,3.95,2.9,M,4.44,2.1,-11.12,-6.76,-13.08,-21.08,-7.37,-51.02,1.86,NA,NA,-1,-1,-1,HV2Y,-1,-1,-1,-1,-1,-1,-1,0.12,-4.05,-3.78,-9.65,-12.25,,,0,0,0,0,0,0,-10.72,-24.56,-41.83,NA,NA,-10.72,-28.3,-37.55,0,NA,NA,4.56,4.56,NA,NA,4.56,6.69,55.46,118.66,NA,NA,-13.56,-11.14,-55.77,-12.1,0,0.920168,23,-10.07,-24.38,14.82,,,,-13.56,1.74,-41.67,25.35,105.87,1.003026,66
26-11-2025,NSE:IREDA,EQ,42444.68,144.35,8298090,11978.29292,2.03,2.05,5.19,L,2.12,-1.91,-4.56,-4.61,-6.25,-5.77,-2.32,-21.4,-11.47,-27.87,10.81,-1,-1,-1,-1,EEP,-1,-1,-1,-1,-1,-1,-0.95,-1.44,-2.36,-2.19,-4.45,-5.13,-9.12,0,0,0,0,0,0,-7.21,-10.27,-21.22,-37.39,-50.16,-7.21,-4.66,-19.4,-32.68,-44.45,-36.27,2.74,2.74,4.48,14.75,2.12,9.16,6.91,26.84,27.91,46.72,-6.73,-6.09,-26.15,-25.43,-36.78,0.92015,23,-4.7,0.08,-13.22,-31.84,,,-6.73,0.39,-19.67,-1.48,-8.84,0.971202,24
26-11-2025,NSE:RTNPOWER,EQ,5515.1,10.04,14292490,1434.966,2.91,2.88,3.88,2L,1.41,-1.2,-2.89,-7.57,-11.25,-18.73,-21.22,-10.46,6.67,-24.2,14.84,-1,-1,-1,HV2Q,HVQ,-1,-1,-1,-1,-1,-1,-1.03,-2.59,-3.54,-6.54,-9.45,-4.32,-13.2,0,0,0,0,0,0,-12.31,-19.68,-38.14,-38.14,-50.05,-12.31,-16.33,-25.02,-34.14,-53.38,-37.96,1.41,1.41,14.87,24.72,1.41,1.18,39.24,26.89,16.4,54.91,-11.73,-24.99,-15.21,-7.29,-33.11,0.919952,23,-9.39,-16.27,23.68,-33.03,,,-11.73,-12.26,7.85,5.85,-27.21,0.972341,26
26-11-2025,NSE:GREENPANEL,EQ,3283.35,258.25,472960,1221.4192,3.81,3.74,6.16,2L,2.01,-2.23,-4.55,-8.27,-16.75,-10.67,-2.67,-1.51,-17.62,-26.31,-23.62,-1,-1,HV2Y,HV2Y,-1,-1,-1,-1,-1,-1,-1,-2.03,-3.13,-5.01,-5.77,-10.19,4.96,-5.49,0,0,0,0,0,0,-13.38,-19.84,-21.1,-37.08,-38.25,-13.38,-7.88,-18.99,-37.31,-27.37,-22,2.01,2.01,18.54,18.54,2.01,14.03,21.71,20.34,6.11,13.96,-17.23,-6.44,-6.26,-31.58,-35.22,0.919904,23,-13.38,-5.93,-11.56,-30.48,,,-17.23,8.75,0.11,-25.53,-1.52,0.97238,26
26-11-2025,NSE:VERANDA,EQ,2077.28,205.7,362234,745.11534,4,3.89,3.8,3L,0.33,-6.74,-10.15,-11.48,-27.58,-6.04,-13.01,-1.52,0.39,-13.39,6.71,-1,-1,-1,HV2Q,HV2Q,HVQ,-1,-1,-1,-1,-1,-3.69,-3.03,-6.52,-2.6,-8.88,2.02,-7.01,0,0,0,0,0,0,-19.05,-21.62,-22.64,-24.15,-41.08,-19.05,0,-12.58,-40.18,-41.31,-33.19,0.33,7.24,7.59,39.6,0.33,23.4,21.59,9.23,39.06,58.3,-28.06,-16.78,-6.27,-13.57,-22.3,0.919873,23,-19.05,16.87,-5.09,-26.47,,,-28.06,8.11,9.15,-7.78,-7.97,0.980784,37
26-11-2025,NSE:PFC,EQ,124611.84,362.4,5317697,19271.33393,2.12,2.1,4.05,2L,0.28,-3.1,-3.56,-9.33,-9.52,-13.33,-10.18,-13.99,-3.61,-25.1,-5.13,-1,-1,-1,-1,-1,-1,-1,-1,-1,-1,-1,-2.01,-2.18,-4.11,-4.35,-8.1,-2.35,-10.21,0,0,0,0,0,0,-11.35,-12.23,-16,-29.92,-36.49,-11.35,-5.23,-8.87,-26.08,-34.19,-20.55,0.28,0.28,0.28,0.28,0.28,4.53,9.61,13.4,3.87,25.41,-10,-13.95,-18.74,-17.57,-34.01,0.919866,23,-8.16,-4.38,3.86,-20.17,,,-10,-3.91,-4.48,-0.56,-14.86,0.97068,24
26-11-2025,NSE:KCP,EQ,2397.93,185.07,161511,298.90841,3.38,3.3,5.12,2L,1.04,2.43,-9.37,-8.2,-7.96,-7.91,-9.95,-20.62,-3.18,-21.1,8.01,-1,-1,-1,-1,-1,-1,-1,-1,-1,-1,-1,-0.07,-2.45,-2.46,-3.46,-5.71,-2.78,-8.27,0,0,0,0,0,0,-9.17,-10.39,-18.49,-28.64,-31.79,-9.17,-5.96,-10.37,-13.92,-29.62,-17.39,3.77,3.77,7.76,18.1,3.77,3.7,18.49,29.98,21.86,43.02,-8.44,-13.72,-25.37,-17.14,-30.01,0.919865,23,-7.52,-5.44,5.96,-7.2,,,-8.44,-5.15,-10.72,4.8,-11.5,0.973776,27
26-11-2025,NSE:VSTIND,EQ,4322.97,249.85,297848,744.17323,1.73,1.75,4.31,3L,0.50,-1.36,-1.52,-3.9,-2.78,-5.9,-9.65,-14.61,-13.63,-25.56,-31.7,-1,-1,-1,EEP,-1,-1,-1,-1,-1,-1,-1,-0.86,-0.81,-1.65,-1.74,-3.34,-7.23,-9.86,0,0,0,0,0,0,-4.38,-8.56,-20.86,-32.06,-48.08,-4.38,-9.35,-17.11,-40.5,-41.01,-34.82,0.5,0.5,1.09,1.09,0.5,2.01,10.84,15.86,0,0.98,-3.26,-13.42,-19.36,-27.59,-34.47,0.919829,23,-2.5,-8.92,-8.52,-29.79,,,-3.26,-9.99,-5.55,-8.8,-4.63,0.968,21
26-11-2025,NSE:RAJOOENG,EQ,1456.2,74.45,708194,527.25043,4.21,4.11,3.58,M,2.38,-5.41,-11.51,-15.63,-14.59,-21.89,-39.62,NA,NA,NA,NA,-1,-1,-1,-1,-1,-1,-1,-1,-1,-1,-1,-3,-4.76,-7.4,-7.42,-13.8,,,0,0,0,0,0,0,-16.2,-28.02,NA,NA,NA,-16.2,-25.48,NA,NA,NA,NA,4.93,NA,NA,NA,4.93,4.19,NA,NA,NA,NA,-15.07,-43.39,0,0,0,0.919739,23,-14.58,-25.48,,,,,-15.07,-25.16,98.98,-9.66,5.87,0.951224,8
26-11-2025,NSE:NEWGEN,EQ,13162.26,892.5,1169224,10435.3242,3.49,3.49,6.29,S,2.12,-3.19,-10.21,-8.92,-0.42,1.9,-3.17,-40.4,-9.65,-23.45,17.47,-1,-1,-1,EEP,EEP,-1,-1,-1,-1,-1,-1,-1.91,-1.15,-3.02,1.06,-1.98,-9.17,-10.22,0,0,0,0,0,0,-10.44,-10.44,-28.37,-49.17,-49.17,-10.44,-4.83,-31.01,-28.64,-44.27,-22.12,5.04,9.09,9.09,25.49,2.12,9.55,12.54,48.75,37.6,54.92,-0.9,-6.94,-45.15,-23.61,-32.36,0.919647,23,-10.44,5.3,-10.41,16.55,,,-0.9,-6.04,-37.11,12.24,-6.72,0.978353,34
26-11-2025,NSE:KIRLPNU,EQ,7297.11,1092.6,66939,731.37551,3.41,3.36,7.95,S,2.63,-3.57,0.75,-1.06,-6.22,-13.34,-14.8,-16.04,7.97,-45.96,40.29,-1,-1,-1,-1,EEP,-1,-1,-1,-1,-1,-1,-0.06,-1.46,-1.5,-4.7,-5.92,-4.65,-10.11,0,0,0,0,0,0,-5.25,-15.99,-27.7,-38.23,-38.23,-5.25,-15.07,-17,-28.33,-43.16,-5.64,3.65,3.65,11.52,66.75,3.65,0.53,28.03,29.41,58.91,152.03,-6.7,-18.57,-20.79,-5.99,-54.87,0.919564,23,-5.25,-10.6,25.31,-4.18,,,-6.7,-11.38,-2.1,11.03,-52.73,0.966899,19
26-11-2025,NSE:JYOTHYLAB,EQ,11442.4,308.3,264193,814.50702,1.74,1.75,4.9,3L,1.87,0.03,-0.58,-2.35,-3.03,-3.42,-12.6,-10.77,-9.52,-31.48,-38.63,-1,-1,-1,-1,HV2Y,-1,-1,-1,-1,-1,-1,-0.05,-0.79,-0.84,-1.25,-2.06,-7.28,-8.71,0,0,0,0,0,0,-3.99,-9.72,-13.88,-27.12,-46.77,-3.99,-8.59,-11.9,-41.04,-41.7,-30.02,1.87,1.87,1.87,1.87,1.87,3.49,10.14,8.34,0,3.05,-3.51,-16.37,-15.52,-23.48,-40.39,0.919398,22,-1.78,-6.09,-2.27,-40.1,,,-3.51,-12.6,0.61,-8.53,-14.18,0.965017,17
26-11-2025,NSE:PARKHOTELS,EQ,3020.31,136.7,403559,551.66515,2.58,2.57,3.6,2M,-0.42,-3.18,-2.39,-8.43,-9.37,-11.13,-12.95,-14.4,-14.53,-6.61,-39.47,-1,-1,-1,-1,EEP,EEP,-1,-1,-1,-1,-1,-2.1,-2.08,-4.1,-4.06,-7.85,-3.87,-11.28,0,0,0,0,0,0,-9.57,-15.04,-19.41,-33.19,-34.22,-9.57,-7.08,-8.98,-23.58,-28.79,-33.71,0.04,0.04,1.9,1.9,0.04,3.67,15.1,16.57,10.96,3.28,-9.85,-16.72,-19.15,-28.49,-15.52,0.919339,22,-7.72,-3.1,-4.76,-13.32,,,-9.85,-6.58,-2.3,-9.78,12.79,0.978943,34
26-11-2025,NSE:ZEELEARN,EQ,246.28,7.4,513439,37.99449,5.85,5.69,5.97,L,-1.86,-3.11,-7.43,-13.92,-15.81,-28.78,-26.35,-15.54,10.95,-11.49,2.03,-1,-1,-1,-1,HVQ,-1,-1,-1,-1,-1,-1,-3.84,-3.23,-6.85,-7.96,-13.72,4.22,-9.91,0,0,0,0,0,0,-13.95,-25.7,-30.78,-30.78,-34.05,-13.95,-19.83,-12.54,-22.97,-41.27,-26.47,0,0,35.28,35.28,0,2.76,70.93,56.31,12.65,41.03,-16.29,-30.12,-20.29,-3.01,-20.4,0.919264,22,-13.95,-6.44,31.88,-6.76,,,-16.29,-12.41,7.54,13.26,-19.32,0.980853,37
26-11-2025,NSE:BALRAMCHIN,EQ,9518.93,453.1,421136,1908.16722,2.75,2.84,3.46,S,0.72,-2.12,0.87,0.71,-2.21,-3.66,-30.27,-23.18,4.91,-12.27,20.71,-1,-1,-1,-1,HVQ,-1,-1,-1,-1,-1,-1,-0.48,-0.76,-1.23,-2.31,-3.46,-12.84,-14.45,0,0,0,0,0,0,-4.19,-20.07,-27.25,-27.25,-33.42,-4.19,-21.69,-5.23,-17.99,-36.69,-25.25,4.75,4.75,5.56,26.79,4.75,2.57,33.87,30.03,23.95,46.35,-2.69,-34.04,-27.93,-9.05,-21.18,0.919249,22,-3.44,-21.4,32.11,-3.63,,,-2.69,-30.77,4.42,13.15,-12.2,0.979027,35
26-11-2025,NSE:JAGSNPHARM,EQ,1398.62,203.34,79820,162.30599,2.75,2.8,6.41,2L,3.39,-2.96,-5.21,-6.53,-6.05,-15.67,-17.34,-14.15,-5.78,-16.57,41.82,-1,-1,-1,HV2Y,-1,HV2Y,-1,-1,-1,-1,-1,-0.91,-2.37,-3.2,-4.73,-7.57,-4.18,-11.28,0,0,0,0,0,0,-10.22,-18.7,-30.54,-33.22,-33.22,-10.22,-26.34,-18.5,-23.77,-29.35,-2.65,3.39,3.39,3.39,84.42,3.39,1.75,18.94,53.32,95.08,114.98,-6.53,-21.11,-18.9,-19.74,-25.48,0.919243,22,-8.66,-18.1,11.42,52.61,,,-6.53,-13.96,1.7,-2.33,-4.33,0.972583,26
26-11-2025,NSE:GUJALKALI,EQ,4083.09,533.75,36451,194.55721,2.59,2.54,10.14,L,0.53,-4,-3.52,-5.64,-4.29,-8.78,-6.89,-12.84,-8.15,-42.06,-31.38,-1,-1,-1,-1,HVQ,-1,-1,-1,-1,-1,-1,-1.75,-1.24,-2.96,-2.26,-5.11,-3.75,-8.54,0,0,0,0,0,0,-7.11,-13.23,-13.23,-34.01,-39.07,-7.11,-9.51,-13.87,-31.24,-34.1,-13.44,1.48,1.48,6.9,6.9,1.48,2.33,14.27,20.63,0.18,15.65,-4.77,-10.66,-17.59,-22.11,-50.97,0.91918,22,-4.44,-6.3,-0.83,-22.42,,,-4.77,-5.81,-6.58,-5.5,-25.49,0.962521,15
26-11-2025,NSE:APS,SM,917.38,429.1,42115,180.71547,3.85,3.71,4.67,L,0.23,-5.86,-8.45,-10.85,-23.23,-9.94,-14.85,-13.63,10.04,-18.15,51.42,-1,-1,-1,HV2Q,HV2Q,-1,-1,-1,-1,-1,-1,-3.79,-3.05,-6.64,-3.33,-9.65,-1.25,-10.76,0,0,0,0,0,0,-18.31,-19.07,-32.17,-32.17,-33.7,-18.31,-9.39,-22.1,-14.68,-40.36,-21.67,0.23,0.23,19.41,113.91,0.23,17.3,37.14,35.69,92.42,152.74,-23.71,-18.62,-18.38,-3.92,-27.06,0.919166,22,-18.31,-5.04,18.04,1.98,,,-23.71,3.5,0.04,11.18,-25.48,0.980855,37
26-11-2025,NSE:AARTIPHARM,EQ,6610.01,710.45,279489,1985.6296,3.55,3.89,4.33,2L,4.65,0.3,-6.9,-18.88,-16.99,-20.71,-16.49,-23.94,-13.86,13.16,37.48,-1,-1,-1,HVQ,-1,HVQ,-1,-1,-1,-1,-1,-0.78,-4.93,-5.44,-8.81,-13.09,-0.22,-13.29,0,0,0,0,0,0,-17.86,-24.38,-26.37,-26.37,-26.37,-17.86,-12.19,-14.23,0,0,-11.8,4.65,4.65,25.84,63.34,4.65,9.72,32.54,55.97,94.1,48.04,-17.47,-20.26,-28.69,-27.82,4.25,0.919112,22,-15.72,-11.97,3.23,32.14,,,-17.47,-2.88,-7.42,-1.52,29.6,0.997253,60
26-11-2025,NSE:EMAMILTD,EQ,22780.94,514.05,518773,2666.75261,2.42,2.37,5.27,S,-0.29,0.57,-2.37,-4.58,-5.99,-12.37,-13.89,-14.69,-5.24,-23.34,17.7,-1,-1,-1,EEP,-1,-1,-1,-1,-1,-1,-1,-0.53,-1.39,-1.89,-3.89,-5.57,-5.55,-10.53,0,0,0,0,0,0,-6.64,-16.48,-17.96,-24.85,-38.79,-6.64,-13.04,-9.49,-29.79,-35.58,-24.5,1.43,1.43,1.43,21.25,1.43,2.42,12.19,12.97,27.88,49.88,-6.47,-17.66,-19.44,-19.2,-32.25,0.919076,22,-6.64,-5.28,6.77,-27.19,,,-6.47,-10.76,-1.72,-1.42,-11.33,0.969849,23
26-11-2025,NSE:BAJAJHCARE,EQ,1395.98,426.85,270705,1155.50429,3.02,3.03,9.34,3L,-0.56,-2.06,-5.24,-8.95,-6.55,-18.84,-2.74,-31.44,-48.66,9.98,28.42,-1,-1,HV2Q,-1,-1,HVQ,-1,-1,-1,-1,-1,-1.59,-1.85,-3.38,-3.16,-6.34,-15.6,-18.98,0,0,0,0,0,0,-11.26,-15.85,-23.35,-40.07,-40.07,-11.26,-14.13,-38.42,-21.22,-8.92,-8.17,1.53,1.53,12.18,52.83,0.29,8.18,0,64.82,127.19,37.58,-7.03,-6.51,-36.19,-62.62,1.07,0.91888,22,-5.47,-11.9,-36.36,35.6,,,-7.03,0.26,-28.95,-22.76,45.32,1.00552,69
26-11-2025,NSE:UBL,EQ,47169.88,1700.1,155113,2637.07611,1.68,1.73,6.53,L,0.05,-2.82,-5.58,-6.75,-7.19,-5.68,-9.12,-19.49,-18.98,-7.52,-2.26,-1,-1,-1,-1,-1,-1,-1,-1,-1,-1,-1,-2.15,-1.4,-3.5,-1.32,-4.75,-8.62,-12.31,0,0,0,0,0,0,-7.62,-8.38,-18.54,-24.07,-24.07,-7.62,-10.39,-17.14,-9.26,-9.53,-16.18,0.05,0.05,0.05,0.76,0.05,4.38,0,11.14,19.89,8.34,-7.67,-12.89,-24.24,-32.94,-16.43,0.918848,22,-7.33,-10.39,-8.49,0.34,,,-7.67,-5.11,-10.53,-9.23,15.5,0.979422,35
26-11-2025,NSE:CNXMEDIA,IN,,1448.05,,,,,,,1.62,-2.09,-2.72,-5.84,-6.08,-10.74,-12.31,-16.71,-1.7,-31.12,-25.86,0,0,0,0,0,0,0,-1,-1,-1,-1,,,,,,,,,,,,,,-7.38,-11.3,-18.37,-30.51,-33.35,,,,,,,,,,,,,,,,,-6.56,-16.08,-21.46,-15.66,-40.03,0.918506,,,,,,,,-6.56,-9.18,-4.94,3.2,-23.06,0.968055,
26-11-2025,NSE:HILINFRA,EQ,494.87,67.25,377876,254.12161,3.47,3.42,3.81,,2.48,-1.77,-4.18,-14.84,-14.81,-26.14,-41.5,NA,NA,NA,NA,-1,-1,-1,-1,-1,-1,-1,-1,-1,-1,-1,-0.88,-4.37,-5.02,-9.37,-13.16,,,0,0,0,0,0,0,-14.51,-29.82,NA,NA,NA,-14.51,-39.1,NA,NA,NA,NA,4.96,NA,NA,NA,4.96,0.19,NA,NA,NA,NA,-15.29,-45.27,0,0,0,0.918381,22,-12.79,,,,,,-15.29,-26.56,98.98,-9.66,5.87,0.949863,7
26-11-2025,NSE:PREMIERPOL,EQ,409.02,45.41,102836,46.69783,6.35,6.22,3.08,,2.85,15.7,12.2,7.44,5.35,-3.44,-10.66,-17.42,-24.44,-30.81,17.57,HVY,HVY,-1,-1,-1,-1,-1,-1,-1,-1,-1,4.06,1.44,5.58,-2.47,3.04,-20.93,-14.8,0,0,0,0,0,0,-7.29,-9.27,-16.89,-46.68,-46.68,-7.29,-16.83,-28.66,-37.39,-33.64,-16.69,18.63,18.63,18.63,28.35,18.63,2.24,10.05,22.99,64.03,72.42,4.87,-14.43,-22.17,-38.4,-39.72,0.918364,22,5.21,-16.5,-7.3,20.55,,,4.87,-20.22,-7.13,-15.64,0.76,0.964759,17
26-11-2025,NSE:IEX,EQ,12294.66,141.76,6195873,8783.26956,2.53,2.49,15.59,,1.08,3.28,1.64,2.89,-3.8,0.95,-1.49,-40.7,-16.13,-13.81,3.46,-1,-1,-1,EEP,-1,-1,-1,-1,-1,-1,-1,1.15,0.03,1.18,-0.71,0.46,-17.74,-14.68,0,0,0,0,0,0,-4.64,-4.88,-32.5,-32.5,-40.78,-4.64,-1.27,-31.49,-16.68,-31.22,-32.6,5.65,7.32,7.32,7.32,3.74,11.39,8.92,30.51,23.69,21.21,-4.28,-5.26,-45.45,-30.09,-22.72,0.918207,22,-3.9,1.46,-15.1,1.99,,,-4.28,-1.09,-39.65,7.8,7.87,0.983129,39
26-11-2025,NSE:LINC,EQ,756.58,118.1,35932,42.43569,3.88,3.82,12.73,2L,-1.19,-2.94,-3.84,-9.01,-6.49,-6.94,-14.53,-30.14,7.43,-27.76,-0.87,-1,-1,-1,-1,EEP,HV2Y,-1,-1,-1,-1,-1,-2.28,-1.53,-3.75,-1.84,-5.49,-1.21,-6.62,0,0,0,0,0,0,-9.6,-13.71,-23.86,-39.01,-39.01,-9.6,-8.82,-13.72,-20.62,-43.54,-19.72,1.79,1.79,19.89,19.89,1.79,6.59,37.31,56.02,0,29.48,-6.97,-18.3,-34.89,-6.53,-36.67,0.918157,22,-6.16,-8.04,18.92,2.84,,,-6.97,-10.86,-14.65,19.21,-32.14,0.977229,32
26-11-2025,NSE:EMIL,EQ,5174.87,121.51,1282046,1557.81409,3.26,3.16,26.29,2L,0.80,-5.56,-11.26,-20.57,-22.55,-27.74,-7.36,1.3,-5.68,-31.39,-48.88,-1,-1,HV2Y,HV2Y,EEP,-1,-1,-1,-1,-1,-1,-4.38,-4.68,-8.65,-7.53,-15.05,5.73,-9.89,0,0,12.7,0,0,6.35,-19.65,-25.63,-25.63,-33.29,-49.94,-19.65,-8.86,-17.63,-47.75,-47.1,-34.23,0.8,3.75,7.27,7.27,0.8,27.14,15.17,5.88,0,0,-23.03,-11.13,-3.45,-19.64,-40.3,0.918142,22,-18.6,12.6,0.02,-46.43,,,-23.03,9.09,7.04,-16.73,-18.46,0.971241,25
26-11-2025,NSE:RANASUG,EQ,212.38,13.25,160910,21.32058,2.67,2.64,5.3,L,0.53,-1.74,-7.92,-8.6,-8.23,-10.34,-7.7,-15.85,-1.51,-39.77,-60.38,-1,-1,-1,-1,-1,-1,-1,-1,-1,-1,-1,-2.04,-2.25,-4.2,-3.14,-7.11,-2.98,-9.8,0,0,0,0,0,0,-9.43,-12.31,-23.89,-34.73,-50.21,-9.43,-5.1,-18.04,-35.4,-49.46,-30.4,1.61,1.61,8.78,8.78,1.61,2.36,17.16,26.03,0,0,-8.71,-11.47,-20.6,-15.47,-48.68,0.918126,22,-7.54,-3.24,-0.97,-35.4,,,-8.71,-2.82,-8.59,2.72,-31.83,0.966171,19
26-11-2025,NSE:NFL,EQ,4522.15,85.16,788111,671.15533,2.13,2.14,4.68,L,2.25,-5.79,-8.98,-12.08,-9.77,-12.86,-14.53,-18.96,1.47,-22.73,-6.45,-1,-1,-1,HV2Q,-1,-1,-1,-1,-1,-1,-1,-3.55,-2.45,-5.85,-3.36,-8.92,0.65,-8.32,0,0,0,0,0,0,-10.78,-15.43,-21.34,-32.15,-46.75,-10.78,-7.17,-9.91,-29,-47.53,-34.65,2.25,2.25,14.29,14.29,2.25,3.35,30.9,35.97,0,23.55,-10.25,-18.3,-23.71,-12.49,-31.64,0.917673,22,-10.41,-5.45,12.65,-29,,,-10.25,-7.64,-4.9,7.52,-18.69,0.973086,27
26-11-2025,NSE:ALLDIGI,EQ,1331.83,828.3,7912,65.5351,2.73,2.7,22.1,L,0.30,-5.03,-8.57,-6.54,-9.57,-10.87,-16.35,-13.1,-9.2,-11.38,13.28,-1,-1,-1,-1,-1,-1,-1,-1,-1,-1,-1,-3.03,-1.79,-4.73,-2.87,-7.39,-4.85,-11.68,0,0,0,0,0,0,-9.09,-15.57,-22.63,-22.63,-32.15,-9.09,-15.23,-9.98,-20.59,-25.91,-24.43,0.3,0.3,0.3,18.34,0.3,4.66,8.15,8.51,29.22,31.8,-10.05,-20.12,-17.85,-23.16,-20.29,0.917536,22,-9.09,-8.78,6.41,-14.84,,,-10.05,-9.5,1.78,-6.21,3.87,0.975257,29
26-11-2025,NSE:BAJEL,EQ,2180.16,177.32,234942,416.59915,3.54,3.47,5.87,L,-0.45,-3.2,-5.26,-4.56,-9.25,-19.63,-14.39,-19.86,4.14,-28.52,-8.73,-1,-1,-1,-1,HVQ,HV2Y,-1,-1,-1,-1,-1,-2.19,-2.18,-4.28,-5.87,-9.58,-2.26,-11.58,0,0,0,0,0,0,-7.99,-21.04,-31.16,-39.67,-44.75,-7.99,-21.09,-21.25,-28.45,-47.04,-28.99,0.71,0.71,16.95,16.95,0.71,1.77,33.78,40.18,0,25.43,-9.73,-18.16,-24.61,-9.82,-37.43,0.917519,22,-7.4,-17.89,15.49,-23.89,,,-9.73,-8.02,-5.8,10.36,-28.2,0.971975,26
26-11-2025,NSE:CAMLINFINE,EQ,3201.31,158.53,569174,902.31154,4.87,4.78,2.64,3L,4.25,0.96,-7.25,-23.72,-23.79,-41.47,-41.9,-54.9,11.3,26.55,38.25,-1,-1,-1,EEP,EEP,HVQ,-1,-1,-1,-1,-1,-1.55,-6.35,-7.43,-12.51,-17.72,-8.25,-23.99,0,0,0,0,0,0,-21.25,-31.38,-51.6,-51.6,-51.6,-21.25,-28.01,-31.32,0,-5.81,-2.77,5.7,5.7,39.65,86.63,5.7,7.41,68.59,160.33,65.53,37.08,-24.27,-45.67,-59.65,-2.66,17.64,0.91751,21,-18.64,-26.99,48.6,132.6,,,-24.27,-17.93,-10.19,33.08,23.06,1.022334,81
26-11-2025,NSE:RPSGVENT,EQ,2742.2,791.55,34613,273.9792,2.52,2.53,3.94,2L,-0.45,-2.46,-6.8,-3.76,-6.41,-8.91,-14.09,-13.61,-5.41,-26.58,18.55,-1,-1,-1,-1,EEP,EEP,-1,-1,-1,-1,-1,-2.22,-1.25,-3.42,-1.75,-5.09,-4.04,-8.78,0,0,0,0,0,0,-6.59,-12.22,-20.76,-35.96,-36.21,-6.59,-15.68,-9.6,-27.53,-32.76,-19.26,0,0,5.84,32.45,0,4.25,20.75,20.24,39.63,67.66,-6.89,-17.86,-18.36,-19.37,-35.49,0.917507,21,-6.14,-15.47,5.2,-6.04,,,-6.89,-10.52,-0.6,-2.45,-14.21,0.968055,21
26-11-2025,NSE:ASHOKA,EQ,5301.46,178,784230,1395.9294,3.01,3.11,4.19,2L,0.17,-1.92,-13.3,-15.6,-8.69,-8.83,-2.71,-19.55,-11.07,-30.14,8.31,-1,-1,-1,-1,-1,-1,-1,-1,-1,-1,-1,-2.96,-2.58,-5.4,-1.74,-7.02,-2.62,-9.39,0,0,0,0,0,0,-15.88,-15.88,-20.45,-43.17,-43.17,-15.88,-5.27,-18.29,-32.05,-36.88,-14.56,3.02,3.02,7.36,15.51,1.33,11.97,10.27,28.36,35.41,58.66,-9.17,-6.48,-24.3,-25.03,-39.05,0.917506,21,-7.01,-4,-10.43,-9.35,,,-9.17,2.19,-17.42,-2.56,-11.3,0.969996,23
26-11-2025,NSE:AURUM,EQ,1185.8,161.99,369337,598.28901,2.83,2.79,14.8,2L,0.04,-2.67,-4.06,-6.12,-6.3,-1.87,-7.49,-25.22,-4.35,-27.95,14.32,-1,-1,HV2Y,EEP,HV2Q,EEP,-1,-1,-1,-1,-1,-1.37,-1.43,-2.76,-1.62,-4.31,-6.58,-10.22,0,0,0,0,0,0,-7.77,-10.74,-25.75,-37.86,-37.86,-7.77,-12.3,-20.18,-22.19,-35.16,-14.33,0.95,0.95,6.51,24.56,0.13,7.31,14.49,33.37,29.98,59.38,-6.78,-11.26,-29.97,-18.31,-36.86,0.917413,21,-5.3,-12.08,-1.9,-9.66,,,-6.78,-4.43,-17.51,7.01,-16.75,0.971808,25
26-11-2025,NSE:GCHOTELS,ST,470.98,161.25,26256,42.3378,2.95,4.78,3,2M,4.95,-16.93,-15.35,-22.79,-28.16,-24,-42.64,11.19,NA,NA,NA,-1,-1,-1,HVQ,-1,-1,-1,-1,-1,-1,-1,-6.95,-5.42,-11.74,-6.03,-16.76,,,0,0,11.11,0,0,0,-20.96,-29.59,-32.67,NA,NA,-20.96,-13.72,-3.97,NA,NA,NA,4.95,16.43,NA,NA,4.95,26.78,115.05,NA,NA,NA,-28.64,-46.41,6.44,0,0,0.917401,21,-20.17,23.67,,,,,-28.64,-14.61,36.72,90.34,5.87,1.001881,65
26-11-2025,NSE:JTLIND,EQ,2464.17,68.14,1645972,1121.56532,4.89,4.78,10.38,,7.82,-0.56,13.08,5.77,1.56,-7.06,-10.46,-4.31,-28.16,-39.23,-34.76,EEP,EEP,-1,HV2Q,-1,-1,-1,-1,-1,-1,-1,4.77,-0.25,4.51,-4.85,-0.32,-8.73,-8.33,0,0,0,0,0,0,-0.55,-15.11,-19.72,-37.95,-43.37,-0.55,-16.43,-17.37,-40.93,-33.31,-27.55,15.24,15.24,15.24,15.24,15.24,1.79,24.72,17.78,0.99,8.33,1.08,-14.23,-9.06,-42.12,-48.14,0.917356,21,-0.22,-12.85,-17.14,-35.98,,,1.08,-15.52,4.55,-32.52,-2.76,0.960737,13
26-11-2025,NSE:CARBORUNIV,EQ,16625.5,876.55,289293,2535.79779,3.22,3.2,3.08,L,4.96,4.22,-1.43,-2.21,-3.62,-8.96,-6.03,-13.95,-4.03,-60.78,-25.05,-1,-1,-1,HV2Y,-1,-1,-1,-1,-1,-1,-1,2.36,-2,0.36,-4.34,-3.82,-4.53,-7.99,0,0,0,0,0,0,-5.96,-12.49,-12.49,-39.93,-51.32,-5.96,-9.32,-13.67,-36.75,-49.36,-21.74,7.18,7.18,7.18,7.18,7.18,7.96,11.75,20.1,0,33.2,-4.1,-9.8,-18.7,-17.99,-69.69,0.917278,21,-3.5,-5.31,3.47,-36.75,,,-4.1,-5.64,-8.49,-0.96,-48.68,0.958057,11
26-11-2025,NSE:SCHAND,EQ,592.9,170.5,60400,102.982,3.98,3.9,8.81,2L,3.82,0.25,1.82,-3.82,-5.33,-9.95,-14.47,-30.04,0.79,-19.85,-40.5,-1,-1,-1,HV2Q,HV2Q,-1,-1,-1,-1,-1,-1,0.79,-1.66,-0.86,-4.33,-4.97,-10.03,-13.63,0,0,0,0,0,0,-5.35,-14.17,-31.75,-31.75,-32.14,-5.35,-20.32,-21.88,-10.39,-39.51,-26.93,4.06,4.06,7.42,7.42,4.06,3.18,22.96,39.69,0,4.1,-5.81,-18.24,-34.79,-13.17,-28.76,0.917147,21,-5.14,-19.31,15.32,-1.85,,,-5.81,-11.99,-14.62,14.05,-14.94,0.976763,31
26-11-2025,NSE:MAZDA,EQ,505.83,239.8,21566,51.71527,3.5,3.46,5.09,2L,2.63,-2.73,-6.78,-13.78,-16.7,-12.57,-20.25,-14.53,3.57,-10.72,-1.56,-1,-1,-1,HVQ,HVQ,HVQ,-1,-1,-1,-1,-1,-2.26,-3.71,-5.76,-6.15,-11.21,2.64,-8.8,0,0,0,0,0,0,-13.91,-18.21,-24.42,-41.51,-41.51,-13.91,-6.28,-9.12,-33.01,-43.6,-17.6,2.63,2.63,13.41,13.41,2.63,6.91,36.37,29.89,1.18,16.17,-17.18,-24.02,-19.28,-10.39,-19.63,0.917141,21,-13.21,-2.8,18.76,5.76,,,-17.18,-6.35,3.73,6.14,-8.95,0.978784,34
26-11-2025,NSE:PAGEIND,EQ,44152.61,39000,22217,8664.63,2.05,2.02,4.19,2L,1.21,0.49,-4.41,-2.91,-5.09,-8.73,-20.13,-19.96,-4.15,-13.97,11.12,-1,-1,-1,-1,-1,-1,-1,-1,-1,-1,-1,-0.34,-1.51,-1.83,-3.64,-5.27,-6.9,-11.39,0,0,0,0,0,0,-5.71,-14.3,-21.12,-21.12,-21.12,-5.71,-16.02,-5.24,-4.98,-17.51,-7.41,1.21,1.21,1.21,17.35,1.21,1.27,17.83,17.66,22.22,33.74,-5.57,-23.9,-24.71,-18.11,-22.88,0.916976,21,-4.68,-11.42,12.81,10.93,,,-5.57,-17.62,-0.88,3.52,-3.56,0.974538,28
26-11-2025,NSE:BIRLACABLE,EQ,456.3,147.42,30679,45.22698,3.88,3.95,7.74,3L,1.67,-0.28,-2.63,-6.55,-5.43,-14.98,-9.34,-27.03,1.86,-37.14,-58.32,-1,HVQ,-1,HV2Q,HV2Q,-1,-1,-1,-1,-1,-1,-0.94,-1.99,-2.87,-4.27,-6.84,-2.54,-9.15,0,0,0,0,0,0,-12.25,-14.75,-29.14,-38.13,-51.13,-12.25,-10.11,-22.52,-32.81,-52.04,-32.98,1.67,1.67,16.31,16.31,1.67,1.74,27.17,47.75,0,0,-5.91,-13.11,-31.78,-12.1,-46.05,0.916823,21,-5.82,-9.22,7.12,-32.2,,,-5.91,-7.02,-17.2,13.08,-33.87,0.970674,24
26-11-2025,NSE:CENTRUM,EQ,1517.99,29.42,357342,105.13002,4.89,4.73,7.64,L,1.03,-11.52,-12.34,-11.93,-14.31,-24.41,-29.98,-14.17,7.21,-8.8,0.07,-1,-1,-1,-1,HV2Q,HVQ,-1,-1,-1,-1,-1,-6.31,-3.14,-9.17,-4.47,-13.05,5.75,-7.75,0,0,0,0,0,0,-15.48,-23.04,-27.95,-27.95,-32.83,-15.48,-17.63,-6.34,-16.48,-37.67,-26.92,1.03,1.03,27.75,27.75,1.03,5.26,66.04,45.85,4.08,21.94,-14.79,-33.75,-18.92,-6.75,-17.71,0.916608,21,-11.78,-9.67,34.89,-10.71,,,-14.79,-17.02,11.14,9.07,-11.38,0.979758,36
26-11-2025,NSE:SESHAPAPER,EQ,1580.49,245.4,15912,39.04805,2.42,2.41,3.35,3L,0.47,-0.63,-1.34,-4.89,-4.05,-6.13,-14.47,-18.4,-13.59,-15.46,-29.58,-1,-1,HVY,HV2Q,HVQ,-1,-1,-1,-1,-1,-1,-0.77,-1.08,-1.83,-2.14,-3.89,-7.18,-10.33,0,0,0,0,0,0,-5.56,-10.06,-20.7,-25.64,-33.14,-5.56,-10.43,-9.52,-20.84,-24.06,-22.8,0.55,0.55,0.55,0.55,0.55,1.45,8.02,11.73,0,0,-4.53,-18.24,-23.15,-27.55,-24.37,0.916449,21,-2.85,-10.43,-4.7,-19.86,,,-4.53,-13.32,-4.46,-5.6,4.22,0.972656,26
26-11-2025,NSE:FINPIPE,EQ,11620.29,184.51,613959,1132.81575,2.41,2.39,10.54,2L,-0.33,0.59,-0.92,-2.07,-3.07,-14.03,-14.97,-21.8,1.76,-38.58,-15.68,-1,-1,-1,-1,-1,HV2Y,-1,-1,-1,-1,-1,0.04,-1.13,-1.08,-4.54,-5.37,-0.75,-6.08,0,0,0,0,0,0,-3.4,-16.42,-20.65,-33.11,-47.33,-3.4,-13.85,-8.77,-31.07,-48.26,-27.01,2.53,2.53,10.16,10.16,2.53,1.36,26.65,34.18,0,23.35,-3.55,-18.74,-26.55,-12.2,-47.49,0.916257,21,-3.01,-8.88,13.86,-21.94,,,-3.55,-14.85,-6.96,9.69,-35.2,0.966963,19
26-11-2025,NSE:NILAINFRA,EQ,380.1,9.45,487634,46.08141,3.25,3.2,8.17,2L,0.21,-1.06,-4.76,-5.19,-8.47,-6.98,-15.66,-21.59,-4.02,-14.39,-18.52,-1,-1,-1,HVQ,HVQ,HVQ,-1,-1,-1,-1,-1,-0.67,-1.93,-2.55,-3.69,-6.02,-5.76,-11.13,0,0,0,0,0,0,-7.26,-13.22,-27.81,-34.33,-41.01,-7.26,-13.21,-16.5,-28.28,-38.64,-32.52,2.61,2.61,9.5,9.5,2.61,3.02,26.65,33.14,2.93,13.19,-8.95,-19.43,-26.34,-17.98,-23.3,0.916201,21,-7.26,-10.17,9.19,-21.25,,,-8.95,-9.94,-6.14,4.79,-4.1,0.975465,29
26-11-2025,NSE:JKIL,EQ,4676.88,589.4,100535,592.55329,2.8,2.8,4.17,2L,0.36,-4.03,-4.4,-8.03,-6.01,-6.44,-10.08,-22.67,-14.27,-14.42,-1.34,-1,-1,-1,-1,-1,EEP,-1,-1,-1,-1,-1,-2.51,-1.65,-4.1,-2.35,-6.3,-7.24,-12.62,0,0,0,0,0,0,-10.55,-10.55,-21.52,-25.65,-34.75,-10.55,-13.67,-13.61,-15.73,-25.44,-25.34,0.36,0.36,0.36,0.36,0.36,1.83,2.99,14.77,23.2,23.37,-6.49,-13.85,-27.42,-28.23,-23.33,0.916163,21,-5.3,-13.67,-3.42,-15.73,,,-6.49,-7.15,-12.46,-2.81,5.74,0.974936,29
26-11-2025,NSE:HESTERBIO,EQ,1404.48,1652.5,7016,115.9394,3.06,3.06,4.75,S,0.34,-1.11,-1.88,2.95,0.35,-18.52,-28.99,-9.68,3.6,-44.14,18.8,-1,-1,-1,EEP,HV2Y,-1,-1,-1,-1,-1,-1,-0.47,-0.66,-1.12,-5.28,-6.07,-1.14,-7.14,0,0,20.63,0,0,0,-3.24,-22.66,-24.67,-38.14,-48.56,-3.24,-24.94,-2.84,-32.2,-50.41,-25.86,3.84,3.84,31.73,31.73,3.84,0,69.92,44.47,22.04,82.48,-0.13,-32.76,-14.43,-10.36,-53.05,0.916161,21,1.91,-8.69,32.82,-28.25,,,-0.13,-32.76,13.95,2.44,-43.65,0.964035,16
26-11-2025,NSE:MADRASFERT,EQ,1308.79,76.86,113453,87.19998,2.57,2.59,7,L,0.95,-3.9,-5.98,-6.13,-5.66,-14.68,-19.1,-28.16,2.08,-17.55,-8.64,-1,-1,-1,HV2Q,-1,-1,-1,-1,-1,-1,-1,-1.92,-1.81,-3.66,-4.17,-7.52,-2.99,-10.2,0,0,0,0,0,0,-6.61,-18.54,-22.46,-26.15,-40.91,-6.61,-14.03,-7.8,-13.62,-42.14,-30.54,0.95,0.95,11.31,11.31,0.95,0.2,32.57,42.65,0,14.22,-6.14,-22.87,-32.91,-11.88,-26.46,0.915941,21,-6.47,-8.87,17.95,-13.62,,,-6.14,-16.03,-8.62,13.93,-14.18,0.97678,31
26-11-2025,NSE:RUSHIL,EQ,706.84,23.17,929187,215.29263,3.51,3.48,7.69,2L,0.74,-4.83,-7.6,-13.03,-16.62,-34.1,0.91,-12.13,-12.17,-35.69,-30.34,-1,-1,-1,EEP,-1,-1,-1,-1,-1,-1,-1,-2.94,-3.61,-6.32,-9.89,-14.75,3.65,-11.52,0,0,6.35,0,0,0,-14.94,-30.15,-30.15,-36.01,-47.16,-14.94,-18.54,-26.22,-32.87,-40.73,-28.3,0.74,7.57,11.23,11.23,0.74,25.44,10.23,24.72,1.05,8.32,-17.1,-2.86,-16.88,-26.13,-44.6,0.915892,21,-14.94,3.72,-14.81,-30.81,,,-17.1,11.72,-14.17,-9.7,-15.1,0.970427,24
26-11-2025,NSE:RAYMONDREL,EQ,3488.46,514.2,282867,1454.50211,4.3,4.15,7.64,,5.70,-0.71,-10.88,-19.55,-33.51,-22.73,-23.77,NA,NA,NA,NA,-1,-1,-1,-1,-1,-1,-1,-1,-1,-1,-1,-1.01,-5.75,-6.39,-8.63,-13.83,,,0,0,0,0,0,0,-21.22,-25.1,NA,NA,NA,-21.22,-5.26,NA,NA,NA,NA,9.17,NA,NA,NA,9.17,19.7,NA,NA,NA,NA,-33.99,-27.54,0,0,0,0.915871,20,-21.22,-3.93,,,,,-33.99,3.99,98.98,-9.66,5.87,0.967836,20
26-11-2025,NSE:ANUP,EQ,4917.52,2308.9,50466,1165.20947,2.7,2.68,3.78,,1.62,-3.82,-4.7,-0.84,0.46,-4.5,1.12,-22.31,-23.23,-51.08,41.22,-1,-1,HV2Y,-1,-1,-1,-1,-1,-1,-1,-1,-1.4,-0.55,-1.94,-0.3,-2.23,-14.18,-14.37,0,0,0,0,0,0,-5.76,-8.98,-20.71,-38.29,-38.29,-5.76,-14.75,-35.63,-24.53,-23.96,-3.19,4.25,4.25,4.25,51.78,1.77,3.77,2.85,42.31,121.17,171.16,-0.02,-2.65,-27.06,-37.19,-59.99,0.915442,20,0.4,-13.27,-26.06,42.31,,,-0.02,-2.64,-24.72,-10.41,-16.73,0.95963,12
26-11-2025,NSE:SONATSOFTW,EQ,10378.52,360.4,1432260,5161.86504,2.93,2.87,6.02,S,0.68,-2.68,-8.99,-3.84,-3.83,-4.56,-5.81,-11.33,-14,-49.1,-102.97,-1,-1,-1,EEP,EEP,-1,-1,-1,-1,-1,-1,-1.23,-0.79,-2.01,-0.54,-2.53,-4.15,-6.42,0,0,0,0,0,0,-8.25,-10.01,-18.08,-47.24,-52.61,-8.25,-9.6,-13.32,-41.79,-50.06,-34.68,5.03,9.29,19.69,19.69,0.68,13.48,26.65,33.26,0,7.26,-4.31,-9.58,-16.08,-27.96,-58.01,0.915433,20,-2.73,-9.39,-8.45,-35.96,,,-4.31,-5.22,-6.24,-12.05,-24.92,0.958478,11
26-11-2025,NSE:HATHWAY,EQ,2361.32,13.12,1561683,204.89281,1.92,1.9,3.9,2L,0.69,-0.38,-0.69,-4.12,-5.18,-10.29,-12.27,-17,-3.13,-38.03,-55.11,-1,-1,-1,HV2Y,-1,-1,-1,-1,-1,-1,-1,-0.07,-1.38,-1.43,-3.88,-5.11,-4.2,-8.94,0,0,0,0,0,0,-5.2,-13,-21.62,-29.2,-47.98,-5.2,-9.15,-12.01,-29.39,-46.35,-28.19,2.9,2.9,5.3,5.3,2.9,2.83,18.22,23.19,0,0.17,-5.66,-16.04,-21.75,-17.09,-46.94,0.91541,20,-4.51,-9.15,4.17,-28.9,,,-5.66,-10.05,-5.23,2.2,-27.98,0.964621,17
26-11-2025,NSE:RATNAMANI,EQ,17095.44,2385.3,43473,1036.96147,2.41,2.38,5.98,2M,2.61,0.85,-3.18,-2.6,-7.66,-3.06,-2.68,-21.91,-2.6,-52.54,-10.76,-1,-1,-1,-1,HV2Y,-1,-1,-1,-1,-1,-1,0.63,-0.87,-0.24,-0.58,-0.81,-7.87,-8.05,0,0,0,0,0,0,-4.14,-7.11,-20.67,-32.38,-38.2,-4.14,-5.23,-18.54,-24.66,-36.59,-5.72,3.72,3.72,3.72,3.72,3.72,11.47,5.41,20.95,0,39.44,-8.14,-6.45,-26.66,-16.56,-61.45,0.915334,20,-4.14,-5.23,-1.23,-17.97,,,-8.14,1.31,-19.75,6.18,-42.8,0.964681,17
26-11-2025,NSE:QUICKHEAL,EQ,1696.24,303.15,481762,1460.4615,2.86,2.85,5.84,2L,1.92,-3.76,-4.96,-5.05,-7.09,-6.23,-1.15,4.98,-21.57,-89.16,-62.56,-1,-1,HV2Y,HV2Y,HVQ,-1,-1,-1,-1,-1,-1,-1.45,-1.46,-2.86,-1.65,-4.44,-1.57,-5.91,0,0,0,0,0,0,-7.15,-12.78,-24.93,-56.54,-62.65,-7.15,-6.59,-24.06,-64.51,-54.6,-29.35,4.82,7.81,18.58,18.58,1.92,15.45,19.95,12.67,0,39.46,-7.57,-4.92,0.23,-35.53,-98.07,0.915268,20,-4.61,0.79,-17.3,-52.84,,,-7.57,2.23,5.05,-37.61,-49.73,0.948381,6
26-11-2025,NSE:KPEL,EQ,2670.93,392.45,286607,1124.78917,4.01,4.07,3.87,S,1.16,-4.06,-4.18,-17.11,-5.94,-6.79,-12.49,-22.21,3.72,-43.33,NA,-1,-1,-1,-1,-1,HV2Y,-1,-1,-1,-1,-1,-1.35,-1.81,-3.1,-1.7,-4.72,-5.84,-9.98,0,0,0,0,0,0,-14.61,-14.61,-30.7,-40.66,NA,-14.61,-19.99,-22.05,-27.48,-42.87,NA,2.86,2.86,15,NA,2.86,7.74,28.87,40.54,10.73,NA,-6.42,-16.26,-26.96,-10.24,-52.24,0.915195,20,-5.77,-19.58,11.28,,,,-6.42,-9.49,-9.66,11.56,-43,0.967077,20
26-11-2025,NSE:DCI,EQ,394.4,244.55,43201,105.64805,4.59,4.51,7.36,M,0.64,-1.23,-3.15,-3.13,-3.64,-14.35,1.36,-33.53,-17.5,-32.73,24.72,-1,-1,-1,HV2Y,-1,HVQ,-1,-1,-1,-1,-1,-0.51,-1.17,-1.65,-3.77,-5.22,-3.4,-8.34,0,0,0,0,0,0,-7.44,-17.51,-22.66,-44.72,-46.48,-7.44,-14.51,-26.13,-26.18,-37.11,-28.96,2.15,13.59,13.59,36.24,1.12,17.72,12.04,36.35,60.08,80.84,-4.12,-2.41,-38.28,-31.46,-41.64,0.915106,20,-0.83,0.2,-12.74,-18.48,,,-4.12,1.52,-36.39,2.34,-7.09,0.97174,25
26-11-2025,NSE:EIEL,EQ,3993.31,216.35,1121479,2426.31982,2.84,2.88,7.79,M,1.60,-1.32,-5.71,-16.34,-12,-17.63,-22.67,-16.64,-9.15,NA,NA,-1,-1,-1,HV2Q,HVQ,HV2Y,-1,-1,-1,-1,-1,-1.29,-3.45,-4.58,-6.69,-10.56,2.76,-8.03,0,0,0,0,0,0,-14.56,-20.32,-24.19,NA,NA,-14.56,-10.75,-7,-33.7,NA,NA,3.54,3.54,NA,NA,3.54,1.44,38.39,31.58,NA,NA,-12.48,-26.44,-21.39,-23.11,0,0.91496,20,-9.84,-8.51,10.33,,,,-12.48,-12.83,3.9,-3.24,105.87,0.975545,29
26-11-2025,NSE:ABREL,EQ,19633.87,1773.3,213700,3789.5421,3.51,3.45,14.45,S,2.28,-1.8,-0.17,-4.78,1.02,-4.05,-4.07,-25.5,-16.42,-43.32,20.02,-1,-1,-1,HV2Q,HVQ,-1,-1,-1,-1,-1,-1,0.98,0.05,1.03,0.63,1.67,-12.61,-9.71,0,0,0,0,0,0,-6.19,-8.17,-29.13,-38.67,-41.91,-6.19,-12.74,-26.25,-27.1,-32.37,-16.75,13.04,13.04,13.04,26.65,4.64,11.89,7.67,29.85,53.55,89.02,0.54,-7.84,-30.25,-30.38,-52.23,0.914891,20,4.64,-12.74,-9.64,-4.7,,,0.54,-8.45,-21.62,-2.43,-17.23,0.962411,15
26-11-2025,NSE:LXCHEM,EQ,5207.61,182.42,656945,1198.39907,2.22,2.29,5.47,3L,-0.31,-0.17,-3.82,-7.13,-8.45,-15.69,-18.29,-6.38,-3.46,-34.8,-27.04,-1,-1,-1,HVY,EEP,-1,-1,-1,-1,-1,-1,-1.47,-2.45,-3.82,-6.32,-9.54,3.01,-6.73,0,0,30.16,0,0,1.59,-10.22,-21.2,-21.2,-33.64,-42.79,-10.22,-14.55,-4.63,-39.14,-40.81,-22.88,0,0.04,9.94,9.94,0,8.49,30.06,16.96,0,10.44,-8.93,-22.06,-11.13,-17.42,-43.71,0.914681,20,-8.05,-3.84,11.98,-31.43,,,-8.93,-12.39,9.05,-6.91,-24.42,0.964101,16
26-11-2025,NSE:KOTHARIPET,EQ,842.62,139.46,53575,74.7157,3.5,3.45,4.94,S,1.43,-1.57,-5.73,-4.37,-2.01,-5.61,-22.33,-18.99,1.43,-33.1,13.85,-1,-1,-1,-1,HVQ,-1,-1,-1,-1,-1,-1,-0.94,-0.94,-1.86,-1.17,-3,-10.5,-12.21,0,0,0,0,0,0,-8.26,-17.32,-25.65,-35.51,-45.94,-8.26,-17.09,-9.05,-35.67,-46.71,-28.05,1.43,1.43,2.21,17.29,1.43,3.21,25.03,21.62,21.55,64.12,-2.49,-26.1,-23.74,-12.53,-42.01,0.914656,20,-2.28,-15.55,12.47,-14.84,,,-2.49,-23.23,1.71,7.5,-29.16,0.967274,20
26-11-2025,NSE:REGAAL,EQ,929.65,82.14,857959,704.72752,3.75,3.7,2.94,S,-2.55,-5.47,-8.62,-8.51,-16.57,-17.06,-45.73,NA,NA,NA,NA,-1,-1,-1,-1,-1,-1,-1,-1,-1,-1,-1,-4.24,-2.3,-6.39,-4.11,-10.09,,,0,0,0,0,0,0,-14.55,-28.96,NA,NA,NA,-14.55,-27.23,NA,NA,NA,NA,0,NA,NA,NA,0,13.42,NA,NA,NA,NA,-17.05,-49.5,0,0,0,0.914305,20,-14.55,,,,,,-17.05,-28.32,98.98,-9.66,5.87,0.946822,6
26-11-2025,NSE:GLOBALVECT,EQ,293.97,197.57,41660,82.30766,4.41,4.3,5.56,2M,0.68,-2.97,-8.25,-14.72,-13.26,-6.41,-7.6,-12.56,-21.25,-12.74,43.94,-1,-1,HV2Y,HVY,HV2Q,-1,-1,-1,-1,-1,-1,-3.03,-2.64,-5.53,-1.73,-7.13,-8.22,-14.19,0,0,0,0,0,0,-12.83,-18.74,-26.83,-40.26,-42.82,-12.83,-7.97,-21.44,-35.64,-30.67,-35.53,8.17,8.17,8.17,71.06,0.68,22.52,5.86,10.74,120.78,105.3,-13.74,-11.37,-17.31,-35.21,-21.65,0.914256,20,-11.7,1.41,-15.47,-11.33,,,-13.74,1.69,-5.63,-17.38,12.88,0.976742,31
26-11-2025,NSE:DEN,EQ,1543.82,31.47,387586,121.97331,2.38,2.37,4.52,L,2.37,-1.37,-2.32,-5.91,-5.72,-10.33,-15.63,-10.99,-6.42,-35.84,-61.26,-1,-1,-1,HV2Q,-1,-1,-1,-1,-1,-1,-1,-0.11,-1.88,-1.95,-4.29,-5.98,-3.84,-9.46,0,0,0,0,0,0,-6.48,-14.02,-23.65,-31.72,-45.36,-6.48,-13.4,-11.72,-37.59,-41.85,-25.77,3.79,3.79,6.93,6.93,3.79,1,23.65,18.69,0,0,-6.2,-19.4,-15.74,-20.38,-44.75,0.91391,20,-4.29,-10.88,6.09,-34.95,,,-6.2,-12.69,2.99,-5.54,-21.78,0.963115,15
26-11-2025,NSE:JASH,EQ,3020.72,468.55,81428,381.53089,3.37,3.35,9.87,,1.07,0.58,-5.99,-1.59,-5.08,-9.28,-13.65,-20.6,-7.24,-26.3,31.76,-1,-1,-1,-1,-1,-1,-1,-1,-1,-1,-1,-0.44,-1,-1.42,-2.15,-3.5,-12.13,-13.93,0,0,0,0,0,0,-5.65,-10.59,-23.44,-31.39,-31.39,-5.65,-15.51,-22.03,-17.26,-22.22,0,2.19,2.19,2.19,48.56,2.19,5.53,4.3,41.23,59.31,87.63,-5.56,-17.42,-25.35,-21.2,-35.21,0.913791,20,-1.97,-14.19,0.71,24.39,,,-5.56,-11.46,-7.13,1.42,-11.91,0.968433,21
26-11-2025,NSE:PNCINFRA,EQ,6863.71,252,315305,794.5686,2.74,2.71,3.61,L,1.25,-3.97,-11.69,-11.9,-11.63,-20.85,-21.01,-16.61,-0.54,-15.34,-64.29,-1,-1,-1,-1,-1,EEP,-1,-1,-1,-1,-1,-3.31,-3.16,-6.26,-5.85,-11.45,-1.01,-12.33,0,0,0,0,0,0,-11.56,-19.5,-21.08,-27.57,-54.94,-11.56,-11.9,-4.49,-37.29,-54.7,-48.03,1.25,1.25,2.42,2.42,1.25,0,23.94,19.43,0,0,-12.11,-24.78,-21.36,-14.5,-24.25,0.913689,20,-9.98,-7.47,19.66,-37.29,,,-12.11,-11.72,2.62,4.12,-8.85,0.974252,28
26-11-2025,NSE:RAYMOND,EQ,3430.54,490.35,260573,1277.71971,2.99,2.93,2.55,L,0.69,-3.47,-9.65,-16.55,-20.48,-26.22,-28.07,-29.23,8.79,3,26.67,-1,-1,-1,HV2Q,HVQ,HV2Y,-1,-1,-1,-1,-1,-2.62,-4.48,-6.79,-8.17,-13.83,-0.54,-14.29,0,0,0,0,0,0,-16.47,-21.96,-35.31,-35.31,-36.5,-16.47,-15.98,-17.15,-9.95,-42.08,-38.41,5.03,5.03,20.17,39.72,5.03,3.61,53.91,55.31,33.25,41.71,-20.96,-31.84,-33.98,-5.17,-5.91,0.913633,20,-14.89,-15.98,34.46,-6.14,,,-20.96,-9.62,-1.93,19.76,-0.48,0.991663,52
26-11-2025,NSE:SASKEN,EQ,2126.05,1370.9,16474,225.84207,3.32,3.27,12.01,S,2.31,-1.63,-4.5,1.16,-1.33,-5.13,-4.85,-7.89,-25.59,-53.19,-9.91,-1,HV2Q,-1,-1,-1,-1,-1,-1,-1,-1,-1,-0.36,-0.87,-1.23,-1.21,-2.41,-5.73,-7.7,0,0,0,0,0,0,-8.01,-9.61,-10.42,-38.86,-38.86,-8.01,-8.45,-16.35,-34.03,-23.21,-0.12,2.31,2.31,5.74,5.74,2.31,2.06,10.87,14.09,30.04,58.62,-1.81,-8.62,-12.64,-39.55,-62.1,0.913617,20,-1.34,-5.46,-16.35,-10.95,,,-1.81,-6.78,-3.92,-26.06,-16.11,0.955358,10
26-11-2025,NSE:SOMANYCERA,EQ,1833.27,430.45,25052,107.83633,2.84,2.81,6.41,2L,1.18,-2.67,-5.89,-3.23,-4.87,-8.85,-13.66,-10.64,-6.45,-44.95,-35.16,-1,-1,-1,HVY,-1,-1,-1,-1,-1,-1,-1,-1.52,-1.34,-2.82,-2.65,-5.34,-5.18,-10,0,0,0,0,0,0,-6.56,-13.75,-27.31,-40.34,-48.29,-6.56,-16.42,-17.38,-36.14,-44.95,-25.04,1.18,1.18,5.76,5.76,1.18,1.51,20.21,17.01,0,9.31,-5.35,-17.43,-15.39,-20.41,-53.86,0.913523,20,-3.54,-15.88,12.42,-36.14,,,-5.35,-11.7,1.64,-5.87,-30.3,0.959896,13
26-11-2025,NSE:BASILIC,SM,919.65,320.95,47730,153.18944,3.98,4.03,5.2,L,4.07,-10.62,-13.07,-20.94,-19.86,-27.2,-37.56,-34.99,23.2,-9.83,-11.93,-1,-1,-1,-1,HVQ,-1,-1,-1,-1,-1,-1,-4.16,-4.9,-8.64,-6.3,-14.05,-0.08,-14.12,0,0,7.94,0,0,4.76,-17.31,-34.94,-34.94,-34.94,-49.79,-17.31,-22.02,-7.14,-32.23,-61.44,-44.86,4.46,4.46,36.78,36.78,4.46,7.62,88.15,84.64,0,15.65,-20.34,-41.33,-39.74,9.24,-18.74,0.91351,19,-16.87,-7.97,87.79,-23.54,,,-20.34,-18.07,0.85,33.44,-37.13,0.997649,61
26-11-2025,NSE:TATACHEM,EQ,21270.88,815,572356,4664.7014,2.15,2.2,3,2L,1.38,-0.54,-4.58,-9.49,-9.64,-18.3,-16.6,-10.48,-5.1,-28.23,-38.5,-1,-1,-1,EEP,-1,-1,-1,-1,-1,-1,-1,-0.88,-2.66,-3.45,-6.37,-9.23,0.5,-8.78,0,0,3.17,0,0,1.59,-10.68,-18.92,-18.92,-28.3,-31.46,-10.68,-11.1,-5.1,-24.27,-34.87,-20.54,1.38,1.38,4.84,4.84,1.38,0,22.24,15.83,1.19,7.4,-10.12,-20.37,-15.23,-19.06,-37.14,0.91348,19,-9.83,-5.08,11.29,-17.05,,,-10.12,-9.66,4.23,-4.8,-16.14,0.966725,19
26-11-2025,NSE:BHAGCHEM,EQ,3280.63,249.38,51345,128.04416,3.08,3.04,4.37,,0.37,-3.13,-0.74,1.5,-1.59,-2.35,-11.46,-22.16,-17.23,-24.47,37.09,-1,-1,-1,-1,HV2Q,-1,-1,-1,-1,-1,-1,-0.39,-0.05,-0.44,-0.42,-0.86,-12.25,-11.68,0,0,0,0,0,0,-3.03,-9.3,-23.92,-28.37,-41.67,-3.03,-18.65,-15.21,-28.74,-31.61,-27.39,3.27,3.27,3.27,62.36,3.27,4.8,2.34,12.17,90.34,102.09,-2.07,-15.23,-26.91,-31.19,-33.38,0.913049,19,-1.26,-13.65,-5.7,-25.42,,,-2.07,-13.02,-10.63,-5.62,-0.3,0.967997,21
26-11-2025,NSE:TATAELXSI,EQ,32988.35,5229.5,270231,14131.73015,2.15,2.17,5.81,S,1.27,-2.26,-3.03,-2.9,-6.81,-5.26,-6.06,-22.57,-16.6,-24.22,-47.38,-1,-1,-1,-1,EEP,-1,-1,-1,-1,-1,-1,-0.83,-0.83,-1.65,-1.74,-3.33,-6.41,-9.16,0,0,0,0,0,0,-5.69,-10.51,-22.01,-29.36,-41.71,-5.69,-8.45,-17.28,-28.55,-32.03,-27.59,1.27,1.27,10.05,10.05,1.27,6.88,16.72,34.89,2.62,1.91,-7.29,-9.83,-27.32,-30.56,-33.13,0.913031,19,-5.69,-7.86,-7.83,-7.95,,,-7.29,-2.61,-16.59,-4.78,-0.67,0.970349,24
26-11-2025,NSE:DEVIT,EQ,228.1,40.15,92432,37.11145,3.83,3.8,5.06,,0.02,-2.09,-3.21,-3.54,-2.09,-1.57,-7.52,-8.68,-19.51,-52.58,-2.76,-1,-1,-1,HVQ,-1,-1,-1,-1,-1,-1,-1,-1.56,-0.1,-1.66,-0.13,-1.79,-8.46,-9.45,0,0,0,0,0,0,-5.99,-11.31,-17.82,-45.98,-45.98,-5.99,-15.33,-16.47,-41.29,-35.44,-9.2,5.38,5.38,5.38,5.38,0.35,7.59,10.74,11.93,24.31,58.7,-2.57,-11.29,-13.43,-33.47,-61.49,0.912913,19,0.15,-10.43,-10.04,-21.4,,,-2.57,-8.63,-2.1,-19.62,-21.8,0.955514,10
26-11-2025,NSE:BRIGADE,EQ,23325.14,911.6,386598,3524.22737,2.8,2.82,9.69,L,1.38,-1.49,-5.19,-11.67,-13.63,-0.36,-6.25,-18.18,-6.83,-29.39,4.64,-1,-1,-1,-1,-1,-1,-1,-1,-1,-1,-1,-0.94,-2.28,-3.15,-0.96,-4.07,-6.64,-10.04,0,0,0,0,0,0,-12.46,-12.46,-28.67,-30.37,-36.3,-12.46,-2.06,-24.21,-24.72,-31.95,-17.58,4.82,4.82,4.82,6.63,4.82,16.68,8.12,20.25,15.28,39.63,-14.11,-10.02,-22.93,-20.79,-38.3,0.912904,19,-9.84,-2.06,-5.4,-6.39,,,-14.11,3.18,-12.24,-0.06,-15.25,0.970415,24
26-11-2025,NSE:WINDLAS,EQ,1740.98,798.4,44146,352.46166,3.34,3.27,3.2,3L,1.15,-2.02,-5.09,-17.45,-17.89,-17.11,-25.18,-16.49,8.58,-16.06,34.83,-1,-1,-1,HV2Y,HV2Q,HVQ,-1,-1,-1,-1,-1,-1.53,-4.06,-5.37,-7.11,-11.65,-3.28,-14.45,0,0,7.94,0,0,0,-16.7,-21.16,-25.44,-30.23,-30.23,-16.7,-12.1,-7.81,-18.72,-36.21,-17.89,3.35,3.35,18.22,58.35,3.35,3.9,47.98,37.71,49.55,89.86,-18.37,-28.95,-21.24,-5.38,-24.97,0.91269,19,-14.1,-4.5,47.98,11.96,,,-18.37,-9.49,5.92,11.86,-21.08,0.977614,32
26-11-2025,NSE:DEEDEV,EQ,1645.26,217.85,122300,266.43055,4.13,4.07,4.07,2M,-0.57,-6.86,-5.44,-13.06,-19.19,-27.77,-26.83,-22.43,18.13,-25.94,NA,-1,-1,-1,EEP,-1,-1,-1,-1,-1,-1,-1,-3.55,-4.07,-7.32,-9.98,-15.73,-1.18,-16.72,0,0,0,0,0,0,-15.81,-27.35,-32.46,-38.45,NA,-15.81,-13.41,-14.34,-25.82,-53.31,NA,0.16,0.16,22.15,NA,0.16,0,53.37,49.55,0,NA,-19.67,-30.6,-27.18,4.17,-34.85,0.912681,19,-13.84,-13.06,53.37,-25.82,,,-19.67,-9.72,2.45,23.47,-47.96,0.981814,38
26-11-2025,NSE:RELAXO,EQ,10654.57,412.4,362576,1495.26342,2.27,2.3,8.61,2L,3.06,-0.29,-5.38,-5.04,-5.47,-7.14,-12.91,-6.47,-7.9,-54.1,-115.3,-1,-1,-1,HV2Y,-1,-1,-1,-1,-1,-1,-1,-0.48,-2.01,-2.45,-3.88,-6.09,-1.51,-7.49,0,0,11.11,0,0,0,-6.54,-17.42,-20.52,-39.7,-52.64,-6.54,-12.91,-10.25,-47.65,-49.88,-28.43,3.06,3.06,3.13,3.13,3.06,1.86,16.44,9.8,0,0,-5.95,-16.68,-11.22,-21.86,-63.01,0.912516,19,-5.08,-9.69,4.38,-46.35,,,-5.95,-10.37,4.68,-11,-36.94,0.956421,10
26-11-2025,NSE:OSIAHYPER,BE,338.2,18.61,643799,119.81099,4.91,4.8,6.72,2L,0.70,-7.52,-11.61,-11.23,-14.29,-51.16,18.7,-28.05,-37.88,-62.39,-55.29,-1,-1,HVY,-1,HVQ,-1,-1,-1,-1,-1,-1,-4.34,-4.11,-8.12,-13.67,-19.17,6.27,-13.76,0,0,14.29,0,0,3.17,-14.32,-43.47,-43.47,-49.03,-62.38,-14.32,-35.39,-47.3,-51.83,-48.13,-38.91,17.19,64.54,64.54,64.54,0.7,88.06,33.78,7.29,15.9,36.5,-14.77,14.93,-32.8,-51.84,-71.3,0.912451,19,-14.32,48.74,-38.09,-20.73,,,-14.77,25.56,-58.52,-17.34,-11.9,0.974884,28
26-11-2025,NSE:BASF,EQ,18941.8,4199.2,13323,559.45942,2.06,2.03,5.05,L,-0.69,-5.03,-7.01,-5.99,-5.45,-9.8,-9.28,-24.8,-4.03,-39.16,23.28,-1,-1,-1,-1,EEP,-1,-1,-1,-1,-1,-1,-2.91,-1.45,-4.29,-2.55,-6.67,-3.52,-9.84,0,0,0,0,0,0,-7.14,-10.42,-21.12,-30.21,-50.92,-7.14,-12.36,-14,-38.75,-48.94,-31.7,0,0,1.27,32.77,0,0.71,7.06,26.39,38.13,84.77,-5.93,-13.05,-29.55,-17.99,-48.07,0.912394,19,-5.37,-12.23,3.2,-23.18,,,-5.93,-6.94,-15.22,6.98,-27.9,0.966199,19
26-11-2025,NSE:GRINFRA,EQ,10716.23,1091.8,32685,356.85483,2.98,2.93,4.73,2L,0.93,-0.48,-3.51,-5.35,-9.97,-19.09,-16.4,-18.34,5.87,-41.44,-13.34,-1,-1,-1,-1,HV2Y,-1,-1,-1,-1,-1,-1,-0.67,-2.41,-3.01,-6.53,-8.96,1.12,-7.93,0,0,0,0,0,0,-8.24,-17.51,-22.36,-33.75,-40.65,-8.24,-9.29,-9.62,-25.86,-44.14,-16.06,1.11,1.11,20.21,20.21,1.11,2.34,39.93,42.25,0.75,27.26,-10.45,-20.17,-23.09,-8.09,-50.35,0.912339,19,-8.13,-3.3,19.92,-17.34,,,-10.45,-9.17,-2.68,10.8,-44.39,0.967121,20
26-11-2025,NSE:CYBERTECH,BE,473.65,144.45,650889,940.20916,3,3.86,9.59,3L,0.19,-4.2,-6.2,-27.68,-11.91,-18.55,-10.2,-8.12,-13.53,-30.01,-4.08,-1,-1,HVY,HV2Q,-1,HVQ,-1,-1,-1,-1,-1,-2.99,-4.1,-6.81,-9.36,-14.79,4.28,-10.98,0,0,9.52,0,0,4.76,-21.68,-46.68,-46.68,-46.68,-49.86,-21.68,-40.32,-13.24,-45.79,-43.08,-34.81,1.71,1.71,4.43,5.4,1.71,11.71,15.08,12.91,19.66,37.03,-12.39,-13.97,-12.87,-27.49,-38.92,0.912178,19,-10.47,-5.05,-8.4,-21.77,,,-12.39,-1.78,0.86,-14.66,-8.65,0.966034,19
26-11-2025,NSE:SPECTRUM,EQ,2317.79,1232,6306,77.68992,6.81,6.62,4.29,,2.67,-13,-19.75,-17.61,-13.57,-15.7,-18.24,-40.37,NA,NA,NA,-1,-1,-1,-1,-1,-1,-1,-1,-1,-1,-1,-5.02,-4.07,-8.73,-2.1,-10.61,,,0,0,0,0,0,0,-20.57,-20.57,-29.06,NA,NA,-20.57,-14.83,-29.18,NA,NA,NA,7.53,7.53,NA,NA,7.53,7.8,1.8,NA,NA,NA,-14.05,-22.01,-45.12,0,0,0.911983,19,-14.22,-10.61,,,,,-14.05,-7.42,-19.74,90.34,5.87,0.955832,10
26-11-2025,NSE:POLYMED,EQ,19714.42,1899.4,238400,4528.1696,3.49,3.44,5.2,S,-0.49,0.33,-6.63,-2.94,-0.14,-4.41,-11.71,-25.22,-11.29,-36.31,24.56,-1,EEP,-1,-1,EEP,HVQ,-1,-1,-1,-1,-1,-0.69,-0.48,-1.16,-0.59,-1.74,-10.75,-11.28,0,0,0,0,0,0,-7.95,-9.6,-19.37,-36.74,-39.29,-7.95,-10.36,-25.16,-23.99,-32.44,-17.25,3.32,3.32,3.32,28.52,1.99,3.47,14.92,19.23,51.41,85.45,-0.62,-15.48,-29.97,-25.25,-45.22,0.911628,19,-0.33,-7.55,-3.73,10.64,,,-0.62,-14.87,-13.11,1.46,-16.61,0.964035,16
26-11-2025,NSE:BOMDYEING,EQ,3137.27,146.05,760236,1110.32468,2.61,2.64,6.94,L,1.99,-4.2,-7.46,-10.56,-15.61,-20.33,-24.11,-3.94,6.25,-39.16,-8.42,-1,-1,-1,HV2Y,-1,-1,-1,-1,-1,-1,-1,-1.9,-3.82,-5.51,-7.99,-12.5,6.8,-6.12,0,0,30.16,0,0,6.35,-13.31,-22.67,-22.67,-33.95,-41.49,-13.31,-10.6,-3.68,-39.19,-45.15,-18.58,2.86,2.86,18.33,18.33,2.86,5.82,46.85,22.99,0,44.35,-16.09,-27.88,-8.69,-7.71,-48.07,0.911627,19,-12.77,-7.18,26.86,-30.95,,,-16.09,-10.66,15.23,0.15,-42.57,0.965966,18
26-11-2025,NSE:SHILPAMED,EQ,7369.52,347.95,292819,1018.86371,4.56,4.49,10.34,2L,-0.83,-4.2,-14.93,-2.74,-6.45,-16.73,-22.01,-25.68,7.77,-34.5,36.33,-1,-1,-1,-1,EEP,-1,-1,-1,-1,-1,-1,-3.09,-1.64,-4.65,-2.8,-7.25,-2.9,-9.87,0,0,0,0,0,0,-12.99,-18.17,-29.41,-29.41,-29.41,-12.99,-19.4,-13.87,-6.56,-31.43,0,0,0,15.28,58.68,0,4.93,40.65,44.89,59.58,132.72,-6.93,-25.78,-30.43,-6.19,-43.41,0.911511,19,-3.64,-18.61,29.03,22.25,,,-6.93,-17.92,-4.03,16.95,-39.96,0.97142,25
26-11-2025,NSE:CRISIL,EQ,34531.99,4532.5,39522,1791.33465,2.14,2.13,4.4,2L,1.54,-2.31,-2.65,-5.39,-11,-5.17,-14.72,-14.62,-7.55,-23.32,-9.8,-1,-1,-1,-1,-1,-1,-1,-1,-1,-1,-1,-1.18,-1.64,-2.78,-1.91,-4.6,-5.08,-9.21,0,0,0,0,0,0,-9.1,-11.01,-25.06,-31.87,-31.87,-9.1,-9.29,-14.03,-21.92,-26.73,0,2.16,2.16,9.62,12.08,1.54,13.4,25.76,25.65,20.54,38.22,-11.48,-18.49,-19.37,-21.51,-32.23,0.911475,19,-9.1,-9.29,10.47,14.88,,,-11.48,-6.65,-0.93,-3.49,-8.8,0.969153,22
26-11-2025,NSE:KIRLOSBROS,EQ,14058.56,1707.5,62424,1065.8898,3.45,3.38,9.35,S,1.59,-2.61,-3.09,-9.02,-10.79,-16.08,-19.12,-6.39,-7.14,-28.45,38.64,-1,-1,-1,HV2Y,-1,EEP,-1,-1,-1,-1,-1,-1.28,-2.63,-3.8,-6.73,-9.86,1.17,-8.8,0,0,0,0,0,0,-11.52,-18,-27.57,-27.57,-34.41,-11.52,-9.15,-13.72,-22.84,-29.72,-15.74,1.59,1.59,15.32,69.86,1.59,1.82,37.37,22.69,95.78,134.73,-11.27,-22.89,-11.14,-21.1,-37.36,0.911451,19,-11.52,-4.48,13.95,-5.22,,,-11.27,-10.83,9.67,-10.36,-14.02,0.965889,18
26-11-2025,NSE:GALAXYSURF,EQ,7764.59,2026.1,12759,258.5101,1.84,1.84,6.86,L,-0.52,-3.74,-10.78,-12.05,-8.2,-13.82,-11.6,-11.05,-13.29,-33.36,-12.83,-1,-1,-1,-1,-1,-1,-1,-1,-1,-1,-1,-3.26,-2.56,-5.67,-3.69,-9.03,-3.5,-12.1,0,0,0,0,0,0,-10.77,-16.64,-24.86,-30.17,-39.28,-10.77,-18.7,-16.15,-32.57,-31.21,-19.02,0,0,0,0,0,0.38,10.39,9.84,1.55,19.54,-8.68,-15.37,-15.8,-27.25,-42.27,0.911189,19,-9.62,-15.55,-1.16,-23.23,,,-8.68,-6.45,-0.53,-11.68,-11.84,0.963549,16
26-11-2025,NSE:SBCL,EQ,2722.95,438.55,99234,435.19071,3.72,3.64,5.59,2L,-0.28,-4.26,-13.02,-6.17,-9.02,-28.33,-19.9,-12.13,-3.75,-28.2,-17.74,-1,-1,-1,-1,-1,-1,-1,-1,-1,-1,-1,-3.37,-2.98,-6.17,-6.04,-11.51,0.97,-10.65,0,0,0,0,0,0,-13,-22.3,-26.96,-30.16,-38.65,-13,-15.3,-12.43,-31.21,-36.35,-21.35,0.71,0.71,13.73,13.73,0.71,0.62,36.36,27.53,2.66,14.42,-9.5,-23.67,-16.88,-17.71,-37.11,0.911186,18,-10.53,-13.67,11.46,-18.54,,,-9.5,-13.29,5.46,-2.19,-17.69,0.966528,19
26-11-2025,NSE:RKFORGE,EQ,10023.66,542.1,636146,3448.54747,3.23,3.2,6.3,,1.95,0.57,0.67,1.45,1.56,-3.62,-4.45,-12.65,-19.58,-77.76,-14.25,-1,-1,-1,HV2Y,-1,-1,-1,-1,-1,-1,-1,0.73,-0.5,0.23,-1.14,-0.9,-14.05,-13.1,0,0,0,0,0,0,-2.59,-7.31,-20.66,-45.26,-48.27,-2.59,-14.61,-32.9,-41.72,-38.14,-8.04,4.28,4.28,4.28,4.28,4.02,2.65,1.02,7.85,4.77,55.74,1.08,-8.22,-17.4,-33.54,-86.67,0.911079,18,0.59,-14.61,-17.65,-36.2,,,1.08,-9.42,-8.87,-15.81,-42.78,0.948381,6
26-11-2025,NSE:CERA,EQ,7248.42,5552,17053,946.78256,2.5,2.47,7.29,L,1.55,-1.78,-3.95,-13.37,-8.02,-10.28,-16.48,-16.35,-7.51,-25.17,-25.17,-1,-1,-1,-1,EEP,HVQ,-1,-1,-1,-1,-1,-1.38,-2.47,-3.75,-4.26,-7.69,-2.5,-9.94,0,0,0,0,0,0,-11.8,-13.04,-21.29,-30.27,-46.72,-11.8,-9.32,-8.32,-34.05,-42.72,-33.31,1.55,1.55,9.24,9.24,1.55,0.5,27.24,27.1,0,4.82,-8.5,-20.25,-21.1,-21.47,-34.08,0.910951,18,-6.95,-9.32,7.98,-33.85,,,-8.5,-11.15,-0.9,-2.07,-10.56,0.96772,20
26-11-2025,NSE:GATEWAY,EQ,3007.86,59.72,757594,452.43514,2.8,2.74,8.65,2L,1.84,-0.2,-2.31,-6.25,-5.14,-6.25,-13.41,-8.51,-16.85,-36.79,-66.78,-1,-1,-1,-1,-1,EEP,-1,-1,-1,-1,-1,-0.15,-1.51,-1.63,-2.49,-4.03,-3.24,-7.03,0,0,0,0,0,0,-7.47,-10.13,-16.23,-33.89,-47.22,-7.47,-11.92,-4.99,-36.04,-38.33,-27.8,3.59,3.59,3.59,3.59,3.59,3.82,16.49,11.46,0,0,-5.62,-17.18,-13.26,-30.81,-45.7,0.910864,18,-3.65,-2.85,-2.97,-36.04,,,-5.62,-11.18,3.31,-17.35,-11.2,0.960992,14
26-11-2025,NSE:RENUKA,EQ,5995.96,27.23,3350326,912.29377,2.34,2.52,5.31,2L,1.53,-3.67,-3.71,-7.34,-8.85,-16.05,-7.97,-19.5,-6.43,-40.87,-54.98,-1,-1,HV2Q,-1,-1,-1,-1,-1,-1,-1,-1,-2.04,-2.02,-3.97,-4.59,-8.19,-2.59,-10.51,0,0,0,0,0,0,-9.35,-16.29,-21.44,-37.72,-50.01,-9.35,-8.88,-15.18,-40.26,-46.8,-29.58,1.53,1.53,4.25,4.25,1.53,5.56,12.56,24.58,0,0,-9.33,-11.74,-24.25,-20.39,-49.78,0.910696,18,-6.97,-4.08,-2.97,-32.14,,,-9.33,-2.5,-11.7,1.28,-26.5,0.964231,16
26-11-2025,NSE:INDOSTAR,EQ,3337.23,230.25,139489,321.17342,4.81,4.79,13.54,L,5.69,-4.64,-7.92,-16.8,-5.66,-12.57,-15.4,-47.49,-2.04,-11.01,15.09,-1,-1,-1,-1,HVQ,-1,-1,-1,-1,-1,-1,-0.93,-2.57,-3.41,-3.37,-6.56,-14.35,-18.29,0,0,0,0,0,0,-14.39,-15.04,-36.54,-36.54,-36.54,-14.39,-18.36,-26.76,0,-27.23,-18.55,5.69,5.69,5.69,24.46,5.69,4.05,18.19,51.06,27,38.16,-6.14,-19.17,-52.24,-16,-19.92,0.910669,18,-5.1,-16.88,11.76,21.46,,,-6.14,-12.52,-28.83,21.16,-2.92,0.985802,44
26-11-2025,NSE:EPL,EQ,6372.66,204.04,555774,1134.00127,2.57,2.57,5.8,,0.55,4.17,2.48,0.73,-0.14,-4,-16.64,-16.81,-21.72,-24.09,7.89,-1,-1,-1,-1,EEP,-1,-1,-1,-1,-1,-1,1.77,-0.34,1.43,-2.88,-1.41,-5.82,-6.84,0,0,0,0,0,0,-0.16,-12.17,-17.58,-28.52,-28.52,-0.16,-14.15,-3.86,-16.5,-13,-7.35,6.51,6.51,12.52,17,6.51,0,31.25,31.44,42.4,45.18,-0.62,-20.41,-21.56,-35.68,-33,0.910638,18,0.67,-9.69,0.02,-5.46,,,-0.62,-19.79,-1.16,-13.86,3.92,0.966436,19
26-11-2025,NSE:ORIENTELEC,EQ,4346.26,189.96,1157997,2199.7311,5.53,5.26,5.38,,-4.76,0.32,-12.23,-12.48,-9.44,-7.04,-13.36,-23.86,-8.44,-18.35,-4.31,HV2Y,HV2Y,-1,-1,-1,-1,-1,-1,-1,-1,-1,-1.43,-3.03,-4.33,-2.33,-6.51,-6.12,-11.9,0,0,0,0,0,0,-11.09,-11.86,-17.98,-26.29,-34.7,-11.09,-6.55,-12.34,-13.43,-29.19,-22.72,14.29,14.29,14.29,14.29,14.29,6.45,9.22,19.33,6.68,16.42,-9.92,-17.13,-28.61,-22.4,-27.26,0.9106,18,-9.96,-6.55,0.84,-13.43,,,-9.92,-6.89,-10.28,2.79,-3.27,0.972956,27
26-11-2025,NSE:INDOAMIN,EQ,958.16,124.1,67790,84.12739,2.79,2.79,3.44,2L,0.34,-3.52,-8.55,-7.65,-5.91,-11.11,-25.4,-18.05,3.24,-32.16,11.16,-1,-1,-1,HVQ,HVQ,-1,-1,-1,-1,-1,-1,-2.28,-2.1,-4.29,-3.85,-7.84,-3.27,-10.76,0,0,0,0,0,0,-7.88,-17.43,-27.25,-38.66,-48.88,-7.88,-17.95,-8.78,-39.65,-50.53,-32.43,1.74,1.74,16.31,16.31,1.74,0,45.85,37.3,9.16,49.1,-6.39,-29.17,-22.8,-10.72,-41.07,0.910428,18,-5.88,-12.73,24.04,-16.57,,,-6.39,-21.72,4.84,8.37,-30.71,0.96758,20
26-11-2025,NSE:URJA,EQ,648.93,12.29,1285906,158.03785,2.51,2.5,4.62,L,0.16,0.24,-0.73,-4.48,-8.22,-10.33,-9.76,-22.05,-4.8,-38.65,-66.4,-1,-1,-1,HV2Q,HV2Q,-1,-1,-1,-1,-1,-1,-0.66,-1.18,-1.81,-3.29,-4.94,-6.05,-10.36,0,0,0,0,0,0,-7.8,-13.81,-24.23,-35.49,-48.92,-7.8,-7.57,-17.69,-34.09,-46.47,-29.18,0.49,0.49,9.24,9.24,0.24,8.75,19.91,33.33,0,0,-8.7,-13.53,-26.8,-18.76,-47.56,0.910093,18,-6.33,-7.57,6.56,-33.27,,,-8.7,-4.74,-12.21,4.47,-26.43,0.965426,18
26-11-2025,NSE:BFINVEST,EQ,1735.72,441.95,75965,335.72732,2.15,2.14,4.12,2L,1.10,-1.39,-5.76,-5.58,-10.48,-8.8,-6.63,-15.73,0.52,-68.24,-20.64,-1,-1,-1,-1,-1,-1,-1,-1,-1,-1,-1,-1.64,-1.88,-3.46,-2.47,-5.79,-2.74,-8.31,0,0,0,0,0,0,-9.19,-10.17,-13.74,-40.28,-42.51,-9.19,-0.76,-14.57,-33.47,-42.81,-3.28,1.29,1.29,7.26,7.26,1.29,8.77,14.37,24.12,0,49.1,-10.96,-10.4,-20.48,-13.44,-77.15,0.909953,18,-8.98,0.68,4.34,-13.39,,,-10.96,0.17,-9.55,4.38,-63.25,0.958882,12
26-11-2025,NSE:DIGITIDE,EQ,2216.37,140.77,252801,355.86797,4.45,4.29,8.76,2M,0.86,-8.74,-3.08,-9.68,-21.18,-19.58,-46.65,NA,NA,NA,NA,-1,-1,-1,-1,-1,-1,-1,-1,-1,-1,-1,-3.24,-3.51,-6.52,-8.04,-13.48,,,0,0,0,0,0,0,-19.09,-31.83,NA,NA,NA,-19.09,-31.83,NA,NA,NA,NA,0.86,NA,NA,NA,0.86,7.42,NA,NA,NA,NA,-21.66,-50.42,0,0,0,0.909822,18,-19.09,-31.83,,,,,-21.66,-24.33,98.98,-9.66,5.87,0.94605,6
26-11-2025,NSE:SYNCOMF,EQ,1564.16,15.74,1136727,178.92083,2.45,2.5,2.92,L,0.70,-2.29,-3.94,-4.07,-5.4,-9.02,-8.58,-40.22,-6.04,-25.6,21.86,-1,-1,-1,-1,HV2Q,-1,-1,-1,-1,-1,-1,-1.33,-1.39,-2.68,-2.82,-5.35,-6.1,-10.79,0,0,0,0,0,0,-5.92,-12.94,-28.94,-33.36,-41.2,-5.92,-9.64,-22.84,-17.56,-37.65,-26.15,1.88,1.88,7.81,42.44,1.88,2.79,17.05,51.16,51.04,78.91,-5.88,-12.35,-44.97,-20,-34.51,0.909793,18,-5.18,-8.29,0.71,19.3,,,-5.88,-6.32,-30.16,14.72,-12.58,0.975995,30
26-11-2025,NSE:GARFIBRES,EQ,7031,703.7,77751,547.13379,3.48,3.5,8.69,,0.23,-3.55,-2.69,-8.14,-10.26,-11.36,-13.64,-24.8,-0.43,-30.44,8.07,-1,-1,-1,-1,-1,-1,-1,-1,-1,-1,-1,-2.14,-1.76,-3.83,-3.55,-7.13,-8.92,-14.74,0,0,0,0,0,0,-9.32,-13.76,-26.8,-27.81,-27.81,-9.32,-14.97,-16.82,-9.9,-27.5,-2.14,0.23,0.23,0.72,10.54,0.23,4.41,14.46,25.71,11.93,45.39,-10.74,-17.41,-29.55,-14.39,-39.35,0.909542,18,-9.32,-13.74,14.46,18.88,,,-10.74,-6.38,-10.84,9.87,-24.02,0.970148,23
26-11-2025,NSE:TEAMLEASE,EQ,2818.85,1707,100196,1710.34572,3.35,3.31,18.89,,0.67,0.13,0.47,1.12,-1.12,-7.87,-7.28,-14.94,-16.88,-59.67,-65.08,-1,-1,-1,-1,-1,-1,-1,-1,-1,-1,-1,0.8,-0.67,0.13,-3.13,-2.91,-7.68,-9.84,0,0,0,0,0,0,-1.58,-11.74,-17.12,-44.34,-51.7,-1.58,-10.75,-12.68,-39.44,-43.55,-22.88,2.96,2.96,2.96,2.96,2.96,2.02,8.24,15.75,0,2.29,-1.6,-11.05,-19.69,-30.84,-68.58,0.909541,18,-1.58,-10.1,-9.55,-38.15,,,-1.6,-9.4,-8.16,-11.35,-30.74,0.953581,8
26-11-2025,NSE:VIPCLOTHNG,EQ,300.31,32.45,245888,79.79066,3.72,3.67,4.96,3L,0.15,-3.73,-9.74,-4.25,-6.47,-20.03,-11.59,-29.15,-6.96,-27.21,-7.09,-1,-1,-1,-1,HV2Y,HVQ,-1,-1,-1,-1,-1,-2.17,-1.38,-3.5,-2.81,-6.14,-6.12,-11.55,0,0,0,0,0,0,-8.87,-20,-24.95,-37.6,-37.6,-8.87,-14.86,-16.35,-19.4,-33.25,-19.81,0.15,0.15,15.11,15.11,0.15,3.82,28.45,48.67,16.09,38.06,-6.95,-15.36,-33.9,-20.92,-36.12,0.909382,18,-3.45,-14.86,4.83,-8.23,,,-6.95,-8.11,-16.76,7.52,-13.06,0.970327,24
26-11-2025,NSE:RADHIKAJWE,EQ,997.1,80.55,404064,325.47355,3.61,3.55,6.19,3L,0.70,-3.89,-5.54,-12.02,-3.48,-14.75,-20.94,-7.85,-19.88,-25.74,24.52,-1,-1,-1,HV2Q,-1,-1,-1,-1,-1,-1,-1,-2.57,-1.9,-4.38,-3.64,-7.74,-3.44,-10.81,0,0,0,0,0,0,-10.73,-15.53,-23.26,-34.36,-46.46,-10.73,-19.7,-7.18,-42.26,-35.82,-32.69,0.7,0.7,2.08,47.26,0.7,0,23.46,10.09,76.53,85.16,-3.96,-24.71,-12.6,-33.84,-34.65,0.90938,18,-4.19,-15.55,-0.52,-11.28,,,-3.96,-20.19,9.81,-20.81,0.98,0.965493,18
26-11-2025,NSE:TARC,EQ,4133.41,134.03,757508,1015.28797,4.58,4.52,5.88,2L,1.06,-1.84,-6.95,-17.55,-8.68,-24.43,-25.03,-23.9,14.37,-49.62,0.36,-1,EEP,-1,-1,-1,-1,-1,-1,-1,-1,-1,-2.01,-3.4,-5.23,-6.92,-11.36,-3.3,-14.19,0,0,0,0,0,0,-17.18,-23.5,-33.91,-41.6,-49.63,-17.18,-23.12,-17.36,-37.59,-56.87,-24.64,4,4,29.37,29.37,4,1.52,61.76,60.29,0,56.54,-9.16,-28.8,-28.65,0.41,-58.53,0.909379,18,-7.18,-22.07,39.29,-23.26,,,-9.16,-18.36,-0.11,21.23,-68.85,0.970834,24
26-11-2025,NSE:JUSTDIAL,EQ,6548.44,745.05,142518,1061.83036,2,2,3.98,,0.36,-2.97,-0.27,-1.87,-6.22,-10.62,-11.5,-20.9,-6.25,-40.9,-5.89,-1,-1,-1,-1,EEP,-1,-1,-1,-1,-1,-1,-1.05,-1.23,-2.25,-4.33,-6.31,-7.27,-12.66,0,0,0,0,0,0,-5.96,-13.46,-21.08,-34.67,-45,-5.96,-8.08,-19.21,-31.89,-41.56,-22.51,1.62,1.62,1.62,1.62,1.62,2.08,4.74,15.58,1.58,34.59,-6.7,-15.27,-25.65,-20.21,-49.81,0.909198,18,-5.96,-7.07,-1.01,-31.83,,,-6.7,-8.28,-9.46,2.46,-26.73,0.963002,15
26-11-2025,NSE:KUANTUM,EQ,912.78,98.85,47364,46.81931,2.9,2.86,4.19,2L,-0.24,-3.36,-5.17,-4.1,-10.32,-11.62,-19.95,-13.86,-4.69,-25.61,-56.04,-1,-1,-1,HVQ,-1,HV2Y,-1,-1,-1,-1,-1,-2.1,-1.88,-3.9,-3.77,-7.39,-4.74,-11.58,0,0,0,0,0,0,-8.96,-13.74,-25.53,-30.11,-44.33,-8.96,-16.9,-10.68,-25.41,-44.43,-33.33,0.4,0.4,0.4,0.4,0.4,2.1,18.84,12.81,0,0.69,-10.8,-23.72,-18.61,-18.65,-34.52,0.90911,18,-8.84,-16.9,12.05,-25.41,,,-10.8,-12.04,4.06,-1.61,-14.11,0.967494,20
26-11-2025,NSE:INDOTECH,EQ,1912.66,1699.7,22112,375.83766,4.76,4.67,7.7,,0.89,-2.52,5.05,1.84,1.15,-3.94,-7.47,-27.47,-12.23,-55.71,45.13,HVQ,HVQ,-1,-1,-1,-1,-1,-1,-1,-1,-1,-0.59,-0.18,-0.77,-1.21,-1.95,-14.76,-14.56,0,0,0,0,0,0,-8.1,-10.9,-21.27,-52.69,-52.69,-8.1,-13.53,-31.19,-39.69,-46.9,-4.86,6.93,8.38,8.38,97.03,6.93,7.14,16.48,28.05,125.04,212.2,0.67,-11.24,-32.22,-26.19,-64.62,0.908995,17,0.93,-9.32,-0.58,13.73,,,0.67,-12.03,-19.63,2.29,-32.86,0.958112,11
26-11-2025,NSE:SUMICHEM,EQ,23187.82,456.25,320417,1461.90256,2.34,2.31,9.07,3L,1.14,-0.41,-4.25,-9.47,-13.53,-23.44,-28.69,-10.29,-4.41,-11.69,24.6,-1,-1,-1,EEP,-1,-1,-1,-1,-1,-1,-1,-0.59,-3.27,-3.74,-8.23,-11.06,-3.55,-14.1,0,0,0,0,0,0,-10.91,-24.19,-30.05,-30.05,-30.05,-10.91,-20.58,-9.98,-17.98,-22.36,-16.94,2.55,2.55,2.55,32.86,2.55,0.06,27.48,9.25,40.37,50.17,-14.01,-32.46,-15.04,-18.37,-20.6,0.908986,17,-10.91,-11.44,21.11,-7.2,,,-14.01,-16.66,13.28,-4.32,-1.11,0.974311,28
26-11-2025,NSE:HGS,EQ,2386.49,481.55,14865,71.58241,2.63,2.61,5.61,M,0.14,-6.5,-3.9,-7.53,-10.89,-7.32,-11.21,-9.87,-18.17,-27.96,-64.05,-1,-1,-1,HV2Q,-1,HVQ,-1,-1,-1,-1,-1,-2.64,-1.19,-3.78,-1.07,-4.8,-3.96,-8.43,0,0,0,0,0,0,-9.18,-9.82,-21.58,-35.07,-48.05,-9.18,-8.58,-12.78,-42.92,-38.61,-33.52,0.49,0.49,6.04,6.04,0.49,9.21,17.94,16.52,0.43,0,-11.37,-14.98,-14.62,-32.13,-36.87,0.908878,17,-9.18,-7.48,-7.59,-38.79,,,-11.37,-3.6,0.18,-17.21,-2.42,0.965935,18
26-11-2025,NSE:GEEKAYWIRE,EQ,337.08,31.77,139008,44.16284,4.97,4.9,3.88,2L,1.76,-1.35,1.2,-6.23,-12.73,-12.48,-8.34,-12.09,-7.51,-45.73,-31.26,-1,-1,-1,-1,-1,-1,-1,-1,-1,-1,-1,0.01,-1.8,-1.76,-4.59,-6.07,-6.73,-12,0,0,0,0,0,0,-7.89,-17.96,-17.96,-41.77,-53.86,-7.89,-7.51,-18.84,-48.28,-50.39,-32.75,2.09,2.09,2.09,2.09,2.09,10.76,6.45,4.84,0,19.1,-13.21,-12.11,-16.84,-21.47,-54.64,0.908649,17,-7.86,3.18,-6.8,-31,,,-13.21,0.59,-4.48,-5.57,-29.69,0.961517,15
26-11-2025,NSE:BOROSCI,EQ,1115.84,125.53,124609,156.42168,4.08,4.11,10.45,M,0.17,-4.12,-2.95,-7.28,-8.83,-9.42,-11.49,-14.1,-6.87,-45.34,NA,-1,-1,HVY,HV2Q,-1,-1,-1,-1,-1,-1,-1,-1.32,-2.05,-3.31,-3.79,-6.84,-4.25,-10.63,0,0,0,0,0,0,-9.12,-15.56,-31.45,-32.92,NA,-9.12,-19.82,-23.57,-31.82,-40.05,NA,2.52,2.52,7.3,NA,2.52,7.24,19.63,22.43,0,NA,-9.31,-15.26,-18.85,-20.83,-54.25,0.908617,17,-8.87,-19.82,1.48,-23.77,,,-9.31,-5.75,-3.36,-3.32,-30.13,0.960397,13
26-11-2025,NSE:ANUHPHR,EQ,811.61,76.88,61369,47.18049,2.94,2.99,4.17,S,-0.45,-4.37,-6.89,-14.65,-16.36,-11.04,-15.66,-37.39,-5.72,NA,NA,-1,-1,-1,HV2Y,HVQ,-1,-1,-1,-1,-1,-1,-3.29,-2.36,-5.53,-2.61,-7.93,-7.84,-14.62,0,0,0,0,0,0,-14.96,-14.96,-30.37,NA,NA,-14.96,-10.01,-19.46,-8.56,NA,NA,0,0,NA,NA,0,13.54,19.2,41.6,NA,NA,-16.84,-19.43,-42.14,-19.68,0,0.908433,17,-14.96,-9.78,9.42,,,,-16.84,-2.71,-19.81,13.39,105.87,0.984741,42
26-11-2025,NSE:TVTODAY,EQ,835.36,138.8,40806,56.63873,2.65,2.69,7.5,2L,-0.54,-0.71,-2.33,-5.04,-6.29,-5.21,-7.99,-22.28,-16.27,-32.74,-55.62,-1,-1,-1,-1,-1,-1,-1,-1,-1,-1,-1,-1.16,-1.31,-2.43,-2.59,-4.9,-9.32,-13,0,0,0,0,0,0,-5.8,-10.83,-20.69,-35.21,-51.64,-5.8,-13.31,-16.96,-38.13,-43.77,-35.8,0.18,0.18,0.18,0.18,0.18,4.54,6.21,12.23,0.42,0,-6.77,-11.76,-27.03,-30.23,-41.65,0.908162,17,-5.76,-13.31,-8.56,-37.73,,,-6.77,-4.91,-14.25,-4.75,-8.3,0.965028,17
26-11-2025,NSE:ZEEL,EQ,9634.97,97.83,6640543,6496.44322,2.15,2.16,3.6,S,0.85,-1.21,-5.7,-4.21,-5.43,-18.67,-23.03,-29.53,-0.52,-21.18,-44.84,-1,-1,-1,HV2Y,-1,-1,-1,-1,-1,-1,-1,-0.9,-1.84,-2.68,-6.13,-8.31,-7.92,-15.04,0,0,0,0,0,0,-5.78,-18.41,-34.63,-34.63,-41.35,-5.78,-16.62,-19.58,-15.98,-41.04,-28.93,0.85,0.85,8.5,8.5,0.85,0,33.48,40.53,1.83,3.18,-5.91,-26.8,-34.28,-14.48,-30.09,0.908144,17,-4.87,-16.62,21.55,-9.12,,,-5.91,-20.01,-6.3,12.74,-14.68,0.973067,27
26-11-2025,NSE:MOTISONS,EQ,1653.89,16.68,2663367,444.24962,4.63,4.42,5.08,L,1.46,4.08,1.38,0.48,-0.54,-12.41,-19.66,-1.68,-13.49,-68.47,18.41,HVQ,HVQ,-1,HV2Q,-1,-1,-1,-1,-1,-1,-1,0.64,-0.75,-0.11,-4.27,-4.2,-8.17,-11.43,0,0,0,0,0,0,-1.88,-15.16,-28.66,-44.58,-48.28,-1.88,-21.45,-14.63,-47.41,-41.3,-12.87,5.04,5.04,5.04,26.99,5.04,0,24.83,6.07,44.12,113.93,-1.02,-23.43,-6.43,-27.45,-77.38,0.907958,17,-1.88,-21.45,-0.75,-10.7,,,-1.02,-22.33,14.01,-21.28,-42.57,0.950804,7
26-11-2025,NSE:KNAGRI,SM,524.98,207.25,24216,50.18766,4.22,4.13,4.54,2L,0.48,-0.43,-6.03,-12.91,-15.78,2.12,-12.76,-12.35,-6.06,-31.15,42.7,-1,-1,-1,-1,-1,-1,-1,-1,-1,-1,-1,-0.2,-3.05,-3.16,-2.06,-5.11,-3.41,-8.24,0,0,0,0,0,0,-13.54,-13.63,-21.64,-32.08,-32.08,-13.54,-8.38,-11.64,-23.69,-27.97,-7.93,6.83,6.83,6.83,76.68,6.83,20.73,19.14,18.71,87.38,131.71,-16.26,-16.53,-17.1,-20.02,-40.06,0.907887,17,-13.54,-8.38,7.84,-0.56,,,-16.26,-0.71,-0.66,-4.06,-17.79,0.966854,19
26-11-2025,NSE:ETML,SM,227.88,107.65,29064,31.2874,3.21,3.4,3.71,2M,-5.57,-10.54,-10.31,-11.47,-17.09,-12.22,-29.12,-2.79,-20.48,NA,NA,-1,-1,-1,HVQ,-1,-1,-1,-1,-1,-1,-1,-6.47,-2.53,-8.78,-4.58,-12.77,0.82,-12.05,0,0,12.7,0,0,1.59,-12.41,-25.37,-26.44,NA,NA,-12.41,-13.87,-5.02,-44.38,NA,NA,0,0,NA,NA,0,9.32,43.52,14.25,NA,NA,-17.57,-32.89,-7.54,-34.44,0,0.907812,17,-8.93,8.52,7.01,,,,-17.57,-13.58,19.38,-26.88,105.87,0.96903,22
26-11-2025,NSE:CLSEL,EQ,1346.57,261,80431,209.92491,3.41,3.31,3.5,S,2.53,-2.2,-6.74,-4.02,-10.69,-5.73,-8.35,-37.2,-4.87,-23.54,18.97,-1,-1,-1,HV2Q,HVQ,-1,-1,-1,-1,-1,-1,-1.03,-1.28,-2.28,-0.86,-3.11,-13.7,-14.79,0,0,0,0,0,0,-7.82,-10.34,-31.64,-39.07,-39.07,-7.82,-12.88,-25.93,-16.4,-36.1,-9.34,3.18,3.18,3.18,35.55,2.55,14.21,5.64,57.59,42.14,67.46,-11.17,-12.12,-41.95,-18.83,-32.45,0.907716,17,-7.63,-12.88,-3,49.32,,,-11.17,-1.2,-27.65,13.91,-11.94,0.977135,32
26-11-2025,NSE:CONCORDBIO,EQ,15692.43,1439.8,100766,1450.82887,2.87,2.83,4.97,,2.68,-0.62,-1.63,-1.05,-1.24,-13.18,-19.36,-6.74,-22.13,-38.3,2.64,-1,-1,-1,-1,EEP,-1,-1,-1,-1,-1,-1,-0.05,-1.3,-1.34,-4.61,-5.69,-10.34,-14.53,0,0,0,0,0,0,-4.16,-15.61,-32.42,-38.62,-44.65,-4.16,-22.5,-19.33,-40.92,-32.4,-23.45,3.22,3.22,3.83,3.83,3.22,0,23.93,10.82,28.06,45.01,-1.72,-23.13,-11.49,-36.09,-47.21,0.907549,17,0.54,-22.5,2.37,-3.87,,,-1.72,-21.21,9.56,-24.08,-7.37,0.959505,12
26-11-2025,NSE:GOCLCORP,EQ,1603.42,305.3,57685,176.11231,3.64,3.56,3.33,L,-0.34,-6.91,-11.6,-15.12,-20.21,-17.65,-23.73,-0.15,-6.29,-22.52,-35.15,-1,-1,-1,HV2Y,-1,HVQ,-1,-1,-1,-1,-1,-3.66,-3.59,-7,-5.81,-12.1,3.95,-8.49,0,0,0,0,0,0,-16.82,-18.02,-23.52,-25.83,-38.44,-16.82,-7.61,-5.37,-38.34,-34.56,-24.57,1.33,1.61,21.15,21.15,1.33,9.23,49.9,21.33,2.61,9.34,-20.69,-27.5,-4.9,-20.25,-31.43,0.907431,17,-16.68,-2.15,18.19,-32.31,,,-20.69,-6.24,18.04,-15.79,-9.4,0.970383,24
26-11-2025,NSE:EVERESTIND,EQ,880.95,524.15,15077,79.0261,3.82,3.94,9.08,L,-0.74,-5.83,-11.47,-11.87,-17.48,-37.38,-19.41,2.7,-3.31,-50.41,-112.82,-1,-1,-1,HV2Y,-1,-1,-1,-1,-1,-1,-1,-4.94,-4.1,-8.68,-10.25,-17.17,11.32,-6.6,0,0,44.44,0,0,26.98,-14.42,-27.21,-27.21,-36.56,-59.06,-14.42,-14.49,-2.08,-55.85,-57.7,-38.42,0,13.98,22.58,22.58,0,21.03,46.38,19.27,0,0,-17.96,-23.18,-2.05,-17.27,-59.32,0.907095,17,-12.06,12.16,10.09,-55.09,,,-17.96,-4.96,17.5,-15.84,-39.72,0.960142,13
26-11-2025,NSE:SFL,EQ,6928.14,612.85,244524,1498.56533,3.48,3.52,6.95,S,3.33,-0.57,-8.44,-17.04,-10.34,-12.49,-15.91,-5.04,-21.27,-27.28,-56.8,-1,-1,-1,-1,-1,-1,-1,-1,-1,-1,-1,-1.42,-3.23,-4.51,-4.15,-8.31,-3.49,-11.4,0,0,14.29,0,0,1.59,-15.58,-18.05,-19.25,-41.02,-41.32,-15.58,-9.57,-6.96,-38.04,-29.49,-25.99,3.33,3.33,3.33,3.33,3.33,2.72,13.95,0,0,0,-10.82,-19.68,-9.79,-35.23,-36.19,0.907034,17,-8.26,2.31,-6.27,-31.85,,,-10.82,-8.36,8.36,-25.11,0.91,0.965476,18
26-11-2025,NSE:WEBELSOLAR,EQ,5318,109.1,3207292,3499.15557,5.3,5.39,3.73,2L,-0.37,-6.05,-20.34,-11.08,-12.46,-15.57,-18.53,-23.54,0.97,-26.35,68.44,-1,EEP,HV2Q,-1,-1,-1,-1,-1,-1,-1,-1,-5.5,-3.42,-8.62,-2.68,-11.01,-2.8,-13.44,0,0,0,0,0,0,-19.35,-19.35,-25.16,-40.61,-40.61,-19.35,-15.29,-17.46,-26.63,-41.19,-12.91,0.37,0.37,29.94,201.76,0.37,10.43,54.03,60.53,224.44,313.95,-12.94,-22.3,-28.29,-12.99,-35.26,0.906691,17,-9.92,-11.12,14.33,36.62,,,-12.94,-8.71,-5.24,10.18,-21.72,0.970975,24
26-11-2025,NSE:BALAJIPHOS,ST,317.78,114.65,27860,31.94149,2.72,5.01,1.98,,0.00,-11.03,-5.49,-14.26,-27.13,-50.72,-24.9,-18.19,NA,NA,NA,-1,-1,-1,-1,-1,-1,-1,-1,-1,-1,-1,-7.66,-4.88,-11.96,-13.61,-22.51,,,0,0,28.57,0,0,12.7,-21.34,-37.62,-37.62,NA,NA,-21.34,-20.7,-2.45,NA,NA,NA,0,0,NA,NA,0,5.62,92.6,NA,NA,NA,-27.61,-28.67,-22.94,0,0,0.906483,17,-21.34,3.37,,,,,-27.61,-1.56,4.36,90.34,5.87,0.969872,23
26-11-2025,NSE:AWFIS,EQ,3967.32,546.15,353687,1931.66155,3.39,3.29,3.83,M,1.66,-0.16,-6.95,-8.85,-12.34,-7.9,-7.46,-21.35,-17.35,-23.67,NA,-1,-1,-1,-1,-1,EEP,-1,-1,-1,-1,-1,-1.44,-2.58,-3.92,-2.91,-6.64,-5.81,-11.77,0,0,0,0,0,0,-13.25,-13.25,-21.33,-29.75,NA,-13.25,-0.8,-15.46,-26.35,-28.78,NA,1.75,1.75,1.75,NA,1.75,9.85,5.08,15.94,59.05,NA,-12.82,-11.23,-26.1,-31.31,-32.58,0.906444,17,-8.53,0.97,-11.55,-23.09,,,-12.82,1.03,-13.94,-6.36,0.48,0.970418,24
26-11-2025,NSE:WONDERLA,EQ,3427.02,558.5,95049,530.84867,3.88,3.81,3.49,L,-2.37,-2.37,3.19,-2.53,-2.25,-11.72,-15.06,-19.42,-9.67,-47.32,-57.48,-1,-1,-1,-1,-1,EEP,-1,-1,-1,-1,-1,-0.2,-0.55,-0.74,-3.55,-4.14,-8.83,-11.92,0,0,0,0,0,0,-3.88,-13.73,-17.55,-37.9,-48.29,-3.88,-11.82,-9.91,-26.83,-43.29,-23.82,6.63,6.63,6.63,6.63,6.63,1.4,12.54,9.86,0,4.68,-2.73,-18.83,-24.17,-23.63,-56.23,0.906403,17,-1.63,-11.82,3.09,-20.11,,,-2.73,-15.84,-4.81,-1.5,-28.46,0.958224,11
26-11-2025,NSE:ESAFSFB,EQ,1387.37,26.69,307193,81.98981,2.87,2.85,4.53,2L,1.95,-1.99,-1.16,-4.38,-10.6,-8.32,-9.93,-13.15,-10.12,-46.23,-115.06,-1,-1,-1,-1,-1,-1,-1,-1,-1,-1,-1,-0.85,-1.72,-2.53,-3.88,-6.17,-5.34,-10.92,0,0,0,0,0,0,-6.38,-11.77,-24.8,-37.7,-58.1,-6.38,-7.55,-17.33,-41.88,-53.86,-38.73,1.95,1.95,8.54,8.54,1.95,4.98,19.32,22.81,0,0.88,-11.08,-13.7,-17.9,-24.08,-55.14,0.906351,16,-6.38,-7.55,-1.44,-41.88,,,-11.08,-2.7,-3.95,-6.98,-26.93,0.959638,12
26-11-2025,NSE:APTUS,EQ,14684.36,281.2,1462753,4113.26144,3.09,3.02,8.66,3L,0.25,-2.51,-0.62,-4.71,-11.56,-14.06,-19.93,-22.07,-8.89,-12.87,-11.63,-1,-1,-1,-1,-1,-1,-1,-1,-1,-1,-1,-1.38,-2.35,-3.64,-5.52,-8.67,-3.88,-12.09,0,0,0,0,0,0,-11.46,-19.3,-21.76,-21.76,-27.83,-11.46,-12.72,-6.16,-11.91,-21.42,-18.54,1.5,1.5,3.78,3.78,1.5,2.8,16.35,26.68,13.01,6.64,-12.04,-23.7,-26.82,-22.85,-21.78,0.906306,16,-9.84,-10.09,11.47,8.68,,,-12.04,-10.82,-2.8,1.13,2.21,0.974033,27
26-11-2025,NSE:RTNINDIA,EQ,6442.76,44.21,1946250,860.43713,2.87,2.93,4.11,L,2.50,-2.53,-9.61,-17.01,-19.27,-22.48,-19.48,-5.36,0.86,-39.06,-60.03,-1,-1,-1,HV2Q,-1,-1,-1,-1,-1,-1,-1,-2.13,-4.46,-6.31,-7.97,-13.23,0.17,-13.08,0,0,0,0,0,0,-16.73,-28.66,-33.2,-39.1,-48.71,-16.73,-14.91,-20.19,-43.77,-49.15,-28.68,2.96,2.96,15.19,15.19,2.96,4.6,37.62,21.37,0,2.35,-19.75,-23.25,-10.11,-13.1,-47.97,0.906215,16,-16.73,-7.43,13.13,-43.62,,,-19.75,-3.48,10.79,-3.76,-34.4,0.964674,17
26-11-2025,NSE:DVL,EQ,1073.68,296.15,92094,272.73638,2.66,2.81,8.04,2M,1.18,-2.94,-4.36,-11.41,-13.05,-20.63,-16.56,-10.65,-5.94,-36.52,-8.76,-1,-1,HV2Y,HVQ,-1,HVQ,-1,-1,-1,-1,-1,-2.15,-3.43,-5.4,-7.67,-12.13,-1.02,-13.02,0,0,6.35,0,0,6.35,-12.37,-19.85,-20.1,-31.55,-43.12,-12.37,-9.67,-8.47,-37.06,-39.74,-22.35,1.18,1.18,1.18,1.18,1.18,13.07,16.13,10.24,2.05,31.5,-13.53,-20.33,-15.4,-19.9,-45.43,0.90597,16,-12.34,-7.4,5.28,-29.65,,,-13.53,-6.42,4.05,-5.4,-22.99,0.962992,15
26-11-2025,NSE:TASTYBITE,EQ,2153.13,8374.5,1259,105.43496,2.7,2.74,6.1,M,0.32,-0.05,-1.83,-6.62,-7.37,-10.17,-15.06,-30.57,-3.91,-29.2,-49.23,-1,-1,-1,HV2Q,-1,-1,-1,-1,-1,-1,-1,-0.73,-1.81,-2.49,-3.47,-5.76,-7.68,-12.48,0,0,0,0,0,0,-7.04,-12.81,-28.5,-28.5,-43.08,-7.04,-23.23,-17.73,-25.69,-40.86,-26.47,0.67,0.67,7.57,7.57,0.67,2.05,23.77,40.45,1.95,15.77,-7.85,-18.83,-35.32,-17.87,-38.11,0.905892,16,-6.52,-16.63,7.83,-25.69,,,-7.85,-10.48,-14.5,10.76,-18.47,0.969789,23
26-11-2025,NSE:PENINLAND,EQ,1028.7,28.77,780384,224.51648,5.05,5.06,3.5,L,-1.20,-7.4,-12.13,-19.33,-17.69,-21.34,-26.73,-1.15,13.63,-80.22,-67.71,-1,-1,-1,HV2Q,-1,-1,-1,-1,-1,-1,-1,-4.23,-4.19,-8.08,-6.86,-13.99,5.56,-8.92,0,0,0,0,0,0,-17.07,-23.22,-34.64,-44.49,-62.06,-17.07,-14.21,-17.17,-54.34,-67.23,-31.62,4.89,4.89,30.95,30.95,4.89,6.78,65.95,32.45,0,16.39,-18.17,-30.5,-5.9,-0.33,-89.13,0.905832,16,-17.07,-11.15,36.3,-54.34,,,-18.17,-10.99,19.17,4.94,-102.78,0.959793,12
26-11-2025,NSE:GTLINFRA,EQ,1780.29,1.35,39689368,535.80647,2.49,2.51,2.21,L,1.50,-2.22,-5.19,-6.67,-8.15,-11.85,-11.85,-10.37,-13.33,-48.89,-25.93,-1,-1,-1,HV2Q,HVQ,-1,-1,-1,-1,-1,-1,-0.75,-2.27,-2.95,-4.65,-7.27,-6.09,-12.59,0,0,0,0,0,0,-8.78,-16.15,-34.15,-41.81,-67.31,-8.78,-9.32,-26.34,-47.9,-62.95,-51.33,3.85,3.85,3.85,3.85,3.85,1.39,11.85,10.37,2,34,-8.63,-15.62,-15.12,-27.29,-57.8,0.905759,16,-6.9,-8.75,-8.48,-47.9,,,-8.63,-6.73,0.3,-12.34,-25.5,0.956909,10
26-11-2025,NSE:ORIENTHOT,EQ,2197.66,121.36,243484,295.49218,2.72,2.74,4.46,2L,0.61,0.83,1.31,0.8,-2.23,-11.1,-14.15,-26.3,-5.68,-49.01,2.93,-1,-1,-1,-1,-1,-1,-1,-1,-1,-1,-1,0.58,-1.05,-0.46,-4.44,-4.69,-10.46,-13.72,0,0,0,0,0,0,-2.13,-17.18,-26.48,-38.44,-38.44,-2.13,-15.44,-16.08,-22.25,-34.95,-3.89,5.43,5.43,5.43,5.67,5.43,0,8.42,19.97,12.95,59.26,-2.71,-17.92,-31.05,-19.64,-57.92,0.90575,16,-2.13,-15.44,3.92,4.63,,,-2.71,-14.96,-11.67,6.67,-35.14,0.960517,13
26-11-2025,NSE:OAL,EQ,1168.62,320.1,11683,37.39728,3.77,3.81,4.16,2M,-0.16,-6.31,-6.61,-6.08,-12.95,-6.42,-4.61,-33.52,7.31,-70.48,-3.87,-1,-1,-1,-1,HVQ,-1,-1,-1,-1,-1,-1,-3.5,-1.62,-5.04,-0.95,-5.93,-1.35,-7.19,0,0,0,0,0,0,-13.37,-13.37,-23.57,-40.57,-49.33,-13.37,-5.22,-21.65,-32.34,-53.03,-13.61,0,0,19.08,19.08,0,11.37,24.57,59,1.06,83.09,-13.43,-8.38,-38.27,-6.65,-79.39,0.905658,16,-12.58,-5.22,9.61,-19.31,,,-13.43,4.07,-28.66,20.92,-78.05,0.970353,24
26-11-2025,NSE:TEXRAIL,EQ,5524.41,128.7,1111923,1431.0449,2.33,2.32,5.55,M,0.69,-2.7,-4.11,-4.45,-5.55,-10.75,-10.58,-23.54,-7.18,-50.01,-28.67,-1,-1,-1,HV2Q,EEP,-1,-1,-1,-1,-1,-1,-1.48,-1.37,-2.81,-3.58,-6.17,-6.65,-12.02,0,0,0,0,0,0,-6.02,-14.27,-28.12,-44.73,-55.26,-6.02,-11.15,-20.51,-36.8,-52.05,-32.89,0.69,0.69,3.56,3.56,0.69,1.97,14.52,27.95,0,33.05,-6.03,-14.35,-28.29,-21.14,-58.92,0.905501,16,-4.85,-11.15,-2.31,-34.68,,,-6.03,-8.08,-12.74,3.59,-34.09,0.959961,13
26-11-2025,NSE:BAYERCROP,EQ,22848.9,4587.5,29183,1338.77013,2.51,2.46,6.54,,-0.43,0.65,1.78,-5.41,-9.74,-9.72,-19.91,-23.68,-2.45,-26.16,-8.64,-1,-1,-1,EEP,EEP,-1,-1,-1,-1,-1,-1,0.1,-1.72,-1.6,-4.79,-6.1,-6.75,-12.04,0,0,0,0,0,0,-7.31,-14.2,-29.23,-29.23,-34.05,-7.31,-20.74,-15.14,-16.34,-32.44,-16.8,2.49,2.49,5,5,2.49,4.65,19.21,29.87,7.58,16.13,-10.22,-23.68,-28.43,-16.41,-35.07,0.905322,16,-7.31,-20.54,16.16,-9.93,,,-10.22,-12.58,-4.16,7.5,-17.27,0.969027,22
26-11-2025,NSE:UGARSUGAR,EQ,453.04,40.67,107599,43.76051,2.46,2.45,4.67,2L,0.87,-0.02,-2.56,-4.03,-5.66,-5.75,-2.26,-21,-10.92,-78.61,-74.7,-1,-1,HVQ,-1,-1,-1,-1,-1,-1,-1,-1,-0.21,-1.35,-1.53,-2.97,-4.37,-6.49,-10.2,0,0,0,0,0,0,-6.48,-13.62,-20.04,-47.09,-54.48,-6.48,-8.73,-19.57,-44.92,-49.51,-18.69,1.47,2.37,2.37,2.37,1.47,8.16,4.68,21.99,0.13,10.4,-6.14,-6.03,-25.75,-24.88,-87.52,0.905316,16,-5.22,-4.62,-13.52,-41.58,,,-6.14,-0.1,-19.34,-1.33,-55.16,0.952968,8
26-11-2025,NSE:PRINCEPIPE,EQ,3447.29,283,129934,367.71322,2.78,2.77,5.9,L,1.85,-4.56,-12.39,-14.42,-12.14,-19.15,-19.52,-18.14,6.33,-49.58,-88.02,-1,-1,-1,2,-1,-1,-1,-1,-1,-1,-1,-3.92,-3.31,-6.99,-5.46,-11.81,3.2,-8.9,0,0,0,0,0,0,-12.6,-17.96,-26.19,-35.55,-59.56,-12.6,-8.13,-11.78,-45.07,-62.12,-39.52,1.85,1.85,18,18,1.85,9,41.04,39.41,0,0,-12.62,-23.29,-22.89,-7.63,-58.49,0.905244,16,-9.41,-3.63,27.64,-45.07,,,-12.62,-9.9,0.13,11.05,-53.81,0.964005,16
26-11-2025,NSE:RADIANTCMS,EQ,577.82,53.05,113655,60.29398,2.88,2.84,5.63,S,1.30,0.45,-0.94,1.66,-2.34,-4.24,-12.29,-22.75,-18.04,-36.93,-47.69,-1,-1,-1,-1,HV2Y,-1,-1,-1,-1,-1,-1,0.13,-0.57,-0.44,-1.97,-2.36,-10.06,-11.29,0,0,0,0,0,0,-1.65,-13.73,-21.93,-33.79,-40.16,-1.65,-11.71,-18.6,-25.84,-29.36,-18.06,2.33,3.29,3.86,3.86,2.33,5.7,16.62,27.49,0.9,0,-2.82,-16.06,-27.5,-32,-45.84,0.905227,16,0.17,-4.45,-5.64,-25.22,,,-2.82,-13.04,-10.34,-5.82,-10.13,0.961198,14
26-11-2025,NSE:NOVAAGRI,EQ,422.82,43.72,100275,43.84023,4.46,4.42,7.7,2L,1.56,-1.92,-7.82,-6.29,-3.5,-12.17,-20.15,-11.57,-17.06,-34.74,-25.11,-1,-1,-1,HVQ,-1,HVQ,-1,-1,-1,-1,-1,-1.43,-1.57,-2.96,-3.54,-6.28,-6.58,-12.06,0,0,0,0,0,0,-8.86,-15.92,-29.14,-39.91,-51.62,-8.86,-22.76,-14.86,-37.97,-43.37,-34.81,1.56,1.56,2.44,2.44,1.56,0.24,23.08,14.29,8.89,25.34,-3.98,-23.92,-16.32,-31.02,-43.65,0.905221,16,-4.1,-21.41,1.8,-37.97,,,-3.98,-19.4,6.12,-14.58,-9.23,0.96068,13
26-11-2025,NSE:NAVKARCORP,EQ,1624.55,102.2,460402,470.53084,3.6,3.52,6.85,L,2.09,-3.97,-9.34,-12.26,-17.75,-20.22,-18.61,-5.69,-5.26,-33.65,14.19,-1,-1,-1,EEP,-1,HVQ,-1,-1,-1,-1,-1,-2.06,-4.47,-6.26,-8,-13.2,4.77,-8.85,0,0,7.94,0,0,0,-14.59,-21.25,-25.53,-38.23,-38.23,-14.59,-12.31,-11.67,-34.71,-34.98,-15.19,6.36,6.36,21.28,21.28,6.36,4.06,43.85,28.18,36.44,73.23,-18.23,-22.38,-10.44,-19.22,-42.56,0.905154,16,-14.59,-2.77,11.44,-28.5,,,-18.23,-4.04,9.87,-9.25,-21.1,0.964774,17
26-11-2025,NSE:PCBL,EQ,13139.47,329.25,713950,2350.68038,2.49,2.49,6.09,2L,0.94,-1.75,-5.85,-8.03,-10.77,-18.36,-15.7,-23.72,-13.03,-16.8,25.59,-1,-1,-1,-1,-1,-1,-1,-1,-1,-1,-1,-1.75,-2.88,-4.5,-6.45,-10.29,-5.89,-15.28,0,0,0,0,0,0,-11.46,-20.38,-24.21,-32.73,-43,-11.46,-11.81,-12.51,-29.48,-35.57,-33.42,1.21,1.21,1.21,52.5,1.21,0.94,6.57,15.84,72.37,78.11,-11.25,-19.47,-28.47,-26.99,-25.71,0.90483,16,-9.83,-6.04,-1.32,-9.66,,,-11.25,-7.77,-7.95,-1.02,2.54,0.972027,26
26-11-2025,NSE:SHIVAMAUTO,EQ,372.13,27.06,153724,41.59771,3.36,3.33,5.21,2L,-0.15,-1.11,-4.66,-10.98,-8.91,-17.59,-7.61,-11.9,-22.03,-43.2,-32.11,-1,-1,-1,HVQ,-1,HVQ,-1,-1,-1,-1,-1,-2.11,-2.24,-4.26,-5.65,-9.38,-1.55,-10.76,0,0,1.59,0,0,0,-10.19,-22.29,-22.29,-49.4,-55.6,-10.19,-15.36,-16.42,-46.11,-45.82,-36.41,0.11,0.11,5.7,5.7,0.11,7.48,13.75,18.28,1.44,19.05,-9.39,-11.38,-16.65,-35.99,-52.11,0.904805,16,-6.88,-3.63,-14.95,-46.11,,,-9.39,-2.12,-5,-18.71,-11.48,0.959043,12
26-11-2025,NSE:NATCAPSUQ,BE,200.28,176.14,42496,74.85245,4.38,4.51,4.31,2M,-1.70,-4.58,-16.72,-17.37,-23.77,-22.96,-12.31,-15.83,-24.56,NA,NA,-1,-1,HVQ,-1,HV2Y,-1,-1,-1,-1,-1,-1,-5.83,-5.19,-10.48,-10.89,-19.27,,,0,0,11.11,0,0,4.76,-18.94,-36.4,-36.4,NA,NA,-18.94,-21.28,-22.19,-18.24,NA,NA,0,0,NA,NA,0,16.18,18.74,22.46,NA,NA,-24.25,-16.08,-20.58,-38.52,0,0.904686,16,-18.94,0.53,-13.54,,,,-24.25,5.95,-4.15,-17.2,105.87,0.969309,22
26-11-2025,NSE:SHAREINDIA,EQ,3732.82,164.45,1783011,2932.16159,3.25,3.22,3.24,2M,1.68,-2.65,-5.45,-12.87,-24.63,15.9,7.76,-9.98,-24.91,-59.74,-96,-1,-1,HVQ,-1,HVQ,-1,-1,-1,-1,-1,-1,-1.97,-1.98,-3.87,4.43,0.58,-4.78,-4.01,0,9.52,3.17,0,0,0,-20.3,-20.3,-20.3,-48.5,-52.47,-20.3,-0.45,-30.84,-46.74,-46.11,-31.08,28.56,28.56,28.56,28.56,1.68,60.23,4.56,24.68,0,0,-25.11,3.99,-14.73,-38.87,-68.65,0.903983,16,-20.3,19.05,-30.04,-39.11,,,-25.11,22.68,-20.26,-23.23,-22.01,0.967635,20
26-11-2025,NSE:AGARIND,EQ,1210.91,769.8,27843,214.33541,2.97,2.97,3.64,L,-0.66,-2.87,-9.59,-9.28,-13.4,-28.71,-3.37,-27.14,-15.7,-32.24,-11.39,-1,-1,-1,-1,-1,HVQ,-1,-1,-1,-1,-1,-3.08,-3.16,-6.04,-7.45,-12.56,-6.96,-18.25,0,0,0,0,0,0,-10.8,-22.31,-23.27,-43.47,-43.47,-10.8,-11.89,-25.88,-28.13,-34.59,-22.23,0,0,0,0,0,12.18,0,11.76,12.57,28.67,-13.88,-7.14,-31.89,-29.66,-41.15,0.903939,15,-10.55,-7.58,-15.5,-23.51,,,-13.88,5.53,-24.01,-0.66,-8.43,0.969617,23
26-11-2025,NSE:BLS,EQ,13393.93,313.75,4958273,15556.58154,3.36,3.4,5.96,S,0.26,-2.88,-7.31,-2.61,-0.32,-13.45,-17.55,-30.41,-20.49,-21.74,-12.75,-1,-1,HV2Y,-1,-1,EEP,-1,-1,-1,-1,-1,-1.49,-0.55,-2.02,-2.59,-4.5,-11.1,-14.04,0,0,0,0,0,0,-6.82,-15.74,-24.52,-37.93,-37.93,-6.82,-21.75,-12.68,-19.06,-25.21,-16.47,12.64,12.64,12.64,12.64,2.08,13,13.25,25.64,31.29,32.64,-0.8,-21.32,-35.16,-34.45,-30.65,0.903891,15,2.08,-13.24,-4.83,4.26,,,-0.8,-20.48,-11.96,-2.06,4.84,0.968449,21
26-11-2025,NSE:ESTER,EQ,1005.63,107.86,235188,253.67378,3.96,3.94,4.9,L,0.38,-10.59,-0.31,-2.96,-4.5,-5.03,-0.39,-36.44,-32.15,-29.79,17.02,-1,-1,HVY,-1,EEP,-1,-1,-1,-1,-1,-1,-1.32,-0.6,-1.91,-2.02,-3.84,-8.92,-11.72,0,0,0,0,0,0,-9.57,-10.14,-25.55,-36.68,-37.38,-9.57,-8.75,-26.74,-14.56,-17.24,-18.72,3.9,4.02,4.02,26.97,3.9,8.7,4.43,36.45,67.79,64.79,-4.98,-4.16,-41.19,-46.11,-38.7,0.903889,15,-2.44,-5.97,-26.74,-3.81,,,-4.98,0.62,-36.93,-6.52,7.66,0.970163,23
26-11-2025,NSE:JINDALPOLY,EQ,2397.96,527.05,160513,845.98377,2.2,2.2,6.74,2L,0.88,-3.85,-6.08,-6,-6.24,-12.01,0.59,-21.76,-31.48,-50.21,6.56,-1,-1,HV2Y,-1,-1,HVQ,-1,-1,-1,-1,-1,-1.8,-1.77,-3.5,-3.42,-6.69,-10.23,-15.35,0,0,0,0,0,0,-6.6,-13.87,-17.29,-50.87,-50.87,-6.6,-8.5,-30.5,-40.18,-35.41,-15.98,3.22,3.22,3.22,16.21,1.17,9.67,0.69,5.14,52.78,74.56,-6.72,-3.18,-26.51,-45.44,-59.12,0.903375,15,-6.19,-6.01,-28.48,-27.26,,,-6.72,3.12,-23.5,-17.64,-8.38,0.95883,12
26-11-2025,NSE:JUNIPER,EQ,5540.31,242.7,134806,327.17416,3.69,3.67,9.28,3L,1.70,-0.41,-1.13,-10.94,-11.15,-22.41,-20.35,-29.44,2.39,-29.11,-88.09,-1,-1,-1,-1,EEP,-1,-1,-1,-1,-1,-1,-0.65,-3.08,-3.61,-7.48,-10.32,-4.67,-14.33,0,0,0,0,0,0,-12.1,-20.88,-25.89,-36.78,-53.54,-12.1,-13.56,-10.81,-25.31,-54.65,-40.01,2.41,2.41,4.41,4.41,2.41,3.69,25.34,35.15,1.91,0,-11.63,-24.12,-34.19,-11.57,-38.02,0.903298,15,-10.13,-13.56,25.34,-21.57,,,-11.63,-11.6,-8.57,14.93,-26.4,0.971324,25
26-11-2025,NSE:TRIGYN,BE,229.35,70.58,82230,58.03793,3.95,4,3.49,3L,0.17,-1.39,-2.71,-5.48,-9.03,-19.92,-7.69,-18.99,-18.05,-40.92,-47.21,-1,-1,HV2Q,-1,-1,HVQ,-1,-1,-1,-1,-1,-1.4,-2.28,-3.6,-6.38,-9.38,-2.66,-11.73,0,0,0,0,0,0,-10.44,-25.13,-25.13,-39.79,-52.58,-10.44,-18.37,-13.86,-38.73,-44.02,-33.17,0.68,0.68,4.27,4.27,0.68,4.99,12.29,24.07,0,6.6,-9.51,-11.46,-23.74,-32.01,-49.83,0.903247,15,-6.63,-5.37,-10.4,-31.45,,,-9.51,-2.09,-11.51,-8.87,-13.5,0.960862,14
26-11-2025,NSE:OSWALPUMPS,EQ,7627.37,569.85,319484,1820.57957,3.79,3.71,8.94,,0.75,-10.99,-11.74,-24.32,-28.79,-34.03,-48.17,NA,NA,NA,NA,-1,-1,-1,-1,-1,-1,-1,-1,-1,-1,-1,-7.13,-6.05,-12.43,-10.28,-20.59,,,0,0,12.7,0,0,0,-22.89,-31.97,NA,NA,NA,-22.89,-16.01,NA,NA,NA,NA,0.75,NA,NA,NA,0.75,2.62,NA,NA,NA,NA,-29.27,-51.94,0,0,0,0.903069,15,-22.76,-1.22,,,,,-29.27,-18.36,98.98,-9.66,5.87,0.945323,5
26-11-2025,NSE:NILKAMAL,EQ,2224.95,1406.3,3857,54.24099,1.92,1.9,7.98,L,-1.03,-5.03,-6.83,-6.77,-7.67,-11.4,-11.65,-27.36,-14.68,-29.01,-25.89,-1,-1,-1,-1,-1,-1,-1,-1,-1,-1,-1,-3.64,-1.81,-5.35,-3.18,-8.26,-6.01,-13.46,0,0,0,0,0,0,-9.05,-11.27,-22.22,-28.4,-31.15,-9.05,-16.25,-13.15,-9.55,-21.05,-11.18,0,0,0,0,0,0.19,3.49,18.05,0,6.36,-8.15,-15.42,-32.11,-28.64,-37.92,0.902838,15,-6.92,-15.73,-3.92,-5.13,,,-8.15,-7.01,-15.09,0.3,-6.62,0.966574,19
26-11-2025,NSE:VENKEYS,EQ,1904.61,1337.8,30241,404.5641,3.12,3.09,5.07,M,-0.19,-1.2,0.4,-14.96,-9.05,-10.93,-11.83,-20.31,-22.39,-26.26,-21.21,-1,-1,-1,-1,-1,-1,-1,-1,-1,-1,-1,-1.05,-2.34,-3.32,-4.77,-7.72,-8.14,-14.67,0,0,0,0,0,0,-13.56,-13.56,-18.69,-29.87,-46.85,-13.56,-5.62,-14.23,-36.06,-34.95,-32.9,0.66,0.66,0.66,0.66,0.66,4.3,6.96,4.19,6.37,9.73,-9.53,-15.6,-25.06,-36.35,-35.17,0.901715,15,-7.93,-5.62,-9.84,-29.35,,,-9.53,-5.86,-8.6,-11.39,2.71,0.965957,18
26-11-2025,NSE:E2E,EQ,5190.84,2345.7,120887,2835.64636,4.85,4.69,5.2,L,0.86,-10.99,-24.29,-32.72,-35.39,-37.21,-0.72,-22.09,14.67,-90.73,64.66,-1,-1,HVQ,-1,-1,-1,-1,-1,-1,-1,-1,-7.43,-7.71,-14.06,-12.77,-23.79,17.51,-7.62,0,0,28.57,0,0,11.11,-24.8,-37.34,-37.34,-49.79,-56.49,-24.8,-15.16,-21.21,-46.88,-62.87,-17.01,3.33,15.72,34.71,194.59,0.86,56.67,35.68,64.47,151.39,461.86,-35.87,-4.49,-26.84,0.71,-99.64,0.901654,15,-24.8,48.43,12.41,14.33,,,-35.87,22.3,-22.24,20.45,-117.63,0.980511,36
26-11-2025,NSE:MTNL,EQ,1125.92,38.4,1339599,514.40602,2.57,2.55,6.11,L,1.16,-3.05,-6.54,-9.01,-9.95,-12.76,-18.62,-24.45,-21.95,-10.73,13.54,-1,-1,-1,HV2Q,HV2Q,HVQ,-1,-1,-1,-1,-1,-2.3,-2.41,-4.6,-4.51,-8.71,-7.42,-15.02,0,0,0,0,0,0,-9.67,-15.1,-29.42,-34.43,-60.44,-9.67,-12.77,-16.28,-25.54,-51.76,-56.2,1.16,1.16,1.16,19.44,1.16,1.73,16.74,22.48,45.66,32.26,-10.43,-22.39,-29.2,-35.91,-19.64,0.900584,15,-8.83,-11.25,-4.57,-25.54,,,-10.43,-11.2,-5.94,-7.65,15.07,0.974146,28
26-11-2025,NSE:OSWALGREEN,EQ,931.7,34.66,368113,127.58797,2.73,2.69,6.9,3L,0.03,-2.77,-5.86,-11.14,-8.92,-15.41,-20.83,-18.21,-6.81,-37.94,13.59,-1,-1,HVY,HV2Q,HVQ,-1,-1,-1,-1,-1,-1,-2.25,-2.5,-4.63,-5.25,-9.39,-6.35,-14.79,0,0,0,0,0,0,-10.02,-15.85,-28.55,-37.21,-47.73,-10.02,-16.94,-13.67,-38.21,-44.17,-27.9,0.03,0.03,5.67,21.61,0.03,0.69,27.68,24.91,29.89,67.75,-9.4,-24.6,-22.96,-20.77,-46.85,0.900272,15,-7.28,-14.71,7.52,-18.61,,,-9.4,-14.25,1.15,-0.02,-23.28,0.961236,14
26-11-2025,NSE:HGINFRA,EQ,5768.3,888.05,112085,995.37084,2.61,2.64,4.46,2L,1.71,2.15,-2.17,-2.03,-2.91,-9.81,-12.27,-25.26,-18.6,-44.09,-0.21,-1,-1,-1,-1,-1,-1,-1,-1,-1,-1,-1,0.89,-1.34,-0.45,-4.04,-4.31,-11.66,-14.31,0,0,0,0,0,0,-4.27,-14.08,-21.52,-41.84,-51.3,-4.27,-13.97,-20.48,-30.78,-42.24,-29.83,3.24,3.24,3.24,3.24,3.24,0.27,3.53,15.35,20.24,46.08,-3.39,-16.04,-30.01,-32.56,-53,0.900228,15,-2.66,-13.97,-7.52,-30.33,,,-3.39,-12.41,-12.59,-4.34,-15.62,0.958092,11
26-11-2025,NSE:PRAKASH,EQ,2567.14,137.78,713723,983.36755,3.05,3.04,10.82,2L,4.53,-0.57,-14.01,-21.1,-18.6,-22.61,-18.04,-24.32,-5.94,-16.81,-8.47,-1,-1,-1,HV2Q,HVQ,-1,-1,-1,-1,-1,-1,-1.83,-5.07,-6.57,-7.87,-13.39,-2.11,-15.17,0,0,0,0,0,0,-17.84,-20.38,-26.7,-26.7,-40.46,-17.84,-13.07,-13.48,-25.98,-36.92,-30.45,4.53,4.53,4.53,4.53,4.53,4.41,17.37,23.61,11.17,22.57,-19.08,-21.81,-29.07,-19.9,-25.72,0.900206,15,-14.25,-7.49,4.47,-16.07,,,-19.08,-2.84,-6.34,5.12,-4.39,0.97407,27
26-11-2025,NSE:BEPL,EQ,2373.61,91.7,276846,253.86778,1.7,1.69,7.85,2L,0.54,-1.66,-4.77,-6.7,-9.74,-13.7,-16.71,-23.18,-11.48,-29.5,5.02,-1,-1,-1,-1,-1,-1,-1,-1,-1,-1,-1,-1.46,-2.09,-3.47,-4.29,-7.44,-8.68,-14.84,0,0,0,0,0,0,-9.88,-14.47,-23.81,-39.59,-46.84,-9.88,-12.88,-11.08,-34.52,-40.74,-31.16,1.48,1.48,1.48,7.25,1.48,4.64,8.77,14.81,24.07,44.11,-10.22,-20.48,-27.93,-25.44,-38.41,0.900187,15,-7.97,-8.02,0.52,-31.29,,,-10.22,-9.66,-6.57,-0.16,-10.29,0.964993,17
26-11-2025,NSE:GVKPIL,BE,490.95,3.26,685457,22.3459,2.54,2.71,3.21,2L,1.87,8.9,1.84,-0.61,-7.36,-12.58,-0.92,-26.38,-23.31,-56.75,-212.88,-1,-1,-1,-1,-1,-1,-1,-1,-1,-1,-1,3.19,-1.79,1.37,-6.68,-4.98,-8.39,-12.34,0,0,0,0,0,0,-7.39,-18.3,-27.23,-36.82,-72.14,-7.39,-12.28,-26.56,-44.47,-67.58,-58.79,9.76,9.76,9.76,9.76,9.76,11.11,6.13,32.9,0,10.61,-7.84,-4.69,-31.13,-37.27,-65.66,0.900072,15,-7.39,-10.49,-18.56,-18.74,,,-7.84,2.69,-26.25,-7.23,-21.24,0.957442,11
26-11-2025,NSE:JINDRILL,EQ,1680.76,568.35,79488,451.77005,2.88,2.88,9.26,,-0.11,-3.46,1.35,-2.82,-0.79,-5.58,-9.21,-19.97,-48.95,-29.05,-7.59,-1,-1,-1,-1,HV2Y,HVQ,-1,-1,-1,-1,-1,-1.03,0,-1.02,-1.09,-2.09,-16.39,-15.88,0,0,0,0,0,0,-3.66,-9.57,-15.63,-41.47,-41.47,-3.66,-11.4,-35.24,-29.78,-12.82,-9.86,3.87,3.87,3.87,3.87,3.26,4.7,4.39,16.4,56.59,35.67,-1.27,-12.98,-24.72,-62.91,-37.96,0.900017,15,0.7,-8.33,-30.66,1.15,,,-1.27,-11.66,-10.87,-33.81,19.23,0.965471,18
26-11-2025,NSE:KSOLVES,EQ,738.04,302.95,37599,113.90617,2.37,2.34,7.06,2L,0.65,-2.34,-3.53,-3.81,-4.8,-4.52,-7.82,-4.27,-42.12,-57.63,-94.92,-1,-1,-1,HVQ,HV2Y,-1,-1,-1,-1,-1,-1,-1.26,-1.25,-2.48,-2,-4.39,-13.09,-15.46,0,0,0,0,0,0,-4.72,-8.96,-22.6,-41.44,-50.34,-4.72,-4.71,-32.34,-41.03,-31.92,-24.49,1,1,1,1,1,4.2,7.2,0,0,0.51,-5.28,-11.59,-9.02,-56.08,-66.54,0.900009,15,-4.21,-4.71,-26.42,-39.31,,,-5.28,-6.19,2.27,-45.95,-5.04,0.952606,8
26-11-2025,NSE:ZIMLAB,EQ,356.75,70.81,207152,146.68433,5.08,5.28,6.44,,-1.57,-3.94,-8.47,-2.9,2.22,-5.25,-8.11,-28.12,-35.05,-45.54,-42.78,-1,HVY,-1,HVY,-1,HV2Q,-1,-1,-1,-1,-1,-2.59,-0.07,-2.66,0.36,-2.31,-21.29,-19.46,0,0,0,0,0,0,-14.28,-14.28,-41.39,-42.94,-43.08,-14.28,-39.01,-36.64,-26.89,-23.13,-17.15,4.36,4.36,4.36,4.36,2.73,2.05,6.04,12.65,3.44,11.48,1.74,-11.88,-32.87,-49.01,-54.45,0.899829,15,2.73,-39.01,-19.56,-22.86,,,1.74,-13.87,-19.53,-15.07,-1.9,0.956821,10
26-11-2025,NSE:NELCAST,EQ,963.54,108.68,125167,136.0315,4.11,4.21,9.37,3L,1.99,-2.12,-2.1,-4.49,-14.53,-33.88,-49.94,-24.53,5.6,-3.6,-20.12,-1,-1,-1,HV2Y,HV2Q,HVQ,-1,-1,-1,-1,-1,-0.7,-2.72,-3.33,-8.42,-10.83,-1.14,-11.83,0,0,0,0,0,0,-15.05,-31.35,-37.56,-37.56,-37.56,-15.05,-28.49,-6.37,-10.53,-37.27,-31.16,2.38,2.38,36.93,36.93,2.38,15.9,105.32,70.52,1.71,5.19,-15.01,-53.71,-29.28,-8.36,-12.51,0.899617,15,-15.05,-21.26,54.11,-6.31,,,-15.01,-34.23,15.93,14.54,-3.88,0.98295,39
26-11-2025,NSE:ACI,EQ,7472.93,517.75,149517,774.12427,3.07,3.09,10.23,,-2.58,-8.89,-22.54,-25.49,-24.98,-36.74,-32.34,-21.72,14.93,-28.06,-15.23,-1,-1,-1,EEP,-1,EEP,-1,-1,-1,-1,-1,-7.95,-5.54,-12.78,-8.73,-19.79,4.28,-16.21,0,0,28.57,0,0,17.46,-21.74,-27.65,-27.65,-27.79,-36.94,-21.74,-9.57,-2.37,-23.24,-46.35,-19.24,0,0,24.1,24.1,0,4.29,64.24,51.05,3.73,12.69,-25.46,-36.11,-26.47,0.97,-36.97,0.899533,14,-20.06,-4.5,64.24,-23.24,,,-25.46,-9.2,7.01,20.45,-44.67,0.977479,32
26-11-2025,NSE:WALCHANNAG,EQ,1132.7,161.68,228282,369.08634,4.92,4.86,3.34,L,3.70,2.01,-1.59,-7.01,-4.56,-24.05,-13.55,-32.03,-10.27,-43.56,-22.77,-1,HVQ,HVQ,HVQ,HVQ,-1,-1,-1,-1,-1,-1,1.86,-3.3,-1.4,-9.74,-10.15,-7.4,-16.34,0,0,0,0,0,0,-8.95,-25.88,-39.17,-44.62,-61.4,-8.95,-22.5,-30.93,-43.03,-57.44,-44.59,9.54,9.54,10.59,10.59,9.54,2.97,25.57,46.01,0,25.32,-5.04,-17.32,-36.78,-24.23,-52.47,0.899271,14,-3.48,-17.7,1.38,-43.03,,,-5.04,-11.91,-17.3,6.82,-24.31,0.961719,15
26-11-2025,NSE:MBLINFRA,EQ,610.12,37.69,144345,54.40363,5.06,4.93,3.03,L,9.09,-0.56,-9.53,-8.84,-12.52,-17.94,-13.08,-14.96,-12.18,-44.92,-20.59,-1,-1,-1,-1,HV2Q,HVQ,-1,-1,-1,-1,-1,0.2,-3.58,-3.26,-7.07,-9.65,-2.32,-11.7,0,0,0,0,0,0,-10.71,-23.19,-23.19,-44.23,-52.82,-10.71,-13.57,-22.54,-42.03,-47.07,-31.62,9.09,9.09,12.21,12.21,9.09,7.15,26.88,29,7.99,39.51,-13,-16.85,-19.71,-26.14,-53.83,0.899261,14,-10.71,-0.73,-3.53,-39.27,,,-13,-3.81,-2.69,-7.24,-23.32,0.958736,12
26-11-2025,NSE:EMUDHRA,EQ,5005.97,616.3,84480,520.65024,2.23,2.2,5.93,2L,0.65,0.1,-1.26,-3.65,-4.88,-7.13,-20.18,-20.21,-11.67,-41.29,4.92,-1,-1,-1,-1,-1,-1,-1,-1,-1,-1,-1,-0.22,-1.37,-1.56,-3.69,-5.06,-14.11,-16.8,0,0,0,0,0,0,-5.58,-15.98,-25.84,-37.78,-37.78,-5.58,-21.77,-16.16,-25.2,-30.51,-8.68,1.55,1.55,1.55,2.53,1.55,2.23,8.65,10.24,17.93,49.2,-5.36,-23.95,-24.96,-25.63,-50.2,0.899182,14,-5.58,-21.77,8.65,-4.22,,,-5.36,-17.9,-1.04,-2.56,-20.65,0.958685,12
26-11-2025,NSE:TPLPLASTEH,EQ,541.26,67.51,91686,61.89722,4.58,4.54,7.23,,-1.66,-4.38,-6.32,-3.9,-0.95,-9.63,-16.26,-23.64,-21.86,-40.44,17.94,-1,HVY,-1,-1,-1,-1,-1,-1,-1,-1,-1,-2.69,-0.81,-3.48,-1.8,-5.18,-9.21,-13.18,0,0,0,0,0,0,-8.7,-12.69,-21.68,-39.47,-48.02,-8.7,-15.18,-13.28,-29.41,-36.66,-27,0.28,0.28,0.28,22.08,0.28,1.19,13.03,20.2,55.67,79.39,-1.43,-20.03,-28.39,-35.82,-49.35,0.899088,14,-4.9,-11.59,-6.77,-29.41,,,-1.43,-18.48,-7.36,-8.22,-9.37,0.957972,11
26-11-2025,NSE:THERMAX,EQ,35824.34,2933,97431,2857.65123,2.29,2.36,5.28,3L,1.74,0.38,-4.37,-11.55,-13,-13.1,-11.54,-17.68,-9.5,-48.95,-18.79,-1,-1,-1,HVY,-1,-1,-1,-1,-1,-1,-1,-0.84,-2.66,-3.4,-4.19,-7.29,-5.92,-12.47,0,0,0,0,0,0,-10.35,-12.86,-25.64,-40.2,-48.24,-10.35,-15.89,-17.06,-36.45,-43.32,-22.9,2.29,2.29,2.29,2.29,2.29,6.66,6.48,14.62,6.65,25.39,-13.48,-15.31,-22.43,-23.46,-57.86,0.899071,14,-9.89,-11.36,-2.04,-24.45,,,-13.48,-2.02,-6.53,-2.71,-30.15,0.958828,12
26-11-2025,NSE:PILITA,EQ,278,11.62,129807,15.08357,4.43,4.42,4.96,M,1.22,-0.52,-2.84,-3.61,-6.88,-20.57,-21.86,-37.69,-11.1,-14.72,-4.13,-1,-1,-1,HVQ,-1,HVQ,-1,-1,-1,-1,-1,-0.54,-1.86,-2.36,-6.86,-8.62,-12.53,-18.8,0,0,0,0,0,0,-6.74,-23.5,-39.48,-39.48,-39.48,-6.74,-18.24,-26.25,-3.85,-22.42,-19.89,2.74,2.74,2.74,2.74,1.22,9.81,18.1,33.44,13.74,17.44,-7.36,-25.63,-42.44,-25.06,-23.63,0.898985,14,-5.45,-14.93,10.45,23.74,,,-7.36,-17.32,-14.01,9.65,2.62,0.974403,28
26-11-2025,NSE:SUBEXLTD,EQ,730.6,12.42,1664512,206.73239,4.26,4.17,4.59,L,3.76,-5.39,-4.75,-3.86,-5.56,-0.24,-5.48,-14.25,-19.16,-86.88,-151.21,-1,-1,HVQ,-1,HVQ,-1,-1,-1,-1,-1,-1,-1.07,-1.34,-2.38,-0.75,-3.11,-5.11,-7.82,0,0,0,0,0,0,-8.41,-12.35,-25.67,-53.26,-65.34,-8.41,-7.48,-21.6,-54.27,-60.05,-37.35,5.34,5.34,12.4,12.4,3.76,11.2,18.55,28.42,0,4.41,-6.04,-9.25,-19,-33.12,-95.79,0.898861,14,-4.46,-3.67,-17.77,-54.27,,,-6.04,-3.23,-9.34,-13.96,-50.95,0.945626,6
26-11-2025,NSE:HFCL,EQ,11022.02,71.72,14732803,10566.36631,3.03,3,2.71,2L,1.43,-2.89,-7.17,-7.32,-7.15,-5.51,-3.51,-21.75,-16.54,-77.55,-25.63,-1,-1,-1,-1,HVQ,EEP,-1,-1,-1,-1,-1,-1.72,-1.53,-3.2,-1.43,-4.56,-6.59,-10.46,0,0,0,0,0,0,-8.4,-8.4,-22.04,-46.29,-55.68,-8.4,-2.31,-19.3,-46.04,-48.35,-21.3,2.88,2.88,2.88,2.88,1.43,10.24,4.43,17.78,0.16,52.59,-7.63,-7.28,-26.5,-30.5,-86.46,0.898401,14,-5.21,1.2,-16.4,-40.03,,,-7.63,0.09,-18.64,-5.38,-46.49,0.950643,7
26-11-2025,NSE:PDMJEPAPER,EQ,999.35,102.23,103343,105.64755,3.64,3.62,4.36,3L,0.77,-0.31,-4.46,-14.63,-13.9,-21.1,-40.32,0.42,-6.98,-29.34,34.46,-1,-1,HV2Q,HV2Q,-1,HVQ,-1,-1,-1,-1,-1,-1.55,-3.81,-5.16,-8.12,-12.28,1.21,-11.21,0,0,9.52,0,0,0,-13.37,-25.87,-28.73,-55.15,-55.15,-13.37,-18.83,0,-55.34,-52.02,-9,2.28,2.48,7.37,62.66,2.28,0.31,50.67,6.92,97.24,138.45,-14.38,-44.09,-4.33,-20.94,-38.25,0.898272,14,-11.79,-3.01,25.82,-12.27,,,-14.38,-26.51,28.01,-17.1,-15.02,0.967365,20
26-11-2025,NSE:KOKUYOCMLN,EQ,980.17,94.39,42232,39.86278,2.91,2.88,8.83,2L,-0.25,-2.95,-6.81,-10.95,-8.41,-19.01,-22.76,-17.29,-4.66,-46.94,-19.4,-1,-1,-1,HV2Q,-1,-1,-1,-1,-1,-1,-1,-2.58,-2.32,-4.79,-5.38,-9.65,-6.05,-14.8,0,0,0,0,0,0,-9.87,-20.51,-29.51,-34.56,-57.28,-9.87,-13.82,-13.47,-49.89,-55.29,-37.23,0,0,0,0,0,1.73,18.57,13.29,0,24.95,-8.89,-26.53,-22.04,-18.62,-55.85,0.898175,14,-7,-10.03,16.42,-39.98,,,-8.89,-16.54,3.43,1.11,-34.53,0.958224,11
26-11-2025,NSE:INNOVACAP,EQ,4165.69,733.15,26770,196.26426,4.23,4.17,7.09,,1.66,0.65,3.16,-12.72,-9.56,-16.12,-27.5,-17.77,-5.29,-32.14,34.65,-1,-1,-1,HVQ,-1,-1,-1,-1,-1,-1,-1,-0.65,-2.6,-3.17,-6.49,-9.07,-6.36,-14.5,0,0,9.52,0,0,1.59,-12.2,-21.29,-22.45,-40.88,-40.88,-12.2,-14.07,-1.13,-30.37,-37.75,-2,3.28,3.28,6.72,63.09,3.28,0.72,36.06,32.62,71.72,115.49,-10.04,-31.27,-22.52,-19.25,-41.05,0.898098,14,-9.47,-11.27,14.89,27.68,,,-10.04,-19.68,6.61,0.93,-19.62,0.963286,16
26-11-2025,NSE:ARROWGREEN,EQ,873.59,542.55,72656,394.19513,3.9,3.83,7.54,2M,1.54,-4.19,-5.48,-8.08,-17.06,-2.94,-11.53,-11.34,-4.29,-67.2,26.5,-1,-1,HV2Y,HVQ,-1,-1,-1,-1,-1,-1,-1,-2.09,-1.97,-3.97,-0.69,-4.63,-6.55,-10.5,0,0,0,0,0,0,-14.32,-16.12,-32.07,-38.99,-50.03,-14.32,-20.48,-24.24,-44.37,-47.89,-16.46,3.73,3.73,10.51,40.72,1.97,21.42,23.25,23.04,62.33,160.26,-17.54,-15.3,-16.09,-18.25,-76.11,0.898022,14,-14.32,-16.39,6.76,-27.53,,,-17.54,1.41,-0.85,-3.33,-54.46,0.955334,9
26-11-2025,NSE:DCW,EQ,2082.32,63.02,1243659,783.7539,4.73,4.7,3.48,,-1.52,-7.27,-9.76,-7.55,-0.51,-15.6,-20.95,-22.36,-13.06,-51.33,19.47,-1,HVY,-1,-1,-1,-1,-1,-1,-1,-1,-1,-4.14,-1.01,-5.1,-2.25,-7.19,-10.94,-16.34,0,0,0,0,0,0,-11.53,-18.08,-25.81,-40.12,-42.85,-11.53,-21.4,-13.97,-30.08,-35.39,-13.52,0.32,0.32,0.32,27.44,0.32,0.33,7.07,8.32,49.06,99.52,-0.99,-24.72,-27.11,-27.02,-60.24,0.897992,14,0.25,-19.9,0.71,-7.11,,,-0.99,-23.64,-2.19,-2.06,-27.98,0.954974,9
26-11-2025,NSE:KAMDHENU,EQ,768.69,26.14,1068420,279.28499,3.21,3.17,4.42,3L,0.85,-2.41,-7.38,-5.13,-4.78,-7.08,-6.12,-18.44,-20.31,-77.35,-110.79,-1,HVQ,-1,-1,HVQ,HVQ,-1,-1,-1,-1,-1,-1.9,-1.55,-3.4,-2.42,-5.68,-7.83,-12.53,0,0,0,0,0,0,-9.99,-11.36,-23.12,-49.74,-59.35,-9.99,-9.84,-22.3,-51.85,-51.86,-29.03,0.85,0.85,1.95,1.95,0.85,3.79,8.19,20.75,0,4.53,-5.26,-9.89,-23.19,-34.27,-86.26,0.897792,14,-4.04,-8.24,-16.04,-35.69,,,-5.26,-4.59,-12.63,-11.24,-41.54,0.947723,6
26-11-2025,NSE:NETWORK18,EQ,7245.86,45.14,3143991,1419.19754,2.7,2.69,5.2,3L,1.35,-1.57,-4.81,-7.62,-5.78,-19.34,-22.35,-10.9,-1.11,-86.75,-96.83,-1,-1,-1,HV2Y,HVQ,-1,-1,-1,-1,-1,-1,-1.15,-2.46,-3.52,-6.64,-9.53,-1.36,-10.74,0,0,0,0,0,0,-7.86,-19.71,-28.51,-43.94,-54.82,-7.86,-19.52,-12.53,-49.9,-56.74,-20.09,1.35,1.35,11.37,11.37,1.35,0,36.27,23.51,0,13.92,-6.26,-26.12,-15.65,-15.07,-95.66,0.897748,14,-7.04,-17.24,17.69,-49.9,,,-6.26,-18.97,8.34,-0.83,-78.84,0.94893,7
26-11-2025,NSE:TIPSMUSIC,EQ,6327.66,532.05,308593,1641.86906,3.01,2.96,4.5,,4.27,6.93,8.47,1.08,-0.65,-9.49,-10.2,-25.54,-21.14,-62.06,15.4,-1,-1,EEP,-1,-1,HVQ,-1,-1,-1,-1,-1,5.09,-0.65,4.41,-5.71,-1.22,-13.76,-13.17,0,0,0,0,0,0,0,-12.65,-24.46,-40.98,-43.23,0,-12.15,-16.76,-28.73,-31.23,-8,9.84,9.84,9.84,43.45,9.84,6.75,1.92,15.11,73.77,132.48,-1.13,-13.97,-30.29,-35.1,-70.97,0.897656,14,1.27,-12.02,-11.68,-7.01,,,-1.13,-12.8,-14.95,-6.15,-27.92,0.95146,8
26-11-2025,NSE:GOACARBON,EQ,397.16,405.9,25855,104.94545,2.66,2.64,4.49,3L,0.28,-6.12,-6.95,-6.61,-8.86,-10.29,-12.56,-21.27,-10,-56.78,-77.2,-1,-1,-1,-1,HVQ,HVQ,-1,-1,-1,-1,-1,-2.98,-1.86,-4.75,-3.25,-7.75,-5.79,-12.8,0,0,0,0,0,0,-11.29,-14.49,-19.94,-48.84,-58.66,-11.29,-9.39,-10.85,-42.37,-54.53,-35.2,0.28,0.28,0.28,0.28,0.28,1.91,12.7,21.42,0,0,-9.34,-16.33,-26.02,-23.96,-65.69,0.897242,14,-11.29,-7.47,-1.75,-31.12,,,-9.34,-6.72,-8.76,-0.37,-36.65,0.955523,10
26-11-2025,NSE:GANDHAR,EQ,1408.49,131.39,154353,202.80441,2.88,3.04,5.66,S,0.23,-5.48,-7.65,-1.63,-4.14,-9.75,-15.27,-25.38,-11.44,-55.99,-66.64,-1,-1,-1,-1,HVQ,-1,-1,-1,-1,-1,-1,-2.99,-0.92,-3.88,-1.84,-5.61,-9.47,-13.78,0,0,0,0,0,0,-11.49,-12.13,-28.13,-45.52,-46.28,-11.49,-18.28,-17.16,-32.65,-40.14,-16.21,1.27,1.27,1.27,1.27,1.27,0.93,15.24,25.35,0,8.07,-4.62,-19.04,-30.13,-25.4,-64.9,0.896708,14,-3.33,-18.28,0.44,-24.95,,,-4.62,-13.99,-9.8,1.46,-34.1,0.954945,9
26-11-2025,NSE:WSTCSTPAPR,EQ,2816.33,416.6,61099,254.53843,1.94,1.92,11.11,3L,-0.12,-2.93,-4.63,-8.08,-9.11,-15.41,-32.08,-18.16,-3.86,-31.1,-46.74,-1,-1,EEP,EEP,-1,EEP,-1,-1,-1,-1,-1,-1.85,-2.47,-4.22,-5.29,-9.03,-3.71,-12.29,0,0,0,0,0,0,-8.77,-19.9,-26.02,-34.1,-43.6,-8.77,-17.39,-2.29,-22.83,-41.42,-26.07,0.39,0.39,6.49,6.49,0.39,0.85,40.66,25.83,0,2.06,-9.59,-35.85,-22.91,-17.82,-40.01,0.896562,14,-8.27,-16.2,23.93,-19.76,,,-9.59,-24.36,9.52,2.44,-20.35,0.964007,16
26-11-2025,NSE:UNITECH,EQ,1746.58,6.15,4081985,251.04208,3.01,2.98,3.45,L,0.16,-4.88,-12.03,-14.15,-15.77,-15.61,-17.07,-3.9,-19.67,-42.6,-52.03,-1,-1,-1,-1,-1,-1,-1,-1,-1,-1,-1,-3.59,-3.65,-6.99,-5.95,-12.22,-2.02,-13.95,0,0,0,0,0,0,-15.06,-19.61,-38.62,-46.19,-54.28,-15.06,-6.93,-28.14,-51.15,-45.28,-34.8,1.32,1.32,8.85,8.85,1.32,4.55,27.43,13.1,0,3.79,-16.25,-20.84,-8.65,-33.63,-51.51,0.896518,13,-12.77,-3.65,-3.87,-36.1,,,-16.25,-4.43,10.23,-24.84,-13.29,0.958554,11
26-11-2025,NSE:TMPV,EQ,137231.32,359.25,19101468,68622.02379,2.19,2.33,6.06,2L,1.93,-0.45,-11.94,-13.15,-14.14,-14.77,-15.42,-20.4,-14.68,-30.05,-58.95,-1,-1,-1,-1,-1,-1,-1,-1,-1,-1,-1,-2.54,-3.61,-5.94,-5.62,-10.94,-1.24,-12.04,0,0,0,0,0,0,-13.85,-17.3,-19.19,-27.15,-48.78,-13.85,-5.6,-6.74,-36.13,-41.27,-33.4,1.93,1.93,2.64,2.64,1.93,7.18,18.46,23.58,0.69,0.25,-14.62,-19.19,-25.15,-28.64,-38.96,0.896324,13,-12.7,-1.19,0.85,-32.94,,,-14.62,-4.43,-5.34,-4.91,-7.53,0.96442,17
26-11-2025,NSE:ACE,EQ,11753.51,974.3,170537,1661.54199,2.11,2.19,4.66,2L,0.52,0.2,-2.44,-12.63,-14.36,-16.81,-10.9,-33.57,-14.9,-23.51,-27.38,-1,-1,HV2Y,HV2Y,-1,-1,-1,-1,-1,-1,-1,-0.74,-2.79,-3.43,-5.81,-8.73,-7.41,-15.03,0,0,0,0,0,0,-12.38,-15.67,-23.05,-37.54,-39.35,-12.38,-3.57,-20.27,-16.57,-30.31,-25.09,1.45,4.49,4.49,4.49,1.45,19.5,15.88,26.78,3.8,11.58,-14.84,-14.67,-38.32,-28.86,-32.42,0.896267,13,-10.01,1.07,-9.42,-1.54,,,-14.84,-0.29,-21.46,4.32,-1.62,0.971671,25
26-11-2025,NSE:ARVSMART,EQ,2752.02,575.85,48460,279.05691,2.58,2.57,8.37,3L,-0.65,-2.63,-5.5,-7.19,-8.35,-11.26,-8.08,-21.22,-16.7,-62.72,-3.74,-1,-1,-1,-1,-1,-1,-1,-1,-1,-1,-1,-2.38,-1.88,-4.18,-3.41,-7.34,-5.69,-12.33,0,0,0,0,0,0,-9.78,-13.15,-20.09,-42.81,-42.81,-9.78,-5.9,-15.7,-30.67,-33.26,-2.11,0,0,0,5.65,0,7.08,6.81,12.9,23.29,71.91,-8.83,-11.85,-25.97,-30.66,-71.63,0.896136,13,-7.92,-0.16,-6.87,-3.12,,,-8.83,-3.06,-13.17,-5.93,-33.56,0.952906,8
26-11-2025,NSE:FINCABLES,EQ,12124.27,756.4,238374,1803.06094,2.28,2.31,6.51,,0.40,-2.55,-4.23,-4.1,-5.04,-9.31,-10.95,-30.68,-18.52,-45.1,-16.07,-1,-1,-1,-1,HV2Y,EEP,-1,-1,-1,-1,-1,-1.31,-1.33,-2.6,-2.88,-5.33,-9.76,-13.74,0,0,0,0,0,0,-5.06,-11.97,-23.72,-43.17,-54.61,-5.06,-12.52,-15.36,-35.25,-46.2,-34.14,1.14,1.14,1.14,1.14,1.14,1.48,6.89,25.89,6.88,30.84,-5.52,-14.72,-35.43,-32.48,-54.01,0.89601,13,-3.7,-11.57,-9.62,-32.06,,,-5.52,-8.94,-18.8,-0.36,-16.55,0.958839,12
26-11-2025,NSE:WESTLIFE,EQ,8463.91,566.6,225816,1279.47346,3.76,3.69,9.03,2L,0.59,0.84,2.83,-3.29,-3.68,-23.64,-25.06,-19.57,-24.99,-24.15,-30.65,-1,-1,-1,HV2Q,-1,-1,-1,-1,-1,-1,-1,1.24,-2.11,-0.85,-9.22,-9.22,-11.76,-18.77,0,0,0,0,0,0,-5.68,-25.02,-29.86,-35.66,-40,-5.68,-23.48,-12.29,-28.26,-25.01,-25.51,4.33,4.33,4.33,4.33,4.33,0,7.55,1.26,1.19,0.51,-4.16,-28.83,-24.32,-38.95,-33.06,0.895976,13,-3.5,-23.48,-3.63,-19.99,,,-4.16,-23.93,3.37,-14.19,6.54,0.964329,17
26-11-2025,NSE:JISLJALEQS,EQ,3437.99,45.82,2316273,1061.31629,3.66,3.61,3.29,3L,-0.39,-1.77,-4.78,-8.77,-7.42,-17.77,-5.52,-24.99,-34,-39.11,-16.22,-1,-1,-1,HVQ,HVQ,HV2Q,-1,-1,-1,-1,-1,-1.68,-2.61,-4.17,-6.12,-9.7,-8.36,-16.67,0,0,0,0,0,0,-13.32,-20.02,-29.41,-43.75,-44.01,-13.32,-14.09,-25.51,-29.7,-24.98,-22.12,2.62,2.62,2.62,2.62,2.62,7,5.11,18.6,37.82,43.08,-7.9,-9.29,-29.74,-47.96,-48.02,0.895915,13,-6.83,-6,-24.41,-14.09,,,-7.9,-1.54,-19.47,-16.87,2.06,0.960793,14
26-11-2025,NSE:KROSS,EQ,1096.66,158.76,544837,864.98322,3.01,3.14,8.35,2M,-1.18,-3.6,-13.52,-13.89,-16.38,-38.54,-28.09,-10.13,-2.76,-37.99,NA,-1,-1,HV2Y,HVQ,-1,-1,-1,-1,-1,-1,-1,-4.44,-3.8,-7.93,-9.23,-15.71,2.99,-13.12,0,0,22.22,0,0,9.52,-14.01,-30.9,-30.9,-34.39,NA,-14.01,-19.58,-1.01,-32.7,-37.21,NA,0,0,2.66,NA,0,15.82,31.49,13.06,1.12,NA,-16.86,-31.86,-14.88,-16.72,-46.9,0.895823,13,-13.12,-0.94,18.11,,,,-16.86,-13.37,13,-2.97,-28.42,0.96181,15
26-11-2025,NSE:AVADHSUGAR,EQ,745.79,384,25170,96.6528,3.06,3.02,7.51,M,0.76,-0.08,1.2,-10.36,-6.87,-12.53,-12.72,-38.41,-8.52,-43.67,-43.28,-1,-1,-1,-1,HV2Q,-1,-1,-1,-1,-1,-1,-0.18,-2.6,-2.71,-5.85,-8.08,-10.14,-16.54,0,0,0,0,0,0,-12.23,-15.82,-30.22,-37.9,-52.88,-12.23,-12.13,-24.27,-34.78,-48.87,-32.3,2.7,2.7,4.4,4.4,2.7,0,17.69,44.51,6.74,8.57,-7.35,-16.49,-43.16,-22.48,-52.58,0.895782,13,-8.84,-11.62,0.76,-26.33,,,-7.35,-8.78,-23.81,11.94,-26.53,0.964396,17
26-11-2025,NSE:AURIONPRO,EQ,6029.32,1105.2,191812,2119.90622,3.68,3.65,4.31,3L,3.37,-2.65,-1.41,-7.53,-3.83,-6.53,-20.05,-22.77,-16.08,-42.33,15.13,-1,-1,HVQ,HV2Y,HV2Q,-1,-1,-1,-1,-1,-1,0.46,-1.85,-1.36,-3.2,-4.42,-17.06,-18.35,0,0,0,0,0,0,-9.22,-16.6,-32.62,-40.72,-43.38,-9.22,-22.41,-19.57,-30.49,-34.28,-19.41,3.37,3.37,3.37,22.6,3.37,5.28,3.68,5.76,42.31,74.5,-4.31,-23.82,-27.52,-30.04,-51.24,0.895741,13,-6.83,-17.82,-1.54,-25.55,,,-4.31,-18.94,-3.28,-4.21,-16.75,0.957257,11
26-11-2025,NSE:INOXWIND,EQ,25301.4,136.75,7271363,9943.5889,3.06,3.01,4.26,2L,1.52,-2.14,-10.08,-13.18,-11.96,-5.53,-4.31,-38.82,-18.09,-36.02,15.52,-1,-1,-1,-1,EEP,EEP,-1,-1,-1,-1,-1,-2.46,-2.65,-4.98,-2.05,-6.89,-8.16,-13.91,0,0,0,0,0,0,-13.04,-13.04,-28.86,-33.52,-45.46,-13.04,-2.05,-25.79,-24.29,-35.59,-25.81,1.52,1.52,2.81,24.33,1.52,11.76,4.1,42.72,46.82,69.11,-12.44,-8.08,-43.57,-32.05,-44.93,0.895632,13,-10.8,-2.03,-14.62,-13.76,,,-12.44,3.52,-34.1,5.27,-9.32,0.96889,22
26-11-2025,NSE:ANDHRAPAP,EQ,1400.3,68.52,141766,97.13806,2.49,2.55,5.23,2L,0.68,-2.6,-5.01,-13.21,-13.79,-14.96,-19.37,-16.77,-12.13,-34.84,-46.21,-1,-1,HVY,HVY,-1,-1,-1,-1,-1,-1,-1,-1.94,-3.18,-4.96,-6.08,-10.4,-0.84,-11.15,0,0,0,0,0,0,-13.18,-19.68,-22.3,-35.18,-44.77,-13.18,-8.6,-7.25,-31.78,-38.08,-25.53,1.35,1.35,1.35,1.35,1.35,5.39,20.31,17.7,0,1.35,-14.27,-23.14,-21.52,-26.09,-43.75,0.895062,13,-12.12,0.8,4.98,-28.07,,,-14.27,-8.21,1.16,-5.69,-14.38,0.961389,14
26-11-2025,NSE:CHAMBLFERT,EQ,18806.54,442.15,834724,3690.73217,2.21,2.22,5.98,L,-1.02,-3.42,-5.53,-8.9,-10.11,-20.5,-25.68,-34.37,-21.45,-3,21.53,-1,-1,-1,-1,-1,EEP,-1,-1,-1,-1,-1,-2.85,-2.5,-5.22,-5.94,-10.53,-12.86,-20.73,0,0,0,0,0,0,-10.75,-22.4,-24.54,-39.15,-39.15,-10.75,-14.55,-23.53,-18.24,-3.74,-18.37,0.39,0.39,0.39,30.95,0.39,0.79,7.92,33.57,59.04,34.87,-10.59,-29.45,-39.12,-35.41,-11.91,0.89487,13,-9.28,-9.51,3.52,13.79,,,-10.59,-17.45,-7.93,-0.05,21.07,0.979365,35
26-11-2025,NSE:MOL,EQ,1836.15,68.65,496166,340.61796,3.09,3.03,4.49,3L,1.43,-1.37,-6.15,-13.04,-16.8,-23.66,-24.65,-17.98,-2.86,-34.41,-18.65,-1,-1,-1,-1,-1,-1,-1,-1,-1,-1,-1,-2.13,-3.95,-5.86,-8.15,-12.95,-2.13,-14.76,0,0,0,0,0,0,-16.1,-20.81,-32.69,-32.69,-40.04,-16.1,-20.42,-16.1,-29.26,-38.33,-19.41,1.63,1.63,12.47,12.47,1.63,1.21,40.19,32.68,0,25.03,-17.28,-28.42,-22.73,-16.82,-43.32,0.894273,13,-14.93,-14.83,18.93,-20.07,,,-17.28,-10.03,4.33,3.16,-24.81,0.96377,16
26-11-2025,NSE:ENTERO,EQ,4960.02,1050.1,124006,1302.18701,3.65,3.58,9.29,S,-0.92,-3.22,-8.03,-2.85,-5.51,-3.87,-16.68,-39.15,-19.5,-24.24,4.17,-1,-1,-1,-1,-1,-1,-1,-1,-1,-1,-1,-2.75,-1.22,-3.92,-1.17,-5.03,-9.97,-13.64,0,0,0,0,0,0,-8.46,-13.24,-21.75,-32.23,-32.23,-8.46,-15.17,-17.81,-5.7,-19.02,-15,0,0,0,6.45,0,3.67,9.57,29.9,27.2,32.25,-5.99,-20.45,-43.9,-33.46,-33.15,0.894,13,-5.56,-8.99,-2.77,14.08,,,-5.99,-13.9,-20.27,4.46,1.9,0.968265,21
26-11-2025,NSE:JWL,EQ,13123.36,291.95,1105895,3228.66045,2.49,2.47,3.76,L,1.02,-3.73,-6.29,-10.31,-10.84,-12.11,-15.14,-37.2,-2.57,-46.19,-17.33,-1,-1,-1,-1,-1,EEP,-1,-1,-1,-1,-1,-2.25,-2.67,-4.8,-5.28,-9.57,-7.42,-15.81,0,0,0,0,0,0,-11.27,-15.72,-28.78,-47.97,-60.01,-11.27,-8.25,-20.35,-30.42,-58.98,-41.53,1.74,1.74,2.84,2.84,1.74,2.99,18.4,41.09,0,38.35,-11.32,-18.91,-41.95,-16.53,-55.1,0.89367,13,-8.98,-8.25,4.46,-27.91,,,-11.32,-7.19,-20.18,15.58,-36.66,0.965596,18
26-11-2025,NSE:ADSL,EQ,962.09,161.73,728203,1177.72271,3.04,3,4.71,2L,0.76,-3.83,-6.95,-8.99,-13.16,-19.52,1.26,-22.61,-34.64,-55.72,15.07,-1,-1,HVY,EEP,-1,EEP,-1,-1,-1,-1,-1,-2.33,-2.72,-4.92,-6.46,-10.69,-3.55,-13.75,0,0,9.52,0,0,1.59,-10.75,-20.4,-26.57,-42.23,-47.72,-10.75,-9.93,-30.57,-35.9,-29.61,-18.59,2.78,3.86,3.86,23.46,0.85,17.53,2.55,14.04,69.52,96.07,-13.64,-2.51,-27.36,-48.6,-64.63,0.893523,13,-9.86,6.57,-30.57,-9.87,,,-13.64,9.44,-25.19,-19.47,-9.79,0.958188,11
26-11-2025,NSE:RUPA,EQ,1542.22,174.21,110799,193.02294,3.06,3.01,5.39,,0.63,-8.42,-14.34,-10.38,-12.61,-18.45,-13.75,-21.35,-17.94,-38.42,-40.55,-1,-1,-1,HV2Q,-1,-1,-1,-1,-1,-1,-1,-4.13,-3.19,-7.09,-4.76,-11.31,-2.74,-13.68,0,0,0,0,0,0,-13,-16.85,-24.16,-38.47,-50.61,-13,-9.43,-13.73,-40.06,-41.75,-31.63,1.52,1.52,1.52,1.52,1.52,3.77,13.39,20.96,0,2.75,-13.09,-17.52,-26.1,-31.9,-47.33,0.893324,13,-11.05,-8.6,-3.99,-39.97,,,-13.09,-4.33,-7.7,-6.85,-11.5,0.960153,13
26-11-2025,NSE:SENCO,EQ,5423.99,311.45,571197,1778.99306,2.71,2.7,4.65,3L,-0.57,-3.72,-4.46,-7.29,-3.48,-13.92,-20.57,-16.94,-9.84,-77.96,-17.7,-1,-1,-1,EEP,-1,-1,-1,-1,-1,-1,-1,-2.61,-1.35,-3.91,-3.36,-7.03,-3,-9.74,0,0,7.94,0,0,6.35,-7.47,-20.05,-20.05,-46.66,-57.84,-7.47,-17.26,-5.06,-50.7,-53.7,-24.98,0,1.32,31.03,31.03,0,4.85,57.97,53.22,5.12,55.58,-3.96,-24.34,-21.69,-23.8,-86.87,0.893065,13,-4.35,-5.23,16.54,-33.6,,,-3.96,-19.82,1.99,-3.59,-56.14,0.947336,6
26-11-2025,NSE:BCLIND,EQ,1080.3,34.26,538456,184.47503,2.64,2.6,4.03,2L,-0.35,-4.35,-15.29,-15.79,-15.03,-24.05,-20.9,-18.36,-1.26,-54,-65.94,-1,-1,-1,EEP,-1,-1,-1,-1,-1,-1,-1,-4.32,-3.7,-7.74,-6.16,-13.09,-2.37,-15.1,0,0,0,0,0,0,-15.55,-20.62,-27.65,-39.85,-48.49,-15.55,-12.89,-12.52,-39.03,-53.18,-28.8,0,0,0,0,0,1.39,17.9,16.89,0,9.57,-15.51,-24.67,-23.11,-15.22,-62.91,0.893064,13,-12.49,-11.54,12.95,-30.06,,,-15.51,-8.41,1.08,4.79,-46.22,0.958047,11
26-11-2025,NSE:MUKKA,EQ,790.5,24.84,339652,84.36956,3.86,3.87,6.65,,-0.52,-0.16,-1.49,-0.44,-1.25,-9.26,-8.29,-23.79,-33.25,-63.77,-43.92,-1,-1,-1,-1,-1,-1,-1,-1,-1,-1,-1,-0.35,-0.65,-0.99,-2.92,-3.8,-15.2,-16.49,0,0,0,0,0,0,-5.59,-13.75,-22.25,-40.86,-54.19,-5.59,-13.51,-22.75,-37.42,-38.95,-24.97,3.24,3.24,3.24,3.24,3.24,1.33,4.38,2.33,6.43,30.8,-1.73,-12.06,-28.54,-47.21,-72.68,0.892995,12,-1.15,-13.51,-20.51,-36.61,,,-1.73,-10.27,-15.33,-17.3,-17.03,0.948763,7
26-11-2025,NSE:DMCC,EQ,705.8,259.75,38339,99.58555,3.3,3.23,8.67,3L,0.33,-3.79,-7.24,-16.34,-19,-19.69,-28.35,-8.76,-22.56,-12.47,-2.31,-1,-1,-1,HV2Y,-1,HV2Y,-1,-1,-1,-1,-1,-3.22,-4.01,-6.95,-6.73,-12.82,1.1,-11.85,0,0,1.59,0,0,0,-17.26,-19.79,-24.43,-38.93,-38.93,-17.26,-10.07,-3,-33.58,-25.16,-21.45,0.97,3.08,4.3,4.3,0.97,5.48,33.87,13.43,25.61,15.27,-19.48,-32.12,-13.51,-36.52,-21.38,0.892926,12,-17.26,-0.32,4.01,2.17,,,-19.48,-11.17,14.25,-22.35,14.1,0.972884,27
26-11-2025,NSE:LUXIND,EQ,3587.85,1164.2,27070,315.14894,2.26,2.25,3.87,3L,0.89,-1.83,-2.47,-7.45,-10.45,-16.97,-11.78,-31.1,-10.9,-49.12,2.81,-1,-1,-1,-1,-1,-1,-1,-1,-1,-1,-1,-1.13,-2.36,-3.4,-5.49,-8.43,-7.76,-15.03,0,0,0,0,0,0,-9.51,-17.73,-23.77,-45.76,-51.85,-9.51,-9.13,-18.36,-36.87,-46.6,-28.2,1.09,1.09,1.09,8.36,1.09,0.91,7.17,25.7,20.18,61.59,-10.93,-15.55,-35.85,-24.86,-58.03,0.892903,12,-8.94,-8.8,-1.88,-34.62,,,-10.93,-4.51,-18.31,5.75,-28.58,0.959964,13
26-11-2025,NSE:LAXMIDENTL,EQ,1681.84,280.65,677244,1900.68529,3.89,3.97,4.32,2M,-1.42,-4.4,-14.5,-12.81,-11.79,-17.25,-25.67,-35.81,-25.08,NA,NA,-1,-1,HV2Q,-1,-1,-1,-1,-1,-1,-1,-1,-5.3,-2.97,-8.03,-4.43,-11.93,-19.72,-26.43,0,0,0,0,0,0,-17.83,-22.55,-43.62,NA,NA,-17.83,-31.62,-29.14,-30.77,NA,NA,0,0,NA,NA,0,3.41,8.79,17.57,NA,NA,-12.27,-29.44,-40.56,-39.04,0,0.892634,12,-9.67,-31.62,-3.73,,,,-12.27,-15.72,-9.09,-1.76,105.87,0.963397,16
26-11-2025,NSE:DEVYANI,EQ,17593.09,139.2,2195714,3056.43389,3.73,3.64,7.4,2L,-0.36,-4.58,-2.89,-14.42,-17.07,-27.16,-21.6,-23.54,-16.13,-15.8,-10.7,-1,-1,-1,EEP,-1,-1,-1,-1,-1,-1,-1,-2.77,-3.59,-6.14,-8.69,-13.65,-3.51,-16.58,0,0,7.94,0,0,4.76,-17.04,-26.31,-26.31,-29.61,-37.18,-17.04,-13.73,-9.43,-22.39,-27.05,-27.25,0.82,0.82,0.82,0.82,0.82,6.21,20.48,22.4,9.33,9.03,-17.55,-25.37,-28.29,-30.09,-24.71,0.892488,12,-15.1,-5.12,0.42,-5.19,,,-17.55,-7.18,-2.62,-3.66,6.15,0.970872,24
26-11-2025,NSE:GALAPREC,EQ,981.77,728.3,12397,90.28735,2.74,2.87,4.22,S,1.42,-2.42,-4.66,-3.98,-4,-9.31,-15.68,-24.73,-23.91,-46.55,NA,-1,-1,-1,-1,HVQ,HV2Y,-1,-1,-1,-1,-1,-1.04,-1.14,-2.16,-2.81,-4.83,-10.31,-13.73,0,0,0,0,0,0,-4.93,-14.71,-24.79,-47.21,NA,-4.93,-13.31,-17.65,-34.16,-34.59,NA,1.42,1.42,1.42,NA,1.42,2.43,10.25,31,30.14,NA,-4.48,-19.45,-29.48,-37.87,-55.46,0.892179,12,-3.64,-11.54,-17.65,,,,-4.48,-14.54,-8.84,-9.01,-12.4,0.954726,9
26-11-2025,NSE:KEC,EQ,20896.7,700.55,1305653,9146.75209,3.24,3.4,10.55,2L,0.11,-1.4,-13.87,-15.51,-20.01,-26.02,-17.72,-23,-2.35,-41.6,4.99,-1,-1,-1,-1,HV2Q,-1,-1,-1,-1,-1,-1,-3.75,-4.34,-7.76,-8.14,-14.7,1.38,-13.51,0,0,0,0,0,0,-15.82,-20.74,-25,-43.52,-43.52,-15.82,-4.88,-11.71,-30.53,-42.2,-5.59,0.19,0.19,6.59,7.05,0.19,7.99,25.48,31.11,9.57,51.59,-20.49,-21.49,-27.75,-16.31,-50.51,0.89193,12,-15.82,-2.39,10.9,3.9,,,-20.49,-1.4,-5.51,7.13,-32.48,0.964108,16
26-11-2025,NSE:EKC,EQ,1488.43,122.37,414317,506.99971,3.17,3.34,5.12,L,0.60,-4.19,-16,-15.68,-23.84,-19.86,-15.71,-9.1,-2.81,-65.58,-5.38,-1,-1,-1,EEP,-1,-1,-1,-1,-1,-1,-1,-3.99,-4.37,-8.01,-5.58,-12.87,4.76,-8.52,0,0,22.22,0,0,0,-17.94,-19.34,-20,-46.05,-46.05,-17.94,-0.93,-7.43,-41.15,-44.54,-2.88,3.14,3.14,8.28,8.28,3.14,19.78,25.3,18.13,7.99,73.92,-24.32,-19.48,-13.85,-16.77,-74.49,0.89158,12,-17.37,16.6,6.47,-29.92,,,-24.32,3.25,4.7,-3.9,-55.18,0.956434,10
26-11-2025,NSE:VERTOZ,EQ,592.6,74.43,207098,154.14304,4.27,4.17,7.9,,4.01,5.62,6.48,4.25,7.5,-3.1,-8.02,-13.93,-46.31,-134.99,-446.18,-1,-1,-1,HV2Q,-1,-1,-1,-1,-1,-1,-1,4.38,0.79,5.21,-1.27,3.89,-22.52,-15.21,0,0,0,0,0,0,0,-8.82,-32.46,-58.72,-83.11,0,-27.6,-28.21,-77.07,-75.29,-60.32,9.31,9.31,9.31,9.31,9.18,1.12,2.91,8.3,1.3,18.18,7.02,-11.79,-18.68,-60.27,-143.9,0.891384,12,7.85,-23.75,-28.21,-73.48,,,7.02,-20.09,-6.49,-38.08,-54.74,0.929755,2
26-11-2025,NSE:EIMCOELECO,EQ,989.28,1628.3,161828,2635.04532,3.37,3.33,3.46,2L,2.23,-4.7,-5.02,-7.2,-14.24,-5.85,-35.62,-39.14,15.41,-45.95,12.22,-1,-1,HV2Y,HV2Y,-1,-1,-1,-1,-1,-1,-1,-2.02,-3.34,-5.19,-7.51,-11.81,-7.03,-17.6,0,0,0,0,0,0,-13.74,-29.9,-44.64,-44.64,-51.72,-13.74,-23.3,-24.92,-29.93,-59.16,-29.54,3.46,3.46,20.32,20.32,3.46,8.01,63.17,67.41,0.81,73.95,-14.72,-39.39,-43.89,1.45,-54.86,0.891319,12,-11.59,-20.93,51.45,-14.54,,,-14.72,-22.02,-3.61,29.55,-66.68,0.976667,31
26-11-2025,NSE:DHANUKA,EQ,5724.95,1250,41357,516.9625,3.36,3.28,15.62,2L,1.76,3.43,-4.11,-5.32,-13.18,-22.33,-27.82,-34.51,-5.78,-18.49,20.74,-1,-1,-1,-1,EEP,-1,-1,-1,-1,-1,-1,0.22,-3.45,-3.12,-9.01,-11.13,-5.45,-15.73,0,0,0,0,0,0,-14.21,-24.01,-34.56,-34.56,-34.56,-14.21,-25.93,-16.36,-7.91,-28.4,-19.8,3.55,3.55,12.18,32.04,3.55,1.51,43.39,50.9,39.67,56.45,-13.66,-31.59,-39.26,-19.74,-27.4,0.891317,12,-12.58,-18.19,19.98,-6.33,,,-13.66,-16.24,-6.26,11.7,-6.14,0.971821,25
26-11-2025,NSE:SAKHTISUG,EQ,236.27,19.29,116783,22.52744,2.82,2.86,6.54,2L,1.96,-2.7,-3.27,-6.12,-8.09,-13.32,-13.95,-33.75,-7.41,-59.93,-58.11,-1,-1,HVQ,-1,-1,-1,-1,-1,-1,-1,-1,-1.25,-2,-3.18,-4.26,-7.14,-10.68,-16.1,0,0,0,0,0,0,-8.62,-16.6,-31.18,-43.84,-54.91,-8.62,-14.93,-21.58,-39.69,-51.57,-27.89,1.96,1.96,1.96,1.96,1.96,4.46,9.08,28.04,0,4.4,-8.57,-17.72,-38.5,-21.37,-68.84,0.891151,12,-8.06,-14.93,-1.12,-35.24,,,-8.57,-8.73,-18.4,10.03,-43.02,0.957573,11
26-11-2025,NSE:KECL,EQ,757.12,106.49,261046,277.98789,2.79,2.76,4.66,L,1.81,-5.96,-9.17,-9.31,-10.56,-11.64,-11.37,-26.28,-13.58,-60.38,-1.61,-1,-1,HVY,-1,HV2Q,HVQ,-1,-1,-1,-1,-1,-2.71,-2.74,-5.3,-4.02,-8.96,-8.72,-16.27,0,0,0,0,0,0,-11.43,-15.64,-28.34,-46.22,-56.77,-11.43,-10.75,-20.19,-36.72,-50.9,-30.67,1.81,1.81,1.81,2,1.81,4.15,7.28,21.65,21.37,71.39,-11.04,-15.14,-31.03,-27.54,-69.29,0.890429,12,-10.35,-10.75,-5.29,-36.72,,,-11.04,-4.04,-14.41,0.4,-35.34,0.954237,9
26-11-2025,NSE:SULA,EQ,2085.42,236.55,365842,865.39925,2.2,2.21,6.18,2L,1.61,-3.66,-4.8,-7.27,-6,-17.01,-9.22,-26.32,-22.38,-65.93,-121.14,-1,-1,HV2Y,HV2Y,HV2Q,-1,-1,-1,-1,-1,-1,-1.89,-1.86,-3.68,-4.55,-7.87,-8.66,-15.21,0,0,0,0,0,0,-7.31,-17.77,-26.26,-47.02,-58.55,-7.31,-14.49,-19.47,-40.16,-49.27,-31.22,1.61,1.61,1.61,1.61,1.61,1.21,3.96,20.24,0,0.22,-6.48,-12.99,-31.07,-36.34,-74.84,0.890388,12,-4.62,-14.49,-13.25,-38.18,,,-6.48,-6.34,-16.68,-6.55,-29.71,0.950092,7
26-11-2025,NSE:HCC,EQ,4659.68,23.87,8696952,2075.96244,3.27,3.35,5.88,L,1.79,-3.77,-8.92,-16.05,-18.1,-20.4,-11.98,-32.43,-3.44,-49.48,-45.79,-1,-1,-1,-1,HV2Q,-1,-1,-1,-1,-1,-1,-2.68,-4.07,-6.49,-6.72,-12.37,-1.8,-13.92,0,0,0,0,0,0,-17.75,-18.97,-34.41,-49.22,-57.18,-17.75,-4.31,-26.55,-35.32,-55.71,-36,2.05,2.05,5.53,5.53,2.05,11.29,18.17,39.74,0,16.15,-18.58,-15.75,-37.18,-17.4,-58.39,0.890361,12,-14.87,5.11,1.02,-35.32,,,-18.58,1.87,-19.28,12.23,-38.64,0.964987,17
26-11-2025,NSE:ELGNZ,SM,220.01,103.25,95680,98.7896,5.45,5.63,2.65,,0.24,-1.4,4.6,-6.68,-26.34,-42.52,-24.84,-31.19,-13.32,NA,NA,-1,-1,HV2Q,-1,-1,-1,-1,-1,-1,-1,-1,-0.55,-4.54,-4.87,-15.04,-17.3,,,0,0,17.46,0,0,4.76,-20.94,-34.69,-34.69,NA,NA,-20.94,-17.49,-13.2,-8.79,NA,NA,7.55,7.55,NA,NA,7.55,8.94,33.3,40.07,NA,NA,-26.82,-28.61,-35.94,-27.28,0,0.890036,12,-20.91,-5.27,8.59,,,,-26.82,-2.12,-6.1,3.96,105.87,0.974304,28
26-11-2025,NSE:GODREJAGRO,EQ,11258.94,595.7,241992,1441.54634,2.89,2.88,7.62,,4.30,4.61,3.4,-8.97,-12.15,-20.02,-25.75,-26.54,-15.85,-20.15,14.27,-1,-1,-1,-1,-1,-1,-1,-1,-1,-1,-1,2.38,-3.17,-0.77,-8.83,-8.82,-12.48,-18.94,0,0,0,0,0,0,-10.68,-20.42,-30.22,-30.22,-31.12,-10.68,-21.15,-12.25,-9.4,-20.21,-17.24,5.45,5.45,5.45,22.86,5.45,2.31,12.57,13.28,42.33,47.62,-12.63,-29.52,-31.29,-29.81,-29.06,0.890022,12,-9.81,-20.38,2.75,-5.96,,,-12.63,-15.44,-1.65,-1.21,2.15,0.967158,20
26-11-2025,NSE:IGPL,EQ,1201.46,377.7,21424,80.91845,2.33,2.3,9.87,3L,0.27,-1.79,-3.71,-8.76,-9.95,-12.68,-19.94,-24.74,-15.59,-38.59,-10.93,-1,-1,-1,-1,-1,EEP,-1,-1,-1,-1,-1,-1.36,-2.4,-3.68,-5.05,-8.31,-7.13,-14.41,0,0,0,0,0,0,-9.44,-15.41,-26.06,-38.49,-46.57,-9.44,-16.32,-11.32,-33.35,-38.24,-25.96,0.59,0.59,0.59,0.59,0.59,0.65,11.33,15.79,5.86,26.91,-10.43,-23.71,-29.49,-29.55,-47.5,0.889923,12,-9.44,-14.15,3.26,-33,,,-10.43,-12.39,-5.03,-2.33,-14.02,0.958857,12
26-11-2025,NSE:ANNAPURNA,SM,525.86,237.9,102095,242.88401,3.86,3.85,9.16,2M,0.61,-0.65,-6.54,-2.75,-5.02,-13.81,-6.45,-34.36,-28.18,-57.36,-37.92,-1,-1,-1,-1,HV2Q,HVQ,-1,-1,-1,-1,-1,-1.03,-1.47,-2.46,-3.2,-5.49,-9.5,-13.69,0,0,0,0,0,0,-6.89,-14.47,-27.74,-44.51,-50.9,-6.89,-12.07,-23.08,-34.02,-37.06,-22.73,0.61,0.61,0.61,0.61,0.61,4.41,0,22.85,7.11,31.49,-5.5,-10.22,-39.11,-42.14,-66.27,0.889563,12,-3.68,-9.85,-15.82,-31.11,,,-5.5,-4.67,-27.24,-5.06,-16.89,0.954002,9
26-11-2025,NSE:OSWALAGRO,EQ,887.29,62.6,92146,57.6834,4,4.1,7.34,3L,0.08,-3.96,-6.01,-21.88,-19.36,-19.03,-30.83,-39.39,-0.19,-11.82,37.78,-1,-1,-1,HV2Q,HV2Q,HVQ,-1,-1,-1,-1,-1,-2.72,-3.88,-6.35,-6.63,-12.17,-9.62,-19.88,0,0,0,0,0,0,-20.97,-20.97,-39.74,-39.74,-39.74,-20.97,-13.8,-21.17,-14.27,-31.83,-23.91,1.62,1.62,8.25,65.17,1.62,7.08,38.79,50.89,77.43,98.02,-19.84,-34.6,-44.14,-14.15,-20.73,0.889518,12,-14.41,-9.68,25.86,33.22,,,-19.84,-12.92,-7.56,18.46,-5.74,0.979072,35
26-11-2025,NSE:VISAKAIND,EQ,643.72,68.35,104610,71.50093,4.01,3.98,5.98,L,0.25,-5.34,-12.71,-19.06,-17.97,-20.92,-26.53,-25.98,-1.43,-31.85,-56.25,-1,-1,-1,-1,EEP,HV2Y,-1,-1,-1,-1,-1,-3.94,-4.33,-7.92,-6.51,-13.55,2.19,-11.61,0,0,0,0,0,0,-16.01,-20.98,-27.47,-33.14,-43.72,-16.01,-11.04,-8.23,-27.67,-48.07,-32.49,1.32,1.32,19.72,19.72,1.32,6.79,51.48,50.83,0,0,-18.45,-30.3,-30.73,-15.39,-40.76,0.889432,11,-14.06,-2.95,20.78,-27.67,,,-18.45,-10.57,-0.59,9.83,-24.12,0.966146,19
26-11-2025,NSE:SAKUMA,EQ,391.93,2.39,1789158,42.76088,4,3.89,2.38,3L,-1.65,-1.67,-6.69,-15.9,-13.39,-6.69,-10.46,-25.52,-14.23,-58.16,-96.73,-1,HVY,HVY,-1,-1,-1,-1,-1,-1,-1,-1,-2.61,-2.21,-4.72,-1.19,-5.84,-11.18,-15.31,0,0,0,0,0,0,-19.53,-19.53,-30.92,-42.82,-75.49,-19.53,-4.58,-30.71,-62.22,-72,-61.23,1.27,1.27,1.7,1.7,0.84,14.83,12.34,27.66,0,0,-13.87,-14.23,-30.27,-28.19,-67.07,0.889217,11,-19.53,-4.58,-3.65,-62.22,,,-13.87,-0.73,-14.66,-0.66,-32.59,0.95538,10
26-11-2025,NSE:TREL,EQ,677.87,26.27,104039,27.33105,3.84,3.76,6.43,2L,0.50,-4,-6.66,-15.76,-10.54,-22.27,-24.74,-27.03,-9.74,-36.01,-71.49,-1,-1,-1,-1,-1,HVQ,-1,-1,-1,-1,-1,-2.6,-3.06,-5.5,-6.47,-11.24,-9.53,-18.96,0,0,0,0,0,0,-13.61,-20.63,-27.37,-40.99,-50.05,-13.61,-14.16,-12.68,-34.09,-48.88,-36.65,0.5,0.5,0.5,0.5,0.5,0,16.95,19.09,0,0.62,-11.02,-28.51,-31.78,-23.7,-44.92,0.889125,11,-9.63,-14.01,11.8,-33.5,,,-11.02,-16.15,-2.85,3.95,-18.06,0.961015,14
26-11-2025,NSE:BIRLANU,EQ,1339.72,1691.2,7383,124.8613,2.57,2.53,11.44,2L,0.92,-3.25,-5.91,-11.58,-13.75,-17.76,-12.85,-38.74,-7.2,-45.37,-63.17,-1,-1,-1,-1,EEP,-1,-1,-1,-1,-1,-1,-2.5,-2.88,-5.22,-5.47,-10.14,-7.05,-16.06,0,0,0,0,0,0,-11.83,-16.78,-29.05,-35.12,-45.43,-11.83,-16.48,-19.93,-21.99,-41.51,-20.68,0.92,0.92,0.92,0.92,0.92,2.94,10.09,35.34,0,0.89,-14.23,-16.62,-43.49,-21.16,-54.28,0.889032,11,-11.83,-16.4,3.66,-15.6,,,-14.23,-2.53,-23.95,13.07,-29.74,0.965009,17
26-11-2025,NSE:NIRAJ,EQ,202.66,37.51,150884,56.59659,6.43,7.07,4.63,,-0.35,2.88,14.56,21.25,10.61,-24.87,-23.43,-56.33,-16.45,-67.8,-4.64,-1,-1,-1,-1,HVQ,-1,4.17,-1,-1,-1,-1,4.76,2.43,7.36,-7.51,-0.13,-32.04,-24.37,0,0,0,0,0,0,-2.77,-23.07,-36.07,-47.9,-48.09,-2.77,-35.12,-24.84,-18.85,-39.55,-12.9,31.71,31.71,31.71,31.71,31.71,17.24,2.05,34.25,18.21,70.34,10.13,-27.2,-61.08,-30.41,-76.71,0.889004,11,14.43,-34.42,0.89,27.81,,,10.13,-41.4,-27.67,15.85,-38.22,0.958438,11
26-11-2025,NSE:AKUMS,EQ,6925.34,426.25,178533,760.99691,3.38,3.39,7.02,,0.44,0.32,-6.31,-10.52,-9.3,-9.33,-12.22,-35.45,-18.04,-43.03,NA,-1,-1,-1,HVQ,-1,-1,-1,-1,-1,-1,-1,-0.51,-2.16,-2.61,-3.36,-5.77,-11.06,-15.15,0,0,0,0,0,0,-9.52,-10.66,-28.24,-36.58,NA,-9.52,-14.58,-19.47,-39.88,-55.07,NA,2.95,2.95,2.95,NA,2.95,5.9,13.51,37.01,0,NA,-9.78,-15.99,-40.2,-32,-51.94,0.889002,11,-6.77,-12.13,-3.35,-39.88,,,-9.78,-5.98,-21.72,3.19,-15.3,0.960358,13
26-11-2025,NSE:BODALCHEM,EQ,716.87,54.44,174829,95.17691,3.38,3.32,5.35,3L,0.95,-2.13,-7.62,-11.87,-12.01,-18.53,-21.12,-40.82,-6.1,-30.69,-47.23,-1,-1,-1,-1,EEP,-1,-1,-1,-1,-1,-1,-2.54,-2.96,-5.34,-5.59,-10.35,-9.1,-17.82,0,0,0,0,0,0,-12.11,-19.01,-30.79,-30.79,-37.07,-12.11,-21.01,-16.17,-11.39,-41.03,-27.36,0.95,0.95,4.63,4.63,0.95,2.78,26.73,47.34,0,5.56,-12.49,-24.89,-45.57,-20.06,-39.6,0.888882,11,-10.19,-18.3,11.76,-5.77,,,-12.49,-11.44,-17.28,14.99,-17.31,0.96883,22
26-11-2025,NSE:SHAKTIPUMP,EQ,8966.71,690.3,368633,2544.6736,2.53,2.69,5.3,2L,1.01,-1.66,-8.5,-17.1,-17.81,-23.27,-20.59,-26.58,-17.56,-18.29,69.1,-1,-1,-1,EEP,-1,-1,-1,-1,-1,-1,-1,-2.22,-4.28,-6.23,-8.21,-13.35,-9.48,-20.85,0,0,0,0,0,0,-15.76,-22.17,-31.56,-48.67,-48.67,-15.76,-10.31,-18.16,-35.03,-39.66,-1.35,2.74,2.74,2.74,214.55,2.74,3.32,6.03,31.82,319.47,322.08,-18.29,-24.36,-31.33,-31.52,-27.2,0.888814,11,-14.66,-9.93,-2.3,17.82,,,-18.29,-5.67,-5.99,-2.53,5.25,0.969682,23
26-11-2025,NSE:ASMS,BE,389.86,12.07,153557,18.53433,4.05,3.99,6.95,2L,1.43,-2.98,-5.8,-10.6,-15,-23.86,-0.66,-30.99,-28.5,-53.6,-54.93,-1,-1,HV2Q,-1,-1,HVQ,-1,-1,-1,-1,-1,-2.91,-2.88,-5.63,-7,-11.8,-5.77,-16.61,0,0,4.76,0,0,0,-12.85,-28.54,-28.54,-49.62,-51.82,-12.85,-17.82,-34.64,-36.2,-38.08,-25.99,1.43,1.43,1.43,1.43,1.43,15.96,0,18.07,0,18.32,-15.48,-4.43,-35.74,-42.46,-62.51,0.888697,11,-12.85,4.28,-22.81,-5.72,,,-15.48,9.15,-31.14,-7.76,-13.67,0.96013,13
26-11-2025,NSE:DALMIASUG,EQ,2589.25,312.45,60393,188.69793,3.65,3.64,4.16,S,-0.56,-0.18,-1.2,-8.27,-18.9,-16.31,-19.51,-37.88,-4.82,-25.2,-14.58,-1,-1,-1,-1,EEP,-1,-1,-1,-1,-1,-1,-1.27,-2.75,-3.91,-6.85,-10.07,-7.36,-16.23,0,0,0,0,0,0,-13.87,-19.44,-29.3,-33.17,-45.28,-13.87,-4.22,-17.14,-24.55,-42.64,-31.49,0,0,4.8,4.8,0,6.98,25.24,44.49,0.55,15.01,-19.38,-23.28,-42.63,-18.78,-34.11,0.888671,11,-13.87,-1.82,10.92,-1.25,,,-19.38,-3.82,-16.39,14.32,-13.58,0.972541,26
26-11-2025,NSE:BATAINDIA,EQ,13019.84,1000.3,174808,1748.60442,1.55,1.53,7.83,3L,-0.60,-1.16,-5.72,-6.58,-16.59,-21.33,-9.55,-27.83,-28.44,-28.12,-39.01,-1,-1,HV2Y,-1,-1,-1,-1,-1,-1,-1,-1,-1.6,-2.84,-4.32,-7.87,-11.3,-6.42,-16.65,0,0,0,0,0,0,-9.15,-21.48,-21.66,-31.52,-38.3,-9.15,-8.46,-18.59,-12.89,-20.76,-20.95,0,0,0,0,0,11.1,4.39,8.28,3.8,0,-17.07,-13.32,-32.58,-42.4,-37.03,0.888545,11,-9.15,-3.2,-12.78,-11.59,,,-17.07,2.73,-17.71,-10.13,6.12,0.966887,19
26-11-2025,NSE:HAPPSTMNDS,EQ,7638.1,500.65,340589,1705.15883,2.02,2,4.77,,0.56,-1.08,-0.99,-1.17,-3.11,-10.21,-19.01,-20.87,-33.85,-43.85,-58.31,-1,-1,-1,HV2Y,-1,EEP,-1,-1,-1,-1,-1,-0.31,-0.6,-0.91,-2.54,-3.37,-14.67,-15.73,0,0,0,0,0,0,-4.12,-13.92,-25.1,-35.01,-45.42,-4.12,-17.03,-17.42,-26.43,-26.95,-21.49,2.26,2.26,2.26,2.26,1.22,5.43,9.69,11.41,0.67,0,-3.59,-22.78,-25.62,-47.81,-52.76,0.888285,11,-2.93,-15.87,-11.08,-24.05,,,-3.59,-18.73,-2.59,-20.39,-1.61,0.954005,9
26-11-2025,NSE:BLUEJET,EQ,10043.65,570.65,559630,3193.5286,4.4,4.26,4.01,2M,1.11,0.49,-1.83,-6.31,-11.33,-17.85,-29.08,-47.36,-31.76,7.61,39.14,-1,-1,-1,-1,EEP,EEP,-1,-1,-1,-1,-1,-0.08,-3.39,-3.36,-7.73,-10.29,-20.66,-25.65,0,0,0,0,0,0,-15.34,-23.27,-43.51,-43.51,-43.51,-15.34,-21.17,-27.08,-9.49,-9.53,-4.13,4.91,4.91,14.38,59.67,4.91,0.82,17.66,80.9,123.51,56.73,-11.81,-32.85,-52.11,-45.72,-1.3,0.888194,11,-10.67,-19.51,-6.55,76.79,,,-11.81,-19.26,-15.18,0.92,35.75,0.990667,50
26-11-2025,NSE:ALMONDZ,EQ,307.35,17.02,162108,27.59078,5.47,5.44,4.37,M,0.18,-1.94,-5.99,-5.11,0,-15.33,-23.15,-18.45,-26.09,-62.75,-1.89,-1,-1,-1,HV2Q,HVQ,-1,-1,-1,-1,-1,-1,-1.42,-1.45,-2.83,-3.23,-5.87,-15.94,-18.81,0,0,0,0,0,0,-10.98,-20.17,-32.99,-50.19,-54.33,-10.98,-22.18,-20.85,-41.29,-42.42,-25.68,0.71,0.71,0.71,0.71,0.71,0.59,11.49,7.23,27.87,65.05,-0.48,-26.92,-23.2,-40.05,-71.66,0.887976,11,0.59,-21.13,2.85,-38.78,,,-0.48,-26.46,2.8,-16.11,-23.21,0.947373,6
26-11-2025,NSE:WENDT,EQ,1651.1,8241.5,8391,691.54427,2.01,2.02,2.86,2L,2.63,-2.94,-1.04,-3.78,-6.27,-12.45,-20.92,-3.29,-25.67,-85.75,-27.99,-1,-1,-1,-1,-1,-1,-1,-1,-1,-1,-1,0.08,-1.82,-1.72,-4.8,-6.22,-7.89,-13.07,0,0,0,0,0,0,-5.25,-19.71,-27.65,-52.25,-52.25,-5.25,-14.67,-12.51,-50.68,-39.99,-6.83,3.29,3.29,3.29,3.29,3.29,0.55,21.34,1.13,0,45.13,-6.75,-24.69,-8.04,-39.63,-94.66,0.887832,11,-5.11,-9.45,-10.85,-42.52,,,-6.75,-17.1,13.56,-31.32,-41.95,0.942222,5
26-11-2025,NSE:RBA,EQ,3697.3,62.86,2433808,1529.89171,3.42,3.43,4.72,2L,-1.38,0.05,-2.53,-7.17,-14.16,-32.01,-26.96,-29.4,-7.91,-27.17,-68.31,-1,-1,HVQ,-1,EEP,-1,-1,-1,-1,-1,-1,-0.7,-3.14,-3.73,-9.73,-12.26,-5.47,-16.81,0,0,0,0,0,0,-12.46,-26.81,-26.81,-28.62,-45.88,-12.46,-16.45,-7.34,-28.14,-41.6,-31.18,2.68,2.68,5.03,5.03,2.68,4.15,33.35,35.91,0,1.42,-14.64,-30.73,-34.15,-21.87,-36.08,0.887763,11,-12.45,-12.17,15.65,-25.46,,,-14.64,-14.53,-2.94,6.95,-11.98,0.965701,18
26-11-2025,NSE:SAPPHIRE,EQ,8082.78,254.5,529716,1348.12722,3.89,3.87,5.44,2L,-1.95,-3.4,0.59,-11.93,-11.71,-20.96,-28.31,-24.46,-20.65,-18.25,-13.19,-1,-1,-1,-1,-1,-1,-1,-1,-1,-1,-1,-1.56,-2.67,-4.13,-7.28,-10.63,-8.89,-17.93,0,0,0,0,0,0,-15.56,-23.39,-26.06,-28.2,-33.31,-15.56,-15.74,-5.13,-16.99,-19.54,-21.13,3.54,3.54,3.54,3.54,3.54,2.75,12.55,10.39,13.35,11.1,-12.19,-32.08,-29.21,-34.61,-27.16,0.887701,11,-9.07,-14.15,5.73,-1.56,,,-12.19,-18.17,1.98,-6.6,7.86,0.967093,20
26-11-2025,NSE:GANESHHOU,EQ,6751.85,803.4,44562,358.01111,2.45,2.45,12.14,2L,-0.32,-0.11,-1.38,-4.02,-4.09,-7.18,-11.13,-26.1,-49.26,-36.96,13.31,-1,-1,-1,-1,-1,-1,-1,-1,-1,-1,-1,-0.42,-1.12,-1.52,-2.42,-3.85,-16.92,-17.76,0,0,0,0,0,0,-4.19,-9.29,-22.31,-45.72,-45.72,-4.19,-8.29,-29.35,-31.55,-18.98,-6.09,1.81,1.81,1.81,16.58,1.81,3.3,3.94,29.41,74,59.66,-4.57,-14.9,-30.85,-63.22,-45.87,0.887478,11,-2.35,-5.82,-28.35,15.97,,,-4.57,-10.08,-14.49,-28.02,14.11,0.959403,12
26-11-2025,NSE:BROOKS,EQ,303.12,105.13,42586,44.77066,5.22,5.14,4.81,3L,5.20,1.66,2.64,-4.32,-6.63,-38.32,-33.46,-25.71,-12.75,-31.88,-2.21,-1,-1,-1,-1,HVQ,-1,-1,-1,-1,-1,-1,1.82,-3.74,-1.85,-13.69,-13.67,-8.93,-20.74,0,0,0,0,0,0,-6.08,-33.9,-34.9,-46.08,-46.08,-6.08,-29.51,-13.12,-32.22,-39.21,-13.51,9.19,9.19,9.19,42.45,9.19,0,43.03,34.72,60.61,87.87,-7.11,-37.23,-30.46,-26.71,-40.79,0.887116,11,-1.55,-26.3,16.03,1.96,,,-7.11,-28.48,4.79,0.65,-11.1,0.961113,14
26-11-2025,NSE:AUTOIND,EQ,295.75,66.65,87612,58.3934,4.15,4.04,3.33,3L,5.44,-0.21,-0.68,-5.96,-13.4,-16.76,-9.8,-37.72,-11.28,-53.92,-84.62,-1,-1,-1,-1,HV2Q,HVQ,-1,-1,-1,-1,-1,0.53,-2.22,-1.66,-5.36,-6.66,-7.15,-12.88,0,0,0,0,0,0,-9.57,-14.86,-26.97,-46.11,-55.86,-9.57,-3.45,-20.27,-39.2,-50.87,-32.05,5.44,5.44,5.44,5.44,5.44,10.26,11.06,39.31,0,0,-13.88,-13.57,-42.47,-25.24,-62.83,0.887115,11,-9.57,0.43,-4.43,-32.97,,,-13.88,-0.13,-26.45,9.54,-32.45,0.961043,14
26-11-2025,NSE:UNIVASTU,EQ,251.55,65.59,95804,62.83784,5.38,5.26,8.23,L,-1.38,-3.32,-3.75,-9.24,-9.01,-23.34,-41.05,-16.63,-19.43,-18.6,27.1,-1,-1,-1,HVQ,-1,HVQ,-1,-1,-1,-1,-1,-2.33,-2.87,-5.05,-8.71,-12.66,-7.99,-19.12,0,0,1.59,0,0,0,-8.8,-28.16,-35.64,-40.44,-40.44,-8.8,-22.72,-9.22,-30.53,-28.86,-11.25,0.51,0.51,0.51,41.66,0.51,0,31.54,27.8,73.18,71.97,-9.49,-44.82,-21.38,-33.39,-27.51,0.886965,10,-7.16,-20.44,15.89,7.77,,,-9.49,-32.7,16.29,-12.06,6.56,0.967441,20
26-11-2025,NSE:COSMOFIRST,EQ,2065.85,711.55,52421,373.00163,3.87,3.8,7.74,L,0.66,-7.65,-12.64,-23.85,-21.26,-26.48,-44.08,-52.36,6.87,-2.28,33.21,-1,-1,-1,-1,HVQ,HVQ,-1,-1,-1,-1,-1,-5.11,-5.33,-9.91,-8.11,-16.66,-1.89,-18.21,0,0,0,0,0,0,-19.26,-29.29,-43.8,-43.8,-43.8,-19.26,-22.98,-19.03,0,-34.3,-24.91,0.66,0.66,32.3,43.36,0.66,3.62,90.61,101.56,43.26,57.35,-21.74,-47.85,-57.11,-7.09,-11.19,0.88672,10,-16.86,-19.93,52.15,20.26,,,-21.74,-22.13,-6.77,29.22,-3.96,0.991577,52
26-11-2025,NSE:CYIENT,EQ,12587.65,1118.4,450234,5035.41706,2.26,2.24,5.42,L,1.34,-3.06,-4.35,-3.42,-8.02,-5.56,-11.23,-20.42,-31.44,-58.99,-77.59,-1,-1,-1,-1,-1,-1,-1,-1,-1,-1,-1,-0.95,-1.18,-2.11,-2.35,-4.36,-6.56,-10.24,0,0,0,0,0,0,-5.83,-12.09,-17.55,-46.48,-48.33,-5.83,-5.04,-15.75,-37.38,-32.08,-17.84,1.34,1.34,1.34,1.34,1.34,7.39,10.95,20.12,11.6,6.79,-8.5,-15,-25.17,-45.4,-67.9,0.886667,10,-5.83,-2.82,-15.75,-31.32,,,-8.5,-6.28,-9.28,-18.81,-15.09,0.949671,7
26-11-2025,NSE:GOLDTECH,EQ,291.1,54.64,60524,33.07031,5.39,5.66,6.41,,-1.05,-11.97,-3.5,-9.61,-6.59,-21.94,-26.48,-27.91,-21.23,-30.03,-121.36,HVY,HVY,-1,-1,HVQ,HVQ,10.57,-1,-1,-1,-1,-4.14,-1.43,-5.49,-4.39,-9.47,-6.99,-15.38,0,0,0,0,0,0,-11.17,-19.58,-29.1,-35.73,-64.38,-11.17,-24.43,-10.33,-46.46,-56.82,-53.68,0,0,14.55,14.55,0,3.76,44.88,46.52,18.14,12.24,-7.07,-30.25,-32.66,-35.19,-38.94,0.886531,10,-5.65,-17.39,-3.38,-46.46,,,-7.07,-21.97,-2.15,-4.44,-1.39,0.960826,14
26-11-2025,NSE:UYFINCORP,EQ,291.06,14.42,286453,41.30652,5.73,5.67,8.4,M,0.14,-5.83,-9.99,-2.98,-3.74,-8.39,0.28,-25.03,-52.08,-82.94,NA,-1,-1,HV2Y,HV2Q,-1,HVQ,-1,-1,-1,-1,-1,-3.31,-1.08,-4.35,1.37,-3.01,-16.01,-16.4,0,0,0,0,0,0,-12.29,-12.29,-33.43,-47.26,NA,-12.29,-19.35,-33.61,-47.83,-36.55,NA,21.07,21.07,21.07,NA,1.12,25.61,5.43,8.55,4.78,NA,-4.22,-3.49,-29.78,-66.04,-91.85,0.886516,10,-2.9,-19.05,-31.56,,,,-4.22,0.57,-26.4,-31.29,-14.42,0.944232,5
26-11-2025,NSE:EXCELINDUS,EQ,1239.6,942.7,8138,76.71693,3,3.02,6.38,L,1.07,-4.31,-5.39,-18.23,-19.43,-20.48,-33.5,-17.09,7.11,-59.25,23.22,-1,-1,-1,-1,-1,-1,-1,-1,-1,-1,-1,-2.94,-4.62,-7.23,-7.96,-14.07,-3.2,-16.74,0,0,0,0,0,0,-16.73,-23.5,-33.05,-37.76,-43.11,-16.73,-20.04,-10.62,-33.39,-47.16,-9.41,1.55,1.55,12.92,33.22,1.55,0.58,50.75,32.22,23.75,112.16,-19.91,-37.27,-21.84,-6.85,-68.16,0.886488,10,-16.66,-16.98,39.13,-26.34,,,-19.91,-15.09,11.27,11.01,-65.57,0.959755,12
26-11-2025,NSE:CEWATER,EQ,874.62,415.9,29306,121.88365,2.66,2.67,8.19,M,1.43,-1.66,-3.15,-14.44,-16.51,-24.49,-36.85,-44.1,-9.43,NA,NA,-1,-1,-1,-1,-1,-1,-1,-1,-1,-1,-1,-1.11,-4.14,-5.04,-9.12,-12.97,-11.57,-22,0,0,0,0,0,0,-14.35,-24.6,-34.63,NA,NA,-14.35,-23.84,-11.88,-27.54,NA,NA,3.7,3.7,NA,NA,3.7,0.56,31.17,38.12,NA,NA,-16.99,-40.62,-48.85,-23.39,0,0.886488,10,-13.84,-23.23,23.82,,,,-16.99,-20.77,-6.32,14.4,105.87,0.976308,30
26-11-2025,NSE:HEUBACHIND,EQ,1107.93,462.5,17366,80.31775,2.58,2.54,9.43,L,-1.57,-1.07,-4.52,-9.64,-11.76,-28.19,-28.12,-27.06,-21.36,-17.41,6.29,-1,-1,-1,-1,-1,-1,-1,-1,-1,-1,-1,-2.66,-2.78,-5.29,-7.53,-11.93,-8.53,-18.85,0,0,3.17,0,0,3.17,-10.58,-22.54,-22.97,-22.97,-31.66,-10.58,-13.43,-1.31,-13.17,-17.06,-19.76,0,0,0,28.49,0,0.39,5.72,13.28,55.94,50.85,-12.24,-31.89,-31.81,-35.32,-26.32,0.886426,10,-10.52,-12.61,3.63,10.47,,,-12.24,-17.95,-0.19,-5.18,9.13,0.967622,20
26-11-2025,NSE:SANOFI,EQ,10651.66,4412.6,17893,789.54652,1.71,1.77,4.26,L,0.73,-3.58,-4.22,-7.67,-6.39,-13.06,-18.49,-40.65,-17.39,-37.71,-1.83,-1,-1,-1,-1,-1,-1,-1,-1,-1,-1,-1,-2.02,-1.75,-3.7,-3.15,-6.64,-16.17,-19.63,0,0,0,0,0,0,-8.21,-14.22,-30.74,-32.83,-40.58,-8.21,-20.18,-20.41,-16.43,-30.25,-18.18,0.73,0.73,0.73,0.96,0.73,0.96,4.85,24.46,18.51,39.03,-6.87,-22.26,-45.4,-31.35,-46.62,0.886372,10,-7.07,-19.77,-0.06,-9.52,,,-6.87,-14.69,-19.73,6.88,-11.45,0.96165,15
26-11-2025,NSE:LIBERTSHOE,EQ,518.02,297.25,27332,81.24437,3,2.97,4.4,2L,0.39,-2.04,-3.6,-6.04,-8.8,-16.18,-6.76,-54.2,-13.84,-54.45,12.16,-1,-1,-1,-1,HV2Q,HVQ,-1,-1,-1,-1,-1,-1.47,-2.14,-3.53,-5.9,-8.91,-9.82,-17.05,0,0,0,0,0,0,-8.14,-21.03,-35.48,-44.23,-47.8,-8.14,-14.08,-31.52,-19.51,-40.57,-19.38,0.39,0.39,4.59,20.22,0.39,8.91,11.66,61.28,36.87,85.68,-9.28,-10.53,-58.95,-27.8,-63.36,0.886315,10,-7.49,-13.85,-7.8,-8.32,,,-9.28,-1.44,-45.45,16.51,-29.8,0.966044,19
26-11-2025,NSE:SATIA,EQ,698,68.15,66562,45.362,2.48,2.47,12.18,2L,-0.99,-2.74,-9.36,-11.83,-13.02,-18.39,-29.63,-17.09,-11.02,-40.7,-59.65,-1,-1,-1,HV2Q,-1,-1,-1,-1,-1,-1,-1,-2.62,-3.29,-5.73,-6.92,-11.83,-2.09,-13.63,0,0,0,0,0,0,-11.86,-20.21,-27.31,-36.25,-51.27,-11.86,-12.81,-5.77,-35.68,-45.9,-31.43,0,0,3.07,3.07,0,0.2,33.61,20.69,0,1.95,-13.5,-33.4,-21.84,-24.98,-49.61,0.886062,10,-10.78,-10.27,13.24,-33.95,,,-13.5,-18.01,8.65,-4.47,-20.87,0.957399,11
26-11-2025,NSE:ZODIAC,EQ,555.04,346.4,16291,56.43202,3.95,4.06,9.81,L,2.42,-4.92,-12.57,-9.51,-7.25,-14.75,-16.2,-39.07,-19.3,-40.24,-7.59,-1,-1,-1,-1,HV2Y,HV2Y,-1,-1,-1,-1,-1,-2.78,-2.57,-5.22,-3.63,-8.54,-10.91,-17.53,0,0,0,0,0,0,-13.03,-13.26,-33.87,-39.43,-57.58,-13.03,-17.73,-24.01,-33.14,-49.39,-40.5,2.42,2.42,4.81,4.81,2.42,0,21.79,45.76,17.8,38.48,-7.73,-19.97,-43.82,-33.26,-49.15,0.886055,10,-6.23,-17.73,-11.45,-33.14,,,-7.73,-11.65,-20.71,4.56,-11.69,0.960288,13
26-11-2025,NSE:BFUTILITIE,BZ,2565.35,645.3,174842,1128.25543,3.19,3.19,9.47,2L,-0.38,-6.14,-7.53,-10.2,-15.23,-31.92,-28.5,-15.77,-7.31,-47.27,-11.49,-1,-1,HV2Y,HV2Q,HVQ,-1,-1,-1,-1,-1,-1,-2.9,-3.59,-6.27,-8.95,-13.96,-0.01,-13.97,0,0,15.87,0,0,0,-12.4,-24.76,-24.76,-38.97,-41.98,-12.4,-13.3,-2.67,-32.83,-37.74,-14.55,0.9,0.9,10.08,10.08,0.9,4.95,41.45,27.44,0,36.05,-15.71,-32.27,-20.52,-21.27,-56.18,0.885982,10,-12.28,-2.96,16.23,-8.6,,,-15.71,-14.82,8.89,-2.36,-31.36,0.956234,10
26-11-2025,NSE:CMSINFO,EQ,5857.69,357.75,881530,3153.67358,2.63,2.63,3.45,S,2.58,0.18,0.73,-1.33,-3.79,-8.76,-24.44,-35.58,-20.13,-35.25,-7.77,-1,-1,HVY,-1,EEP,-1,-1,-1,-1,-1,-1,0.64,-1.31,-0.66,-3.69,-4.2,-18.49,-19.15,0,0,0,0,0,0,-6.85,-17.35,-33.07,-35.15,-40.89,-6.85,-23.99,-16.71,-19.85,-28.99,-20.05,2.58,2.58,2.58,2.58,2.58,4.71,4.75,16.21,14.3,28.68,-4.27,-28.21,-40.33,-34.09,-44.16,0.885902,10,-3.21,-23.99,-1.37,-15.49,,,-4.27,-23.21,-9.97,1.74,-6.72,0.959831,13
26-11-2025,NSE:SUPREMEIND,EQ,46148.86,3463.9,230023,7967.7667,2.39,2.36,5,2L,1.07,-3.67,-13,-12.26,-15.5,-25.55,-33.7,-21.26,-5.74,-31.4,-12.61,-1,-1,-1,-1,-1,-1,-1,-1,-1,-1,-1,-2.89,-4.08,-6.7,-8.63,-14.11,1.31,-12.97,0,0,12.7,0,0,9.52,-11.85,-25.2,-25.42,-32.15,-44.01,-11.85,-13.73,-0.28,-24.25,-40.79,-26.42,1.07,1.07,11.29,11.29,1.07,0,48.8,34.96,3.28,22.38,-15.98,-37.47,-26.01,-19.7,-40.31,0.885892,10,-9.18,-7.21,24.71,-24.25,,,-15.98,-19.06,8.28,3.14,-18.4,0.962808,15
26-11-2025,NSE:AVPINFRA,SM,397.67,142.3,106672,151.79426,5.34,5.32,3.31,S,2.89,-6.32,-11.14,-11.1,-15.07,-26.49,-26.56,-14.48,-25.65,-25.54,NA,-1,-1,-1,-1,HV2Q,-1,-1,-1,-1,-1,-1,-2.46,-4.7,-6.84,-7.69,-13.49,-5.24,-17.8,0,0,0,0,0,0,-15.22,-22.66,-32.51,-46.16,NA,-15.22,-21.61,-14.58,-38.37,-32.35,NA,9.5,9.5,14.21,NA,9.5,2.18,44.54,36.43,165.68,NA,-15.55,-30.33,-19.23,-39.61,-34.45,0.885406,10,-12.43,-13.2,-3.77,-2.66,,,-15.55,-13.29,8.53,-19.42,5.95,0.963218,15
26-11-2025,NSE:GANESHBE,EQ,615.51,84.64,89635,75.86706,3.66,3.69,3.68,L,3.70,-2.59,-0.6,-0.78,-1.32,-6.46,-11.09,-35.39,-37.09,-54.18,-111.37,-1,-1,-1,-1,HV2Q,HVQ,-1,-1,-1,-1,-1,1.11,-1.16,-0.04,-3.36,-3.29,-17.5,-17.69,0,0,0,0,0,0,-2.99,-13.9,-25.88,-43.06,-55.53,-2.99,-14.19,-27.8,-32.78,-40.6,-33.2,4.83,4.83,4.83,4.83,4.83,0,8.06,12.75,0,0.9,-1.8,-14.86,-40.14,-51.05,-63.09,0.885197,10,-1.55,-10.82,-20.52,-31.4,,,-1.8,-12.95,-22.89,-10.92,-6.6,0.951817,8
26-11-2025,NSE:MEGATHERM,SM,433.34,232.25,24376,56.61326,4.11,4.14,4.37,L,-1.17,0.34,-7.66,-8.37,-11.93,-23.06,-32.44,-28.91,-17.61,-17.01,-26.16,-1,-1,-1,-1,HVQ,2,-1,-1,-1,-1,-1,-0.34,-3.56,-3.77,-8.78,-11.54,-13.91,-22.34,0,0,0,0,0,0,-9.42,-27.74,-37.71,-39.37,-49.89,-9.42,-19.81,-17.5,-24.25,-41.06,-41.36,7.7,7.7,7.7,7.7,7.7,3.4,15.21,12.13,6.99,6.44,-12.41,-36.21,-33.66,-31.57,-25.92,0.884658,10,-7.43,-19.18,5.9,-17.38,,,-12.41,-21.64,1.65,-0.89,6.38,0.967877,21
26-11-2025,NSE:DENORA,EQ,392.84,692.9,4924,34.1184,3.38,3.36,3.89,L,2.44,-3.72,-9.31,-16.73,-14.07,-23.62,-23.21,-18.81,-3.85,-72.57,-113.44,-1,-1,-1,-1,-1,-1,-1,-1,-1,-1,-1,-2.59,-4.06,-6.39,-7.04,-12.55,-3.41,-15.43,0,0,0,0,0,0,-15.97,-22.02,-28.6,-50.29,-64.55,-15.97,-18.55,-12.02,-51.75,-63.18,-38.82,2.44,2.44,2.44,2.44,2.44,4.2,24.38,19.94,0,3.48,-14.55,-26.98,-23.56,-17.81,-81.48,0.884617,10,-15.97,-14.58,17.03,-51.75,,,-14.55,-11.32,2.55,2.93,-60.3,0.950841,7
26-11-2025,NSE:UNICHEMLAB,EQ,3331.6,469.3,24360,114.32148,3.75,3.71,3.37,,-0.47,-2.75,-2.21,0.36,-0.17,-4.59,-8.47,-27.1,-40.72,-83.37,-12.35,-1,-1,-1,-1,-1,-1,-1,-1,-1,-1,-1,-0.22,-0.3,-0.52,-1.2,-1.7,-20.24,-18.25,0,0,0,0,0,0,-2.68,-11.18,-27.53,-45.3,-47.84,-2.68,-25.86,-28.27,-33.7,-26.59,-4.35,2.87,2.87,2.87,2.87,2.87,1.89,5.07,8.02,37.04,78.57,-0.65,-12.24,-31.85,-54.68,-92.28,0.88419,10,0.81,-25.86,-26.73,1.88,,,-0.65,-11.6,-18.2,-20.37,-24.44,0.941147,4
26-11-2025,NSE:SYMPHONY,EQ,6060.94,868.2,55500,481.851,2.59,2.57,16.03,3L,1.26,0.01,-2.63,-8.01,-3.86,-5.71,-9.89,-41.81,-27.23,-58.52,4.6,-1,-1,-1,-1,EEP,EEP,-1,-1,-1,-1,-1,-0.63,-1.46,-2.06,-2.14,-4.11,-18.26,-18.92,0,0,0,0,0,0,-8.27,-9.13,-29.59,-39.24,-52.85,-8.27,-20.9,-27.79,-33.14,-40.01,-25.26,1.26,1.26,1.26,5.52,1.26,2.99,1.04,15.92,34.26,67.27,-4.34,-13.66,-46.56,-41.19,-67.43,0.884127,9,-3.45,-19.2,-14.3,-25.44,,,-4.34,-9.12,-30.06,0.62,-18.72,0.953548,8
26-11-2025,NSE:NDL,EQ,461.27,3.1,1635459,50.69923,2.48,2.45,3.52,2L,1.64,-1.61,-5.16,-5.81,-8.39,-11.29,-9.03,-32.26,-26.45,-61.94,-9.19,-1,-1,-1,-1,HVQ,HVQ,-1,-1,-1,-1,-1,-1.07,-1.65,-2.68,-3.29,-5.78,-10.14,-14.45,0,0,0,0,0,0,-7.46,-14.36,-24.76,-46.46,-57,-7.46,-9.43,-17.96,-43.13,-45.63,-30.37,1.64,1.64,1.64,1.64,1.64,7.01,7.3,30.16,21.55,55.66,-8.87,-12.8,-37.01,-40.41,-70.85,0.883892,9,-7.19,-8.94,-9.38,-13.65,,,-8.87,-3.91,-22.32,-5.27,-22.19,0.951355,8
26-11-2025,NSE:SJVN,EQ,32754.84,78.57,2619756,2058.34229,1.78,1.75,3.8,L,0.89,-4.43,-5.31,-11.12,-12.09,-17.65,-26.47,-30.75,-13.92,-31.65,-58.58,-1,-1,-1,-1,-1,HVQ,-1,-1,-1,-1,-1,-2.9,-2.84,-5.58,-5.75,-10.71,-6.08,-15.83,0,0,0,0,0,0,-11.64,-20.82,-24.49,-35.74,-48.91,-11.64,-11.52,-5.49,-24.71,-41.79,-32.74,0.89,0.89,0.89,0.89,0.89,0,21.18,25.28,1,2.21,-12.57,-30.24,-35.5,-27.88,-40.56,0.883315,9,-10.88,-7.48,10.44,-22.94,,,-12.57,-16.14,-4.4,3.21,-9.69,0.961699,15
26-11-2025,NSE:KABRAEXTRU,EQ,768.7,237.66,34086,81.00879,4.23,4.16,15.97,2L,0.20,1.69,4.39,-2.26,-2.12,-14.81,-13,-10.05,-49.9,-87.73,-32.73,-1,-1,HVQ,-1,-1,-1,-1,-1,-1,-1,-1,1.87,-0.93,0.93,-5.51,-4.34,-14.91,-16.75,0,0,0,0,0,0,-4,-17.74,-26.58,-58.62,-58.62,-4,-16.54,-31.35,-54.47,-37.98,-6.56,8.77,8.77,8.77,8.77,8.77,0,9.01,6.17,21.15,51.73,-2.6,-16.77,-14.8,-63.86,-96.64,0.883132,9,-1.79,-16.54,-28.18,-34.37,,,-2.6,-13.96,1.59,-45.87,-19.37,0.939027,4
26-11-2025,NSE:TTML,EQ,10531.2,50.82,1342776,682.39876,2.13,2.12,7.64,2L,0.04,-2.16,-7.01,-9.21,-8.93,-11.22,-14.4,-47.6,-25.19,-31.15,-55.55,-1,-1,-1,-1,HVQ,HVQ,-1,-1,-1,-1,-1,-2.05,-2.3,-4.25,-4.08,-8.01,-10.02,-16.39,0,0,0,0,0,0,-9.27,-13.56,-33.91,-40.48,-52.09,-9.27,-10.06,-24.4,-25.42,-40.02,-37.16,0.32,0.32,0.32,0.32,0.32,1.11,7.83,39.11,0,0,-9.41,-18.17,-52.35,-39.15,-40.06,0.882664,9,-7.97,-10.06,-11.57,-21.44,,,-9.41,-8.33,-30.04,5.52,1.11,0.965741,18
26-11-2025,NSE:ORIENTPPR,EQ,510.52,23.22,286820,66.5996,2.02,2.04,3.31,L,-0.73,-4.05,-8.18,-9.17,-12.79,-20.28,-26.53,-26.87,-3.83,-58.1,-88.42,-1,-1,EEP,EEP,EEP,EEP,-1,-1,-1,-1,-1,-2.71,-2.7,-5.27,-5.85,-10.5,-2.86,-12.99,0,0,0,0,0,0,-11.17,-18.58,-23.47,-47.03,-61.75,-11.17,-10.86,-5.59,-40.38,-60.28,-39.52,0.22,0.22,7.65,7.65,0.22,3.6,36.21,36.58,0,0.63,-13.27,-30.3,-31.62,-17.79,-67.01,0.882584,9,-11,-9.56,16.96,-39.91,,,-13.27,-15.49,-1.29,8.5,-46.39,0.955197,9
26-11-2025,NSE:NRL,EQ,453.09,62.17,71853,44.67101,3.76,3.71,3.45,L,0.99,-3.25,-5.18,-11.34,-8.51,-23.61,-14.61,-35.85,-15.1,-65.13,-6.96,-1,-1,-1,HV2Q,HVQ,HVQ,-1,-1,-1,-1,-1,-1.86,-2.47,-4.22,-5.84,-9.51,-3.45,-12.53,0,0,0,0,0,0,-10.18,-19.94,-31.19,-46.4,-55.18,-10.18,-13.12,-21.14,-39.11,-48.41,-25.99,0.99,0.99,13.49,13.49,0.99,3.66,30.07,54.18,10.38,58.34,-8.99,-18.38,-40.6,-29.06,-74.04,0.88241,9,-6.99,-10.79,-3.39,-2.85,,,-8.99,-8.93,-19.56,5.61,-37.59,0.952454,8
26-11-2025,NSE:OMAXAUTO,EQ,204.03,88.9,71216,63.31102,6.59,6.9,4.83,3L,2.07,-5.84,-9.21,-11.41,-35.57,-62.42,-72.97,3.19,7.45,-23.66,-6.86,-1,-1,-1,HV2Y,-1,HV2Y,-1,-1,-1,-1,-1,-3.55,-7.39,-10.18,-20.24,-25.31,10.08,-16.93,0,0,9.52,0,0,0,-27.84,-41.31,-45.07,-45.07,-45.07,-27.84,-25.54,-4.99,-39.91,-48.95,-31.79,2.07,4.69,11.5,11.5,2.07,0,92.86,7.94,0,20.47,-36.05,-76.74,-1.56,-6.51,-32.57,0.88235,9,-27.84,-0.5,79.78,-36.2,,,-36.05,-30.9,43.01,-5.27,-27.73,0.983372,40
26-11-2025,NSE:MOREPENLAB,EQ,2537.03,44.26,1808549,800.46379,2.64,2.64,4.48,2L,3.19,-2.76,-6.35,-8.9,-9.51,-14.8,-8.95,-50.63,-12.83,-65.45,5.11,-1,-1,-1,-1,HV2Q,-1,-1,-1,-1,-1,-1,-1.09,-2.65,-3.64,-5.36,-8.55,-12.14,-18.45,0,0,0,0,0,0,-9.15,-18.25,-34.3,-49.97,-53.99,-9.15,-19.38,-28.94,-30.69,-48.08,-23.87,3.19,3.19,3.31,7.82,3.19,4.48,12.56,55.63,26.91,86.1,-9.99,-12.72,-55.38,-26.79,-74.36,0.882149,9,-8.46,-18.96,-7.29,-15.22,,,-9.99,-2.79,-39.28,15.43,-40.77,0.960486,13
26-11-2025,NSE:PIGL,BE,281.15,150.2,75415,113.27333,4.75,4.7,5.14,S,0.55,0.85,1.28,2.15,-5.16,-9.22,-0.99,-18.04,-60.75,-94.16,60.32,-1,-1,-1,HVQ,-1,-1,-1,-1,-1,-1,-1,0.3,-1.58,-1.26,-5.3,-6.22,0.17,-6.07,0,0,20.63,0,0,6.35,-5.01,-16.95,-19.31,-63.98,-63.98,-5.01,-12.67,-35.9,-57.48,-42.09,0,6.39,33.68,33.68,164.67,6.39,29.98,35,36.67,325.46,413.89,-5.64,-4.76,-22.79,-74.71,-103.07,0.882134,9,-2.07,29.98,-35.9,17.02,,,-5.64,0.65,-17.9,-45.85,-14.91,0.93991,4
26-11-2025,NSE:PRITIKAUTO,EQ,252.1,14.91,149980,22.36202,3.21,3.16,4.74,2L,0.81,0.2,-2.28,-4.23,-6.77,-16.1,-23.94,-22.07,-20.39,-58.15,-109.26,-1,-1,-1,-1,-1,-1,-1,-1,-1,-1,-1,-0.48,-1.92,-2.36,-5.66,-7.59,-8.71,-15,0,0,0,0,0,0,-6.64,-17.3,-25.82,-48.43,-58.08,-6.64,-15.81,-13.28,-48.83,-51.81,-36.7,0.95,0.95,0.95,0.95,0.95,0,24.19,22.31,0,1.16,-7.25,-27.71,-26.82,-34.35,-67.06,0.882019,9,-6.64,-11.36,-2.17,-43.6,,,-7.25,-19.39,0.5,-8.29,-25.49,0.948987,7
26-11-2025,NSE:REFEX,EQ,4770.1,325.9,717537,2338.45308,3.14,3.13,8.29,2L,1.54,-5.23,-9.91,-14.81,-10.29,-22.88,-16.55,-40.98,-16.39,-45.01,60.67,-1,-1,HV2Y,HV2Q,HV2Q,-1,-1,-1,-1,-1,-1,-2.89,-2.77,-5.51,-3.39,-8.61,-12.96,-19.09,0,0,0,0,0,0,-12.9,-18.62,-37.18,-42.16,-43.2,-12.9,-19.91,-26.78,-19.92,-33.89,-17.63,1.54,1.54,1.54,149.64,1.54,6.33,5.96,53.71,205.15,280.21,-10.77,-20.32,-45.73,-30.35,-53.92,0.88186,9,-8.48,-11.44,-2.18,53.71,,,-10.77,-8.99,-21.98,7.78,-18.73,0.959603,12
26-11-2025,NSE:ATMASTCO,SM,462.54,172.2,27952,48.13334,3.9,4.12,3.91,L,0.17,-8.94,-16.81,-19.4,-13.91,-21.2,-37.63,-14.61,-33.57,-11.79,16.72,-1,-1,-1,HVQ,-1,-1,-1,-1,-1,-1,-1,-5.4,-4.22,-9.23,-5.7,-14.13,-5,-18.22,0,0,1.59,0,0,0,-16.75,-28.35,-33.47,-42.75,-54.9,-16.75,-24.22,-8.44,-36.95,-39.76,-49.58,1.23,1.23,3.36,35.64,1.23,0,42.26,18.46,88.76,57.98,-14.39,-41.4,-19.36,-47.53,-20.7,0.881826,9,-11.05,-11.38,8.47,-22.7,,,-14.39,-24.14,15.71,-26.2,22.17,0.972281,26
26-11-2025,NSE:EPIGRAL,EQ,6522.97,1468.4,23900,350.9476,2.96,2.93,3.33,3L,2.24,0.1,-4.26,-14.55,-15.57,-16.77,-24.86,-27.39,-16,-31.37,32.24,-1,-1,-1,EEP,-1,-1,-1,-1,-1,-1,-1,-0.75,-3.92,-4.5,-7.49,-11.15,-7.63,-17.45,0,0,0,0,0,0,-13.95,-19.26,-29.7,-31.97,-37.36,-13.95,-18.75,-12.22,-20.21,-27.34,-17.71,3.5,3.5,3.5,43.34,3.5,2.28,17.89,20.28,75.72,99,-16.05,-28.63,-32.14,-29.96,-40.28,0.881788,9,-13.5,-8.16,3.42,-6.83,,,-16.05,-11.35,-3.04,-0.72,-7.38,0.961377,14
26-11-2025,NSE:GULPOLY,EQ,924.33,138.41,133859,185.27424,3.25,3.25,3.91,2L,2.50,-4.83,-8.74,-13.42,-10.44,-11.4,-20.25,-40.08,-23.34,-27.51,-24.38,-1,-1,HV2Q,-1,-1,-1,-1,-1,-1,-1,-1,-3,-2.27,-5.16,-2.06,-7.07,-15.54,-19.57,0,0,0,0,0,0,-12.09,-15.84,-27.06,-36.3,-46.22,-12.09,-11.8,-22,-24.67,-33.67,-31.43,2.5,2.5,2.5,2.5,2.5,10.58,12.45,30.99,8.3,8.84,-10.92,-24.02,-44.83,-37.3,-36.42,0.881679,9,-9.27,-10.03,-4.88,-6.24,,,-10.92,-12.19,-17.51,2.29,2.5,0.96443,17
26-11-2025,NSE:DYCL,EQ,1784.97,338.9,220968,748.86055,3.65,3.64,6.71,2L,-3.74,-6.79,-12.54,-17.34,-32.72,-21.51,-30.01,-28.26,8.28,-35.97,46.3,-1,-1,-1,HVQ,HVQ,-1,-1,-1,-1,-1,-1,-5.59,-3.8,-9.04,-6.37,-14.49,3.24,-11.63,0,0,0,0,0,0,-18.42,-25.08,-32.49,-36.07,-36.07,-18.42,-6.29,-12.24,-18.01,-41.37,0,0,0,32.84,84.71,0,16.21,72.7,70.38,77.79,163.58,-33.2,-33.78,-33.01,-5.68,-44.88,0.881439,9,-17.95,10.02,37.96,58.11,,,-33.2,-1.26,0.32,18.83,-42.38,0.972753,26
26-11-2025,NSE:SWSOLAR,EQ,5433.58,225.91,2034055,4595.13365,3.09,3.09,9.34,S,0.49,-1.04,-3.4,-3.85,-2.53,-14.27,-20.18,-25.56,-13.23,-107.6,-116.44,-1,HVY,-1,HV2Q,-1,EEP,-1,-1,-1,-1,-1,-0.92,-0.98,-1.89,-3.86,-5.53,-13.71,-16.92,0,0,0,0,0,0,-5.36,-17.16,-32.87,-56.33,-72.47,-5.36,-20.24,-19.33,-61.76,-68.83,-42.85,2.72,2.72,2.94,2.94,2.72,3.03,23.72,29.25,0,0.12,-3.01,-23.95,-30.31,-27.19,-116.51,0.881349,9,1.81,-19.95,1.5,-58.59,,,-3.01,-20.53,-5.5,0.16,-77.48,0.939918,4
26-11-2025,NSE:FIRSTCRY,EQ,17433.02,315.2,915617,2886.02478,2.84,2.83,6.98,,2.39,-2.17,-8.31,-10.69,-11.77,-22.57,-20.34,-11.85,-19.8,-79.22,NA,-1,-1,-1,EEP,EEP,-1,-1,-1,-1,-1,-1,-1.96,-3.43,-5.21,-7.31,-11.66,-2.82,-14.08,0,0,11.11,0,0,3.17,-11.29,-23,-24.03,-51.76,NA,-11.29,-13.94,-9.05,-51.22,-47.76,NA,2.39,2.39,2.39,NA,2.39,2.61,19.65,11.21,0,NA,-12.25,-24.11,-16.6,-33.76,-88.13,0.881166,9,-10.29,-1.34,-3.45,-45.09,,,-12.25,-10.97,6.03,-16.77,-43.73,0.943541,5
26-11-2025,NSE:TRACXN,EQ,496.82,46.23,238880,110.43422,2.98,3.07,4.42,L,-0.39,-1.25,-1.47,-13.93,-13.5,-10.75,-10.3,-23.19,-28.9,-61.95,-84.94,-1,-1,-1,HV2Q,-1,HVQ,-1,-1,-1,-1,-1,-1.34,-2.54,-3.79,-4.54,-7.96,-9.05,-15.6,0,0,0,0,0,0,-12.66,-16.37,-25.58,-44.61,-55.23,-12.66,-8.87,-19.28,-41.26,-42.29,-27.49,0,0,0,0,0,5.85,2.29,14.24,0,0,-13.98,-14.07,-27.94,-42.86,-70.86,0.881028,9,-11.62,-6.64,-13.97,-38.24,,,-13.98,-0.49,-12.71,-14.3,-19.77,0.949987,7
26-11-2025,NSE:TCIEXP,EQ,2366.99,580.35,28353,164.54664,3.25,3.2,6.57,2L,-0.97,-6.8,-6.07,-19.01,-15.74,-30.23,-18.44,-32.2,-14.62,-42.98,-75.38,-1,-1,-1,-1,-1,-1,-1,-1,-1,-1,-1,-4.16,-3.42,-7.33,-7.44,-13.75,-3.95,-17.02,0,0,0,0,0,0,-16.27,-23.75,-29.53,-34.85,-53.91,-16.27,-11.75,-16.54,-33.48,-47.17,-34.09,0,0,0,0,0,2.9,12.17,25.21,0,0.08,-16.22,-22.21,-36.95,-28.58,-51.89,0.880865,9,-12.65,-4.3,-0.57,-28.57,,,-16.22,-5.64,-12.64,3.64,-18.87,0.959054,12
26-11-2025,NSE:SNOWMAN,EQ,785.31,44.32,251874,111.63056,3.08,3.04,5.73,2L,3.14,-3.66,-4.94,-9.75,-14.91,-22.68,-20.35,-32.67,-8.17,-53.11,-43.16,-1,-1,-1,HV2Q,EEP,-1,-1,-1,-1,-1,-1,-1.8,-3.7,-5.3,-8.47,-12.7,-4.41,-16.39,0,0,0,0,0,0,-14.59,-24.72,-29.31,-44.19,-51.02,-14.59,-13.49,-14.93,-35.02,-47.02,-25.01,3.14,3.14,3.14,3.14,3.14,1.98,23.62,36.27,0,18.12,-15.39,-24.12,-37.42,-22.13,-62.02,0.880814,8,-13.67,-9.34,8.28,-26.87,,,-15.39,-8.04,-11.26,8.81,-35.68,0.957294,11
26-11-2025,NSE:CROMPTON,EQ,17701.22,268.35,2998131,8045.48454,2.19,2.16,4.62,L,1.25,-2.22,-4.83,-5.55,-8.83,-11.81,-20.33,-33.04,-23.44,-42.33,-2.66,-1,-1,-1,-1,EEP,-1,-1,-1,-1,-1,-1,-0.95,-1.96,-2.85,-4.21,-6.78,-13.46,-17.84,0,0,0,0,0,0,-7.8,-19.93,-25.31,-35.62,-43.75,-7.8,-12.86,-11.01,-25.17,-30.56,-19.94,1.25,1.25,1.25,1.3,1.25,4.27,1.96,11.16,25.05,44.19,-9.31,-24.1,-37.79,-37.4,-51.24,0.880448,8,-7.56,-11.22,-2.12,-22.77,,,-9.31,-13.87,-11.58,-2.45,-9.44,0.955902,10
26-11-2025,NSE:BYKE,EQ,318.9,57.19,71742,41.02925,4.89,4.79,3.12,L,0.63,-7.24,-8.99,-10.26,-5.91,-18.24,-23.99,-65.85,-16.44,-23.34,-1.42,-1,-1,HVQ,-1,HV2Q,2,-1,-1,-1,-1,-1,-3.75,-2.32,-5.93,-4.96,-10.37,-15.62,-22.48,0,0,0,0,0,0,-10.99,-23.51,-42.41,-44.13,-44.13,-10.99,-22.62,-28.6,-7.35,-34.95,-19.3,0.63,0.63,0.63,5.32,0.63,0.56,21.36,62.33,22.63,29.91,-6.39,-27.76,-70.6,-30.4,-32.25,0.879926,8,-6.69,-22.37,5.43,30.06,,,-6.39,-20.38,-34.78,20.13,-0.06,0.974937,29
26-11-2025,NSE:AWHCL,EQ,1408.32,463.4,64094,297.0116,3.03,3.06,5.03,2L,1.60,-1.24,-6.05,-11.45,-13.96,-24.89,-26.87,-34.4,-14.27,-33.1,-0.93,-1,-1,-1,-1,-1,EEP,-1,-1,-1,-1,-1,-2.01,-3.64,-5.45,-7.65,-12.17,-7.27,-18.13,0,0,0,0,0,0,-14.88,-23.35,-32.18,-32.45,-47.41,-14.88,-13.93,-13.96,-25.59,-39.9,-30,1.86,1.86,1.86,12.96,1.86,2.08,20.86,28.03,29.08,50.35,-14.44,-30.64,-39.15,-28.23,-42.01,0.878651,8,-11.77,-12.98,10.16,-15.79,,,-14.44,-14.63,-6.96,5.31,-10.61,0.961307,14
26-11-2025,NSE:ISGEC,EQ,6551.48,827.8,54944,454.82643,2.59,2.62,8.33,L,2.12,-5.09,-3.36,-6.43,-4,-14.22,-23.99,-51.2,-10.52,-55.67,-5.78,-1,-1,-1,-1,-1,-1,-1,-1,-1,-1,-1,-2.19,-1.72,-3.85,-3.58,-7.17,-17.43,-20.95,0,0,0,0,0,0,-7.53,-20.02,-34.94,-48.6,-48.6,-7.53,-24.12,-19.33,-22.28,-43.19,-17.54,2.12,2.12,2.12,2.12,2.12,0,10.36,36.8,11.17,56.59,-4.48,-27.76,-55.95,-24.48,-64.58,0.878643,8,-3.79,-24.12,7.92,-12.92,,,-4.48,-22.53,-22.96,17.24,-34.98,0.959208,12
26-11-2025,NSE:SURAJEST,EQ,1361.54,271.05,362627,982.90048,3.25,3.3,5.69,2M,2.50,-2.27,-5.2,-6.73,-2.91,-6.33,-19.7,-23.96,-17.78,-113.26,-5.66,-1,EEP,-1,-1,HV2Q,-1,-1,-1,-1,-1,-1,-1.26,-1.49,-2.71,-1.47,-4.12,-10.48,-13.22,0,0,0,0,0,0,-10.26,-14.56,-29.8,-60.17,-66.86,-10.26,-16.29,-15.97,-58.06,-60.96,-29.32,2.5,2.5,2.5,3.93,2.5,3.78,18.11,22.32,22.41,121.64,-3.39,-23.47,-28.71,-31.74,-122.17,0.878354,8,-10.26,-11.91,-1.4,-57.76,,,-3.39,-19.62,-4.58,-4.67,-75.19,0.936646,3
26-11-2025,NSE:KRITIKA,EQ,214.89,7.42,185862,13.79096,2.82,2.79,5.45,L,-1.59,-7.28,-8.36,-13.07,-13.88,-22.91,-18.46,-35.44,-9.57,-62.8,-164.15,-1,-1,HVQ,-1,-1,-1,-1,-1,-1,-1,-1,-4.54,-2.87,-7.21,-5.63,-12.15,-8.18,-18.79,0,0,0,0,0,0,-12.6,-24.9,-29.87,-44.17,-69.71,-12.6,-14.47,-17.77,-54.65,-66.82,-50.69,0,0,0,0,0,9.6,12.26,28.35,0,4.86,-14.36,-22.23,-40.19,-23.53,-71.71,0.878237,8,-11.98,-9.43,9.19,-47.16,,,-14.36,-7.33,-15.35,9.44,-42.72,0.954612,9
26-11-2025,NSE:FOODSIN,EQ,602,75.06,79808,59.90388,5.09,5.08,6.58,2L,0.94,-4.85,-8.35,-9.9,-8.81,-18.57,-18.85,-28.79,-28.74,-51.48,-77.46,-1,-1,-1,HV2Y,EEP,-1,-1,-1,-1,-1,-1,-2.53,-2.91,-5.28,-5.48,-10.2,-11.84,-19.71,0,0,0,0,0,0,-11.5,-20.23,-39.75,-39.75,-56.86,-11.5,-26.06,-28.4,-32.68,-44.47,-34.66,3.13,3.13,3.13,3.13,3.13,1.64,15.01,24.62,2.81,1.94,-9.29,-22.62,-33.54,-42.7,-60.39,0.877914,8,-6.98,-24.58,-9.32,-32.68,,,-9.29,-12.54,-9.38,-9.62,-11.8,0.950897,7
26-11-2025,NSE:PATELENG,EQ,3007.67,33.17,2125690,705.09137,2.58,2.61,4.78,L,3.82,-5.94,-7.45,-9.98,-11.34,-17.64,-15.89,-25.2,-29.36,-56.86,-67.77,-1,-1,-1,-1,-1,-1,-1,-1,-1,-1,-1,-2.37,-2.89,-5.11,-5.5,-10.06,-8.64,-17.21,0,0,0,0,0,0,-11.12,-18.42,-26.52,-43.22,-53.68,-11.12,-9.17,-15.24,-32.61,-40.08,-27.34,3.82,3.82,3.82,3.82,3.82,2.19,6.36,8.49,0,9.21,-11.82,-19.66,-29.95,-43.32,-65.77,0.877913,8,-9.47,-5.77,-13.13,-23.39,,,-11.82,-7.4,-9.06,-12.98,-15.38,0.949463,7
26-11-2025,NSE:DPWIRES,EQ,343.33,209.8,27271,57.21456,3.12,3.13,5.49,3L,1.81,-2.84,-7.88,-10.4,-14.9,-22.15,-9.67,-25,-25.24,-75.81,-111.15,-1,-1,HV2Y,HVQ,HVQ,-1,-1,-1,-1,-1,-1,-2.06,-3.17,-5.06,-6.7,-11.02,1.03,-10.1,0,0,12.7,0,0,0,-13.46,-30.06,-30.06,-46.36,-61.78,-13.46,-19.64,-17.44,-40.26,-52.13,-32.8,1.94,3.92,8.11,8.11,1.94,19.4,18.56,35.13,1.92,0,-15.38,-13.44,-29.75,-39.2,-84.72,0.877744,8,-12.03,7.76,-12.75,-37.45,,,-15.38,1.24,-14.99,-9.85,-34.51,0.946877,6
26-11-2025,NSE:DPSCLTD,EQ,1084.8,10.59,132633,14.04583,2.58,2.56,5.64,2L,0.19,-3.87,-6.7,-10.76,-10.58,-17.75,-15.49,-25.68,-29.75,-59.87,-50.14,-1,-1,-1,HVQ,HVQ,-1,-1,-1,-1,-1,-1,-2.81,-2.56,-5.24,-5.04,-9.79,-7.57,-16.14,0,0,0,0,0,0,-10.78,-18.54,-26.3,-43.49,-53.06,-10.78,-9.92,-14.89,-35.86,-39.1,-24.96,0.19,0.19,0.19,0.19,0.19,1.3,11.59,21.44,0,14.78,-11.06,-19.26,-30.43,-43.71,-68.78,0.8777,8,-9.25,-9.65,-12.95,-35.86,,,-11.06,-7.75,-9.85,-12.89,-17.35,0.948343,6
26-11-2025,NSE:JITFINFRA,BE,763.4,300.1,34733,104.23373,4.23,4.37,8.98,2L,1.18,3.98,-1.55,-0.77,-10.05,-20.23,3.1,-36.84,-27.99,-149.52,-62.45,-1,-1,HV2Y,HVQ,-1,-1,-1,-1,-1,-1,-1,0.25,-2.41,-2.11,-8.63,-9.88,-10.22,-18.23,0,0,0,0,0,0,-7.08,-32.89,-32.89,-62.75,-74.93,-7.08,-26.15,-36.78,-65.69,-67.91,-37.44,17.82,17.82,17.82,17.82,4.84,29.66,0.22,19.03,0,68.16,-10.53,-0.67,-41.59,-41.95,-158.43,0.877407,8,-7.08,-5.93,-31.08,-65.69,,,-10.53,8.64,-42.23,-3.19,-89.08,0.939212,4
26-11-2025,NSE:KELLTONTEC,EQ,1108.39,19.32,4109199,793.89725,4.21,4.21,5.07,2L,2.33,-6.52,-9.58,-10.14,-5.85,-26.71,-33.59,-28.16,-23.39,-40.58,-5.23,-1,EEP,-1,EEP,-1,EEP,-1,-1,-1,-1,-1,-3.3,-3.62,-6.67,-9.35,-14.65,-7.08,-20.3,0,0,0,0,0,0,-12.78,-30,-39.91,-43.72,-46.96,-12.78,-36.39,-19.72,-27.87,-34.55,-25.43,2.33,2.33,2.33,9.09,2.33,0,27.8,22.6,34.6,53.36,-6.33,-37.36,-32.91,-37.35,-49.49,0.87668,8,-3.3,-36.39,1.79,-24.6,,,-6.33,-29.52,3.05,-5.94,-8.07,0.95457,9
26-11-2025,NSE:HINDOILEXP,EQ,1850.08,142.07,428748,609.12228,3.04,3.02,3.4,L,0.83,3.54,-5.64,-7.34,-14.08,-23.59,-17.55,-28.38,-39.92,-30.44,-15.58,-1,-1,-1,-1,-1,HVQ,-1,-1,-1,-1,-1,-0.25,-3.15,-3.29,-8.7,-11.04,-7.62,-17.34,0,0,3.17,0,0,0,-8.7,-21.41,-21.41,-33.79,-50.29,-8.7,-10.35,-18.84,-32.37,-30.45,-35.16,3.67,3.67,3.67,3.67,3.67,2.44,5.56,13.51,24.9,16.44,-14.56,-21.32,-33.13,-53.88,-39.35,0.876588,8,-6.96,0.09,-17.29,-31.28,,,-14.56,-6.35,-10.24,-18.65,12.65,0.96118,14
26-11-2025,NSE:DEEPAKNTR,EQ,23596,1569.5,165374,2595.54493,1.78,1.76,4.48,L,-0.70,-9.04,-9.97,-11.62,-11.36,-19.11,-16.61,-29.84,-21.01,-66.88,-33.71,-1,-1,-1,-1,-1,-1,-1,-1,-1,-1,-1,-5.35,-2.32,-7.49,-3.85,-10.92,-7.97,-17.49,0,0,0,0,0,0,-10.41,-16.04,-25.28,-43.11,-49.41,-10.41,-8.14,-13.61,-32.06,-38.79,-15.58,0,0,0,0,0,0.58,1.38,12.75,0.04,26.83,-11.84,-20.38,-34.59,-34.97,-75.79,0.876565,8,-10.4,-8.14,-4.32,-30.95,,,-11.84,-8.02,-12.36,-2.86,-32.04,0.94806,6
26-11-2025,NSE:BALAJEE,EQ,344.23,41.77,137364,57.37694,3.43,3.39,7.18,M,3.01,1.58,-0.22,-5.1,-7.73,-21.38,-21.57,-17.45,-30.69,-71.39,NA,-1,-1,HVQ,-1,HV2Q,-1,-1,-1,-1,-1,-1,0.95,-2.92,-1.92,-8.71,-9.78,-5.51,-14.49,0,0,14.29,0,0,4.76,-8.46,-28.25,-28.25,-49.06,NA,-8.46,-22.71,-16.36,-50.55,-44.98,NA,3.83,3.83,3.83,NA,3.83,0.4,22.1,17.96,0,NA,-8.21,-25.34,-22.2,-44.65,-80.3,0.876539,8,-6.66,0.33,-8.57,,,,-8.21,-16.15,2.37,-20.93,-25.27,0.942837,5
26-11-2025,NSE:TRENT,EQ,156450.03,4292.4,991953,42578.59057,1.92,1.94,3.71,S,1.14,-1.55,-1.94,-8.58,-11.8,-14.09,-26.34,-29.83,-16.43,-50.51,5.32,-1,-1,-1,-1,-1,-1,-1,-1,-1,-1,-1,-1.39,-2.33,-3.64,-5.09,-8.3,-10.97,-17.37,0,0,0,0,0,0,-10.21,-22.37,-31.02,-41.37,-47.88,-10.21,-13.21,-12.85,-32.33,-39.31,-21.55,1.14,1.14,1.14,10.77,1.14,3.94,17.38,20.62,29.73,67.7,-12.28,-30.11,-34.58,-30.39,-59.42,0.875636,8,-9.16,-4.84,8.65,-20.27,,,-12.28,-16.32,-3.79,0.66,-23.4,0.952692,8
26-11-2025,NSE:DOLATALGO,EQ,1355.02,70.13,271652,190.50955,4.35,4.19,11.74,L,0.09,-3.85,-10.84,-10.89,-15.47,-18.68,-15.46,-33.01,-12.42,-77.93,5.1,-1,-1,-1,HV2Q,HV2Q,-1,-1,-1,-1,-1,-1,-3.53,-3.29,-6.6,-5.59,-11.55,-9.67,-19.35,0,0,0,0,0,0,-13.49,-19.2,-35.21,-49.89,-61.53,-13.49,-12.28,-25.2,-48.84,-56.76,-31.56,1.55,1.55,2.22,4.28,1.55,4.75,18.01,35.96,27.99,102.56,-15.95,-19.23,-37.76,-26.38,-86.84,0.874822,8,-12.7,-12.28,-0.86,-43.23,,,-15.95,-3.3,-16.22,5.82,-52.4,0.949702,7
26-11-2025,NSE:HERANBA,EQ,1060.36,257.05,36205,93.06495,2.79,2.74,4.27,3L,2.02,-1.46,-7.8,-14.88,-17.84,-20.23,-46.29,-14.82,4.8,-76.17,-19.45,-1,-1,-1,HV2Q,-1,-1,-1,-1,-1,-1,-1,-2,-4.34,-6.08,-7.87,-12.93,-0.75,-13.58,0,0,0,0,0,0,-14.54,-29.07,-35.05,-47.68,-52.77,-14.54,-21.94,-4.98,-45.77,-55.04,-16.8,2.17,2.17,22.23,22.23,2.17,3.7,78.82,40.35,0,59.65,-18.32,-50.06,-19.57,-9.16,-85.08,0.874753,8,-14.5,-18.7,47.91,-38.81,,,-18.32,-27.46,20.49,7.43,-79.19,0.953836,9
26-11-2025,NSE:SALZERELEC,EQ,1347.78,723.7,314922,2279.09051,4.14,4.39,5.81,,0.65,-2.25,4.8,-6.29,-18.11,-10.79,-16.37,-37.67,-25,-36.69,6.63,-1,-1,HV2Y,-1,HVQ,HVQ,-1,-1,-1,-1,-1,-1.15,-2.91,-3.95,-5.55,-9,-13.09,-19.54,0,0,0,0,0,0,-17.66,-21.07,-23.67,-54.66,-54.66,-17.66,-6.78,-24.71,-37.58,-43.33,-15.53,5.65,5.65,5.65,5.65,5.65,13.47,6.72,18.37,41.53,54.78,-18.59,-20.14,-42.42,-38.96,-45.6,0.874226,8,-14.8,4.91,-10.29,-6.72,,,-18.59,-1.84,-19.32,-0.45,-3.49,0.961061,14
26-11-2025,NSE:OMAXE,EQ,1355.29,69.01,183340,126.52293,3.52,3.45,9.9,L,0.76,-4.29,-12.97,-15.61,-17.45,-23.08,-29.76,-27.95,-12.62,-44.91,-27.52,-1,-1,-1,HVQ,-1,HVQ,-1,-1,-1,-1,-1,-3.43,-4.39,-7.49,-7.2,-13.71,-7.61,-19.81,0,0,0,0,0,0,-14.93,-22.48,-35.45,-42.45,-57.48,-14.93,-20.15,-16.24,-33.18,-52.12,-38.39,2.43,2.43,2.43,2.43,2.43,2.4,27.44,25.66,0,22.55,-17.93,-33.53,-32.7,-26.58,-53.82,0.873183,7,-13.88,-13.93,9.55,-33.18,,,-17.93,-13.8,0.38,2.32,-22.8,0.955511,10
26-11-2025,NSE:STYRENIX,EQ,3754.36,2070.9,45485,941.94887,3.25,3.23,6.03,2L,1.74,0.96,-14.23,-15.5,-20.55,-18.26,-30.5,-40.45,-17.96,-16.64,35.36,-1,-1,-1,EEP,-1,EEP,-1,-1,-1,-1,-1,-2,-4.54,-6.26,-7.01,-12.4,-15.46,-24.13,0,0,0,0,0,0,-15.97,-23.89,-40.26,-40.26,-40.26,-15.97,-18.43,-22.05,-4.93,-20.15,-14.33,3.12,3.12,3.12,52.44,3.12,7.68,16.49,25.38,87.29,85.19,-21.03,-34.27,-45.2,-31.92,-25.55,0.872853,7,-15.97,-18.43,8.74,8.98,,,-21.03,-11.57,-8.65,6.35,6.99,0.969839,23
26-11-2025,NSE:GRPLTD,EQ,1040.59,1993.8,3744,74.64787,3.73,3.67,4.75,2L,5.11,4.32,-0.28,-3.01,-6.7,-15.38,-15.85,-49.44,-25.81,-59.37,26.91,-1,-1,-1,EEP,EEP,-1,-1,-1,-1,-1,-1,2.55,-2.12,0.43,-5.36,-4.68,-18.37,-19.48,0,0,0,0,0,0,-3.23,-13.33,-33.05,-42.48,-57.87,-3.23,-12.22,-25.27,-30.55,-46.99,-32.85,5.64,5.64,5.64,33.84,5.64,6.41,15.54,33.04,83.85,132.89,-7.18,-19.62,-54.19,-39.77,-68.28,0.872812,7,-3.23,-12.22,-10.47,-30.55,,,-7.18,-11.89,-30.02,6.15,-20.8,0.952787,8
26-11-2025,NSE:APOLLOPIPE,EQ,1325.85,301.55,135983,410.05674,3.13,3.07,5.47,S,0.42,0.5,0.28,0.08,-4.44,-25.48,-33.34,-56.49,-7,-52.84,-118.29,-1,-1,-1,-1,EEP,-1,-1,-1,-1,-1,-1,0.13,-1.69,-1.53,-8.09,-8.9,-15.57,-21.18,0,0,0,0,0,0,-3.35,-26.25,-35.86,-39.58,-56.22,-3.35,-25.37,-17.79,-28.2,-55.02,-35.75,2.94,2.94,2.94,2.94,2.94,0,23.89,46.26,0,0,-4.92,-37.11,-61.24,-20.96,-61.75,0.872784,7,-3.35,-25.37,21.5,-16.45,,,-4.92,-30.98,-18.38,21.97,-36.98,0.962058,15
26-11-2025,NSE:NCC,EQ,11558.66,175.75,3307480,5812.8961,2.58,2.57,8.01,2L,1.45,-2.89,-6.29,-17.05,-21.51,-18.56,-24.48,-33.19,-5.92,-54.74,-32.72,-1,-1,-1,-1,-1,-1,-1,-1,-1,-1,-1,-2.23,-4.37,-6.32,-7.76,-13.07,-4.79,-17.04,0,0,0,0,0,0,-17.88,-19.01,-26.75,-44.12,-50.9,-17.88,-4.57,-8.82,-28.42,-48,-24.03,1.97,1.97,1.97,1.97,1.97,5.45,25.01,33.77,0,28.95,-21.99,-28.25,-37.94,-19.88,-63.65,0.87267,7,-16.55,-2.15,15.78,-27.06,,,-21.99,-5.75,-8.02,10.82,-40.22,0.957519,11
26-11-2025,NSE:TVSSCS,EQ,5395.63,108.37,576501,624.75413,2.77,2.7,7.52,,2.08,-7.59,-15.57,-19.56,-17.54,-18.46,-19.03,-21.4,-22.37,-66.64,-39.06,-1,-1,-1,EEP,-1,-1,-1,-1,-1,-1,-1,-5.08,-4.2,-8.91,-5.18,-13.4,-3.03,-15.94,0,0,0,0,0,0,-16.56,-19.52,-24.39,-43.73,-49.74,-16.56,-5.41,-10.44,-38.99,-38.5,-16.25,2.08,2.08,2.08,2.08,2.08,3.92,17.62,19.96,3.89,21.69,-18.02,-22.8,-26.15,-36.33,-75.55,0.872558,7,-14.47,-0.16,-4.47,-32.65,,,-18.02,-4.57,-3.01,-10.46,-30.31,0.947054,6
26-11-2025,NSE:MANINFRA,EQ,5388.95,128.37,518744,665.91167,3.65,3.63,5.67,L,4.89,0.37,-5.64,-12.79,-13.44,-19.42,-27.48,-24.85,-29.91,-38.69,-44.97,-1,-1,-1,HVQ,-1,EEP,-1,-1,-1,-1,-1,0.57,-4.03,-3.33,-7.83,-10.35,-11.32,-19.46,0,0,0,0,0,0,-13.82,-21.64,-32.24,-49.71,-49.71,-13.82,-20.19,-13.62,-37.21,-34.67,-17.95,7.84,7.84,7.84,7.84,7.84,1.68,20.29,17.8,0,4.18,-13.92,-31.25,-29.6,-43.87,-47.6,0.872374,7,-11.71,-16.89,-3.49,-20.12,,,-13.92,-15.69,1.05,-13.71,-0.89,0.954623,9
26-11-2025,NSE:RAIN,EQ,3931.88,109.69,1314500,1441.87505,3.6,3.57,5.35,L,-0.02,-3.03,-11.31,-23,-19.04,-22.77,-33.55,-30.47,-12.44,-33.6,-46.37,-1,-1,-1,HV2Y,-1,HV2Y,-1,-1,-1,-1,-1,-3.66,-4.92,-8.18,-7.39,-14.5,-8.57,-21.25,0,0,0,0,0,0,-20.99,-21.96,-32.85,-43.39,-43.39,-20.99,-20.06,-10.32,-26.14,-36.35,-21.15,3.52,3.52,3.52,3.52,3.52,3.48,20.5,17.72,0,0.78,-19.52,-37.32,-35.22,-26.4,-42.51,0.872243,7,-17.72,-15.9,14.71,-12.69,,,-19.52,-15.49,1.29,4.16,-12.96,0.960097,13
26-11-2025,NSE:DYNPRO,EQ,348.18,271.4,22419,60.84517,3.94,3.9,4.65,L,2.88,-3.06,-11.55,-11.31,-15.9,-28.13,-48.53,-9.25,-8.53,-61.42,-5.21,-1,-1,-1,HV2Y,-1,-1,-1,-1,-1,-1,-1,-1.69,-4.21,-5.67,-9.62,-13.95,1.36,-12.76,0,0,14.29,0,0,0,-13.79,-30.69,-32.67,-40.44,-43.27,-13.79,-21.97,0,-38.02,-38.43,-8.42,3.63,3.63,6.04,6.51,3.63,2.09,57.49,15.84,15.6,71.94,-16.38,-52.3,-14,-22.49,-70.33,0.87182,7,-12.49,-10.42,37.91,-23.19,,,-16.38,-31.46,25.43,-9,-42.87,0.952395,8
26-11-2025,NSE:IMAGICAA,EQ,2845.15,48.24,527403,254.41921,3.21,3.22,7.43,2L,0.48,-3.38,-6.97,-4.54,-10.05,-18.86,-21.79,-35.16,-34.37,-42.58,-54.54,-1,-1,-1,HV2Q,-1,EEP,-1,-1,-1,-1,-1,-2.19,-2.44,-4.51,-4.99,-9.05,-17.09,-22.33,0,0,0,0,0,0,-8.52,-16.29,-34.4,-37.08,-52.38,-8.52,-18.56,-20.11,-33.54,-36.02,-32.11,0.86,0.86,0.86,0.86,0.86,2.27,2.05,11.89,5.6,0,-10.53,-25.56,-39.91,-48.33,-51.49,0.871324,7,-8.45,-18.56,-15.53,-33.54,,,-10.53,-13.97,-12,-9.08,-0.24,0.953602,8
26-11-2025,NSE:PCJEWELLER,EQ,8057.39,10.18,71895645,7318.97666,3.55,3.51,3.84,L,0.10,-7.47,-19.25,-18.47,-14.54,-30.94,-34.68,-27.01,-22.3,-36.4,37.38,-1,-1,-1,HV2Q,-1,-1,-1,-1,-1,-1,-1,-5.83,-4.59,-9.96,-8.4,-16.94,-7.26,-22.57,0,0,0,0,0,0,-17.7,-31.86,-45.65,-46.95,-46.95,-17.7,-25.5,-26.8,-32.62,-35.12,-25.35,0.1,0.1,0.1,120.11,0.1,0,28.61,21.29,169.19,200.24,-15.02,-38.45,-31.76,-36.26,-45.31,0.870054,7,-11.63,-19.86,11.19,18.94,,,-15.02,-20.89,4.67,-5.95,-5.66,0.95584,10
26-11-2025,NSE:ROTO,EQ,1175.9,61.28,254913,156.21069,4.26,4.13,12.58,L,3.11,5.71,-6.77,-11.91,-16.84,-29.94,-36.06,-44.62,-11.81,-27.58,2.65,-1,-1,-1,-1,-1,HVQ,-1,-1,-1,-1,-1,1.03,-5.03,-3.81,-11.91,-14.05,-13.06,-23.98,0,0,0,0,0,0,-14.46,-27.13,-41.78,-42.99,-47.95,-14.46,-22.97,-20.78,-17.55,-41.81,-33.6,8.12,8.12,8.12,8.12,8.12,0.67,32.41,40.73,23.97,41.47,-17.32,-39.83,-49.37,-25.77,-36.49,0.869113,7,-13.08,-20.49,15.4,-9.28,,,-17.32,-19.76,-7.31,13.03,-8.24,0.964951,17
26-11-2025,NSE:SAREGAMA,EQ,7635.26,380.4,333748,1269.57739,3.04,3.03,4.5,L,2.56,-2.09,-7.2,-18.94,-19.2,-25.24,-28.12,-46.99,-23.96,-17.81,7.43,-1,-1,-1,-1,-1,EEP,-1,-1,-1,-1,-1,-1.87,-4.78,-6.35,-9.62,-14.57,-10.99,-23.03,0,0,0,0,0,0,-17.26,-24.23,-34.4,-34.4,-43.61,-17.26,-9.68,-15.96,-17.11,-30.09,-33.56,2.66,2.66,2.66,9.51,2.66,0.54,9.83,26.01,36.46,29.69,-19.68,-31.89,-51.74,-37.92,-26.72,0.868927,7,-16.42,-6.63,-2.25,6.69,,,-19.68,-10.79,-15.75,6.01,10.83,0.969454,22
26-11-2025,NSE:UTKARSHBNK,EQ,3005.62,16.53,14551784,2405.4099,5.09,5.14,4.09,L,2.80,-1.57,0.42,-20.51,-24.14,-12.36,-8.96,-20.17,-32.2,-79.64,-152.11,-1,-1,HV2Y,-1,-1,EEP,-1,-1,-1,-1,-1,-0.09,-3.62,-3.59,-6.09,-9.12,-7.92,-15.78,0,0,0,0,0,0,-19.09,-23.86,-24.33,-49.36,-67.36,-19.09,-5.48,-20.78,-53.95,-56.85,-41.36,4.03,4.03,4.03,4.03,4.03,19.98,5.32,8.44,0.35,0,-24.62,-12.73,-24.92,-46.16,-88.55,0.868885,7,-15.14,6.96,-18.34,-53.95,,,-24.62,8.91,-11.3,-19.67,-30.02,0.946774,6
26-11-2025,NSE:FAIRCHEMOR,EQ,821.88,646.1,38090,246.09949,4.77,4.99,7.66,,-1.10,-7.53,-4.77,-15.39,-16.77,-22.3,-26.07,-29.37,-44.77,-21.23,-89.75,HV2Q,HV2Q,-1,HVQ,-1,HVQ,10.21,-1,-1,-1,-1,-3.65,-3.4,-6.82,-7.33,-13.18,-16.06,-25.19,0,0,0,0,0,0,-14.54,-20.32,-35.62,-49.55,-57.3,-14.54,-17.27,-20.29,-41.15,-38.18,-48.23,2.06,2.06,2.06,2.06,2.06,0,5.31,8.07,19.65,0,-17.25,-29.84,-34.12,-58.73,-30.14,0.868865,7,-13.91,-17.27,-15.33,-41.15,,,-17.25,-11.28,-3.63,-21.56,22.13,0.965249,18
26-11-2025,NSE:STERTOOLS,EQ,1097.83,279.9,83741,234.39106,3.46,3.41,5.05,L,-1.36,-4.31,-9.91,-9.16,-12.56,-15.22,-14.4,-13.75,-35.82,-120.92,-18.54,-1,-1,-1,EEP,EEP,HVQ,-1,-1,-1,-1,-1,-2.67,-2.69,-5.22,-5.28,-9.97,-7.15,-15.98,0,0,0,0,0,0,-11.91,-18.86,-26.35,-62,-62,-11.91,-11.94,-19.63,-56.77,-48.39,0,1.91,1.91,1.91,1.91,1.91,4.48,12.13,11.5,24.01,101.71,-13.04,-18.17,-18.5,-49.78,-129.83,0.868354,7,-10.49,-11.94,-19.22,-40.48,,,-13.04,-4.94,-0.46,-29.05,-56.79,0.931205,2
26-11-2025,NSE:APTECHT,EQ,603.23,102.78,135258,139.01817,3.38,3.35,5,2L,1.17,-2,-1.84,-5.23,-6.16,-20.88,-25.37,-61.04,-15.25,-56.64,-106.51,-1,-1,-1,-1,HV2Y,HV2Y,-1,-1,-1,-1,-1,-0.71,-2.48,-3.11,-7.64,-9.99,-17.04,-23.1,0,0,0,0,0,0,-7.62,-23.13,-39.53,-48.16,-60.3,-7.62,-19.44,-25.01,-32.18,-54.25,-37.82,1.53,1.53,1.53,1.53,1.53,0,16.62,49.79,0,0,-6.64,-29.14,-65.79,-29.21,-65.55,0.868328,7,-5.56,-19.44,3.46,-28.21,,,-6.64,-21.41,-29.47,18.78,-30.04,0.958633,11
26-11-2025,NSE:BAJAJELEC,EQ,5872.34,488.3,482236,2354.75839,2.64,2.59,9.07,2L,-0.10,-1.08,-3.76,-3.45,-8.44,-20.78,-20.78,-39.74,-34.69,-54.35,-90.34,-1,-1,-1,-1,EEP,-1,-1,-1,-1,-1,-1,-1.24,-2.02,-3.2,-5.82,-8.52,-12.11,-18.4,0,0,0,0,0,0,-7.84,-19.27,-29.2,-42.81,-55.68,-7.84,-17.58,-14.49,-32.52,-40.3,-31.58,0.19,0.19,0.19,0.19,0.19,0.75,15.66,33.82,0.09,0,-8.92,-24.55,-44.49,-48.65,-63.26,0.8677,7,-7.74,-17.58,-9.95,-29.82,,,-8.92,-14.69,-16.72,-6.05,-8.73,0.948932,7
26-11-2025,NSE:HMVL,EQ,553.27,66.79,142251,95.00944,5.2,5.15,5.71,2L,-0.13,-7.59,-3.11,-14.07,-21.22,-28.12,-31.01,-34.87,-16.65,-32.77,-38.79,-1,-1,-1,-1,HV2Q,HVQ,-1,-1,-1,-1,-1,-5.36,-3.73,-8.76,-7.95,-15.48,-6.75,-20.82,0,0,0,0,0,0,-16.33,-23.61,-27.5,-30.85,-41.05,-16.33,-10.68,-7.46,-9.26,-31.24,-21.73,0,0,0,0,0,0.94,16.84,20.28,0,4.19,-21.7,-34.78,-39.62,-30.61,-41.68,0.867671,7,-16.33,-8,6,-6.55,,,-21.7,-11.39,-3.97,3.85,-7.95,0.960284,13
26-11-2025,NSE:TTL,EQ,247.72,9.41,147309,13.86178,6.58,6.35,3.82,L,0.00,-0.32,2.87,0,-6.8,-12.86,-21.15,-40.04,-29.28,-69.01,-17.43,-1,-1,-1,HVQ,-1,-1,-1,-1,-1,-1,-1,0.48,-1.37,-0.88,-5.47,-6.01,-22.41,-23.22,0,0,0,0,0,0,-5.81,-16.21,-40.29,-46.99,-46.99,-5.81,-26.21,-27.66,-25.76,-31.46,-1.85,4.79,4.79,4.79,4.79,4.79,0.8,10.84,28.12,27.19,66.28,-7.28,-24.92,-44.79,-43.24,-77.92,0.867523,6,-5.05,-22.69,-10.31,15.64,,,-7.28,-16.74,-16.62,-1.97,-24.87,0.944707,5
26-11-2025,NSE:IITL,EQ,412.06,170.83,21800,37.24094,5.37,5.29,6.09,L,-2.27,-0.11,-9.66,-8.29,-12.6,-6.82,-1.79,-2.18,-101.37,-135.64,-15.06,-1,-1,-1,-1,-1,-1,-1,-1,-1,-1,-1,-2.37,-3.09,-5.3,-4.62,-9.48,-7.9,-16.11,0,0,36.51,0,0,12.7,-13.82,-16.21,-16.21,-60,-60,-13.82,-5.65,-48.43,-59.12,-19.45,-1.9,4.25,8.2,8.2,19.75,4.25,21.83,10.13,2.98,141.15,182.19,-13.08,-5.56,-6.93,-115.33,-144.55,0.867492,6,-10.71,15.81,-48.43,-23.45,,,-13.08,6.3,-1.41,-106.73,-11.15,0.934679,3
26-11-2025,NSE:NPST,EQ,3394.17,1621.4,12769,207.03657,4.34,4.31,3.61,2L,2.23,0.14,-11.1,-8.68,-12.09,-19.74,-35.2,-22.35,-12.45,-84.45,33.51,-1,-1,-1,HVQ,-1,-1,-1,-1,-1,-1,-1,-2.05,-4.29,-6.08,-7.91,-12.96,-7.92,-19.35,0,0,4.76,0,0,0,-14.12,-27.33,-31.23,-46.63,-53.84,-14.12,-22.91,-9.14,-43.52,-48.09,-14.86,3.89,3.89,6.52,52.49,3.89,0,44.01,30.32,71.48,181.28,-12.57,-38.97,-27.1,-26.41,-93.36,0.866745,6,-9.77,-0.45,25.09,-31.61,,,-12.57,-23.92,8.48,-1.57,-58.16,0.942414,5
26-11-2025,NSE:HARIOMPIPE,EQ,1161.27,346.35,249924,865.61177,3.49,3.53,5.01,L,1.45,-6.54,-20.92,-28.63,-31.67,-52.65,-42.53,-12.01,-0.49,-62.81,-35.72,-1,-1,-1,HV2Y,HV2Q,-1,-1,-1,-1,-1,-1,-4.73,-7.71,-11.55,-15.75,-23.59,6.81,-18,0,0,28.57,0,0,12.7,-24.32,-37.04,-37.04,-40.53,-60.13,-24.32,-17.1,-2.16,-55.34,-59.93,-35.09,2.29,2.29,6.88,6.88,2.29,7.26,52.34,19.72,0,24.62,-32.15,-46.3,-16.76,-14.45,-71.72,0.866679,6,-23.84,0.05,33.93,-52.36,,,-32.15,-11.55,20.39,0.62,-56.15,0.955082,9
26-11-2025,NSE:MASTERTR,EQ,1145.11,111.11,894040,993.36784,5.59,5.37,8.68,,0.59,5.68,-7.67,-17.86,-22.22,-24.17,-42.18,-39.83,1.2,-42.81,NA,-1,-1,-1,HV2Q,HVQ,-1,-1,-1,-1,-1,-1,0.01,-5.36,-5.08,-12.19,-15.4,-6.95,-20.89,0,0,0,0,0,0,-18.26,-31.38,-33.78,-40.62,NA,-18.26,-19.06,-5.84,-16.97,-41.33,NA,9.35,9.35,9.35,NA,9.35,8.35,47.33,44.89,0,NA,-22.7,-45.95,-44.58,-12.76,-51.72,0.866631,6,-18.26,-19.06,27.68,,,,-22.7,-19.64,0.63,19.68,-38.67,0.963832,16
26-11-2025,NSE:PARSVNATH,EQ,654.95,14.04,810447,113.78676,6.03,5.79,8.5,2L,1.15,-4.84,-11.47,-20.94,-27.49,-3.85,-7.34,-42.17,-56.77,-21.44,18.09,-1,-1,-1,HVQ,-1,HVQ,-1,-1,-1,-1,-1,-4.03,-3.64,-7.4,-0.12,-7.52,-24.95,-25.98,0,0,0,0,0,0,-20.09,-21.56,-47.22,-47.22,-47.22,-20.09,-4.99,-43.35,-21.32,-13.24,-20.88,9.01,9.01,9.01,24.25,1.96,38.98,4.07,23.59,94.78,50.88,-27.97,-11.11,-46.92,-70.73,-30.35,0.866423,6,-19.12,-4.99,-32.87,14.71,,,-27.97,12.5,-33.47,-19.93,28.41,0.978008,33
26-11-2025,NSE:FOCUS,EQ,512,72.59,44303,32.15955,4.31,4.28,5.03,L,0.43,-2.95,-12.84,-15.28,-19.59,-28.06,-32.15,-32.65,-4.42,-68.76,-136.12,-1,-1,-1,HV2Q,-1,-1,-1,-1,-1,-1,-1,-3.75,-4.46,-7.86,-8.61,-15.16,-9.96,-22.85,0,0,0,0,0,0,-15.95,-25.66,-42.42,-48.24,-59.36,-15.95,-22.59,-23.9,-32.19,-57.56,-31.41,0.43,0.43,13.26,13.26,0.43,4.45,49.68,50.24,0,49.32,-20.07,-35.92,-37.4,-18.38,-77.67,0.866121,6,-15.67,-12.04,20.53,-8.5,,,-20.07,-13.82,-1.4,11.62,-55.74,0.951918,8
26-11-2025,NSE:NIITLTD,EQ,1359.53,97.26,292499,284.48453,3.04,3,7.57,2M,1.27,-1.31,-4.77,-6.06,-8.93,-11.59,-15.95,-39.85,-25.54,-95.03,-10.79,-1,-1,-1,-1,EEP,-1,-1,-1,-1,-1,-1,-1.06,-1.94,-2.94,-4.41,-7.04,-14.74,-18.98,0,0,0,0,0,0,-7.83,-15.29,-31.74,-57.34,-57.34,-7.83,-12.81,-22.55,-40.34,-46.44,-2.09,1.27,1.27,1.27,2.27,1.27,1.82,4.36,25.87,28.39,99.46,-9.41,-19.72,-44.6,-39.5,-103.94,0.866085,6,-7.66,-11.82,-10.04,14.23,,,-9.41,-9.75,-21.64,0.57,-49.49,0.940156,4
26-11-2025,NSE:SHIVALIK,EQ,656.08,399.85,29849,119.35123,4.04,3.97,7.18,3L,0.36,-3.55,-11.23,-14.32,-2.64,-15.67,-23.26,-45.35,-66.06,-31.51,-35.05,-1,-1,-1,HVQ,-1,HV2Y,-1,-1,-1,-1,-1,-2.84,-2.29,-5.02,-3.32,-8.07,-25.68,-26.85,0,0,0,0,0,0,-13.52,-18.04,-34.76,-52.99,-52.99,-13.52,-33.04,-32.53,-31.68,-21.94,-30.49,0.36,0.36,0.36,0.36,0.36,0.61,0,15.25,31.67,4.27,-3.12,-27.03,-50.1,-80.02,-40.42,0.865931,6,-2.63,-24.77,-28.49,3.29,,,-3.12,-23.4,-18.95,-23.91,26.68,0.960813,14
26-11-2025,NSE:SHOPERSTOP,EQ,5054.15,423.5,79666,337.38551,3.3,3.23,13.24,L,1.12,-6.15,-8.84,-14.39,-25.73,-29.62,-28.64,-22.02,-23.77,-42.07,-71.02,-1,-1,-1,-1,-1,-1,-1,-1,-1,-1,-1,-3.99,-4.82,-8.41,-9.35,-16.24,-2.61,-18.37,0,0,20.63,0,0,0,-19.36,-24.08,-26.5,-34.62,-53.67,-19.36,-4.54,-5.45,-43.47,-42.66,-34.18,1.12,1.12,1.12,1.12,1.12,4.15,13.31,7.48,0,0,-26.21,-32.41,-26.77,-37.73,-50.98,0.864646,6,-19.36,0.22,3.07,-34.67,,,-26.21,-5.63,4.13,-11.09,-8.92,0.954953,9
26-11-2025,NSE:JINDALSAW,EQ,10800.65,167.02,2554964,4267.30087,2.32,2.33,12.55,2M,2.97,0.09,-3.08,-2.05,-6.93,-30.12,-22.92,-28.38,-39.47,-79.56,-30.36,-1,-1,-1,HV2Q,-1,-1,-1,-1,-1,-1,-1,0.37,-3.03,-2.59,-10.07,-11.5,-17.61,-24.75,0,0,0,0,0,0,-7.24,-23.15,-33.42,-50.49,-55.33,-7.24,-19.86,-27.54,-42.65,-37.69,-19.79,3.07,3.07,3.07,3.07,3.07,0,3.22,6.32,19.14,53.38,-7.41,-26.69,-33.13,-53.43,-88.47,0.864127,6,-7.24,-19.86,-15.31,-37.67,,,-7.41,-18.27,-5.46,-18.3,-22.87,0.937912,4
26-11-2025,NSE:DANISH,SM,1468.99,689.5,34929,240.83546,4.39,4.48,4.4,2M,-2.03,-2.68,-9.59,-27.82,-22.2,-28.11,-35.77,-46.36,-12.28,-26.99,NA,-1,-1,-1,-1,-1,-1,-1,-1,-1,-1,-1,-5.16,-4.42,-9.17,-7.82,-15.76,-9.58,-23.12,0,0,0,0,0,0,-21.76,-24.68,-40.33,-44.55,NA,-21.76,-13,-18.99,-18.85,-37.74,NA,0,0,0,NA,0,4.39,35.77,60.59,23.2,NA,-22.68,-39.54,-51.11,-26.24,-35.9,0.864004,6,-17.16,-13,16.29,,,,-22.68,-14.41,-8.82,13.62,-7.23,0.965729,18
26-11-2025,NSE:NDTV,EQ,977.96,84.96,253187,215.10768,2.92,2.9,8.65,3L,1.55,-0.84,-4.4,-7.82,-10.09,-43.87,-33.15,-48.82,-13.76,-56.7,-104.71,-1,-1,HVQ,-1,HVQ,-1,-1,-1,-1,-1,-1,-1.06,-3.61,-4.5,-14.15,-16.34,-5.72,-20.87,0,0,0,0,0,0,-10.48,-35.5,-37.08,-40.61,-59.38,-10.48,-29,-16.23,-22.99,-53.79,-36.34,1.55,1.55,1.55,1.55,1.55,0,27.48,42.48,0,6.27,-10.57,-36.92,-53.57,-27.72,-65.61,0.863883,6,-7.49,-19.7,15.36,-22.82,,,-10.57,-24.26,-12.79,13.9,-31.87,0.953622,8
26-11-2025,NSE:FCSSOFT,EQ,359.01,2.01,3798436,76.34856,3.67,3.49,2.93,,-0.99,-4.98,-9.45,-11.94,-16.92,-17.41,-24.38,-30.85,-17.91,-76.62,-96.52,-1,-1,HV2Y,-1,HVQ,-1,-1,-1,-1,-1,-1,-3.24,-2.58,-5.67,-4.24,-9.51,-14.17,-20.74,0,0,0,0,0,0,-11.45,-19.92,-30.45,-45.08,-55.33,-11.45,-10.31,-23.78,-30.97,-52.6,-29,0,0,0,0,0,12.44,5.04,10.97,0,15.26,-17.4,-28.15,-35.6,-31.87,-85.53,0.863841,6,-11.06,-10.31,-11.03,-30.97,,,-17.4,-9.69,-6.22,0.23,-43.92,0.944386,5
26-11-2025,NSE:QUADFUTURE,EQ,1268,308.2,647754,1996.37783,5.29,5.36,3.56,,1.43,-2.82,1.38,-9,-16.14,-35.53,-31.15,-48.48,-61.81,NA,NA,-1,HV2Q,HVQ,-1,HV2Y,HV2Y,-1,-1,-1,-1,-1,-0.98,-3.63,-4.45,-13.13,-15.54,-23.32,-31.51,0,0,0,0,0,0,-14.14,-36.22,-40.5,NA,NA,-14.14,-25.92,-29.51,-36.06,NA,NA,2.78,2.78,NA,NA,2.78,0,7.1,6.95,NA,NA,-16.62,-34.92,-53.23,-75.77,0,0.863827,6,-14.14,-23.82,-18.96,,,,-16.62,-16.23,-14.23,-18.64,105.87,0.94057,4
26-11-2025,NSE:THEMISMED,EQ,1067.67,107.16,538880,577.46381,4.23,4.2,5.05,L,4.25,-4.4,-15.1,-14.1,-17.47,-32.22,5.65,-33.69,-52.31,-168.48,-99.42,-1,-1,HV2Y,HV2Y,HVQ,-1,-1,-1,-1,-1,-1,-3.12,-4.18,-7,-8.05,-13.94,-7.59,-20,0,0,0,0,0,0,-16.16,-24.78,-26.93,-64.3,-64.3,-16.16,-11.64,-44.59,-52.27,-45.62,-2.9,8.16,8.16,8.16,8.16,4.25,27.05,0,23.6,0,50.87,-17.95,1.88,-38.44,-66.27,-177.39,0.862641,6,-16.16,7.66,-44.59,-45.78,,,-17.95,16.37,-42.71,-23.59,-70.4,0.932891,2
26-11-2025,NSE:LIKHITHA,EQ,836.77,202.45,54226,109.78054,3.32,3.31,7.11,2L,-0.28,-2.68,-6.92,-17.42,-14.29,-18.74,-24.94,-31.49,-26.99,-68.24,-26.77,-1,-1,-1,-1,HV2Q,HVQ,-1,-1,-1,-1,-1,-2.27,-3.64,-5.7,-6.43,-11.4,-14.94,-22.92,0,0,0,0,0,0,-15.05,-19.97,-36.62,-49.48,-57.84,-15.05,-17.14,-20.8,-40.11,-46.45,-29.06,2.8,2.8,2.8,2.8,2.8,1.68,2.33,6.74,10.63,46.56,-14.77,-28.71,-36.24,-40.95,-77.15,0.862362,6,-11.7,-15.1,-5.76,-36.51,,,-14.77,-12.63,-6.26,-6.24,-26.61,0.943701,5
26-11-2025,NSE:SHK,EQ,2431.92,169.96,324170,550.95933,3.82,3.83,4.65,2L,-1.40,-3.68,-5.9,-30.8,-31.22,-40.48,-33.06,-37.85,1.09,-55.65,-12.23,-1,-1,HV2Q,-1,EEP,-1,-1,-1,-1,-1,-1,-4.61,-6.53,-10.46,-14.13,-21.55,-0.35,-21.82,0,0,0,0,0,0,-24.93,-36.28,-36.61,-40.95,-48.07,-24.93,-16.39,-15.65,-28.42,-48.64,-19.17,0.16,0.16,4.33,4.33,0.16,4.09,38.82,43.82,0,54.98,-31.7,-36.83,-42.6,-12.87,-64.56,0.862259,6,-22.2,-14.87,34.4,2.63,,,-31.7,-4.71,-4.62,18.59,-51.51,0.962033,15
26-11-2025,NSE:VALIANTORG,EQ,821.1,253.15,16042,40.61032,4.71,4.6,2.93,L,0.72,-10.01,-16.37,-20.46,-20.36,-38.87,-38.18,-64.19,-4.35,-30.32,-61.15,-1,-1,-1,-1,HV2Y,HVQ,-1,-1,-1,-1,-1,-6.05,-4.98,-10.5,-10.13,-18.74,-9.65,-25.89,0,0,0,0,0,0,-19.6,-35.04,-48.39,-48.39,-48.39,-19.6,-21.81,-28.69,-7.31,-42,-27.57,0.72,0.72,10.33,10.33,0.72,4.74,52.45,81.15,0,0.52,-20.84,-41.95,-68.94,-18.31,-39.23,0.861953,6,-19.6,-19.74,31.16,4.04,,,-20.84,-18.11,-19.85,26.79,-19.02,0.973418,27
26-11-2025,NSE:PARACABLES,EQ,1259.48,39.66,658081,260.99492,3.28,3.29,9,2M,1.04,-2.19,-5.57,-8.14,-10.92,-16.31,-19.14,-35.48,-42.74,-65.15,-62.51,-1,-1,-1,-1,-1,-1,-1,-1,-1,-1,-1,-1.05,-2.42,-3.39,-5.88,-8.76,-18.7,-23.13,0,0,0,0,0,0,-9.58,-18.4,-35.25,-53.61,-58.69,-9.58,-24.29,-26.23,-44.04,-41.04,-31.78,1.59,1.59,1.59,1.59,1.59,3.53,2.07,16.07,0,3.8,-11.4,-22.91,-40.23,-56.7,-74.06,0.861859,6,-8.15,-24.29,-22.59,-32.58,,,-11.4,-10.72,-14.73,-15.02,-9.83,0.943524,5
26-11-2025,NSE:LOKESHMACH,EQ,360.14,161.21,62470,100.70789,4.86,4.79,13.2,L,2.23,-10.25,-10.33,-16.34,-22.1,-25.94,-30.56,-11,-13.64,-116.18,-93.75,-1,-1,-1,HV2Q,-1,-1,-1,-1,-1,-1,-1,-4.98,-4.16,-8.77,-5.67,-13.67,-0.21,-13.85,0,0,4.76,0,0,0,-16.76,-22.24,-32.01,-57.09,-65.8,-16.76,-11.99,-11.24,-57.63,-61.14,-26.07,2.23,2.23,23.44,23.44,2.23,11.72,61.16,37.02,0,23.96,-22.58,-34.33,-15.75,-27.6,-125.09,0.861585,5,-16.41,-4.85,18.88,-50.09,,,-22.58,-10.23,13.96,-12.03,-84.36,0.936797,3
26-11-2025,NSE:POLYPLEX,EQ,2801.93,850.75,47243,401.91982,2.26,2.24,4.14,L,1.97,-2.27,-10.03,-11.47,-16.07,-28.09,-19.19,-62.62,-29.73,-36.91,8.58,-1,-1,-1,-1,HVQ,-1,-1,-1,-1,-1,-1,-2.27,-3.74,-5.79,-7.97,-12.74,-15.71,-24.59,0,0,0,0,0,0,-13.87,-21.93,-38.18,-41.95,-41.95,-13.87,-14.64,-26.71,-5.59,-24.69,-13.85,1.97,1.97,1.97,11.11,1.97,2.22,0,34.76,44.14,52.12,-16.55,-22.96,-67.37,-43.69,-45.82,0.861554,5,-12.84,-12.74,-14.8,5.81,,,-16.55,-5.99,-37.46,10.57,0.33,0.963721,16
26-11-2025,NSE:RPPINFRA,EQ,558.09,104.87,89695,94.06315,4.08,4.01,7.22,L,1.28,-4.93,-11.67,-11.79,-15.6,-28.1,-17.46,-54.1,-28.1,-56.94,0.31,-1,-1,HV2Q,-1,-1,HVQ,-1,-1,-1,-1,-1,-3.05,-3.92,-6.7,-8.78,-14.23,-12.54,-23.79,0,0,0,0,0,0,-13.37,-33.53,-35.11,-57.11,-57.11,-13.37,-23.16,-29.39,-33.91,-45.06,-28.97,1.28,1.28,1.28,1.28,1.28,10.49,12.27,38.29,31.06,60.57,-16.08,-21.23,-58.85,-42.06,-65.85,0.860416,5,-12.33,-5.01,-12.27,-22.41,,,-16.08,-4.92,-32.21,7.21,-16.64,0.953847,9
26-11-2025,NSE:GENUSPAPER,EQ,397,14.48,116638,16.88918,4.42,4.31,6.99,2L,1.61,-0.35,-0.69,-11.67,-14.16,-22.1,-33.63,-37.64,-26.04,-47.44,-35.01,-1,-1,-1,-1,HV2Q,-1,-1,-1,-1,-1,-1,-0.73,-3.8,-4.37,-8.35,-11.74,-11.27,-20.67,0,0,0,0,0,0,-13.81,-22.23,-29.26,-39.72,-49.9,-13.81,-14.57,-5.52,-31.04,-36.85,-26.12,4.93,4.93,4.93,4.93,4.93,2.35,21.09,24.72,7.04,25.22,-14.64,-37.4,-42.39,-40,-56.35,0.859905,5,-12.35,-11.93,4.2,-24.22,,,-14.64,-20.37,-4.02,-1.23,-11.12,0.950459,7
26-11-2025,NSE:SURAJLTD,EQ,514.19,266.85,18114,48.33721,3.36,3.34,6.08,M,-0.61,-6.18,-4.44,-6.76,-10.83,-19.47,-24.85,-45.21,-29.38,-65.54,NA,-1,-1,HV2Y,-1,-1,-1,-1,-1,-1,-1,-1,-2.57,-2.69,-5.13,-6.66,-11.05,-18.31,-24.82,0,0,0,0,0,0,-9.51,-22.67,-33.86,-49.69,NA,-9.51,-18.26,-23.02,-26.94,-34.91,NA,1.56,1.56,1.56,NA,1.56,1.79,0.88,24.82,11.21,NA,-11.31,-28.62,-49.96,-43.34,-74.45,0.859129,5,-9.51,-18.26,-4.73,,,,-11.31,-15.96,-17.33,1.24,-22.08,0.945419,5
26-11-2025,NSE:BALAMINES,EQ,3944.82,1163,51480,598.7124,3.53,3.52,5.24,L,-0.76,-2.3,-9.18,-20.78,-20.65,-27.58,-33.74,-25.41,-16.38,-70.63,-80.65,-1,-1,-1,HVQ,-1,EEP,-1,-1,-1,-1,-1,-3.23,-4.89,-7.74,-8.3,-14.81,-6.08,-19.69,0,0,0,0,0,0,-18.77,-23.78,-39.29,-44.15,-53.48,-18.77,-20.65,-18.8,-37.99,-45.86,-20.61,3.08,3.08,3.08,3.08,3.08,4.03,36.36,27.87,0,0.54,-21.13,-37.51,-30.16,-30.34,-79.54,0.859012,5,-16.6,-16.55,11.36,-33.18,,,-21.13,-14.16,5.21,-2.46,-40.75,0.94475,5
26-11-2025,NSE:KOPRAN,EQ,673.08,133.54,201940,269.67068,3.93,3.86,6.95,L,2.60,0.52,-12.97,-23.18,-24.69,-36.86,-18.77,-38.57,-30.69,-49.43,-94.44,-1,-1,HVQ,-1,HVQ,-1,-1,-1,-1,-1,-1,-1.85,-6.74,-8.05,-12.21,-18.06,-7.46,-23.75,0,0,0,0,0,0,-19.61,-27.72,-33.71,-39.93,-61.85,-19.61,-9.88,-22.95,-47.13,-50.13,-42.99,7.44,7.44,7.44,7.44,7.44,7.55,1.04,16.88,6.48,0,-25.17,-22.54,-43.32,-44.65,-58.34,0.858823,5,-19.36,-3.62,-10.61,-41.45,,,-25.17,1.44,-17.69,-3.98,-8.47,0.954363,9
26-11-2025,NSE:ZEEMEDIA,EQ,588.53,9.84,2900806,285.43931,4.26,4.16,3.75,L,5.24,4.37,1.32,-1.63,-4.17,-24.09,-26.12,-46.34,-30.79,-88.01,-12.3,-1,-1,-1,HV2Q,HVQ,-1,-1,-1,-1,-1,-1,4.06,-2.79,1.24,-9.78,-7.78,-22.05,-24.45,0,0,0,0,0,0,-2.19,-22.21,-37.76,-54.74,-60.8,-2.19,-25.29,-21.51,-42.63,-48.73,-26.29,10.31,10.31,10.31,10.31,10.31,3.85,3.07,19.6,23.75,77.88,-4.65,-29.89,-51.09,-44.75,-96.92,0.858737,5,-1.99,-24.63,-9.88,7.54,,,-4.65,-24.38,-17.06,0.97,-37.88,0.938421,4
26-11-2025,NSE:CELLECOR,SM,628.93,29.3,579120,169.68216,5.43,5.42,3.37,M,2.45,3.58,0.51,-11.43,0.85,-7.85,-13.82,-37.2,-84.3,-94.88,40.9,-1,-1,-1,-1,-1,-1,-1,-1,-1,-1,-1,0.49,-1.94,-1.42,-4.11,-5.31,-31.68,-28.09,0,0,0,0,0,0,-10.81,-19.06,-28.1,-62.27,-62.27,-10.81,-19.75,-50.37,-48.23,-30.46,-16.52,6.35,6.35,6.35,62.33,4.64,5.44,0.91,18.76,233.64,252.8,0.37,-17.59,-41.95,-98.26,-103.79,0.858675,5,-3.14,-15.06,-40.76,18.76,,,0.37,-18.11,-21.56,-43.99,0.13,0.933364,2
26-11-2025,NSE:SHALPAINTS,EQ,591.75,67.2,229932,154.5143,3.9,3.84,4.59,2L,1.17,-4.3,-14.64,-14.88,-16.41,-18.57,-7.93,-52.2,-62.72,-46.88,-147.62,-1,-1,HV2Y,-1,-1,-1,-1,-1,-1,-1,-1,-3.18,-4.01,-6.91,-7.3,-13.24,-19.78,-27.57,0,0,0,0,0,0,-14.74,-22.04,-34.44,-51.73,-61.86,-14.74,-9.25,-37.3,-31.69,-43.88,-49.35,1.17,1.17,1.17,1.17,1.17,11.38,3.26,8.91,10.79,0,-16.89,-11.7,-56.95,-76.68,-55.79,0.858561,5,-13.12,-7.44,-34.23,-26.73,,,-16.89,3.98,-42.04,-16.57,15.61,0.958653,12
26-11-2025,NSE:ESCONET,SM,253.5,170.45,45040,76.77068,3.81,4.36,3.87,2L,-0.18,-2.55,-20.18,-24.79,-31.12,-34.53,-7.98,-4.05,-44.82,-151.1,-1.41,-1,-1,HV2Q,-1,-1,-1,-1,-1,-1,-1,-1,-6.68,-7.18,-12.93,-12.65,-22.71,8.2,-15.81,0,0,17.46,0,0,7.94,-27.36,-36.84,-36.84,-59.36,-66.85,-27.36,-17.18,-23.93,-65.51,-52,-16.77,0,0,8.71,11.26,0,26.34,17.38,13.11,72.74,199.51,-31.6,-11.75,-8.8,-58.78,-160.01,0.858523,5,-27.36,18.22,-23.93,-47.79,,,-31.6,14.34,2.62,-48.85,-67.51,0.933792,3
26-11-2025,NSE:DELTACORP,EQ,1935.99,67.98,1094944,744.34293,2.01,2,3.96,2L,0.41,-3.78,-7.24,-13.02,-14.72,-20.39,-25.43,-33.45,-35.19,-64.37,-83.14,-1,-1,-1,HV2Q,HVQ,-1,-1,-1,-1,-1,-1,-2.82,-3.42,-6.03,-6.92,-12.11,-11.58,-21.23,0,0,0,0,0,0,-12.71,-28.61,-28.61,-46.77,-53.88,-12.71,-18.09,-14.63,-33.07,-37.66,-24.2,0.41,0.41,0.41,0.41,0.41,0.53,7.99,14.89,2.85,1.77,-15.2,-29.2,-38.2,-49.15,-73.28,0.857606,5,-12.11,-11.99,-11.17,-29.59,,,-15.2,-12.64,-7.41,-10.96,-15.72,0.943227,5
26-11-2025,NSE:KHADIM,EQ,395.69,210.99,56710,119.65243,3.9,3.8,6.42,2L,2.81,-3.47,-8.2,-15.74,-19.32,-30,-13.56,-41.97,-37.42,-72.92,-43.63,-1,-1,HVY,HV2Q,HV2Q,-1,-1,-1,-1,-1,-1,-2.29,-4.47,-6.47,-9.44,-14.54,-10.19,-22.44,0,0,0,0,0,0,-17.29,-27.27,-31.88,-47.86,-51.39,-17.29,-13.22,-24.3,-27.98,-33.2,-15.94,3.82,3.82,3.82,3.82,3.82,9.5,0.1,13.47,5.94,23.66,-19.8,-17.33,-46.72,-51.38,-81.83,0.856617,5,-17.29,-9.46,-14.61,-17.11,,,-19.8,1.52,-26.04,-6.46,-19.96,0.945701,6
26-11-2025,NSE:RCOM,BE,359.52,1.23,4119817,50.67375,4.86,4.92,2.41,,1.65,-3.25,-5.69,-2.44,-13.01,-14.63,-39.84,-20.33,-31.71,-70.73,-17.89,-1,-1,-1,HVQ,HVQ,-1,-1,-1,-1,-1,-1,-1.53,-2.56,-3.99,-5.74,-9.2,-22,-25.57,0,0,0,0,0,0,-9.56,-24.54,-36.92,-52.33,-52.33,-9.56,-24.46,-33.33,-42.64,-29.57,-8.7,3.36,3.36,3.36,17.14,3.36,10.32,36.51,4.96,54.29,100,-13.49,-43.61,-25.08,-45.67,-79.64,0.856204,5,-9.56,-11.46,1.78,-15.43,,,-13.49,-27.05,12.93,-19.12,-23.76,0.94078,4
26-11-2025,NSE:QUESS,EQ,3251.83,214.89,539570,1159.48197,4.29,4.21,3.79,2L,-1.67,-3.77,-2.1,-6.97,-13.2,-19.92,-26.51,-54.06,-35.34,-45.53,-13.64,-1,-1,-1,-1,-1,EEP,-1,-1,-1,-1,-1,-0.77,-2.74,-3.41,-7.57,-10.21,-21.32,-25.99,0,0,0,0,0,0,-14.49,-22.01,-33.5,-42.43,-49.06,-14.49,-19.51,-27.17,-21.53,-31.06,-25.87,2.4,2.4,2.4,2.4,2.4,3.91,2.22,16.28,24.24,33.59,-13.68,-30.28,-58.81,-49.3,-54.44,0.855368,5,-12.74,-19.51,-8.7,-7.09,,,-13.68,-15.07,-22.8,2.49,-1.66,0.95301,8
26-11-2025,NSE:NAGAFERT,EQ,290.06,4.53,360891,16.34836,2.76,2.75,3.93,2L,-0.22,-5.74,-7.51,-9.27,-9.49,-16.34,-26.93,-17,-52.1,-101.55,-126.27,-1,-1,-1,-1,HVQ,-1,-1,-1,-1,-1,-1,-3.43,-2.2,-5.5,-4.07,-9.2,-11.03,-18.22,0,0,0,0,0,0,-9.58,-18.08,-29.33,-55.37,-68.17,-9.58,-18.29,-29.88,-55.91,-51.58,-35.84,0,0,7.09,7.09,0,2.06,35.93,25.3,0,2.01,-9.97,-30.7,-21.75,-66.06,-110.46,0.855318,5,-8.85,-18.29,-17.03,-51.42,,,-9.97,-19.24,6.81,-39.66,-26.64,0.930603,2
26-11-2025,NSE:NECLIFE,EQ,328.54,15,413961,62.09415,7.38,7.43,2.29,M,-1.25,6.8,5.67,6.6,4.67,-0.2,-2.8,-81.13,-82.4,-128.53,-105,HVQ,HVQ,-1,-1,-1,-1,-1,-1,-1,-1,-1,2.59,0.46,3.07,-0.54,2.52,-38.53,-26,0,0,0,0,0,0,-4.82,-11.71,-44.73,-65.55,-72.18,-4.82,-15.83,-48.48,-49.61,-49.26,-36.42,14.5,14.5,14.5,14.5,9.41,9.16,15.51,32.47,0,22.17,4.19,-6.57,-85.88,-96.36,-137.44,0.854969,5,-0.07,-15.83,-47.41,-27.04,,,4.19,-11.14,-77.22,-10.36,-19.42,0.933201,2
26-11-2025,NSE:HLVLTD,EQ,652.67,9.8,332917,32.62587,3.93,3.81,4.09,2L,3.81,1.12,-10.41,-14.59,-14.59,-22.14,-22.55,-41.12,-34.18,-73.16,-133.67,-1,-1,-1,HVQ,-1,-1,-1,-1,-1,-1,-1,-0.7,-4.36,-4.85,-7.94,-11.85,-13.74,-22.5,0,0,0,0,0,0,-15.52,-20.33,-33.96,-50.63,-68.64,-15.52,-15.18,-19.07,-37.81,-57.92,-45.7,4.93,4.93,4.93,4.93,4.93,1.91,5.07,19.22,0,13.59,-15.07,-26.32,-45.87,-48.14,-82.07,0.85477,5,-11.87,-11.71,-15.18,-37.36,,,-15.07,-10.26,-16.17,-4.74,-23.18,0.941747,5
26-11-2025,NSE:CLEAN,EQ,9935.54,919.5,351812,3234.91134,2.96,2.99,4.07,M,-0.71,-0.04,-2.34,-7,-13.62,-22.64,-27.15,-54.92,-40.76,-38.89,-41.3,-1,-1,-1,-1,EEP,EEP,-1,-1,-1,-1,-1,-1.58,-2.72,-4.19,-8.06,-11.34,-18.42,-25.13,0,0,0,0,0,0,-12.39,-23.1,-40.65,-40.65,-44.27,-12.39,-16.19,-24.54,-12.44,-21.55,-22.59,0.33,0.33,0.33,0.33,0.33,0.86,2.16,24.48,1.35,0,-14.1,-30.92,-59.67,-54.72,-47.8,0.854162,5,-12.35,-15.92,-11.78,-8.88,,,-14.1,-15.22,-22.87,-0.52,7.2,0.955353,9
26-11-2025,NSE:SUMIT,EQ,380.03,76.13,66675,50.75968,4.99,4.86,7.15,L,0.98,-5.86,-10.48,-12.4,-13.5,-18.28,-28.49,-39.73,-34.9,-68.5,30.19,-1,-1,-1,-1,-1,-1,-1,-1,-1,-1,-1,-3.35,-3.93,-7,-7.1,-13.17,-8.64,-20.07,0,0,0,0,0,0,-13.62,-24.17,-26.08,-50.23,-51.51,-13.62,-14.29,-14.13,-32.24,-34.59,-18.29,5.91,5.91,5.91,47.68,5.91,5.33,27.01,38.12,99.22,148.85,-13.98,-32.26,-44.48,-48.86,-77.41,0.852635,5,-10.57,-4.51,-1.6,-9.73,,,-13.98,-16.51,-9.77,-6.2,-19.04,0.941348,4
26-11-2025,NSE:SAHANA,SM,1021.08,963.65,17295,166.66327,5.48,5.5,23.19,,2.77,-11.57,-20.09,-22.16,-8.09,-23.34,-24.91,-67.75,-37.24,-57.39,30.48,-1,-1,-1,-1,-1,HV2Q,-1,-1,-1,-1,-1,-5.87,-3.04,-8.65,-2.72,-11.07,-19.46,-25.55,0,0,0,0,0,0,-19.61,-21.83,-43.43,-54.27,-54.27,-19.61,-20.26,-29.34,-23.28,-37.24,-14.47,2.77,2.77,2.77,39.48,2.77,9.55,15.41,54.99,107.29,137.72,-8.57,-28.68,-72.5,-51.2,-66.3,0.852518,4,-5.66,-20.26,-9.87,12.18,,,-8.57,-18.87,-35.32,8.53,-8.81,0.950874,7
26-11-2025,NSE:VIKASECO,EQ,302.45,1.7,3180488,54.0683,3.9,3.85,2.4,,15.65,5.88,-6.47,-11.18,-13.53,-20,-25.88,-36.47,-32.94,-90,-117.65,HVQ,HVQ,-1,HV2Q,-1,-1,-1,-1,-1,-1,-1,3.59,-5.21,-1.54,-9.44,-10.03,-19.29,-24.58,0,0,0,0,0,0,-11.46,-19.05,-36.09,-50.44,-60.47,-11.46,-16.81,-19.55,-40.82,-49.78,-28.22,15.65,15.65,15.65,15.65,15.65,1.58,2.88,6.91,0,1.57,-14.01,-29.65,-41.22,-46.9,-98.91,0.852061,4,-11.46,-16.81,-13.01,-40.82,,,-14.01,-14.19,-9.43,-7.07,-37.05,0.935572,3
26-11-2025,NSE:KNRCON,EQ,4855.23,163.97,2618655,4293.8086,2.5,2.56,5.19,2L,0.83,-2.57,-7.85,-9.45,-13.7,-26.48,-22.1,-34.98,-43.01,-86.16,-46.61,-1,-1,-1,HV2Q,-1,-1,-1,-1,-1,-1,-1,-2.16,-3.41,-5.39,-7.74,-12.18,-13.95,-22.94,0,0,0,0,0,0,-13.12,-21.81,-28.92,-52.83,-59.97,-13.12,-14.08,-17.76,-37.68,-42.75,-25.48,0.83,0.83,0.83,0.83,0.83,0.37,0.99,7.33,0,28.04,-14.18,-25.87,-39.73,-56.97,-95.07,0.851864,4,-13.12,-14.08,-15.61,-35.54,,,-14.18,-10.7,-11.57,-15.61,-24.3,0.935415,3
26-11-2025,NSE:3IINFOLTD,EQ,369.16,17,764637,129.98829,2.98,3.36,4.02,S,0.18,-2.53,-1.59,-1.59,-17.47,-35.71,-32.09,-39.62,-36.77,-47.31,-128.05,-1,-1,-1,-1,-1,HVQ,-1,-1,-1,-1,-1,-1.63,-2.74,-4.25,-10.46,-13.32,-12.46,-22.92,0,0,0,0,0,0,-17.32,-28.32,-32.78,-46.73,-60.45,-17.32,-15.79,-11.21,-31,-50.19,-46.36,1.01,1.01,1.01,1.01,1.01,4.72,14,20.5,0,1.34,-17.95,-35.86,-44.37,-50.73,-56.22,0.85186,4,-17.32,-10.8,-7.21,-29.31,,,-17.95,-15.75,-6.72,-7.62,-1.83,0.94889,7
26-11-2025,NSE:EMBDL,EQ,11628.02,79.18,5248202,4155.52634,3.15,3.11,5.34,L,-0.03,-4.67,-7.39,-17.09,-16.9,-19.75,-24.94,-30.77,-61.34,-48.96,-47.51,-1,-1,HV2Q,HVQ,-1,EEP,-1,-1,-1,-1,-1,-2.95,-4.09,-6.76,-7.63,-13.37,-16.23,-25.47,0,0,0,0,0,0,-15.86,-24.02,-37.65,-49.25,-50.62,-15.86,-17.66,-26.02,-33.63,-20.33,-26.44,2.25,2.25,2.25,2.25,2.25,1.09,8.37,13.42,28.78,18.9,-17.38,-28.71,-35.52,-75.3,-57.87,0.85173,4,-14.11,-17.66,-26.02,-27.17,,,-17.38,-10.19,-5.68,-33.04,13.54,0.949209,7
26-11-2025,NSE:BPL,EQ,330.1,61.06,72811,44.4584,3.95,3.84,4.83,L,0.46,-9.66,-18.46,-19.51,-24.83,-32.35,-33.28,-39.24,-19.51,-56.34,-38.39,-1,-1,-1,HVQ,HVQ,-1,-1,-1,-1,-1,-1,-5.95,-5.22,-10.62,-9.84,-18.62,-6.43,-23.54,0,0,0,0,0,0,-19.36,-29.75,-37.26,-51.94,-57.07,-19.36,-12.31,-16.39,-33.08,-48.7,-32.89,0.46,0.46,0.46,0.46,0.46,1.97,22.03,27.49,0,19.32,-25.31,-37.05,-43.99,-33.47,-65.25,0.851234,4,-18.9,-9.79,5.65,-30.66,,,-25.31,-10.08,-5.49,4.51,-24.95,0.949812,7
26-11-2025,NSE:VIKASLIFE,EQ,371.53,1.94,3825975,74.22392,3.26,3.21,2.47,L,10.23,-1.03,-4.64,-4.12,-7.73,-15.46,-18.04,-40.21,-54.12,-113.92,-178.35,-1,-1,-1,-1,-1,-1,-1,-1,-1,-1,-1,1.18,-2.96,-1.74,-6.37,-7.62,-20.24,-23.17,0,0,0,0,0,0,-7.18,-17.09,-36.39,-57.92,-66.78,-7.18,-13.99,-30.82,-46.25,-50.98,-31.97,10.23,10.23,10.23,10.23,10.23,0,5.53,18.78,0,0,-8.21,-21.81,-44.96,-68.08,-122.83,0.849495,4,-7.18,-13.99,-24.42,-45.71,,,-8.21,-12.88,-19.8,-19.59,-32.93,0.927229,2
26-11-2025,NSE:OLAELEC,BE,18675.45,40.76,16050006,6541.98245,3.64,3.63,7.43,2M,0.42,-2.92,-5.96,-22.82,-26.79,-39.57,-19.16,-28.8,-47.87,-64.89,NA,-1,-1,2,EEP,HVQ,EEP,-1,-1,-1,-1,-1,-3.19,-5.9,-8.59,-13.69,-19.59,-0.1,-19.67,0,0,23.81,0,0,0,-21.08,-40.92,-40.92,-58.64,NA,-21.08,-25.09,-21.29,-60.02,-58.83,NA,0.42,2.41,2.41,NA,0.42,29.78,22.04,12.49,0,NA,-27.27,-22.93,-33.55,-61.83,-73.8,0.849413,4,-21.08,25.35,-19.79,-60.02,,,-27.27,2.71,-9.11,-24.46,-5.64,0.945629,6
26-11-2025,NSE:SPENCERS,EQ,416.77,46.71,121176,56.60131,3.67,3.61,5.47,2L,1.96,0.49,0.71,-7.04,-10.43,-19.12,-27.79,-37.27,-51.49,-73.13,-92.25,-1,-1,-1,-1,-1,HVQ,-1,-1,-1,-1,-1,1.08,-3.19,-2.04,-9.24,-10.33,-16.52,-23.04,0,0,0,0,0,0,-11.6,-22.2,-28.34,-50.08,-58.05,-11.6,-15.32,-18.13,-42.41,-37.77,-28.87,5.06,5.06,5.06,5.06,5.06,1.66,10.23,14.99,0,5.44,-10.91,-31.56,-42.02,-65.45,-82.04,0.849178,4,-10.93,-15.32,-15.87,-33.69,,,-10.91,-19.03,-8.44,-20.02,-8.42,0.937287,3
26-11-2025,NSE:CONFIPET,EQ,1365.51,38.89,638651,248.37137,2.9,2.87,4.35,2L,1.81,-4.24,-5.89,-6.25,-5.55,-20.06,-26.23,-58.4,-49.52,-70.17,-128.98,-1,-1,-1,-1,-1,-1,-1,-1,-1,-1,-1,-1.94,-2.15,-4,-5.86,-9.32,-19.79,-24.3,0,0,0,0,0,0,-8,-21.13,-36.52,-53.27,-61.11,-8,-21.73,-20.31,-35.31,-47.21,-39.92,1.81,1.81,1.81,1.81,1.81,1.38,5.57,32.47,0,0,-6.03,-30,-63.15,-63.48,-79.08,0.84864,4,-6.72,-21.36,-17.47,-27.42,,,-6.03,-22.9,-26.5,-4.06,-7.94,0.940936,4
26-11-2025,NSE:MUFTI,EQ,666.64,100.88,166184,167.64642,3.12,3.21,5.81,S,1.80,0.45,-1.43,-11.33,-12.2,-12.68,-25.04,-76.38,-25.79,-68.32,-76,-1,-1,-1,-1,HVQ,-1,-1,-1,-1,-1,-1,-0.6,-2.92,-3.42,-5.36,-8.33,-21.98,-24.84,0,0,0,0,0,0,-11.93,-21.28,-43.91,-50.58,-55.25,-11.93,-32.67,-30.62,-21.07,-45.72,-27.37,2.09,2.09,2.09,2.09,2.09,7.18,9.99,50.25,2.17,12.56,-12.68,-28.81,-81.13,-39.75,-77.23,0.848463,4,-10.61,-30,-3.14,-12,,,-12.68,-14.75,-42.08,19.02,-27.94,0.953864,9
26-11-2025,NSE:ALANKIT,EQ,306.41,10.97,356061,39.05989,5.05,4.87,4.15,,0.09,-0.36,-8.3,-8.75,-13.86,-19.6,-29.99,-34.64,-38.2,-85.23,-52.23,-1,-1,-1,HV2Q,-1,2,-1,-1,-1,-1,-1,-1.63,-2.83,-4.34,-6.7,-10.34,-18.44,-24.3,0,0,0,0,0,0,-10.08,-22.96,-35.55,-55.87,-61.88,-10.08,-20.85,-17.33,-48.68,-47.32,-29.4,2.43,2.43,2.43,2.43,2.43,8.42,4.7,8.44,0,32.38,-14.34,-33.76,-39.39,-52.16,-94.14,0.848116,4,-8.96,-20.85,-17.33,-47.7,,,-14.34,-17.48,-4.6,-12.3,-28.17,0.934688,3
26-11-2025,NSE:BLKASHYAP,EQ,1175.67,47.78,389395,186.05293,3.49,3.4,3.44,L,0.19,-6.8,-15.61,-22.85,-26.52,-32.34,-52.43,-51.59,-2.93,-46.57,-37.4,-1,-1,-1,-1,HV2Q,-1,-1,-1,-1,-1,-1,-5.05,-6.16,-10.56,-10.45,-19.02,-6.22,-23.77,0,0,0,0,0,0,-20.49,-32.65,-39.53,-42.13,-59.12,-20.49,-23.49,-7.82,-38.04,-57.93,-40.09,1.12,1.12,3.09,3.09,1.12,3.76,57.13,56.27,0,14.62,-27,-56.2,-56.34,-16.89,-55.48,0.848083,4,-19.98,-15.37,43.31,-37.09,,,-27,-23.79,-0.47,22.44,-36.53,0.96151,14
26-11-2025,NSE:MANYAVAR,EQ,15200.13,606.8,207231,1257.47771,2.31,2.31,6.76,3L,-0.83,-1.76,-3.76,-6.28,-13.18,-16.72,-28.39,-25.83,-36.52,-125.58,-52.5,-1,-1,-1,-1,-1,-1,-1,-1,-1,-1,-1,-1.51,-2.58,-3.99,-6.35,-9.72,-13.03,-20.13,0,0,0,0,0,0,-11.5,-19.95,-26.67,-57.69,-57.69,-11.5,-12.97,-13.65,-46.76,-42.24,-2.83,1.11,1.11,1.11,1.11,1.11,2.26,7.74,5.6,0,53.85,-13.66,-32.16,-30.58,-50.48,-134.49,0.848056,4,-10.14,-12.83,-10.44,-34.74,,,-13.66,-16.74,0.97,-18.15,-59.36,0.925785,2
26-11-2025,NSE:EMSLIMITED,EQ,2604.39,447.05,152232,680.55316,4.06,3.99,3.18,2L,1.91,-3.15,-7.86,-12.47,-18.66,-27.57,-22.23,-51.07,-38.12,-65.29,10.99,-1,-1,-1,-1,-1,EEP,-1,-1,-1,-1,-1,-2.38,-4.51,-6.59,-9.42,-14.63,-13.23,-24.61,0,0,0,0,0,0,-16.32,-23.43,-32.21,-53.96,-53.96,-16.32,-14.69,-19.1,-30.45,-36.41,-18.7,3.42,3.42,3.42,19.1,3.42,0,0,19.32,67.26,100.18,-19.14,-26,-55.82,-52.08,-74.2,0.847644,4,-14.34,-14.69,-13.69,-19.44,,,-19.14,-6.33,-24.61,-1.09,-13.81,0.945474,5
26-11-2025,NSE:SEPC,EQ,2091.49,9.85,8349981,822.47313,3.4,3.37,4.98,L,1.13,-6.7,-11.57,-12.08,-15.63,-31.07,-19.49,-44.97,-34.08,-110.36,-56.86,-1,-1,HV2Q,-1,HVQ,-1,-1,-1,-1,-1,-1,-3.81,-3.86,-7.39,-7.72,-14.02,-12.49,-23.57,0,0,0,0,0,0,-13.82,-24.92,-34.98,-59.1,-67.94,-13.82,-13.19,-23.96,-53.52,-57.01,-32.56,2.07,2.07,2.07,2.07,2.07,2.8,6.23,19.84,0,44.75,-16.11,-23.26,-49.72,-48.04,-119.27,0.847374,4,-12.13,-2.15,-17.59,-29.93,,,-16.11,-6.65,-22.35,-2.15,-51.02,0.933346,2
26-11-2025,NSE:RKSWAMY,EQ,636.01,125.28,40760,51.06413,4.36,4.26,4.84,2L,3.13,-0.59,-3.91,-3.59,-6.96,-23.65,-24.34,-47.21,-72.44,-63.71,-122.1,-1,-1,-1,-1,-1,HVQ,-1,-1,-1,-1,-1,0.12,-2.42,-2.25,-7.34,-8.94,-30.38,-30.15,0,0,0,0,0,0,-5.99,-20.66,-37.27,-55.32,-59.7,-5.99,-19.89,-35.94,-34.23,-30.5,-34.02,4.34,4.34,4.34,4.34,4.34,0.77,1.95,0,8.39,2.91,-7.44,-28.11,-51.96,-86.4,-72.62,0.846808,4,-4.72,-18.6,-27.66,-31.37,,,-7.44,-19.56,-19.41,-26.8,10.93,0.941653,4
26-11-2025,NSE:HIKAL,EQ,2897.57,221.05,260261,575.30694,3.02,2.96,4.21,2L,-1.64,-2.76,-7.84,-8.73,-9.75,-17.55,-16.13,-68.49,-56.01,-74.94,-21.78,-1,-1,-1,-1,HVQ,EEP,-1,-1,-1,-1,-1,-2.55,-2.26,-4.7,-5.17,-9.39,-33.94,-32.35,0,0,0,0,0,0,-9.29,-18.07,-41.7,-50.3,-50.3,-9.29,-26.92,-40.7,-16.26,-22.46,-4.25,0.84,0.84,0.84,0.84,0.84,1.8,2.97,14.58,30.11,45.9,-10.23,-19.9,-73.24,-69.97,-83.85,0.845872,4,-7.86,-26.92,-26.79,11.8,,,-10.23,-9.12,-46.11,-2.25,-6.27,0.943361,5
26-11-2025,NSE:MICEL,EQ,1144.8,42.83,5652189,2420.83255,4.09,3.99,4.19,L,-0.93,-10.06,-14.17,-22.32,-33.11,-42.49,-14.43,-35.93,-32.66,-94.12,7.19,-1,-1,HV2Y,HV2Y,-1,-1,-1,-1,-1,-1,-1,-6.58,-6.06,-11.92,-13.62,-22.48,-3.03,-24.77,0,0,6.35,0,0,0,-23.34,-45.5,-45.5,-54.5,-60.83,-23.34,-27.46,-27.96,-46.75,-48.03,-23.95,0,0,0,10.39,0,26.07,8.38,12.74,49.92,119.37,-33.59,-18.2,-40.68,-46.62,-103.03,0.845563,4,-23.34,9.82,-17.85,-23.21,,,-33.59,10.72,-19.81,-7.26,-40.45,0.94352,5
26-11-2025,NSE:AVG,EQ,302.36,196.56,26744,52.56801,4.91,4.85,5.92,3L,-0.34,-4.38,-6.36,-12.16,-15.49,-14.19,-16.29,-52.49,-44.18,-102.48,-200.47,-1,-1,HVY,-1,-1,-1,-1,-1,-1,-1,-1,-2.17,-3.07,-5.09,-6.4,-10.79,-14.11,-21.82,0,0,0,0,0,0,-14.91,-18.92,-37.63,-56.91,-67.89,-14.91,-16.11,-29.84,-43.96,-54.99,-36.8,1.34,1.34,1.34,1.34,1.34,6.47,10.26,44.59,8.75,0,-15.97,-20.06,-57.24,-58.14,-111.39,0.844333,4,-13.73,-16.11,-21.02,-36.93,,,-15.97,-4,-32.16,-4.21,-34.57,0.934785,3
26-11-2025,NSE:REMUS,SM,864.95,665,4620,30.723,5.79,5.68,3.56,S,1.64,-9.77,-17.74,-22.18,-0.63,-18.18,-41.71,-49.13,-52.74,-77.18,-1.11,-1,-1,-1,-1,-1,-1,-1,-1,-1,-1,-1,-5.62,-2.39,-7.82,-1.77,-9.42,-24.03,-26.98,0,0,0,0,0,0,-18.38,-29.18,-36.32,-51.16,-51.18,-18.38,-31.62,-16.65,-27.2,-25.44,-13.51,1.64,1.64,1.64,1.64,1.64,0.6,12.13,8.24,66.31,92.92,-1.11,-45.48,-53.88,-66.7,-86.09,0.844208,3,1.42,-30.88,1.04,-23.47,,,-1.11,-44.13,-6.25,-12.08,-10.13,0.935934,3
26-11-2025,NSE:PAVNAIND,EQ,492.68,31.41,384929,120.9062,7.37,7.04,4.56,S,1.13,-3.47,-15.06,-12.23,-24.8,-20.82,-40.08,-27.41,-24.94,-77.65,-71.39,-1,-1,HV2Q,-1,HV2Q,HVQ,-1,-1,-1,-1,-1,-3.11,-4.23,-7.04,-7.32,-13.38,-5.81,-18.13,0,0,4.76,0,0,0,-17.88,-27.2,-29.46,-44.63,-56.53,-17.88,-11.97,-1.19,-44.61,-45.68,-22.77,1.98,1.98,1.98,1.98,1.98,17.54,41.64,28.83,0,35.63,-25.28,-43.85,-32.16,-38.9,-86.56,0.843825,3,-17.45,-3.82,11.15,-4.79,,,-25.28,-15.55,8.03,-7.72,-36.31,0.939383,4
26-11-2025,NSE:JNKINDIA,EQ,1622.66,254.75,94502,240.74385,4.4,4.42,10.96,2M,1.33,-10.76,-7.24,-12.95,-15.78,-13.88,-18.96,-43.63,-36.6,-134.96,NA,-1,-1,-1,-1,EEP,-1,-1,-1,-1,-1,-1,-4.79,-3.17,-7.72,-4.64,-11.81,-14.25,-22.81,0,0,0,0,0,0,-14.54,-18.62,-32.84,-63.14,NA,-14.54,-12.07,-24.16,-52.27,-60.57,NA,1.33,1.33,1.33,NA,1.33,6.69,9.42,32.12,0,NA,-16.26,-22.73,-48.38,-50.56,-143.87,0.843455,3,-14.54,-10.02,-11.79,-52,,,-16.26,-6.06,-21.76,-4.77,-66.13,0.92751,2
26-11-2025,NSE:NEOGEN,EQ,3550.97,1183.7,56619,670.1991,4.3,4.33,6.67,L,-0.28,-9.68,-2.31,-24.37,-24.98,-29.8,-21.69,-42.65,-46.82,-63.41,-5.72,-1,-1,HV2Q,-1,-1,-1,-1,-1,-1,-1,-1,-4.68,-5.06,-9.27,-9.84,-17.4,-9.55,-24.6,0,0,0,0,0,0,-19.6,-25.68,-31.67,-49.76,-49.76,-19.6,-7.12,-23.26,-28.34,-26.24,-17.24,2.13,2.13,2.13,2.13,2.13,5.79,3.01,17.94,45.53,61.97,-25.46,-25.46,-47.4,-60.78,-72.32,0.843091,3,-18.27,-5.87,-18.3,8.31,,,-25.46,-0.68,-18.24,-12.58,-5.43,0.945056,5
26-11-2025,NSE:NITCO,EQ,2101.63,87.14,481951,419.9721,5.44,5.33,5.08,2L,3.57,-5.37,-8.31,-15.54,-32.19,-32.91,-42.16,-42.99,-29.07,-33.12,31.83,-1,-1,-1,-1,-1,-1,-1,-1,-1,-1,-1,-1.82,-5.92,-7.3,-12.11,-17.31,-14.58,-27.83,0,0,0,0,0,0,-21.47,-28.74,-45.86,-45.86,-45.86,-21.47,-13.93,-23.03,-15.36,-23.6,-6,6.11,6.11,6.11,63.49,6.11,7.47,28.11,59.21,111.01,117.64,-32.67,-45.93,-47.74,-43.03,-42.03,0.841401,3,-21.47,-13.93,12.39,53.39,,,-32.67,-10.85,-1.6,0.08,2.73,0.95693,10
26-11-2025,NSE:DRONE,SM,202.52,77.3,40750,31.49975,4.35,5.44,3.65,S,4.96,-1.36,-8.41,-7.63,-3.49,9.7,-20.96,-67.14,-46.57,-137.65,-76.39,-1,-1,-1,-1,-1,2,-1,-1,-1,-1,-1,-1.55,-0.94,-2.47,3.41,0.97,-36.6,-26.08,0,0,0,0,0,0,-20.31,-20.31,-42.46,-64.23,-82.91,-20.31,-20.67,-33.45,-56.88,-74.95,-59.38,17.57,17.57,17.57,17.57,4.96,21.67,2.92,21.54,0,50.82,-3.97,-24.73,-71.89,-60.53,-146.56,0.841319,3,-12.16,-20.12,-21.2,-54.73,,,-3.97,-20.19,-39.2,2.65,-56.27,0.926911,2
26-11-2025,NSE:PRAJIND,EQ,6111.79,325.2,927617,3016.61048,2.54,2.55,3.21,2L,0.81,-4.97,-3.14,-4.15,-3.92,-13.59,-25.8,-50.63,-62.78,-107.72,-41.37,-1,-1,HVQ,-1,-1,-1,-1,-1,-1,-1,-1,-2.01,-1.13,-3.11,-3.41,-6.3,-31.42,-28.71,0,0,0,0,0,0,-5.67,-22.28,-38.94,-61.5,-61.5,-5.67,-30.07,-29.65,-42,-37.33,-17.07,0.81,0.81,0.81,0.81,0.81,2.42,1.04,8.49,17.32,49.71,-4.4,-29.57,-55.38,-76.74,-116.63,0.84119,3,-3.07,-30.07,-24.62,-37.13,,,-4.4,-24.36,-20.76,-17.72,-21.74,0.92619,2
26-11-2025,NSE:ELECTCAST,EQ,4945.48,75.46,1241252,936.64876,3.23,3.22,4.91,L,3.24,-2.92,-8.69,-18.42,-20.98,-29.9,-35.38,-39.31,-25.4,-90.76,-106.2,-1,-1,-1,HV2Q,EEP,-1,-1,-1,-1,-1,-1,-2.35,-5.7,-7.62,-10.76,-16.59,-13.83,-26.72,0,0,0,0,0,0,-18.76,-25.35,-44.94,-55.16,-67.32,-18.76,-21.02,-25.45,-54.48,-59.02,-37.66,4.28,4.28,4.28,4.28,4.28,0,15.14,18.47,0,1.83,-21.46,-39.15,-44.06,-39.36,-99.67,0.841149,3,-17.14,-21.02,1.8,-52.3,,,-21.46,-15.22,-3.92,0.32,-46.25,0.936279,3
26-11-2025,NSE:RADIOCITY,EQ,238.87,6.77,120387,8.1502,4.56,4.47,5.58,S,-1.02,-1.77,-2.81,-12.7,-21.27,-27.33,-27.33,-37.96,-44.31,-77.99,-151.85,-1,-1,-1,-1,-1,-1,-1,-1,-1,-1,-1,-2.3,-3.84,-5.91,-10.1,-14.54,-13.79,-24.9,0,0,0,0,0,0,-18.92,-23.76,-28.28,-49.7,-63.7,-18.92,-7.86,-20.33,-43.8,-53.81,-43.03,0,0,0,0,0,1.73,3.98,3.32,0,1.43,-21.75,-31.1,-42.71,-58.27,-86.9,0.841037,3,-16.63,-7.44,-13.89,-39.19,,,-21.75,-8.3,-9.37,-14.26,-17.47,0.93705,3
26-11-2025,NSE:VAKRANGEE,EQ,899.05,8.06,3968014,319.82193,3.51,3.43,5.24,2M,1.64,-0.99,-1.86,-5.58,-13.4,-4.34,-10.17,-28.54,-85.86,-185.11,-153.1,-1,-1,-1,-1,-1,-1,-1,-1,-1,-1,-1,-1.1,-1.57,-2.63,-1.98,-4.53,-20.4,-20.71,0,0,0,0,0,0,-9.94,-14.8,-21.9,-78.34,-78.34,-9.94,-7.49,-43.87,-72.17,-59.75,-35.68,1.64,1.64,1.64,1.64,1.64,13.4,3.62,17.19,0,18.15,-13.88,-13.94,-33.29,-99.82,-194.02,0.838812,3,-9.94,-7.49,-42,-51.79,,,-13.88,-0.47,-17.69,-54.25,-47.53,0.913262,1
26-11-2025,NSE:SERVOTECH,EQ,2265.23,92.48,615759,569.45392,4.07,4.3,6.73,3L,-2.47,-4.68,-10.14,-25.99,-31.83,-37.53,-38.77,-31.02,-21.15,-86.69,11.22,-1,-1,-1,HV2Q,-1,-1,-1,-1,-1,-1,-1,-5.56,-6.62,-11.42,-13.36,-21.86,-7.97,-27.63,0,0,0,0,0,0,-24.18,-32.84,-43.64,-50.31,-54.12,-24.18,-14.76,-21.79,-39.89,-44.42,-14.35,0,0,0,19.18,0,1.05,16.14,9.66,45.7,124.51,-32.31,-42.54,-35.77,-35.11,-95.6,0.837775,3,-23.56,-11.81,5.77,-9.5,,,-32.31,-8.57,4.56,-2.13,-48.23,0.939227,4
26-11-2025,NSE:IONEXCHANG,EQ,5435.46,348.55,143347,499.63597,2.75,2.71,4.02,3L,0.77,-3.69,-5.75,-13.73,-14,-20.89,-28.66,-61.47,-43.52,-81.28,-26.31,-1,-1,-1,-1,-1,-1,-1,-1,-1,-1,-1,-2.35,-3.42,-5.58,-6.6,-11.43,-20.87,-26.73,0,0,0,0,0,0,-13.32,-19.3,-38.62,-52.2,-52.39,-13.32,-16.68,-21.09,-22.81,-31.67,-13.7,0.77,0.77,0.77,0.77,0.77,2.02,4.8,23.79,13.63,43.52,-14.48,-32.43,-66.22,-57.48,-90.19,0.837052,3,-11.04,-14.79,-11.81,-20.16,,,-14.48,-16.17,-26.52,1.45,-20.44,0.937647,3
26-11-2025,NSE:HIGREEN,SM,454.82,157.6,30016,47.30522,5.2,5.29,4.91,L,-5.69,-9.99,-13.58,-19.23,-23.89,-33.82,-33.09,-42.93,-50.7,-52.66,1.94,HVQ,HVQ,-1,HV2Q,-1,2,-1,-1,-1,-1,-1,-7.99,-5.25,-12.58,-10.8,-21.1,-7.26,-26.43,0,0,3.17,0,0,0,-20.4,-30.27,-38.24,-53.77,-53.77,-20.4,-16.83,-17.81,-33.92,-30.33,-22.44,0,0,0,1.35,0,0,10.34,26.69,55.23,57.25,-24.37,-36.86,-47.68,-64.66,-61.57,0.836953,3,-20.4,-16.83,-7.74,18.33,,,-24.37,-10.74,-8.41,-15.1,4.56,0.94537,5
26-11-2025,NSE:DISHTV,EQ,817.52,4.13,3571455,147.50109,3.06,3.08,3.2,2L,1.72,-4.12,-6.54,-8.72,-7.26,-25.18,-25.42,-35.59,-66.59,-153.75,-327.36,-1,-1,-1,-1,-1,-1,-1,-1,-1,-1,-1,-2.76,-2.67,-5.28,-8.02,-12.32,-16.03,-24.43,0,0,0,0,0,0,-8.63,-28.17,-34.24,-66.31,-78.55,-8.63,-22.96,-26.42,-63.8,-67.93,-51.14,1.72,1.72,1.72,1.72,1.72,1.61,8.6,16.91,0,0,-7.74,-29.19,-40.34,-80.55,-162.66,0.836547,3,-5.28,-18.57,-25.25,-63.64,,,-7.74,-20.24,-9.13,-32.52,-46.46,0.914783,1
26-11-2025,NSE:EXICOM,EQ,1814.99,116.48,552053,643.03133,3.8,3.69,8.43,L,4.22,-8.74,-14.41,-17.5,-19.37,-29.52,-24.67,-53.33,-33.08,-117.26,-88.18,-1,-1,HVY,HV2Q,-1,-1,-1,-1,-1,-1,-1,-4.78,-5.06,-9.36,-8.38,-16.38,-12.52,-25.68,0,0,0,0,0,0,-16.97,-28.86,-42.4,-58.24,-76.67,-16.97,-18.43,-28.19,-53.76,-68.96,-49.32,4.22,4.22,4.22,4.22,4.22,1.67,15.32,41.82,0,48.52,-19.85,-28.44,-58.08,-47.04,-126.17,0.836069,3,-16.21,-15.18,-8.53,-53.6,,,-19.85,-7.75,-24,3.54,-57.38,0.93206,2
26-11-2025,NSE:ANTELOPUS,EQ,1832.66,417,64589,269.33613,6.01,5.68,10.51,,3.35,-21.88,-29.32,-33.03,-30.04,-31.89,-32.57,-31.15,-29.52,-101.57,0.37,-1,-1,-1,HV2Q,-1,HVQ,-1,-1,-1,-1,-1,-11.43,-6.47,-16.81,-6.75,-22.07,-8.05,-27.87,0,0,0,0,0,0,-27.53,-28.83,-43.17,-54.25,-59.24,-27.53,-13.02,-24.66,-45.3,-47.2,-17.83,3.35,3.35,3.35,3.35,3.35,6.21,10.52,9.34,31.8,105.11,-30.52,-36.34,-35.9,-43.48,-110.48,0.835666,3,-26.03,-13.02,-0.17,-44.88,,,-30.52,-5.26,0.05,-8.42,-49.76,0.933723,3
26-11-2025,NSE:ROUTE,EQ,4342.11,662.05,184601,1222.15092,3.28,3.29,4.43,L,-0.91,-2.79,-6.9,-7.52,-10.51,-27.11,-32.07,-43.56,-55.57,-109.86,-136.7,-1,-1,-1,-1,-1,-1,-1,-1,-1,-1,-1,-1.94,-2.79,-4.6,-7.91,-11.59,-22.18,-27.64,0,0,0,0,0,0,-10.15,-24.37,-39.05,-55.44,-64.78,-10.15,-21,-19.5,-43.94,-45.2,-26.08,3.12,3.12,3.12,3.12,3.12,1.21,1.33,4.17,0,0,-10.99,-35.84,-48.31,-69.53,-118.77,0.834493,3,-9.02,-21,-16.45,-39.37,,,-10.99,-22.83,-9.72,-18.02,-29.03,0.92439,1
26-11-2025,NSE:STANLEY,EQ,1385.3,224.9,78233,175.94602,3.31,3.23,6.9,,0.29,-4.02,-11.63,-21.14,-26.63,-35.73,-35.02,-54.67,-24.57,-82.84,NA,-1,-1,-1,-1,HVQ,-1,-1,-1,-1,-1,-1,-3.82,-5.89,-9.17,-11.72,-18.7,-12.65,-27.83,0,0,0,0,0,0,-19.71,-28.71,-38.32,-50.42,NA,-19.71,-15.83,-17.02,-34.71,-53.87,NA,0.29,0.29,0.29,NA,0.29,0,14.46,31.12,0,NA,-27.11,-38.79,-59.42,-38.53,-91.75,0.832977,3,-19.49,-15.83,9.15,-34.71,,,-27.11,-9.93,-15.58,9.8,-40.91,0.94173,4
26-11-2025,NSE:EPACK,EQ,2679.96,263.65,616814,1626.23011,3.83,3.94,3.96,3L,2.19,-1.19,-9.05,-26.55,-28.79,-38.82,-47.3,-46.41,-32.73,-48.45,38.46,-1,-1,-1,EEP,-1,-1,-1,-1,-1,-1,-1,-2.74,-6.63,-8.79,-14,-19.99,-9.08,-26.65,0,0,11.11,0,0,4.76,-24.5,-34.58,-34.58,-58.96,-58.96,-24.5,-15.74,-5.48,-39.91,-45.52,-21.65,2.19,2.19,2.19,74.2,2.19,1.06,19.92,54.65,131.22,158.61,-29.27,-51.07,-51.16,-46.69,-57.36,0.832008,3,-21.92,-4.45,5.7,52.24,,,-29.27,-17.68,-0.41,-0.32,-5.97,0.947547,6
26-11-2025,NSE:FISCHER,EQ,3428.7,46.53,1917322,892.12993,6.62,8.5,6.17,2M,3.03,2.86,-56.31,-102,-138.73,-151.45,-129.78,NA,NA,NA,NA,-1,-1,-1,-1,-1,-1,-1,-1,-1,-1,-1,-11.28,-27.45,-30.39,-38.89,-49.88,,,0,0,39.68,0,0,22.22,-60.47,-60.47,NA,NA,NA,-60.47,-5.06,NA,NA,NA,NA,13.57,NA,NA,NA,13.57,19.66,NA,NA,NA,NA,-139.21,-133.55,0,0,0,0.830682,3,-57.34,17.56,,,,,-139.21,0.44,98.98,-9.66,5.87,0.922102,1
26-11-2025,NSE:SUYOG,EQ,753.45,659.55,24728,163.09352,3.88,3.82,6.97,2M,1.17,-2.46,-7.77,-11.8,-17.51,-31.86,-28.38,-28.51,-58.76,-153.68,NA,-1,-1,-1,HV2Y,-1,-1,-1,-1,-1,-1,-1,-2.09,-4.14,-5.98,-8.16,-13.08,-15.8,-24.94,0,0,0,0,0,0,-15.76,-24.16,-33.3,-65.63,NA,-15.76,-11.45,-24.75,-55.82,-45.43,NA,1.56,1.56,1.56,NA,1.56,3.36,7.58,6.2,0.36,NA,-17.99,-32.15,-33.26,-72.72,-162.59,0.830432,2,-15.76,-9.85,-22.84,-47.92,,,-17.99,-12.56,-1.12,-33.2,-53.92,0.915905,1
26-11-2025,NSE:JINDWORLD,EQ,3394.81,33.09,1487642,492.26074,2.69,2.66,4.02,2L,3.34,-3.17,-5.5,-8.95,-11.91,-11.36,-8.58,-84.74,-103.75,-90.78,-99.27,-1,-1,HV2Y,-1,-1,HV2Y,-1,-1,-1,-1,-1,-1.32,-2.66,-3.88,-4.82,-8.3,-42.5,-35.65,0,0,0,0,0,0,-10.86,-15.65,-45.99,-62.82,-62.82,-10.86,-9.79,-56.55,-31.31,-24.25,-24.79,3.34,3.34,3.34,3.34,3.34,7.09,1.21,10.62,20.76,13.08,-12.39,-12.35,-89.49,-117.71,-99.69,0.830372,2,-10.08,-8.32,-46.73,-16.29,,,-12.39,-0.34,-71.16,-19.95,12.23,0.941053,4
26-11-2025,NSE:EASEMYTRIP,EQ,2814.92,7.13,10819064,771.39926,2.23,2.24,3.18,L,0.00,-5.47,-11.78,-11.22,-12.06,-18.79,-23.56,-57.78,-69.14,-107.01,-209.26,-1,-1,-1,EEP,EEP,-1,-1,-1,-1,-1,-1,-4.21,-2.93,-6.93,-4.65,-11.07,-28.45,-30.77,0,0,0,0,0,0,-11.54,-19.07,-37.46,-60.37,-69.76,-11.54,-22.65,-34.93,-47.76,-50.83,-39.82,0,0,0,0,0,1.78,0,2.27,2.12,2.18,-12.54,-27.33,-62.53,-83.1,-115.92,0.830065,2,-10.31,-22.65,-28.55,-43.32,,,-12.54,-13.57,-28.72,-16.86,-16.52,0.926164,2
26-11-2025,NSE:FILATFASH,EQ,366.7,0.39,51762223,201.87267,5.86,5.71,2.22,,-2.50,-5.13,-15.38,-23.08,-28.21,-56.41,-38.46,-25.64,-35.9,-133.33,NA,-1,-1,-1,HV2Q,-1,-1,-1,-1,-1,-1,-1,-6.17,-6.2,-11.65,-14.86,-23.08,-5.91,-27.37,0,0,0,0,0,0,-22,-39.06,-44.29,-60.2,NA,-22,-21.88,-22.86,-63.43,-81,NA,0,0,0,NA,0,4.17,25.58,13.95,1.92,NA,-28.69,-42.23,-30.39,-49.86,-142.24,0.827957,2,-22,-21.88,0,-62.31,,,-28.69,-11.31,8.24,-17.82,-65.83,0.924096,1
26-11-2025,NSE:SARVESHWAR,EQ,595.93,4.69,12929997,606.41686,3.27,3.21,3.47,3L,1.52,-0.43,-5.33,-8.1,-8.53,-34.33,-68.87,-48.4,-38.48,-77.76,-109.55,-1,-1,-1,HV2Q,HVQ,HV2Y,-1,-1,-1,-1,-1,-1.1,-4.09,-4.99,-13.55,-16.32,-19.11,-29.75,0,0,0,0,0,0,-9.46,-42.31,-45,-56.94,-57.78,-9.46,-38.67,-7.12,-37.35,-53.47,-40.27,1.96,1.96,1.96,1.96,1.96,0,36.74,20.16,0,4.52,-9.01,-72.64,-53.15,-52.44,-86.67,0.827555,2,-8.93,-32.49,18.99,-17.27,,,-9.01,-58.91,11.1,-2.98,-22.49,0.936983,3
26-11-2025,NSE:GENESYS,EQ,1881.52,438.55,360415,1580.59998,4.68,4.58,15.89,L,0.42,-4.26,-10.61,-14.38,-17.63,-20.52,-35.47,-64.46,-55.56,-67.95,-34.09,-1,-1,HVQ,-1,-1,-1,-1,-1,-1,-1,-1,-3.72,-3.94,-7.37,-6.85,-13.31,-24.42,-30.32,0,0,0,0,0,0,-15.54,-30.76,-40.97,-57.41,-57.41,-15.54,-18.55,-23.15,-29.96,-33.75,-12.11,1.39,1.39,1.39,1.39,1.39,10.37,8.01,31.12,52.5,64.65,-18.11,-39.24,-69.21,-69.52,-76.86,0.826695,2,-14.76,-14.68,-17.23,-3.01,,,-18.11,-18.48,-22.42,-4.25,-2.1,0.938544,4
26-11-2025,NSE:SAHAJSOLAR,SM,393.19,171.35,25128,43.05683,4.33,4.79,5.62,,-1.24,3.01,-7.85,-25.07,-27.14,-36.36,-50.66,-54.25,-36.64,-48.45,NA,-1,-1,-1,-1,HV2Q,-1,-1,-1,-1,-1,-1,-3.74,-6.56,-9.66,-12.97,-20.03,-10.84,-27.85,0,0,0,0,0,0,-22.34,-35.27,-38.88,-44.42,NA,-22.34,-17.7,-16.27,-28.82,-36.94,NA,3.1,3.1,10.39,NA,3.1,0,66.31,70.27,30.4,NA,-27.62,-54.43,-59,-50.6,-57.36,0.826625,2,-21.44,-8.87,5.69,-17.48,,,-27.62,-21.81,-3.4,1.76,-2.78,0.946677,6
26-11-2025,NSE:CHEMFAB,EQ,749.79,518.7,16870,87.50469,4.9,4.81,7.04,2L,3.55,0.77,-0.84,-10.97,-19.56,-21.77,-32.53,-55.43,-59.32,-79.35,-18.23,-1,-1,HV2Q,HVQ,HVQ,HV2Q,-1,-1,-1,-1,-1,0.13,-3.94,-3.66,-8.67,-11.35,-24.11,-28.57,0,0,0,0,0,0,-14.9,-23.65,-37.24,-53.91,-56.17,-14.9,-20.92,-21.3,-31.88,-30.17,-21.39,4.11,4.11,4.11,4.11,4.11,7.89,3.52,14.85,58.13,78.01,-20.04,-36.3,-60.18,-73.28,-88.26,0.82597,2,-14.44,-19.77,-17.38,-11.84,,,-20.04,-14.16,-18.29,-12.17,-6.7,0.933655,3
26-11-2025,NSE:ROLEXRINGS,EQ,2973.88,103.73,676799,702.0436,3.62,3.54,4.02,L,-0.54,-2.31,-10.08,-16.14,-22.72,-32.74,-35.22,-49.46,-45.57,-93.94,-80.21,-1,-1,HVY,-1,-1,EEP,-1,-1,-1,-1,-1,-2.31,-4.99,-6.96,-11.29,-16.4,-12.43,-25.64,0,0,0,0,0,0,-17.02,-26.2,-36.04,-51.93,-60.86,-17.02,-13.61,-13.52,-41.5,-43.03,-24.1,3.28,3.28,3.28,3.28,3.28,3.58,13.95,25.96,1.28,15.05,-23.2,-38.99,-54.21,-59.53,-102.85,0.825703,2,-17.02,-13.61,-7.46,-35.76,,,-23.2,-13.49,-11.56,-7.05,-27.36,0.930383,2
26-11-2025,NSE:DJML,EQ,228.91,71.97,49829,35.86193,8.1,7.7,5.31,L,-2.17,-4.43,-2.22,-16.02,-19.52,-38,-43.96,-53.52,-47.24,-71.9,35.25,-1,-1,-1,-1,HVQ,HV2Q,-1,-1,-1,-1,-1,-3.85,-5.16,-8.57,-12.37,-18.64,-22.58,-33.62,0,0,0,0,0,0,-22.47,-30.17,-42.28,-65.46,-65.46,-22.47,-24.1,-27.87,-46.97,-49.14,-9.62,3.97,3.97,3.97,58.12,3.97,0,3.99,5.63,136.63,176.26,-20,-47.73,-58.27,-61.2,-80.81,0.825543,2,-19.03,-24.1,-6.88,5.63,,,-20,-23.76,-7.66,-5.57,-10.88,0.935608,3
26-11-2025,NSE:PPL,EQ,622.36,255.5,60499,154.57495,2.95,2.95,9.72,2L,2.73,-1.08,-10.2,-12.76,-15.17,-20.45,-28.55,-81.21,-56.48,-85.24,-38.77,-1,-1,-1,-1,-1,-1,-1,-1,-1,-1,-1,-1.98,-4.03,-5.77,-7.67,-12.49,-26.79,-30.98,0,0,0,0,0,0,-13.97,-23.33,-44.93,-54.95,-60.6,-13.97,-21.72,-30.09,-28.61,-38.35,-27.02,2.73,2.73,2.73,2.73,2.73,1.8,3.35,21.14,20.19,42.28,-15.65,-32.32,-85.96,-70.44,-94.15,0.824579,2,-13.21,-21.72,-25.81,-19.42,,,-15.65,-14.93,-41.99,3.99,-12.51,0.936988,3
26-11-2025,NSE:DCXINDIA,EQ,2277.85,186.89,678528,1268.10098,3.51,3.62,3.44,L,1.09,-6.55,-14.56,-18.78,-21.42,-42.28,-42.46,-79.87,-30.99,-69.86,-51.24,-1,-1,-1,EEP,EEP,EEP,-1,-1,-1,-1,-1,-3.77,-5.64,-8.91,-12.76,-19.22,-13.62,-28.91,0,0,0,0,0,0,-17.09,-33.09,-42.76,-51.28,-57.92,-17.09,-18.75,-23.57,-12.37,-44.88,-28.52,4.54,4.54,4.54,4.54,4.54,0.2,22.63,54.82,0,28.65,-21.9,-46.23,-84.62,-44.95,-78.77,0.824411,2,-16.61,-14.42,0.85,-2.82,,,-21.9,-20.64,-27.27,17.52,-23.81,0.946382,6
26-11-2025,NSE:ALLETEC,SM,460.43,241.8,31136,75.28685,4.31,4.27,4.8,L,-2.26,4.57,-0.33,-12.3,-7.75,-15.22,-27.89,-73.33,-67.7,-123.53,-2.81,-1,-1,-1,-1,HV2Q,-1,-1,-1,-1,-1,-1,-0.69,-1.55,-2.21,-5.14,-6.99,-29.42,-28.14,0,0,0,0,0,0,-10.96,-22.11,-42.18,-60.24,-60.24,-10.96,-25.62,-31.76,-31.08,-33.32,-2.04,7.92,7.92,7.92,7.92,7.92,3.41,5.28,41.16,84.07,145.35,-8.23,-31.66,-78.08,-81.66,-132.44,0.824081,2,-7.87,-25.62,-25.51,-9.15,,,-8.23,-22,-36.54,-6.41,-27.42,0.922455,1
26-11-2025,NSE:TEJASNET,EQ,9212.43,481.45,898327,4324.99534,3.03,3,3.35,L,1.00,-6.26,-14.06,-12.51,-13.03,-22.37,-26.58,-53.51,-59.67,-163.43,-48.41,-1,-1,-1,HVQ,EEP,-1,-1,-1,-1,-1,-1,-3.83,-3.39,-6.98,-7.78,-13.7,-20.03,-28.1,0,0,0,0,0,0,-12.33,-22.23,-34.34,-64.47,-66.85,-12.33,-12.39,-31.44,-47.59,-47.06,-12.67,1,1,1,1,1,1.02,10.63,13.75,17.12,93.22,-13.51,-30.35,-58.26,-73.63,-172.34,0.823751,2,-11.47,-9.5,-24.07,-43.44,,,-13.51,-15.29,-22.3,-13.68,-59.11,0.913903,1
26-11-2025,NSE:VARDMNPOLY,EQ,318.93,6.68,388228,25.93363,7.18,7.01,3.88,L,1.67,-1.95,-4.94,-16.92,-21.26,-33.38,-37.28,-88.02,-61.08,-38.32,-5.31,-1,-1,-1,HV2Y,HVQ,-1,-1,-1,-1,-1,-1,-3.01,-4.9,-7.54,-10.79,-16.55,-27.22,-34.4,0,0,0,0,0,0,-18.73,-26.51,-48.3,-55.14,-55.14,-18.73,-23.51,-31.31,-15.65,-27.74,-32.31,1.67,1.67,1.67,3.39,1.67,2.27,6.5,45.88,77.3,52.26,-21.74,-41.05,-92.77,-75.04,-47.23,0.823373,2,-16.08,-23.51,-17.98,35.61,,,-21.74,-16.52,-37.99,4.67,20,0.956354,10
26-11-2025,NSE:KCEIL,SM,234.15,179,78710,140.8909,4.87,4.8,5.33,3L,-0.33,-3.74,-3.27,-6.06,-23.02,-19.75,-84.83,-42.51,-27.01,-54.44,-6.06,-1,-1,-1,-1,-1,HVQ,-1,-1,-1,-1,-1,-2.82,-5.02,-7.47,-10.65,-16.38,-20.06,-30.35,0,0,0,0,0,0,-19.42,-43.05,-52.11,-55.12,-55.73,-19.42,-41.09,-11.49,-36.04,-43.77,-31.62,0.39,0.39,10.46,10.46,0.39,8.07,104.17,57.42,29.65,57.66,-23.5,-88.6,-47.26,-40.97,-63.35,0.822277,2,-19.42,-38.15,43.23,-13.23,,,-23.5,-53.56,21.88,1.22,-15.73,0.947739,6
26-11-2025,NSE:PRAXIS,BE,213.02,9.37,138866,13.01174,5.75,5.64,6.27,L,0.75,-12.27,-23.91,-29.67,-24.01,-31.48,-47.71,-38.85,-35.62,-116.28,-80.49,-1,-1,-1,-1,-1,-1,-1,-1,-1,-1,-1,-9.26,-6.43,-14.74,-8.03,-21.07,-0.84,-21.73,0,0,9.52,0,0,1.59,-25.46,-33.55,-33.55,-57.27,-64.75,-25.46,-17.59,-2.05,-51.06,-52.19,-23.76,0.75,0.75,7.33,7.33,0.75,16.55,58.53,49.03,13.29,80.66,-24.49,-51.48,-43.6,-49.58,-125.19,0.821836,2,-22.56,-3.65,14.69,-4.65,,,-24.49,-22.41,4.98,-7.34,-53.6,0.925275,2
26-11-2025,NSE:CHEMPLASTS,EQ,5364.66,291.55,110235,321.39014,4.04,3.93,5.72,,1.11,-11.51,-25.52,-32.67,-37.39,-44.02,-48.17,-51,-38.4,-67.3,-48.57,-1,-1,-1,-1,-1,-1,-1,-1,-1,-1,-1,-7.89,-7.59,-14.39,-11.37,-23.13,-9.8,-29.99,0,0,0,0,0,0,-28.57,-34.08,-37.82,-43.39,-53.09,-28.57,-11.98,-10.09,-16.77,-35.08,-21.52,1.11,1.11,1.11,1.11,1.11,9.68,11.43,13.55,0,15.25,-37.87,-51.94,-55.75,-52.36,-76.21,0.815735,2,-26.92,-8.83,2.08,-11.63,,,-37.87,-11.16,-2.93,-1.31,-15.01,0.939934,4
26-11-2025,NSE:TARSONS,EQ,1218.42,223.6,494786,1106.3415,5.63,5.42,8.93,,-1.78,-0.07,-15.79,-28.4,-29.63,-37.1,-43.6,-92.67,-28.24,-69.88,-79.18,HV2Y,HV2Y,-1,-1,EEP,HV2Y,-1,-1,-1,-1,-1,-2.53,-7.7,-9.5,-13.96,-20.59,-19.84,-33.73,0,0,0,0,0,0,-22.92,-30.67,-43.49,-50.65,-58.09,-22.92,-22.72,-27.44,-11.21,-46.26,-28.81,11.88,11.88,11.88,11.88,11.88,0,13.04,51.66,0,0,-30.11,-47.37,-97.42,-42.2,-78.79,0.815661,2,-22.64,-22.55,8.17,-6.1,,,-30.11,-14.09,-35.18,23.78,-26.6,0.952098,8
26-11-2025,NSE:GOCOLORS,EQ,2913.78,529.1,124486,658.65543,3.58,3.53,3.68,2L,-0.16,-3.65,-9.4,-21.84,-26.26,-33.46,-31.81,-61.62,-56.87,-101,-93.59,-1,-1,-1,-1,EEP,-1,-1,-1,-1,-1,-1,-3.03,-5.8,-8.35,-12.16,-18.28,-17.17,-30.26,0,0,0,0,0,0,-20.4,-28.55,-41.69,-53.47,-61.82,-20.4,-22.24,-23.48,-38.3,-40.11,-23.26,1.79,1.79,1.79,1.79,1.79,0.59,3.64,27.08,0,11.34,-26.74,-35.58,-66.37,-70.83,-109.91,0.815464,2,-18.9,-22.24,-16.15,-25.75,,,-26.74,-7.7,-23.64,-6.72,-22.26,0.928584,2
26-11-2025,NSE:NAVKARURB,EQ,203.1,1.61,2015690,32.45261,7.19,7.01,2.37,2M,3.87,-12.42,-17.39,-34.78,-47.83,-63.35,-43.48,-76.4,-116.27,NA,NA,-1,-1,-1,-1,-1,-1,-1,-1,-1,-1,-1,-8.63,-9.17,-16.31,-17.03,-28.48,-14.83,-37.72,0,0,12.7,0,0,6.35,-35.08,-44.1,-44.1,NA,NA,-35.08,-17.36,-35.4,-31.93,NA,NA,3.87,3.87,NA,NA,3.87,10.19,49.03,4.18,NA,NA,-48.31,-47.25,-81.15,-130.23,0,0.811272,1,-35.08,4.85,-33.35,,,,-48.31,-0.37,-23.96,-32.27,105.87,0.92077,1
26-11-2025,NSE:PAKKA,EQ,526.57,116.17,148252,172.22435,4.75,4.7,4.41,3L,0.36,0.12,-3.46,-20.75,-20.93,-38.57,-40.52,-52.66,-62.61,-154.67,-144,-1,-1,-1,HV2Y,-1,HVQ,-1,-1,-1,-1,-1,-1.23,-5.36,-6.25,-13.78,-17.61,-23.53,-33.3,0,0,0,0,0,0,-18.57,-31.83,-46.53,-66.67,-66.67,-18.57,-30.27,-24.86,-49.11,-45.8,-14.74,4.38,4.38,4.38,4.38,4.38,0.26,2.81,11.69,0,32.08,-21.41,-44.29,-57.41,-76.57,-163.58,0.807552,1,-16.83,-30.27,-18.87,-43.16,,,-21.41,-19.51,-9.66,-16.18,-50.75,0.911504,1
26-11-2025,NSE:SUNCLAY,EQ,2905.68,1249.2,31947,399.08192,4.54,4.5,4.46,2L,0.47,-1.16,-7.01,-25.32,-21.18,-38.86,-33.54,-92.73,-94.62,-75.04,-1.83,-1,-1,-1,-1,-1,-1,-1,-1,-1,-1,-1,-2.26,-5.78,-7.6,-12.74,-18.04,-27.41,-35.67,0,0,0,0,0,0,-20.2,-30.16,-49.58,-56.53,-56.53,-20.2,-22.73,-32.67,-16.21,-15.39,-13.83,2.65,2.65,2.65,2.65,2.65,0.11,0.62,40.99,93.02,73.6,-21.66,-37.31,-97.48,-108.58,-83.95,0.804699,1,-17.66,-22.46,-31.45,38.36,,,-21.66,-13.51,-45.34,-10.64,15.93,0.936958,3
26-11-2025,NSE:FROG,SM,264.42,168,22576,37.92768,5.67,5.67,3.95,2L,1.42,1.37,-10.45,-22.89,-29.26,-46.16,-42.65,-48.93,-89.91,-93.75,13.84,-1,-1,-1,-1,-1,HVQ,-1,-1,-1,-1,-1,-0.75,-7.62,-7.77,-16.91,-21.11,-16.93,-32.53,0,0,0,0,0,0,-24.68,-34.93,-37.65,-60.89,-60.89,-24.68,-15.9,-29.68,-41.75,-25.72,-16.24,9.98,9.98,9.98,19.15,9.98,1.05,10.59,15.03,131.28,135.96,-29.74,-46.42,-53.68,-103.87,-102.66,0.802672,1,-22.01,-8.7,-29.68,-25.98,,,-29.74,-13.67,-5.42,-37.18,3.85,0.925745,2
26-11-2025,NSE:GANECOS,EQ,2493.63,945.1,111274,1051.65057,5.19,5.23,8.52,L,8.67,7.48,-4.09,-27.16,-28.58,-27.29,-47.19,-66.99,-42.16,-138.97,0.74,HV2Y,HV2Y,-1,-1,-1,-1,-1,-1,-1,-1,-1,2.65,-8.38,-5.29,-15.02,-17.66,-21.9,-32.45,0,0,0,0,0,0,-23.32,-30.57,-40.29,-60.61,-60.61,-23.32,-18.48,-16.57,-34.22,-43.99,-5.27,13.32,13.32,13.32,13.32,13.32,4.65,7.72,22.21,47.85,148.53,-29.06,-50.96,-71.74,-56.12,-147.88,0.802285,1,-22.26,-17.34,-0.36,-21.23,,,-29.06,-17.78,-14.47,5.21,-62.22,0.920819,1
26-11-2025,NSE:UDS,EQ,1347.43,187.8,224267,421.17343,3.81,3.97,9.18,3L,1.38,-4.5,-4.69,-23.05,-25.15,-34.61,-40.1,-79.5,-61.26,-113.34,-68.1,-1,-1,-1,-1,EEP,-1,-1,-1,-1,-1,-1,-3.25,-5.3,-8.12,-12.32,-18.2,-20.08,-31.88,0,0,0,0,0,0,-21.2,-28.16,-44,-55.75,-56.6,-21.2,-19.74,-22.89,-22.1,-30.02,-7.42,1.38,1.38,1.38,1.38,1.38,6.07,9.26,24.76,14.22,51.1,-25.63,-43.87,-84.25,-75.22,-122.25,0.802082,1,-19.75,-16.43,-15.4,-7.92,,,-25.63,-15.25,-29.15,0.5,-26.42,0.923778,1
26-11-2025,NSE:JYOTISTRUC,EQ,1574.57,11.25,8230862,925.97198,6.27,6.05,2.56,S,0.90,-6.76,-7.02,-9.78,-18.76,-42.4,-40.27,-90.22,-60.27,-132.29,-69.53,HVQ,HVQ,HVQ,HV2Y,HVQ,-1,-1,-1,-1,-1,-1,-3.61,-4.26,-7.55,-13.18,-18.32,-23.45,-33.84,0,0,0,0,0,0,-16.48,-34.13,-47.63,-63.38,-68.6,-16.48,-22.01,-27.25,-40.28,-49.68,-27.07,1.72,1.72,1.72,1.72,1.72,0,4.85,42.19,4.06,50.82,-19.24,-44.04,-94.97,-74.23,-141.2,0.802075,1,-14.84,-21.18,-13.15,-14.84,,,-19.24,-21.42,-36.63,6.09,-39.07,0.921092,1
26-11-2025,NSE:DREAMFOLKS,EQ,657.88,122.5,332380,407.1655,4.93,4.84,3.2,,-1.01,1.79,-4.25,-4.02,-4.98,8.51,-21.35,-108.64,-123.63,-242.57,-293.76,-1,-1,HVQ,-1,-1,-1,-1,-1,-1,-1,-1,-0.18,-1.18,-1.34,0.81,-0.53,-57.98,-37.03,0,0,0,0,0,0,-9.04,-18.54,-55.92,-71.32,-77.84,-9.04,-16.56,-47.44,-49.58,-50.43,-24.07,20.81,20.81,20.81,20.81,3.45,26.82,19.1,20.39,0,0.94,-5.46,-25.12,-113.39,-137.59,-251.48,0.799925,1,-3.67,-12.13,-45.7,-44.19,,,-5.46,-18.9,-72.96,-16.84,-47.31,0.898823,1
26-11-2025,NSE:SPCL,SM,212.1,82.5,42192,34.8084,5.88,6.02,6.05,,0.67,1.03,-17.76,-19.76,-27.88,-18.06,-33.03,-52.24,-104.48,-144,NA,-1,-1,HVQ,-1,-1,-1,-1,-1,-1,-1,-1,-2.92,-6.05,-8.46,-8.21,-15.41,-22.33,-30.85,0,0,0,0,0,0,-19.83,-27.47,-37.64,-68.76,NA,-19.83,-8.54,-37.11,-54.36,-56.58,NA,8.34,8.34,8.34,NA,8.34,10.13,7.13,20.54,0,NA,-28.36,-36.8,-56.99,-118.44,-152.91,0.797672,1,-19.83,-8.5,-37.11,-53.86,,,-28.36,-7.34,-15.46,-43.98,-13.45,0.912344,1
26-11-2025,NSE:KAMOPAINTS,EQ,242.05,6.96,620778,43.20615,3.9,3.79,4.1,L,0.00,-4.45,-14.51,-15.8,-16.38,-30.46,-49.71,-68.1,-72.27,-160.2,-403.45,-1,-1,-1,-1,-1,-1,-1,-1,-1,-1,-1,-4.37,-4.37,-8.37,-8.4,-15.47,-22.84,-31.19,0,0,0,0,0,0,-14.6,-32.23,-41.61,-66.79,-88.07,-14.6,-22.26,-17.04,-79.95,-79.45,-68.96,0,0,0,0,0,0.5,14.76,28.57,0,0,-16.86,-53.48,-72.85,-86.23,-169.11,0.79753,1,-12.78,-17.6,-10.71,-69.9,,,-16.86,-31.95,-13.3,-12.14,-45.17,0.907573,1
26-11-2025,NSE:ORIENTCEM,EQ,3829.77,170.68,589335,1005.87698,3.3,3.3,3.23,L,-1.11,-6.72,-12.43,-24.36,-24.75,-34.83,-37.88,-105.53,-93.02,-89.8,-20.81,-1,-1,-1,-1,-1,-1,-1,-1,-1,-1,-1,-4.7,-5.88,-10,-10.61,-18.63,-31.92,-38.32,0,0,0,0,0,0,-21.76,-27.32,-51.76,-52.6,-52.6,-21.76,-15.63,-34.65,-2.58,-8.05,-9.59,4.32,4.32,4.32,4.32,4.32,0,5.87,27.24,70.57,67.72,-25.23,-41.65,-110.28,-106.98,-98.71,0.793365,1,-20.01,-15.63,-28.39,5.73,,,-25.23,-13.83,-50.08,-3.57,7.54,0.93121,2
26-11-2025,NSE:ESFL,SM,607.81,223.7,190850,426.93145,4.78,5.5,12.13,,0.70,-8.23,5.25,6.59,2.06,-36.21,-74.99,-73.74,-121.03,-161.88,32.63,-1,-1,-1,2,-1,-1,-1,-1,-1,-1,-1,-0.66,-1.89,-2.51,-9.5,-10.97,-59.05,-44.02,0,0,0,0,0,0,-7.62,-43.67,-54.39,-63.44,-63.44,-7.62,-55.1,-32.4,-36.47,-19.18,-3.61,7.06,7.06,7.06,95.87,7.06,0,3.22,240.3,332.94,412.95,1.58,-78.76,-78.49,-134.99,-170.79,0.792758,1,2.33,-46.89,-23.82,226.83,,,1.58,-81.97,-0.3,-36.88,-12.61,0.907825,1
26-11-2025,NSE:KDL,SM,206.27,181.1,41589,75.31768,5.87,6.11,5.12,,4.62,-4.2,1.1,3.64,-1.16,-34.07,-44.98,-69.02,-148.59,-266.43,-94.65,-1,-1,-1,-1,-1,-1,-1,-1,-1,-1,-1,0.67,-1.02,-0.35,-8.66,-8.29,-47.61,-37.87,0,0,0,0,0,0,-4.03,-35.3,-48.53,-72.15,-80.36,-4.03,-41.14,-40.49,-66.8,-51.17,-28.02,24.77,24.77,24.77,24.77,8.97,26.21,0,11.92,65.75,144.31,-1.64,-48.75,-73.77,-162.55,-275.34,0.792348,1,1.2,-32.96,-40.49,-58.04,,,-1.64,-46.62,-17.61,-56.74,-41.53,0.886477,1
26-11-2025,NSE:TARIL,EQ,10010.53,291,2282063,6640.80333,5.68,6.68,8.04,,-2.63,-4.23,-1.94,-43.93,-62.27,-80.14,-74.09,-77.39,-26.27,-56.25,43.44,-1,EEP,-1,EEP,EEP,-1,-1,-1,-1,-1,-1,-6.27,-11.78,-16.15,-26.09,-33.49,-8.38,-38.64,0,0,0,0,0,0,-36.66,-45.73,-47.93,-53.03,-53.03,-36.66,-15.51,-11.77,-16.69,-40.7,-11.01,3.12,3.12,3.12,87.53,3.12,0,39.71,70.29,136.8,193.01,-62.75,-77.86,-82.14,-40.23,-65.16,0.790637,1,-36.12,-3.88,31.31,45.44,,,-62.75,-10.6,-2.91,19.16,-17.87,0.952489,8
26-11-2025,NSE:MCLOUD,EQ,3775.19,36.96,15466799,5716.52891,11.3,10.21,5.79,,-20.02,-81.01,-63.2,-63.53,-47.81,-125.38,-126.62,-109.06,-68.67,NA,NA,HV2Y,HV2Y,-1,HV2Y,HV2Y,HV2Y,-1,-1,-1,-1,-1,-30.53,-7.99,-35.67,-15.97,-44.53,,,0,0,0,0,0,0,-44.75,-56.58,-62.02,NA,NA,-44.75,-40.95,-13.93,-3.81,NA,NA,0,0,NA,NA,0,0,86.76,72.29,NA,NA,-48.29,-130.39,-113.81,-82.63,0,0.783848,1,-32.69,-35.03,25.97,,,,-48.29,-56.63,6.73,9.66,105.87,0.93414,3
26-11-2025,NSE:RELINFRA,BE,7743.56,157.96,1495724,2362.64563,5.3,6.02,4.12,L,5.00,-13.55,-12.47,-23.39,-42.83,-62.7,-74.51,-94.23,-57.38,-57.38,-50.35,-1,-1,-1,HV2Q,HVQ,-1,-1,-1,-1,-1,-1,-6.34,-8.66,-13.81,-19.05,-27.6,-26.48,-42.76,0,0,0,0,0,0,-27.51,-46.13,-62.16,-62.16,-62.16,-27.51,-34,-33.96,-8.97,-26.24,-26.24,5,5,5,5.34,5,0.84,33.88,54.97,65.79,65.79,-43.31,-78.28,-98.98,-71.34,-66.29,0.782873,1,-26.3,-34,7.57,30.16,,,-43.31,-25.49,-12.32,9.31,5.87,0.94109,4
26-11-2025,NSE:TECHLABS,SM,744.99,364.5,25765,93.91343,5.05,5.17,11.27,L,-0.01,-19.19,-21.87,-21.34,-26.08,-43.53,-60.74,-38.46,-152.76,-158.07,41.29,-1,-1,-1,-1,-1,2,-1,-1,-1,-1,-1,-9.36,-5.26,-13.89,-9.91,-21.65,-24.88,-37.26,0,0,9.52,0,0,3.17,-19.96,-42.62,-42.62,-77.12,-77.12,-19.96,-27.65,-40.23,-68.32,-42.18,-4.55,0,0,0,87.84,0,9.94,40.17,4.75,374.77,384.75,-26.56,-64.51,-43.21,-166.72,-166.98,0.779318,1,-19.77,-3.94,-34.05,-34.95,,,-26.56,-30.8,12.84,-92.2,3.77,0.91016,1
26-11-2025,NSE:JAIBALAJI,EQ,7662.96,68.54,1393146,954.86227,4.81,4.63,7.21,,2.25,-13.44,-27.68,-35.44,-38.63,-41.63,-49.62,-55.92,-89.2,-171.05,-208.52,-1,-1,-1,HV2Y,-1,-1,-1,-1,-1,-1,-1,-8.21,-8.93,-15.73,-13.2,-25.56,-22.94,-39.44,0,0,0,0,0,0,-28.93,-34.28,-49.07,-66.33,-70.45,-28.93,-17.36,-32.55,-53.92,-48.93,-26.84,2.25,2.25,2.25,2.25,2.25,1.43,2.25,1.32,0,14.64,-39.11,-53.39,-60.67,-103.16,-179.96,0.779278,1,-27.03,-17.36,-21.81,-42.85,,,-39.11,-11.23,-5.23,-31,-37.39,0.904476,1
26-11-2025,NSE:JAYBEE,SM,322.72,132.05,83410,110.14291,6.03,6.58,8.84,2M,-0.75,-5.57,-5.79,-5.98,-31.62,-59.6,-61.26,-55.28,-95.95,-179.82,NA,-1,HVQ,-1,-1,HVQ,-1,-1,-1,-1,-1,-1,-3.65,-7.44,-10.33,-20.53,-25.6,-23.54,-39.78,0,0,0,0,0,0,-32.25,-41.3,-50.76,-69.01,NA,-32.25,-31.91,-27.83,-51.88,-39.27,NA,0.49,0.49,0.49,NA,0.49,0,18.87,14.46,8.83,NA,-32.1,-65.03,-60.03,-109.91,-188.73,0.775931,1,-24.52,-31.91,-13.61,,,,-32.1,-25.84,2.69,-35.85,-36.93,0.89984,1
26-11-2025,NSE:AFFORDABLE,EQ,256.41,217.95,114182,248.85967,4.47,4.43,4.84,,1.92,-2.68,-8.05,-15.03,-17.67,-17.07,-60.06,-96.51,-91.79,-193,NA,-1,-1,HV2Y,HVQ,HVQ,-1,-1,-1,-1,-1,-1,-2.11,-4.33,-6.17,-6.35,-11.77,-50.31,-41.3,0,0,0,0,0,0,-15.54,-23.26,-58.34,-67.41,NA,-15.54,-38.96,-33.32,-41.79,-43.19,NA,3.29,3.29,3.29,NA,3.29,13.03,0,16.88,0,NA,-18.15,-63.83,-101.26,-105.75,-201.91,0.775715,1,-15.18,-38.96,-13.42,,,,-18.15,-39.33,-23.79,-7.26,-46.91,0.898274,1
26-11-2025,NSE:URAVIDEF,EQ,246.51,193.08,41423,79.97953,5.91,5.73,3.4,M,-0.22,-0.93,-15.16,-19.19,-24.34,-33.93,-151.55,-185.56,-108.41,NA,NA,-1,-1,-1,-1,HV2Y,HV2Y,-1,-1,-1,-1,-1,-4.38,-6.17,-9.94,-12.33,-19.82,-67.36,-52.09,0,0,0,0,0,0,-19.11,-59.27,-64.88,NA,NA,-19.11,-53.01,-12.97,-1.21,NA,NA,0,0,NA,NA,0,7.25,60.27,81.93,NA,NA,-24.82,-155.32,-190.31,-122.37,0,0.773561,1,-18.92,-52.49,24.28,,,,-24.82,-105.62,-14.54,17.36,105.87,0.924135,1
26-11-2025,NSE:VPRPL,EQ,1097.49,84.36,1694381,1429.37981,3.65,3.67,3.1,L,5.57,-3.52,-6.77,-7.92,-9.15,-18.87,-75.91,-124.88,-95.47,-214.43,-90.14,-1,-1,HV2Y,-1,-1,-1,-1,-1,-1,-1,-1,-0.03,-3.62,-3.52,-7.12,-9.93,-57.32,-42.75,0,0,0,0,0,0,-9.58,-42.46,-55.71,-74.72,-74.72,-9.58,-44.3,-22.55,-43.14,-50.58,-15.32,7.59,7.59,7.59,7.59,7.59,3.68,0.84,24.35,14,83.37,-9.63,-79.68,-129.63,-109.43,-223.34,0.768962,1,-7.81,-43.59,-14.1,-28.03,,,-9.63,-64.47,-28.86,3.42,-54.99,0.897954,1
26-11-2025,NSE:GICL,SM,475.81,43.3,140430,60.80619,5.61,5.51,5.63,,0.70,2.89,1.62,0.92,0,-268.01,-175.64,-139.84,-156.7,-52.42,-17.9,-1,-1,HV2Q,-1,-1,HV2Q,-1,-1,-1,-1,-1,0.45,-15.85,-13.29,-81.7,-52.28,-15.78,-58.78,0,0,38.1,0,0,31.75,-0.57,-75.45,-75.45,-75.45,-75.45,-0.57,-75.45,-5.35,-11.69,-5.48,-20.67,6.52,6.52,6.52,21.46,6.52,2.24,42.17,93.75,211.78,85.13,-0.48,-179.41,-144.59,-170.66,-61.33,0.766073,1,1.41,-64.2,5.71,67.77,,,-0.48,-178.95,11.97,-16.69,46.49,0.968333,21
26-11-2025,NSE:COHANCE,EQ,23351.9,568.15,1680796,9549.44247,3.69,3.84,5.1,2L,1.31,-2.48,-21.43,-30.73,-49.69,-58.07,-58.1,-92.24,-93.14,-124.32,-8.88,-1,-1,HVY,-1,-1,EEP,-1,-1,-1,-1,-1,-5.48,-10.2,-14.23,-20.81,-29,-24.19,-42.83,0,0,0,0,0,0,-33.91,-44.29,-48.76,-56.6,-57.42,-33.91,-16.61,-26.97,-18.14,-17.76,-4.48,1.31,1.31,1.31,1.31,1.31,0,1.53,11.99,79.75,108.77,-50.17,-61.87,-96.99,-107.1,-133.23,0.762877,1,-33.91,-16.58,-22.56,3.21,,,-50.17,-8.93,-22.61,-10.13,-10.27,0.91543,1
26-11-2025,NSE:OWAIS,SM,769.12,320.1,34004,108.8468,7.41,7,2.96,S,9.91,-21.62,-46.99,-54.05,-62.2,-37.91,-43.44,-84.55,-90.53,-276.54,23.93,-1,-1,HVQ,2,-1,HVQ,-1,-1,-1,-1,-1,-12.1,-12.75,-22.04,-14.39,-31.85,-17.99,-42.24,0,0,0,0,0,0,-35.73,-42.01,-54.33,-73.91,-78.94,-35.73,-5.93,-34.96,-61.14,-59.88,-20.71,9.91,9.91,9.91,25.8,9.91,24.66,4.86,29.28,150.47,394.99,-62.68,-47.21,-89.3,-104.49,-285.45,0.753799,1,-34.51,-0.63,-32.61,-60.16,,,-62.68,8.26,-29.68,-12.9,-91.75,0.899248,1
26-11-2025,NSE:JPASSOCIAT,BE,736.13,3.15,6465874,203.67503,2.54,6.2,2.9,2L,4.65,-10.48,-6.67,-2.86,-27.94,9.52,-10.79,-177.46,-431.75,-666.67,-130.16,-1,-1,-1,-1,-1,-1,-1,-1,-1,-1,-1,-3.62,-2.37,-5.86,-0.3,-6.14,-118.42,-57.03,0,0,0,0,0,0,-25.53,-25.53,-63.16,-88.09,-88.09,-25.53,-14.26,-79.53,-66.96,-36.67,0,16.67,16.67,16.67,16.67,8.25,49.26,0,26.48,139.29,245,-28.42,-14.56,-182.21,-445.71,-675.58,0.744914,1,-25.53,-4.95,-78.72,-51.71,,,-28.42,10.09,-151.45,-101.31,-38.31,0.865158,1
26-11-2025,NSE:VLEGOV,EQ,242.39,23.74,599474,142.31513,4.92,5.62,3.98,,5.00,-3.75,18.62,5.77,-8.26,-37.66,-58.64,-167.82,-221.44,-517.61,-132.31,-1,-1,-1,-1,HVQ,-1,-1,-1,-1,-1,-1,1.7,-0.81,0.88,-11.96,-9.9,-72.03,-47.62,0,0,0,0,0,0,-8.2,-36.32,-63.5,-87.58,-87.58,-8.2,-46.8,-48.05,-66.75,-60.09,-17.6,23.84,23.84,23.84,23.84,23.84,6.55,15.38,94.79,50.51,189.19,-8.74,-62.41,-172.57,-235.4,-526.52,0.742975,1,-2.74,-46.8,-48.05,-38.41,,,-8.74,-49.85,-69.85,-29.68,-86.27,0.855143,1
26-11-2025,NSE:SADHNANIQ,BE,223.01,6.13,1528590,93.70257,5.76,5.99,2.9,L,4.97,-17.29,-14.19,-19.25,-33.44,-64.27,-18.43,-229.69,-325.94,-633.28,-765.81,-1,-1,-1,-1,-1,HV2Y,-1,-1,-1,-1,-1,-6.24,-7.98,-13.17,-20.39,-27.87,-69.63,-57.48,0,0,0,0,0,0,-21.11,-44.68,-70.67,-88.72,-91.44,-21.11,-26.17,-73.88,-71.79,-63.55,-37.26,4.97,4.97,4.97,4.97,4.97,32.58,17.67,26.31,0,7.8,-33.92,-22.2,-234.44,-339.9,-642.19,0.733501,1,-21.11,8.78,-73.25,-64.47,,,-33.92,7.94,-179.39,-38.85,-66.29,0.867708,1
26-11-2025,NSE:ALLCARGO,BE,1350.34,12.88,3941074,507.61033,5,8.62,3.5,,-2.94,-17.55,7.76,-172.98,-158.77,-161.34,-157.69,-135.64,-133,-307.53,-424.07,-1,-1,-1,EEP,-1,-1,-1,-1,-1,-1,-1,-19.94,-29.77,-38.31,-38.56,-55.48,-9.77,-59.44,0,0,0,0,0,0,-63.81,-63.81,-66.13,-77.18,-83.4,-63.81,-6.64,-12.73,-57.62,-65.84,-40.25,8.42,8.42,8.42,8.42,8.42,7.2,21.75,11.34,0,0,-159.25,-161.46,-140.39,-146.96,-316.44,0.668904,1,-60.71,-2.97,2.82,-55.14,,,-159.25,-2.89,7.54,-8.54,-69.04,0.891103,1
26-11-2025,NSE:SHANKARA,EQ,319.22,120.53,246571,297.19203,3.95,3.84,5.23,2L,-0.21,-2.61,-13.28,-15.39,-10.28,-100.99,-739.54,-581.41,-362.83,-391.66,-436.26,-1,-1,-1,-1,HV2Y,2,-1,-1,-1,-1,-1,-3.56,-15.86,-16.76,-81.29,-54.09,-159.55,-82.31,0,0,0,0,0,0,-15.05,-88.29,-89.92,-89.92,-89.92,-15.05,-88.89,-15.41,0,-25.2,-20.54,1.94,1.94,1.94,1.94,1.94,0.84,111.16,80.11,22.34,29.96,-10.76,-743.31,-586.16,-376.79,-400.57,0.654684,1,-13.43,-86.85,74.08,35.73,,,-10.76,-664.59,17.82,22.42,-0.36,0.926818,2
